2025-12-15 12:53:16.549 RedLemon[12674:80603] 🪟 Set initial window to expanded size: (0.0, 150.0, 1366.0, 593.0)
2025-12-15 12:53:16.549 RedLemon[12674:80603] ✅ Cache cleanup timer started (runs every 30 minutes)
2025-12-15 12:53:16.637 RedLemon[12674:80680] 🔍 KeychainManager: Retrieved username 'ursinho' from UserDefaults
2025-12-15 12:53:16.638 RedLemon[12674:80603] 🔄 Resetting playback state to prevent auto-selection...
2025-12-15 12:53:16.676 RedLemon[12674:80603] ✅ Playback state reset complete - starting in browse view
2025-12-15 12:53:16.676 RedLemon[12674:80603] 🔐 APP STARTUP: Loading stored user credentials...
2025-12-15 12:53:16.676 RedLemon[12674:80603] 🧪 Testing Profile: debug
2025-12-15 12:53:16.676 RedLemon[12674:80699] 🔍 KeychainManager: Retrieved username 'ursinho' from UserDefaults
2025-12-15 12:53:16.677 RedLemon[12674:80603] ✅ Keychain: Found stored username: ursinho
2025-12-15 12:53:16.677 RedLemon[12674:80603] 🔍 Supabase: Looking up user 'ursinho' in database...
2025-12-15 12:53:16.677 RedLemon[12674:80699] 🔍 SupabaseClient: Looking up user by username 'ursinho'
2025-12-15 12:53:17.020 RedLemon[12674:80698] 📡 SupabaseClient: User lookup response received (262 bytes)
2025-12-15 12:53:17.026 RedLemon[12674:80698] ✅ SupabaseClient: Decoded 1 users from response
2025-12-15 12:53:17.026 RedLemon[12674:80698] 👤 SupabaseClient: Found user - ursinho (ID: 656DAA91-33B4-4688-9135-C982EA52D7C9)
2025-12-15 12:53:17.058 RedLemon[12674:80603] ✅ AUTH SUCCESS: User authenticated - ursinho (ID: 656DAA91-33B4-4688-9135-C982EA52D7C9)
2025-12-15 12:53:17.058 RedLemon[12674:80603] 🎯 AppState: currentUsername=ursinho, currentUserId=656DAA91-33B4-4688-9135-C982EA52D7C9
2025-12-15 12:53:17.058 RedLemon[12674:80603] 🏁 AUTH COMPLETE: Final state - username=ursinho, userId=656DAA91-33B4-4688-9135-C982EA52D7C9
2025-12-15 12:53:17.058 RedLemon[12674:80603] 🚀 RedLemon: Starting HTTP server...
2025-12-15 12:53:17.058 RedLemon[12674:80603] 📋 RedLemon: Current directory: /Users/danielnoble/Desktop/Redlemon
2025-12-15 12:53:17.077 RedLemon[12674:80603] ✅ RedLemon: HTTPServer instance created
2025-12-15 12:53:17.078 RedLemon[12674:80603] ✅ Loaded user: ursinho (ID: 656DAA91-33B4-4688-9135-C982EA52D7C9)
2025-12-15 12:53:17.078 RedLemon[12674:80699] 📡 RedLemon: Server starting on port 47253...
✅ Sparkle configured (manual only, no auto-checks)
   Appcast URL: https://raw.githubusercontent.com/orangeapple1272/Redlemon/main/appcast.xml
   Can check: false
📅 EventsView appeared
🎬 [EventsView] Fetching movie events from centralized config...
📡 [EventsConfig] Checking server for movie_events config version...
🔍 Silent update check (custom implementation)...
🔍 Memory pressure monitoring enabled (safe mode)
🖥️ CacheManager initialized with fixed conservative limits
   Image cache limit: 30 items
📂 Loaded 3 credential(s) from cache
✅ Token routes registered:
   POST /tokens/save
   POST /tokens/delete
   GET  /tokens/list
✅ Unlock routes registered:
   POST /api/streams/unlock
✅ Stream routes registered:
   POST /api/streams/resolve
   GET  /api/streams/resolveByQuality
   GET  /api/streams/resolveAll
✅ Proxy routes registered:
   GET /play/rd/:infoHash/:fileIdx
   GET /play/rd/:infoHash
✅ Subtitle routes registered:
   GET /subtitles/search?imdbId=&type=
   GET /subtitles/subdl/:encodedPath
✅ All routes registered
✅ HTTP Server configured on http://127.0.0.1:47253
🚀 Starting HTTP server...
✅ Providers initialized: torrentio, comet, zilean, mediafusion
[ NOTICE ] Server started on http://127.0.0.1:47253
2025-12-15 12:53:19.179 RedLemon[12674:80603] ✅ RedLemon: Server marked as ready
2025-12-15 12:53:19.213 RedLemon[12674:80603] ✅ RedLemon: Server should be running on http://127.0.0.1:47253
2025-12-15 12:53:19.213 RedLemon[12674:80603] 🔍 Performing startup checks...
2025-12-15 12:53:19.214 RedLemon[12674:80603] ✅ Username-based authentication ready
2025-12-15 12:53:19.214 RedLemon[12674:80603] 🔍 Performing startup checks...
2025-12-15 12:53:19.214 RedLemon[12674:80603] ✅ Username-based authentication ready
2025-12-15 12:53:19.214 RedLemon[12674:80603] 🔄 Checking for app updates...
✅ HTTP server running on http://127.0.0.1:47253

🔗 Available endpoints:
   http://127.0.0.1:47253/health
   http://127.0.0.1:47253/status
   http://127.0.0.1:47253/api/health

✅ [EventsConfig] Fetched movie_events version 1340 with 456 movies
✅ [EventsConfig] Using cached movie_events config (version 1340, 456 movies)
✅ [EventsView] Loaded 456 movies from config version 1340
🗓 AppState: Updated schedule epoch to 2025-12-15 15:50:05 +0000
⏰ AppState: Next schedule update set for Event End: 2025-12-15 19:49:05 +0000
⏰ AppState: Scheduling update in 6948 seconds
🔌 SocialService: Connecting to global presence...
🔌 Connecting to Supabase Realtime: wss://nhvsojszwfvcinkyvzmf.supabase.co/realtime/v1/websocket
✅ Connected to Supabase Realtime
🔍 Supabase Response for /rooms: []
🔍 Supabase Response for /rooms: [{"id":"event_tt1396484","name":"It","host_user_id":"96e01cdb-36c0-4228-a6e4-a29a3c66bc8e","host_username":"RedLemon Events","stream_hash":"ad1ba686c1b2028858b0aefd835e995d76707d44","imdb_id":"tt1396484","poster_url":"https://images.metahub.space/poster/small/tt1396484/img","backdrop_url":"https://images.metahub.space/background/medium/tt1396484/img","playback_position":0,"is_playing":false,"participants_count":1,"max_participants":50,"is_public":true,"created_at":"2025-12-15T15:38:39.80417","last_activity":"2025-12-15T15:38:39.902848","season":null,"episode":null,"selected_quality":null,"selected_file_idx":null,"unlocked_stream_url":"https://chi9-4.download.real-debrid.com/d/ZDRRYZHMAZRQS117/It.2017.1080p.BluRay.x264-%5BYTS.AG%5D.mp4","description":null,"current_playlist_index":0,"playlist":[]}]
📡 Joined channel: realtime:global-presence
🔍 Supabase Response for /rooms: []
✅ SocialService: Connected to global presence
🔌 SocialService: Connecting to DM channel...
🔍 Supabase Response for /rooms: []
🔌 Connecting to Supabase Realtime: wss://nhvsojszwfvcinkyvzmf.supabase.co/realtime/v1/websocket
✅ Connected to Supabase Realtime
📡 Joined channel: realtime:direct_messages
✅ SocialService: Connected to DM channel
📬 SocialService: Fetched 0 unread messages
🔄 SocialService: Syncing 50 items to cloud...
🔍 Manual update check requested...
⏰ TimeService: Synchronizing clock with server...
✅ TimeService: Synced! Offset: 0.685s (RTT: 79ms)
   Local:  2025-12-15 17:53:19 +0000
   Server: 2025-12-15 17:53:19 +0000
⏰ Time synced with server! AppState should automatically recalculate.
📨 Received: {"ref":"3108883A-832F-4563-A254-83687441B7A7","event":"phx_reply","payload":{"status":"ok","response":{"postgres_changes":[{"id":102443684,"event":"INSERT","filter":"receiver_id=eq.656DAA91-33B4-4688-9135-C982EA52D7C9","schema":"public","table":"direct_messages"},{"id":49850706,"event":"INSERT","filter":"sender_id=eq.656DAA91-33B4-4688-9135-C982EA52D7C9","schema":"public","table":"direct_messages"}]}},"topic":"realtime:direct_messages"}
📨 Received: {"ref":"29D87638-272F-4456-A2E8-DA7051DAEEC9","event":"phx_reply","payload":{"status":"ok","response":{"postgres_changes":[]}},"topic":"realtime:global-presence"}
📨 Received: {"ref":null,"event":"presence_state","payload":{},"topic":"realtime:global-presence"}
📨 Received: {"ref":null,"event":"presence_state","payload":{},"topic":"realtime:direct_messages"}
📨 Received: {"ref":"1","event":"phx_reply","payload":{"status":"ok","response":{}},"topic":"realtime:global-presence"}
📨 Received: {"ref":null,"event":"presence_diff","payload":{"joins":{"f1577c76-d9de-11f0-a0b3-0a58a9feac02":{"metas":[{"phx_ref":"GIF1Bqe0XhK3s0eB","last_seen":"2025-12-15T17:53:17Z","status":"online","user_id":"656DAA91-33B4-4688-9135-C982EA52D7C9","username":"ursinho"}]}},"leaves":{}},"topic":"realtime:global-presence"}
✅ BrowseView: Server is ready, loading content...
🔍 BrowseView: Loading content for tab: Movies
🗑️ Cleared all streaming catalogs
📽️ Fetching popular movies...
[ INFO ] GET /api/metadata/catalog/movie/popular [request-id: 91D61634-E3A0-4954-AE37-E44F07B6F96C]
🔍 [Server] Proxying catalog request to: https://v3-cinemeta.strem.io/catalog/movie/popular.json
🔍 [DEBUG] Creating MediaItem from CinemetaSearchResult
🔍 [DEBUG] result.id: tt26443597
🔍 [DEBUG] result.type: movie
🔍 [DEBUG] result.name: Zootopia 2
🔍 [DEBUG] Successfully created MediaItem: Zootopia 2
🔍 [DEBUG] Creating MediaItem from CinemetaSearchResult
🔍 [DEBUG] result.id: tt29232158
🔍 [DEBUG] result.type: movie
🔍 [DEBUG] result.name: Troll 2
🔍 [DEBUG] Successfully created MediaItem: Troll 2
🔍 [DEBUG] Creating MediaItem from CinemetaSearchResult
🔍 [DEBUG] result.id: tt14107334
🔍 [DEBUG] result.type: movie
🔍 [DEBUG] result.name: The Running Man
🔍 [DEBUG] Successfully created MediaItem: The Running Man
🔍 [DEBUG] Creating MediaItem from CinemetaSearchResult
🔍 [DEBUG] result.id: tt6604188
🔍 [DEBUG] result.type: movie
🔍 [DEBUG] result.name: Tron: Ares
🔍 [DEBUG] Successfully created MediaItem: Tron: Ares
🔍 [DEBUG] Creating MediaItem from CinemetaSearchResult
🔍 [DEBUG] result.id: tt30274401
🔍 [DEBUG] result.type: movie
🔍 [DEBUG] result.name: Five Nights at Freddy's 2
🔍 [DEBUG] Successfully created MediaItem: Five Nights at Freddy's 2
🔍 [DEBUG] Creating MediaItem from CinemetaSearchResult
🔍 [DEBUG] result.id: tt26439764
🔍 [DEBUG] result.type: movie
🔍 [DEBUG] result.name: Kantara A Legend: Chapter 1
🔍 [DEBUG] Successfully created MediaItem: Kantara A Legend: Chapter 1
🔍 [DEBUG] Creating MediaItem from CinemetaSearchResult
🔍 [DEBUG] result.id: tt32537226
🔍 [DEBUG] result.type: movie
🔍 [DEBUG] result.name: Hunting Season
🔍 [DEBUG] Successfully created MediaItem: Hunting Season
🔍 [DEBUG] Creating MediaItem from CinemetaSearchResult
🔍 [DEBUG] result.id: tt27829510
🔍 [DEBUG] result.type: movie
🔍 [DEBUG] result.name: High Rollers
🔍 [DEBUG] Successfully created MediaItem: High Rollers
🔍 [DEBUG] Creating MediaItem from CinemetaSearchResult
🔍 [DEBUG] result.id: tt30472557
🔍 [DEBUG] result.type: movie
🔍 [DEBUG] result.name: Chainsaw Man - The Movie: Reze Arc
🔍 [DEBUG] Successfully created MediaItem: Chainsaw Man - The Movie: Reze Arc
🔍 [DEBUG] Creating MediaItem from CinemetaSearchResult
🔍 [DEBUG] result.id: tt14364480
🔍 [DEBUG] result.type: movie
🔍 [DEBUG] result.name: Wake Up Dead Man: A Knives Out Mystery
🔍 [DEBUG] Successfully created MediaItem: Wake Up Dead Man: A Knives Out Mystery
🔍 [DEBUG] Creating MediaItem from CinemetaSearchResult
🔍 [DEBUG] result.id: tt1343712
🔍 [DEBUG] result.type: movie
🔍 [DEBUG] result.name: First Squad: The Moment of Truth
🔍 [DEBUG] Successfully created MediaItem: First Squad: The Moment of Truth
🔍 [DEBUG] Creating MediaItem from CinemetaSearchResult
🔍 [DEBUG] result.id: tt31227572
🔍 [DEBUG] result.type: movie
🔍 [DEBUG] result.name: Predator: Badlands
🔍 [DEBUG] Successfully created MediaItem: Predator: Badlands
🔍 [DEBUG] Creating MediaItem from CinemetaSearchResult
🔍 [DEBUG] result.id: tt31434030
🔍 [DEBUG] result.type: movie
🔍 [DEBUG] result.name: Dracula
🔍 [DEBUG] Successfully created MediaItem: Dracula
🔍 [DEBUG] Creating MediaItem from CinemetaSearchResult
🔍 [DEBUG] result.id: tt36153493
🔍 [DEBUG] result.type: movie
🔍 [DEBUG] result.name: Wildcat
🔍 [DEBUG] Successfully created MediaItem: Wildcat
🔍 [DEBUG] Creating MediaItem from CinemetaSearchResult
🔍 [DEBUG] result.id: tt10210064
🔍 [DEBUG] result.type: movie
🔍 [DEBUG] result.name: Bureau 749
🔍 [DEBUG] Successfully created MediaItem: Bureau 749
📊 Using fixed catalog size: 15 items
💾 Cache SET: Catalog[popular_movies_fixed] (15 items)
✅ Loaded 15 movies
🧹 Deduplication: 50 → 50 items
🖼️ [CACHE] Cached image data for key: https://images.metahub.space/poster/small/tt6604188/img (24052 bytes)
🖼️ [CACHE] Cached image data for key: https://images.metahub.space/poster/small/tt14107334/img (29621 bytes)
🖼️ [CACHE] Cached image data for key: https://images.metahub.space/poster/small/tt30274401/img (24809 bytes)
🖼️ [CACHE] Cached image data for key: https://images.metahub.space/poster/small/tt26443597/img (43534 bytes)
🖼️ [CACHE] Cached image data for key: https://images.metahub.space/poster/small/tt26439764/img (47523 bytes)
🖼️ [CACHE] Cached image data for key: https://images.metahub.space/poster/small/tt32537226/img (34074 bytes)
🖼️ [CACHE] Cached image data for key: https://images.metahub.space/poster/small/tt29232158/img (38828 bytes)
💾 Cache SET: Catalog[quick_movie_atp.json_7] (7 items)
💾 Cache SET: Catalog[quick_movie_hbm.json_7] (7 items)
💾 Cache SET: Catalog[quick_movie_stz.json_7] (7 items)
💾 Cache SET: Catalog[quick_movie_pcp.json_7] (7 items)
💾 Cache SET: Catalog[quick_movie_amp.json_7] (7 items)
💾 Cache SET: Catalog[quick_movie_nfx.json_7] (7 items)
💾 Cache SET: Catalog[quick_movie_sst.json_7] (7 items)
💾 Cache SET: Catalog[quick_movie_pmp.json_7] (7 items)
💾 Cache SET: Catalog[quick_movie_hlu.json_7] (7 items)
💾 Cache SET: Catalog[quick_movie_cru.json_7] (7 items)
💾 Cache SET: Catalog[quick_movie_dnp.json_7] (7 items)
💾 Cache SET: Catalog[quick_movie_top.json_7] (7 items)
🚀 Quick batch loaded: 7 items for appleTv
🔍 Starting catalog fetch for appleTv from: https://7a82163c306e-stremio-netflix-catalog-addon.baby-beamup.club/bmZ4LGRucCxhbXAsYXRwLGhibSxwbXAscGNwLGhsdSxjcnUsZHBlLHN0eixzc3Q6OjoxNzYzMjQxMzc5ODky/catalog/movie/atp.json
🔄 Attempt 1/3 for appleTv
🚀 Quick batch loaded: 7 items for hbo
🔍 Starting catalog fetch for hbo from: https://7a82163c306e-stremio-netflix-catalog-addon.baby-beamup.club/bmZ4LGRucCxhbXAsYXRwLGhibSxwbXAscGNwLGhsdSxjcnUsZHBlLHN0eixzc3Q6OjoxNzYzMjQxMzc5ODky/catalog/movie/hbm.json
🔄 Attempt 1/3 for hbo
🚀 Quick batch loaded: 7 items for starz
🔍 Starting catalog fetch for starz from: https://7a82163c306e-stremio-netflix-catalog-addon.baby-beamup.club/bmZ4LGRucCxhbXAsYXRwLGhibSxwbXAscGNwLGhsdSxjcnUsZHBlLHN0eixzc3Q6OjoxNzYzMjQxMzc5ODky/catalog/movie/stz.json
🔄 Attempt 1/3 for starz
🚀 Quick batch loaded: 7 items for peacock
🔍 Starting catalog fetch for peacock from: https://7a82163c306e-stremio-netflix-catalog-addon.baby-beamup.club/bmZ4LGRucCxhbXAsYXRwLGhibSxwbXAscGNwLGhsdSxjcnUsZHBlLHN0eixzc3Q6OjoxNzYzMjQxMzc5ODky/catalog/movie/pcp.json
🔄 Attempt 1/3 for peacock
🚀 Quick batch loaded: 7 items for prime
🔍 Starting catalog fetch for prime from: https://7a82163c306e-stremio-netflix-catalog-addon.baby-beamup.club/bmZ4LGRucCxhbXAsYXRwLGhibSxwbXAscGNwLGhsdSxjcnUsZHBlLHN0eixzc3Q6OjoxNzYzMjQxMzc5ODky/catalog/movie/amp.json
🔄 Attempt 1/3 for prime
🚀 Quick batch loaded: 7 items for netflix
🔍 Starting catalog fetch for netflix from: https://7a82163c306e-stremio-netflix-catalog-addon.baby-beamup.club/bmZ4LGRucCxhbXAsYXRwLGhibSxwbXAscGNwLGhsdSxjcnUsZHBlLHN0eixzc3Q6OjoxNzYzMjQxMzc5ODky/catalog/movie/nfx.json
🔄 Attempt 1/3 for netflix
🚀 Quick batch loaded: 7 items for showtime
🔍 Starting catalog fetch for showtime from: https://7a82163c306e-stremio-netflix-catalog-addon.baby-beamup.club/bmZ4LGRucCxhbXAsYXRwLGhibSxwbXAscGNwLGhsdSxjcnUsZHBlLHN0eixzc3Q6OjoxNzYzMjQxMzc5ODky/catalog/movie/sst.json
🔄 Attempt 1/3 for showtime
🚀 Quick batch loaded: 7 items for paramount
🔍 Starting catalog fetch for paramount from: https://7a82163c306e-stremio-netflix-catalog-addon.baby-beamup.club/bmZ4LGRucCxhbXAsYXRwLGhibSxwbXAscGNwLGhsdSxjcnUsZHBlLHN0eixzc3Q6OjoxNzYzMjQxMzc5ODky/catalog/movie/pmp.json
🔄 Attempt 1/3 for paramount
🚀 Quick batch loaded: 7 items for hulu
🔍 Starting catalog fetch for hulu from: https://7a82163c306e-stremio-netflix-catalog-addon.baby-beamup.club/bmZ4LGRucCxhbXAsYXRwLGhibSxwbXAscGNwLGhsdSxjcnUsZHBlLHN0eixzc3Q6OjoxNzYzMjQxMzc5ODky/catalog/movie/hlu.json
🔄 Attempt 1/3 for hulu
🚀 Quick batch loaded: 7 items for crunchyroll
🔍 Starting catalog fetch for crunchyroll from: https://7a82163c306e-stremio-netflix-catalog-addon.baby-beamup.club/bmZ4LGRucCxhbXAsYXRwLGhibSxwbXAscGNwLGhsdSxjcnUsZHBlLHN0eixzc3Q6OjoxNzYzMjQxMzc5ODky/catalog/movie/cru.json
🔄 Attempt 1/3 for crunchyroll
🚀 Quick batch loaded: 7 items for disney
🔍 Starting catalog fetch for disney from: https://7a82163c306e-stremio-netflix-catalog-addon.baby-beamup.club/bmZ4LGRucCxhbXAsYXRwLGhibSxwbXAscGNwLGhsdSxjcnUsZHBlLHN0eixzc3Q6OjoxNzYzMjQxMzc5ODky/catalog/movie/dnp.json
🔄 Attempt 1/3 for disney
🚀 Quick batch loaded: 7 items for trending
💾 Cache SET: Catalog[catalog_movie_atp.json] (15 items)
💾 Cache SET: Catalog[catalog_movie_hbm.json] (15 items)
💾 Cache SET: Catalog[catalog_movie_stz.json] (15 items)
💾 Cache SET: Catalog[catalog_movie_pcp.json] (15 items)
💾 Cache SET: Catalog[catalog_movie_amp.json] (15 items)
💾 Cache SET: Catalog[catalog_movie_nfx.json] (15 items)
💾 Cache SET: Catalog[catalog_movie_sst.json] (15 items)
🗑️ Cache evicted 6 items
💾 Cache SET: Catalog[catalog_movie_pmp.json] (15 items)
💾 Cache SET: Catalog[catalog_movie_hlu.json] (15 items)
💾 Cache SET: Catalog[catalog_movie_cru.json] (15 items)
📊 Using fixed catalog size: 15 items
💾 Cache SET: Catalog[catalog_movie_dnp.json] (15 items)
✅ Attempt 1 successful for appleTv
✅ Successfully fetched 15 items for appleTv from primary service
📦 Full batch loaded: 15 items for appleTv
✅ Progressive loading completed for appleTv
📊 Using fixed catalog size: 15 items
💾 Cache SET: Catalog[catalog_movie_top.json] (15 items)
✅ Attempt 1 successful for hbo
✅ Successfully fetched 15 items for hbo from primary service
📦 Full batch loaded: 15 items for hbo
✅ Progressive loading completed for hbo
📊 Using fixed catalog size: 15 items
✅ Attempt 1 successful for starz
✅ Successfully fetched 15 items for starz from primary service
📦 Full batch loaded: 15 items for starz
✅ Progressive loading completed for starz
📊 Using fixed catalog size: 15 items
✅ Attempt 1 successful for peacock
✅ Successfully fetched 15 items for peacock from primary service
📦 Full batch loaded: 15 items for peacock
✅ Progressive loading completed for peacock
📊 Using fixed catalog size: 15 items
✅ Attempt 1 successful for prime
✅ Successfully fetched 15 items for prime from primary service
📦 Full batch loaded: 15 items for prime
✅ Progressive loading completed for prime
📊 Using fixed catalog size: 15 items
✅ Attempt 1 successful for netflix
✅ Successfully fetched 15 items for netflix from primary service
📦 Full batch loaded: 15 items for netflix
✅ Progressive loading completed for netflix
📊 Using fixed catalog size: 15 items
✅ Attempt 1 successful for showtime
✅ Successfully fetched 15 items for showtime from primary service
📦 Full batch loaded: 15 items for showtime
✅ Progressive loading completed for showtime
📊 Using fixed catalog size: 15 items
✅ Attempt 1 successful for paramount
✅ Successfully fetched 15 items for paramount from primary service
📦 Full batch loaded: 15 items for paramount
✅ Progressive loading completed for paramount
📊 Using fixed catalog size: 15 items
✅ Attempt 1 successful for hulu
✅ Successfully fetched 15 items for hulu from primary service
📦 Full batch loaded: 15 items for hulu
✅ Progressive loading completed for hulu
📊 Using fixed catalog size: 15 items
✅ Attempt 1 successful for crunchyroll
✅ Successfully fetched 15 items for crunchyroll from primary service
📦 Full batch loaded: 15 items for crunchyroll
✅ Progressive loading completed for crunchyroll
📊 Using fixed catalog size: 15 items
✅ Attempt 1 successful for disney
✅ Successfully fetched 15 items for disney from primary service
📦 Full batch loaded: 15 items for disney
✅ Progressive loading completed for disney
📊 Using fixed catalog size: 15 items
📦 Full batch loaded: 15 items for trending
✅ Progressive loading completed for trending
🖼️ [CACHE] Cached image data for key: https://images.justwatch.com/poster/256784897/s332/img (48660 bytes)
🖼️ [CACHE] Cached image data for key: https://images.justwatch.com/poster/336298604/s332/img (33569 bytes)
🖼️ [CACHE] Cached image data for key: https://images.justwatch.com/poster/336952619/s332/img (50991 bytes)
🖼️ [CACHE] Cached image data for key: https://images.justwatch.com/poster/336662820/s332/img (50316 bytes)
🖼️ [CACHE] Cached image data for key: https://images.justwatch.com/poster/188181053/s332/img (48517 bytes)
🖼️ [CACHE] Cached image data for key: https://images.justwatch.com/poster/246982332/s332/img (44686 bytes)
🖼️ [CACHE] Cached image data for key: https://images.justwatch.com/poster/301298992/s332/img (50065 bytes)
🖼️ [CACHE] Cached image data for key: https://images.justwatch.com/poster/168085879/s332/img (36913 bytes)
🖼️ [CACHE] Cached image data for key: https://images.justwatch.com/poster/181836574/s332/img (40679 bytes)
🖼️ [CACHE] Cached image data for key: https://images.justwatch.com/poster/166095369/s332/img (9321 bytes)
🖼️ [CACHE] Cached image data for key: https://images.justwatch.com/poster/327345760/s332/img (47132 bytes)
🖼️ [CACHE] Cached image data for key: https://images.justwatch.com/poster/176260460/s332/img (77708 bytes)
🖼️ [CACHE] Cached image data for key: https://images.justwatch.com/poster/161006103/s332/img (51364 bytes)
🖼️ [CACHE] Cached image data for key: https://images.justwatch.com/poster/178635023/s332/img (62162 bytes)
🖼️ [CACHE] Cached image data for key: https://images.justwatch.com/poster/181188381/s332/img (76877 bytes)
🖼️ [CACHE] Cached image data for key: https://images.justwatch.com/poster/239922303/s332/img (41748 bytes)
🖼️ [CACHE] Cached image data for key: https://images.justwatch.com/poster/250757744/s332/img (35420 bytes)
🖼️ [CACHE] Cached image data for key: https://images.justwatch.com/poster/206714476/s332/img (52991 bytes)
🖼️ [CACHE] Cached image data for key: https://images.justwatch.com/poster/31887184/s332/img (40203 bytes)
🖼️ [CACHE] Cached image data for key: https://images.justwatch.com/poster/90379677/s332/img (56639 bytes)
🖼️ [CACHE] Cached image data for key: https://images.justwatch.com/poster/107996333/s332/img (40620 bytes)
🖼️ [CACHE] Cached image data for key: https://images.justwatch.com/poster/107996333/s332/img (40620 bytes)
🖼️ [CACHE] Cached image data for key: https://images.justwatch.com/poster/334757007/s332/img (41483 bytes)
🖼️ [CACHE] Cached image data for key: https://images.justwatch.com/poster/57711426/s332/img (36912 bytes)
🗑️ Cache evicted 10 items
🖼️ [CACHE] Cached image data for key: https://images.justwatch.com/poster/332527038/s332/img (28010 bytes)
🖼️ [CACHE] Cached image data for key: https://images.justwatch.com/poster/192048805/s332/img (43578 bytes)
🖼️ [CACHE] Cached image data for key: https://images.justwatch.com/poster/215523604/s332/img (61037 bytes)
🖼️ [CACHE] Cached image data for key: https://images.justwatch.com/poster/331148151/s332/img (28498 bytes)
🖼️ [CACHE] Cached image data for key: https://images.justwatch.com/poster/107996333/s332/img (40620 bytes)
🖼️ [CACHE] Cached image data for key: https://images.justwatch.com/poster/21653281/s332/img (35111 bytes)
🖼️ [CACHE] Cached image data for key: https://images.justwatch.com/poster/90379677/s332/img (56639 bytes)
🖼️ [CACHE] Cached image data for key: https://images.justwatch.com/poster/107996333/s332/img (40620 bytes)
🖼️ [CACHE] Cached image data for key: https://images.justwatch.com/poster/338574691/s332/img (40150 bytes)
🖼️ [CACHE] Cached image data for key: https://images.justwatch.com/poster/101462527/s332/img (48777 bytes)
🖼️ [CACHE] Cached image data for key: https://images.justwatch.com/poster/338523237/s332/img (49913 bytes)
🖼️ [CACHE] Cached image data for key: https://images.justwatch.com/poster/336393313/s332/img (35742 bytes)
🖼️ [CACHE] Cached image data for key: https://images.justwatch.com/poster/51204426/s332/img (31376 bytes)
🗑️ Cache evicted 10 items
🖼️ [CACHE] Cached image data for key: https://images.justwatch.com/poster/309896363/s332/img (42659 bytes)
🖼️ [CACHE] Cached image data for key: https://images.justwatch.com/poster/335474178/s332/img (42733 bytes)
🖼️ [CACHE] Cached image data for key: https://images.justwatch.com/poster/82774854/s332/img (70010 bytes)
🖼️ [CACHE] Cached image data for key: https://images.justwatch.com/poster/327009156/s332/img (61426 bytes)
🖼️ [CACHE] Cached image data for key: https://images.justwatch.com/poster/215523604/s332/img (61037 bytes)
🖼️ [CACHE] Cached image data for key: https://images.justwatch.com/poster/309925724/s332/img (65104 bytes)
🖼️ [CACHE] Cached image data for key: https://images.justwatch.com/poster/129198929/s332/img (60050 bytes)
🖼️ [CACHE] Cached image data for key: https://images.justwatch.com/poster/331701827/s332/img (59722 bytes)
🖼️ [CACHE] Cached image data for key: https://images.justwatch.com/poster/87608067/s332/img (61832 bytes)
🖼️ [CACHE] Cached image data for key: https://images.justwatch.com/poster/263107555/s332/img (59835 bytes)
🖼️ [CACHE] Cached image data for key: https://images.justwatch.com/poster/309750534/s332/img (51457 bytes)
🗑️ Cache evicted 10 items
🖼️ [CACHE] Cached image data for key: https://images.justwatch.com/poster/301809868/s332/img (51535 bytes)
🖼️ [CACHE] Cached image data for key: https://images.justwatch.com/poster/315856885/s332/img (67350 bytes)
🖼️ [CACHE] Cached image data for key: https://images.justwatch.com/poster/215523604/s332/img (61037 bytes)
🖼️ [CACHE] Cached image data for key: https://images.justwatch.com/poster/334021051/s332/img (90236 bytes)
🖼️ [CACHE] Cached image data for key: https://images.justwatch.com/poster/206714476/s332/img (52991 bytes)
🖼️ [CACHE] Cached image data for key: https://images.justwatch.com/poster/312811279/s332/img (48255 bytes)
🖼️ [CACHE] Cached image data for key: https://images.justwatch.com/poster/82774854/s332/img (70010 bytes)
🖼️ [CACHE] Cached image data for key: https://images.justwatch.com/poster/322412111/s332/img (57515 bytes)
🖼️ [CACHE] Cached image data for key: https://images.justwatch.com/poster/323575270/s332/img (60733 bytes)
🖼️ [CACHE] Cached image data for key: https://images.justwatch.com/poster/322709571/s332/img (58026 bytes)
🖼️ [CACHE] Cached image data for key: https://images.justwatch.com/poster/31887184/s332/img (40203 bytes)
🖼️ [CACHE] Cached image data for key: https://images.justwatch.com/poster/332051109/s332/img (58936 bytes)
🗑️ Cache evicted 10 items
🖼️ [CACHE] Cached image data for key: https://images.justwatch.com/poster/190111218/s332/img (57062 bytes)
🖼️ [CACHE] Cached image data for key: https://images.justwatch.com/poster/329121868/s332/img (53946 bytes)
🖼️ [CACHE] Cached image data for key: https://images.justwatch.com/poster/35006170/s332/img (61678 bytes)
🖼️ [CACHE] Cached image data for key: https://images.justwatch.com/poster/263107555/s332/img (59835 bytes)
🖼️ [CACHE] Cached image data for key: https://images.justwatch.com/poster/180263360/s332/img (51887 bytes)
🖼️ [CACHE] Cached image data for key: https://images.justwatch.com/poster/101462527/s332/img (48777 bytes)
🖼️ [CACHE] Cached image data for key: https://images.justwatch.com/poster/215523604/s332/img (61037 bytes)
🖼️ [CACHE] Cached image data for key: https://images.justwatch.com/poster/8671419/s332/img (69026 bytes)
🖼️ [CACHE] Cached image data for key: https://images.justwatch.com/poster/90379677/s332/img (56639 bytes)
🖼️ [CACHE] Cached image data for key: https://images.justwatch.com/poster/330535890/s332/img (69017 bytes)
🖼️ [CACHE] Cached image data for key: https://images.justwatch.com/poster/300177312/s332/img (74244 bytes)
🖼️ [CACHE] Cached image data for key: https://images.justwatch.com/poster/238965112/s332/img (63309 bytes)
🗑️ Cache evicted 10 items
🖼️ [CACHE] Cached image data for key: https://images.justwatch.com/poster/271349733/s332/img (77031 bytes)
🖼️ [CACHE] Cached image data for key: https://images.justwatch.com/poster/154373248/s332/img (63627 bytes)
🖼️ [CACHE] Cached image data for key: https://images.justwatch.com/poster/8731868/s332/img (56932 bytes)
🖼️ [CACHE] Cached image data for key: https://images.justwatch.com/poster/154373248/s332/img (63627 bytes)
🖼️ [CACHE] Cached image data for key: https://images.justwatch.com/poster/240241908/s332/img (80230 bytes)
📨 Received: {"ref":null,"event":"system","payload":{"message":"Subscribed to PostgreSQL","status":"ok","extension":"postgres_changes","channel":"direct_messages"},"topic":"realtime:direct_messages"}
📨 Unknown event: system
🖼️ [CACHE] Cached image data for key: https://images.metahub.space/poster/small/tt14107334/img (29621 bytes)
🖼️ [CACHE] Cached image data for key: https://images.metahub.space/poster/small/tt16311594/img (10204 bytes)
🖼️ [CACHE] Cached image data for key: https://images.metahub.space/poster/small/tt1757678/img (47611 bytes)
🖼️ [CACHE] Cached image data for key: https://images.metahub.space/poster/small/tt30144839/img (35849 bytes)
🖼️ [CACHE] Cached image data for key: https://images.metahub.space/poster/small/tt14364480/img (19894 bytes)
🖼️ [CACHE] Cached image data for key: https://images.metahub.space/poster/small/tt30446847/img (17100 bytes)
🗑️ Cache evicted 10 items
🖼️ [CACHE] Cached image data for key: https://images.metahub.space/poster/small/tt8946378/img (39978 bytes)
💓 Heartbeat sent
💓 Heartbeat sent
📨 Received: {"ref":"1","event":"phx_reply","payload":{"status":"ok","response":{}},"topic":"phoenix"}
📨 Received: {"ref":"2","event":"phx_reply","payload":{"status":"ok","response":{}},"topic":"phoenix"}
📨 Received: {"ref":null,"event":"presence_diff","payload":{"joins":{"093a3766-d9df-11f0-8940-0a58a9feac02":{"metas":[{"phx_ref":"GIF1EAIPLmVcAkuL","last_seen":"2025-12-15T17:54:00Z","status":"online","user_id":"96E01CDB-36C0-4228-A6E4-A29A3C66BC8E","username":"lemontom"}]}},"leaves":{}},"topic":"realtime:global-presence"}
🛑 BrowseView disappeared - cancelled all ongoing tasks
🔌 RoomListView: Setting up realtime subscription for rooms...
📋 Fetching rooms from Supabase backend (offset: 0, limit: 20)...
🔌 Connecting to Supabase Realtime: wss://nhvsojszwfvcinkyvzmf.supabase.co/realtime/v1/websocket
✅ Connected to Supabase Realtime
🔍 Supabase Response for /rooms: [{"id":"R876","name":"Hall Pass","host_user_id":"96e01cdb-36c0-4228-a6e4-a29a3c66bc8e","host_username":"lemontom","stream_hash":null,"imdb_id":"tt0480687","poster_url":"https://images.metahub.space/poster/small/tt0480687/img","backdrop_url":"https://images.metahub.space/background/medium/tt0480687/img","playback_position":0,"is_playing":false,"participants_count":1,"max_participants":50,"is_public":true,"created_at":"2025-12-15T17:54:08.878271","last_activity":"2025-12-15T17:54:08","season":null,"episode":null,"selected_quality":null,"selected_file_idx":null,"unlocked_stream_url":null,"description":null,"current_playlist_index":0,"playlist":[{"id": "A4BB4BB5-0B9E-4412-BB37-3C691DAC6B3C", "mediaItem": {"id": "tt0480687", "logo": "https://images.metahub.space/logo/medium/tt0480687/img", "name": "Hall Pass", "type": "movie", "year": "2011", "genres": ["Comedy", "Romance"], "poster": "https://images.metahub.space/poster/small/tt0480687/img", "runtime": "105 min", "background": "https://images.metahub.space/background/medium/tt0480687/img", "imdbRating": "5.9", "description": "Rick and Fred, two husbands who are having difficulty in their marriages, are given a Hall Pass by their wives: for one week, they can do whatever they want.", "releaseInfo": "2011"}}]}, 
 {"id":"VBWL","name":"Hall Pass","host_user_id":"96e01cdb-36c0-4228-a6e4-a29a3c66bc8e","host_username":"lemontom","stream_hash":"8def6e7d4180dab0cb77174bca8868c67adc08e8","imdb_id":"tt0480687","poster_url":"https://images.metahub.space/poster/small/tt0480687/img","backdrop_url":"https://images.metahub.space/background/medium/tt0480687/img","playback_position":0,"is_playing":true,"participants_count":2,"max_participants":50,"is_public":true,"created_at":"2025-12-15T17:38:30.635409","last_activity":"2025-12-15T17:38:44","season":null,"episode":null,"selected_quality":"1080p","selected_file_idx":null,"unlocked_stream_url":"https://chi3-4.download.real-debrid.com/d/CS2STHZFAGQJK23/Hall.Pass.2011.EXTENDED.CUT.1080p.BluRay.H264.AAC-RARBG.mp4","description":null,"current_playlist_index":0,"playlist":[{"id": "692B3A51-48B3-41FA-AF77-8B2F2895CF75", "mediaItem": {"id": "tt0480687", "logo": "https://images.metahub.space/logo/medium/tt0480687/img", "name": "Hall Pass", "type": "movie", "year": "2011", "genres": ["Comedy", "Romance"], "poster": "https://images.metahub.space/poster/small/tt0480687/img", "runtime": "105 min", "background": "https://images.metahub.space/background/medium/tt0480687/img", "imdbRating": "5.9", "description": "Rick and Fred, two husbands who are having difficulty in their marriages, are given a Hall Pass by their wives: for one week, they can do whatever they want.", "releaseInfo": "2011"}}]}, 
 {"id":"3A58","name":"Hall Pass","host_user_id":"96e01cdb-36c0-4228-a6e4-a29a3c66bc8e","host_username":"lemontom","stream_hash":"8def6e7d4180dab0cb77174bca8868c67adc08e8","imdb_id":"tt0480687","poster_url":"https://images.metahub.space/poster/small/tt0480687/img","backdrop_url":"https://images.metahub.space/background/medium/tt0480687/img","playback_position":0,"is_playing":true,"participants_count":2,"max_participants":50,"is_public":true,"created_at":"2025-12-15T17:32:22.613537","last_activity":"2025-12-15T17:32:35","season":null,"episode":null,"selected_quality":"1080p","selected_file_idx":null,"unlocked_stream_url":"https://chi9-4.download.real-debrid.com/d/66V7363DQ4JPA45/Hall.Pass.2011.EXTENDED.CUT.1080p.BluRay.H264.AAC-RARBG.mp4","description":null,"current_playlist_index":0,"playlist":[{"id": "D9099C29-2A75-4DA3-B812-A47117D66DBD", "mediaItem": {"id": "tt0480687", "logo": "https://images.metahub.space/logo/medium/tt0480687/img", "name": "Hall Pass", "type": "movie", "year": "2011", "genres": ["Comedy", "Romance"], "poster": "https://images.metahub.space/poster/small/tt0480687/img", "runtime": "105 min", "background": "https://images.metahub.space/background/medium/tt0480687/img", "imdbRating": "5.9", "description": "Rick and Fred, two husbands who are having difficulty in their marriages, are given a Hall Pass by their wives: for one week, they can do whatever they want.", "releaseInfo": "2011"}}]}, 
 {"id":"G4CQ","name":"Nightcrawler","host_user_id":"96e01cdb-36c0-4228-a6e4-a29a3c66bc8e","host_username":"lemontom","stream_hash":"4679a925a6c5df93aa71376b31f13c6f59386ee2","imdb_id":"tt2872718","poster_url":"https://images.justwatch.com/poster/51204426/s332/img","backdrop_url":null,"playback_position":0,"is_playing":true,"participants_count":2,"max_participants":50,"is_public":true,"created_at":"2025-12-15T17:25:22.776228","last_activity":"2025-12-15T17:25:37","season":null,"episode":null,"selected_quality":"1080p","selected_file_idx":null,"unlocked_stream_url":"https://chi7-4.download.real-debrid.com/d/ARIYOWGO6ABKC125/Nightcrawler.REPACK.2014.1080p.BluRay.DD.5.1.x264-DON.mkv","description":null,"current_playlist_index":0,"playlist":[{"id": "126C7995-76C8-4D48-AB82-3A2F33BFE2A6", "mediaItem": {"id": "tt2872718", "name": "Nightcrawler", "type": "movie", "year": "2014", "poster": "https://images.justwatch.com/poster/51204426/s332/img", "imdbRating": "7.8", "releaseInfo": "2014"}}]}, 
 {"id":"9TKL","name":"Nightcrawler","host_user_id":"96e01cdb-36c0-4228-a6e4-a29a3c66bc8e","host_username":"lemontom","stream_hash":"4679a925a6c5df93aa71376b31f13c6f59386ee2","imdb_id":"tt2872718","poster_url":"https://images.justwatch.com/poster/51204426/s332/img","backdrop_url":null,"playback_position":0,"is_playing":true,"participants_count":2,"max_participants":50,"is_public":true,"created_at":"2025-12-15T17:20:38.067564","last_activity":"2025-12-15T17:21:29","season":null,"episode":null,"selected_quality":"1080p","selected_file_idx":null,"unlocked_stream_url":"https://chi6-4.download.real-debrid.com/d/IPVNSQOBGNAYC111/Nightcrawler.REPACK.2014.1080p.BluRay.DD.5.1.x264-DON.mkv","description":null,"current_playlist_index":0,"playlist":[{"id": "FFC80C1B-74CB-412F-A493-EFD97B947C7A", "mediaItem": {"id": "tt2872718", "name": "Nightcrawler", "type": "movie", "year": "2014", "poster": "https://images.justwatch.com/poster/51204426/s332/img", "imdbRating": "7.8", "releaseInfo": "2014"}}]}, 
 {"id":"RVUF","name":"Nightcrawler","host_user_id":"96e01cdb-36c0-4228-a6e4-a29a3c66bc8e","host_username":"lemontom","stream_hash":"4679a925a6c5df93aa71376b31f13c6f59386ee2","imdb_id":"tt2872718","poster_url":"https://images.justwatch.com/poster/51204426/s332/img","backdrop_url":null,"playback_position":0,"is_playing":true,"participants_count":2,"max_participants":50,"is_public":true,"created_at":"2025-12-15T17:11:08.199468","last_activity":"2025-12-15T17:11:17","season":null,"episode":null,"selected_quality":"1080p","selected_file_idx":null,"unlocked_stream_url":"https://chi4-4.download.real-debrid.com/d/2NU2DKZ3SMQLS72/Nightcrawler.REPACK.2014.1080p.BluRay.DD.5.1.x264-DON.mkv","description":null,"current_playlist_index":0,"playlist":[{"id": "DBF44D1F-8D71-4ACE-8C4B-680B10E8FC60", "mediaItem": {"id": "tt2872718", "name": "Nightcrawler", "type": "movie", "year": "2014", "poster": "https://images.justwatch.com/poster/51204426/s332/img", "imdbRating": "7.8", "releaseInfo": "2014"}}]}, 
 {"id":"UPP8","name":"Nightcrawler","host_user_id":"96e01cdb-36c0-4228-a6e4-a29a3c66bc8e","host_username":"lemontom","stream_hash":"4679a925a6c5df93aa71376b31f13c6f59386ee2","imdb_id":"tt2872718","poster_url":"https://images.justwatch.com/poster/51204426/s332/img","backdrop_url":null,"playback_position":0,"is_playing":true,"participants_count":2,"max_participants":50,"is_public":true,"created_at":"2025-12-15T17:04:21.545615","last_activity":"2025-12-15T17:04:59","season":null,"episode":null,"selected_quality":"1080p","selected_file_idx":null,"unlocked_stream_url":"https://chi9-4.download.real-debrid.com/d/Z66XAV3I3LTDI71/Nightcrawler.REPACK.2014.1080p.BluRay.DD.5.1.x264-DON.mkv","description":null,"current_playlist_index":0,"playlist":[{"id": "24E1B68F-E9D6-414A-8FEC-3B357C8B5A01", "mediaItem": {"id": "tt2872718", "name": "Nightcrawler", "type": "movie", "year": "2014", "poster": "https://images.justwatch.com/poster/51204426/s332/img", "imdbRating": "7.8", "releaseInfo": "2014"}}]}, 
 {"id":"9MML","name":"Nightcrawler","host_user_id":"96e01cdb-36c0-4228-a6e4-a29a3c66bc8e","host_username":"lemontom","stream_hash":"4679a925a6c5df93aa71376b31f13c6f59386ee2","imdb_id":"tt2872718","poster_url":"https://images.justwatch.com/poster/51204426/s332/img","backdrop_url":null,"playback_position":0,"is_playing":true,"participants_count":2,"max_participants":50,"is_public":true,"created_at":"2025-12-15T16:57:41.090986","last_activity":"2025-12-15T16:57:55","season":null,"episode":null,"selected_quality":"1080p","selected_file_idx":null,"unlocked_stream_url":"https://chi7-4.download.real-debrid.com/d/RN5XN3IQGPPDI74/Nightcrawler.REPACK.2014.1080p.BluRay.DD.5.1.x264-DON.mkv","description":null,"current_playlist_index":0,"playlist":[{"id": "10D1C25C-D6D4-402D-AA44-981B8BD13374", "mediaItem": {"id": "tt2872718", "name": "Nightcrawler", "type": "movie", "year": "2014", "poster": "https://images.justwatch.com/poster/51204426/s332/img", "imdbRating": "7.8", "releaseInfo": "2014"}}]}, 
 {"id":"UAAM","name":"Nightcrawler","host_user_id":"96e01cdb-36c0-4228-a6e4-a29a3c66bc8e","host_username":"lemontom","stream_hash":"4679a925a6c5df93aa71376b31f13c6f59386ee2","imdb_id":"tt2872718","poster_url":"https://images.justwatch.com/poster/51204426/s332/img","backdrop_url":null,"playback_position":0,"is_playing":true,"participants_count":2,"max_participants":50,"is_public":true,"created_at":"2025-12-15T16:47:49.363405","last_activity":"2025-12-15T16:49:04","season":null,"episode":null,"selected_quality":"1080p","selected_file_idx":null,"unlocked_stream_url":"https://chi8-4.download.real-debrid.com/d/TVBJYACKNBJWA115/Nightcrawler.REPACK.2014.1080p.BluRay.DD.5.1.x264-DON.mkv","description":null,"current_playlist_index":0,"playlist":[{"id": "EEC58588-3DF7-466C-B678-E274C20E51DA", "mediaItem": {"id": "tt2872718", "name": "Nightcrawler", "type": "movie", "year": "2014", "poster": "https://images.justwatch.com/poster/51204426/s332/img", "imdbRating": "7.8", "releaseInfo": "2014"}}]}, 
 {"id":"KCUN","name":"Nightcrawler","host_user_id":"96e01cdb-36c0-4228-a6e4-a29a3c66bc8e","host_username":"lemontom","stream_hash":"4679a925a6c5df93aa71376b31f13c6f59386ee2","imdb_id":"tt2872718","poster_url":"https://images.justwatch.com/poster/51204426/s332/img","backdrop_url":null,"playback_position":0,"is_playing":true,"participants_count":2,"max_participants":50,"is_public":true,"created_at":"2025-12-15T16:29:51.946723","last_activity":"2025-12-15T16:30:02","season":null,"episode":null,"selected_quality":"1080p","selected_file_idx":null,"unlocked_stream_url":"https://chi6-4.download.real-debrid.com/d/HTCZQBQBJTOMI96/Nightcrawler.REPACK.2014.1080p.BluRay.DD.5.1.x264-DON.mkv","description":null,"current_playlist_index":0,"playlist":[{"id": "3FDCA438-EC8C-4A4B-99F0-7D945F4762A1", "mediaItem": {"id": "tt2872718", "name": "Nightcrawler", "type": "movie", "year": "2014", "poster": "https://images.justwatch.com/poster/51204426/s332/img", "imdbRating": "7.8", "releaseInfo": "2014"}}]}, 
 {"id":"event_tt0480687","name":"Hall Pass","host_user_id":"96e01cdb-36c0-4228-a6e4-a29a3c66bc8e","host_username":"RedLemon Events","stream_hash":"60e4639cb41e57e23df8252e767be794a3e475a3","imdb_id":"tt0480687","poster_url":"https://m.media-amazon.com/images/M/MV5BMTc4MzIxNTYwNl5BMl5BanBnXkFtZTcwNzE4MjE0NA@@._V1_SX250.jpg","backdrop_url":null,"playback_position":0,"is_playing":false,"participants_count":2,"max_participants":50,"is_public":true,"created_at":"2025-12-15T07:25:13.329237","last_activity":"2025-12-15T16:24:17.607525","season":null,"episode":null,"selected_quality":null,"selected_file_idx":null,"unlocked_stream_url":"https://chi9-4.download.real-debrid.com/d/FRERVZQZXHFAO43/Hall.Pass.2011.1080p.BluRay.x264.mp4","description":null,"current_playlist_index":0,"playlist":[]}, 
 {"id":"event_tt0134273","name":"8MM","host_user_id":"96e01cdb-36c0-4228-a6e4-a29a3c66bc8e","host_username":"RedLemon Events","stream_hash":"b6b6541f5ac91aadcbf394bd723a3d9bee28e510","imdb_id":"tt0134273","poster_url":"https://images.metahub.space/poster/small/tt0134273/img","backdrop_url":"https://images.metahub.space/background/medium/tt0134273/img","playback_position":0,"is_playing":false,"participants_count":1,"max_participants":50,"is_public":true,"created_at":"2025-12-15T15:45:23.781511","last_activity":"2025-12-15T15:45:23.884338","season":null,"episode":null,"selected_quality":null,"selected_file_idx":null,"unlocked_stream_url":"https://chi7-4.download.real-debrid.com/d/WLPCNG2VKVENE21/8MM.1999.1080p.BluRay.H264.AAC-RARBG.mp4","description":null,"current_playlist_index":0,"playlist":[]}, 
 {"id":"event_tt1396484","name":"It","host_user_id":"96e01cdb-36c0-4228-a6e4-a29a3c66bc8e","host_username":"RedLemon Events","stream_hash":"ad1ba686c1b2028858b0aefd835e995d76707d44","imdb_id":"tt1396484","poster_url":"https://images.metahub.space/poster/small/tt1396484/img","backdrop_url":"https://images.metahub.space/background/medium/tt1396484/img","playback_position":0,"is_playing":false,"participants_count":1,"max_participants":50,"is_public":true,"created_at":"2025-12-15T15:38:39.80417","last_activity":"2025-12-15T15:38:39.902848","season":null,"episode":null,"selected_quality":null,"selected_file_idx":null,"unlocked_stream_url":"https://chi9-4.download.real-debrid.com/d/ZDRRYZHMAZRQS117/It.2017.1080p.BluRay.x264-%5BYTS.AG%5D.mp4","description":null,"current_playlist_index":0,"playlist":[]}, 
 {"id":"event_tt22048412","name":"MaXXXine","host_user_id":"96e01cdb-36c0-4228-a6e4-a29a3c66bc8e","host_username":"RedLemon Events","stream_hash":"0a2746873b386c4949669dc39bf57ad2c7672a0b","imdb_id":"tt22048412","poster_url":"https://images.metahub.space/poster/small/tt22048412/img","backdrop_url":"https://images.metahub.space/background/medium/tt22048412/img","playback_position":0,"is_playing":false,"participants_count":2,"max_participants":50,"is_public":true,"created_at":"2025-12-15T15:00:04.570524","last_activity":"2025-12-15T15:04:21.758571","season":null,"episode":null,"selected_quality":null,"selected_file_idx":null,"unlocked_stream_url":"https://chi9-4.download.real-debrid.com/d/3WQNREVAUFELW21/MaXXXine.2024.1080p.AMZN.WEB-DL.DDP5.1.Atmos.H.264-FLUX.mkv","description":null,"current_playlist_index":0,"playlist":[]}, 
 {"id":"event_tt0417741","name":"Harry Potter and the Half-Blood Prince","host_user_id":"96e01cdb-36c0-4228-a6e4-a29a3c66bc8e","host_username":"RedLemon Events","stream_hash":"ab26661d77c28607893c7c2ebcc524da73f6cef7","imdb_id":"tt0417741","poster_url":"https://images.metahub.space/poster/small/tt0417741/img","backdrop_url":"https://images.metahub.space/background/medium/tt0417741/img","playback_position":0,"is_playing":false,"participants_count":1,"max_participants":50,"is_public":true,"created_at":"2025-12-15T14:54:22.985395","last_activity":"2025-12-15T14:54:23.071199","season":null,"episode":null,"selected_quality":null,"selected_file_idx":null,"unlocked_stream_url":"https://chi7-4.download.real-debrid.com/d/5DNXQMKJNFSQI70/Harry.Potter.and.the.Half.Blood.Prince.2009.1080p.BluRay.DTS.x264-WiKi.mkv","description":null,"current_playlist_index":0,"playlist":[]}, 
 {"id":"event_tt2692250","name":"Night at the Museum: Secret of the Tomb","host_user_id":"656daa91-33b4-4688-9135-c982ea52d7c9","host_username":"RedLemon Events","stream_hash":"6cd0604ab2adb0a3e72d5f643b8ad33e39c80057","imdb_id":"tt2692250","poster_url":"https://images.metahub.space/poster/small/tt2692250/img","backdrop_url":"https://images.metahub.space/background/medium/tt2692250/img","playback_position":0,"is_playing":false,"participants_count":1,"max_participants":50,"is_public":true,"created_at":"2025-12-15T07:39:13.076369","last_activity":"2025-12-15T07:39:13.137487","season":null,"episode":null,"selected_quality":null,"selected_file_idx":null,"unlocked_stream_url":"https://chi3-4.download.real-debrid.com/d/CMPUWECMBYXQQ124/Night.at.the.Museum.Secret.of.the.Tomb.2014.1080p.BluRay.H264.AAC-RARBG.mp4","description":null,"current_playlist_index":0,"playlist":[]}, 
 {"id":"event_tt10838180","name":"The Matrix Resurrections","host_user_id":"656daa91-33b4-4688-9135-c982ea52d7c9","host_username":"RedLemon Events","stream_hash":"364bc1d0f36f7cc2d72eea8c7ecfcf11cfb23374","imdb_id":"tt10838180","poster_url":"https://images.metahub.space/poster/small/tt10838180/img","backdrop_url":"https://images.metahub.space/background/medium/tt10838180/img","playback_position":0,"is_playing":false,"participants_count":2,"max_participants":50,"is_public":true,"created_at":"2025-12-15T05:09:14.377953","last_activity":"2025-12-15T05:23:25.167996","season":null,"episode":null,"selected_quality":null,"selected_file_idx":null,"unlocked_stream_url":"https://chi9-4.download.real-debrid.com/d/QNKXVWFRSOQY274/The.Matrix.Resurrections.2021.1080p.BluRay.1600MB.DD2.0.x264-GalaxyRG.mkv","description":null,"current_playlist_index":0,"playlist":[]}, 
 {"id":"event_pt-BR_tt10838180","name":"The Matrix Resurrections","host_user_id":"96e01cdb-36c0-4228-a6e4-a29a3c66bc8e","host_username":"RedLemon Events","stream_hash":"2f518c85c5a2435dc5b42913db1b539bace4647b","imdb_id":"tt10838180","poster_url":"https://images.metahub.space/poster/small/tt10838180/img","backdrop_url":"https://images.metahub.space/background/medium/tt10838180/img","playback_position":0,"is_playing":false,"participants_count":1,"max_participants":50,"is_public":true,"created_at":"2025-12-15T05:23:09.664289","last_activity":"2025-12-15T05:23:09.742134","season":null,"episode":null,"selected_quality":null,"selected_file_idx":null,"unlocked_stream_url":"https://chi7-4.download.real-debrid.com/d/K64QV4B3XXODA45/The.Matrix.Resurrections.2021.1080p.WEBRip.Dublado.mkv","description":null,"current_playlist_index":0,"playlist":[]}]
📡 Joined channel: realtime:rooms_updates
✅ RoomListView: Connected to rooms realtime updates
📨 Received: {"ref":"0369763D-4AD6-4E34-AF89-FE190461936B","event":"phx_reply","payload":{"status":"ok","response":{"postgres_changes":[{"id":60402389,"event":"*","schema":"public","table":"rooms"}]}},"topic":"realtime:rooms_updates"}
📨 Received: {"ref":null,"event":"system","payload":{"message":"Subscribed to PostgreSQL","status":"ok","extension":"postgres_changes","channel":"rooms_updates"},"topic":"realtime:rooms_updates"}
📨 Unknown event: system
📨 Received: {"ref":null,"event":"presence_state","payload":{},"topic":"realtime:rooms_updates"}
✅ Loaded 10 rooms (total: 10)
[ INFO ] GET /api/metadata/meta/movie/tt2872718 [request-id: 9E4E3027-86AF-4DC3-88D6-897F335A17AD]
[ INFO ] GET /api/metadata/meta/movie/tt2872718 [request-id: 4F2B3B3A-BD49-4B12-9563-CAC7418E7C2B]
[ INFO ] GET /api/metadata/meta/movie/tt2872718 [request-id: CC279E7A-3432-4DE0-BD02-34D950F141C3]
[ INFO ] GET /api/metadata/meta/movie/tt0480687 [request-id: 5A872C09-727B-4E54-A784-04451DC685CB]
[ INFO ] GET /api/metadata/meta/movie/tt0480687 [request-id: 888CA9D6-1486-4C9B-9962-E7ECBD704DD7]
[ INFO ] GET /api/metadata/meta/movie/tt2872718 [request-id: FC2348CE-E34E-42E9-9523-70B934FE22C2]
[ INFO ] GET /api/metadata/meta/movie/tt2872718 [request-id: 6D3BCD2B-7239-4B60-8960-F35FF6848029]
2025-12-15 12:54:12.568 RedLemon[12674:80951] 📦 Decoded CinemetaMeta - videos count: -1
2025-12-15 12:54:12.575 RedLemon[12674:80951] 📦 Decoded CinemetaMeta - videos count: -1
💾 Cache SET: Metadata[meta_movie_tt2872718]
💾 Cache SET: Metadata[meta_movie_tt2872718]
[ INFO ] GET /api/metadata/meta/movie/tt2872718 [request-id: B3A9ED65-938E-4F0A-9454-DEF59B3D3E73]
2025-12-15 12:54:12.607 RedLemon[12674:81068] 📦 Decoded CinemetaMeta - videos count: -1
💾 Cache SET: Metadata[meta_movie_tt2872718]
[ INFO ] GET /api/metadata/meta/movie/tt0480687 [request-id: 65B03A71-895B-427C-BDAA-E226012BF6D3]
2025-12-15 12:54:12.638 RedLemon[12674:80951] 📦 Decoded CinemetaMeta - videos count: -1
💾 Cache SET: Metadata[meta_movie_tt2872718]
[ INFO ] GET /api/metadata/meta/movie/tt2872718 [request-id: C24E2AC0-600E-4C19-A9A9-1766818BE221]
2025-12-15 12:54:12.675 RedLemon[12674:80951] 📦 Decoded CinemetaMeta - videos count: 0
2025-12-15 12:54:12.677 RedLemon[12674:80951] 📦 Decoded CinemetaMeta - videos count: 0
2025-12-15 12:54:12.680 RedLemon[12674:81040] 📦 Decoded CinemetaMeta - videos count: -1
2025-12-15 12:54:12.691 RedLemon[12674:80951] 📦 Decoded CinemetaMeta - videos count: -1
2025-12-15 12:54:12.697 RedLemon[12674:81040] 📦 Decoded CinemetaMeta - videos count: 0
2025-12-15 12:54:12.703 RedLemon[12674:81070] 📦 Decoded CinemetaMeta - videos count: -1
💾 Cache SET: Metadata[meta_movie_tt0480687]
💾 Cache SET: Metadata[meta_movie_tt0480687]
💾 Cache SET: Metadata[meta_movie_tt2872718]
💾 Cache SET: Metadata[meta_movie_tt2872718]
💾 Cache SET: Metadata[meta_movie_tt0480687]
💾 Cache SET: Metadata[meta_movie_tt2872718]
🚪 Joining room: R876
   User ID: 656DAA91-33B4-4688-9135-C982EA52D7C9
   Host ID: 96E01CDB-36C0-4228-A6E4-A29A3C66BC8E
   Is host: false
   Room state: lobby
🎭 Lobby: Connecting to room R876...
🚦 Lobby State: connecting
🔄 Lobby: Fetching fresh room state from Supabase...
🔌 Disconnecting from Supabase Realtime
✅ Disconnected from Supabase Realtime
❌ Heartbeat failed: CancellationError()
🔌 Setting up Realtime channel: watch-party:R876
   Role: Guest
   User ID: 656daa91-33b4-4688-9135-c982ea52d7c9
📡 Connection state: connecting
🔌 Connecting to Supabase Realtime: wss://nhvsojszwfvcinkyvzmf.supabase.co/realtime/v1/websocket
✅ Connected to Supabase Realtime
📡 Connection state: connected
[ INFO ] GET /api/metadata/meta/movie/tt0480687 [request-id: 59227099-DFA4-4CE3-8234-91F414B0FC07]
2025-12-15 12:54:13.548 RedLemon[12674:80603] ✅ Guest joined room R876 in database
2025-12-15 12:54:13.649 RedLemon[12674:81068] 📤 Realtime: Sending message type: chat, sender: 656daa91-33b4-4688-9135-c982ea52d7c9
2025-12-15 12:54:13.650 RedLemon[12674:81068]    Payload keys: chatText, timestamp, type, senderId, position, chatUsername
2025-12-15 12:54:13.651 RedLemon[12674:81039] ✅ Realtime: Message broadcast complete
2025-12-15 12:54:13.712 RedLemon[12674:81040] 📨 Realtime: Received broadcast message
2025-12-15 12:54:13.712 RedLemon[12674:81040]    Payload keys: position, type, chatText, chatUsername, timestamp, senderId
2025-12-15 12:54:13.713 RedLemon[12674:81040] ✅ Realtime: Decoded message type: chat, sender: 656daa91-33b4-4688-9135-c982ea52d7c9
2025-12-15 12:54:13.713 RedLemon[12674:81040] 📞 Realtime: Invoking syncCallback for message type: chat
2025-12-15 12:54:13.713 RedLemon[12674:81040] ✅ Realtime: syncCallback invoked successfully
2025-12-15 12:54:13.728 RedLemon[12674:80603] 👋 Received: Guest 'ursinho' joined room R876
2025-12-15 12:54:18.728 RedLemon[12674:80603] 📨 Lobby: Received Room UPDATE from Realtime
2025-12-15 12:54:18.728 RedLemon[12674:80603] 📨 Lobby: Received Room UPDATE from Realtime
2025-12-15 12:54:18.744 RedLemon[12674:80992] 📨 Realtime: Received broadcast message
2025-12-15 12:54:18.745 RedLemon[12674:80992]    Payload keys: chatText, chatUsername, position, type, timestamp, senderId
2025-12-15 12:54:18.746 RedLemon[12674:80992] ✅ Realtime: Decoded message type: chat, sender: 96e01cdb-36c0-4228-a6e4-a29a3c66bc8e
2025-12-15 12:54:18.746 RedLemon[12674:80992] 📞 Realtime: Invoking syncCallback for message type: chat
2025-12-15 12:54:18.746 RedLemon[12674:80992] ✅ Realtime: syncCallback invoked successfully
2025-12-15 12:54:18.746 RedLemon[12674:80603] 🎬 Guest: Received LOBBY_START_COUNTDOWN signal
2025-12-15 12:54:18.757 RedLemon[12674:80603] 🎬 Guest: Received LOBBY_START_COUNTDOWN signal processing
🔍 [DEBUG] Creating MediaItem from CinemetaMeta
🔍 [DEBUG] meta.itemId: tt0480687
🔍 [DEBUG] meta.type: movie
🔍 [DEBUG] meta.name: Hall Pass
🔍 [DEBUG] Successfully created MediaItem from meta: Hall Pass
🔍 Supabase Response for /rooms: [{"id":"R876","name":"Hall Pass","host_user_id":"96e01cdb-36c0-4228-a6e4-a29a3c66bc8e","host_username":"lemontom","stream_hash":null,"imdb_id":"tt0480687","poster_url":"https://images.metahub.space/poster/small/tt0480687/img","backdrop_url":"https://images.metahub.space/background/medium/tt0480687/img","playback_position":0,"is_playing":false,"participants_count":1,"max_participants":50,"is_public":true,"created_at":"2025-12-15T17:54:08.878271","last_activity":"2025-12-15T17:54:08","season":null,"episode":null,"selected_quality":null,"selected_file_idx":null,"unlocked_stream_url":null,"description":null,"current_playlist_index":0,"playlist":[{"id": "A4BB4BB5-0B9E-4412-BB37-3C691DAC6B3C", "mediaItem": {"id": "tt0480687", "logo": "https://images.metahub.space/logo/medium/tt0480687/img", "name": "Hall Pass", "type": "movie", "year": "2011", "genres": ["Comedy", "Romance"], "poster": "https://images.metahub.space/poster/small/tt0480687/img", "runtime": "105 min", "background": "https://images.metahub.space/background/medium/tt0480687/img", "imdbRating": "5.9", "description": "Rick and Fred, two husbands who are having difficulty in their marriages, are given a Hall Pass by their wives: for one week, they can do whatever they want.", "releaseInfo": "2011"}}]}]
✅ Lobby: Loaded metadata for Hall Pass
✅ Lobby: Synced playlist with 1 items
✅ Lobby: Synced playlist index to 0
📡 Joined channel: realtime:watch-party:R876
📡 Connection state: connected
✅ Realtime channel setup complete
✅ Lobby: Connected to Realtime
🔍 Supabase Response for /rooms: [{"id":"R876","name":"Hall Pass","host_user_id":"96e01cdb-36c0-4228-a6e4-a29a3c66bc8e","host_username":"lemontom","stream_hash":null,"imdb_id":"tt0480687","poster_url":"https://images.metahub.space/poster/small/tt0480687/img","backdrop_url":"https://images.metahub.space/background/medium/tt0480687/img","playback_position":0,"is_playing":false,"participants_count":2,"max_participants":50,"is_public":true,"created_at":"2025-12-15T17:54:08.878271","last_activity":"2025-12-15T17:54:14.14678","season":null,"episode":null,"selected_quality":null,"selected_file_idx":null,"unlocked_stream_url":null,"description":null,"current_playlist_index":0,"playlist":[{"id": "A4BB4BB5-0B9E-4412-BB37-3C691DAC6B3C", "mediaItem": {"id": "tt0480687", "logo": "https://images.metahub.space/logo/medium/tt0480687/img", "name": "Hall Pass", "type": "movie", "year": "2011", "genres": ["Comedy", "Romance"], "poster": "https://images.metahub.space/poster/small/tt0480687/img", "runtime": "105 min", "background": "https://images.metahub.space/background/medium/tt0480687/img", "imdbRating": "5.9", "description": "Rick and Fred, two husbands who are having difficulty in their marriages, are given a Hall Pass by their wives: for one week, they can do whatever they want.", "releaseInfo": "2011"}}]}]
✅ Lobby: Refreshed room state. isPlaying: false
🔌 Setting up Realtime channel: watch-party:R876
   Role: Guest
   User ID: 656daa91-33b4-4688-9135-c982ea52d7c9
📡 Connection state: connecting
ℹ️ Already joined channel watch-party:R876, skipping join
📡 Connection state: connected
✅ Realtime channel setup complete
✅ Lobby: Connected to Realtime
🚦 Lobby State: connected
🔄 Lobby: Starting database polling for participants and room state...
💓 Lobby: Starting heartbeat loop...
🔄 LobbyDatabase: Starting room state polling for guests...
📨 Received: {"ref":"DECA2458-0C98-4B00-9489-4806638A5613","event":"phx_reply","payload":{"status":"ok","response":{"postgres_changes":[{"id":131526662,"event":"*","filter":"id=eq.R876","schema":"public","table":"rooms"}]}},"topic":"realtime:watch-party:R876"}
📨 Received: {"ref":null,"event":"system","payload":{"message":"Subscribed to PostgreSQL","status":"ok","extension":"postgres_changes","channel":"watch-party:R876"},"topic":"realtime:watch-party:R876"}
📨 Unknown event: system
📨 Received: {"ref":null,"event":"presence_state","payload":{"0e8d444c-d9df-11f0-b200-0a58a9feac02":{"metas":[{"phx_ref":"GIF1EhGx4wAVrguK","phx_ref_prev":"GIF1EhGu5GwVruwI","is_host":true,"joined_at":1765821249.179286,"user_id":"96e01cdb-36c0-4228-a6e4-a29a3c66bc8e","username":"lemontom"}]}},"topic":"realtime:watch-party:R876"}
📨 Received: {"ref":"1","event":"phx_reply","payload":{"status":"ok","response":{}},"topic":"realtime:watch-party:R876"}
📨 Received: {"ref":null,"event":"presence_diff","payload":{"joins":{"1183c400-d9df-11f0-ad53-0a58a9feac02":{"metas":[{"phx_ref":"GIF1Ezm6FlS6-PMJ","is_host":false,"joined_at":1765821253.61242,"user_id":"656daa91-33b4-4688-9135-c982ea52d7c9","username":"ursinho"}]}},"leaves":{}},"topic":"realtime:watch-party:R876"}
📨 Received: {"ref":"2","event":"phx_reply","payload":{"status":"ok","response":{}},"topic":"realtime:watch-party:R876"}
📨 Received: {"ref":null,"event":"presence_diff","payload":{"joins":{"1183c400-d9df-11f0-ad53-0a58a9feac02":{"metas":[{"phx_ref":"GIF1Ezm88DK6-LcN","phx_ref_prev":"GIF1Ezm6FlS6-PMJ","is_host":false,"joined_at":1765821253.618711,"user_id":"656daa91-33b4-4688-9135-c982ea52d7c9","username":"ursinho"}]}},"leaves":{"1183c400-d9df-11f0-ad53-0a58a9feac02":{"metas":[{"phx_ref":"GIF1Ezm6FlS6-PMJ","is_host":false,"joined_at":1765821253.61242,"user_id":"656daa91-33b4-4688-9135-c982ea52d7c9","username":"ursinho"}]}}},"topic":"realtime:watch-party:R876"}
📨 Received: {"ref":null,"event":"broadcast","payload":{"event":"sync","payload":{"chatText":"LOBBY_JOIN","chatUsername":"ursinho","position":0,"senderId":"656daa91-33b4-4688-9135-c982ea52d7c9","timestamp":0,"type":"chat"},"type":"broadcast"},"topic":"realtime:watch-party:R876"}
🔍 Supabase Response for /rooms: [{"id":"R876","name":"Hall Pass","host_user_id":"96e01cdb-36c0-4228-a6e4-a29a3c66bc8e","host_username":"lemontom","stream_hash":null,"imdb_id":"tt0480687","poster_url":"https://images.metahub.space/poster/small/tt0480687/img","backdrop_url":"https://images.metahub.space/background/medium/tt0480687/img","playback_position":0,"is_playing":false,"participants_count":2,"max_participants":50,"is_public":true,"created_at":"2025-12-15T17:54:08.878271","last_activity":"2025-12-15T17:54:14.14678","season":null,"episode":null,"selected_quality":null,"selected_file_idx":null,"unlocked_stream_url":null,"description":null,"current_playlist_index":0,"playlist":[{"id": "A4BB4BB5-0B9E-4412-BB37-3C691DAC6B3C", "mediaItem": {"id": "tt0480687", "logo": "https://images.metahub.space/logo/medium/tt0480687/img", "name": "Hall Pass", "type": "movie", "year": "2011", "genres": ["Comedy", "Romance"], "poster": "https://images.metahub.space/poster/small/tt0480687/img", "runtime": "105 min", "background": "https://images.metahub.space/background/medium/tt0480687/img", "imdbRating": "5.9", "description": "Rick and Fred, two husbands who are having difficulty in their marriages, are given a Hall Pass by their wives: for one week, they can do whatever they want.", "releaseInfo": "2011"}}]}]
🔍 Supabase Response for /rooms: [{"id":"R876","name":"Hall Pass","host_user_id":"96e01cdb-36c0-4228-a6e4-a29a3c66bc8e","host_username":"lemontom","stream_hash":null,"imdb_id":"tt0480687","poster_url":"https://images.metahub.space/poster/small/tt0480687/img","backdrop_url":"https://images.metahub.space/background/medium/tt0480687/img","playback_position":0,"is_playing":false,"participants_count":2,"max_participants":50,"is_public":true,"created_at":"2025-12-15T17:54:08.878271","last_activity":"2025-12-15T17:54:14.14678","season":null,"episode":null,"selected_quality":null,"selected_file_idx":null,"unlocked_stream_url":null,"description":null,"current_playlist_index":0,"playlist":[{"id": "A4BB4BB5-0B9E-4412-BB37-3C691DAC6B3C", "mediaItem": {"id": "tt0480687", "logo": "https://images.metahub.space/logo/medium/tt0480687/img", "name": "Hall Pass", "type": "movie", "year": "2011", "genres": ["Comedy", "Romance"], "poster": "https://images.metahub.space/poster/small/tt0480687/img", "runtime": "105 min", "background": "https://images.metahub.space/background/medium/tt0480687/img", "imdbRating": "5.9", "description": "Rick and Fred, two husbands who are having difficulty in their marriages, are given a Hall Pass by their wives: for one week, they can do whatever they want.", "releaseInfo": "2011"}}]}]
🔍 Supabase Response for /rooms: [{"id":"R876","name":"Hall Pass","host_user_id":"96e01cdb-36c0-4228-a6e4-a29a3c66bc8e","host_username":"lemontom","stream_hash":null,"imdb_id":"tt0480687","poster_url":"https://images.metahub.space/poster/small/tt0480687/img","backdrop_url":"https://images.metahub.space/background/medium/tt0480687/img","playback_position":0,"is_playing":false,"participants_count":2,"max_participants":50,"is_public":true,"created_at":"2025-12-15T17:54:08.878271","last_activity":"2025-12-15T17:54:14.14678","season":null,"episode":null,"selected_quality":null,"selected_file_idx":null,"unlocked_stream_url":null,"description":null,"current_playlist_index":0,"playlist":[{"id": "A4BB4BB5-0B9E-4412-BB37-3C691DAC6B3C", "mediaItem": {"id": "tt0480687", "logo": "https://images.metahub.space/logo/medium/tt0480687/img", "name": "Hall Pass", "type": "movie", "year": "2011", "genres": ["Comedy", "Romance"], "poster": "https://images.metahub.space/poster/small/tt0480687/img", "runtime": "105 min", "background": "https://images.metahub.space/background/medium/tt0480687/img", "imdbRating": "5.9", "description": "Rick and Fred, two husbands who are having difficulty in their marriages, are given a Hall Pass by their wives: for one week, they can do whatever they want.", "releaseInfo": "2011"}}]}]
💓 Heartbeat sent
💓 Heartbeat sent
📨 Received: {"ref":"3","event":"phx_reply","payload":{"status":"ok","response":{}},"topic":"phoenix"}
📨 Received: {"ref":"2","event":"phx_reply","payload":{"status":"ok","response":{}},"topic":"phoenix"}
📨 Received: {"ref":null,"event":"postgres_changes","payload":{"data":{"table":"rooms","type":"UPDATE","record":{"id": "R876", "name": "Hall Pass", "season": null, "episode": null, "imdb_id": "tt0480687", "playlist": [{"id": "A4BB4BB5-0B9E-4412-BB37-3C691DAC6B3C", "mediaItem": {"id": "tt0480687", "logo": "https://images.metahub.space/logo/medium/tt0480687/img", "name": "Hall Pass", "type": "movie", "year": "2011", "genres": ["Comedy", "Romance"], "poster": "https://images.metahub.space/poster/small/tt0480687/img", "runtime": "105 min", "background": "https://images.metahub.space/background/medium/tt0480687/img", "imdbRating": "5.9", "description": "Rick and Fred, two husbands who are having difficulty in their marriages, are given a Hall Pass by their wives: for one week, they can do whatever they want.", "releaseInfo": "2011"}}], "is_public": true, "created_at": "2025-12-15T17:54:08.878271", "is_playing": false, "poster_url": "https://images.metahub.space/poster/small/tt0480687/img", "description": null, "stream_hash": "8def6e7d4180dab0cb77174bca8868c67adc08e8", "backdrop_url": "https://images.metahub.space/background/medium/tt0480687/img", "host_user_id": "96e01cdb-36c0-4228-a6e4-a29a3c66bc8e", "host_username": "lemontom", "last_activity": "2025-12-15T17:54:19", "max_participants": 50, "selected_quality": "1080p", "playback_position": 0, "selected_file_idx": null, "participants_count": 2, "unlocked_stream_url": "https://chi9-4.download.real-debrid.com/d/4CCOJCLYJJIEA21/Hall.Pass.2011.EXTENDED.CUT.1080p.BluRay.H264.AAC-RARBG.mp4", "current_playlist_index": 0},"columns":[{"name": "id", "type": "text"}, {"name": "name", "type": "text"}, {"name": "host_user_id", "type": "uuid"}, {"name": "host_username", "type": "text"}, {"name": "stream_hash", "type": "text"}, {"name": "imdb_id", "type": "text"}, {"name": "poster_url", "type": "text"}, {"name": "backdrop_url", "type": "text"}, {"name": "playback_position", "type": "int4"}, {"name": "is_playing", "type": "bool"}, {"name": "participants_count", "type": "int4"}, {"name": "max_participants", "type": "int4"}, {"name": "is_public", "type": "bool"}, {"name": "created_at", "type": "timestamp"}, {"name": "last_activity", "type": "timestamp"}, {"name": "season", "type": "int4"}, {"name": "episode", "type": "int4"}, {"name": "selected_quality", "type": "text"}, {"name": "selected_file_idx", "type": "int4"}, {"name": "unlocked_stream_url", "type": "text"}, {"name": "description", "type": "text"}, {"name": "current_playlist_index", "type": "int4"}, {"name": "playlist", "type": "jsonb"}],"errors":null,"schema":"public","commit_timestamp":"2025-12-15T17:54:19.335Z","old_record":{"id": "R876"}},"ids":[131526662]},"topic":"realtime:watch-party:R876"}
🔄 Lobby: Fetching fresh room state from Supabase...
🔄 Lobby: Fetching fresh room state from Supabase...
📨 Received: {"ref":null,"event":"broadcast","payload":{"event":"sync","payload":{"chatText":"LOBBY_START_COUNTDOWN","chatUsername":"Host","position":0,"senderId":"96e01cdb-36c0-4228-a6e4-a29a3c66bc8e","timestamp":3,"type":"chat"},"type":"broadcast"},"topic":"realtime:watch-party:R876"}
🔍 Supabase Response for /rooms: [{"id":"R876","name":"Hall Pass","host_user_id":"96e01cdb-36c0-4228-a6e4-a29a3c66bc8e","host_username":"lemontom","stream_hash":"8def6e7d4180dab0cb77174bca8868c67adc08e8","imdb_id":"tt0480687","poster_url":"https://images.metahub.space/poster/small/tt0480687/img","backdrop_url":"https://images.metahub.space/background/medium/tt0480687/img","playback_position":0,"is_playing":true,"participants_count":2,"max_participants":50,"is_public":true,"created_at":"2025-12-15T17:54:08.878271","last_activity":"2025-12-15T17:54:19","season":null,"episode":null,"selected_quality":"1080p","selected_file_idx":null,"unlocked_stream_url":"https://chi9-4.download.real-debrid.com/d/4CCOJCLYJJIEA21/Hall.Pass.2011.EXTENDED.CUT.1080p.BluRay.H264.AAC-RARBG.mp4","description":null,"current_playlist_index":0,"playlist":[{"id": "A4BB4BB5-0B9E-4412-BB37-3C691DAC6B3C", "mediaItem": {"id": "tt0480687", "logo": "https://images.metahub.space/logo/medium/tt0480687/img", "name": "Hall Pass", "type": "movie", "year": "2011", "genres": ["Comedy", "Romance"], "poster": "https://images.metahub.space/poster/small/tt0480687/img", "runtime": "105 min", "background": "https://images.metahub.space/background/medium/tt0480687/img", "imdbRating": "5.9", "description": "Rick and Fred, two husbands who are having difficulty in their marriages, are given a Hall Pass by their wives: for one week, they can do whatever they want.", "releaseInfo": "2011"}}]}]
✅ Lobby: Synced playlist with 1 items
✅ Lobby: Synced playlist index to 0
🔍 Supabase Response for /rooms: [{"id":"R876","name":"Hall Pass","host_user_id":"96e01cdb-36c0-4228-a6e4-a29a3c66bc8e","host_username":"lemontom","stream_hash":"8def6e7d4180dab0cb77174bca8868c67adc08e8","imdb_id":"tt0480687","poster_url":"https://images.metahub.space/poster/small/tt0480687/img","backdrop_url":"https://images.metahub.space/background/medium/tt0480687/img","playback_position":0,"is_playing":true,"participants_count":2,"max_participants":50,"is_public":true,"created_at":"2025-12-15T17:54:08.878271","last_activity":"2025-12-15T17:54:19","season":null,"episode":null,"selected_quality":"1080p","selected_file_idx":null,"unlocked_stream_url":"https://chi9-4.download.real-debrid.com/d/4CCOJCLYJJIEA21/Hall.Pass.2011.EXTENDED.CUT.1080p.BluRay.H264.AAC-RARBG.mp4","description":null,"current_playlist_index":0,"playlist":[{"id": "A4BB4BB5-0B9E-4412-BB37-3C691DAC6B3C", "mediaItem": {"id": "tt0480687", "logo": "https://images.metahub.space/logo/medium/tt0480687/img", "name": "Hall Pass", "type": "movie", "year": "2011", "genres": ["Comedy", "Romance"], "poster": "https://images.metahub.space/poster/small/tt0480687/img", "runtime": "105 min", "background": "https://images.metahub.space/background/medium/tt0480687/img", "imdbRating": "5.9", "description": "Rick and Fred, two husbands who are having difficulty in their marriages, are given a Hall Pass by their wives: for one week, they can do whatever they want.", "releaseInfo": "2011"}}]}]
🔍 Supabase Response for /rooms: [{"id":"R876","name":"Hall Pass","host_user_id":"96e01cdb-36c0-4228-a6e4-a29a3c66bc8e","host_username":"2025-12-15 12:54:18.865 RedLemon[12674:80603] ✅ Guest: Synced stream details from host (Hash: 8def6e7d)
2025-12-15 12:54:18.865 RedLemon[12674:80603] 🎬 Guest: Fetch took 0.109s, waiting 3.141s
2025-12-15 12:54:18.866 RedLemon[12674:80603] 📨 Lobby: Received Room UPDATE from Realtime
2025-12-15 12:54:18.866 RedLemon[12674:80603] 📨 Lobby: Received Room UPDATE from Realtime
2025-12-15 12:54:22.300 RedLemon[12674:80603] 🎬 Guest: Starting playback after countdown
2025-12-15 12:54:22.301 RedLemon[12674:80603] 🎬 Guest: Launching player for Hall Pass
2025-12-15 12:54:22.411 RedLemon[12674:80603]    Quality: 1080p
2025-12-15 12:54:22.412 RedLemon[12674:80603]    Mode: watchParty
2025-12-15 12:54:22.412 RedLemon[12674:80603] 📡 Fetching metadata for tt0480687...
2025-12-15 12:54:22.463 RedLemon[12674:80603] 🖼️ Loading background art: https://images.metahub.space/background/medium/tt0480687/img
2025-12-15 12:54:22.464 RedLemon[12674:80603] ⏳ Background art loading...
2025-12-15 12:54:22.464 RedLemon[12674:80603] 🎨 Loading logo: https://images.metahub.space/logo/medium/tt0480687/img
2025-12-15 12:54:22.465 RedLemon[12674:80603] ⏳ Logo loading...
2025-12-15 12:54:22.493 RedLemon[12674:80603] 🎬 GUEST: Using host's stream selection (skipping resolution)
2025-12-15 12:54:22.493 RedLemon[12674:80603] 🎬 GUEST: Fetching subtitles for shared stream...
lemontom","stream_hash":"8def6e7d4180dab0cb77174bca8868c67adc08e8","imdb_id":"tt0480687","poster_url":"https://images.metahub.space/poster/small/tt0480687/img","backdrop_url":"https://images.metahub.space/background/medium/tt0480687/img","playback_position":0,"is_playing":true,"participants_count":2,"max_participants":50,"is_public":true,"created_at":"2025-12-15T17:54:08.878271","last_activity":"2025-12-15T17:54:19","season":null,"episode":null,"selected_quality":"1080p","selected_file_idx":null,"unlocked_stream_url":"https://chi9-4.download.real-debrid.com/d/4CCOJCLYJJIEA21/Hall.Pass.2011.EXTENDED.CUT.1080p.BluRay.H264.AAC-RARBG.mp4","description":null,"current_playlist_index":0,"playlist":[{"id": "A4BB4BB5-0B9E-4412-BB37-3C691DAC6B3C", "mediaItem": {"id": "tt0480687", "logo": "https://images.metahub.space/logo/medium/tt0480687/img", "name": "Hall Pass", "type": "movie", "year": "2011", "genres": ["Comedy", "Romance"], "poster": "https://images.metahub.space/poster/small/tt0480687/img", "runtime": "105 min", "background": "https://images.metahub.space/background/medium/tt0480687/img", "imdbRating": "5.9", "description": "Rick and Fred, two husbands who are having difficulty in their marriages, are given a Hall Pass by their wives: for one week, they can do whatever they want.", "releaseInfo": "2011"}}]}]
📨 Received: {"ref":null,"event":"postgres_changes","payload":{"data":{"table":"rooms","type":"UPDATE","record":{"id": "R876", "name": "Hall Pass", "season": null, "episode": null, "imdb_id": "tt0480687", "playlist": [{"id": "A4BB4BB5-0B9E-4412-BB37-3C691DAC6B3C", "mediaItem": {"id": "tt0480687", "logo": "https://images.metahub.space/logo/medium/tt0480687/img", "name": "Hall Pass", "type": "movie", "year": "2011", "genres": ["Comedy", "Romance"], "poster": "https://images.metahub.space/poster/small/tt0480687/img", "runtime": "105 min", "background": "https://images.metahub.space/background/medium/tt0480687/img", "imdbRating": "5.9", "description": "Rick and Fred, two husbands who are having difficulty in their marriages, are given a Hall Pass by their wives: for one week, they can do whatever they want.", "releaseInfo": "2011"}}], "is_public": true, "created_at": "2025-12-15T17:54:08.878271", "is_playing": true, "poster_url": "https://images.metahub.space/poster/small/tt0480687/img", "description": null, "stream_hash": "8def6e7d4180dab0cb77174bca8868c67adc08e8", "backdrop_url": "https://images.metahub.space/background/medium/tt0480687/img", "host_user_id": "96e01cdb-36c0-4228-a6e4-a29a3c66bc8e", "host_username": "lemontom", "last_activity": "2025-12-15T17:54:19", "max_participants": 50, "selected_quality": "1080p", "playback_position": 0, "selected_file_idx": null, "participants_count": 2, "unlocked_stream_url": "https://chi9-4.download.real-debrid.com/d/4CCOJCLYJJIEA21/Hall.Pass.2011.EXTENDED.CUT.1080p.BluRay.H264.AAC-RARBG.mp4", "current_playlist_index": 0},"columns":[{"name": "id", "type": "text"}, {"name": "name", "type": "text"}, {"name": "host_user_id", "type": "uuid"}, {"name": "host_username", "type": "text"}, {"name": "stream_hash", "type": "text"}, {"name": "imdb_id", "type": "text"}, {"name": "poster_url", "type": "text"}, {"name": "backdrop_url", "type": "text"}, {"name": "playback_position", "type": "int4"}, {"name": "is_playing", "type": "bool"}, {"name": "participants_count", "type": "int4"}, {"name": "max_participants", "type": "int4"}, {"name": "is_public", "type": "bool"}, {"name": "created_at", "type": "timestamp"}, {"name": "last_activity", "type": "timestamp"}, {"name": "season", "type": "int4"}, {"name": "episode", "type": "int4"}, {"name": "selected_quality", "type": "text"}, {"name": "selected_file_idx", "type": "int4"}, {"name": "unlocked_stream_url", "type": "text"}, {"name": "description", "type": "text"}, {"name": "current_playlist_index", "type": "int4"}, {"name": "playlist", "type": "jsonb"}],"errors":null,"schema":"public","commit_timestamp":"2025-12-15T17:54:19.429Z","old_record":{"id": "R876"}},"ids":[131526662]},"topic":"realtime:watch-party:R876"}
🔄 Lobby: Fetching fresh room state from Supabase...
🔄 Lobby: Fetching fresh room state from Supabase...
✅ Lobby: Synced playlist with 1 items
✅ Lobby: Synced playlist index to 0
🔍 Supabase Response for /rooms: [{"id":"R876","name":"Hall Pass","host_user_id":"96e01cdb-36c0-4228-a6e4-a29a3c66bc8e","host_username":"lemontom","stream_hash":"8def6e7d4180dab0cb77174bca8868c67adc08e8","imdb_id":"tt0480687","poster_url":"https://images.metahub.space/poster/small/tt0480687/img","backdrop_url":"https://images.metahub.space/background/medium/tt0480687/img","playback_position":0,"is_playing":true,"participants_count":2,"max_participants":50,"is_public":true,"created_at":"2025-12-15T17:54:08.878271","last_activity":"2025-12-15T17:54:19","season":null,"episode":null,"selected_quality":"1080p","selected_file_idx":null,"unlocked_stream_url":"https://chi9-4.download.real-debrid.com/d/4CCOJCLYJJIEA21/Hall.Pass.2011.EXTENDED.CUT.1080p.BluRay.H264.AAC-RARBG.mp4","description":null,"current_playlist_index":0,"playlist":[{"id": "A4BB4BB5-0B9E-4412-BB37-3C691DAC6B3C", "mediaItem": {"id": "tt0480687", "logo": "https://images.metahub.space/logo/medium/tt0480687/img", "name": "Hall Pass", "type": "movie", "year": "2011", "genres": ["Comedy", "Romance"], "poster": "https://images.metahub.space/poster/small/tt0480687/img", "runtime": "105 min", "background": "https://images.metahub.space/background/medium/tt0480687/img", "imdbRating": "5.9", "description": "Rick and Fred, two husbands who are having difficulty in their marriages, are given a Hall Pass by their wives: for one week, they can do whatever they want.", "releaseInfo": "2011"}}]}]
🔍 Supabase Response for /rooms: [{"id":"R876","name":"Hall Pass","host_user_id":"96e01cdb-36c0-4228-a6e4-a29a3c66bc8e","host_username":"lemontom","stream_hash":"8def6e7d4180dab0cb77174bca8868c67adc08e8","imdb_id":"tt0480687","poster_url":"https://images.metahub.space/poster/small/tt0480687/img","backdrop_url":"https://images.metahub.space/background/medium/tt0480687/img","playback_position":0,"is_playing":true,"participants_count":2,"max_participants":50,"is_public":true,"created_at":"2025-12-15T17:54:08.878271","last_activity":"2025-12-15T17:54:19","season":null,"episode":null,"selected_quality":"1080p","selected_file_idx":null,"unlocked_stream_url":"https://chi9-4.download.real-debrid.com/d/4CCOJCLYJJIEA21/Hall.Pass.2011.EXTENDED.CUT.1080p.BluRay.H264.AAC-RARBG.mp4","description":null,"current_playlist_index":0,"playlist":[{"id": "A4BB4BB5-0B9E-4412-BB37-3C691DAC6B3C", "mediaItem": {"id": "tt0480687", "logo": "https://images.metahub.space/logo/medium/tt0480687/img", "name": "Hall Pass", "type": "movie", "year": "2011", "genres": ["Comedy", "Romance"], "poster": "https://images.metahub.space/poster/small/tt0480687/img", "runtime": "105 min", "background": "https://images.metahub.space/background/medium/tt0480687/img", "imdbRating": "5.9", "description": "Rick and Fred, two husbands who are having difficulty in their marriages, are given a Hall Pass by their wives: for one week, they can do whatever they want.", "releaseInfo": "2011"}}]}]
✅ Lobby: Synced playlist with 1 items
✅ Lobby: Synced playlist index to 0
✅ Lobby: Synced playlist with 1 items
✅ Lobby: Synced playlist index to 0
🛡️ Lobby: Auto-Join safety delay passed (8s). Enabled for late joiners.
🎬 PlayerVM: Starting playback for: Hall Pass
✅ Cache HIT: Metadata[meta_movie_tt0480687]


✅ [SYNC VERIFICATION] LOCKING TO SHARED STREAM (SYSTEM/HOST) 🔒
[ INFO ] GET /subtitles/search [request-id: 179D82C7-4759-4DD7-BE2A-AC2FC2E1BE74]
2025-12-15 12:54:22.508 RedLemon[12674:80603] ✅ Logo loaded successfully
2025-12-15 12:54:22.590 RedLemon[12674:80603] ✅ Background art loaded successfully
2025-12-15 12:54:22.747 RedLemon[12674:80603] ✅ GUEST: Found 10 subtitles
2025-12-15 12:54:22.779 RedLemon[12674:80603] 🎬🎬🎬 MPVPlayerView INIT called - streamURL: https://chi9-4.download.real-debrid.com/d/4CCOJCLYJJIEA21/Ha, subtitles: 10
2025-12-15 12:54:22.847 RedLemon[12674:80603] ✅ Stream ready, starting playback...
2025-12-15 12:54:22.847 RedLemon[12674:80603] 🖥️ WindowManager: enterFullscreen() called
2025-12-15 12:54:22.849 RedLemon[12674:80603]    Window: <SwiftUI.SwiftUIWindow: 0x7fed4803f780>
2025-12-15 12:54:22.850 RedLemon[12674:80603]    Is fullscreen: 0
2025-12-15 12:54:22.850 RedLemon[12674:80603]    ✅ WindowManager: Toggling fullscreen ON
2025-12-15 12:54:22.976 RedLemon[12674:80603] 🖼️ Setting up MPV with native macOS video output...
2025-12-15 12:54:22.982 RedLemon[12674:80603] ✅ MPV initialized with native GPU rendering
2025-12-15 12:54:22.991 RedLemon[12674:80603] 🎬🎬🎬 MPVPlayerView .task starting
2025-12-15 12:54:22.991 RedLemon[12674:80603] 🎉 Starting watch party sync - Room: R876, Host: NO
2025-12-15 12:54:22.992 RedLemon[12674:80603] 🎉 Watch Party Mode ENABLED. isInWatchParty = YES
2025-12-15 12:54:23.051 RedLemon[12674:80603] 🔄 Starting chat polling for room: R876
2025-12-15 12:54:23.052 RedLemon[12674:80603] ✅ Watch party sync started successfully - isInWatchParty is now TRUE
2025-12-15 12:54:23.053 RedLemon[12674:80603] 🎬🎬🎬 About to call loadStream - isInWatchParty: YES
2025-12-15 12:54:23.053 RedLemon[12674:80603] 🎬🎬🎬 Subtitles: 10
2025-12-15 12:54:23.054 RedLemon[12674:80603] 🎬🎬🎬 LOADSTREAM CALLED - streamTitle: Hall Pass
2025-12-15 12:54:23.054 RedLemon[12674:80603] 🎬🎬🎬 streamURL: https://chi9-4.download.real-debrid.com/d/4CCOJCLYJJIEA21/Ha
2025-12-15 12:54:23.054 RedLemon[12674:80603] 🎬🎬🎬 subtitles: 10
2025-12-15 12:54:23.055 RedLemon[12674:80603] 🎬🎬🎬 MPVPlayerView .task completed
2025-12-15 12:54:23.089 RedLemon[12674:80870] 🎬 MPV: Current video filename set to: Hall.Pass.2011.EXTENDED.CUT.1080p.BluRay.H264.AAC-RARBG.mp4
2025-12-15 12:54:23.090 RedLemon[12674:80870] 🎬 MPV loadVideo called with URL: https://chi9-4.download.real-debrid.com/d/4CCOJCLYJJIEA21/Hall.Pass.2011.EXTENDED.CUT.1080p.BluRay.H, autoplay: false
2025-12-15 12:54:23.090 RedLemon[12674:80870] ⏸️ Loading in paused mode (watch party)
2025-12-15 12:54:23.090 RedLemon[12674:80870] 🔗 URL: https://chi9-4.download.real-debrid.com/d/4CCOJCLYJJIEA21/Hall.Pass.2011.EXTENDED.CUT.1080p.BluRay.H264.AAC-RARBG.mp4
2025-12-15 12:54:23.091 RedLemon[12674:80870] 🎬 MPV executing: loadfile "https://chi9-4.download.real-debrid.com/d/4CCOJCLYJJIEA21/Hall.Pass.2011.EXTENDED.CUT.1080p.BluRay.H264.AAC-RARBG.mp4"
2025-12-15 12:54:23.091 RedLemon[12674:80870] 🎬 MPV loadfile result: 0
2025-12-15 12:54:23.091 RedLemon[12674:80870] ✅ MPV loadfile succeeded (started paused)
2025-12-15 12:54:23.477 RedLemon[12674:80603] 👥 MPVPlayer: Updated participants list via polling: 2
2025-12-15 12:54:24.037 RedLemon[12674:81040] 📨 Realtime: Received broadcast message
2025-12-15 12:54:24.037 RedLemon[12674:81040]    Payload keys: senderId, isPlaying, type, timestamp, position
2025-12-15 12:54:24.038 RedLemon[12674:81040] ✅ Realtime: Decoded message type: playbackState, sender: R876
2025-12-15 12:54:24.038 RedLemon[12674:81040] 📞 Realtime: Invoking syncCallback for message type: playbackState
2025-12-15 12:54:24.038 RedLemon[12674:81040] ✅ Realtime: syncCallback invoked successfully
2025-12-15 12:54:24.038 RedLemon[12674:80603] 🔍 DEBUG: Received sync message - type: playbackState, sender: R876
2025-12-15 12:54:24.558 RedLemon[12674:80870] 📨 Realtime: Received broadcast message
2025-12-15 12:54:24.558 RedLemon[12674:80870]    Payload keys: senderId, isPlaying, position, type, timestamp
2025-12-15 12:54:24.559 RedLemon[12674:80870] ✅ Realtime: Decoded message type: ready, sender: 96E01CDB-36C0-4228-A6E4-A29A3C66BC8E
2025-12-15 12:54:24.559 RedLemon[12674:80870] 📞 Realtime: Invoking syncCallback for message type: ready
2025-12-15 12:54:24.559 RedLemon[12674:80870] ✅ Realtime: syncCallback invoked successfully
2025-12-15 12:54:24.559 RedLemon[12674:80603] 🔍 DEBUG: Received sync message - type: ready, sender: 96E01CDB-36C0-4228-A6E4-A29A3C66BC8E
2025-12-15 12:54:24.559 RedLemon[12674:80603] ✅ Received READY signal from 96E01CDB-36C0-4228-A6E4-A29A3C66BC8E
2025-12-15 12:54:24.560 RedLemon[12674:80603] ⚠️ Adding 96E01CDB-36C0-4228-A6E4-A29A3C66BC8E to connectedGuestIds (presence fallback)
2025-12-15 12:54:25.157 RedLemon[12674:80603] ⏱️ Watch Party: Duration available (6694.8s), triggering ready signal
2025-12-15 12:54:25.157 RedLemon[12674:80603] 👋 Watch Party: Sending INITIAL READY signal and starting loop
2025-12-15 12:54:25.163 RedLemon[12674:80992] 📤 Realtime: Sending message type: ready, sender: 656DAA91-33B4-4688-9135-C982EA52D7C9
2025-12-15 12:54:25.163 RedLemon[12674:80992]    Payload keys: senderId, position, isPlaying, type, timestamp
2025-12-15 12:54:25.164 RedLemon[12674:81039] ✅ Realtime: Message broadcast complete
2025-12-15 12:54:25.168 RedLemon[12674:80603] ✅ Watch Party: READY signal sent successfully
2025-12-15 12:54:25.203 RedLemon[12674:80870] 📨 Realtime: Received broadcast message
2025-12-15 12:54:25.204 RedLemon[12674:80870]    Payload keys: isPlaying, type, position, senderId, timestamp
2025-12-15 12:54:25.204 RedLemon[12674:80870] ✅ Realtime: Decoded message type: ready, sender: 656DAA91-33B4-4688-9135-C982EA52D7C9
2025-12-15 12:54:25.204 RedLemon[12674:80870] 📞 Realtime: Invoking syncCallback for message type: ready
2025-12-15 12:54:25.205 RedLemon[12674:80870] ✅ Realtime: syncCallback invoked successfully
2025-12-15 12:54:25.205 RedLemon[12674:80603] 🔍 DEBUG: Received sync message - type: ready, sender: 656DAA91-33B4-4688-9135-C982EA52D7C9
2025-12-15 12:54:25.205 RedLemon[12674:80603] ✅ Received READY signal from 656DAA91-33B4-4688-9135-C982EA52D7C9
2025-12-15 12:54:25.599 RedLemon[12674:80603] 👋 ursinho synced from database
2025-12-15 12:54:26.022 RedLemon[12674:81070] 📨 Realtime: Received broadcast message
2025-12-15 12:54:26.022 RedLemon[12674:81070]    Payload keys: isPlaying, type, timestamp, position, senderId
2025-12-15 12:54:26.023 RedLemon[12674:81070] ✅ Realtime: Decoded message type: playbackState, sender: R876
2025-12-15 12:54:26.023 RedLemon[12674:81070] 📞 Realtime: Invoking syncCallback for message type: playbackState
2025-12-15 12:54:26.023 RedLemon[12674:81070] ✅ Realtime: syncCallback invoked successfully
2025-12-15 12:54:26.023 RedLemon[12674:80603] 🔍 DEBUG: Received sync message - type: playbackState, sender: R876
2025-12-15 12:54:26.279 RedLemon[12674:81040] 📨 Realtime: Received broadcast message
2025-12-15 12:54:26.279 RedLemon[12674:81040]    Payload keys: timestamp, isPlaying, position, senderId, type
2025-12-15 12:54:26.279 RedLemon[12674:81040] ✅ Realtime: Decoded message type: play, sender: 96E01CDB-36C0-4228-A6E4-A29A3C66BC8E
2025-12-15 12:54:26.279 RedLemon[12674:81040] 📞 Realtime: Invoking syncCallback for message type: play
2025-12-15 12:54:26.279 RedLemon[12674:81040] ✅ Realtime: syncCallback invoked successfully
2025-12-15 12:54:26.280 RedLemon[12674:80603] 🔍 DEBUG: Received sync message - type: play, sender: 96E01CDB-36C0-4228-A6E4-A29A3C66BC8E
2025-12-15 12:54:26.430 RedLemon[12674:80603] 🔍 MPV track-list/count: 2
2025-12-15 12:54:26.430 RedLemon[12674:80603] 🔍 Track 0 type: video
2025-12-15 12:54:26.431 RedLemon[12674:80603] 🔍 Track 1 type: audio
2025-12-15 12:54:26.431 RedLemon[12674:80603] 📊 Total subtitle tracks found: 1 (including Off if needed)
2025-12-15 12:54:26.431 RedLemon[12674:80603]    Start[0]: ID=0, Title='Off', Lang='nil', Ext=0
2025-12-15 12:54:26.445 RedLemon[12674:81040] ℹ️ SubDL subtitles detected - downloading to local files in background...
2025-12-15 12:54:26.445 RedLemon[12674:81040] 🔍 SubtitleService: Downloading http://127.0.0.1:47253/subtitles/subdl/L3N1YnRpdGxlLzYyODYxNi01NDc4MzQuemlw
🔍 Subtitle search request: tt0480687 (movie)
✅ SubDLClient initialized
🔍 Searching SubDL: tt0480687 (movie)
✅ Found 10 subtitles from SubDL
📨 Received: {"ref":null,"event":"presence_diff","payload":{"joins":{"093a3766-d9df-11f0-8940-0a58a9feac02":{"metas":[{"phx_ref":"GIF1FS7k1k1cAp3L","phx_ref_prev":"GIF1EAIPLmVcAkuL","last_seen":"2025-12-15T17:54:22Z","room_id":"R876","started_at":"2025-12-15T17:54:22Z","status":"online","user_id":"96e01cdb-36c0-4228-a6e4-a29a3c66bc8e","username":"lemontom","watching_id":"tt0480687","watching_title":"Hall Pass","watching_type":"movie"}]}},"leaves":{"093a3766-d9df-11f0-8940-0a58a9feac02":{"metas":[{"phx_ref":"GIF1EAIPLmVcAkuL","last_seen":"2025-12-15T17:54:00Z","status":"online","user_id":"96E01CDB-36C0-4228-A6E4-A29A3C66BC8E","username":"lemontom"}]}}},"topic":"realtime:global-presence"}
📝 SubDL results for movie:
   [1] Hall Pass 1080p BluRay x264 [EN] (score: 20)
   [2] Hall.Pass.2011.720p.BluRay.x264-Felony [EN] (score: 20)
   [3] Hall.Pass.2011.BrRip.720p.x264.YIFY [EN] (score: 18)
   [4] hall.pass.2011.extended.complete.bluray-tapas [EN] (score: 15)
   [5] Hall.Pass.DVDRip.XviD-DEFACED [EN] (score: 5)
   [6] Hall.Pass.DVDRip.XviD-DEFACED [EN] (score: 5)
   [7] Hall.Pass.2011.720p.Bluray.x264.DTS.Felony [EN] (score: 5)
   [8] Hall.Pass.2011.BRRip.XviD.AC3-SANTi [EN] (score: 5)
   [9] Hall Pass 2011 DVDRip XviD-MAXSPEED [EN] (score: 5)
   [10] f-hallpass720 [EN] (score: 5)
✅ Subtitle search returned 10 results
📨 Received: {"ref":null,"event":"presence_diff","payload":{"joins":{"0e8d444c-d9df-11f0-b200-0a58a9feac02":{"metas":[{"phx_ref":"GIF1FSpDxcgVrr2F","phx_ref_prev":"GIF1EhGx4wAVrguK","is_host":true,"joined_at":1765821262.497449,"user_id":"96E01CDB-36C0-4228-A6E4-A29A3C66BC8E","username":"lemontom"}]}},"leaves":{"0e8d444c-d9df-11f0-b200-0a58a9feac02":{"metas":[{"phx_ref":"GIF1EhGx4wAVrguK","phx_ref_prev":"GIF1EhGu5GwVruwI","is_host":true,"joined_at":1765821249.179286,"user_id":"96e01cdb-36c0-4228-a6e4-a29a3c66bc8e","username":"lemontom"}]}}},"topic":"realtime:watch-party:R876"}
🎬 RedLemon: Creating MPVPlayerView
   Stream URL: https://chi9-4.download.real-debrid.com/d/4CCOJCLYJJIEA21/Ha
   Display Title: Hall Pass
   Subtitle URLs: 10
      [0] Hall Pass 1080p BluRay x264
      [1] Hall.Pass.2011.720p.BluRay.x264-Felony
      [2] Hall.Pass.2011.BrRip.720p.x264.YIFY
      [3] hall.pass.2011.extended.complete.bluray-tapas
      [4] Hall.Pass.DVDRip.XviD-DEFACED
      [5] Hall.Pass.DVDRip.XviD-DEFACED
      [6] Hall.Pass.2011.720p.Bluray.x264.DTS.Felony
      [7] Hall.Pass.2011.BRRip.XviD.AC3-SANTi
      [8] Hall Pass 2011 DVDRip XviD-MAXSPEED
      [9] f-hallpass720
🎬 MPVWrapper: Creating embedded MPV with render context...
✅ MPV handle created
🎬 MPVLayerHostView initialized
🎬 Created CGL pixel format (Core Profile 3.2)
🎬 Created CGL context with vsync enabled
🎬 MPVViewLayer initialized with async rendering
🎬 Video layer assigned to host view
🎬 Creating MPV render context with OpenGL (IINA method)...
🎬 MPV: Frame ready! Calling layer.update() (throttled)
✅ Render context created successfully (IINA method)
🎬 Layer.update() called - forceDraw:false needsFlip:true (throttled)
🎬 CVDisplayLink started
🎉 Starting watch party: roomId=R876, isHost=false
🎬 DisplayLink: reportSwap() (throttled)
🔌 Setting up Realtime channel: watch-party:R876
   Role: Guest
   User ID: 656DAA91-33B4-4688-9135-C982EA52D7C9
📡 Connection state: connecting
ℹ️ Already joined channel watch-party:R876, skipping join
📡 Connection state: connected
✅ Realtime channel setup complete
✅ Watch party sync initialized with Realtime
🎬 Loading stream: Hall Pass
   IMDB: tt0480687
   URL: https://chi9-4.download.real-debrid.com/d/4CCOJCLYJJIEA21/Ha...
💬 Added mock chat messages for testing
👥 WATCH PARTY MODE: Starting PAUSED for synchronization
📨 Received: {"ref":"4","event":"phx_reply","payload":{"status":"ok","response":{}},"topic":"realtime:watch-party:R876"}
📨 Received: {"ref":null,"event":"presence_diff","payload":{"joins":{"1183c400-d9df-11f0-ad53-0a58a9feac02":{"metas":[{"phx_ref":"GIF1FWqCeUq6-AnC","phx_ref_prev":"GIF1Ezm88DK6-LcN","is_host":false,"joined_at":1765821263.044821,"user_id":"656DAA91-33B4-4688-9135-C982EA52D7C9","username":"ursinho"}]}},"leaves":{"1183c400-d9df-11f0-ad53-0a58a9feac02":{"metas":[{"phx_ref":"GIF1Ezm88DK6-LcN","phx_ref_prev":"GIF1Ezm6FlS6-PMJ","is_host":false,"joined_at":1765821253.618711,"user_id":"656daa91-33b4-4688-9135-c982ea52d7c9","username":"ursinho"}]}}},"topic":"realtime:watch-party:R876"}
📡 Fetching metadata for tt0480687 as movie...
⏯️ MPV: Pause state changed to false -> isPlaying = true
✅ Cache HIT: Metadata[meta_movie_tt0480687]
➕ Added new participant 656daa91-33b4-4688-9135-c982ea52d7c9 (Ref: GIF1FWqCeUq6-AnC)
⏳ Participant leaving (grace period started): 656daa91-33b4-4688-9135-c982ea52d7c9
⚡️ PlaybackService: creating sleep assertion (preventing idle sleep)
⚡️ PlaybackService: releasing sleep assertion
📨 Received: {"ref":"4","event":"phx_reply","payload":{"status":"ok","response":{}},"topic":"realtime:global-presence"}
📨 Received: {"ref":null,"event":"presence_diff","payload":{"joins":{"f1577c76-d9de-11f0-a0b3-0a58a9feac02":{"metas":[{"phx_ref":"GIF1FW1ktoa3s99D","phx_ref_prev":"GIF1Bqe0XhK3s0eB","last_seen":"2025-12-15T17:54:23Z","room_id":"R876","started_at":"2025-12-15T17:54:23Z","status":"online","user_id":"656daa91-33b4-4688-9135-c982ea52d7c9","username":"ursinho","watching_id":"tt0480687","watching_title":"Hall Pass","watching_type":"movie"}]}},"leaves":{"f1577c76-d9de-11f0-a0b3-0a58a9feac02":{"metas":[{"phx_ref":"GIF1Bqe0XhK3s0eB","last_seen":"2025-12-15T17:53:17Z","status":"online","user_id":"656DAA91-33B4-4688-9135-C982EA52D7C9","username":"ursinho"}]}}},"topic":"realtime:global-presence"}
👁️ ChatOverlayView appeared - UI UPDATE ROUND 6
⌨️ ChatOverlayView: Triggering input focus (showChat=true)
✅ Got background: https://images.metahub.space/background/medium/tt0480687/img...
✅ Got poster URL: https://images.metahub.space/poster/small/tt0480687/img...
✅ Got logo: https://images.metahub.space/logo/medium/tt0480687/img...
📡 SocialService: Updated status - Watching: Hall Pass
⏰ AppState: Next schedule update set for Event End: 2025-12-15 19:49:05 +0000
⏰ AppState: Scheduling update in 6881 seconds
⏳ MPVPlayerViewModel: Enhancing UI - Buffering started (show spinner)
🔍 Supabase Response for /rooms: []
🔍 Supabase Response for /rooms: [{"id":"event_tt1396484","name":"It","host_user_id":"96e01cdb-36c0-4228-a6e4-a29a3c66bc8e","host_username":"RedLemon Events","stream_hash":"ad1ba686c1b2028858b0aefd835e995d76707d44","imdb_id":"tt1396484","poster_url":"https://images.metahub.space/poster/small/tt1396484/img","backdrop_url":"https://images.metahub.space/background/medium/tt1396484/img","playback_position":0,"is_playing":false,"participants_count":1,"max_participants":50,"is_public":true,"created_at":"2025-12-15T15:38:39.80417","last_activity":"2025-12-15T15:38:39.902848","season":null,"episode":null,"selected_quality":null,"selected_file_idx":null,"unlocked_stream_url":"https://chi9-4.download.real-debrid.com/d/ZDRRYZHMAZRQS117/It.2017.1080p.BluRay.x264-%5BYTS.AG%5D.mp4","description":null,"current_playlist_index":0,"playlist":[]}]
🔍 Supabase Response for /rooms: []
🔍 Supabase Response for /rooms: []
🎬 DisplayLink: reportSwap() (throttled)
📨 Received: {"ref":null,"event":"broadcast","payload":{"event":"sync","payload":{"isPlaying":false,"position":0,"senderId":"R876","timestamp":0,"type":"playbackState"},"type":"broadcast"},"topic":"realtime:watch-party:R876"}
📨 Received: {"ref":null,"event":"broadcast","payload":{"event":"sync","payload":{"isPlaying":false,"position":0,"senderId":"96E01CDB-36C0-4228-A6E4-A29A3C66BC8E","timestamp":1765821265.032323,"type":"ready"},"type":"broadcast"},"topic":"realtime:watch-party:R876"}
🎬 DisplayLink: reportSwap() (throttled)
[MPV] (+) Video --vid=1 (*) (h264 1920x798 23.976fps)
[MPV] (+) Audio --aid=1 --alang=eng (*) (aac 6ch 48000Hz)
[MPV] File tags:
[MPV] Comment: Hall.Pass.2011.EXTENDED.CUT.1080p.BluRay.H264.AAC-RARBG
[MPV] Title: Hall.Pass.2011.EXTENDED.CUT.1080p.BluRay.H264.AAC-RARBG
 MPV Event: 18
 MPV Event: 18
🔍 AUDIO AUTO-SELECT: Starting smart audio track scan
🔍 Track 1: eng | 6ch | English: true | Commentary: false -> Score: 1065
🏆 Selected best audio track: eng (ID: 1, Score: 1065)
🔍 AUDIO AUTO-SELECT: Starting smart audio track scan
🔍 Track 1: eng | 6ch | English: true | Commentary: false -> Score: 1065
🏆 Selected best audio track: eng (ID: 1, Score: 1065)
🔍 AUTO-SELECT: Starting subtitle scan & selection refresh
🔍 AUTO-SELECT: Found 2 total tracks
ℹ️ No suitable English subtitles found
⏳ MPV: Buffering state changed: false (paused-for-cache)
[MPV] Track switched:
[MPV] (+) Video --vid=1 (*) (h264 1920x798 23.976fps)
[MPV] (+) Audio --aid=1 --alang=eng (*) (aac 6ch 48000Hz)
📨 Received: {"ref":null,"event":"broadcast","payload":{"event":"sync","payload":{"isPlaying":false,"position":0,"senderId":"656DAA91-33B4-4688-9135-C982EA52D7C9","timestamp":1765821265.157232,"type":"ready"},"type":"broadcast"},"topic":"realtime:watch-party:R876"}
[MPV] Using hardware decoding (videotoolbox).
📨 Received: {"ref":null,"event":"broadcast","payload":{"event":"sync","payload":{"isPlaying":false,"position":0,"senderId":"R876","timestamp":0,"type":"playbackState"},"type":"broadcast"},"topic":"realtime:watch-party:R876"}
⚡ Ultra-gentle sync: 1.005x to fix 139ms drift
🎬 DisplayLink: reportSwap() (throttled)
[MPV] AO: [coreaudio] 48000Hz stereo 2ch floatp
 MPV Event: 18
 MPV Event: 17
⚡ Playback speed adjusted to 1.00x for sync
[MPV] VO: [libmpv] 1920x798 videotoolbox[nv12]
 MPV Event: 17
🎬 MPV: Frame ready! Calling layer.update() (throttled)
🎬 Layer.update() called - forceDraw:false needsFlip:true (throttled)
🎬 canDraw() = true (forceDraw:false, hasFrame:true) (throttled)
🎬 draw() - Rendering frame! (throttled)
📨 Received: {"ref":null,"event":"broadcast","payload":{"event":"sync","payload":{"isPlaying":true,"position":0,"senderId":"96E01CDB-36C0-4228-A6E4-A29A3C66BC8E","timestamp":1765821266.7487311,"type":"play"},"type":"broadcast"},"topic":"realtime:watch-party:R876"}
🎬 Received PLAY signal - All guests ready! Starting playback.
⚡️ PlaybackService: creating sleep assertion (preventing idle sleep)
✅ Video ready - hiding poster
🌐 Selecting English audio and subtitle tracks...
📊 Found 1 audio tracks
   Audio: ID=1 lang=eng title=nil
✅ Found English audio track: English
📊 Found 1 subtitle tracks (including 'Off')
   Subtitle: ID=0 lang=nil title=Off
📊 After filtering: 0 actual subtitle tracks
ℹ️ No subtitle tracks found in video yet
📝 Started watch history tracking
📝 Loading external subtitles (delayed execution)...
[ INFO ] GET /subtitles/subdl/L3N1YnRpdGxlLzYyODYxNi01NDc4MzQuemlw [request-id: 3E840627-757E-437D-BE2D-07B884EA7326]
2025-12-15 12:54:27.272 RedLemon[12674:81078] ✅ Subtitle 1 downloaded to: /var/folders/3v/s3d75ntd4v90_pg0mb6rmlz40000gn/T/sub_D935E6A7-5B1C-45B3-90CF-0A4F759A0AD7.vtt
2025-12-15 12:54:27.272 RedLemon[12674:81078] 📝 Loading subtitle from: /var/folders/3v/s3d75ntd4v90_pg0mb6rmlz40000gn/T/sub_D935E6A7-5B1C-45B3-90CF-0A4
2025-12-15 12:54:27.279 RedLemon[12674:81078] ✅ External subtitle added to track list (not auto-selected)
2025-12-15 12:54:27.279 RedLemon[12674:81078] 🔍 SubtitleService: Downloading http://127.0.0.1:47253/subtitles/subdl/L3N1YnRpdGxlLzYyODYwNi00NDE5MjUuemlw
📄 Subtitle request: L3N1YnRpdGxlLzYyODYx... (offset: 0ms)
📥 Downloading subtitle from SubDL CDN: /subtitle/628616-547834.zip
✅ Download complete: 68030 bytes
📦 Detected ZIP archive, extracting...
🎬 DisplayLink: reportSwap() (throttled)
⚠️ No specific episode match found, using first file: Hall Pass 1080p BluRay x264.srt
✅ Extraction successful
✅ Subtitle downloaded and converted to VTT
[ INFO ] GET /subtitles/subdl/L3N1YnRpdGxlLzYyODYwNi00NDE5MjUuemlw [request-id: 6AEC7724-7C93-4821-A667-0E83AB673D0B]
caution: filename not matched:  Hall.Pass.2011.720p.BluRay.x264-Felony-[ subtitle-English ][ www.napisy.jcom.pl ].srt
2025-12-15 12:54:27.693 RedLemon[12674:81070] ✅ Subtitle 2 downloaded to: /var/folders/3v/s3d75ntd4v90_pg0mb6rmlz40000gn/T/sub_F19AB251-F176-4699-A4BA-FF48D23355FD.vtt
2025-12-15 12:54:27.693 RedLemon[12674:81070] 📝 Loading subtitle from: /var/folders/3v/s3d75ntd4v90_pg0mb6rmlz40000gn/T/sub_F19AB251-F176-4699-A4BA-FF4
2025-12-15 12:54:27.700 RedLemon[12674:81070] ✅ External subtitle added to track list (not auto-selected)
2025-12-15 12:54:27.700 RedLemon[12674:81070] 🔍 SubtitleService: Downloading http://127.0.0.1:47253/subtitles/subdl/L3N1YnRpdGxlLzYyODYxMi02MTUwNTQuemlw
📄 Subtitle request: L3N1YnRpdGxlLzYyODYw... (offset: 0ms)
📥 Downloading subtitle from SubDL CDN: /subtitle/628606-441925.zip
[MPV] Track added:
[MPV] (+) Video --vid=1 (*) (h264 [High] 1920x798 23.976fps)
[MPV] (+) Audio --aid=1 --alang=eng (*) (aac [LC] 6ch 48000Hz)
[MPV] (+) Subs  --sid=1 --slang=en 'Hall Pass 1080p BluRay x264' (webvtt) (external)
✅ Download complete: 63169 bytes
📦 Detected ZIP archive, extracting...
⚠️ No specific episode match found, using first file: Hall.Pass.2011.720p.BluRay.x264-Felony-[ subtitle-English ][ www.napisy.jcom.pl ].srt
✅ Extraction successful
✅ Subtitle downloaded and converted to VTT
[ INFO ] GET /subtitles/subdl/L3N1YnRpdGxlLzYyODYxMi02MTUwNTQuemlw [request-id: D8B9B905-BBD8-42B7-85F2-ECA70453A18D]
2025-12-15 12:54:28.131 RedLemon[12674:81078] 📨 Realtime: Received broadcast message
2025-12-15 12:54:28.131 RedLemon[12674:81078]    Payload keys: type, position, senderId, isPlaying, timestamp
2025-12-15 12:54:28.131 RedLemon[12674:81078] ✅ Realtime: Decoded message type: playbackState, sender: R876
2025-12-15 12:54:28.131 RedLemon[12674:81078] 📞 Realtime: Invoking syncCallback for message type: playbackState
2025-12-15 12:54:28.131 RedLemon[12674:81078] ✅ Realtime: syncCallback invoked successfully
2025-12-15 12:54:28.133 RedLemon[12674:80603] 🔍 DEBUG: Received sync message - type: playbackState, sender: R876
2025-12-15 12:54:28.268 RedLemon[12674:81070] ✅ Subtitle 3 downloaded to: /var/folders/3v/s3d75ntd4v90_pg0mb6rmlz40000gn/T/sub_196CE97A-69F2-4690-883B-DB2986F8855F.vtt
2025-12-15 12:54:28.268 RedLemon[12674:81070] 📝 Loading subtitle from: /var/folders/3v/s3d75ntd4v90_pg0mb6rmlz40000gn/T/sub_196CE97A-69F2-4690-883B-DB2
2025-12-15 12:54:28.305 RedLemon[12674:81070] ✅ External subtitle added to track list (not auto-selected)
2025-12-15 12:54:28.305 RedLemon[12674:81070] 🔍 SubtitleService: Downloading http://127.0.0.1:47253/subtitles/subdl/L3N1YnRpdGxlLzYyODYxNy0xNDYwOTQwLnppcA==
📄 Subtitle request: L3N1YnRpdGxlLzYyODYx... (offset: 0ms)
📥 Downloading subtitle from SubDL CDN: /subtitle/628612-615054.zip
[MPV] Track added:
[MPV] (+) Video --vid=1 (*) (h264 [High] 1920x798 23.976fps)
[MPV] (+) Audio --aid=1 --alang=eng (*) (aac [LC] 6ch 48000Hz)
[MPV] Subs  --sid=1 --slang=en 'Hall Pass 1080p BluRay x264' (webvtt) (external)
[MPV] (+) Subs  --sid=2 --slang=en 'Hall.Pass.2011.720p.BluRay.x264-Felony' (webvtt) (external)
✅ Download complete: 57355 bytes
📦 Detected ZIP archive, extracting...
🎬 DisplayLink: reportSwap() (throttled)
🎬 MPV: Frame ready! Calling layer.update() (throttled)
⚠️ No specific episode match found, using first file: Hall.Pass.2011.BrRip.720p.x264.YIFY.srt
✅ Extraction successful
📨 Received: {"ref":null,"event":"broadcast","payload":{"event":"sync","payload":{"isPlaying":true,"position":0,"senderId":"R876","timestamp":1.5432098765432098,"type":"playbackState"},"type":"broadcast"},"topic":"realtime:watch-party:R876"}
⚡ Ultra-gentle sync: 1.005x to fix 192ms drift
⚡ Playback speed adjusted to 1.00x for sync
✅ Subtitle downloaded and converted to VTT
[MPV] Track added:
[ INFO ] GET /subtitles/subdl/L3N1YnRpdGxlLzYyODYxNy0xNDYwOTQwLnppcA== [request-id: D08A3361-120F-4680-B31D-9DA5D9AD323E]
2025-12-15 12:54:28.796 RedLemon[12674:81039] ✅ Subtitle 4 downloaded to: /var/folders/3v/s3d75ntd4v90_pg0mb6rmlz40000gn/T/sub_EE75B147-254B-48C3-9D1A-02A3A966FAAF.vtt
2025-12-15 12:54:28.796 RedLemon[12674:81039] 📝 Loading subtitle from: /var/folders/3v/s3d75ntd4v90_pg0mb6rmlz40000gn/T/sub_EE75B147-254B-48C3-9D1A-02A
2025-12-15 12:54:28.836 RedLemon[12674:81039] ✅ External subtitle added to track list (not auto-selected)
2025-12-15 12:54:28.836 RedLemon[12674:81039] 🔍 SubtitleService: Downloading http://127.0.0.1:47253/subtitles/subdl/L3N1YnRpdGxlLzYyODYyMC00NDE2MjMuemlw
📄 Subtitle request: L3N1YnRpdGxlLzYyODYx... (offset: 0ms)
📥 Downloading subtitle from SubDL CDN: /subtitle/628617-1460940.zip
[MPV] (+) Video --vid=1 (*) (h264 [High] 1920x798 23.976fps)
[MPV] (+) Audio --aid=1 --alang=eng (*) (aac [LC] 6ch 48000Hz)
[MPV] Subs  --sid=1 --slang=en 'Hall Pass 1080p BluRay x264' (webvtt) (external)
[MPV] Subs  --sid=2 --slang=en 'Hall.Pass.2011.720p.BluRay.x264-Felony' (webvtt) (external)
[MPV] (+) Subs  --sid=3 --slang=en 'Hall.Pass.2011.BrRip.720p.x264.YIFY' (webvtt) (external)
✅ Download complete: 58560 bytes
📦 Detected ZIP archive, extracting...
⚠️ No specific episode match found, using first file: EN Ori (SDH Removed).srt
✅ Extraction successful
✅ Subtitle downloaded and converted to VTT
[MPV] Track added:
[ INFO ] GET /subtitles/subdl/L3N1YnRpdGxlLzYyODYyMC00NDE2MjMuemlw [request-id: 7C454E64-3FE5-45B6-A3B8-6BAC591315DA]
2025-12-15 12:54:29.323 RedLemon[12674:81070] ✅ Subtitle 5 downloaded to: /var/folders/3v/s3d75ntd4v90_pg0mb6rmlz40000gn/T/sub_1F49B1B3-A268-4085-9C86-25444335C2CD.vtt
2025-12-15 12:54:29.324 RedLemon[12674:81070] 📝 Loading subtitle from: /var/folders/3v/s3d75ntd4v90_pg0mb6rmlz40000gn/T/sub_1F49B1B3-A268-4085-9C86-254
2025-12-15 12:54:29.350 RedLemon[12674:81070] ✅ External subtitle added to track list (not auto-selected)
2025-12-15 12:54:29.351 RedLemon[12674:81070] 🔍 SubtitleService: Downloading http://127.0.0.1:47253/subtitles/subdl/L3N1YnRpdGxlLzYyODYxOC00NDE3Njcuemlw
📄 Subtitle request: L3N1YnRpdGxlLzYyODYy... (offset: 0ms)
📥 Downloading subtitle from SubDL CDN: /subtitle/628620-441623.zip
[MPV] (+) Video --vid=1 (*) (h264 [High] 1920x798 23.976fps)
[MPV] (+) Audio --aid=1 --alang=eng (*) (aac [LC] 6ch 48000Hz)
[MPV] Subs  --sid=1 --slang=en 'Hall Pass 1080p BluRay x264' (webvtt) (external)
[MPV] Subs  --sid=2 --slang=en 'Hall.Pass.2011.720p.BluRay.x264-Felony' (webvtt) (external)
[MPV] Subs  --sid=3 --slang=en 'Hall.Pass.2011.BrRip.720p.x264.YIFY' (webvtt) (external)
[MPV] (+) Subs  --sid=4 --slang=en 'hall.pass.2011.extended.complete.bluray-tapas' (webvtt) (external)
🎬 DisplayLink: reportSwap() (throttled)
🎬 Layer.update() called - forceDraw:false needsFlip:true (throttled)
✅ Download complete: 60481 bytes
📦 Detected ZIP archive, extracting...
⚠️ No specific episode match found, using first file: Hall Pass (2011) CD1.srt
✅ Extraction successful
✅ Subtitle downloaded and converted to VTT
[MPV] Track added:
[MPV] (+) Video --vid=1 (*) (h264 [High] 1920x798 23.976fps)
[MPV] (+) Audio --aid=1 --alang=eng (*) (aac [LC] 6ch 48000Hz)
[MPV] Subs  --sid=1 --slang=en 'Hall Pass 1080p BluRay x264' (webvtt) (external)
[MPV] Subs  --sid=2 --slang=en 'Hall.Pass.2011.720p.BluRay.x264-Felony' (webvtt) (external)
[MPV] Subs  --sid=3 --slang=en 'Hall.Pass.2011.BrRip.720p.x264.YIFY' (webvtt) (external)
[MPV] Subs  --sid=4 --slang=en 'hall.pass.2011.extended.complete.bluray-tapas' (webvtt) (external)
[MPV] (+) Subs  --sid=5 --slang=en 'Hall.Pass.DVDRip.XviD-DEFACED' (webvtt) (external)
[ INFO ] GET /subtitles/subdl/L3N1YnRpdGxlLzYyODYxOC00NDE3Njcuemlw [request-id: 8475AC88-9B73-429D-861B-0D7FF04BABF1]
2025-12-15 12:54:29.847 RedLemon[12674:80951] ✅ Subtitle 6 downloaded to: /var/folders/3v/s3d75ntd4v90_pg0mb6rmlz40000gn/T/sub_04BFE102-C3FE-4F85-8996-4299D0F4E02D.vtt
2025-12-15 12:54:29.847 RedLemon[12674:80951] 📝 Loading subtitle from: /var/folders/3v/s3d75ntd4v90_pg0mb6rmlz40000gn/T/sub_04BFE102-C3FE-4F85-8996-429
2025-12-15 12:54:29.876 RedLemon[12674:80951] ✅ External subtitle added to track list (not auto-selected)
2025-12-15 12:54:29.876 RedLemon[12674:80951] 🔍 SubtitleService: Downloading http://127.0.0.1:47253/subtitles/subdl/L3N1YnRpdGxlLzYyODYxMC00NDE4MTMuemlw
📄 Subtitle request: L3N1YnRpdGxlLzYyODYx... (offset: 0ms)
📥 Downloading subtitle from SubDL CDN: /subtitle/628618-441767.zip
✅ Download complete: 57640 bytes
📦 Detected ZIP archive, extracting...
⚠️ No specific episode match found, using first file: defaced-hallpass-a.srt
✅ Extraction successful
✅ Subtitle downloaded and converted to VTT
[ INFO ] GET /subtitles/subdl/L3N1YnRpdGxlLzYyODYxMC00NDE4MTMuemlw [request-id: F09F9C6D-4AF1-4F7E-A354-41A7D892AE06]
2025-12-15 12:54:30.112 RedLemon[12674:81078] 📨 Realtime: Received broadcast message
2025-12-15 12:54:30.112 RedLemon[12674:81078]    Payload keys: position, type, timestamp, isPlaying, senderId
2025-12-15 12:54:30.112 RedLemon[12674:81078] ✅ Realtime: Decoded message type: playbackState, sender: R876
2025-12-15 12:54:30.113 RedLemon[12674:81078] 📞 Realtime: Invoking syncCallback for message type: playbackState
2025-12-15 12:54:30.113 RedLemon[12674:81078] ✅ Realtime: syncCallback invoked successfully
2025-12-15 12:54:30.128 RedLemon[12674:80603] 🔍 DEBUG: Received sync message - type: playbackState, sender: R876
2025-12-15 12:54:30.427 RedLemon[12674:80951] ✅ Subtitle 7 downloaded to: /var/folders/3v/s3d75ntd4v90_pg0mb6rmlz40000gn/T/sub_190896B0-D11E-4F01-8D48-6E16924B27D3.vtt
2025-12-15 12:54:30.427 RedLemon[12674:80951] 📝 Loading subtitle from: /var/folders/3v/s3d75ntd4v90_pg0mb6rmlz40000gn/T/sub_190896B0-D11E-4F01-8D48-6E1
2025-12-15 12:54:30.466 RedLemon[12674:80951] ✅ External subtitle added to track list (not auto-selected)
2025-12-15 12:54:30.467 RedLemon[12674:80951] 🔍 SubtitleService: Downloading http://127.0.0.1:47253/subtitles/subdl/L3N1YnRpdGxlLzYyODYwOC00NDIwNDEuemlw
📄 Subtitle request: L3N1YnRpdGxlLzYyODYx... (offset: 0ms)
📥 Downloading subtitle from SubDL CDN: /subtitle/628610-441813.zip
[MPV] Track added:
[MPV] (+) Video --vid=1 (*) (h264 [High] 1920x798 23.976fps)
[MPV] (+) Audio --aid=1 --alang=eng (*) (aac [LC] 6ch 48000Hz)
🎬 DisplayLink: reportSwap() (throttled)
[MPV] Subs  --sid=1 --slang=en 'Hall Pass 1080p BluRay x264' (webvtt) (external)
[MPV] Subs  --sid=2 --slang=en 'Hall.Pass.2011.720p.BluRay.x264-Felony' (webvtt) (external)
📨 Received: {"ref":null,"event":"broadcast","payload":{"event":"sync","payload":{"isPlaying":true,"position":0,"senderId":"R876","timestamp":3.5869202535869205,"type":"playbackState"},"type":"broadcast"},"topic":"realtime:watch-party:R876"}
🎬 MPV: Frame ready! Calling layer.update() (throttled)
[MPV] Subs  --sid=3 --slang=en 'Hall.Pass.2011.BrRip.720p.x264.YIFY' (webvtt) (external)
⚡ Ultra-gentle sync: 1.005x to fix 247ms drift
⚡ Playback speed adjusted to 1.00x for sync
[MPV] Subs  --sid=4 --slang=en 'hall.pass.2011.extended.complete.bluray-tapas' (webvtt) (external)
✅ Download complete: 57329 bytes
📦 Detected ZIP archive, extracting...
[MPV] Subs  --sid=5 --slang=en 'Hall.Pass.DVDRip.XviD-DEFACED' (webvtt) (external)
⚠️ No specific episode match found, using first file: Hall.Pass.2011.720p.Bluray.x264.DTS.Felony.srt
✅ Extraction successful
[MPV] (+) Subs  --sid=6 --slang=en 'Hall.Pass.DVDRip.XviD-DEFACED' (webvtt) (external)
✅ Subtitle downloaded and converted to VTT
[MPV] Track added:
[MPV] (+) Video --vid=1 (*) (h264 [High] 1920x798 23.976fps)
[MPV] (+) Audio --aid=1 --alang=eng (*) (aac [LC] 6ch 48000Hz)
[MPV] Subs  --sid=1 --slang=en 'Hall Pass 1080p BluRay x264' (webvtt) (external)
[MPV] Subs  --sid=2 --slang=en 'Hall.Pass.2011.720p.BluRay.x264-Felony' (webvtt) (external)
[MPV] Subs  --sid=3 --slang=en 'Hall.Pass.2011.BrRip.720p.x264.YIFY' (webvtt) (external)
[ INFO ] GET /subtitles/subdl/L3N1YnRpdGxlLzYyODYwOC00NDIwNDEuemlw [request-id: 19A0334D-6E16-4D1B-BD9B-BC9689D3F068]
caution: filename not matched:  Hall.Pass.2011.BRRip.XviD.AC3-SANTi-[ subtitle-English ][ www.napisy.jcom.pl ].srt
2025-12-15 12:54:30.902 RedLemon[12674:80870] ✅ Subtitle 8 downloaded to: /var/folders/3v/s3d75ntd4v90_pg0mb6rmlz40000gn/T/sub_6278075F-9C70-4471-9894-94E495082520.vtt
2025-12-15 12:54:30.902 RedLemon[12674:80870] 📝 Loading subtitle from: /var/folders/3v/s3d75ntd4v90_pg0mb6rmlz40000gn/T/sub_6278075F-9C70-4471-9894-94E
2025-12-15 12:54:30.911 RedLemon[12674:80870] ✅ External subtitle added to track list (not auto-selected)
2025-12-15 12:54:30.911 RedLemon[12674:80870] 🔍 SubtitleService: Downloading http://127.0.0.1:47253/subtitles/subdl/L3N1YnRpdGxlLzYyODYwNS00NDE5ODIuemlw
📄 Subtitle request: L3N1YnRpdGxlLzYyODYw... (offset: 0ms)
📥 Downloading subtitle from SubDL CDN: /subtitle/628608-442041.zip
[MPV] Subs  --sid=4 --slang=en 'hall.pass.2011.extended.complete.bluray-tapas' (webvtt) (external)
[MPV] Subs  --sid=5 --slang=en 'Hall.Pass.DVDRip.XviD-DEFACED' (webvtt) (external)
[MPV] Subs  --sid=6 --slang=en 'Hall.Pass.DVDRip.XviD-DEFACED' (webvtt) (external)
[MPV] (+) Subs  --sid=7 --slang=en 'Hall.Pass.2011.720p.Bluray.x264.DTS.Felony' (webvtt) (external)
✅ Download complete: 63163 bytes
📦 Detected ZIP archive, extracting...
⚠️ No specific episode match found, using first file: Hall.Pass.2011.BRRip.XviD.AC3-SANTi-[ subtitle-English ][ www.napisy.jcom.pl ].srt
✅ Extraction successful
✅ Subtitle downloaded and converted to VTT
[ INFO ] GET /subtitles/subdl/L3N1YnRpdGxlLzYyODYwNS00NDE5ODIuemlw [request-id: 9E4C319A-6DDC-4D07-B74F-CA1C9784EF45]
2025-12-15 12:54:31.623 RedLemon[12674:81078] ✅ Subtitle 9 downloaded to: /var/folders/3v/s3d75ntd4v90_pg0mb6rmlz40000gn/T/sub_11B386F9-7F14-4DD2-B6BA-934373EA56F7.vtt
2025-12-15 12:54:31.623 RedLemon[12674:81078] 📝 Loading subtitle from: /var/folders/3v/s3d75ntd4v90_pg0mb6rmlz40000gn/T/sub_11B386F9-7F14-4DD2-B6BA-934
2025-12-15 12:54:31.672 RedLemon[12674:81078] ✅ External subtitle added to track list (not auto-selected)
2025-12-15 12:54:31.672 RedLemon[12674:81078] 🔍 SubtitleService: Downloading http://127.0.0.1:47253/subtitles/subdl/L3N1YnRpdGxlLzYyODYwMy00NDIyNzUuemlw
📄 Subtitle request: L3N1YnRpdGxlLzYyODYw... (offset: 0ms)
📥 Downloading subtitle from SubDL CDN: /subtitle/628605-441982.zip
[MPV] Track added:
[MPV] (+) Video --vid=1 (*) (h264 [High] 1920x798 23.976fps)
[MPV] (+) Audio --aid=1 --alang=eng (*) (aac [LC] 6ch 48000Hz)
[MPV] Subs  --sid=1 --slang=en 'Hall Pass 1080p BluRay x264' (webvtt) (external)
[MPV] Subs  --sid=2 --slang=en 'Hall.Pass.2011.720p.BluRay.x264-Felony' (webvtt) (external)
[MPV] Subs  --sid=3 --slang=en 'Hall.Pass.2011.BrRip.720p.x264.YIFY' (webvtt) (external)
[MPV] Subs  --sid=4 --slang=en 'hall.pass.2011.extended.complete.bluray-tapas' (webvtt) (external)
[MPV] Subs  --sid=5 --slang=en 'Hall.Pass.DVDRip.XviD-DEFACED' (webvtt) (external)
[MPV] Subs  --sid=6 --slang=en 'Hall.Pass.DVDRip.XviD-DEFACED' (webvtt) (external)
[MPV] Subs  --sid=7 --slang=en 'Hall.Pass.2011.720p.Bluray.x264.DTS.Felony' (webvtt) (external)
🎬 DisplayLink: reportSwap() (throttled)
[MPV] (+) Subs  --sid=8 --slang=en 'Hall.Pass.2011.BRRip.XviD.AC3-SANTi' (webvtt) (external)
🎬 canDraw() = true (forceDraw:false, hasFrame:true) (throttled)
🎬 draw() - Rendering frame! (throttled)
✅ Download complete: 62923 bytes
📦 Detected ZIP archive, extracting...
⚠️ No specific episode match found, using first file: Hall Pass (2011) DVDRip XviD-MAXSPEED.srt
✅ Extraction successful
✅ Subtitle downloaded and converted to VTT
[ INFO ] GET /subtitles/subdl/L3N1YnRpdGxlLzYyODYwMy00NDIyNzUuemlw [request-id: 2E76DF50-6086-4270-BF49-4B3799C350A0]
2025-12-15 12:54:32.145 RedLemon[12674:80951] 📨 Realtime: Received broadcast message
2025-12-15 12:54:32.145 RedLemon[12674:80951]    Payload keys: position, timestamp, isPlaying, type, senderId
2025-12-15 12:54:32.146 RedLemon[12674:80951] ✅ Realtime: Decoded message type: playbackState, sender: R876
2025-12-15 12:54:32.146 RedLemon[12674:80951] 📞 Realtime: Invoking syncCallback for message type: playbackState
2025-12-15 12:54:32.147 RedLemon[12674:80951] ✅ Realtime: syncCallback invoked successfully
2025-12-15 12:54:32.186 RedLemon[12674:80603] 🔍 DEBUG: Received sync message - type: playbackState, sender: R876
2025-12-15 12:54:32.510 RedLemon[12674:81039] ✅ Subtitle 10 downloaded to: /var/folders/3v/s3d75ntd4v90_pg0mb6rmlz40000gn/T/sub_9F3CA703-4A52-4027-AD0F-C59AAC3A8942.vtt
2025-12-15 12:54:32.510 RedLemon[12674:81039] 📝 Loading subtitle from: /var/folders/3v/s3d75ntd4v90_pg0mb6rmlz40000gn/T/sub_9F3CA703-4A52-4027-AD0F-C59
2025-12-15 12:54:32.563 RedLemon[12674:81039] ✅ External subtitle added to track list (not auto-selected)
2025-12-15 12:54:32.564 RedLemon[12674:81039] 🔍 MPV track-list/count: 12
2025-12-15 12:54:32.573 RedLemon[12674:81039] 🔍 Track 0 type: video
2025-12-15 12:54:32.574 RedLemon[12674:81039] 🔍 Track 1 type: audio
2025-12-15 12:54:32.574 RedLemon[12674:81039] 🔍 Track 2 type: sub
2025-12-15 12:54:32.574 RedLemon[12674:81039] ✅ Found subtitle track: ID=1, lang=en, title=Hall Pass 1080p BluRay x264, external=1
2025-12-15 12:54:32.574 RedLemon[12674:81039] 🔍 Track 3 type: sub
2025-12-15 12:54:32.574 RedLemon[12674:81039] ✅ Found subtitle track: ID=2, lang=en, title=Hall.Pass.2011.720p.BluRay.x264-Felony, external=1
2025-12-15 12:54:32.574 RedLemon[12674:81039] 🔍 Track 4 type: sub
2025-12-15 12:54:32.574 RedLemon[12674:81039] ✅ Found subtitle track: ID=3, lang=en, title=Hall.Pass.2011.BrRip.720p.x264.YIFY, external=1
2025-12-15 12:54:32.574 RedLemon[12674:81039] 🔍 Track 5 type: sub
2025-12-15 12:54:32.575 RedLemon[12674:81039] ✅ Found subtitle track: ID=4, lang=en, title=hall.pass.2011.extended.complete.bluray-tapas, external=1
2025-12-15 12:54:32.575 RedLemon[12674:81039] 🔍 Track 6 type: sub
2025-12-15 12:54:32.575 RedLemon[12674:81039] ✅ Found subtitle track: ID=5, lang=en, title=Hall.Pass.DVDRip.XviD-DEFACED, external=1
2025-12-15 12:54:32.575 RedLemon[12674:81039] 🔍 Track 7 type: sub
2025-12-15 12:54:32.575 RedLemon[12674:81039] ✅ Found subtitle track: ID=6, lang=en, title=Hall.Pass.DVDRip.XviD-DEFACED, external=1
2025-12-15 12:54:32.576 RedLemon[12674:81039] 🔍 Track 8 type: sub
2025-12-15 12:54:32.576 RedLemon[12674:81039] ✅ Found subtitle track: ID=7, lang=en, title=Hall.Pass.2011.720p.Bluray.x264.DTS.Felony, external=1
2025-12-15 12:54:32.576 RedLemon[12674:81039] 🔍 Track 9 type: sub
2025-12-15 12:54:32.576 RedLemon[12674:81039] ✅ Found subtitle track: ID=8, lang=en, title=Hall.Pass.2011.BRRip.XviD.AC3-SANTi, external=1
2025-12-15 12:54:32.576 RedLemon[12674:81039] 🔍 Track 10 type: sub
2025-12-15 12:54:32.576 RedLemon[12674:81039] ✅ Found subtitle track: ID=9, lang=en, title=Hall Pass 2011 DVDRip XviD-MAXSPEED, external=1
2025-12-15 12:54:32.576 RedLemon[12674:81039] 🔍 Track 11 type: sub
2025-12-15 12:54:32.576 RedLemon[12674:81039] ✅ Found subtitle track: ID=10, lang=en, title=f-hallpass720, external=1
2025-12-15 12:54:32.576 RedLemon[12674:81039] 📊 Total subtitle tracks found: 11 (including Off if needed)
2025-12-15 12:54:32.577 RedLemon[12674:81039]    Start[0]: ID=0, Title='Off', Lang='nil', Ext=0
2025-12-15 12:54:32.577 RedLemon[12674:81039]    Start[1]: ID=1, Title='Hall Pass 1080p BluRay x264', Lang='en', Ext=1
2025-12-15 12:54:32.577 RedLemon[12674:81039]    Start[2]: ID=2, Title='Hall.Pass.2011.720p.BluRay.x264-Felony', Lang='en', Ext=1
2025-12-15 12:54:32.577 RedLemon[12674:81039]    Start[3]: ID=3, Title='Hall.Pass.2011.BrRip.720p.x264.YIFY', Lang='en', Ext=1
2025-12-15 12:54:32.577 RedLemon[12674:81039]    Start[4]: ID=4, Title='hall.pass.2011.extended.complete.bluray-tapas', Lang='en', Ext=1
2025-12-15 12:54:32.577 RedLemon[12674:81039]    Start[5]: ID=5, Title='Hall.Pass.DVDRip.XviD-DEFACED', Lang='en', Ext=1
2025-12-15 12:54:32.577 RedLemon[12674:81039]    Start[6]: ID=6, Title='Hall.Pass.DVDRip.XviD-DEFACED', Lang='en', Ext=1
2025-12-15 12:54:32.577 RedLemon[12674:81039]    Start[7]: ID=7, Title='Hall.Pass.2011.720p.Bluray.x264.DTS.Felony', Lang='en', Ext=1
2025-12-15 12:54:32.577 RedLemon[12674:81039]    Start[8]: ID=8, Title='Hall.Pass.2011.BRRip.XviD.AC3-SANTi', Lang='en', Ext=1
2025-12-15 12:54:32.577 RedLemon[12674:81039]    Start[9]: ID=9, Title='Hall Pass 2011 DVDRip XviD-MAXSPEED', Lang='en', Ext=1
2025-12-15 12:54:32.577 RedLemon[12674:81039]    Start[10]: ID=10, Title='f-hallpass720', Lang='en', Ext=1
2025-12-15 12:54:32.577 RedLemon[12674:81039] ✅ SubtitleService: Scanned 11 tracks (Attempt 1/5)
2025-12-15 12:54:32.579 RedLemon[12674:81039]    Track: ID=0, Title=Off, External=0
2025-12-15 12:54:32.580 RedLemon[12674:81039]    Track: ID=1, Title=Hall Pass 1080p BluRay x264, External=1
2025-12-15 12:54:32.580 RedLemon[12674:81039]    Track: ID=2, Title=Hall.Pass.2011.720p.BluRay.x264-Felony, External=1
2025-12-15 12:54:32.580 RedLemon[12674:81039]    Track: ID=3, Title=Hall.Pass.2011.BrRip.720p.x264.YIFY, External=1
2025-12-15 12:54:32.580 RedLemon[12674:81039]    Track: ID=4, Title=hall.pass.2011.extended.complete.bluray-tapas, External=1
2025-12-15 12:54:32.580 RedLemon[12674:81039]    Track: ID=5, Title=Hall.Pass.DVDRip.XviD-DEFACED, External=1
2025-12-15 12:54:32.580 RedLemon[12674:81039]    Track: ID=6, Title=Hall.Pass.DVDRip.XviD-DEFACED, External=1
2025-12-15 12:54:32.580 RedLemon[12674:81039]    Track: ID=7, Title=Hall.Pass.2011.720p.Bluray.x264.DTS.Felony, External=1
2025-12-15 12:54:32.581 RedLemon[12674:81039]    Track: ID=8, Title=Hall.Pass.2011.BRRip.XviD.AC3-SANTi, External=1
2025-12-15 12:54:32.581 RedLemon[12674:81039]    Track: ID=9, Title=Hall Pass 2011 DVDRip XviD-MAXSPEED, External=1
2025-12-15 12:54:32.581 RedLemon[12674:81039]    Track: ID=10, Title=f-hallpass720, External=1
2025-12-15 12:54:33.674 RedLemon[12674:81070] 🔍 MPV track-list/count: 12
2025-12-15 12:54:33.674 RedLemon[12674:81070] 🔍 Track 0 type: video
2025-12-15 12:54:33.674 RedLemon[12674:81070] 🔍 Track 1 type: audio
2025-12-15 12:54:33.674 RedLemon[12674:81070] 🔍 Track 2 type: sub
2025-12-15 12:54:33.675 RedLemon[12674:81070] ✅ Found subtitle track: ID=1, lang=en, title=Hall Pass 1080p BluRay x264, external=1
2025-12-15 12:54:33.675 RedLemon[12674:81070] 🔍 Track 3 type: sub
2025-12-15 12:54:33.675 RedLemon[12674:81070] ✅ Found subtitle track: ID=2, lang=en, title=Hall.Pass.2011.720p.BluRay.x264-Felony, external=1
2025-12-15 12:54:33.675 RedLemon[12674:81070] 🔍 Track 4 type: sub
2025-12-15 12:54:33.676 RedLemon[12674:81070] ✅ Found subtitle track: ID=3, lang=en, title=Hall.Pass.2011.BrRip.720p.x264.YIFY, external=1
2025-12-15 12:54:33.676 RedLemon[12674:81070] 🔍 Track 5 type: sub
2025-12-15 12:54:33.676 RedLemon[12674:81070] ✅ Found subtitle track: ID=4, lang=en, title=hall.pass.2011.extended.complete.bluray-tapas, external=1
2025-12-15 12:54:33.676 RedLemon[12674:81070] 🔍 Track 6 type: sub
2025-12-15 12:54:33.676 RedLemon[12674:81070] ✅ Found subtitle track: ID=5, lang=en, title=Hall.Pass.DVDRip.XviD-DEFACED, external=1
2025-12-15 12:54:33.677 RedLemon[12674:81070] 🔍 Track 7 type: sub
2025-12-15 12:54:33.677 RedLemon[12674:81070] ✅ Found subtitle track: ID=6, lang=en, title=Hall.Pass.DVDRip.XviD-DEFACED, external=1
2025-12-15 12:54:33.677 RedLemon[12674:81070] 🔍 Track 8 type: sub
2025-12-15 12:54:33.677 RedLemon[12674:81070] ✅ Found subtitle track: ID=7, lang=en, title=Hall.Pass.2011.720p.Bluray.x264.DTS.Felony, external=1
2025-12-15 12:54:33.678 RedLemon[12674:81070] 🔍 Track 9 type: sub
2025-12-15 12:54:33.678 RedLemon[12674:81070] ✅ Found subtitle track: ID=8, lang=en, title=Hall.Pass.2011.BRRip.XviD.AC3-SANTi, external=1
2025-12-15 12:54:33.679 RedLemon[12674:81070] 🔍 Track 10 type: sub
2025-12-15 12:54:33.686 RedLemon[12674:81070] ✅ Found subtitle track: ID=9, lang=en, title=Hall Pass 2011 DVDRip XviD-MAXSPEED, external=1
2025-12-15 12:54:33.686 RedLemon[12674:81070] 🔍 Track 11 type: sub
2025-12-15 12:54:33.686 RedLemon[12674:81070] ✅ Found subtitle track: ID=10, lang=en, title=f-hallpass720, external=1
2025-12-15 12:54:33.686 RedLemon[12674:81070] 📊 Total subtitle tracks found: 11 (including Off if needed)
2025-12-15 12:54:33.686 RedLemon[12674:81070]    Start[0]: ID=0, Title='Off', Lang='nil', Ext=0
2025-12-15 12:54:33.686 RedLemon[12674:81070]    Start[1]: ID=1, Title='Hall Pass 1080p BluRay x264', Lang='en', Ext=1
2025-12-15 12:54:33.686 RedLemon[12674:81070]    Start[2]: ID=2, Title='Hall.Pass.2011.720p.BluRay.x264-Felony', Lang='en', Ext=1
2025-12-15 12:54:33.686 RedLemon[12674:81070]    Start[3]: ID=3, Title='Hall.Pass.2011.BrRip.720p.x264.YIFY', Lang='en', Ext=1
2025-12-15 12:54:33.686 RedLemon[12674:81070]    Start[4]: ID=4, Title='hall.pass.2011.extended.complete.bluray-tapas', Lang='en', Ext=1
2025-12-15 12:54:33.687 RedLemon[12674:81070]    Start[5]: ID=5, Title='Hall.Pass.DVDRip.XviD-DEFACED', Lang='en', Ext=1
2025-12-15 12:54:33.687 RedLemon[12674:81070]    Start[6]: ID=6, Title='Hall.Pass.DVDRip.XviD-DEFACED', Lang='en', Ext=1
2025-12-15 12:54:33.687 RedLemon[12674:81070]    Start[7]: ID=7, Title='Hall.Pass.2011.720p.Bluray.x264.DTS.Felony', Lang='en', Ext=1
2025-12-15 12:54:33.687 RedLemon[12674:81070]    Start[8]: ID=8, Title='Hall.Pass.2011.BRRip.XviD.AC3-SANTi', Lang='en', Ext=1
2025-12-15 12:54:33.687 RedLemon[12674:81070]    Start[9]: ID=9, Title='Hall Pass 2011 DVDRip XviD-MAXSPEED', Lang='en', Ext=1
2025-12-15 12:54:33.687 RedLemon[12674:81070]    Start[10]: ID=10, Title='f-hallpass720', Lang='en', Ext=1
2025-12-15 12:54:33.689 RedLemon[12674:81070] ✅ SubtitleService: Scanned 11 tracks (Attempt 2/5)
2025-12-15 12:54:33.689 RedLemon[12674:81070]    Track: ID=0, Title=Off, External=0
2025-12-15 12:54:33.689 RedLemon[12674:81070]    Track: ID=1, Title=Hall Pass 1080p BluRay x264, External=1
2025-12-15 12:54:33.689 RedLemon[12674:81070]    Track: ID=2, Title=Hall.Pass.2011.720p.BluRay.x264-Felony, External=1
2025-12-15 12:54:33.690 RedLemon[12674:81070]    Track: ID=3, Title=Hall.Pass.2011.BrRip.720p.x264.YIFY, External=1
2025-12-15 12:54:33.690 RedLemon[12674:81070]    Track: ID=4, Title=hall.pass.2011.extended.complete.bluray-tapas, External=1
2025-12-15 12:54:33.690 RedLemon[12674:81070]    Track: ID=5, Title=Hall.Pass.DVDRip.XviD-DEFACED, External=1
2025-12-15 12:54:33.690 RedLemon[12674:81070]    Track: ID=6, Title=Hall.Pass.DVDRip.XviD-DEFACED, External=1
2025-12-15 12:54:33.690 RedLemon[12674:81070]    Track: ID=7, Title=Hall.Pass.2011.720p.Bluray.x264.DTS.Felony, External=1
2025-12-15 12:54:33.691 RedLemon[12674:81070]    Track: ID=8, Title=Hall.Pass.2011.BRRip.XviD.AC3-SANTi, External=1
2025-12-15 12:54:33.691 RedLemon[12674:81070]    Track: ID=9, Title=Hall Pass 2011 DVDRip XviD-MAXSPEED, External=1
2025-12-15 12:54:33.691 RedLemon[12674:81070]    Track: ID=10, Title=f-hallpass720, External=1
2025-12-15 12:54:34.109 RedLemon[12674:81070] 📨 Realtime: Received broadcast message
2025-12-15 12:54:34.109 RedLemon[12674:81070]    Payload keys: isPlaying, timestamp, position, senderId, type
2025-12-15 12:54:34.112 RedLemon[12674:81070] ✅ Realtime: Decoded message type: playbackState, sender: R876
2025-12-15 12:54:34.112 RedLemon[12674:81070] 📞 Realtime: Invoking syncCallback for message type: playbackState
2025-12-15 12:54:34.113 RedLemon[12674:81070] ✅ Realtime: syncCallback invoked successfully
2025-12-15 12:54:34.146 RedLemon[12674:80603] 🔍 DEBUG: Received sync message - type: playbackState, sender: R876
2025-12-15 12:54:34.703 RedLemon[12674:80951] 🔍 MPV track-list/count: 12
2025-12-15 12:54:34.703 RedLemon[12674:80951] 🔍 Track 0 type: video
2025-12-15 12:54:34.703 RedLemon[12674:80951] 🔍 Track 1 type: audio
2025-12-15 12:54:34.703 RedLemon[12674:80951] 🔍 Track 2 type: sub
2025-12-15 12:54:34.704 RedLemon[12674:80951] ✅ Found subtitle track: ID=1, lang=en, title=Hall Pass 1080p BluRay x264, external=1
2025-12-15 12:54:34.704 RedLemon[12674:80951] 🔍 Track 3 type: sub
2025-12-15 12:54:34.704 RedLemon[12674:80951] ✅ Found subtitle track: ID=2, lang=en, title=Hall.Pass.2011.720p.BluRay.x264-Felony, external=1
2025-12-15 12:54:34.704 RedLemon[12674:80951] 🔍 Track 4 type: sub
2025-12-15 12:54:34.705 RedLemon[12674:80951] ✅ Found subtitle track: ID=3, lang=en, title=Hall.Pass.2011.BrRip.720p.x264.YIFY, external=1
2025-12-15 12:54:34.705 RedLemon[12674:80951] 🔍 Track 5 type: sub
2025-12-15 12:54:34.705 RedLemon[12674:80951] ✅ Found subtitle track: ID=4, lang=en, title=hall.pass.2011.extended.complete.bluray-tapas, external=1
2025-12-15 12:54:34.705 RedLemon[12674:80951] 🔍 Track 6 type: sub
2025-12-15 12:54:34.706 RedLemon[12674:80951] ✅ Found subtitle track: ID=5, lang=en, title=Hall.Pass.DVDRip.XviD-DEFACED, external=1
2025-12-15 12:54:34.706 RedLemon[12674:80951] 🔍 Track 7 type: sub
2025-12-15 12:54:34.706 RedLemon[12674:80951] ✅ Found subtitle track: ID=6, lang=en, title=Hall.Pass.DVDRip.XviD-DEFACED, external=1
2025-12-15 12:54:34.706 RedLemon[12674:80951] 🔍 Track 8 type: sub
2025-12-15 12:54:34.706 RedLemon[12674:80951] ✅ Found subtitle track: ID=7, lang=en, title=Hall.Pass.2011.720p.Bluray.x264.DTS.Felony, external=1
2025-12-15 12:54:34.707 RedLemon[12674:80951] 🔍 Track 9 type: sub
2025-12-15 12:54:34.707 RedLemon[12674:80951] ✅ Found subtitle track: ID=8, lang=en, title=Hall.Pass.2011.BRRip.XviD.AC3-SANTi, external=1
2025-12-15 12:54:34.707 RedLemon[12674:80951] 🔍 Track 10 type: sub
2025-12-15 12:54:34.707 RedLemon[12674:80951] ✅ Found subtitle track: ID=9, lang=en, title=Hall Pass 2011 DVDRip XviD-MAXSPEED, external=1
2025-12-15 12:54:34.707 RedLemon[12674:80951] 🔍 Track 11 type: sub
2025-12-15 12:54:34.708 RedLemon[12674:80951] ✅ Found subtitle track: ID=10, lang=en, title=f-hallpass720, external=1
2025-12-15 12:54:34.708 RedLemon[12674:80951] 📊 Total subtitle tracks found: 11 (including Off if needed)
2025-12-15 12:54:34.708 RedLemon[12674:80951]    Start[0]: ID=0, Title='Off', Lang='nil', Ext=0
2025-12-15 12:54:34.708 RedLemon[12674:80951]    Start[1]: ID=1, Title='Hall Pass 1080p BluRay x264', Lang='en', Ext=1
2025-12-15 12:54:34.709 RedLemon[12674:80951]    Start[2]: ID=2, Title='Hall.Pass.2011.720p.BluRay.x264-Felony', Lang='en', Ext=1
2025-12-15 12:54:34.709 RedLemon[12674:80951]    Start[3]: ID=3, Title='Hall.Pass.2011.BrRip.720p.x264.YIFY', Lang='en', Ext=1
2025-12-15 12:54:34.709 RedLemon[12674:80951]    Start[4]: ID=4, Title='hall.pass.2011.extended.complete.bluray-tapas', Lang='en', Ext=1
2025-12-15 12:54:34.710 RedLemon[12674:80951]    Start[5]: ID=5, Title='Hall.Pass.DVDRip.XviD-DEFACED', Lang='en', Ext=1
2025-12-15 12:54:34.710 RedLemon[12674:80951]    Start[6]: ID=6, Title='Hall.Pass.DVDRip.XviD-DEFACED', Lang='en', Ext=1
2025-12-15 12:54:34.712 RedLemon[12674:80951]    Start[7]: ID=7, Title='Hall.Pass.2011.720p.Bluray.x264.DTS.Felony', Lang='en', Ext=1
2025-12-15 12:54:34.712 RedLemon[12674:80951]    Start[8]: ID=8, Title='Hall.Pass.2011.BRRip.XviD.AC3-SANTi', Lang='en', Ext=1
2025-12-15 12:54:34.712 RedLemon[12674:80951]    Start[9]: ID=9, Title='Hall Pass 2011 DVDRip XviD-MAXSPEED', Lang='en', Ext=1
2025-12-15 12:54:34.712 RedLemon[12674:80951]    Start[10]: ID=10, Title='f-hallpass720', Lang='en', Ext=1
2025-12-15 12:54:34.713 RedLemon[12674:80951] ✅ SubtitleService: Scanned 11 tracks (Attempt 3/5)
2025-12-15 12:54:34.713 RedLemon[12674:80951]    Track: ID=0, Title=Off, External=0
2025-12-15 12:54:34.714 RedLemon[12674:80951]    Track: ID=1, Title=Hall Pass 1080p BluRay x264, External=1
2025-12-15 12:54:34.714 RedLemon[12674:80951]    Track: ID=2, Title=Hall.Pass.2011.720p.BluRay.x264-Felony, External=1
2025-12-15 12:54:34.714 RedLemon[12674:80951]    Track: ID=3, Title=Hall.Pass.2011.BrRip.720p.x264.YIFY, External=1
2025-12-15 12:54:34.714 RedLemon[12674:80951]    Track: ID=4, Title=hall.pass.2011.extended.complete.bluray-tapas, External=1
2025-12-15 12:54:34.714 RedLemon[12674:80951]    Track: ID=5, Title=Hall.Pass.DVDRip.XviD-DEFACED, External=1
2025-12-15 12:54:34.715 RedLemon[12674:80951]    Track: ID=6, Title=Hall.Pass.DVDRip.XviD-DEFACED, External=1
2025-12-15 12:54:34.715 RedLemon[12674:80951]    Track: ID=7, Title=Hall.Pass.2011.720p.Bluray.x264.DTS.Felony, External=1
2025-12-15 12:54:34.715 RedLemon[12674:80951]    Track: ID=8, Title=Hall.Pass.2011.BRRip.XviD.AC3-SANTi, External=1
2025-12-15 12:54:34.715 RedLemon[12674:80951]    Track: ID=9, Title=Hall Pass 2011 DVDRip XviD-MAXSPEED, External=1
2025-12-15 12:54:34.715 RedLemon[12674:80951]    Track: ID=10, Title=f-hallpass720, External=1
2025-12-15 12:54:35.814 RedLemon[12674:80870] 🔍 MPV track-list/count: 12
2025-12-15 12:54:35.816 RedLemon[12674:80870] 🔍 Track 0 type: video
2025-12-15 12:54:35.830 RedLemon[12674:80870] 🔍 Track 1 type: audio
2025-12-15 12:54:35.830 RedLemon[12674:80870] 🔍 Track 2 type: sub
2025-12-15 12:54:35.830 RedLemon[12674:80870] ✅ Found subtitle track: ID=1, lang=en, title=Hall Pass 1080p BluRay x264, external=1
2025-12-15 12:54:35.830 RedLemon[12674:80870] 🔍 Track 3 type: sub
2025-12-15 12:54:35.831 RedLemon[12674:80870] ✅ Found subtitle track: ID=2, lang=en, title=Hall.Pass.2011.720p.BluRay.x264-Felony, external=1
2025-12-15 12:54:35.831 RedLemon[12674:80870] 🔍 Track 4 type: sub
2025-12-15 12:54:35.831 RedLemon[12674:80870] ✅ Found subtitle track: ID=3, lang=en, title=Hall.Pass.2011.BrRip.720p.x264.YIFY, external=1
2025-12-15 12:54:35.831 RedLemon[12674:80870] 🔍 Track 5 type: sub
2025-12-15 12:54:35.831 RedLemon[12674:80870] ✅ Found subtitle track: ID=4, lang=en, title=hall.pass.2011.extended.complete.bluray-tapas, external=1
2025-12-15 12:54:35.831 RedLemon[12674:80870] 🔍 Track 6 type: sub
2025-12-15 12:54:35.832 RedLemon[12674:80870] ✅ Found subtitle track: ID=5, lang=en, title=Hall.Pass.DVDRip.XviD-DEFACED, external=1
2025-12-15 12:54:35.832 RedLemon[12674:80870] 🔍 Track 7 type: sub
2025-12-15 12:54:35.832 RedLemon[12674:80870] ✅ Found subtitle track: ID=6, lang=en, title=Hall.Pass.DVDRip.XviD-DEFACED, external=1
2025-12-15 12:54:35.832 RedLemon[12674:80870] 🔍 Track 8 type: sub
2025-12-15 12:54:35.832 RedLemon[12674:80870] ✅ Found subtitle track: ID=7, lang=en, title=Hall.Pass.2011.720p.Bluray.x264.DTS.Felony, external=1
2025-12-15 12:54:35.832 RedLemon[12674:80870] 🔍 Track 9 type: sub
2025-12-15 12:54:35.832 RedLemon[12674:80870] ✅ Found subtitle track: ID=8, lang=en, title=Hall.Pass.2011.BRRip.XviD.AC3-SANTi, external=1
2025-12-15 12:54:35.833 RedLemon[12674:80870] 🔍 Track 10 type: sub
2025-12-15 12:54:35.833 RedLemon[12674:80870] ✅ Found subtitle track: ID=9, lang=en, title=Hall Pass 2011 DVDRip XviD-MAXSPEED, external=1
2025-12-15 12:54:35.833 RedLemon[12674:80870] 🔍 Track 11 type: sub
2025-12-15 12:54:35.833 RedLemon[12674:80870] ✅ Found subtitle track: ID=10, lang=en, title=f-hallpass720, external=1
2025-12-15 12:54:35.833 RedLemon[12674:80870] 📊 Total subtitle tracks found: 11 (including Off if needed)
2025-12-15 12:54:35.833 RedLemon[12674:80870]    Start[0]: ID=0, Title='Off', Lang='nil', Ext=0
2025-12-15 12:54:35.833 RedLemon[12674:80870]    Start[1]: ID=1, Title='Hall Pass 1080p BluRay x264', Lang='en', Ext=1
2025-12-15 12:54:35.833 RedLemon[12674:80870]    Start[2]: ID=2, Title='Hall.Pass.2011.720p.BluRay.x264-Felony', Lang='en', Ext=1
2025-12-15 12:54:35.834 RedLemon[12674:80870]    Start[3]: ID=3, Title='Hall.Pass.2011.BrRip.720p.x264.YIFY', Lang='en', Ext=1
2025-12-15 12:54:35.834 RedLemon[12674:80870]    Start[4]: ID=4, Title='hall.pass.2011.extended.complete.bluray-tapas', Lang='en', Ext=1
2025-12-15 12:54:35.834 RedLemon[12674:80870]    Start[5]: ID=5, Title='Hall.Pass.DVDRip.XviD-DEFACED', Lang='en', Ext=1
2025-12-15 12:54:35.834 RedLemon[12674:80870]    Start[6]: ID=6, Title='Hall.Pass.DVDRip.XviD-DEFACED', Lang='en', Ext=1
2025-12-15 12:54:35.834 RedLemon[12674:80870]    Start[7]: ID=7, Title='Hall.Pass.2011.720p.Bluray.x264.DTS.Felony', Lang='en', Ext=1
2025-12-15 12:54:35.834 RedLemon[12674:80870]    Start[8]: ID=8, Title='Hall.Pass.2011.BRRip.XviD.AC3-SANTi', Lang='en', Ext=1
2025-12-15 12:54:35.834 RedLemon[12674:80870]    Start[9]: ID=9, Title='Hall Pass 2011 DVDRip XviD-MAXSPEED', Lang='en', Ext=1
2025-12-15 12:54:35.834 RedLemon[12674:80870]    Start[10]: ID=10, Title='f-hallpass720', Lang='en', Ext=1
2025-12-15 12:54:35.834 RedLemon[12674:80870] ✅ SubtitleService: Scanned 11 tracks (Attempt 4/5)
2025-12-15 12:54:35.835 RedLemon[12674:80870]    Track: ID=0, Title=Off, External=0
2025-12-15 12:54:35.835 RedLemon[12674:80870]    Track: ID=1, Title=Hall Pass 1080p BluRay x264, External=1
2025-12-15 12:54:35.835 RedLemon[12674:80870]    Track: ID=2, Title=Hall.Pass.2011.720p.BluRay.x264-Felony, External=1
2025-12-15 12:54:35.835 RedLemon[12674:80870]    Track: ID=3, Title=Hall.Pass.2011.BrRip.720p.x264.YIFY, External=1
2025-12-15 12:54:35.835 RedLemon[12674:80870]    Track: ID=4, Title=hall.pass.2011.extended.complete.bluray-tapas, External=1
2025-12-15 12:54:35.835 RedLemon[12674:80870]    Track: ID=5, Title=Hall.Pass.DVDRip.XviD-DEFACED, External=1
2025-12-15 12:54:35.836 RedLemon[12674:80870]    Track: ID=6, Title=Hall.Pass.DVDRip.XviD-DEFACED, External=1
2025-12-15 12:54:35.836 RedLemon[12674:80870]    Track: ID=7, Title=Hall.Pass.2011.720p.Bluray.x264.DTS.Felony, External=1
2025-12-15 12:54:35.836 RedLemon[12674:80870]    Track: ID=8, Title=Hall.Pass.2011.BRRip.XviD.AC3-SANTi, External=1
2025-12-15 12:54:35.836 RedLemon[12674:80870]    Track: ID=9, Title=Hall Pass 2011 DVDRip XviD-MAXSPEED, External=1
2025-12-15 12:54:35.837 RedLemon[12674:80870]    Track: ID=10, Title=f-hallpass720, External=1
2025-12-15 12:54:36.275 RedLemon[12674:80870] 📨 Realtime: Received broadcast message
2025-12-15 12:54:36.275 RedLemon[12674:80870]    Payload keys: timestamp, type, isPlaying, position, senderId
2025-12-15 12:54:36.276 RedLemon[12674:80870] ✅ Realtime: Decoded message type: playbackState, sender: R876
2025-12-15 12:54:36.276 RedLemon[12674:80870] 📞 Realtime: Invoking syncCallback for message type: playbackState
2025-12-15 12:54:36.276 RedLemon[12674:80870] ✅ Realtime: syncCallback invoked successfully
2025-12-15 12:54:36.315 RedLemon[12674:80603] 🔍 DEBUG: Received sync message - type: playbackState, sender: R876
2025-12-15 12:54:36.928 RedLemon[12674:80870] 🔍 MPV track-list/count: 12
2025-12-15 12:54:36.928 RedLemon[12674:80870] 🔍 Track 0 type: video
2025-12-15 12:54:36.928 RedLemon[12674:80870] 🔍 Track 1 type: audio
2025-12-15 12:54:36.929 RedLemon[12674:80870] 🔍 Track 2 type: sub
2025-12-15 12:54:36.929 RedLemon[12674:80870] ✅ Found subtitle track: ID=1, lang=en, title=Hall Pass 1080p BluRay x264, external=1
2025-12-15 12:54:36.929 RedLemon[12674:80870] 🔍 Track 3 type: sub
2025-12-15 12:54:36.929 RedLemon[12674:80870] ✅ Found subtitle track: ID=2, lang=en, title=Hall.Pass.2011.720p.BluRay.x264-Felony, external=1
2025-12-15 12:54:36.929 RedLemon[12674:80870] 🔍 Track 4 type: sub
2025-12-15 12:54:36.930 RedLemon[12674:80870] ✅ Found subtitle track: ID=3, lang=en, title=Hall.Pass.2011.BrRip.720p.x264.YIFY, external=1
2025-12-15 12:54:36.930 RedLemon[12674:80870] 🔍 Track 5 type: sub
2025-12-15 12:54:36.930 RedLemon[12674:80870] ✅ Found subtitle track: ID=4, lang=en, title=hall.pass.2011.extended.complete.bluray-tapas, external=1
2025-12-15 12:54:36.930 RedLemon[12674:80870] 🔍 Track 6 type: sub
2025-12-15 12:54:36.930 RedLemon[12674:80870] ✅ Found subtitle track: ID=5, lang=en, title=Hall.Pass.DVDRip.XviD-DEFACED, external=1
2025-12-15 12:54:36.930 RedLemon[12674:80870] 🔍 Track 7 type: sub
2025-12-15 12:54:36.930 RedLemon[12674:80870] ✅ Found subtitle track: ID=6, lang=en, title=Hall.Pass.DVDRip.XviD-DEFACED, external=1
2025-12-15 12:54:36.930 RedLemon[12674:80870] 🔍 Track 8 type: sub
2025-12-15 12:54:36.931 RedLemon[12674:80870] ✅ Found subtitle track: ID=7, lang=en, title=Hall.Pass.2011.720p.Bluray.x264.DTS.Felony, external=1
2025-12-15 12:54:36.931 RedLemon[12674:80870] 🔍 Track 9 type: sub
2025-12-15 12:54:36.931 RedLemon[12674:80870] ✅ Found subtitle track: ID=8, lang=en, title=Hall.Pass.2011.BRRip.XviD.AC3-SANTi, external=1
2025-12-15 12:54:36.931 RedLemon[12674:80870] 🔍 Track 10 type: sub
2025-12-15 12:54:36.931 RedLemon[12674:80870] ✅ Found subtitle track: ID=9, lang=en, title=Hall Pass 2011 DVDRip XviD-MAXSPEED, external=1
2025-12-15 12:54:36.931 RedLemon[12674:80870] 🔍 Track 11 type: sub
2025-12-15 12:54:36.931 RedLemon[12674:80870] ✅ Found subtitle track: ID=10, lang=en, title=f-hallpass720, external=1
2025-12-15 12:54:36.931 RedLemon[12674:80870] 📊 Total subtitle tracks found: 11 (including Off if needed)
2025-12-15 12:54:36.931 RedLemon[12674:80870]    Start[0]: ID=0, Title='Off', Lang='nil', Ext=0
2025-12-15 12:54:36.932 RedLemon[12674:80870]    Start[1]: ID=1, Title='Hall Pass 1080p BluRay x264', Lang='en', Ext=1
2025-12-15 12:54:36.932 RedLemon[12674:80870]    Start[2]: ID=2, Title='Hall.Pass.2011.720p.BluRay.x264-Felony', Lang='en', Ext=1
2025-12-15 12:54:36.932 RedLemon[12674:80870]    Start[3]: ID=3, Title='Hall.Pass.2011.BrRip.720p.x264.YIFY', Lang='en', Ext=1
2025-12-15 12:54:36.932 RedLemon[12674:80870]    Start[4]: ID=4, Title='hall.pass.2011.extended.complete.bluray-tapas', Lang='en', Ext=1
2025-12-15 12:54:36.932 RedLemon[12674:80870]    Start[5]: ID=5, Title='Hall.Pass.DVDRip.XviD-DEFACED', Lang='en', Ext=1
2025-12-15 12:54:36.932 RedLemon[12674:80870]    Start[6]: ID=6, Title='Hall.Pass.DVDRip.XviD-DEFACED', Lang='en', Ext=1
2025-12-15 12:54:36.932 RedLemon[12674:80870]    Start[7]: ID=7, Title='Hall.Pass.2011.720p.Bluray.x264.DTS.Felony', Lang='en', Ext=1
2025-12-15 12:54:36.932 RedLemon[12674:80870]    Start[8]: ID=8, Title='Hall.Pass.2011.BRRip.XviD.AC3-SANTi', Lang='en', Ext=1
2025-12-15 12:54:36.932 RedLemon[12674:80870]    Start[9]: ID=9, Title='Hall Pass 2011 DVDRip XviD-MAXSPEED', Lang='en', Ext=1
2025-12-15 12:54:36.932 RedLemon[12674:80870]    Start[10]: ID=10, Title='f-hallpass720', Lang='en', Ext=1
2025-12-15 12:54:36.933 RedLemon[12674:80870] ✅ SubtitleService: Scanned 11 tracks (Attempt 5/5)
2025-12-15 12:54:36.933 RedLemon[12674:80870]    Track: ID=0, Title=Off, External=0
2025-12-15 12:54:36.933 RedLemon[12674:80870]    Track: ID=1, Title=Hall Pass 1080p BluRay x264, External=1
2025-12-15 12:54:36.933 RedLemon[12674:80870]    Track: ID=2, Title=Hall.Pass.2011.720p.BluRay.x264-Felony, External=1
2025-12-15 12:54:36.933 RedLemon[12674:80870]    Track: ID=3, Title=Hall.Pass.2011.BrRip.720p.x264.YIFY, External=1
2025-12-15 12:54:36.933 RedLemon[12674:80870]    Track: ID=4, Title=hall.pass.2011.extended.complete.bluray-tapas, External=1
2025-12-15 12:54:36.933 RedLemon[12674:80870]    Track: ID=5, Title=Hall.Pass.DVDRip.XviD-DEFACED, External=1
2025-12-15 12:54:36.934 RedLemon[12674:80870]    Track: ID=6, Title=Hall.Pass.DVDRip.XviD-DEFACED, External=1
2025-12-15 12:54:36.934 RedLemon[12674:80870]    Track: ID=7, Title=Hall.Pass.2011.720p.Bluray.x264.DTS.Felony, External=1
2025-12-15 12:54:36.934 RedLemon[12674:80870]    Track: ID=8, Title=Hall.Pass.2011.BRRip.XviD.AC3-SANTi, External=1
2025-12-15 12:54:36.935 RedLemon[12674:80870]    Track: ID=9, Title=Hall Pass 2011 DVDRip XviD-MAXSPEED, External=1
2025-12-15 12:54:36.935 RedLemon[12674:80870]    Track: ID=10, Title=f-hallpass720, External=1
2025-12-15 12:54:38.062 RedLemon[12674:80951] 📨 Realtime: Received broadcast message
2025-12-15 12:54:38.063 RedLemon[12674:80951]    Payload keys: type, timestamp, isPlaying, senderId, position
2025-12-15 12:54:38.064 RedLemon[12674:80951] ✅ Realtime: Decoded message type: playbackState, sender: R876
2025-12-15 12:54:38.065 RedLemon[12674:80951] 📞 Realtime: Invoking syncCallback for message type: playbackState
2025-12-15 12:54:38.065 RedLemon[12674:80951] ✅ Realtime: syncCallback invoked successfully
2025-12-15 12:54:38.105 RedLemon[12674:80603] 🔍 DEBUG: Received sync message - type: playbackState, sender: R876
2025-12-15 12:54:40.374 RedLemon[12674:81039] 📨 Realtime: Received broadcast message
2025-12-15 12:54:40.374 RedLemon[12674:81039]    Payload keys: senderId, timestamp, position, isPlaying, type
2025-12-15 12:54:40.374 RedLemon[12674:81039] ✅ Realtime: Decoded message type: playbackState, sender: R876
2025-12-15 12:54:40.374 RedLemon[12674:81039] 📞 Realtime: Invoking syncCallback for message type: playbackState
2025-12-15 12:54:40.374 RedLemon[12674:81039] ✅ Realtime: syncCallback invoked successfully
2025-12-15 12:54:40.403 RedLemon[12674:80603] 🔍 DEBUG: Received sync message - type: playbackState, sender: R876
2025-12-15 12:54:42.076 RedLemon[12674:80951] 📨 Realtime: Received broadcast message
2025-12-15 12:54:42.077 RedLemon[12674:80951]    Payload keys: position, timestamp, isPlaying, type, senderId
2025-12-15 12:54:42.077 RedLemon[12674:80951] ✅ Realtime: Decoded message type: playbackState, sender: R876
2025-12-15 12:54:42.077 RedLemon[12674:80951] 📞 Realtime: Invoking syncCallback for message type: playbackState
2025-12-15 12:54:42.077 RedLemon[12674:80951] ✅ Realtime: syncCallback invoked successfully
2025-12-15 12:54:42.110 RedLemon[12674:80603] 🔍 DEBUG: Received sync message - type: playbackState, sender: R876
2025-12-15 12:54:44.082 RedLemon[12674:80870] 📨 Realtime: Received broadcast message
2025-12-15 12:54:44.083 RedLemon[12674:80870]    Payload keys: position, senderId, type, isPlaying, timestamp
2025-12-15 12:54:44.084 RedLemon[12674:80870] ✅ Realtime: Decoded message type: playbackState, sender: R876
2025-12-15 12:54:44.084 RedLemon[12674:80870] 📞 Realtime: Invoking syncCallback for message type: playbackState
2025-12-15 12:54:44.084 RedLemon[12674:80870] ✅ Realtime: syncCallback invoked successfully
2025-12-15 12:54:44.117 RedLemon[12674:80603] 🔍 DEBUG: Received sync message - type: playbackState, sender: R876
2025-12-15 12:54:46.130 RedLemon[12674:80951] 📨 Realtime: Received broadcast message
2025-12-15 12:54:46.131 RedLemon[12674:80951]    Payload keys: timestamp, position, isPlaying, type, senderId
2025-12-15 12:54:46.131 RedLemon[12674:80951] ✅ Realtime: Decoded message type: playbackState, sender: R876
2025-12-15 12:54:46.131 RedLemon[12674:80951] 📞 Realtime: Invoking syncCallback for message type: playbackState
2025-12-15 12:54:46.131 RedLemon[12674:80951] ✅ Realtime: syncCallback invoked successfully
2025-12-15 12:54:46.161 RedLemon[12674:80603] 🔍 DEBUG: Received sync message - type: playbackState, sender: R876
2025-12-15 12:54:48.259 RedLemon[12674:81039] 📨 Realtime: Received broadcast message
2025-12-15 12:54:48.259 RedLemon[12674:81039]    Payload keys: position, senderId, isPlaying, timestamp, type
2025-12-15 12:54:48.259 RedLemon[12674:81039] ✅ Realtime: Decoded message type: playbackState, sender: R876
2025-12-15 12:54:48.259 RedLemon[12674:81039] 📞 Realtime: Invoking syncCallback for message type: playbackState
2025-12-15 12:54:48.259 RedLemon[12674:81039] ✅ Realtime: syncCallback invoked successfully
2025-12-15 12:54:48.285 RedLemon[12674:80603] 🔍 DEBUG: Received sync message - type: playbackState, sender: R876
2025-12-15 12:54:50.202 RedLemon[12674:80870] 📨 Realtime: Received broadcast message
2025-12-15 12:54:50.202 RedLemon[12674:80870]    Payload keys: isPlaying, timestamp, senderId, type, position
2025-12-15 12:54:50.202 RedLemon[12674:80870] ✅ Realtime: Decoded message type: playbackState, sender: R876
2025-12-15 12:54:50.203 RedLemon[12674:80870] 📞 Realtime: Invoking syncCallback for message type: playbackState
2025-12-15 12:54:50.203 RedLemon[12674:80870] ✅ Realtime: syncCallback invoked successfully
2025-12-15 12:54:50.241 RedLemon[12674:80603] 🔍 DEBUG: Received sync message - type: playbackState, sender: R876
2025-12-15 12:54:52.078 RedLemon[12674:80870] 📨 Realtime: Received broadcast message
2025-12-15 12:54:52.078 RedLemon[12674:80870]    Payload keys: isPlaying, senderId, timestamp, position, type
2025-12-15 12:54:52.079 RedLemon[12674:80870] ✅ Realtime: Decoded message type: playbackState, sender: R876
2025-12-15 12:54:52.079 RedLemon[12674:80870] 📞 Realtime: Invoking syncCallback for message type: playbackState
2025-12-15 12:54:52.079 RedLemon[12674:80870] ✅ Realtime: syncCallback invoked successfully
2025-12-15 12:54:52.082 RedLemon[12674:80603] 🔍 DEBUG: Received sync message - type: playbackState, sender: R876
2025-12-15 12:54:54.098 RedLemon[12674:80870] 📨 Realtime: Received broadcast message
2025-12-15 12:54:54.098 RedLemon[12674:80870]    Payload keys: isPlaying, position, type, timestamp, senderId
2025-12-15 12:54:54.098 RedLemon[12674:80870] ✅ Realtime: Decoded message type: playbackState, sender: R876
2025-12-15 12:54:54.098 RedLemon[12674:80870] 📞 Realtime: Invoking syncCallback for message type: playbackState
2025-12-15 12:54:54.098 RedLemon[12674:80870] ✅ Realtime: syncCallback invoked successfully
2025-12-15 12:54:54.125 RedLemon[12674:80603] 🔍 DEBUG: Received sync message - type: playbackState, sender: R876
2025-12-15 12:54:56.091 RedLemon[12674:81078] 📨 Realtime: Received broadcast message
2025-12-15 12:54:56.092 RedLemon[12674:81078]    Payload keys: senderId, type, timestamp, position, isPlaying
2025-12-15 12:54:56.094 RedLemon[12674:81078] ✅ Realtime: Decoded message type: playbackState, sender: R876
2025-12-15 12:54:56.094 RedLemon[12674:81078] 📞 Realtime: Invoking syncCallback for message type: playbackState
2025-12-15 12:54:56.095 RedLemon[12674:81078] ✅ Realtime: syncCallback invoked successfully
2025-12-15 12:54:56.127 RedLemon[12674:80603] 🔍 DEBUG: Received sync message - type: playbackState, sender: R876
2025-12-15 12:54:58.089 RedLemon[12674:80992] 📨 Realtime: Received broadcast message
2025-12-15 12:54:58.089 RedLemon[12674:80992]    Payload keys: timestamp, position, senderId, type, isPlaying
2025-12-15 12:54:58.090 RedLemon[12674:80603] ✅ Exit button triggered! x=304 <= 342, y=647 >= 576
2025-12-15 12:54:58.090 RedLemon[12674:80992] ✅ Realtime: Decoded message type: playbackState, sender: R876
2025-12-15 12:54:58.090 RedLemon[12674:80992] 📞 Realtime: Invoking syncCallback for message type: playbackState
2025-12-15 12:54:58.090 RedLemon[12674:80992] ✅ Realtime: syncCallback invoked successfully
2025-12-15 12:54:58.111 RedLemon[12674:80603] ✅ Exit button triggered! x=263 <= 342, y=652 >= 576
2025-12-15 12:54:58.112 RedLemon[12674:80603] ✅ Exit button triggered! x=249 <= 342, y=655 >= 576
2025-12-15 12:54:58.113 RedLemon[12674:80603] 🔍 DEBUG: Received sync message - type: playbackState, sender: R876
2025-12-15 12:54:58.131 RedLemon[12674:80603] ✅ Exit button triggered! x=236 <= 342, y=657 >= 576
2025-12-15 12:54:58.133 RedLemon[12674:80603] ✅ Exit button triggered! x=224 <= 342, y=660 >= 576
2025-12-15 12:54:58.179 RedLemon[12674:80603] ✅ Exit button triggered! x=191 <= 342, y=666 >= 576
2025-12-15 12:54:58.181 RedLemon[12674:80603] ✅ Exit button triggered! x=154 <= 342, y=674 >= 576
2025-12-15 12:54:58.259 RedLemon[12674:80603] ✅ Exit button triggered! x=145 <= 342, y=676 >= 576
2025-12-15 12:54:58.380 RedLemon[12674:80603] ✅ Exit button triggered! x=127 <= 342, y=686 >= 576
2025-12-15 12:54:58.421 RedLemon[12674:80603] ✅ Exit button triggered! x=115 <= 342, y=701 >= 576
2025-12-15 12:54:58.463 RedLemon[12674:80603] ✅ Exit button triggered! x=112 <= 342, y=705 >= 576
2025-12-15 12:54:58.465 RedLemon[12674:80603] ✅ Exit button triggered! x=108 <= 342, y=714 >= 576
2025-12-15 12:54:58.473 RedLemon[12674:80603] ✅ Exit button triggered! x=108 <= 342, y=715 >= 576
2025-12-15 12:54:58.475 RedLemon[12674:80603] ✅ Exit button triggered! x=108 <= 342, y=716 >= 576
2025-12-15 12:54:58.482 RedLemon[12674:80603] ✅ Exit button triggered! x=107 <= 342, y=716 >= 576
2025-12-15 12:54:58.546 RedLemon[12674:80603] ✅ Exit button triggered! x=108 <= 342, y=716 >= 576
2025-12-15 12:54:58.713 RedLemon[12674:80603] ✅ Exit button triggered! x=105 <= 342, y=720 >= 576
2025-12-15 12:54:58.717 RedLemon[12674:80603] ✅ Exit button triggered! x=104 <= 342, y=722 >= 576
2025-12-15 12:54:58.756 RedLemon[12674:80603] ✅ Exit button triggered! x=99 <= 342, y=728 >= 576
2025-12-15 12:54:58.770 RedLemon[12674:80603] ✅ Exit button triggered! x=98 <= 342, y=729 >= 576
2025-12-15 12:54:58.798 RedLemon[12674:80603] ✅ Exit button triggered! x=97 <= 342, y=730 >= 576
2025-12-15 12:54:58.881 RedLemon[12674:80603] ✅ Exit button triggered! x=96 <= 342, y=733 >= 576
2025-12-15 12:54:58.886 RedLemon[12674:80603] ✅ Exit button triggered! x=96 <= 342, y=734 >= 576
2025-12-15 12:54:58.892 RedLemon[12674:80603] ✅ Exit button triggered! x=96 <= 342, y=734 >= 576
2025-12-15 12:54:58.898 RedLemon[12674:80603] ✅ Exit button triggered! x=96 <= 342, y=735 >= 576
2025-12-15 12:54:58.966 RedLemon[12674:80603] ✅ Exit button triggered! x=95 <= 342, y=736 >= 576
2025-12-15 12:54:59.133 RedLemon[12674:80603] 🖥️ WindowManager: exitFullscreen() called
2025-12-15 12:54:59.133 RedLemon[12674:80603]    ✅ WindowManager: Toggling fullscreen OFF
2025-12-15 12:54:59.225 RedLemon[12674:80603] 🪟 WindowManager: restoreWindowSize() called - restoring to expanded size
2025-12-15 12:54:59.225 RedLemon[12674:80603]    📐 WindowManager: Restoring to expanded size: (0.0, 0.0, 1366.0, 743.0)
2025-12-15 12:54:59.492 RedLemon[12674:80603]    ✅ WindowManager: Window restored to expanded size
📄 Subtitle request: L3N1YnRpdGxlLzYyODYw... (offset: 0ms)
📥 Downloading subtitle from SubDL CDN: /subtitle/628603-442275.zip
[MPV] Track added:
[MPV] (+) Video --vid=1 (*) (h264 [High] 1920x798 23.976fps)
[MPV] (+) Audio --aid=1 --alang=eng (*) (aac [LC] 6ch 48000Hz)
[MPV] Subs  --sid=1 --slang=en 'Hall Pass 1080p BluRay x264' (webvtt) (external)
[MPV] Subs  --sid=2 --slang=en 'Hall.Pass.2011.720p.BluRay.x264-Felony' (webvtt) (external)
[MPV] Subs  --sid=3 --slang=en 'Hall.Pass.2011.BrRip.720p.x264.YIFY' (webvtt) (external)
[MPV] Subs  --sid=4 --slang=en 'hall.pass.2011.extended.complete.bluray-tapas' (webvtt) (external)
[MPV] Subs  --sid=5 --slang=en 'Hall.Pass.DVDRip.XviD-DEFACED' (webvtt) (external)
[MPV] Subs  --sid=6 --slang=en 'Hall.Pass.DVDRip.XviD-DEFACED' (webvtt) (external)
🎬 DisplayLink: reportSwap() (throttled)
[MPV] Subs  --sid=7 --slang=en 'Hall.Pass.2011.720p.Bluray.x264.DTS.Felony' (webvtt) (external)
🎬 Layer.update() called - forceDraw:false needsFlip:true (throttled)
[MPV] Subs  --sid=8 --slang=en 'Hall.Pass.2011.BRRip.XviD.AC3-SANTi' (webvtt) (external)
🎬 MPV: Frame ready! Calling layer.update() (throttled)
[MPV] (+) Subs  --sid=9 --slang=en 'Hall Pass 2011 DVDRip XviD-MAXSPEED' (webvtt) (external)
📨 Received: {"ref":null,"event":"broadcast","payload":{"event":"sync","payload":{"isPlaying":true,"position":0,"senderId":"R876","timestamp":5.38038038038038,"type":"playbackState"},"type":"broadcast"},"topic":"realtime:watch-party:R876"}
⚡ Ultra-gentle sync: 1.005x to fix 231ms drift
⚡ Playback speed adjusted to 1.00x for sync
✅ Download complete: 66339 bytes
📦 Detected ZIP archive, extracting...
⚠️ No specific episode match found, using first file: f-hallpass720.srt
✅ Extraction successful
✅ Subtitle downloaded and converted to VTT
[MPV] Track added:
[MPV] (+) Video --vid=1 (*) (h264 [High] 1920x798 23.976fps)
[MPV] (+) Audio --aid=1 --alang=eng (*) (aac [LC] 6ch 48000Hz)
🔍 SubtitleService: Starting embedded track scan (polling 5s)...
[MPV] Subs  --sid=1 --slang=en 'Hall Pass 1080p BluRay x264' (webvtt) (external)
[MPV] Subs  --sid=2 --slang=en 'Hall.Pass.2011.720p.BluRay.x264-Felony' (webvtt) (external)
[MPV] Subs  --sid=3 --slang=en 'Hall.Pass.2011.BrRip.720p.x264.YIFY' (webvtt) (external)
[MPV] Subs  --sid=4 --slang=en 'hall.pass.2011.extended.complete.bluray-tapas' (webvtt) (external)
[MPV] Subs  --sid=5 --slang=en 'Hall.Pass.DVDRip.XviD-DEFACED' (webvtt) (external)
[MPV] Subs  --sid=6 --slang=en 'Hall.Pass.DVDRip.XviD-DEFACED' (webvtt) (external)
[MPV] Subs  --sid=7 --slang=en 'Hall.Pass.2011.720p.Bluray.x264.DTS.Felony' (webvtt) (external)
[MPV] Subs  --sid=8 --slang=en 'Hall.Pass.2011.BRRip.XviD.AC3-SANTi' (webvtt) (external)
[MPV] Subs  --sid=9 --slang=en 'Hall Pass 2011 DVDRip XviD-MAXSPEED' (webvtt) (external)
[MPV] (+) Subs  --sid=10 --slang=en 'f-hallpass720' (webvtt) (external)
📊 Current subtitle track: 10
🎬 DisplayLink: reportSwap() (throttled)
⚠️ Join/Leave Race: Participant 656daa91-33b4-4688-9135-c982ea52d7c9 not found in list during LEAVE processing. Likely already removed or never added.
📊 Current subtitle track: 10
🎬 DisplayLink: reportSwap() (throttled)
📨 Received: {"ref":null,"event":"broadcast","payload":{"event":"sync","payload":{"isPlaying":true,"position":0,"senderId":"R876","timestamp":7.424090757424091,"type":"playbackState"},"type":"broadcast"},"topic":"realtime:watch-party:R876"}
🎬 MPV: Frame ready! Calling layer.update() (throttled)
⚡ Ultra-gentle sync: 1.005x to fix 313ms drift
⚡ Playback speed adjusted to 1.00x for sync
📊 Current subtitle track: 10
🎬 DisplayLink: reportSwap() (throttled)
🎬 Layer.update() called - forceDraw:false needsFlip:true (throttled)
📊 Current subtitle track: 10
🎬 DisplayLink: reportSwap() (throttled)
🎬 canDraw() = true (forceDraw:false, hasFrame:true) (throttled)
🎬 draw() - Rendering frame! (throttled)
🎬 MPV: Frame ready! Calling layer.update() (throttled)
📨 Received: {"ref":null,"event":"broadcast","payload":{"event":"sync","payload":{"isPlaying":true,"position":0,"senderId":"R876","timestamp":9.467801134467802,"type":"playbackState"},"type":"broadcast"},"topic":"realtime:watch-party:R876"}
⚡ Ultra-gentle sync: 1.005x to fix 300ms drift
⚡ Playback speed adjusted to 1.00x for sync
📊 Current subtitle track: 10
🔍 AUTO-SELECT: Starting subtitle scan & selection refresh
🔍 AUTO-SELECT: Found 12 total tracks
🔍 AUTO-SELECT: Track 2 - ID: 1, lang: 'en', title: 'Hall Pass 1080p BluRay x264', forced: false, default: false, HI: false, Ext: true
🔍 AUTO-SELECT: Track 3 - ID: 2, lang: 'en', title: 'Hall.Pass.2011.720p.BluRay.x264-Felony', forced: false, default: false, HI: false, Ext: true
🔍 AUTO-SELECT: Track 4 - ID: 3, lang: 'en', title: 'Hall.Pass.2011.BrRip.720p.x264.YIFY', forced: false, default: false, HI: false, Ext: true
🔍 AUTO-SELECT: Track 5 - ID: 4, lang: 'en', title: 'hall.pass.2011.extended.complete.bluray-tapas', forced: false, default: false, HI: false, Ext: true
🔍 AUTO-SELECT: Track 6 - ID: 5, lang: 'en', title: 'Hall.Pass.DVDRip.XviD-DEFACED', forced: false, default: false, HI: false, Ext: true
🔍 AUTO-SELECT: Track 7 - ID: 6, lang: 'en', title: 'Hall.Pass.DVDRip.XviD-DEFACED', forced: false, default: false, HI: false, Ext: true
🔍 AUTO-SELECT: Track 8 - ID: 7, lang: 'en', title: 'Hall.Pass.2011.720p.Bluray.x264.DTS.Felony', forced: false, default: false, HI: false, Ext: true
🔍 AUTO-SELECT: Track 9 - ID: 8, lang: 'en', title: 'Hall.Pass.2011.BRRip.XviD.AC3-SANTi', forced: false, default: false, HI: false, Ext: true
🔍 AUTO-SELECT: Track 10 - ID: 9, lang: 'en', title: 'Hall Pass 2011 DVDRip XviD-MAXSPEED', forced: false, default: false, HI: false, Ext: true
🔍 AUTO-SELECT: Track 11 - ID: 10, lang: 'en', title: 'f-hallpass720', forced: false, default: false, HI: false, Ext: true
✅ Auto-selecting BEST English subtitle: Hall Pass 1080p BluRay x264 (ID: 1) [External: true, Forced: false, Default: false, HI: false]
   🏆 Final Score: 600 (Embedded: 0, Match: 600, Clean: 0, SDH: 0)
[MPV] Track switched:
[MPV] (+) Video --vid=1 (*) (h264 [High] 1920x798 23.976fps)
[MPV] (+) Audio --aid=1 --alang=eng (*) (aac [LC] 6ch 48000Hz)
[MPV] (+) Subs  --sid=1 --slang=en 'Hall Pass 1080p BluRay x264' (webvtt) (external)
🎬 DisplayLink: reportSwap() (throttled)
[MPV] Subs  --sid=2 --slang=en 'Hall.Pass.2011.720p.BluRay.x264-Felony' (webvtt) (external)
[MPV] Subs  --sid=3 --slang=en 'Hall.Pass.2011.BrRip.720p.x264.YIFY' (webvtt) (external)
[MPV] Subs  --sid=4 --slang=en 'hall.pass.2011.extended.complete.bluray-tapas' (webvtt) (external)
[MPV] Subs  --sid=5 --slang=en 'Hall.Pass.DVDRip.XviD-DEFACED' (webvtt) (external)
[MPV] Subs  --sid=6 --slang=en 'Hall.Pass.DVDRip.XviD-DEFACED' (webvtt) (external)
[MPV] Subs  --sid=7 --slang=en 'Hall.Pass.2011.720p.Bluray.x264.DTS.Felony' (webvtt) (external)
[MPV] Subs  --sid=8 --slang=en 'Hall.Pass.2011.BRRip.XviD.AC3-SANTi' (webvtt) (external)
[MPV] Subs  --sid=9 --slang=en 'Hall Pass 2011 DVDRip XviD-MAXSPEED' (webvtt) (external)
[MPV] Subs  --sid=10 --slang=en 'f-hallpass720' (webvtt) (external)
📨 Received: {"ref":null,"event":"broadcast","payload":{"event":"sync","payload":{"isPlaying":true,"position":0,"senderId":"R876","timestamp":11.511511511511513,"type":"playbackState"},"type":"broadcast"},"topic":"realtime:watch-party:R876"}
⚡ Ultra-gentle sync: 1.005x to fix 332ms drift
🎬 DisplayLink: reportSwap() (throttled)
⚡ Playback speed adjusted to 1.00x for sync
🎬 Layer.update() called - forceDraw:false needsFlip:true (throttled)
🎬 MPV: Frame ready! Calling layer.update() (throttled)
🎬 DisplayLink: reportSwap() (throttled)
🎬 DisplayLink: reportSwap() (throttled)
🎬 MPV: Frame ready! Calling layer.update() (throttled)
📨 Received: {"ref":null,"event":"broadcast","payload":{"event":"sync","payload":{"isPlaying":true,"position":0,"senderId":"R876","timestamp":13.555221888555222,"type":"playbackState"},"type":"broadcast"},"topic":"realtime:watch-party:R876"}
⚡ Ultra-gentle sync: 1.005x to fix 283ms drift
⚡ Playback speed adjusted to 1.00x for sync
🎬 canDraw() = true (forceDraw:false, hasFrame:true) (throttled)
🎬 draw() - Rendering frame! (throttled)
🎬 DisplayLink: reportSwap() (throttled)
🎬 Layer.update() called - forceDraw:false needsFlip:true (throttled)
📨 Received: {"ref":null,"event":"broadcast","payload":{"event":"sync","payload":{"isPlaying":true,"position":0,"senderId":"R876","timestamp":15.306973640306975,"type":"playbackState"},"type":"broadcast"},"topic":"realtime:watch-party:R876"}
⚡ Ultra-gentle sync: 1.005x to fix 283ms drift
⚡ Playback speed adjusted to 1.00x for sync
🎬 DisplayLink: reportSwap() (throttled)
🎬 MPV: Frame ready! Calling layer.update() (throttled)
🎬 DisplayLink: reportSwap() (throttled)
💓 Heartbeat sent
📨 Received: {"ref":"6","event":"phx_reply","payload":{"status":"ok","response":{}},"topic":"phoenix"}
📨 Received: {"ref":null,"event":"broadcast","payload":{"event":"sync","payload":{"isPlaying":true,"position":0,"senderId":"R876","timestamp":17.350684017350684,"type":"playbackState"},"type":"broadcast"},"topic":"realtime:watch-party:R876"}
⚡ Ultra-gentle sync: 1.005x to fix 283ms drift
⚡ Playback speed adjusted to 1.00x for sync
🎬 Layer.update() called - forceDraw:false needsFlip:true (throttled)
🎬 DisplayLink: reportSwap() (throttled)
🎬 MPV: Frame ready! Calling layer.update() (throttled)
🎬 DisplayLink: reportSwap() (throttled)
🎬 canDraw() = true (forceDraw:false, hasFrame:true) (throttled)
🎬 draw() - Rendering frame! (throttled)
📨 Received: {"ref":null,"event":"broadcast","payload":{"event":"sync","payload":{"isPlaying":true,"position":0,"senderId":"R876","timestamp":19.394394394394396,"type":"playbackState"},"type":"broadcast"},"topic":"realtime:watch-party:R876"}
⚡ Ultra-gentle sync: 1.005x to fix 283ms drift
⚡ Playback speed adjusted to 1.00x for sync
🎬 DisplayLink: reportSwap() (throttled)
🎬 MPV: Frame ready! Calling layer.update() (throttled)
🎬 Layer.update() called - forceDraw:false needsFlip:true (throttled)
🎬 DisplayLink: reportSwap() (throttled)
🎬 DisplayLink: reportSwap() (throttled)
📨 Received: {"ref":null,"event":"broadcast","payload":{"event":"sync","payload":{"isPlaying":true,"position":0,"senderId":"R876","timestamp":21.479813146479813,"type":"playbackState"},"type":"broadcast"},"topic":"realtime:watch-party:R876"}
🎬 MPV: Frame ready! Calling layer.update() (throttled)
⚡ Ultra-gentle sync: 1.005x to fix 233ms drift
⚡ Playback speed adjusted to 1.00x for sync
💓 Heartbeat sent
💓 Heartbeat sent
📨 Received: {"ref":"5","event":"phx_reply","payload":{"status":"ok","response":{}},"topic":"phoenix"}
📨 Received: {"ref":"3","event":"phx_reply","payload":{"status":"ok","response":{}},"topic":"phoenix"}
🎬 DisplayLink: reportSwap() (throttled)
🎬 Layer.update() called - forceDraw:false needsFlip:true (throttled)
📨 Received: {"ref":null,"event":"broadcast","payload":{"event":"sync","payload":{"isPlaying":true,"position":0,"senderId":"R876","timestamp":23.523523523523526,"type":"playbackState"},"type":"broadcast"},"topic":"realtime:watch-party:R876"}
⚡ Ultra-gentle sync: 1.005x to fix 299ms drift
🎬 DisplayLink: reportSwap() (throttled)
⚡ Playback speed adjusted to 1.00x for sync
🎬 MPV: Frame ready! Calling layer.update() (throttled)
🎬 canDraw() = true (forceDraw:false, hasFrame:true) (throttled)
🎬 draw() - Rendering frame! (throttled)
🎬 DisplayLink: reportSwap() (throttled)
📨 Received: {"ref":null,"event":"broadcast","payload":{"event":"sync","payload":{"isPlaying":true,"position":0,"senderId":"R876","timestamp":25.567233900567235,"type":"playbackState"},"type":"broadcast"},"topic":"realtime:watch-party:R876"}
⚡ Ultra-gentle sync: 1.005x to fix 366ms drift
⚡ Playback speed adjusted to 1.00x for sync
🎬 DisplayLink: reportSwap() (throttled)
🎬 MPV: Frame ready! Calling layer.update() (throttled)
🎬 Layer.update() called - forceDraw:false needsFlip:true (throttled)
🎬 DisplayLink: reportSwap() (throttled)
📨 Received: {"ref":null,"event":"broadcast","payload":{"event":"sync","payload":{"isPlaying":true,"position":0,"senderId":"R876","timestamp":27.318985652318986,"type":"playbackState"},"type":"broadcast"},"topic":"realtime:watch-party:R876"}
⚡ Ultra-gentle sync: 1.005x to fix 316ms drift
⚡ Playback speed adjusted to 1.00x for sync
🎬 DisplayLink: reportSwap() (throttled)
🎬 MPV: Frame ready! Calling layer.update() (throttled)
🎬 DisplayLink: reportSwap() (throttled)
📨 Received: {"ref":null,"event":"broadcast","payload":{"event":"sync","payload":{"isPlaying":true,"position":0,"senderId":"R876","timestamp":29.3626960293627,"type":"playbackState"},"type":"broadcast"},"topic":"realtime:watch-party:R876"}
⚡ Ultra-gentle sync: 1.005x to fix 324ms drift
⚡ Playback speed adjusted to 1.00x for sync
🎬 canDraw() = true (forceDraw:false, hasFrame:true) (throttled)
🎬 draw() - Rendering frame! (throttled)
🎬 Layer.update() called - forceDraw:false needsFlip:true (throttled)
🎬 DisplayLink: reportSwap() (throttled)
🎬 MPV: Frame ready! Calling layer.update() (throttled)
💾 Saved to watch history: Hall Pass at 29s
🎬 DisplayLink: reportSwap() (throttled)
📨 Received: {"ref":null,"event":"broadcast","payload":{"event":"sync","payload":{"isPlaying":true,"position":0,"senderId":"R876","timestamp":31.406406406406408,"type":"playbackState"},"type":"broadcast"},"topic":"realtime:watch-party:R876"}
⚡ Ultra-gentle sync: 1.005x to fix 383ms drift
⚡ Playback speed adjusted to 1.00x for sync
🎬 DisplayLink: reportSwap() (throttled)
🎬 MPV: Frame ready! Calling layer.update() (throttled)
👋 Leaving room: R876
❌ RedLemon: NOT showing MPVPlayerView
   isResolvingStream: false
   streamError: nil
   selectedStream: NIL
🎬 Stopping CVDisplayLink...
🎬 CVDisplayLink stopped and released
🎬 MPVViewLayer uniniting...
🧹 Freeing render context on OpenGL thread...
🎬 MPVViewLayer cleanup complete
📝 Stopped watch history tracking
⏱️ Invalidating all active timers
🎬 MPVLayerHostView deinit
✅ BrowseView: Server is ready, loading content...
🔍 BrowseView: Loading content for tab: Movies
🗑️ Cleared all streaming catalogs
📽️ Fetching popular movies...
 MPV Event: 17
🧹 Cleaning up MPV player...
[ INFO ] GET /api/metadata/catalog/movie/popular [request-id: 1E38ACB6-B315-4CF6-BBDE-7A63F86FAF57]
🔍 [Server] Proxying catalog request to: https://v3-cinemeta.strem.io/catalog/movie/popular.json
 MPV Event: 17
📡 SocialService: Updated status - Watching: Nothing
🗑️ Invalidated all active timers
🧹 Cleaning up Realtime channel for room: R876
🔄 Untracking presence...
✅ Presence untracked
🔄 Leaving channel...
✅ Channel left
ℹ️ Keeping WebSocket connected (disconnectClient=false)
✅ Realtime channel cleanup complete
✅ Cache HIT: Catalog[quick_movie_cru.json_7]
✅ Cache HIT: Catalog[quick_movie_sst.json_7]
✅ Cache HIT: Catalog[quick_movie_hlu.json_7]
✅ Cache HIT: Catalog[quick_movie_pmp.json_7]
✅ Cache HIT: Catalog[quick_movie_dnp.json_7]
✅ Cache HIT: Catalog[quick_movie_nfx.json_7]
[MPV] Video: no video
✅ Cache HIT: Catalog[quick_movie_top.json_7]
✅ Realtime manager channel left (client connection preserved)
🛑 Stopping MPV playback...
🛑 Stopping MPV playback...
⚡️ PlaybackService: releasing sleep assertion
🚀 Quick batch loaded: 7 items for crunchyroll
🔍 Starting catalog fetch for crunchyroll from: https://7a82163c306e-stremio-netflix-catalog-addon.baby-beamup.club/bmZ4LGRucCxhbXAsYXRwLGhibSxwbXAscGNwLGhsdSxjcnUsZHBlLHN0eixzc3Q6OjoxNzYzMjQxMzc5ODky/catalog/movie/cru.json
🔄 Attempt 1/3 for crunchyroll
✅ Cache HIT: Catalog[catalog_movie_cru.json]
🚀 Quick batch loaded: 7 items for showtime
🔍 Starting catalog fetch for showtime from: https://7a82163c306e-stremio-netflix-catalog-addon.baby-beamup.club/bmZ4LGRucCxhbXAsYXRwLGhibSxwbXAscGNwLGhsdSxjcnUsZHBlLHN0eixzc3Q6OjoxNzYzMjQxMzc5ODky/catalog/movie/sst.json
🔄 Attempt 1/3 for showtime
✅ Cache HIT: Catalog[catalog_movie_sst.json]
🚀 Quick batch loaded: 7 items for hulu
🔍 Starting catalog fetch for hulu from: https://7a82163c306e-stremio-netflix-catalog-addon.baby-beamup.club/bmZ4LGRucCxhbXAsYXRwLGhibSxwbXAscGNwLGhsdSxjcnUsZHBlLHN0eixzc3Q6OjoxNzYzMjQxMzc5ODky/catalog/movie/hlu.json
🔄 Attempt 1/3 for hulu
🚀 Quick batch loaded: 7 items for paramount
🔍 Starting catalog fetch for paramount from: https://7a82163c306e-stremio-netflix-catalog-addon.baby-beamup.club/bmZ4LGRucCxhbXAsYXRwLGhibSxwbXAscGNwLGhsdSxjcnUsZHBlLHN0eixzc3Q6OjoxNzYzMjQxMzc5ODky/catalog/movie/pmp.json
🔄 Attempt 1/3 for paramount
✅ Cache HIT: Catalog[catalog_movie_hlu.json]
✅ Cache HIT: Catalog[catalog_movie_pmp.json]
🚀 Quick batch loaded: 7 items for disney
🔍 Starting catalog fetch for disney from: https://7a82163c306e-stremio-netflix-catalog-addon.baby-beamup.club/bmZ4LGRucCxhbXAsYXRwLGhibSxwbXAscGNwLGhsdSxjcnUsZHBlLHN0eixzc3Q6OjoxNzYzMjQxMzc5ODky/catalog/movie/dnp.json
🔄 Attempt 1/3 for disney
✅ Cache HIT: Catalog[catalog_movie_dnp.json]
🚀 Quick batch loaded: 7 items for netflix
🔍 Starting catalog fetch for netflix from: https://7a82163c306e-stremio-netflix-catalog-addon.baby-beamup.club/bmZ4LGRucCxhbXAsYXRwLGhibSxwbXAscGNwLGhsdSxjcnUsZHBlLHN0eixzc3Q6OjoxNzYzMjQxMzc5ODky/catalog/movie/nfx.json
🔄 Attempt 1/3 for netflix
🚀 Quick batch loaded: 7 items for trending
✅ Cache HIT: Catalog[catalog_movie_nfx.json]
✅ Cache HIT: Catalog[catalog_movie_top.json]
🛑 Event polling task cancelled cleanly
📨 Received: {"ref":"6","event":"phx_reply","payload":{"status":"ok","response":{}},"topic":"realtime:global-presence"}
📨 Received: {"ref":null,"event":"presence_diff","payload":{"joins":{"f1577c76-d9de-11f0-a0b3-0a58a9feac02":{"metas":[{"phx_ref":"GIF1HfAhvIy3s3WI","phx_ref_prev":"GIF1FW1ktoa3s99D","last_seen":"2025-12-15T17:54:59Z","status":"online","user_id":"656daa91-33b4-4688-9135-c982ea52d7c9","username":"ursinho"}]}},"leaves":{"f1577c76-d9de-11f0-a0b3-0a58a9feac02":{"metas":[{"phx_ref":"GIF1FW1ktoa3s99D","phx_ref_prev":"GIF1Bqe0XhK3s0eB","last_seen":"2025-12-15T17:54:23Z","room_id":"R876","started_at":"2025-12-15T17:54:23Z","status":"online","user_id":"656daa91-33b4-4688-9135-c982ea52d7c9","username":"ursinho","watching_id":"tt0480687","watching_title":"Hall Pass","watching_type":"movie"}]}}},"topic":"realtime:global-presence"}
✅ Attempt 1 successful for crunchyroll
✅ Successfully fetched 15 items for crunchyroll from primary service
📦 Full batch loaded: 15 items for crunchyroll
✅ Progressive loading completed for crunchyroll
✅ Attempt 1 successful for showtime
✅ Successfully fetched 15 items for showtime from primary service
📦 Full batch loaded: 15 items for showtime
✅ Progressive loading completed for showtime
✅ Attempt 1 successful for hulu
✅ Successfully fetched 15 items for hulu from primary service
📦 Full batch loaded: 15 items for hulu
✅ Progressive loading completed for hulu
✅ Attempt 1 successful for paramount
✅ Successfully fetched 15 items for paramount from primary service
📦 Full batch loaded: 15 items for paramount
✅ Progressive loading completed for paramount
✅ Attempt 1 successful for disney
✅ Successfully fetched 15 items for disney from primary service
📦 Full batch loaded: 15 items for disney
✅ Progressive loading completed for disney
✅ Attempt 1 successful for netflix
✅ Successfully fetched 15 items for netflix from primary service
📦 Full batch loaded: 15 items for netflix
✅ Progressive loading completed for netflix
📦 Full batch loaded: 15 items for trending
✅ Progressive loading completed for trending
📨 Received: {"ref":"7","event":"phx_reply","payload":{"status":"ok","response":{}},"topic":"realtime:watch-party:R876"}
📨 Received: {"ref":null,"event":"presence_diff","payload":{"joins":{},"leaves":{"1183c400-d9df-11f0-ad53-0a58a9feac02":{"metas":[{"phx_ref":"GIF1FWqCeUq6-AnC","phx_ref_prev":"GIF1Ezm88DK6-LcN","is_host":false,"joined_at":1765821263.044821,"user_id":"656DAA91-33B4-4688-9135-C982EA52D7C9","username":"ursinho"}]}}},"topic":"realtime:watch-party:R876"}
💾 Cache SET: Catalog[quick_movie_stz.json_7] (7 items)
🗑️ Cache evicted 6 items
💾 Cache SET: Catalog[quick_movie_pcp.json_7] (7 items)
✅ MPV stop completed with clean event loop exit
💾 Cache SET: Catalog[quick_movie_atp.json_7] (7 items)
🔍 [DEBUG] Creating MediaItem from CinemetaSearchResult
🔍 [DEBUG] result.id: tt26443597
🔍 [DEBUG] result.type: movie
🔍 [DEBUG] result.name: Zootopia 2
🔍 [DEBUG] Successfully created MediaItem: Zootopia 2
🔍 [DEBUG] Creating MediaItem from CinemetaSearchResult
🔍 [DEBUG] result.id: tt29232158
🔍 [DEBUG] result.type: movie
🔍 [DEBUG] result.name: Troll 2
🔍 [DEBUG] Successfully created MediaItem: Troll 2
🔍 [DEBUG] Creating MediaItem from CinemetaSearchResult
🔍 [DEBUG] result.id: tt14107334
🔍 [DEBUG] result.type: movie
🔍 [DEBUG] result.name: The Running Man
🔍 [DEBUG] Successfully created MediaItem: The Running Man
🔍 [DEBUG] Creating MediaItem from CinemetaSearchResult
🔍 [DEBUG] result.id: tt6604188
🔍 [DEBUG] result.type: movie
🔍 [DEBUG] result.name: Tron: Ares
🔍 [DEBUG] Successfully created MediaItem: Tron: Ares
🔍 [DEBUG] Creating MediaItem from CinemetaSearchResult
🔍 [DEBUG] result.id: tt30274401
🔍 [DEBUG] result.type: movie
🔍 [DEBUG] result.name: Five Nights at Freddy's 2
🔍 [DEBUG] Successfully created MediaItem: Five Nights at Freddy's 2
🔍 [DEBUG] Creating MediaItem from CinemetaSearchResult
🔍 [DEBUG] result.id: tt26439764
🔍 [DEBUG] result.type: movie
🔍 [DEBUG] result.name: Kantara A Legend: Chapter 1
🔍 [DEBUG] Successfully created MediaItem: Kantara A Legend: Chapter 1
🔍 [DEBUG] Creating MediaItem from CinemetaSearchResult
🔍 [DEBUG] result.id: tt32537226
🔍 [DEBUG] result.type: movie
🔍 [DEBUG] result.name: Hunting Season
🔍 [DEBUG] Successfully created MediaItem: Hunting Season
🔍 [DEBUG] Creating MediaItem from CinemetaSearchResult
🔍 [DEBUG] result.id: tt27829510
🔍 [DEBUG] result.type: movie
🔍 [DEBUG] result.name: High Rollers
🔍 [DEBUG] Successfully created MediaItem: High Rollers
🔍 [DEBUG] Creating MediaItem from CinemetaSearchResult
🔍 [DEBUG] result.id: tt30472557
🔍 [DEBUG] result.type: movie
🔍 [DEBUG] result.name: Chainsaw Man - The Movie: Reze Arc
🔍 [DEBUG] Successfully created MediaItem: Chainsaw Man - The Movie: Reze Arc
🔍 [DEBUG] Creating MediaItem from CinemetaSearchResult
🔍 [DEBUG] result.id: tt14364480
🔍 [DEBUG] result.type: movie
🔍 [DEBUG] result.name: Wake Up Dead Man: A Knives Out Mystery
🔍 [DEBUG] Successfully created MediaItem: Wake Up Dead Man: A Knives Out Mystery
🔍 [DEBUG] Creating MediaItem from CinemetaSearchResult
🔍 [DEBUG] result.id: tt1343712
🔍 [DEBUG] result.type: movie
🔍 [DEBUG] result.name: First Squad: The Moment of Truth
🔍 [DEBUG] Successfully created MediaItem: First Squad: The Moment of Truth
🔍 [DEBUG] Creating MediaItem from CinemetaSearchResult
🔍 [DEBUG] result.id: tt31227572
🔍 [DEBUG] result.type: movie
🔍 [DEBUG] result.name: Predator: Badlands
🔍 [DEBUG] Successfully created MediaItem: Predator: Badlands
🔍 [DEBUG] Creating MediaItem from CinemetaSearchResult
🔍 [DEBUG] result.id: tt31434030
🔍 [DEBUG] result.type: movie
🔍 [DEBUG] result.name: Dracula
🔍 [DEBUG] Successfully created MediaItem: Dracula
🔍 [DEBUG] Creating MediaItem from CinemetaSearchResult
🔍 [DEBUG] result.id: tt36153493
🔍 [DEBUG] result.type: movie
🔍 [DEBUG] result.name: Wildcat
🔍 [DEBUG] Successfully created MediaItem: Wildcat
🔍 [DEBUG] Creating MediaItem from CinemetaSearchResult
🔍 [DEBUG] result.id: tt10210064
🔍 [DEBUG] result.type: movie
🔍 [DEBUG] result.name: Bureau 749
🔍 [DEBUG] Successfully created MediaItem: Bureau 749
📊 Using fixed catalog size: 15 items
💾 Cache SET: Catalog[popular_movies_fixed] (15 items)
💾 Cache SET: Catalog[quick_movie_hbm.json_7] (7 items)
💾 Cache SET: Catalog[quick_movie_amp.json_7] (7 items)
🚀 Quick batch loaded: 7 items for starz
🔍 Starting catalog fetch for starz from: https://7a82163c306e-stremio-netflix-catalog-addon.baby-beamup.club/bmZ4LGRucCxhbXAsYXRwLGhibSxwbXAscGNwLGhsdSxjcnUsZHBlLHN0eixzc3Q6OjoxNzYzMjQxMzc5ODky/catalog/movie/stz.json
🔄 Attempt 1/3 for starz
🚀 Quick batch loaded: 7 items for peacock
🔍 Starting catalog fetch for peacock from: https://7a82163c306e-stremio-netflix-catalog-addon.baby-beamup.club/bmZ4LGRucCxhbXAsYXRwLGhibSxwbXAscGNwLGhsdSxjcnUsZHBlLHN0eixzc3Q6OjoxNzYzMjQxMzc5ODky/catalog/movie/pcp.json
🔄 Attempt 1/3 for peacock
🚀 Quick batch loaded: 7 items for appleTv
🔍 Starting catalog fetch for appleTv from: https://7a82163c306e-stremio-netflix-catalog-addon.baby-beamup.club/bmZ4LGRucCxhbXAsYXRwLGhibSxwbXAscGNwLGhsdSxjcnUsZHBlLHN0eixzc3Q6OjoxNzYzMjQxMzc5ODky/catalog/movie/atp.json
🔄 Attempt 1/3 for appleTv
✅ Loaded 15 movies
🧹 Deduplication: 50 → 50 items
🚀 Quick batch loaded: 7 items for hbo
🔍 Starting catalog fetch for hbo from: https://7a82163c306e-stremio-netflix-catalog-addon.baby-beamup.club/bmZ4LGRucCxhbXAsYXRwLGhibSxwbXAscGNwLGhsdSxjcnUsZHBlLHN0eixzc3Q6OjoxNzYzMjQxMzc5ODky/catalog/movie/hbm.json
🔄 Attempt 1/3 for hbo
🚀 Quick batch loaded: 7 items for prime
🔍 Starting catalog fetch for prime from: https://7a82163c306e-stremio-netflix-catalog-addon.baby-beamup.club/bmZ4LGRucCxhbXAsYXRwLGhibSxwbXAscGNwLGhsdSxjcnUsZHBlLHN0eixzc3Q6OjoxNzYzMjQxMzc5ODky/catalog/movie/amp.json
🔄 Attempt 1/3 for prime
📨 Received: {"ref":"8","event":"phx_reply","payload":{"status":"ok","response":{}},"topic":"realtime:watch-party:R876"}
📨 Received: {"ref":null,"event":"phx_close","payload":{},"topic":"realtime:watch-party:R876"}
📨 Unknown event: phx_close
🖼️ [CACHE] Cached image data for key: https://images.justwatch.com/poster/181188381/s332/img (76877 bytes)
🖼️ [CACHE] Cached image data for key: https://images.justwatch.com/poster/327345760/s332/img (47132 bytes)
🖼️ [CACHE] Cached image data for key: https://images.justwatch.com/poster/176260460/s332/img (77708 bytes)
🖼️ [CACHE] Cached image data for key: https://images.justwatch.com/poster/334021051/s332/img (90236 bytes)
🖼️ [CACHE] Cached image data for key: https://images.justwatch.com/poster/168085879/s332/img (36913 bytes)
🖼️ [CACHE] Cached image data for key: https://images.justwatch.com/poster/178635023/s332/img (62162 bytes)
🖼️ [CACHE] Cached image data for key: https://images.justwatch.com/poster/327009156/s332/img (61426 bytes)
🖼️ [CACHE] Cached image data for key: https://images.justwatch.com/poster/323575270/s332/img (60733 bytes)
🖼️ [CACHE] Cached image data for key: https://images.justwatch.com/poster/161006103/s332/img (51364 bytes)
🗑️ Cache evicted 10 items
🖼️ [CACHE] Cached image data for key: https://images.justwatch.com/poster/322412111/s332/img (57515 bytes)
🖼️ [CACHE] Cached image data for key: https://images.justwatch.com/poster/82774854/s332/img (70010 bytes)
🖼️ [CACHE] Cached image data for key: https://images.justwatch.com/poster/190111218/s332/img (57062 bytes)
🖼️ [CACHE] Cached image data for key: https://images.justwatch.com/poster/206714476/s332/img (52991 bytes)
🖼️ [CACHE] Cached image data for key: https://images.justwatch.com/poster/31887184/s332/img (40203 bytes)
🖼️ [CACHE] Cached image data for key: https://images.justwatch.com/poster/107996333/s332/img (40620 bytes)
🖼️ [CACHE] Cached image data for key: https://images.justwatch.com/poster/129198929/s332/img (60050 bytes)
🖼️ [CACHE] Cached image data for key: https://images.justwatch.com/poster/332051109/s332/img (58936 bytes)
🖼️ [CACHE] Cached image data for key: https://images.justwatch.com/poster/301809868/s332/img (51535 bytes)
🖼️ [CACHE] Cached image data for key: https://images.justwatch.com/poster/239922303/s332/img (41748 bytes)
🗑️ Cache evicted 10 items
🖼️ [CACHE] Cached image data for key: https://images.justwatch.com/poster/334757007/s332/img (41483 bytes)
🖼️ [CACHE] Cached image data for key: https://images.justwatch.com/poster/57711426/s332/img (36912 bytes)
🖼️ [CACHE] Cached image data for key: https://images.justwatch.com/poster/329121868/s332/img (53946 bytes)
🖼️ [CACHE] Cached image data for key: https://images.justwatch.com/poster/332527038/s332/img (28010 bytes)
🖼️ [CACHE] Cached image data for key: https://images.justwatch.com/poster/331148151/s332/img (28498 bytes)
🖼️ [CACHE] Cached image data for key: https://images.justwatch.com/poster/107996333/s332/img (40620 bytes)
🖼️ [CACHE] Cached image data for key: https://images.justwatch.com/poster/51204426/s332/img (31376 bytes)
🖼️ [CACHE] Cached image data for key: https://images.justwatch.com/poster/338523237/s332/img (49913 bytes)
🖼️ [CACHE] Cached image data for key: https://images.justwatch.com/poster/336393313/s332/img (35742 bytes)
🖼️ [CACHE] Cached image data for key: https://images.justwatch.com/poster/335474178/s332/img (42733 bytes)
🖼️ [CACHE] Cached image data for key: https://images.justwatch.com/poster/309896363/s332/img (42659 bytes)
🗑️ Cache evicted 10 items
🖼️ [CACHE] Cached image data for key: https://images.metahub.space/poster/small/tt32537226/img (34074 bytes)
🖼️ [CACHE] Cached image data for key: https://images.metahub.space/poster/small/tt26439764/img (47523 bytes)
🖼️ [CACHE] Cached image data for key: https://images.metahub.space/poster/small/tt30274401/img (24809 bytes)
🖼️ [CACHE] Cached image data for key: https://images.metahub.space/poster/small/tt26443597/img (43534 bytes)
🖼️ [CACHE] Cached image data for key: https://images.metahub.space/poster/small/tt6604188/img (24052 bytes)
🖼️ [CACHE] Cached image data for key: https://images.metahub.space/poster/small/tt29232158/img (38828 bytes)
⏭️ Skipping load for crunchyroll - already loaded 15 items
⏭️ Skipping load for showtime - already loaded 15 items
⏭️ Skipping load for hulu - already loaded 15 items
⏭️ Skipping load for paramount - already loaded 15 items
⏭️ Skipping load for disney - already loaded 15 items
⏭️ Skipping load for netflix - already loaded 15 items
⏭️ Skipping load for trending - already loaded 15 items
🗑️ MPVPlayerViewModel deinit
🗑️ MPVWrapper deinit - cleaning up...
✅ MPVWrapper cleanup complete
🗑️ Terminating MPV instance (background)...
✅ MPV instance destroyed
💾 Cache SET: Catalog[catalog_movie_stz.json] (15 items)
🗑️ Cache evicted 6 items
💾 Cache SET: Catalog[catalog_movie_pcp.json] (15 it2025-12-15 12:55:01.387 RedLemon[12674:80603] 👋 ursinho synced from database
ems)
💾 Cache SET: Catalog[catalog_movie_atp.json] (15 items)
💾 Cache SET: Catalog[catalog_movie_hbm.json] (15 items)
💾 Cache SET: Catalog[catalog_movie_amp.json] (15 items)
📊 Using fixed catalog size: 15 items
✅ Attempt 1 successful for starz
✅ Successfully fetched 15 items for starz from primary service
📦 Full batch loaded: 15 items for starz
✅ Progressive loading completed for starz
📊 Using fixed catalog size: 15 items
✅ Attempt 1 successful for peacock
✅ Successfully fetched 15 items for peacock from primary service
📦 Full batch loaded: 15 items for peacock
✅ Progressive loading completed for peacock
📊 Using fixed catalog size: 15 items
✅ Attempt 1 successful for appleTv
✅ Successfully fetched 15 items for appleTv from primary service
📦 Full batch loaded: 15 items for appleTv
✅ Progressive loading completed for appleTv
📊 Using fixed catalog size: 15 items
✅ Attempt 1 successful for hbo
✅ Successfully fetched 15 items for hbo from primary service
📦 Full batch loaded: 15 items for hbo
✅ Progressive loading completed for hbo
📊 Using fixed catalog size: 15 items
✅ Attempt 1 successful for prime
✅ Successfully fetched 15 items for prime from primary service
📦 Full batch loaded: 15 items for prime
✅ Progressive loading completed for prime
🖼️ [CACHE] Cached image data for key: https://images.justwatch.com/poster/250757744/s332/img (35420 bytes)
🖼️ [CACHE] Cached image data for key: https://images.justwatch.com/poster/315856885/s332/img (67350 bytes)
🖼️ [CACHE] Cached image data for key: https://images.justwatch.com/poster/322709571/s332/img (58026 bytes)
🖼️ [CACHE] Cached image data for key: https://images.justwatch.com/poster/309925724/s332/img (65104 bytes)
🗑️ Cache evicted 10 items
🖼️ [CACHE] Cached image data for key: https://images.justwatch.com/poster/181836574/s332/img (40679 bytes)
🖼️ [CACHE] Cached image data for key: https://images.justwatch.com/poster/300177312/s332/img (74244 bytes)
🖼️ [CACHE] Cached image data for key: https://images.justwatch.com/poster/90379677/s332/img (56639 bytes)
🖼️ [CACHE] Cached image data for key: https://images.justwatch.com/poster/331701827/s332/img (59722 bytes)
🖼️ [CACHE] Cached image data for key: https://images.justwatch.com/poster/35006170/s332/img (61678 bytes)
🖼️ [CACHE] Cached image data for key: https://images.justwatch.com/poster/215523604/s332/img (61037 bytes)
🖼️ [CACHE] Cached image data for key: https://images.justwatch.com/poster/336952619/s332/img (50991 bytes)
🖼️ [CACHE] Cached image data for key: https://images.justwatch.com/poster/246982332/s332/img (44686 bytes)
🖼️ [CACHE] Cached image data for key: https://images.justwatch.com/poster/188181053/s332/img (48517 bytes)
🖼️ [CACHE] Cached image data for key: https://images.justwatch.com/poster/336662820/s332/img (50316 bytes)
🗑️ Cache evicted 10 items
🖼️ [CACHE] Cached image data for key: https://images.justwatch.com/poster/301298992/s332/img (50065 bytes)
🖼️ [CACHE] Cached image data for key: https://images.justwatch.com/poster/256784897/s332/img (48660 bytes)
🖼️ [CACHE] Cached image data for key: https://images.justwatch.com/poster/336298604/s332/img (33569 bytes)
🖼️ [CACHE] Cached image data for key: https://images.justwatch.com/poster/192048805/s332/img (43578 bytes)
🖼️ [CACHE] Cached image data for key: https://images.justwatch.com/poster/166095369/s332/img (9321 bytes)
🖼️ [CACHE] Cached image data for key: https://images.justwatch.com/poster/309750534/s332/img (51457 bytes)
🖼️ [CACHE] Cached image data for key: https://images.justwatch.com/poster/312811279/s332/img (48255 bytes)
🖼️ [CACHE] Cached image data for key: https://images.justwatch.com/poster/8731868/s332/img (56932 bytes)
🖼️ [CACHE] Cached image data for key: https://images.justwatch.com/poster/154373248/s332/img (63627 bytes)
🖼️ [CACHE] Cached image data for key: https://images.justwatch.com/poster/8671419/s332/img (69026 bytes)
🗑️ Cache evicted 10 items
🖼️ [CACHE] Cached image data for key: https://images.justwatch.com/poster/154373248/s332/img (63627 bytes)
🖼️ [CACHE] Cached image data for key: https://images.justwatch.com/poster/21653281/s332/img (35111 bytes)
🖼️ [CACHE] Cached image data for key: https://images.justwatch.com/poster/90379677/s332/img (56639 bytes)
🖼️ [CACHE] Cached image data for key: https://images.justwatch.com/poster/338574691/s332/img (40150 bytes)
🖼️ [CACHE] Cached image data for key: https://images.justwatch.com/poster/87608067/s332/img (61832 bytes)
🖼️ [CACHE] Cached image data for key: https://images.justwatch.com/poster/215523604/s332/img (61037 bytes)
