2026-01-31 18:40:57.928 RedLemon[1080:558597] 🪟 Set initial window to expanded size: (0.0, 80.0, 1470.0, 843.0)
2026-01-31 18:40:57.928 RedLemon[1080:558597] ✅ Cache cleanup timer started (runs every 30 minutes)
2026-01-31 18:40:57.942 RedLemon[1080:558597] 🔄 Resetting playback state to prevent auto-selection...
2026-01-31 18:40:57.944 RedLemon[1080:558597] ⚠️ PlayerVM: currentWatchPartyRoom set to NIL. Stack Trace unavailable, but check recent logs.
2026-01-31 18:40:57.944 RedLemon[1080:558597] ✅ Playback state reset complete - starting in browse view
2026-01-31 18:40:57.944 RedLemon[1080:558597] 🔐 APP STARTUP: Loading stored user credentials...
2026-01-31 18:40:57.944 RedLemon[1080:558597] 🧪 Testing Profile: debug
2026-01-31 18:40:57.944 RedLemon[1080:558613] 📂 Loaded 4 credential(s) from cache
2026-01-31 18:40:57.950 RedLemon[1080:558597] ✅ Keychain: Found stored username: giveme
2026-01-31 18:40:57.955 RedLemon[1080:558597] 🔍 Supabase: Looking up user 'giveme' in database...
2026-01-31 18:40:57.955 RedLemon[1080:558663] 🔍 SupabaseClient: Looking up user by username 'giveme'
2026-01-31 18:40:58.327 RedLemon[1080:558613] 📡 SupabaseClient: User lookup response received (373 bytes)
2026-01-31 18:40:58.331 RedLemon[1080:558613] ✅ SupabaseClient: Decoded 1 users from response
2026-01-31 18:40:58.331 RedLemon[1080:558613] 👤 SupabaseClient: Found user - giveme (ID: BB6BCB45-C36D-4267-AB6D-47AC2335F489)
2026-01-31 18:40:58.342 RedLemon[1080:558597] ✅ AUTH SUCCESS: User authenticated - giveme (ID: BB6BCB45-C36D-4267-AB6D-47AC2335F489)
2026-01-31 18:40:58.342 RedLemon[1080:558597] 🎯 AppState: currentUsername=giveme, currentUserId=BB6BCB45-C36D-4267-AB6D-47AC2335F489
2026-01-31 18:40:59.459 RedLemon[1080:558597] 🏁 AUTH COMPLETE: Final state - username=giveme, userId=BB6BCB45-C36D-4267-AB6D-47AC2335F489
2026-01-31 18:40:59.460 RedLemon[1080:558629] 🔐 Signed request to /rpc/fetch_user_library
2026-01-31 18:40:59.460 RedLemon[1080:558613] 🔐 Signed request to /rpc/fetch_user_library
2026-01-31 18:40:59.594 RedLemon[1080:558664] 🔐 Signed request to /rpc/fetch_user_watch_history
2026-01-31 18:40:59.730 RedLemon[1080:558597] 🚀 RedLemon: Starting HTTP server...
2026-01-31 18:40:59.731 RedLemon[1080:558597] 📋 RedLemon: Current directory: /Users/daniel/Desktop/RedLemon-Native
2026-01-31 18:40:59.736 RedLemon[1080:558597] ✅ RedLemon: HTTPServer instance created
2026-01-31 18:40:59.736 RedLemon[1080:558613] 📡 RedLemon: Server starting on port 47253...
2026-01-31 18:40:59.736 RedLemon[1080:558597] ✅ RedLemon: Server marked as ready (Optimistic)
2026-01-31 18:40:59.737 RedLemon[1080:558597] ✅ RedLemon: Server should be running on http://127.0.0.1:47253
2026-01-31 18:40:59.737 RedLemon[1080:558597] 🏥 [AppState] Starting global provider health check...
2026-01-31 18:40:59.737 RedLemon[1080:558597] 🔍 Performing startup checks...
2026-01-31 18:40:59.737 RedLemon[1080:558597] ✅ Username-based authentication ready
2026-01-31 18:40:59.737 RedLemon[1080:558633] 🔐 Signed request to /check-payment
⏲️ [EventsConfig] Starting polling fallback (every 60s)
🔌 Connecting to Supabase Realtime: wss://151.243.109.243.nip.io/realtime/v1/websocket
✅ Connected to Supabase Realtime
📡 Sparkle requesting feed URL: https://151.243.109.243.nip.io/updates/appcast.xml
✅ Sparkle configured (seamless mode)
   Appcast URL: https://151.243.109.243.nip.io/updates/appcast.xml
   Can check: true
📅 EventsView appeared
🎬 [EventsView] Fetching movie events from centralized config...
📡 [EventsConfig] Checking server for movie_events config version...
🔍 Memory pressure monitoring enabled (safe mode)
🔍 Silent update check (custom implementation)...
🖥️ CacheManager initialized with fixed conservative limits
   Image cache limit: 1000 items
📡 Joined channel: realtime:events_config_updates (interest count: 1)
✅ [EventsConfig] Subscribed to realtime schedule updates
📡 Sparkle requesting feed URL: https://151.243.109.243.nip.io/updates/appcast.xml
✅ [EventsConfig] Fetched movie_events version 1587 with 396 movies
✅ [EventsConfig] Using cached movie_events config (version 1587, 396 movies)
✅ [EventsView] Loaded 396 movies from config version 1587
🗓 AppState: Updated schedule epoch to 2026-01-23 22:49:34 +0000
⏰ AppState: Next schedule update set for Event End: 2026-02-01 00:42:34 +0000
⏰ AppState: Scheduling update in 3696 seconds
🖼️ [CACHE] Cached image data for key: https://images.metahub.space/background/medium/tt28671344/img (87442 bytes)
🖼️ [CACHE] Cached image data for key: https://images.metahub.space/background/medium/tt23468450/img (383644 bytes)
🖼️ [CACHE] Cached image data for key: https://images.metahub.space/background/medium/tt0265086/img (619548 bytes)
📊 AppState: Polled participant counts - Active: ["tt0265086": 1]
⏰ AppState: Next schedule update set for Event End: 2026-02-01 00:42:34 +0000
⏰ AppState: Scheduling update in 3696 seconds
📊 AppState: Polled participant counts - Active: ["tt0265086": 1]
⏰ AppState: Next schedule update set for Event End: 2026-02-01 00:42:34 +0000
⏰ AppState: Scheduling update in 3696 seconds
🔌 SocialService: Connecting to global presence via shared client...
📡 Joined channel: realtime:global-presence (interest count: 1)
✅ SocialService: Connected to global presence
🔌 SocialService: Connecting to social realtime channels via shared client...
📡 Joined channel: realtime:direct_messages (interest count: 1)
📡 Joined channel: realtime:friendships (interest count: 1)
✅ SocialService: Connected to social channels
📬 SocialService: Fetched 0 unread messages
📈 SocialService: User 4aef4e1b-ba8e-4d31-8736-bca3b94f402b came online
📈 SocialService: User bb6bcb45-c36d-4267-ab6d-47ac2335f489 came online
📡 [EventsConfig] Checking server for movie_events config version...
✅ [EventsConfig] Fetched movie_events version 1587 with 396 movies
✅ [EventsConfig] Using cached movie_events config (version 1587, 396 movies)
✅ SocialService: Event event_tt0265086 is JOINABLE (Live or Next Up) - allowing join
✅ Token routes registered:
   POST /tokens/save
   POST /tokens/delete
   GET  /tokens/list
✅ Unlock routes registered:
   POST /api/streams/unlock
✅ Stream routes registered:
   POST /api/streams/resolve
   GET  /api/streams/resolveByQuality
   GET  /api/streams/resolveAll
✅ Proxy routes registered:
   GET /play/rd/:infoHash/:fileIdx
   GET /play/rd/:infoHash
✅ Subtitle routes registered:
   GET /subtitles/search?imdbId=&type=
   GET /subtitles/subdl/:encodedPath
✅ All routes registered
✅ HTTP Server configured on http://127.0.0.1:47253
🚀 Starting HTTP server...
💰 LicenseManager: Starting hybrid license check...
✅ Providers initialized: torrentio, comet, zilean, mediafusion, debridsearch
[ NOTICE ] Server started on http://127.0.0.1:47253
2026-01-31 18:41:00.250 RedLemon[1080:558629] 🎬 Torrentio: Building URL for movie (no season/episode)
2026-01-31 18:41:00.250 RedLemon[1080:558629] 🔗 Torrentio URL (length: 55): https://torrentio.strem.fun/stream/movie/tt0133093.json...
2026-01-31 18:41:00.288 RedLemon[1080:558597] 🔄 Checking for app updates...
2026-01-31 18:41:00.289 RedLemon[1080:558612] 🔐 Signed request to /rpc/get_server_time
2026-01-31 18:41:01.120 RedLemon[1080:558597] ✅ [AppState] Provider health check complete (found 7 services)
2026-01-31 18:41:04.339 RedLemon[1080:558663] 🔐 Signed request to /rpc/user_heartbeat
2026-01-31 18:41:29.891 RedLemon[1080:558903] 🔐 Signed request to /rpc/user_heartbeat
2026-01-31 18:41:44.610 RedLemon[1080:558964] 📝 [APP] 🎟️ Joining event: Black Hawk Down (Live: true) ["file": "EventsView.swift", "level": "INFO", "line": "254"]
2026-01-31 18:41:44.610 RedLemon[1080:558964] 📝 [APP] SessionRecorder initialized
2026-01-31 18:41:44.955 RedLemon[1080:558964] 📡 StreamService: Fetching metadata for tt0265086...
2026-01-31 18:41:44.955 RedLemon[1080:559064] 📝 [APP] 🎬 StreamService: Starting resolution for: Black Hawk Down ["file": "StreamService.swift", "level": "INFO", "line": "200"]
✅ HTTP server running on http://127.0.0.1:47253

🔗 Available endpoints:
   http://127.0.0.1:47253/health
   http://127.0.0.1:47253/status
   http://127.0.0.1:47253/api/health

👤 LicenseManager: Profile expiry: nil
🚫 License revoked or inactive.
🔍 Silent update check (custom implementation)...
⏰ TimeService: Synchronizing clock with server...
✅ TimeService: Synced! Offset: 0.020s (RTT: 129ms)
   Local:  2026-01-31 23:41:00 +0000
   Server: 2026-01-31 23:41:00 +0000
⏰ Time synced with server! AppState should automatically recalculate.
📊 AppState: Polled participant counts - Active: ["tt0265086": 1]
⏰ AppState: Next schedule update set for Event End: 2026-02-01 00:42:34 +0000
⏰ AppState: Scheduling update in 3686 seconds
📡 [EventsConfig] Checking server for movie_events config version...
📡 [EventsConfig] Checking server for movie_events config version...
📊 AppState: Polled participant counts - Active: ["tt0265086": 1]
⏰ AppState: Next schedule update set for Event End: 2026-02-01 00:42:34 +0000
⏰ AppState: Scheduling update in 3675 seconds
✅ [EventsConfig] Fetched movie_events version 1587 with 396 movies
✅ [EventsConfig] Fetched movie_events version 1587 with 396 movies
✅ [EventsConfig] Using cached movie_events config (version 1587, 396 movies)
✅ [EventsConfig] Using cached movie_events config (version 1587, 396 movies)
✅ SocialService: Event event_tt0265086 is JOINABLE (Live or Next Up) - allowing join
✅ SocialService: Event event_tt0265086 is JOINABLE (Live or Next Up) - allowing join
📊 AppState: Polled participant counts - Active: ["tt0265086": 1]
⏰ AppState: Next schedule update set for Event End: 2026-02-01 00:42:34 +0000
⏰ AppState: Scheduling update in 3666 seconds
📊 AppState: Polled participant counts - Active: ["tt0265086": 1]
⏰ AppState: Next schedule update set for Event End: 2026-02-01 00:42:34 +0000
⏰ AppState: Scheduling update in 3656 seconds
📡 [EventsConfig] Checking server for movie_events config version...
📡 [EventsConfig] Checking server for movie_events config version...
[2026-01-31T23:41:44Z] [INFO] [EventsView.swift:254] 🎟️ Joining event: Black Hawk Down (Live: true)
   Event start time: 2026-01-31 22:07:34 +0000
   Event duration: 9300.0s
   Current time: 2026-01-31 23:41:44 +0000
   Is Live: true
   Is In Lobby: false
✅ [EventsConfig] Fetched movie_events version 1587 with 396 movies
✅ [EventsConfig] Using cached movie_events config (version 1587, 396 movies)
✅ SocialService: Event event_tt0265086 is JOINABLE (Live or Next Up) - allowing join
✅ Event room already exists: event_tt0265086

✅ [SYNC VERIFICATION] FOUND SERVER KEY - Re-unlocking for fresh URL 🔑
   Stored Hash: d6cae2099a1a92e6e8402f2ad898523b085bb6e2
   Cached URL: https://chi5-4.download.real-d...
[2026-01-31T23:41:44Z] [INFO] [StreamService.swift:200] 🎬 StreamService: Starting resolution for: Black Hawk Down
✅ [EventsConfig] Fetched movie_events version 1587 with 396 movies
[ INFO ] GET /api/metadata/meta/movie/tt0265086 [request-id: D4E18A78-F3ED-4271-A6F7-F811E6084867]
2026-01-31 18:41:45.128 RedLemon[1080:558666] 📦 Decoded CinemetaMeta - videos count: 0
2026-01-31 18:41:45.129 RedLemon[1080:558666] ✅ StreamService: Metadata loaded: Black Hawk Down
2026-01-31 18:41:45.129 RedLemon[1080:558666] ⚡️ StreamService: Resolving streams via StreamResolver (Bypassing HTTP)...
2026-01-31 18:41:45.129 RedLemon[1080:558666] 📝 [APP] New Session Started ["app_version": "v1.0.182", "build": "182", "session_id": "F9933533-E887-408D-A643-A453CE3D8DB9", "trigger_source": "manual", "user_id": "BB6BCB45-C36D-4267-AB6D-47AC2335F489"]
2026-01-31 18:41:45.129 RedLemon[1080:558666] 📝 [APP] Target Content Set ["imdb_id": "tt0265086"]
2026-01-31 18:41:45.129 RedLemon[1080:558666] 📝 [RESOLVER] Started Resolution ["episode": "0", "season": "0", "type": "movie"]
2026-01-31 18:41:45.255 RedLemon[1080:559066]    📅 Filtering by year: 2001
2026-01-31 18:41:45.383 RedLemon[1080:558964] 📝 [RESOLVER] Found Verified Stream ["hash": "d6cae2099a1a92e6e8402f2ad898523b085bb6e2", "vote_count": "2"]
✅ [EventsConfig] Using cached movie_events config (version 1587, 396 movies)
✅ SocialService: Event event_tt0265086 is JOINABLE (Live or Next Up) - allowing join
💾 Cache SET: Metadata[meta_movie_tt0265086]
🎬 StreamService: Resolving movie - trusted pack filtering will be applied server-side
✅ MetadataService initialized
📡 Fetching metadata from Cinemeta: https://v3-cinemeta.strem.io/meta/movie/tt0265086.json
✅ Metadata fetched from Cinemeta for tt0265086: Black Hawk Down (2001)
🎯 Target title for matching: Black Hawk Down
🛡️ StreamResolver: Loaded 8 blocked streams from blacklist
⚡️ StreamResolver: Found Community Verified stream with 2 votes!
   ℹ️ Hash: d6cae2099a1a92e6e8402f2ad898523b085bb6e2
   ℹ️ Last Verified: 2026-01-31 22:39:11 +0000
⚡️ StreamResolver: SHORT CIRCUIT - Returning verified stream immediately.
⚡️ StreamService: Testing verified stream viability...
🔓 StreamService: Unlocking with infoHash: d6cae2099a1a...
[ INFO ] POST /api/streams/unlock [request-id: 83A52AB0-E2A8-4A02-A4A5-D19186A78B14]
2026-01-31 18:41:45.397 RedLemon[1080:558666] 🔓 Unlock request: infoHash=d6cae2099a1a..., fileIdx=0
2026-01-31 18:41:45.397 RedLemon[1080:558666] ✅ Token found, attempting unlock...
2026-01-31 18:41:46.842 RedLemon[1080:558666] ✅ Unlocked successfully: Black.Hawk.Down.2001.Theatrical.Cut.Open.Matte.1080p.WEB-DL.4xRus.Eng.mkv
2026-01-31 18:41:46.843 RedLemon[1080:559064] 📝 [RESOLVER] Stream Unlocked ["filename": "Black.Hawk.Down.2001.Theatrical.Cut.Open.Matte.1080p.WEB-DL.4xRus.Eng.mkv", "is_generic": "false", "original_title": "Community Verified Stream (1080p)", "url_host": "chi8-4.download.real-debrid.com"]
2026-01-31 18:41:46.844 RedLemon[1080:558964] 🔐 Signed request to /rooms
2026-01-31 18:41:46.978 RedLemon[1080:558964] ✅ Persisted stream selection to room event_tt0265086
2026-01-31 18:41:46.980 RedLemon[1080:558964] 🔐 Signed request to /room_participants
2026-01-31 18:41:47.239 RedLemon[1080:558597] ✅ PlayerVM: currentWatchPartyRoom set to event_tt0265086
2026-01-31 18:41:47.315 RedLemon[1080:558597] 📡 Fetching metadata for tt0265086...
2026-01-31 18:41:47.363 RedLemon[1080:558964] ✅ StreamService: Using provided metadata: Black Hawk Down
2026-01-31 18:41:47.363 RedLemon[1080:558964] ⚡️ StreamService: Resolving streams via StreamResolver (Bypassing HTTP)...
2026-01-31 18:41:47.363 RedLemon[1080:559064] 📝 [APP] 🎬 StreamService: Starting resolution for: Black Hawk Down ["file": "StreamService.swift", "level": "INFO", "line": "200"]
2026-01-31 18:41:47.363 RedLemon[1080:559064] 📝 [APP] New Session Started ["app_version": "v1.0.182", "build": "182", "session_id": "B5714B4D-3905-4DCD-BB3C-03B0AA2C2B94", "trigger_source": "manual", "user_id": "BB6BCB45-C36D-4267-AB6D-47AC2335F489"]
2026-01-31 18:41:47.363 RedLemon[1080:559064] 📝 [APP] Target Content Set ["imdb_id": "tt0265086"]
2026-01-31 18:41:47.363 RedLemon[1080:559064] 📝 [RESOLVER] Started Resolution ["episode": "0", "season": "0", "type": "movie"]
2026-01-31 18:41:47.490 RedLemon[1080:559066]    📅 Filtering by year: 2001
2026-01-31 18:41:47.612 RedLemon[1080:558964] 📝 [RESOLVER] Found Verified Stream ["hash": "d6cae2099a1a92e6e8402f2ad898523b085bb6e2", "vote_count": "2"]
✅ RD addMagnet: 3FZR3RPLOQSDC
🎬 Movie: Found matching file for title 'Black Hawk Down': /Black.Hawk.Down.2001.Theatrical.Cut.Open.Matte.1080p.WEB-DL.4xRus.Eng.mkv
📝 RD: Selecting file ID 1 for torrent 3FZR3RPLOQSDC
📊 RD poll 1/2: status=downloaded, links=1
🔗 Unrestricting link: https://real-debrid.com/d/MX2XC26HQP65Q9F0
✅ StreamService: Stream unlocked successfully!
✅ StreamService: Verified stream is VIABLE. Returning immediately.
   ✅ Fresh URL obtained: https://chi8-4.download.real-debrid.com/...
   ✅ Database updated with fresh URL

🎬 Live event - calculating position: 5653.259314656258 seconds
   Event start time: 2026-01-31 22:07:34 +0000
   Current time: 2026-01-31 23:41:47 +0000
   Room createdAt: 2026-01-31 22:07:34 +0000
   Room state: playing
   Setting resumeFromTimestamp to: 5653.259314656258
🎬 Live event - starting playback immediately (no lobby)
✅ Cache HIT: Metadata[meta_movie_tt0265086]
[2026-01-31T23:41:47Z] [INFO] [StreamService.swift:200] 🎬 StreamService: Starting resolution for: Black Hawk Down
🎬 StreamService: Resolving movie - trusted pack filtering will be applied server-side
✅ Metadata cache hit for tt0265086: Black Hawk Down
🎯 Target title for matching: Black Hawk Down
🛡️ StreamResolver: Loaded 8 blocked streams from blacklist
⚡️ StreamResolver: Found Community Verified stream with 2 votes!
   ℹ️ Hash: d6cae2099a1a92e6e8402f2ad898523b085bb6e2
   ℹ️ Last Verified: 2026-01-31 22:39:11 +0000
⚡️ StreamResolver: SHORT CIRCUIT - Returning verified stream immediately.
⚡️ StreamService: Testing verified stream viability...
🔓 StreamService: Unlocking with infoHash: d6cae2099a1a...
[ INFO ] POST /api/streams/unlock [request-id: 3B50DBF0-F1C1-4F15-8567-53BAC7F71693]
2026-01-31 18:41:47.614 RedLemon[1080:559064] 🔓 Unlock request: infoHash=d6cae2099a1a..., fileIdx=0
2026-01-31 18:41:47.614 RedLemon[1080:559064] ✅ Token found, attempting unlock...
2026-01-31 18:41:47.615 RedLemon[1080:559064] ✅ Unlocked successfully: Black.Hawk.Down.2001.Theatrical.Cut.Open.Matte.1080p.WEB-DL.4xRus.Eng.mkv
2026-01-31 18:41:47.615 RedLemon[1080:559064] 📝 [RESOLVER] Stream Unlocked ["filename": "Black.Hawk.Down.2001.Theatrical.Cut.Open.Matte.1080p.WEB-DL.4xRus.Eng.mkv", "is_generic": "false", "original_title": "Community Verified Stream (1080p)", "url_host": "chi8-4.download.real-debrid.com"]
2026-01-31 18:41:47.615 RedLemon[1080:558597] ✅ Stream ready, starting playback...
2026-01-31 18:41:47.634 RedLemon[1080:558597] 🛡️ MPVWrapper: Build Version: 2026-01-28-PRESENCE-FIX-v3
2026-01-31 18:41:47.687 RedLemon[1080:558597] 🎬 MPVPlayerViewModel: Starting watch party: roomId=event_tt0265086, isHost=false
2026-01-31 18:41:47.687 RedLemon[1080:558597] 🛡️ Transition Sync: Processing 0 participants from AppState
2026-01-31 18:41:47.687 RedLemon[1080:558597] 🛡️ Transition Sync: Marked 0 users as transitioning (120s window)
2026-01-31 18:41:47.687 RedLemon[1080:559065] 📝 Realtime: Registered observer 'player' (Presence: YES, Sync: NO, Status: NO)
2026-01-31 18:41:47.696 RedLemon[1080:558964] 📝 Realtime: Unregistered observer 'lobby'
2026-01-31 18:41:47.697 RedLemon[1080:559065] 📝 Realtime: Registered observer 'player' (Presence: NO, Sync: YES, Status: NO)
2026-01-31 18:41:47.742 RedLemon[1080:559066] 📝 [PLAYER] Load Video (Smart) ["url": "https://chi8-4.download.real-debrid.com/d/UMQMTX6HF6DCK107/Black.Hawk.Down.2001.Theatrical.Cut.Open.Matte.1080p.WEB-DL.4xRus.Eng.mkv"]
2026-01-31 18:41:47.742 RedLemon[1080:559066] 📝 [PLAYER] Load Video (Event) ["url": "https://chi8-4.download.real-debrid.com/d/UMQMTX6HF6DCK107/Black.Hawk.Down.2001.Theatrical.Cut.Open.Matte.1080p.WEB-DL.4xRus.Eng.mkv"]
2026-01-31 18:41:47.745 RedLemon[1080:559065] 📝 [PLAYER] Resumed
2026-01-31 18:41:47.746 RedLemon[1080:558597] [VIDEO_READY] isEvent: true, eventStartTime: 2026-01-31 22:07:34 +0000
2026-01-31 18:41:47.746 RedLemon[1080:558597] [VIDEO_READY] Event seek check - elapsed: 5653s, seekTime: 5653s, drift: 5653.75s
2026-01-31 18:41:47.748 RedLemon[1080:559065] 📝 [PLAYER] Playback State Changed ["state": "Playing"]
2026-01-31 18:41:47.748 RedLemon[1080:559065] 📝 [PLAYER] Buffering Started
2026-01-31 18:41:47.750 RedLemon[1080:559283] 📝 [PLAYER] Playback State Changed ["state": "Paused"]
2026-01-31 18:41:47.817 RedLemon[1080:558597] 👤 Presence Event: action=join, userId=GI_1CrlI2ximN3mh
2026-01-31 18:41:47.817 RedLemon[1080:558597] 👤 Presence: Announcing JOIN for guest: 4aef4e1b-ba8e-4d31-8736-bca3b94f402b
2026-01-31 18:41:47.817 RedLemon[1080:558597] 💬 PLAYER SYSTEM MESSAGE: witheredrose joined
2026-01-31 18:41:47.828 RedLemon[1080:558597] 👤 Presence Event: action=join, userId=GI_1UTkQgs2mNzJi
2026-01-31 18:41:48.512 RedLemon[1080:558666] 📝 [PLAYER] Playback State Changed ["state": "Playing"]
2026-01-31 18:41:48.654 RedLemon[1080:558597] [AUTO_EXIT_CHECK] isEventPlayback: true
2026-01-31 18:41:48.654 RedLemon[1080:558597] [AUTO_EXIT_CHECK] isLoading: true, isResolvingStream: false
2026-01-31 18:41:48.654 RedLemon[1080:558597] [AUTO_EXIT_CHECK] playbackFinished: false, isPlaying: true
2026-01-31 18:41:48.654 RedLemon[1080:558597] [AUTO_EXIT_CHECK] Position: 0.0s / Duration: 0.0s
2026-01-31 18:41:48.654 RedLemon[1080:558597] [AUTO_EXIT_CHECK] BLOCKED: isLoading=true or isResolvingStream=false
2026-01-31 18:41:48.743 RedLemon[1080:558666] 🔐 SupabaseClient: Signing Identity Payload: '1769902908bb6bcb45-c36d-4267-ab6d-47ac2335f489/rpc/room_heartbeat'
2026-01-31 18:41:48.744 RedLemon[1080:558666] 🔐 Signed request to /rpc/room_heartbeat
2026-01-31 18:41:49.654 RedLemon[1080:558597] [AUTO_EXIT_CHECK] isEventPlayback: true
2026-01-31 18:41:49.654 RedLemon[1080:558597] [AUTO_EXIT_CHECK] isLoading: true, isResolvingStream: false
2026-01-31 18:41:49.654 RedLemon[1080:558597] [AUTO_EXIT_CHECK] playbackFinished: false, isPlaying: true
2026-01-31 18:41:49.654 RedLemon[1080:558597] [AUTO_EXIT_CHECK] Position: 0.0s / Duration: 0.0s
2026-01-31 18:41:49.654 RedLemon[1080:558597] [AUTO_EXIT_CHECK] BLOCKED: isLoading=true or isResolvingStream=false
2026-01-31 18:41:50.654 RedLemon[1080:558597] [AUTO_EXIT_CHECK] isEventPlayback: true
2026-01-31 18:41:50.654 RedLemon[1080:558597] [AUTO_EXIT_CHECK] isLoading: true, isResolvingStream: false
2026-01-31 18:41:50.654 RedLemon[1080:558597] [AUTO_EXIT_CHECK] playbackFinished: false, isPlaying: true
2026-01-31 18:41:50.654 RedLemon[1080:558597] [AUTO_EXIT_CHECK] Position: 0.0s / Duration: 0.0s
2026-01-31 18:41:50.654 RedLemon[1080:558597] [AUTO_EXIT_CHECK] BLOCKED: isLoading=true or isResolvingStream=false
2026-01-31 18:41:51.030 RedLemon[1080:558964] 📝 [PLAYER] File Loaded ["duration": "8658.752"]
2026-01-31 18:41:51.140 RedLemon[1080:559284] 📝 [PLAYER] Executing Pending Seek ["target": "5653.746693015099"]
2026-01-31 18:41:51.654 RedLemon[1080:558597] [AUTO_EXIT_CHECK] isEventPlayback: true
2026-01-31 18:41:51.654 RedLemon[1080:558597] [AUTO_EXIT_CHECK] isLoading: false, isResolvingStream: false
2026-01-31 18:41:51.654 RedLemon[1080:558597] [AUTO_EXIT_CHECK] playbackFinished: false, isPlaying: true
2026-01-31 18:41:51.654 RedLemon[1080:558597] [AUTO_EXIT_CHECK] Position: 5653.746693015099s / Duration: 8658.752s
2026-01-31 18:41:51.654 RedLemon[1080:558597] [AUTO_EXIT_CHECK] Checking EOF conditions...
2026-01-31 18:41:51.654 RedLemon[1080:558597] [AUTO_EXIT_CHECK] No exit condition met - continuing to monitor...
2026-01-31 18:41:52.654 RedLemon[1080:558597] [AUTO_EXIT_CHECK] isEventPlayback: true
2026-01-31 18:41:52.654 RedLemon[1080:558597] [AUTO_EXIT_CHECK] isLoading: false, isResolvingStream: false
2026-01-31 18:41:52.654 RedLemon[1080:558597] [AUTO_EXIT_CHECK] playbackFinished: false, isPlaying: true
2026-01-31 18:41:52.654 RedLemon[1080:558597] [AUTO_EXIT_CHECK] Position: 5653.746693015099s / Duration: 8658.752s
2026-01-31 18:41:52.654 RedLemon[1080:558597] [AUTO_EXIT_CHECK] Checking EOF conditions...
2026-01-31 18:41:52.654 RedLemon[1080:558597] [AUTO_EXIT_CHECK] No exit condition met - continuing to monitor...
2026-01-31 18:41:53.654 RedLemon[1080:558597] [AUTO_EXIT_CHECK] isEventPlayback: true
2026-01-31 18:41:53.654 RedLemon[1080:558597] [AUTO_EXIT_CHECK] isLoading: false, isResolvingStream: false
2026-01-31 18:41:53.654 RedLemon[1080:558597] [AUTO_EXIT_CHECK] playbackFinished: false, isPlaying: true
2026-01-31 18:41:53.654 RedLemon[1080:558597] [AUTO_EXIT_CHECK] Position: 5653.746693015099s / Duration: 8658.752s
2026-01-31 18:41:53.654 RedLemon[1080:558597] [AUTO_EXIT_CHECK] Checking EOF conditions...
2026-01-31 18:41:53.654 RedLemon[1080:558597] [AUTO_EXIT_CHECK] No exit condition met - continuing to monitor...
2026-01-31 18:41:54.686 RedLemon[1080:558597] [AUTO_EXIT_CHECK] isEventPlayback: true
2026-01-31 18:41:54.687 RedLemon[1080:558597] [AUTO_EXIT_CHECK] isLoading: false, isResolvingStream: false
2026-01-31 18:41:54.687 RedLemon[1080:558597] [AUTO_EXIT_CHECK] playbackFinished: false, isPlaying: true
2026-01-31 18:41:54.687 RedLemon[1080:558597] [AUTO_EXIT_CHECK] Position: 5654.44s / Duration: 8658.752s
2026-01-31 18:41:54.687 RedLemon[1080:558597] [AUTO_EXIT_CHECK] Checking EOF conditions...
2026-01-31 18:41:54.687 RedLemon[1080:558597] [AUTO_EXIT_CHECK] No exit condition met - continuing to monitor...
2026-01-31 18:41:55.189 RedLemon[1080:559284] 🔐 Signed request to /rpc/user_heartbeat
2026-01-31 18:41:55.686 RedLemon[1080:558597] [AUTO_EXIT_CHECK] isEventPlayback: true
2026-01-31 18:41:55.686 RedLemon[1080:558597] [AUTO_EXIT_CHECK] isLoading: false, isResolvingStream: false
2026-01-31 18:41:55.687 RedLemon[1080:558597] [AUTO_EXIT_CHECK] playbackFinished: false, isPlaying: true
2026-01-31 18:41:55.687 RedLemon[1080:558597] [AUTO_EXIT_CHECK] Position: 5655.441s / Duration: 8658.752s
2026-01-31 18:41:55.687 RedLemon[1080:558597] [AUTO_EXIT_CHECK] Checking EOF conditions...
2026-01-31 18:41:55.687 RedLemon[1080:558597] [AUTO_EXIT_CHECK] No exit condition met - continuing to monitor...
2026-01-31 18:41:56.688 RedLemon[1080:558597] [AUTO_EXIT_CHECK] isEventPlayback: true
2026-01-31 18:41:56.688 RedLemon[1080:558597] [AUTO_EXIT_CHECK] isLoading: false, isResolvingStream: false
2026-01-31 18:41:56.688 RedLemon[1080:558597] [AUTO_EXIT_CHECK] playbackFinished: false, isPlaying: true
2026-01-31 18:41:56.688 RedLemon[1080:558597] [AUTO_EXIT_CHECK] Position: 5656.442s / Duration: 8658.752s
2026-01-31 18:41:56.688 RedLemon[1080:558597] [AUTO_EXIT_CHECK] Checking EOF conditions...
2026-01-31 18:41:56.688 RedLemon[1080:558597] [AUTO_EXIT_CHECK] No exit condition met - continuing to monitor...
2026-01-31 18:41:57.688 RedLemon[1080:558597] [AUTO_EXIT_CHECK] isEventPlayback: true
2026-01-31 18:41:57.688 RedLemon[1080:558597] [AUTO_EXIT_CHECK] isLoading: false, isResolvingStream: false
2026-01-31 18:41:57.688 RedLemon[1080:558597] [AUTO_EXIT_CHECK] playbackFinished: false, isPlaying: true
2026-01-31 18:41:57.688 RedLemon[1080:558597] [AUTO_EXIT_CHECK] Position: 5657.442999999999s / Duration: 8658.752s
2026-01-31 18:41:57.688 RedLemon[1080:558597] [AUTO_EXIT_CHECK] Checking EOF conditions...
2026-01-31 18:41:57.688 RedLemon[1080:558597] [AUTO_EXIT_CHECK] No exit condition met - continuing to monitor...
2026-01-31 18:41:58.689 RedLemon[1080:558597] [AUTO_EXIT_CHECK] isEventPlayback: true
2026-01-31 18:41:58.689 RedLemon[1080:558597] [AUTO_EXIT_CHECK] isLoading: false, isResolvingStream: false
2026-01-31 18:41:58.689 RedLemon[1080:558597] [AUTO_EXIT_CHECK] playbackFinished: false, isPlaying: true
2026-01-31 18:41:58.689 RedLemon[1080:558597] [AUTO_EXIT_CHECK] Position: 5658.4439999999995s / Duration: 8658.752s
2026-01-31 18:41:58.689 RedLemon[1080:558597] [AUTO_EXIT_CHECK] Checking EOF conditions...
2026-01-31 18:41:58.689 RedLemon[1080:558597] [AUTO_EXIT_CHECK] No exit condition met - continuing to monitor...
2026-01-31 18:41:59.691 RedLemon[1080:558597] [AUTO_EXIT_CHECK] isEventPlayback: true
2026-01-31 18:41:59.691 RedLemon[1080:558597] [AUTO_EXIT_CHECK] isLoading: false, isResolvingStream: false
2026-01-31 18:41:59.691 RedLemon[1080:558597] [AUTO_EXIT_CHECK] playbackFinished: false, isPlaying: true
2026-01-31 18:41:59.691 RedLemon[1080:558597] [AUTO_EXIT_CHECK] Position: 5659.445s / Duration: 8658.752s
2026-01-31 18:41:59.691 RedLemon[1080:558597] [AUTO_EXIT_CHECK] Checking EOF conditions...
2026-01-31 18:41:59.691 RedLemon[1080:558597] [AUTO_EXIT_CHECK] No exit condition met - continuing to monitor...
2026-01-31 18:42:00.692 RedLemon[1080:558597] [AUTO_EXIT_CHECK] isEventPlayback: true
2026-01-31 18:42:00.692 RedLemon[1080:558597] [AUTO_EXIT_CHECK] isLoading: false, isResolvingStream: false
2026-01-31 18:42:00.692 RedLemon[1080:558597] [AUTO_EXIT_CHECK] playbackFinished: false, isPlaying: true
2026-01-31 18:42:00.692 RedLemon[1080:558597] [AUTO_EXIT_CHECK] Position: 5660.446s / Duration: 8658.752s
2026-01-31 18:42:00.692 RedLemon[1080:558597] [AUTO_EXIT_CHECK] Checking EOF conditions...
2026-01-31 18:42:00.692 RedLemon[1080:558597] [AUTO_EXIT_CHECK] No exit condition met - continuing to monitor...
2026-01-31 18:42:01.693 RedLemon[1080:558597] [AUTO_EXIT_CHECK] isEventPlayback: true
2026-01-31 18:42:01.693 RedLemon[1080:558597] [AUTO_EXIT_CHECK] isLoading: false, isResolvingStream: false
2026-01-31 18:42:01.693 RedLemon[1080:558597] [AUTO_EXIT_CHECK] playbackFinished: false, isPlaying: true
2026-01-31 18:42:01.693 RedLemon[1080:558597] [AUTO_EXIT_CHECK] Position: 5661.447s / Duration: 8658.752s
2026-01-31 18:42:01.693 RedLemon[1080:558597] [AUTO_EXIT_CHECK] Checking EOF conditions...
2026-01-31 18:42:01.693 RedLemon[1080:558597] [AUTO_EXIT_CHECK] No exit condition met - continuing to monitor...
2026-01-31 18:42:02.653 RedLemon[1080:558597] [AUTO_EXIT_CHECK] isEventPlayback: true
2026-01-31 18:42:02.653 RedLemon[1080:558597] [AUTO_EXIT_CHECK] isLoading: false, isResolvingStream: false
2026-01-31 18:42:02.653 RedLemon[1080:558597] [AUTO_EXIT_CHECK] playbackFinished: false, isPlaying: true
2026-01-31 18:42:02.653 RedLemon[1080:558597] [AUTO_EXIT_CHECK] Position: 5662.447999999999s / Duration: 8658.752s
2026-01-31 18:42:02.653 RedLemon[1080:558597] [AUTO_EXIT_CHECK] Checking EOF conditions...
2026-01-31 18:42:02.653 RedLemon[1080:558597] [AUTO_EXIT_CHECK] No exit condition met - continuing to monitor...
2026-01-31 18:42:03.694 RedLemon[1080:558597] [AUTO_EXIT_CHECK] isEventPlayback: true
2026-01-31 18:42:03.694 RedLemon[1080:558597] [AUTO_EXIT_CHECK] isLoading: false, isResolvingStream: false
2026-01-31 18:42:03.694 RedLemon[1080:558597] [AUTO_EXIT_CHECK] playbackFinished: false, isPlaying: true
2026-01-31 18:42:03.694 RedLemon[1080:558597] [AUTO_EXIT_CHECK] Position: 5663.449s / Duration: 8658.752s
2026-01-31 18:42:03.694 RedLemon[1080:558597] [AUTO_EXIT_CHECK] Checking EOF conditions...
2026-01-31 18:42:03.694 RedLemon[1080:558597] [AUTO_EXIT_CHECK] No exit condition met - continuing to monitor...
2026-01-31 18:42:04.654 RedLemon[1080:558597] [AUTO_EXIT_CHECK] isEventPlayback: true
2026-01-31 18:42:04.654 RedLemon[1080:558597] [AUTO_EXIT_CHECK] isLoading: false, isResolvingStream: false
2026-01-31 18:42:04.654 RedLemon[1080:558597] [AUTO_EXIT_CHECK] playbackFinished: false, isPlaying: true
2026-01-31 18:42:04.654 RedLemon[1080:558597] [AUTO_EXIT_CHECK] Position: 5664.45s / Duration: 8658.752s
2026-01-31 18:42:04.654 RedLemon[1080:558597] [AUTO_EXIT_CHECK] Checking EOF conditions...
2026-01-31 18:42:04.655 RedLemon[1080:558597] [AUTO_EXIT_CHECK] No exit condition met - continuing to monitor...
2026-01-31 18:42:05.654 RedLemon[1080:558597] [AUTO_EXIT_CHECK] isEventPlayback: true
2026-01-31 18:42:05.654 RedLemon[1080:558597] [AUTO_EXIT_CHECK] isLoading: false, isResolvingStream: false
2026-01-31 18:42:05.654 RedLemon[1080:558597] [AUTO_EXIT_CHECK] playbackFinished: false, isPlaying: true
2026-01-31 18:42:05.654 RedLemon[1080:558597] [AUTO_EXIT_CHECK] Position: 5665.4929999999995s / Duration: 8658.752s
2026-01-31 18:42:05.654 RedLemon[1080:558597] [AUTO_EXIT_CHECK] Checking EOF conditions...
2026-01-31 18:42:05.654 RedLemon[1080:558597] [AUTO_EXIT_CHECK] No exit condition met - continuing to monitor...
2026-01-31 18:42:06.656 RedLemon[1080:558597] [AUTO_EXIT_CHECK] isEventPlayback: true
2026-01-31 18:42:06.656 RedLemon[1080:558597] [AUTO_EXIT_CHECK] isLoading: false, isResolvingStream: false
2026-01-31 18:42:06.656 RedLemon[1080:558597] [AUTO_EXIT_CHECK] playbackFinished: false, isPlaying: true
2026-01-31 18:42:06.656 RedLemon[1080:558597] [AUTO_EXIT_CHECK] Position: 5666.494s / Duration: 8658.752s
2026-01-31 18:42:06.656 RedLemon[1080:558597] [AUTO_EXIT_CHECK] Checking EOF conditions...
2026-01-31 18:42:06.656 RedLemon[1080:558597] [AUTO_EXIT_CHECK] No exit condition met - continuing to monitor...
2026-01-31 18:42:07.658 RedLemon[1080:558597] [AUTO_EXIT_CHECK] isEventPlayback: true
2026-01-31 18:42:07.659 RedLemon[1080:558597] [AUTO_EXIT_CHECK] isLoading: false, isResolvingStream: false
2026-01-31 18:42:07.659 RedLemon[1080:558597] [AUTO_EXIT_CHECK] playbackFinished: false, isPlaying: true
2026-01-31 18:42:07.659 RedLemon[1080:558597] [AUTO_EXIT_CHECK] Position: 5667.495s / Duration: 8658.752s
2026-01-31 18:42:07.659 RedLemon[1080:558597] [AUTO_EXIT_CHECK] Checking EOF conditions...
2026-01-31 18:42:07.659 RedLemon[1080:558597] [AUTO_EXIT_CHECK] No exit condition met - continuing to monitor...
2026-01-31 18:42:08.659 RedLemon[1080:558597] [AUTO_EXIT_CHECK] isEventPlayback: true
2026-01-31 18:42:08.659 RedLemon[1080:558597] [AUTO_EXIT_CHECK] isLoading: false, isResolvingStream: false
2026-01-31 18:42:08.659 RedLemon[1080:558597] [AUTO_EXIT_CHECK] playbackFinished: false, isPlaying: true
2026-01-31 18:42:08.659 RedLemon[1080:558597] [AUTO_EXIT_CHECK] Position: 5668.496s / Duration: 8658.752s
2026-01-31 18:42:08.659 RedLemon[1080:558597] [AUTO_EXIT_CHECK] Checking EOF conditions...
2026-01-31 18:42:08.659 RedLemon[1080:558597] [AUTO_EXIT_CHECK] No exit condition met - continuing to monitor...
2026-01-31 18:42:09.660 RedLemon[1080:558597] [AUTO_EXIT_CHECK] isEventPlayback: true
2026-01-31 18:42:09.660 RedLemon[1080:558597] [AUTO_EXIT_CHECK] isLoading: false, isResolvingStream: false
2026-01-31 18:42:09.660 RedLemon[1080:558597] [AUTO_EXIT_CHECK] playbackFinished: false, isPlaying: true
2026-01-31 18:42:09.660 RedLemon[1080:558597] [AUTO_EXIT_CHECK] Position: 5669.496999999999s / Duration: 8658.752s
2026-01-31 18:42:09.660 RedLemon[1080:558597] [AUTO_EXIT_CHECK] Checking EOF conditions...
2026-01-31 18:42:09.660 RedLemon[1080:558597] [AUTO_EXIT_CHECK] No exit condition met - continuing to monitor...
2026-01-31 18:42:10.660 RedLemon[1080:558597] [AUTO_EXIT_CHECK] isEventPlayback: true
2026-01-31 18:42:10.660 RedLemon[1080:558597] [AUTO_EXIT_CHECK] isLoading: false, isResolvingStream: false
2026-01-31 18:42:10.660 RedLemon[1080:558597] [AUTO_EXIT_CHECK] playbackFinished: false, isPlaying: true
2026-01-31 18:42:10.660 RedLemon[1080:558597] [AUTO_EXIT_CHECK] Position: 5670.498s / Duration: 8658.752s
2026-01-31 18:42:10.660 RedLemon[1080:558597] [AUTO_EXIT_CHECK] Checking EOF conditions...
2026-01-31 18:42:10.660 RedLemon[1080:558597] [AUTO_EXIT_CHECK] No exit condition met - continuing to monitor...
2026-01-31 18:42:11.661 RedLemon[1080:558597] [AUTO_EXIT_CHECK] isEventPlayback: true
2026-01-31 18:42:11.661 RedLemon[1080:558597] [AUTO_EXIT_CHECK] isLoading: false, isResolvingStream: false
2026-01-31 18:42:11.661 RedLemon[1080:558597] [AUTO_EXIT_CHECK] playbackFinished: false, isPlaying: true
2026-01-31 18:42:11.661 RedLemon[1080:558597] [AUTO_EXIT_CHECK] Position: 5671.499s / Duration: 8658.752s
2026-01-31 18:42:11.661 RedLemon[1080:558597] [AUTO_EXIT_CHECK] Checking EOF conditions...
2026-01-31 18:42:11.661 RedLemon[1080:558597] [AUTO_EXIT_CHECK] No exit condition met - continuing to monitor...
2026-01-31 18:42:12.662 RedLemon[1080:558597] [AUTO_EXIT_CHECK] isEventPlayback: true
2026-01-31 18:42:12.662 RedLemon[1080:558597] [AUTO_EXIT_CHECK] isLoading: false, isResolvingStream: false
2026-01-31 18:42:12.662 RedLemon[1080:558597] [AUTO_EXIT_CHECK] playbackFinished: false, isPlaying: true
2026-01-31 18:42:12.662 RedLemon[1080:558597] [AUTO_EXIT_CHECK] Position: 5672.5s / Duration: 8658.752s
2026-01-31 18:42:12.662 RedLemon[1080:558597] [AUTO_EXIT_CHECK] Checking EOF conditions...
2026-01-31 18:42:12.662 RedLemon[1080:558597] [AUTO_EXIT_CHECK] No exit condition met - continuing to monitor...
2026-01-31 18:42:13.665 RedLemon[1080:558597] [AUTO_EXIT_CHECK] isEventPlayback: true
2026-01-31 18:42:13.665 RedLemon[1080:558597] [AUTO_EXIT_CHECK] isLoading: false, isResolvingStream: false
2026-01-31 18:42:13.665 RedLemon[1080:558597] [AUTO_EXIT_CHECK] playbackFinished: false, isPlaying: true
2026-01-31 18:42:13.665 RedLemon[1080:558597] [AUTO_EXIT_CHECK] Position: 5673.459s / Duration: 8658.752s
2026-01-31 18:42:13.665 RedLemon[1080:558597] [AUTO_EXIT_CHECK] Checking EOF conditions...
2026-01-31 18:42:13.665 RedLemon[1080:558597] [AUTO_EXIT_CHECK] No exit condition met - continuing to monitor...
2026-01-31 18:42:14.665 RedLemon[1080:558597] [AUTO_EXIT_CHECK] isEventPlayback: true
2026-01-31 18:42:14.666 RedLemon[1080:558597] [AUTO_EXIT_CHECK] isLoading: false, isResolvingStream: false
2026-01-31 18:42:14.666 RedLemon[1080:558597] [AUTO_EXIT_CHECK] playbackFinished: false, isPlaying: true
2026-01-31 18:42:14.666 RedLemon[1080:558597] [AUTO_EXIT_CHECK] Position: 5674.46s / Duration: 8658.752s
2026-01-31 18:42:14.666 RedLemon[1080:558597] [AUTO_EXIT_CHECK] Checking EOF conditions...
2026-01-31 18:42:14.666 RedLemon[1080:558597] [AUTO_EXIT_CHECK] No exit condition met - continuing to monitor...
2026-01-31 18:42:15.666 RedLemon[1080:558597] [AUTO_EXIT_CHECK] isEventPlayback: true
2026-01-31 18:42:15.666 RedLemon[1080:558597] [AUTO_EXIT_CHECK] isLoading: false, isResolvingStream: false
2026-01-31 18:42:15.666 RedLemon[1080:558597] [AUTO_EXIT_CHECK] playbackFinished: false, isPlaying: true
2026-01-31 18:42:15.666 RedLemon[1080:558597] [AUTO_EXIT_CHECK] Position: 5675.460999999999s / Duration: 8658.752s
2026-01-31 18:42:15.666 RedLemon[1080:558597] [AUTO_EXIT_CHECK] Checking EOF conditions...
2026-01-31 18:42:15.666 RedLemon[1080:558597] [AUTO_EXIT_CHECK] No exit condition met - continuing to monitor...
2026-01-31 18:42:16.667 RedLemon[1080:558597] [AUTO_EXIT_CHECK] isEventPlayback: true
2026-01-31 18:42:16.667 RedLemon[1080:558597] [AUTO_EXIT_CHECK] isLoading: false, isResolvingStream: false
2026-01-31 18:42:16.667 RedLemon[1080:558597] [AUTO_EXIT_CHECK] playbackFinished: false, isPlaying: true
2026-01-31 18:42:16.667 RedLemon[1080:558597] [AUTO_EXIT_CHECK] Position: 5676.4619999999995s / Duration: 8658.752s
2026-01-31 18:42:16.667 RedLemon[1080:558597] [AUTO_EXIT_CHECK] Checking EOF conditions...
2026-01-31 18:42:16.667 RedLemon[1080:558597] [AUTO_EXIT_CHECK] No exit condition met - continuing to monitor...
2026-01-31 18:42:17.667 RedLemon[1080:558597] [AUTO_EXIT_CHECK] isEventPlayback: true
2026-01-31 18:42:17.667 RedLemon[1080:558597] [AUTO_EXIT_CHECK] isLoading: false, isResolvingStream: false
2026-01-31 18:42:17.667 RedLemon[1080:558597] [AUTO_EXIT_CHECK] playbackFinished: false, isPlaying: true
2026-01-31 18:42:17.667 RedLemon[1080:558597] [AUTO_EXIT_CHECK] Position: 5677.463s / Duration: 8658.752s
2026-01-31 18:42:17.667 RedLemon[1080:558597] [AUTO_EXIT_CHECK] Checking EOF conditions...
2026-01-31 18:42:17.667 RedLemon[1080:558597] [AUTO_EXIT_CHECK] No exit condition met - continuing to monitor...
2026-01-31 18:42:17.836 RedLemon[1080:558666] 🔐 Signed request to /rpc/upsert_watch_history_item
2026-01-31 18:42:18.668 RedLemon[1080:558597] [AUTO_EXIT_CHECK] isEventPlayback: true
2026-01-31 18:42:18.668 RedLemon[1080:558597] [AUTO_EXIT_CHECK] isLoading: false, isResolvingStream: false
2026-01-31 18:42:18.668 RedLemon[1080:558597] [AUTO_EXIT_CHECK] playbackFinished: false, isPlaying: true
2026-01-31 18:42:18.668 RedLemon[1080:558597] [AUTO_EXIT_CHECK] Position: 5678.423s / Duration: 8658.752s
2026-01-31 18:42:18.668 RedLemon[1080:558597] [AUTO_EXIT_CHECK] Checking EOF conditions...
2026-01-31 18:42:18.668 RedLemon[1080:558597] [AUTO_EXIT_CHECK] No exit condition met - continuing to monitor...
2026-01-31 18:42:18.919 RedLemon[1080:559284] 🔐 SupabaseClient: Signing Identity Payload: '1769902938bb6bcb45-c36d-4267-ab6d-47ac2335f489/rpc/room_heartbeat'
2026-01-31 18:42:18.920 RedLemon[1080:559284] 🔐 Signed request to /rpc/room_heartbeat
2026-01-31 18:42:19.670 RedLemon[1080:558597] [AUTO_EXIT_CHECK] isEventPlayback: true
2026-01-31 18:42:19.670 RedLemon[1080:558597] [AUTO_EXIT_CHECK] isLoading: false, isResolvingStream: false
2026-01-31 18:42:19.670 RedLemon[1080:558597] [AUTO_EXIT_CHECK] playbackFinished: false, isPlaying: true
2026-01-31 18:42:19.670 RedLemon[1080:558597] [AUTO_EXIT_CHECK] Position: 5679.424s / Duration: 8658.752s
2026-01-31 18:42:19.670 RedLemon[1080:558597] [AUTO_EXIT_CHECK] Checking EOF conditions...
2026-01-31 18:42:19.670 RedLemon[1080:558597] [AUTO_EXIT_CHECK] No exit condition met - continuing to monitor...
2026-01-31 18:42:20.510 RedLemon[1080:558666] 🔐 Signed request to /rpc/user_heartbeat
2026-01-31 18:42:20.671 RedLemon[1080:558597] [AUTO_EXIT_CHECK] isEventPlayback: true
2026-01-31 18:42:20.671 RedLemon[1080:558597] [AUTO_EXIT_CHECK] isLoading: false, isResolvingStream: false
2026-01-31 18:42:20.671 RedLemon[1080:558597] [AUTO_EXIT_CHECK] playbackFinished: false, isPlaying: true
2026-01-31 18:42:20.671 RedLemon[1080:558597] [AUTO_EXIT_CHECK] Position: 5680.425s / Duration: 8658.752s
2026-01-31 18:42:20.671 RedLemon[1080:558597] [AUTO_EXIT_CHECK] Checking EOF conditions...
2026-01-31 18:42:20.672 RedLemon[1080:558597] [AUTO_EXIT_CHECK] No exit condition met - continuing to monitor...
2026-01-31 18:42:21.672 RedLemon[1080:558597] [AUTO_EXIT_CHECK] isEventPlayback: true
2026-01-31 18:42:21.672 RedLemon[1080:558597] [AUTO_EXIT_CHECK] isLoading: false, isResolvingStream: false
2026-01-31 18:42:21.673 RedLemon[1080:558597] [AUTO_EXIT_CHECK] playbackFinished: false, isPlaying: true
2026-01-31 18:42:21.673 RedLemon[1080:558597] [AUTO_EXIT_CHECK] Position: 5681.4259999999995s / Duration: 8658.752s
2026-01-31 18:42:21.673 RedLemon[1080:558597] [AUTO_EXIT_CHECK] Checking EOF conditions...
2026-01-31 18:42:21.673 RedLemon[1080:558597] [AUTO_EXIT_CHECK] No exit condition met - continuing to monitor...
2026-01-31 18:42:22.672 RedLemon[1080:558597] [AUTO_EXIT_CHECK] isEventPlayback: true
2026-01-31 18:42:22.672 RedLemon[1080:558597] [AUTO_EXIT_CHECK] isLoading: false, isResolvingStream: false
2026-01-31 18:42:22.672 RedLemon[1080:558597] [AUTO_EXIT_CHECK] playbackFinished: false, isPlaying: true
2026-01-31 18:42:22.672 RedLemon[1080:558597] [AUTO_EXIT_CHECK] Position: 5682.427s / Duration: 8658.752s
2026-01-31 18:42:22.673 RedLemon[1080:558597] [AUTO_EXIT_CHECK] Checking EOF conditions...
2026-01-31 18:42:22.673 RedLemon[1080:558597] [AUTO_EXIT_CHECK] No exit condition met - continuing to monitor...
2026-01-31 18:42:23.673 RedLemon[1080:558597] [AUTO_EXIT_CHECK] isEventPlayback: true
2026-01-31 18:42:23.673 RedLemon[1080:558597] [AUTO_EXIT_CHECK] isLoading: false, isResolvingStream: false
2026-01-31 18:42:23.673 RedLemon[1080:558597] [AUTO_EXIT_CHECK] playbackFinished: false, isPlaying: true
2026-01-31 18:42:23.673 RedLemon[1080:558597] [AUTO_EXIT_CHECK] Position: 5683.428s / Duration: 8658.752s
2026-01-31 18:42:23.673 RedLemon[1080:558597] [AUTO_EXIT_CHECK] Checking EOF conditions...
2026-01-31 18:42:23.673 RedLemon[1080:558597] [AUTO_EXIT_CHECK] No exit condition met - continuing to monitor...
2026-01-31 18:42:24.674 RedLemon[1080:558597] [AUTO_EXIT_CHECK] isEventPlayback: true
2026-01-31 18:42:24.674 RedLemon[1080:558597] [AUTO_EXIT_CHECK] isLoading: false, isResolvingStream: false
2026-01-31 18:42:24.674 RedLemon[1080:558597] [AUTO_EXIT_CHECK] playbackFinished: false, isPlaying: true
2026-01-31 18:42:24.674 RedLemon[1080:558597] [AUTO_EXIT_CHECK] Position: 5684.429s / Duration: 8658.752s
2026-01-31 18:42:24.674 RedLemon[1080:558597] [AUTO_EXIT_CHECK] Checking EOF conditions...
2026-01-31 18:42:24.674 RedLemon[1080:558597] [AUTO_EXIT_CHECK] No exit condition met - continuing to monitor...
2026-01-31 18:42:25.674 RedLemon[1080:558597] [AUTO_EXIT_CHECK] isEventPlayback: true
2026-01-31 18:42:25.674 RedLemon[1080:558597] [AUTO_EXIT_CHECK] isLoading: false, isResolvingStream: false
2026-01-31 18:42:25.674 RedLemon[1080:558597] [AUTO_EXIT_CHECK] playbackFinished: false, isPlaying: true
2026-01-31 18:42:25.674 RedLemon[1080:558597] [AUTO_EXIT_CHECK] Position: 5685.429999999999s / Duration: 8658.752s
2026-01-31 18:42:25.675 RedLemon[1080:558597] [AUTO_EXIT_CHECK] Checking EOF conditions...
2026-01-31 18:42:25.675 RedLemon[1080:558597] [AUTO_EXIT_CHECK] No exit condition met - continuing to monitor...
2026-01-31 18:42:26.678 RedLemon[1080:558597] [AUTO_EXIT_CHECK] isEventPlayback: true
2026-01-31 18:42:26.679 RedLemon[1080:558597] [AUTO_EXIT_CHECK] isLoading: false, isResolvingStream: false
2026-01-31 18:42:26.679 RedLemon[1080:558597] [AUTO_EXIT_CHECK] playbackFinished: false, isPlaying: true
2026-01-31 18:42:26.679 RedLemon[1080:558597] [AUTO_EXIT_CHECK] Position: 5686.472s / Duration: 8658.752s
2026-01-31 18:42:26.679 RedLemon[1080:558597] [AUTO_EXIT_CHECK] Checking EOF conditions...
2026-01-31 18:42:26.679 RedLemon[1080:558597] [AUTO_EXIT_CHECK] No exit condition met - continuing to monitor...
2026-01-31 18:42:27.679 RedLemon[1080:558597] [AUTO_EXIT_CHECK] isEventPlayback: true
2026-01-31 18:42:27.679 RedLemon[1080:558597] [AUTO_EXIT_CHECK] isLoading: false, isResolvingStream: false
2026-01-31 18:42:27.679 RedLemon[1080:558597] [AUTO_EXIT_CHECK] playbackFinished: false, isPlaying: true
2026-01-31 18:42:27.679 RedLemon[1080:558597] [AUTO_EXIT_CHECK] Position: 5687.473s / Duration: 8658.752s
2026-01-31 18:42:27.679 RedLemon[1080:558597] [AUTO_EXIT_CHECK] Checking EOF conditions...
2026-01-31 18:42:27.679 RedLemon[1080:558597] [AUTO_EXIT_CHECK] No exit condition met - continuing to monitor...
2026-01-31 18:42:28.680 RedLemon[1080:558597] [AUTO_EXIT_CHECK] isEventPlayback: true
2026-01-31 18:42:28.680 RedLemon[1080:558597] [AUTO_EXIT_CHECK] isLoading: false, isResolvingStream: false
2026-01-31 18:42:28.680 RedLemon[1080:558597] [AUTO_EXIT_CHECK] playbackFinished: false, isPlaying: true
2026-01-31 18:42:28.680 RedLemon[1080:558597] [AUTO_EXIT_CHECK] Position: 5688.474s / Duration: 8658.752s
2026-01-31 18:42:28.680 RedLemon[1080:558597] [AUTO_EXIT_CHECK] Checking EOF conditions...
2026-01-31 18:42:28.680 RedLemon[1080:558597] [AUTO_EXIT_CHECK] No exit condition met - continuing to monitor...
2026-01-31 18:42:29.679 RedLemon[1080:558597] [AUTO_EXIT_CHECK] isEventPlayback: true
2026-01-31 18:42:29.680 RedLemon[1080:558597] [AUTO_EXIT_CHECK] isLoading: false, isResolvingStream: false
2026-01-31 18:42:29.680 RedLemon[1080:558597] [AUTO_EXIT_CHECK] playbackFinished: false, isPlaying: true
2026-01-31 18:42:29.680 RedLemon[1080:558597] [AUTO_EXIT_CHECK] Position: 5689.392s / Duration: 8658.752s
2026-01-31 18:42:29.680 RedLemon[1080:558597] [AUTO_EXIT_CHECK] Checking EOF conditions...
2026-01-31 18:42:29.680 RedLemon[1080:558597] [AUTO_EXIT_CHECK] No exit condition met - continuing to monitor...
2026-01-31 18:42:30.680 RedLemon[1080:558597] [AUTO_EXIT_CHECK] isEventPlayback: true
2026-01-31 18:42:30.680 RedLemon[1080:558597] [AUTO_EXIT_CHECK] isLoading: false, isResolvingStream: false
2026-01-31 18:42:30.680 RedLemon[1080:558597] [AUTO_EXIT_CHECK] playbackFinished: false, isPlaying: true
2026-01-31 18:42:30.680 RedLemon[1080:558597] [AUTO_EXIT_CHECK] Position: 5690.393s / Duration: 8658.752s
2026-01-31 18:42:30.680 RedLemon[1080:558597] [AUTO_EXIT_CHECK] Checking EOF conditions...
2026-01-31 18:42:30.680 RedLemon[1080:558597] [AUTO_EXIT_CHECK] No exit condition met - continuing to monitor...
2026-01-31 18:42:31.681 RedLemon[1080:558597] [AUTO_EXIT_CHECK] isEventPlayback: true
2026-01-31 18:42:31.681 RedLemon[1080:558597] [AUTO_EXIT_CHECK] isLoading: false, isResolvingStream: false
2026-01-31 18:42:31.681 RedLemon[1080:558597] [AUTO_EXIT_CHECK] playbackFinished: false, isPlaying: true
2026-01-31 18:42:31.681 RedLemon[1080:558597] [AUTO_EXIT_CHECK] Position: 5691.393999999999s / Duration: 8658.752s
2026-01-31 18:42:31.681 RedLemon[1080:558597] [AUTO_EXIT_CHECK] Checking EOF conditions...
2026-01-31 18:42:31.681 RedLemon[1080:558597] [AUTO_EXIT_CHECK] No exit condition met - continuing to monitor...
2026-01-31 18:42:32.683 RedLemon[1080:558597] [AUTO_EXIT_CHECK] isEventPlayback: true
2026-01-31 18:42:32.683 RedLemon[1080:558597] [AUTO_EXIT_CHECK] isLoading: false, isResolvingStream: false
2026-01-31 18:42:32.683 RedLemon[1080:558597] [AUTO_EXIT_CHECK] playbackFinished: false, isPlaying: true
2026-01-31 18:42:32.683 RedLemon[1080:558597] [AUTO_EXIT_CHECK] Position: 5692.3949999999995s / Duration: 8658.752s
2026-01-31 18:42:32.683 RedLemon[1080:558597] [AUTO_EXIT_CHECK] Checking EOF conditions...
2026-01-31 18:42:32.683 RedLemon[1080:558597] [AUTO_EXIT_CHECK] No exit condition met - continuing to monitor...
2026-01-31 18:42:33.684 RedLemon[1080:558597] [AUTO_EXIT_CHECK] isEventPlayback: true
2026-01-31 18:42:33.685 RedLemon[1080:558597] [AUTO_EXIT_CHECK] isLoading: false, isResolvingStream: false
2026-01-31 18:42:33.685 RedLemon[1080:558597] [AUTO_EXIT_CHECK] playbackFinished: false, isPlaying: true
2026-01-31 18:42:33.685 RedLemon[1080:558597] [AUTO_EXIT_CHECK] Position: 5693.312s / Duration: 8658.752s
2026-01-31 18:42:33.685 RedLemon[1080:558597] [AUTO_EXIT_CHECK] Checking EOF conditions...
2026-01-31 18:42:33.685 RedLemon[1080:558597] [AUTO_EXIT_CHECK] No exit condition met - continuing to monitor...
2026-01-31 18:42:34.685 RedLemon[1080:558597] [AUTO_EXIT_CHECK] isEventPlayback: true
2026-01-31 18:42:34.685 RedLemon[1080:558597] [AUTO_EXIT_CHECK] isLoading: false, isResolvingStream: false
2026-01-31 18:42:34.685 RedLemon[1080:558597] [AUTO_EXIT_CHECK] playbackFinished: false, isPlaying: true
2026-01-31 18:42:34.685 RedLemon[1080:558597] [AUTO_EXIT_CHECK] Position: 5694.355s / Duration: 8658.752s
2026-01-31 18:42:34.685 RedLemon[1080:558597] [AUTO_EXIT_CHECK] Checking EOF conditions...
2026-01-31 18:42:34.685 RedLemon[1080:558597] [AUTO_EXIT_CHECK] No exit condition met - continuing to monitor...
2026-01-31 18:42:35.685 RedLemon[1080:558597] [AUTO_EXIT_CHECK] isEventPlayback: true
2026-01-31 18:42:35.685 RedLemon[1080:558597] [AUTO_EXIT_CHECK] isLoading: false, isResolvingStream: false
2026-01-31 18:42:35.686 RedLemon[1080:558597] [AUTO_EXIT_CHECK] playbackFinished: false, isPlaying: true
2026-01-31 18:42:35.686 RedLemon[1080:558597] [AUTO_EXIT_CHECK] Position: 5695.356s / Duration: 8658.752s
2026-01-31 18:42:35.686 RedLemon[1080:558597] [AUTO_EXIT_CHECK] Checking EOF conditions...
2026-01-31 18:42:35.686 RedLemon[1080:558597] [AUTO_EXIT_CHECK] No exit condition met - continuing to monitor...
2026-01-31 18:42:36.687 RedLemon[1080:558597] [AUTO_EXIT_CHECK] isEventPlayback: true
2026-01-31 18:42:36.687 RedLemon[1080:558597] [AUTO_EXIT_CHECK] isLoading: false, isResolvingStream: false
2026-01-31 18:42:36.687 RedLemon[1080:558597] [AUTO_EXIT_CHECK] playbackFinished: false, isPlaying: true
2026-01-31 18:42:36.687 RedLemon[1080:558597] [AUTO_EXIT_CHECK] Position: 5696.357s / Duration: 8658.752s
2026-01-31 18:42:36.687 RedLemon[1080:558597] [AUTO_EXIT_CHECK] Checking EOF conditions...
2026-01-31 18:42:36.687 RedLemon[1080:558597] [AUTO_EXIT_CHECK] No exit condition met - continuing to monitor...
2026-01-31 18:42:37.687 RedLemon[1080:558597] [AUTO_EXIT_CHECK] isEventPlayback: true
2026-01-31 18:42:37.687 RedLemon[1080:558597] [AUTO_EXIT_CHECK] isLoading: false, isResolvingStream: false
2026-01-31 18:42:37.687 RedLemon[1080:558597] [AUTO_EXIT_CHECK] playbackFinished: false, isPlaying: true
2026-01-31 18:42:37.687 RedLemon[1080:558597] [AUTO_EXIT_CHECK] Position: 5697.358s / Duration: 8658.752s
2026-01-31 18:42:37.687 RedLemon[1080:558597] [AUTO_EXIT_CHECK] Checking EOF conditions...
2026-01-31 18:42:37.687 RedLemon[1080:558597] [AUTO_EXIT_CHECK] No exit condition met - continuing to monitor...
2026-01-31 18:42:38.689 RedLemon[1080:558597] [AUTO_EXIT_CHECK] isEventPlayback: true
2026-01-31 18:42:38.689 RedLemon[1080:558597] [AUTO_EXIT_CHECK] isLoading: false, isResolvingStream: false
2026-01-31 18:42:38.689 RedLemon[1080:558597] [AUTO_EXIT_CHECK] playbackFinished: false, isPlaying: true
2026-01-31 18:42:38.689 RedLemon[1080:558597] [AUTO_EXIT_CHECK] Position: 5698.3589999999995s / Duration: 8658.752s
2026-01-31 18:42:38.689 RedLemon[1080:558597] [AUTO_EXIT_CHECK] Checking EOF conditions...
2026-01-31 18:42:38.689 RedLemon[1080:558597] [AUTO_EXIT_CHECK] No exit condition met - continuing to monitor...
2026-01-31 18:42:39.691 RedLemon[1080:558597] [AUTO_EXIT_CHECK] isEventPlayback: true
2026-01-31 18:42:39.691 RedLemon[1080:558597] [AUTO_EXIT_CHECK] isLoading: false, isResolvingStream: false
2026-01-31 18:42:39.691 RedLemon[1080:558597] [AUTO_EXIT_CHECK] playbackFinished: false, isPlaying: true
2026-01-31 18:42:39.692 RedLemon[1080:558597] [AUTO_EXIT_CHECK] Position: 5699.36s / Duration: 8658.752s
2026-01-31 18:42:39.692 RedLemon[1080:558597] [AUTO_EXIT_CHECK] Checking EOF conditions...
2026-01-31 18:42:39.692 RedLemon[1080:558597] [AUTO_EXIT_CHECK] No exit condition met - continuing to monitor...
2026-01-31 18:42:40.691 RedLemon[1080:558597] [AUTO_EXIT_CHECK] isEventPlayback: true
2026-01-31 18:42:40.691 RedLemon[1080:558597] [AUTO_EXIT_CHECK] isLoading: false, isResolvingStream: false
2026-01-31 18:42:40.691 RedLemon[1080:558597] [AUTO_EXIT_CHECK] playbackFinished: false, isPlaying: true
2026-01-31 18:42:40.691 RedLemon[1080:558597] [AUTO_EXIT_CHECK] Position: 5700.361s / Duration: 8658.752s
2026-01-31 18:42:40.691 RedLemon[1080:558597] [AUTO_EXIT_CHECK] Checking EOF conditions...
2026-01-31 18:42:40.691 RedLemon[1080:558597] [AUTO_EXIT_CHECK] No exit condition met - continuing to monitor...
2026-01-31 18:42:41.693 RedLemon[1080:558597] [AUTO_EXIT_CHECK] isEventPlayback: true
2026-01-31 18:42:41.693 RedLemon[1080:558597] [AUTO_EXIT_CHECK] isLoading: false, isResolvingStream: false
2026-01-31 18:42:41.693 RedLemon[1080:558597] [AUTO_EXIT_CHECK] playbackFinished: false, isPlaying: true
2026-01-31 18:42:41.693 RedLemon[1080:558597] [AUTO_EXIT_CHECK] Position: 5701.362s / Duration: 8658.752s
2026-01-31 18:42:41.693 RedLemon[1080:558597] [AUTO_EXIT_CHECK] Checking EOF conditions...
2026-01-31 18:42:41.693 RedLemon[1080:558597] [AUTO_EXIT_CHECK] No exit condition met - continuing to monitor...
2026-01-31 18:42:42.693 RedLemon[1080:558597] [AUTO_EXIT_CHECK] isEventPlayback: true
2026-01-31 18:42:42.693 RedLemon[1080:558597] [AUTO_EXIT_CHECK] isLoading: false, isResolvingStream: false
2026-01-31 18:42:42.693 RedLemon[1080:558597] [AUTO_EXIT_CHECK] playbackFinished: false, isPlaying: true
2026-01-31 18:42:42.693 RedLemon[1080:558597] [AUTO_EXIT_CHECK] Position: 5702.362999999999s / Duration: 8658.752s
2026-01-31 18:42:42.693 RedLemon[1080:558597] [AUTO_EXIT_CHECK] Checking EOF conditions...
2026-01-31 18:42:42.693 RedLemon[1080:558597] [AUTO_EXIT_CHECK] No exit condition met - continuing to monitor...
2026-01-31 18:42:43.694 RedLemon[1080:558597] [AUTO_EXIT_CHECK] isEventPlayback: true
2026-01-31 18:42:43.694 RedLemon[1080:558597] [AUTO_EXIT_CHECK] isLoading: false, isResolvingStream: false
2026-01-31 18:42:43.694 RedLemon[1080:558597] [AUTO_EXIT_CHECK] playbackFinished: false, isPlaying: true
2026-01-31 18:42:43.694 RedLemon[1080:558597] [AUTO_EXIT_CHECK] Position: 5703.364s / Duration: 8658.752s
2026-01-31 18:42:43.694 RedLemon[1080:558597] [AUTO_EXIT_CHECK] Checking EOF conditions...
2026-01-31 18:42:43.694 RedLemon[1080:558597] [AUTO_EXIT_CHECK] No exit condition met - continuing to monitor...
2026-01-31 18:42:44.694 RedLemon[1080:558597] [AUTO_EXIT_CHECK] isEventPlayback: true
2026-01-31 18:42:44.694 RedLemon[1080:558597] [AUTO_EXIT_CHECK] isLoading: false, isResolvingStream: false
2026-01-31 18:42:44.694 RedLemon[1080:558597] [AUTO_EXIT_CHECK] playbackFinished: false, isPlaying: true
2026-01-31 18:42:44.694 RedLemon[1080:558597] [AUTO_EXIT_CHECK] Position: 5704.365s / Duration: 8658.752s
2026-01-31 18:42:44.695 RedLemon[1080:558597] [AUTO_EXIT_CHECK] Checking EOF conditions...
2026-01-31 18:42:44.695 RedLemon[1080:558597] [AUTO_EXIT_CHECK] No exit condition met - continuing to monitor...
2026-01-31 18:42:45.654 RedLemon[1080:558597] [AUTO_EXIT_CHECK] isEventPlayback: true
2026-01-31 18:42:45.654 RedLemon[1080:558597] [AUTO_EXIT_CHECK] isLoading: false, isResolvingStream: false
2026-01-31 18:42:45.654 RedLemon[1080:558597] [AUTO_EXIT_CHECK] playbackFinished: false, isPlaying: true
2026-01-31 18:42:45.655 RedLemon[1080:558597] [AUTO_EXIT_CHECK] Position: 5705.366s / Duration: 8658.752s
2026-01-31 18:42:45.655 RedLemon[1080:558597] [AUTO_EXIT_CHECK] Checking EOF conditions...
2026-01-31 18:42:45.655 RedLemon[1080:558597] [AUTO_EXIT_CHECK] No exit condition met - continuing to monitor...
2026-01-31 18:42:45.780 RedLemon[1080:559066] 🔐 Signed request to /rpc/user_heartbeat
2026-01-31 18:42:46.656 RedLemon[1080:558597] [AUTO_EXIT_CHECK] isEventPlayback: true
2026-01-31 18:42:46.656 RedLemon[1080:558597] [AUTO_EXIT_CHECK] isLoading: false, isResolvingStream: false
2026-01-31 18:42:46.656 RedLemon[1080:558597] [AUTO_EXIT_CHECK] playbackFinished: false, isPlaying: true
2026-01-31 18:42:46.656 RedLemon[1080:558597] [AUTO_EXIT_CHECK] Position: 5706.325s / Duration: 8658.752s
2026-01-31 18:42:46.656 RedLemon[1080:558597] [AUTO_EXIT_CHECK] Checking EOF conditions...
2026-01-31 18:42:46.656 RedLemon[1080:558597] [AUTO_EXIT_CHECK] No exit condition met - continuing to monitor...
2026-01-31 18:42:47.655 RedLemon[1080:558597] [AUTO_EXIT_CHECK] isEventPlayback: true
2026-01-31 18:42:47.655 RedLemon[1080:558597] [AUTO_EXIT_CHECK] isLoading: false, isResolvingStream: false
2026-01-31 18:42:47.655 RedLemon[1080:558597] [AUTO_EXIT_CHECK] playbackFinished: false, isPlaying: true
2026-01-31 18:42:47.656 RedLemon[1080:558597] [AUTO_EXIT_CHECK] Position: 5707.326s / Duration: 8658.752s
2026-01-31 18:42:47.656 RedLemon[1080:558597] [AUTO_EXIT_CHECK] Checking EOF conditions...
2026-01-31 18:42:47.656 RedLemon[1080:558597] [AUTO_EXIT_CHECK] No exit condition met - continuing to monitor...
2026-01-31 18:42:48.657 RedLemon[1080:558597] [AUTO_EXIT_CHECK] isEventPlayback: true
2026-01-31 18:42:48.657 RedLemon[1080:558597] [AUTO_EXIT_CHECK] isLoading: false, isResolvingStream: false
2026-01-31 18:42:48.657 RedLemon[1080:558597] [AUTO_EXIT_CHECK] playbackFinished: false, isPlaying: true
2026-01-31 18:42:48.658 RedLemon[1080:558597] [AUTO_EXIT_CHECK] Position: 5708.326999999999s / Duration: 8658.752s
2026-01-31 18:42:48.658 RedLemon[1080:558597] [AUTO_EXIT_CHECK] Checking EOF conditions...
2026-01-31 18:42:48.658 RedLemon[1080:558597] [AUTO_EXIT_CHECK] No exit condition met - continuing to monitor...
2026-01-31 18:42:49.200 RedLemon[1080:559574] 🔐 SupabaseClient: Signing Identity Payload: '1769902969bb6bcb45-c36d-4267-ab6d-47ac2335f489/rpc/room_heartbeat'
2026-01-31 18:42:49.201 RedLemon[1080:559574] 🔐 Signed request to /rpc/room_heartbeat
2026-01-31 18:42:49.658 RedLemon[1080:558597] [AUTO_EXIT_CHECK] isEventPlayback: true
2026-01-31 18:42:49.658 RedLemon[1080:558597] [AUTO_EXIT_CHECK] isLoading: false, isResolvingStream: false
2026-01-31 18:42:49.658 RedLemon[1080:558597] [AUTO_EXIT_CHECK] playbackFinished: false, isPlaying: true
2026-01-31 18:42:49.658 RedLemon[1080:558597] [AUTO_EXIT_CHECK] Position: 5709.3279999999995s / Duration: 8658.752s
2026-01-31 18:42:49.658 RedLemon[1080:558597] [AUTO_EXIT_CHECK] Checking EOF conditions...
2026-01-31 18:42:49.658 RedLemon[1080:558597] [AUTO_EXIT_CHECK] No exit condition met - continuing to monitor...
2026-01-31 18:42:50.659 RedLemon[1080:558597] [AUTO_EXIT_CHECK] isEventPlayback: true
2026-01-31 18:42:50.659 RedLemon[1080:558597] [AUTO_EXIT_CHECK] isLoading: false, isResolvingStream: false
2026-01-31 18:42:50.659 RedLemon[1080:558597] [AUTO_EXIT_CHECK] playbackFinished: false, isPlaying: true
2026-01-31 18:42:50.659 RedLemon[1080:558597] [AUTO_EXIT_CHECK] Position: 5710.329s / Duration: 8658.752s
2026-01-31 18:42:50.659 RedLemon[1080:558597] [AUTO_EXIT_CHECK] Checking EOF conditions...
2026-01-31 18:42:50.659 RedLemon[1080:558597] [AUTO_EXIT_CHECK] No exit condition met - continuing to monitor...
2026-01-31 18:42:51.659 RedLemon[1080:558597] [AUTO_EXIT_CHECK] isEventPlayback: true
2026-01-31 18:42:51.660 RedLemon[1080:558597] [AUTO_EXIT_CHECK] isLoading: false, isResolvingStream: false
2026-01-31 18:42:51.660 RedLemon[1080:558597] [AUTO_EXIT_CHECK] playbackFinished: false, isPlaying: true
2026-01-31 18:42:51.660 RedLemon[1080:558597] [AUTO_EXIT_CHECK] Position: 5711.33s / Duration: 8658.752s
2026-01-31 18:42:51.660 RedLemon[1080:558597] [AUTO_EXIT_CHECK] Checking EOF conditions...
2026-01-31 18:42:51.660 RedLemon[1080:558597] [AUTO_EXIT_CHECK] No exit condition met - continuing to monitor...
2026-01-31 18:42:52.662 RedLemon[1080:558597] [AUTO_EXIT_CHECK] isEventPlayback: true
2026-01-31 18:42:52.662 RedLemon[1080:558597] [AUTO_EXIT_CHECK] isLoading: false, isResolvingStream: false
2026-01-31 18:42:52.662 RedLemon[1080:558597] [AUTO_EXIT_CHECK] playbackFinished: false, isPlaying: true
2026-01-31 18:42:52.662 RedLemon[1080:558597] [AUTO_EXIT_CHECK] Position: 5712.331s / Duration: 8658.752s
2026-01-31 18:42:52.662 RedLemon[1080:558597] [AUTO_EXIT_CHECK] Checking EOF conditions...
2026-01-31 18:42:52.662 RedLemon[1080:558597] [AUTO_EXIT_CHECK] No exit condition met - continuing to monitor...
2026-01-31 18:42:53.663 RedLemon[1080:558597] [AUTO_EXIT_CHECK] isEventPlayback: true
2026-01-31 18:42:53.663 RedLemon[1080:558597] [AUTO_EXIT_CHECK] isLoading: false, isResolvingStream: false
2026-01-31 18:42:53.663 RedLemon[1080:558597] [AUTO_EXIT_CHECK] playbackFinished: false, isPlaying: true
2026-01-31 18:42:53.663 RedLemon[1080:558597] [AUTO_EXIT_CHECK] Position: 5713.331999999999s / Duration: 8658.752s
2026-01-31 18:42:53.663 RedLemon[1080:558597] [AUTO_EXIT_CHECK] Checking EOF conditions...
2026-01-31 18:42:53.663 RedLemon[1080:558597] [AUTO_EXIT_CHECK] No exit condition met - continuing to monitor...
2026-01-31 18:42:54.663 RedLemon[1080:558597] [AUTO_EXIT_CHECK] isEventPlayback: true
2026-01-31 18:42:54.664 RedLemon[1080:558597] [AUTO_EXIT_CHECK] isLoading: false, isResolvingStream: false
2026-01-31 18:42:54.664 RedLemon[1080:558597] [AUTO_EXIT_CHECK] playbackFinished: false, isPlaying: true
2026-01-31 18:42:54.664 RedLemon[1080:558597] [AUTO_EXIT_CHECK] Position: 5714.333s / Duration: 8658.752s
2026-01-31 18:42:54.664 RedLemon[1080:558597] [AUTO_EXIT_CHECK] Checking EOF conditions...
2026-01-31 18:42:54.664 RedLemon[1080:558597] [AUTO_EXIT_CHECK] No exit condition met - continuing to monitor...
2026-01-31 18:42:55.664 RedLemon[1080:558597] [AUTO_EXIT_CHECK] isEventPlayback: true
2026-01-31 18:42:55.664 RedLemon[1080:558597] [AUTO_EXIT_CHECK] isLoading: false, isResolvingStream: false
2026-01-31 18:42:55.664 RedLemon[1080:558597] [AUTO_EXIT_CHECK] playbackFinished: false, isPlaying: true
2026-01-31 18:42:55.664 RedLemon[1080:558597] [AUTO_EXIT_CHECK] Position: 5715.293s / Duration: 8658.752s
2026-01-31 18:42:55.664 RedLemon[1080:558597] [AUTO_EXIT_CHECK] Checking EOF conditions...
2026-01-31 18:42:55.664 RedLemon[1080:558597] [AUTO_EXIT_CHECK] No exit condition met - continuing to monitor...
2026-01-31 18:42:56.665 RedLemon[1080:558597] [AUTO_EXIT_CHECK] isEventPlayback: true
2026-01-31 18:42:56.665 RedLemon[1080:558597] [AUTO_EXIT_CHECK] isLoading: false, isResolvingStream: false
2026-01-31 18:42:56.665 RedLemon[1080:558597] [AUTO_EXIT_CHECK] playbackFinished: false, isPlaying: true
2026-01-31 18:42:56.665 RedLemon[1080:558597] [AUTO_EXIT_CHECK] Position: 5716.294s / Duration: 8658.752s
2026-01-31 18:42:56.665 RedLemon[1080:558597] [AUTO_EXIT_CHECK] Checking EOF conditions...
2026-01-31 18:42:56.665 RedLemon[1080:558597] [AUTO_EXIT_CHECK] No exit condition met - continuing to monitor...
2026-01-31 18:42:57.665 RedLemon[1080:558597] [AUTO_EXIT_CHECK] isEventPlayback: true
2026-01-31 18:42:57.665 RedLemon[1080:558597] [AUTO_EXIT_CHECK] isLoading: false, isResolvingStream: false
2026-01-31 18:42:57.665 RedLemon[1080:558597] [AUTO_EXIT_CHECK] playbackFinished: false, isPlaying: true
2026-01-31 18:42:57.665 RedLemon[1080:558597] [AUTO_EXIT_CHECK] Position: 5717.295s / Duration: 8658.752s
2026-01-31 18:42:57.665 RedLemon[1080:558597] [AUTO_EXIT_CHECK] Checking EOF conditions...
2026-01-31 18:42:57.666 RedLemon[1080:558597] [AUTO_EXIT_CHECK] No exit condition met - continuing to monitor...
2026-01-31 18:42:58.667 RedLemon[1080:558597] [AUTO_EXIT_CHECK] isEventPlayback: true
2026-01-31 18:42:58.668 RedLemon[1080:558597] [AUTO_EXIT_CHECK] isLoading: false, isResolvingStream: false
2026-01-31 18:42:58.668 RedLemon[1080:558597] [AUTO_EXIT_CHECK] playbackFinished: false, isPlaying: true
2026-01-31 18:42:58.668 RedLemon[1080:558597] [AUTO_EXIT_CHECK] Position: 5718.295999999999s / Duration: 8658.752s
2026-01-31 18:42:58.668 RedLemon[1080:558597] [AUTO_EXIT_CHECK] Checking EOF conditions...
2026-01-31 18:42:58.668 RedLemon[1080:558597] [AUTO_EXIT_CHECK] No exit condition met - continuing to monitor...
2026-01-31 18:42:59.668 RedLemon[1080:558597] [AUTO_EXIT_CHECK] isEventPlayback: true
2026-01-31 18:42:59.668 RedLemon[1080:558597] [AUTO_EXIT_CHECK] isLoading: false, isResolvingStream: false
2026-01-31 18:42:59.668 RedLemon[1080:558597] [AUTO_EXIT_CHECK] playbackFinished: false, isPlaying: true
2026-01-31 18:42:59.668 RedLemon[1080:558597] [AUTO_EXIT_CHECK] Position: 5719.297s / Duration: 8658.752s
2026-01-31 18:42:59.668 RedLemon[1080:558597] [AUTO_EXIT_CHECK] Checking EOF conditions...
2026-01-31 18:42:59.668 RedLemon[1080:558597] [AUTO_EXIT_CHECK] No exit condition met - continuing to monitor...
2026-01-31 18:43:00.669 RedLemon[1080:558597] [AUTO_EXIT_CHECK] isEventPlayback: true
2026-01-31 18:43:00.669 RedLemon[1080:558597] [AUTO_EXIT_CHECK] isLoading: false, isResolvingStream: false
2026-01-31 18:43:00.669 RedLemon[1080:558597] [AUTO_EXIT_CHECK] playbackFinished: false, isPlaying: true
2026-01-31 18:43:00.670 RedLemon[1080:558597] [AUTO_EXIT_CHECK] Position: 5720.298s / Duration: 8658.752s
2026-01-31 18:43:00.670 RedLemon[1080:558597] [AUTO_EXIT_CHECK] Checking EOF conditions...
2026-01-31 18:43:00.670 RedLemon[1080:558597] [AUTO_EXIT_CHECK] No exit condition met - continuing to monitor...
2026-01-31 18:43:01.670 RedLemon[1080:558597] [AUTO_EXIT_CHECK] isEventPlayback: true
2026-01-31 18:43:01.670 RedLemon[1080:558597] [AUTO_EXIT_CHECK] isLoading: false, isResolvingStream: false
2026-01-31 18:43:01.670 RedLemon[1080:558597] [AUTO_EXIT_CHECK] playbackFinished: false, isPlaying: true
2026-01-31 18:43:01.671 RedLemon[1080:558597] [AUTO_EXIT_CHECK] Position: 5721.299s / Duration: 8658.752s
2026-01-31 18:43:01.671 RedLemon[1080:558597] [AUTO_EXIT_CHECK] Checking EOF conditions...
2026-01-31 18:43:01.671 RedLemon[1080:558597] [AUTO_EXIT_CHECK] No exit condition met - continuing to monitor...
2026-01-31 18:43:02.671 RedLemon[1080:558597] [AUTO_EXIT_CHECK] isEventPlayback: true
2026-01-31 18:43:02.671 RedLemon[1080:558597] [AUTO_EXIT_CHECK] isLoading: false, isResolvingStream: false
2026-01-31 18:43:02.671 RedLemon[1080:558597] [AUTO_EXIT_CHECK] playbackFinished: false, isPlaying: true
2026-01-31 18:43:02.671 RedLemon[1080:558597] [AUTO_EXIT_CHECK] Position: 5722.3s / Duration: 8658.752s
2026-01-31 18:43:02.671 RedLemon[1080:558597] [AUTO_EXIT_CHECK] Checking EOF conditions...
2026-01-31 18:43:02.671 RedLemon[1080:558597] [AUTO_EXIT_CHECK] No exit condition met - continuing to monitor...
2026-01-31 18:43:03.671 RedLemon[1080:558597] [AUTO_EXIT_CHECK] isEventPlayback: true
2026-01-31 18:43:03.671 RedLemon[1080:558597] [AUTO_EXIT_CHECK] isLoading: false, isResolvingStream: false
2026-01-31 18:43:03.672 RedLemon[1080:558597] [AUTO_EXIT_CHECK] playbackFinished: false, isPlaying: true
2026-01-31 18:43:03.672 RedLemon[1080:558597] [AUTO_EXIT_CHECK] Position: 5723.259s / Duration: 8658.752s
2026-01-31 18:43:03.672 RedLemon[1080:558597] [AUTO_EXIT_CHECK] Checking EOF conditions...
2026-01-31 18:43:03.672 RedLemon[1080:558597] [AUTO_EXIT_CHECK] No exit condition met - continuing to monitor...
2026-01-31 18:43:04.673 RedLemon[1080:558597] [AUTO_EXIT_CHECK] isEventPlayback: true
2026-01-31 18:43:04.673 RedLemon[1080:558597] [AUTO_EXIT_CHECK] isLoading: false, isResolvingStream: false
2026-01-31 18:43:04.673 RedLemon[1080:558597] [AUTO_EXIT_CHECK] playbackFinished: false, isPlaying: true
2026-01-31 18:43:04.673 RedLemon[1080:558597] [AUTO_EXIT_CHECK] Position: 5724.259999999999s / Duration: 8658.752s
2026-01-31 18:43:04.673 RedLemon[1080:558597] [AUTO_EXIT_CHECK] Checking EOF conditions...
2026-01-31 18:43:04.673 RedLemon[1080:558597] [AUTO_EXIT_CHECK] No exit condition met - continuing to monitor...
2026-01-31 18:43:05.675 RedLemon[1080:558597] [AUTO_EXIT_CHECK] isEventPlayback: true
2026-01-31 18:43:05.675 RedLemon[1080:558597] [AUTO_EXIT_CHECK] isLoading: false, isResolvingStream: false
2026-01-31 18:43:05.675 RedLemon[1080:558597] [AUTO_EXIT_CHECK] playbackFinished: false, isPlaying: true
2026-01-31 18:43:05.675 RedLemon[1080:558597] [AUTO_EXIT_CHECK] Position: 5725.2609999999995s / Duration: 8658.752s
2026-01-31 18:43:05.675 RedLemon[1080:558597] [AUTO_EXIT_CHECK] Checking EOF conditions...
2026-01-31 18:43:05.675 RedLemon[1080:558597] [AUTO_EXIT_CHECK] No exit condition met - continuing to monitor...
2026-01-31 18:43:06.675 RedLemon[1080:558597] [AUTO_EXIT_CHECK] isEventPlayback: true
2026-01-31 18:43:06.675 RedLemon[1080:558597] [AUTO_EXIT_CHECK] isLoading: false, isResolvingStream: false
2026-01-31 18:43:06.675 RedLemon[1080:558597] [AUTO_EXIT_CHECK] playbackFinished: false, isPlaying: true
2026-01-31 18:43:06.675 RedLemon[1080:558597] [AUTO_EXIT_CHECK] Position: 5726.262s / Duration: 8658.752s
2026-01-31 18:43:06.675 RedLemon[1080:558597] [AUTO_EXIT_CHECK] Checking EOF conditions...
2026-01-31 18:43:06.675 RedLemon[1080:558597] [AUTO_EXIT_CHECK] No exit condition met - continuing to monitor...
2026-01-31 18:43:07.677 RedLemon[1080:558597] [AUTO_EXIT_CHECK] isEventPlayback: true
2026-01-31 18:43:07.677 RedLemon[1080:558597] [AUTO_EXIT_CHECK] isLoading: false, isResolvingStream: false
2026-01-31 18:43:07.677 RedLemon[1080:558597] [AUTO_EXIT_CHECK] playbackFinished: false, isPlaying: true
2026-01-31 18:43:07.677 RedLemon[1080:558597] [AUTO_EXIT_CHECK] Position: 5727.221s / Duration: 8658.752s
2026-01-31 18:43:07.677 RedLemon[1080:558597] [AUTO_EXIT_CHECK] Checking EOF conditions...
2026-01-31 18:43:07.677 RedLemon[1080:558597] [AUTO_EXIT_CHECK] No exit condition met - continuing to monitor...
2026-01-31 18:43:08.677 RedLemon[1080:558597] [AUTO_EXIT_CHECK] isEventPlayback: true
2026-01-31 18:43:08.677 RedLemon[1080:558597] [AUTO_EXIT_CHECK] isLoading: false, isResolvingStream: false
2026-01-31 18:43:08.677 RedLemon[1080:558597] [AUTO_EXIT_CHECK] playbackFinished: false, isPlaying: true
2026-01-31 18:43:08.677 RedLemon[1080:558597] [AUTO_EXIT_CHECK] Position: 5728.222s / Duration: 8658.752s
2026-01-31 18:43:08.677 RedLemon[1080:558597] [AUTO_EXIT_CHECK] Checking EOF conditions...
2026-01-31 18:43:08.677 RedLemon[1080:558597] [AUTO_EXIT_CHECK] No exit condition met - continuing to monitor...
2026-01-31 18:43:09.677 RedLemon[1080:558597] [AUTO_EXIT_CHECK] isEventPlayback: true
2026-01-31 18:43:09.677 RedLemon[1080:558597] [AUTO_EXIT_CHECK] isLoading: false, isResolvingStream: false
2026-01-31 18:43:09.677 RedLemon[1080:558597] [AUTO_EXIT_CHECK] playbackFinished: false, isPlaying: true
2026-01-31 18:43:09.677 RedLemon[1080:558597] [AUTO_EXIT_CHECK] Position: 5729.223s / Duration: 8658.752s
2026-01-31 18:43:09.677 RedLemon[1080:558597] [AUTO_EXIT_CHECK] Checking EOF conditions...
2026-01-31 18:43:09.677 RedLemon[1080:558597] [AUTO_EXIT_CHECK] No exit condition met - continuing to monitor...
2026-01-31 18:43:10.677 RedLemon[1080:558597] [AUTO_EXIT_CHECK] isEventPlayback: true
2026-01-31 18:43:10.677 RedLemon[1080:558597] [AUTO_EXIT_CHECK] isLoading: false, isResolvingStream: false
2026-01-31 18:43:10.677 RedLemon[1080:558597] [AUTO_EXIT_CHECK] playbackFinished: false, isPlaying: true
2026-01-31 18:43:10.677 RedLemon[1080:558597] [AUTO_EXIT_CHECK] Position: 5730.224s / Duration: 8658.752s
2026-01-31 18:43:10.678 RedLemon[1080:558597] [AUTO_EXIT_CHECK] Checking EOF conditions...
2026-01-31 18:43:10.678 RedLemon[1080:558597] [AUTO_EXIT_CHECK] No exit condition met - continuing to monitor...
2026-01-31 18:43:11.054 RedLemon[1080:558964] 🔐 Signed request to /rpc/user_heartbeat
2026-01-31 18:43:11.681 RedLemon[1080:558597] [AUTO_EXIT_CHECK] isEventPlayback: true
2026-01-31 18:43:11.681 RedLemon[1080:558597] [AUTO_EXIT_CHECK] isLoading: false, isResolvingStream: false
2026-01-31 18:43:11.681 RedLemon[1080:558597] [AUTO_EXIT_CHECK] playbackFinished: false, isPlaying: true
2026-01-31 18:43:11.681 RedLemon[1080:558597] [AUTO_EXIT_CHECK] Position: 5731.224999999999s / Duration: 8658.752s
2026-01-31 18:43:11.681 RedLemon[1080:558597] [AUTO_EXIT_CHECK] Checking EOF conditions...
2026-01-31 18:43:11.681 RedLemon[1080:558597] [AUTO_EXIT_CHECK] No exit condition met - continuing to monitor...
2026-01-31 18:43:12.681 RedLemon[1080:558597] [AUTO_EXIT_CHECK] isEventPlayback: true
2026-01-31 18:43:12.682 RedLemon[1080:558597] [AUTO_EXIT_CHECK] isLoading: false, isResolvingStream: false
2026-01-31 18:43:12.682 RedLemon[1080:558597] [AUTO_EXIT_CHECK] playbackFinished: false, isPlaying: true
2026-01-31 18:43:12.682 RedLemon[1080:558597] [AUTO_EXIT_CHECK] Position: 5732.226s / Duration: 8658.752s
2026-01-31 18:43:12.682 RedLemon[1080:558597] [AUTO_EXIT_CHECK] Checking EOF conditions...
2026-01-31 18:43:12.682 RedLemon[1080:558597] [AUTO_EXIT_CHECK] No exit condition met - continuing to monitor...
2026-01-31 18:43:13.682 RedLemon[1080:558597] [AUTO_EXIT_CHECK] isEventPlayback: true
2026-01-31 18:43:13.682 RedLemon[1080:558597] [AUTO_EXIT_CHECK] isLoading: false, isResolvingStream: false
2026-01-31 18:43:13.682 RedLemon[1080:558597] [AUTO_EXIT_CHECK] playbackFinished: false, isPlaying: true
2026-01-31 18:43:13.682 RedLemon[1080:558597] [AUTO_EXIT_CHECK] Position: 5733.227s / Duration: 8658.752s
2026-01-31 18:43:13.682 RedLemon[1080:558597] [AUTO_EXIT_CHECK] Checking EOF conditions...
2026-01-31 18:43:13.682 RedLemon[1080:558597] [AUTO_EXIT_CHECK] No exit condition met - continuing to monitor...
2026-01-31 18:43:14.683 RedLemon[1080:558597] [AUTO_EXIT_CHECK] isEventPlayback: true
2026-01-31 18:43:14.683 RedLemon[1080:558597] [AUTO_EXIT_CHECK] isLoading: false, isResolvingStream: false
2026-01-31 18:43:14.683 RedLemon[1080:558597] [AUTO_EXIT_CHECK] playbackFinished: false, isPlaying: true
2026-01-31 18:43:14.683 RedLemon[1080:558597] [AUTO_EXIT_CHECK] Position: 5734.228s / Duration: 8658.752s
2026-01-31 18:43:14.683 RedLemon[1080:558597] [AUTO_EXIT_CHECK] Checking EOF conditions...
2026-01-31 18:43:14.683 RedLemon[1080:558597] [AUTO_EXIT_CHECK] No exit condition met - continuing to monitor...
2026-01-31 18:43:15.683 RedLemon[1080:558597] [AUTO_EXIT_CHECK] isEventPlayback: true
2026-01-31 18:43:15.683 RedLemon[1080:558597] [AUTO_EXIT_CHECK] isLoading: false, isResolvingStream: false
2026-01-31 18:43:15.683 RedLemon[1080:558597] [AUTO_EXIT_CHECK] playbackFinished: false, isPlaying: true
2026-01-31 18:43:15.683 RedLemon[1080:558597] [AUTO_EXIT_CHECK] Position: 5735.228999999999s / Duration: 8658.752s
2026-01-31 18:43:15.683 RedLemon[1080:558597] [AUTO_EXIT_CHECK] Checking EOF conditions...
2026-01-31 18:43:15.683 RedLemon[1080:558597] [AUTO_EXIT_CHECK] No exit condition met - continuing to monitor...
2026-01-31 18:43:16.684 RedLemon[1080:558597] [AUTO_EXIT_CHECK] isEventPlayback: true
2026-01-31 18:43:16.684 RedLemon[1080:558597] [AUTO_EXIT_CHECK] isLoading: false, isResolvingStream: false
2026-01-31 18:43:16.684 RedLemon[1080:558597] [AUTO_EXIT_CHECK] playbackFinished: false, isPlaying: true
2026-01-31 18:43:16.684 RedLemon[1080:558597] [AUTO_EXIT_CHECK] Position: 5736.23s / Duration: 8658.752s
2026-01-31 18:43:16.684 RedLemon[1080:558597] [AUTO_EXIT_CHECK] Checking EOF conditions...
2026-01-31 18:43:16.684 RedLemon[1080:558597] [AUTO_EXIT_CHECK] No exit condition met - continuing to monitor...
2026-01-31 18:43:17.685 RedLemon[1080:558597] [AUTO_EXIT_CHECK] isEventPlayback: true
2026-01-31 18:43:17.686 RedLemon[1080:558597] [AUTO_EXIT_CHECK] isLoading: false, isResolvingStream: false
2026-01-31 18:43:17.686 RedLemon[1080:558597] [AUTO_EXIT_CHECK] playbackFinished: false, isPlaying: true
2026-01-31 18:43:17.686 RedLemon[1080:558597] [AUTO_EXIT_CHECK] Position: 5737.273s / Duration: 8658.752s
2026-01-31 18:43:17.686 RedLemon[1080:558597] [AUTO_EXIT_CHECK] Checking EOF conditions...
2026-01-31 18:43:17.686 RedLemon[1080:558597] [AUTO_EXIT_CHECK] No exit condition met - continuing to monitor...
2026-01-31 18:43:17.840 RedLemon[1080:559066] 🔐 Signed request to /rpc/upsert_watch_history_item
2026-01-31 18:43:18.688 RedLemon[1080:558597] [AUTO_EXIT_CHECK] isEventPlayback: true
2026-01-31 18:43:18.688 RedLemon[1080:558597] [AUTO_EXIT_CHECK] isLoading: false, isResolvingStream: false
2026-01-31 18:43:18.688 RedLemon[1080:558597] [AUTO_EXIT_CHECK] playbackFinished: false, isPlaying: true
2026-01-31 18:43:18.688 RedLemon[1080:558597] [AUTO_EXIT_CHECK] Position: 5738.273999999999s / Duration: 8658.752s
2026-01-31 18:43:18.688 RedLemon[1080:558597] [AUTO_EXIT_CHECK] Checking EOF conditions...
2026-01-31 18:43:18.688 RedLemon[1080:558597] [AUTO_EXIT_CHECK] No exit condition met - continuing to monitor...
2026-01-31 18:43:19.479 RedLemon[1080:560161] 🔐 SupabaseClient: Signing Identity Payload: '1769902999bb6bcb45-c36d-4267-ab6d-47ac2335f489/rpc/room_heartbeat'
2026-01-31 18:43:19.480 RedLemon[1080:560161] 🔐 Signed request to /rpc/room_heartbeat
2026-01-31 18:43:19.688 RedLemon[1080:558597] [AUTO_EXIT_CHECK] isEventPlayback: true
2026-01-31 18:43:19.688 RedLemon[1080:558597] [AUTO_EXIT_CHECK] isLoading: false, isResolvingStream: false
2026-01-31 18:43:19.688 RedLemon[1080:558597] [AUTO_EXIT_CHECK] playbackFinished: false, isPlaying: true
2026-01-31 18:43:19.688 RedLemon[1080:558597] [AUTO_EXIT_CHECK] Position: 5739.275s / Duration: 8658.752s
2026-01-31 18:43:19.688 RedLemon[1080:558597] [AUTO_EXIT_CHECK] Checking EOF conditions...
2026-01-31 18:43:19.689 RedLemon[1080:558597] [AUTO_EXIT_CHECK] No exit condition met - continuing to monitor...
2026-01-31 18:43:20.687 RedLemon[1080:558597] [AUTO_EXIT_CHECK] isEventPlayback: true
2026-01-31 18:43:20.687 RedLemon[1080:558597] [AUTO_EXIT_CHECK] isLoading: false, isResolvingStream: false
2026-01-31 18:43:20.687 RedLemon[1080:558597] [AUTO_EXIT_CHECK] playbackFinished: false, isPlaying: true
2026-01-31 18:43:20.687 RedLemon[1080:558597] [AUTO_EXIT_CHECK] Position: 5740.276s / Duration: 8658.752s
2026-01-31 18:43:20.687 RedLemon[1080:558597] [AUTO_EXIT_CHECK] Checking EOF conditions...
2026-01-31 18:43:20.688 RedLemon[1080:558597] [AUTO_EXIT_CHECK] No exit condition met - continuing to monitor...
2026-01-31 18:43:21.689 RedLemon[1080:558597] [AUTO_EXIT_CHECK] isEventPlayback: true
2026-01-31 18:43:21.689 RedLemon[1080:558597] [AUTO_EXIT_CHECK] isLoading: false, isResolvingStream: false
2026-01-31 18:43:21.689 RedLemon[1080:558597] [AUTO_EXIT_CHECK] playbackFinished: false, isPlaying: true
2026-01-31 18:43:21.689 RedLemon[1080:558597] [AUTO_EXIT_CHECK] Position: 5741.527s / Duration: 8658.752s
2026-01-31 18:43:21.689 RedLemon[1080:558597] [AUTO_EXIT_CHECK] Checking EOF conditions...
2026-01-31 18:43:21.689 RedLemon[1080:558597] [AUTO_EXIT_CHECK] No exit condition met - continuing to monitor...
2026-01-31 18:43:22.690 RedLemon[1080:558597] [AUTO_EXIT_CHECK] isEventPlayback: true
2026-01-31 18:43:22.690 RedLemon[1080:558597] [AUTO_EXIT_CHECK] isLoading: false, isResolvingStream: false
2026-01-31 18:43:22.690 RedLemon[1080:558597] [AUTO_EXIT_CHECK] playbackFinished: false, isPlaying: true
2026-01-31 18:43:22.690 RedLemon[1080:558597] [AUTO_EXIT_CHECK] Position: 5742.527999999999s / Duration: 8658.752s
2026-01-31 18:43:22.690 RedLemon[1080:558597] [AUTO_EXIT_CHECK] Checking EOF conditions...
2026-01-31 18:43:22.690 RedLemon[1080:558597] [AUTO_EXIT_CHECK] No exit condition met - continuing to monitor...
2026-01-31 18:43:23.691 RedLemon[1080:558597] [AUTO_EXIT_CHECK] isEventPlayback: true
2026-01-31 18:43:23.691 RedLemon[1080:558597] [AUTO_EXIT_CHECK] isLoading: false, isResolvingStream: false
2026-01-31 18:43:23.691 RedLemon[1080:558597] [AUTO_EXIT_CHECK] playbackFinished: false, isPlaying: true
2026-01-31 18:43:23.691 RedLemon[1080:558597] [AUTO_EXIT_CHECK] Position: 5743.5289999999995s / Duration: 8658.752s
2026-01-31 18:43:23.691 RedLemon[1080:558597] [AUTO_EXIT_CHECK] Checking EOF conditions...
2026-01-31 18:43:23.691 RedLemon[1080:558597] [AUTO_EXIT_CHECK] No exit condition met - continuing to monitor...
2026-01-31 18:43:24.693 RedLemon[1080:558597] [AUTO_EXIT_CHECK] isEventPlayback: true
2026-01-31 18:43:24.693 RedLemon[1080:558597] [AUTO_EXIT_CHECK] isLoading: false, isResolvingStream: false
2026-01-31 18:43:24.693 RedLemon[1080:558597] [AUTO_EXIT_CHECK] playbackFinished: false, isPlaying: true
2026-01-31 18:43:24.693 RedLemon[1080:558597] [AUTO_EXIT_CHECK] Position: 5744.53s / Duration: 8658.752s
2026-01-31 18:43:24.694 RedLemon[1080:558597] [AUTO_EXIT_CHECK] Checking EOF conditions...
2026-01-31 18:43:24.694 RedLemon[1080:558597] [AUTO_EXIT_CHECK] No exit condition met - continuing to monitor...
2026-01-31 18:43:25.694 RedLemon[1080:558597] [AUTO_EXIT_CHECK] isEventPlayback: true
2026-01-31 18:43:25.694 RedLemon[1080:558597] [AUTO_EXIT_CHECK] isLoading: false, isResolvingStream: false
2026-01-31 18:43:25.694 RedLemon[1080:558597] [AUTO_EXIT_CHECK] playbackFinished: false, isPlaying: true
2026-01-31 18:43:25.694 RedLemon[1080:558597] [AUTO_EXIT_CHECK] Position: 5745.531s / Duration: 8658.752s
2026-01-31 18:43:25.694 RedLemon[1080:558597] [AUTO_EXIT_CHECK] Checking EOF conditions...
2026-01-31 18:43:25.694 RedLemon[1080:558597] [AUTO_EXIT_CHECK] No exit condition met - continuing to monitor...
2026-01-31 18:43:26.653 RedLemon[1080:558597] [AUTO_EXIT_CHECK] isEventPlayback: true
2026-01-31 18:43:26.653 RedLemon[1080:558597] [AUTO_EXIT_CHECK] isLoading: false, isResolvingStream: false
2026-01-31 18:43:26.653 RedLemon[1080:558597] [AUTO_EXIT_CHECK] playbackFinished: false, isPlaying: true
2026-01-31 18:43:26.653 RedLemon[1080:558597] [AUTO_EXIT_CHECK] Position: 5746.199s / Duration: 8658.752s
2026-01-31 18:43:26.653 RedLemon[1080:558597] [AUTO_EXIT_CHECK] Checking EOF conditions...
2026-01-31 18:43:26.654 RedLemon[1080:558597] [AUTO_EXIT_CHECK] No exit condition met - continuing to monitor...
2026-01-31 18:43:27.695 RedLemon[1080:558597] [AUTO_EXIT_CHECK] isEventPlayback: true
2026-01-31 18:43:27.695 RedLemon[1080:558597] [AUTO_EXIT_CHECK] isLoading: false, isResolvingStream: false
2026-01-31 18:43:27.695 RedLemon[1080:558597] [AUTO_EXIT_CHECK] playbackFinished: false, isPlaying: true
2026-01-31 18:43:27.695 RedLemon[1080:558597] [AUTO_EXIT_CHECK] Position: 5747.532999999999s / Duration: 8658.752s
2026-01-31 18:43:27.695 RedLemon[1080:558597] [AUTO_EXIT_CHECK] Checking EOF conditions...
2026-01-31 18:43:27.695 RedLemon[1080:558597] [AUTO_EXIT_CHECK] No exit condition met - continuing to monitor...
2026-01-31 18:43:28.654 RedLemon[1080:558597] [AUTO_EXIT_CHECK] isEventPlayback: true
2026-01-31 18:43:28.654 RedLemon[1080:558597] [AUTO_EXIT_CHECK] isLoading: false, isResolvingStream: false
2026-01-31 18:43:28.655 RedLemon[1080:558597] [AUTO_EXIT_CHECK] playbackFinished: false, isPlaying: true
2026-01-31 18:43:28.655 RedLemon[1080:558597] [AUTO_EXIT_CHECK] Position: 5748.201s / Duration: 8658.752s
2026-01-31 18:43:28.655 RedLemon[1080:558597] [AUTO_EXIT_CHECK] Checking EOF conditions...
2026-01-31 18:43:28.655 RedLemon[1080:558597] [AUTO_EXIT_CHECK] No exit condition met - continuing to monitor...
2026-01-31 18:43:29.655 RedLemon[1080:558597] [AUTO_EXIT_CHECK] isEventPlayback: true
2026-01-31 18:43:29.655 RedLemon[1080:558597] [AUTO_EXIT_CHECK] isLoading: false, isResolvingStream: false
2026-01-31 18:43:29.655 RedLemon[1080:558597] [AUTO_EXIT_CHECK] playbackFinished: false, isPlaying: true
2026-01-31 18:43:29.655 RedLemon[1080:558597] [AUTO_EXIT_CHECK] Position: 5749.494s / Duration: 8658.752s
2026-01-31 18:43:29.655 RedLemon[1080:558597] [AUTO_EXIT_CHECK] Checking EOF conditions...
2026-01-31 18:43:29.655 RedLemon[1080:558597] [AUTO_EXIT_CHECK] No exit condition met - continuing to monitor...
2026-01-31 18:43:30.656 RedLemon[1080:558597] [AUTO_EXIT_CHECK] isEventPlayback: true
2026-01-31 18:43:30.656 RedLemon[1080:558597] [AUTO_EXIT_CHECK] isLoading: false, isResolvingStream: false
2026-01-31 18:43:30.656 RedLemon[1080:558597] [AUTO_EXIT_CHECK] playbackFinished: false, isPlaying: true
2026-01-31 18:43:30.656 RedLemon[1080:558597] [AUTO_EXIT_CHECK] Position: 5750.495s / Duration: 8658.752s
2026-01-31 18:43:30.656 RedLemon[1080:558597] [AUTO_EXIT_CHECK] Checking EOF conditions...
2026-01-31 18:43:30.656 RedLemon[1080:558597] [AUTO_EXIT_CHECK] No exit condition met - continuing to monitor...
2026-01-31 18:43:31.659 RedLemon[1080:558597] [AUTO_EXIT_CHECK] isEventPlayback: true
2026-01-31 18:43:31.659 RedLemon[1080:558597] [AUTO_EXIT_CHECK] isLoading: false, isResolvingStream: false
2026-01-31 18:43:31.659 RedLemon[1080:558597] [AUTO_EXIT_CHECK] playbackFinished: false, isPlaying: true
2026-01-31 18:43:31.659 RedLemon[1080:558597] [AUTO_EXIT_CHECK] Position: 5751.496s / Duration: 8658.752s
2026-01-31 18:43:31.659 RedLemon[1080:558597] [AUTO_EXIT_CHECK] Checking EOF conditions...
2026-01-31 18:43:31.659 RedLemon[1080:558597] [AUTO_EXIT_CHECK] No exit condition met - continuing to monitor...
2026-01-31 18:43:32.659 RedLemon[1080:558597] [AUTO_EXIT_CHECK] isEventPlayback: true
2026-01-31 18:43:32.659 RedLemon[1080:558597] [AUTO_EXIT_CHECK] isLoading: false, isResolvingStream: false
2026-01-31 18:43:32.659 RedLemon[1080:558597] [AUTO_EXIT_CHECK] playbackFinished: false, isPlaying: true
2026-01-31 18:43:32.660 RedLemon[1080:558597] [AUTO_EXIT_CHECK] Position: 5752.496999999999s / Duration: 8658.752s
2026-01-31 18:43:32.660 RedLemon[1080:558597] [AUTO_EXIT_CHECK] Checking EOF conditions...
2026-01-31 18:43:32.660 RedLemon[1080:558597] [AUTO_EXIT_CHECK] No exit condition met - continuing to monitor...
2026-01-31 18:43:33.660 RedLemon[1080:558597] [AUTO_EXIT_CHECK] isEventPlayback: true
2026-01-31 18:43:33.660 RedLemon[1080:558597] [AUTO_EXIT_CHECK] isLoading: false, isResolvingStream: false
2026-01-31 18:43:33.660 RedLemon[1080:558597] [AUTO_EXIT_CHECK] playbackFinished: false, isPlaying: true
2026-01-31 18:43:33.660 RedLemon[1080:558597] [AUTO_EXIT_CHECK] Position: 5753.498s / Duration: 8658.752s
2026-01-31 18:43:33.660 RedLemon[1080:558597] [AUTO_EXIT_CHECK] Checking EOF conditions...
2026-01-31 18:43:33.660 RedLemon[1080:558597] [AUTO_EXIT_CHECK] No exit condition met - continuing to monitor...
2026-01-31 18:43:34.660 RedLemon[1080:558597] [AUTO_EXIT_CHECK] isEventPlayback: true
2026-01-31 18:43:34.660 RedLemon[1080:558597] [AUTO_EXIT_CHECK] isLoading: false, isResolvingStream: false
2026-01-31 18:43:34.660 RedLemon[1080:558597] [AUTO_EXIT_CHECK] playbackFinished: false, isPlaying: true
2026-01-31 18:43:34.660 RedLemon[1080:558597] [AUTO_EXIT_CHECK] Position: 5754.499s / Duration: 8658.752s
2026-01-31 18:43:34.660 RedLemon[1080:558597] [AUTO_EXIT_CHECK] Checking EOF conditions...
2026-01-31 18:43:34.660 RedLemon[1080:558597] [AUTO_EXIT_CHECK] No exit condition met - continuing to monitor...
2026-01-31 18:43:35.661 RedLemon[1080:558597] [AUTO_EXIT_CHECK] isEventPlayback: true
2026-01-31 18:43:35.661 RedLemon[1080:558597] [AUTO_EXIT_CHECK] isLoading: false, isResolvingStream: false
2026-01-31 18:43:35.661 RedLemon[1080:558597] [AUTO_EXIT_CHECK] playbackFinished: false, isPlaying: true
2026-01-31 18:43:35.661 RedLemon[1080:558597] [AUTO_EXIT_CHECK] Position: 5755.5s / Duration: 8658.752s
2026-01-31 18:43:35.661 RedLemon[1080:558597] [AUTO_EXIT_CHECK] Checking EOF conditions...
2026-01-31 18:43:35.661 RedLemon[1080:558597] [AUTO_EXIT_CHECK] No exit condition met - continuing to monitor...
2026-01-31 18:43:36.257 RedLemon[1080:559066] 🔐 Signed request to /rpc/user_heartbeat
2026-01-31 18:43:36.662 RedLemon[1080:558597] [AUTO_EXIT_CHECK] isEventPlayback: true
2026-01-31 18:43:36.662 RedLemon[1080:558597] [AUTO_EXIT_CHECK] isLoading: false, isResolvingStream: false
2026-01-31 18:43:36.662 RedLemon[1080:558597] [AUTO_EXIT_CHECK] playbackFinished: false, isPlaying: true
2026-01-31 18:43:36.662 RedLemon[1080:558597] [AUTO_EXIT_CHECK] Position: 5756.459s / Duration: 8658.752s
2026-01-31 18:43:36.662 RedLemon[1080:558597] [AUTO_EXIT_CHECK] Checking EOF conditions...
2026-01-31 18:43:36.662 RedLemon[1080:558597] [AUTO_EXIT_CHECK] No exit condition met - continuing to monitor...
2026-01-31 18:43:37.664 RedLemon[1080:558597] [AUTO_EXIT_CHECK] isEventPlayback: true
2026-01-31 18:43:37.664 RedLemon[1080:558597] [AUTO_EXIT_CHECK] isLoading: false, isResolvingStream: false
2026-01-31 18:43:37.664 RedLemon[1080:558597] [AUTO_EXIT_CHECK] playbackFinished: false, isPlaying: true
2026-01-31 18:43:37.664 RedLemon[1080:558597] [AUTO_EXIT_CHECK] Position: 5757.46s / Duration: 8658.752s
2026-01-31 18:43:37.664 RedLemon[1080:558597] [AUTO_EXIT_CHECK] Checking EOF conditions...
2026-01-31 18:43:37.664 RedLemon[1080:558597] [AUTO_EXIT_CHECK] No exit condition met - continuing to monitor...
2026-01-31 18:43:38.664 RedLemon[1080:558597] [AUTO_EXIT_CHECK] isEventPlayback: true
2026-01-31 18:43:38.664 RedLemon[1080:558597] [AUTO_EXIT_CHECK] isLoading: false, isResolvingStream: false
2026-01-31 18:43:38.664 RedLemon[1080:558597] [AUTO_EXIT_CHECK] playbackFinished: false, isPlaying: true
2026-01-31 18:43:38.664 RedLemon[1080:558597] [AUTO_EXIT_CHECK] Position: 5758.460999999999s / Duration: 8658.752s
2026-01-31 18:43:38.664 RedLemon[1080:558597] [AUTO_EXIT_CHECK] Checking EOF conditions...
2026-01-31 18:43:38.664 RedLemon[1080:558597] [AUTO_EXIT_CHECK] No exit condition met - continuing to monitor...
2026-01-31 18:43:39.666 RedLemon[1080:558597] [AUTO_EXIT_CHECK] isEventPlayback: true
2026-01-31 18:43:39.666 RedLemon[1080:558597] [AUTO_EXIT_CHECK] isLoading: false, isResolvingStream: false
2026-01-31 18:43:39.666 RedLemon[1080:558597] [AUTO_EXIT_CHECK] playbackFinished: false, isPlaying: true
2026-01-31 18:43:39.666 RedLemon[1080:558597] [AUTO_EXIT_CHECK] Position: 5759.4619999999995s / Duration: 8658.752s
2026-01-31 18:43:39.666 RedLemon[1080:558597] [AUTO_EXIT_CHECK] Checking EOF conditions...
2026-01-31 18:43:39.666 RedLemon[1080:558597] [AUTO_EXIT_CHECK] No exit condition met - continuing to monitor...
2026-01-31 18:43:40.667 RedLemon[1080:558597] [AUTO_EXIT_CHECK] isEventPlayback: true
2026-01-31 18:43:40.667 RedLemon[1080:558597] [AUTO_EXIT_CHECK] isLoading: false, isResolvingStream: false
2026-01-31 18:43:40.667 RedLemon[1080:558597] [AUTO_EXIT_CHECK] playbackFinished: false, isPlaying: true
2026-01-31 18:43:40.667 RedLemon[1080:558597] [AUTO_EXIT_CHECK] Position: 5760.463s / Duration: 8658.752s
2026-01-31 18:43:40.667 RedLemon[1080:558597] [AUTO_EXIT_CHECK] Checking EOF conditions...
2026-01-31 18:43:40.667 RedLemon[1080:558597] [AUTO_EXIT_CHECK] No exit condition met - continuing to monitor...
2026-01-31 18:43:41.667 RedLemon[1080:558597] [AUTO_EXIT_CHECK] isEventPlayback: true
2026-01-31 18:43:41.667 RedLemon[1080:558597] [AUTO_EXIT_CHECK] isLoading: false, isResolvingStream: false
2026-01-31 18:43:41.667 RedLemon[1080:558597] [AUTO_EXIT_CHECK] playbackFinished: false, isPlaying: true
2026-01-31 18:43:41.667 RedLemon[1080:558597] [AUTO_EXIT_CHECK] Position: 5761.464s / Duration: 8658.752s
2026-01-31 18:43:41.667 RedLemon[1080:558597] [AUTO_EXIT_CHECK] Checking EOF conditions...
2026-01-31 18:43:41.667 RedLemon[1080:558597] [AUTO_EXIT_CHECK] No exit condition met - continuing to monitor...
2026-01-31 18:43:42.668 RedLemon[1080:558597] [AUTO_EXIT_CHECK] isEventPlayback: true
2026-01-31 18:43:42.668 RedLemon[1080:558597] [AUTO_EXIT_CHECK] isLoading: false, isResolvingStream: false
2026-01-31 18:43:42.668 RedLemon[1080:558597] [AUTO_EXIT_CHECK] playbackFinished: false, isPlaying: true
2026-01-31 18:43:42.668 RedLemon[1080:558597] [AUTO_EXIT_CHECK] Position: 5762.465s / Duration: 8658.752s
2026-01-31 18:43:42.668 RedLemon[1080:558597] [AUTO_EXIT_CHECK] Checking EOF conditions...
2026-01-31 18:43:42.668 RedLemon[1080:558597] [AUTO_EXIT_CHECK] No exit condition met - continuing to monitor...
2026-01-31 18:43:43.670 RedLemon[1080:558597] [AUTO_EXIT_CHECK] isEventPlayback: true
2026-01-31 18:43:43.670 RedLemon[1080:558597] [AUTO_EXIT_CHECK] isLoading: false, isResolvingStream: false
2026-01-31 18:43:43.670 RedLemon[1080:558597] [AUTO_EXIT_CHECK] playbackFinished: false, isPlaying: true
2026-01-31 18:43:43.670 RedLemon[1080:558597] [AUTO_EXIT_CHECK] Position: 5763.465999999999s / Duration: 8658.752s
2026-01-31 18:43:43.670 RedLemon[1080:558597] [AUTO_EXIT_CHECK] Checking EOF conditions...
2026-01-31 18:43:43.670 RedLemon[1080:558597] [AUTO_EXIT_CHECK] No exit condition met - continuing to monitor...
2026-01-31 18:43:44.672 RedLemon[1080:558597] [AUTO_EXIT_CHECK] isEventPlayback: true
2026-01-31 18:43:44.672 RedLemon[1080:558597] [AUTO_EXIT_CHECK] isLoading: false, isResolvingStream: false
2026-01-31 18:43:44.672 RedLemon[1080:558597] [AUTO_EXIT_CHECK] playbackFinished: false, isPlaying: true
2026-01-31 18:43:44.672 RedLemon[1080:558597] [AUTO_EXIT_CHECK] Position: 5764.467s / Duration: 8658.752s
2026-01-31 18:43:44.672 RedLemon[1080:558597] [AUTO_EXIT_CHECK] Checking EOF conditions...
2026-01-31 18:43:44.672 RedLemon[1080:558597] [AUTO_EXIT_CHECK] No exit condition met - continuing to monitor...
2026-01-31 18:43:45.672 RedLemon[1080:558597] [AUTO_EXIT_CHECK] isEventPlayback: true
2026-01-31 18:43:45.672 RedLemon[1080:558597] [AUTO_EXIT_CHECK] isLoading: false, isResolvingStream: false
2026-01-31 18:43:45.673 RedLemon[1080:558597] [AUTO_EXIT_CHECK] playbackFinished: false, isPlaying: true
2026-01-31 18:43:45.673 RedLemon[1080:558597] [AUTO_EXIT_CHECK] Position: 5765.4259999999995s / Duration: 8658.752s
2026-01-31 18:43:45.673 RedLemon[1080:558597] [AUTO_EXIT_CHECK] Checking EOF conditions...
2026-01-31 18:43:45.673 RedLemon[1080:558597] [AUTO_EXIT_CHECK] No exit condition met - continuing to monitor...
2026-01-31 18:43:46.672 RedLemon[1080:558597] [AUTO_EXIT_CHECK] isEventPlayback: true
2026-01-31 18:43:46.672 RedLemon[1080:558597] [AUTO_EXIT_CHECK] isLoading: false, isResolvingStream: false
2026-01-31 18:43:46.672 RedLemon[1080:558597] [AUTO_EXIT_CHECK] playbackFinished: false, isPlaying: true
2026-01-31 18:43:46.672 RedLemon[1080:558597] [AUTO_EXIT_CHECK] Position: 5766.427s / Duration: 8658.752s
2026-01-31 18:43:46.673 RedLemon[1080:558597] [AUTO_EXIT_CHECK] Checking EOF conditions...
2026-01-31 18:43:46.673 RedLemon[1080:558597] [AUTO_EXIT_CHECK] No exit condition met - continuing to monitor...
2026-01-31 18:43:47.674 RedLemon[1080:558597] [AUTO_EXIT_CHECK] isEventPlayback: true
2026-01-31 18:43:47.674 RedLemon[1080:558597] [AUTO_EXIT_CHECK] isLoading: false, isResolvingStream: false
2026-01-31 18:43:47.674 RedLemon[1080:558597] [AUTO_EXIT_CHECK] playbackFinished: false, isPlaying: true
2026-01-31 18:43:47.674 RedLemon[1080:558597] [AUTO_EXIT_CHECK] Position: 5767.3859999999995s / Duration: 8658.752s
2026-01-31 18:43:47.674 RedLemon[1080:558597] [AUTO_EXIT_CHECK] Checking EOF conditions...
2026-01-31 18:43:47.674 RedLemon[1080:558597] [AUTO_EXIT_CHECK] No exit condition met - continuing to monitor...
2026-01-31 18:43:48.674 RedLemon[1080:558597] [AUTO_EXIT_CHECK] isEventPlayback: true
2026-01-31 18:43:48.674 RedLemon[1080:558597] [AUTO_EXIT_CHECK] isLoading: false, isResolvingStream: false
2026-01-31 18:43:48.674 RedLemon[1080:558597] [AUTO_EXIT_CHECK] playbackFinished: false, isPlaying: true
2026-01-31 18:43:48.674 RedLemon[1080:558597] [AUTO_EXIT_CHECK] Position: 5768.387s / Duration: 8658.752s
2026-01-31 18:43:48.674 RedLemon[1080:558597] [AUTO_EXIT_CHECK] Checking EOF conditions...
2026-01-31 18:43:48.674 RedLemon[1080:558597] [AUTO_EXIT_CHECK] No exit condition met - continuing to monitor...
2026-01-31 18:43:49.675 RedLemon[1080:558597] [AUTO_EXIT_CHECK] isEventPlayback: true
2026-01-31 18:43:49.675 RedLemon[1080:558597] [AUTO_EXIT_CHECK] isLoading: false, isResolvingStream: false
2026-01-31 18:43:49.675 RedLemon[1080:558597] [AUTO_EXIT_CHECK] playbackFinished: false, isPlaying: true
2026-01-31 18:43:49.675 RedLemon[1080:558597] [AUTO_EXIT_CHECK] Position: 5769.388s / Duration: 8658.752s
2026-01-31 18:43:49.675 RedLemon[1080:558597] [AUTO_EXIT_CHECK] Checking EOF conditions...
2026-01-31 18:43:49.675 RedLemon[1080:558597] [AUTO_EXIT_CHECK] No exit condition met - continuing to monitor...
2026-01-31 18:43:49.719 RedLemon[1080:560161] 🔐 SupabaseClient: Signing Identity Payload: '1769903029bb6bcb45-c36d-4267-ab6d-47ac2335f489/rpc/room_heartbeat'
2026-01-31 18:43:49.719 RedLemon[1080:560161] 🔐 Signed request to /rpc/room_heartbeat
2026-01-31 18:43:50.678 RedLemon[1080:558597] [AUTO_EXIT_CHECK] isEventPlayback: true
2026-01-31 18:43:50.678 RedLemon[1080:558597] [AUTO_EXIT_CHECK] isLoading: false, isResolvingStream: false
2026-01-31 18:43:50.678 RedLemon[1080:558597] [AUTO_EXIT_CHECK] playbackFinished: false, isPlaying: true
2026-01-31 18:43:50.678 RedLemon[1080:558597] [AUTO_EXIT_CHECK] Position: 5770.389s / Duration: 8658.752s
2026-01-31 18:43:50.678 RedLemon[1080:558597] [AUTO_EXIT_CHECK] Checking EOF conditions...
2026-01-31 18:43:50.678 RedLemon[1080:558597] [AUTO_EXIT_CHECK] No exit condition met - continuing to monitor...
2026-01-31 18:43:51.678 RedLemon[1080:558597] [AUTO_EXIT_CHECK] isEventPlayback: true
2026-01-31 18:43:51.679 RedLemon[1080:558597] [AUTO_EXIT_CHECK] isLoading: false, isResolvingStream: false
2026-01-31 18:43:51.679 RedLemon[1080:558597] [AUTO_EXIT_CHECK] playbackFinished: false, isPlaying: true
2026-01-31 18:43:51.679 RedLemon[1080:558597] [AUTO_EXIT_CHECK] Position: 5771.389999999999s / Duration: 8658.752s
2026-01-31 18:43:51.679 RedLemon[1080:558597] [AUTO_EXIT_CHECK] Checking EOF conditions...
2026-01-31 18:43:51.679 RedLemon[1080:558597] [AUTO_EXIT_CHECK] No exit condition met - continuing to monitor...
2026-01-31 18:43:52.679 RedLemon[1080:558597] [AUTO_EXIT_CHECK] isEventPlayback: true
2026-01-31 18:43:52.679 RedLemon[1080:558597] [AUTO_EXIT_CHECK] isLoading: false, isResolvingStream: false
2026-01-31 18:43:52.679 RedLemon[1080:558597] [AUTO_EXIT_CHECK] playbackFinished: false, isPlaying: true
2026-01-31 18:43:52.679 RedLemon[1080:558597] [AUTO_EXIT_CHECK] Position: 5772.391s / Duration: 8658.752s
2026-01-31 18:43:52.679 RedLemon[1080:558597] [AUTO_EXIT_CHECK] Checking EOF conditions...
2026-01-31 18:43:52.679 RedLemon[1080:558597] [AUTO_EXIT_CHECK] No exit condition met - continuing to monitor...
2026-01-31 18:43:53.680 RedLemon[1080:558597] [AUTO_EXIT_CHECK] isEventPlayback: true
2026-01-31 18:43:53.680 RedLemon[1080:558597] [AUTO_EXIT_CHECK] isLoading: false, isResolvingStream: false
2026-01-31 18:43:53.680 RedLemon[1080:558597] [AUTO_EXIT_CHECK] playbackFinished: false, isPlaying: true
2026-01-31 18:43:53.680 RedLemon[1080:558597] [AUTO_EXIT_CHECK] Position: 5773.392s / Duration: 8658.752s
2026-01-31 18:43:53.680 RedLemon[1080:558597] [AUTO_EXIT_CHECK] Checking EOF conditions...
2026-01-31 18:43:53.680 RedLemon[1080:558597] [AUTO_EXIT_CHECK] No exit condition met - continuing to monitor...
2026-01-31 18:43:54.680 RedLemon[1080:558597] [AUTO_EXIT_CHECK] isEventPlayback: true
2026-01-31 18:43:54.680 RedLemon[1080:558597] [AUTO_EXIT_CHECK] isLoading: false, isResolvingStream: false
2026-01-31 18:43:54.680 RedLemon[1080:558597] [AUTO_EXIT_CHECK] playbackFinished: false, isPlaying: true
2026-01-31 18:43:54.680 RedLemon[1080:558597] [AUTO_EXIT_CHECK] Position: 5774.393s / Duration: 8658.752s
2026-01-31 18:43:54.680 RedLemon[1080:558597] [AUTO_EXIT_CHECK] Checking EOF conditions...
2026-01-31 18:43:54.681 RedLemon[1080:558597] [AUTO_EXIT_CHECK] No exit condition met - continuing to monitor...
2026-01-31 18:43:55.681 RedLemon[1080:558597] [AUTO_EXIT_CHECK] isEventPlayback: true
2026-01-31 18:43:55.682 RedLemon[1080:558597] [AUTO_EXIT_CHECK] isLoading: false, isResolvingStream: false
2026-01-31 18:43:55.682 RedLemon[1080:558597] [AUTO_EXIT_CHECK] playbackFinished: false, isPlaying: true
2026-01-31 18:43:55.682 RedLemon[1080:558597] [AUTO_EXIT_CHECK] Position: 5775.393999999999s / Duration: 8658.752s
2026-01-31 18:43:55.682 RedLemon[1080:558597] [AUTO_EXIT_CHECK] Checking EOF conditions...
2026-01-31 18:43:55.682 RedLemon[1080:558597] [AUTO_EXIT_CHECK] No exit condition met - continuing to monitor...
2026-01-31 18:43:56.684 RedLemon[1080:558597] [AUTO_EXIT_CHECK] isEventPlayback: true
2026-01-31 18:43:56.684 RedLemon[1080:558597] [AUTO_EXIT_CHECK] isLoading: false, isResolvingStream: false
2026-01-31 18:43:56.684 RedLemon[1080:558597] [AUTO_EXIT_CHECK] playbackFinished: false, isPlaying: true
2026-01-31 18:43:56.684 RedLemon[1080:558597] [AUTO_EXIT_CHECK] Position: 5776.3949999999995s / Duration: 8658.752s
2026-01-31 18:43:56.684 RedLemon[1080:558597] [AUTO_EXIT_CHECK] Checking EOF conditions...
2026-01-31 18:43:56.684 RedLemon[1080:558597] [AUTO_EXIT_CHECK] No exit condition met - continuing to monitor...
2026-01-31 18:43:57.685 RedLemon[1080:558597] [AUTO_EXIT_CHECK] isEventPlayback: true
2026-01-31 18:43:57.685 RedLemon[1080:558597] [AUTO_EXIT_CHECK] isLoading: false, isResolvingStream: false
2026-01-31 18:43:57.685 RedLemon[1080:558597] [AUTO_EXIT_CHECK] playbackFinished: false, isPlaying: true
2026-01-31 18:43:57.686 RedLemon[1080:558597] [AUTO_EXIT_CHECK] Position: 5777.396s / Duration: 8658.752s
2026-01-31 18:43:57.686 RedLemon[1080:558597] [AUTO_EXIT_CHECK] Checking EOF conditions...
2026-01-31 18:43:57.686 RedLemon[1080:558597] [AUTO_EXIT_CHECK] No exit condition met - continuing to monitor...
2026-01-31 18:43:58.686 RedLemon[1080:558597] [AUTO_EXIT_CHECK] isEventPlayback: true
2026-01-31 18:43:58.686 RedLemon[1080:558597] [AUTO_EXIT_CHECK] isLoading: false, isResolvingStream: false
2026-01-31 18:43:58.686 RedLemon[1080:558597] [AUTO_EXIT_CHECK] playbackFinished: false, isPlaying: true
2026-01-31 18:43:58.686 RedLemon[1080:558597] [AUTO_EXIT_CHECK] Position: 5778.397s / Duration: 8658.752s
2026-01-31 18:43:58.686 RedLemon[1080:558597] [AUTO_EXIT_CHECK] Checking EOF conditions...
2026-01-31 18:43:58.686 RedLemon[1080:558597] [AUTO_EXIT_CHECK] No exit condition met - continuing to monitor...
2026-01-31 18:43:59.687 RedLemon[1080:558597] [AUTO_EXIT_CHECK] isEventPlayback: true
2026-01-31 18:43:59.687 RedLemon[1080:558597] [AUTO_EXIT_CHECK] isLoading: false, isResolvingStream: false
2026-01-31 18:43:59.687 RedLemon[1080:558597] [AUTO_EXIT_CHECK] playbackFinished: false, isPlaying: true
2026-01-31 18:43:59.687 RedLemon[1080:558597] [AUTO_EXIT_CHECK] Position: 5779.398s / Duration: 8658.752s
2026-01-31 18:43:59.687 RedLemon[1080:558597] [AUTO_EXIT_CHECK] Checking EOF conditions...
2026-01-31 18:43:59.687 RedLemon[1080:558597] [AUTO_EXIT_CHECK] No exit condition met - continuing to monitor...
2026-01-31 18:44:00.687 RedLemon[1080:558597] [AUTO_EXIT_CHECK] isEventPlayback: true
2026-01-31 18:44:00.687 RedLemon[1080:558597] [AUTO_EXIT_CHECK] isLoading: false, isResolvingStream: false
2026-01-31 18:44:00.687 RedLemon[1080:558597] [AUTO_EXIT_CHECK] playbackFinished: false, isPlaying: true
2026-01-31 18:44:00.687 RedLemon[1080:558597] [AUTO_EXIT_CHECK] Position: 5780.398999999999s / Duration: 8658.752s
2026-01-31 18:44:00.687 RedLemon[1080:558597] [AUTO_EXIT_CHECK] Checking EOF conditions...
2026-01-31 18:44:00.687 RedLemon[1080:558597] [AUTO_EXIT_CHECK] No exit condition met - continuing to monitor...
2026-01-31 18:44:01.523 RedLemon[1080:560164] 🔐 Signed request to /rpc/user_heartbeat
2026-01-31 18:44:01.687 RedLemon[1080:558597] [AUTO_EXIT_CHECK] isEventPlayback: true
2026-01-31 18:44:01.687 RedLemon[1080:558597] [AUTO_EXIT_CHECK] isLoading: false, isResolvingStream: false
2026-01-31 18:44:01.687 RedLemon[1080:558597] [AUTO_EXIT_CHECK] playbackFinished: false, isPlaying: true
2026-01-31 18:44:01.687 RedLemon[1080:558597] [AUTO_EXIT_CHECK] Position: 5781.3589999999995s / Duration: 8658.752s
2026-01-31 18:44:01.687 RedLemon[1080:558597] [AUTO_EXIT_CHECK] Checking EOF conditions...
2026-01-31 18:44:01.687 RedLemon[1080:558597] [AUTO_EXIT_CHECK] No exit condition met - continuing to monitor...
2026-01-31 18:44:02.688 RedLemon[1080:558597] [AUTO_EXIT_CHECK] isEventPlayback: true
2026-01-31 18:44:02.688 RedLemon[1080:558597] [AUTO_EXIT_CHECK] isLoading: false, isResolvingStream: false
2026-01-31 18:44:02.688 RedLemon[1080:558597] [AUTO_EXIT_CHECK] playbackFinished: false, isPlaying: true
2026-01-31 18:44:02.688 RedLemon[1080:558597] [AUTO_EXIT_CHECK] Position: 5782.36s / Duration: 8658.752s
2026-01-31 18:44:02.688 RedLemon[1080:558597] [AUTO_EXIT_CHECK] Checking EOF conditions...
2026-01-31 18:44:02.689 RedLemon[1080:558597] [AUTO_EXIT_CHECK] No exit condition met - continuing to monitor...
2026-01-31 18:44:03.691 RedLemon[1080:558597] [AUTO_EXIT_CHECK] isEventPlayback: true
2026-01-31 18:44:03.691 RedLemon[1080:558597] [AUTO_EXIT_CHECK] isLoading: false, isResolvingStream: false
2026-01-31 18:44:03.691 RedLemon[1080:558597] [AUTO_EXIT_CHECK] playbackFinished: false, isPlaying: true
2026-01-31 18:44:03.691 RedLemon[1080:558597] [AUTO_EXIT_CHECK] Position: 5783.361s / Duration: 8658.752s
2026-01-31 18:44:03.691 RedLemon[1080:558597] [AUTO_EXIT_CHECK] Checking EOF conditions...
2026-01-31 18:44:03.691 RedLemon[1080:558597] [AUTO_EXIT_CHECK] No exit condition met - continuing to monitor...
2026-01-31 18:44:04.691 RedLemon[1080:558597] [AUTO_EXIT_CHECK] isEventPlayback: true
2026-01-31 18:44:04.691 RedLemon[1080:558597] [AUTO_EXIT_CHECK] isLoading: false, isResolvingStream: false
2026-01-31 18:44:04.691 RedLemon[1080:558597] [AUTO_EXIT_CHECK] playbackFinished: false, isPlaying: true
2026-01-31 18:44:04.691 RedLemon[1080:558597] [AUTO_EXIT_CHECK] Position: 5784.362s / Duration: 8658.752s
2026-01-31 18:44:04.691 RedLemon[1080:558597] [AUTO_EXIT_CHECK] Checking EOF conditions...
2026-01-31 18:44:04.691 RedLemon[1080:558597] [AUTO_EXIT_CHECK] No exit condition met - continuing to monitor...
2026-01-31 18:44:05.692 RedLemon[1080:558597] [AUTO_EXIT_CHECK] isEventPlayback: true
2026-01-31 18:44:05.692 RedLemon[1080:558597] [AUTO_EXIT_CHECK] isLoading: false, isResolvingStream: false
2026-01-31 18:44:05.692 RedLemon[1080:558597] [AUTO_EXIT_CHECK] playbackFinished: false, isPlaying: true
2026-01-31 18:44:05.692 RedLemon[1080:558597] [AUTO_EXIT_CHECK] Position: 5785.321s / Duration: 8658.752s
2026-01-31 18:44:05.692 RedLemon[1080:558597] [AUTO_EXIT_CHECK] Checking EOF conditions...
2026-01-31 18:44:05.692 RedLemon[1080:558597] [AUTO_EXIT_CHECK] No exit condition met - continuing to monitor...
2026-01-31 18:44:06.693 RedLemon[1080:558597] [AUTO_EXIT_CHECK] isEventPlayback: true
2026-01-31 18:44:06.693 RedLemon[1080:558597] [AUTO_EXIT_CHECK] isLoading: false, isResolvingStream: false
2026-01-31 18:44:06.693 RedLemon[1080:558597] [AUTO_EXIT_CHECK] playbackFinished: false, isPlaying: true
2026-01-31 18:44:06.693 RedLemon[1080:558597] [AUTO_EXIT_CHECK] Position: 5786.322s / Duration: 8658.752s
2026-01-31 18:44:06.693 RedLemon[1080:558597] [AUTO_EXIT_CHECK] Checking EOF conditions...
2026-01-31 18:44:06.693 RedLemon[1080:558597] [AUTO_EXIT_CHECK] No exit condition met - continuing to monitor...
2026-01-31 18:44:07.693 RedLemon[1080:558597] [AUTO_EXIT_CHECK] isEventPlayback: true
2026-01-31 18:44:07.693 RedLemon[1080:558597] [AUTO_EXIT_CHECK] isLoading: false, isResolvingStream: false
2026-01-31 18:44:07.693 RedLemon[1080:558597] [AUTO_EXIT_CHECK] playbackFinished: false, isPlaying: true
2026-01-31 18:44:07.693 RedLemon[1080:558597] [AUTO_EXIT_CHECK] Position: 5787.322999999999s / Duration: 8658.752s
2026-01-31 18:44:07.693 RedLemon[1080:558597] [AUTO_EXIT_CHECK] Checking EOF conditions...
2026-01-31 18:44:07.693 RedLemon[1080:558597] [AUTO_EXIT_CHECK] No exit condition met - continuing to monitor...
2026-01-31 18:44:08.653 RedLemon[1080:558597] [AUTO_EXIT_CHECK] isEventPlayback: true
2026-01-31 18:44:08.653 RedLemon[1080:558597] [AUTO_EXIT_CHECK] isLoading: false, isResolvingStream: false
2026-01-31 18:44:08.653 RedLemon[1080:558597] [AUTO_EXIT_CHECK] playbackFinished: false, isPlaying: true
2026-01-31 18:44:08.653 RedLemon[1080:558597] [AUTO_EXIT_CHECK] Position: 5788.324s / Duration: 8658.752s
2026-01-31 18:44:08.653 RedLemon[1080:558597] [AUTO_EXIT_CHECK] Checking EOF conditions...
2026-01-31 18:44:08.653 RedLemon[1080:558597] [AUTO_EXIT_CHECK] No exit condition met - continuing to monitor...
2026-01-31 18:44:09.655 RedLemon[1080:558597] [AUTO_EXIT_CHECK] isEventPlayback: true
2026-01-31 18:44:09.655 RedLemon[1080:558597] [AUTO_EXIT_CHECK] isLoading: false, isResolvingStream: false
2026-01-31 18:44:09.655 RedLemon[1080:558597] [AUTO_EXIT_CHECK] playbackFinished: false, isPlaying: true
2026-01-31 18:44:09.655 RedLemon[1080:558597] [AUTO_EXIT_CHECK] Position: 5789.325s / Duration: 8658.752s
2026-01-31 18:44:09.655 RedLemon[1080:558597] [AUTO_EXIT_CHECK] Checking EOF conditions...
2026-01-31 18:44:09.655 RedLemon[1080:558597] [AUTO_EXIT_CHECK] No exit condition met - continuing to monitor...
2026-01-31 18:44:10.657 RedLemon[1080:558597] [AUTO_EXIT_CHECK] isEventPlayback: true
2026-01-31 18:44:10.658 RedLemon[1080:558597] [AUTO_EXIT_CHECK] isLoading: false, isResolvingStream: false
2026-01-31 18:44:10.658 RedLemon[1080:558597] [AUTO_EXIT_CHECK] playbackFinished: false, isPlaying: true
2026-01-31 18:44:10.658 RedLemon[1080:558597] [AUTO_EXIT_CHECK] Position: 5790.326s / Duration: 8658.752s
2026-01-31 18:44:10.658 RedLemon[1080:558597] [AUTO_EXIT_CHECK] Checking EOF conditions...
2026-01-31 18:44:10.658 RedLemon[1080:558597] [AUTO_EXIT_CHECK] No exit condition met - continuing to monitor...
2026-01-31 18:44:11.658 RedLemon[1080:558597] [AUTO_EXIT_CHECK] isEventPlayback: true
2026-01-31 18:44:11.658 RedLemon[1080:558597] [AUTO_EXIT_CHECK] isLoading: false, isResolvingStream: false
2026-01-31 18:44:11.658 RedLemon[1080:558597] [AUTO_EXIT_CHECK] playbackFinished: false, isPlaying: true
2026-01-31 18:44:11.658 RedLemon[1080:558597] [AUTO_EXIT_CHECK] Position: 5791.244s / Duration: 8658.752s
2026-01-31 18:44:11.658 RedLemon[1080:558597] [AUTO_EXIT_CHECK] Checking EOF conditions...
2026-01-31 18:44:11.658 RedLemon[1080:558597] [AUTO_EXIT_CHECK] No exit condition met - continuing to monitor...
2026-01-31 18:44:12.657 RedLemon[1080:558597] [AUTO_EXIT_CHECK] isEventPlayback: true
2026-01-31 18:44:12.657 RedLemon[1080:558597] [AUTO_EXIT_CHECK] isLoading: false, isResolvingStream: false
2026-01-31 18:44:12.657 RedLemon[1080:558597] [AUTO_EXIT_CHECK] playbackFinished: false, isPlaying: true
2026-01-31 18:44:12.657 RedLemon[1080:558597] [AUTO_EXIT_CHECK] Position: 5792.245s / Duration: 8658.752s
2026-01-31 18:44:12.657 RedLemon[1080:558597] [AUTO_EXIT_CHECK] Checking EOF conditions...
2026-01-31 18:44:12.657 RedLemon[1080:558597] [AUTO_EXIT_CHECK] No exit condition met - continuing to monitor...
2026-01-31 18:44:13.659 RedLemon[1080:558597] [AUTO_EXIT_CHECK] isEventPlayback: true
2026-01-31 18:44:13.659 RedLemon[1080:558597] [AUTO_EXIT_CHECK] isLoading: false, isResolvingStream: false
2026-01-31 18:44:13.659 RedLemon[1080:558597] [AUTO_EXIT_CHECK] playbackFinished: false, isPlaying: true
2026-01-31 18:44:13.659 RedLemon[1080:558597] [AUTO_EXIT_CHECK] Position: 5793.246s / Duration: 8658.752s
2026-01-31 18:44:13.659 RedLemon[1080:558597] [AUTO_EXIT_CHECK] Checking EOF conditions...
2026-01-31 18:44:13.659 RedLemon[1080:558597] [AUTO_EXIT_CHECK] No exit condition met - continuing to monitor...
2026-01-31 18:44:14.659 RedLemon[1080:558597] [AUTO_EXIT_CHECK] isEventPlayback: true
2026-01-31 18:44:14.659 RedLemon[1080:558597] [AUTO_EXIT_CHECK] isLoading: false, isResolvingStream: false
2026-01-31 18:44:14.659 RedLemon[1080:558597] [AUTO_EXIT_CHECK] playbackFinished: false, isPlaying: true
2026-01-31 18:44:14.659 RedLemon[1080:558597] [AUTO_EXIT_CHECK] Position: 5794.246999999999s / Duration: 8658.752s
2026-01-31 18:44:14.660 RedLemon[1080:558597] [AUTO_EXIT_CHECK] Checking EOF conditions...
2026-01-31 18:44:14.660 RedLemon[1080:558597] [AUTO_EXIT_CHECK] No exit condition met - continuing to monitor...
2026-01-31 18:44:15.660 RedLemon[1080:558597] [AUTO_EXIT_CHECK] isEventPlayback: true
2026-01-31 18:44:15.660 RedLemon[1080:558597] [AUTO_EXIT_CHECK] isLoading: false, isResolvingStream: false
2026-01-31 18:44:15.660 RedLemon[1080:558597] [AUTO_EXIT_CHECK] playbackFinished: false, isPlaying: true
2026-01-31 18:44:15.660 RedLemon[1080:558597] [AUTO_EXIT_CHECK] Position: 5795.248s / Duration: 8658.752s
2026-01-31 18:44:15.660 RedLemon[1080:558597] [AUTO_EXIT_CHECK] Checking EOF conditions...
2026-01-31 18:44:15.660 RedLemon[1080:558597] [AUTO_EXIT_CHECK] No exit condition met - continuing to monitor...
2026-01-31 18:44:16.662 RedLemon[1080:558597] [AUTO_EXIT_CHECK] isEventPlayback: true
2026-01-31 18:44:16.662 RedLemon[1080:558597] [AUTO_EXIT_CHECK] isLoading: false, isResolvingStream: false
2026-01-31 18:44:16.662 RedLemon[1080:558597] [AUTO_EXIT_CHECK] playbackFinished: false, isPlaying: true
2026-01-31 18:44:16.662 RedLemon[1080:558597] [AUTO_EXIT_CHECK] Position: 5796.249s / Duration: 8658.752s
2026-01-31 18:44:16.662 RedLemon[1080:558597] [AUTO_EXIT_CHECK] Checking EOF conditions...
2026-01-31 18:44:16.662 RedLemon[1080:558597] [AUTO_EXIT_CHECK] No exit condition met - continuing to monitor...
2026-01-31 18:44:17.664 RedLemon[1080:558597] [AUTO_EXIT_CHECK] isEventPlayback: true
2026-01-31 18:44:17.664 RedLemon[1080:558597] [AUTO_EXIT_CHECK] isLoading: false, isResolvingStream: false
2026-01-31 18:44:17.664 RedLemon[1080:558597] [AUTO_EXIT_CHECK] playbackFinished: false, isPlaying: true
2026-01-31 18:44:17.664 RedLemon[1080:558597] [AUTO_EXIT_CHECK] Position: 5797.25s / Duration: 8658.752s
2026-01-31 18:44:17.664 RedLemon[1080:558597] [AUTO_EXIT_CHECK] Checking EOF conditions...
2026-01-31 18:44:17.664 RedLemon[1080:558597] [AUTO_EXIT_CHECK] No exit condition met - continuing to monitor...
2026-01-31 18:44:17.872 RedLemon[1080:560661] 🔐 Signed request to /rpc/upsert_watch_history_item
2026-01-31 18:44:18.664 RedLemon[1080:558597] [AUTO_EXIT_CHECK] isEventPlayback: true
2026-01-31 18:44:18.664 RedLemon[1080:558597] [AUTO_EXIT_CHECK] isLoading: false, isResolvingStream: false
2026-01-31 18:44:18.664 RedLemon[1080:558597] [AUTO_EXIT_CHECK] playbackFinished: false, isPlaying: true
2026-01-31 18:44:18.664 RedLemon[1080:558597] [AUTO_EXIT_CHECK] Position: 5798.543s / Duration: 8658.752s
2026-01-31 18:44:18.664 RedLemon[1080:558597] [AUTO_EXIT_CHECK] Checking EOF conditions...
2026-01-31 18:44:18.664 RedLemon[1080:558597] [AUTO_EXIT_CHECK] No exit condition met - continuing to monitor...
2026-01-31 18:44:19.665 RedLemon[1080:558597] [AUTO_EXIT_CHECK] isEventPlayback: true
2026-01-31 18:44:19.665 RedLemon[1080:558597] [AUTO_EXIT_CHECK] isLoading: false, isResolvingStream: false
2026-01-31 18:44:19.665 RedLemon[1080:558597] [AUTO_EXIT_CHECK] playbackFinished: false, isPlaying: true
2026-01-31 18:44:19.665 RedLemon[1080:558597] [AUTO_EXIT_CHECK] Position: 5799.544s / Duration: 8658.752s
2026-01-31 18:44:19.665 RedLemon[1080:558597] [AUTO_EXIT_CHECK] Checking EOF conditions...
2026-01-31 18:44:19.665 RedLemon[1080:558597] [AUTO_EXIT_CHECK] No exit condition met - continuing to monitor...
2026-01-31 18:44:20.000 RedLemon[1080:560442] 🔐 SupabaseClient: Signing Identity Payload: '1769903059bb6bcb45-c36d-4267-ab6d-47ac2335f489/rpc/room_heartbeat'
2026-01-31 18:44:20.000 RedLemon[1080:560442] 🔐 Signed request to /rpc/room_heartbeat
2026-01-31 18:44:20.666 RedLemon[1080:558597] [AUTO_EXIT_CHECK] isEventPlayback: true
2026-01-31 18:44:20.666 RedLemon[1080:558597] [AUTO_EXIT_CHECK] isLoading: false, isResolvingStream: false
2026-01-31 18:44:20.666 RedLemon[1080:558597] [AUTO_EXIT_CHECK] playbackFinished: false, isPlaying: true
2026-01-31 18:44:20.666 RedLemon[1080:558597] [AUTO_EXIT_CHECK] Position: 5800.210999999999s / Duration: 8658.752s
2026-01-31 18:44:20.666 RedLemon[1080:558597] [AUTO_EXIT_CHECK] Checking EOF conditions...
2026-01-31 18:44:20.666 RedLemon[1080:558597] [AUTO_EXIT_CHECK] No exit condition met - continuing to monitor...
2026-01-31 18:44:21.666 RedLemon[1080:558597] [AUTO_EXIT_CHECK] isEventPlayback: true
2026-01-31 18:44:21.666 RedLemon[1080:558597] [AUTO_EXIT_CHECK] isLoading: false, isResolvingStream: false
2026-01-31 18:44:21.666 RedLemon[1080:558597] [AUTO_EXIT_CHECK] playbackFinished: false, isPlaying: true
2026-01-31 18:44:21.666 RedLemon[1080:558597] [AUTO_EXIT_CHECK] Position: 5801.2119999999995s / Duration: 8658.752s
2026-01-31 18:44:21.666 RedLemon[1080:558597] [AUTO_EXIT_CHECK] Checking EOF conditions...
2026-01-31 18:44:21.666 RedLemon[1080:558597] [AUTO_EXIT_CHECK] No exit condition met - continuing to monitor...
2026-01-31 18:44:22.667 RedLemon[1080:558597] [AUTO_EXIT_CHECK] isEventPlayback: true
2026-01-31 18:44:22.667 RedLemon[1080:558597] [AUTO_EXIT_CHECK] isLoading: false, isResolvingStream: false
2026-01-31 18:44:22.667 RedLemon[1080:558597] [AUTO_EXIT_CHECK] playbackFinished: false, isPlaying: true
2026-01-31 18:44:22.667 RedLemon[1080:558597] [AUTO_EXIT_CHECK] Position: 5802.213s / Duration: 8658.752s
2026-01-31 18:44:22.667 RedLemon[1080:558597] [AUTO_EXIT_CHECK] Checking EOF conditions...
2026-01-31 18:44:22.668 RedLemon[1080:558597] [AUTO_EXIT_CHECK] No exit condition met - continuing to monitor...
2026-01-31 18:44:23.670 RedLemon[1080:558597] [AUTO_EXIT_CHECK] isEventPlayback: true
2026-01-31 18:44:23.670 RedLemon[1080:558597] [AUTO_EXIT_CHECK] isLoading: false, isResolvingStream: false
2026-01-31 18:44:23.670 RedLemon[1080:558597] [AUTO_EXIT_CHECK] playbackFinished: false, isPlaying: true
2026-01-31 18:44:23.670 RedLemon[1080:558597] [AUTO_EXIT_CHECK] Position: 5803.214s / Duration: 8658.752s
2026-01-31 18:44:23.670 RedLemon[1080:558597] [AUTO_EXIT_CHECK] Checking EOF conditions...
2026-01-31 18:44:23.670 RedLemon[1080:558597] [AUTO_EXIT_CHECK] No exit condition met - continuing to monitor...
2026-01-31 18:44:24.671 RedLemon[1080:558597] [AUTO_EXIT_CHECK] isEventPlayback: true
2026-01-31 18:44:24.671 RedLemon[1080:558597] [AUTO_EXIT_CHECK] isLoading: false, isResolvingStream: false
2026-01-31 18:44:24.671 RedLemon[1080:558597] [AUTO_EXIT_CHECK] playbackFinished: false, isPlaying: true
2026-01-31 18:44:24.671 RedLemon[1080:558597] [AUTO_EXIT_CHECK] Position: 5804.215s / Duration: 8658.752s
2026-01-31 18:44:24.671 RedLemon[1080:558597] [AUTO_EXIT_CHECK] Checking EOF conditions...
2026-01-31 18:44:24.671 RedLemon[1080:558597] [AUTO_EXIT_CHECK] No exit condition met - continuing to monitor...
2026-01-31 18:44:25.672 RedLemon[1080:558597] [AUTO_EXIT_CHECK] isEventPlayback: true
2026-01-31 18:44:25.672 RedLemon[1080:558597] [AUTO_EXIT_CHECK] isLoading: false, isResolvingStream: false
2026-01-31 18:44:25.672 RedLemon[1080:558597] [AUTO_EXIT_CHECK] playbackFinished: false, isPlaying: true
2026-01-31 18:44:25.672 RedLemon[1080:558597] [AUTO_EXIT_CHECK] Position: 5805.215999999999s / Duration: 8658.752s
2026-01-31 18:44:25.672 RedLemon[1080:558597] [AUTO_EXIT_CHECK] Checking EOF conditions...
2026-01-31 18:44:25.672 RedLemon[1080:558597] [AUTO_EXIT_CHECK] No exit condition met - continuing to monitor...
2026-01-31 18:44:26.672 RedLemon[1080:558597] [AUTO_EXIT_CHECK] isEventPlayback: true
2026-01-31 18:44:26.672 RedLemon[1080:558597] [AUTO_EXIT_CHECK] isLoading: false, isResolvingStream: false
2026-01-31 18:44:26.673 RedLemon[1080:558597] [AUTO_EXIT_CHECK] playbackFinished: false, isPlaying: true
2026-01-31 18:44:26.673 RedLemon[1080:558597] [AUTO_EXIT_CHECK] Position: 5806.509s / Duration: 8658.752s
2026-01-31 18:44:26.673 RedLemon[1080:558597] [AUTO_EXIT_CHECK] Checking EOF conditions...
2026-01-31 18:44:26.673 RedLemon[1080:558597] [AUTO_EXIT_CHECK] No exit condition met - continuing to monitor...
2026-01-31 18:44:26.840 RedLemon[1080:560164] 🔐 Signed request to /rpc/user_heartbeat
2026-01-31 18:44:27.672 RedLemon[1080:558597] [AUTO_EXIT_CHECK] isEventPlayback: true
2026-01-31 18:44:27.673 RedLemon[1080:558597] [AUTO_EXIT_CHECK] isLoading: false, isResolvingStream: false
2026-01-31 18:44:27.673 RedLemon[1080:558597] [AUTO_EXIT_CHECK] playbackFinished: false, isPlaying: true
2026-01-31 18:44:27.673 RedLemon[1080:558597] [AUTO_EXIT_CHECK] Position: 5807.509999999999s / Duration: 8658.752s
2026-01-31 18:44:27.673 RedLemon[1080:558597] [AUTO_EXIT_CHECK] Checking EOF conditions...
2026-01-31 18:44:27.673 RedLemon[1080:558597] [AUTO_EXIT_CHECK] No exit condition met - continuing to monitor...
2026-01-31 18:44:28.673 RedLemon[1080:558597] [AUTO_EXIT_CHECK] isEventPlayback: true
2026-01-31 18:44:28.673 RedLemon[1080:558597] [AUTO_EXIT_CHECK] isLoading: false, isResolvingStream: false
2026-01-31 18:44:28.673 RedLemon[1080:558597] [AUTO_EXIT_CHECK] playbackFinished: false, isPlaying: true
2026-01-31 18:44:28.673 RedLemon[1080:558597] [AUTO_EXIT_CHECK] Position: 5808.5109999999995s / Duration: 8658.752s
2026-01-31 18:44:28.673 RedLemon[1080:558597] [AUTO_EXIT_CHECK] Checking EOF conditions...
2026-01-31 18:44:28.673 RedLemon[1080:558597] [AUTO_EXIT_CHECK] No exit condition met - continuing to monitor...
2026-01-31 18:44:29.675 RedLemon[1080:558597] [AUTO_EXIT_CHECK] isEventPlayback: true
2026-01-31 18:44:29.675 RedLemon[1080:558597] [AUTO_EXIT_CHECK] isLoading: false, isResolvingStream: false
2026-01-31 18:44:29.675 RedLemon[1080:558597] [AUTO_EXIT_CHECK] playbackFinished: false, isPlaying: true
2026-01-31 18:44:29.675 RedLemon[1080:558597] [AUTO_EXIT_CHECK] Position: 5809.512s / Duration: 8658.752s
2026-01-31 18:44:29.675 RedLemon[1080:558597] [AUTO_EXIT_CHECK] Checking EOF conditions...
2026-01-31 18:44:29.675 RedLemon[1080:558597] [AUTO_EXIT_CHECK] No exit condition met - continuing to monitor...
2026-01-31 18:44:30.677 RedLemon[1080:558597] [AUTO_EXIT_CHECK] isEventPlayback: true
2026-01-31 18:44:30.677 RedLemon[1080:558597] [AUTO_EXIT_CHECK] isLoading: false, isResolvingStream: false
2026-01-31 18:44:30.677 RedLemon[1080:558597] [AUTO_EXIT_CHECK] playbackFinished: false, isPlaying: true
2026-01-31 18:44:30.677 RedLemon[1080:558597] [AUTO_EXIT_CHECK] Position: 5810.513s / Duration: 8658.752s
2026-01-31 18:44:30.677 RedLemon[1080:558597] [AUTO_EXIT_CHECK] Checking EOF conditions...
2026-01-31 18:44:30.677 RedLemon[1080:558597] [AUTO_EXIT_CHECK] No exit condition met - continuing to monitor...
2026-01-31 18:44:31.678 RedLemon[1080:558597] [AUTO_EXIT_CHECK] isEventPlayback: true
2026-01-31 18:44:31.678 RedLemon[1080:558597] [AUTO_EXIT_CHECK] isLoading: false, isResolvingStream: false
2026-01-31 18:44:31.678 RedLemon[1080:558597] [AUTO_EXIT_CHECK] playbackFinished: false, isPlaying: true
2026-01-31 18:44:31.678 RedLemon[1080:558597] [AUTO_EXIT_CHECK] Position: 5811.514s / Duration: 8658.752s
2026-01-31 18:44:31.678 RedLemon[1080:558597] [AUTO_EXIT_CHECK] Checking EOF conditions...
2026-01-31 18:44:31.678 RedLemon[1080:558597] [AUTO_EXIT_CHECK] No exit condition met - continuing to monitor...
2026-01-31 18:44:32.678 RedLemon[1080:558597] [AUTO_EXIT_CHECK] isEventPlayback: true
2026-01-31 18:44:32.678 RedLemon[1080:558597] [AUTO_EXIT_CHECK] isLoading: false, isResolvingStream: false
2026-01-31 18:44:32.678 RedLemon[1080:558597] [AUTO_EXIT_CHECK] playbackFinished: false, isPlaying: true
2026-01-31 18:44:32.678 RedLemon[1080:558597] [AUTO_EXIT_CHECK] Position: 5812.514999999999s / Duration: 8658.752s
2026-01-31 18:44:32.678 RedLemon[1080:558597] [AUTO_EXIT_CHECK] Checking EOF conditions...
2026-01-31 18:44:32.678 RedLemon[1080:558597] [AUTO_EXIT_CHECK] No exit condition met - continuing to monitor...
2026-01-31 18:44:33.679 RedLemon[1080:558597] [AUTO_EXIT_CHECK] isEventPlayback: true
2026-01-31 18:44:33.679 RedLemon[1080:558597] [AUTO_EXIT_CHECK] isLoading: false, isResolvingStream: false
2026-01-31 18:44:33.679 RedLemon[1080:558597] [AUTO_EXIT_CHECK] playbackFinished: false, isPlaying: true
2026-01-31 18:44:33.679 RedLemon[1080:558597] [AUTO_EXIT_CHECK] Position: 5813.516s / Duration: 8658.752s
2026-01-31 18:44:33.679 RedLemon[1080:558597] [AUTO_EXIT_CHECK] Checking EOF conditions...
2026-01-31 18:44:33.679 RedLemon[1080:558597] [AUTO_EXIT_CHECK] No exit condition met - continuing to monitor...
2026-01-31 18:44:34.679 RedLemon[1080:558597] [AUTO_EXIT_CHECK] isEventPlayback: true
2026-01-31 18:44:34.679 RedLemon[1080:558597] [AUTO_EXIT_CHECK] isLoading: false, isResolvingStream: false
2026-01-31 18:44:34.679 RedLemon[1080:558597] [AUTO_EXIT_CHECK] playbackFinished: false, isPlaying: true
2026-01-31 18:44:34.679 RedLemon[1080:558597] [AUTO_EXIT_CHECK] Position: 5814.517s / Duration: 8658.752s
2026-01-31 18:44:34.679 RedLemon[1080:558597] [AUTO_EXIT_CHECK] Checking EOF conditions...
2026-01-31 18:44:34.679 RedLemon[1080:558597] [AUTO_EXIT_CHECK] No exit condition met - continuing to monitor...
2026-01-31 18:44:35.681 RedLemon[1080:558597] [AUTO_EXIT_CHECK] isEventPlayback: true
2026-01-31 18:44:35.681 RedLemon[1080:558597] [AUTO_EXIT_CHECK] isLoading: false, isResolvingStream: false
2026-01-31 18:44:35.681 RedLemon[1080:558597] [AUTO_EXIT_CHECK] playbackFinished: false, isPlaying: true
2026-01-31 18:44:35.681 RedLemon[1080:558597] [AUTO_EXIT_CHECK] Position: 5815.476s / Duration: 8658.752s
2026-01-31 18:44:35.681 RedLemon[1080:558597] [AUTO_EXIT_CHECK] Checking EOF conditions...
2026-01-31 18:44:35.681 RedLemon[1080:558597] [AUTO_EXIT_CHECK] No exit condition met - continuing to monitor...
2026-01-31 18:44:36.684 RedLemon[1080:558597] [AUTO_EXIT_CHECK] isEventPlayback: true
2026-01-31 18:44:36.684 RedLemon[1080:558597] [AUTO_EXIT_CHECK] isLoading: false, isResolvingStream: false
2026-01-31 18:44:36.684 RedLemon[1080:558597] [AUTO_EXIT_CHECK] playbackFinished: false, isPlaying: true
2026-01-31 18:44:36.684 RedLemon[1080:558597] [AUTO_EXIT_CHECK] Position: 5816.477s / Duration: 8658.752s
2026-01-31 18:44:36.684 RedLemon[1080:558597] [AUTO_EXIT_CHECK] Checking EOF conditions...
2026-01-31 18:44:36.684 RedLemon[1080:558597] [AUTO_EXIT_CHECK] No exit condition met - continuing to monitor...
2026-01-31 18:44:37.684 RedLemon[1080:558597] [AUTO_EXIT_CHECK] isEventPlayback: true
2026-01-31 18:44:37.684 RedLemon[1080:558597] [AUTO_EXIT_CHECK] isLoading: false, isResolvingStream: false
2026-01-31 18:44:37.684 RedLemon[1080:558597] [AUTO_EXIT_CHECK] playbackFinished: false, isPlaying: true
2026-01-31 18:44:37.684 RedLemon[1080:558597] [AUTO_EXIT_CHECK] Position: 5817.478s / Duration: 8658.752s
2026-01-31 18:44:37.684 RedLemon[1080:558597] [AUTO_EXIT_CHECK] Checking EOF conditions...
2026-01-31 18:44:37.684 RedLemon[1080:558597] [AUTO_EXIT_CHECK] No exit condition met - continuing to monitor...
2026-01-31 18:44:38.684 RedLemon[1080:558597] [AUTO_EXIT_CHECK] isEventPlayback: true
2026-01-31 18:44:38.684 RedLemon[1080:558597] [AUTO_EXIT_CHECK] isLoading: false, isResolvingStream: false
2026-01-31 18:44:38.684 RedLemon[1080:558597] [AUTO_EXIT_CHECK] playbackFinished: false, isPlaying: true
2026-01-31 18:44:38.684 RedLemon[1080:558597] [AUTO_EXIT_CHECK] Position: 5818.478999999999s / Duration: 8658.752s
2026-01-31 18:44:38.684 RedLemon[1080:558597] [AUTO_EXIT_CHECK] Checking EOF conditions...
2026-01-31 18:44:38.684 RedLemon[1080:558597] [AUTO_EXIT_CHECK] No exit condition met - continuing to monitor...
2026-01-31 18:44:39.685 RedLemon[1080:558597] [AUTO_EXIT_CHECK] isEventPlayback: true
2026-01-31 18:44:39.685 RedLemon[1080:558597] [AUTO_EXIT_CHECK] isLoading: false, isResolvingStream: false
2026-01-31 18:44:39.685 RedLemon[1080:558597] [AUTO_EXIT_CHECK] playbackFinished: false, isPlaying: true
2026-01-31 18:44:39.686 RedLemon[1080:558597] [AUTO_EXIT_CHECK] Position: 5819.48s / Duration: 8658.752s
2026-01-31 18:44:39.686 RedLemon[1080:558597] [AUTO_EXIT_CHECK] Checking EOF conditions...
2026-01-31 18:44:39.686 RedLemon[1080:558597] [AUTO_EXIT_CHECK] No exit condition met - continuing to monitor...
2026-01-31 18:44:40.686 RedLemon[1080:558597] [AUTO_EXIT_CHECK] isEventPlayback: true
2026-01-31 18:44:40.686 RedLemon[1080:558597] [AUTO_EXIT_CHECK] isLoading: false, isResolvingStream: false
2026-01-31 18:44:40.686 RedLemon[1080:558597] [AUTO_EXIT_CHECK] playbackFinished: false, isPlaying: true
2026-01-31 18:44:40.686 RedLemon[1080:558597] [AUTO_EXIT_CHECK] Position: 5820.481s / Duration: 8658.752s
2026-01-31 18:44:40.686 RedLemon[1080:558597] [AUTO_EXIT_CHECK] Checking EOF conditions...
2026-01-31 18:44:40.686 RedLemon[1080:558597] [AUTO_EXIT_CHECK] No exit condition met - continuing to monitor...
2026-01-31 18:44:41.687 RedLemon[1080:558597] [AUTO_EXIT_CHECK] isEventPlayback: true
2026-01-31 18:44:41.687 RedLemon[1080:558597] [AUTO_EXIT_CHECK] isLoading: false, isResolvingStream: false
2026-01-31 18:44:41.687 RedLemon[1080:558597] [AUTO_EXIT_CHECK] playbackFinished: false, isPlaying: true
2026-01-31 18:44:41.687 RedLemon[1080:558597] [AUTO_EXIT_CHECK] Position: 5821.482s / Duration: 8658.752s
2026-01-31 18:44:41.687 RedLemon[1080:558597] [AUTO_EXIT_CHECK] Checking EOF conditions...
2026-01-31 18:44:41.687 RedLemon[1080:558597] [AUTO_EXIT_CHECK] No exit condition met - continuing to monitor...
2026-01-31 18:44:42.688 RedLemon[1080:558597] [AUTO_EXIT_CHECK] isEventPlayback: true
2026-01-31 18:44:42.688 RedLemon[1080:558597] [AUTO_EXIT_CHECK] isLoading: false, isResolvingStream: false
2026-01-31 18:44:42.688 RedLemon[1080:558597] [AUTO_EXIT_CHECK] playbackFinished: false, isPlaying: true
2026-01-31 18:44:42.688 RedLemon[1080:558597] [AUTO_EXIT_CHECK] Position: 5822.483s / Duration: 8658.752s
2026-01-31 18:44:42.688 RedLemon[1080:558597] [AUTO_EXIT_CHECK] Checking EOF conditions...
2026-01-31 18:44:42.688 RedLemon[1080:558597] [AUTO_EXIT_CHECK] No exit condition met - continuing to monitor...
2026-01-31 18:44:43.690 RedLemon[1080:558597] [AUTO_EXIT_CHECK] isEventPlayback: true
2026-01-31 18:44:43.691 RedLemon[1080:558597] [AUTO_EXIT_CHECK] isLoading: false, isResolvingStream: false
2026-01-31 18:44:43.691 RedLemon[1080:558597] [AUTO_EXIT_CHECK] playbackFinished: false, isPlaying: true
2026-01-31 18:44:43.691 RedLemon[1080:558597] [AUTO_EXIT_CHECK] Position: 5823.442s / Duration: 8658.752s
2026-01-31 18:44:43.691 RedLemon[1080:558597] [AUTO_EXIT_CHECK] Checking EOF conditions...
2026-01-31 18:44:43.691 RedLemon[1080:558597] [AUTO_EXIT_CHECK] No exit condition met - continuing to monitor...
2026-01-31 18:44:44.691 RedLemon[1080:558597] [AUTO_EXIT_CHECK] isEventPlayback: true
2026-01-31 18:44:44.691 RedLemon[1080:558597] [AUTO_EXIT_CHECK] isLoading: false, isResolvingStream: false
2026-01-31 18:44:44.691 RedLemon[1080:558597] [AUTO_EXIT_CHECK] playbackFinished: false, isPlaying: true
2026-01-31 18:44:44.691 RedLemon[1080:558597] [AUTO_EXIT_CHECK] Position: 5824.442999999999s / Duration: 8658.752s
2026-01-31 18:44:44.691 RedLemon[1080:558597] [AUTO_EXIT_CHECK] Checking EOF conditions...
2026-01-31 18:44:44.691 RedLemon[1080:558597] [AUTO_EXIT_CHECK] No exit condition met - continuing to monitor...
2026-01-31 18:44:45.691 RedLemon[1080:558597] [AUTO_EXIT_CHECK] isEventPlayback: true
2026-01-31 18:44:45.691 RedLemon[1080:558597] [AUTO_EXIT_CHECK] isLoading: false, isResolvingStream: false
2026-01-31 18:44:45.691 RedLemon[1080:558597] [AUTO_EXIT_CHECK] playbackFinished: false, isPlaying: true
2026-01-31 18:44:45.691 RedLemon[1080:558597] [AUTO_EXIT_CHECK] Position: 5825.4439999999995s / Duration: 8658.752s
2026-01-31 18:44:45.691 RedLemon[1080:558597] [AUTO_EXIT_CHECK] Checking EOF conditions...
2026-01-31 18:44:45.691 RedLemon[1080:558597] [AUTO_EXIT_CHECK] No exit condition met - continuing to monitor...
2026-01-31 18:44:46.692 RedLemon[1080:558597] [AUTO_EXIT_CHECK] isEventPlayback: true
2026-01-31 18:44:46.692 RedLemon[1080:558597] [AUTO_EXIT_CHECK] isLoading: false, isResolvingStream: false
2026-01-31 18:44:46.692 RedLemon[1080:558597] [AUTO_EXIT_CHECK] playbackFinished: false, isPlaying: true
2026-01-31 18:44:46.692 RedLemon[1080:558597] [AUTO_EXIT_CHECK] Position: 5826.445s / Duration: 8658.752s
2026-01-31 18:44:46.692 RedLemon[1080:558597] [AUTO_EXIT_CHECK] Checking EOF conditions...
2026-01-31 18:44:46.692 RedLemon[1080:558597] [AUTO_EXIT_CHECK] No exit condition met - continuing to monitor...
2026-01-31 18:44:47.693 RedLemon[1080:558597] [AUTO_EXIT_CHECK] isEventPlayback: true
2026-01-31 18:44:47.693 RedLemon[1080:558597] [AUTO_EXIT_CHECK] isLoading: false, isResolvingStream: false
2026-01-31 18:44:47.693 RedLemon[1080:558597] [AUTO_EXIT_CHECK] playbackFinished: false, isPlaying: true
2026-01-31 18:44:47.693 RedLemon[1080:558597] [AUTO_EXIT_CHECK] Position: 5827.446s / Duration: 8658.752s
2026-01-31 18:44:47.693 RedLemon[1080:558597] [AUTO_EXIT_CHECK] Checking EOF conditions...
2026-01-31 18:44:47.693 RedLemon[1080:558597] [AUTO_EXIT_CHECK] No exit condition met - continuing to monitor...
2026-01-31 18:44:48.694 RedLemon[1080:558597] [AUTO_EXIT_CHECK] isEventPlayback: true
2026-01-31 18:44:48.694 RedLemon[1080:558597] [AUTO_EXIT_CHECK] isLoading: false, isResolvingStream: false
2026-01-31 18:44:48.695 RedLemon[1080:558597] [AUTO_EXIT_CHECK] playbackFinished: false, isPlaying: true
2026-01-31 18:44:48.695 RedLemon[1080:558597] [AUTO_EXIT_CHECK] Position: 5828.447s / Duration: 8658.752s
2026-01-31 18:44:48.695 RedLemon[1080:558597] [AUTO_EXIT_CHECK] Checking EOF conditions...
2026-01-31 18:44:48.695 RedLemon[1080:558597] [AUTO_EXIT_CHECK] No exit condition met - continuing to monitor...
2026-01-31 18:44:49.655 RedLemon[1080:558597] [AUTO_EXIT_CHECK] isEventPlayback: true
2026-01-31 18:44:49.655 RedLemon[1080:558597] [AUTO_EXIT_CHECK] isLoading: false, isResolvingStream: false
2026-01-31 18:44:49.655 RedLemon[1080:558597] [AUTO_EXIT_CHECK] playbackFinished: false, isPlaying: true
2026-01-31 18:44:49.655 RedLemon[1080:558597] [AUTO_EXIT_CHECK] Position: 5829.447999999999s / Duration: 8658.752s
2026-01-31 18:44:49.655 RedLemon[1080:558597] [AUTO_EXIT_CHECK] Checking EOF conditions...
2026-01-31 18:44:49.655 RedLemon[1080:558597] [AUTO_EXIT_CHECK] No exit condition met - continuing to monitor...
2026-01-31 18:44:50.239 RedLemon[1080:560361] 🔐 SupabaseClient: Signing Identity Payload: '1769903090bb6bcb45-c36d-4267-ab6d-47ac2335f489/rpc/room_heartbeat'
2026-01-31 18:44:50.240 RedLemon[1080:560361] 🔐 Signed request to /rpc/room_heartbeat
2026-01-31 18:44:50.697 RedLemon[1080:558597] [AUTO_EXIT_CHECK] isEventPlayback: true
2026-01-31 18:44:50.697 RedLemon[1080:558597] [AUTO_EXIT_CHECK] isLoading: false, isResolvingStream: false
2026-01-31 18:44:50.697 RedLemon[1080:558597] [AUTO_EXIT_CHECK] playbackFinished: false, isPlaying: true
2026-01-31 18:44:50.697 RedLemon[1080:558597] [AUTO_EXIT_CHECK] Position: 5830.449s / Duration: 8658.752s
2026-01-31 18:44:50.697 RedLemon[1080:558597] [AUTO_EXIT_CHECK] Checking EOF conditions...
2026-01-31 18:44:50.697 RedLemon[1080:558597] [AUTO_EXIT_CHECK] No exit condition met - continuing to monitor...
2026-01-31 18:44:51.655 RedLemon[1080:558597] [AUTO_EXIT_CHECK] isEventPlayback: true
2026-01-31 18:44:51.655 RedLemon[1080:558597] [AUTO_EXIT_CHECK] isLoading: false, isResolvingStream: false
2026-01-31 18:44:51.655 RedLemon[1080:558597] [AUTO_EXIT_CHECK] playbackFinished: false, isPlaying: true
2026-01-31 18:44:51.655 RedLemon[1080:558597] [AUTO_EXIT_CHECK] Position: 5831.45s / Duration: 8658.752s
2026-01-31 18:44:51.655 RedLemon[1080:558597] [AUTO_EXIT_CHECK] Checking EOF conditions...
2026-01-31 18:44:51.655 RedLemon[1080:558597] [AUTO_EXIT_CHECK] No exit condition met - continuing to monitor...
2026-01-31 18:44:52.116 RedLemon[1080:559066] 🔐 Signed request to /rpc/user_heartbeat
2026-01-31 18:44:52.657 RedLemon[1080:558597] [AUTO_EXIT_CHECK] isEventPlayback: true
2026-01-31 18:44:52.657 RedLemon[1080:558597] [AUTO_EXIT_CHECK] isLoading: false, isResolvingStream: false
2026-01-31 18:44:52.657 RedLemon[1080:558597] [AUTO_EXIT_CHECK] playbackFinished: false, isPlaying: true
2026-01-31 18:44:52.657 RedLemon[1080:558597] [AUTO_EXIT_CHECK] Position: 5832.41s / Duration: 8658.752s
2026-01-31 18:44:52.657 RedLemon[1080:558597] [AUTO_EXIT_CHECK] Checking EOF conditions...
2026-01-31 18:44:52.657 RedLemon[1080:558597] [AUTO_EXIT_CHECK] No exit condition met - continuing to monitor...
2026-01-31 18:44:53.656 RedLemon[1080:558597] [AUTO_EXIT_CHECK] isEventPlayback: true
2026-01-31 18:44:53.656 RedLemon[1080:558597] [AUTO_EXIT_CHECK] isLoading: false, isResolvingStream: false
2026-01-31 18:44:53.656 RedLemon[1080:558597] [AUTO_EXIT_CHECK] playbackFinished: false, isPlaying: true
2026-01-31 18:44:53.657 RedLemon[1080:558597] [AUTO_EXIT_CHECK] Position: 5833.411s / Duration: 8658.752s
2026-01-31 18:44:53.657 RedLemon[1080:558597] [AUTO_EXIT_CHECK] Checking EOF conditions...
2026-01-31 18:44:53.657 RedLemon[1080:558597] [AUTO_EXIT_CHECK] No exit condition met - continuing to monitor...
2026-01-31 18:44:54.657 RedLemon[1080:558597] [AUTO_EXIT_CHECK] isEventPlayback: true
2026-01-31 18:44:54.657 RedLemon[1080:558597] [AUTO_EXIT_CHECK] isLoading: false, isResolvingStream: false
2026-01-31 18:44:54.657 RedLemon[1080:558597] [AUTO_EXIT_CHECK] playbackFinished: false, isPlaying: true
2026-01-31 18:44:54.657 RedLemon[1080:558597] [AUTO_EXIT_CHECK] Position: 5834.411999999999s / Duration: 8658.752s
2026-01-31 18:44:54.658 RedLemon[1080:558597] [AUTO_EXIT_CHECK] Checking EOF conditions...
2026-01-31 18:44:54.658 RedLemon[1080:558597] [AUTO_EXIT_CHECK] No exit condition met - continuing to monitor...
2026-01-31 18:44:55.659 RedLemon[1080:558597] [AUTO_EXIT_CHECK] isEventPlayback: true
2026-01-31 18:44:55.659 RedLemon[1080:558597] [AUTO_EXIT_CHECK] isLoading: false, isResolvingStream: false
2026-01-31 18:44:55.659 RedLemon[1080:558597] [AUTO_EXIT_CHECK] playbackFinished: false, isPlaying: true
2026-01-31 18:44:55.659 RedLemon[1080:558597] [AUTO_EXIT_CHECK] Position: 5835.413s / Duration: 8658.752s
2026-01-31 18:44:55.659 RedLemon[1080:558597] [AUTO_EXIT_CHECK] Checking EOF conditions...
2026-01-31 18:44:55.659 RedLemon[1080:558597] [AUTO_EXIT_CHECK] No exit condition met - continuing to monitor...
2026-01-31 18:44:56.662 RedLemon[1080:558597] [AUTO_EXIT_CHECK] isEventPlayback: true
2026-01-31 18:44:56.662 RedLemon[1080:558597] [AUTO_EXIT_CHECK] isLoading: false, isResolvingStream: false
2026-01-31 18:44:56.662 RedLemon[1080:558597] [AUTO_EXIT_CHECK] playbackFinished: false, isPlaying: true
2026-01-31 18:44:56.662 RedLemon[1080:558597] [AUTO_EXIT_CHECK] Position: 5836.414s / Duration: 8658.752s
2026-01-31 18:44:56.662 RedLemon[1080:558597] [AUTO_EXIT_CHECK] Checking EOF conditions...
2026-01-31 18:44:56.662 RedLemon[1080:558597] [AUTO_EXIT_CHECK] No exit condition met - continuing to monitor...
2026-01-31 18:44:57.662 RedLemon[1080:558597] [AUTO_EXIT_CHECK] isEventPlayback: true
2026-01-31 18:44:57.662 RedLemon[1080:558597] [AUTO_EXIT_CHECK] isLoading: false, isResolvingStream: false
2026-01-31 18:44:57.662 RedLemon[1080:558597] [AUTO_EXIT_CHECK] playbackFinished: false, isPlaying: true
2026-01-31 18:44:57.662 RedLemon[1080:558597] [AUTO_EXIT_CHECK] Position: 5837.415s / Duration: 8658.752s
2026-01-31 18:44:57.662 RedLemon[1080:558597] [AUTO_EXIT_CHECK] Checking EOF conditions...
2026-01-31 18:44:57.662 RedLemon[1080:558597] [AUTO_EXIT_CHECK] No exit condition met - continuing to monitor...
2026-01-31 18:44:58.662 RedLemon[1080:558597] [AUTO_EXIT_CHECK] isEventPlayback: true
2026-01-31 18:44:58.662 RedLemon[1080:558597] [AUTO_EXIT_CHECK] isLoading: false, isResolvingStream: false
2026-01-31 18:44:58.662 RedLemon[1080:558597] [AUTO_EXIT_CHECK] playbackFinished: false, isPlaying: true
2026-01-31 18:44:58.662 RedLemon[1080:558597] [AUTO_EXIT_CHECK] Position: 5838.416s / Duration: 8658.752s
2026-01-31 18:44:58.662 RedLemon[1080:558597] [AUTO_EXIT_CHECK] Checking EOF conditions...
2026-01-31 18:44:58.662 RedLemon[1080:558597] [AUTO_EXIT_CHECK] No exit condition met - continuing to monitor...
2026-01-31 18:44:59.662 RedLemon[1080:558597] [AUTO_EXIT_CHECK] isEventPlayback: true
2026-01-31 18:44:59.663 RedLemon[1080:558597] [AUTO_EXIT_CHECK] isLoading: false, isResolvingStream: false
2026-01-31 18:44:59.663 RedLemon[1080:558597] [AUTO_EXIT_CHECK] playbackFinished: false, isPlaying: true
2026-01-31 18:44:59.663 RedLemon[1080:558597] [AUTO_EXIT_CHECK] Position: 5839.4169999999995s / Duration: 8658.752s
2026-01-31 18:44:59.663 RedLemon[1080:558597] [AUTO_EXIT_CHECK] Checking EOF conditions...
2026-01-31 18:44:59.663 RedLemon[1080:558597] [AUTO_EXIT_CHECK] No exit condition met - continuing to monitor...
2026-01-31 18:45:00.663 RedLemon[1080:558597] [AUTO_EXIT_CHECK] isEventPlayback: true
2026-01-31 18:45:00.663 RedLemon[1080:558597] [AUTO_EXIT_CHECK] isLoading: false, isResolvingStream: false
2026-01-31 18:45:00.663 RedLemon[1080:558597] [AUTO_EXIT_CHECK] playbackFinished: false, isPlaying: true
2026-01-31 18:45:00.663 RedLemon[1080:558597] [AUTO_EXIT_CHECK] Position: 5840.375999999999s / Duration: 8658.752s
2026-01-31 18:45:00.663 RedLemon[1080:558597] [AUTO_EXIT_CHECK] Checking EOF conditions...
2026-01-31 18:45:00.663 RedLemon[1080:558597] [AUTO_EXIT_CHECK] No exit condition met - continuing to monitor...
2026-01-31 18:45:01.664 RedLemon[1080:558597] [AUTO_EXIT_CHECK] isEventPlayback: true
2026-01-31 18:45:01.664 RedLemon[1080:558597] [AUTO_EXIT_CHECK] isLoading: false, isResolvingStream: false
2026-01-31 18:45:01.665 RedLemon[1080:558597] [AUTO_EXIT_CHECK] playbackFinished: false, isPlaying: true
2026-01-31 18:45:01.665 RedLemon[1080:558597] [AUTO_EXIT_CHECK] Position: 5841.3769999999995s / Duration: 8658.752s
2026-01-31 18:45:01.665 RedLemon[1080:558597] [AUTO_EXIT_CHECK] Checking EOF conditions...
2026-01-31 18:45:01.665 RedLemon[1080:558597] [AUTO_EXIT_CHECK] No exit condition met - continuing to monitor...
2026-01-31 18:45:02.667 RedLemon[1080:558597] [AUTO_EXIT_CHECK] isEventPlayback: true
2026-01-31 18:45:02.667 RedLemon[1080:558597] [AUTO_EXIT_CHECK] isLoading: false, isResolvingStream: false
2026-01-31 18:45:02.667 RedLemon[1080:558597] [AUTO_EXIT_CHECK] playbackFinished: false, isPlaying: true
2026-01-31 18:45:02.667 RedLemon[1080:558597] [AUTO_EXIT_CHECK] Position: 5842.378s / Duration: 8658.752s
2026-01-31 18:45:02.667 RedLemon[1080:558597] [AUTO_EXIT_CHECK] Checking EOF conditions...
2026-01-31 18:45:02.667 RedLemon[1080:558597] [AUTO_EXIT_CHECK] No exit condition met - continuing to monitor...
2026-01-31 18:45:03.667 RedLemon[1080:558597] [AUTO_EXIT_CHECK] isEventPlayback: true
2026-01-31 18:45:03.667 RedLemon[1080:558597] [AUTO_EXIT_CHECK] isLoading: false, isResolvingStream: false
2026-01-31 18:45:03.667 RedLemon[1080:558597] [AUTO_EXIT_CHECK] playbackFinished: false, isPlaying: true
2026-01-31 18:45:03.667 RedLemon[1080:558597] [AUTO_EXIT_CHECK] Position: 5843.379s / Duration: 8658.752s
2026-01-31 18:45:03.667 RedLemon[1080:558597] [AUTO_EXIT_CHECK] Checking EOF conditions...
2026-01-31 18:45:03.667 RedLemon[1080:558597] [AUTO_EXIT_CHECK] No exit condition met - continuing to monitor...
2026-01-31 18:45:04.668 RedLemon[1080:558597] [AUTO_EXIT_CHECK] isEventPlayback: true
2026-01-31 18:45:04.668 RedLemon[1080:558597] [AUTO_EXIT_CHECK] isLoading: false, isResolvingStream: false
2026-01-31 18:45:04.668 RedLemon[1080:558597] [AUTO_EXIT_CHECK] playbackFinished: false, isPlaying: true
2026-01-31 18:45:04.668 RedLemon[1080:558597] [AUTO_EXIT_CHECK] Position: 5844.38s / Duration: 8658.752s
2026-01-31 18:45:04.668 RedLemon[1080:558597] [AUTO_EXIT_CHECK] Checking EOF conditions...
2026-01-31 18:45:04.668 RedLemon[1080:558597] [AUTO_EXIT_CHECK] No exit condition met - continuing to monitor...
2026-01-31 18:45:05.669 RedLemon[1080:558597] [AUTO_EXIT_CHECK] isEventPlayback: true
2026-01-31 18:45:05.669 RedLemon[1080:558597] [AUTO_EXIT_CHECK] isLoading: false, isResolvingStream: false
2026-01-31 18:45:05.669 RedLemon[1080:558597] [AUTO_EXIT_CHECK] playbackFinished: false, isPlaying: true
2026-01-31 18:45:05.669 RedLemon[1080:558597] [AUTO_EXIT_CHECK] Position: 5845.339s / Duration: 8658.752s
2026-01-31 18:45:05.669 RedLemon[1080:558597] [AUTO_EXIT_CHECK] Checking EOF conditions...
2026-01-31 18:45:05.669 RedLemon[1080:558597] [AUTO_EXIT_CHECK] No exit condition met - continuing to monitor...
2026-01-31 18:45:06.669 RedLemon[1080:558597] [AUTO_EXIT_CHECK] isEventPlayback: true
2026-01-31 18:45:06.669 RedLemon[1080:558597] [AUTO_EXIT_CHECK] isLoading: false, isResolvingStream: false
2026-01-31 18:45:06.669 RedLemon[1080:558597] [AUTO_EXIT_CHECK] playbackFinished: false, isPlaying: true
2026-01-31 18:45:06.669 RedLemon[1080:558597] [AUTO_EXIT_CHECK] Position: 5846.299s / Duration: 8658.752s
2026-01-31 18:45:06.669 RedLemon[1080:558597] [AUTO_EXIT_CHECK] Checking EOF conditions...
2026-01-31 18:45:06.670 RedLemon[1080:558597] [AUTO_EXIT_CHECK] No exit condition met - continuing to monitor...
2026-01-31 18:45:07.670 RedLemon[1080:558597] [AUTO_EXIT_CHECK] isEventPlayback: true
2026-01-31 18:45:07.670 RedLemon[1080:558597] [AUTO_EXIT_CHECK] isLoading: false, isResolvingStream: false
2026-01-31 18:45:07.670 RedLemon[1080:558597] [AUTO_EXIT_CHECK] playbackFinished: false, isPlaying: true
2026-01-31 18:45:07.670 RedLemon[1080:558597] [AUTO_EXIT_CHECK] Position: 5847.3s / Duration: 8658.752s
2026-01-31 18:45:07.670 RedLemon[1080:558597] [AUTO_EXIT_CHECK] Checking EOF conditions...
2026-01-31 18:45:07.670 RedLemon[1080:558597] [AUTO_EXIT_CHECK] No exit condition met - continuing to monitor...
2026-01-31 18:45:08.673 RedLemon[1080:558597] [AUTO_EXIT_CHECK] isEventPlayback: true
2026-01-31 18:45:08.673 RedLemon[1080:558597] [AUTO_EXIT_CHECK] isLoading: false, isResolvingStream: false
2026-01-31 18:45:08.673 RedLemon[1080:558597] [AUTO_EXIT_CHECK] playbackFinished: false, isPlaying: true
2026-01-31 18:45:08.673 RedLemon[1080:558597] [AUTO_EXIT_CHECK] Position: 5848.259s / Duration: 8658.752s
2026-01-31 18:45:08.673 RedLemon[1080:558597] [AUTO_EXIT_CHECK] Checking EOF conditions...
2026-01-31 18:45:08.673 RedLemon[1080:558597] [AUTO_EXIT_CHECK] No exit condition met - continuing to monitor...
2026-01-31 18:45:09.674 RedLemon[1080:558597] [AUTO_EXIT_CHECK] isEventPlayback: true
2026-01-31 18:45:09.674 RedLemon[1080:558597] [AUTO_EXIT_CHECK] isLoading: false, isResolvingStream: false
2026-01-31 18:45:09.674 RedLemon[1080:558597] [AUTO_EXIT_CHECK] playbackFinished: false, isPlaying: true
2026-01-31 18:45:09.674 RedLemon[1080:558597] [AUTO_EXIT_CHECK] Position: 5849.259999999999s / Duration: 8658.752s
2026-01-31 18:45:09.674 RedLemon[1080:558597] [AUTO_EXIT_CHECK] Checking EOF conditions...
2026-01-31 18:45:09.674 RedLemon[1080:558597] [AUTO_EXIT_CHECK] No exit condition met - continuing to monitor...
2026-01-31 18:45:10.674 RedLemon[1080:558597] [AUTO_EXIT_CHECK] isEventPlayback: true
2026-01-31 18:45:10.674 RedLemon[1080:558597] [AUTO_EXIT_CHECK] isLoading: false, isResolvingStream: false
2026-01-31 18:45:10.674 RedLemon[1080:558597] [AUTO_EXIT_CHECK] playbackFinished: false, isPlaying: true
2026-01-31 18:45:10.674 RedLemon[1080:558597] [AUTO_EXIT_CHECK] Position: 5850.2609999999995s / Duration: 8658.752s
2026-01-31 18:45:10.674 RedLemon[1080:558597] [AUTO_EXIT_CHECK] Checking EOF conditions...
2026-01-31 18:45:10.674 RedLemon[1080:558597] [AUTO_EXIT_CHECK] No exit condition met - continuing to monitor...
2026-01-31 18:45:11.675 RedLemon[1080:558597] [AUTO_EXIT_CHECK] isEventPlayback: true
2026-01-31 18:45:11.675 RedLemon[1080:558597] [AUTO_EXIT_CHECK] isLoading: false, isResolvingStream: false
2026-01-31 18:45:11.675 RedLemon[1080:558597] [AUTO_EXIT_CHECK] playbackFinished: false, isPlaying: true
2026-01-31 18:45:11.675 RedLemon[1080:558597] [AUTO_EXIT_CHECK] Position: 5851.262s / Duration: 8658.752s
2026-01-31 18:45:11.675 RedLemon[1080:558597] [AUTO_EXIT_CHECK] Checking EOF conditions...
2026-01-31 18:45:11.675 RedLemon[1080:558597] [AUTO_EXIT_CHECK] No exit condition met - continuing to monitor...
2026-01-31 18:45:12.675 RedLemon[1080:558597] [AUTO_EXIT_CHECK] isEventPlayback: true
2026-01-31 18:45:12.676 RedLemon[1080:558597] [AUTO_EXIT_CHECK] isLoading: false, isResolvingStream: false
2026-01-31 18:45:12.676 RedLemon[1080:558597] [AUTO_EXIT_CHECK] playbackFinished: false, isPlaying: true
2026-01-31 18:45:12.676 RedLemon[1080:558597] [AUTO_EXIT_CHECK] Position: 5852.263s / Duration: 8658.752s
2026-01-31 18:45:12.676 RedLemon[1080:558597] [AUTO_EXIT_CHECK] Checking EOF conditions...
2026-01-31 18:45:12.676 RedLemon[1080:558597] [AUTO_EXIT_CHECK] No exit condition met - continuing to monitor...
2026-01-31 18:45:13.676 RedLemon[1080:558597] [AUTO_EXIT_CHECK] isEventPlayback: true
2026-01-31 18:45:13.676 RedLemon[1080:558597] [AUTO_EXIT_CHECK] isLoading: false, isResolvingStream: false
2026-01-31 18:45:13.676 RedLemon[1080:558597] [AUTO_EXIT_CHECK] playbackFinished: false, isPlaying: true
2026-01-31 18:45:13.676 RedLemon[1080:558597] [AUTO_EXIT_CHECK] Position: 5853.264s / Duration: 8658.752s
2026-01-31 18:45:13.676 RedLemon[1080:558597] [AUTO_EXIT_CHECK] Checking EOF conditions...
2026-01-31 18:45:13.677 RedLemon[1080:558597] [AUTO_EXIT_CHECK] No exit condition met - continuing to monitor...
2026-01-31 18:45:14.678 RedLemon[1080:558597] [AUTO_EXIT_CHECK] isEventPlayback: true
2026-01-31 18:45:14.678 RedLemon[1080:558597] [AUTO_EXIT_CHECK] isLoading: false, isResolvingStream: false
2026-01-31 18:45:14.678 RedLemon[1080:558597] [AUTO_EXIT_CHECK] playbackFinished: false, isPlaying: true
2026-01-31 18:45:14.678 RedLemon[1080:558597] [AUTO_EXIT_CHECK] Position: 5854.264999999999s / Duration: 8658.752s
2026-01-31 18:45:14.678 RedLemon[1080:558597] [AUTO_EXIT_CHECK] Checking EOF conditions...
2026-01-31 18:45:14.678 RedLemon[1080:558597] [AUTO_EXIT_CHECK] No exit condition met - continuing to monitor...
2026-01-31 18:45:15.680 RedLemon[1080:558597] [AUTO_EXIT_CHECK] isEventPlayback: true
2026-01-31 18:45:15.680 RedLemon[1080:558597] [AUTO_EXIT_CHECK] isLoading: false, isResolvingStream: false
2026-01-31 18:45:15.680 RedLemon[1080:558597] [AUTO_EXIT_CHECK] playbackFinished: false, isPlaying: true
2026-01-31 18:45:15.680 RedLemon[1080:558597] [AUTO_EXIT_CHECK] Position: 5855.266s / Duration: 8658.752s
2026-01-31 18:45:15.680 RedLemon[1080:558597] [AUTO_EXIT_CHECK] Checking EOF conditions...
2026-01-31 18:45:15.680 RedLemon[1080:558597] [AUTO_EXIT_CHECK] No exit condition met - continuing to monitor...
2026-01-31 18:45:16.680 RedLemon[1080:558597] [AUTO_EXIT_CHECK] isEventPlayback: true
2026-01-31 18:45:16.680 RedLemon[1080:558597] [AUTO_EXIT_CHECK] isLoading: false, isResolvingStream: false
2026-01-31 18:45:16.680 RedLemon[1080:558597] [AUTO_EXIT_CHECK] playbackFinished: false, isPlaying: true
2026-01-31 18:45:16.680 RedLemon[1080:558597] [AUTO_EXIT_CHECK] Position: 5856.558999999999s / Duration: 8658.752s
2026-01-31 18:45:16.680 RedLemon[1080:558597] [AUTO_EXIT_CHECK] Checking EOF conditions...
2026-01-31 18:45:16.680 RedLemon[1080:558597] [AUTO_EXIT_CHECK] No exit condition met - continuing to monitor...
2026-01-31 18:45:17.357 RedLemon[1080:560661] 🔐 Signed request to /rpc/user_heartbeat
2026-01-31 18:45:17.681 RedLemon[1080:558597] [AUTO_EXIT_CHECK] isEventPlayback: true
2026-01-31 18:45:17.681 RedLemon[1080:558597] [AUTO_EXIT_CHECK] isLoading: false, isResolvingStream: false
2026-01-31 18:45:17.681 RedLemon[1080:558597] [AUTO_EXIT_CHECK] playbackFinished: false, isPlaying: true
2026-01-31 18:45:17.681 RedLemon[1080:558597] [AUTO_EXIT_CHECK] Position: 5857.5599999999995s / Duration: 8658.752s
2026-01-31 18:45:17.681 RedLemon[1080:558597] [AUTO_EXIT_CHECK] Checking EOF conditions...
2026-01-31 18:45:17.681 RedLemon[1080:558597] [AUTO_EXIT_CHECK] No exit condition met - continuing to monitor...
✅ RD cache hit: d6cae2099a1a
✅ StreamService: Stream unlocked successfully!
✅ StreamService: Verified stream is VIABLE. Returning immediately.
!!! MPVWrapper initialized - Build Version: 2026-01-28-PRESENCE-FIX-v3 !!!
🔌 Setting up Realtime channel: watch-party:event_tt0265086
   Role: Guest
   User ID: BB6BCB45-C36D-4267-AB6D-47AC2335F489
📡 Connection state: connected
📡 Connection state: connecting
📡 Joined channel: realtime:watch-party:event_tt0265086 (interest count: 1)
📡 Connection state: connected
✅ Realtime channel setup complete
✅ Cache HIT: Metadata[meta_movie_tt0265086]
📡 SocialService: Updated status - online: Black Hawk Down
⏰ AppState: Next schedule update set for Event End: 2026-02-01 00:42:34 +0000
⏰ AppState: Scheduling update in 3647 seconds
📡 [EventsConfig] Checking server for movie_events config version...
📡 [EventsConfig] Checking server for movie_events config version...
✅ [EventsConfig] Fetched movie_events version 1587 with 396 movies
✅ [EventsConfig] Using cached movie_events config (version 1587, 396 movies)
✅ SocialService: Event event_tt0265086 is JOINABLE (Live or Next Up) - allowing join
✅ [EventsConfig] Fetched movie_events version 1587 with 396 movies
✅ [EventsConfig] Using cached movie_events config (version 1587, 396 movies)
✅ SocialService: Event event_tt0265086 is JOINABLE (Live or Next Up) - allowing join
📊 AppState: Polled participant counts - Active: ["tt0265086": 2]
⏰ AppState: Next schedule update set for Event End: 2026-02-01 00:42:34 +0000
⏰ AppState: Scheduling update in 3646 seconds
📡 [EventsConfig] Checking server for movie_events config version...
📡 [EventsConfig] Checking server for movie_events config version...
✅ [EventsConfig] Fetched movie_events version 1587 with 396 movies
✅ [EventsConfig] Fetched movie_events version 1587 with 396 movies
✅ [EventsConfig] Using cached movie_events config (version 1587, 396 movies)
✅ [EventsConfig] Using cached movie_events config (version 1587, 396 movies)
✅ SocialService: Event event_tt0265086 is JOINABLE (Live or Next Up) - allowing join
✅ SocialService: Event event_tt0265086 is JOINABLE (Live or Next Up) - allowing join
📡 [EventsConfig] Checking server for movie_events config version...
✅ [EventsConfig] Fetched movie_events version 1587 with 396 movies
✅ [EventsConfig] Using cached movie_events config (version 1587, 396 movies)
📊 AppState: Polled participant counts - Active: ["tt0265086": 2]
⏰ AppState: Next schedule update set for Event End: 2026-02-01 00:42:34 +0000
⏰ AppState: Scheduling update in 3635 seconds
📊 AppState: Polled participant counts - Active: ["tt0265086": 2]
⏰ AppState: Next schedule update set for Event End: 2026-02-01 00:42:34 +0000
⏰ AppState: Scheduling update in 3625 seconds
📡 [EventsConfig] Checking server for movie_events config version...
📡 [EventsConfig] Checking server for movie_events config version...
✅ [EventsConfig] Fetched movie_events version 1587 with 396 movies
✅ [EventsConfig] Fetched movie_events version 1587 with 396 movies
✅ [EventsConfig] Using cached movie_events config (version 1587, 396 movies)
✅ [EventsConfig] Using cached movie_events config (version 1587, 396 movies)
✅ SocialService: Event event_tt0265086 is JOINABLE (Live or Next Up) - allowing join
✅ SocialService: Event event_tt0265086 is JOINABLE (Live or Next Up) - allowing join
📊 AppState: Polled participant counts - Active: ["tt0265086": 2]
⏰ AppState: Next schedule update set for Event End: 2026-02-01 00:42:34 +0000
⏰ AppState: Scheduling update in 3615 seconds
📡 [EventsConfig] Checking server for movie_events config version...
📡 [EventsConfig] Checking server for movie_events config version...
✅ [EventsConfig] Fetched movie_events version 1587 with 396 movies
✅ [EventsConfig] Fetched movie_events version 1587 with 396 movies
✅ [EventsConfig] Using cached movie_events config (version 1587, 396 movies)
✅ [EventsConfig] Using cached movie_events config (version 1587, 396 movies)
✅ SocialService: Event event_tt0265086 is JOINABLE (Live or Next Up) - allowing join
✅ SocialService: Event event_tt0265086 is JOINABLE (Live or Next Up) - allowing join
📊 AppState: Polled participant counts - Active: ["tt0265086": 2]
⏰ AppState: Next schedule update set for Event End: 2026-02-01 00:42:34 +0000
⏰ AppState: Scheduling update in 3606 seconds
📡 [EventsConfig] Checking server for movie_events config version...
📡 [EventsConfig] Checking server for movie_events config version...
✅ [EventsConfig] Fetched movie_events version 1587 with 396 movies
✅ [EventsConfig] Using cached movie_events config (version 1587, 396 movies)
✅ [EventsConfig] Fetched movie_events version 1587 with 396 movies
✅ [EventsConfig] Using cached movie_events config (version 1587, 396 movies)
✅ SocialService: Event event_tt0265086 is JOINABLE (Live or Next Up) - allowing join
✅ SocialService: Event event_tt0265086 is JOINABLE (Live or Next Up) - allowing join
📊 AppState: Polled participant counts - Active: ["tt0265086": 2]
⏰ AppState: Next schedule update set for Event End: 2026-02-01 00:42:34 +0000
⏰ AppState: Scheduling update in 3595 seconds
📡 [EventsConfig] Checking server for movie_events config version...
📡 [EventsConfig] Checking server for movie_events config version...
✅ [EventsConfig] Fetched movie_events version 1587 with 396 movies
✅ [EventsConfig] Using cached movie_events config (version 1587, 396 movies)
✅ SocialService: Event event_tt0265086 is JOINABLE (Live or Next Up) - allowing join
✅ [EventsConfig] Fetched movie_events version 1587 with 396 movies
✅ [EventsConfig] Using cached movie_events config (version 1587, 396 movies)
✅ SocialService: Event event_tt0265086 is JOINABLE (Live or Next Up) - allowing join
📊 AppState: Polled participant counts - Active: ["tt0265086": 2]
⏰ AppState: Next schedule update set for Event End: 2026-02-01 00:42:34 +0000
⏰ AppState: Scheduling update in 3585 seconds
📡 [EventsConfig] Checking server for movie_events config version...
✅ [EventsConfig] Fetched movie_events version 1587 with 396 movies
✅ [EventsConfig] Using cached movie_events config (version 1587, 396 movies)
📊 AppState: Polled participant counts - Active: ["tt0265086": 2]
⏰ AppState: Next schedule update set for Event End: 2026-02-01 00:42:34 +0000
⏰ AppState: Scheduling update in 3575 seconds
📡 [EventsConfig] Checking server for movie_events config version...
📡 [EventsConfig] Checking server for movie_events config version...
✅ [EventsConfig] Fetched movie_events version 1587 with 396 movies
✅ [EventsConfig] Fetched movie_events version 1587 with 396 movies
✅ [EventsConfig] Using cached movie_events config (version 1587, 396 movies)
✅ [EventsConfig] Using cached movie_events config (version 1587, 396 movies)
✅ SocialService: Event event_tt0265086 is JOINABLE (Live or Next Up) - allowing join
✅ SocialService: Event event_tt0265086 is JOINABLE (Live or Next Up) - allowing join
📊 AppState: Polled participant counts - Active: ["tt0265086": 2]
⏰ AppState: Next schedule update set for Event End: 2026-02-01 00:42:34 +0000
⏰ AppState: Scheduling update in 3566 seconds
📡 [EventsConfig] Checking server for movie_events config version...
📡 [EventsConfig] Checking server for movie_events config version...
✅ [EventsConfig] Fetched movie_events version 1587 with 396 movies
✅ [EventsConfig] Using cached movie_events config (version 1587, 396 movies)
✅ SocialService: Event event_tt0265086 is JOINABLE (Live or Next Up) - allowing join
✅ [EventsConfig] Fetched movie_events version 1587 with 396 movies
✅ [EventsConfig] Using cached movie_events config (version 1587, 396 movies)
✅ SocialService: Event event_tt0265086 is JOINABLE (Live or Next Up) - allowing join
📊 AppState: Polled participant counts - Active: ["tt0265086": 2]
⏰ AppState: Next schedule update set for Event End: 2026-02-01 00:42:34 +0000
⏰ AppState: Scheduling update in 3555 seconds
📡 [EventsConfig] Checking server for movie_events config version...
📡 [EventsConfig] Checking server for movie_events config version...
✅ [EventsConfig] Fetched movie_events version 1587 with 396 movies
✅ [EventsConfig] Fetched movie_events version 1587 with 396 movies
✅ [EventsConfig] Using cached movie_events config (version 1587, 396 movies)
✅ [EventsConfig] Using cached movie_events config (version 1587, 396 movies)
✅ SocialService: Event event_tt0265086 is JOINABLE (Live or Next Up) - allowing join
✅ SocialService: Event event_tt0265086 is JOINABLE (Live or Next Up) - allowing join
📊 AppState: Polled participant counts - Active: ["tt0265086": 2]
⏰ AppState: Next schedule update set for Event End: 2026-02-01 00:42:34 +0000
⏰ AppState: Scheduling update in 3545 seconds
📡 [EventsConfig] Checking server for movie_events config version...
📡 [EventsConfig] Checking server for movie_events config version...
✅ [EventsConfig] Fetched movie_events version 1587 with 396 movies
✅ [EventsConfig] Fetched movie_events version 1587 with 396 movies
✅ [EventsConfig] Using cached movie_events config (version 1587, 396 movies)
✅ [EventsConfig] Using cached movie_events config (version 1587, 396 movies)
✅ SocialService: Event event_tt0265086 is JOINABLE (Live or Next Up) - allowing join
✅ SocialService: Event event_tt0265086 is JOINABLE (Live or Next Up) - allowing join
📊 AppState: Polled participant counts - Active: ["tt0265086": 2]
⏰ AppState: Next schedule update set for Event End: 2026-02-01 00:42:34 +0000
⏰ AppState: Scheduling update in 3535 seconds
📊 AppState: Polled participant counts - Active: ["tt0265086": 2]
⏰ AppState: Next schedule update set for Event End: 2026-02-01 00:42:34 +0000
⏰ AppState: Scheduling update in 3526 seconds
📡 [EventsConfig] Checking server for movie_events config version...
📡 [EventsConfig] Checking server for movie_events config version...
✅ [EventsConfig] Fetched movie_events version 1587 with 396 movies
✅ [EventsConfig] Fetched movie_events version 1587 with 396 movies
✅ [EventsConfig] Using cached movie_events config (version 1587, 396 movies)
✅ [EventsConfig] Using cached movie_events config (version 1587, 396 movies)
✅ SocialService: Event event_tt0265086 is JOINABLE (Live or Next Up) - allowing join
✅ SocialService: Event event_tt0265086 is JOINABLE (Live or Next Up) - allowing join
📡 [EventsConfig] Checking server for movie_events config version...
✅ [EventsConfig] Fetched movie_events version 1587 with 396 movies
✅ [EventsConfig] Using cached movie_events config (version 1587, 396 movies)
📊 AppState: Polled participant counts - Active: ["tt0265086": 2]
⏰ AppState: Next schedule update set for Event End: 2026-02-01 00:42:34 +0000
⏰ AppState: Scheduling update in 3516 seconds
📡 [EventsConfig] Checking server for movie_events config version...
📡 [EventsConfig] Checking server for movie_events config version...
✅ [EventsConfig] Fetched movie_events version 1587 with 396 movies
✅ [EventsConfig] Fetched movie_events version 1587 with 396 movies
✅ [EventsConfig] Using cached movie_events config (version 1587, 396 movies)
✅ [EventsConfig] Using cached movie_events config (version 1587, 396 movies)
✅ SocialService: Event event_tt0265086 is JOINABLE (Live or Next Up) - allowing join
✅ SocialService: Event event_tt0265086 is JOINABLE (Live or Next Up) - allowing join
📊 AppState: Polled participant counts - Active: ["tt0265086": 2]
⏰ AppState: Next schedule update set for Event End: 2026-02-01 00:42:34 +0000
⏰ AppState: Scheduling update in 3505 seconds
📡 [EventsConfig] Checking server for movie_events config version...
📡 [EventsConfig] Checking server for movie_events config version...
✅ [EventsConfig] Fetched movie_events version 1587 with 396 movies
✅ [EventsConfig] Using cached movie_events config (version 1587, 396 movies)
✅ SocialService: Event event_tt0265086 is JOINABLE (Live or Next Up) - allowing join
✅ [EventsConfig] Fetched movie_events version 1587 with 396 movies
✅ [EventsConfig] Using cached movie_events config (version 1587, 396 movies)
✅ SocialService: Event event_tt0265086 is JOINABLE (Live or Next Up) - allowing join
📊 AppState: Polled participant counts - Active: ["tt0265086": 2]
⏰ AppState: Next schedule update set for Event End: 2026-02-01 00:42:34 +0000
⏰ AppState: Scheduling update in 3495 seconds
📡 [EventsConfig] Checking server for movie_events config version...
📡 [EventsConfig] Checking server for movie_events config version...
✅ [EventsConfig] Fetched movie_events version 1587 with 396 movies
✅ [EventsConfig] Using cached movie_events config (version 1587, 396 movies)
✅ SocialService: Event event_tt0265086 is JOINABLE (Live or Next Up) - allowing join
✅ [EventsConfig] Fetched movie_events version 1587 with 396 movies
✅ [EventsConfig] Using cached movie_events config (version 1587, 396 movies)
✅ SocialService: Event event_tt0265086 is JOINABLE (Live or Next Up) - allowing join
📊 AppState: Polled participant counts - Active: ["tt0265086": 2]
⏰ AppState: Next schedule update set for Event End: 2026-02-01 00:42:34 +0000
⏰ AppState: Scheduling update in 3486 seconds
📊 AppState: Polled participant counts - Active: ["tt0265086": 2]
⏰ AppState: Next schedule update set for Event End: 2026-02-01 00:42:34 +0000
⏰ AppState: Scheduling update in 3476 seconds
📡 [EventsConfig] Checking server for movie_events config version...
📡 [EventsConfig] Checking server for movie_events config version...
✅ [EventsConfig] Fetched movie_events version 1587 with 396 movies
✅ [EventsConfig] Fetched movie_events version 1587 with 396 movies
✅ [EventsConfig] Using cached movie_events config (version 1587, 396 movies)
✅ [EventsConfig] Using cached movie_events config (version 1587, 396 movies)
✅ SocialService: Event event_tt0265086 is JOINABLE (Live or Next Up) - allowing join
✅ SocialService: Event event_tt0265086 is JOINABLE (Live or Next Up) - allowing join
📊 AppState: Polled participant counts - Active: ["tt0265086": 2]
⏰ AppState: Next schedule update set for Event End: 2026-02-01 00:42:34 +0000
⏰ AppState: Scheduling update in 3465 seconds
📡 [EventsConfig] Checking server for movie_events config version...
📡 [EventsConfig] Checking server for movie_events config version...
✅ [EventsConfig] Fetched movie_events version 1587 with 396 movies
✅ [EventsConfig] Fetched movie_events version 1587 with 396 movies
✅ [EventsConfig] Using cached movie_events config (version 1587, 396 movies)
✅ [EventsConfig] Using cached movie_events config (version 1587, 396 movies)
✅ SocialService: Event event_tt0265086 is JOINABLE (Live or Next Up) - allowing join
✅ SocialService: Event event_tt0265086 is JOINABLE (Live or Next Up) - allowing join
📡 [EventsConfig] Checking server for movie_events config version...
✅ [EventsConfig] Fetched movie_events version 1587 with 396 movies
✅ [EventsConfig] Using cached movie_events config (version 1587, 396 movies)
📊 AppState: Polled participant counts - Active: ["tt0265086": 2]
⏰ AppState: Next schedule update set for Event End: 2026-02-01 00:42:34 +0000
⏰ AppState: Scheduling update in 3455 seconds
📡 [EventsConfig] Checking server for movie_events config version...
📡 [EventsConfig] Checking server for movie_events config version...
✅ [EventsConfig] Fetched movie_events version 1587 with 396 movies
✅ [EventsConfig] Fetched movie_events version 1587 with 396 movies
✅ [EventsConfig] Using cached movie_events config (version 1587, 396 movies)
✅ [EventsConfig] Using cached movie_events config (version 1587, 396 movies)
✅ SocialService: Event event_tt0265086 is JOINABLE (Live or Next Up) - allowing join
✅ SocialService: Event event_tt0265086 is JOINABLE (Live or Next Up) - allowing join
📊 AppState: Polled participant counts - Active: ["tt0265086": 2]
⏰ AppState: Next schedule update set for Event End: 2026-02-01 00:42:34 +0000
⏰ AppState: Scheduling update in 3445 seconds
📡 [EventsConfig] Checking server for movie_events config version...
📡 [EventsConfig] Checking server for movie_events config version...
✅ [EventsConfig] Fetched movie_events version2026-01-31 18:45:18.682 RedLemon[1080:558597] [AUTO_EXIT_CHECK] isEventPlayback: true
2026-01-31 18:45:18.682 RedLemon[1080:558597] [AUTO_EXIT_CHECK] isLoading: false, isResolvingStream: false
2026-01-31 18:45:18.682 RedLemon[1080:558597] [AUTO_EXIT_CHECK] playbackFinished: false, isPlaying: true
2026-01-31 18:45:18.682 RedLemon[1080:558597] [AUTO_EXIT_CHECK] Position: 5858.227s / Duration: 8658.752s
2026-01-31 18:45:18.682 RedLemon[1080:558597] [AUTO_EXIT_CHECK] Checking EOF conditions...
2026-01-31 18:45:18.682 RedLemon[1080:558597] [AUTO_EXIT_CHECK] No exit condition met - continuing to monitor...
2026-01-31 18:45:19.682 RedLemon[1080:558597] [AUTO_EXIT_CHECK] isEventPlayback: true
2026-01-31 18:45:19.682 RedLemon[1080:558597] [AUTO_EXIT_CHECK] isLoading: false, isResolvingStream: false
2026-01-31 18:45:19.682 RedLemon[1080:558597] [AUTO_EXIT_CHECK] playbackFinished: false, isPlaying: true
2026-01-31 18:45:19.682 RedLemon[1080:558597] [AUTO_EXIT_CHECK] Position: 5859.228s / Duration: 8658.752s
2026-01-31 18:45:19.682 RedLemon[1080:558597] [AUTO_EXIT_CHECK] Checking EOF conditions...
2026-01-31 18:45:19.682 RedLemon[1080:558597] [AUTO_EXIT_CHECK] No exit condition met - continuing to monitor...
2026-01-31 18:45:20.561 RedLemon[1080:561122] 🔐 SupabaseClient: Signing Identity Payload: '1769903120bb6bcb45-c36d-4267-ab6d-47ac2335f489/rpc/room_heartbeat'
2026-01-31 18:45:20.561 RedLemon[1080:561122] 🔐 Signed request to /rpc/room_heartbeat
2026-01-31 18:45:20.684 RedLemon[1080:558597] [AUTO_EXIT_CHECK] isEventPlayback: true
2026-01-31 18:45:20.684 RedLemon[1080:558597] [AUTO_EXIT_CHECK] isLoading: false, isResolvingStream: false
2026-01-31 18:45:20.684 RedLemon[1080:558597] [AUTO_EXIT_CHECK] playbackFinished: false, isPlaying: true
2026-01-31 18:45:20.684 RedLemon[1080:558597] [AUTO_EXIT_CHECK] Position: 5860.228999999999s / Duration: 8658.752s
2026-01-31 18:45:20.684 RedLemon[1080:558597] [AUTO_EXIT_CHECK] Checking EOF conditions...
2026-01-31 18:45:20.684 RedLemon[1080:558597] [AUTO_EXIT_CHECK] No exit condition met - continuing to monitor...
2026-01-31 18:45:21.686 RedLemon[1080:558597] [AUTO_EXIT_CHECK] isEventPlayback: true
2026-01-31 18:45:21.687 RedLemon[1080:558597] [AUTO_EXIT_CHECK] isLoading: false, isResolvingStream: false
2026-01-31 18:45:21.687 RedLemon[1080:558597] [AUTO_EXIT_CHECK] playbackFinished: false, isPlaying: true
2026-01-31 18:45:21.687 RedLemon[1080:558597] [AUTO_EXIT_CHECK] Position: 5861.23s / Duration: 8658.752s
2026-01-31 18:45:21.687 RedLemon[1080:558597] [AUTO_EXIT_CHECK] Checking EOF conditions...
2026-01-31 18:45:21.687 RedLemon[1080:558597] [AUTO_EXIT_CHECK] No exit condition met - continuing to monitor...
2026-01-31 18:45:22.687 RedLemon[1080:558597] [AUTO_EXIT_CHECK] isEventPlayback: true
2026-01-31 18:45:22.687 RedLemon[1080:558597] [AUTO_EXIT_CHECK] isLoading: false, isResolvingStream: false
2026-01-31 18:45:22.687 RedLemon[1080:558597] [AUTO_EXIT_CHECK] playbackFinished: false, isPlaying: true
2026-01-31 18:45:22.688 RedLemon[1080:558597] [AUTO_EXIT_CHECK] Position: 5862.231s / Duration: 8658.752s
2026-01-31 18:45:22.688 RedLemon[1080:558597] [AUTO_EXIT_CHECK] Checking EOF conditions...
2026-01-31 18:45:22.688 RedLemon[1080:558597] [AUTO_EXIT_CHECK] No exit condition met - continuing to monitor...
2026-01-31 18:45:23.688 RedLemon[1080:558597] [AUTO_EXIT_CHECK] isEventPlayback: true
2026-01-31 18:45:23.688 RedLemon[1080:558597] [AUTO_EXIT_CHECK] isLoading: false, isResolvingStream: false
2026-01-31 18:45:23.688 RedLemon[1080:558597] [AUTO_EXIT_CHECK] playbackFinished: false, isPlaying: true
2026-01-31 18:45:23.688 RedLemon[1080:558597] [AUTO_EXIT_CHECK] Position: 5863.232s / Duration: 8658.752s
2026-01-31 18:45:23.688 RedLemon[1080:558597] [AUTO_EXIT_CHECK] Checking EOF conditions...
2026-01-31 18:45:23.688 RedLemon[1080:558597] [AUTO_EXIT_CHECK] No exit condition met - continuing to monitor...
2026-01-31 18:45:24.688 RedLemon[1080:558597] [AUTO_EXIT_CHECK] isEventPlayback: true
2026-01-31 18:45:24.689 RedLemon[1080:558597] [AUTO_EXIT_CHECK] isLoading: false, isResolvingStream: false
2026-01-31 18:45:24.689 RedLemon[1080:558597] [AUTO_EXIT_CHECK] playbackFinished: false, isPlaying: true
2026-01-31 18:45:24.689 RedLemon[1080:558597] [AUTO_EXIT_CHECK] Position: 5864.233s / Duration: 8658.752s
2026-01-31 18:45:24.689 RedLemon[1080:558597] [AUTO_EXIT_CHECK] Checking EOF conditions...
2026-01-31 18:45:24.689 RedLemon[1080:558597] [AUTO_EXIT_CHECK] No exit condition met - continuing to monitor...
2026-01-31 18:45:25.689 RedLemon[1080:558597] [AUTO_EXIT_CHECK] isEventPlayback: true
2026-01-31 18:45:25.689 RedLemon[1080:558597] [AUTO_EXIT_CHECK] isLoading: false, isResolvingStream: false
2026-01-31 18:45:25.689 RedLemon[1080:558597] [AUTO_EXIT_CHECK] playbackFinished: false, isPlaying: true
2026-01-31 18:45:25.689 RedLemon[1080:558597] [AUTO_EXIT_CHECK] Position: 5865.526s / Duration: 8658.752s
2026-01-31 18:45:25.689 RedLemon[1080:558597] [AUTO_EXIT_CHECK] Checking EOF conditions...
2026-01-31 18:45:25.689 RedLemon[1080:558597] [AUTO_EXIT_CHECK] No exit condition met - continuing to monitor...
2026-01-31 18:45:26.689 RedLemon[1080:558597] [AUTO_EXIT_CHECK] isEventPlayback: true
2026-01-31 18:45:26.689 RedLemon[1080:558597] [AUTO_EXIT_CHECK] isLoading: false, isResolvingStream: false
2026-01-31 18:45:26.689 RedLemon[1080:558597] [AUTO_EXIT_CHECK] playbackFinished: false, isPlaying: true
2026-01-31 18:45:26.690 RedLemon[1080:558597] [AUTO_EXIT_CHECK] Position: 5866.527s / Duration: 8658.752s
2026-01-31 18:45:26.690 RedLemon[1080:558597] [AUTO_EXIT_CHECK] Checking EOF conditions...
2026-01-31 18:45:26.690 RedLemon[1080:558597] [AUTO_EXIT_CHECK] No exit condition met - continuing to monitor...
2026-01-31 18:45:27.691 RedLemon[1080:558597] [AUTO_EXIT_CHECK] isEventPlayback: true
2026-01-31 18:45:27.691 RedLemon[1080:558597] [AUTO_EXIT_CHECK] isLoading: false, isResolvingStream: false
2026-01-31 18:45:27.691 RedLemon[1080:558597] [AUTO_EXIT_CHECK] playbackFinished: false, isPlaying: true
2026-01-31 18:45:27.692 RedLemon[1080:558597] [AUTO_EXIT_CHECK] Position: 5867.527999999999s / Duration: 8658.752s
2026-01-31 18:45:27.692 RedLemon[1080:558597] [AUTO_EXIT_CHECK] Checking EOF conditions...
2026-01-31 18:45:27.692 RedLemon[1080:558597] [AUTO_EXIT_CHECK] No exit condition met - continuing to monitor...
2026-01-31 18:45:28.693 RedLemon[1080:558597] [AUTO_EXIT_CHECK] isEventPlayback: true
2026-01-31 18:45:28.693 RedLemon[1080:558597] [AUTO_EXIT_CHECK] isLoading: false, isResolvingStream: false
2026-01-31 18:45:28.693 RedLemon[1080:558597] [AUTO_EXIT_CHECK] playbackFinished: false, isPlaying: true
2026-01-31 18:45:28.693 RedLemon[1080:558597] [AUTO_EXIT_CHECK] Position: 5868.5289999999995s / Duration: 8658.752s
2026-01-31 18:45:28.693 RedLemon[1080:558597] [AUTO_EXIT_CHECK] Checking EOF conditions...
2026-01-31 18:45:28.693 RedLemon[1080:558597] [AUTO_EXIT_CHECK] No exit condition met - continuing to monitor...
2026-01-31 18:45:29.694 RedLemon[1080:558597] [AUTO_EXIT_CHECK] isEventPlayback: true
2026-01-31 18:45:29.694 RedLemon[1080:558597] [AUTO_EXIT_CHECK] isLoading: false, isResolvingStream: false
2026-01-31 18:45:29.694 RedLemon[1080:558597] [AUTO_EXIT_CHECK] playbackFinished: false, isPlaying: true
2026-01-31 18:45:29.694 RedLemon[1080:558597] [AUTO_EXIT_CHECK] Position: 5869.53s / Duration: 8658.752s
2026-01-31 18:45:29.694 RedLemon[1080:558597] [AUTO_EXIT_CHECK] Checking EOF conditions...
2026-01-31 18:45:29.694 RedLemon[1080:558597] [AUTO_EXIT_CHECK] No exit condition met - continuing to monitor...
2026-01-31 18:45:30.694 RedLemon[1080:558597] [AUTO_EXIT_CHECK] isEventPlayback: true
2026-01-31 18:45:30.694 RedLemon[1080:558597] [AUTO_EXIT_CHECK] isLoading: false, isResolvingStream: false
2026-01-31 18:45:30.694 RedLemon[1080:558597] [AUTO_EXIT_CHECK] playbackFinished: false, isPlaying: true
2026-01-31 18:45:30.694 RedLemon[1080:558597] [AUTO_EXIT_CHECK] Position: 5870.531s / Duration: 8658.752s
2026-01-31 18:45:30.694 RedLemon[1080:558597] [AUTO_EXIT_CHECK] Checking EOF conditions...
2026-01-31 18:45:30.694 RedLemon[1080:558597] [AUTO_EXIT_CHECK] No exit condition met - continuing to monitor...
2026-01-31 18:45:31.654 RedLemon[1080:558597] [AUTO_EXIT_CHECK] isEventPlayback: true
2026-01-31 18:45:31.654 RedLemon[1080:558597] [AUTO_EXIT_CHECK] isLoading: false, isResolvingStream: false
2026-01-31 18:45:31.654 RedLemon[1080:558597] [AUTO_EXIT_CHECK] playbackFinished: false, isPlaying: true
2026-01-31 18:45:31.654 RedLemon[1080:558597] [AUTO_EXIT_CHECK] Position: 5871.197999999999s / Duration: 8658.752s
2026-01-31 18:45:31.654 RedLemon[1080:558597] [AUTO_EXIT_CHECK] Checking EOF conditions...
2026-01-31 18:45:31.654 RedLemon[1080:558597] [AUTO_EXIT_CHECK] No exit condition met - continuing to monitor...
2026-01-31 18:45:32.653 RedLemon[1080:558597] [AUTO_EXIT_CHECK] isEventPlayback: true
2026-01-31 18:45:32.653 RedLemon[1080:558597] [AUTO_EXIT_CHECK] isLoading: false, isResolvingStream: false
2026-01-31 18:45:32.653 RedLemon[1080:558597] [AUTO_EXIT_CHECK] playbackFinished: false, isPlaying: true
2026-01-31 18:45:32.654 RedLemon[1080:558597] [AUTO_EXIT_CHECK] Position: 5872.199s / Duration: 8658.752s
2026-01-31 18:45:32.654 RedLemon[1080:558597] [AUTO_EXIT_CHECK] Checking EOF conditions...
2026-01-31 18:45:32.654 RedLemon[1080:558597] [AUTO_EXIT_CHECK] No exit condition met - continuing to monitor...
2026-01-31 18:45:33.697 RedLemon[1080:558597] [AUTO_EXIT_CHECK] isEventPlayback: true
2026-01-31 18:45:33.697 RedLemon[1080:558597] [AUTO_EXIT_CHECK] isLoading: false, isResolvingStream: false
2026-01-31 18:45:33.697 RedLemon[1080:558597] [AUTO_EXIT_CHECK] playbackFinished: false, isPlaying: true
2026-01-31 18:45:33.697 RedLemon[1080:558597] [AUTO_EXIT_CHECK] Position: 5873.491999999999s / Duration: 8658.752s
2026-01-31 18:45:33.697 RedLemon[1080:558597] [AUTO_EXIT_CHECK] Checking EOF conditions...
2026-01-31 18:45:33.697 RedLemon[1080:558597] [AUTO_EXIT_CHECK] No exit condition met - continuing to monitor...
2026-01-31 18:45:34.658 RedLemon[1080:558597] [AUTO_EXIT_CHECK] isEventPlayback: true
2026-01-31 18:45:34.658 RedLemon[1080:558597] [AUTO_EXIT_CHECK] isLoading: false, isResolvingStream: false
2026-01-31 18:45:34.658 RedLemon[1080:558597] [AUTO_EXIT_CHECK] playbackFinished: false, isPlaying: true
2026-01-31 18:45:34.658 RedLemon[1080:558597] [AUTO_EXIT_CHECK] Position: 5874.41s / Duration: 8658.752s
2026-01-31 18:45:34.658 RedLemon[1080:558597] [AUTO_EXIT_CHECK] Checking EOF conditions...
2026-01-31 18:45:34.658 RedLemon[1080:558597] [AUTO_EXIT_CHECK] No exit condition met - continuing to monitor...
2026-01-31 18:45:35.660 RedLemon[1080:558597] [AUTO_EXIT_CHECK] isEventPlayback: true
2026-01-31 18:45:35.660 RedLemon[1080:558597] [AUTO_EXIT_CHECK] isLoading: false, isResolvingStream: false
2026-01-31 18:45:35.660 RedLemon[1080:558597] [AUTO_EXIT_CHECK] playbackFinished: false, isPlaying: true
2026-01-31 18:45:35.660 RedLemon[1080:558597] [AUTO_EXIT_CHECK] Position: 5875.536s / Duration: 8658.752s
2026-01-31 18:45:35.660 RedLemon[1080:558597] [AUTO_EXIT_CHECK] Checking EOF conditions...
2026-01-31 18:45:35.660 RedLemon[1080:558597] [AUTO_EXIT_CHECK] No exit condition met - continuing to monitor...
2026-01-31 18:45:36.033 RedLemon[1080:558597] 🚪 Joining room: PYVZ
2026-01-31 18:45:36.658 RedLemon[1080:558597] [AUTO_EXIT_CHECK] isEventPlayback: true
2026-01-31 18:45:36.658 RedLemon[1080:558597] [AUTO_EXIT_CHECK] isLoading: false, isResolvingStream: false
2026-01-31 18:45:36.658 RedLemon[1080:558597] [AUTO_EXIT_CHECK] playbackFinished: false, isPlaying: true
2026-01-31 18:45:36.658 RedLemon[1080:558597] [AUTO_EXIT_CHECK] Position: 5876.495s / Duration: 8658.752s
2026-01-31 18:45:36.658 RedLemon[1080:558597] [AUTO_EXIT_CHECK] Checking EOF conditions...
2026-01-31 18:45:36.658 RedLemon[1080:558597] [AUTO_EXIT_CHECK] No exit condition met - continuing to monitor...
2026-01-31 18:45:37.116 RedLemon[1080:558597] 🚪 Room is in lobby
2026-01-31 18:45:37.118 RedLemon[1080:558597] ✨ [AppState] Registered new active lobby: PYVZ
2026-01-31 18:45:37.197 RedLemon[1080:558597] 🔑 Lobby: Updated participantId to actual user ID: bb6bcb45-c36d-4267-ab6d-47ac2335f489
2026-01-31 18:45:37.197 RedLemon[1080:558597] [LOBBY_VIEW] onAppear: shouldAutoJoinLobby=false, room=PYVZ, timeUntilStart=0
2026-01-31 18:45:37.399 RedLemon[1080:561287] 🔐 Signed request to /room_participants
 1587 with 396 movies
✅ [EventsConfig] Using cached movie_events config (version 1587, 396 movies)
✅ SocialService: Event event_tt0265086 is JOINABLE (Live or Next Up) - allowing join
✅ [EventsConfig] Fetched movie_events version 1587 with 396 movies
✅ [EventsConfig] Using cached movie_events config (version 1587, 396 movies)
✅ SocialService: Event event_tt0265086 is JOINABLE (Live or Next Up) - allowing join
📊 AppState: Polled participant counts - Active: ["tt0265086": 2]
⏰ AppState: Next schedule update set for Event End: 2026-02-01 00:42:34 +0000
⏰ AppState: Scheduling update in 3436 seconds
📈 SocialService: User 96e01cdb-36c0-4228-a6e4-a29a3c66bc8e came online
📊 AppState: Polled participant counts - Active: ["tt0265086": 2]
⏰ AppState: Next schedule update set for Event End: 2026-02-01 00:42:34 +0000
⏰ AppState: Scheduling update in 3425 seconds
📡 [EventsConfig] Checking server for movie_events config version...
📡 [EventsConfig] Checking server for movie_events config version...
✅ [EventsConfig] Fetched movie_events version 1587 with 396 movies
✅ [EventsConfig] Fetched movie_events version 1587 with 396 movies
✅ [EventsConfig] Using cached movie_events config (version 1587, 396 movies)
✅ [EventsConfig] Using cached movie_events config (version 1587, 396 movies)
✅ SocialService: Event event_tt0265086 is JOINABLE (Live or Next Up) - allowing join
✅ SocialService: Event event_tt0265086 is JOINABLE (Live or Next Up) - allowing join
📡 [EventsConfig] Checking server for movie_events config version...
✅ [EventsConfig] Fetched movie_events version 1587 with 396 movies
✅ [EventsConfig] Using cached movie_events config (version 1587, 396 movies)
🎭 Lobby: Connecting to room PYVZ...
🚦 Lobby State: connecting
🔄 Lobby: Fetching fresh room state from Supabase...
[ INFO ] GET /api/metadata/meta/movie/tt29268110 [request-id: 44C3B2D8-2F0A-4C8B-89BE-A0AC4D9419DD]
[ INFO ] GET /api/metadata/meta/movie/tt29268110 [request-id: 7761D1E8-5347-4D84-8378-7D37F291F1D2]
2026-01-31 18:45:37.407 RedLemon[1080:561286] 📝 Realtime: Unregistered observer 'player'
2026-01-31 18:45:37.407 RedLemon[1080:561287] 📝 [PLAYER] Playback State Changed ["state": "Paused"]
2026-01-31 18:45:37.407 RedLemon[1080:561121] 🔐 Signed request to /rpc/upsert_watch_history_item
2026-01-31 18:45:37.538 RedLemon[1080:558597] ✅ Guest joined room PYVZ in database
2026-01-31 18:45:37.566 RedLemon[1080:560661] 📦 Decoded CinemetaMeta - videos count: -1
2026-01-31 18:45:37.664 RedLemon[1080:561286] 📝 Realtime: Registered observer 'lobby' (Presence: YES, Sync: NO, Status: NO)
2026-01-31 18:45:37.670 RedLemon[1080:561286] 📝 Realtime: Registered observer 'lobby' (Presence: NO, Sync: YES, Status: NO)
2026-01-31 18:45:37.672 RedLemon[1080:561286] 📤 Realtime: Sending message type: chat, sender: bb6bcb45-c36d-4267-ab6d-47ac2335f489
2026-01-31 18:45:37.672 RedLemon[1080:561286]    Payload keys: position, chatUsername, type, senderId, timestamp, chatText, subscriptionExpiresAt
2026-01-31 18:45:37.673 RedLemon[1080:561286] ✅ Realtime: Message broadcast complete
2026-01-31 18:45:37.682 RedLemon[1080:561286] 🔐 SupabaseClient: Signing Identity Payload: '1769903137bb6bcb45-c36d-4267-ab6d-47ac2335f489/rpc/room_heartbeat'
2026-01-31 18:45:37.682 RedLemon[1080:561286] 🔐 Signed request to /rpc/room_heartbeat
2026-01-31 18:45:37.795 RedLemon[1080:561122] 📨 Realtime: Received broadcast message
2026-01-31 18:45:37.795 RedLemon[1080:561122]    Payload keys: subscriptionExpiresAt, timestamp, senderId, position, chatUsername, chatText, type
2026-01-31 18:45:37.796 RedLemon[1080:561122] ✅ Realtime: Decoded message type: chat, sender: bb6bcb45-c36d-4267-ab6d-47ac2335f489
2026-01-31 18:45:37.802 RedLemon[1080:558597] 👋 Received: Guest 'giveme' joined room PYVZ
2026-01-31 18:45:37.932 RedLemon[1080:558597] 📨 Lobby: Received Room UPDATE from Realtime
2026-01-31 18:45:38.087 RedLemon[1080:558597] 👋 giveme synced from database
2026-01-31 18:45:39.839 RedLemon[1080:560361] 📨 Realtime: Received broadcast message
2026-01-31 18:45:39.839 RedLemon[1080:560361]    Payload keys: position, chatText, type, chatUsername, timestamp, senderId
2026-01-31 18:45:39.839 RedLemon[1080:560361] ✅ Realtime: Decoded message type: chat, sender: 96e01cdb-36c0-4228-a6e4-a29a3c66bc8e
2026-01-31 18:45:39.839 RedLemon[1080:558597] 🎬 Guest: Received RESOLVING signal
2026-01-31 18:45:42.543 RedLemon[1080:561287] 🔐 Signed request to /rpc/user_heartbeat
2026-01-31 18:45:42.949 RedLemon[1080:558597] 📨 Lobby: Received Room UPDATE from Realtime
2026-01-31 18:45:42.952 RedLemon[1080:561287] 📨 Realtime: Received broadcast message
2026-01-31 18:45:42.953 RedLemon[1080:561287]    Payload keys: position, type, senderId, chatUsername, chatText, timestamp
2026-01-31 18:45:42.953 RedLemon[1080:561287] ✅ Realtime: Decoded message type: chat, sender: 96e01cdb-36c0-4228-a6e4-a29a3c66bc8e
2026-01-31 18:45:42.953 RedLemon[1080:558597] 🎬 Guest: Received PREPARE signal: LOBBY_PREPARE_PLAYBACK|e9c6725c74e4549b7bb4dc722419459814615c5a|0|Smile.2.2024.1080p.AMZN.WEB-DL.DDP5.1.Atmos.H.264-FLUX.mkv|1080p|0 GB|verified
2026-01-31 18:45:42.953 RedLemon[1080:558597] ✅ Guest: Extracted Hash from Payload: e9c6725c74e4549b7bb4dc722419459814615c5a
2026-01-31 18:45:42.954 RedLemon[1080:558597] ✅ Guest: Extracted Title fallback: Smile.2.2024.1080p.AMZN.WEB-DL.DDP5.1.Atmos.H.264-FLUX.mkv (1080p)
2026-01-31 18:45:42.954 RedLemon[1080:558597] ✅ Guest: Extracted Identity info: Size=0 GB, Provider=verified
2026-01-31 18:45:43.079 RedLemon[1080:558597] ✅ Guest: Synced host metadata to Room State: Hash=e9c6725c74e4549b7bb4dc722419459814615c5a, Title=Smile.2.2024.1080p.AMZN.WEB-DL.DDP5.1.Atmos.H.264-FLUX.mkv, Provider=verified
2026-01-31 18:45:43.104 RedLemon[1080:558597] 🚀 PlayerVM: Preload - Using DIRECT UNLOCK path (Guest Optimization)
📡 SocialService: Updated status - In Lobby: Smile 2: Smile 2
MPVWrapper: destroy() called - cleaning up...
MPVWrapper: cleanup complete
MPVWrapper: Terminating MPV instance (background)...
MPVWrapper: MPV instance destroyed
✅ Lobby: Synced CLEAN stream info, metadata & playlist to AppState
✅ Lobby: Loaded metadata for Smile 2
💾 Cache SET: Metadata[meta_movie_tt29268110]
✅ Lobby: Refreshed room state. isPlaying: false
🛡️ Lobby: Ensuring local media state is fresh before auto-start check...
🔌 Setting up Realtime channel: watch-party:PYVZ
   Role: Guest
   User ID: bb6bcb45-c36d-4267-ab6d-47ac2335f489
📡 Connection state: connected
📡 Connection state: connecting
📡 Joined channel: realtime:watch-party:PYVZ (interest count: 1)
📡 Connection state: connected
✅ Realtime channel setup complete
✅ Lobby: Connected to Realtime
🚦 Lobby State: connected
🔄 Lobby: Starting database polling for participants and room state...
💓 Lobby: Starting heartbeat loop...
🔄 LobbyDatabase: Starting room state polling for guests...
🔄 Lobby: Fetching fresh room state from Supabase...
✅ Lobby: Synced CLEAN stream info, metadata & playlist to AppState
📊 AppState: Polled participant counts - Active: ["tt0265086": 2]
⏰ AppState: Next schedule update set for Event End: 2026-02-01 00:42:34 +0000
⏰ AppState: Scheduling update in 3416 seconds
🔄 Lobby: Fetching fresh room state from Supabase...
✅ Cache HIT: Metadata[meta_movie_tt29268110]
✅ Lobby: Synced CLEAN stream info, metadata & playlist to AppState
🛡️ StreamService: Using 'Purge Strategy' for fresh RD link (Watch Party Guest)
🔓 StreamService: Unlocking with infoHash: e9c6725c74e4...
[ INFO ] POST /api/streams/unlock [request-id: 58EACADC-5838-4E54-ACA9-75CDED4B1956]
2026-01-31 18:45:43.115 RedLemon[1080:560661] 🔓 Unlock request: infoHash=e9c6725c74e4..., fileIdx=0
2026-01-31 18:45:43.115 RedLemon[1080:560661] 🛡️ Using Purge Strategy (watch party guest - IP-locked URL fix)
2026-01-31 18:45:43.115 RedLemon[1080:560661] ✅ Token found, attempting unlock...
2026-01-31 18:45:45.473 RedLemon[1080:561121] ✅ Unlocked successfully: Smile.2.2024.1080p.AMZN.WEB-DL.DDP5.1.Atmos.H.264-FLUX.mkv
2026-01-31 18:45:45.475 RedLemon[1080:561121] 📝 [RESOLVER] Stream Unlocked ["filename": "Smile.2.2024.1080p.AMZN.WEB-DL.DDP5.1.Atmos.H.264-FLUX.mkv", "is_generic": "false", "original_title": "Smile.2.2024.1080p.AMZN.WEB-DL.DDP5.1.Atmos.H.264-FLUX.mkv", "url_host": "chi1-4.download.real-debrid.com"]
2026-01-31 18:45:45.475 RedLemon[1080:558597] ✅ Guest: Stream preloaded with URL: https://chi1-4.download.real-debrid.com/d/4NCTKXZ45WUWQ21/Smile.2.2024.1080p.AMZ
2026-01-31 18:45:45.475 RedLemon[1080:558597] ✅ Guest: Stream preloaded. Sending READY signal.
2026-01-31 18:45:45.475 RedLemon[1080:561121] 📤 Realtime: Sending message type: chat, sender: bb6bcb45-c36d-4267-ab6d-47ac2335f489
2026-01-31 18:45:45.475 RedLemon[1080:561121]    Payload keys: position, chatText, type, timestamp, chatUsername, senderId
2026-01-31 18:45:45.476 RedLemon[1080:561121] ✅ Realtime: Message broadcast complete
2026-01-31 18:45:45.592 RedLemon[1080:560164] 📨 Realtime: Received broadcast message
2026-01-31 18:45:45.592 RedLemon[1080:560164]    Payload keys: timestamp, type, senderId, chatUsername, chatText, position
2026-01-31 18:45:45.592 RedLemon[1080:560164] ✅ Realtime: Decoded message type: chat, sender: bb6bcb45-c36d-4267-ab6d-47ac2335f489
2026-01-31 18:45:46.156 RedLemon[1080:560361] 📨 Realtime: Received broadcast message
2026-01-31 18:45:46.156 RedLemon[1080:560361]    Payload keys: position, chatText, type, timestamp, chatUsername, senderId
2026-01-31 18:45:46.156 RedLemon[1080:560361] ✅ Realtime: Decoded message type: chat, sender: 96e01cdb-36c0-4228-a6e4-a29a3c66bc8e
2026-01-31 18:45:46.157 RedLemon[1080:558597] 🎬 Guest: Received LOBBY_START_COUNTDOWN signal
2026-01-31 18:45:46.157 RedLemon[1080:558597] 🎬 Guest: Received LOBBY_START_COUNTDOWN signal processing
2026-01-31 18:45:46.285 RedLemon[1080:558597] ✅ Guest: Synced stream info from Host (Hash: e9c6725c) - URL cleared for fresh unlock
2026-01-31 18:45:46.285 RedLemon[1080:558597] 🛡️ Guest: preResolvedStream cleared to force fresh RD link
2026-01-31 18:45:46.301 RedLemon[1080:558597] ⏱️ Step 3: Artificial Delay - Waiting additional 3.11s to ensure Host buffer...
2026-01-31 18:45:46.314 RedLemon[1080:558597] 🗑️ Guest: RD cache cleared for hash: e9c6725c...
2026-01-31 18:45:46.410 RedLemon[1080:558597] 📨 Lobby: Received Room UPDATE from Realtime
2026-01-31 18:45:49.337 RedLemon[1080:560164] 📨 Realtime: Received broadcast message
2026-01-31 18:45:49.337 RedLemon[1080:560164]    Payload keys: position, chatUsername, senderId, timestamp, type, chatText
2026-01-31 18:45:49.337 RedLemon[1080:560164] ✅ Realtime: Decoded message type: chat, sender: 96e01cdb-36c0-4228-a6e4-a29a3c66bc8e
2026-01-31 18:45:49.338 RedLemon[1080:558597] 🎬 Guest: Launching player for Smile 2 (Synced Start: Hash=e9c6725c74e4549b7bb4dc722419459814615c5a, Title=Smile.2.2024.1080p.AMZN.WEB-DL.DDP5.1.Atmos.H.264-FLUX.mkv, Provider=verified)
2026-01-31 18:45:49.338 RedLemon[1080:558597] 🤝 PlayerVM: Watch Party playback started. Preserving lobby session for handoff: PYVZ
2026-01-31 18:45:49.339 RedLemon[1080:558597] 📡 Fetching metadata for tt29268110...
2026-01-31 18:45:49.380 RedLemon[1080:558597] 🎬 Guest: Fetch took 0.143s, finished countdown loop
2026-01-31 18:45:49.381 RedLemon[1080:558597] 🎬 PlayerVM: Using Playlist Metadata: S0E0
2026-01-31 18:45:49.381 RedLemon[1080:558597] 🚀 PlayerVM: Using DIRECT UNLOCK path (Guest Optimization)
2026-01-31 18:45:49.381 RedLemon[1080:558597]    Hash: e9c6725c74e4...
2026-01-31 18:45:49.388 RedLemon[1080:558597] 🗑️ PlayerVM: RD cache cleared for direct unlock
🛡️ RD: Force Fresh requested - purging existing torrents for has e9c6725c...
🗑️ RD: Found 3 existing torrents for hash e9c6725c. Deleting...
🗑️ RD: Deleted torrent ESVO63AF5MLOG
🗑️ RD: Deleted torrent A2CT4MPDXQEYO
🗑️ RD: Deleted torrent CJMZXAGH6SLUK
✅ RD: Purge complete.
✅ RD addMagnet: Q3UTFKD6IOCIM
🎬 Movie: Found matching file for title 'Smile 2': /Smile.2.2024.1080p.AMZN.WEB-DL.DDP5.1.Atmos.H.264-FLUX.mkv
📝 RD: Selecting file ID 1 for torrent Q3UTFKD6IOCIM
📊 RD poll 1/2: status=downloaded, links=1
🔗 Unrestricting link: https://real-debrid.com/d/NETLUDXLUFO26978
🛡️ Lobby: Auto-Join safety delay passed (8s). Enabled for late joiners.
✅ StreamService: Stream unlocked successfully!
📝 Guest: Marked session as started (Idempotency Lock): e9c6725c
🗑️ RD cache cleared for hash: e9c6725c74e4... (1 entries)
🔄 Lobby: Fetching fresh room state from Supabase...
✅ Lobby: Synced CLEAN stream info, metadata & playlist to AppState
📊 AppState: Polled participant counts - Active: ["tt0265086": 2]
⏰ AppState: Next schedule update set for Event End: 2026-02-01 00:42:34 +0000
⏰ AppState: Scheduling update in 3406 seconds
✅ Cache HIT: Metadata[meta_movie_tt29268110]
🔓 StreamService: Unlocking with infoHash: e9c6725c74e4...
[ INFO ] POST /api/streams/unlock [request-id: 975F7940-4A61-4012-BA8C-1D25A3CAF848]
2026-01-31 18:45:49.389 RedLemon[1080:561288] 🔓 Unlock request: infoHash=e9c6725c74e4..., fileIdx=0
2026-01-31 18:45:49.389 RedLemon[1080:561288] ✅ Token found, attempting unlock...
2026-01-31 18:45:49.503 RedLemon[1080:558597] 🎬 Guest: Countdown finished. Waiting for Host PLAYBACK_STARTED signal...
2026-01-31 18:45:50.582 RedLemon[1080:560361] ✅ Unlocked successfully: Smile.2.2024.1080p.AMZN.WEB-DL.DDP5.1.Atmos.H.264-FLUX.mkv
2026-01-31 18:45:50.584 RedLemon[1080:561288] 📝 [RESOLVER] Stream Unlocked ["filename": "Smile.2.2024.1080p.AMZN.WEB-DL.DDP5.1.Atmos.H.264-FLUX.mkv", "is_generic": "false", "original_title": "Shared Stream (Direct)", "url_host": "chi1-4.download.real-debrid.com"]
2026-01-31 18:45:50.584 RedLemon[1080:558597] ✅ PlayerVM: Direct unlock succeeded! URL: https://chi1-4.download.real-debrid.com/d/4NCTKXZ45WUWQ21/Sm
✅ RD addMagnet: RRS6HCLWYSBHI
🎬 Movie: Found matching file for title 'Smile 2': /Smile.2.2024.1080p.AMZN.WEB-DL.DDP5.1.Atmos.H.264-FLUX.mkv
📝 RD: Selecting file ID 1 for torrent RRS6HCLWYSBHI
📊 RD poll 1/2: status=downloaded, links=1
🔗 Unrestricting link: https://real-debrid.com/d/NETLUDXLUFO26978
✅ StreamService: Stream unlocked successfully!
[ INFO ] GET /subtitles/search [request-id: 8E73D37A-5A13-4543-BA00-F5EC6D27A9EE]
[ WARNING ] Abort.503: SubDL API key missing [request-id: 8E73D37A-5A13-4543-BA00-F5EC6D27A9EE]
2026-01-31 18:45:50.601 RedLemon[1080:558597] ⚠️ Direct Unlock: Subtitle search failed: Server error with status code: 503
2026-01-31 18:45:50.601 RedLemon[1080:558597] ✅ Stream ready, starting playback...
2026-01-31 18:45:50.608 RedLemon[1080:558597] 🛡️ MPVWrapper: Build Version: 2026-01-28-PRESENCE-FIX-v3
2026-01-31 18:45:50.632 RedLemon[1080:558597] 🎬 MPVPlayerViewModel: Starting watch party: roomId=PYVZ, isHost=false
2026-01-31 18:45:50.636 RedLemon[1080:558597] 🛡️ Transition Sync: Processing 2 participants from AppState
2026-01-31 18:45:50.636 RedLemon[1080:558597] 🛡️ Transition Sync: Marked 2 users as transitioning (120s window)
2026-01-31 18:45:50.636 RedLemon[1080:558597] 🛡️ Transition Sync: Inherited 1 refs and marked announced for user 96e01cdb-36c0-4228-a6e4-a29a3c66bc8e
2026-01-31 18:45:50.636 RedLemon[1080:558597] 🛡️ Transition Sync: Inherited 1 refs and marked announced for user bb6bcb45-c36d-4267-ab6d-47ac2335f489
2026-01-31 18:45:50.636 RedLemon[1080:560164] 📝 Realtime: Registered observer 'player' (Presence: YES, Sync: NO, Status: NO)
2026-01-31 18:45:50.643 RedLemon[1080:560661] 📝 Realtime: Unregistered observer 'lobby'
2026-01-31 18:45:50.643 RedLemon[1080:560661] 📝 Realtime: Unregistered observer 'lobby'
2026-01-31 18:45:50.644 RedLemon[1080:560661] 📝 Realtime: Registered observer 'player' (Presence: NO, Sync: YES, Status: NO)
2026-01-31 18:45:50.673 RedLemon[1080:560164] 📝 [PLAYER] Load Video (Smart) ["url": "https://chi1-4.download.real-debrid.com/d/4NCTKXZ45WUWQ21/Smile.2.2024.1080p.AMZN.WEB-DL.DDP5.1.Atmos.H.264-FLUX.mkv"]
2026-01-31 18:45:50.690 RedLemon[1080:560361] 📝 [PLAYER] Resumed
2026-01-31 18:45:50.690 RedLemon[1080:558597] [VIDEO_READY] isEvent: false, eventStartTime: nil
2026-01-31 18:45:50.693 RedLemon[1080:560361] 📝 [PLAYER] Playback State Changed ["state": "Playing"]
2026-01-31 18:45:50.693 RedLemon[1080:560361] 📝 [PLAYER] Buffering Started
2026-01-31 18:45:50.698 RedLemon[1080:561121] 📝 [PLAYER] Paused
2026-01-31 18:45:50.700 RedLemon[1080:560164] 📝 [PLAYER] Playback State Changed ["state": "Paused"]
2026-01-31 18:45:50.945 RedLemon[1080:558597] 📨 Lobby: Received Room UPDATE from Realtime
2026-01-31 18:45:51.690 RedLemon[1080:561122] 🔐 SupabaseClient: Signing Identity Payload: '1769903151bb6bcb45-c36d-4267-ab6d-47ac2335f489/rpc/room_heartbeat'
2026-01-31 18:45:51.691 RedLemon[1080:561122] 🔐 Signed request to /rpc/room_heartbeat
2026-01-31 18:45:51.729 RedLemon[1080:561121] 📨 Realtime: Received broadcast message
2026-01-31 18:45:51.730 RedLemon[1080:561121]    Payload keys: isPlaying, type, position, timestamp, senderId
2026-01-31 18:45:51.730 RedLemon[1080:561121] ✅ Realtime: Decoded message type: playbackState, sender: 96E01CDB-36C0-4228-A6E4-A29A3C66BC8E
2026-01-31 18:45:51.730 RedLemon[1080:558597] 🛡️ Presence: User 96e01cdb-36c0-4228-a6e4-a29a3c66bc8e confirmed in Player via playbackState - Removing transition protection
2026-01-31 18:45:51.871 RedLemon[1080:558597] 📨 Lobby: Received Room UPDATE from Realtime
2026-01-31 18:45:54.201 RedLemon[1080:561122] 📨 Realtime: Received broadcast message
2026-01-31 18:45:54.201 RedLemon[1080:561122]    Payload keys: senderId, timestamp, type, isPlaying, position
2026-01-31 18:45:54.202 RedLemon[1080:561122] ✅ Realtime: Decoded message type: ready, sender: 96e01cdb-36c0-4228-a6e4-a29a3c66bc8e
2026-01-31 18:45:54.356 RedLemon[1080:560164] 📨 Realtime: Received broadcast message
2026-01-31 18:45:54.356 RedLemon[1080:560164]    Payload keys: timestamp, senderId, type, isPlaying, position
2026-01-31 18:45:54.357 RedLemon[1080:560164] ✅ Realtime: Decoded message type: playbackState, sender: 96E01CDB-36C0-4228-A6E4-A29A3C66BC8E
2026-01-31 18:45:55.474 RedLemon[1080:560361] 📝 [PLAYER] File Loaded ["duration": "7758.251"]
2026-01-31 18:45:55.485 RedLemon[1080:560361] 📝 [PLAYER] Playback State Changed ["state": "Playing"]
2026-01-31 18:45:55.743 RedLemon[1080:561122] 📨 Realtime: Received broadcast message
2026-01-31 18:45:55.743 RedLemon[1080:561122]    Payload keys: type, isPlaying, timestamp, position, senderId
2026-01-31 18:45:55.743 RedLemon[1080:561122] ✅ Realtime: Decoded message type: playbackState, sender: 96E01CDB-36C0-4228-A6E4-A29A3C66BC8E
2026-01-31 18:45:57.630 RedLemon[1080:560361] 📤 Realtime: Sending message type: ready, sender: bb6bcb45-c36d-4267-ab6d-47ac2335f489
2026-01-31 18:45:57.631 RedLemon[1080:560361]    Payload keys: timestamp, senderId, type, isPlaying, position
2026-01-31 18:45:57.631 RedLemon[1080:560361] ✅ Realtime: Message broadcast complete
2026-01-31 18:45:57.639 RedLemon[1080:560164] 📝 [PLAYER] Playback State Changed ["state": "Paused"]
2026-01-31 18:45:57.730 RedLemon[1080:561122] 📨 Realtime: Received broadcast message
2026-01-31 18:45:57.731 RedLemon[1080:561122]    Payload keys: type, timestamp, isPlaying, senderId, position
2026-01-31 18:45:57.731 RedLemon[1080:561122] ✅ Realtime: Decoded message type: playbackState, sender: 96E01CDB-36C0-4228-A6E4-A29A3C66BC8E
2026-01-31 18:45:57.749 RedLemon[1080:561122] 📨 Realtime: Received broadcast message
2026-01-31 18:45:57.749 RedLemon[1080:561122]    Payload keys: isPlaying, type, position, timestamp, senderId
2026-01-31 18:45:57.749 RedLemon[1080:561122] ✅ Realtime: Decoded message type: ready, sender: bb6bcb45-c36d-4267-ab6d-47ac2335f489
2026-01-31 18:45:57.749 RedLemon[1080:558597] 🛡️ Presence: User bb6bcb45-c36d-4267-ab6d-47ac2335f489 confirmed in Player via ready - Removing transition protection
2026-01-31 18:45:59.048 RedLemon[1080:560361] 📨 Realtime: Received broadcast message
2026-01-31 18:45:59.048 RedLemon[1080:560361]    Payload keys: type, timestamp, isPlaying, senderId, position
2026-01-31 18:45:59.049 RedLemon[1080:560361] ✅ Realtime: Decoded message type: play, sender: 96e01cdb-36c0-4228-a6e4-a29a3c66bc8e
2026-01-31 18:45:59.072 RedLemon[1080:561288] 📝 [PLAYER] Playback State Changed ["state": "Playing"]
2026-01-31 18:45:59.974 RedLemon[1080:561122] 📨 Realtime: Received broadcast message
2026-01-31 18:45:59.974 RedLemon[1080:561122]    Payload keys: senderId, timestamp, type, isPlaying, position
2026-01-31 18:45:59.975 RedLemon[1080:561122] ✅ Realtime: Decoded message type: playbackState, sender: 96E01CDB-36C0-4228-A6E4-A29A3C66BC8E
2026-01-31 18:46:00.159 RedLemon[1080:558597] 📨 Lobby: Received Room UPDATE from Realtime
2026-01-31 18:46:01.742 RedLemon[1080:560361] 📨 Realtime: Received broadcast message
2026-01-31 18:46:01.742 RedLemon[1080:560361]    Payload keys: type, isPlaying, timestamp, position, senderId
2026-01-31 18:46:01.743 RedLemon[1080:560361] ✅ Realtime: Decoded message type: playbackState, sender: 96E01CDB-36C0-4228-A6E4-A29A3C66BC8E
2026-01-31 18:46:03.823 RedLemon[1080:560361] 📨 Realtime: Received broadcast message
2026-01-31 18:46:03.823 RedLemon[1080:560361]    Payload keys: isPlaying, type, position, timestamp, senderId
2026-01-31 18:46:03.824 RedLemon[1080:560361] ✅ Realtime: Decoded message type: playbackState, sender: 96E01CDB-36C0-4228-A6E4-A29A3C66BC8E
2026-01-31 18:46:05.829 RedLemon[1080:560164] 📨 Realtime: Received broadcast message
2026-01-31 18:46:05.829 RedLemon[1080:560164]    Payload keys: isPlaying, type, position, timestamp, senderId
2026-01-31 18:46:05.829 RedLemon[1080:560164] ✅ Realtime: Decoded message type: playbackState, sender: 96E01CDB-36C0-4228-A6E4-A29A3C66BC8E
2026-01-31 18:46:07.815 RedLemon[1080:561288] 🔐 Signed request to /rpc/user_heartbeat
2026-01-31 18:46:07.831 RedLemon[1080:560361] 📨 Realtime: Received broadcast message
2026-01-31 18:46:07.831 RedLemon[1080:560361]    Payload keys: position, senderId, isPlaying, type, timestamp
2026-01-31 18:46:07.831 RedLemon[1080:560361] ✅ Realtime: Decoded message type: playbackState, sender: 96E01CDB-36C0-4228-A6E4-A29A3C66BC8E
2026-01-31 18:46:09.832 RedLemon[1080:561539] 📨 Realtime: Received broadcast message
2026-01-31 18:46:09.832 RedLemon[1080:561539]    Payload keys: senderId, timestamp, type, isPlaying, position
2026-01-31 18:46:09.832 RedLemon[1080:561539] ✅ Realtime: Decoded message type: playbackState, sender: 96E01CDB-36C0-4228-A6E4-A29A3C66BC8E
2026-01-31 18:46:10.095 RedLemon[1080:558597] 📨 Lobby: Received Room UPDATE from Realtime
2026-01-31 18:46:11.837 RedLemon[1080:561288] 📨 Realtime: Received broadcast message
2026-01-31 18:46:11.837 RedLemon[1080:561288]    Payload keys: isPlaying, position, timestamp, senderId, type
2026-01-31 18:46:11.838 RedLemon[1080:561288] ✅ Realtime: Decoded message type: playbackState, sender: 96E01CDB-36C0-4228-A6E4-A29A3C66BC8E
2026-01-31 18:46:12.899 RedLemon[1080:560661] 🔐 SupabaseClient: Signing Identity Payload: '1769903172bb6bcb45-c36d-4267-ab6d-47ac2335f489/rpc/room_heartbeat'
2026-01-31 18:46:12.899 RedLemon[1080:560661] 🔐 Signed request to /rpc/room_heartbeat
2026-01-31 18:46:13.161 RedLemon[1080:558597] 📨 Lobby: Received Room UPDATE from Realtime
2026-01-31 18:46:13.843 RedLemon[1080:560661] 📨 Realtime: Received broadcast message
2026-01-31 18:46:13.843 RedLemon[1080:560661]    Payload keys: senderId, type, timestamp, position, isPlaying
2026-01-31 18:46:13.843 RedLemon[1080:560661] ✅ Realtime: Decoded message type: playbackState, sender: 96E01CDB-36C0-4228-A6E4-A29A3C66BC8E
2026-01-31 18:46:15.841 RedLemon[1080:560361] 📨 Realtime: Received broadcast message
2026-01-31 18:46:15.841 RedLemon[1080:560361]    Payload keys: senderId, isPlaying, type, position, timestamp
2026-01-31 18:46:15.841 RedLemon[1080:560361] ✅ Realtime: Decoded message type: playbackState, sender: 96E01CDB-36C0-4228-A6E4-A29A3C66BC8E
2026-01-31 18:46:17.902 RedLemon[1080:561288] 📨 Realtime: Received broadcast message
2026-01-31 18:46:17.902 RedLemon[1080:561288]    Payload keys: type, position, isPlaying, senderId, timestamp
2026-01-31 18:46:17.903 RedLemon[1080:561288] ✅ Realtime: Decoded message type: playbackState, sender: 96E01CDB-36C0-4228-A6E4-A29A3C66BC8E
2026-01-31 18:46:19.838 RedLemon[1080:561539] 📨 Realtime: Received broadcast message
2026-01-31 18:46:19.838 RedLemon[1080:561539]    Payload keys: type, isPlaying, position, senderId, timestamp
2026-01-31 18:46:19.838 RedLemon[1080:561539] ✅ Realtime: Decoded message type: playbackState, sender: 96E01CDB-36C0-4228-A6E4-A29A3C66BC8E
2026-01-31 18:46:21.803 RedLemon[1080:560661] 📨 Realtime: Received broadcast message
2026-01-31 18:46:21.803 RedLemon[1080:560661]    Payload keys: isPlaying, position, timestamp, senderId, type
2026-01-31 18:46:21.803 RedLemon[1080:560661] ✅ Realtime: Decoded message type: playbackState, sender: 96E01CDB-36C0-4228-A6E4-A29A3C66BC8E
2026-01-31 18:46:22.928 RedLemon[1080:558597] 📨 Lobby: Received Room UPDATE from Realtime
2026-01-31 18:46:22.928 RedLemon[1080:558597] 📨 Lobby: Received Room UPDATE from Realtime
2026-01-31 18:46:22.929 RedLemon[1080:561288] 🔐 SupabaseClient: Signing Identity Payload: '1769903182bb6bcb45-c36d-4267-ab6d-47ac2335f489/rpc/room_heartbeat'
2026-01-31 18:46:22.929 RedLemon[1080:561288] 🔐 Signed request to /rpc/room_heartbeat
2026-01-31 18:46:23.209 RedLemon[1080:558597] 📨 Lobby: Received Room UPDATE from Realtime
2026-01-31 18:46:23.891 RedLemon[1080:561539] 📨 Realtime: Received broadcast message
2026-01-31 18:46:23.891 RedLemon[1080:561539]    Payload keys: senderId, type, timestamp, position, isPlaying
2026-01-31 18:46:23.891 RedLemon[1080:561539] ✅ Realtime: Decoded message type: playbackState, sender: 96E01CDB-36C0-4228-A6E4-A29A3C66BC8E
2026-01-31 18:46:25.848 RedLemon[1080:561923] 📨 Realtime: Received broadcast message
2026-01-31 18:46:25.848 RedLemon[1080:561923]    Payload keys: senderId, type, timestamp, isPlaying, position
2026-01-31 18:46:25.848 RedLemon[1080:561923] ✅ Realtime: Decoded message type: playbackState, sender: 96E01CDB-36C0-4228-A6E4-A29A3C66BC8E
2026-01-31 18:46:28.089 RedLemon[1080:558597] 📨 Lobby: Received Room UPDATE from Realtime
2026-01-31 18:46:28.163 RedLemon[1080:560661] 📨 Realtime: Received broadcast message
2026-01-31 18:46:28.163 RedLemon[1080:560661]    Payload keys: isPlaying, senderId, type, timestamp, position
2026-01-31 18:46:28.163 RedLemon[1080:560661] ✅ Realtime: Decoded message type: returnToLobby, sender: 96e01cdb-36c0-4228-a6e4-a29a3c66bc8e
2026-01-31 18:46:28.223 RedLemon[1080:560661] 📝 [PLAYER] Playback State Changed ["state": "Paused"]
2026-01-31 18:46:29.250 RedLemon[1080:561121] 📝 Realtime: Unregistered observer 'player'
2026-01-31 18:46:29.902 RedLemon[1080:558597] 🔑 Lobby: Updated participantId to actual user ID: bb6bcb45-c36d-4267-ab6d-47ac2335f489
2026-01-31 18:46:29.917 RedLemon[1080:558597] [LOBBY_VIEW] onAppear: shouldAutoJoinLobby=false, room=PYVZ, timeUntilStart=0
2026-01-31 18:46:29.941 RedLemon[1080:561288] 🔐 Signed request to /room_participants
2026-01-31 18:46:30.081 RedLemon[1080:558597] ✅ Guest joined room PYVZ in database
2026-01-31 18:46:30.201 RedLemon[1080:558597] ℹ️ RealtimeChannelManager: Already setup for room PYVZ, filtering duplicate setup call.
2026-01-31 18:46:30.211 RedLemon[1080:560661] 📝 Realtime: Registered observer 'lobby' (Presence: NO, Sync: YES, Status: NO)
2026-01-31 18:46:30.215 RedLemon[1080:558597] 📨 Lobby: Received Room UPDATE from Realtime
2026-01-31 18:46:30.215 RedLemon[1080:560661] 📤 Realtime: Sending message type: chat, sender: bb6bcb45-c36d-4267-ab6d-47ac2335f489
2026-01-31 18:46:30.215 RedLemon[1080:560661]    Payload keys: senderId, timestamp, chatText, type, chatUsername, subscriptionExpiresAt, position
2026-01-31 18:46:30.215 RedLemon[1080:561539] ✅ Realtime: Message broadcast complete
2026-01-31 18:46:30.235 RedLemon[1080:561539] 🔐 SupabaseClient: Signing Identity Payload: '1769903190bb6bcb45-c36d-4267-ab6d-47ac2335f489/rpc/room_heartbeat'
2026-01-31 18:46:30.235 RedLemon[1080:561539] 🔐 Signed request to /rpc/room_heartbeat
2026-01-31 18:46:30.333 RedLemon[1080:561288] 📨 Realtime: Received broadcast message
2026-01-31 18:46:30.333 RedLemon[1080:561288]    Payload keys: senderId, timestamp, type, subscriptionExpiresAt, chatUsername, chatText, position
2026-01-31 18:46:30.333 RedLemon[1080:561288] ✅ Realtime: Decoded message type: chat, sender: bb6bcb45-c36d-4267-ab6d-47ac2335f489
2026-01-31 18:46:30.334 RedLemon[1080:558597] 👋 Received: Guest 'giveme' joined room PYVZ
2026-01-31 18:46:30.478 RedLemon[1080:558597] 📨 Lobby: Received Room UPDATE from Realtime
2026-01-31 18:46:31.418 RedLemon[1080:561288] 📨 Realtime: Received broadcast message
2026-01-31 18:46:31.418 RedLemon[1080:561288]    Payload keys: position, type, senderId, chatUsername, chatText, timestamp
2026-01-31 18:46:31.419 RedLemon[1080:561288] ✅ Realtime: Decoded message type: chat, sender: 96e01cdb-36c0-4228-a6e4-a29a3c66bc8e
2026-01-31 18:46:31.419 RedLemon[1080:558597] 🎬 Guest: Received RESOLVING signal
2026-01-31 18:46:32.238 RedLemon[1080:558597] 📨 Lobby: Received Room UPDATE from Realtime
2026-01-31 18:46:32.246 RedLemon[1080:561288] 📨 Realtime: Received broadcast message
2026-01-31 18:46:32.246 RedLemon[1080:561288]    Payload keys: chatUsername, position, chatText, senderId, type, timestamp
2026-01-31 18:46:32.246 RedLemon[1080:561288] ✅ Realtime: Decoded message type: chat, sender: 96e01cdb-36c0-4228-a6e4-a29a3c66bc8e
2026-01-31 18:46:32.246 RedLemon[1080:558597] 🎬 Guest: Received PREPARE signal: LOBBY_PREPARE_PLAYBACK|e9c6725c74e4549b7bb4dc722419459814615c5a|0|Smile.2.2024.1080p.AMZN.WEB-DL.DDP5.1.Atmos.H.264-FLUX.mkv|1080p|0 GB|verified
2026-01-31 18:46:32.247 RedLemon[1080:558597] ✅ Guest: Extracted Hash from Payload: e9c6725c74e4549b7bb4dc722419459814615c5a
2026-01-31 18:46:32.247 RedLemon[1080:558597] ✅ Guest: Extracted Title fallback: Smile.2.2024.1080p.AMZN.WEB-DL.DDP5.1.Atmos.H.264-FLUX.mkv (1080p)
2026-01-31 18:46:32.247 RedLemon[1080:558597] ✅ Guest: Extracted Identity info: Size=0 GB, Provider=verified
2026-01-31 18:46:32.384 RedLemon[1080:558597] ✅ Guest: Synced host metadata to Room State: Hash=e9c6725c74e4549b7bb4dc722419459814615c5a, Title=Smile.2.2024.1080p.AMZN.WEB-DL.DDP5.1.Atmos.H.264-FLUX.mkv, Provider=verified
2026-01-31 18:46:32.401 RedLemon[1080:558597] 🚀 PlayerVM: Preload - Using DIRECT UNLOCK path (Guest Optimization)
❌ Subtitle search failed: {"error":true,"reason":"SubDL API key missing"}
!!! MPVWrapper initialized - Build Version: 2026-01-28-PRESENCE-FIX-v3 !!!
ℹ️ RealtimeChannelManager: Already setup for room PYVZ, filtering duplicate setup call.
📡 Connection state: connected
✅ Cache HIT: Metadata[meta_movie_tt29268110]
MPVWrapper: deinit
MPVWrapper: destroy() called - cleaning up...
MPVWrapper: cleanup complete
📡 SocialService: Updated status - online: Smile 2
⏰ AppState: Next schedule update set for Event End: 2026-02-01 00:42:34 +0000
⏰ AppState: Scheduling update in 3404 seconds
🔄 Lobby: Fetching fresh room state from Supabase...
✅ Lobby: Synced CLEAN stream info, metadata & playlist to AppState
🔄 Lobby: Fetching fresh room state from Supabase...
✅ Lobby: Synced CLEAN stream info, metadata & playlist to AppState
📡 [EventsConfig] Checking server for movie_events config version...
✅ [EventsConfig] Fetched movie_events version 1587 with 396 movies
✅ [EventsConfig] Using cached movie_events config (version 1587, 396 movies)
📊 AppState: Polled participant counts - Active: ["tt0265086": 2]
⏰ AppState: Next schedule update set for Event End: 2026-02-01 00:42:34 +0000
⏰ AppState: Scheduling update in 3396 seconds
📡 [EventsConfig] Checking server for movie_events config version...
📡 [EventsConfig] Checking server for movie_events config version...
✅ [EventsConfig] Fetched movie_events version 1587 with 396 movies
✅ [EventsConfig] Using cached movie_events config (version 1587, 396 movies)
🔄 Lobby: Fetching fresh room state from Supabase...
✅ SocialService: Event event_tt0265086 is JOINABLE (Live or Next Up) - allowing join
✅ [EventsConfig] Fetched movie_events version 1587 with 396 movies
✅ [EventsConfig] Using cached movie_events config (version 1587, 396 movies)
✅ SocialService: Event event_tt0265086 is JOINABLE (Live or Next Up) - allowing join
✅ Lobby: Synced CLEAN stream info, metadata & playlist to AppState
📊 AppState: Polled participant counts - Active: ["tt0265086": 2]
⏰ AppState: Next schedule update set for Event End: 2026-02-01 00:42:34 +0000
⏰ AppState: Scheduling update in 3386 seconds
🔄 Lobby: Fetching fresh room state from Supabase...
✅ Lobby: Synced CLEAN stream info, metadata & playlist to AppState
🔄 Lobby: Fetching fresh room state from Supabase...
✅ Lobby: Synced CLEAN stream info, metadata & playlist to AppState
🔄 Lobby: Fetching fresh room state from Supabase...
🔄 Lobby: Fetching fresh room state from Supabase...
📊 AppState: Polled participant counts - Active: ["tt0265086": 2]
⏰ AppState: Next schedule update set for Event End: 2026-02-01 00:42:34 +0000
⏰ AppState: Scheduling update in 3371 seconds
🔄 Lobby: Fetching fresh room state from Supabase...
✅ Lobby: Synced CLEAN stream info, metadata & playlist to AppState
✅ Lobby: Synced CLEAN stream info, metadata & playlist to AppState
✅ Lobby: Synced CLEAN stream info, metadata & playlist to AppState
📡 [EventsConfig] Checking server for movie_events config version...
📡 [EventsConfig] Checking server for movie_events config version...
✅ [EventsConfig] Fetched movie_events version 1587 with 396 movies
✅ [EventsConfig] Fetched movie_events version 1587 with 396 movies
✅ [EventsConfig] Using cached movie_events config (version 1587, 396 movies)
✅ [EventsConfig] Using cached movie_events config (version 1587, 396 movies)
✅ SocialService: Event event_tt0265086 is JOINABLE (Live or Next Up) - allowing join
✅ SocialService: Event event_tt0265086 is JOINABLE (Live or Next Up) - allowing join
🔄 Lobby: Fetching fresh room state from Supabase...
♻️ Lobby: Room stopped playing. Resetting auto-start session ID.
✅ Lobby: Synced CLEAN stream info, metadata & playlist to AppState
📊 AppState: Polled participant counts - Active: ["tt0265086": 2]
⏰ AppState: Next schedule update set for Event End: 2026-02-01 00:42:34 +0000
⏰ AppState: Scheduling update in 3366 seconds
MPVWrapper: destroy() called - cleaning up...
MPVWrapper: Freeing render context...
MPVWrapper: cleanup complete
MPVWrapper: Terminating MPV instance (background)...
MPVWrapper: MPV instance destroyed
🔄 Lobby: markPlaybackEnded - resetting connection status for reconnection
🔔 Lobby: Displaying pending message: Host returned the group to the lobby.
🔄 Lobby: Returning from playback - resetting connection status
🎭 Lobby: Connecting to room PYVZ...
🚦 Lobby State: connecting
📡 SocialService: Updated status - In Lobby: Smile 2: Smile 2
✅ Lobby: Refreshed room state. isPlaying: false
🛡️ Lobby: Ensuring local media state is fresh before auto-start check...
🛑 Lobby: Ignoring auto-start on connect - Grace Period active
ℹ️ RealtimeChannelManager: Already setup for room PYVZ, filtering duplicate setup call.
📡 Connection state: connected
✅ Lobby: Connected to Realtime
🔄 Lobby: Fetching fresh room state from Supabase...
🚦 Lobby State: connected
🔄 Lobby: Starting database polling for participants and room state...
💓 Lobby: Starting heartbeat loop...
🔄 LobbyDatabase: Starting room state polling for guests...
MPVWrapper: deinit
MPVWrapper: destroy() called - cleaning up...
MPVWrapper: cleanup complete
✅ Lobby: Synced CLEAN stream info, metadata & playlist to AppState
🔄 Lobby: Fetching fresh room state from Supabase...
✅ Lobby: Synced CLEAN stream info, metadata & playlist to AppState
🔄 Lobby: Fetching fresh room state from Supabase...
✅ Lobby: Synced CLEAN stream info, metadata & playlist to AppState
✅ Cache HIT: Metadata[meta_movie_tt29268110]
🗑️ RD cache cleared for hash: e9c6725c74e4... (1 entries)
🛡️ StreamService: Using 'Purge Strategy' for fresh RD link (Watch Party Guest)
🔓 StreamService: Unlocking with infoHash: e9c6725c74e4...
[ INFO ] POST /api/streams/unlock [request-id: 697156C0-1F05-40B7-A3EC-1B274E9509C4]
2026-01-31 18:46:32.404 RedLemon[1080:561539] 🔓 Unlock request: infoHash=e9c6725c74e4..., fileIdx=0
2026-01-31 18:46:32.404 RedLemon[1080:561539] 🛡️ Using Purge Strategy (watch party guest - IP-locked URL fix)
2026-01-31 18:46:32.404 RedLemon[1080:561539] ✅ Token found, attempting unlock...
2026-01-31 18:46:33.064 RedLemon[1080:561924] 🔐 Signed request to /rpc/user_heartbeat
2026-01-31 18:46:34.633 RedLemon[1080:561539] ✅ Unlocked successfully: Smile.2.2024.1080p.AMZN.WEB-DL.DDP5.1.Atmos.H.264-FLUX.mkv
2026-01-31 18:46:34.635 RedLemon[1080:561288] 📝 [RESOLVER] Stream Unlocked ["filename": "Smile.2.2024.1080p.AMZN.WEB-DL.DDP5.1.Atmos.H.264-FLUX.mkv", "is_generic": "false", "original_title": "Smile.2.2024.1080p.AMZN.WEB-DL.DDP5.1.Atmos.H.264-FLUX.mkv", "url_host": "chi3-4.download.real-debrid.com"]
2026-01-31 18:46:34.635 RedLemon[1080:558597] ✅ Guest: Stream preloaded with URL: https://chi3-4.download.real-debrid.com/d/4NCTKXZ45WUWQ21/Smile.2.2024.1080p.AMZ
2026-01-31 18:46:34.635 RedLemon[1080:558597] ✅ Guest: Stream preloaded. Sending READY signal.
2026-01-31 18:46:34.635 RedLemon[1080:561288] 📤 Realtime: Sending message type: chat, sender: bb6bcb45-c36d-4267-ab6d-47ac2335f489
2026-01-31 18:46:34.635 RedLemon[1080:561288]    Payload keys: type, senderId, chatUsername, timestamp, position, chatText
2026-01-31 18:46:34.636 RedLemon[1080:561539] ✅ Realtime: Message broadcast complete
2026-01-31 18:46:34.757 RedLemon[1080:561923] 📨 Realtime: Received broadcast message
2026-01-31 18:46:34.757 RedLemon[1080:561923]    Payload keys: chatText, senderId, type, chatUsername, timestamp, position
2026-01-31 18:46:34.757 RedLemon[1080:561923] ✅ Realtime: Decoded message type: chat, sender: bb6bcb45-c36d-4267-ab6d-47ac2335f489
2026-01-31 18:46:35.717 RedLemon[1080:561288] 📨 Realtime: Received broadcast message
2026-01-31 18:46:35.717 RedLemon[1080:561288]    Payload keys: chatUsername, chatText, timestamp, position, type, senderId
2026-01-31 18:46:35.717 RedLemon[1080:561288] ✅ Realtime: Decoded message type: chat, sender: 96e01cdb-36c0-4228-a6e4-a29a3c66bc8e
2026-01-31 18:46:35.717 RedLemon[1080:558597] 🎬 Guest: Received LOBBY_START_COUNTDOWN signal
2026-01-31 18:46:35.717 RedLemon[1080:558597] 🎬 Guest: Received LOBBY_START_COUNTDOWN signal processing
2026-01-31 18:46:35.848 RedLemon[1080:558597] ✅ Guest: Synced stream info from Host (Hash: e9c6725c) - URL cleared for fresh unlock
2026-01-31 18:46:35.848 RedLemon[1080:558597] 🛡️ Guest: preResolvedStream cleared to force fresh RD link
2026-01-31 18:46:35.855 RedLemon[1080:558597] ⏱️ Step 3: Artificial Delay - Waiting additional 3.11s to ensure Host buffer...
2026-01-31 18:46:35.863 RedLemon[1080:558597] 🗑️ Guest: RD cache cleared for hash: e9c6725c...
2026-01-31 18:46:35.865 RedLemon[1080:558597] 📨 Lobby: Received Room UPDATE from Realtime
2026-01-31 18:46:38.792 RedLemon[1080:561121] 📨 Realtime: Received broadcast message
2026-01-31 18:46:38.792 RedLemon[1080:561121]    Payload keys: position, senderId, chatUsername, type, timestamp, chatText
2026-01-31 18:46:38.792 RedLemon[1080:561121] ✅ Realtime: Decoded message type: chat, sender: 96e01cdb-36c0-4228-a6e4-a29a3c66bc8e
2026-01-31 18:46:38.792 RedLemon[1080:558597] 🎬 Guest: Launching player for Smile 2 (Synced Start: Hash=e9c6725c74e4549b7bb4dc722419459814615c5a, Title=Smile.2.2024.1080p.AMZN.WEB-DL.DDP5.1.Atmos.H.264-FLUX.mkv, Provider=verified)
2026-01-31 18:46:38.793 RedLemon[1080:558597] 🤝 PlayerVM: Watch Party playback started. Preserving lobby session for handoff: PYVZ
2026-01-31 18:46:38.857 RedLemon[1080:558597] 📡 Fetching metadata for tt29268110...
2026-01-31 18:46:38.891 RedLemon[1080:558597] 🎬 PlayerVM: Using Playlist Metadata: S0E0
2026-01-31 18:46:38.891 RedLemon[1080:558597] 🚀 PlayerVM: Using DIRECT UNLOCK path (Guest Optimization)
2026-01-31 18:46:38.891 RedLemon[1080:558597]    Hash: e9c6725c74e4...
2026-01-31 18:46:38.900 RedLemon[1080:558597] 🗑️ PlayerVM: RD cache cleared for direct unlock
🛡️ RD: Force Fresh requested - purging existing torrents for has e9c6725c...
🗑️ RD: Found 2 existing torrents for hash e9c6725c. Deleting...
🗑️ RD: Deleted torrent RRS6HCLWYSBHI
🗑️ RD: Deleted torrent Q3UTFKD6IOCIM
✅ RD: Purge complete.
✅ RD addMagnet: Y6P2DDZYUN22C
🎬 Movie: Found matching file for title 'Smile 2': /Smile.2.2024.1080p.AMZN.WEB-DL.DDP5.1.Atmos.H.264-FLUX.mkv
📝 RD: Selecting file ID 1 for torrent Y6P2DDZYUN22C
📊 RD poll 1/2: status=downloaded, links=1
🔗 Unrestricting link: https://real-debrid.com/d/NETLUDXLUFO26978
✅ StreamService: Stream unlocked successfully!
📝 Guest: Marked session as started (Idempotency Lock): e9c6725c
🗑️ RD cache cleared for hash: e9c6725c74e4... (1 entries)
🔄 Lobby: Fetching fresh room state from Supabase...
✅ Lobby: Synced CLEAN stream info, metadata & playlist to AppState
✅ Cache HIT: Metadata[meta_movie_tt29268110]
🔓 StreamService: Unlocking with infoHash: e9c6725c74e4...
[ INFO ] POST /api/streams/unlock [request-id: 872CFFCF-96F9-4A01-B2FA-D38AD15118B4]
2026-01-31 18:46:38.901 RedLemon[1080:561121] 🔓 Unlock request: infoHash=e9c6725c74e4..., fileIdx=0
2026-01-31 18:46:38.901 RedLemon[1080:561121] ✅ Token found, attempting unlock...
2026-01-31 18:46:38.938 RedLemon[1080:558597] 🎬 Guest: Fetch took 0.138s, finished countdown loop
2026-01-31 18:46:39.065 RedLemon[1080:558597] 🎬 Guest: Countdown finished. Waiting for Host PLAYBACK_STARTED signal...
2026-01-31 18:46:40.055 RedLemon[1080:561288] ✅ Unlocked successfully: Smile.2.2024.1080p.AMZN.WEB-DL.DDP5.1.Atmos.H.264-FLUX.mkv
2026-01-31 18:46:40.057 RedLemon[1080:560661] 📝 [RESOLVER] Stream Unlocked ["filename": "Smile.2.2024.1080p.AMZN.WEB-DL.DDP5.1.Atmos.H.264-FLUX.mkv", "is_generic": "false", "original_title": "Shared Stream (Direct)", "url_host": "chi3-4.download.real-debrid.com"]
2026-01-31 18:46:40.057 RedLemon[1080:558597] ✅ PlayerVM: Direct unlock succeeded! URL: https://chi3-4.download.real-debrid.com/d/4NCTKXZ45WUWQ21/Sm
📊 AppState: Polled participant counts - Active: ["tt0265086": 2]
⏰ AppState: Next schedule update set for Event End: 2026-02-01 00:42:34 +0000
⏰ AppState: Scheduling update in 3355 seconds
✅ RD addMagnet: DTC2P7UNYLH6U
🎬 Movie: Found matching file for title 'Smile 2': /Smile.2.2024.1080p.AMZN.WEB-DL.DDP5.1.Atmos.H.264-FLUX.mkv
📝 RD: Selecting file ID 1 for torrent DTC2P7UNYLH6U
📊 RD poll 1/2: status=downloaded, links=1
🔗 Unrestricting link: https://real-debrid.com/d/NETLUDXLUFO26978
✅ StreamService: Stream unlocked successfully!
[ INFO ] GET /subtitles/search [request-id: 96C70606-0AAC-44F2-A879-9B223F7C2B8F]
[ WARNING ] Abort.503: SubDL API key missing [request-id: 96C70606-0AAC-44F2-A879-9B223F7C2B8F]
2026-01-31 18:46:40.074 RedLemon[1080:558597] ⚠️ Direct Unlock: Subtitle search failed: Server error with status code: 503
2026-01-31 18:46:40.074 RedLemon[1080:558597] ✅ Stream ready, starting playback...
2026-01-31 18:46:40.082 RedLemon[1080:558597] 🛡️ MPVWrapper: Build Version: 2026-01-28-PRESENCE-FIX-v3
2026-01-31 18:46:40.108 RedLemon[1080:558597] 🎬 MPVPlayerViewModel: Starting watch party: roomId=PYVZ, isHost=false
2026-01-31 18:46:40.116 RedLemon[1080:558597] 🛡️ Transition Sync: Processing 2 participants from AppState
2026-01-31 18:46:40.116 RedLemon[1080:558597] 🛡️ Transition Sync: Marked 2 users as transitioning (120s window)
2026-01-31 18:46:40.116 RedLemon[1080:558597] 🛡️ Transition Sync: Inherited 1 refs and marked announced for user bb6bcb45-c36d-4267-ab6d-47ac2335f489
2026-01-31 18:46:40.116 RedLemon[1080:558597] 🛡️ Transition Sync: Inherited 1 refs and marked announced for user 96e01cdb-36c0-4228-a6e4-a29a3c66bc8e
2026-01-31 18:46:40.116 RedLemon[1080:561121] 📝 Realtime: Registered observer 'player' (Presence: YES, Sync: NO, Status: NO)
2026-01-31 18:46:40.122 RedLemon[1080:561121] 📝 Realtime: Unregistered observer 'lobby'
2026-01-31 18:46:40.122 RedLemon[1080:561121] 📝 Realtime: Unregistered observer 'lobby'
2026-01-31 18:46:40.123 RedLemon[1080:561121] 📝 Realtime: Registered observer 'player' (Presence: NO, Sync: YES, Status: NO)
2026-01-31 18:46:40.158 RedLemon[1080:561121] 📝 [PLAYER] Load Video (Smart) ["url": "https://chi3-4.download.real-debrid.com/d/4NCTKXZ45WUWQ21/Smile.2.2024.1080p.AMZN.WEB-DL.DDP5.1.Atmos.H.264-FLUX.mkv"]
2026-01-31 18:46:40.161 RedLemon[1080:561539] 📝 [PLAYER] Resumed
2026-01-31 18:46:40.161 RedLemon[1080:558597] [VIDEO_READY] isEvent: false, eventStartTime: nil
2026-01-31 18:46:40.163 RedLemon[1080:561288] 📝 [PLAYER] Playback State Changed ["state": "Playing"]
2026-01-31 18:46:40.163 RedLemon[1080:561288] 📝 [PLAYER] Buffering Started
2026-01-31 18:46:40.167 RedLemon[1080:561121] 📝 [PLAYER] Paused
2026-01-31 18:46:40.170 RedLemon[1080:560661] 📝 [PLAYER] Playback State Changed ["state": "Paused"]
2026-01-31 18:46:40.171 RedLemon[1080:558597] 📨 Lobby: Received Room UPDATE from Realtime
2026-01-31 18:46:41.175 RedLemon[1080:560661] 🔐 SupabaseClient: Signing Identity Payload: '1769903201bb6bcb45-c36d-4267-ab6d-47ac2335f489/rpc/room_heartbeat'
2026-01-31 18:46:41.175 RedLemon[1080:560661] 🔐 Signed request to /rpc/room_heartbeat
2026-01-31 18:46:41.269 RedLemon[1080:561288] 📨 Realtime: Received broadcast message
2026-01-31 18:46:41.270 RedLemon[1080:561288]    Payload keys: isPlaying, position, timestamp, type, senderId
2026-01-31 18:46:41.270 RedLemon[1080:561288] ✅ Realtime: Decoded message type: playbackState, sender: 96E01CDB-36C0-4228-A6E4-A29A3C66BC8E
2026-01-31 18:46:41.270 RedLemon[1080:558597] 🛡️ Presence: User 96e01cdb-36c0-4228-a6e4-a29a3c66bc8e confirmed in Player via playbackState - Removing transition protection
2026-01-31 18:46:41.431 RedLemon[1080:558597] 📨 Lobby: Received Room UPDATE from Realtime
2026-01-31 18:46:42.441 RedLemon[1080:561288] 📨 Realtime: Received broadcast message
2026-01-31 18:46:42.442 RedLemon[1080:561288]    Payload keys: timestamp, type, isPlaying, senderId, position
2026-01-31 18:46:42.442 RedLemon[1080:561288] ✅ Realtime: Decoded message type: ready, sender: 96e01cdb-36c0-4228-a6e4-a29a3c66bc8e
2026-01-31 18:46:42.883 RedLemon[1080:561288] 📨 Realtime: Received broadcast message
2026-01-31 18:46:42.883 RedLemon[1080:561288]    Payload keys: timestamp, isPlaying, position, senderId, type
2026-01-31 18:46:42.883 RedLemon[1080:561288] ✅ Realtime: Decoded message type: playbackState, sender: 96E01CDB-36C0-4228-A6E4-A29A3C66BC8E
2026-01-31 18:46:44.554 RedLemon[1080:560661] 📝 [PLAYER] File Loaded ["duration": "7758.251"]
2026-01-31 18:46:44.603 RedLemon[1080:560661] 📝 [PLAYER] Playback State Changed ["state": "Playing"]
2026-01-31 18:46:44.861 RedLemon[1080:560361] 📨 Realtime: Received broadcast message
2026-01-31 18:46:44.861 RedLemon[1080:560361]    Payload keys: type, isPlaying, position, senderId, timestamp
2026-01-31 18:46:44.861 RedLemon[1080:560361] ✅ Realtime: Decoded message type: playbackState, sender: 96E01CDB-36C0-4228-A6E4-A29A3C66BC8E
2026-01-31 18:46:46.657 RedLemon[1080:560661] 📤 Realtime: Sending message type: ready, sender: bb6bcb45-c36d-4267-ab6d-47ac2335f489
2026-01-31 18:46:46.657 RedLemon[1080:560661]    Payload keys: position, senderId, timestamp, type, isPlaying
2026-01-31 18:46:46.658 RedLemon[1080:560361] ✅ Realtime: Message broadcast complete
2026-01-31 18:46:46.695 RedLemon[1080:561121] 📝 [PLAYER] Playback State Changed ["state": "Paused"]
2026-01-31 18:46:46.802 RedLemon[1080:561288] 📨 Realtime: Received broadcast message
2026-01-31 18:46:46.802 RedLemon[1080:561288]    Payload keys: timestamp, senderId, position, isPlaying, type
2026-01-31 18:46:46.802 RedLemon[1080:561288] ✅ Realtime: Decoded message type: ready, sender: bb6bcb45-c36d-4267-ab6d-47ac2335f489
2026-01-31 18:46:46.802 RedLemon[1080:558597] 🛡️ Presence: User bb6bcb45-c36d-4267-ab6d-47ac2335f489 confirmed in Player via ready - Removing transition protection
2026-01-31 18:46:46.864 RedLemon[1080:560661] 📨 Realtime: Received broadcast message
2026-01-31 18:46:46.864 RedLemon[1080:560661]    Payload keys: type, senderId, timestamp, position, isPlaying
2026-01-31 18:46:46.864 RedLemon[1080:560661] ✅ Realtime: Decoded message type: playbackState, sender: 96E01CDB-36C0-4228-A6E4-A29A3C66BC8E
2026-01-31 18:46:47.975 RedLemon[1080:560361] 📨 Realtime: Received broadcast message
2026-01-31 18:46:47.975 RedLemon[1080:560361]    Payload keys: position, type, timestamp, isPlaying, senderId
2026-01-31 18:46:47.976 RedLemon[1080:560361] ✅ Realtime: Decoded message type: play, sender: 96e01cdb-36c0-4228-a6e4-a29a3c66bc8e
2026-01-31 18:46:48.022 RedLemon[1080:561121] 📝 [PLAYER] Playback State Changed ["state": "Playing"]
2026-01-31 18:46:48.875 RedLemon[1080:561539] 📨 Realtime: Received broadcast message
2026-01-31 18:46:48.875 RedLemon[1080:561539]    Payload keys: type, senderId, timestamp, position, isPlaying
2026-01-31 18:46:48.875 RedLemon[1080:561539] ✅ Realtime: Decoded message type: playbackState, sender: 96E01CDB-36C0-4228-A6E4-A29A3C66BC8E
2026-01-31 18:46:49.031 RedLemon[1080:558597] 📨 Lobby: Received Room UPDATE from Realtime
2026-01-31 18:46:50.898 RedLemon[1080:560361] 📨 Realtime: Received broadcast message
2026-01-31 18:46:50.898 RedLemon[1080:560361]    Payload keys: isPlaying, senderId, position, type, timestamp
2026-01-31 18:46:50.898 RedLemon[1080:560361] ✅ Realtime: Decoded message type: playbackState, sender: 96E01CDB-36C0-4228-A6E4-A29A3C66BC8E
2026-01-31 18:46:52.584 RedLemon[1080:558597] 👤 Presence Event: action=leave, userId=GI_1hX62I7M6AoxB
2026-01-31 18:46:54.631 RedLemon[1080:558597] 👤 Presence: Announcing LEAVE for guest: 96e01cdb-36c0-4228-a6e4-a29a3c66bc8e
2026-01-31 18:46:54.631 RedLemon[1080:558597] 💬 PLAYER SYSTEM MESSAGE: lemontom left
2026-01-31 18:46:58.260 RedLemon[1080:561926] 🔐 Signed request to /rpc/user_heartbeat
2026-01-31 18:47:05.433 RedLemon[1080:561539] 🔐 SupabaseClient: Signing Identity Payload: '1769903225bb6bcb45-c36d-4267-ab6d-47ac2335f489/rpc/room_heartbeat'
2026-01-31 18:47:05.433 RedLemon[1080:561539] 🔐 Signed request to /rpc/room_heartbeat
2026-01-31 18:47:05.729 RedLemon[1080:558597] 📨 Lobby: Received Room UPDATE from Realtime
2026-01-31 18:47:10.233 RedLemon[1080:560361] 🔐 Signed request to /rpc/upsert_watch_history_item
2026-01-31 18:47:11.397 RedLemon[1080:561925] 🔐 SupabaseClient: Signing Identity Payload: '1769903231bb6bcb45-c36d-4267-ab6d-47ac2335f489/rpc/room_heartbeat'
2026-01-31 18:47:11.398 RedLemon[1080:561925] 🔐 Signed request to /rpc/room_heartbeat
2026-01-31 18:47:11.606 RedLemon[1080:558597] 📨 Lobby: Received Room UPDATE from Realtime
2026-01-31 18:47:23.828 RedLemon[1080:562586] 🔐 Signed request to /rpc/user_heartbeat
❌ Subtitle search failed: {"reason":"SubDL API key missing","error":true}
!!! MPVWrapper initialized - Build Version: 2026-01-28-PRESENCE-FIX-v3 !!!
ℹ️ RealtimeChannelManager: Already setup for room PYVZ, filtering duplicate setup call.
📡 Connection state: connected
✅ Cache HIT: Metadata[meta_movie_tt29268110]
📡 SocialService: Updated status - online: Smile 2
⏰ AppState: Next schedule update set for Event End: 2026-02-01 00:42:34 +0000
⏰ AppState: Scheduling update in 3354 seconds
🔄 Lobby: Fetching fresh room state from Supabase...
✅ Lobby: Synced CLEAN stream info, metadata & playlist to AppState
🔄 Lobby: Fetching fresh room state from Supabase...
✅ Lobby: Synced CLEAN stream info, metadata & playlist to AppState
📊 AppState: Polled participant counts - Active: ["tt0265086": 2]
⏰ AppState: Next schedule update set for Event End: 2026-02-01 00:42:34 +0000
⏰ AppState: Scheduling update in 3345 seconds
🔄 Lobby: Fetching fresh room state from Supabase...
✅ Lobby: Synced CLEAN stream info, metadata & playlist to AppState
📡 [EventsConfig] Checking server for movie_events config version...
📡 [EventsConfig] Checking server for movie_events config version...
✅ [EventsConfig] Fetched movie_events version 1587 with 396 movies
✅ [EventsConfig] Fetched movie_events version 1587 with 396 movies
✅ [EventsConfig] Using cached movie_events config (version 1587, 396 movies)
✅ [EventsConfig] Using cached movie_events config (version 1587, 396 movies)
✅ SocialService: Event event_tt0265086 is JOINABLE (Live or Next Up) - allowing join
✅ SocialService: Event event_tt0265086 is JOINABLE (Live or Next Up) - allowing join
📉 SocialService: User 96e01cdb-36c0-4228-a6e4-a29a3c66bc8e went offline (No active refs)
📡 [EventsConfig] Checking server for movie_events config version...
✅ [EventsConfig] Fetched movie_events version 1587 with 396 movies
✅ [EventsConfig] Using cached movie_events config (version 1587, 396 movies)
📊 AppState: Polled participant counts - Active: ["tt0265086": 2]
⏰ AppState: Next schedule update set for Event End: 2026-02-01 00:42:34 +0000
⏰ AppState: Scheduling update in 3336 seconds
🔄 Lobby: Fetching fresh room state from Supabase...
✅ Lobby: Synced CLEAN stream info, metadata & playlist to AppState
📊 AppState: Polled participant counts - Active: ["tt0265086": 2]
⏰ AppState: Next schedule update set for Event End: 2026-02-01 00:42:34 +0000
⏰ AppState: Scheduling update in 3325 seconds
🔄 Lobby: Fetching fresh room state from Supabase...
✅ Lobby: Synced CLEAN stream info, metadata & playlist to AppState
📡 [EventsConfig] Checking server for movie_events config version...
📡 [EventsConfig] Checking server for movie_events config version...
✅ [EventsConfig] Fetched movie_events version 1587 with 396 movies
✅ [EventsConfig] Using cached movie_events config (version 1587, 396 movies)
✅ SocialService: Event event_tt0265086 is JOINABLE (Live or Next Up) - allowing join
✅ [EventsConfig] Fetched movie_events version 1587 with 396 movies
✅ [EventsConfig] Using cached movie_events config (version 1587, 396 movies)
✅ SocialService: Event event_tt0265086 is JOINABLE (Live or Next Up) - allowing join
📊 AppState: Polled participant counts - Active: ["tt0265086": 2]
⏰ AppState: Next schedule update set for Event End: 2026-02-01 00:42:34 +0000
⏰ AppState: Scheduling update in 3315 seconds
📊 AppState: Polled participant counts - Active: ["tt0265086": 2]
⏰ AppState: Next schedule update set for Event End: 2026-02-01 00:42:34 +0000
⏰ AppState: Scheduling update in 3305 seconds
