2026-01-27 21:04:22.835 RedLemon[15449:461976] 🪟 Set initial window to expanded size: (0.0, 121.0, 1280.0, 654.0)
2026-01-27 21:04:22.835 RedLemon[15449:461976] ✅ Cache cleanup timer started (runs every 30 minutes)
2026-01-27 21:04:22.901 RedLemon[15449:461976] 🔄 Resetting playback state to prevent auto-selection...
2026-01-27 21:04:22.903 RedLemon[15449:461976] ⚠️ PlayerVM: currentWatchPartyRoom set to NIL. Stack Trace unavailable, but check recent logs.
2026-01-27 21:04:22.943 RedLemon[15449:461976] ✅ Playback state reset complete - starting in browse view
2026-01-27 21:04:22.943 RedLemon[15449:461976] 🔐 APP STARTUP: Loading stored user credentials...
2026-01-27 21:04:22.943 RedLemon[15449:461976] 🧪 Testing Profile: debug
2026-01-27 21:04:22.944 RedLemon[15449:461985] 📂 Loaded 5 credential(s) from cache
2026-01-27 21:04:22.964 RedLemon[15449:461976] ✅ Keychain: Found stored username: lemontom
2026-01-27 21:04:22.965 RedLemon[15449:461976] 🔍 Supabase: Looking up user 'lemontom' in database...
2026-01-27 21:04:22.965 RedLemon[15449:461983] 🔍 SupabaseClient: Looking up user by username 'lemontom'
2026-01-27 21:04:23.349 RedLemon[15449:461984] 📡 SupabaseClient: User lookup response received (426 bytes)
2026-01-27 21:04:23.366 RedLemon[15449:461984] ✅ SupabaseClient: Decoded 1 users from response
2026-01-27 21:04:23.366 RedLemon[15449:461984] 👤 SupabaseClient: Found user - lemontom (ID: 96E01CDB-36C0-4228-A6E4-A29A3C66BC8E)
2026-01-27 21:04:23.446 RedLemon[15449:461976] ✅ AUTH SUCCESS: User authenticated - lemontom (ID: 96E01CDB-36C0-4228-A6E4-A29A3C66BC8E)
2026-01-27 21:04:23.446 RedLemon[15449:461976] 🎯 AppState: currentUsername=lemontom, currentUserId=96E01CDB-36C0-4228-A6E4-A29A3C66BC8E
2026-01-27 21:04:23.453 RedLemon[15449:461976] 🛡️ AdminRealtimeService: Starting authenticated listeners...
2026-01-27 21:04:23.459 RedLemon[15449:461976] ✅ AdminRealtimeService: Subscribed to reported_streams, feedback_reports, and broadcast alerts via shared client
2026-01-27 21:04:23.768 RedLemon[15449:461976] 📊 AdminRealtimeService: Initial sync complete. Reports: 0, Feedback: 0
2026-01-27 21:04:24.625 RedLemon[15449:461976] 🏁 AUTH COMPLETE: Final state - username=lemontom, userId=96E01CDB-36C0-4228-A6E4-A29A3C66BC8E
2026-01-27 21:04:24.628 RedLemon[15449:461983] 🔐 Signed request to /rpc/fetch_user_library
2026-01-27 21:04:24.628 RedLemon[15449:461985] 🔐 Signed request to /rpc/fetch_user_library
2026-01-27 21:04:24.771 RedLemon[15449:461982] 🔐 Signed request to /rpc/fetch_user_watch_history
2026-01-27 21:04:25.257 RedLemon[15449:461976] 🚀 RedLemon: Starting HTTP server...
2026-01-27 21:04:25.258 RedLemon[15449:461976] 📋 RedLemon: Current directory: /Users/danielnoble/Desktop/RedLemon-Native
2026-01-27 21:04:25.270 RedLemon[15449:461976] ✅ RedLemon: HTTPServer instance created
2026-01-27 21:04:25.271 RedLemon[15449:461983] 📡 RedLemon: Server starting on port 47253...
2026-01-27 21:04:25.273 RedLemon[15449:461976] ✅ RedLemon: Server marked as ready (Optimistic)
⏲️ [EventsConfig] Starting polling fallback (every 60s)
🔌 Connecting to Supabase Realtime: wss://151.243.109.243.nip.io/realtime/v1/websocket
✅ Connected to Supabase Realtime
📡 Sparkle requesting feed URL: https://151.243.109.243.nip.io/updates/appcast.xml
✅ Sparkle configured (seamless mode)
   Appcast URL: https://151.243.109.243.nip.io/updates/appcast.xml
   Can check: true
📅 EventsView appeared
🎬 [EventsView] Fetching movie events from centralized config...
📡 [EventsConfig] Checking server for movie_events config version...
🔍 Memory pressure monitoring enabled (safe mode)
🔍 Silent update check (custom implementation)...
🖥️ CacheManager initialized with fixed conservative limits
   Image cache limit: 1000 items
📡 Joined channel: realtime:events_config_updates (interest count: 1)
✅ [EventsConfig] Subscribed to realtime schedule updates
📡 Joined channel: realtime:reported_streams (interest count: 1)
📡 Joined channel: realtime:feedback_reports (interest count: 1)
📡 Joined channel: realtime:admin:alerts (interest count: 1)
📡 Sparkle requesting feed URL: https://151.243.109.243.nip.io/updates/appcast.xml
❌ Realtime System Error (realtime:reported_streams): Unable to subscribe to changes with given parameters. Please check Realtime is enabled for the given connect parameters: [schema: public, table: reported_streams, filters: []]
❌ Realtime System Error (realtime:feedback_reports): Unable to subscribe to changes with given parameters. Please check Realtime is enabled for the given connect parameters: [schema: public, table: feedback_reports, filters: []]
✅ [EventsConfig] Fetched movie_events version 1586 with 397 movies
✅ [EventsConfig] Using cached movie_events config (version 1586, 397 movies)
✅ [EventsView] Loaded 397 movies from config version 1586
🗓 AppState: Updated schedule epoch to 2026-01-23 22:49:34 +0000
⏰ AppState: Next schedule update set for Event End: 2026-01-28 03:58:34 +0000
⏰ AppState: Scheduling update in 6851 seconds
🖼️ [CACHE] Cached image data for key: https://images.metahub.space/background/medium/tt3235888/img (731836 bytes)
⏰ AppState: Next schedule update set for Event End: 2026-01-28 03:58:34 +0000
⏰ AppState: Scheduling update in 6850 seconds
⏰ AppState: Next schedule update set for Event End: 2026-01-28 03:58:34 +0000
⏰ AppState: Scheduling update in 6850 seconds
🖼️ [CACHE] Cached image data for key: https://images.metahub.space/background/medium/tt4154796/img (1018934 bytes)
🔌 SocialService: Connecting to global presence via shared client...
📡 Joined channel: realtime:global-presence (interest count: 1)
✅ SocialService: Connected to global presence
🔌 SocialService: Connecting to social realtime channels via shared client...
📡 Joined channel: realtime:direct_messages (interest count: 1)
📡 Joined channel: realtime:friendships (interest count: 1)
✅ SocialService: Connected to social channels
📈 SocialService: User 96e01cdb-36c0-4228-a6e4-a29a3c66bc8e came online
📬 SocialService: Fetched 0 unread messages
🖼️ [CACHE] Cached image data for key: https://images.metahub.space/poster/small/tt1293847/img (33583 bytes)
🖼️ [CACHE] Cached image data for key: https://images.metahub.space/poster/small/tt1591095/img (21702 bytes)
🖼️ [CACHE] Cached image data for key: https://images.metahub.space/poster/small/tt29268110/img (20494 bytes)
🖼️ [CACHE] Cached image data for key: https://images.metahub.space/poster/small/tt0452608/img (39129 bytes)
🖼️ [CACHE] Cached image data for key: https://images.metahub.space/poster/small/tt5052448/img (17760 bytes)
🖼️ [CACHE] Cached image data for key: https://images.metahub.space/poster/small/tt0384537/img (16510 bytes)
🖼️ [CACHE] Cached image data for key: https://images.metahub.space/poster/small/tt0198781/img (27018 bytes)
🖼️ [CACHE] Cached image data for key: https://images.metahub.space/poster/small/tt12300742/img (13162 bytes)
🖼️ [CACHE] Cached image data for key: https://images.metahub.space/poster/small/tt13186306/img (30978 bytes)
🖼️ [CACHE] Cached image data for key: https://images.metahub.space/poster/small/tt1104001/img (11618 bytes)
🖼️ [CACHE] Cached image data for key: https://images.metahub.space/poster/small/tt3065204/img (21249 bytes)
🖼️ [CACHE] Cached image data for key: https://m.media-amazon.com/images/M/MV5BYzI2ZmU3MWMtZmRlMi00ZmVlLTkwMDMtZmI1YTg4YzcwMDE0XkEyXkFqcGc@._V1_SX250.jpg (19965 bytes)
🖼️ [CACHE] Cached image data for key: https://images.metahub.space/poster/small/tt10954984/img (21420 bytes)
🖼️ [CACHE] Cached image data for key: https://images.metahub.space/poster/small/tt1323594/img (25230 bytes)
🖼️ [CACHE] Cached image data for key: https://images.metahub.space/poster/small/tt26581740/img (17276 bytes)
🖼️ [CACHE] Cached image data for key: https://images.metahub.space/poster/small/tt12593682/img (42301 bytes)
🖼️ [CACHE] Cached image data for key: https://images.metahub.space/poster/small/tt1228705/img (31722 bytes)
🖼️ [CACHE] Cached image data for key: https://images.metahub.space/poster/small/tt10545296/img (27790 bytes)
🖼️ [CACHE] Cached image data for key: https://images.metahub.space/poster/small/tt0114369/img (23575 bytes)
📡 SocialService: Updated status - Browsing: 
✅ Token routes registered:
   POST /tokens/save
   POST /tokens/delete
   GET  /tokens/list
✅ Unlock routes registered:
   POST /api/streams/unlock
✅ Stream routes registered:
   POST /api/streams/resolve
   GET  /api/streams/resolveByQuality
   GET  /api/streams/resolveAll
✅ Proxy routes registered:
   GET /play/rd/:infoHash/:fileIdx
   GET /play/rd/:infoHash
✅ Subtitle routes registered:
   GET /subtitles/search?imdbId=&type=
   GET /subtitles/subdl/:encodedPath
✅ All routes registered
✅ HTTP Server configured on http://127.0.0.1:47253
🚀 Starting HTTP server...
✅ Providers initialized: torrentio, comet, zilean, mediafusion, debridsearch
[ NOTICE ] Server started on http://127.0.0.1:47253
2026-01-27 21:04:25.342 RedLemon[15449:461976] ✅ RedLemon: Server should be running on http://127.0.0.1:47253
2026-01-27 21:04:25.342 RedLemon[15449:461976] 🏥 [AppState] Starting global provider health check...
2026-01-27 21:04:25.342 RedLemon[15449:461976] 🔍 Performing startup checks...
2026-01-27 21:04:25.342 RedLemon[15449:461976] ✅ Username-based authentication ready
2026-01-27 21:04:25.346 RedLemon[15449:461982] 🔐 Signed request to /check-payment
✅ HTTP server running on http://127.0.0.1:47253

🔗 Available endpoints:
   http://127.0.0.1:47253/health
   http://127.0.0.1:47253/status
   http://127.0.0.1:47253/api/health

💰 LicenseManager: Starting hybrid license check...
💾 Cache SET: Catalog[quick_movie_top.json_7] (7 items)
[ INFO ] GET /api/metadata/catalog/movie/popular [request-id: 2E93B600-DEF5-4C01-9886-8EB25DED5034]
2026-01-27 21:04:26.166 RedLemon[15449:461983] 🎬 Torrentio: Building URL for movie (no season/episode)
2026-01-27 21:04:26.166 RedLemon[15449:461983] 🔗 Torrentio URL (length: 55): https://torrentio.strem.fun/stream/movie/tt0133093.json...
2026-01-27 21:04:27.312 RedLemon[15449:461976] ✅ [AppState] Provider health check complete (found 7 services)
🔍 [Server] Proxying catalog request to: https://v3-cinemeta.strem.io/catalog/movie/popular.json
💾 Cache SET: Catalog[quick_movie_nfx.json_7] (7 items)
💾 Cache SET: Catalog[catalog_movie_top.json] (18 items)
💾 Cache SET: Catalog[catalog_movie_nfx.json] (18 items)
💾 Cache SET: Catalog[popular_movies_fixed] (18 items)
🖼️ [CACHE] Cached image data for key: https://images.metahub.space/poster/small/tt1757678/img (45682 bytes)
🖼️ [CACHE] Cached image data for key: https://images.metahub.space/poster/small/tt26443597/img (46393 bytes)
🖼️ [CACHE] Cached image data for key: https://images.metahub.space/poster/small/tt27543632/img (31446 bytes)
🖼️ [CACHE] Cached image data for key: https://images.metahub.space/poster/small/tt4712810/img (37396 bytes)
🖼️ [CACHE] Cached image data for key: https://images.metahub.space/poster/small/tt30254719/img (39370 bytes)
🖼️ [CACHE] Cached image data for key: https://images.metahub.space/poster/small/tt23172090/img (39824 bytes)
🖼️ [CACHE] Cached image data for key: https://images.metahub.space/poster/small/tt29780866/img (35175 bytes)
🖼️ [CACHE] Cached image data for key: https://images.metahub.space/poster/small/tt23572848/img (30026 bytes)
🖼️ [CACHE] Cached image data for key: https://images.metahub.space/poster/small/tt31193180/img (27098 bytes)
🖼️ [CACHE] Cached image data for key: https://images.metahub.space/poster/small/tt10799690/img (40967 bytes)
🖼️ [CACHE] Cached image data for key: https://images.metahub.space/poster/small/tt31227572/img (24034 bytes)
🖼️ [CACHE] Cached image data for key: https://images.metahub.space/poster/small/tt32820897/img (53296 bytes)
🖼️ [CACHE] Cached image data for key: https://images.metahub.space/poster/small/tt32141377/img (20678 bytes)
🖼️ [CACHE] Cached image data for key: https://images.metahub.space/poster/small/tt34610311/img (30787 bytes)
🖼️ [CACHE] Cached image data for key: https://images.metahub.space/poster/small/tt29768334/img (28877 bytes)
🖼️ [CACHE] Cached image data for key: https://images.metahub.space/poster/small/tt30144839/img (35849 bytes)
🖼️ [CACHE] Cached image data for key: https://images.metahub.space/poster/small/tt32642706/img (22671 bytes)
🖼️ [CACHE] Cached image data for key: https://images.metahub.space/poster/small/tt29567915/img (28516 bytes)
🖼️ [CACHE] Cached image data for key: https://images.metahub.space/poster/small/tt31193180/img (27098 bytes)
🖼️ [CACHE] Cached image data for key: https://images.metahub.space/poster/small/tt14142060/img (29910 bytes)
🖼️ [CACHE] Cached image data for key: https://images.metahub.space/poster/small/tt31050594/img (30111 bytes)
🖼️ [CACHE] Cached image data for key: https://images.metahub.space/poster/small/tt14107334/img (38222 bytes)
🖼️ [CACHE] Cached image data for key: https://images.metahub.space/poster/small/tt1312221/img (23730 bytes)
🖼️ [CACHE] Cached image data for key: https://images.metahub.space/poster/small/tt31923069/img (16983 bytes)
🖼️ [CACHE] Cached image data for key: https://images.metahub.space/poster/small/tt27847051/img (13836 bytes)
🖼️ [CACHE] Cached image data for key: https://images.metahub.space/poster/small/tt27714581/img (30242 bytes)
🖼️ [CACHE] Cached image data for key: https://images.metahub.space/poster/small/tt16311594/img (10204 bytes)
🖼️ [CACHE] Cached image data for key: https://images.metahub.space/poster/small/tt14364480/img (19894 bytes)
🖼️ [CACHE] Cached image data for key: https://images.metahub.space/poster/small/tt32642706/img (22671 bytes)
🖼️ [CACHE] Cached image data for key: https://images.metahub.space/poster/small/tt10548174/img (25576 bytes)
🖼️ [CACHE] Cached image data for key: https://images.metahub.space/poster/small/tt31495504/img (34216 bytes)
🖼️ [CACHE] Cached image data for key: https://images.metahub.space/poster/small/tt33479805/img (35005 bytes)
🖼️ [CACHE] Cached image data for key: https://images.metahub.space/poster/small/tt22740896/img (31424 bytes)
✅ SubDLClient initialized
🖼️ [CACHE] Cached image data for key: https://images.metahub.space/poster/small/tt33517752/img (19307 bytes)
[ INFO ] GET /api/metadata/catalog/series/popular [request-id: FAE3EE48-1119-4873-931B-6C29137BAE16]
2026-01-27 21:04:29.228 RedLemon[15449:461976] 🔄 Checking for app updates...
2026-01-27 21:04:29.229 RedLemon[15449:461984] 🔐 Signed request to /rpc/get_server_time
2026-01-27 21:04:29.501 RedLemon[15449:461984] 🔐 Signed request to /rpc/user_heartbeat
🔍 [Server] Proxying catalog request to: https://v3-cinemeta.strem.io/catalog/series/popular.json
💾 Cache SET: Catalog[quick_series_nfx.json_7] (7 items)
💾 Cache SET: Catalog[popular_shows_fixed] (18 items)
💾 Cache SET: Catalog[catalog_series_nfx.json] (18 items)
🖼️ [CACHE] Cached image data for key: https://images.metahub.space/poster/small/tt0096697/img (38094 bytes)
🖼️ [CACHE] Cached image data for key: https://images.metahub.space/poster/small/tt27497448/img (29429 bytes)
🖼️ [CACHE] Cached image data for key: https://images.metahub.space/poster/small/tt0098844/img (25669 bytes)
🖼️ [CACHE] Cached image data for key: https://images.metahub.space/poster/small/tt0413573/img (18220 bytes)
🖼️ [CACHE] Cached image data for key: https://images.metahub.space/poster/small/tt0203259/img (15736 bytes)
🖼️ [CACHE] Cached image data for key: https://images.metahub.space/poster/small/tt6470478/img (13774 bytes)
🖼️ [CACHE] Cached image data for key: https://images.metahub.space/poster/small/tt4574334/img (39579 bytes)
🖼️ [CACHE] Cached image data for key: https://images.metahub.space/poster/small/tt29921437/img (37831 bytes)
🖼️ [CACHE] Cached image data for key: https://images.metahub.space/poster/small/tt0460681/img (32690 bytes)
🖼️ [CACHE] Cached image data for key: https://images.metahub.space/poster/small/tt7587890/img (46240 bytes)
🖼️ [CACHE] Cached image data for key: https://images.metahub.space/poster/small/tt12343534/img (38002 bytes)
🖼️ [CACHE] Cached image data for key: https://images.metahub.space/poster/small/tt0364845/img (20660 bytes)
🖼️ [CACHE] Cached image data for key: https://images.metahub.space/poster/small/tt0452046/img (29762 bytes)
🖼️ [CACHE] Cached image data for key: https://images.metahub.space/poster/small/tt0412142/img (10572 bytes)
🖼️ [CACHE] Cached image data for key: https://images.metahub.space/poster/small/tt12637874/img (25872 bytes)
🖼️ [CACHE] Cached image data for key: https://images.metahub.space/poster/small/tt0118933/img (25773 bytes)
💾 Cache SET: Catalog[quick_series_top.json_7] (7 items)
🖼️ [CACHE] Cached image data for key: https://images.metahub.space/poster/small/tt0944947/img (20700 bytes)
💾 Cache SET: Catalog[catalog_series_top.json] (18 items)
🖼️ [CACHE] Cached image data for key: https://images.metahub.space/poster/small/tt10394706/img (31907 bytes)
🖼️ [CACHE] Cached image data for key: https://images.metahub.space/poster/small/tt35495073/img (35960 bytes)
🖼️ [CACHE] Cached image data for key: https://images.metahub.space/poster/small/tt14186672/img (26538 bytes)
🖼️ [CACHE] Cached image data for key: https://images.metahub.space/poster/small/tt1399664/img (20224 bytes)
🖼️ [CACHE] Cached image data for key: https://images.metahub.space/poster/small/tt33035373/img (23928 bytes)
🖼️ [CACHE] Cached image data for key: https://images.metahub.space/poster/small/tt0903747/img (35371 bytes)
🖼️ [CACHE] Cached image data for key: https://images.metahub.space/poster/small/tt9169516/img (26576 bytes)
🖼️ [CACHE] Cached image data for key: https://images.metahub.space/poster/small/tt31938062/img (19783 bytes)
🖼️ [CACHE] Cached image data for key: https://images.metahub.space/poster/small/tt22202452/img (14264 bytes)
🖼️ [CACHE] Cached image data for key: https://live.metahub.space/poster/small/tt37449205/img (30201 bytes)
🖼️ [CACHE] Cached image data for key: https://images.metahub.space/poster/small/tt33270420/img (37515 bytes)
🖼️ [CACHE] Cached image data for key: https://images.metahub.space/poster/small/tt32499731/img (21661 bytes)
🖼️ [CACHE] Cached image data for key: https://images.metahub.space/poster/small/tt31974288/img (39863 bytes)
💾 Cache SET: Catalog[quick_series_amp.json_7] (7 items)
💾 Cache SET: Catalog[catalog_series_amp.json] (18 items)
💾 Cache SET: Catalog[quick_series_dnp.json_7] (7 items)
💾 Cache SET: Catalog[catalog_series_dnp.json] (18 items)
💾 Cache SET: Catalog[quick_series_hbm.json_7] (7 items)
👤 LicenseManager: Profile expiry: Optional(2026-04-18 17:23:32 +0000)
🎉 License updated! Expires: 2026-04-18 17:23:32 +0000
🔍 Silent update check (custom implementation)...
⏰ TimeService: Synchronizing clock with server...
💾 Cache SET: Catalog[catalog_series_hbm.json] (18 items)
✅ TimeService: Synced! Offset: 0.019s (RTT: 158ms)
   Local:  2026-01-28 02:04:29 +0000
   Server: 2026-01-28 02:04:29 +0000
💾 Cache SET: Catalog[quick_series_atp.json_7] (7 items)
💾 Cache SET: Catalog[catalog_series_atp.json] (18 items)
💾 Cache SET: Catalog[quick_series_pmp.json_7] (7 items)
💾 Cache SET: Catalog[catalog_series_pmp.json] (18 items)
💾 Cache SET: Catalog[quick_movie_amp.json_7] (7 items)
💾 Cache SET: Catalog[catalog_movie_amp.json] (18 items)
💾 Cache SET: Catalog[quick_movie_dnp.json_7] (7 items)
💾 Cache SET: Catalog[catalog_movie_dnp.json] (18 items)
💾 Cache SET: Catalog[quick_movie_hbm.json_7] (7 items)
💾 Cache SET: Catalog[catalog_movie_hbm.json] (18 items)
💾 Cache SET: Catalog[quick_movie_atp.json_7] (7 items)
💾 Cache SET: Catalog[catalog_movie_atp.json] (18 items)
💾 Cache SET: Catalog[quick_movie_pmp.json_7] (7 items)
💾 Cache SET: Catalog[catalog_movie_pmp.json] (18 items)
💾 Cache SET: Catalog[quick_movie_hlu.json_7] (7 items)
🖼️ [CACHE] Cached image data for key: https://images.justwatch.com/poster/340508749/s332/img (54161 bytes)
🖼️ [CACHE] Cached image data for key: https://images.justwatch.com/poster/338962154/s332/img (51864 bytes)
🖼️ [CACHE] Cached image data for key: https://images.justwatch.com/poster/340843049/s332/img (34756 bytes)
🖼️ [CACHE] Cached image data for key: https://images.justwatch.com/poster/328335894/s332/img (39916 bytes)
🖼️ [CACHE] Cached image data for key: https://images.justwatch.com/poster/8679124/s332/img (40046 bytes)
🖼️ [CACHE] Cached image data for key: https://images.justwatch.com/poster/174896138/s332/img (40179 bytes)
🖼️ [CACHE] Cached image data for key: https://images.justwatch.com/poster/313072094/s332/img (52586 bytes)
🖼️ [CACHE] Cached image data for key: https://images.justwatch.com/poster/340888016/s332/img (41595 bytes)
🖼️ [CACHE] Cached image data for key: https://images.justwatch.com/poster/340925133/s332/img (44402 bytes)
🖼️ [CACHE] Cached image data for key: https://images.justwatch.com/poster/335474178/s332/img (42733 bytes)
🖼️ [CACHE] Cached image data for key: https://images.justwatch.com/poster/309835929/s332/img (47787 bytes)
🖼️ [CACHE] Cached image data for key: https://images.justwatch.com/poster/336393313/s332/img (35742 bytes)
💾 Cache SET: Catalog[catalog_movie_hlu.json] (18 items)
🖼️ [CACHE] Cached image data for key: https://images.justwatch.com/poster/338847390/s332/img (46101 bytes)
🖼️ [CACHE] Cached image data for key: https://images.justwatch.com/poster/340662430/s332/img (70566 bytes)
🖼️ [CACHE] Cached image data for key: https://images.justwatch.com/poster/102622497/s332/img (38430 bytes)
🖼️ [CACHE] Cached image data for key: https://images.justwatch.com/poster/336142119/s332/img (35941 bytes)
🖼️ [CACHE] Cached image data for key: https://images.justwatch.com/poster/309896363/s332/img (42659 bytes)
🖼️ [CACHE] Cached image data for key: https://images.justwatch.com/poster/321615648/s332/img (45112 bytes)
⏰ AppState: Next schedule update set for Event End: 2026-01-28 03:58:34 +0000
⏰ AppState: Scheduling update in 6840 seconds
💾 Cache SET: Catalog[quick_movie_pcp.json_7] (7 items)
💾 Cache SET: Catalog[catalog_movie_pcp.json] (18 items)
💾 Cache SET: Catalog[quick_movie_stz.json_7] (7 items)
💾 Cache SET: Catalog[catalog_movie_stz.json] (18 items)
💾 Cache SET: Catalog[quick_movie_sst.json_7] (7 items)
💾 Cache SET: Catalog[catalog_movie_sst.json] (18 items)
🔍 Loading metadata for: Predator: Badlands (type: movie, id: tt31227572)
[ INFO ] GET /api/metadata/meta/movie/tt31227572 [request-id: 68A40F6F-5D8D-4A1C-8E3B-44F57DA2A879]
2026-01-27 21:04:37.500 RedLemon[15449:461983] 📦 Decoded CinemetaMeta - videos count: -1
2026-01-27 21:04:37.500 RedLemon[15449:461976] ✅ Metadata loaded successfully
2026-01-27 21:04:37.500 RedLemon[15449:461976]    Type: movie
2026-01-27 21:04:37.501 RedLemon[15449:461976]    Background URL: https://images.metahub.space/background/medium/tt31227572/img
2026-01-27 21:04:37.501 RedLemon[15449:461976]    Poster URL: https://images.metahub.space/poster/small/tt31227572/img
2026-01-27 21:04:37.501 RedLemon[15449:461976]    Videos array: 0 episodes
💾 Cache SET: Metadata[meta_movie_tt31227572]
📡 SocialService: Updated status - Browsing: 
🔍 Loading metadata for: The Life of Chuck (type: movie, id: tt12908150)
[ INFO ] GET /api/metadata/meta/movie/tt12908150 [request-id: E85E1EA0-5858-46FF-BD34-1F4178DECEB7]
2026-01-27 21:04:42.437 RedLemon[15449:461982] 📦 Decoded CinemetaMeta - videos count: -1
2026-01-27 21:04:42.437 RedLemon[15449:461976] ✅ Metadata loaded successfully
2026-01-27 21:04:42.437 RedLemon[15449:461976]    Type: movie
2026-01-27 21:04:42.437 RedLemon[15449:461976]    Background URL: https://images.metahub.space/background/medium/tt12908150/img
2026-01-27 21:04:42.437 RedLemon[15449:461976]    Poster URL: https://images.metahub.space/poster/small/tt12908150/img
2026-01-27 21:04:42.437 RedLemon[15449:461976]    Videos array: 0 episodes
2026-01-27 21:04:55.174 RedLemon[15449:462199] 🔐 Signed request to /rpc/user_heartbeat
💾 Cache SET: Metadata[meta_movie_tt12908150]
📡 SocialService: Updated status - Browsing: 
⏰ AppState: Next schedule update set for Event End: 2026-01-28 03:58:34 +0000
⏰ AppState: Scheduling update in 6830 seconds
⏰ AppState: Next schedule update set for Event End: 2026-01-28 03:58:34 +0000
⏰ AppState: Scheduling update in 6819 seconds
🖼️ [CACHE] Cached image data for key: https://images.justwatch.com/poster/192048805/s332/img (43578 bytes)
🖼️ [CACHE] Cached image data for key: https://images.justwatch.com/poster/302993962/s332/img (64972 bytes)
🖼️ [CACHE] Cached image data for key: https://images.justwatch.com/poster/9665824/s332/img (58974 bytes)
🖼️ [CACHE] Cached image data for key: https://images.justwatch.com/poster/241779763/s332/img (48752 bytes)
🖼️ [CACHE] Cached image data for key: https://images.justwatch.com/poster/249473713/s332/img (40462 bytes)
🖼️ [CACHE] Cached image data for key: https://images.justwatch.com/poster/245359738/s332/img (32332 bytes)
🖼️ [CACHE] Cached image data for key: https://images.justwatch.com/poster/312811279/s332/img (48255 bytes)
🖼️ [CACHE] Cached image data for key: https://images.justwatch.com/poster/245235885/s332/img (37719 bytes)
🖼️ [CACHE] Cached image data for key: https://images.justwatch.com/poster/8731868/s332/img (56932 bytes)
🖼️ [CACHE] Cached image data for key: https://images.justwatch.com/poster/240269951/s332/img (32641 bytes)
🖼️ [CACHE] Cached image data for key: https://images.justwatch.com/poster/166839313/s332/img (47328 bytes)
🖼️ [CACHE] Cached image data for key: https://images.justwatch.com/poster/243656762/s332/img (42262 bytes)
🖼️ [CACHE] Cached image data for key: https://images.justwatch.com/poster/178336415/s332/img (53893 bytes)
🖼️ [CACHE] Cached image data for key: https://images.justwatch.com/poster/316720855/s332/img (43567 bytes)
🖼️ [CACHE] Cached image data for key: https://images.justwatch.com/poster/206292111/s332/img (32816 bytes)
🖼️ [CACHE] Cached image data for key: https://images.justwatch.com/poster/154373248/s332/img (63627 bytes)
🖼️ [CACHE] Cached image data for key: https://images.justwatch.com/poster/306454329/s332/img (36061 bytes)
🖼️ [CACHE] Cached image data for key: https://images.justwatch.com/poster/309786652/s332/img (45440 bytes)
⏰ AppState: Next schedule update set for Event End: 2026-01-28 03:58:34 +0000
⏰ AppState: Scheduling update in 6810 seconds
🖼️ [CACHE] Cached image data for key: https://images.justwatch.com/poster/130849429/s332/img (31826 bytes)
🖼️ [CACHE] Cached image data for key: https://images.justwatch.com/poster/181451675/s332/img (59790 bytes)
🖼️ [CACHE] Cached image data for key: https://images.justwatch.com/poster/18641530/s332/img (37797 bytes)
🖼️ [CACHE] Cached image data for key: https://images.justwatch.com/poster/304958194/s332/img (43186 bytes)
🖼️ [CACHE] Cached image data for key: https://images.justwatch.com/poster/300655827/s332/img (59154 bytes)
🖼️ [CACHE] Cached image data for key: https://images.justwatch.com/poster/272457645/s332/img (36170 bytes)
🖼️ [CACHE] Cached image data for key: https://images.justwatch.com/poster/129491022/s332/img (29202 bytes)
🖼️ [CACHE] Cached image data for key: https://images.justwatch.com/poster/308655022/s332/img (49128 bytes)
🖼️ [CACHE] Cached image data for key: https://images.justwatch.com/poster/334955710/s332/img (50922 bytes)
🖼️ [CACHE] Cached image data for key: https://images.justwatch.com/poster/228420776/s332/img (36766 bytes)
🖼️ [CACHE] Cached image data for key: https://images.justwatch.com/poster/327009059/s332/img (64183 bytes)
🖼️ [CACHE] Cached image data for key: https://images.justwatch.com/poster/177294807/s332/img (48851 bytes)
🖼️ [CACHE] Cached image data for key: https://images.justwatch.com/poster/336789164/s332/img (34421 bytes)
🖼️ [CACHE] Cached image data for key: https://images.justwatch.com/poster/176049752/s332/img (33637 bytes)
🖼️ [CACHE] Cached image data for key: https://images.justwatch.com/poster/301432214/s332/img (56997 bytes)
🖼️ [CACHE] Cached image data for key: https://images.justwatch.com/poster/177867069/s332/img (29362 bytes)
🖼️ [CACHE] Cached image data for key: https://images.justwatch.com/poster/301981224/s332/img (40588 bytes)
🖼️ [CACHE] Cached image data for key: https://images.justwatch.com/poster/337869634/s332/img (50764 bytes)
💾 Cache SET: Catalog[quick_series_hlu.json_7] (7 items)
💾 Cache SET: Catalog[catalog_series_hlu.json] (18 items)
💾 Cache SET: Catalog[quick_series_pcp.json_7] (7 items)
💾 Cache SET: Catalog[catalog_series_pcp.json] (18 items)
💾 Cache SET: Catalog[quick_series_stz.json_7] (7 items)
💾 Cache SET: Catalog[catalog_series_stz.json] (18 items)
💾 Cache SET: Catalog[quick_series_sst.json_7] (7 items)
💾 Cache SET: Catalog[catalog_series_sst.json] (18 items)
💾 Cache SET: Catalog[quick_series_dpe.json_7] (7 items)
💾 Cache SET: Catalog[catalog_series_dpe.json] (18 items)
🔍 Loading metadata for: Bugonia (type: movie, id: tt12300742)
[ INFO ] GET /api/metadata/meta/movie/tt12300742 [request-id: AFFD368A-6D1C-4447-91F3-713BBA818797]
2026-01-27 21:05:12.474 RedLemon[15449:462294] 📦 Decoded CinemetaMeta - videos count: -1
2026-01-27 21:05:12.474 RedLemon[15449:461976] ✅ Metadata loaded successfully
2026-01-27 21:05:12.474 RedLemon[15449:461976]    Type: movie
2026-01-27 21:05:12.474 RedLemon[15449:461976]    Background URL: https://images.metahub.space/background/medium/tt12300742/img
2026-01-27 21:05:12.474 RedLemon[15449:461976]    Poster URL: https://images.metahub.space/poster/small/tt12300742/img
2026-01-27 21:05:12.474 RedLemon[15449:461976]    Videos array: 0 episodes
2026-01-27 21:05:20.847 RedLemon[15449:461981] 🔐 Signed request to /rpc/user_heartbeat
2026-01-27 21:05:48.418 RedLemon[15449:462447] 🔐 Signed request to /rpc/user_heartbeat
2026-01-27 21:06:13.935 RedLemon[15449:462569] 🔐 Signed request to /rpc/user_heartbeat
💾 Cache SET: Metadata[meta_movie_tt12300742]
⏰ AppState: Next schedule update set for Event End: 2026-01-28 03:58:34 +0000
⏰ AppState: Scheduling update in 6800 seconds
📡 SocialService: Updated status - Browsing: 
🖼️ [CACHE] Cached image data for key: https://images.justwatch.com/poster/300727661/s332/img (26366 bytes)
🖼️ [CACHE] Cached image data for key: https://images.justwatch.com/poster/339094482/s332/img (45680 bytes)
🖼️ [CACHE] Cached image data for key: https://images.justwatch.com/poster/308760567/s332/img (26806 bytes)
🖼️ [CACHE] Cached image data for key: https://images.justwatch.com/poster/339274561/s332/img (42700 bytes)
🖼️ [CACHE] Cached image data for key: https://images.justwatch.com/poster/339843196/s332/img (59166 bytes)
🖼️ [CACHE] Cached image data for key: https://images.justwatch.com/poster/340347839/s332/img (45215 bytes)
📡 SocialService: Updated status - Browsing: 
📡 [EventsConfig] Checking server for movie_events config version...
⚠️ Performing safe memory cleanup
🗑️ Expired cache items cleared
🧹 Safe memory cleanup complete:
   Catalogs: 48
   Metadata: 3
   Images: 0 (cleared 143 items)
✅ [EventsConfig] Fetched movie_events version 1586 with 397 movies
✅ [EventsConfig] Using cached movie_events config (version 1586, 397 movies)
⏰ AppState: Next schedule update set for Event End: 2026-01-28 03:58:34 +0000
⏰ AppState: Scheduling update in 6790 seconds
📡 SocialService: Updated status - Browsing: 
📅 EventsView appeared
📡 SocialService: Updated status - Browsing Events: 
📡 SocialService: Updated status - Browsing: 
⏰ AppState: Next schedule update set for Event End: 2026-01-28 03:58:34 +0000
⏰ AppState: Scheduling update in 6780 seconds
⏰ AppState: Next schedule update set for Event End: 2026-01-28 03:58:34 +0000
⏰ AppState: Scheduling update in 6770 seconds
⏰ AppState: Next schedule update set for Event End: 2026-01-28 03:58:34 +0000
⏰ AppState: Scheduling update in 6760 seconds
⏰ AppState: Next schedule update set for Event End: 2026-01-28 03:58:34 +0000
⏰ AppState: Scheduling update in 6750 seconds
⏰ AppState: Next schedule update set for Event End: 2026-01-28 03:58:34 +0000
⏰ AppState: Scheduling update in 6740 seconds
[ INFO ] GET /api/metadata/meta/series/tt33517752 [request-id: 4DCBB339-DF11-4429-8CA7-0FBE9A483BD7]
2026-01-27 21:06:21.525 RedLemon[15449:462569] 📦 Decoded CinemetaMeta - videos count: 11
2026-01-27 21:06:22.765 RedLemon[15449:461976] 🎬 Creating Watch Party for: The Beauty
2026-01-27 21:06:22.766 RedLemon[15449:462740] Background: ⏳ Starting room creation (Unstructured Race)...
2026-01-27 21:06:22.766 RedLemon[15449:462740] Background: ▶️ createRoom task started (Direct Singleton Access)
2026-01-27 21:06:22.767 RedLemon[15449:462740] 🎬 SupabaseClient: createRoom called for id: 27X9 - ENTRY
2026-01-27 21:06:22.768 RedLemon[15449:462740] 🎬 SupabaseClient: Creating room '27X9' for host 'lemontom'...
2026-01-27 21:06:22.769 RedLemon[15449:462740] 🔐 Signed request to /rooms
2026-01-27 21:06:23.358 RedLemon[15449:462569] ✅ SupabaseClient: Room creation request completed (received response)
2026-01-27 21:06:23.362 RedLemon[15449:462569] Background: ✅ createRoom task finished
2026-01-27 21:06:23.364 RedLemon[15449:462569] 🔐 Signed request to /room_participants
2026-01-27 21:06:23.767 RedLemon[15449:461976] ✅ PlayerVM: currentWatchPartyRoom set to 27X9
2026-01-27 21:06:23.769 RedLemon[15449:461976] ✨ [AppState] Registered new active lobby: 27X9
2026-01-27 21:06:23.890 RedLemon[15449:461976] [LOBBY_VIEW] onAppear: shouldAutoJoinLobby=false, room=27X9, timeUntilStart=0
2026-01-27 21:06:23.979 RedLemon[15449:462567] 🔐 Signed request to /room_participants
2026-01-27 21:06:23.979 RedLemon[15449:462738] 🔐 Signed request to /rooms
💾 Cache SET: Metadata[meta_series_tt33517752]
📡 [EventsConfig] Checking server for movie_events config version...
✅ [EventsConfig] Fetched movie_events version 1586 with 397 movies
✅ [EventsConfig] Using cached movie_events config (version 1586, 397 movies)
🎭 Lobby: Connecting to room 27X9...
🚦 Lobby State: connecting
🔄 Lobby: Fetching fresh room state from Supabase...
✅ Cache HIT: Metadata[meta_series_tt33517752]
🛑 Lobby: Host explicitly clearing playback state in DB to prevent autoplay loop
[ INFO ] GET /api/metadata/meta/series/tt33517752 [request-id: F729A52D-EE81-4401-8CB7-2E6ADF8BE236]
2026-01-27 21:06:24.112 RedLemon[15449:462679] ✅ SupabaseClient: Updated room playback (Playing: false, Pos: 0s, ClearedStream: false)
2026-01-27 21:06:24.188 RedLemon[15449:461976] ✅ Host re-joined room 27X9 in database (refreshing presence)
2026-01-27 21:06:24.188 RedLemon[15449:462679] 📡 SupabaseClient: updateRoomPlaylist called for room 27X9 with 1 items, index: 0
2026-01-27 21:06:24.190 RedLemon[15449:462679] 🔐 Signed request to /rooms
2026-01-27 21:06:24.201 RedLemon[15449:462611] 📝 Realtime: Registered observer 'lobby' (Presence: YES, Sync: NO, Status: NO)
2026-01-27 21:06:24.241 RedLemon[15449:462611] 📝 Realtime: Registered observer 'lobby' (Presence: NO, Sync: YES, Status: NO)
2026-01-27 21:06:24.264 RedLemon[15449:462738] 🔐 SupabaseClient: Signing Identity Payload: '176956598496e01cdb-36c0-4228-a6e4-a29a3c66bc8e/rpc/room_heartbeat'
2026-01-27 21:06:24.264 RedLemon[15449:462738] 🔐 Signed request to /rpc/room_heartbeat
2026-01-27 21:06:24.321 RedLemon[15449:462679] ✅ SupabaseClient: Playlist updated successfully
2026-01-27 21:06:24.381 RedLemon[15449:461976] 📨 Lobby: Received Room UPDATE from Realtime
2026-01-27 21:06:24.539 RedLemon[15449:461976] 📨 Lobby: Received Room UPDATE from Realtime
2026-01-27 21:06:41.428 RedLemon[15449:462740] 🔐 Signed request to /rpc/user_heartbeat
2026-01-27 21:06:45.586 RedLemon[15449:461976] 📨 Lobby: Received Room UPDATE from Realtime
2026-01-27 21:06:45.586 RedLemon[15449:461976] 📨 Lobby: Received Room UPDATE from Realtime
2026-01-27 21:06:45.831 RedLemon[15449:462889] 📨 Realtime: Received broadcast message
2026-01-27 21:06:45.831 RedLemon[15449:462889]    Payload keys: chatText, position, chatUsername, senderId, timestamp, type
2026-01-27 21:06:45.832 RedLemon[15449:462889] ✅ Realtime: Decoded message type: chat, sender: 4aef4e1b-ba8e-4d31-8736-bca3b94f402b
2026-01-27 21:06:45.849 RedLemon[15449:461976] 👋 Host received: Guest 'witheredrose' joined room 27X9
2026-01-27 21:06:45.850 RedLemon[15449:461976]    Guest ID: 4aef4e1b-ba8e-4d31-8736-bca3b94f402b, Total participants: 2
2026-01-27 21:06:45.867 RedLemon[15449:461976] 👥 Room status after join: 2 participants, 0 ready
2026-01-27 21:06:45.882 RedLemon[15449:461976] ✅ Lobby: Synced participants to AppState (Count: 2)
2026-01-27 21:06:46.090 RedLemon[15449:461976] 📨 Lobby: Received Room UPDATE from Realtime
2026-01-27 21:06:47.340 RedLemon[15449:461976] 🎬 Host: Starting movie for 2 participants
2026-01-27 21:06:47.408 RedLemon[15449:462889] 📤 Realtime: Sending message type: chat, sender: 96e01cdb-36c0-4228-a6e4-a29a3c66bc8e
2026-01-27 21:06:47.409 RedLemon[15449:462889]    Payload keys: senderId, chatUsername, position, timestamp, chatText, type
2026-01-27 21:06:47.410 RedLemon[15449:462889] ✅ Realtime: Message broadcast complete
2026-01-27 21:06:47.474 RedLemon[15449:462611] ✅ StreamService: Using provided metadata: The Beauty
2026-01-27 21:06:47.474 RedLemon[15449:462611] ⚡️ StreamService: Resolving streams via StreamResolver (Bypassing HTTP)...
2026-01-27 21:06:47.475 RedLemon[15449:462738] 📝 [APP] 🎬 StreamService: Starting resolution for: The Beauty ["file": "StreamService.swift", "level": "INFO", "line": "199"]
2026-01-27 21:06:47.476 RedLemon[15449:462738] 📝 [APP] New Session Started ["app_version": "1.0.163", "build": "163", "session_id": "FD2DD8D4-858A-4276-86BC-2B64B0F03702", "trigger_source": "watch_party_resolve", "user_id": "96E01CDB-36C0-4228-A6E4-A29A3C66BC8E"]
2026-01-27 21:06:47.476 RedLemon[15449:462738] 📝 [APP] Target Content Set ["imdb_id": "tt33517752"]
2026-01-27 21:06:47.476 RedLemon[15449:462889] 📝 [APP] SessionRecorder initialized
2026-01-27 21:06:47.477 RedLemon[15449:462738] 📝 [RESOLVER] Started Resolution ["episode": "1", "season": "1", "type": "series"]
2026-01-27 21:06:47.535 RedLemon[15449:462738] 📨 Realtime: Received broadcast message
2026-01-27 21:06:47.535 RedLemon[15449:462738]    Payload keys: chatText, timestamp, senderId, position, type, chatUsername
2026-01-27 21:06:47.536 RedLemon[15449:462738] ✅ Realtime: Decoded message type: chat, sender: 96e01cdb-36c0-4228-a6e4-a29a3c66bc8e
2026-01-27 21:06:49.061 RedLemon[15449:462889]    📅 Filtering by year: 2025–
2026-01-27 21:06:49.265 RedLemon[15449:462738] 📦 StreamResolver: Fetching streams from ProviderManager...
2026-01-27 21:06:49.266 RedLemon[15449:462738] 🔍 ProviderManager: Fetching streams for tt33517752...
2026-01-27 21:06:49.267 RedLemon[15449:462738] 🔍 Zilean: Searching via IMDB ID: tt33517752
2026-01-27 21:06:49.267 RedLemon[15449:462889] ✨ Torrentio: Using Auto-Generated Config (RealDebrid)
2026-01-27 21:06:49.267 RedLemon[15449:462889] 📺 Torrentio: Building URL for S01E01
2026-01-27 21:06:49.267 RedLemon[15449:462889] 🔗 Torrentio URL (length: 125): https://torrentio.strem.fun/realdebrid=K67JV2V4FTUA7RYN6T34BFIUBRUZERBO45A6UL3O7TE5ZHFDQQSA/stream/series/tt33517752:1:1.json...
2026-01-27 21:06:49.267 RedLemon[15449:462889] 🔍 Torrentio: Fetching https://torrentio.strem.fun/realdebrid=K67JV2V4FTUA7RYN6T34BFIUBRUZERBO45A6UL3O7TE5ZHFDQQSA/stream/series/tt33517752:1:1.json
2026-01-27 21:06:49.268 RedLemon[15449:462740] 📺 DebridSearch: Building URL for S01E01
2026-01-27 21:06:49.268 RedLemon[15449:462740] 🔗 DebridSearch URL: https://68d69db7dc40-debrid-search.baby-beamup.club/%7B%22DebridProvider%22%3A%22RealDebrid%22,%22DebridApiKey%22%3A%22***%22%7D/stream/series/tt33517752:1:1.json
2026-01-27 21:06:49.268 RedLemon[15449:462740] 🔍 DebridSearch: Fetching https://68d69db7dc40-debrid-search.baby-beamup.club/%7B%22DebridProvider%22%3A%22RealDebrid%22,%22DebridApiKey%22%3A%22K67JV2V4FTUA7RYN6T34BFIUBRUZERBO45A6UL3O7TE5ZHFDQQSA%22%7D/stream/series/tt33517752:1:1.json
2026-01-27 21:06:49.367 RedLemon[15449:462738] 📡 Torrentio: HTTP 200, received 30848 bytes
2026-01-27 21:06:49.380 RedLemon[15449:462738] ✅ Torrentio: Parsed 60 streams from 60 raw
2026-01-27 21:06:49.709 RedLemon[15449:462740] ✅ Zilean: Got 0 results
2026-01-27 21:06:55.108 RedLemon[15449:462741] ✅ DebridSearch: Parsed 22 streams
2026-01-27 21:06:55.108 RedLemon[15449:462738] ✅ ProviderManager: Fetched 82 raw, returning 82 unique streams
2026-01-27 21:06:55.108 RedLemon[15449:462738] 📦 StreamResolver: Received 82 raw streams, bucketing...
2026-01-27 21:06:55.108 RedLemon[15449:462738] 📝 [RESOLVER] Providers Fetched ["debridsearch": "22", "torrentio": "60"]
2026-01-27 21:06:56.316 RedLemon[15449:462738] 📝 [RESOLVER] Resolution Complete ["1080p": "1", "2160p": "1", "720p": "1", "selected_provider": "debridsearch", "selected_title": "The Beauty S01E01 Beautiful Pilot 1080p DSNP WEB-DL DDP5 1 H 264-FLUX[EZTVx.to].mkv
/The Beauty S01E01 Beautiful Pilot 1080p DSNP WEB-DL DDP5 1 H 264-FLUX[EZTVx.to].mkv
💾 1.64 GB"]
2026-01-27 21:06:56.317 RedLemon[15449:462890] 📝 [APP] 📦 StreamService: Found 29 total streams to try (across all qualities) ["file": "StreamService.swift", "level": "INFO", "line": "406"]
2026-01-27 21:06:57.325 RedLemon[15449:462741] 📥 StreamService: Pre-downloading 1 (capped from 1) subtitles for direct stream...
2026-01-27 21:06:57.325 RedLemon[15449:462741] 🐛 StreamService: downloadSubtitlesInParallel called. Season: Optional(1), Episode: Optional(1), Count: 1
2026-01-27 21:06:57.326 RedLemon[15449:462740] 🔍 DEBUG: Processing subtitle URL: /subtitle/3544880-8466988.zip
2026-01-27 21:06:57.326 RedLemon[15449:462740] ✅ DEBUG: Raw SubDL URL detected, converting to proxy URL
2026-01-27 21:06:57.328 RedLemon[15449:462741] 📥 StreamService: Pre-downloading 1 (capped from 1) subtitles for direct stream...
2026-01-27 21:06:57.328 RedLemon[15449:462741] 🐛 StreamService: downloadSubtitlesInParallel called. Season: Optional(1), Episode: Optional(1), Count: 1
2026-01-27 21:06:57.328 RedLemon[15449:462741] 🔍 DEBUG: Processing subtitle URL: http://127.0.0.1:47253/subtitles/subdl/L3N1YnRpdGxlLzM1NDQ4ODAtODQ2Njk4OC56aXA=?season=1&episode=1&token=2ECB62C5-2CC0-4B6A-A176-B11451BA33D6
2026-01-27 21:06:57.329 RedLemon[15449:462741] ✅ DEBUG: SubDL proxy URL detected, skipping download
2026-01-27 21:06:57.370 RedLemon[15449:462741] 🔄 SupabaseClient: Resetting playback state for room 27X9
2026-01-27 21:06:57.370 RedLemon[15449:462741] 🔐 Signed request to /rooms
2026-01-27 21:06:57.504 RedLemon[15449:462741] ✅ Persisted stream selection to room 27X9
2026-01-27 21:06:57.505 RedLemon[15449:461976] ✅ Host: Stream resolved and persisted OK
2026-01-27 21:06:57.505 RedLemon[15449:461976] ⏳ Host: Initiating handshake for 1 guests...
2026-01-27 21:06:57.522 RedLemon[15449:462740] 📤 Realtime: Sending message type: chat, sender: 96e01cdb-36c0-4228-a6e4-a29a3c66bc8e
2026-01-27 21:06:57.523 RedLemon[15449:462740]    Payload keys: senderId, timestamp, chatUsername, position, chatText, type
2026-01-27 21:06:57.524 RedLemon[15449:462738] ✅ Realtime: Message broadcast complete
2026-01-27 21:06:57.590 RedLemon[15449:461976] 📨 Lobby: Received Room UPDATE from Realtime
2026-01-27 21:06:57.646 RedLemon[15449:462890] 📨 Realtime: Received broadcast message
2026-01-27 21:06:57.646 RedLemon[15449:462890]    Payload keys: timestamp, senderId, chatText, position, chatUsername, type
2026-01-27 21:06:57.647 RedLemon[15449:462890] ✅ Realtime: Decoded message type: chat, sender: 96e01cdb-36c0-4228-a6e4-a29a3c66bc8e
2026-01-27 21:06:57.779 RedLemon[15449:462741] Background: ⏰ Timeout fired! Attempting to fail continuation...
2026-01-27 21:06:59.694 RedLemon[15449:462740] 🔐 SupabaseClient: Signing Identity Payload: '176956601996e01cdb-36c0-4228-a6e4-a29a3c66bc8e/rpc/room_heartbeat'
2026-01-27 21:06:59.695 RedLemon[15449:462740] 🔐 Signed request to /rpc/room_heartbeat
2026-01-27 21:06:59.980 RedLemon[15449:461976] 📨 Lobby: Received Room UPDATE from Realtime
2026-01-27 21:07:06.775 RedLemon[15449:462611] 📨 Realtime: Received broadcast message
2026-01-27 21:07:06.775 RedLemon[15449:462611]    Payload keys: chatText, senderId, chatUsername, position, timestamp, type
2026-01-27 21:07:06.775 RedLemon[15449:462611] ✅ Realtime: Decoded message type: chat, sender: 4aef4e1b-ba8e-4d31-8736-bca3b94f402b
2026-01-27 21:07:06.776 RedLemon[15449:461976] ✅ Lobby: Participant 4aef4e1b-ba8e-4d31-8736-bca3b94f402b is ready for stream
2026-01-27 21:07:07.089 RedLemon[15449:461976] ✅ Host: All guests ready (1/1)! Starting countdown.
2026-01-27 21:07:07.112 RedLemon[15449:462611] 🔐 Signed request to /rpc/user_heartbeat
2026-01-27 21:07:07.129 RedLemon[15449:463223] 📤 Realtime: Sending message type: chat, sender: 96e01cdb-36c0-4228-a6e4-a29a3c66bc8e
2026-01-27 21:07:07.130 RedLemon[15449:463223]    Payload keys: chatText, position, senderId, timestamp, chatUsername, type
2026-01-27 21:07:07.130 RedLemon[15449:463223] ✅ Realtime: Message broadcast complete
2026-01-27 21:07:07.130 RedLemon[15449:461976] ✅ Host: Successfully broadcast LOBBY_START_COUNTDOWN via Realtime
2026-01-27 21:07:07.130 RedLemon[15449:461976] 📡 Realtime delivery confirmed for 2 guests
2026-01-27 21:07:07.135 RedLemon[15449:462738] 🔐 Signed request to /rooms
2026-01-27 21:07:07.255 RedLemon[15449:462611] 📨 Realtime: Received broadcast message
2026-01-27 21:07:07.255 RedLemon[15449:462611]    Payload keys: chatUsername, timestamp, senderId, position, chatText, type
2026-01-27 21:07:07.255 RedLemon[15449:462611] ✅ Realtime: Decoded message type: chat, sender: 96e01cdb-36c0-4228-a6e4-a29a3c66bc8e
2026-01-27 21:07:07.269 RedLemon[15449:461976] ✅ Host: Set room playback state in database as fallback
2026-01-27 21:07:07.350 RedLemon[15449:461976] 📨 Lobby: Received Room UPDATE from Realtime
2026-01-27 21:07:10.124 RedLemon[15449:461976] 🎬 Host: Launching player for The Beauty
2026-01-27 21:07:10.124 RedLemon[15449:461976] 🎬 [HOST_START] navigateToPlayer called
2026-01-27 21:07:10.125 RedLemon[15449:461976]    - Stream: The Beauty S01E01 Beautiful Pilot 1080p DSNP WEB-DL DDP5 1 H 264-FLUX[EZTVx.to].mkv
/The Beauty S01E01 Beautiful Pilot 1080p DSNP WEB-DL DDP5 1 H 264-FLUX[EZTVx.to].mkv
💾 1.64 GB
2026-01-27 21:07:10.125 RedLemon[15449:461976]    - Room: 27X9
2026-01-27 21:07:10.125 RedLemon[15449:461976]    - Media: The Beauty
2026-01-27 21:07:10.308 RedLemon[15449:463223] 📤 Realtime: Sending message type: chat, sender: 96e01cdb-36c0-4228-a6e4-a29a3c66bc8e
2026-01-27 21:07:10.308 RedLemon[15449:463223]    Payload keys: position, type, chatText, senderId, chatUsername, timestamp
2026-01-27 21:07:10.311 RedLemon[15449:463223] ✅ Realtime: Message broadcast complete
📡 SocialService: Updated status - In Lobby: The Beauty: The Beauty
✅ Lobby: Loaded metadata for The Beauty
✅ Lobby: Synced CLEAN stream info, metadata & playlist to AppState
🆕 Lobby: Auto-adding initial item to playlist: The Beauty
⏰ AppState: Next schedule update set for Event End: 2026-01-28 03:58:34 +0000
⏰ AppState: Scheduling update in 6730 seconds
🔌 Setting up Realtime channel: watch-party:27X9
   Role: Host
   User ID: 96e01cdb-36c0-4228-a6e4-a29a3c66bc8e
📡 Connection state: connected
📡 Connection state: connecting
📡 Joined channel: realtime:watch-party:27X9 (interest count: 1)
📡 Connection state: connected
✅ Realtime channel setup complete
✅ Lobby: Connected to Realtime
🚦 Lobby State: connected
🔄 Lobby: Starting database polling for participants and room state...
💓 Lobby: Starting heartbeat loop...
✅ Lobby: Persisted initial playlist item
🔄 Lobby: Fetching fresh room state from Supabase...
✅ Lobby: Synced CLEAN stream info, metadata & playlist to AppState
🔄 Lobby: Fetching fresh room state from Supabase...
✅ Lobby: Synced CLEAN stream info, metadata & playlist to AppState
🛡️ Lobby: Auto-Join safety delay passed (8s). Enabled for late joiners.
⏰ AppState: Next schedule update set for Event End: 2026-01-28 03:58:34 +0000
⏰ AppState: Scheduling update in 6720 seconds
📈 SocialService: User 4aef4e1b-ba8e-4d31-8736-bca3b94f402b came online
⏰ AppState: Next schedule update set for Event End: 2026-01-28 03:58:34 +0000
⏰ AppState: Scheduling update in 6710 seconds
🔄 Lobby: Fetching fresh room state from Supabase...
🔄 Lobby: Fetching fresh room state from Supabase...
✅ Lobby: Synced CLEAN stream info, metadata & playlist to AppState
✅ Lobby: Synced CLEAN stream info, metadata & playlist to AppState
🔄 Lobby: Fetching fresh room state from Supabase...
✅ Lobby: Synced CLEAN stream info, metadata & playlist to AppState
✅ Cache HIT: Metadata[meta_series_tt33517752]
[2026-01-28T02:06:47Z] [INFO] [StreamService.swift:199] 🎬 StreamService: Starting resolution for: The Beauty
🎬 StreamService: Resolving series - trusted pack filtering will be applied server-side
✅ MetadataService initialized
📡 Fetching metadata from TVMaze: https://api.tvmaze.com/lookup/shows?imdb=tt33517752
✅ Metadata fetched from TVMaze for tt33517752: The Beauty (2026)
🎯 Target title for matching: The Beauty
🛡️ StreamResolver: Loaded 8 blocked streams from blacklist
🔍 MediaFusion: Fetching https://mediafusion.elfhosted.com/stream/series/tt33517752:1:1.json
🔍 Comet: Fetching https://comet.elfhosted.com/eyJkZWJyaWRTZXJ2aWNlIjoicmVhbGRlYnJpZCIsInJlbW92ZVRyYXNoIjpmYWxzZSwiZGVi...
⚠️ MediaFusion: HTTP 418
✅ Comet: Got 1 streams
🔍 Comet: Parsing 1 streams...
⚠️ Comet: Skipping invalid redirect URL: https://comet.elfhosted.com/playback/PKqf0cCX_v3hFbAmhbgSaSK...
✅ Comet: Parsed 0 valid streams
⏰ AppState: Next schedule update set for Event End: 2026-01-28 03:58:34 +0000
⏰ AppState: Scheduling update in 6700 seconds
📊 StreamResolver: Provider Stats: [debridsearch:22, torrentio:60]
   ✅ RESOLVER KEEPING correct-year series stream: The Beauty S01E01 2026 1080p DSNP WEB-DL DDP5 1 H 264-HHWEB
👤 63 💾 1.64 GB ⚙️ EZTV
   ✅ RESOLVER KEEPING correct-year series stream: Belleza.perfecta.S01E01.2026.WEB-DL.1080p-Dual-Lat
👤 9 💾 1.72 GB ⚙️ Cinecalidad
Dual Audio / 🇲🇽
   ✅ RESOLVER KEEPING correct-year series stream: The Beauty S01E01 2026 1080p DSNP WEB-DL DDP5 1 H 264-HHWEB
👤 2 💾 1.64 GB ⚙️ ThePirateBay
   ✅ RESOLVER KEEPING correct-year series stream: The Beauty S01E01-E03 720p FX - Primewire
The Beauty (2026) Season 1 Episode 1- Beautiful Pilot - PrimeWire.mp4
👤 51 💾 442.59 MB ⚙️ 1337x
   ✅ RESOLVER KEEPING correct-year series stream: The Beauty S01E01 FRENCH HDTV 2026
👤 1485 💾 271.11 MB ⚙️ Torrent9
🇫🇷
   ✅ RESOLVER KEEPING correct-year series stream: Красота / The Beauty / Сезон: 1 / Серии: 1-3 из 11 [2026 WEB-DLRip] MVO (HDrezka Studio) + Original
The.Beauty.S01.E01.Rus.Eng.RG.Anonymous.avi
👤 75 💾 641.32 MB ⚙️ Rutracker
🇬🇧 / 🇷🇺
   ✅ RESOLVER KEEPING correct-year series stream: The Beauty - Stagione 1 (2026) Ep.1 SD H264 Ita Aac 2.0 WEB-DLRip UBi
👤 7 💾 516.43 MB ⚙️ ilCorSaRoNeRo
🇮🇹
   ✅ RESOLVER KEEPING correct-year series stream: Красота / The Beauty / Сезон: 1 / Серии: 1-3 из 11 [2026 WEB-DL 1080p] 3x MVO + Original + Sub (Rus Eng)
The.Beauty.S01E01.1080p.DSNP.WEB-DL.H264.mkv
👤 189 💾 1.89 GB ⚙️ Rutracker
🇬🇧 / 🇷🇺
   ✅ RESOLVER KEEPING correct-year series stream: Красота / The Beauty / Сезон: 1 / Серии: 1-3 из 11 [2026 WEB-DL 1080p] 3x MVO + Original + Sub (Rus Eng)
The.Beauty.E01.WEB-DL.1080p.mkv
👤 1 💾 1.89 GB ⚙️ Rutracker
🇬🇧 / 🇷🇺
   ✅ RESOLVER KEEPING correct-year series stream: The Beauty S01E01 VOSTFR HDTV 2026
👤 145 💾 272.93 MB ⚙️ Torrent9
🇫🇷
   ✅ RESOLVER KEEPING correct-year series stream: The Beauty S01E01 2026 1080p DSNP WEB-DL DDP5 1 H 264-HHWEB[EZTVx.to].mkv
/The Beauty S01E01 2026 1080p DSNP WEB-DL DDP5 1 H 264-HHWEB[EZTVx.to].mkv
💾 1.64 GB
   🚫 RESOLVER BLOCKING AV1: The.Beauty.S01E01.1080p.AV1.10bit-MeGusta
👤 1 💾 286.81 MB ⚙️ ThePirateBay
   🚫 RESOLVER FILTERED AV1: 82 → 81 streams
   🚫 RESOLVER BLOCKING non-English audio: The Beauty [S01E01-E03] [MULTi] [2160p] [DSNP] [WEB-DL] [DV] [HDR] [H265] [DDP5.1-K83] [Lektor PL i Napisy PL]
The.Beauty.S01E01.MULTi.2160p.DSNP.WEB-DL.DV.HDR.H265.DDP5.1-K83.mkv
👤 14 💾 4.63 GB ⚙️ BestTorrents
Multi Audio / 🇬🇧 / 🇵🇱 (Audio)
   🚫 RESOLVER BLOCKING non-English audio: The Beauty [S01E01-E03] [MULTi] [1080p] [DSNP] [WEB-DL] [H264] [DDP5.1-K83] [Lektor PL i Napisy PL]
The.Beauty.S01E01.MULTi.1080p.DSNP.WEB-DL.H264.DDP5.1-K83.mkv
👤 28 💾 1.72 GB ⚙️ BestTorrents
Multi Audio / 🇬🇧 / 🇵🇱 (Audio)
   🚫 RESOLVER BLOCKING non-English audio: The Beauty [S01E01-E03] [MULTi] [720p] [DSNP] [WEB-DL] [H264] [DDP5.1-K83] [Lektor PL i Napisy PL]
The.Beauty.S01E01.MULTi.720p.DSNP.WEB-DL.H264.DDP5.1-K83.mkv
👤 7 💾 931.86 MB ⚙️ BestTorrents
Multi Audio / 🇬🇧 / 🇵🇱 (Audio)
   🚫 RESOLVER BLOCKING non-English audio: The Beauty S01E01 FRENCH HDTV 2026
👤 1485 💾 271.11 MB ⚙️ Torrent9
🇫🇷 (Audio)
   🚫 RESOLVER BLOCKING non-English audio: The Beauty [S01E01-E03] [MULTi] [2160p] [DSNP] [WEB-DL] [DV] [HDR] [H265] [DDP5.1-K83] [Lektor PL i Napisy PL]
The.Beauty.S01E01.MULTi.2160p.DSNP.WEB-DL.DV.HDR.H265.DDP5.1-K83.mkv
👤 3 💾 4.63 GB ⚙️ BestTorrents
Multi Audio / 🇬🇧 / 🇵🇱 (Audio)
   🚫 RESOLVER BLOCKING non-English audio: The Beauty [S01E01-E03] [MULTi] [1080p] [DSNP] [WEB-DL] [H264] [DDP5.1-K83] [Lektor PL i Napisy PL]
The.Beauty.S01E01.MULTi.1080p.DSNP.WEB-DL.H264.DDP5.1-K83.mkv
👤 3 💾 1.72 GB ⚙️ BestTorrents
Multi Audio / 🇬🇧 / 🇵🇱 (Audio)
   🚫 RESOLVER BLOCKING non-English audio: The Beauty [S01E01-E03] [MULTi] [720p] [DSNP] [WEB-DL] [H264] [DDP5.1-K83] [Lektor PL i Napisy PL]
The.Beauty.S01E01.MULTi.720p.DSNP.WEB-DL.H264.DDP5.1-K83.mkv
👤 2 💾 931.86 MB ⚙️ BestTorrents
Multi Audio / 🇬🇧 / 🇵🇱 (Audio)
   🚫 RESOLVER BLOCKING non-English audio: The Beauty S01E01 VOSTFR HDTV 2026
👤 145 💾 272.93 MB ⚙️ Torrent9
🇫🇷 (Audio)
   🎵 RESOLVER FILTERED audio language: 81 → 73 streams
   📺 Episode filter: 73 → 67 streams
🔍 Searching SubDL: tt33517752 (tv) S01E01
   ℹ️ Fallback Name: The Beauty (2025)
✅ Found 3 subtitles from SubDL (Primary)
   ⛔️ Dropped '[𝐂𝐨𝐟𝐟𝐞𝐞𝐏𝐫𝐢𝐬𝐨𝐧] 𝐓𝐇𝐄 𝐁𝐄𝐀𝐔𝐓𝐘 𝐒𝟎𝟏𝐄𝟎𝟐 𝐃𝐒𝐍𝐏 𝐖𝐄𝐁': Metadata mismatch (S1E2)
   ⛔️ Dropped '[𝐂𝐨𝐟𝐟𝐞𝐞𝐏𝐫𝐢𝐬𝐨𝐧] 𝐓𝐇𝐄 𝐁𝐄𝐀𝐔𝐓𝐘 𝐒𝟎𝟏𝐄𝟎𝟑 𝐃𝐒𝐍𝐏 𝐖𝐄𝐁': Metadata mismatch (S1E3)
⚠️ Low subtitle count (1). Attempting supplemental Name Search for 'The Beauty'...
🔍 Attempting API Name Search: The Beauty 2025
⚠️ Supplemental Name Search returned no match.
✅ StreamResolver: Processed subtitles for 67 streams (Attached to 67)
👑 Auto-promoting season pack: Красота / The Beauty / Сезон: 1 / Серии: 1-3 из 11 [2026 WEB-DLRip] MVO (HDrezka Studio) + Original
The.Beauty.S01.E01.Rus.Eng.RG.Anonymous.avi
👤 75 💾 641.32 MB ⚙️ Rutracker
🇬🇧 / 🇷🇺
   --- Processing Bucket: 2160p (Input: 4) ---
   ✅ Bucket 2160p Final Count: 4
   --- Processing Bucket: 1080p (Input: 41) ---
   ✅ Bucket 1080p Final Count: 41
   --- Processing Bucket: 720p (Input: 15) ---
   ✅ Bucket 720p Final Count: 15
   --- Processing Bucket: 480p (Input: 7) ---
   ✅ Bucket 480p Final Count: 7
📦 2160p Primary: The Beauty S01E01 Beautiful Pilot 2160p DSNP WEB-DL DDP5 1 DV H 265-FLUX
👤 5 💾 5.1 GB ⚙️ ThePirateBay
📦 1080p Primary: The Beauty S01E01 Beautiful Pilot 1080p DSNP WEB-DL DDP5 1 H 264-FLUX[EZTVx.to].mkv
/The Beauty S01E01 Beautiful Pilot 1080p DSNP WEB-DL DDP5 1 H 264-FLUX[EZTVx.to].mkv
💾 1.64 GB
📦 720p Primary: The Beauty S01E01 Beautiful Pilot 720p DSNP WEB-DL DDP5 1 H 264-FLUX
👤 110 💾 850.42 MB ⚙️ EZTV
✅ StreamResolver: Quality buckets ready
   ➕ Added 11 720p streams as backup
   ➕ Added 7 480p streams as backup
[2026-01-28T02:06:56Z] [INFO] [StreamService.swift:406] 📦 StreamService: Found 29 total streams to try (across all qualities)
✅ StreamService: Found 27 H.264 streams (Tier 1)
✅ StreamService: Found 24 'Clean' English streams. Deprioritizing 3 localized/dual streams.
📦 StreamService: 24 streams remain after size filter
🔄 StreamService: Trying stream 1/24: The Beauty S01E01 Beautiful Pilot 1080p DSNP WEB-DL DDP5 1 H 264-FLUX[EZTVx.to].mkv
/The Beauty S01E01 Beautiful Pilot 1080p DSNP WEB-DL DDP5 1 H 264-FLUX[EZTVx.to].mkv
💾 1.64 GB
🔍 StreamService: Resolving redirect URL: https://68d69db7dc40-debrid-search.baby-beamup.club/resolve/RealDebrid/K67JV2V4FTUA7RYN6T34BFIUBRUZERBO45A6UL3O7TE5ZHFDQQSA/WH7E4M4TGF7VO/https%3A%2F%2Freal-debrid.com%2Fd%2F2SF35E7WSIIQ2B09
✅ StreamService: Resolved to: https://chi9-4.download.real-debrid.com/d/U2JLZFYWYDUZW45/The%20Beauty%20S01E01%20Beautiful%20Pilot%201080p%20DSNP%20WEB-DL%20DDP5%201%20H%20264-FLUX%5BEZTVx.to%5D.mkv
⚡️ StreamService: Stream is already a direct URL. Skipping backend unlock.
✅ StreamService: Selected stream: The Beauty S01E01 Beautiful Pilot 1080p DSNP WEB-DL DDP5 1 H 264-FLUX[EZTVx.to].mkv
/The Beauty S01E01 Beautiful Pilot 1080p DSNP WEB-DL DDP5 1 H 264-FLUX[EZTVx.to].mkv
💾 1.64 GB
📊 Stream Size: 1.64 GB
📦 StreamService: Appending 5 fallback streams (alternate codecs)
📦 StreamService: Returning 28 candidate streams for fallback
⚡️ StreamService: Stream is already a direct URL. Skipping backend unlock.
🔄 Lobby: Fetching fresh room state from Supabase...
✅ Lobby: Synced CLEAN stream info, metadata & playlist to AppState
🔄 Lobby: Fetching fresh room state from Supabase...
✅ Lobby: Synced CLEAN stream info, metadata & playlist to AppState
⏰ AppState: Next schedule update set for Event End: 2026-01-28 03:58:34 +0000
⏰ AppState: Scheduling update in 6690 seconds
🔄 Lobby: Fetching fresh room state from Supabase...
✅ Lobby: Synced CLEAN stream info, metadata & playlist to AppState
🛑 LobbyPresence: Polling stopped
🛑 LobbyDatabase: Polling stopped
🛑 Lobby: Polling stopped (chat via Realtime only)
✅ Host: Updated AppState selection to S1E1
✅ Host: Synced FULL Lobby state to AppState (Participants: 2, Playlist Idx: 0)
!!! MPVWrapper initialized - Build Version: 2026-01-19-GUEST-CACHE-BYPASS-v1 !!!
[ INFO ] GET /subtitles/subdl/L3N1YnRpdGxlLzM1NDQ4ODAtODQ2Njk4OC56aXA= [request-id: B79EEA30-8CE4-4814-BD0B-62105DDE2099]
2026-01-27 21:07:10.327 RedLemon[15449:463223] 📝 Realtime: Registered observer 'player' (Presence: YES, Sync: NO, Status: NO)
2026-01-27 21:07:10.399 RedLemon[15449:461976] ✅ [HOST_START] Sent LOBBY_PLAYBACK_STARTED signal (0.1s after navigateToPlayer)
2026-01-27 21:07:10.446 RedLemon[15449:462889] 📨 Realtime: Received broadcast message
2026-01-27 21:07:10.447 RedLemon[15449:462889]    Payload keys: position, senderId, chatUsername, timestamp, chatText, type
2026-01-27 21:07:10.447 RedLemon[15449:462889] ✅ Realtime: Decoded message type: chat, sender: 96e01cdb-36c0-4228-a6e4-a29a3c66bc8e
2026-01-27 21:07:10.498 RedLemon[15449:462740] 📝 Realtime: Unregistered observer 'lobby'
2026-01-27 21:07:10.500 RedLemon[15449:462889] 📝 Realtime: Unregistered observer 'lobby'
2026-01-27 21:07:10.523 RedLemon[15449:463223] 📝 [PLAYER] Resumed
2026-01-27 21:07:10.527 RedLemon[15449:463223] 📝 Realtime: Registered observer 'player' (Presence: NO, Sync: YES, Status: NO)
2026-01-27 21:07:10.732 RedLemon[15449:462611] 📝 [PLAYER] Load Video (Smart) ["url": "https://chi9-4.download.real-debrid.com/d/U2JLZFYWYDUZW45/The%20Beauty%20S01E01%20Beautiful%20Pilot%201080p%20DSNP%20WEB-DL%20DDP5%201%20H%20264-FLUX%5BEZTVx.to%5D.mkv"]
2026-01-27 21:07:11.044 RedLemon[15449:462611] 📝 [PLAYER] Playback State Changed ["state": "Paused"]
2026-01-27 21:07:11.044 RedLemon[15449:462611] 📝 [PLAYER] Buffering Started
2026-01-27 21:07:12.532 RedLemon[15449:462740] 📤 Realtime: Sending message type: playbackState, sender: 96E01CDB-36C0-4228-A6E4-A29A3C66BC8E
2026-01-27 21:07:12.533 RedLemon[15449:462740]    Payload keys: type, isPlaying, senderId, position, timestamp
2026-01-27 21:07:12.533 RedLemon[15449:462889] ✅ Realtime: Message broadcast complete
2026-01-27 21:07:12.654 RedLemon[15449:462889] 📨 Realtime: Received broadcast message
2026-01-27 21:07:12.654 RedLemon[15449:462889]    Payload keys: position, timestamp, isPlaying, type, senderId
2026-01-27 21:07:12.655 RedLemon[15449:462889] ✅ Realtime: Decoded message type: playbackState, sender: 96E01CDB-36C0-4228-A6E4-A29A3C66BC8E
2026-01-27 21:07:13.264 RedLemon[15449:463223] 📝 [PLAYER] File Loaded ["duration": "2687.435"]
2026-01-27 21:07:13.282 RedLemon[15449:463223] 📤 Realtime: Sending message type: ready, sender: 96e01cdb-36c0-4228-a6e4-a29a3c66bc8e
2026-01-27 21:07:13.283 RedLemon[15449:463223]    Payload keys: timestamp, senderId, type, isPlaying, position
2026-01-27 21:07:13.284 RedLemon[15449:463293] ✅ Realtime: Message broadcast complete
2026-01-27 21:07:13.411 RedLemon[15449:462740] 📨 Realtime: Received broadcast message
2026-01-27 21:07:13.413 RedLemon[15449:462740]    Payload keys: timestamp, position, isPlaying, type, senderId
2026-01-27 21:07:13.415 RedLemon[15449:462740] ✅ Realtime: Decoded message type: ready, sender: 96e01cdb-36c0-4228-a6e4-a29a3c66bc8e
2026-01-27 21:07:14.531 RedLemon[15449:463293] 📤 Realtime: Sending message type: playbackState, sender: 96E01CDB-36C0-4228-A6E4-A29A3C66BC8E
2026-01-27 21:07:14.532 RedLemon[15449:463293]    Payload keys: isPlaying, senderId, timestamp, position, type
2026-01-27 21:07:14.532 RedLemon[15449:462889] ✅ Realtime: Message broadcast complete
2026-01-27 21:07:14.656 RedLemon[15449:462889] 📨 Realtime: Received broadcast message
2026-01-27 21:07:14.656 RedLemon[15449:462889]    Payload keys: timestamp, position, isPlaying, senderId, type
2026-01-27 21:07:14.656 RedLemon[15449:462889] ✅ Realtime: Decoded message type: playbackState, sender: 96E01CDB-36C0-4228-A6E4-A29A3C66BC8E
2026-01-27 21:07:15.265 RedLemon[15449:463223] 📤 Realtime: Sending message type: ready, sender: 96e01cdb-36c0-4228-a6e4-a29a3c66bc8e
2026-01-27 21:07:15.265 RedLemon[15449:463223]    Payload keys: timestamp, isPlaying, senderId, type, position
2026-01-27 21:07:15.266 RedLemon[15449:463223] ✅ Realtime: Message broadcast complete
2026-01-27 21:07:15.480 RedLemon[15449:462889] 📨 Realtime: Received broadcast message
2026-01-27 21:07:15.480 RedLemon[15449:462889]    Payload keys: timestamp, type, position, isPlaying, senderId
2026-01-27 21:07:15.480 RedLemon[15449:462889] ✅ Realtime: Decoded message type: ready, sender: 96e01cdb-36c0-4228-a6e4-a29a3c66bc8e
2026-01-27 21:07:16.288 RedLemon[15449:462889] 📨 Realtime: Received broadcast message
2026-01-27 21:07:16.288 RedLemon[15449:462889]    Payload keys: isPlaying, senderId, type, position, timestamp
2026-01-27 21:07:16.289 RedLemon[15449:462889] ✅ Realtime: Decoded message type: ready, sender: 4aef4e1b-ba8e-4d31-8736-bca3b94f402b
2026-01-27 21:07:16.531 RedLemon[15449:462889] 📤 Realtime: Sending message type: playbackState, sender: 96E01CDB-36C0-4228-A6E4-A29A3C66BC8E
2026-01-27 21:07:16.532 RedLemon[15449:462889]    Payload keys: position, type, isPlaying, senderId, timestamp
2026-01-27 21:07:16.532 RedLemon[15449:462611] ✅ Realtime: Message broadcast complete
2026-01-27 21:07:16.688 RedLemon[15449:462889] 📨 Realtime: Received broadcast message
2026-01-27 21:07:16.688 RedLemon[15449:462889]    Payload keys: timestamp, type, position, isPlaying, senderId
2026-01-27 21:07:16.689 RedLemon[15449:462889] ✅ Realtime: Decoded message type: playbackState, sender: 96E01CDB-36C0-4228-A6E4-A29A3C66BC8E
2026-01-27 21:07:17.264 RedLemon[15449:462611] 📤 Realtime: Sending message type: ready, sender: 96e01cdb-36c0-4228-a6e4-a29a3c66bc8e
2026-01-27 21:07:17.265 RedLemon[15449:462611]    Payload keys: senderId, timestamp, type, position, isPlaying
2026-01-27 21:07:17.265 RedLemon[15449:462889] ✅ Realtime: Message broadcast complete
2026-01-27 21:07:17.313 RedLemon[15449:463293] 📤 Realtime: Sending message type: play, sender: 96e01cdb-36c0-4228-a6e4-a29a3c66bc8e
2026-01-27 21:07:17.313 RedLemon[15449:463293]    Payload keys: senderId, position, type, isPlaying, timestamp
2026-01-27 21:07:17.314 RedLemon[15449:463293] ✅ Realtime: Message broadcast complete
2026-01-27 21:07:17.320 RedLemon[15449:462889] 📝 [PLAYER] Playback State Changed ["state": "Playing"]
2026-01-27 21:07:17.400 RedLemon[15449:463293] 📨 Realtime: Received broadcast message
2026-01-27 21:07:17.401 RedLemon[15449:463293]    Payload keys: type, position, isPlaying, senderId, timestamp
2026-01-27 21:07:17.401 RedLemon[15449:463293] ✅ Realtime: Decoded message type: ready, sender: 96e01cdb-36c0-4228-a6e4-a29a3c66bc8e
2026-01-27 21:07:17.439 RedLemon[15449:463293] 📨 Realtime: Received broadcast message
2026-01-27 21:07:17.440 RedLemon[15449:463293]    Payload keys: isPlaying, type, senderId, position, timestamp
2026-01-27 21:07:17.441 RedLemon[15449:463293] ✅ Realtime: Decoded message type: play, sender: 96e01cdb-36c0-4228-a6e4-a29a3c66bc8e
2026-01-27 21:07:18.535 RedLemon[15449:463293] 📤 Realtime: Sending message type: play, sender: 96e01cdb-36c0-4228-a6e4-a29a3c66bc8e
2026-01-27 21:07:18.535 RedLemon[15449:463293]    Payload keys: position, senderId, timestamp, type, isPlaying
2026-01-27 21:07:18.535 RedLemon[15449:462611] 📤 Realtime: Sending message type: playbackState, sender: 96E01CDB-36C0-4228-A6E4-A29A3C66BC8E
2026-01-27 21:07:18.536 RedLemon[15449:462611]    Payload keys: position, timestamp, senderId, isPlaying, type
2026-01-27 21:07:18.536 RedLemon[15449:462611] ✅ Realtime: Message broadcast complete
2026-01-27 21:07:18.536 RedLemon[15449:462611] ✅ Realtime: Message broadcast complete
2026-01-27 21:07:18.711 RedLemon[15449:463293] 📨 Realtime: Received broadcast message
2026-01-27 21:07:18.711 RedLemon[15449:463293]    Payload keys: type, senderId, position, isPlaying, timestamp
2026-01-27 21:07:18.712 RedLemon[15449:463293] ✅ Realtime: Decoded message type: play, sender: 96e01cdb-36c0-4228-a6e4-a29a3c66bc8e
2026-01-27 21:07:18.712 RedLemon[15449:463293] 📨 Realtime: Received broadcast message
2026-01-27 21:07:18.712 RedLemon[15449:463293]    Payload keys: isPlaying, timestamp, senderId, type, position
2026-01-27 21:07:18.713 RedLemon[15449:463293] ✅ Realtime: Decoded message type: playbackState, sender: 96E01CDB-36C0-4228-A6E4-A29A3C66BC8E
2026-01-27 21:07:20.619 RedLemon[15449:463293] 📤 Realtime: Sending message type: playbackState, sender: 96E01CDB-36C0-4228-A6E4-A29A3C66BC8E
2026-01-27 21:07:20.619 RedLemon[15449:463293]    Payload keys: timestamp, position, senderId, isPlaying, type
2026-01-27 21:07:20.620 RedLemon[15449:463285] ✅ Realtime: Message broadcast complete
2026-01-27 21:07:20.621 RedLemon[15449:462611] 🔐 Signed request to /rooms
2026-01-27 21:07:20.663 RedLemon[15449:463293] 🔐 SupabaseClient: Signing Identity Payload: '176956604096e01cdb-36c0-4228-a6e4-a29a3c66bc8e/rpc/room_heartbeat'
2026-01-27 21:07:20.664 RedLemon[15449:463293] 🔐 Signed request to /rpc/room_heartbeat
2026-01-27 21:07:20.754 RedLemon[15449:463223] 📨 Realtime: Received broadcast message
2026-01-27 21:07:20.755 RedLemon[15449:463223]    Payload keys: senderId, type, timestamp, position, isPlaying
2026-01-27 21:07:20.756 RedLemon[15449:463223] ✅ Realtime: Decoded message type: playbackState, sender: 96E01CDB-36C0-4228-A6E4-A29A3C66BC8E
2026-01-27 21:07:20.909 RedLemon[15449:461976] 📨 Lobby: Received Room UPDATE from Realtime
2026-01-27 21:07:20.910 RedLemon[15449:461976] 📨 Lobby: Received Room UPDATE from Realtime
2026-01-27 21:07:21.344 RedLemon[15449:461976] 📨 Lobby: Received Room UPDATE from Realtime
2026-01-27 21:07:21.345 RedLemon[15449:461976] 📨 Lobby: Received Room UPDATE from Realtime
2026-01-27 21:07:22.625 RedLemon[15449:463293] 📤 Realtime: Sending message type: playbackState, sender: 96E01CDB-36C0-4228-A6E4-A29A3C66BC8E
2026-01-27 21:07:22.625 RedLemon[15449:463293]    Payload keys: isPlaying, position, type, senderId, timestamp
2026-01-27 21:07:22.626 RedLemon[15449:463293] ✅ Realtime: Message broadcast complete
2026-01-27 21:07:22.753 RedLemon[15449:462741] 📨 Realtime: Received broadcast message
2026-01-27 21:07:22.753 RedLemon[15449:462741]    Payload keys: position, isPlaying, senderId, type, timestamp
2026-01-27 21:07:22.754 RedLemon[15449:462741] ✅ Realtime: Decoded message type: playbackState, sender: 96E01CDB-36C0-4228-A6E4-A29A3C66BC8E
2026-01-27 21:07:24.623 RedLemon[15449:463223] 📤 Realtime: Sending message type: playbackState, sender: 96E01CDB-36C0-4228-A6E4-A29A3C66BC8E
2026-01-27 21:07:24.624 RedLemon[15449:463223]    Payload keys: timestamp, position, type, senderId, isPlaying
2026-01-27 21:07:24.625 RedLemon[15449:462889] ✅ Realtime: Message broadcast complete
2026-01-27 21:07:24.754 RedLemon[15449:462889] 📨 Realtime: Received broadcast message
2026-01-27 21:07:24.754 RedLemon[15449:462889]    Payload keys: position, timestamp, isPlaying, senderId, type
2026-01-27 21:07:24.755 RedLemon[15449:462889] ✅ Realtime: Decoded message type: playbackState, sender: 96E01CDB-36C0-4228-A6E4-A29A3C66BC8E
2026-01-27 21:07:26.625 RedLemon[15449:462741] 📤 Realtime: Sending message type: playbackState, sender: 96E01CDB-36C0-4228-A6E4-A29A3C66BC8E
2026-01-27 21:07:26.625 RedLemon[15449:462741]    Payload keys: isPlaying, timestamp, position, type, senderId
2026-01-27 21:07:26.626 RedLemon[15449:463285] ✅ Realtime: Message broadcast complete
2026-01-27 21:07:26.752 RedLemon[15449:462741] 📨 Realtime: Received broadcast message
2026-01-27 21:07:26.753 RedLemon[15449:462741]    Payload keys: position, isPlaying, senderId, timestamp, type
2026-01-27 21:07:26.753 RedLemon[15449:462741] ✅ Realtime: Decoded message type: playbackState, sender: 96E01CDB-36C0-4228-A6E4-A29A3C66BC8E
2026-01-27 21:07:28.627 RedLemon[15449:462741] 📤 Realtime: Sending message type: playbackState, sender: 96E01CDB-36C0-4228-A6E4-A29A3C66BC8E
2026-01-27 21:07:28.628 RedLemon[15449:462741]    Payload keys: position, senderId, timestamp, isPlaying, type
2026-01-27 21:07:28.629 RedLemon[15449:462741] ✅ Realtime: Message broadcast complete
2026-01-27 21:07:28.754 RedLemon[15449:462889] 📨 Realtime: Received broadcast message
2026-01-27 21:07:28.754 RedLemon[15449:462889]    Payload keys: senderId, position, type, timestamp, isPlaying
2026-01-27 21:07:28.755 RedLemon[15449:462889] ✅ Realtime: Decoded message type: playbackState, sender: 96E01CDB-36C0-4228-A6E4-A29A3C66BC8E
2026-01-27 21:07:30.590 RedLemon[15449:463285] 🔐 Signed request to /rooms
2026-01-27 21:07:30.629 RedLemon[15449:463285] 📤 Realtime: Sending message type: playbackState, sender: 96E01CDB-36C0-4228-A6E4-A29A3C66BC8E
2026-01-27 21:07:30.629 RedLemon[15449:463285]    Payload keys: type, timestamp, senderId, position, isPlaying
2026-01-27 21:07:30.630 RedLemon[15449:463223] ✅ Realtime: Message broadcast complete
2026-01-27 21:07:30.755 RedLemon[15449:462889] 📨 Realtime: Received broadcast message
2026-01-27 21:07:30.755 RedLemon[15449:462889]    Payload keys: position, timestamp, senderId, type, isPlaying
2026-01-27 21:07:30.756 RedLemon[15449:462889] ✅ Realtime: Decoded message type: playbackState, sender: 96E01CDB-36C0-4228-A6E4-A29A3C66BC8E
2026-01-27 21:07:30.879 RedLemon[15449:461976] 📨 Lobby: Received Room UPDATE from Realtime
2026-01-27 21:07:32.440 RedLemon[15449:463285] 🔐 Signed request to /rpc/user_heartbeat
2026-01-27 21:07:32.632 RedLemon[15449:462741] 📤 Realtime: Sending message type: playbackState, sender: 96E01CDB-36C0-4228-A6E4-A29A3C66BC8E
2026-01-27 21:07:32.633 RedLemon[15449:462741]    Payload keys: senderId, type, timestamp, position, isPlaying
2026-01-27 21:07:32.635 RedLemon[15449:462889] ✅ Realtime: Message broadcast complete
2026-01-27 21:07:32.762 RedLemon[15449:463223] 📨 Realtime: Received broadcast message
2026-01-27 21:07:32.763 RedLemon[15449:463223]    Payload keys: type, isPlaying, position, senderId, timestamp
2026-01-27 21:07:32.763 RedLemon[15449:463223] ✅ Realtime: Decoded message type: playbackState, sender: 96E01CDB-36C0-4228-A6E4-A29A3C66BC8E
2026-01-27 21:07:34.559 RedLemon[15449:462611] 📤 Realtime: Sending message type: playbackState, sender: 96E01CDB-36C0-4228-A6E4-A29A3C66BC8E
2026-01-27 21:07:34.559 RedLemon[15449:462611]    Payload keys: isPlaying, position, timestamp, type, senderId
2026-01-27 21:07:34.560 RedLemon[15449:463293] ✅ Realtime: Message broadcast complete
2026-01-27 21:07:34.683 RedLemon[15449:462741] 📨 Realtime: Received broadcast message
2026-01-27 21:07:34.683 RedLemon[15449:462741]    Payload keys: timestamp, position, isPlaying, senderId, type
2026-01-27 21:07:34.683 RedLemon[15449:462741] ✅ Realtime: Decoded message type: playbackState, sender: 96E01CDB-36C0-4228-A6E4-A29A3C66BC8E
2026-01-27 21:07:36.638 RedLemon[15449:463293] 📤 Realtime: Sending message type: playbackState, sender: 96E01CDB-36C0-4228-A6E4-A29A3C66BC8E
2026-01-27 21:07:36.638 RedLemon[15449:463293]    Payload keys: isPlaying, timestamp, position, type, senderId
2026-01-27 21:07:36.639 RedLemon[15449:462611] ✅ Realtime: Message broadcast complete
2026-01-27 21:07:36.880 RedLemon[15449:463515] 📨 Realtime: Received broadcast message
2026-01-27 21:07:36.880 RedLemon[15449:463515]    Payload keys: position, senderId, timestamp, type, isPlaying
2026-01-27 21:07:36.881 RedLemon[15449:463515] ✅ Realtime: Decoded message type: playbackState, sender: 96E01CDB-36C0-4228-A6E4-A29A3C66BC8E
2026-01-27 21:07:38.637 RedLemon[15449:462611] 📤 Realtime: Sending message type: playbackState, sender: 96E01CDB-36C0-4228-A6E4-A29A3C66BC8E
2026-01-27 21:07:38.637 RedLemon[15449:462611]    Payload keys: isPlaying, timestamp, position, type, senderId
2026-01-27 21:07:38.638 RedLemon[15449:462611] ✅ Realtime: Message broadcast complete
2026-01-27 21:07:38.827 RedLemon[15449:462741] 📨 Realtime: Received broadcast message
2026-01-27 21:07:38.827 RedLemon[15449:462741]    Payload keys: isPlaying, position, senderId, timestamp, type
2026-01-27 21:07:38.827 RedLemon[15449:462741] ✅ Realtime: Decoded message type: playbackState, sender: 96E01CDB-36C0-4228-A6E4-A29A3C66BC8E
2026-01-27 21:07:40.598 RedLemon[15449:463515] 📤 Realtime: Sending message type: playbackState, sender: 96E01CDB-36C0-4228-A6E4-A29A3C66BC8E
2026-01-27 21:07:40.599 RedLemon[15449:463515]    Payload keys: isPlaying, position, type, timestamp, senderId
2026-01-27 21:07:40.600 RedLemon[15449:463515] ✅ Realtime: Message broadcast complete
2026-01-27 21:07:40.601 RedLemon[15449:462741] 🔐 Signed request to /rooms
2026-01-27 21:07:40.726 RedLemon[15449:462741] 📨 Realtime: Received broadcast message
2026-01-27 21:07:40.726 RedLemon[15449:462741]    Payload keys: isPlaying, senderId, type, position, timestamp
2026-01-27 21:07:40.727 RedLemon[15449:462741] ✅ Realtime: Decoded message type: playbackState, sender: 96E01CDB-36C0-4228-A6E4-A29A3C66BC8E
2026-01-27 21:07:40.848 RedLemon[15449:461976] 📨 Lobby: Received Room UPDATE from Realtime
2026-01-27 21:07:42.559 RedLemon[15449:463515] 📤 Realtime: Sending message type: playbackState, sender: 96E01CDB-36C0-4228-A6E4-A29A3C66BC8E
2026-01-27 21:07:42.559 RedLemon[15449:463515]    Payload keys: isPlaying, type, timestamp, position, senderId
2026-01-27 21:07:42.560 RedLemon[15449:462611] ✅ Realtime: Message broadcast complete
2026-01-27 21:07:42.685 RedLemon[15449:463515] 📨 Realtime: Received broadcast message
2026-01-27 21:07:42.685 RedLemon[15449:463515]    Payload keys: timestamp, position, isPlaying, type, senderId
2026-01-27 21:07:42.685 RedLemon[15449:463515] ✅ Realtime: Decoded message type: playbackState, sender: 96E01CDB-36C0-4228-A6E4-A29A3C66BC8E
2026-01-27 21:07:44.533 RedLemon[15449:463293] 📤 Realtime: Sending message type: playbackState, sender: 96E01CDB-36C0-4228-A6E4-A29A3C66BC8E
2026-01-27 21:07:44.533 RedLemon[15449:463293]    Payload keys: isPlaying, timestamp, position, type, senderId
2026-01-27 21:07:44.535 RedLemon[15449:463515] ✅ Realtime: Message broadcast complete
2026-01-27 21:07:44.662 RedLemon[15449:463293] 📨 Realtime: Received broadcast message
2026-01-27 21:07:44.662 RedLemon[15449:463293]    Payload keys: senderId, type, timestamp, isPlaying, position
2026-01-27 21:07:44.663 RedLemon[15449:463293] ✅ Realtime: Decoded message type: playbackState, sender: 96E01CDB-36C0-4228-A6E4-A29A3C66BC8E
2026-01-27 21:07:46.647 RedLemon[15449:463223] 📤 Realtime: Sending message type: playbackState, sender: 96E01CDB-36C0-4228-A6E4-A29A3C66BC8E
2026-01-27 21:07:46.648 RedLemon[15449:463223]    Payload keys: isPlaying, timestamp, position, type, senderId
2026-01-27 21:07:46.648 RedLemon[15449:463223] ✅ Realtime: Message broadcast complete
2026-01-27 21:07:46.814 RedLemon[15449:463223] 📨 Realtime: Received broadcast message
2026-01-27 21:07:46.814 RedLemon[15449:463223]    Payload keys: senderId, timestamp, type, isPlaying, position
2026-01-27 21:07:46.814 RedLemon[15449:463223] ✅ Realtime: Decoded message type: playbackState, sender: 96E01CDB-36C0-4228-A6E4-A29A3C66BC8E
2026-01-27 21:07:48.689 RedLemon[15449:463516] 📤 Realtime: Sending message type: playbackState, sender: 96E01CDB-36C0-4228-A6E4-A29A3C66BC8E
2026-01-27 21:07:48.690 RedLemon[15449:463516]    Payload keys: position, timestamp, senderId, type, isPlaying
2026-01-27 21:07:48.692 RedLemon[15449:463293] ✅ Realtime: Message broadcast complete
2026-01-27 21:07:48.861 RedLemon[15449:463293] 📨 Realtime: Received broadcast message
2026-01-27 21:07:48.861 RedLemon[15449:463293]    Payload keys: senderId, isPlaying, timestamp, type, position
2026-01-27 21:07:48.862 RedLemon[15449:463293] ✅ Realtime: Decoded message type: playbackState, sender: 96E01CDB-36C0-4228-A6E4-A29A3C66BC8E
2026-01-27 21:07:50.625 RedLemon[15449:463293] 🔐 Signed request to /rooms
2026-01-27 21:07:50.652 RedLemon[15449:462741] 📤 Realtime: Sending message type: playbackState, sender: 96E01CDB-36C0-4228-A6E4-A29A3C66BC8E
2026-01-27 21:07:50.653 RedLemon[15449:462741]    Payload keys: timestamp, position, type, isPlaying, senderId
2026-01-27 21:07:50.655 RedLemon[15449:462741] ✅ Realtime: Message broadcast complete
2026-01-27 21:07:50.776 RedLemon[15449:463516] 📨 Realtime: Received broadcast message
2026-01-27 21:07:50.776 RedLemon[15449:463516]    Payload keys: senderId, isPlaying, timestamp, position, type
2026-01-27 21:07:50.776 RedLemon[15449:463516] ✅ Realtime: Decoded message type: playbackState, sender: 96E01CDB-36C0-4228-A6E4-A29A3C66BC8E
2026-01-27 21:07:50.860 RedLemon[15449:461976] 📨 Lobby: Received Room UPDATE from Realtime
2026-01-27 21:07:50.861 RedLemon[15449:463516] 🔐 SupabaseClient: Signing Identity Payload: '176956607096e01cdb-36c0-4228-a6e4-a29a3c66bc8e/rpc/room_heartbeat'
2026-01-27 21:07:50.862 RedLemon[15449:463516] 🔐 Signed request to /rpc/room_heartbeat
2026-01-27 21:07:51.112 RedLemon[15449:461976] 📨 Lobby: Received Room UPDATE from Realtime
2026-01-27 21:07:51.527 RedLemon[15449:461976] 📨 Lobby: Received Room UPDATE from Realtime
2026-01-27 21:07:52.652 RedLemon[15449:463515] 📤 Realtime: Sending message type: playbackState, sender: 96E01CDB-36C0-4228-A6E4-A29A3C66BC8E
2026-01-27 21:07:52.653 RedLemon[15449:463515]    Payload keys: senderId, isPlaying, type, timestamp, position
2026-01-27 21:07:52.653 RedLemon[15449:462741] ✅ Realtime: Message broadcast complete
2026-01-27 21:07:52.855 RedLemon[15449:463515] 📨 Realtime: Received broadcast message
2026-01-27 21:07:52.855 RedLemon[15449:463515]    Payload keys: isPlaying, position, senderId, timestamp, type
2026-01-27 21:07:52.855 RedLemon[15449:463515] ✅ Realtime: Decoded message type: playbackState, sender: 96E01CDB-36C0-4228-A6E4-A29A3C66BC8E
2026-01-27 21:07:54.654 RedLemon[15449:462741] 📤 Realtime: Sending message type: playbackState, sender: 96E01CDB-36C0-4228-A6E4-A29A3C66BC8E
2026-01-27 21:07:54.655 RedLemon[15449:462741]    Payload keys: position, senderId, timestamp, isPlaying, type
2026-01-27 21:07:54.656 RedLemon[15449:462741] ✅ Realtime: Message broadcast complete
2026-01-27 21:07:54.785 RedLemon[15449:462741] 📨 Realtime: Received broadcast message
2026-01-27 21:07:54.785 RedLemon[15449:462741]    Payload keys: timestamp, type, isPlaying, position, senderId
2026-01-27 21:07:54.785 RedLemon[15449:462741] ✅ Realtime: Decoded message type: playbackState, sender: 96E01CDB-36C0-4228-A6E4-A29A3C66BC8E
2026-01-27 21:07:56.530 RedLemon[15449:461976] 📨 Lobby: Received Room UPDATE from Realtime
2026-01-27 21:07:56.655 RedLemon[15449:463515] 📤 Realtime: Sending message type: playbackState, sender: 96E01CDB-36C0-4228-A6E4-A29A3C66BC8E
2026-01-27 21:07:56.655 RedLemon[15449:463515]    Payload keys: timestamp, type, isPlaying, senderId, position
2026-01-27 21:07:56.657 RedLemon[15449:463515] ✅ Realtime: Message broadcast complete
2026-01-27 21:07:56.781 RedLemon[15449:463223] 📨 Realtime: Received broadcast message
2026-01-27 21:07:56.781 RedLemon[15449:463223]    Payload keys: timestamp, type, isPlaying, position, senderId
2026-01-27 21:07:56.782 RedLemon[15449:463223] ✅ Realtime: Decoded message type: playbackState, sender: 96E01CDB-36C0-4228-A6E4-A29A3C66BC8E
2026-01-27 21:07:57.658 RedLemon[15449:463223] 🔐 Signed request to /rpc/user_heartbeat
2026-01-27 21:07:58.616 RedLemon[15449:463223] 📤 Realtime: Sending message type: playbackState, sender: 96E01CDB-36C0-4228-A6E4-A29A3C66BC8E
2026-01-27 21:07:58.617 RedLemon[15449:463223]    Payload keys: timestamp, senderId, isPlaying, position, type
2026-01-27 21:07:58.618 RedLemon[15449:463516] ✅ Realtime: Message broadcast complete
2026-01-27 21:07:58.746 RedLemon[15449:463223] 📨 Realtime: Received broadcast message
2026-01-27 21:07:58.746 RedLemon[15449:463223]    Payload keys: position, senderId, timestamp, type, isPlaying
2026-01-27 21:07:58.746 RedLemon[15449:463223] ✅ Realtime: Decoded message type: playbackState, sender: 96E01CDB-36C0-4228-A6E4-A29A3C66BC8E
2026-01-27 21:08:00.579 RedLemon[15449:463293] 📤 Realtime: Sending message type: playbackState, sender: 96E01CDB-36C0-4228-A6E4-A29A3C66BC8E
2026-01-27 21:08:00.580 RedLemon[15449:463293]    Payload keys: type, isPlaying, timestamp, position, senderId
2026-01-27 21:08:00.582 RedLemon[15449:463515] ✅ Realtime: Message broadcast complete
2026-01-27 21:08:00.582 RedLemon[15449:463223] 🔐 Signed request to /rooms
2026-01-27 21:08:00.704 RedLemon[15449:463223] 📨 Realtime: Received broadcast message
2026-01-27 21:08:00.704 RedLemon[15449:463223]    Payload keys: timestamp, position, isPlaying, senderId, type
2026-01-27 21:08:00.705 RedLemon[15449:463223] ✅ Realtime: Decoded message type: playbackState, sender: 96E01CDB-36C0-4228-A6E4-A29A3C66BC8E
2026-01-27 21:08:00.826 RedLemon[15449:461976] 📨 Lobby: Received Room UPDATE from Realtime
2026-01-27 21:08:02.620 RedLemon[15449:463293] 📤 Realtime: Sending message type: playbackState, sender: 96E01CDB-36C0-4228-A6E4-A29A3C66BC8E
2026-01-27 21:08:02.621 RedLemon[15449:463293]    Payload keys: type, timestamp, senderId, position, isPlaying
2026-01-27 21:08:02.622 RedLemon[15449:463515] ✅ Realtime: Message broadcast complete
2026-01-27 21:08:02.747 RedLemon[15449:463293] 📨 Realtime: Received broadcast message
2026-01-27 21:08:02.747 RedLemon[15449:463293]    Payload keys: type, timestamp, position, senderId, isPlaying
2026-01-27 21:08:02.748 RedLemon[15449:463293] ✅ Realtime: Decoded message type: playbackState, sender: 96E01CDB-36C0-4228-A6E4-A29A3C66BC8E
2026-01-27 21:08:04.582 RedLemon[15449:462611] 📤 Realtime: Sending message type: playbackState, sender: 96E01CDB-36C0-4228-A6E4-A29A3C66BC8E
2026-01-27 21:08:04.582 RedLemon[15449:462611]    Payload keys: isPlaying, timestamp, senderId, position, type
2026-01-27 21:08:04.583 RedLemon[15449:463515] ✅ Realtime: Message broadcast complete
2026-01-27 21:08:04.710 RedLemon[15449:463516] 📨 Realtime: Received broadcast message
2026-01-27 21:08:04.711 RedLemon[15449:463516]    Payload keys: position, timestamp, isPlaying, type, senderId
2026-01-27 21:08:04.712 RedLemon[15449:463516] ✅ Realtime: Decoded message type: playbackState, sender: 96E01CDB-36C0-4228-A6E4-A29A3C66BC8E
2026-01-27 21:08:06.625 RedLemon[15449:463223] 📤 Realtime: Sending message type: playbackState, sender: 96E01CDB-36C0-4228-A6E4-A29A3C66BC8E
2026-01-27 21:08:06.626 RedLemon[15449:463223]    Payload keys: position, timestamp, type, isPlaying, senderId
2026-01-27 21:08:06.627 RedLemon[15449:463293] ✅ Realtime: Message broadcast complete
2026-01-27 21:08:06.754 RedLemon[15449:463293] 📨 Realtime: Received broadcast message
2026-01-27 21:08:06.754 RedLemon[15449:463293]    Payload keys: type, senderId, isPlaying, position, timestamp
2026-01-27 21:08:06.754 RedLemon[15449:463293] ✅ Realtime: Decoded message type: playbackState, sender: 96E01CDB-36C0-4228-A6E4-A29A3C66BC8E
2026-01-27 21:08:08.626 RedLemon[15449:463516] 📤 Realtime: Sending message type: playbackState, sender: 96E01CDB-36C0-4228-A6E4-A29A3C66BC8E
2026-01-27 21:08:08.627 RedLemon[15449:463516]    Payload keys: position, type, isPlaying, senderId, timestamp
2026-01-27 21:08:08.627 RedLemon[15449:462611] ✅ Realtime: Message broadcast complete
2026-01-27 21:08:08.831 RedLemon[15449:463293] 📨 Realtime: Received broadcast message
2026-01-27 21:08:08.831 RedLemon[15449:463293]    Payload keys: timestamp, senderId, isPlaying, type, position
2026-01-27 21:08:08.831 RedLemon[15449:463293] ✅ Realtime: Decoded message type: playbackState, sender: 96E01CDB-36C0-4228-A6E4-A29A3C66BC8E
2026-01-27 21:08:10.587 RedLemon[15449:463223] 📤 Realtime: Sending message type: playbackState, sender: 96E01CDB-36C0-4228-A6E4-A29A3C66BC8E
2026-01-27 21:08:10.588 RedLemon[15449:463223]    Payload keys: isPlaying, type, timestamp, position, senderId
2026-01-27 21:08:10.589 RedLemon[15449:462611] ✅ Realtime: Message broadcast complete
2026-01-27 21:08:10.590 RedLemon[15449:463293] 🔐 Signed request to /rooms
2026-01-27 21:08:10.721 RedLemon[15449:463223] 📨 Realtime: Received broadcast message
2026-01-27 21:08:10.721 RedLemon[15449:463223]    Payload keys: senderId, isPlaying, position, type, timestamp
2026-01-27 21:08:10.721 RedLemon[15449:463223] ✅ Realtime: Decoded message type: playbackState, sender: 96E01CDB-36C0-4228-A6E4-A29A3C66BC8E
2026-01-27 21:08:10.879 RedLemon[15449:461976] 📨 Lobby: Received Room UPDATE from Realtime
2026-01-27 21:08:12.631 RedLemon[15449:463516] 📤 Realtime: Sending message type: playbackState, sender: 96E01CDB-36C0-4228-A6E4-A29A3C66BC8E
2026-01-27 21:08:12.632 RedLemon[15449:463516]    Payload keys: senderId, timestamp, type, isPlaying, position
2026-01-27 21:08:12.634 RedLemon[15449:463516] ✅ Realtime: Message broadcast complete
2026-01-27 21:08:12.759 RedLemon[15449:463223] 📨 Realtime: Received broadcast message
2026-01-27 21:08:12.760 RedLemon[15449:463223]    Payload keys: senderId, position, type, timestamp, isPlaying
2026-01-27 21:08:12.760 RedLemon[15449:463223] ✅ Realtime: Decoded message type: playbackState, sender: 96E01CDB-36C0-4228-A6E4-A29A3C66BC8E
2026-01-27 21:08:14.608 RedLemon[15449:463515] 📤 Realtime: Sending message type: playbackState, sender: 96E01CDB-36C0-4228-A6E4-A29A3C66BC8E
2026-01-27 21:08:14.609 RedLemon[15449:463515]    Payload keys: isPlaying, senderId, type, position, timestamp
2026-01-27 21:08:14.610 RedLemon[15449:462611] ✅ Realtime: Message broadcast complete
2026-01-27 21:08:14.733 RedLemon[15449:463515] 📨 Realtime: Received broadcast message
2026-01-27 21:08:14.733 RedLemon[15449:463515]    Payload keys: type, isPlaying, senderId, position, timestamp
2026-01-27 21:08:14.734 RedLemon[15449:463515] ✅ Realtime: Decoded message type: playbackState, sender: 96E01CDB-36C0-4228-A6E4-A29A3C66BC8E
2026-01-27 21:08:16.635 RedLemon[15449:463515] 📤 Realtime: Sending message type: playbackState, sender: 96E01CDB-36C0-4228-A6E4-A29A3C66BC8E
2026-01-27 21:08:16.636 RedLemon[15449:463515]    Payload keys: senderId, type, position, isPlaying, timestamp
2026-01-27 21:08:16.637 RedLemon[15449:463223] ✅ Realtime: Message broadcast complete
2026-01-27 21:08:16.763 RedLemon[15449:463515] 📨 Realtime: Received broadcast message
2026-01-27 21:08:16.763 RedLemon[15449:463515]    Payload keys: position, type, timestamp, senderId, isPlaying
2026-01-27 21:08:16.763 RedLemon[15449:463515] ✅ Realtime: Decoded message type: playbackState, sender: 96E01CDB-36C0-4228-A6E4-A29A3C66BC8E
2026-01-27 21:08:18.636 RedLemon[15449:462611] 📤 Realtime: Sending message type: playbackState, sender: 96E01CDB-36C0-4228-A6E4-A29A3C66BC8E
2026-01-27 21:08:18.636 RedLemon[15449:462611]    Payload keys: timestamp, position, type, senderId, isPlaying
2026-01-27 21:08:18.637 RedLemon[15449:462611] ✅ Realtime: Message broadcast complete
2026-01-27 21:08:18.759 RedLemon[15449:463223] 📨 Realtime: Received broadcast message
2026-01-27 21:08:18.759 RedLemon[15449:463223]    Payload keys: isPlaying, senderId, timestamp, position, type
2026-01-27 21:08:18.760 RedLemon[15449:463223] ✅ Realtime: Decoded message type: playbackState, sender: 96E01CDB-36C0-4228-A6E4-A29A3C66BC8E
2026-01-27 21:08:20.642 RedLemon[15449:463223] 📤 Realtime: Sending message type: playbackState, sender: 96E01CDB-36C0-4228-A6E4-A29A3C66BC8E
2026-01-27 21:08:20.642 RedLemon[15449:463223]    Payload keys: position, timestamp, type, senderId, isPlaying
2026-01-27 21:08:20.644 RedLemon[15449:463515] ✅ Realtime: Message broadcast complete
2026-01-27 21:08:20.645 RedLemon[15449:462741] 🔐 Signed request to /rooms
2026-01-27 21:08:20.812 RedLemon[15449:463223] 📨 Realtime: Received broadcast message
2026-01-27 21:08:20.813 RedLemon[15449:463223]    Payload keys: timestamp, position, senderId, isPlaying, type
2026-01-27 21:08:20.813 RedLemon[15449:463223] ✅ Realtime: Decoded message type: playbackState, sender: 96E01CDB-36C0-4228-A6E4-A29A3C66BC8E
2026-01-27 21:08:20.932 RedLemon[15449:461976] 📨 Lobby: Received Room UPDATE from Realtime
2026-01-27 21:08:21.059 RedLemon[15449:463515] 🔐 SupabaseClient: Signing Identity Payload: '176956610196e01cdb-36c0-4228-a6e4-a29a3c66bc8e/rpc/room_heartbeat'
2026-01-27 21:08:21.060 RedLemon[15449:463515] 🔐 Signed request to /rpc/room_heartbeat
2026-01-27 21:08:21.305 RedLemon[15449:461976] 📨 Lobby: Received Room UPDATE from Realtime
2026-01-27 21:08:21.724 RedLemon[15449:461976] 📨 Lobby: Received Room UPDATE from Realtime
2026-01-27 21:08:22.641 RedLemon[15449:463293] 📤 Realtime: Sending message type: playbackState, sender: 96E01CDB-36C0-4228-A6E4-A29A3C66BC8E
2026-01-27 21:08:22.641 RedLemon[15449:463293]    Payload keys: type, position, timestamp, senderId, isPlaying
2026-01-27 21:08:22.642 RedLemon[15449:462611] ✅ Realtime: Message broadcast complete
2026-01-27 21:08:22.769 RedLemon[15449:462611] 📨 Realtime: Received broadcast message
2026-01-27 21:08:22.769 RedLemon[15449:462611]    Payload keys: senderId, timestamp, type, isPlaying, position
2026-01-27 21:08:22.770 RedLemon[15449:462611] ✅ Realtime: Decoded message type: playbackState, sender: 96E01CDB-36C0-4228-A6E4-A29A3C66BC8E
2026-01-27 21:08:23.019 RedLemon[15449:463293] 🔐 Signed request to /rpc/user_heartbeat
2026-01-27 21:08:24.644 RedLemon[15449:462741] 📤 Realtime: Sending message type: playbackState, sender: 96E01CDB-36C0-4228-A6E4-A29A3C66BC8E
2026-01-27 21:08:24.645 RedLemon[15449:462741]    Payload keys: position, senderId, isPlaying, timestamp, type
2026-01-27 21:08:24.645 RedLemon[15449:463515] ✅ Realtime: Message broadcast complete
2026-01-27 21:08:24.770 RedLemon[15449:463515] 📨 Realtime: Received broadcast message
2026-01-27 21:08:24.770 RedLemon[15449:463515]    Payload keys: type, position, senderId, isPlaying, timestamp
2026-01-27 21:08:24.771 RedLemon[15449:463515] ✅ Realtime: Decoded message type: playbackState, sender: 96E01CDB-36C0-4228-A6E4-A29A3C66BC8E
2026-01-27 21:08:26.603 RedLemon[15449:463223] 📤 Realtime: Sending message type: playbackState, sender: 96E01CDB-36C0-4228-A6E4-A29A3C66BC8E
2026-01-27 21:08:26.604 RedLemon[15449:463223]    Payload keys: timestamp, isPlaying, position, type, senderId
2026-01-27 21:08:26.605 RedLemon[15449:462741] ✅ Realtime: Message broadcast complete
2026-01-27 21:08:26.750 RedLemon[15449:463515] 📨 Realtime: Received broadcast message
2026-01-27 21:08:26.750 RedLemon[15449:463515]    Payload keys: type, isPlaying, senderId, position, timestamp
2026-01-27 21:08:26.751 RedLemon[15449:463515] ✅ Realtime: Decoded message type: playbackState, sender: 96E01CDB-36C0-4228-A6E4-A29A3C66BC8E
2026-01-27 21:08:28.734 RedLemon[15449:463223] 📤 Realtime: Sending message type: playbackState, sender: 96E01CDB-36C0-4228-A6E4-A29A3C66BC8E
2026-01-27 21:08:28.735 RedLemon[15449:463223]    Payload keys: timestamp, position, type, senderId, isPlaying
2026-01-27 21:08:28.736 RedLemon[15449:463223] ✅ Realtime: Message broadcast complete
2026-01-27 21:08:28.859 RedLemon[15449:462611] 📨 Realtime: Received broadcast message
2026-01-27 21:08:28.859 RedLemon[15449:462611]    Payload keys: isPlaying, type, senderId, timestamp, position
2026-01-27 21:08:28.859 RedLemon[15449:462611] ✅ Realtime: Decoded message type: playbackState, sender: 96E01CDB-36C0-4228-A6E4-A29A3C66BC8E
2026-01-27 21:08:30.608 RedLemon[15449:462741] 📤 Realtime: Sending message type: playbackState, sender: 96E01CDB-36C0-4228-A6E4-A29A3C66BC8E
2026-01-27 21:08:30.608 RedLemon[15449:462741]    Payload keys: senderId, timestamp, type, isPlaying, position
2026-01-27 21:08:30.609 RedLemon[15449:462741] ✅ Realtime: Message broadcast complete
2026-01-27 21:08:30.610 RedLemon[15449:462611] 🔐 Signed request to /rooms
2026-01-27 21:08:30.736 RedLemon[15449:462741] 📨 Realtime: Received broadcast message
2026-01-27 21:08:30.736 RedLemon[15449:462741]    Payload keys: type, isPlaying, position, senderId, timestamp
2026-01-27 21:08:30.736 RedLemon[15449:462741] ✅ Realtime: Decoded message type: playbackState, sender: 96E01CDB-36C0-4228-A6E4-A29A3C66BC8E
2026-01-27 21:08:30.899 RedLemon[15449:461976] 📨 Lobby: Received Room UPDATE from Realtime
2026-01-27 21:08:31.775 RedLemon[15449:461976] 📨 Lobby: Received Room UPDATE from Realtime
2026-01-27 21:08:32.537 RedLemon[15449:463516] 📤 Realtime: Sending message type: playbackState, sender: 96E01CDB-36C0-4228-A6E4-A29A3C66BC8E
2026-01-27 21:08:32.537 RedLemon[15449:463516]    Payload keys: isPlaying, type, timestamp, position, senderId
2026-01-27 21:08:32.538 RedLemon[15449:463516] ✅ Realtime: Message broadcast complete
2026-01-27 21:08:32.689 RedLemon[15449:463515] 📨 Realtime: Received broadcast message
2026-01-27 21:08:32.689 RedLemon[15449:463515]    Payload keys: position, senderId, timestamp, type, isPlaying
2026-01-27 21:08:32.689 RedLemon[15449:463515] ✅ Realtime: Decoded message type: playbackState, sender: 96E01CDB-36C0-4228-A6E4-A29A3C66BC8E
2026-01-27 21:08:34.653 RedLemon[15449:463223] 📤 Realtime: Sending message type: playbackState, sender: 96E01CDB-36C0-4228-A6E4-A29A3C66BC8E
2026-01-27 21:08:34.654 RedLemon[15449:463223]    Payload keys: timestamp, position, senderId, type, isPlaying
2026-01-27 21:08:34.655 RedLemon[15449:463515] ✅ Realtime: Message broadcast complete
2026-01-27 21:08:34.840 RedLemon[15449:463515] 📨 Realtime: Received broadcast message
2026-01-27 21:08:34.840 RedLemon[15449:463515]    Payload keys: timestamp, type, position, isPlaying, senderId
2026-01-27 21:08:34.840 RedLemon[15449:463515] ✅ Realtime: Decoded message type: playbackState, sender: 96E01CDB-36C0-4228-A6E4-A29A3C66BC8E
2026-01-27 21:08:36.655 RedLemon[15449:463563] 📤 Realtime: Sending message type: playbackState, sender: 96E01CDB-36C0-4228-A6E4-A29A3C66BC8E
2026-01-27 21:08:36.656 RedLemon[15449:463563]    Payload keys: isPlaying, type, timestamp, position, senderId
2026-01-27 21:08:36.657 RedLemon[15449:463563] ✅ Realtime: Message broadcast complete
2026-01-27 21:08:36.846 RedLemon[15449:463563] 📨 Realtime: Received broadcast message
2026-01-27 21:08:36.846 RedLemon[15449:463563]    Payload keys: senderId, position, type, isPlaying, timestamp
2026-01-27 21:08:36.847 RedLemon[15449:463563] ✅ Realtime: Decoded message type: playbackState, sender: 96E01CDB-36C0-4228-A6E4-A29A3C66BC8E
2026-01-27 21:08:38.658 RedLemon[15449:463563] 📤 Realtime: Sending message type: playbackState, sender: 96E01CDB-36C0-4228-A6E4-A29A3C66BC8E
2026-01-27 21:08:38.659 RedLemon[15449:463563]    Payload keys: position, timestamp, senderId, isPlaying, type
2026-01-27 21:08:38.660 RedLemon[15449:462611] ✅ Realtime: Message broadcast complete
2026-01-27 21:08:38.834 RedLemon[15449:462611] 📨 Realtime: Received broadcast message
2026-01-27 21:08:38.834 RedLemon[15449:462611]    Payload keys: senderId, timestamp, type, position, isPlaying
2026-01-27 21:08:38.834 RedLemon[15449:462611] ✅ Realtime: Decoded message type: playbackState, sender: 96E01CDB-36C0-4228-A6E4-A29A3C66BC8E
2026-01-27 21:08:40.617 RedLemon[15449:462611] 📤 Realtime: Sending message type: playbackState, sender: 96E01CDB-36C0-4228-A6E4-A29A3C66BC8E
2026-01-27 21:08:40.618 RedLemon[15449:462611]    Payload keys: position, type, isPlaying, senderId, timestamp
2026-01-27 21:08:40.619 RedLemon[15449:463515] ✅ Realtime: Message broadcast complete
2026-01-27 21:08:40.620 RedLemon[15449:463563] 🔐 Signed request to /rooms
2026-01-27 21:08:40.744 RedLemon[15449:463563] 📨 Realtime: Received broadcast message
2026-01-27 21:08:40.744 RedLemon[15449:463563]    Payload keys: isPlaying, senderId, timestamp, type, position
2026-01-27 21:08:40.744 RedLemon[15449:463563] ✅ Realtime: Decoded message type: playbackState, sender: 96E01CDB-36C0-4228-A6E4-A29A3C66BC8E
2026-01-27 21:08:40.867 RedLemon[15449:461976] 📨 Lobby: Received Room UPDATE from Realtime
2026-01-27 21:08:42.538 RedLemon[15449:463223] 📤 Realtime: Sending message type: playbackState, sender: 96E01CDB-36C0-4228-A6E4-A29A3C66BC8E
2026-01-27 21:08:42.538 RedLemon[15449:463223]    Payload keys: timestamp, type, senderId, isPlaying, position
2026-01-27 21:08:42.539 RedLemon[15449:463223] ✅ Realtime: Message broadcast complete
2026-01-27 21:08:42.725 RedLemon[15449:463223] 📨 Realtime: Received broadcast message
2026-01-27 21:08:42.725 RedLemon[15449:463223]    Payload keys: senderId, position, timestamp, type, isPlaying
2026-01-27 21:08:42.725 RedLemon[15449:463223] ✅ Realtime: Decoded message type: playbackState, sender: 96E01CDB-36C0-4228-A6E4-A29A3C66BC8E
2026-01-27 21:08:44.622 RedLemon[15449:463515] 📤 Realtime: Sending message type: playbackState, sender: 96E01CDB-36C0-4228-A6E4-A29A3C66BC8E
2026-01-27 21:08:44.623 RedLemon[15449:463515]    Payload keys: senderId, type, timestamp, position, isPlaying
2026-01-27 21:08:44.623 RedLemon[15449:462741] ✅ Realtime: Message broadcast complete
2026-01-27 21:08:44.773 RedLemon[15449:462611] 📨 Realtime: Received broadcast message
2026-01-27 21:08:44.774 RedLemon[15449:462611]    Payload keys: isPlaying, timestamp, position, type, senderId
2026-01-27 21:08:44.774 RedLemon[15449:462611] ✅ Realtime: Decoded message type: playbackState, sender: 96E01CDB-36C0-4228-A6E4-A29A3C66BC8E
2026-01-27 21:08:46.625 RedLemon[15449:463223] 📤 Realtime: Sending message type: playbackState, sender: 96E01CDB-36C0-4228-A6E4-A29A3C66BC8E
2026-01-27 21:08:46.626 RedLemon[15449:463223]    Payload keys: timestamp, position, type, isPlaying, senderId
2026-01-27 21:08:46.627 RedLemon[15449:463223] ✅ Realtime: Message broadcast complete
2026-01-27 21:08:46.820 RedLemon[15449:463223] 📨 Realtime: Received broadcast message
2026-01-27 21:08:46.821 RedLemon[15449:463223]    Payload keys: isPlaying, type, timestamp, position, senderId
2026-01-27 21:08:46.821 RedLemon[15449:463223] ✅ Realtime: Decoded message type: playbackState, sender: 96E01CDB-36C0-4228-A6E4-A29A3C66BC8E
2026-01-27 21:08:48.626 RedLemon[15449:463223] 📤 Realtime: Sending message type: playbackState, sender: 96E01CDB-36C0-4228-A6E4-A29A3C66BC8E
2026-01-27 21:08:48.627 RedLemon[15449:463223]    Payload keys: type, isPlaying, timestamp, senderId, position
2026-01-27 21:08:48.627 RedLemon[15449:462741] ✅ Realtime: Message broadcast complete
2026-01-27 21:08:48.766 RedLemon[15449:463563] 📨 Realtime: Received broadcast message
2026-01-27 21:08:48.766 RedLemon[15449:463563]    Payload keys: senderId, type, timestamp, position, isPlaying
2026-01-27 21:08:48.767 RedLemon[15449:463563] ✅ Realtime: Decoded message type: playbackState, sender: 96E01CDB-36C0-4228-A6E4-A29A3C66BC8E
2026-01-27 21:08:48.836 RedLemon[15449:463563] 🔐 Signed request to /rpc/user_heartbeat
2026-01-27 21:08:50.631 RedLemon[15449:463223] 📤 Realtime: Sending message type: playbackState, sender: 96E01CDB-36C0-4228-A6E4-A29A3C66BC8E
2026-01-27 21:08:50.631 RedLemon[15449:463223]    Payload keys: position, isPlaying, timestamp, type, senderId
2026-01-27 21:08:50.632 RedLemon[15449:463223] ✅ Realtime: Message broadcast complete
2026-01-27 21:08:50.633 RedLemon[15449:462741] 🔐 Signed request to /rooms
2026-01-27 21:08:50.754 RedLemon[15449:462611] 📨 Realtime: Received broadcast message
2026-01-27 21:08:50.755 RedLemon[15449:462611]    Payload keys: isPlaying, timestamp, senderId, type, position
2026-01-27 21:08:50.755 RedLemon[15449:462611] ✅ Realtime: Decoded message type: playbackState, sender: 96E01CDB-36C0-4228-A6E4-A29A3C66BC8E
2026-01-27 21:08:50.838 RedLemon[15449:461976] 📨 Lobby: Received Room UPDATE from Realtime
2026-01-27 21:08:51.315 RedLemon[15449:463563] 🔐 SupabaseClient: Signing Identity Payload: '176956613196e01cdb-36c0-4228-a6e4-a29a3c66bc8e/rpc/room_heartbeat'
2026-01-27 21:08:51.315 RedLemon[15449:463563] 🔐 Signed request to /rpc/room_heartbeat
2026-01-27 21:08:51.586 RedLemon[15449:461976] 📨 Lobby: Received Room UPDATE from Realtime
2026-01-27 21:08:51.962 RedLemon[15449:461976] 📨 Lobby: Received Room UPDATE from Realtime
2026-01-27 21:08:52.630 RedLemon[15449:463515] 📤 Realtime: Sending message type: playbackState, sender: 96E01CDB-36C0-4228-A6E4-A29A3C66BC8E
2026-01-27 21:08:52.631 RedLemon[15449:463515]    Payload keys: senderId, isPlaying, timestamp, position, type
2026-01-27 21:08:52.632 RedLemon[15449:462611] ✅ Realtime: Message broadcast complete
2026-01-27 21:08:52.758 RedLemon[15449:462741] 📨 Realtime: Received broadcast message
2026-01-27 21:08:52.758 RedLemon[15449:462741]    Payload keys: type, isPlaying, position, senderId, timestamp
2026-01-27 21:08:52.759 RedLemon[15449:462741] ✅ Realtime: Decoded message type: playbackState, sender: 96E01CDB-36C0-4228-A6E4-A29A3C66BC8E
2026-01-27 21:08:54.635 RedLemon[15449:462741] 📤 Realtime: Sending message type: playbackState, sender: 96E01CDB-36C0-4228-A6E4-A29A3C66BC8E
2026-01-27 21:08:54.635 RedLemon[15449:462741]    Payload keys: isPlaying, type, position, senderId, timestamp
2026-01-27 21:08:54.636 RedLemon[15449:463824] ✅ Realtime: Message broadcast complete
2026-01-27 21:08:54.759 RedLemon[15449:462741] 📨 Realtime: Received broadcast message
2026-01-27 21:08:54.759 RedLemon[15449:462741]    Payload keys: senderId, isPlaying, position, timestamp, type
2026-01-27 21:08:54.759 RedLemon[15449:462741] ✅ Realtime: Decoded message type: playbackState, sender: 96E01CDB-36C0-4228-A6E4-A29A3C66BC8E
2026-01-27 21:08:56.593 RedLemon[15449:462741] 📤 Realtime: Sending message type: playbackState, sender: 96E01CDB-36C0-4228-A6E4-A29A3C66BC8E
2026-01-27 21:08:56.593 RedLemon[15449:462741]    Payload keys: senderId, isPlaying, timestamp, position, type
2026-01-27 21:08:56.594 RedLemon[15449:463824] ✅ Realtime: Message broadcast complete
2026-01-27 21:08:56.717 RedLemon[15449:462741] 📨 Realtime: Received broadcast message
2026-01-27 21:08:56.717 RedLemon[15449:462741]    Payload keys: type, position, isPlaying, timestamp, senderId
2026-01-27 21:08:56.718 RedLemon[15449:462741] ✅ Realtime: Decoded message type: playbackState, sender: 96E01CDB-36C0-4228-A6E4-A29A3C66BC8E
2026-01-27 21:08:58.596 RedLemon[15449:462611] 📤 Realtime: Sending message type: playbackState, sender: 96E01CDB-36C0-4228-A6E4-A29A3C66BC8E
2026-01-27 21:08:58.596 RedLemon[15449:462611]    Payload keys: timestamp, isPlaying, senderId, position, type
2026-01-27 21:08:58.598 RedLemon[15449:462611] ✅ Realtime: Message broadcast complete
2026-01-27 21:08:58.802 RedLemon[15449:462611] 📨 Realtime: Received broadcast message
2026-01-27 21:08:58.802 RedLemon[15449:462611]    Payload keys: timestamp, type, isPlaying, senderId, position
2026-01-27 21:08:58.804 RedLemon[15449:462611] ✅ Realtime: Decoded message type: playbackState, sender: 96E01CDB-36C0-4228-A6E4-A29A3C66BC8E
2026-01-27 21:09:00.597 RedLemon[15449:463563] 📤 Realtime: Sending message type: playbackState, sender: 96E01CDB-36C0-4228-A6E4-A29A3C66BC8E
2026-01-27 21:09:00.598 RedLemon[15449:463563]    Payload keys: senderId, type, isPlaying, timestamp, position
2026-01-27 21:09:00.598 RedLemon[15449:462741] ✅ Realtime: Message broadcast complete
2026-01-27 21:09:00.600 RedLemon[15449:462611] 🔐 Signed request to /rooms
2026-01-27 21:09:00.723 RedLemon[15449:463515] 📨 Realtime: Received broadcast message
2026-01-27 21:09:00.723 RedLemon[15449:463515]    Payload keys: timestamp, senderId, position, type, isPlaying
2026-01-27 21:09:00.723 RedLemon[15449:463515] ✅ Realtime: Decoded message type: playbackState, sender: 96E01CDB-36C0-4228-A6E4-A29A3C66BC8E
2026-01-27 21:09:00.864 RedLemon[15449:461976] 📨 Lobby: Received Room UPDATE from Realtime
2026-01-27 21:09:02.641 RedLemon[15449:462611] 📤 Realtime: Sending message type: playbackState, sender: 96E01CDB-36C0-4228-A6E4-A29A3C66BC8E
2026-01-27 21:09:02.641 RedLemon[15449:462611]    Payload keys: senderId, timestamp, position, type, isPlaying
2026-01-27 21:09:02.642 RedLemon[15449:462611] ✅ Realtime: Message broadcast complete
2026-01-27 21:09:02.776 RedLemon[15449:462611] 📨 Realtime: Received broadcast message
2026-01-27 21:09:02.777 RedLemon[15449:462611]    Payload keys: position, senderId, timestamp, type, isPlaying
2026-01-27 21:09:02.777 RedLemon[15449:462611] ✅ Realtime: Decoded message type: playbackState, sender: 96E01CDB-36C0-4228-A6E4-A29A3C66BC8E
2026-01-27 21:09:04.644 RedLemon[15449:463223] 📤 Realtime: Sending message type: playbackState, sender: 96E01CDB-36C0-4228-A6E4-A29A3C66BC8E
2026-01-27 21:09:04.645 RedLemon[15449:463223]    Payload keys: timestamp, type, senderId, isPlaying, position
2026-01-27 21:09:04.646 RedLemon[15449:463868] ✅ Realtime: Message broadcast complete
2026-01-27 21:09:04.768 RedLemon[15449:463515] 📨 Realtime: Received broadcast message
2026-01-27 21:09:04.768 RedLemon[15449:463515]    Payload keys: type, senderId, timestamp, isPlaying, position
2026-01-27 21:09:04.768 RedLemon[15449:463515] ✅ Realtime: Decoded message type: playbackState, sender: 96E01CDB-36C0-4228-A6E4-A29A3C66BC8E
2026-01-27 21:09:06.645 RedLemon[15449:463824] 📤 Realtime: Sending message type: playbackState, sender: 96E01CDB-36C0-4228-A6E4-A29A3C66BC8E
2026-01-27 21:09:06.646 RedLemon[15449:463824]    Payload keys: position, timestamp, senderId, isPlaying, type
2026-01-27 21:09:06.647 RedLemon[15449:463824] ✅ Realtime: Message broadcast complete
2026-01-27 21:09:06.780 RedLemon[15449:463515] 📨 Realtime: Received broadcast message
2026-01-27 21:09:06.780 RedLemon[15449:463515]    Payload keys: position, senderId, isPlaying, timestamp, type
2026-01-27 21:09:06.780 RedLemon[15449:463515] ✅ Realtime: Decoded message type: playbackState, sender: 96E01CDB-36C0-4228-A6E4-A29A3C66BC8E
2026-01-27 21:09:07.106 RedLemon[15449:461976] 📨 Lobby: Received Room UPDATE from Realtime
2026-01-27 21:09:08.648 RedLemon[15449:463824] 📤 Realtime: Sending message type: playbackState, sender: 96E01CDB-36C0-4228-A6E4-A29A3C66BC8E
2026-01-27 21:09:08.649 RedLemon[15449:463824]    Payload keys: timestamp, isPlaying, type, position, senderId
2026-01-27 21:09:08.650 RedLemon[15449:463515] ✅ Realtime: Message broadcast complete
2026-01-27 21:09:08.773 RedLemon[15449:463824] 📨 Realtime: Received broadcast message
2026-01-27 21:09:08.773 RedLemon[15449:463824]    Payload keys: position, senderId, type, timestamp, isPlaying
2026-01-27 21:09:08.773 RedLemon[15449:463824] ✅ Realtime: Decoded message type: playbackState, sender: 96E01CDB-36C0-4228-A6E4-A29A3C66BC8E
2026-01-27 21:09:10.576 RedLemon[15449:463223] 📤 Realtime: Sending message type: playbackState, sender: 96E01CDB-36C0-4228-A6E4-A29A3C66BC8E
2026-01-27 21:09:10.576 RedLemon[15449:463223]    Payload keys: type, senderId, isPlaying, timestamp, position
2026-01-27 21:09:10.577 RedLemon[15449:463563] ✅ Realtime: Message broadcast complete
2026-01-27 21:09:10.578 RedLemon[15449:463515] 🔐 Signed request to /rooms
2026-01-27 21:09:10.782 RedLemon[15449:463563] 📨 Realtime: Received broadcast message
2026-01-27 21:09:10.782 RedLemon[15449:463563]    Payload keys: timestamp, isPlaying, position, senderId, type
2026-01-27 21:09:10.783 RedLemon[15449:463563] ✅ Realtime: Decoded message type: playbackState, sender: 96E01CDB-36C0-4228-A6E4-A29A3C66BC8E
2026-01-27 21:09:10.817 RedLemon[15449:461976] 📨 Lobby: Received Room UPDATE from Realtime
2026-01-27 21:09:12.693 RedLemon[15449:463824] 📤 Realtime: Sending message type: playbackState, sender: 96E01CDB-36C0-4228-A6E4-A29A3C66BC8E
2026-01-27 21:09:12.693 RedLemon[15449:463824]    Payload keys: type, senderId, timestamp, position, isPlaying
2026-01-27 21:09:12.694 RedLemon[15449:463990] ✅ Realtime: Message broadcast complete
2026-01-27 21:09:12.824 RedLemon[15449:463824] 📨 Realtime: Received broadcast message
2026-01-27 21:09:12.825 RedLemon[15449:463824]    Payload keys: senderId, isPlaying, type, position, timestamp
2026-01-27 21:09:12.825 RedLemon[15449:463824] ✅ Realtime: Decoded message type: playbackState, sender: 96E01CDB-36C0-4228-A6E4-A29A3C66BC8E
2026-01-27 21:09:14.112 RedLemon[15449:463223] 🔐 Signed request to /rpc/user_heartbeat
2026-01-27 21:09:14.611 RedLemon[15449:463868] 📤 Realtime: Sending message type: playbackState, sender: 96E01CDB-36C0-4228-A6E4-A29A3C66BC8E
2026-01-27 21:09:14.611 RedLemon[15449:463868]    Payload keys: type, timestamp, position, isPlaying, senderId
2026-01-27 21:09:14.613 RedLemon[15449:463563] ✅ Realtime: Message broadcast complete
2026-01-27 21:09:14.737 RedLemon[15449:463223] 📨 Realtime: Received broadcast message
2026-01-27 21:09:14.737 RedLemon[15449:463223]    Payload keys: isPlaying, timestamp, type, position, senderId
2026-01-27 21:09:14.738 RedLemon[15449:463223] ✅ Realtime: Decoded message type: playbackState, sender: 96E01CDB-36C0-4228-A6E4-A29A3C66BC8E
2026-01-27 21:09:16.696 RedLemon[15449:463991] 📤 Realtime: Sending message type: playbackState, sender: 96E01CDB-36C0-4228-A6E4-A29A3C66BC8E
2026-01-27 21:09:16.697 RedLemon[15449:463991]    Payload keys: position, timestamp, type, senderId, isPlaying
2026-01-27 21:09:16.698 RedLemon[15449:463991] ✅ Realtime: Message broadcast complete
2026-01-27 21:09:16.834 RedLemon[15449:463563] 📨 Realtime: Received broadcast message
2026-01-27 21:09:16.834 RedLemon[15449:463563]    Payload keys: timestamp, senderId, position, type, isPlaying
2026-01-27 21:09:16.834 RedLemon[15449:463563] ✅ Realtime: Decoded message type: playbackState, sender: 96E01CDB-36C0-4228-A6E4-A29A3C66BC8E
2026-01-27 21:09:18.658 RedLemon[15449:463563] 📤 Realtime: Sending message type: playbackState, sender: 96E01CDB-36C0-4228-A6E4-A29A3C66BC8E
2026-01-27 21:09:18.659 RedLemon[15449:463563]    Payload keys: isPlaying, timestamp, position, type, senderId
2026-01-27 21:09:18.661 RedLemon[15449:463223] ✅ Realtime: Message broadcast complete
2026-01-27 21:09:18.872 RedLemon[15449:463223] 📨 Realtime: Received broadcast message
2026-01-27 21:09:18.872 RedLemon[15449:463223]    Payload keys: position, isPlaying, senderId, timestamp, type
2026-01-27 21:09:18.873 RedLemon[15449:463223] ✅ Realtime: Decoded message type: playbackState, sender: 96E01CDB-36C0-4228-A6E4-A29A3C66BC8E
2026-01-27 21:09:20.661 RedLemon[15449:463515] 📤 Realtime: Sending message type: playbackState, sender: 96E01CDB-36C0-4228-A6E4-A29A3C66BC8E
2026-01-27 21:09:20.661 RedLemon[15449:463515]    Payload keys: timestamp, senderId, position, type, isPlaying
2026-01-27 21:09:20.662 RedLemon[15449:463991] ✅ Realtime: Message broadcast complete
2026-01-27 21:09:20.663 RedLemon[15449:463824] 🔐 Signed request to /rooms
2026-01-27 21:09:20.785 RedLemon[15449:463515] 📨 Realtime: Received broadcast message
2026-01-27 21:09:20.785 RedLemon[15449:463515]    Payload keys: type, senderId, isPlaying, timestamp, position
2026-01-27 21:09:20.785 RedLemon[15449:463515] ✅ Realtime: Decoded message type: playbackState, sender: 96E01CDB-36C0-4228-A6E4-A29A3C66BC8E
2026-01-27 21:09:20.911 RedLemon[15449:461976] 📨 Lobby: Received Room UPDATE from Realtime
2026-01-27 21:09:21.494 RedLemon[15449:463515] 🔐 SupabaseClient: Signing Identity Payload: '176956616196e01cdb-36c0-4228-a6e4-a29a3c66bc8e/rpc/room_heartbeat'
2026-01-27 21:09:21.494 RedLemon[15449:463515] 🔐 Signed request to /rpc/room_heartbeat
2026-01-27 21:09:21.785 RedLemon[15449:461976] 📨 Lobby: Received Room UPDATE from Realtime
2026-01-27 21:09:22.160 RedLemon[15449:461976] 📨 Lobby: Received Room UPDATE from Realtime
2026-01-27 21:09:22.663 RedLemon[15449:463991] 📤 Realtime: Sending message type: playbackState, sender: 96E01CDB-36C0-4228-A6E4-A29A3C66BC8E
2026-01-27 21:09:22.663 RedLemon[15449:463991]    Payload keys: type, isPlaying, senderId, position, timestamp
2026-01-27 21:09:22.664 RedLemon[15449:463824] ✅ Realtime: Message broadcast complete
2026-01-27 21:09:22.791 RedLemon[15449:463868] 📨 Realtime: Received broadcast message
2026-01-27 21:09:22.791 RedLemon[15449:463868]    Payload keys: isPlaying, timestamp, position, type, senderId
2026-01-27 21:09:22.792 RedLemon[15449:463868] ✅ Realtime: Decoded message type: playbackState, sender: 96E01CDB-36C0-4228-A6E4-A29A3C66BC8E
2026-01-27 21:09:24.539 RedLemon[15449:463515] 📤 Realtime: Sending message type: playbackState, sender: 96E01CDB-36C0-4228-A6E4-A29A3C66BC8E
2026-01-27 21:09:24.539 RedLemon[15449:463515]    Payload keys: timestamp, position, isPlaying, senderId, type
2026-01-27 21:09:24.539 RedLemon[15449:463515] ✅ Realtime: Message broadcast complete
2026-01-27 21:09:24.668 RedLemon[15449:463868] 📨 Realtime: Received broadcast message
2026-01-27 21:09:24.668 RedLemon[15449:463868]    Payload keys: senderId, type, isPlaying, timestamp, position
2026-01-27 21:09:24.668 RedLemon[15449:463868] ✅ Realtime: Decoded message type: playbackState, sender: 96E01CDB-36C0-4228-A6E4-A29A3C66BC8E
2026-01-27 21:09:26.623 RedLemon[15449:463515] 📤 Realtime: Sending message type: playbackState, sender: 96E01CDB-36C0-4228-A6E4-A29A3C66BC8E
2026-01-27 21:09:26.624 RedLemon[15449:463515]    Payload keys: senderId, timestamp, isPlaying, type, position
2026-01-27 21:09:26.625 RedLemon[15449:463515] ✅ Realtime: Message broadcast complete
2026-01-27 21:09:26.758 RedLemon[15449:463824] 📨 Realtime: Received broadcast message
2026-01-27 21:09:26.758 RedLemon[15449:463824]    Payload keys: timestamp, senderId, isPlaying, type, position
2026-01-27 21:09:26.759 RedLemon[15449:463824] ✅ Realtime: Decoded message type: playbackState, sender: 96E01CDB-36C0-4228-A6E4-A29A3C66BC8E
2026-01-27 21:09:28.624 RedLemon[15449:463824] 📤 Realtime: Sending message type: playbackState, sender: 96E01CDB-36C0-4228-A6E4-A29A3C66BC8E
2026-01-27 21:09:28.625 RedLemon[15449:463824]    Payload keys: type, isPlaying, timestamp, senderId, position
2026-01-27 21:09:28.626 RedLemon[15449:463991] ✅ Realtime: Message broadcast complete
2026-01-27 21:09:28.806 RedLemon[15449:463223] 📨 Realtime: Received broadcast message
2026-01-27 21:09:28.806 RedLemon[15449:463223]    Payload keys: isPlaying, senderId, timestamp, position, type
2026-01-27 21:09:28.806 RedLemon[15449:463223] ✅ Realtime: Decoded message type: playbackState, sender: 96E01CDB-36C0-4228-A6E4-A29A3C66BC8E
2026-01-27 21:09:30.586 RedLemon[15449:463515] 📤 Realtime: Sending message type: playbackState, sender: 96E01CDB-36C0-4228-A6E4-A29A3C66BC8E
2026-01-27 21:09:30.587 RedLemon[15449:463515]    Payload keys: type, position, senderId, timestamp, isPlaying
2026-01-27 21:09:30.588 RedLemon[15449:463868] ✅ Realtime: Message broadcast complete
2026-01-27 21:09:30.589 RedLemon[15449:463824] 🔐 Signed request to /rooms
2026-01-27 21:09:30.751 RedLemon[15449:463824] 📨 Realtime: Received broadcast message
2026-01-27 21:09:30.753 RedLemon[15449:463824]    Payload keys: position, isPlaying, timestamp, type, senderId
2026-01-27 21:09:30.754 RedLemon[15449:463824] ✅ Realtime: Decoded message type: playbackState, sender: 96E01CDB-36C0-4228-A6E4-A29A3C66BC8E
2026-01-27 21:09:30.836 RedLemon[15449:461976] 📨 Lobby: Received Room UPDATE from Realtime
2026-01-27 21:09:32.590 RedLemon[15449:463991] 📤 Realtime: Sending message type: playbackState, sender: 96E01CDB-36C0-4228-A6E4-A29A3C66BC8E
2026-01-27 21:09:32.592 RedLemon[15449:463991]    Payload keys: senderId, timestamp, position, type, isPlaying
2026-01-27 21:09:32.593 RedLemon[15449:463991] ✅ Realtime: Message broadcast complete
2026-01-27 21:09:32.801 RedLemon[15449:464048] 📨 Realtime: Received broadcast message
2026-01-27 21:09:32.801 RedLemon[15449:464048]    Payload keys: isPlaying, position, type, senderId, timestamp
2026-01-27 21:09:32.801 RedLemon[15449:464048] ✅ Realtime: Decoded message type: playbackState, sender: 96E01CDB-36C0-4228-A6E4-A29A3C66BC8E
2026-01-27 21:09:34.550 RedLemon[15449:463515] 📤 Realtime: Sending message type: playbackState, sender: 96E01CDB-36C0-4228-A6E4-A29A3C66BC8E
2026-01-27 21:09:34.550 RedLemon[15449:463515]    Payload keys: position, isPlaying, type, senderId, timestamp
2026-01-27 21:09:34.551 RedLemon[15449:463515] ✅ Realtime: Message broadcast complete
2026-01-27 21:09:34.677 RedLemon[15449:463515] 📨 Realtime: Received broadcast message
2026-01-27 21:09:34.677 RedLemon[15449:463515]    Payload keys: timestamp, isPlaying, senderId, type, position
2026-01-27 21:09:34.677 RedLemon[15449:463515] ✅ Realtime: Decoded message type: playbackState, sender: 96E01CDB-36C0-4228-A6E4-A29A3C66BC8E
2026-01-27 21:09:36.634 RedLemon[15449:463515] 📤 Realtime: Sending message type: playbackState, sender: 96E01CDB-36C0-4228-A6E4-A29A3C66BC8E
2026-01-27 21:09:36.634 RedLemon[15449:463515]    Payload keys: senderId, type, position, timestamp, isPlaying
2026-01-27 21:09:36.635 RedLemon[15449:463515] ✅ Realtime: Message broadcast complete
2026-01-27 21:09:36.792 RedLemon[15449:463868] 📨 Realtime: Received broadcast message
2026-01-27 21:09:36.792 RedLemon[15449:463868]    Payload keys: timestamp, senderId, type, isPlaying, position
2026-01-27 21:09:36.793 RedLemon[15449:463868] ✅ Realtime: Decoded message type: playbackState, sender: 96E01CDB-36C0-4228-A6E4-A29A3C66BC8E
2026-01-27 21:09:38.637 RedLemon[15449:463515] 📤 Realtime: Sending message type: playbackState, sender: 96E01CDB-36C0-4228-A6E4-A29A3C66BC8E
2026-01-27 21:09:38.638 RedLemon[15449:463515]    Payload keys: type, senderId, isPlaying, timestamp, position
2026-01-27 21:09:38.639 RedLemon[15449:463991] ✅ Realtime: Message broadcast complete
2026-01-27 21:09:38.840 RedLemon[15449:463991] 📨 Realtime: Received broadcast message
2026-01-27 21:09:38.841 RedLemon[15449:463991]    Payload keys: isPlaying, timestamp, position, senderId, type
2026-01-27 21:09:38.841 RedLemon[15449:463991] ✅ Realtime: Decoded message type: playbackState, sender: 96E01CDB-36C0-4228-A6E4-A29A3C66BC8E
2026-01-27 21:09:39.470 RedLemon[15449:463824] 🔐 Signed request to /rpc/user_heartbeat
2026-01-27 21:09:40.596 RedLemon[15449:463824] 📤 Realtime: Sending message type: playbackState, sender: 96E01CDB-36C0-4228-A6E4-A29A3C66BC8E
2026-01-27 21:09:40.596 RedLemon[15449:463824]    Payload keys: type, isPlaying, senderId, position, timestamp
2026-01-27 21:09:40.597 RedLemon[15449:463991] ✅ Realtime: Message broadcast complete
2026-01-27 21:09:40.598 RedLemon[15449:463515] 🔐 Signed request to /rooms
2026-01-27 21:09:40.722 RedLemon[15449:463223] 📨 Realtime: Received broadcast message
2026-01-27 21:09:40.722 RedLemon[15449:463223]    Payload keys: senderId, isPlaying, type, timestamp, position
2026-01-27 21:09:40.722 RedLemon[15449:463223] ✅ Realtime: Decoded message type: playbackState, sender: 96E01CDB-36C0-4228-A6E4-A29A3C66BC8E
2026-01-27 21:09:40.889 RedLemon[15449:461976] 📨 Lobby: Received Room UPDATE from Realtime
2026-01-27 21:09:42.347 RedLemon[15449:461976] 📨 Lobby: Received Room UPDATE from Realtime
2026-01-27 21:09:42.682 RedLemon[15449:463515] 📤 Realtime: Sending message type: playbackState, sender: 96E01CDB-36C0-4228-A6E4-A29A3C66BC8E
2026-01-27 21:09:42.683 RedLemon[15449:463515]    Payload keys: isPlaying, senderId, type, position, timestamp
2026-01-27 21:09:42.684 RedLemon[15449:463515] ✅ Realtime: Message broadcast complete
2026-01-27 21:09:43.227 RedLemon[15449:463991] 📨 Realtime: Received broadcast message
2026-01-27 21:09:43.228 RedLemon[15449:463991]    Payload keys: position, isPlaying, timestamp, type, senderId
2026-01-27 21:09:43.228 RedLemon[15449:463991] ✅ Realtime: Decoded message type: playbackState, sender: 96E01CDB-36C0-4228-A6E4-A29A3C66BC8E
2026-01-27 21:09:44.599 RedLemon[15449:463515] 📤 Realtime: Sending message type: playbackState, sender: 96E01CDB-36C0-4228-A6E4-A29A3C66BC8E
2026-01-27 21:09:44.600 RedLemon[15449:463515]    Payload keys: isPlaying, position, type, timestamp, senderId
2026-01-27 21:09:44.601 RedLemon[15449:463223] ✅ Realtime: Message broadcast complete
2026-01-27 21:09:44.726 RedLemon[15449:463515] 📨 Realtime: Received broadcast message
2026-01-27 21:09:44.726 RedLemon[15449:463515]    Payload keys: isPlaying, position, type, timestamp, senderId
2026-01-27 21:09:44.726 RedLemon[15449:463515] ✅ Realtime: Decoded message type: playbackState, sender: 96E01CDB-36C0-4228-A6E4-A29A3C66BC8E
2026-01-27 21:09:46.643 RedLemon[15449:463515] 📤 Realtime: Sending message type: playbackState, sender: 96E01CDB-36C0-4228-A6E4-A29A3C66BC8E
2026-01-27 21:09:46.644 RedLemon[15449:463515]    Payload keys: timestamp, senderId, position, type, isPlaying
2026-01-27 21:09:46.646 RedLemon[15449:463223] ✅ Realtime: Message broadcast complete
2026-01-27 21:09:46.771 RedLemon[15449:463223] 📨 Realtime: Received broadcast message
2026-01-27 21:09:46.771 RedLemon[15449:463223]    Payload keys: timestamp, type, senderId, isPlaying, position
2026-01-27 21:09:46.771 RedLemon[15449:463223] ✅ Realtime: Decoded message type: playbackState, sender: 96E01CDB-36C0-4228-A6E4-A29A3C66BC8E
2026-01-27 21:09:48.648 RedLemon[15449:463991] 📤 Realtime: Sending message type: playbackState, sender: 96E01CDB-36C0-4228-A6E4-A29A3C66BC8E
2026-01-27 21:09:48.648 RedLemon[15449:463991]    Payload keys: position, senderId, type, isPlaying, timestamp
2026-01-27 21:09:48.649 RedLemon[15449:463515] ✅ Realtime: Message broadcast complete
2026-01-27 21:09:48.875 RedLemon[15449:463515] 📨 Realtime: Received broadcast message
2026-01-27 21:09:48.875 RedLemon[15449:463515]    Payload keys: position, type, timestamp, isPlaying, senderId
2026-01-27 21:09:48.875 RedLemon[15449:463515] ✅ Realtime: Decoded message type: playbackState, sender: 96E01CDB-36C0-4228-A6E4-A29A3C66BC8E
2026-01-27 21:09:50.732 RedLemon[15449:463824] 📤 Realtime: Sending message type: playbackState, sender: 96E01CDB-36C0-4228-A6E4-A29A3C66BC8E
2026-01-27 21:09:50.733 RedLemon[15449:463824]    Payload keys: isPlaying, timestamp, senderId, type, position
2026-01-27 21:09:50.734 RedLemon[15449:463824] ✅ Realtime: Message broadcast complete
2026-01-27 21:09:50.734 RedLemon[15449:463515] 🔐 Signed request to /rooms
2026-01-27 21:09:50.924 RedLemon[15449:464048] 📨 Realtime: Received broadcast message
2026-01-27 21:09:50.924 RedLemon[15449:464048]    Payload keys: isPlaying, position, timestamp, type, senderId
2026-01-27 21:09:50.925 RedLemon[15449:464048] ✅ Realtime: Decoded message type: playbackState, sender: 96E01CDB-36C0-4228-A6E4-A29A3C66BC8E
2026-01-27 21:09:50.939 RedLemon[15449:461976] 📨 Lobby: Received Room UPDATE from Realtime
2026-01-27 21:09:51.692 RedLemon[15449:464049] 🔐 SupabaseClient: Signing Identity Payload: '176956619196e01cdb-36c0-4228-a6e4-a29a3c66bc8e/rpc/room_heartbeat'
2026-01-27 21:09:51.692 RedLemon[15449:464049] 🔐 Signed request to /rpc/room_heartbeat
2026-01-27 21:09:51.941 RedLemon[15449:461976] 📨 Lobby: Received Room UPDATE from Realtime
2026-01-27 21:09:52.526 RedLemon[15449:461976] 📨 Lobby: Received Room UPDATE from Realtime
2026-01-27 21:09:52.652 RedLemon[15449:463223] 📤 Realtime: Sending message type: playbackState, sender: 96E01CDB-36C0-4228-A6E4-A29A3C66BC8E
2026-01-27 21:09:52.653 RedLemon[15449:463223]    Payload keys: timestamp, type, isPlaying, senderId, position
2026-01-27 21:09:52.654 RedLemon[15449:463223] ✅ Realtime: Message broadcast complete
2026-01-27 21:09:52.869 RedLemon[15449:463223] 📨 Realtime: Received broadcast message
2026-01-27 21:09:52.869 RedLemon[15449:463223]    Payload keys: senderId, timestamp, isPlaying, position, type
2026-01-27 21:09:52.869 RedLemon[15449:463223] ✅ Realtime: Decoded message type: playbackState, sender: 96E01CDB-36C0-4228-A6E4-A29A3C66BC8E
2026-01-27 21:09:54.652 RedLemon[15449:463824] 📤 Realtime: Sending message type: playbackState, sender: 96E01CDB-36C0-4228-A6E4-A29A3C66BC8E
2026-01-27 21:09:54.653 RedLemon[15449:463824]    Payload keys: isPlaying, type, position, timestamp, senderId
2026-01-27 21:09:54.654 RedLemon[15449:464048] ✅ Realtime: Message broadcast complete
2026-01-27 21:09:54.819 RedLemon[15449:464048] 📨 Realtime: Received broadcast message
2026-01-27 21:09:54.820 RedLemon[15449:464048]    Payload keys: type, position, isPlaying, senderId, timestamp
2026-01-27 21:09:54.821 RedLemon[15449:464048] ✅ Realtime: Decoded message type: playbackState, sender: 96E01CDB-36C0-4228-A6E4-A29A3C66BC8E
2026-01-27 21:09:56.612 RedLemon[15449:463824] 📤 Realtime: Sending message type: playbackState, sender: 96E01CDB-36C0-4228-A6E4-A29A3C66BC8E
2026-01-27 21:09:56.613 RedLemon[15449:463824]    Payload keys: type, position, senderId, timestamp, isPlaying
2026-01-27 21:09:56.615 RedLemon[15449:463824] ✅ Realtime: Message broadcast complete
2026-01-27 21:09:57.273 RedLemon[15449:464048] 📨 Realtime: Received broadcast message
2026-01-27 21:09:57.273 RedLemon[15449:464048]    Payload keys: senderId, type, timestamp, isPlaying, position
2026-01-27 21:09:57.274 RedLemon[15449:464048] ✅ Realtime: Decoded message type: playbackState, sender: 96E01CDB-36C0-4228-A6E4-A29A3C66BC8E
2026-01-27 21:09:58.615 RedLemon[15449:464048] 📤 Realtime: Sending message type: playbackState, sender: 96E01CDB-36C0-4228-A6E4-A29A3C66BC8E
2026-01-27 21:09:58.615 RedLemon[15449:464048]    Payload keys: position, type, isPlaying, senderId, timestamp
2026-01-27 21:09:58.616 RedLemon[15449:463223] ✅ Realtime: Message broadcast complete
2026-01-27 21:09:58.740 RedLemon[15449:463223] 📨 Realtime: Received broadcast message
2026-01-27 21:09:58.740 RedLemon[15449:463223]    Payload keys: senderId, position, isPlaying, timestamp, type
2026-01-27 21:09:58.740 RedLemon[15449:463223] ✅ Realtime: Decoded message type: playbackState, sender: 96E01CDB-36C0-4228-A6E4-A29A3C66BC8E
2026-01-27 21:10:00.619 RedLemon[15449:464048] 📤 Realtime: Sending message type: playbackState, sender: 96E01CDB-36C0-4228-A6E4-A29A3C66BC8E
2026-01-27 21:10:00.619 RedLemon[15449:464048]    Payload keys: isPlaying, position, type, senderId, timestamp
2026-01-27 21:10:00.620 RedLemon[15449:463824] ✅ Realtime: Message broadcast complete
2026-01-27 21:10:00.621 RedLemon[15449:463223] 🔐 Signed request to /rooms
2026-01-27 21:10:00.742 RedLemon[15449:464048] 📨 Realtime: Received broadcast message
2026-01-27 21:10:00.744 RedLemon[15449:464048]    Payload keys: type, isPlaying, position, senderId, timestamp
2026-01-27 21:10:00.744 RedLemon[15449:464048] ✅ Realtime: Decoded message type: playbackState, sender: 96E01CDB-36C0-4228-A6E4-A29A3C66BC8E
2026-01-27 21:10:00.993 RedLemon[15449:461976] 📨 Lobby: Received Room UPDATE from Realtime
2026-01-27 21:10:02.660 RedLemon[15449:463991] 📤 Realtime: Sending message type: playbackState, sender: 96E01CDB-36C0-4228-A6E4-A29A3C66BC8E
2026-01-27 21:10:02.661 RedLemon[15449:463991]    Payload keys: type, senderId, timestamp, position, isPlaying
2026-01-27 21:10:02.663 RedLemon[15449:463991] ✅ Realtime: Message broadcast complete
2026-01-27 21:10:02.788 RedLemon[15449:463824] 📨 Realtime: Received broadcast message
2026-01-27 21:10:02.789 RedLemon[15449:463824]    Payload keys: position, senderId, timestamp, isPlaying, type
2026-01-27 21:10:02.789 RedLemon[15449:463824] ✅ Realtime: Decoded message type: playbackState, sender: 96E01CDB-36C0-4228-A6E4-A29A3C66BC8E
2026-01-27 21:10:04.662 RedLemon[15449:464158] 📤 Realtime: Sending message type: playbackState, sender: 96E01CDB-36C0-4228-A6E4-A29A3C66BC8E
2026-01-27 21:10:04.663 RedLemon[15449:464158]    Payload keys: isPlaying, senderId, position, type, timestamp
2026-01-27 21:10:04.664 RedLemon[15449:464158] ✅ Realtime: Message broadcast complete
2026-01-27 21:10:04.705 RedLemon[15449:463824] 🔐 Signed request to /rpc/user_heartbeat
2026-01-27 21:10:04.796 RedLemon[15449:463991] 📨 Realtime: Received broadcast message
2026-01-27 21:10:04.796 RedLemon[15449:463991]    Payload keys: type, isPlaying, senderId, timestamp, position
2026-01-27 21:10:04.797 RedLemon[15449:463991] ✅ Realtime: Decoded message type: playbackState, sender: 96E01CDB-36C0-4228-A6E4-A29A3C66BC8E
2026-01-27 21:10:06.540 RedLemon[15449:463223] 📤 Realtime: Sending message type: playbackState, sender: 96E01CDB-36C0-4228-A6E4-A29A3C66BC8E
2026-01-27 21:10:06.540 RedLemon[15449:463223]    Payload keys: type, position, isPlaying, timestamp, senderId
2026-01-27 21:10:06.542 RedLemon[15449:463223] ✅ Realtime: Message broadcast complete
2026-01-27 21:10:06.795 RedLemon[15449:463515] 📨 Realtime: Received broadcast message
2026-01-27 21:10:06.795 RedLemon[15449:463515]    Payload keys: type, timestamp, isPlaying, senderId, position
2026-01-27 21:10:06.796 RedLemon[15449:463515] ✅ Realtime: Decoded message type: playbackState, sender: 96E01CDB-36C0-4228-A6E4-A29A3C66BC8E
2026-01-27 21:10:08.625 RedLemon[15449:463223] 📤 Realtime: Sending message type: playbackState, sender: 96E01CDB-36C0-4228-A6E4-A29A3C66BC8E
2026-01-27 21:10:08.625 RedLemon[15449:463223]    Payload keys: position, isPlaying, type, senderId, timestamp
2026-01-27 21:10:08.626 RedLemon[15449:464158] ✅ Realtime: Message broadcast complete
2026-01-27 21:10:08.844 RedLemon[15449:463515] 📨 Realtime: Received broadcast message
2026-01-27 21:10:08.844 RedLemon[15449:463515]    Payload keys: isPlaying, type, position, senderId, timestamp
2026-01-27 21:10:08.844 RedLemon[15449:463515] ✅ Realtime: Decoded message type: playbackState, sender: 96E01CDB-36C0-4228-A6E4-A29A3C66BC8E
2026-01-27 21:10:10.671 RedLemon[15449:463223] 📤 Realtime: Sending message type: playbackState, sender: 96E01CDB-36C0-4228-A6E4-A29A3C66BC8E
2026-01-27 21:10:10.671 RedLemon[15449:463223]    Payload keys: position, isPlaying, senderId, type, timestamp
2026-01-27 21:10:10.672 RedLemon[15449:464048] ✅ Realtime: Message broadcast complete
2026-01-27 21:10:10.673 RedLemon[15449:464158] 🔐 Signed request to /rooms
2026-01-27 21:10:10.795 RedLemon[15449:463824] 📨 Realtime: Received broadcast message
2026-01-27 21:10:10.795 RedLemon[15449:463824]    Payload keys: type, position, senderId, timestamp, isPlaying
2026-01-27 21:10:10.796 RedLemon[15449:463824] ✅ Realtime: Decoded message type: playbackState, sender: 96E01CDB-36C0-4228-A6E4-A29A3C66BC8E
2026-01-27 21:10:10.880 RedLemon[15449:461976] 📨 Lobby: Received Room UPDATE from Realtime
2026-01-27 21:10:12.588 RedLemon[15449:463223] 📤 Realtime: Sending message type: playbackState, sender: 96E01CDB-36C0-4228-A6E4-A29A3C66BC8E
2026-01-27 21:10:12.589 RedLemon[15449:463223]    Payload keys: type, timestamp, senderId, isPlaying, position
2026-01-27 21:10:12.589 RedLemon[15449:463515] ✅ Realtime: Message broadcast complete
2026-01-27 21:10:12.716 RedLemon[15449:463223] 📨 Realtime: Received broadcast message
2026-01-27 21:10:12.716 RedLemon[15449:463223]    Payload keys: position, isPlaying, timestamp, type, senderId
2026-01-27 21:10:12.716 RedLemon[15449:463223] ✅ Realtime: Decoded message type: playbackState, sender: 96E01CDB-36C0-4228-A6E4-A29A3C66BC8E
2026-01-27 21:10:14.589 RedLemon[15449:463515] 📤 Realtime: Sending message type: playbackState, sender: 96E01CDB-36C0-4228-A6E4-A29A3C66BC8E
2026-01-27 21:10:14.590 RedLemon[15449:463515]    Payload keys: position, type, senderId, timestamp, isPlaying
2026-01-27 21:10:14.591 RedLemon[15449:463824] ✅ Realtime: Message broadcast complete
2026-01-27 21:10:14.715 RedLemon[15449:463824] 📨 Realtime: Received broadcast message
2026-01-27 21:10:14.716 RedLemon[15449:463824]    Payload keys: senderId, isPlaying, type, position, timestamp
2026-01-27 21:10:14.716 RedLemon[15449:463824] ✅ Realtime: Decoded message type: playbackState, sender: 96E01CDB-36C0-4228-A6E4-A29A3C66BC8E
2026-01-27 21:10:16.594 RedLemon[15449:464158] 📤 Realtime: Sending message type: playbackState, sender: 96E01CDB-36C0-4228-A6E4-A29A3C66BC8E
2026-01-27 21:10:16.594 RedLemon[15449:464158]    Payload keys: position, type, senderId, timestamp, isPlaying
2026-01-27 21:10:16.596 RedLemon[15449:463824] ✅ Realtime: Message broadcast complete
2026-01-27 21:10:16.728 RedLemon[15449:463515] 📨 Realtime: Received broadcast message
2026-01-27 21:10:16.728 RedLemon[15449:463515]    Payload keys: senderId, isPlaying, timestamp, type, position
2026-01-27 21:10:16.728 RedLemon[15449:463515] ✅ Realtime: Decoded message type: playbackState, sender: 96E01CDB-36C0-4228-A6E4-A29A3C66BC8E
2026-01-27 21:10:17.675 RedLemon[15449:461976] 📨 Lobby: Received Room UPDATE from Realtime
2026-01-27 21:10:18.552 RedLemon[15449:464158] 📤 Realtime: Sending message type: playbackState, sender: 96E01CDB-36C0-4228-A6E4-A29A3C66BC8E
2026-01-27 21:10:18.552 RedLemon[15449:464158]    Payload keys: timestamp, isPlaying, position, senderId, type
2026-01-27 21:10:18.553 RedLemon[15449:463515] ✅ Realtime: Message broadcast complete
2026-01-27 21:10:18.678 RedLemon[15449:463223] 📨 Realtime: Received broadcast message
2026-01-27 21:10:18.679 RedLemon[15449:463223]    Payload keys: timestamp, type, isPlaying, senderId, position
2026-01-27 21:10:18.679 RedLemon[15449:463223] ✅ Realtime: Decoded message type: playbackState, sender: 96E01CDB-36C0-4228-A6E4-A29A3C66BC8E
2026-01-27 21:10:20.638 RedLemon[15449:463515] 📤 Realtime: Sending message type: playbackState, sender: 96E01CDB-36C0-4228-A6E4-A29A3C66BC8E
2026-01-27 21:10:20.638 RedLemon[15449:463515]    Payload keys: type, position, senderId, timestamp, isPlaying
2026-01-27 21:10:20.639 RedLemon[15449:464048] ✅ Realtime: Message broadcast complete
2026-01-27 21:10:20.640 RedLemon[15449:463824] 🔐 Signed request to /rooms
2026-01-27 21:10:20.764 RedLemon[15449:463223] 📨 Realtime: Received broadcast message
2026-01-27 21:10:20.764 RedLemon[15449:463223]    Payload keys: position, senderId, timestamp, isPlaying, type
2026-01-27 21:10:20.764 RedLemon[15449:463223] ✅ Realtime: Decoded message type: playbackState, sender: 96E01CDB-36C0-4228-A6E4-A29A3C66BC8E
2026-01-27 21:10:20.889 RedLemon[15449:461976] 📨 Lobby: Received Room UPDATE from Realtime
2026-01-27 21:10:22.056 RedLemon[15449:464048] 🔐 SupabaseClient: Signing Identity Payload: '176956622296e01cdb-36c0-4228-a6e4-a29a3c66bc8e/rpc/room_heartbeat'
2026-01-27 21:10:22.057 RedLemon[15449:464048] 🔐 Signed request to /rpc/room_heartbeat
2026-01-27 21:10:22.389 RedLemon[15449:461976] 📨 Lobby: Received Room UPDATE from Realtime
2026-01-27 21:10:22.640 RedLemon[15449:464048] 📤 Realtime: Sending message type: playbackState, sender: 96E01CDB-36C0-4228-A6E4-A29A3C66BC8E
2026-01-27 21:10:22.641 RedLemon[15449:464048]    Payload keys: senderId, type, isPlaying, timestamp, position
2026-01-27 21:10:22.642 RedLemon[15449:463515] ✅ Realtime: Message broadcast complete
2026-01-27 21:10:22.723 RedLemon[15449:461976] 📨 Lobby: Received Room UPDATE from Realtime
2026-01-27 21:10:22.775 RedLemon[15449:464048] 📨 Realtime: Received broadcast message
2026-01-27 21:10:22.775 RedLemon[15449:464048]    Payload keys: timestamp, type, isPlaying, position, senderId
2026-01-27 21:10:22.775 RedLemon[15449:464048] ✅ Realtime: Decoded message type: playbackState, sender: 96E01CDB-36C0-4228-A6E4-A29A3C66BC8E
2026-01-27 21:10:24.641 RedLemon[15449:463515] 📤 Realtime: Sending message type: playbackState, sender: 96E01CDB-36C0-4228-A6E4-A29A3C66BC8E
2026-01-27 21:10:24.642 RedLemon[15449:463515]    Payload keys: timestamp, type, senderId, position, isPlaying
2026-01-27 21:10:24.643 RedLemon[15449:464048] ✅ Realtime: Message broadcast complete
2026-01-27 21:10:24.774 RedLemon[15449:463824] 📨 Realtime: Received broadcast message
2026-01-27 21:10:24.774 RedLemon[15449:463824]    Payload keys: position, senderId, isPlaying, timestamp, type
2026-01-27 21:10:24.775 RedLemon[15449:463824] ✅ Realtime: Decoded message type: playbackState, sender: 96E01CDB-36C0-4228-A6E4-A29A3C66BC8E
2026-01-27 21:10:26.603 RedLemon[15449:464048] 📤 Realtime: Sending message type: playbackState, sender: 96E01CDB-36C0-4228-A6E4-A29A3C66BC8E
2026-01-27 21:10:26.603 RedLemon[15449:464048]    Payload keys: senderId, timestamp, position, type, isPlaying
2026-01-27 21:10:26.604 RedLemon[15449:464048] ✅ Realtime: Message broadcast complete
2026-01-27 21:10:26.764 RedLemon[15449:463515] 📨 Realtime: Received broadcast message
2026-01-27 21:10:26.764 RedLemon[15449:463515]    Payload keys: type, isPlaying, position, senderId, timestamp
2026-01-27 21:10:26.764 RedLemon[15449:463515] ✅ Realtime: Decoded message type: playbackState, sender: 96E01CDB-36C0-4228-A6E4-A29A3C66BC8E
2026-01-27 21:10:28.564 RedLemon[15449:463223] 📤 Realtime: Sending message type: playbackState, sender: 96E01CDB-36C0-4228-A6E4-A29A3C66BC8E
2026-01-27 21:10:28.565 RedLemon[15449:463223]    Payload keys: position, isPlaying, type, senderId, timestamp
2026-01-27 21:10:28.566 RedLemon[15449:463515] ✅ Realtime: Message broadcast complete
2026-01-27 21:10:28.690 RedLemon[15449:464048] 📨 Realtime: Received broadcast message
2026-01-27 21:10:28.690 RedLemon[15449:464048]    Payload keys: senderId, isPlaying, type, timestamp, position
2026-01-27 21:10:28.690 RedLemon[15449:464048] ✅ Realtime: Decoded message type: playbackState, sender: 96E01CDB-36C0-4228-A6E4-A29A3C66BC8E
2026-01-27 21:10:29.981 RedLemon[15449:463223] 🔐 Signed request to /rpc/user_heartbeat
2026-01-27 21:10:30.618 RedLemon[15449:463515] 📤 Realtime: Sending message type: playbackState, sender: 96E01CDB-36C0-4228-A6E4-A29A3C66BC8E
2026-01-27 21:10:30.618 RedLemon[15449:463515]    Payload keys: senderId, timestamp, isPlaying, position, type
2026-01-27 21:10:30.619 RedLemon[15449:463515] ✅ Realtime: Message broadcast complete
2026-01-27 21:10:30.620 RedLemon[15449:464158] 🔐 Signed request to /rooms
2026-01-27 21:10:30.746 RedLemon[15449:463223] 📨 Realtime: Received broadcast message
2026-01-27 21:10:30.746 RedLemon[15449:463223]    Payload keys: isPlaying, position, senderId, timestamp, type
2026-01-27 21:10:30.747 RedLemon[15449:463223] ✅ Realtime: Decoded message type: playbackState, sender: 96E01CDB-36C0-4228-A6E4-A29A3C66BC8E
2026-01-27 21:10:30.857 RedLemon[15449:461976] 📨 Lobby: Received Room UPDATE from Realtime
2026-01-27 21:10:32.650 RedLemon[15449:464048] 📤 Realtime: Sending message type: playbackState, sender: 96E01CDB-36C0-4228-A6E4-A29A3C66BC8E
2026-01-27 21:10:32.651 RedLemon[15449:464048]    Payload keys: timestamp, senderId, isPlaying, type, position
2026-01-27 21:10:32.652 RedLemon[15449:464048] ✅ Realtime: Message broadcast complete
2026-01-27 21:10:32.784 RedLemon[15449:464048] 📨 Realtime: Received broadcast message
2026-01-27 21:10:32.784 RedLemon[15449:464048]    Payload keys: senderId, timestamp, isPlaying, position, type
2026-01-27 21:10:32.785 RedLemon[15449:464048] ✅ Realtime: Decoded message type: playbackState, sender: 96E01CDB-36C0-4228-A6E4-A29A3C66BC8E
2026-01-27 21:10:34.569 RedLemon[15449:463515] 📤 Realtime: Sending message type: playbackState, sender: 96E01CDB-36C0-4228-A6E4-A29A3C66BC8E
2026-01-27 21:10:34.570 RedLemon[15449:463515]    Payload keys: type, senderId, position, timestamp, isPlaying
2026-01-27 21:10:34.571 RedLemon[15449:463824] ✅ Realtime: Message broadcast complete
2026-01-27 21:10:34.700 RedLemon[15449:463515] 📨 Realtime: Received broadcast message
2026-01-27 21:10:34.700 RedLemon[15449:463515]    Payload keys: senderId, timestamp, type, isPlaying, position
2026-01-27 21:10:34.700 RedLemon[15449:463515] ✅ Realtime: Decoded message type: playbackState, sender: 96E01CDB-36C0-4228-A6E4-A29A3C66BC8E
2026-01-27 21:10:36.655 RedLemon[15449:463824] 📤 Realtime: Sending message type: playbackState, sender: 96E01CDB-36C0-4228-A6E4-A29A3C66BC8E
2026-01-27 21:10:36.655 RedLemon[15449:463824]    Payload keys: type, isPlaying, timestamp, position, senderId
2026-01-27 21:10:36.656 RedLemon[15449:463515] ✅ Realtime: Message broadcast complete
2026-01-27 21:10:36.834 RedLemon[15449:463824] 📨 Realtime: Received broadcast message
2026-01-27 21:10:36.834 RedLemon[15449:463824]    Payload keys: isPlaying, senderId, timestamp, position, type
2026-01-27 21:10:36.834 RedLemon[15449:463824] ✅ Realtime: Decoded message type: playbackState, sender: 96E01CDB-36C0-4228-A6E4-A29A3C66BC8E
2026-01-27 21:10:38.655 RedLemon[15449:463824] 📤 Realtime: Sending message type: playbackState, sender: 96E01CDB-36C0-4228-A6E4-A29A3C66BC8E
2026-01-27 21:10:38.657 RedLemon[15449:463824]    Payload keys: type, isPlaying, timestamp, position, senderId
2026-01-27 21:10:38.657 RedLemon[15449:463824] ✅ Realtime: Message broadcast complete
2026-01-27 21:10:38.783 RedLemon[15449:463515] 📨 Realtime: Received broadcast message
2026-01-27 21:10:38.783 RedLemon[15449:463515]    Payload keys: isPlaying, timestamp, type, senderId, position
2026-01-27 21:10:38.783 RedLemon[15449:463515] ✅ Realtime: Decoded message type: playbackState, sender: 96E01CDB-36C0-4228-A6E4-A29A3C66BC8E
2026-01-27 21:10:40.658 RedLemon[15449:464158] 📤 Realtime: Sending message type: playbackState, sender: 96E01CDB-36C0-4228-A6E4-A29A3C66BC8E
2026-01-27 21:10:40.659 RedLemon[15449:464158]    Payload keys: type, isPlaying, timestamp, position, senderId
2026-01-27 21:10:40.660 RedLemon[15449:464158] ✅ Realtime: Message broadcast complete
2026-01-27 21:10:40.661 RedLemon[15449:463515] 🔐 Signed request to /rooms
2026-01-27 21:10:40.789 RedLemon[15449:464158] 📨 Realtime: Received broadcast message
2026-01-27 21:10:40.789 RedLemon[15449:464158]    Payload keys: timestamp, type, senderId, isPlaying, position
2026-01-27 21:10:40.790 RedLemon[15449:464158] ✅ Realtime: Decoded message type: playbackState, sender: 96E01CDB-36C0-4228-A6E4-A29A3C66BC8E
2026-01-27 21:10:40.950 RedLemon[15449:461976] 📨 Lobby: Received Room UPDATE from Realtime
2026-01-27 21:10:42.619 RedLemon[15449:464048] 📤 Realtime: Sending message type: playbackState, sender: 96E01CDB-36C0-4228-A6E4-A29A3C66BC8E
2026-01-27 21:10:42.619 RedLemon[15449:464048]    Payload keys: senderId, type, timestamp, position, isPlaying
2026-01-27 21:10:42.620 RedLemon[15449:464048] ✅ Realtime: Message broadcast complete
2026-01-27 21:10:42.745 RedLemon[15449:463223] 📨 Realtime: Received broadcast message
2026-01-27 21:10:42.745 RedLemon[15449:463223]    Payload keys: senderId, type, timestamp, position, isPlaying
2026-01-27 21:10:42.745 RedLemon[15449:463223] ✅ Realtime: Decoded message type: playbackState, sender: 96E01CDB-36C0-4228-A6E4-A29A3C66BC8E
2026-01-27 21:10:44.662 RedLemon[15449:464158] 📤 Realtime: Sending message type: playbackState, sender: 96E01CDB-36C0-4228-A6E4-A29A3C66BC8E
2026-01-27 21:10:44.664 RedLemon[15449:464158]    Payload keys: senderId, timestamp, position, type, isPlaying
2026-01-27 21:10:44.665 RedLemon[15449:463515] ✅ Realtime: Message broadcast complete
2026-01-27 21:10:44.890 RedLemon[15449:463824] 📨 Realtime: Received broadcast message
2026-01-27 21:10:44.890 RedLemon[15449:463824]    Payload keys: timestamp, type, senderId, position, isPlaying
2026-01-27 21:10:44.891 RedLemon[15449:463824] ✅ Realtime: Decoded message type: playbackState, sender: 96E01CDB-36C0-4228-A6E4-A29A3C66BC8E
2026-01-27 21:10:46.539 RedLemon[15449:463824] 📤 Realtime: Sending message type: playbackState, sender: 96E01CDB-36C0-4228-A6E4-A29A3C66BC8E
2026-01-27 21:10:46.540 RedLemon[15449:463824]    Payload keys: type, senderId, isPlaying, timestamp, position
2026-01-27 21:10:46.540 RedLemon[15449:463824] ✅ Realtime: Message broadcast complete
2026-01-27 21:10:46.665 RedLemon[15449:463824] 📨 Realtime: Received broadcast message
2026-01-27 21:10:46.666 RedLemon[15449:463824]    Payload keys: isPlaying, type, position, senderId, timestamp
2026-01-27 21:10:46.667 RedLemon[15449:463824] ✅ Realtime: Decoded message type: playbackState, sender: 96E01CDB-36C0-4228-A6E4-A29A3C66BC8E
2026-01-27 21:10:48.584 RedLemon[15449:464048] 📤 Realtime: Sending message type: playbackState, sender: 96E01CDB-36C0-4228-A6E4-A29A3C66BC8E
2026-01-27 21:10:48.584 RedLemon[15449:464048]    Payload keys: timestamp, position, isPlaying, type, senderId
2026-01-27 21:10:48.585 RedLemon[15449:464048] ✅ Realtime: Message broadcast complete
2026-01-27 21:10:48.709 RedLemon[15449:464048] 📨 Realtime: Received broadcast message
2026-01-27 21:10:48.709 RedLemon[15449:464048]    Payload keys: type, timestamp, isPlaying, position, senderId
2026-01-27 21:10:48.710 RedLemon[15449:464048] ✅ Realtime: Decoded message type: playbackState, sender: 96E01CDB-36C0-4228-A6E4-A29A3C66BC8E
2026-01-27 21:10:50.627 RedLemon[15449:464158] 📤 Realtime: Sending message type: playbackState, sender: 96E01CDB-36C0-4228-A6E4-A29A3C66BC8E
2026-01-27 21:10:50.627 RedLemon[15449:464158]    Payload keys: type, position, senderId, timestamp, isPlaying
2026-01-27 21:10:50.629 RedLemon[15449:464158] ✅ Realtime: Message broadcast complete
2026-01-27 21:10:50.629 RedLemon[15449:463824] 🔐 Signed request to /rooms
2026-01-27 21:10:50.830 RedLemon[15449:463515] 📨 Realtime: Received broadcast message
2026-01-27 21:10:50.831 RedLemon[15449:463515]    Payload keys: senderId, position, timestamp, type, isPlaying
2026-01-27 21:10:50.831 RedLemon[15449:463515] ✅ Realtime: Decoded message type: playbackState, sender: 96E01CDB-36C0-4228-A6E4-A29A3C66BC8E
2026-01-27 21:10:50.852 RedLemon[15449:461976] 📨 Lobby: Received Room UPDATE from Realtime
2026-01-27 21:10:52.339 RedLemon[15449:464313] 🔐 SupabaseClient: Signing Identity Payload: '176956625296e01cdb-36c0-4228-a6e4-a29a3c66bc8e/rpc/room_heartbeat'
2026-01-27 21:10:52.339 RedLemon[15449:464313] 🔐 Signed request to /rpc/room_heartbeat
2026-01-27 21:10:52.586 RedLemon[15449:461976] 📨 Lobby: Received Room UPDATE from Realtime
2026-01-27 21:10:52.630 RedLemon[15449:464048] 📤 Realtime: Sending message type: playbackState, sender: 96E01CDB-36C0-4228-A6E4-A29A3C66BC8E
2026-01-27 21:10:52.630 RedLemon[15449:464048]    Payload keys: isPlaying, senderId, type, timestamp, position
2026-01-27 21:10:52.631 RedLemon[15449:464313] ✅ Realtime: Message broadcast complete
2026-01-27 21:10:52.758 RedLemon[15449:464158] 📨 Realtime: Received broadcast message
2026-01-27 21:10:52.758 RedLemon[15449:464158]    Payload keys: senderId, position, isPlaying, type, timestamp
2026-01-27 21:10:52.759 RedLemon[15449:464158] ✅ Realtime: Decoded message type: playbackState, sender: 96E01CDB-36C0-4228-A6E4-A29A3C66BC8E
2026-01-27 21:10:52.797 RedLemon[15449:461976] 📨 Lobby: Received Room UPDATE from Realtime
2026-01-27 21:10:52.939 RedLemon[15449:461976] 📨 Lobby: Received Room UPDATE from Realtime
2026-01-27 21:10:54.631 RedLemon[15449:464048] 📤 Realtime: Sending message type: playbackState, sender: 96E01CDB-36C0-4228-A6E4-A29A3C66BC8E
2026-01-27 21:10:54.631 RedLemon[15449:464048]    Payload keys: type, timestamp, senderId, isPlaying, position
2026-01-27 21:10:54.632 RedLemon[15449:464048] ✅ Realtime: Message broadcast complete
2026-01-27 21:10:54.825 RedLemon[15449:464048] 📨 Realtime: Received broadcast message
2026-01-27 21:10:54.825 RedLemon[15449:464048]    Payload keys: timestamp, position, isPlaying, senderId, type
2026-01-27 21:10:54.825 RedLemon[15449:464048] ✅ Realtime: Decoded message type: playbackState, sender: 96E01CDB-36C0-4228-A6E4-A29A3C66BC8E
2026-01-27 21:10:55.301 RedLemon[15449:464314] 🔐 Signed request to /rpc/user_heartbeat
2026-01-27 21:10:56.634 RedLemon[15449:464048] 📤 Realtime: Sending message type: playbackState, sender: 96E01CDB-36C0-4228-A6E4-A29A3C66BC8E
2026-01-27 21:10:56.635 RedLemon[15449:464048]    Payload keys: position, timestamp, senderId, type, isPlaying
2026-01-27 21:10:56.636 RedLemon[15449:464048] ✅ Realtime: Message broadcast complete
2026-01-27 21:10:56.767 RedLemon[15449:464048] 📨 Realtime: Received broadcast message
2026-01-27 21:10:56.767 RedLemon[15449:464048]    Payload keys: type, isPlaying, senderId, position, timestamp
2026-01-27 21:10:56.767 RedLemon[15449:464048] ✅ Realtime: Decoded message type: playbackState, sender: 96E01CDB-36C0-4228-A6E4-A29A3C66BC8E
2026-01-27 21:10:58.553 RedLemon[15449:464158] 📤 Realtime: Sending message type: playbackState, sender: 96E01CDB-36C0-4228-A6E4-A29A3C66BC8E
2026-01-27 21:10:58.553 RedLemon[15449:464158]    Payload keys: position, isPlaying, senderId, type, timestamp
2026-01-27 21:10:58.554 RedLemon[15449:464158] ✅ Realtime: Message broadcast complete
2026-01-27 21:10:58.677 RedLemon[15449:464048] 📨 Realtime: Received broadcast message
2026-01-27 21:10:58.677 RedLemon[15449:464048]    Payload keys: position, timestamp, senderId, type, isPlaying
2026-01-27 21:10:58.677 RedLemon[15449:464048] ✅ Realtime: Decoded message type: playbackState, sender: 96E01CDB-36C0-4228-A6E4-A29A3C66BC8E
2026-01-27 21:11:00.563 RedLemon[15449:464479] 📤 Realtime: Sending message type: playbackState, sender: 96E01CDB-36C0-4228-A6E4-A29A3C66BC8E
2026-01-27 21:11:00.563 RedLemon[15449:464479]    Payload keys: type, senderId, timestamp, position, isPlaying
2026-01-27 21:11:00.563 RedLemon[15449:464048] ✅ Realtime: Message broadcast complete
2026-01-27 21:11:00.564 RedLemon[15449:464158] 🔐 Signed request to /rooms
2026-01-27 21:11:00.687 RedLemon[15449:464158] 📨 Realtime: Received broadcast message
2026-01-27 21:11:00.687 RedLemon[15449:464158]    Payload keys: timestamp, type, isPlaying, position, senderId
2026-01-27 21:11:00.688 RedLemon[15449:464158] ✅ Realtime: Decoded message type: playbackState, sender: 96E01CDB-36C0-4228-A6E4-A29A3C66BC8E
2026-01-27 21:11:00.804 RedLemon[15449:461976] 📨 Lobby: Received Room UPDATE from Realtime
2026-01-27 21:11:02.639 RedLemon[15449:464158] 📤 Realtime: Sending message type: playbackState, sender: 96E01CDB-36C0-4228-A6E4-A29A3C66BC8E
2026-01-27 21:11:02.640 RedLemon[15449:464158]    Payload keys: type, senderId, position, timestamp, isPlaying
2026-01-27 21:11:02.641 RedLemon[15449:464048] ✅ Realtime: Message broadcast complete
2026-01-27 21:11:02.810 RedLemon[15449:464048] 📨 Realtime: Received broadcast message
2026-01-27 21:11:02.810 RedLemon[15449:464048]    Payload keys: position, type, senderId, timestamp, isPlaying
2026-01-27 21:11:02.810 RedLemon[15449:464048] ✅ Realtime: Decoded message type: playbackState, sender: 96E01CDB-36C0-4228-A6E4-A29A3C66BC8E
2026-01-27 21:11:04.641 RedLemon[15449:463515] 📤 Realtime: Sending message type: playbackState, sender: 96E01CDB-36C0-4228-A6E4-A29A3C66BC8E
2026-01-27 21:11:04.641 RedLemon[15449:463515]    Payload keys: type, position, isPlaying, timestamp, senderId
2026-01-27 21:11:04.642 RedLemon[15449:463515] ✅ Realtime: Message broadcast complete
2026-01-27 21:11:04.772 RedLemon[15449:464048] 📨 Realtime: Received broadcast message
2026-01-27 21:11:04.772 RedLemon[15449:464048]    Payload keys: timestamp, position, senderId, isPlaying, type
2026-01-27 21:11:04.773 RedLemon[15449:464048] ✅ Realtime: Decoded message type: playbackState, sender: 96E01CDB-36C0-4228-A6E4-A29A3C66BC8E
2026-01-27 21:11:06.645 RedLemon[15449:464048] 📤 Realtime: Sending message type: playbackState, sender: 96E01CDB-36C0-4228-A6E4-A29A3C66BC8E
2026-01-27 21:11:06.646 RedLemon[15449:464048]    Payload keys: senderId, type, timestamp, position, isPlaying
2026-01-27 21:11:06.648 RedLemon[15449:463515] ✅ Realtime: Message broadcast complete
2026-01-27 21:11:06.772 RedLemon[15449:464479] 📨 Realtime: Received broadcast message
2026-01-27 21:11:06.772 RedLemon[15449:464479]    Payload keys: timestamp, isPlaying, type, position, senderId
2026-01-27 21:11:06.772 RedLemon[15449:464479] ✅ Realtime: Decoded message type: playbackState, sender: 96E01CDB-36C0-4228-A6E4-A29A3C66BC8E
2026-01-27 21:11:08.562 RedLemon[15449:464048] 📤 Realtime: Sending message type: playbackState, sender: 96E01CDB-36C0-4228-A6E4-A29A3C66BC8E
2026-01-27 21:11:08.563 RedLemon[15449:464048]    Payload keys: position, type, senderId, timestamp, isPlaying
2026-01-27 21:11:08.564 RedLemon[15449:463515] ✅ Realtime: Message broadcast complete
2026-01-27 21:11:08.750 RedLemon[15449:463824] 📨 Realtime: Received broadcast message
2026-01-27 21:11:08.750 RedLemon[15449:463824]    Payload keys: senderId, timestamp, isPlaying, type, position
2026-01-27 21:11:08.751 RedLemon[15449:463824] ✅ Realtime: Decoded message type: playbackState, sender: 96E01CDB-36C0-4228-A6E4-A29A3C66BC8E
2026-01-27 21:11:10.606 RedLemon[15449:464048] 📤 Realtime: Sending message type: playbackState, sender: 96E01CDB-36C0-4228-A6E4-A29A3C66BC8E
2026-01-27 21:11:10.606 RedLemon[15449:464048]    Payload keys: timestamp, type, position, senderId, isPlaying
2026-01-27 21:11:10.607 RedLemon[15449:464479] ✅ Realtime: Message broadcast complete
2026-01-27 21:11:10.609 RedLemon[15449:463515] 🔐 Signed request to /rooms
2026-01-27 21:11:10.739 RedLemon[15449:463824] 📨 Realtime: Received broadcast message
2026-01-27 21:11:10.739 RedLemon[15449:463824]    Payload keys: isPlaying, timestamp, senderId, position, type
2026-01-27 21:11:10.740 RedLemon[15449:463824] ✅ Realtime: Decoded message type: playbackState, sender: 96E01CDB-36C0-4228-A6E4-A29A3C66BC8E
2026-01-27 21:11:10.856 RedLemon[15449:461976] 📨 Lobby: Received Room UPDATE from Realtime
2026-01-27 21:11:12.648 RedLemon[15449:463515] 📤 Realtime: Sending message type: playbackState, sender: 96E01CDB-36C0-4228-A6E4-A29A3C66BC8E
2026-01-27 21:11:12.650 RedLemon[15449:463515]    Payload keys: timestamp, isPlaying, position, type, senderId
2026-01-27 21:11:12.650 RedLemon[15449:463515] ✅ Realtime: Message broadcast complete
2026-01-27 21:11:12.776 RedLemon[15449:463824] 📨 Realtime: Received broadcast message
2026-01-27 21:11:12.777 RedLemon[15449:463824]    Payload keys: position, senderId, timestamp, isPlaying, type
2026-01-27 21:11:12.777 RedLemon[15449:463824] ✅ Realtime: Decoded message type: playbackState, sender: 96E01CDB-36C0-4228-A6E4-A29A3C66BC8E
2026-01-27 21:11:14.653 RedLemon[15449:464479] 📤 Realtime: Sending message type: playbackState, sender: 96E01CDB-36C0-4228-A6E4-A29A3C66BC8E
2026-01-27 21:11:14.654 RedLemon[15449:464479]    Payload keys: senderId, type, isPlaying, timestamp, position
2026-01-27 21:11:14.655 RedLemon[15449:463515] ✅ Realtime: Message broadcast complete
2026-01-27 21:11:14.795 RedLemon[15449:464537] 📨 Realtime: Received broadcast message
2026-01-27 21:11:14.795 RedLemon[15449:464537]    Payload keys: timestamp, isPlaying, senderId, type, position
2026-01-27 21:11:14.796 RedLemon[15449:464537] ✅ Realtime: Decoded message type: playbackState, sender: 96E01CDB-36C0-4228-A6E4-A29A3C66BC8E
2026-01-27 21:11:16.611 RedLemon[15449:464158] 📤 Realtime: Sending message type: playbackState, sender: 96E01CDB-36C0-4228-A6E4-A29A3C66BC8E
2026-01-27 21:11:16.612 RedLemon[15449:464158]    Payload keys: timestamp, position, type, isPlaying, senderId
2026-01-27 21:11:16.613 RedLemon[15449:464158] ✅ Realtime: Message broadcast complete
2026-01-27 21:11:16.738 RedLemon[15449:464479] 📨 Realtime: Received broadcast message
2026-01-27 21:11:16.738 RedLemon[15449:464479]    Payload keys: isPlaying, type, position, timestamp, senderId
2026-01-27 21:11:16.738 RedLemon[15449:464479] ✅ Realtime: Decoded message type: playbackState, sender: 96E01CDB-36C0-4228-A6E4-A29A3C66BC8E
2026-01-27 21:11:18.655 RedLemon[15449:464158] 📤 Realtime: Sending message type: playbackState, sender: 96E01CDB-36C0-4228-A6E4-A29A3C66BC8E
2026-01-27 21:11:18.656 RedLemon[15449:464158]    Payload keys: isPlaying, timestamp, type, senderId, position
2026-01-27 21:11:18.657 RedLemon[15449:464537] ✅ Realtime: Message broadcast complete
2026-01-27 21:11:18.784 RedLemon[15449:463515] 📨 Realtime: Received broadcast message
2026-01-27 21:11:18.784 RedLemon[15449:463515]    Payload keys: position, timestamp, isPlaying, senderId, type
2026-01-27 21:11:18.784 RedLemon[15449:463515] ✅ Realtime: Decoded message type: playbackState, sender: 96E01CDB-36C0-4228-A6E4-A29A3C66BC8E
2026-01-27 21:11:20.616 RedLemon[15449:463515] 📤 Realtime: Sending message type: playbackState, sender: 96E01CDB-36C0-4228-A6E4-A29A3C66BC8E
2026-01-27 21:11:20.617 RedLemon[15449:463515]    Payload keys: timestamp, isPlaying, senderId, type, position
2026-01-27 21:11:20.618 RedLemon[15449:463515] ✅ Realtime: Message broadcast complete
2026-01-27 21:11:20.618 RedLemon[15449:464158] 🔐 Signed request to /rooms
2026-01-27 21:11:20.700 RedLemon[15449:464537] 🔐 Signed request to /rpc/user_heartbeat
2026-01-27 21:11:20.741 RedLemon[15449:463515] 📨 Realtime: Received broadcast message
2026-01-27 21:11:20.741 RedLemon[15449:463515]    Payload keys: position, senderId, timestamp, type, isPlaying
2026-01-27 21:11:20.742 RedLemon[15449:463515] ✅ Realtime: Decoded message type: playbackState, sender: 96E01CDB-36C0-4228-A6E4-A29A3C66BC8E
2026-01-27 21:11:20.908 RedLemon[15449:461976] 📨 Lobby: Received Room UPDATE from Realtime
2026-01-27 21:11:22.703 RedLemon[15449:464158] 📤 Realtime: Sending message type: playbackState, sender: 96E01CDB-36C0-4228-A6E4-A29A3C66BC8E
2026-01-27 21:11:22.704 RedLemon[15449:464158]    Payload keys: type, senderId, position, isPlaying, timestamp
2026-01-27 21:11:22.704 RedLemon[15449:464591] 🔐 SupabaseClient: Signing Identity Payload: '176956628296e01cdb-36c0-4228-a6e4-a29a3c66bc8e/rpc/room_heartbeat'
2026-01-27 21:11:22.704 RedLemon[15449:464591] 🔐 Signed request to /rpc/room_heartbeat
2026-01-27 21:11:22.706 RedLemon[15449:464591] ✅ Realtime: Message broadcast complete
2026-01-27 21:11:22.837 RedLemon[15449:464158] 📨 Realtime: Received broadcast message
2026-01-27 21:11:22.837 RedLemon[15449:464158]    Payload keys: senderId, timestamp, position, isPlaying, type
2026-01-27 21:11:22.837 RedLemon[15449:464158] ✅ Realtime: Decoded message type: playbackState, sender: 96E01CDB-36C0-4228-A6E4-A29A3C66BC8E
2026-01-27 21:11:22.911 RedLemon[15449:461976] 📨 Lobby: Received Room UPDATE from Realtime
2026-01-27 21:11:23.160 RedLemon[15449:461976] 📨 Lobby: Received Room UPDATE from Realtime
2026-01-27 21:11:24.539 RedLemon[15449:463515] 📤 Realtime: Sending message type: playbackState, sender: 96E01CDB-36C0-4228-A6E4-A29A3C66BC8E
2026-01-27 21:11:24.540 RedLemon[15449:463515]    Payload keys: type, isPlaying, position, timestamp, senderId
2026-01-27 21:11:24.540 RedLemon[15449:463515] ✅ Realtime: Message broadcast complete
2026-01-27 21:11:24.664 RedLemon[15449:464158] 📨 Realtime: Received broadcast message
2026-01-27 21:11:24.664 RedLemon[15449:464158]    Payload keys: timestamp, type, position, senderId, isPlaying
2026-01-27 21:11:24.664 RedLemon[15449:464158] ✅ Realtime: Decoded message type: playbackState, sender: 96E01CDB-36C0-4228-A6E4-A29A3C66BC8E
2026-01-27 21:11:26.664 RedLemon[15449:464048] 📤 Realtime: Sending message type: playbackState, sender: 96E01CDB-36C0-4228-A6E4-A29A3C66BC8E
2026-01-27 21:11:26.665 RedLemon[15449:464048]    Payload keys: position, isPlaying, timestamp, type, senderId
2026-01-27 21:11:26.666 RedLemon[15449:464537] ✅ Realtime: Message broadcast complete
2026-01-27 21:11:26.792 RedLemon[15449:464048] 📨 Realtime: Received broadcast message
2026-01-27 21:11:26.792 RedLemon[15449:464048]    Payload keys: senderId, position, type, isPlaying, timestamp
2026-01-27 21:11:26.793 RedLemon[15449:464048] ✅ Realtime: Decoded message type: playbackState, sender: 96E01CDB-36C0-4228-A6E4-A29A3C66BC8E
2026-01-27 21:11:28.124 RedLemon[15449:461976] 📨 Lobby: Received Room UPDATE from Realtime
2026-01-27 21:11:28.624 RedLemon[15449:464048] 📤 Realtime: Sending message type: playbackState, sender: 96E01CDB-36C0-4228-A6E4-A29A3C66BC8E
2026-01-27 21:11:28.625 RedLemon[15449:464048]    Payload keys: senderId, position, type, timestamp, isPlaying
2026-01-27 21:11:28.627 RedLemon[15449:464479] ✅ Realtime: Message broadcast complete
2026-01-27 21:11:28.753 RedLemon[15449:464479] 📨 Realtime: Received broadcast message
2026-01-27 21:11:28.753 RedLemon[15449:464479]    Payload keys: isPlaying, timestamp, position, type, senderId
2026-01-27 21:11:28.754 RedLemon[15449:464479] ✅ Realtime: Decoded message type: playbackState, sender: 96E01CDB-36C0-4228-A6E4-A29A3C66BC8E
2026-01-27 21:11:30.626 RedLemon[15449:464048] 📤 Realtime: Sending message type: playbackState, sender: 96E01CDB-36C0-4228-A6E4-A29A3C66BC8E
2026-01-27 21:11:30.627 RedLemon[15449:464048]    Payload keys: timestamp, position, type, isPlaying, senderId
2026-01-27 21:11:30.628 RedLemon[15449:464158] ✅ Realtime: Message broadcast complete
2026-01-27 21:11:30.628 RedLemon[15449:464537] 🔐 Signed request to /rooms
2026-01-27 21:11:30.764 RedLemon[15449:464158] 📨 Realtime: Received broadcast message
2026-01-27 21:11:30.764 RedLemon[15449:464158]    Payload keys: type, timestamp, position, isPlaying, senderId
2026-01-27 21:11:30.765 RedLemon[15449:464158] ✅ Realtime: Decoded message type: playbackState, sender: 96E01CDB-36C0-4228-A6E4-A29A3C66BC8E
2026-01-27 21:11:30.833 RedLemon[15449:461976] 📨 Lobby: Received Room UPDATE from Realtime
2026-01-27 21:11:32.585 RedLemon[15449:464537] 📤 Realtime: Sending message type: playbackState, sender: 96E01CDB-36C0-4228-A6E4-A29A3C66BC8E
2026-01-27 21:11:32.586 RedLemon[15449:464537]    Payload keys: type, position, timestamp, senderId, isPlaying
2026-01-27 21:11:32.587 RedLemon[15449:464048] ✅ Realtime: Message broadcast complete
2026-01-27 21:11:32.715 RedLemon[15449:463515] 📨 Realtime: Received broadcast message
2026-01-27 21:11:32.715 RedLemon[15449:463515]    Payload keys: position, senderId, isPlaying, timestamp, type
2026-01-27 21:11:32.716 RedLemon[15449:463515] ✅ Realtime: Decoded message type: playbackState, sender: 96E01CDB-36C0-4228-A6E4-A29A3C66BC8E
2026-01-27 21:11:34.630 RedLemon[15449:464479] 📤 Realtime: Sending message type: playbackState, sender: 96E01CDB-36C0-4228-A6E4-A29A3C66BC8E
2026-01-27 21:11:34.631 RedLemon[15449:464479]    Payload keys: type, senderId, timestamp, position, isPlaying
2026-01-27 21:11:34.632 RedLemon[15449:464591] ✅ Realtime: Message broadcast complete
2026-01-27 21:11:34.758 RedLemon[15449:464591] 📨 Realtime: Received broadcast message
2026-01-27 21:11:34.759 RedLemon[15449:464591]    Payload keys: position, type, timestamp, senderId, isPlaying
2026-01-27 21:11:34.759 RedLemon[15449:464591] ✅ Realtime: Decoded message type: playbackState, sender: 96E01CDB-36C0-4228-A6E4-A29A3C66BC8E
2026-01-27 21:11:36.673 RedLemon[15449:464479] 📤 Realtime: Sending message type: playbackState, sender: 96E01CDB-36C0-4228-A6E4-A29A3C66BC8E
2026-01-27 21:11:36.674 RedLemon[15449:464479]    Payload keys: senderId, timestamp, type, isPlaying, position
2026-01-27 21:11:36.676 RedLemon[15449:464479] ✅ Realtime: Message broadcast complete
2026-01-27 21:11:36.808 RedLemon[15449:464158] 📨 Realtime: Received broadcast message
2026-01-27 21:11:36.808 RedLemon[15449:464158]    Payload keys: senderId, timestamp, type, isPlaying, position
2026-01-27 21:11:36.808 RedLemon[15449:464158] ✅ Realtime: Decoded message type: playbackState, sender: 96E01CDB-36C0-4228-A6E4-A29A3C66BC8E
2026-01-27 21:11:38.593 RedLemon[15449:464591] 📤 Realtime: Sending message type: playbackState, sender: 96E01CDB-36C0-4228-A6E4-A29A3C66BC8E
2026-01-27 21:11:38.594 RedLemon[15449:464591]    Payload keys: timestamp, position, type, isPlaying, senderId
2026-01-27 21:11:38.595 RedLemon[15449:464479] ✅ Realtime: Message broadcast complete
2026-01-27 21:11:38.725 RedLemon[15449:464479] 📨 Realtime: Received broadcast message
2026-01-27 21:11:38.725 RedLemon[15449:464479]    Payload keys: isPlaying, type, timestamp, position, senderId
2026-01-27 21:11:38.725 RedLemon[15449:464479] ✅ Realtime: Decoded message type: playbackState, sender: 96E01CDB-36C0-4228-A6E4-A29A3C66BC8E
2026-01-27 21:11:40.679 RedLemon[15449:464479] 📤 Realtime: Sending message type: playbackState, sender: 96E01CDB-36C0-4228-A6E4-A29A3C66BC8E
2026-01-27 21:11:40.679 RedLemon[15449:464479]    Payload keys: timestamp, type, position, senderId, isPlaying
2026-01-27 21:11:40.680 RedLemon[15449:463515] ✅ Realtime: Message broadcast complete
2026-01-27 21:11:40.682 RedLemon[15449:464048] 🔐 Signed request to /rooms
2026-01-27 21:11:40.810 RedLemon[15449:464537] 📨 Realtime: Received broadcast message
2026-01-27 21:11:40.810 RedLemon[15449:464537]    Payload keys: senderId, timestamp, type, isPlaying, position
2026-01-27 21:11:40.811 RedLemon[15449:464537] ✅ Realtime: Decoded message type: playbackState, sender: 96E01CDB-36C0-4228-A6E4-A29A3C66BC8E
2026-01-27 21:11:40.886 RedLemon[15449:461976] 📨 Lobby: Received Room UPDATE from Realtime
2026-01-27 21:11:42.638 RedLemon[15449:464158] 📤 Realtime: Sending message type: playbackState, sender: 96E01CDB-36C0-4228-A6E4-A29A3C66BC8E
2026-01-27 21:11:42.639 RedLemon[15449:464158]    Payload keys: isPlaying, timestamp, senderId, type, position
2026-01-27 21:11:42.640 RedLemon[15449:464479] ✅ Realtime: Message broadcast complete
2026-01-27 21:11:42.775 RedLemon[15449:464158] 📨 Realtime: Received broadcast message
2026-01-27 21:11:42.775 RedLemon[15449:464158]    Payload keys: position, senderId, timestamp, isPlaying, type
2026-01-27 21:11:42.775 RedLemon[15449:464158] ✅ Realtime: Decoded message type: playbackState, sender: 96E01CDB-36C0-4228-A6E4-A29A3C66BC8E
2026-01-27 21:11:44.600 RedLemon[15449:464158] 📤 Realtime: Sending message type: playbackState, sender: 96E01CDB-36C0-4228-A6E4-A29A3C66BC8E
2026-01-27 21:11:44.601 RedLemon[15449:464158]    Payload keys: isPlaying, position, type, senderId, timestamp
2026-01-27 21:11:44.602 RedLemon[15449:464048] ✅ Realtime: Message broadcast complete
2026-01-27 21:11:44.725 RedLemon[15449:464048] 📨 Realtime: Received broadcast message
2026-01-27 21:11:44.725 RedLemon[15449:464048]    Payload keys: timestamp, position, type, isPlaying, senderId
2026-01-27 21:11:44.726 RedLemon[15449:464048] ✅ Realtime: Decoded message type: playbackState, sender: 96E01CDB-36C0-4228-A6E4-A29A3C66BC8E
2026-01-27 21:11:45.936 RedLemon[15449:464048] 🔐 Signed request to /rpc/user_heartbeat
2026-01-27 21:11:46.601 RedLemon[15449:464591] 📤 Realtime: Sending message type: playbackState, sender: 96E01CDB-36C0-4228-A6E4-A29A3C66BC8E
2026-01-27 21:11:46.602 RedLemon[15449:464591]    Payload keys: isPlaying, timestamp, senderId, type, position
2026-01-27 21:11:46.602 RedLemon[15449:464479] ✅ Realtime: Message broadcast complete
2026-01-27 21:11:46.744 RedLemon[15449:464158] 📨 Realtime: Received broadcast message
2026-01-27 21:11:46.744 RedLemon[15449:464158]    Payload keys: timestamp, senderId, isPlaying, position, type
2026-01-27 21:11:46.744 RedLemon[15449:464158] ✅ Realtime: Decoded message type: playbackState, sender: 96E01CDB-36C0-4228-A6E4-A29A3C66BC8E
2026-01-27 21:11:48.686 RedLemon[15449:464158] 📤 Realtime: Sending message type: playbackState, sender: 96E01CDB-36C0-4228-A6E4-A29A3C66BC8E
2026-01-27 21:11:48.687 RedLemon[15449:464158]    Payload keys: isPlaying, position, timestamp, type, senderId
2026-01-27 21:11:48.689 RedLemon[15449:464537] ✅ Realtime: Message broadcast complete
2026-01-27 21:11:48.812 RedLemon[15449:464537] 📨 Realtime: Received broadcast message
2026-01-27 21:11:48.813 RedLemon[15449:464537]    Payload keys: timestamp, senderId, isPlaying, position, type
2026-01-27 21:11:48.813 RedLemon[15449:464537] ✅ Realtime: Decoded message type: playbackState, sender: 96E01CDB-36C0-4228-A6E4-A29A3C66BC8E
2026-01-27 21:11:50.605 RedLemon[15449:463515] 📤 Realtime: Sending message type: playbackState, sender: 96E01CDB-36C0-4228-A6E4-A29A3C66BC8E
2026-01-27 21:11:50.605 RedLemon[15449:463515]    Payload keys: type, isPlaying, senderId, timestamp, position
2026-01-27 21:11:50.606 RedLemon[15449:463515] ✅ Realtime: Message broadcast complete
2026-01-27 21:11:50.607 RedLemon[15449:464537] 🔐 Signed request to /rooms
2026-01-27 21:11:50.837 RedLemon[15449:463515] 📨 Realtime: Received broadcast message
2026-01-27 21:11:50.837 RedLemon[15449:463515]    Payload keys: isPlaying, type, position, timestamp, senderId
2026-01-27 21:11:50.837 RedLemon[15449:463515] ✅ Realtime: Decoded message type: playbackState, sender: 96E01CDB-36C0-4228-A6E4-A29A3C66BC8E
2026-01-27 21:11:50.856 RedLemon[15449:461976] 📨 Lobby: Received Room UPDATE from Realtime
2026-01-27 21:11:52.649 RedLemon[15449:464537] 📤 Realtime: Sending message type: playbackState, sender: 96E01CDB-36C0-4228-A6E4-A29A3C66BC8E
2026-01-27 21:11:52.650 RedLemon[15449:464537]    Payload keys: senderId, isPlaying, position, timestamp, type
2026-01-27 21:11:52.651 RedLemon[15449:464537] ✅ Realtime: Message broadcast complete
2026-01-27 21:11:52.775 RedLemon[15449:463515] 📨 Realtime: Received broadcast message
2026-01-27 21:11:52.776 RedLemon[15449:463515]    Payload keys: position, type, timestamp, senderId, isPlaying
2026-01-27 21:11:52.776 RedLemon[15449:463515] ✅ Realtime: Decoded message type: playbackState, sender: 96E01CDB-36C0-4228-A6E4-A29A3C66BC8E
2026-01-27 21:11:52.902 RedLemon[15449:464591] 🔐 SupabaseClient: Signing Identity Payload: '176956631296e01cdb-36c0-4228-a6e4-a29a3c66bc8e/rpc/room_heartbeat'
2026-01-27 21:11:52.903 RedLemon[15449:464591] 🔐 Signed request to /rpc/room_heartbeat
2026-01-27 21:11:53.149 RedLemon[15449:461976] 📨 Lobby: Received Room UPDATE from Realtime
2026-01-27 21:11:53.609 RedLemon[15449:461976] 📨 Lobby: Received Room UPDATE from Realtime
2026-01-27 21:11:54.652 RedLemon[15449:464537] 📤 Realtime: Sending message type: playbackState, sender: 96E01CDB-36C0-4228-A6E4-A29A3C66BC8E
2026-01-27 21:11:54.653 RedLemon[15449:464537]    Payload keys: type, position, senderId, timestamp, isPlaying
2026-01-27 21:11:54.654 RedLemon[15449:464537] ✅ Realtime: Message broadcast complete
2026-01-27 21:11:54.776 RedLemon[15449:464158] 📨 Realtime: Received broadcast message
2026-01-27 21:11:54.777 RedLemon[15449:464158]    Payload keys: isPlaying, position, timestamp, senderId, type
2026-01-27 21:11:54.777 RedLemon[15449:464158] ✅ Realtime: Decoded message type: playbackState, sender: 96E01CDB-36C0-4228-A6E4-A29A3C66BC8E
2026-01-27 21:11:56.694 RedLemon[15449:464479] 📤 Realtime: Sending message type: playbackState, sender: 96E01CDB-36C0-4228-A6E4-A29A3C66BC8E
2026-01-27 21:11:56.695 RedLemon[15449:464479]    Payload keys: type, timestamp, position, senderId, isPlaying
2026-01-27 21:11:56.696 RedLemon[15449:464479] ✅ Realtime: Message broadcast complete
2026-01-27 21:11:56.877 RedLemon[15449:464479] 📨 Realtime: Received broadcast message
2026-01-27 21:11:56.877 RedLemon[15449:464479]    Payload keys: timestamp, position, senderId, isPlaying, type
2026-01-27 21:11:56.878 RedLemon[15449:464479] ✅ Realtime: Decoded message type: playbackState, sender: 96E01CDB-36C0-4228-A6E4-A29A3C66BC8E
2026-01-27 21:11:58.618 RedLemon[15449:464479] 📤 Realtime: Sending message type: playbackState, sender: 96E01CDB-36C0-4228-A6E4-A29A3C66BC8E
2026-01-27 21:11:58.619 RedLemon[15449:464479]    Payload keys: position, type, isPlaying, senderId, timestamp
2026-01-27 21:11:58.620 RedLemon[15449:464479] ✅ Realtime: Message broadcast complete
2026-01-27 21:11:58.826 RedLemon[15449:464158] 📨 Realtime: Received broadcast message
2026-01-27 21:11:58.827 RedLemon[15449:464158]    Payload keys: position, senderId, timestamp, isPlaying, type
2026-01-27 21:11:58.828 RedLemon[15449:464158] ✅ Realtime: Decoded message type: playbackState, sender: 96E01CDB-36C0-4228-A6E4-A29A3C66BC8E
2026-01-27 21:12:00.615 RedLemon[15449:463515] 📤 Realtime: Sending message type: playbackState, sender: 96E01CDB-36C0-4228-A6E4-A29A3C66BC8E
2026-01-27 21:12:00.615 RedLemon[15449:463515]    Payload keys: senderId, type, isPlaying, timestamp, position
2026-01-27 21:12:00.617 RedLemon[15449:464158] ✅ Realtime: Message broadcast complete
2026-01-27 21:12:00.618 RedLemon[15449:464479] 🔐 Signed request to /rooms
2026-01-27 21:12:00.741 RedLemon[15449:464479] 📨 Realtime: Received broadcast message
2026-01-27 21:12:00.741 RedLemon[15449:464479]    Payload keys: senderId, timestamp, type, position, isPlaying
2026-01-27 21:12:00.741 RedLemon[15449:464479] ✅ Realtime: Decoded message type: playbackState, sender: 96E01CDB-36C0-4228-A6E4-A29A3C66BC8E
2026-01-27 21:12:00.848 RedLemon[15449:461976] 📨 Lobby: Received Room UPDATE from Realtime
📄 Subtitle request: L3N1YnRpdGxlLzM1NDQ4... (offset: 0ms)
📥 Downloading subtitle from SubDL CDN: /subtitle/3544880-8466988.zip
ℹ️ RealtimeChannelManager: Already setup for room 27X9, filtering duplicate setup call.
📡 Connection state: connected
✅ Cache HIT: Metadata[meta_series_tt33517752]
📡 SocialService: Updated status - online: The Beauty - S01E01: Beautiful Pilot
⏰ AppState: Next schedule update set for Event End: 2026-01-28 03:58:34 +0000
⏰ AppState: Scheduling update in 6683 seconds
⏰ AppState: Next schedule update set for Event End: 2026-01-28 03:58:34 +0000
⏰ AppState: Scheduling update in 6680 seconds
✅ Download complete: 30875 bytes
📦 Detected ZIP archive, extracting...
🔍 Looking for S%02dE%02d in zip (%d files)... 1 1 2
✅ Found matching file in zip (Strategy 2 - Pattern s01e01): [CoffeePrison] THE BEAUTY S01E01 DSNP WEB ENG.srt
📦 Extracting specific file: \[CoffeePrison\] THE BEAUTY S01E01 DSNP WEB ENG.srt
✅ Extraction successful
✅ Subtitle downloaded and converted to VTT
🔄 Lobby: Fetching fresh room state from Supabase...
🔄 Lobby: Fetching fresh room state from Supabase...
✅ Lobby: Synced CLEAN stream info, metadata & playlist to AppState
✅ Lobby: Synced CLEAN stream info, metadata & playlist to AppState
🔄 Lobby: Fetching fresh room state from Supabase...
🔄 Lobby: Fetching fresh room state from Supabase...
✅ Lobby: Synced CLEAN stream info, metadata & playlist to AppState
✅ Lobby: Synced CLEAN stream info, metadata & playlist to AppState
📡 [EventsConfig] Checking server for movie_events config version...
✅ [EventsConfig] Fetched movie_events version 1586 with 397 movies
✅ [EventsConfig] Using cached movie_events config (version 1586, 397 movies)
⏰ AppState: Next schedule update set for Event End: 2026-01-28 03:58:34 +0000
⏰ AppState: Scheduling update in 6670 seconds
🔄 Lobby: Fetching fresh room state from Supabase...
✅ Lobby: Synced CLEAN stream info, metadata & playlist to AppState
⏰ AppState: Next schedule update set for Event End: 2026-01-28 03:58:34 +0000
⏰ AppState: Scheduling update in 6660 seconds
🔄 Lobby: Fetching fresh room state from Supabase...
✅ Lobby: Synced CLEAN stream info, metadata & playlist to AppState
⏰ AppState: Next schedule update set for Event End: 2026-01-28 03:58:34 +0000
⏰ AppState: Scheduling update in 6650 seconds
🔄 Lobby: Fetching fresh room state from Supabase...
✅ Lobby: Synced CLEAN stream info, metadata & playlist to AppState
🔄 Lobby: Fetching fresh room state from Supabase...
✅ Lobby: Synced CLEAN stream info, metadata & playlist to AppState
🔄 Lobby: Fetching fresh room state from Supabase...
✅ Lobby: Synced CLEAN stream info, metadata & playlist to AppState
⏰ AppState: Next schedule update set for Event End: 2026-01-28 03:58:34 +0000
⏰ AppState: Scheduling update in 6640 seconds
🔄 Lobby: Fetching fresh room state from Supabase...
✅ Lobby: Synced CLEAN stream info, metadata & playlist to AppState
🔄 Lobby: Fetching fresh room state from Supabase...
✅ Lobby: Synced CLEAN stream info, metadata & playlist to AppState
⏰ AppState: Next schedule update set for Event End: 2026-01-28 03:58:34 +0000
⏰ AppState: Scheduling update in 6630 seconds
🔄 Lobby: Fetching fresh room state from Supabase...
✅ Lobby: Synced CLEAN stream info, metadata & playlist to AppState
⏰ AppState: Next schedule update set for Event End: 2026-01-28 03:58:34 +0000
⏰ AppState: Scheduling update in 6620 seconds
🔄 Lobby: Fetching fresh room state from Supabase...
✅ Lobby: Synced CLEAN stream info, metadata & playlist to AppState
🔄 Lobby: Fetching fresh room state from Supabase...
✅ Lobby: Synced CLEAN stream info, metadata & playlist to AppState
🔄 Lobby: Fetching fresh room state from Supabase...
✅ Lobby: Synced CLEAN stream info, metadata & playlist to AppState
📡 [EventsConfig] Checking server for movie_events config version...
✅ [EventsConfig] Fetched movie_events version 1586 with 397 movies
✅ [EventsConfig] Using cached movie_events config (version 1586, 397 movies)
⏰ AppState: Next schedule update set for Event End: 2026-01-28 03:58:34 +0000
⏰ AppState: Scheduling update in 6610 seconds
🔄 Lobby: Fetching fresh room state from Supabase...
✅ Lobby: Synced CLEAN stream info, metadata & playlist to AppState
🔄 Lobby: Fetching fresh room state from Supabase...
✅ Lobby: Synced CLEAN stream info, metadata & playlist to AppState
⏰ AppState: Next schedule update set for Event End: 2026-01-28 03:58:34 +0000
⏰ AppState: Scheduling update in 6600 seconds
🔄 Lobby: Fetching fresh room state from Supabase...
✅ Lobby: Synced CLEAN stream info, metadata & playlist to AppState
⏰ AppState: Next schedule update set for Event End: 2026-01-28 03:58:34 +0000
⏰ AppState: Scheduling update in 6590 seconds
🔄 Lobby: Fetching fresh room state from Supabase...
✅ Lobby: Synced CLEAN stream info, metadata & playlist to AppState
🔄 Lobby: Fetching fresh room state from Supabase...
✅ Lobby: Synced CLEAN stream info, metadata & playlist to AppState
🔄 Lobby: Fetching fresh room state from Supabase...
✅ Lobby: Synced CLEAN stream info, metadata & playlist to AppState
⏰ AppState: Next schedule update set for Event End: 2026-01-28 03:58:34 +0000
⏰ AppState: Scheduling update in 6580 seconds
🔄 Lobby: Fetching fresh room state from Supabase...
✅ Lobby: Synced CLEAN stream info, metadata & playlist to AppState
⏰ AppState: Next schedule update set for Event End: 2026-01-28 03:58:34 +0000
⏰ AppState: Scheduling update in 6570 seconds
🔄 Lobby: Fetching fresh room state from Supabase...
✅ Lobby: Synced CLEAN stream info, metadata & playlist to AppState
🔄 Lobby: Fetching fresh room state from Supabase...
✅ Lobby: Synced CLEAN stream info, metadata & playlist to AppState
⏰ AppState: Next schedule update set for Event End: 2026-01-28 03:58:34 +0000
⏰ AppState: Scheduling update in 6560 seconds
🔄 Lobby: Fetching fresh room state from Supabase...
✅ Lobby: Synced CLEAN stream info, metadata & playlist to AppState
🔄 Lobby: Fetching fresh room state from Supabase...
✅ Lobby: Synced CLEAN stream info, metadata & playlist to AppState
🔄 Lobby: Fetching fresh room state from Supabase...
✅ Lobby: Synced CLEAN stream info, metadata & playlist to AppState
📡 [EventsConfig] Checking server for movie_events config version...
✅ [EventsConfig] Fetched movie_events version 1586 with 397 movies
✅ [EventsConfig] Using cached movie_events config (version 1586, 397 movies)
⏰ AppState: Next schedule update set for Event End: 2026-01-28 03:58:34 +0000
⏰ AppState: Scheduling update in 6550 seconds
🔄 Lobby: Fetching fresh room state from Supabase...
✅ Lobby: Synced CLEAN stream info, metadata & playlist to AppState
⏰ AppState: Next schedule update set for Event End: 2026-01-28 03:58:34 +0000
⏰ AppState: Scheduling update in 6540 seconds
🔄 Lobby: Fetching fresh room state from Supabase...
✅ Lobby: Synced CLEAN stream info, metadata & playlist to AppState
🔄 Lobby: Fetching fresh room state from Supabase...
✅ Lobby: Synced CLEAN stream info, metadata & playlist to AppState
⏰ AppState: Next schedule update set for Event End: 2026-01-28 03:58:34 +0000
⏰ AppState: Scheduling update in 6530 seconds
🔄 Lobby: Fetching fresh room state from Supabase...
✅ Lobby: Synced CLEAN stream info, metadata & playlist to AppState
🔄 Lobby: Fetching fresh room state from Supabase...
✅ Lobby: Synced CLEAN stream info, metadata & playlist to AppState
🔄 Lobby: Fetching fresh room state from Supabase...
✅ Lobby: Synced CLEAN stream info, metadata & playlist to AppState
⏰ AppState: Next schedule update set for Event End: 2026-01-28 03:58:34 +0000
⏰ AppState: Scheduling update in 6520 seconds
🔄 Lobby: Fetching fresh room state from Supabase...
✅ Lobby: Synced CLEAN stream info, metadata & playlist to AppState
⏰ AppState: Next schedule update set for Event End: 2026-01-28 03:58:34 +0000
⏰ AppState: Scheduling update in 6510 seconds
🔄 Lobby: Fetching fresh room state from Supabase...
✅ Lobby: Synced CLEAN stream info, metadata & playlist to AppState
⏰ AppState: Next schedule update set for Event End: 2026-01-28 03:58:34 +0000
⏰ AppState: Scheduling update in 6500 seconds
🔄 Lobby: Fetching fresh room state from Supabase...
✅ Lobby: Synced CLEAN stream info, metadata & playlist to AppState
🔄 Lobby: Fetching fresh room state from Supabase...
✅ Lobby: Synced CLEAN stream info, metadata & playlist to AppState
🔄 Lobby: Fetching fresh room state from Supabase...
✅ Lobby: Synced CLEAN stream info, metadata & playlist to AppState
🔄 Lobby: Fetching fresh room state from Supabase...
📡 [EventsConfig] Checking server for movie_events config version...
✅ Lobby: Synced CLEAN stream info, metadata & playlist to AppState
✅ [EventsConfig] Fetched movie_events version 1586 with 397 movies
✅ [EventsConfig] Using cached movie_events config (version 1586, 397 movies)
⏰ AppState: Next schedule update set for Event End: 2026-01-28 03:58:34 +0000
⏰ AppState: Scheduling update in 6490 seconds
🔄 Lobby: Fetching fresh room state from Supabase...
✅ Lobby: Synced CLEAN stream info, metadata & playlist to AppState
⏰ AppState: Next schedule update set for Event End: 2026-01-28 03:58:34 +0000
⏰ AppState: Scheduling update in 6480 seconds
🔄 Lobby: Fetching fresh room state from Supabase...
✅ Lobby: Synced CLEAN stream info, metadata & playlist to AppState
⏰ AppState: Next schedule update set for Event End: 2026-01-28 03:58:34 +0000
⏰ AppState: Scheduling update in 6470 seconds
🔄 Lobby: Fetching fresh room state from Supabase...
✅ Lobby: Synced CLEAN stream info, metadata & playlist to AppState
🔄 Lobby: Fetching fresh room state from Supabase...
✅ Lobby: Synced CLEAN stream info, metadata & playlist to AppState
🔄 Lobby: Fetching fresh room state from Supabase...
🔄 Lobby: Fetching fresh room state from Supabase...
✅ Lobby: Synced CLEAN stream info, metadata & playlist to AppState
✅ Lobby: Synced CLEAN stream info, metadata & playlist to AppState
⏰ AppState: Next schedule update set for Event End: 2026-01-28 03:58:34 +0000
⏰ AppState: Scheduling update in 6460 seconds
🔄 Lobby: Fetching fresh room state from Supabase...
✅ Lobby: Synced CLEAN stream info, metadata & playlist to AppState
⏰ AppState: Next schedule update set for Event End: 2026-01-28 03:58:34 +0000
⏰ AppState: Scheduling update in 6450 seconds
🔄 Lobby: Fetching fresh room state from Supabase...
✅ Lobby: Synced CLEAN stream info, metadata & playlist to AppState
⏰ AppState: Next schedule update set for Event End: 2026-01-28 03:58:34 +0000
⏰ AppState: Scheduling update in 6440 seconds
🔄 Lobby: Fetching fresh room state from Supabase...
✅ Lobby: Synced CLEAN stream info, metadata & playlist to AppState
📡 [EventsConfig] Checking server for movie_events config version...
🔄 Lobby: Fetching fresh room state from Supabase...
✅ Lobby: Synced CLEAN stream info, metadata & playlist to AppState
🔄 Lobby: Fetching fresh room state from Supabase...
✅ [EventsConfig] Fetched movie_events version 1586 with 397 movies
✅ Lobby: Synced CLEAN stream info, metadata & playlist to AppState
✅ [EventsConfig] Using cached movie_events config (version 1586, 397 movies)
⏰ AppState: Next schedule update set for Event End: 2026-01-28 03:58:34 +0000
⏰ AppState: Scheduling update in 6430 seconds
🔄 Lobby: Fetching fresh room state from Supabase...
✅ Lobby: Synced CLEAN stream info, metadata & playlist to AppState
🔄 Lobby: Fetching fresh room state from Supabase...
✅ Lobby: Synced CLEAN stream info, metadata & playlist to AppState
⏰ AppState: Next schedule update set for Event End: 2026-01-28 03:58:34 +0000
⏰ AppState: Scheduling update in 6420 seconds
🔄 Lobby: Fetching fresh room state from Supabase...
✅ Lobby: Synced CLEAN stream info, metadata & playlist to AppState
⏰ AppState: Next schedule update set for Event End: 2026-01-28 03:58:34 +0000
⏰ AppState: Scheduling update in 6410 seconds
🔄 Lobby: Fetching fresh room state from Supabase...
✅ Lobby: Synced CLEAN stream info, metadata & playlist to AppState
🔄 Lobby: Fetching fresh room state from Supabase...
✅ Lobby: Synced CLEAN stream info, metadata & playlist to AppState
🔄 Lobby: Fetching fresh room state from Supabase...
✅ Lobby: Synced CLEAN stream info, metadata & playlist to AppState
⏰ AppState: Next schedule update set for Event End: 2026-01-28 03:58:34 +0000
⏰ AppState: Scheduling update in 6400 seconds
🔄 Lobby: Fetching fresh room state from Supabase...
✅ Lobby: Synced CLEAN stream info, metadata & playlist to AppState
