2026-01-22 13:21:15.268 RedLemon[21741:149032] 🪟 Set initial window to expanded size: (0.0, 148.0, 1366.0, 595.0)
2026-01-22 13:21:15.268 RedLemon[21741:149032] ✅ Cache cleanup timer started (runs every 30 minutes)
2026-01-22 13:21:15.363 RedLemon[21741:149032] 🔄 Resetting playback state to prevent auto-selection...
2026-01-22 13:21:15.365 RedLemon[21741:149032] ⚠️ PlayerVM: currentWatchPartyRoom set to NIL. Stack Trace unavailable, but check recent logs.
2026-01-22 13:21:15.414 RedLemon[21741:149032] ✅ Playback state reset complete - starting in browse view
2026-01-22 13:21:15.414 RedLemon[21741:149032] 🔐 APP STARTUP: Loading stored user credentials...
2026-01-22 13:21:15.414 RedLemon[21741:149032] 🧪 Testing Profile: debug
2026-01-22 13:21:15.422 RedLemon[21741:149120] 📂 Loaded 5 credential(s) from cache
2026-01-22 13:21:15.446 RedLemon[21741:149032] ✅ Keychain: Found stored username: ursinho
2026-01-22 13:21:15.447 RedLemon[21741:149032] 🔍 Supabase: Looking up user 'ursinho' in database...
2026-01-22 13:21:15.447 RedLemon[21741:149137] 🔍 SupabaseClient: Looking up user by username 'ursinho'
2026-01-22 13:21:15.988 RedLemon[21741:149119] 📡 SupabaseClient: User lookup response received (400 bytes)
2026-01-22 13:21:15.999 RedLemon[21741:149119] ✅ SupabaseClient: Decoded 1 users from response
2026-01-22 13:21:16.000 RedLemon[21741:149119] 👤 SupabaseClient: Found user - ursinho (ID: 656DAA91-33B4-4688-9135-C982EA52D7C9)
2026-01-22 13:21:16.061 RedLemon[21741:149032] ✅ AUTH SUCCESS: User authenticated - ursinho (ID: 656DAA91-33B4-4688-9135-C982EA52D7C9)
2026-01-22 13:21:16.061 RedLemon[21741:149032] 🎯 AppState: currentUsername=ursinho, currentUserId=656DAA91-33B4-4688-9135-C982EA52D7C9
2026-01-22 13:21:18.312 RedLemon[21741:149032] 🏁 AUTH COMPLETE: Final state - username=ursinho, userId=656DAA91-33B4-4688-9135-C982EA52D7C9
2026-01-22 13:21:18.318 RedLemon[21741:149032] 🚀 RedLemon: Starting HTTP server...
2026-01-22 13:21:18.319 RedLemon[21741:149032] 📋 RedLemon: Current directory: /Users/danielnoble/Desktop/Redlemon
2026-01-22 13:21:18.337 RedLemon[21741:149032] ✅ RedLemon: HTTPServer instance created
2026-01-22 13:21:18.337 RedLemon[21741:149032] ✅ RedLemon: Server marked as ready (Optimistic)
2026-01-22 13:21:18.337 RedLemon[21741:149119] 📡 RedLemon: Server starting on port 47253...
⏲️ [EventsConfig] Starting polling fallback (every 60s)
🔌 Connecting to Supabase Realtime: wss://151.243.109.243.nip.io/realtime/v1/websocket
✅ Connected to Supabase Realtime
📡 Sparkle requesting feed URL: https://151.243.109.243.nip.io/updates/appcast.xml
✅ Sparkle configured (seamless mode)
   Appcast URL: https://151.243.109.243.nip.io/updates/appcast.xml
   Can check: true
📅 EventsView appeared
🎬 [EventsView] Fetching movie events from centralized config...
📡 [EventsConfig] Checking server for movie_events config version...
🔍 Memory pressure monitoring enabled (safe mode)
🔍 Silent update check (custom implementation)...
📦 Current build: 125, Latest build: 125
✅ App is up to date (current: 125, latest: 125)
📡 Joined channel: realtime:events_config_updates (interest count: 1)
✅ [EventsConfig] Subscribed to realtime schedule updates
🖥️ CacheManager initialized with fixed conservative limits
   Image cache limit: 30 items
📡 Sparkle requesting feed URL: https://151.243.109.243.nip.io/updates/appcast.xml
✅ [EventsConfig] Fetched movie_events version 1578 with 405 movies
✅ [EventsConfig] Using cached movie_events config (version 1578, 405 movies)
✅ [EventsView] Loaded 405 movies from config version 1578
🗓 AppState: Updated schedule epoch to 2026-01-22 01:50:13 +0000
⏰ AppState: Next schedule update set for Event End: 2026-01-22 19:37:13 +0000
⏰ AppState: Scheduling update in 4557 seconds
🖼️ [CACHE] Cached image data for key: https://images.metahub.space/background/medium/tt0480687/img (901283 bytes)
🖼️ [CACHE] Cached image data for key: https://images.metahub.space/background/medium/tt29644189/img (793673 bytes)
🖼️ [CACHE] Cached image data for key: https://images.metahub.space/background/medium/tt0266915/img (786827 bytes)
🔌 SocialService: Connecting to global presence...
🔌 Connecting to Supabase Realtime: wss://151.243.109.243.nip.io/realtime/v1/websocket
✅ Connected to Supabase Realtime
✅ SocialService: Presence connected
📡 Joined channel: realtime:global-presence (interest count: 1)
✅ SocialService: Connected to global presence
🔌 SocialService: Connecting to social realtime channels...
📊 AppState: Polled participant counts - Active: ["tt0266915": 1]
⏰ AppState: Next schedule update set for Event End: 2026-01-22 19:37:13 +0000
⏰ AppState: Scheduling update in 4556 seconds
📊 AppState: Polled participant counts - Active: ["tt0266915": 1]
⏰ AppState: Next schedule update set for Event End: 2026-01-22 19:37:13 +0000
⏰ AppState: Scheduling update in 4556 seconds
🔌 Connecting to Supabase Realtime: wss://151.243.109.243.nip.io/realtime/v1/websocket
✅ Connected to Supabase Realtime
✅ SocialService: DM channel connected
📈 SocialService: User 96e01cdb-36c0-4228-a6e4-a29a3c66bc8e came online
📈 SocialService: User 656daa91-33b4-4688-9135-c982ea52d7c9 came online
📡 [EventsConfig] Checking server for movie_events config version...
✅ [EventsConfig] Fetched movie_events version 1578 with 405 movies
📡 Joined channel: realtime:direct_messages (interest count: 1)
📡 Joined channel: realtime:friendships (interest count: 1)
✅ SocialService: Connected to social channels
✅ [EventsConfig] Using cached movie_events config (version 1578, 405 movies)
✅ SocialService: Event event_tt0266915 is JOINABLE (Live or Next Up) - allowing join
📬 SocialService: Fetched 0 unread messages
🔄 SocialService: Syncing 50 items to cloud...
🔄 SocialService: Syncing 50 items to cloud (serial)...
✅ Token routes registered:
   POST /tokens/save
   POST /tokens/delete
   GET  /tokens/list
✅ Unlock routes registered:
   POST /api/streams/unlock
✅ Stream routes registered:
   POST /api/streams/resolve
   GET  /api/streams/resolveByQuality
   GET  /api/streams/resolveAll
✅ Proxy routes registered:
   GET /play/rd/:infoHash/:fileIdx
   GET /play/rd/:infoHash
✅ Subtitle routes registered:
   GET /subtitles/search?imdbId=&type=
   GET /subtitles/subdl/:encodedPath
✅ All routes registered
✅ HTTP Server configured on http://127.0.0.1:47253
🚀 Starting HTTP server...
✅ Providers initialized: torrentio, comet, zilean, mediafusion, debridsearch
[ NOTICE ] Server started on http://127.0.0.1:47253
2026-01-22 13:21:18.379 RedLemon[21741:149032] ✅ RedLemon: Server should be running on http://127.0.0.1:47253
2026-01-22 13:21:18.379 RedLemon[21741:149032] 🏥 [AppState] Starting global provider health check...
2026-01-22 13:21:18.379 RedLemon[21741:149032] 🔍 Performing startup checks...
2026-01-22 13:21:18.379 RedLemon[21741:149032] ✅ Username-based authentication ready
2026-01-22 13:21:18.380 RedLemon[21741:149119] 🔐 Signed request to /check-payment
2026-01-22 13:21:18.899 RedLemon[21741:149122] 🎬 Torrentio: Building URL for movie (no season/episode)
2026-01-22 13:21:18.899 RedLemon[21741:149122] 🔗 Torrentio URL (length: 55): https://torrentio.strem.fun/stream/movie/tt0133093.json...
2026-01-22 13:21:22.966 RedLemon[21741:149137] 🔐 Signed request to /rpc/user_heartbeat
2026-01-22 13:21:23.390 RedLemon[21741:149032] 🔄 Checking for app updates...
2026-01-22 13:21:26.744 RedLemon[21741:149032] ✅ [AppState] Provider health check complete (found 7 services)
2026-01-22 13:21:49.028 RedLemon[21741:149119] 🔐 Signed request to /rpc/user_heartbeat
2026-01-22 13:22:15.228 RedLemon[21741:149434] 🔐 Signed request to /rpc/user_heartbeat
2026-01-22 13:22:43.427 RedLemon[21741:149646] 🔐 Signed request to /rpc/user_heartbeat
2026-01-22 13:23:08.741 RedLemon[21741:149646] 🔐 Signed request to /rpc/user_heartbeat
✅ HTTP server running on http://127.0.0.1:47253

🔗 Available endpoints:
   http://127.0.0.1:47253/health
   http://127.0.0.1:47253/status
   http://127.0.0.1:47253/api/health

💰 LicenseManager: Starting hybrid license check...
✅ SubDLClient initialized
👤 LicenseManager: Profile expiry: Optional(2026-02-11 06:00:30 +0000)
🔍 Silent update check (custom implementation)...
⏰ TimeService: Synchronizing clock with server...
🎉 License updated! Expires: 2026-02-11 06:00:30 +0000
📦 Current build: 125, Latest build: 125
✅ App is up to date (current: 125, latest: 125)
✅ TimeService: Synced! Offset: 0.160s (RTT: 296ms)
   Local:  2026-01-22 18:21:23 +0000
   Server: 2026-01-22 18:21:23 +0000
⏰ Time synced with server! AppState should automatically recalculate.
📊 AppState: Polled participant counts - Active: ["tt0266915": 1]
⏰ AppState: Next schedule update set for Event End: 2026-01-22 19:37:13 +0000
⏰ AppState: Scheduling update in 4546 seconds
📡 [EventsConfig] Checking server for movie_events config version...
📡 [EventsConfig] Checking server for movie_events config version...
✅ [EventsConfig] Fetched movie_events version 1578 with 405 movies
✅ [EventsConfig] Fetched movie_events version 1578 with 405 movies
✅ [EventsConfig] Using cached movie_events config (version 1578, 405 movies)
✅ [EventsConfig] Using cached movie_events config (version 1578, 405 movies)
✅ SocialService: Event event_tt0266915 is JOINABLE (Live or Next Up) - allowing join
✅ SocialService: Event event_tt0266915 is JOINABLE (Live or Next Up) - allowing join
📊 AppState: Polled participant counts - Active: ["tt0266915": 1]
⏰ AppState: Next schedule update set for Event End: 2026-01-22 19:37:13 +0000
⏰ AppState: Scheduling update in 4536 seconds
📊 AppState: Polled participant counts - Active: ["tt0266915": 1]
⏰ AppState: Next schedule update set for Event End: 2026-01-22 19:37:13 +0000
⏰ AppState: Scheduling update in 4526 seconds
📉 SocialService: User 96e01cdb-36c0-4228-a6e4-a29a3c66bc8e went offline (No active refs)
📊 AppState: Polled participant counts - Active: ["tt0266915": 1]
⏰ AppState: Next schedule update set for Event End: 2026-01-22 19:37:13 +0000
⏰ AppState: Scheduling update in 4516 seconds
📊 AppState: Polled participant counts - Active: ["tt0266915": 1]
⏰ AppState: Next schedule update set for Event End: 2026-01-22 19:37:13 +0000
⏰ AppState: Scheduling update in 4506 seconds
📡 [EventsConfig] Checking server for movie_events config version...
✅ [EventsConfig] Fetched movie_events version 1578 with 405 movies
✅ [EventsConfig] Using cached movie_events config (version 1578, 405 movies)
📊 AppState: Polled participant counts - Active: ["tt0266915": 1]
⏰ AppState: Next schedule update set for Event End: 2026-01-22 19:37:13 +0000
⏰ AppState: Scheduling update in 4496 seconds
📈 SocialService: User 96e01cdb-36c0-4228-a6e4-a29a3c66bc8e came online
📊 AppState: Polled participant counts - Active: ["tt0266915": 1]
⏰ AppState: Next schedule update set for Event End: 2026-01-22 19:37:13 +0000
⏰ AppState: Scheduling update in 4486 seconds
📊 AppState: Polled participant counts - Active: ["tt0266915": 1]
⏰ AppState: Next schedule update set for Event End: 2026-01-22 19:37:13 +0000
⏰ AppState: Scheduling update in 4476 seconds
📡 [EventsConfig] Checking server for movie_events config version...
📡 [EventsConfig] Checking server for movie_events config version...
✅ [EventsConfig] Fetched movie_events version 1578 with 405 movies
✅ [EventsConfig] Using cached movie_events config (version 1578, 405 movies)
✅ SocialService: Event event_tt0266915 is JOINABLE (Live or Next Up) - allowing join
✅ [EventsConfig] Fetched movie_events version 1578 with 405 movies
✅ [EventsConfig] Using cached movie_events config (version 1578, 405 movies)
✅ SocialService: Event event_tt0266915 is JOINABLE (Live or Next Up) - allowing join
📊 AppState: Polled participant counts - Active: ["tt0266915": 1]
⏰ AppState: Next schedule update set for Event End: 2026-01-22 19:37:13 +0000
⏰ AppState: Scheduling update in 4466 seconds
📡 [EventsConfig] Checking server for movie_events config version...
📡 [EventsConfig] Checking server for movie_events config version...
✅ [EventsConfig] Fetched movie_events version 1578 with 405 movies
✅ [EventsConfig] Using cached movie_events config (version 1578, 405 movies)
✅ SocialService: Event event_tt0266915 is JOINABLE (Live or Next Up) - allowing join
✅ [EventsConfig] Fetched movie_events version 1578 with 405 movies
✅ [EventsConfig] Using cached movie_events config (version 1578, 405 movies)
✅ SocialService: Event event_tt0266915 is JOINABLE (Live or Next Up) - allowing join
📊 AppState: Polled participant counts - Active: ["tt0266915": 1]
⏰ AppState: Next schedule update set for Event End: 2026-01-22 19:37:13 +0000
⏰ AppState: Scheduling update in 4456 seconds
📊 AppState: Polled participant counts - Active: ["tt0266915": 1]
⏰ AppState: Next schedule update set for Event End: 2026-01-22 19:37:13 +0000
⏰ AppState: Scheduling update in 4446 seconds
🖼️ [CACHE] Cached image data for key: https://images.metahub.space/poster/small/tt1340138/img (35384 bytes)
🖼️ [CACHE] Cached image data for key: https://images.metahub.space/poster/small/tt29268110/img (20494 bytes)
🖼️ [CACHE] Cached image data for key: https://images.metahub.space/poster/small/tt13186306/img (30978 bytes)
🖼️ [CACHE] Cached image data for key: https://images.metahub.space/poster/small/tt4425200/img (16238 bytes)
🖼️ [CACHE] Cached image data for key: https://m.media-amazon.com/images/M/MV5BMjFhZTcxOTktMzllMS00MzIzLWJhODEtZDU5YTFkNzRjZWQyXkEyXkFqcGc@._V1_SX250.jpg (24792 bytes)
🖼️ [CACHE] Cached image data for key: https://images.justwatch.com/poster/302318037/s332/img (43036 bytes)
🖼️ [CACHE] Cached image data for key: https://images.justwatch.com/poster/311761087/s332/img (61008 bytes)
🖼️ [CACHE] Cached image data for key: https://images.metahub.space/poster/small/tt0266915/img (29028 bytes)
🖼️ [CACHE] Cached image data for key: https://images.metahub.space/poster/small/tt1396484/img (14825 bytes)
🖼️ [CACHE] Cached image data for key: https://images.metahub.space/poster/small/tt0480687/img (34336 bytes)
🖼️ [CACHE] Cached image data for key: https://images.metahub.space/poster/small/tt0413300/img (46082 bytes)
[ INFO ] GET /api/metadata/catalog/movie/popular [request-id: CA2842AD-C38F-40A8-8AAA-99CA2979C0BC]
🔍 [Server] Proxying catalog request to: https://v3-cinemeta.strem.io/catalog/movie/popular.json
🖼️ [CACHE] Cached image data for key: https://images.metahub.space/poster/small/tt6604188/img (14626 bytes)
📡 SocialService: Updated status - Browsing: 
🖼️ [CACHE] Cached image data for key: https://images.metahub.space/poster/small/tt6604188/img (14626 bytes)
💾 Cache SET: Catalog[popular_movies_fixed] (15 items)
🖼️ [CACHE] Cached image data for key: https://images.metahub.space/poster/small/tt4712810/img (37396 bytes)
🖼️ [CACHE] Cached image data for key: https://images.metahub.space/poster/small/tt14142060/img (29910 bytes)
🖼️ [CACHE] Cached image data for key: https://images.metahub.space/poster/small/tt30254719/img (39370 bytes)
🖼️ [CACHE] Cached image data for key: https://images.metahub.space/poster/small/tt10799690/img (40967 bytes)
🖼️ [CACHE] Cached image data for key: https://images.metahub.space/poster/small/tt1757678/img (45682 bytes)
🖼️ [CACHE] Cached image data for key: https://images.metahub.space/poster/small/tt32642706/img (22671 bytes)
🖼️ [CACHE] Cached image data for key: https://images.metahub.space/poster/small/tt26443597/img (43534 bytes)
🖼️ [CACHE] Cached image data for key: https://images.metahub.space/poster/small/tt34610311/img (30787 bytes)
🖼️ [CACHE] Cached image data for key: https://images.metahub.space/poster/small/tt27543632/img (31446 bytes)
🖼️ [CACHE] Cached image data for key: https://images.metahub.space/poster/small/tt29780866/img (35175 bytes)
🖼️ [CACHE] Cached image data for key: https://images.metahub.space/poster/small/tt31227572/img (24034 bytes)
🖼️ [CACHE] Cached image data for key: https://images.metahub.space/poster/small/tt32820897/img (53296 bytes)
🖼️ [CACHE] Cached image data for key: https://images.metahub.space/poster/small/tt0083655/img (25109 bytes)
🖼️ [CACHE] Cached image data for key: https://images.metahub.space/poster/small/tt31495504/img (34216 bytes)
💾 Cache SET: Catalog[quick_movie_atp.json_7] (7 items)
💾 Cache SET: Catalog[quick_movie_stz.json_7] (7 items)
💾 Cache SET: Catalog[quick_movie_pcp.json_7] (7 items)
💾 Cache SET: Catalog[quick_movie_pmp.json_7] (7 items)
💾 Cache SET: Catalog[quick_movie_dnp.json_7] (7 items)
💾 Cache SET: Catalog[quick_movie_nfx.json_7] (7 items)
💾 Cache SET: Catalog[quick_movie_hbm.json_7] (7 items)
💾 Cache SET: Catalog[quick_movie_hlu.json_7] (7 items)
💾 Cache SET: Catalog[quick_movie_sst.json_7] (7 items)
💾 Cache SET: Catalog[quick_movie_amp.json_7] (7 items)
💾 Cache SET: Catalog[quick_movie_top.json_7] (7 items)
💾 Cache SET: Catalog[catalog_movie_atp.json] (15 items)
💾 Cache SET: Catalog[catalog_movie_stz.json] (15 items)
💾 Cache SET: Catalog[catalog_movie_pcp.json] (15 items)
💾 Cache SET: Catalog[catalog_movie_pmp.json] (15 items)
💾 Cache SET: Catalog[catalog_movie_dnp.json] (15 items)
💾 Cache SET: Catalog[catalog_movie_nfx.json] (15 items)
💾 Cache SET: Catalog[catalog_movie_hbm.json] (15 items)
💾 Cache SET: Catalog[catalog_movie_hlu.json] (15 items)
🗑️ Cache evicted 6 items
💾 Cache SET: Catalog[catalog_movie_sst.json] (15 items)
💾 Cache SET: Catalog[catalog_movie_amp.json] (15 items)
💾 Cache SET: Catalog[catalog_movie_top.json] (15 items)
🖼️ [CACHE] Cached image data for key: https://images.justwatch.com/poster/10568015/s332/img (26635 bytes)
🗑️ Cache evicted 10 items
🖼️ [CACHE] Cached image data for key: https://images.justwatch.com/poster/316720855/s332/img (43567 bytes)
🖼️ [CACHE] Cached image data for key: https://images.justwatch.com/poster/240269951/s332/img (32641 bytes)
🖼️ [CACHE] Cached image data for key: https://images.justwatch.com/poster/166839313/s332/img (47328 bytes)
🖼️ [CACHE] Cached image data for key: https://images.justwatch.com/poster/153749975/s332/img (55476 bytes)
🖼️ [CACHE] Cached image data for key: https://images.justwatch.com/poster/330575949/s332/img (33224 bytes)
🖼️ [CACHE] Cached image data for key: https://images.justwatch.com/poster/320046743/s332/img (22114 bytes)
🖼️ [CACHE] Cached image data for key: https://images.justwatch.com/poster/331474196/s332/img (49409 bytes)
🖼️ [CACHE] Cached image data for key: https://images.justwatch.com/poster/300974125/s332/img (22799 bytes)
🖼️ [CACHE] Cached image data for key: https://images.justwatch.com/poster/336243710/s332/img (29619 bytes)
🖼️ [CACHE] Cached image data for key: https://images.justwatch.com/poster/176298080/s332/img (25572 bytes)
🗑️ Cache evicted 10 items
🖼️ [CACHE] Cached image data for key: https://images.justwatch.com/poster/173938174/s332/img (31756 bytes)
🖼️ [CACHE] Cached image data for key: https://images.justwatch.com/poster/175817145/s332/img (34253 bytes)
🖼️ [CACHE] Cached image data for key: https://images.justwatch.com/poster/79413112/s332/img (31550 bytes)
🖼️ [CACHE] Cached image data for key: https://images.justwatch.com/poster/332101041/s332/img (37735 bytes)
🖼️ [CACHE] Cached image data for key: https://images.justwatch.com/poster/336226499/s332/img (50399 bytes)
🖼️ [CACHE] Cached image data for key: https://images.justwatch.com/poster/340614766/s332/img (62961 bytes)
🖼️ [CACHE] Cached image data for key: https://images.justwatch.com/poster/301816283/s332/img (30898 bytes)
🖼️ [CACHE] Cached image data for key: https://images.justwatch.com/poster/312591807/s332/img (55111 bytes)
🖼️ [CACHE] Cached image data for key: https://images.justwatch.com/poster/239897076/s332/img (38227 bytes)
🖼️ [CACHE] Cached image data for key: https://images.justwatch.com/poster/338962154/s332/img (51864 bytes)
🗑️ Cache evicted 10 items
🖼️ [CACHE] Cached image data for key: https://images.justwatch.com/poster/330510690/s332/img (48208 bytes)
🖼️ [CACHE] Cached image data for key: https://images.justwatch.com/poster/340508749/s332/img (54161 bytes)
🖼️ [CACHE] Cached image data for key: https://images.justwatch.com/poster/245214944/s332/img (54524 bytes)
🖼️ [CACHE] Cached image data for key: https://images.justwatch.com/poster/239897076/s332/img (38227 bytes)
🖼️ [CACHE] Cached image data for key: https://images.justwatch.com/poster/121974617/s332/img (48500 bytes)
🖼️ [CACHE] Cached image data for key: https://images.justwatch.com/poster/102622497/s332/img (38430 bytes)
🖼️ [CACHE] Cached image data for key: https://images.justwatch.com/poster/8679124/s332/img (40046 bytes)
🖼️ [CACHE] Cached image data for key: https://images.justwatch.com/poster/219007465/s332/img (43418 bytes)
🖼️ [CACHE] Cached image data for key: https://images.justwatch.com/poster/8730058/s332/img (44044 bytes)
🖼️ [CACHE] Cached image data for key: https://images.justwatch.com/poster/331994893/s332/img (37258 bytes)
🖼️ [CACHE] Cached image data for key: https://images.justwatch.com/poster/331148151/s332/img (28498 bytes)
🗑️ Cache evicted 10 items
🖼️ [CACHE] Cached image data for key: https://images.justwatch.com/poster/340843049/s332/img (34756 bytes)
🖼️ [CACHE] Cached image data for key: https://images.justwatch.com/poster/321552009/s332/img (34807 bytes)
🖼️ [CACHE] Cached image data for key: https://images.justwatch.com/poster/302111328/s332/img (32677 bytes)
🖼️ [CACHE] Cached image data for key: https://images.justwatch.com/poster/323675146/s332/img (52884 bytes)
🖼️ [CACHE] Cached image data for key: https://images.justwatch.com/poster/321615648/s332/img (45112 bytes)
🖼️ [CACHE] Cached image data for key: https://images.justwatch.com/poster/249473713/s332/img (40462 bytes)
🖼️ [CACHE] Cached image data for key: https://images.justwatch.com/poster/180839658/s332/img (47479 bytes)
🖼️ [CACHE] Cached image data for key: https://images.justwatch.com/poster/328335894/s332/img (39916 bytes)
🖼️ [CACHE] Cached image data for key: https://images.justwatch.com/poster/87608067/s332/img (61832 bytes)
🖼️ [CACHE] Cached image data for key: https://images.justwatch.com/poster/302449148/s332/img (66514 bytes)
🗑️ Cache evicted 10 items
🖼️ [CACHE] Cached image data for key: https://images.justwatch.com/poster/192048805/s332/img (43578 bytes)
🖼️ [CACHE] Cached image data for key: https://images.justwatch.com/poster/178336415/s332/img (53893 bytes)
🖼️ [CACHE] Cached image data for key: https://images.justwatch.com/poster/116606473/s332/img (58855 bytes)
🖼️ [CACHE] Cached image data for key: https://images.justwatch.com/poster/176275502/s332/img (71523 bytes)
🖼️ [CACHE] Cached image data for key: https://images.justwatch.com/poster/241779763/s332/img (48752 bytes)
🖼️ [CACHE] Cached image data for key: https://images.justwatch.com/poster/309786652/s332/img (45440 bytes)
🖼️ [CACHE] Cached image data for key: https://images.justwatch.com/poster/307275790/s332/img (54708 bytes)
🖼️ [CACHE] Cached image data for key: https://images.justwatch.com/poster/336298604/s332/img (33569 bytes)
🖼️ [CACHE] Cached image data for key: https://images.justwatch.com/poster/330298309/s332/img (59242 bytes)
🖼️ [CACHE] Cached image data for key: https://images.justwatch.com/poster/299112687/s332/img (42037 bytes)
🗑️ Cache evicted 10 items
🖼️ [CACHE] Cached image data for key: https://images.justwatch.com/poster/304360454/s332/img (34028 bytes)
🖼️ [CACHE] Cached image data for key: https://images.justwatch.com/poster/336295680/s332/img (36731 bytes)
🖼️ [CACHE] Cached image data for key: https://images.justwatch.com/poster/301298992/s332/img (50065 bytes)
🖼️ [CACHE] Cached image data for key: https://images.justwatch.com/poster/336197714/s332/img (47092 bytes)
🖼️ [CACHE] Cached image data for key: https://images.justwatch.com/poster/322729101/s332/img (28143 bytes)
🖼️ [CACHE] Cached image data for key: https://images.justwatch.com/poster/329121868/s332/img (53946 bytes)
🖼️ [CACHE] Cached image data for key: https://images.justwatch.com/poster/256784897/s332/img (48660 bytes)
🖼️ [CACHE] Cached image data for key: https://images.justwatch.com/poster/302218887/s332/img (43813 bytes)
🖼️ [CACHE] Cached image data for key: https://images.justwatch.com/poster/312811279/s332/img (48255 bytes)
🖼️ [CACHE] Cached image data for key: https://images.justwatch.com/poster/338574331/s332/img (29464 bytes)
🗑️ Cache evicted 10 items
🖼️ [CACHE] Cached image data for key: https://images.justwatch.com/poster/74403282/s332/img (51791 bytes)
🖼️ [CACHE] Cached image data for key: https://images.justwatch.com/poster/334037963/s332/img (44500 bytes)
🖼️ [CACHE] Cached image data for key: https://images.justwatch.com/poster/10568015/s332/img (26635 bytes)
🖼️ [CACHE] Cached image data for key: https://images.justwatch.com/poster/332051109/s332/img (58936 bytes)
🖼️ [CACHE] Cached image data for key: https://images.justwatch.com/poster/155270304/s332/img (22041 bytes)
🖼️ [CACHE] Cached image data for key: https://images.justwatch.com/poster/336729532/s332/img (61907 bytes)
🖼️ [CACHE] Cached image data for key: https://images.justwatch.com/poster/176336815/s332/img (49713 bytes)
🖼️ [CACHE] Cached image data for key: https://images.justwatch.com/poster/186960237/s332/img (39624 bytes)
🖼️ [CACHE] Cached image data for key: https://images.justwatch.com/poster/336806091/s332/img (42346 bytes)
🖼️ [CACHE] Cached image data for key: https://images.justwatch.com/poster/306827298/s332/img (48823 bytes)
🗑️ Cache evicted 10 items
🖼️ [CACHE] Cached image data for key: https://images.justwatch.com/poster/334012283/s332/img (39979 bytes)
🖼️ [CACHE] Cached image data for key: https://images.justwatch.com/poster/239897076/s332/img (38227 bytes)
🖼️ [CACHE] Cached image data for key: https://images.justwatch.com/poster/331994893/s332/img (37258 bytes)
🖼️ [CACHE] Cached image data for key: https://images.justwatch.com/poster/302730773/s332/img (52326 bytes)
🖼️ [CACHE] Cached image data for key: https://images.justwatch.com/poster/328335894/s332/img (39916 bytes)
🖼️ [CACHE] Cached image data for key: https://images.justwatch.com/poster/288248696/s332/img (67877 bytes)
🖼️ [CACHE] Cached image data for key: https://images.justwatch.com/poster/332277457/s332/img (66967 bytes)
🖼️ [CACHE] Cached image data for key: https://images.justwatch.com/poster/87608067/s332/img (61832 bytes)
🖼️ [CACHE] Cached image data for key: https://images.justwatch.com/poster/43216632/s332/img (45223 bytes)
🖼️ [CACHE] Cached image data for key: https://images.justwatch.com/poster/321615648/s332/img (45112 bytes)
🗑️ Cache evicted 10 items
🖼️ [CACHE] Cached image data for key: https://images.justwatch.com/poster/335086284/s332/img (42569 bytes)
🖼️ [CACHE] Cached image data for key: https://images.justwatch.com/poster/309786652/s332/img (45440 bytes)
🖼️ [CACHE] Cached image data for key: https://images.justwatch.com/poster/340662430/s332/img (70566 bytes)
🖼️ [CACHE] Cached image data for key: https://images.justwatch.com/poster/334220721/s332/img (40321 bytes)
🖼️ [CACHE] Cached image data for key: https://images.justwatch.com/poster/335328239/s332/img (37688 bytes)
🖼️ [CACHE] Cached image data for key: https://images.justwatch.com/poster/322108439/s332/img (58793 bytes)
🖼️ [CACHE] Cached image data for key: https://images.justwatch.com/poster/315638406/s332/img (49093 bytes)
🖼️ [CACHE] Cached image data for key: https://images.justwatch.com/poster/285167574/s332/img (51648 bytes)
🖼️ [CACHE] Cached image data for key: https://images.justwatch.com/poster/245214944/s332/img (54524 bytes)
🖼️ [CACHE] Cached image data for key: https://images.justwatch.com/poster/275806222/s332/img (48443 bytes)
🗑️ Cache evicted 10 items
🖼️ [CACHE] Cached image data for key: https://images.justwatch.com/poster/302993962/s332/img (64972 bytes)
🖼️ [CACHE] Cached image data for key: https://images.justwatch.com/poster/36388733/s332/img (68014 bytes)
🖼️ [CACHE] Cached image data for key: https://images.justwatch.com/poster/309793401/s332/img (59270 bytes)
🖼️ [CACHE] Cached image data for key: https://images.justwatch.com/poster/449990/s332/img (60347 bytes)
🖼️ [CACHE] Cached image data for key: https://images.justwatch.com/poster/315736719/s332/img (33168 bytes)
🖼️ [CACHE] Cached image data for key: https://images.justwatch.com/poster/186802635/s332/img (54496 bytes)
🖼️ [CACHE] Cached image data for key: https://images.justwatch.com/poster/245235885/s332/img (37719 bytes)
🖼️ [CACHE] Cached image data for key: https://images.justwatch.com/poster/258767348/s332/img (56259 bytes)
🖼️ [CACHE] Cached image data for key: https://images.justwatch.com/poster/331654299/s332/img (71635 bytes)
🖼️ [CACHE] Cached image data for key: https://images.justwatch.com/poster/330628021/s332/img (58302 bytes)
🗑️ Cache evicted 10 items
🖼️ [CACHE] Cached image data for key: https://images.justwatch.com/poster/11242891/s332/img (56163 bytes)
🖼️ [CACHE] Cached image data for key: https://images.justwatch.com/poster/329121868/s332/img (53946 bytes)
🖼️ [CACHE] Cached image data for key: https://images.justwatch.com/poster/330980590/s332/img (58733 bytes)
🖼️ [CACHE] Cached image data for key: https://images.justwatch.com/poster/331854260/s332/img (44028 bytes)
🖼️ [CACHE] Cached image data for key: https://images.justwatch.com/poster/331854260/s332/img (44028 bytes)
🖼️ [CACHE] Cached image data for key: https://images.justwatch.com/poster/331126481/s332/img (53646 bytes)
🖼️ [CACHE] Cached image data for key: https://images.justwatch.com/poster/300177312/s332/img (74244 bytes)
🖼️ [CACHE] Cached image data for key: https://images.justwatch.com/poster/333077339/s332/img (29437 bytes)
🖼️ [CACHE] Cached image data for key: https://images.justwatch.com/poster/331701827/s332/img (59722 bytes)
🖼️ [CACHE] Cached image data for key: https://images.justwatch.com/poster/302976085/s332/img (50443 bytes)
🖼️ [CACHE] Cached image data for key: https://images.justwatch.com/poster/176342673/s332/img (55230 bytes)
🗑️ Cache evicted 10 items
🖼️ [CACHE] Cached image data for key: https://images.justwatch.com/poster/310375475/s332/img (31338 bytes)
🖼️ [CACHE] Cached image data for key: https://images.justwatch.com/poster/319938125/s332/img (72608 bytes)
🖼️ [CACHE] Cached image data for key: https://images.justwatch.com/poster/317457812/s332/img (53432 bytes)
🖼️ [CACHE] Cached image data for key: https://images.justwatch.com/poster/176299098/s332/img (91833 bytes)
🖼️ [CACHE] Cached image data for key: https://images.justwatch.com/poster/121974617/s332/img (48500 bytes)
🖼️ [CACHE] Cached image data for key: https://images.justwatch.com/poster/323675146/s332/img (52884 bytes)
🖼️ [CACHE] Cached image data for key: https://images.justwatch.com/poster/301999989/s332/img (65827 bytes)
🖼️ [CACHE] Cached image data for key: https://images.justwatch.com/poster/244731649/s332/img (38211 bytes)
🖼️ [CACHE] Cached image data for key: https://images.justwatch.com/poster/327009156/s332/img (61426 bytes)
🖼️ [CACHE] Cached image data for key: https://images.justwatch.com/poster/15605912/s332/img (81082 bytes)
🗑️ Cache evicted 10 items
🖼️ [CACHE] Cached image data for key: https://images.justwatch.com/poster/334816774/s332/img (54134 bytes)
🖼️ [CACHE] Cached image data for key: https://images.justwatch.com/poster/315856885/s332/img (67350 bytes)
🖼️ [CACHE] Cached image data for key: https://images.justwatch.com/poster/323065528/s332/img (44833 bytes)
🖼️ [CACHE] Cached image data for key: https://images.justwatch.com/poster/322412111/s332/img (57515 bytes)
🖼️ [CACHE] Cached image data for key: https://images.justwatch.com/poster/123571254/s332/img (44346 bytes)
🖼️ [CACHE] Cached image data for key: https://images.justwatch.com/poster/66901085/s332/img (47457 bytes)
🖼️ [CACHE] Cached image data for key: https://images.justwatch.com/poster/335063930/s332/img (28802 bytes)
🖼️ [CACHE] Cached image data for key: https://images.justwatch.com/poster/335474178/s332/img (42733 bytes)
🖼️ [CACHE] Cached image data for key: https://images.justwatch.com/poster/177029966/s332/img (45555 bytes)
🖼️ [CACHE] Cached image data for key: https://images.justwatch.com/poster/178229044/s332/img (41046 bytes)
🗑️ Cache evicted 10 items
🖼️ [CACHE] Cached image data for key: https://images.justwatch.com/poster/336519808/s332/img (42512 bytes)
🖼️ [CACHE] Cached image data for key: https://images.justwatch.com/poster/243056976/s332/img (44316 bytes)
🖼️ [CACHE] Cached image data for key: https://images.metahub.space/poster/small/tt6604188/img (14626 bytes)
🖼️ [CACHE] Cached image data for key: https://images.metahub.space/poster/small/tt26443597/img (43534 bytes)
🖼️ [CACHE] Cached image data for key: https://images.metahub.space/poster/small/tt31227572/img (24034 bytes)
🖼️ [CACHE] Cached image data for key: https://images.justwatch.com/poster/54243615/s332/img (30339 bytes)
🖼️ [CACHE] Cached image data for key: https://images.justwatch.com/poster/320977032/s332/img (29350 bytes)
🖼️ [CACHE] Cached image data for key: https://images.justwatch.com/poster/182267386/s332/img (42006 bytes)
🖼️ [CACHE] Cached image data for key: https://images.justwatch.com/poster/321092338/s332/img (44853 bytes)
🖼️ [CACHE] Cached image data for key: https://images.justwatch.com/poster/94027225/s332/img (37303 bytes)
🗑️ Cache evicted 10 items
🖼️ [CACHE] Cached image data for key: https://images.justwatch.com/poster/304470111/s332/img (51724 bytes)
🖼️ [CACHE] Cached image data for key: https://images.justwatch.com/poster/243015552/s332/img (54302 bytes)
🖼️ [CACHE] Cached image data for key: https://images.justwatch.com/poster/70540361/s332/img (62623 bytes)
🖼️ [CACHE] Cached image data for key: https://images.justwatch.com/poster/141410470/s332/img (53088 bytes)
🖼️ [CACHE] Cached image data for key: https://images.justwatch.com/poster/170955093/s332/img (70331 bytes)
🖼️ [CACHE] Cached image data for key: https://images.justwatch.com/poster/338490996/s332/img (49436 bytes)
🖼️ [CACHE] Cached image data for key: https://images.justwatch.com/poster/214706751/s332/img (55859 bytes)
🖼️ [CACHE] Cached image data for key: https://images.justwatch.com/poster/154373248/s332/img (63627 bytes)
🖼️ [CACHE] Cached image data for key: https://images.justwatch.com/poster/258811158/s332/img (87334 bytes)
🖼️ [CACHE] Cached image data for key: https://images.metahub.space/poster/small/tt26581740/img (9526 bytes)
🗑️ Cache evicted 10 items
🖼️ [CACHE] Cached image data for key: https://images.metahub.space/poster/small/tt30144839/img (35849 bytes)
🖼️ [CACHE] Cached image data for key: https://images.metahub.space/poster/small/tt31193180/img (27098 bytes)
🖼️ [CACHE] Cached image data for key: https://images.metahub.space/poster/small/tt23172090/img (39824 bytes)
🖼️ [CACHE] Cached image data for key: https://images.metahub.space/poster/small/tt1312221/img (23730 bytes)
🖼️ [CACHE] Cached image data for key: https://images.metahub.space/poster/small/tt31495504/img (34216 bytes)
🖼️ [CACHE] Cached image data for key: https://images.metahub.space/poster/small/tt29768334/img (28877 bytes)
🖼️ [CACHE] Cached image data for key: https://images.metahub.space/poster/small/tt29567915/img (28516 bytes)
🖼️ [CACHE] Cached image data for key: https://images.metahub.space/poster/small/tt12300742/img (13162 bytes)
🖼️ [CACHE] Cached image data for key: https://images.metahub.space/poster/small/tt14364480/img (19894 bytes)
🖼️ [CACHE] Cached image data for key: https://images.metahub.space/poster/small/tt1527793/img (39478 bytes)
🗑️ Cache evicted 10 items
🖼️ [CACHE] Cached image data for key: https://images.metahub.space/poster/small/tt22740896/img (31424 bytes)
📡 [EventsConfig] Checking server for movie_events config version...
✅ [EventsConfig] Fetched movie_events version 1578 with 405 movies
✅ [EventsConfig] Using cached movie_events config (version 1578, 405 movies)
⏰ AppState: Next schedule update set for Event End: 2026-01-22 19:37:13 +0000
⏰ AppState: Scheduling update in 4436 seconds
🖼️ [CACHE] Cached image data for key: https://images.metahub.space/poster/small/tt13186306/img (30978 bytes)
🖼️ [CACHE] Cached image data for key: https://images.metahub.space/poster/small/tt4712810/img (37396 bytes)
🖼️ [CACHE] Cached image data for key: https://images.metahub.space/poster/small/tt26443597/img (43534 bytes)
🖼️ [CACHE] Cached image data for key: https://images.metahub.space/poster/small/tt32642706/img (22671 bytes)
🖼️ [CACHE] Cached image data for key: https://images.metahub.space/poster/small/tt14142060/img (29910 bytes)
🖼️ [CACHE] Cached image data for key: https://images.metahub.space/poster/small/tt27543632/img (31446 bytes)
🖼️ [CACHE] Cached image data for key: https://images.metahub.space/poster/small/tt31227572/img (24034 bytes)
🖼️ [CACHE] Cached image data for key: https://images.metahub.space/poster/small/tt10799690/img (40967 bytes)
🖼️ [CACHE] Cached image data for key: https://images.metahub.space/poster/small/tt29780866/img (35175 bytes)
🗑️ Cache evicted 10 items
🖼️ [CACHE] Cached image data for key: https://images.metahub.space/poster/small/tt0413300/img (46082 bytes)
🖼️ [CACHE] Cached image data for key: https://images.metahub.space/poster/small/tt1757678/img (45682 bytes)
🖼️ [CACHE] Cached image data for key: https://images.metahub.space/poster/small/tt4425200/img (16238 bytes)
🖼️ [CACHE] Cached image data for key: https://images.metahub.space/poster/small/tt34610311/img (30787 bytes)
🖼️ [CACHE] Cached image data for key: https://images.metahub.space/poster/small/tt1340138/img (35384 bytes)
🖼️ [CACHE] Cached image data for key: https://images.justwatch.com/poster/302318037/s332/img (43036 bytes)
🖼️ [CACHE] Cached image data for key: https://images.metahub.space/poster/small/tt29268110/img (20494 bytes)
🖼️ [CACHE] Cached image data for key: https://images.metahub.space/poster/small/tt13186306/img (30978 bytes)
🖼️ [CACHE] Cached image data for key: https://images.metahub.space/poster/small/tt1396484/img (14825 bytes)
🖼️ [CACHE] Cached image data for key: https://images.metahub.space/poster/small/tt32820897/img (53296 bytes)
🖼️ [CACHE] Cached image data for key: https://m.media-amazon.com/images/M/MV5BMjFhZTcxOTktMzllMS00MzIzLWJhODEtZDU5YTFkNzRjZWQyXkEyXkFqcGc@._V1_SX250.jpg (24792 bytes)
🗑️ Cache evicted 10 items
🖼️ [CACHE] Cached image data for key: https://images.metahub.space/poster/small/tt0480687/img (34336 bytes)
🖼️ [CACHE] Cached image data for key: https://images.justwatch.com/poster/311761087/s332/img (61008 bytes)
🖼️ [CACHE] Cached image data for key: https://images.metahub.space/poster/small/tt6604188/img (14626 bytes)
🖼️ [CACHE] Cached image data for key: https://images.metahub.space/poster/small/tt30254719/img (39370 bytes)
🖼️ [CACHE] Cached image data for key: https://images.metahub.space/poster/small/tt0266915/img (29028 bytes)
🖼️ [CACHE] Cached image data for key: https://images.metahub.space/poster/small/tt0083655/img (25109 bytes)
📋 Fetching rooms from Supabase backend (offset: 0, limit: 20, search: '')...
🔌 RoomListView: Setting up realtime subscription for rooms...
⏰ AppState: Next schedule update set for Event End: 2026-01-22 19:37:13 +0000
⏰ AppState: Scheduling update in 4426 seconds
📋 Fetching rooms from Supabase backend (offset: 0, limit: 20, search: '')...
📡 Joined channel: realtime:rooms_updates (interest count: 1)
✅ RoomListView: Connected to rooms realtime updates
[ INFO ] GET /api/metadata/meta/series/tt33035373 [request-id: 6F337DB1-5A88-4E85-85D8-B3D6D0745DC1]
2026-01-22 13:23:28.017 RedLemon[21741:150177] 📦 Decoded CinemetaMeta - videos count: 6
2026-01-22 13:23:28.904 RedLemon[21741:149032] 🚪 Joining room: 29ZB
2026-01-22 13:23:29.910 RedLemon[21741:149032] 🚪 Room is in lobby
2026-01-22 13:23:29.910 RedLemon[21741:149032] ✅ PlayerVM: currentWatchPartyRoom set to 29ZB
2026-01-22 13:23:30.094 RedLemon[21741:149032] [LOBBY_VIEW] onAppear: shouldAutoJoinLobby=false, room=29ZB, timeUntilStart=0
💾 Cache SET: Metadata[meta_series_tt33035373]
📺 Found episode title for His & Hers S1E1: Episode 1
✅ Loaded 1 rooms (total: 1)
🖼️ [CACHE] Cached image data for key: https://images.metahub.space/background/medium/tt33035373/img (144778 bytes)
✅ Cache HIT: Metadata[meta_series_tt33035373]
📺 Found episode title for His & Hers S1E1: Episode 1
✅ Loaded 1 rooms (total: 1)
🚪 Joining room: 29ZB
📡 [EventsConfig] Checking server for movie_events config version...
✅ [EventsConfig] Fetched movie_events version 1578 with 405 movies
✅ [EventsConfig] Using cached movie_events config (version 1578, 405 movies)
🎭 Lobby: Connecting to room 29ZB...
🚦 Lobby State: connecting
✅ Cache HIT: Metadata[meta_series_tt33035373]
🔄 Lobby: Fetching fresh room state from Supabase...
[ INFO ] GET /api/metadata/meta/series/tt33035373 [request-id: CCD70C12-280F-4ED8-8DD2-51C6D473CFF3]
2026-01-22 13:23:30.250 RedLemon[21741:150028] 📝 Realtime: Registered observer 'lobby' (Presence: YES, Sync: NO, Status: NO)
2026-01-22 13:23:30.317 RedLemon[21741:150028] 📝 Realtime: Registered observer 'lobby' (Presence: NO, Sync: YES, Status: NO)
2026-01-22 13:23:30.527 RedLemon[21741:149032] ✅ Guest joined room 29ZB in database
2026-01-22 13:23:31.132 RedLemon[21741:150177] 📝 Realtime: Registered observer 'lobby' (Presence: YES, Sync: NO, Status: NO)
2026-01-22 13:23:31.132 RedLemon[21741:150079] 📝 Realtime: Registered observer 'lobby' (Presence: NO, Sync: YES, Status: NO)
2026-01-22 13:23:31.148 RedLemon[21741:150079] 📤 Realtime: Sending message type: chat, sender: 656daa91-33b4-4688-9135-c982ea52d7c9
2026-01-22 13:23:31.161 RedLemon[21741:150079]    Payload keys: type, timestamp, position, senderId, chatUsername, chatText
2026-01-22 13:23:31.165 RedLemon[21741:150079] ✅ Realtime: Message broadcast complete
2026-01-22 13:23:31.211 RedLemon[21741:150012] 🔐 SupabaseClient: Signing Identity Payload: '1769106211656daa91-33b4-4688-9135-c982ea52d7c9/rpc/room_heartbeat'
2026-01-22 13:23:31.211 RedLemon[21741:150012] 🔐 Signed request to /rpc/room_heartbeat
2026-01-22 13:23:31.288 RedLemon[21741:150028] 📨 Realtime: Received broadcast message
2026-01-22 13:23:31.289 RedLemon[21741:150028]    Payload keys: type, senderId, chatText, timestamp, chatUsername, position
2026-01-22 13:23:31.290 RedLemon[21741:150028] ✅ Realtime: Decoded message type: chat, sender: 656daa91-33b4-4688-9135-c982ea52d7c9
2026-01-22 13:23:31.292 RedLemon[21741:149032] 👋 Received: Guest 'ursinho' joined room 29ZB
2026-01-22 13:23:31.468 RedLemon[21741:149032] 📨 Lobby: Received Room UPDATE from Realtime
2026-01-22 13:23:34.291 RedLemon[21741:150028] 🔐 Signed request to /rpc/user_heartbeat
2026-01-22 13:23:38.835 RedLemon[21741:149032] 🎭 Lobby: Disconnected from room 29ZB
2026-01-22 13:23:38.835 RedLemon[21741:149032] 🪟 restoreWindowFromLobby() called - no action needed (window stays expanded)
2026-01-22 13:23:39.167 RedLemon[21741:149032] ✅ Left room 29ZB (User: 656DAA91-33B4-4688-9135-C982EA52D7C9)
2026-01-22 13:23:46.185 RedLemon[21741:149032] 🚪 Joining room: 29ZB
2026-01-22 13:23:47.198 RedLemon[21741:149032] 🚪 Room is in lobby
2026-01-22 13:23:47.254 RedLemon[21741:149032] [LOBBY_VIEW] onAppear: shouldAutoJoinLobby=false, room=29ZB, timeUntilStart=0
📡 SocialService: Updated status - In Lobby: His & Hers: His & Hers
🔌 Setting up Realtime channel: watch-party:29ZB
   Role: Guest
   User ID: 656daa91-33b4-4688-9135-c982ea52d7c9
📡 Left channel: realtime:rooms_updates
📡 Connection state: connected
📡 Connection state: connecting
📡 Joined channel: realtime:watch-party:29ZB (interest count: 1)
📡 Connection state: connected
✅ Realtime channel setup complete
✅ Lobby: Loaded metadata for His & Hers
✅ Lobby: Connected to Realtime
✅ Lobby: Synced CLEAN stream info, metadata & playlist to AppState
📨 Unknown event: phx_close on realtime:rooms_updates
✅ Lobby: Refreshed room state. isPlaying: false
🛡️ Lobby: Ensuring local media state is fresh before auto-start check...
📺 Lobby: Synced season/episode: S1E1
ℹ️ RealtimeChannelManager: Already setup for room 29ZB, filtering duplicate setup call.
📡 Connection state: connected
✅ Lobby: Connected to Realtime
🚦 Lobby State: connected
🔄 Lobby: Starting database polling for participants and room state...
💓 Lobby: Starting heartbeat loop...
🔄 LobbyDatabase: Starting room state polling for guests...
🔄 Lobby: Fetching fresh room state from Supabase...
✅ Lobby: Synced CLEAN stream info, metadata & playlist to AppState
⏰ AppState: Next schedule update set for Event End: 2026-01-22 19:37:13 +0000
⏰ AppState: Scheduling update in 4416 seconds
🛡️ Lobby: Auto-Join safety delay passed (8s). Enabled for late joiners.
🛑 LobbyPresence: Polling stopped
🛑 LobbyDatabase: Polling stopped
🛑 Lobby: Polling stopped (chat via Realtime only)
🚦 Lobby State: closed
🧹 Cleaning up Realtime channel for room: 29ZB
📋 Fetching rooms from Supabase backend (offset: 0, limit: 20, search: '')...
🔌 RoomListView: Setting up realtime subscription for rooms...
🔄 Untracking presence on realtime:watch-party:29ZB...
✅ Presence untracked
🔄 Leaving channel realtime:watch-party:29ZB...
📡 Left channel: realtime:watch-party:29ZB
✅ Channel left
📋 Fetching rooms from Supabase backend (offset: 0, limit: 20, search: '')...
📡 Joined channel: realtime:rooms_updates (interest count: 1)
✅ RoomListView: Connected to rooms realtime updates
📨 Unknown event: phx_close on realtime:watch-party:29ZB
☠️ LobbyViewModel deinit
🧹 LobbyViewModel: Triggering detached cleanup task...
⚠️ Cleanup already in progress, skipping
ℹ️ Keeping WebSocket connected (disconnectClient=false)
📡 Connection state: disconnected
✅ Realtime channel cleanup complete
♻️ RealtimeChannelManager deinitialized
✅ Cache HIT: Metadata[meta_series_tt33035373]
📺 Found episode title for His & Hers S1E1: Episode 1
✅ Loaded 1 rooms (total: 1)
✅ Cache HIT: Metadata[meta_series_tt33035373]
📺 Found episode title for His & Hers S1E1: Episode 1
✅ Loaded 1 rooms (total: 1)
🚪 Joining room: 29ZB
📡 [EventsConfig] Checking server for movie_events config version...
✅ [EventsConfig] Fetched movie_events version 1578 with 405 movies
✅ [EventsConfig] Using cached movie_events config (version 1578, 405 movies)
🎭 Lobby: Connecting to room 29ZB...
🚦 Lobby State: connecting
✅ Cache HIT: Metadata[meta_series_tt33035373]
🔄 Lobby: Fetching fresh room state from Supabase...
[ INFO ] GET /api/metadata/meta/series/tt33035373 [request-id: D50AE717-7522-41AC-98E3-31EDA950FEED]
2026-01-22 13:23:47.336 RedLemon[21741:150332] 📝 Realtime: Registered observer 'lobby' (Presence: YES, Sync: NO, Status: NO)
2026-01-22 13:23:47.394 RedLemon[21741:150178] 📝 Realtime: Registered observer 'lobby' (Presence: NO, Sync: YES, Status: NO)
2026-01-22 13:23:47.584 RedLemon[21741:149032] ✅ Guest joined room 29ZB in database
2026-01-22 13:23:47.697 RedLemon[21741:149032] 📨 Lobby: Received Room UPDATE from Realtime
2026-01-22 13:23:47.699 RedLemon[21741:149032] 📨 Lobby: Received Room UPDATE from Realtime
2026-01-22 13:23:47.922 RedLemon[21741:150332] 📝 Realtime: Registered observer 'lobby' (Presence: YES, Sync: NO, Status: NO)
2026-01-22 13:23:47.964 RedLemon[21741:150177] 📝 Realtime: Registered observer 'lobby' (Presence: NO, Sync: YES, Status: NO)
2026-01-22 13:23:47.992 RedLemon[21741:150028] 📤 Realtime: Sending message type: chat, sender: 656daa91-33b4-4688-9135-c982ea52d7c9
2026-01-22 13:23:47.992 RedLemon[21741:150028]    Payload keys: type, senderId, chatText, timestamp, chatUsername, position
2026-01-22 13:23:47.994 RedLemon[21741:150177] ✅ Realtime: Message broadcast complete
2026-01-22 13:23:48.040 RedLemon[21741:150177] 🔐 SupabaseClient: Signing Identity Payload: '1769106228656daa91-33b4-4688-9135-c982ea52d7c9/rpc/room_heartbeat'
2026-01-22 13:23:48.040 RedLemon[21741:150177] 🔐 Signed request to /rpc/room_heartbeat
2026-01-22 13:23:48.166 RedLemon[21741:150332] 📨 Realtime: Received broadcast message
2026-01-22 13:23:48.166 RedLemon[21741:150332]    Payload keys: chatUsername, senderId, position, timestamp, type, chatText
2026-01-22 13:23:48.167 RedLemon[21741:150332] ✅ Realtime: Decoded message type: chat, sender: 656daa91-33b4-4688-9135-c982ea52d7c9
2026-01-22 13:23:48.169 RedLemon[21741:149032] 👋 Received: Guest 'ursinho' joined room 29ZB
2026-01-22 13:23:48.416 RedLemon[21741:149032] 📨 Lobby: Received Room UPDATE from Realtime
2026-01-22 13:23:53.836 RedLemon[21741:150178] 📨 Realtime: Received broadcast message
2026-01-22 13:23:53.837 RedLemon[21741:150178]    Payload keys: chatText, senderId, timestamp, type, chatUsername, position
2026-01-22 13:23:53.837 RedLemon[21741:150178] ✅ Realtime: Decoded message type: chat, sender: 96e01cdb-36c0-4228-a6e4-a29a3c66bc8e
2026-01-22 13:23:53.838 RedLemon[21741:149032] 🎬 Guest: Received RESOLVING signal
2026-01-22 13:23:59.732 RedLemon[21741:150178] 🔐 Signed request to /rpc/user_heartbeat
2026-01-22 13:24:02.951 RedLemon[21741:149032] 📨 Lobby: Received Room UPDATE from Realtime
2026-01-22 13:24:13.885 RedLemon[21741:149032] 📨 Lobby: Received Room UPDATE from Realtime
2026-01-22 13:24:14.051 RedLemon[21741:149646] 📨 Realtime: Received broadcast message
2026-01-22 13:24:14.051 RedLemon[21741:149646]    Payload keys: chatUsername, chatText, senderId, timestamp, position, type
2026-01-22 13:24:14.052 RedLemon[21741:149646] ✅ Realtime: Decoded message type: chat, sender: 96e01cdb-36c0-4228-a6e4-a29a3c66bc8e
2026-01-22 13:24:14.052 RedLemon[21741:149032] 🎬 Guest: Received PREPARE signal: LOBBY_PREPARE_PLAYBACK|e7108d4c2a7ff0c39070cc25ca35c27583d154e9|0
2026-01-22 13:24:14.053 RedLemon[21741:149032] ✅ Guest: Extracted Hash from Payload: e7108d4c2a7ff0c39070cc25ca35c27583d154e9
2026-01-22 13:24:14.231 RedLemon[21741:150028] ✅ StreamService: Using provided metadata: His & Hers
2026-01-22 13:24:14.231 RedLemon[21741:150028] ⚡️ StreamService: Resolving streams via StreamResolver (Bypassing HTTP)...
2026-01-22 13:24:14.232 RedLemon[21741:150028] ⚡️ StreamResolver: Resolving streams for tt33035373 (S1E1)
2026-01-22 13:24:14.236 RedLemon[21741:150333] 📝 [APP] 🎬 StreamService: Starting resolution for: His & Hers ["file": "StreamService.swift", "level": "INFO", "line": "105"]
2026-01-22 13:24:14.237 RedLemon[21741:150333] 📝 [APP] SessionRecorder initialized
2026-01-22 13:24:14.238 RedLemon[21741:150333] 📝 [APP] New Session Started ["app_version": "1.0.125", "build": "125", "session_id": "28DB4ACA-D4A5-4A3E-906F-557FABC9058D", "trigger_source": "preload", "user_id": "656DAA91-33B4-4688-9135-C982EA52D7C9"]
2026-01-22 13:24:14.241 RedLemon[21741:150333] 📝 [APP] Target Content Set ["imdb_id": "tt33035373"]
2026-01-22 13:24:14.241 RedLemon[21741:150333] 📝 [RESOLVER] Started Resolution ["episode": "1", "season": "1", "type": "series"]
2026-01-22 13:24:14.378 RedLemon[21741:150028]    📅 Filtering by year: 2026–
2026-01-22 13:24:14.512 RedLemon[21741:150333] 📦 StreamResolver: Fetching streams from ProviderManager...
2026-01-22 13:24:14.512 RedLemon[21741:150333] 🔍 ProviderManager: Fetching streams for tt33035373...
2026-01-22 13:24:14.513 RedLemon[21741:150332] ✨ Torrentio: Using Auto-Generated Config (RealDebrid)
2026-01-22 13:24:14.513 RedLemon[21741:150178] 🔍 Zilean: Searching via IMDB ID: tt33035373
2026-01-22 13:24:14.513 RedLemon[21741:150332] 📺 Torrentio: Building URL for S01E01
2026-01-22 13:24:14.513 RedLemon[21741:150028] 📺 DebridSearch: Building URL for S01E01
2026-01-22 13:24:14.513 RedLemon[21741:150332] 🔗 Torrentio URL (length: 125): https://torrentio.strem.fun/realdebrid=K67JV2V4FTUA7RYN6T34BFIUBRUZERBO45A6UL3O7TE5ZHFDQQSA/stream/series/tt33035373:1:1.json...
2026-01-22 13:24:14.513 RedLemon[21741:150028] 🔗 DebridSearch URL: https://68d69db7dc40-debrid-search.baby-beamup.club/%7B%22DebridApiKey%22%3A%22***%22,%22DebridProvider%22%3A%22RealDebrid%22%7D/stream/series/tt33035373:1:1.json
2026-01-22 13:24:14.513 RedLemon[21741:150028] 🔍 DebridSearch: Fetching https://68d69db7dc40-debrid-search.baby-beamup.club/%7B%22DebridApiKey%22%3A%22K67JV2V4FTUA7RYN6T34BFIUBRUZERBO45A6UL3O7TE5ZHFDQQSA%22,%22DebridProvider%22%3A%22RealDebrid%22%7D/stream/series/tt33035373:1:1.json
2026-01-22 13:24:14.513 RedLemon[21741:150332] 🔍 Torrentio: Fetching https://torrentio.strem.fun/realdebrid=K67JV2V4FTUA7RYN6T34BFIUBRUZERBO45A6UL3O7TE5ZHFDQQSA/stream/series/tt33035373:1:1.json
2026-01-22 13:24:14.614 RedLemon[21741:149646] 📡 Torrentio: HTTP 200, received 27245 bytes
2026-01-22 13:24:14.630 RedLemon[21741:149646] ✅ Torrentio: Parsed 48 streams from 48 raw
2026-01-22 13:24:15.378 RedLemon[21741:150332] ✅ Zilean: Got 1 results
2026-01-22 13:24:20.133 RedLemon[21741:150028] ✅ DebridSearch: Parsed 0 streams
2026-01-22 13:24:20.134 RedLemon[21741:150178] ✅ ProviderManager: Fetched 49 raw, returning 49 unique streams
2026-01-22 13:24:20.134 RedLemon[21741:150178] 📦 StreamResolver: Received 1 raw streams, bucketing...
2026-01-22 13:24:20.137 RedLemon[21741:150178] 📝 [RESOLVER] Providers Fetched ["torrentio": "1"]
2026-01-22 13:24:23.406 RedLemon[21741:150178] 🔐 SupabaseClient: Signing Identity Payload: '1769106263656daa91-33b4-4688-9135-c982ea52d7c9/rpc/room_heartbeat'
2026-01-22 13:24:23.407 RedLemon[21741:150178] 🔐 Signed request to /rpc/room_heartbeat
2026-01-22 13:24:24.206 RedLemon[21741:149032] 📨 Lobby: Received Room UPDATE from Realtime
2026-01-22 13:24:25.651 RedLemon[21741:150178] 🔐 Signed request to /rpc/user_heartbeat
2026-01-22 13:24:28.155 RedLemon[21741:150333] 📨 Realtime: Received broadcast message
2026-01-22 13:24:28.155 RedLemon[21741:150333]    Payload keys: chatUsername, senderId, position, timestamp, type, chatText
2026-01-22 13:24:28.156 RedLemon[21741:150333] ✅ Realtime: Decoded message type: chat, sender: 96e01cdb-36c0-4228-a6e4-a29a3c66bc8e
2026-01-22 13:24:28.157 RedLemon[21741:149032] 👍 Received: lemontom voted for playlist item EBDCE156
2026-01-22 13:24:28.254 RedLemon[21741:149646] 📝 [RESOLVER] Resolution Complete ["1080p": "1", "2160p": "0", "720p": "0", "selected_provider": "torrentio", "selected_title": "Его и её / His & Hers [S01] (2026) WEB-DL 1080p от EniaHD | D
HIS.and.HERS.S01E01.1080p.NF.WEB-DL.H.264-EniaHD.mkv
👤 477 💾 2.25 GB ⚙️ Rutor
🇬🇧 / 🇷🇺 / 🇺🇦"]
2026-01-22 13:24:28.256 RedLemon[21741:149646] 📝 [RESOLVER] Host Stream Match ["hash": "e7108d4c2a7ff0c39070cc25ca35c27583d154e9"]
2026-01-22 13:24:28.257 RedLemon[21741:150178] 📝 [APP] 📦 StreamService: Found 1 total streams to try (across all qualities) ["file": "StreamService.swift", "level": "INFO", "line": "304"]
📡 SocialService: Updated status - In Lobby: His & Hers: His & Hers
🔌 Setting up Realtime channel: watch-party:29ZB
   Role: Guest
   User ID: 656daa91-33b4-4688-9135-c982ea52d7c9
📡 Connection state: connected
📡 Connection state: connecting
📡 Left channel: realtime:rooms_updates
📡 Joined channel: realtime:watch-party:29ZB (interest count: 1)
📡 Connection state: connected
✅ Realtime channel setup complete
✅ Lobby: Loaded metadata for His & Hers
✅ Lobby: Connected to Realtime
📨 Unknown event: phx_close on realtime:rooms_updates
✅ Lobby: Synced CLEAN stream info, metadata & playlist to AppState
🔄 Lobby: Fetching fresh room state from Supabase...
🔄 Lobby: Fetching fresh room state from Supabase...
✅ Lobby: Synced CLEAN stream info, metadata & playlist to AppState
✅ Lobby: Refreshed room state. isPlaying: false
🛡️ Lobby: Ensuring local media state is fresh before auto-start check...
📺 Lobby: Synced season/episode: S1E1
✅ Lobby: Synced CLEAN stream info, metadata & playlist to AppState
ℹ️ RealtimeChannelManager: Already setup for room 29ZB, filtering duplicate setup call.
📡 Connection state: connected
✅ Lobby: Connected to Realtime
🚦 Lobby State: connected
⏰ AppState: Next schedule update set for Event End: 2026-01-22 19:37:13 +0000
⏰ AppState: Scheduling update in 4405 seconds
🔄 Lobby: Starting database polling for participants and room state...
💓 Lobby: Starting heartbeat loop...
🔄 LobbyDatabase: Starting room state polling for guests...
🔄 Lobby: Fetching fresh room state from Supabase...
✅ Lobby: Synced CLEAN stream info, metadata & playlist to AppState
🛡️ Lobby: Auto-Join safety delay passed (8s). Enabled for late joiners.
⏰ AppState: Next schedule update set for Event End: 2026-01-22 19:37:13 +0000
⏰ AppState: Scheduling update in 4396 seconds
🔄 Lobby: Fetching fresh room state from Supabase...
✅ Lobby: Synced CLEAN stream info, metadata & playlist to AppState
⏰ AppState: Next schedule update set for Event End: 2026-01-22 19:37:13 +0000
⏰ AppState: Scheduling update in 4386 seconds
🔄 Lobby: Fetching fresh room state from Supabase...
✅ Lobby: Synced CLEAN stream info, metadata & playlist to AppState
✅ Cache HIT: Metadata[meta_series_tt33035373]
[2026-01-22T18:24:14Z] [INFO] [StreamService.swift:105] 🎬 StreamService: Starting resolution for: His & Hers
🎬 StreamService: Resolving series - trusted pack filtering will be applied server-side
🛡️ StreamResolver: Loaded 7 blocked streams from blacklist
🔍 MediaFusion: Fetching https://mediafusion.elfhosted.com/stream/series/tt33035373:1:1.json
🔍 Comet: Fetching https://comet.elfhosted.com/eyJkZWJyaWRTZXJ2aWNlIjoicmVhbGRlYnJpZCIsInJlbW92ZVRyYXNoIjpmYWxzZSwiZGVi...
✅ Comet: Got 1 streams
🔍 Comet: Parsing 1 streams...
⚠️ Comet: Skipping invalid redirect URL: https://comet.elfhosted.com/playback/ixm5baPWliz0O5rbUGqhW6_...
✅ Comet: Parsed 0 valid streams
⚠️ MediaFusion: HTTP 418
📡 [EventsConfig] Checking server for movie_events config version...
✅ [EventsConfig] Fetched movie_events version 1578 with 405 movies
✅ [EventsConfig] Using cached movie_events config (version 1578, 405 movies)
⏰ AppState: Next schedule update set for Event End: 2026-01-22 19:37:13 +0000
⏰ AppState: Scheduling update in 4373 seconds
⚡️ StreamResolver: Optimizing for preferred hash: e7108d4c2a7ff0c39070cc25ca35c27583d154e9
   ✅ Found target stream immediately. Discarding everything else.
📊 StreamResolver: Provider Stats: [torrentio:1]
   ⚠️ Year string '2026–' could not be parsed; skipping year filter
   📺 Episode filter: 1 → 1 streams
🔍 Searching SubDL: tt33035373 (tv) S01E01
   ℹ️ Fallback Name: His & Hers (No Year)
🔄 Lobby: Fetching fresh room state from Supabase...
✅ Lobby: Synced CLEAN stream info, metadata & playlist to AppState
✅ Found 6 subtitles from SubDL (Primary)
   ⛔️ Dropped 'His and Hers (2026) S01E06 eng': Metadata mismatch (S1E6)
   ⛔️ Dropped 'His and Hers (2026) S01E05 eng': Metadata mismatch (S1E5)
   ⛔️ Dropped 'His and Hers (2026) S01E04 eng': Metadata mismatch (S1E4)
   ⛔️ Dropped 'His and Hers (2026) S01E02 eng': Metadata mismatch (S1E2)
   ⛔️ Dropped 'His and Hers (2026) S01E03 eng': Metadata mismatch (S1E3)
⚠️ Low subtitle count (1). Attempting supplemental Name Search for 'His & Hers'...
❌ StreamResolver: Subtitle error: Error Domain=NSURLErrorDomain Code=-999 "cancelled" UserInfo={NSErrorFailingURLStringKey=https://api.subdl.com/api/v1/subtitles?api_key=aGS2S1FTQ3441_1JAJaATPtgNVrcEhr7&film_name=His%20%26%20Hers&type=tv, NSErrorFailingURLKey=https://api.subdl.com/api/v1/subtitles?api_key=aGS2S1FTQ3441_1JAJaATPtgNVrcEhr7&film_name=His%20%26%20Hers&type=tv, _NSURLErrorRelatedURLSessionTaskErrorKey=(
    "LocalDataTask <E76CA689-9C34-42A2-9310-16BE6F4A066B>.<1>"
), _NSURLErrorFailingURLSessionTaskErrorKey=LocalDataTask <E76CA689-9C34-42A2-9310-16BE6F4A066B>.<1>, NSLocalizedDescription=cancelled}
⚠️ StreamResolver: Subtitle attachment timed out after 8s. Proceeding without initial subtitles.
👑 Auto-promoting season pack: Его и её / His & Hers [S01] (2026) WEB-DL 1080p от EniaHD | D
HIS.and.HERS.S01E01.1080p.NF.WEB-DL.H.264-EniaHD.mkv
👤 477 💾 2.25 GB ⚙️ Rutor
🇬🇧 / 🇷🇺 / 🇺🇦
   --- Processing Bucket: 2160p (Input: 0) ---
   ✅ Bucket 2160p Final Count: 0
   --- Processing Bucket: 1080p (Input: 1) ---
   ✅ Bucket 1080p Final Count: 1
   --- Processing Bucket: 720p (Input: 0) ---
   ✅ Bucket 720p Final Count: 0
   --- Processing Bucket: 480p (Input: 0) ---
   ✅ Bucket 480p Final Count: 0
📦 1080p Primary: Его и её / His & Hers [S01] (2026) WEB-DL 1080p от EniaHD | D
HIS.and.HERS.S01E01.1080p.NF.WEB-DL.H.264-EniaHD.mkv
👤 477 💾 2.25 GB ⚙️ Rutor
🇬🇧 / 🇷🇺 / 🇺🇦
✅ StreamResolver: Quality buckets ready
🔗 StreamService: Attempting to resolve specific stream hash: e7108d4c2a7ff0c39070cc25ca35c27583d154e9
✅ StreamService: Found requested stream hash! Locking selection.
[2026-01-22T18:24:28Z] [INFO] [StreamService.swift:304] 📦 StreamService: Found 1 total streams to try (across all qualities)
✅ StreamService: Found 1 H.264 streams (Tier 1)
✅ StreamService: Found 1 'Clean' English streams. Deprioritizing 0 localized/dual streams.
🔒 StreamService: Bypassing filters for enforced stream
🔄 StreamService: Trying stream 1/1: Его и её / His & Hers [S01] (2026) WEB-DL 1080p от EniaHD | D
HIS.and.HERS.S01E01.1080p.NF.WEB-DL.H.264-EniaHD.mkv
👤 477 💾 2.25 GB ⚙️ Rutor
🇬🇧 / 🇷🇺 / 🇺🇦
🔒 StreamService: Has infoHash - forcing proper unlock flow (bypass redirect)
🔓 StreamService: Unlocking with infoHash: e7108d4c2a7f...
[ INFO ] POST /api/streams/unlock [request-id: 03A78751-5371-4F80-B9BB-5618FF5EEFC3]
2026-01-22 13:24:28.274 RedLemon[21741:149646] 🔓 Unlock request: infoHash=e7108d4c2a7f..., fileIdx=0
2026-01-22 13:24:28.274 RedLemon[21741:149646]    📺 TV Show: S1E1
2026-01-22 13:24:28.274 RedLemon[21741:149646] ✅ Token found, attempting unlock...
2026-01-22 13:24:29.202 RedLemon[21741:150178] 🔍 Searching for episode patterns: s01e01, s1e1, s01.e01, s01 e01, s1 e1, e01, 1x01
2026-01-22 13:24:29.202 RedLemon[21741:150178] 📁 Torrent has 6 files:
2026-01-22 13:24:29.214 RedLemon[21741:150178] ✅ MATCH FOUND: /HIS.and.HERS.S01E01.1080p.NF.WEB-DL.H.264-EniaHD.mkv → file ID: 1 (2.41 GB)
2026-01-22 13:24:29.984 RedLemon[21741:150333] 📨 Realtime: Received broadcast message
2026-01-22 13:24:29.984 RedLemon[21741:150333]    Payload keys: chatText, senderId, timestamp, position, type, chatUsername
2026-01-22 13:24:29.984 RedLemon[21741:150333] ✅ Realtime: Decoded message type: chat, sender: 96e01cdb-36c0-4228-a6e4-a29a3c66bc8e
2026-01-22 13:24:29.985 RedLemon[21741:149032] 🎬 Guest: Received LOBBY_START_COUNTDOWN signal
2026-01-22 13:24:29.985 RedLemon[21741:149032] 🎬 Guest: Received LOBBY_START_COUNTDOWN signal processing
2026-01-22 13:24:30.121 RedLemon[21741:149032] ✅ Guest: Synced stream info from Host (Hash: e7108d4c) - URL cleared for fresh unlock
2026-01-22 13:24:30.121 RedLemon[21741:149032] 🛡️ Guest: preResolvedStream cleared to force fresh RD link
2026-01-22 13:24:30.200 RedLemon[21741:149032] 🗑️ Guest: RD cache cleared for hash: e7108d4c...
2026-01-22 13:24:30.252 RedLemon[21741:149032] 📺 Guest: Set season/episode from DB (Realtime path): S1E1
2026-01-22 13:24:30.253 RedLemon[21741:149032] ⏱️ Step 3: Artificial Delay - Waiting additional 2.98s to ensure Host buffer...
2026-01-22 13:24:30.253 RedLemon[21741:149032] 📨 Lobby: Received Room UPDATE from Realtime
2026-01-22 13:24:31.869 RedLemon[21741:149646] ✅ Unlocked successfully: HIS.and.HERS.S01E01.1080p.NF.WEB-DL.H.264-EniaHD.mkv
2026-01-22 13:24:31.873 RedLemon[21741:150332] 📝 [RESOLVER] Stream Unlocked ["filename": "HIS.and.HERS.S01E01.1080p.NF.WEB-DL.H.264-EniaHD.mkv", "is_generic": "false", "original_title": "Его и её / His & Hers [S01] (2026) WEB-DL 1080p от EniaHD | D
HIS.and.HERS.S01E01.1080p.NF.WEB-DL.H.264-EniaHD.mkv
👤 477 💾 2.25 GB ⚙️ Rutor
🇬🇧 / 🇷🇺 / 🇺🇦", "url_host": "chi8-4.download.real-debrid.com"]
2026-01-22 13:24:31.875 RedLemon[21741:149032] ✅ Guest: Stream preloaded with URL: https://chi8-4.download.real-debrid.com/d/Q2ATRB27TNVZS23/HIS.and.HERS.S01E01.10
2026-01-22 13:24:31.875 RedLemon[21741:149032] ✅ Guest: Stream preloaded. Sending READY signal.
2026-01-22 13:24:31.882 RedLemon[21741:150332] 📤 Realtime: Sending message type: chat, sender: 656daa91-33b4-4688-9135-c982ea52d7c9
2026-01-22 13:24:31.887 RedLemon[21741:150332]    Payload keys: senderId, position, chatText, timestamp, chatUsername, type
2026-01-22 13:24:31.907 RedLemon[21741:150028] ✅ Realtime: Message broadcast complete
2026-01-22 13:24:32.013 RedLemon[21741:150028] 📨 Realtime: Received broadcast message
2026-01-22 13:24:32.013 RedLemon[21741:150028]    Payload keys: chatText, chatUsername, type, position, senderId, timestamp
2026-01-22 13:24:32.013 RedLemon[21741:150028] ✅ Realtime: Decoded message type: chat, sender: 656daa91-33b4-4688-9135-c982ea52d7c9
2026-01-22 13:24:33.057 RedLemon[21741:149646] 📨 Realtime: Received broadcast message
2026-01-22 13:24:33.058 RedLemon[21741:149646]    Payload keys: type, position, timestamp, senderId, chatUsername, chatText
2026-01-22 13:24:33.058 RedLemon[21741:149646] ✅ Realtime: Decoded message type: chat, sender: 96e01cdb-36c0-4228-a6e4-a29a3c66bc8e
2026-01-22 13:24:33.059 RedLemon[21741:149032] 🎬 Guest: Launching player for His & Hers (Synced Start)
2026-01-22 13:24:33.341 RedLemon[21741:149032] 📡 Fetching metadata for tt33035373...
2026-01-22 13:24:33.370 RedLemon[21741:149032] 🎬 Guest: Fetch took 0.268s, finished countdown loop
2026-01-22 13:24:33.490 RedLemon[21741:149032] 🎬 PlayerVM: Using Playlist Metadata: S1E1
2026-01-22 13:24:33.490 RedLemon[21741:149032] 🚀 PlayerVM: Using pre-resolved stream (Zero-Wait Start)
2026-01-22 13:24:33.491 RedLemon[21741:149032]    Pre-resolved URL: https://chi8-4.download.real-debrid.com/d/Q2ATRB27TNVZS23/HIS.and.HERS.S01E01.10
2026-01-22 13:24:33.633 RedLemon[21741:149032] ✅ Stream ready, starting playback...
2026-01-22 13:24:33.749 RedLemon[21741:150178] 📝 Realtime: Registered observer 'player' (Presence: YES, Sync: NO, Status: NO)
2026-01-22 13:24:33.750 RedLemon[21741:149032] 🎬 Guest: Countdown finished. Waiting for Host PLAYBACK_STARTED signal...
2026-01-22 13:24:33.757 RedLemon[21741:150333] 📝 Realtime: Registered observer 'player' (Presence: NO, Sync: YES, Status: NO)
2026-01-22 13:24:33.757 RedLemon[21741:150028] 📝 [PLAYER] Resumed
2026-01-22 13:24:33.823 RedLemon[21741:149646] 📝 [PLAYER] Load Video (Smart) ["url": "https://chi8-4.download.real-debrid.com/d/Q2ATRB27TNVZS23/HIS.and.HERS.S01E01.1080p.NF.WEB-DL.H.264-EniaHD.mkv"]
2026-01-22 13:24:34.227 RedLemon[21741:150673] 📝 [PLAYER] Playback State Changed ["state": "Paused"]
2026-01-22 13:24:34.227 RedLemon[21741:150673] 📝 [PLAYER] Buffering Started
2026-01-22 13:24:35.057 RedLemon[21741:150028] 📨 Realtime: Received broadcast message
2026-01-22 13:24:35.057 RedLemon[21741:150673] 📨 Realtime: Received broadcast message
2026-01-22 13:24:35.057 RedLemon[21741:150028]    Payload keys: type, senderId, position, timestamp, isPlaying
2026-01-22 13:24:35.057 RedLemon[21741:150673]    Payload keys: type, senderId, position, timestamp, isPlaying
2026-01-22 13:24:35.057 RedLemon[21741:150028] ✅ Realtime: Decoded message type: playbackState, sender: 96E01CDB-36C0-4228-A6E4-A29A3C66BC8E
2026-01-22 13:24:35.057 RedLemon[21741:150673] ✅ Realtime: Decoded message type: playbackState, sender: 96E01CDB-36C0-4228-A6E4-A29A3C66BC8E
2026-01-22 13:24:35.058 RedLemon[21741:149032] ⚠️ Received Realtime message with no chat text (Type: playbackState)
2026-01-22 13:24:36.231 RedLemon[21741:149032] 🛡️ Lobby: User 96e01cdb-36c0-4228-a6e4-a29a3c66bc8e remains online (Remaining Refs: 1)
2026-01-22 13:24:37.066 RedLemon[21741:150333] 📨 Realtime: Received broadcast message
2026-01-22 13:24:37.066 RedLemon[21741:149646] 📨 Realtime: Received broadcast message
2026-01-22 13:24:37.066 RedLemon[21741:150333]    Payload keys: isPlaying, position, senderId, timestamp, type
2026-01-22 13:24:37.066 RedLemon[21741:149646]    Payload keys: isPlaying, position, senderId, timestamp, type
2026-01-22 13:24:37.066 RedLemon[21741:150333] ✅ Realtime: Decoded message type: playbackState, sender: 96E01CDB-36C0-4228-A6E4-A29A3C66BC8E
2026-01-22 13:24:37.066 RedLemon[21741:149646] ✅ Realtime: Decoded message type: playbackState, sender: 96E01CDB-36C0-4228-A6E4-A29A3C66BC8E
2026-01-22 13:24:37.066 RedLemon[21741:149032] ⚠️ Received Realtime message with no chat text (Type: playbackState)
2026-01-22 13:24:37.105 RedLemon[21741:149032] 🛡️ Lobby: User 656daa91-33b4-4688-9135-c982ea52d7c9 remains online (Remaining Refs: 1)
2026-01-22 13:24:37.175 RedLemon[21741:150333] 📨 Realtime: Received broadcast message
2026-01-22 13:24:37.175 RedLemon[21741:150028] 📨 Realtime: Received broadcast message
2026-01-22 13:24:37.175 RedLemon[21741:150028]    Payload keys: timestamp, type, senderId, isPlaying, position
2026-01-22 13:24:37.175 RedLemon[21741:150333]    Payload keys: timestamp, type, senderId, isPlaying, position
2026-01-22 13:24:37.176 RedLemon[21741:150028] ✅ Realtime: Decoded message type: ready, sender: 96e01cdb-36c0-4228-a6e4-a29a3c66bc8e
2026-01-22 13:24:37.176 RedLemon[21741:150333] ✅ Realtime: Decoded message type: ready, sender: 96e01cdb-36c0-4228-a6e4-a29a3c66bc8e
2026-01-22 13:24:37.176 RedLemon[21741:149032] ⚠️ Received Realtime message with no chat text (Type: ready)
2026-01-22 13:24:37.580 RedLemon[21741:150673] 📝 [PLAYER] File Loaded ["duration": "2799.296"]
2026-01-22 13:24:38.174 RedLemon[21741:149032] [VIDEO_READY] isEvent: false, eventStartTime: nil
2026-01-22 13:24:38.193 RedLemon[21741:150673] 📝 [PLAYER] Playback State Changed ["state": "Playing"]
2026-01-22 13:24:38.223 RedLemon[21741:150673] 📝 [PLAYER] Buffering State ["buffering": "true"]
2026-01-22 13:24:38.230 RedLemon[21741:150028] 📝 [PLAYER] Buffering Started
2026-01-22 13:24:39.060 RedLemon[21741:150333] 📨 Realtime: Received broadcast message
2026-01-22 13:24:39.060 RedLemon[21741:150178] 📨 Realtime: Received broadcast message
2026-01-22 13:24:39.060 RedLemon[21741:150178]    Payload keys: position, type, timestamp, senderId, isPlaying
2026-01-22 13:24:39.060 RedLemon[21741:150333]    Payload keys: position, type, timestamp, senderId, isPlaying
2026-01-22 13:24:39.061 RedLemon[21741:150178] ✅ Realtime: Decoded message type: playbackState, sender: 96E01CDB-36C0-4228-A6E4-A29A3C66BC8E
2026-01-22 13:24:39.061 RedLemon[21741:150333] ✅ Realtime: Decoded message type: playbackState, sender: 96E01CDB-36C0-4228-A6E4-A29A3C66BC8E
2026-01-22 13:24:39.061 RedLemon[21741:149032] ⚠️ Received Realtime message with no chat text (Type: playbackState)
2026-01-22 13:24:39.162 RedLemon[21741:150333] 📨 Realtime: Received broadcast message
2026-01-22 13:24:39.162 RedLemon[21741:150332] 📨 Realtime: Received broadcast message
2026-01-22 13:24:39.163 RedLemon[21741:150332]    Payload keys: isPlaying, timestamp, type, position, senderId
2026-01-22 13:24:39.163 RedLemon[21741:150333]    Payload keys: isPlaying, timestamp, type, position, senderId
2026-01-22 13:24:39.163 RedLemon[21741:150333] ✅ Realtime: Decoded message type: ready, sender: 96e01cdb-36c0-4228-a6e4-a29a3c66bc8e
2026-01-22 13:24:39.163 RedLemon[21741:150332] ✅ Realtime: Decoded message type: ready, sender: 96e01cdb-36c0-4228-a6e4-a29a3c66bc8e
2026-01-22 13:24:39.176 RedLemon[21741:149032] ⚠️ Received Realtime message with no chat text (Type: ready)
2026-01-22 13:24:39.519 RedLemon[21741:150028] 📝 [PLAYER] Buffering State ["buffering": "false"]
2026-01-22 13:24:40.489 RedLemon[21741:149646] 📤 Realtime: Sending message type: ready, sender: 656daa91-33b4-4688-9135-c982ea52d7c9
2026-01-22 13:24:40.490 RedLemon[21741:149646]    Payload keys: position, senderId, isPlaying, timestamp, type
2026-01-22 13:24:40.491 RedLemon[21741:149646] ✅ Realtime: Message broadcast complete
2026-01-22 13:24:40.502 RedLemon[21741:149646] 📝 [PLAYER] Playback State Changed ["state": "Paused"]
2026-01-22 13:24:40.617 RedLemon[21741:149646] 📨 Realtime: Received broadcast message
2026-01-22 13:24:40.617 RedLemon[21741:150673] 📨 Realtime: Received broadcast message
2026-01-22 13:24:40.617 RedLemon[21741:150673]    Payload keys: senderId, type, timestamp, isPlaying, position
2026-01-22 13:24:40.617 RedLemon[21741:149646]    Payload keys: senderId, type, timestamp, isPlaying, position
2026-01-22 13:24:40.618 RedLemon[21741:150673] ✅ Realtime: Decoded message type: ready, sender: 656daa91-33b4-4688-9135-c982ea52d7c9
2026-01-22 13:24:40.618 RedLemon[21741:149646] ✅ Realtime: Decoded message type: ready, sender: 656daa91-33b4-4688-9135-c982ea52d7c9
2026-01-22 13:24:40.618 RedLemon[21741:149032] ⚠️ Received Realtime message with no chat text (Type: ready)
2026-01-22 13:24:41.146 RedLemon[21741:150673] 📨 Realtime: Received broadcast message
2026-01-22 13:24:41.146 RedLemon[21741:150332] 📨 Realtime: Received broadcast message
2026-01-22 13:24:41.146 RedLemon[21741:150673]    Payload keys: isPlaying, position, timestamp, type, senderId
2026-01-22 13:24:41.146 RedLemon[21741:150332]    Payload keys: isPlaying, position, timestamp, type, senderId
2026-01-22 13:24:41.146 RedLemon[21741:150673] ✅ Realtime: Decoded message type: playbackState, sender: 96E01CDB-36C0-4228-A6E4-A29A3C66BC8E
2026-01-22 13:24:41.147 RedLemon[21741:150332] ✅ Realtime: Decoded message type: playbackState, sender: 96E01CDB-36C0-4228-A6E4-A29A3C66BC8E
2026-01-22 13:24:41.147 RedLemon[21741:149032] ⚠️ Received Realtime message with no chat text (Type: playbackState)
2026-01-22 13:24:41.163 RedLemon[21741:150673] 📨 Realtime: Received broadcast message
2026-01-22 13:24:41.163 RedLemon[21741:149646] 📨 Realtime: Received broadcast message
2026-01-22 13:24:41.163 RedLemon[21741:149646]    Payload keys: timestamp, position, type, senderId, isPlaying
2026-01-22 13:24:41.163 RedLemon[21741:150673]    Payload keys: timestamp, position, type, senderId, isPlaying
2026-01-22 13:24:41.163 RedLemon[21741:149646] ✅ Realtime: Decoded message type: ready, sender: 96e01cdb-36c0-4228-a6e4-a29a3c66bc8e
2026-01-22 13:24:41.163 RedLemon[21741:150673] ✅ Realtime: Decoded message type: ready, sender: 96e01cdb-36c0-4228-a6e4-a29a3c66bc8e
2026-01-22 13:24:41.177 RedLemon[21741:149032] ⚠️ Received Realtime message with no chat text (Type: ready)
2026-01-22 13:24:41.816 RedLemon[21741:150332] 📨 Realtime: Received broadcast message
2026-01-22 13:24:41.816 RedLemon[21741:150178] 📨 Realtime: Received broadcast message
2026-01-22 13:24:41.816 RedLemon[21741:150178]    Payload keys: senderId, timestamp, position, type, isPlaying
2026-01-22 13:24:41.816 RedLemon[21741:150332]    Payload keys: senderId, timestamp, position, type, isPlaying
2026-01-22 13:24:41.817 RedLemon[21741:150178] ✅ Realtime: Decoded message type: play, sender: 96e01cdb-36c0-4228-a6e4-a29a3c66bc8e
2026-01-22 13:24:41.817 RedLemon[21741:150332] ✅ Realtime: Decoded message type: play, sender: 96e01cdb-36c0-4228-a6e4-a29a3c66bc8e
2026-01-22 13:24:41.835 RedLemon[21741:149032] ⚠️ Received Realtime message with no chat text (Type: play)
2026-01-22 13:24:41.844 RedLemon[21741:150333] 📝 [PLAYER] Playback State Changed ["state": "Playing"]
2026-01-22 13:24:42.410 RedLemon[21741:149646] 📨 Realtime: Received broadcast message
2026-01-22 13:24:42.410 RedLemon[21741:150178] 📨 Realtime: Received broadcast message
2026-01-22 13:24:42.410 RedLemon[21741:149646]    Payload keys: type, position, isPlaying, senderId, timestamp
2026-01-22 13:24:42.410 RedLemon[21741:150178]    Payload keys: type, position, isPlaying, senderId, timestamp
2026-01-22 13:24:42.410 RedLemon[21741:150178] ✅ Realtime: Decoded message type: play, sender: 96e01cdb-36c0-4228-a6e4-a29a3c66bc8e
2026-01-22 13:24:42.410 RedLemon[21741:149646] ✅ Realtime: Decoded message type: play, sender: 96e01cdb-36c0-4228-a6e4-a29a3c66bc8e
2026-01-22 13:24:42.430 RedLemon[21741:149032] ⚠️ Received Realtime message with no chat text (Type: play)
2026-01-22 13:24:43.119 RedLemon[21741:150673] 📨 Realtime: Received broadcast message
2026-01-22 13:24:43.120 RedLemon[21741:149646] 📨 Realtime: Received broadcast message
2026-01-22 13:24:43.120 RedLemon[21741:150673]    Payload keys: position, type, senderId, isPlaying, timestamp
2026-01-22 13:24:43.120 RedLemon[21741:149646]    Payload keys: position, type, senderId, isPlaying, timestamp
2026-01-22 13:24:43.120 RedLemon[21741:150673] ✅ Realtime: Decoded message type: playbackState, sender: 96E01CDB-36C0-4228-A6E4-A29A3C66BC8E
2026-01-22 13:24:43.120 RedLemon[21741:149646] ✅ Realtime: Decoded message type: playbackState, sender: 96E01CDB-36C0-4228-A6E4-A29A3C66BC8E
2026-01-22 13:24:43.137 RedLemon[21741:149032] ⚠️ Received Realtime message with no chat text (Type: playbackState)
2026-01-22 13:24:43.509 RedLemon[21741:149032] 📨 Lobby: Received Room UPDATE from Realtime
2026-01-22 13:24:43.510 RedLemon[21741:149032] 📨 Lobby: Received Room UPDATE from Realtime
2026-01-22 13:24:43.766 RedLemon[21741:150333] 🔐 SupabaseClient: Signing Identity Payload: '1769106283656daa91-33b4-4688-9135-c982ea52d7c9/rpc/room_heartbeat'
2026-01-22 13:24:43.768 RedLemon[21741:150333] 🔐 Signed request to /rpc/room_heartbeat
2026-01-22 13:24:44.097 RedLemon[21741:149032] 📨 Lobby: Received Room UPDATE from Realtime
2026-01-22 13:24:45.140 RedLemon[21741:150332] 📨 Realtime: Received broadcast message
2026-01-22 13:24:45.140 RedLemon[21741:150178] 📨 Realtime: Received broadcast message
2026-01-22 13:24:45.140 RedLemon[21741:150332]    Payload keys: type, isPlaying, position, senderId, timestamp
2026-01-22 13:24:45.141 RedLemon[21741:150178]    Payload keys: type, isPlaying, position, senderId, timestamp
2026-01-22 13:24:45.141 RedLemon[21741:150332] ✅ Realtime: Decoded message type: playbackState, sender: 96E01CDB-36C0-4228-A6E4-A29A3C66BC8E
2026-01-22 13:24:45.141 RedLemon[21741:150178] ✅ Realtime: Decoded message type: playbackState, sender: 96E01CDB-36C0-4228-A6E4-A29A3C66BC8E
2026-01-22 13:24:45.143 RedLemon[21741:149032] ⚠️ Received Realtime message with no chat text (Type: playbackState)
2026-01-22 13:24:47.169 RedLemon[21741:150332] 📨 Realtime: Received broadcast message
2026-01-22 13:24:47.169 RedLemon[21741:150333] 📨 Realtime: Received broadcast message
2026-01-22 13:24:47.170 RedLemon[21741:150332]    Payload keys: position, type, timestamp, senderId, isPlaying
2026-01-22 13:24:47.170 RedLemon[21741:150333]    Payload keys: position, type, timestamp, senderId, isPlaying
2026-01-22 13:24:47.170 RedLemon[21741:150332] ✅ Realtime: Decoded message type: playbackState, sender: 96E01CDB-36C0-4228-A6E4-A29A3C66BC8E
2026-01-22 13:24:47.171 RedLemon[21741:150333] ✅ Realtime: Decoded message type: playbackState, sender: 96E01CDB-36C0-4228-A6E4-A29A3C66BC8E
2026-01-22 13:24:47.193 RedLemon[21741:149032] ⚠️ Received Realtime message with no chat text (Type: playbackState)
2026-01-22 13:24:49.134 RedLemon[21741:150332] 📨 Realtime: Received broadcast message
2026-01-22 13:24:49.134 RedLemon[21741:150818] 📨 Realtime: Received broadcast message
2026-01-22 13:24:49.134 RedLemon[21741:150332]    Payload keys: timestamp, isPlaying, position, type, senderId
2026-01-22 13:24:49.134 RedLemon[21741:150818]    Payload keys: timestamp, isPlaying, position, type, senderId
2026-01-22 13:24:49.134 RedLemon[21741:150818] ✅ Realtime: Decoded message type: playbackState, sender: 96E01CDB-36C0-4228-A6E4-A29A3C66BC8E
2026-01-22 13:24:49.135 RedLemon[21741:150332] ✅ Realtime: Decoded message type: playbackState, sender: 96E01CDB-36C0-4228-A6E4-A29A3C66BC8E
2026-01-22 13:24:49.180 RedLemon[21741:149032] ⚠️ Received Realtime message with no chat text (Type: playbackState)
2026-01-22 13:24:51.016 RedLemon[21741:150178] 🔐 Signed request to /rpc/user_heartbeat
2026-01-22 13:24:51.131 RedLemon[21741:150673] 📨 Realtime: Received broadcast message
2026-01-22 13:24:51.132 RedLemon[21741:150178] 📨 Realtime: Received broadcast message
2026-01-22 13:24:51.132 RedLemon[21741:150673]    Payload keys: type, position, senderId, isPlaying, timestamp
2026-01-22 13:24:51.132 RedLemon[21741:150178]    Payload keys: type, position, senderId, isPlaying, timestamp
2026-01-22 13:24:51.132 RedLemon[21741:150673] ✅ Realtime: Decoded message type: playbackState, sender: 96E01CDB-36C0-4228-A6E4-A29A3C66BC8E
2026-01-22 13:24:51.132 RedLemon[21741:150178] ✅ Realtime: Decoded message type: playbackState, sender: 96E01CDB-36C0-4228-A6E4-A29A3C66BC8E
2026-01-22 13:24:51.143 RedLemon[21741:149032] ⚠️ Received Realtime message with no chat text (Type: playbackState)
2026-01-22 13:24:53.231 RedLemon[21741:150674] 📨 Realtime: Received broadcast message
2026-01-22 13:24:53.231 RedLemon[21741:150674]    Payload keys: position, timestamp, senderId, type, isPlaying
2026-01-22 13:24:53.231 RedLemon[21741:150817] 📨 Realtime: Received broadcast message
2026-01-22 13:24:53.233 RedLemon[21741:150674] ✅ Realtime: Decoded message type: playbackState, sender: 96E01CDB-36C0-4228-A6E4-A29A3C66BC8E
2026-01-22 13:24:53.233 RedLemon[21741:150817]    Payload keys: position, timestamp, senderId, type, isPlaying
2026-01-22 13:24:53.235 RedLemon[21741:150817] ✅ Realtime: Decoded message type: playbackState, sender: 96E01CDB-36C0-4228-A6E4-A29A3C66BC8E
2026-01-22 13:24:53.263 RedLemon[21741:149032] ⚠️ Received Realtime message with no chat text (Type: playbackState)
2026-01-22 13:24:53.467 RedLemon[21741:149032] 📨 Lobby: Received Room UPDATE from Realtime
2026-01-22 13:24:55.126 RedLemon[21741:150674] 📨 Realtime: Received broadcast message
2026-01-22 13:24:55.126 RedLemon[21741:150674]    Payload keys: isPlaying, position, type, timestamp, senderId
2026-01-22 13:24:55.126 RedLemon[21741:150817] 📨 Realtime: Received broadcast message
2026-01-22 13:24:55.126 RedLemon[21741:150817]    Payload keys: isPlaying, position, type, timestamp, senderId
2026-01-22 13:24:55.126 RedLemon[21741:150674] ✅ Realtime: Decoded message type: playbackState, sender: 96E01CDB-36C0-4228-A6E4-A29A3C66BC8E
2026-01-22 13:24:55.126 RedLemon[21741:150817] ✅ Realtime: Decoded message type: playbackState, sender: 96E01CDB-36C0-4228-A6E4-A29A3C66BC8E
2026-01-22 13:24:55.142 RedLemon[21741:149032] ⚠️ Received Realtime message with no chat text (Type: playbackState)
2026-01-22 13:24:57.169 RedLemon[21741:150818] 📨 Realtime: Received broadcast message
2026-01-22 13:24:57.169 RedLemon[21741:149646] 📨 Realtime: Received broadcast message
2026-01-22 13:24:57.169 RedLemon[21741:150818]    Payload keys: isPlaying, timestamp, position, senderId, type
2026-01-22 13:24:57.169 RedLemon[21741:149646]    Payload keys: isPlaying, timestamp, position, senderId, type
2026-01-22 13:24:57.169 RedLemon[21741:150818] ✅ Realtime: Decoded message type: playbackState, sender: 96E01CDB-36C0-4228-A6E4-A29A3C66BC8E
2026-01-22 13:24:57.170 RedLemon[21741:149646] ✅ Realtime: Decoded message type: playbackState, sender: 96E01CDB-36C0-4228-A6E4-A29A3C66BC8E
2026-01-22 13:24:57.180 RedLemon[21741:149032] ⚠️ Received Realtime message with no chat text (Type: playbackState)
2026-01-22 13:24:59.126 RedLemon[21741:149646] 📨 Realtime: Received broadcast message
2026-01-22 13:24:59.126 RedLemon[21741:150818] 📨 Realtime: Received broadcast message
2026-01-22 13:24:59.126 RedLemon[21741:149646]    Payload keys: timestamp, senderId, isPlaying, position, type
2026-01-22 13:24:59.126 RedLemon[21741:150818]    Payload keys: timestamp, senderId, isPlaying, position, type
2026-01-22 13:24:59.127 RedLemon[21741:149646] ✅ Realtime: Decoded message type: playbackState, sender: 96E01CDB-36C0-4228-A6E4-A29A3C66BC8E
2026-01-22 13:24:59.127 RedLemon[21741:150818] ✅ Realtime: Decoded message type: playbackState, sender: 96E01CDB-36C0-4228-A6E4-A29A3C66BC8E
2026-01-22 13:24:59.139 RedLemon[21741:149032] ⚠️ Received Realtime message with no chat text (Type: playbackState)
2026-01-22 13:24:59.140 RedLemon[21741:150817] 🔐 SupabaseClient: Signing Identity Payload: '1769106299656daa91-33b4-4688-9135-c982ea52d7c9/rpc/room_heartbeat'
2026-01-22 13:24:59.141 RedLemon[21741:150817] 🔐 Signed request to /rpc/room_heartbeat
2026-01-22 13:25:00.099 RedLemon[21741:149032] 📨 Lobby: Received Room UPDATE from Realtime
2026-01-22 13:25:01.114 RedLemon[21741:150674] 📨 Realtime: Received broadcast message
2026-01-22 13:25:01.114 RedLemon[21741:150332] 📨 Realtime: Received broadcast message
2026-01-22 13:25:01.115 RedLemon[21741:150674]    Payload keys: type, isPlaying, timestamp, senderId, position
2026-01-22 13:25:01.115 RedLemon[21741:150332]    Payload keys: type, isPlaying, timestamp, senderId, position
2026-01-22 13:25:01.115 RedLemon[21741:150332] ✅ Realtime: Decoded message type: playbackState, sender: 96E01CDB-36C0-4228-A6E4-A29A3C66BC8E
2026-01-22 13:25:01.115 RedLemon[21741:150674] ✅ Realtime: Decoded message type: playbackState, sender: 96E01CDB-36C0-4228-A6E4-A29A3C66BC8E
2026-01-22 13:25:01.138 RedLemon[21741:149032] ⚠️ Received Realtime message with no chat text (Type: playbackState)
2026-01-22 13:25:03.098 RedLemon[21741:150818] 📨 Realtime: Received broadcast message
2026-01-22 13:25:03.098 RedLemon[21741:150818]    Payload keys: type, senderId, isPlaying, position, timestamp
2026-01-22 13:25:03.098 RedLemon[21741:150674] 📨 Realtime: Received broadcast message
2026-01-22 13:25:03.098 RedLemon[21741:150674]    Payload keys: type, senderId, isPlaying, position, timestamp
2026-01-22 13:25:03.098 RedLemon[21741:150818] ✅ Realtime: Decoded message type: playbackState, sender: 96E01CDB-36C0-4228-A6E4-A29A3C66BC8E
2026-01-22 13:25:03.098 RedLemon[21741:150674] ✅ Realtime: Decoded message type: playbackState, sender: 96E01CDB-36C0-4228-A6E4-A29A3C66BC8E
2026-01-22 13:25:03.140 RedLemon[21741:149032] ⚠️ Received Realtime message with no chat text (Type: playbackState)
2026-01-22 13:25:03.349 RedLemon[21741:149032] 📨 Lobby: Received Room UPDATE from Realtime
2026-01-22 13:25:05.210 RedLemon[21741:150818] 📨 Realtime: Received broadcast message
2026-01-22 13:25:05.210 RedLemon[21741:150673] 📨 Realtime: Received broadcast message
2026-01-22 13:25:05.210 RedLemon[21741:150818]    Payload keys: senderId, type, timestamp, isPlaying, position
2026-01-22 13:25:05.210 RedLemon[21741:150673]    Payload keys: senderId, type, timestamp, isPlaying, position
2026-01-22 13:25:05.211 RedLemon[21741:150673] ✅ Realtime: Decoded message type: playbackState, sender: 96E01CDB-36C0-4228-A6E4-A29A3C66BC8E
2026-01-22 13:25:05.211 RedLemon[21741:150818] ✅ Realtime: Decoded message type: playbackState, sender: 96E01CDB-36C0-4228-A6E4-A29A3C66BC8E
2026-01-22 13:25:05.221 RedLemon[21741:149032] ⚠️ Received Realtime message with no chat text (Type: playbackState)
2026-01-22 13:25:07.092 RedLemon[21741:150674] 📨 Realtime: Received broadcast message
2026-01-22 13:25:07.092 RedLemon[21741:150673] 📨 Realtime: Received broadcast message
2026-01-22 13:25:07.092 RedLemon[21741:150674]    Payload keys: type, isPlaying, position, timestamp, senderId
2026-01-22 13:25:07.092 RedLemon[21741:150673]    Payload keys: type, isPlaying, position, timestamp, senderId
2026-01-22 13:25:07.092 RedLemon[21741:150673] ✅ Realtime: Decoded message type: playbackState, sender: 96E01CDB-36C0-4228-A6E4-A29A3C66BC8E
2026-01-22 13:25:07.092 RedLemon[21741:150674] ✅ Realtime: Decoded message type: playbackState, sender: 96E01CDB-36C0-4228-A6E4-A29A3C66BC8E
2026-01-22 13:25:07.101 RedLemon[21741:149032] ⚠️ Received Realtime message with no chat text (Type: playbackState)
2026-01-22 13:25:09.133 RedLemon[21741:150818] 📨 Realtime: Received broadcast message
2026-01-22 13:25:09.133 RedLemon[21741:149646] 📨 Realtime: Received broadcast message
2026-01-22 13:25:09.133 RedLemon[21741:150818]    Payload keys: isPlaying, senderId, timestamp, position, type
2026-01-22 13:25:09.133 RedLemon[21741:149646]    Payload keys: isPlaying, senderId, timestamp, position, type
2026-01-22 13:25:09.134 RedLemon[21741:150818] ✅ Realtime: Decoded message type: playbackState, sender: 96E01CDB-36C0-4228-A6E4-A29A3C66BC8E
2026-01-22 13:25:09.134 RedLemon[21741:149646] ✅ Realtime: Decoded message type: playbackState, sender: 96E01CDB-36C0-4228-A6E4-A29A3C66BC8E
2026-01-22 13:25:09.138 RedLemon[21741:149032] ⚠️ Received Realtime message with no chat text (Type: playbackState)
2026-01-22 13:25:11.088 RedLemon[21741:150673] 📨 Realtime: Received broadcast message
2026-01-22 13:25:11.088 RedLemon[21741:150332] 📨 Realtime: Received broadcast message
2026-01-22 13:25:11.088 RedLemon[21741:150673]    Payload keys: senderId, timestamp, type, position, isPlaying
2026-01-22 13:25:11.088 RedLemon[21741:150332]    Payload keys: senderId, timestamp, type, position, isPlaying
2026-01-22 13:25:11.089 RedLemon[21741:150332] ✅ Realtime: Decoded message type: playbackState, sender: 96E01CDB-36C0-4228-A6E4-A29A3C66BC8E
2026-01-22 13:25:11.089 RedLemon[21741:150673] ✅ Realtime: Decoded message type: playbackState, sender: 96E01CDB-36C0-4228-A6E4-A29A3C66BC8E
2026-01-22 13:25:11.097 RedLemon[21741:149032] ⚠️ Received Realtime message with no chat text (Type: playbackState)
2026-01-22 13:25:13.096 RedLemon[21741:150673] 📨 Realtime: Received broadcast message
2026-01-22 13:25:13.096 RedLemon[21741:150674] 📨 Realtime: Received broadcast message
2026-01-22 13:25:13.096 RedLemon[21741:150673]    Payload keys: timestamp, senderId, type, position, isPlaying
2026-01-22 13:25:13.096 RedLemon[21741:150674]    Payload keys: timestamp, senderId, type, position, isPlaying
2026-01-22 13:25:13.097 RedLemon[21741:150674] ✅ Realtime: Decoded message type: playbackState, sender: 96E01CDB-36C0-4228-A6E4-A29A3C66BC8E
2026-01-22 13:25:13.097 RedLemon[21741:150673] ✅ Realtime: Decoded message type: playbackState, sender: 96E01CDB-36C0-4228-A6E4-A29A3C66BC8E
2026-01-22 13:25:13.139 RedLemon[21741:149032] ⚠️ Received Realtime message with no chat text (Type: playbackState)
2026-01-22 13:25:13.305 RedLemon[21741:149032] 📨 Lobby: Received Room UPDATE from Realtime
2026-01-22 13:25:13.541 RedLemon[21741:150673] 📨 Realtime: Received broadcast message
2026-01-22 13:25:13.541 RedLemon[21741:149646] 📨 Realtime: Received broadcast message
2026-01-22 13:25:13.541 RedLemon[21741:149646]    Payload keys: chatText, timestamp, isPremium, senderId, type, position, chatUsername
2026-01-22 13:25:13.542 RedLemon[21741:149646] ✅ Realtime: Decoded message type: chat, sender: 96E01CDB-36C0-4228-A6E4-A29A3C66BC8E
2026-01-22 13:25:13.542 RedLemon[21741:150673]    Payload keys: chatText, timestamp, isPremium, senderId, type, position, chatUsername
2026-01-22 13:25:13.542 RedLemon[21741:150673] ✅ Realtime: Decoded message type: chat, sender: 96E01CDB-36C0-4228-A6E4-A29A3C66BC8E
2026-01-22 13:25:13.683 RedLemon[21741:149032] 📨 Lobby: Received Room UPDATE from Realtime
2026-01-22 13:25:14.014 RedLemon[21741:150674] 🔐 SupabaseClient: Signing Identity Payload: '1769106314656daa91-33b4-4688-9135-c982ea52d7c9/rpc/room_heartbeat'
2026-01-22 13:25:14.015 RedLemon[21741:150674] 🔐 Signed request to /rpc/room_heartbeat
2026-01-22 13:25:14.721 RedLemon[21741:149032] 📨 Lobby: Received Room UPDATE from Realtime
2026-01-22 13:25:15.144 RedLemon[21741:149646] 📨 Realtime: Received broadcast message
2026-01-22 13:25:15.144 RedLemon[21741:149646]    Payload keys: senderId, position, timestamp, type, isPlaying
2026-01-22 13:25:15.144 RedLemon[21741:150332] 📨 Realtime: Received broadcast message
2026-01-22 13:25:15.145 RedLemon[21741:150332]    Payload keys: senderId, position, timestamp, type, isPlaying
2026-01-22 13:25:15.145 RedLemon[21741:150332] ✅ Realtime: Decoded message type: playbackState, sender: 96E01CDB-36C0-4228-A6E4-A29A3C66BC8E
2026-01-22 13:25:15.147 RedLemon[21741:149646] ✅ Realtime: Decoded message type: playbackState, sender: 96E01CDB-36C0-4228-A6E4-A29A3C66BC8E
2026-01-22 13:25:15.181 RedLemon[21741:149032] ⚠️ Received Realtime message with no chat text (Type: playbackState)
2026-01-22 13:25:16.000 RedLemon[21741:150674] 📤 Realtime: Sending message type: chat, sender: 656DAA91-33B4-4688-9135-C982EA52D7C9
2026-01-22 13:25:16.000 RedLemon[21741:150674]    Payload keys: chatUsername, type, chatText, position, senderId, isPremium, timestamp
2026-01-22 13:25:16.001 RedLemon[21741:150820] ✅ Realtime: Message broadcast complete
2026-01-22 13:25:16.124 RedLemon[21741:150817] 📨 Realtime: Received broadcast message
2026-01-22 13:25:16.124 RedLemon[21741:150820] 📨 Realtime: Received broadcast message
2026-01-22 13:25:16.124 RedLemon[21741:150817]    Payload keys: timestamp, senderId, chatUsername, chatText, type, position, isPremium
2026-01-22 13:25:16.124 RedLemon[21741:150820]    Payload keys: timestamp, senderId, chatUsername, chatText, type, position, isPremium
2026-01-22 13:25:16.124 RedLemon[21741:150817] ✅ Realtime: Decoded message type: chat, sender: 656DAA91-33B4-4688-9135-C982EA52D7C9
2026-01-22 13:25:16.124 RedLemon[21741:150820] ✅ Realtime: Decoded message type: chat, sender: 656DAA91-33B4-4688-9135-C982EA52D7C9
2026-01-22 13:25:16.641 RedLemon[21741:150673] 🔐 Signed request to /rpc/user_heartbeat
2026-01-22 13:25:17.063 RedLemon[21741:150820] 📨 Realtime: Received broadcast message
2026-01-22 13:25:17.063 RedLemon[21741:150674] 📨 Realtime: Received broadcast message
2026-01-22 13:25:17.063 RedLemon[21741:150820]    Payload keys: position, type, isPlaying, timestamp, senderId
2026-01-22 13:25:17.064 RedLemon[21741:150674]    Payload keys: position, type, isPlaying, timestamp, senderId
2026-01-22 13:25:17.065 RedLemon[21741:150820] ✅ Realtime: Decoded message type: playbackState, sender: 96E01CDB-36C0-4228-A6E4-A29A3C66BC8E
2026-01-22 13:25:17.065 RedLemon[21741:150674] ✅ Realtime: Decoded message type: playbackState, sender: 96E01CDB-36C0-4228-A6E4-A29A3C66BC8E
2026-01-22 13:25:17.097 RedLemon[21741:149032] ⚠️ Received Realtime message with no chat text (Type: playbackState)
2026-01-22 13:25:19.135 RedLemon[21741:150820] 📨 Realtime: Received broadcast message
2026-01-22 13:25:19.135 RedLemon[21741:150818] 📨 Realtime: Received broadcast message
2026-01-22 13:25:19.136 RedLemon[21741:150818]    Payload keys: timestamp, senderId, type, isPlaying, position
2026-01-22 13:25:19.136 RedLemon[21741:150820]    Payload keys: timestamp, senderId, type, isPlaying, position
2026-01-22 13:25:19.136 RedLemon[21741:150820] ✅ Realtime: Decoded message type: playbackState, sender: 96E01CDB-36C0-4228-A6E4-A29A3C66BC8E
2026-01-22 13:25:19.136 RedLemon[21741:150818] ✅ Realtime: Decoded message type: playbackState, sender: 96E01CDB-36C0-4228-A6E4-A29A3C66BC8E
2026-01-22 13:25:19.147 RedLemon[21741:149032] ⚠️ Received Realtime message with no chat text (Type: playbackState)
2026-01-22 13:25:21.131 RedLemon[21741:149646] 📨 Realtime: Received broadcast message
2026-01-22 13:25:21.131 RedLemon[21741:150673] 📨 Realtime: Received broadcast message
2026-01-22 13:25:21.131 RedLemon[21741:149646]    Payload keys: isPlaying, timestamp, position, type, senderId
2026-01-22 13:25:21.131 RedLemon[21741:150673]    Payload keys: isPlaying, timestamp, position, type, senderId
2026-01-22 13:25:21.132 RedLemon[21741:149646] ✅ Realtime: Decoded message type: playbackState, sender: 96E01CDB-36C0-4228-A6E4-A29A3C66BC8E
2026-01-22 13:25:21.132 RedLemon[21741:150673] ✅ Realtime: Decoded message type: playbackState, sender: 96E01CDB-36C0-4228-A6E4-A29A3C66BC8E
2026-01-22 13:25:21.144 RedLemon[21741:149032] ⚠️ Received Realtime message with no chat text (Type: playbackState)
2026-01-22 13:25:23.251 RedLemon[21741:150332] 📨 Realtime: Received broadcast message
2026-01-22 13:25:23.251 RedLemon[21741:150674] 📨 Realtime: Received broadcast message
2026-01-22 13:25:23.251 RedLemon[21741:150674]    Payload keys: type, isPlaying, position, timestamp, senderId
2026-01-22 13:25:23.251 RedLemon[21741:150332]    Payload keys: type, isPlaying, position, timestamp, senderId
2026-01-22 13:25:23.252 RedLemon[21741:150674] ✅ Realtime: Decoded message type: playbackState, sender: 96E01CDB-36C0-4228-A6E4-A29A3C66BC8E
2026-01-22 13:25:23.252 RedLemon[21741:150332] ✅ Realtime: Decoded message type: playbackState, sender: 96E01CDB-36C0-4228-A6E4-A29A3C66BC8E
2026-01-22 13:25:23.264 RedLemon[21741:149032] ⚠️ Received Realtime message with no chat text (Type: playbackState)
2026-01-22 13:25:23.552 RedLemon[21741:149032] 📨 Lobby: Received Room UPDATE from Realtime
2026-01-22 13:25:25.127 RedLemon[21741:150674] 📨 Realtime: Received broadcast message
2026-01-22 13:25:25.127 RedLemon[21741:150818] 📨 Realtime: Received broadcast message
2026-01-22 13:25:25.127 RedLemon[21741:150818]    Payload keys: timestamp, senderId, type, isPlaying, position
2026-01-22 13:25:25.127 RedLemon[21741:150674]    Payload keys: timestamp, senderId, type, isPlaying, position
2026-01-22 13:25:25.128 RedLemon[21741:150818] ✅ Realtime: Decoded message type: playbackState, sender: 96E01CDB-36C0-4228-A6E4-A29A3C66BC8E
2026-01-22 13:25:25.128 RedLemon[21741:150674] ✅ Realtime: Decoded message type: playbackState, sender: 96E01CDB-36C0-4228-A6E4-A29A3C66BC8E
2026-01-22 13:25:25.142 RedLemon[21741:149032] ⚠️ Received Realtime message with no chat text (Type: playbackState)
2026-01-22 13:25:27.144 RedLemon[21741:150332] 📨 Realtime: Received broadcast message
2026-01-22 13:25:27.144 RedLemon[21741:150673] 📨 Realtime: Received broadcast message
2026-01-22 13:25:27.144 RedLemon[21741:150332]    Payload keys: senderId, isPlaying, type, timestamp, position
2026-01-22 13:25:27.144 RedLemon[21741:150673]    Payload keys: senderId, isPlaying, type, timestamp, position
2026-01-22 13:25:27.145 RedLemon[21741:150332] ✅ Realtime: Decoded message type: playbackState, sender: 96E01CDB-36C0-4228-A6E4-A29A3C66BC8E
2026-01-22 13:25:27.146 RedLemon[21741:150673] ✅ Realtime: Decoded message type: playbackState, sender: 96E01CDB-36C0-4228-A6E4-A29A3C66BC8E
2026-01-22 13:25:27.180 RedLemon[21741:149032] ⚠️ Received Realtime message with no chat text (Type: playbackState)
2026-01-22 13:25:29.140 RedLemon[21741:150820] 📨 Realtime: Received broadcast message
2026-01-22 13:25:29.140 RedLemon[21741:150332] 📨 Realtime: Received broadcast message
2026-01-22 13:25:29.140 RedLemon[21741:150820]    Payload keys: timestamp, type, isPlaying, position, senderId
2026-01-22 13:25:29.140 RedLemon[21741:150332]    Payload keys: timestamp, type, isPlaying, position, senderId
2026-01-22 13:25:29.141 RedLemon[21741:150332] ✅ Realtime: Decoded message type: playbackState, sender: 96E01CDB-36C0-4228-A6E4-A29A3C66BC8E
2026-01-22 13:25:29.141 RedLemon[21741:150820] ✅ Realtime: Decoded message type: playbackState, sender: 96E01CDB-36C0-4228-A6E4-A29A3C66BC8E
2026-01-22 13:25:29.144 RedLemon[21741:149032] ⚠️ Received Realtime message with no chat text (Type: playbackState)
2026-01-22 13:25:31.087 RedLemon[21741:150819] 📨 Realtime: Received broadcast message
2026-01-22 13:25:31.087 RedLemon[21741:150820] 📨 Realtime: Received broadcast message
2026-01-22 13:25:31.088 RedLemon[21741:150820]    Payload keys: isPlaying, type, position, senderId, timestamp
2026-01-22 13:25:31.088 RedLemon[21741:150819]    Payload keys: isPlaying, type, position, senderId, timestamp
2026-01-22 13:25:31.088 RedLemon[21741:150819] ✅ Realtime: Decoded message type: playbackState, sender: 96E01CDB-36C0-4228-A6E4-A29A3C66BC8E
2026-01-22 13:25:31.088 RedLemon[21741:150820] ✅ Realtime: Decoded message type: playbackState, sender: 96E01CDB-36C0-4228-A6E4-A29A3C66BC8E
2026-01-22 13:25:31.099 RedLemon[21741:149032] ⚠️ Received Realtime message with no chat text (Type: playbackState)
2026-01-22 13:25:33.079 RedLemon[21741:150674] 📝 [PLAYER] Playback State Changed ["state": "Paused"]
2026-01-22 13:25:33.126 RedLemon[21741:150819] 📨 Realtime: Received broadcast message
2026-01-22 13:25:33.126 RedLemon[21741:150332] 📨 Realtime: Received broadcast message
2026-01-22 13:25:33.126 RedLemon[21741:150819]    Payload keys: position, senderId, timestamp, isPlaying, type
2026-01-22 13:25:33.127 RedLemon[21741:150332]    Payload keys: position, senderId, timestamp, isPlaying, type
2026-01-22 13:25:33.127 RedLemon[21741:150332] ✅ Realtime: Decoded message type: playbackState, sender: 96E01CDB-36C0-4228-A6E4-A29A3C66BC8E
2026-01-22 13:25:33.127 RedLemon[21741:150819] ✅ Realtime: Decoded message type: playbackState, sender: 96E01CDB-36C0-4228-A6E4-A29A3C66BC8E
2026-01-22 13:25:33.199 RedLemon[21741:149032] ⚠️ Received Realtime message with no chat text (Type: playbackState)
2026-01-22 13:25:33.257 RedLemon[21741:150820] 📝 [PLAYER] Playback State Changed ["state": "Playing"]
2026-01-22 13:25:33.258 RedLemon[21741:149032] ⚠️ PlayerVM: currentWatchPartyRoom set to NIL. Stack Trace unavailable, but check recent logs.
2026-01-22 13:25:33.582 RedLemon[21741:149032] 📨 Lobby: Received Room UPDATE from Realtime
2026-01-22 13:25:34.612 RedLemon[21741:149032] 📨 Lobby: Received Room UPDATE from Realtime
2026-01-22 13:25:34.613 RedLemon[21741:149032] 📨 Lobby: Received Room UPDATE from Realtime
2026-01-22 13:25:34.756 RedLemon[21741:150819] 📝 Realtime: Unregistered observer 'player'
2026-01-22 13:25:34.757 RedLemon[21741:150332] 📝 [PLAYER] Playback State Changed ["state": "Paused"]
2026-01-22 13:25:34.960 RedLemon[21741:149032] ⚠️ PlayerVM: currentWatchPartyRoom set to NIL. Stack Trace unavailable, but check recent logs.
2026-01-22 13:25:35.213 RedLemon[21741:150674] 📨 Realtime: Received broadcast message
2026-01-22 13:25:35.213 RedLemon[21741:150674]    Payload keys: position, timestamp, type, senderId, isPlaying
2026-01-22 13:25:35.214 RedLemon[21741:150674] ✅ Realtime: Decoded message type: playbackState, sender: 96E01CDB-36C0-4228-A6E4-A29A3C66BC8E
2026-01-22 13:25:35.214 RedLemon[21741:149032] ⚠️ Received Realtime message with no chat text (Type: playbackState)
2026-01-22 13:25:42.874 RedLemon[21741:150674] 🔐 Signed request to /rpc/user_heartbeat
2026-01-22 13:25:47.926 RedLemon[21741:149032] 🚪 Joining room: 29ZB
2026-01-22 13:25:50.097 RedLemon[21741:149032] 🎬 Room is playing (or Live Event) - joining playback
2026-01-22 13:25:50.097 RedLemon[21741:149032] ✅ PlayerVM: currentWatchPartyRoom set to 29ZB
2026-01-22 13:25:50.331 RedLemon[21741:149032] 📡 Fetching metadata for tt33035373...
2026-01-22 13:25:50.414 RedLemon[21741:149032] 🎬 PlayerVM: Using Playlist Metadata: S1E1
2026-01-22 13:25:50.417 RedLemon[21741:151238] ✅ StreamService: Using provided metadata: His & Hers
2026-01-22 13:25:50.417 RedLemon[21741:151238] ⚡️ StreamService: Resolving streams via StreamResolver (Bypassing HTTP)...
2026-01-22 13:25:50.417 RedLemon[21741:151237] 📝 [APP] 🎬 StreamService: Starting resolution for: His & Hers ["file": "StreamService.swift", "level": "INFO", "line": "105"]
2026-01-22 13:25:50.417 RedLemon[21741:151238] ⚡️ StreamResolver: Resolving streams for tt33035373 (S1E1)
2026-01-22 13:25:50.418 RedLemon[21741:151238] 📝 [APP] New Session Started ["app_version": "1.0.125", "build": "125", "session_id": "A7285226-A560-419B-83B9-1F17275EA53F", "trigger_source": "manual", "user_id": "656DAA91-33B4-4688-9135-C982EA52D7C9"]
2026-01-22 13:25:50.418 RedLemon[21741:151238] 📝 [APP] Target Content Set ["imdb_id": "tt33035373"]
2026-01-22 13:25:50.419 RedLemon[21741:151238] 📝 [RESOLVER] Started Resolution ["episode": "1", "season": "1", "type": "series"]
2026-01-22 13:25:50.567 RedLemon[21741:150332]    📅 Filtering by year: 2026–
2026-01-22 13:25:50.695 RedLemon[21741:151238] 📦 StreamResolver: Fetching streams from ProviderManager...
2026-01-22 13:25:50.696 RedLemon[21741:151238] 🔍 ProviderManager: Fetching streams for tt33035373...
2026-01-22 13:25:50.696 RedLemon[21741:151237] 🔍 Zilean: Searching via IMDB ID: tt33035373
2026-01-22 13:25:50.696 RedLemon[21741:151204] 📺 DebridSearch: Building URL for S01E01
2026-01-22 13:25:50.696 RedLemon[21741:151204] 🔗 DebridSearch URL: https://68d69db7dc40-debrid-search.baby-beamup.club/%7B%22DebridProvider%22%3A%22RealDebrid%22,%22DebridApiKey%22%3A%22***%22%7D/stream/series/tt33035373:1:1.json
2026-01-22 13:25:50.696 RedLemon[21741:151204] 🔍 DebridSearch: Fetching https://68d69db7dc40-debrid-search.baby-beamup.club/%7B%22DebridProvider%22%3A%22RealDebrid%22,%22DebridApiKey%22%3A%22K67JV2V4FTUA7RYN6T34BFIUBRUZERBO45A6UL3O7TE5ZHFDQQSA%22%7D/stream/series/tt33035373:1:1.json
2026-01-22 13:25:50.696 RedLemon[21741:150332] ✨ Torrentio: Using Auto-Generated Config (RealDebrid)
2026-01-22 13:25:50.697 RedLemon[21741:150332] 📺 Torrentio: Building URL for S01E01
2026-01-22 13:25:50.697 RedLemon[21741:150332] 🔗 Torrentio URL (length: 125): https://torrentio.strem.fun/realdebrid=K67JV2V4FTUA7RYN6T34BFIUBRUZERBO45A6UL3O7TE5ZHFDQQSA/stream/series/tt33035373:1:1.json...
2026-01-22 13:25:50.697 RedLemon[21741:150332] 🔍 Torrentio: Fetching https://torrentio.strem.fun/realdebrid=K67JV2V4FTUA7RYN6T34BFIUBRUZERBO45A6UL3O7TE5ZHFDQQSA/stream/series/tt33035373:1:1.json
2026-01-22 13:25:50.701 RedLemon[21741:151083] 📡 Torrentio: HTTP 200, received 27245 bytes
2026-01-22 13:25:50.725 RedLemon[21741:151083] ✅ Torrentio: Parsed 48 streams from 48 raw
2026-01-22 13:25:51.479 RedLemon[21741:151204] ✅ Zilean: Got 1 results
2026-01-22 13:25:55.004 RedLemon[21741:151204] ✅ DebridSearch: Parsed 0 streams
2026-01-22 13:25:55.004 RedLemon[21741:151204] ✅ ProviderManager: Fetched 49 raw, returning 49 unique streams
2026-01-22 13:25:55.005 RedLemon[21741:151204] 📦 StreamResolver: Received 1 raw streams, bucketing...
2026-01-22 13:25:55.005 RedLemon[21741:151204] 📝 [RESOLVER] Providers Fetched ["torrentio": "1"]
2026-01-22 13:26:03.011 RedLemon[21741:150674] 📝 [RESOLVER] Resolution Complete ["1080p": "1", "2160p": "0", "720p": "0", "selected_provider": "torrentio", "selected_title": "Его и её / His & Hers [S01] (2026) WEB-DL 1080p от EniaHD | D
HIS.and.HERS.S01E01.1080p.NF.WEB-DL.H.264-EniaHD.mkv
👤 477 💾 2.25 GB ⚙️ Rutor
🇬🇧 / 🇷🇺 / 🇺🇦"]
2026-01-22 13:26:03.011 RedLemon[21741:150674] 📝 [RESOLVER] Host Stream Match ["hash": "e7108d4c2a7ff0c39070cc25ca35c27583d154e9"]
2026-01-22 13:26:03.012 RedLemon[21741:151237] 📝 [APP] 📦 StreamService: Found 1 total streams to try (across all qualities) ["file": "StreamService.swift", "level": "INFO", "line": "304"]
⏰ AppState: Next schedule update set for Event End: 2026-01-22 19:37:13 +0000
⏰ AppState: Scheduling update in 4365 seconds
✅ RD addMagnet: FSSR36ZJ5Y3DA
   [1] /HIS.and.HERS.S01E01.1080p.NF.WEB-DL.H.264-EniaHD.mkv (2.41 GB)
   [2] /HIS.and.HERS.S01E02.1080p.NF.WEB-DL.H.264-EniaHD.mkv (2.25 GB)
   [3] /HIS.and.HERS.S01E03.1080p.NF.WEB-DL.H.264-EniaHD.mkv (2.08 GB)
   [4] /HIS.and.HERS.S01E04.1080p.NF.WEB-DL.H.264-EniaHD.mkv (2.46 GB)
   [5] /HIS.and.HERS.S01E05.1080p.NF.WEB-DL.H.264-EniaHD.mkv (2.28 GB)
   [6] /HIS.and.HERS.S01E06.1080p.NF.WEB-DL.H.264-EniaHD.mkv (2.01 GB)
📺 TV Show: Selected episode S01E01 → file ID: 1, path: /HIS.and.HERS.S01E01.1080p.NF.WEB-DL.H.264-EniaHD.mkv
📝 RD: Selecting file ID 1 for torrent FSSR36ZJ5Y3DA
📝 Guest: Marked session as started (Idempotency Lock): e7108d4c
📊 RD poll 1/2: status=downloaded, links=1
🔗 Unrestricting link: https://real-debrid.com/d/N2C7AMQIVNYMAF13
🔄 Lobby: Fetching fresh room state from Supabase...
✅ Lobby: Synced CLEAN stream info, metadata & playlist to AppState
✅ StreamService: Stream unlocked successfully!
✅ StreamService: Selected stream: Его и её / His & Hers [S01] (2026) WEB-DL 1080p от EniaHD | D
HIS.and.HERS.S01E01.1080p.NF.WEB-DL.H.264-EniaHD.mkv
👤 477 💾 2.25 GB ⚙️ Rutor
🇬🇧 / 🇷🇺 / 🇺🇦
📊 Stream Size: 2.25 GB
📦 StreamService: Returning 0 candidate streams for fallback
✅ Cache HIT: Metadata[meta_series_tt33035373]
!!! MPVWrapper initialized - Build Version: 2026-01-19-GUEST-CACHE-BYPASS-v1 !!!
🔌 Setting up Realtime channel: watch-party:29ZB
   Role: Guest
   User ID: 656DAA91-33B4-4688-9135-C982EA52D7C9
📡 Connection state: connected
📡 Connection state: connecting
📡 Topic realtime:watch-party:29ZB already joined (interest count: 2), skipping phx_join
📡 Connection state: connected
✅ Realtime channel setup complete
✅ Cache HIT: Metadata[meta_series_tt33035373]
📡 SocialService: Updated status - online: His & Hers - S01E01: Episode 1
⏰ AppState: Next schedule update set for Event End: 2026-01-22 19:37:13 +0000
⏰ AppState: Scheduling update in 4359 seconds
⏰ AppState: Next schedule update set for Event End: 2026-01-22 19:37:13 +0000
⏰ AppState: Scheduling update in 4356 seconds
🔄 Lobby: Fetching fresh room state from Supabase...
🔄 Lobby: Fetching fresh room state from Supabase...
✅ Lobby: Synced CLEAN stream info, metadata & playlist to AppState
✅ Lobby: Synced CLEAN stream info, metadata & playlist to AppState
🔄 Lobby: Fetching fresh room state from Supabase...
✅ Lobby: Synced CLEAN stream info, metadata & playlist to AppState
⏰ AppState: Next schedule update set for Event End: 2026-01-22 19:37:13 +0000
⏰ AppState: Scheduling update in 4346 seconds
🔄 Lobby: Fetching fresh room state from Supabase...
✅ Lobby: Synced CLEAN stream info, metadata & playlist to AppState
⏰ AppState: Next schedule update set for Event End: 2026-01-22 19:37:13 +0000
⏰ AppState: Scheduling update in 4336 seconds
🔄 Lobby: Fetching fresh room state from Supabase...
✅ Lobby: Synced CLEAN stream info, metadata & playlist to AppState
🔄 Lobby: Fetching fresh room state from Supabase...
✅ Lobby: Synced CLEAN stream info, metadata & playlist to AppState
⏰ AppState: Next schedule update set for Event End: 2026-01-22 19:37:13 +0000
⏰ AppState: Scheduling update in 4326 seconds
🔄 Lobby: Fetching fresh room state from Supabase...
✅ Lobby: Synced CLEAN stream info, metadata & playlist to AppState
🔄 Lobby: Fetching fresh room state from Supabase...
✅ Lobby: Synced CLEAN stream info, metadata & playlist to AppState
🔄 Lobby: Fetching fresh room state from Supabase...
✅ Lobby: Synced CLEAN stream info, metadata & playlist to AppState
📡 [EventsConfig] Checking server for movie_events config version...
✅ [EventsConfig] Fetched movie_events version 1578 with 405 movies
✅ [EventsConfig] Using cached movie_events config (version 1578, 405 movies)
⏰ AppState: Next schedule update set for Event End: 2026-01-22 19:37:13 +0000
⏰ AppState: Scheduling update in 4315 seconds
🔄 Lobby: Fetching fresh room state from Supabase...
✅ Lobby: Synced CLEAN stream info, metadata & playlist to AppState
⏰ AppState: Next schedule update set for Event End: 2026-01-22 19:37:13 +0000
⏰ AppState: Scheduling update in 4306 seconds
🔄 Lobby: Fetching fresh room state from Supabase...
📋 Fetching rooms from Supabase backend (offset: 0, limit: 20, search: '')...
🔌 RoomListView: Setting up realtime subscription for rooms...
📋 Fetching rooms from Supabase backend (offset: 0, limit: 20, search: '')...
📡 Joined channel: realtime:rooms_updates (interest count: 1)
✅ RoomListView: Connected to rooms realtime updates
DEBUG: MPVPlayerViewModel.cleanup called - forcing cleanup. Reason: VIEW_DISAPPEAR
📡 SocialService: Updated status - Browsing: 
🧹 Cleaning up Realtime channel for room: 29ZB
🔄 Untracking presence on realtime:watch-party:29ZB...
📡 Topic realtime:watch-party:29ZB presence still tracked by other managers (count: 1), skipping phx_leave for presence
✅ Presence untracked
🔄 Leaving channel realtime:watch-party:29ZB...
📡 Topic realtime:watch-party:29ZB still in use by other managers (interest count: 1), skipping phx_leave
✅ Channel left
✅ Cache HIT: Metadata[meta_series_tt33035373]
📺 Found episode title for His & Hers S1E1: Episode 1
✅ Loaded 1 rooms (total: 1)
🔄 Lobby: Fetching fresh room state from Supabase...
🔄 Lobby: Fetching fresh room state from Supabase...
✅ Cache HIT: Metadata[meta_series_tt33035373]
📺 Found episode title for His & Hers S1E1: Episode 1
✅ Loaded 1 rooms (total: 1)
ℹ️ Keeping WebSocket connected (disconnectClient=false)
📡 Connection state: disconnected
✅ Realtime channel cleanup complete
♻️ RealtimeChannelManager deinitialized
☠️ LobbyViewModel deinit
🧹 LobbyViewModel: Triggering detached cleanup task...
🧹 Cleaning up Realtime channel for room: 29ZB
🔄 Untracking presence on realtime:watch-party:29ZB...
✅ Presence untracked
🔄 Leaving channel realtime:watch-party:29ZB...
📡 Left channel: realtime:watch-party:29ZB
✅ Channel left
📨 Unknown event: phx_close on realtime:watch-party:29ZB
ℹ️ Keeping WebSocket connected (disconnectClient=false)
📡 Connection state: disconnected
✅ Realtime channel cleanup complete
♻️ RealtimeChannelManager deinitialized
🚪 Joining room: 29ZB
⏰ AppState: Next schedule update set for Event End: 2026-01-22 19:37:13 +0000
⏰ AppState: Scheduling update in 4285 seconds
📡 [EventsConfig] Checking server for movie_events config version...
✅ [EventsConfig] Fetched movie_events version 1578 with 405 movies
✅ [EventsConfig] Using cached movie_events config (version 1578, 405 movies)
✅ Cache HIT: Metadata[meta_series_tt33035373]
✅ Cache HIT: Metadata[meta_series_tt33035373]
[2026-01-22T18:25:50Z] [INFO] [StreamService.swift:105] 🎬 StreamService: Starting resolution for: His & Hers
📡 Left channel: realtime:rooms_updates
🎬 StreamService: Resolving series - trusted pack filtering will be applied server-side
📨 Unknown event: phx_close on realtime:rooms_updates
🛡️ StreamResolver: Loaded 7 blocked streams from blacklist
🔍 MediaFusion: Fetching https://mediafusion.elfhosted.com/stream/series/tt33035373:1:1.json
🔍 Comet: Fetching https://comet.elfhosted.com/eyJkZWJyaWRTZXJ2aWNlIjoicmVhbGRlYnJpZCIsInJlbW92ZVRyYXNoIjpmYWxzZSwiZGVi...
✅ Comet: Got 1 streams
🔍 Comet: Parsing 1 streams...
⚠️ Comet: Skipping invalid redirect URL: https://comet.elfhosted.com/playback/EJlESUbevmrfGJCEaO1eO4X...
✅ Comet: Parsed 0 valid streams
⚠️ MediaFusion: HTTP 418
⚡️ StreamResolver: Optimizing for preferred hash: e7108d4c2a7ff0c39070cc25ca35c27583d154e9
   ✅ Found target stream immediately. Discarding everything else.
📊 StreamResolver: Provider Stats: [torrentio:1]
   ⚠️ Year string '2026–' could not be parsed; skipping year filter
   📺 Episode filter: 1 → 1 streams
🔍 Searching SubDL: tt33035373 (tv) S01E01
   ℹ️ Fallback Name: His & Hers (No Year)
⏰ AppState: Next schedule update set for Event End: 2026-01-22 19:37:13 +0000
⏰ AppState: Scheduling update in 4275 seconds
✅ Found 6 subtitles from SubDL (Primary)
   ⛔️ Dropped 'His and Hers (2026) S01E06 eng': Metadata mismatch (S1E6)
   ⛔️ Dropped 'His and Hers (2026) S01E05 eng': Metadata mismatch (S1E5)
   ⛔️ Dropped 'His and Hers (2026) S01E04 eng': Metadata mismatch (S1E4)
   ⛔️ Dropped 'His and Hers (2026) S01E02 eng': Metadata mismatch (S1E2)
   ⛔️ Dropped 'His and Hers (2026) S01E03 eng': Metadata mismatch (S1E3)
⚠️ Low subtitle count (1). Attempting supplemental Name Search for 'His & Hers'...
❌ StreamResolver: Subtitle error: Error Domain=NSURLErrorDomain Code=-999 "cancelled" UserInfo={NSErrorFailingURLStringKey=https://api.subdl.com/api/v1/subtitles?api_key=aGS2S1FTQ3441_1JAJaATPtgNVrcEhr7&film_name=His%20%26%20Hers&type=tv, NSErrorFailingURLKey=https://api.subdl.com/api/v1/subtitles?api_key=aGS2S1FTQ3441_1JAJaATPtgNVrcEhr7&film_name=His%20%26%20Hers&type=tv, _NSURLErrorRelatedURLSessionTaskErrorKey=(
    "LocalDataTask <05F90037-7A7A-4F57-A2BA-35A98C7ACFBD>.<1>"
), _NSURLErrorFailingURLSessionTaskErrorKey=LocalDataTask <05F90037-7A7A-4F57-A2BA-35A98C7ACFBD>.<1>, NSLocalizedDescription=cancelled}
⚠️ StreamResolver: Subtitle attachment timed out after 8s. Proceeding without initial subtitles.
👑 Auto-promoting season pack: Его и её / His & Hers [S01] (2026) WEB-DL 1080p от EniaHD | D
HIS.and.HERS.S01E01.1080p.NF.WEB-DL.H.264-EniaHD.mkv
👤 477 💾 2.25 GB ⚙️ Rutor
🇬🇧 / 🇷🇺 / 🇺🇦
   --- Processing Bucket: 2160p (Input: 0) ---
   ✅ Bucket 2160p Final Count: 0
   --- Processing Bucket: 1080p (Input: 1) ---
   ✅ Bucket 1080p Final Count: 1
   --- Processing Bucket: 720p (Input: 0) ---
   ✅ Bucket 720p Final Count: 0
   --- Processing Bucket: 480p (Input: 0) ---
   ✅ Bucket 480p Final Count: 0
📦 1080p Primary: Его и её / His & Hers [S01] (2026) WEB-DL 1080p от EniaHD | D
HIS.and.HERS.S01E01.1080p.NF.WEB-DL.H.264-EniaHD.mkv
👤 477 💾 2.25 GB ⚙️ Rutor
🇬🇧 / 🇷🇺 / 🇺🇦
✅ StreamResolver: Quality buckets ready
🔗 StreamService: Attempting to resolve specific stream hash: e7108d4c2a7ff0c39070cc25ca35c27583d154e9
✅ StreamService: Found requested stream hash! Locking selection.
[2026-01-22T18:26:03Z] [INFO] [StreamService.swift:304] 📦 StreamService: Found 1 total streams to try (across all qualities)
✅ StreamService: Found 1 H.264 streams (Tier 1)
✅ StreamService: Found 1 'Clean' English streams. Deprioritizing 0 localized/dual streams.
🔒 StreamService: Bypassing filters for enforced stream
🔄 StreamService: Trying stream 1/1: Его и её / His & Hers [S01] (2026) WEB-DL 1080p от EniaHD | D
HIS.and.HERS.S01E01.1080p.NF.WEB-DL.H.264-EniaHD.mkv
👤 477 💾 2.25 GB ⚙️ Rutor
🇬🇧 / 🇷🇺 / 🇺🇦
🔒 StreamService: Has infoHash - forcing proper unlock flow (bypass redirect)
🔓 StreamService: Unlocking with infoHash: e7108d4c2a7f...
[ INFO ] POST /api/streams/unlock [request-id: B89802D7-C14A-4B3B-97B2-C6EB1FB5CA3E]
2026-01-22 13:26:03.022 RedLemon[21741:151238] 🔓 Unlock request: infoHash=e7108d4c2a7f..., fileIdx=0
2026-01-22 13:26:03.022 RedLemon[21741:151238]    📺 TV Show: S1E1
2026-01-22 13:26:03.022 RedLemon[21741:151238] ✅ Token found, attempting unlock...
2026-01-22 13:26:03.022 RedLemon[21741:151238] ✅ Unlocked successfully: HIS.and.HERS.S01E01.1080p.NF.WEB-DL.H.264-EniaHD.mkv
2026-01-22 13:26:03.025 RedLemon[21741:151237] 📝 [RESOLVER] Stream Unlocked ["filename": "HIS.and.HERS.S01E01.1080p.NF.WEB-DL.H.264-EniaHD.mkv", "is_generic": "false", "original_title": "Его и её / His & Hers [S01] (2026) WEB-DL 1080p от EniaHD | D
HIS.and.HERS.S01E01.1080p.NF.WEB-DL.H.264-EniaHD.mkv
👤 477 💾 2.25 GB ⚙️ Rutor
🇬🇧 / 🇷🇺 / 🇺🇦", "url_host": "chi8-4.download.real-debrid.com"]
2026-01-22 13:26:03.073 RedLemon[21741:149032] ✅ Stream ready, starting playback...
2026-01-22 13:26:03.085 RedLemon[21741:150674] 📝 Realtime: Registered observer 'player' (Presence: YES, Sync: NO, Status: NO)
2026-01-22 13:26:03.096 RedLemon[21741:151237] 📝 [PLAYER] Resumed
2026-01-22 13:26:03.098 RedLemon[21741:151238] 📝 Realtime: Registered observer 'player' (Presence: NO, Sync: YES, Status: NO)
2026-01-22 13:26:03.136 RedLemon[21741:151237] 📝 [PLAYER] Load Video (Smart) ["url": "https://chi8-4.download.real-debrid.com/d/Q2ATRB27TNVZS23/HIS.and.HERS.S01E01.1080p.NF.WEB-DL.H.264-EniaHD.mkv"]
2026-01-22 13:26:03.191 RedLemon[21741:149032] [VIDEO_READY] isEvent: false, eventStartTime: nil
2026-01-22 13:26:03.200 RedLemon[21741:151083] 📝 [PLAYER] Playback State Changed ["state": "Playing"]
2026-01-22 13:26:03.200 RedLemon[21741:151083] 📝 [PLAYER] Playback State Changed ["state": "Paused"]
2026-01-22 13:26:03.229 RedLemon[21741:151239] 📝 [PLAYER] Buffering Started
2026-01-22 13:26:04.210 RedLemon[21741:151083] 📝 [PLAYER] Playback State Changed ["state": "Playing"]
2026-01-22 13:26:05.130 RedLemon[21741:151083] 📨 Realtime: Received broadcast message
2026-01-22 13:26:05.130 RedLemon[21741:151083]    Payload keys: isPlaying, position, timestamp, type, senderId
2026-01-22 13:26:05.130 RedLemon[21741:151083] ✅ Realtime: Decoded message type: playbackState, sender: 96E01CDB-36C0-4228-A6E4-A29A3C66BC8E
2026-01-22 13:26:05.985 RedLemon[21741:151238] 📝 [PLAYER] File Loaded ["duration": "2799.296"]
2026-01-22 13:26:06.259 RedLemon[21741:151083] 📝 [PLAYER] Executing Pending Seek ["target": "61.0"]
2026-01-22 13:26:07.136 RedLemon[21741:151238] 📨 Realtime: Received broadcast message
2026-01-22 13:26:07.136 RedLemon[21741:151238]    Payload keys: position, senderId, isPlaying, type, timestamp
2026-01-22 13:26:07.137 RedLemon[21741:151238] ✅ Realtime: Decoded message type: playbackState, sender: 96E01CDB-36C0-4228-A6E4-A29A3C66BC8E
2026-01-22 13:26:08.192 RedLemon[21741:151239] 📤 Realtime: Sending message type: ready, sender: 656daa91-33b4-4688-9135-c982ea52d7c9
2026-01-22 13:26:08.192 RedLemon[21741:151239]    Payload keys: isPlaying, senderId, type, position, timestamp
2026-01-22 13:26:08.194 RedLemon[21741:151237] ✅ Realtime: Message broadcast complete
2026-01-22 13:26:08.208 RedLemon[21741:151238] 📝 [PLAYER] Playback State Changed ["state": "Paused"]
2026-01-22 13:26:08.217 RedLemon[21741:151237] 🔐 Signed request to /rpc/user_heartbeat
2026-01-22 13:26:08.320 RedLemon[21741:151204] 📨 Realtime: Received broadcast message
2026-01-22 13:26:08.321 RedLemon[21741:151204]    Payload keys: position, type, timestamp, isPlaying, senderId
2026-01-22 13:26:08.321 RedLemon[21741:151204] ✅ Realtime: Decoded message type: ready, sender: 656daa91-33b4-4688-9135-c982ea52d7c9
2026-01-22 13:26:09.128 RedLemon[21741:151239] 📨 Realtime: Received broadcast message
2026-01-22 13:26:09.128 RedLemon[21741:151239]    Payload keys: senderId, type, position, timestamp, isPlaying
2026-01-22 13:26:09.128 RedLemon[21741:151239] ✅ Realtime: Decoded message type: playbackState, sender: 96E01CDB-36C0-4228-A6E4-A29A3C66BC8E
2026-01-22 13:26:09.153 RedLemon[21741:151204] 📝 [PLAYER] Playback State Changed ["state": "Playing"]
2026-01-22 13:26:09.708 RedLemon[21741:151204] 📨 Realtime: Received broadcast message
2026-01-22 13:26:09.708 RedLemon[21741:151204]    Payload keys: isPlaying, type, position, senderId, timestamp
2026-01-22 13:26:09.709 RedLemon[21741:151204] ✅ Realtime: Decoded message type: play, sender: 96e01cdb-36c0-4228-a6e4-a29a3c66bc8e
2026-01-22 13:26:11.110 RedLemon[21741:151239] 📨 Realtime: Received broadcast message
2026-01-22 13:26:11.110 RedLemon[21741:151239]    Payload keys: timestamp, senderId, type, isPlaying, position
2026-01-22 13:26:11.110 RedLemon[21741:151239] ✅ Realtime: Decoded message type: playbackState, sender: 96E01CDB-36C0-4228-A6E4-A29A3C66BC8E
2026-01-22 13:26:13.201 RedLemon[21741:150674] 🔐 SupabaseClient: Signing Identity Payload: '1769106373656daa91-33b4-4688-9135-c982ea52d7c9/rpc/room_heartbeat'
2026-01-22 13:26:13.202 RedLemon[21741:150674] 🔐 Signed request to /rpc/room_heartbeat
2026-01-22 13:26:13.204 RedLemon[21741:150674] 📨 Realtime: Received broadcast message
2026-01-22 13:26:13.205 RedLemon[21741:150674]    Payload keys: senderId, isPlaying, position, type, timestamp
2026-01-22 13:26:13.205 RedLemon[21741:150674] ✅ Realtime: Decoded message type: playbackState, sender: 96E01CDB-36C0-4228-A6E4-A29A3C66BC8E
2026-01-22 13:26:15.127 RedLemon[21741:151237] 📨 Realtime: Received broadcast message
2026-01-22 13:26:15.127 RedLemon[21741:151237]    Payload keys: timestamp, type, isPlaying, position, senderId
2026-01-22 13:26:15.128 RedLemon[21741:151237] ✅ Realtime: Decoded message type: playbackState, sender: 96E01CDB-36C0-4228-A6E4-A29A3C66BC8E
2026-01-22 13:26:17.178 RedLemon[21741:150674] 📨 Realtime: Received broadcast message
2026-01-22 13:26:17.179 RedLemon[21741:150674]    Payload keys: type, isPlaying, position, senderId, timestamp
2026-01-22 13:26:17.179 RedLemon[21741:150674] ✅ Realtime: Decoded message type: playbackState, sender: 96E01CDB-36C0-4228-A6E4-A29A3C66BC8E
2026-01-22 13:26:19.096 RedLemon[21741:151083] 📨 Realtime: Received broadcast message
2026-01-22 13:26:19.097 RedLemon[21741:151083]    Payload keys: senderId, type, isPlaying, position, timestamp
2026-01-22 13:26:19.097 RedLemon[21741:151083] ✅ Realtime: Decoded message type: playbackState, sender: 96E01CDB-36C0-4228-A6E4-A29A3C66BC8E
2026-01-22 13:26:21.167 RedLemon[21741:151238] 📨 Realtime: Received broadcast message
2026-01-22 13:26:21.167 RedLemon[21741:151238]    Payload keys: position, timestamp, isPlaying, senderId, type
2026-01-22 13:26:21.168 RedLemon[21741:151238] ✅ Realtime: Decoded message type: playbackState, sender: 96E01CDB-36C0-4228-A6E4-A29A3C66BC8E
2026-01-22 13:26:23.088 RedLemon[21741:150674] 📨 Realtime: Received broadcast message
2026-01-22 13:26:23.088 RedLemon[21741:150674]    Payload keys: senderId, position, isPlaying, type, timestamp
2026-01-22 13:26:23.089 RedLemon[21741:150674] ✅ Realtime: Decoded message type: playbackState, sender: 96E01CDB-36C0-4228-A6E4-A29A3C66BC8E
2026-01-22 13:26:25.185 RedLemon[21741:151237] 📨 Realtime: Received broadcast message
2026-01-22 13:26:25.185 RedLemon[21741:151237]    Payload keys: isPlaying, senderId, timestamp, position, type
2026-01-22 13:26:25.186 RedLemon[21741:151237] ✅ Realtime: Decoded message type: playbackState, sender: 96E01CDB-36C0-4228-A6E4-A29A3C66BC8E
2026-01-22 13:26:27.097 RedLemon[21741:150674] 📨 Realtime: Received broadcast message
2026-01-22 13:26:27.097 RedLemon[21741:150674]    Payload keys: senderId, position, isPlaying, timestamp, type
2026-01-22 13:26:27.098 RedLemon[21741:150674] ✅ Realtime: Decoded message type: playbackState, sender: 96E01CDB-36C0-4228-A6E4-A29A3C66BC8E
2026-01-22 13:26:29.134 RedLemon[21741:151362] 📨 Realtime: Received broadcast message
2026-01-22 13:26:29.135 RedLemon[21741:151362]    Payload keys: isPlaying, senderId, timestamp, type, position
2026-01-22 13:26:29.138 RedLemon[21741:151362] ✅ Realtime: Decoded message type: playbackState, sender: 96E01CDB-36C0-4228-A6E4-A29A3C66BC8E
2026-01-22 13:26:31.186 RedLemon[21741:151238] 📨 Realtime: Received broadcast message
2026-01-22 13:26:31.186 RedLemon[21741:151238]    Payload keys: position, type, isPlaying, senderId, timestamp
2026-01-22 13:26:31.187 RedLemon[21741:151238] ✅ Realtime: Decoded message type: returnToLobby, sender: 96e01cdb-36c0-4228-a6e4-a29a3c66bc8e
2026-01-22 13:26:31.280 RedLemon[21741:150674] 📝 [PLAYER] Playback State Changed ["state": "Paused"]
2026-01-22 13:26:32.005 RedLemon[21741:151238] 📨 Realtime: Received broadcast message
2026-01-22 13:26:32.005 RedLemon[21741:151238]    Payload keys: senderId, chatUsername, timestamp, chatText, position, type, isPlaying
2026-01-22 13:26:32.006 RedLemon[21741:151238] ✅ Realtime: Decoded message type: returnToLobby, sender: 96e01cdb-36c0-4228-a6e4-a29a3c66bc8e
2026-01-22 13:26:32.322 RedLemon[21741:150674] 📝 Realtime: Unregistered observer 'player'
2026-01-22 13:26:32.547 RedLemon[21741:149032] [LOBBY_VIEW] onAppear: shouldAutoJoinLobby=false, room=29ZB, timeUntilStart=0
✅ RD cache hit: e7108d4c2a7f
✅ StreamService: Stream unlocked successfully!
✅ StreamService: Selected stream: Его и её / His & Hers [S01] (2026) WEB-DL 1080p от EniaHD | D
HIS.and.HERS.S01E01.1080p.NF.WEB-DL.H.264-EniaHD.mkv
👤 477 💾 2.25 GB ⚙️ Rutor
🇬🇧 / 🇷🇺 / 🇺🇦
📊 Stream Size: 2.25 GB
📦 StreamService: Returning 0 candidate streams for fallback
!!! MPVWrapper initialized - Build Version: 2026-01-19-GUEST-CACHE-BYPASS-v1 !!!
🔌 Setting up Realtime channel: watch-party:29ZB
   Role: Guest
   User ID: 656DAA91-33B4-4688-9135-C982EA52D7C9
📡 Connection state: connected
📡 Connection state: connecting
📡 Joined channel: realtime:watch-party:29ZB (interest count: 1)
📡 Connection state: connected
✅ Realtime channel setup complete
✅ Cache HIT: Metadata[meta_series_tt33035373]
📡 SocialService: Updated status - online: His & Hers - S01E01: Episode 1
⏰ AppState: Next schedule update set for Event End: 2026-01-22 19:37:13 +0000
⏰ AppState: Scheduling update in 4270 seconds
⏰ AppState: Next schedule update set for Event End: 2026-01-22 19:37:13 +0000
⏰ AppState: Scheduling update in 4266 seconds
📡 [EventsConfig] Checking server for movie_events config version...
✅ [EventsConfig] Fetched movie_events version 1578 with 405 movies
✅ [EventsConfig] Using cached movie_events config (version 1578, 405 movies)
⏰ AppState: Next schedule update set for Event End: 2026-01-22 19:37:13 +0000
⏰ AppState: Scheduling update in 4256 seconds
⏰ AppState: Next schedule update set for Event End: 2026-01-22 19:37:13 +0000
⏰ AppState: Scheduling update in 4246 seconds
DEBUG: MPVPlayerViewModel.cleanup called - forcing cleanup. Reason: RETURN_TO_LOBBY_SIGNAL
🔔 Lobby: Displaying pending message: Host returned the group to the lobby.
🔄 Lobby: Returning from playback - resetting connection status
🎭 Lobby: Connecting to room 29ZB...
🚦 Lobby State: connecting
🔄 Lobby: Fetching fresh room state from Supabase...
🔄 Lobby: Fetching fresh room state from Supabase...
[ INFO ] GET /api/metadata/meta/series/tt33035373 [request-id: 8983C4E5-47C0-43E0-920B-D8025DBB2E03]
[ INFO ] GET /api/metadata/meta/series/tt33035373 [request-id: E63C9C7E-B8FF-41C1-86C0-86C1A5DFD429]
2026-01-22 13:26:32.760 RedLemon[21741:149032] [LOBBY_VIEW] onAppear: shouldAutoJoinLobby=false, room=29ZB, timeUntilStart=0
2026-01-22 13:26:32.850 RedLemon[21741:151362] 📝 Realtime: Registered observer 'lobby' (Presence: YES, Sync: NO, Status: NO)
2026-01-22 13:26:32.850 RedLemon[21741:151238] 📝 Realtime: Registered observer 'lobby' (Presence: YES, Sync: NO, Status: NO)
2026-01-22 13:26:32.962 RedLemon[21741:150674] ❌ [13:26:32.962] [NETWORK] [SupabaseClient.swift:364] Supabase API Error: new row violates row-level security policy (USING expression) for table "room_participants"
2026-01-22 13:26:33.028 RedLemon[21741:149032] ❌ Lobby: Failed to connect - userMessage("new row violates row-level security policy (USING expression) for table \"room_participants\"")
2026-01-22 13:26:33.028 RedLemon[21741:149032]    Guest could not join room in database
2026-01-22 13:26:33.295 RedLemon[21741:151083] 📝 Realtime: Registered observer 'lobby' (Presence: NO, Sync: YES, Status: NO)
2026-01-22 13:26:33.295 RedLemon[21741:150674] 📝 Realtime: Registered observer 'lobby' (Presence: NO, Sync: YES, Status: NO)
2026-01-22 13:26:33.365 RedLemon[21741:151362] 🔐 SupabaseClient: Signing Identity Payload: '1769106393656daa91-33b4-4688-9135-c982ea52d7c9/rpc/room_heartbeat'
2026-01-22 13:26:33.365 RedLemon[21741:151362] 🔐 Signed request to /rpc/room_heartbeat
2026-01-22 13:26:33.570 RedLemon[21741:151238] 🔐 Signed request to /rpc/user_heartbeat
2026-01-22 13:26:36.595 RedLemon[21741:149032] 🛡️ Lobby: User 656daa91-33b4-4688-9135-c982ea52d7c9 remains online (Remaining Refs: 1)
2026-01-22 13:26:36.595 RedLemon[21741:149032] 🛡️ Lobby: User 656daa91-33b4-4688-9135-c982ea52d7c9 remains online (Remaining Refs: 1)
2026-01-22 13:26:36.595 RedLemon[21741:149032] 🛡️ Lobby: Suppressing false 'User Left' for ursinho - joined 3.2s ago (stale presence leave)
2026-01-22 13:26:36.595 RedLemon[21741:149032] 🛡️ Lobby: Suppressing false 'User Left' for ursinho - joined 3.2s ago (stale presence leave)
2026-01-22 13:26:39.812 RedLemon[21741:149032] 👋 ursinho left room (confirmed by DB polling - Zombie Cleanup)
2026-01-22 13:26:57.209 RedLemon[21741:151362] 📨 Realtime: Received broadcast message
2026-01-22 13:26:57.209 RedLemon[21741:151239] 📨 Realtime: Received broadcast message
2026-01-22 13:26:57.209 RedLemon[21741:151083] 📨 Realtime: Received broadcast message
2026-01-22 13:26:57.209 RedLemon[21741:151362]    Payload keys: chatText, senderId, chatUsername, type, position, timestamp, isPremium
2026-01-22 13:26:57.209 RedLemon[21741:151083]    Payload keys: chatText, senderId, chatUsername, type, position, timestamp, isPremium
2026-01-22 13:26:57.209 RedLemon[21741:151239]    Payload keys: chatText, senderId, chatUsername, type, position, timestamp, isPremium
2026-01-22 13:26:57.209 RedLemon[21741:151083] ✅ Realtime: Decoded message type: chat, sender: 96e01cdb-36c0-4228-a6e4-a29a3c66bc8e
2026-01-22 13:26:57.209 RedLemon[21741:151362] ✅ Realtime: Decoded message type: chat, sender: 96e01cdb-36c0-4228-a6e4-a29a3c66bc8e
2026-01-22 13:26:57.210 RedLemon[21741:151239] ✅ Realtime: Decoded message type: chat, sender: 96e01cdb-36c0-4228-a6e4-a29a3c66bc8e
2026-01-22 13:27:00.250 RedLemon[21741:151239] 🔐 Signed request to /rpc/user_heartbeat
2026-01-22 13:27:03.926 RedLemon[21741:151204] 📤 Realtime: Sending message type: chat, sender: 55279a99-7f82-45e6-b58b-6091d927a63d
2026-01-22 13:27:03.927 RedLemon[21741:151204]    Payload keys: senderId, isPremium, timestamp, type, chatText, chatUsername, position
2026-01-22 13:27:03.927 RedLemon[21741:151204] ✅ Realtime: Message broadcast complete
2026-01-22 13:27:03.927 RedLemon[21741:149032] 📡 ChatManager: Chat message sent via Realtime
2026-01-22 13:27:04.052 RedLemon[21741:151083] 📨 Realtime: Received broadcast message
2026-01-22 13:27:04.052 RedLemon[21741:151204] 📨 Realtime: Received broadcast message
2026-01-22 13:27:04.052 RedLemon[21741:150674] 📨 Realtime: Received broadcast message
2026-01-22 13:27:04.052 RedLemon[21741:151083]    Payload keys: position, isPremium, timestamp, type, senderId, chatText, chatUsername
2026-01-22 13:27:04.052 RedLemon[21741:150674]    Payload keys: position, isPremium, timestamp, type, senderId, chatText, chatUsername
2026-01-22 13:27:04.052 RedLemon[21741:151204]    Payload keys: position, isPremium, timestamp, type, senderId, chatText, chatUsername
2026-01-22 13:27:04.053 RedLemon[21741:151083] ✅ Realtime: Decoded message type: chat, sender: 55279a99-7f82-45e6-b58b-6091d927a63d
2026-01-22 13:27:04.053 RedLemon[21741:150674] ✅ Realtime: Decoded message type: chat, sender: 55279a99-7f82-45e6-b58b-6091d927a63d
2026-01-22 13:27:04.053 RedLemon[21741:151204] ✅ Realtime: Decoded message type: chat, sender: 55279a99-7f82-45e6-b58b-6091d927a63d
2026-01-22 13:27:08.636 RedLemon[21741:150674] 🔐 SupabaseClient: Signing Identity Payload: '1769106428656daa91-33b4-4688-9135-c982ea52d7c9/rpc/room_heartbeat'
2026-01-22 13:27:08.637 RedLemon[21741:150674] 🔐 Signed request to /rpc/room_heartbeat
2026-01-22 13:27:25.787 RedLemon[21741:151239] 🔐 Signed request to /rpc/user_heartbeat
2026-01-22 13:27:51.173 RedLemon[21741:151204] 🔐 Signed request to /rpc/user_heartbeat
2026-01-22 13:28:16.932 RedLemon[21741:151935] 🔐 Signed request to /rpc/user_heartbeat
⚠️ Lobby: Connection already in progress - skipping duplicate connect call
📡 SocialService: Updated status - In Lobby: His & Hers: His & Hers
📉 SocialService: User 656daa91-33b4-4688-9135-c982ea52d7c9 went offline (No active refs)
📈 SocialService: User 656daa91-33b4-4688-9135-c982ea52d7c9 came online
📡 SocialService: Updated status - In Lobby: His & Hers: His & Hers
♻️ Lobby: Room stopped playing. Resetting auto-start session ID.
✅ Lobby: Synced CLEAN stream info, metadata & playlist to AppState
✅ Lobby: Loaded metadata for His & Hers
✅ Lobby: Loaded metadata for His & Hers
🚦 Lobby State: error("new row violates row-level security policy (USING expression) for table \"room_participants\"")
✅ Lobby: Synced CLEAN stream info, metadata & playlist to AppState
🔌 Setting up Realtime channel: watch-party:29ZB
   Role: Guest
   User ID: 55279a99-7f82-45e6-b58b-6091d927a63d
📡 Connection state: connected
📡 Connection state: connecting
📡 Topic realtime:watch-party:29ZB already joined (interest count: 2), skipping phx_join
🔌 Setting up Realtime channel: watch-party:29ZB
   Role: Guest
   User ID: 656daa91-33b4-4688-9135-c982ea52d7c9
📡 Connection state: connected
📡 Connection state: connecting
📡 Topic realtime:watch-party:29ZB already joined (interest count: 3), skipping phx_join
📡 Connection state: connected
✅ Realtime channel setup complete
📡 Connection state: connected
✅ Realtime channel setup complete
🔄 Lobby: Starting database polling for participants and room state...
💓 Lobby: Starting heartbeat loop...
🔄 LobbyDatabase: Starting room state polling for guests...
✅ Lobby: Connected to Realtime
✅ Lobby: Connected to Realtime
⏰ AppState: Next schedule update set for Event End: 2026-01-22 19:37:13 +0000
⏰ AppState: Scheduling update in 4236 seconds
🛡️ Lobby: Auto-Join safety delay passed (8s). Enabled for late joiners.
🛡️ Lobby: Auto-Join safety delay passed (8s). Enabled for late joiners.
⏰ AppState: Next schedule update set for Event End: 2026-01-22 19:37:13 +0000
⏰ AppState: Scheduling update in 4226 seconds
⏰ AppState: Next schedule update set for Event End: 2026-01-22 19:37:13 +0000
⏰ AppState: Scheduling update in 4216 seconds
⏰ AppState: Next schedule update set for Event End: 2026-01-22 19:37:13 +0000
⏰ AppState: Scheduling update in 4205 seconds
📡 [EventsConfig] Checking server for movie_events config version...
✅ [EventsConfig] Fetched movie_events version 1578 with 405 movies
✅ [EventsConfig] Using cached movie_events config (version 1578, 405 movies)
⏰ AppState: Next schedule update set for Event End: 2026-01-22 19:37:13 +0000
⏰ AppState: Scheduling update in 4196 seconds
⏰ AppState: Next schedule update set for Event End: 2026-01-22 19:37:13 +0000
⏰ AppState: Scheduling update in 4186 seconds
⏰ AppState: Next schedule update set for Event End: 2026-01-22 19:37:13 +0000
⏰ AppState: Scheduling update in 4176 seconds
☠️ LobbyViewModel deinit
🧹 LobbyViewModel: Triggering detached cleanup task...
🧹 Cleaning up Realtime channel for room: 29ZB
🔄 Untracking presence on realtime:watch-party:29ZB...
📡 Topic realtime:watch-party:29ZB presence still tracked by other managers (count: 2), skipping phx_leave for presence
✅ Presence untracked
🔄 Leaving channel realtime:watch-party:29ZB...
📡 Topic realtime:watch-party:29ZB still in use by other managers (interest count: 2), skipping phx_leave
✅ Channel left
ℹ️ Keeping WebSocket connected (disconnectClient=false)
📡 Connection state: disconnected
✅ Realtime channel cleanup complete
♻️ RealtimeChannelManager deinitialized
⏰ AppState: Next schedule update set for Event End: 2026-01-22 19:37:13 +0000
⏰ AppState: Scheduling update in 4165 seconds
⏰ AppState: Next schedule update set for Event End: 2026-01-22 19:37:13 +0000
⏰ AppState: Scheduling update in 4156 seconds
⏰ AppState: Next schedule update set for Event End: 2026-01-22 19:37:13 +0000
⏰ AppState: Scheduling update in 4146 seconds
📡 [EventsConfig] Checking server for movie_events config version...
✅ [EventsConfig] Fetched movie_events version 1578 with 405 movies
✅ [EventsConfig] Using cached movie_events config (version 1578, 405 movies)
⏰ AppState: Next schedule update set for Event End: 2026-01-22 19:37:13 +0000
⏰ AppState: Scheduling update in 4136 seconds
⏰ AppState: Next schedule update set for Event End: 2026-01-22 19:37:13 +0000
⏰ AppState: Scheduling update in 4126 seconds
📉 SocialService: User 96e01cdb-36c0-4228-a6e4-a29a3c66bc8e went offline (No active refs)
