2026-01-21 00:47:31.499 RedLemon[50656:420334] 🪟 Set initial window to expanded size: (0.0, 148.0, 1366.0, 595.0)
2026-01-21 00:47:31.499 RedLemon[50656:420334] ✅ Cache cleanup timer started (runs every 30 minutes)
2026-01-21 00:47:31.553 RedLemon[50656:420334] 🔄 Resetting playback state to prevent auto-selection...
2026-01-21 00:47:31.556 RedLemon[50656:420334] ⚠️ PlayerVM: currentWatchPartyRoom set to NIL. Stack Trace unavailable, but check recent logs.
2026-01-21 00:47:31.592 RedLemon[50656:420334] ✅ Playback state reset complete - starting in browse view
2026-01-21 00:47:31.592 RedLemon[50656:420334] ✨ RedLemon: First run detected. Initiating onboarding tour.
2026-01-21 00:47:32.158 RedLemon[50656:420334] 🔐 APP STARTUP: Loading stored user credentials...
2026-01-21 00:47:32.159 RedLemon[50656:420334] 🧪 Testing Profile: debug
2026-01-21 00:47:32.166 RedLemon[50656:420390] 📂 Loaded 0 credential(s) from cache
2026-01-21 00:47:32.181 RedLemon[50656:420334] ℹ️  KEYCHAIN: No stored username found
2026-01-21 00:47:32.181 RedLemon[50656:420334] ❌ NO FALLBACK: No UUID found in UserDefaults either
2026-01-21 00:47:32.181 RedLemon[50656:420334]    User will need to create a new username
2026-01-21 00:47:32.181 RedLemon[50656:420334] 🏁 AUTH COMPLETE: Final state - username=, userId=nil
2026-01-21 00:47:32.182 RedLemon[50656:420334] 🚀 RedLemon: Starting HTTP server...
2026-01-21 00:47:32.182 RedLemon[50656:420334] 📋 RedLemon: Current directory: /Users/danielnoble/Desktop/Redlemon
2026-01-21 00:47:32.204 RedLemon[50656:420334] ✅ RedLemon: HTTPServer instance created
2026-01-21 00:47:32.204 RedLemon[50656:420334] ✅ RedLemon: Server marked as ready (Optimistic)
2026-01-21 00:47:32.204 RedLemon[50656:420390] 📡 RedLemon: Server starting on port 47253...
⏲️ [EventsConfig] Starting polling fallback (every 60s)
🔌 Connecting to Supabase Realtime: wss://151.243.109.243.nip.io/realtime/v1/websocket
✅ Connected to Supabase Realtime
📡 Sparkle requesting feed URL: https://151.243.109.243.nip.io/updates/appcast.xml
✅ Sparkle configured (seamless mode)
   Appcast URL: https://151.243.109.243.nip.io/updates/appcast.xml
   Can check: true
📅 EventsView appeared
📡 Joined channel: realtime:events_config_updates (interest count: 1)
✅ [EventsConfig] Subscribed to realtime schedule updates
🎬 [EventsView] Fetching movie events from centralized config...
📡 [EventsConfig] Checking server for movie_events config version...
🔍 Memory pressure monitoring enabled (safe mode)
🔍 Silent update check (custom implementation)...
📦 Current build: 124, Latest build: 124
✅ App is up to date (current: 124, latest: 124)
🖥️ CacheManager initialized with fixed conservative limits
   Image cache limit: 30 items
📡 Sparkle requesting feed URL: https://151.243.109.243.nip.io/updates/appcast.xml
✅ Token routes registered:
   POST /tokens/save
   POST /tokens/delete
   GET  /tokens/list
✅ Unlock routes registered:
   POST /api/streams/unlock
✅ Stream routes registered:
   POST /api/streams/resolve
   GET  /api/streams/resolveByQuality
   GET  /api/streams/resolveAll
✅ Proxy routes registered:
   GET /play/rd/:infoHash/:fileIdx
   GET /play/rd/:infoHash
✅ Subtitle routes registered:
   GET /subtitles/search?imdbId=&type=
   GET /subtitles/subdl/:encodedPath
✅ All routes registered
✅ HTTP Server configured on http://127.0.0.1:47253
🚀 Starting HTTP server...
✅ Providers initialized: torrentio, comet, zilean, mediafusion, debridsearch
[ NOTICE ] Server started on http://127.0.0.1:47253
2026-01-21 00:47:32.242 RedLemon[50656:420334] ✅ RedLemon: Server should be running on http://127.0.0.1:47253
2026-01-21 00:47:32.242 RedLemon[50656:420334] 🏥 [AppState] Starting global provider health check...
2026-01-21 00:47:32.242 RedLemon[50656:420334] 🔍 Performing startup checks...
2026-01-21 00:47:32.242 RedLemon[50656:420334] ✅ Username-based authentication ready
2026-01-21 00:47:32.302 RedLemon[50656:420438] ⚠️ Request requested signing but no keys found in Keychain
2026-01-21 00:47:32.721 RedLemon[50656:420390] ❌ [00:47:32.721] [NETWORK] [SupabaseClient.swift:341] Supabase error (400): {"error":"Unauthorized: No Token or User ID provided"}
2026-01-21 00:47:32.838 RedLemon[50656:420334] 🔄 Checking for app updates...
2026-01-21 00:47:32.843 RedLemon[50656:420467] 🎬 Torrentio: Building URL for movie (no season/episode)
2026-01-21 00:47:32.843 RedLemon[50656:420467] 🔗 Torrentio URL (length: 55): https://torrentio.strem.fun/stream/movie/tt0133093.json...
2026-01-21 00:47:33.294 RedLemon[50656:420334] ✅ [AppState] Provider health check complete (found 7 services)
2026-01-21 00:49:35.019 RedLemon[50656:421755] 💾 KeychainManager: Saving username 'ursinho' to UserDefaults
2026-01-21 00:49:35.020 RedLemon[50656:421755] ✅ KeychainManager: Username saved successfully
2026-01-21 00:49:35.119 RedLemon[50656:421755] 🔐 KeychainManager: Key pair saved securely
2026-01-21 00:49:47.777 RedLemon[50656:420334] 🏥 [AppState] Starting global provider health check...
2026-01-21 00:49:48.325 RedLemon[50656:421755] 🎬 Torrentio: Building URL for movie (no season/episode)
2026-01-21 00:49:48.326 RedLemon[50656:421755] 🔗 Torrentio URL (length: 55): https://torrentio.strem.fun/stream/movie/tt0133093.json...
2026-01-21 00:49:49.166 RedLemon[50656:420334] ✅ [AppState] Provider health check complete (found 7 services)
2026-01-21 00:49:53.326 RedLemon[50656:421686] 📝 [APP] 🎟️ Joining event: Rush Hour 2 (Live: true) ["file": "EventsView.swift", "level": "INFO", "line": "253"]
2026-01-21 00:49:53.326 RedLemon[50656:421686] 📝 [APP] SessionRecorder initialized
2026-01-21 00:49:53.458 RedLemon[50656:421686] 📡 StreamService: Fetching metadata for tt0266915...
2026-01-21 00:49:53.458 RedLemon[50656:422074] 📝 [APP] 🎬 StreamService: Starting resolution for: Rush Hour 2 ["file": "StreamService.swift", "level": "INFO", "line": "104"]
✅ HTTP server running on http://127.0.0.1:47253

🔗 Available endpoints:
   http://127.0.0.1:47253/health
   http://127.0.0.1:47253/status
   http://127.0.0.1:47253/api/health

💰 LicenseManager: Starting hybrid license check...
✅ [EventsConfig] Fetched movie_events version 1562 with 405 movies
✅ [EventsConfig] Using cached movie_events config (version 1562, 405 movies)
✅ [EventsView] Loaded 405 movies from config version 1562
🗓 AppState: Updated schedule epoch to 2026-01-20 13:09:20 +0000
⏰ AppState: Next schedule update set for Event End: 2026-01-21 06:56:20 +0000
⏰ AppState: Scheduling update in 4128 seconds
⚠️ LicenseManager: Payment sweep failed (non-fatal): httpError(400, "{\"error\":\"Unauthorized: No Token or User ID provided\"}")
🖼️ [CACHE] Cached image data for key: https://images.metahub.space/background/medium/tt0480687/img (901283 bytes)
🔍 Silent update check (custom implementation)...
⏰ TimeService: Synchronizing clock with server...
🚫 License revoked or inactive.
🖼️ [CACHE] Cached image data for key: https://images.metahub.space/background/medium/tt29644189/img (793673 bytes)
🖼️ [CACHE] Cached image data for key: https://images.metahub.space/background/medium/tt0266915/img (786827 bytes)
📦 Current build: 124, Latest build: 124
✅ App is up to date (current: 124, latest: 124)
✅ TimeService: Synced! Offset: 0.103s (RTT: 190ms)
   Local:  2026-01-21 05:47:33 +0000
   Server: 2026-01-21 05:47:33 +0000
⏰ Time synced with server! AppState should automatically recalculate.
⏰ AppState: Next schedule update set for Event End: 2026-01-21 06:56:20 +0000
⏰ AppState: Scheduling update in 4127 seconds
⏰ AppState: Next schedule update set for Event End: 2026-01-21 06:56:20 +0000
⏰ AppState: Scheduling update in 4127 seconds
⏰ AppState: Next schedule update set for Event End: 2026-01-21 06:56:20 +0000
⏰ AppState: Scheduling update in 4117 seconds
⏰ AppState: Next schedule update set for Event End: 2026-01-21 06:56:20 +0000
⏰ AppState: Scheduling update in 4107 seconds
⏰ AppState: Next schedule update set for Event End: 2026-01-21 06:56:20 +0000
⏰ AppState: Scheduling update in 4096 seconds
⏰ AppState: Next schedule update set for Event End: 2026-01-21 06:56:20 +0000
⏰ AppState: Scheduling update in 4087 seconds
⏰ AppState: Next schedule update set for Event End: 2026-01-21 06:56:20 +0000
⏰ AppState: Scheduling update in 4077 seconds
📡 [EventsConfig] Checking server for movie_events config version...
✅ [EventsConfig] Fetched movie_events version 1562 with 405 movies
✅ [EventsConfig] Using cached movie_events config (version 1562, 405 movies)
⏰ AppState: Next schedule update set for Event End: 2026-01-21 06:56:20 +0000
⏰ AppState: Scheduling update in 4067 seconds
⏰ AppState: Next schedule update set for Event End: 2026-01-21 06:56:20 +0000
⏰ AppState: Scheduling update in 4057 seconds
⏰ AppState: Next schedule update set for Event End: 2026-01-21 06:56:20 +0000
⏰ AppState: Scheduling update in 4047 seconds
⏰ AppState: Next schedule update set for Event End: 2026-01-21 06:56:20 +0000
⏰ AppState: Scheduling update in 4037 seconds
⏰ AppState: Next schedule update set for Event End: 2026-01-21 06:56:20 +0000
⏰ AppState: Scheduling update in 4027 seconds
⏰ AppState: Next schedule update set for Event End: 2026-01-21 06:56:20 +0000
⏰ AppState: Scheduling update in 4017 seconds
📡 [EventsConfig] Checking server for movie_events config version...
✅ [EventsConfig] Fetched movie_events version 1562 with 405 movies
✅ [EventsConfig] Using cached movie_events config (version 1562, 405 movies)
⏰ AppState: Next schedule update set for Event End: 2026-01-21 06:56:20 +0000
⏰ AppState: Scheduling update in 4007 seconds
🗑️ Broadly deleted user_id from Keychain
🔐 Saved user_id credential to local Keychain
✅ Saved user_id credential to cache
🗑️ Broadly deleted private_key from Keychain
🔐 Saved private_key credential to local Keychain
✅ Saved private_key credential to cache
🗑️ Broadly deleted public_key from Keychain
🔐 Saved public_key credential to local Keychain
✅ Saved public_key credential to cache
🗑️ Broadly deleted realdebrid from Keychain
🔐 Saved realdebrid credential to local Keychain
✅ Saved realdebrid credential to cache
🗑️ Broadly deleted subdl from Keychain
🔐 Saved subdl credential to local Keychain
✅ Saved subdl credential to cache
🔌 SocialService: Connecting to global presence...
🔌 Connecting to Supabase Realtime: wss://151.243.109.243.nip.io/realtime/v1/websocket
✅ Connected to Supabase Realtime
✅ SocialService: Presence connected
📡 Joined channel: realtime:global-presence (interest count: 1)
✅ SocialService: Connected to global presence
🔌 SocialService: Connecting to social realtime channels...
🔌 Connecting to Supabase Realtime: wss://151.243.109.243.nip.io/realtime/v1/websocket
✅ Connected to Supabase Realtime
✅ SocialService: DM channel connected
📈 SocialService: User 656daa91-33b4-4688-9135-c982ea52d7c9 came online
📡 Joined channel: realtime:direct_messages (interest count: 1)
📡 Joined channel: realtime:friendships (interest count: 1)
✅ SocialService: Connected to social channels
📬 SocialService: Fetched 0 unread messages
🔄 SocialService: Syncing 42 items to cloud...
🔄 SocialService: Syncing 42 items to cloud (serial)...
🎉 License updated! Expires: 2026-02-11 06:00:30 +0000
⏰ AppState: Next schedule update set for Event End: 2026-01-21 06:56:20 +0000
⏰ AppState: Scheduling update in 3997 seconds
✅ SubDLClient initialized
📅 EventsView appeared
📡 SocialService: Updated status - Browsing Events: 
[2026-01-21T05:49:53Z] [INFO] [EventsView.swift:253] 🎟️ Joining event: Rush Hour 2 (Live: true)
   Event start time: 2026-01-21 05:16:20 +0000
   Event duration: 6000.0s
   Current time: 2026-01-21 05:49:53 +0000
   Is Live: true
   Is In Lobby: false
⏰ AppState: Next schedule update set for Event End: 2026-01-21 06:56:20 +0000
⏰ AppState: Scheduling update in 3987 seconds
✅ Event room already exists: event_tt0266915

✅ [SYNC VERIFICATION] FOUND SERVER KEY - Re-unlocking for fresh URL 🔑
   Stored Hash: f640a1d6786d91d6ba6a265129e3c1a74a66d229
   Cached URL: https://chi7-4.download.real-d...
[2026-01-21T05:49:53Z] [INFO] [StreamService.swift:104] 🎬 StreamService: Starting resolution for: Rush Hour 2
[ INFO ] GET /api/metadata/meta/movie/tt0266915 [request-id: 26A6E47B-1C81-45D6-ADCD-6317017575B8]
2026-01-21 00:49:54.113 RedLemon[50656:421944] 📦 Decoded CinemetaMeta - videos count: -1
2026-01-21 00:49:54.114 RedLemon[50656:421944] ✅ StreamService: Metadata loaded: Rush Hour 2
2026-01-21 00:49:54.114 RedLemon[50656:421944] ⚡️ StreamService: Resolving streams via StreamResolver (Bypassing HTTP)...
2026-01-21 00:49:54.116 RedLemon[50656:421944] ⚡️ StreamResolver: Resolving streams for tt0266915 (S0E0)
2026-01-21 00:49:54.117 RedLemon[50656:421944] 📝 [APP] New Session Started ["app_version": "1.0.124", "build": "124", "session_id": "5F93054E-101A-4A79-8AE0-41393356F7CB", "trigger_source": "manual", "user_id": "656DAA91-33B4-4688-9135-C982EA52D7C9"]
2026-01-21 00:49:54.117 RedLemon[50656:421944] 📝 [APP] Target Content Set ["imdb_id": "tt0266915"]
2026-01-21 00:49:54.117 RedLemon[50656:421944] 📝 [RESOLVER] Started Resolution ["episode": "0", "season": "0", "type": "movie"]
2026-01-21 00:49:54.258 RedLemon[50656:421944]    📅 Filtering by year: 2001
2026-01-21 00:49:54.400 RedLemon[50656:421944] 📝 [RESOLVER] Found Verified Stream ["hash": "f640a1d6786d91d6ba6a265129e3c1a74a66d229", "vote_count": "4"]
💾 Cache SET: Metadata[meta_movie_tt0266915]
🎬 StreamService: Resolving movie - trusted pack filtering will be applied server-side
🛡️ StreamResolver: Loaded 7 blocked streams from blacklist
⚡️ StreamResolver: Found Community Verified stream with 4 votes!
   ℹ️ Hash: f640a1d6786d91d6ba6a265129e3c1a74a66d229
   ℹ️ Last Verified: 2026-01-21 04:54:35 +0000
🔍 Searching SubDL: tt0266915 (movie)
✅ Found 10 subtitles from SubDL (Primary)
✅ StreamResolver: Processed subtitles for 1 streams (Attached to 1)
⚡️ StreamResolver: SHORT CIRCUIT - Returning verified stream immediately.
⚡️ StreamService: Testing verified stream viability...
🔓 StreamService: Unlocking with infoHash: f640a1d6786d...
[ INFO ] POST /api/streams/unlock [request-id: 63774590-40BF-4328-93C8-78ABBADEF5E7]
2026-01-21 00:49:54.690 RedLemon[50656:422074] 🔓 Unlock request: infoHash=f640a1d6786d..., fileIdx=0
2026-01-21 00:49:54.690 RedLemon[50656:422074] ✅ Token found, attempting unlock...
2026-01-21 00:49:56.574 RedLemon[50656:421686] ✅ Unlocked successfully: Rush.Hour.2.2001.1080p.BluRay.X264-AMIABLE.mkv
2026-01-21 00:49:56.580 RedLemon[50656:422027] 📝 [RESOLVER] Stream Unlocked ["filename": "Rush.Hour.2.2001.1080p.BluRay.X264-AMIABLE.mkv", "is_generic": "false", "original_title": "Community Verified Stream (1080p)", "url_host": "chi1-4.download.real-debrid.com"]
2026-01-21 00:49:56.580 RedLemon[50656:422027] 📥 StreamService: Pre-downloading 5 (capped from 10) subtitles...
2026-01-21 00:49:56.580 RedLemon[50656:422027] 🐛 StreamService: downloadSubtitlesInParallel called. Season: nil, Episode: nil, Count: 5
2026-01-21 00:49:56.584 RedLemon[50656:422027] 🔍 DEBUG: Processing subtitle URL: /subtitle/484072-1225068.zip
2026-01-21 00:49:56.584 RedLemon[50656:422027] ✅ DEBUG: Raw SubDL URL detected, converting to proxy URL
2026-01-21 00:49:56.585 RedLemon[50656:421944] 🔍 DEBUG: Processing subtitle URL: /subtitle/484090-366499.zip
2026-01-21 00:49:56.585 RedLemon[50656:421686] 🔍 DEBUG: Processing subtitle URL: /subtitle/484106-223557.zip
2026-01-21 00:49:56.585 RedLemon[50656:421944] ✅ DEBUG: Raw SubDL URL detected, converting to proxy URL
2026-01-21 00:49:56.585 RedLemon[50656:421686] ✅ DEBUG: Raw SubDL URL detected, converting to proxy URL
2026-01-21 00:49:56.586 RedLemon[50656:422074] 🔍 DEBUG: Processing subtitle URL: /subtitle/484098-8015.zip
2026-01-21 00:49:56.586 RedLemon[50656:421944] 🔍 DEBUG: Processing subtitle URL: /subtitle/484085-65035.zip
2026-01-21 00:49:56.586 RedLemon[50656:421944] ✅ DEBUG: Raw SubDL URL detected, converting to proxy URL
2026-01-21 00:49:56.586 RedLemon[50656:422074] ✅ DEBUG: Raw SubDL URL detected, converting to proxy URL
2026-01-21 00:49:56.735 RedLemon[50656:421944] ✅ Persisted stream selection to room event_tt0266915
2026-01-21 00:49:57.024 RedLemon[50656:420334] ✅ PlayerVM: currentWatchPartyRoom set to event_tt0266915
2026-01-21 00:49:57.380 RedLemon[50656:420334] 📡 Fetching metadata for tt0266915...
2026-01-21 00:49:57.436 RedLemon[50656:422027] ✅ StreamService: Using provided metadata: Rush Hour 2
2026-01-21 00:49:57.436 RedLemon[50656:421944] 📝 [APP] 🎬 StreamService: Starting resolution for: Rush Hour 2 ["file": "StreamService.swift", "level": "INFO", "line": "104"]
2026-01-21 00:49:57.436 RedLemon[50656:422027] ⚡️ StreamService: Resolving streams via StreamResolver (Bypassing HTTP)...
2026-01-21 00:49:57.436 RedLemon[50656:422027] ⚡️ StreamResolver: Resolving streams for tt0266915 (S0E0)
2026-01-21 00:49:57.438 RedLemon[50656:422027] 📝 [APP] New Session Started ["app_version": "1.0.124", "build": "124", "session_id": "1563B7B6-04CA-43E3-AA5F-FFD85DB9F66D", "trigger_source": "manual", "user_id": "656DAA91-33B4-4688-9135-C982EA52D7C9"]
2026-01-21 00:49:57.439 RedLemon[50656:422027] 📝 [APP] Target Content Set ["imdb_id": "tt0266915"]
2026-01-21 00:49:57.440 RedLemon[50656:422027] 📝 [RESOLVER] Started Resolution ["episode": "0", "season": "0", "type": "movie"]
2026-01-21 00:49:57.588 RedLemon[50656:421944]    📅 Filtering by year: 2001
2026-01-21 00:49:57.850 RedLemon[50656:421589] 📝 [RESOLVER] Found Verified Stream ["hash": "f640a1d6786d91d6ba6a265129e3c1a74a66d229", "vote_count": "4"]
✅ RD addMagnet: BSH4F67KLMFME
🎬 Movie: Found matching file for title 'Rush Hour 2': /Rush.Hour.2.2001.1080p.BluRay.X264-AMIABLE.mkv
📝 RD: Selecting file ID 2 for torrent BSH4F67KLMFME
📊 RD poll 1/2: status=downloaded, links=1
🔗 Unrestricting link: https://real-debrid.com/d/HXOHC3B2ETAVG2CD
✅ StreamService: Stream unlocked successfully!
✅ StreamService: Verified stream is VIABLE. Returning immediately.
   ✅ Fresh URL obtained: https://chi1-4.download.real-debrid.com/...
   ✅ Database updated with fresh URL

🎬 Live event - calculating position: 2017.1178396940231 seconds
   Event start time: 2026-01-21 05:16:20 +0000
   Current time: 2026-01-21 05:49:57 +0000
   Room createdAt: 2026-01-21 05:16:20 +0000
   Room state: playing
   Setting resumeFromTimestamp to: 2017.1178396940231
🎬 Live event - starting playback immediately (no lobby)
✅ Cache HIT: Metadata[meta_movie_tt0266915]
[2026-01-21T05:49:57Z] [INFO] [StreamService.swift:104] 🎬 StreamService: Starting resolution for: Rush Hour 2
🎬 StreamService: Resolving movie - trusted pack filtering will be applied server-side
🛡️ StreamResolver: Loaded 7 blocked streams from blacklist
⚡️ StreamResolver: Found Community Verified stream with 4 votes!
   ℹ️ Hash: f640a1d6786d91d6ba6a265129e3c1a74a66d229
   ℹ️ Last Verified: 2026-01-21 04:54:35 +0000
🔍 Searching SubDL: tt0266915 (movie)
✅ Found 10 subtitles from SubDL (Primary)
✅ StreamResolver: Processed subtitles for 1 streams (Attached to 1)
⚡️ StreamResolver: SHORT CIRCUIT - Returning verified stream immediately.
⚡️ StreamService: Testing verified stream viability...
🔓 StreamService: Unlocking with infoHash: f640a1d6786d...
[ INFO ] POST /api/streams/unlock [request-id: 4EDEFA99-46D6-43C2-B19D-6579DF4BABF4]
2026-01-21 00:49:58.102 RedLemon[50656:422027] 🔓 Unlock request: infoHash=f640a1d6786d..., fileIdx=0
2026-01-21 00:49:58.102 RedLemon[50656:422027] ✅ Token found, attempting unlock...
2026-01-21 00:49:58.103 RedLemon[50656:422027] ✅ Unlocked successfully: Rush.Hour.2.2001.1080p.BluRay.X264-AMIABLE.mkv
2026-01-21 00:49:58.105 RedLemon[50656:422074] 📝 [RESOLVER] Stream Unlocked ["filename": "Rush.Hour.2.2001.1080p.BluRay.X264-AMIABLE.mkv", "is_generic": "false", "original_title": "Community Verified Stream (1080p)", "url_host": "chi1-4.download.real-debrid.com"]
2026-01-21 00:49:58.105 RedLemon[50656:422074] 📥 StreamService: Pre-downloading 5 (capped from 10) subtitles...
2026-01-21 00:49:58.105 RedLemon[50656:422074] 🐛 StreamService: downloadSubtitlesInParallel called. Season: nil, Episode: nil, Count: 5
2026-01-21 00:49:58.105 RedLemon[50656:422074] 🔍 DEBUG: Processing subtitle URL: /subtitle/484106-223557.zip
2026-01-21 00:49:58.105 RedLemon[50656:422074] ✅ DEBUG: Raw SubDL URL detected, converting to proxy URL
2026-01-21 00:49:58.105 RedLemon[50656:421944] 🔍 DEBUG: Processing subtitle URL: /subtitle/484098-8015.zip
2026-01-21 00:49:58.105 RedLemon[50656:421944] ✅ DEBUG: Raw SubDL URL detected, converting to proxy URL
2026-01-21 00:49:58.105 RedLemon[50656:422027] 🔍 DEBUG: Processing subtitle URL: /subtitle/484072-1225068.zip
2026-01-21 00:49:58.105 RedLemon[50656:422027] ✅ DEBUG: Raw SubDL URL detected, converting to proxy URL
2026-01-21 00:49:58.106 RedLemon[50656:422074] 🔍 DEBUG: Processing subtitle URL: /subtitle/484085-65035.zip
2026-01-21 00:49:58.106 RedLemon[50656:421589] 🔍 DEBUG: Processing subtitle URL: /subtitle/484090-366499.zip
2026-01-21 00:49:58.106 RedLemon[50656:422074] ✅ DEBUG: Raw SubDL URL detected, converting to proxy URL
2026-01-21 00:49:58.106 RedLemon[50656:421589] ✅ DEBUG: Raw SubDL URL detected, converting to proxy URL
2026-01-21 00:49:58.291 RedLemon[50656:420334] ✅ Stream ready, starting playback...
2026-01-21 00:49:58.352 RedLemon[50656:421944] 📝 Realtime: Registered observer 'player' (Presence: YES, Sync: NO, Status: NO)
2026-01-21 00:49:58.370 RedLemon[50656:421944] 📝 [PLAYER] Resumed
2026-01-21 00:49:58.370 RedLemon[50656:422027] 📝 Realtime: Registered observer 'player' (Presence: NO, Sync: YES, Status: NO)
2026-01-21 00:49:58.390 RedLemon[50656:422026] 📝 [PLAYER] Load Video (Smart) ["url": "https://chi1-4.download.real-debrid.com/d/QNLV6RYCCBNKO123/Rush.Hour.2.2001.1080p.BluRay.X264-AMIABLE.mkv"]
✅ RD cache hit: f640a1d6786d
✅ StreamService: Stream unlocked successfully!
✅ StreamService: Verified stream is VIABLE. Returning immediately.
!!! MPVWrapper initialized - Build Version: 2026-01-19-GUEST-CACHE-BYPASS-v1 !!!
🔌 Setting up Realtime channel: watch-party:event_tt0266915
   Role: Guest
   User ID: 656DAA91-33B4-4688-9135-C982EA52D7C9
📡 Connection state: connected
📡 Connection state: connecting
📡 Joined channel: realtime:watch-party:event_tt0266915 (interest count: 1)
📡 Connection state: connected
✅ Realtime channel setup complete
✅ Cache HIT: Metadata[meta_movie_tt0266915]
[ INFO ] GET /subtitles/subdl/L3N1YnRpdGxlLzQ4NDEwNi0yMjM1NTcuemlw [request-id: 6C79ECB4-9812-4006-8E7B-0772D3F865E3]
2026-01-21 00:49:58.580 RedLemon[50656:422026] 📝 [PLAYER] Load Video (Event) ["url": "https://chi1-4.download.real-debrid.com/d/QNLV6RYCCBNKO123/Rush.Hour.2.2001.1080p.BluRay.X264-AMIABLE.mkv"]
2026-01-21 00:49:58.761 RedLemon[50656:422074] 📝 [PLAYER] Playback State Changed ["state": "Paused"]
2026-01-21 00:49:58.761 RedLemon[50656:422074] 📝 [PLAYER] Buffering Started
📄 Subtitle request: L3N1YnRpdGxlLzQ4NDEw... (offset: 0ms)
📥 Downloading subtitle from SubDL CDN: /subtitle/484106-223557.zip
📡 SocialService: Updated status - online: Rush Hour 2
⏰ AppState: Next schedule update set for Event End: 2026-01-21 06:56:20 +0000
⏰ AppState: Scheduling update in 3982 seconds
📡 [EventsConfig] Checking server for movie_events config version...
📡 [EventsConfig] Checking server for movie_events config version...
✅ Download complete: 32774 bytes
📦 Detected ZIP archive, extracting...
🔍 Calculating compatibility scores for 1 files...
⚠️ No strong compatibility match (Best: 0 for Rush.Hour.2.2001.720p.DVD5.HDTV.x264-PoTuS.srt)
⚠️ No specific match found, using first file: Rush.Hour.2.2001.720p.DVD5.HDTV.x264-PoTuS.srt
📦 Extracting specific file: Rush.Hour.2.2001.720p.DVD5.HDTV.x264-PoTuS.srt
✅ Extraction successful
✅ Subtitle downloaded and converted to VTT
[ INFO ] GET /subtitles/subdl/L3N1YnRpdGxlLzQ4NDA3Mi0xMjI1MDY4LnppcA== [request-id: 4F0802D1-EBA8-4BD7-841B-D8A977CF8C1A]
2026-01-21 00:49:59.265 RedLemon[50656:420334] [AUTO_EXIT_CHECK] isEventPlayback: true
2026-01-21 00:49:59.265 RedLemon[50656:420334] [AUTO_EXIT_CHECK] isLoading: true, isResolvingStream: false
2026-01-21 00:49:59.265 RedLemon[50656:420334] [AUTO_EXIT_CHECK] playbackFinished: false, isPlaying: false
2026-01-21 00:49:59.265 RedLemon[50656:420334] [AUTO_EXIT_CHECK] Position: 0.0s / Duration: 0.0s
2026-01-21 00:49:59.266 RedLemon[50656:420334] [AUTO_EXIT_CHECK] BLOCKED: isLoading=true or isResolvingStream=false
📄 Subtitle request: L3N1YnRpdGxlLzQ4NDA3... (offset: 0ms)
📥 Downloading subtitle from SubDL CDN: /subtitle/484072-1225068.zip
✅ Download complete: 35457 bytes
📦 Detected ZIP archive, extracting...
🔍 Calculating compatibility scores for 1 files...
✅ Selected best match by compatibility score (55): Rush Hour 2 2001 1080p Blu-ray AVC DTS-HD MA 5.1-AmasyHD.srt
📦 Extracting specific file: Rush Hour 2 2001 1080p Blu-ray AVC DTS-HD MA 5.1-AmasyHD.srt
✅ Extraction successful
✅ [EventsConfig] Fetched movie_events version 1562 with 405 movies
✅ [EventsConfig] Using cached movie_events config (version 1562, 405 movies)
✅ SocialService: Event event_tt0266915 is JOINABLE (Live or Next Up) - allowing join
✅ Subtitle downloaded and converted to VTT
[ INFO ] GET /subtitles/subdl/L3N1YnRpdGxlLzQ4NDA5OC04MDE1LnppcA== [request-id: 536E6BD0-4263-4F09-9D0F-A37D65FDE3F7]
2026-01-21 00:49:59.674 RedLemon[50656:422074] 📝 [PLAYER] File Loaded ["duration": "5406.99"]
  End-of-central-directory signature not found.  Either this file is not
  a zipfile, or it constitutes one disk of a multi-part archive.  In the
  latter case the central directory and zipfile comment will be found on
  the last disk(s) of this archive.
unzip:  cannot find zipfile directory in one of /var/folders/3v/s3d75ntd4v90_pg0mb6rmlz40000gn/T/5265A668-0756-4A1F-BA40-A1841B7BB986.zip or
        /var/folders/3v/s3d75ntd4v90_pg0mb6rmlz40000gn/T/5265A668-0756-4A1F-BA40-A1841B7BB986.zip.zip, and cannot find /var/folders/3v/s3d75ntd4v90_pg0mb6rmlz40000gn/T/5265A668-0756-4A1F-BA40-A1841B7BB986.zip.ZIP, period.
📄 Subtitle request: L3N1YnRpdGxlLzQ4NDA5... (offset: 0ms)
📥 Downloading subtitle from SubDL CDN: /subtitle/484098-8015.zip
✅ [EventsConfig] Fetched movie_events version 1562 with 405 movies
✅ [EventsConfig] Using cached movie_events config (version 1562, 405 movies)
✅ SocialService: Event event_tt0266915 is JOINABLE (Live or Next Up) - allowing join
✅ Download complete: 39796 bytes
📦 Detected ZIP archive, extracting...
⚠️ No subtitle files found in zip list output:
Archive:  /var/folders/3v/s3d75ntd4v90_pg0mb6rmlz40000gn/T/5265A668-0756-4A1F-BA40-A1841B7BB986.zip

🔍 Calculating compatibility scores for 0 files...
[ WARNING ] Abort.404: No subtitle files found in zip [request-id: 536E6BD0-4263-4F09-9D0F-A37D65FDE3F7]
2026-01-21 00:50:00.265 RedLemon[50656:420334] [AUTO_EXIT_CHECK] isEventPlayback: true
2026-01-21 00:50:00.265 RedLemon[50656:420334] [AUTO_EXIT_CHECK] isLoading: true, isResolvingStream: false
2026-01-21 00:50:00.265 RedLemon[50656:420334] [AUTO_EXIT_CHECK] playbackFinished: false, isPlaying: false
2026-01-21 00:50:00.265 RedLemon[50656:420334] [AUTO_EXIT_CHECK] Position: 2019.7179700136185s / Duration: 5406.99s
2026-01-21 00:50:00.266 RedLemon[50656:420334] [AUTO_EXIT_CHECK] BLOCKED: isLoading=true or isResolvingStream=false
2026-01-21 00:50:00.332 RedLemon[50656:420334] [VIDEO_READY] isEvent: true, eventStartTime: 2026-01-21 05:16:20 +0000
2026-01-21 00:50:00.332 RedLemon[50656:420334] [VIDEO_READY] Event seek check - elapsed: 2020s, seekTime: 2020s, drift: 0.61s
2026-01-21 00:50:00.338 RedLemon[50656:421755] 📝 [PLAYER] Playback State Changed ["state": "Playing"]
2026-01-21 00:50:01.265 RedLemon[50656:420334] [AUTO_EXIT_CHECK] isEventPlayback: true
2026-01-21 00:50:01.265 RedLemon[50656:420334] [AUTO_EXIT_CHECK] isLoading: true, isResolvingStream: false
2026-01-21 00:50:01.265 RedLemon[50656:420334] [AUTO_EXIT_CHECK] playbackFinished: false, isPlaying: true
2026-01-21 00:50:01.266 RedLemon[50656:420334] [AUTO_EXIT_CHECK] Position: 2019.7179700136185s / Duration: 5406.99s
2026-01-21 00:50:01.266 RedLemon[50656:420334] [AUTO_EXIT_CHECK] BLOCKED: isLoading=true or isResolvingStream=false
2026-01-21 00:50:02.264 RedLemon[50656:420334] [AUTO_EXIT_CHECK] isEventPlayback: true
2026-01-21 00:50:02.264 RedLemon[50656:420334] [AUTO_EXIT_CHECK] isLoading: true, isResolvingStream: false
2026-01-21 00:50:02.265 RedLemon[50656:420334] [AUTO_EXIT_CHECK] playbackFinished: false, isPlaying: true
2026-01-21 00:50:02.265 RedLemon[50656:420334] [AUTO_EXIT_CHECK] Position: 2019.7179700136185s / Duration: 5406.99s
2026-01-21 00:50:02.265 RedLemon[50656:420334] [AUTO_EXIT_CHECK] BLOCKED: isLoading=true or isResolvingStream=false
2026-01-21 00:50:03.808 RedLemon[50656:420334] [AUTO_EXIT_CHECK] isEventPlayback: true
2026-01-21 00:50:03.808 RedLemon[50656:420334] [AUTO_EXIT_CHECK] isLoading: true, isResolvingStream: false
2026-01-21 00:50:03.808 RedLemon[50656:420334] [AUTO_EXIT_CHECK] playbackFinished: false, isPlaying: true
2026-01-21 00:50:03.808 RedLemon[50656:420334] [AUTO_EXIT_CHECK] Position: 2019.7179700136185s / Duration: 5406.99s
2026-01-21 00:50:03.809 RedLemon[50656:420334] [AUTO_EXIT_CHECK] BLOCKED: isLoading=true or isResolvingStream=false
2026-01-21 00:50:04.272 RedLemon[50656:420334] [AUTO_EXIT_CHECK] isEventPlayback: true
2026-01-21 00:50:04.273 RedLemon[50656:420334] [AUTO_EXIT_CHECK] isLoading: true, isResolvingStream: false
2026-01-21 00:50:04.273 RedLemon[50656:420334] [AUTO_EXIT_CHECK] playbackFinished: false, isPlaying: true
2026-01-21 00:50:04.273 RedLemon[50656:420334] [AUTO_EXIT_CHECK] Position: 2019.895s / Duration: 5406.99s
2026-01-21 00:50:04.273 RedLemon[50656:420334] [AUTO_EXIT_CHECK] BLOCKED: isLoading=true or isResolvingStream=false
2026-01-21 00:50:05.329 RedLemon[50656:420334] [AUTO_EXIT_CHECK] isEventPlayback: true
2026-01-21 00:50:05.329 RedLemon[50656:420334] [AUTO_EXIT_CHECK] isLoading: false, isResolvingStream: false
2026-01-21 00:50:05.329 RedLemon[50656:420334] [AUTO_EXIT_CHECK] playbackFinished: false, isPlaying: true
2026-01-21 00:50:05.330 RedLemon[50656:420334] [AUTO_EXIT_CHECK] Position: 2021.0629999999999s / Duration: 5406.99s
2026-01-21 00:50:05.330 RedLemon[50656:420334] [AUTO_EXIT_CHECK] Checking EOF conditions...
2026-01-21 00:50:05.330 RedLemon[50656:420334] [AUTO_EXIT_CHECK] No exit condition met - continuing to monitor...
2026-01-21 00:50:06.296 RedLemon[50656:420334] [AUTO_EXIT_CHECK] isEventPlayback: true
2026-01-21 00:50:06.296 RedLemon[50656:420334] [AUTO_EXIT_CHECK] isLoading: false, isResolvingStream: false
2026-01-21 00:50:06.296 RedLemon[50656:420334] [AUTO_EXIT_CHECK] playbackFinished: false, isPlaying: true
2026-01-21 00:50:06.296 RedLemon[50656:420334] [AUTO_EXIT_CHECK] Position: 2021.98s / Duration: 5406.99s
2026-01-21 00:50:06.297 RedLemon[50656:420334] [AUTO_EXIT_CHECK] Checking EOF conditions...
2026-01-21 00:50:06.297 RedLemon[50656:420334] [AUTO_EXIT_CHECK] No exit condition met - continuing to monitor...
2026-01-21 00:50:07.337 RedLemon[50656:420334] [AUTO_EXIT_CHECK] isEventPlayback: true
2026-01-21 00:50:07.338 RedLemon[50656:420334] [AUTO_EXIT_CHECK] isLoading: false, isResolvingStream: false
2026-01-21 00:50:07.339 RedLemon[50656:420334] [AUTO_EXIT_CHECK] playbackFinished: false, isPlaying: true
2026-01-21 00:50:07.340 RedLemon[50656:420334] [AUTO_EXIT_CHECK] Position: 2022.898s / Duration: 5406.99s
2026-01-21 00:50:07.340 RedLemon[50656:420334] [AUTO_EXIT_CHECK] Checking EOF conditions...
2026-01-21 00:50:07.340 RedLemon[50656:420334] [AUTO_EXIT_CHECK] No exit condition met - continuing to monitor...
2026-01-21 00:50:08.416 RedLemon[50656:420334] [AUTO_EXIT_CHECK] isEventPlayback: true
2026-01-21 00:50:08.416 RedLemon[50656:420334] [AUTO_EXIT_CHECK] isLoading: false, isResolvingStream: false
2026-01-21 00:50:08.417 RedLemon[50656:420334] [AUTO_EXIT_CHECK] playbackFinished: false, isPlaying: true
2026-01-21 00:50:08.417 RedLemon[50656:420334] [AUTO_EXIT_CHECK] Position: 2024.0659999999998s / Duration: 5406.99s
2026-01-21 00:50:08.418 RedLemon[50656:420334] [AUTO_EXIT_CHECK] Checking EOF conditions...
2026-01-21 00:50:08.418 RedLemon[50656:420334] [AUTO_EXIT_CHECK] No exit condition met - continuing to monitor...
2026-01-21 00:50:08.444 RedLemon[50656:422074] 🔐 Signed request to /rpc/room_heartbeat
2026-01-21 00:50:08.582 RedLemon[50656:422027] ❌ [00:50:08.581] [NETWORK] [SupabaseClient.swift:336] Supabase API Error: Missing signature headers (x-identity-signature, x-timestamp)
2026-01-21 00:50:09.292 RedLemon[50656:420334] [AUTO_EXIT_CHECK] isEventPlayback: true
2026-01-21 00:50:09.292 RedLemon[50656:420334] [AUTO_EXIT_CHECK] isLoading: false, isResolvingStream: false
2026-01-21 00:50:09.292 RedLemon[50656:420334] [AUTO_EXIT_CHECK] playbackFinished: false, isPlaying: true
2026-01-21 00:50:09.292 RedLemon[50656:420334] [AUTO_EXIT_CHECK] Position: 2024.942s / Duration: 5406.99s
2026-01-21 00:50:09.292 RedLemon[50656:420334] [AUTO_EXIT_CHECK] Checking EOF conditions...
2026-01-21 00:50:09.293 RedLemon[50656:420334] [AUTO_EXIT_CHECK] No exit condition met - continuing to monitor...
2026-01-21 00:50:10.294 RedLemon[50656:420334] [AUTO_EXIT_CHECK] isEventPlayback: true
2026-01-21 00:50:10.294 RedLemon[50656:420334] [AUTO_EXIT_CHECK] isLoading: false, isResolvingStream: false
2026-01-21 00:50:10.294 RedLemon[50656:420334] [AUTO_EXIT_CHECK] playbackFinished: false, isPlaying: true
2026-01-21 00:50:10.294 RedLemon[50656:420334] [AUTO_EXIT_CHECK] Position: 2025.818s / Duration: 5406.99s
2026-01-21 00:50:10.294 RedLemon[50656:420334] [AUTO_EXIT_CHECK] Checking EOF conditions...
2026-01-21 00:50:10.294 RedLemon[50656:420334] [AUTO_EXIT_CHECK] No exit condition met - continuing to monitor...
2026-01-21 00:50:11.294 RedLemon[50656:420334] [AUTO_EXIT_CHECK] isEventPlayback: true
2026-01-21 00:50:11.294 RedLemon[50656:420334] [AUTO_EXIT_CHECK] isLoading: false, isResolvingStream: false
2026-01-21 00:50:11.294 RedLemon[50656:420334] [AUTO_EXIT_CHECK] playbackFinished: false, isPlaying: true
2026-01-21 00:50:11.295 RedLemon[50656:420334] [AUTO_EXIT_CHECK] Position: 2026.985s / Duration: 5406.99s
2026-01-21 00:50:11.295 RedLemon[50656:420334] [AUTO_EXIT_CHECK] Checking EOF conditions...
2026-01-21 00:50:11.295 RedLemon[50656:420334] [AUTO_EXIT_CHECK] No exit condition met - continuing to monitor...
2026-01-21 00:50:12.418 RedLemon[50656:420334] [AUTO_EXIT_CHECK] isEventPlayback: true
2026-01-21 00:50:12.419 RedLemon[50656:420334] [AUTO_EXIT_CHECK] isLoading: false, isResolvingStream: false
2026-01-21 00:50:12.419 RedLemon[50656:420334] [AUTO_EXIT_CHECK] playbackFinished: false, isPlaying: true
2026-01-21 00:50:12.419 RedLemon[50656:420334] [AUTO_EXIT_CHECK] Position: 2028.153s / Duration: 5406.99s
2026-01-21 00:50:12.419 RedLemon[50656:420334] [AUTO_EXIT_CHECK] Checking EOF conditions...
2026-01-21 00:50:12.419 RedLemon[50656:420334] [AUTO_EXIT_CHECK] No exit condition met - continuing to monitor...
2026-01-21 00:50:13.266 RedLemon[50656:420334] [AUTO_EXIT_CHECK] isEventPlayback: true
2026-01-21 00:50:13.266 RedLemon[50656:420334] [AUTO_EXIT_CHECK] isLoading: false, isResolvingStream: false
2026-01-21 00:50:13.266 RedLemon[50656:420334] [AUTO_EXIT_CHECK] playbackFinished: false, isPlaying: true
2026-01-21 00:50:13.266 RedLemon[50656:420334] [AUTO_EXIT_CHECK] Position: 2029.029s / Duration: 5406.99s
2026-01-21 00:50:13.266 RedLemon[50656:420334] [AUTO_EXIT_CHECK] Checking EOF conditions...
2026-01-21 00:50:13.266 RedLemon[50656:420334] [AUTO_EXIT_CHECK] No exit condition met - continuing to monitor...
2026-01-21 00:50:14.299 RedLemon[50656:420334] [AUTO_EXIT_CHECK] isEventPlayback: true
2026-01-21 00:50:14.299 RedLemon[50656:420334] [AUTO_EXIT_CHECK] isLoading: false, isResolvingStream: false
2026-01-21 00:50:14.299 RedLemon[50656:420334] [AUTO_EXIT_CHECK] playbackFinished: false, isPlaying: true
2026-01-21 00:50:14.299 RedLemon[50656:420334] [AUTO_EXIT_CHECK] Position: 2029.904s / Duration: 5406.99s
2026-01-21 00:50:14.300 RedLemon[50656:420334] [AUTO_EXIT_CHECK] Checking EOF conditions...
2026-01-21 00:50:14.300 RedLemon[50656:420334] [AUTO_EXIT_CHECK] No exit condition met - continuing to monitor...
2026-01-21 00:50:15.298 RedLemon[50656:420334] [AUTO_EXIT_CHECK] isEventPlayback: true
2026-01-21 00:50:15.298 RedLemon[50656:420334] [AUTO_EXIT_CHECK] isLoading: false, isResolvingStream: false
2026-01-21 00:50:15.298 RedLemon[50656:420334] [AUTO_EXIT_CHECK] playbackFinished: false, isPlaying: true
2026-01-21 00:50:15.298 RedLemon[50656:420334] [AUTO_EXIT_CHECK] Position: 2030.781s / Duration: 5406.99s
2026-01-21 00:50:15.298 RedLemon[50656:420334] [AUTO_EXIT_CHECK] Checking EOF conditions...
2026-01-21 00:50:15.299 RedLemon[50656:420334] [AUTO_EXIT_CHECK] No exit condition met - continuing to monitor...
2026-01-21 00:50:16.300 RedLemon[50656:420334] [AUTO_EXIT_CHECK] isEventPlayback: true
2026-01-21 00:50:16.300 RedLemon[50656:420334] [AUTO_EXIT_CHECK] isLoading: false, isResolvingStream: false
2026-01-21 00:50:16.301 RedLemon[50656:420334] [AUTO_EXIT_CHECK] playbackFinished: false, isPlaying: true
2026-01-21 00:50:16.301 RedLemon[50656:420334] [AUTO_EXIT_CHECK] Position: 2031.99s / Duration: 5406.99s
2026-01-21 00:50:16.301 RedLemon[50656:420334] [AUTO_EXIT_CHECK] Checking EOF conditions...
2026-01-21 00:50:16.301 RedLemon[50656:420334] [AUTO_EXIT_CHECK] No exit condition met - continuing to monitor...
2026-01-21 00:50:17.265 RedLemon[50656:420334] [AUTO_EXIT_CHECK] isEventPlayback: true
2026-01-21 00:50:17.266 RedLemon[50656:420334] [AUTO_EXIT_CHECK] isLoading: false, isResolvingStream: false
2026-01-21 00:50:17.266 RedLemon[50656:420334] [AUTO_EXIT_CHECK] playbackFinished: false, isPlaying: true
2026-01-21 00:50:17.267 RedLemon[50656:420334] [AUTO_EXIT_CHECK] Position: 2032.866s / Duration: 5406.99s
2026-01-21 00:50:17.267 RedLemon[50656:420334] [AUTO_EXIT_CHECK] Checking EOF conditions...
2026-01-21 00:50:17.267 RedLemon[50656:420334] [AUTO_EXIT_CHECK] No exit condition met - continuing to monitor...
2026-01-21 00:50:18.301 RedLemon[50656:420334] [AUTO_EXIT_CHECK] isEventPlayback: true
2026-01-21 00:50:18.301 RedLemon[50656:420334] [AUTO_EXIT_CHECK] isLoading: false, isResolvingStream: false
2026-01-21 00:50:18.301 RedLemon[50656:420334] [AUTO_EXIT_CHECK] playbackFinished: false, isPlaying: true
2026-01-21 00:50:18.301 RedLemon[50656:420334] [AUTO_EXIT_CHECK] Position: 2034.0339999999999s / Duration: 5406.99s
2026-01-21 00:50:18.301 RedLemon[50656:420334] [AUTO_EXIT_CHECK] Checking EOF conditions...
2026-01-21 00:50:18.301 RedLemon[50656:420334] [AUTO_EXIT_CHECK] No exit condition met - continuing to monitor...
2026-01-21 00:50:19.301 RedLemon[50656:420334] [AUTO_EXIT_CHECK] isEventPlayback: true
2026-01-21 00:50:19.301 RedLemon[50656:420334] [AUTO_EXIT_CHECK] isLoading: false, isResolvingStream: false
2026-01-21 00:50:19.301 RedLemon[50656:420334] [AUTO_EXIT_CHECK] playbackFinished: false, isPlaying: true
2026-01-21 00:50:19.301 RedLemon[50656:420334] [AUTO_EXIT_CHECK] Position: 2034.9089999999999s / Duration: 5406.99s
2026-01-21 00:50:19.301 RedLemon[50656:420334] [AUTO_EXIT_CHECK] Checking EOF conditions...
2026-01-21 00:50:19.302 RedLemon[50656:420334] [AUTO_EXIT_CHECK] No exit condition met - continuing to monitor...
2026-01-21 00:50:20.303 RedLemon[50656:420334] [AUTO_EXIT_CHECK] isEventPlayback: true
2026-01-21 00:50:20.303 RedLemon[50656:420334] [AUTO_EXIT_CHECK] isLoading: false, isResolvingStream: false
2026-01-21 00:50:20.303 RedLemon[50656:420334] [AUTO_EXIT_CHECK] playbackFinished: false, isPlaying: true
2026-01-21 00:50:20.303 RedLemon[50656:420334] [AUTO_EXIT_CHECK] Position: 2036.077s / Duration: 5406.99s
2026-01-21 00:50:20.303 RedLemon[50656:420334] [AUTO_EXIT_CHECK] Checking EOF conditions...
2026-01-21 00:50:20.303 RedLemon[50656:420334] [AUTO_EXIT_CHECK] No exit condition met - continuing to monitor...
2026-01-21 00:50:21.319 RedLemon[50656:420334] [AUTO_EXIT_CHECK] isEventPlayback: true
2026-01-21 00:50:21.320 RedLemon[50656:420334] [AUTO_EXIT_CHECK] isLoading: false, isResolvingStream: false
2026-01-21 00:50:21.320 RedLemon[50656:420334] [AUTO_EXIT_CHECK] playbackFinished: false, isPlaying: true
2026-01-21 00:50:21.320 RedLemon[50656:420334] [AUTO_EXIT_CHECK] Position: 2036.995s / Duration: 5406.99s
2026-01-21 00:50:21.320 RedLemon[50656:420334] [AUTO_EXIT_CHECK] Checking EOF conditions...
2026-01-21 00:50:21.320 RedLemon[50656:420334] [AUTO_EXIT_CHECK] No exit condition met - continuing to monitor...
2026-01-21 00:50:22.435 RedLemon[50656:420334] [AUTO_EXIT_CHECK] isEventPlayback: true
2026-01-21 00:50:22.435 RedLemon[50656:420334] [AUTO_EXIT_CHECK] isLoading: false, isResolvingStream: false
2026-01-21 00:50:22.435 RedLemon[50656:420334] [AUTO_EXIT_CHECK] playbackFinished: false, isPlaying: true
2026-01-21 00:50:22.436 RedLemon[50656:420334] [AUTO_EXIT_CHECK] Position: 2038.204s / Duration: 5406.99s
2026-01-21 00:50:22.437 RedLemon[50656:420334] [AUTO_EXIT_CHECK] Checking EOF conditions...
2026-01-21 00:50:22.438 RedLemon[50656:420334] [AUTO_EXIT_CHECK] No exit condition met - continuing to monitor...
2026-01-21 00:50:23.311 RedLemon[50656:420334] [AUTO_EXIT_CHECK] isEventPlayback: true
2026-01-21 00:50:23.312 RedLemon[50656:420334] [AUTO_EXIT_CHECK] isLoading: false, isResolvingStream: false
2026-01-21 00:50:23.313 RedLemon[50656:420334] [AUTO_EXIT_CHECK] playbackFinished: false, isPlaying: true
2026-01-21 00:50:23.313 RedLemon[50656:420334] [AUTO_EXIT_CHECK] Position: 2039.081s / Duration: 5406.99s
2026-01-21 00:50:23.313 RedLemon[50656:420334] [AUTO_EXIT_CHECK] Checking EOF conditions...
2026-01-21 00:50:23.313 RedLemon[50656:420334] [AUTO_EXIT_CHECK] No exit condition met - continuing to monitor...
2026-01-21 00:50:24.307 RedLemon[50656:420334] [AUTO_EXIT_CHECK] isEventPlayback: true
2026-01-21 00:50:24.307 RedLemon[50656:420334] [AUTO_EXIT_CHECK] isLoading: false, isResolvingStream: false
2026-01-21 00:50:24.307 RedLemon[50656:420334] [AUTO_EXIT_CHECK] playbackFinished: false, isPlaying: true
2026-01-21 00:50:24.308 RedLemon[50656:420334] [AUTO_EXIT_CHECK] Position: 2039.9979999999998s / Duration: 5406.99s
2026-01-21 00:50:24.308 RedLemon[50656:420334] [AUTO_EXIT_CHECK] Checking EOF conditions...
2026-01-21 00:50:24.308 RedLemon[50656:420334] [AUTO_EXIT_CHECK] No exit condition met - continuing to monitor...
2026-01-21 00:50:25.309 RedLemon[50656:420334] [AUTO_EXIT_CHECK] isEventPlayback: true
2026-01-21 00:50:25.309 RedLemon[50656:420334] [AUTO_EXIT_CHECK] isLoading: false, isResolvingStream: false
2026-01-21 00:50:25.309 RedLemon[50656:420334] [AUTO_EXIT_CHECK] playbackFinished: false, isPlaying: true
2026-01-21 00:50:25.310 RedLemon[50656:420334] [AUTO_EXIT_CHECK] Position: 2040.8739999999998s / Duration: 5406.99s
2026-01-21 00:50:25.310 RedLemon[50656:420334] [AUTO_EXIT_CHECK] Checking EOF conditions...
2026-01-21 00:50:25.310 RedLemon[50656:420334] [AUTO_EXIT_CHECK] No exit condition met - continuing to monitor...
2026-01-21 00:50:26.268 RedLemon[50656:420334] [AUTO_EXIT_CHECK] isEventPlayback: true
2026-01-21 00:50:26.268 RedLemon[50656:420334] [AUTO_EXIT_CHECK] isLoading: false, isResolvingStream: false
2026-01-21 00:50:26.268 RedLemon[50656:420334] [AUTO_EXIT_CHECK] playbackFinished: false, isPlaying: true
2026-01-21 00:50:26.269 RedLemon[50656:420334] [AUTO_EXIT_CHECK] Position: 2042.042s / Duration: 5406.99s
2026-01-21 00:50:26.269 RedLemon[50656:420334] [AUTO_EXIT_CHECK] Checking EOF conditions...
2026-01-21 00:50:26.269 RedLemon[50656:420334] [AUTO_EXIT_CHECK] No exit condition met - continuing to monitor...
2026-01-21 00:50:27.481 RedLemon[50656:420334] [AUTO_EXIT_CHECK] isEventPlayback: true
2026-01-21 00:50:27.481 RedLemon[50656:420334] [AUTO_EXIT_CHECK] isLoading: false, isResolvingStream: false
2026-01-21 00:50:27.482 RedLemon[50656:420334] [AUTO_EXIT_CHECK] playbackFinished: false, isPlaying: true
2026-01-21 00:50:27.482 RedLemon[50656:420334] [AUTO_EXIT_CHECK] Position: 2043.251s / Duration: 5406.99s
2026-01-21 00:50:27.482 RedLemon[50656:420334] [AUTO_EXIT_CHECK] Checking EOF conditions...
2026-01-21 00:50:27.483 RedLemon[50656:420334] [AUTO_EXIT_CHECK] No exit condition met - continuing to monitor...
2026-01-21 00:50:28.285 RedLemon[50656:420334] [AUTO_EXIT_CHECK] isEventPlayback: true
2026-01-21 00:50:28.285 RedLemon[50656:420334] [AUTO_EXIT_CHECK] isLoading: false, isResolvingStream: false
2026-01-21 00:50:28.285 RedLemon[50656:420334] [AUTO_EXIT_CHECK] playbackFinished: false, isPlaying: true
2026-01-21 00:50:28.285 RedLemon[50656:420334] [AUTO_EXIT_CHECK] Position: 2043.8349999999998s / Duration: 5406.99s
2026-01-21 00:50:28.285 RedLemon[50656:420334] [AUTO_EXIT_CHECK] Checking EOF conditions...
2026-01-21 00:50:28.285 RedLemon[50656:420334] [AUTO_EXIT_CHECK] No exit condition met - continuing to monitor...
2026-01-21 00:50:29.271 RedLemon[50656:420334] [AUTO_EXIT_CHECK] isEventPlayback: true
2026-01-21 00:50:29.271 RedLemon[50656:420334] [AUTO_EXIT_CHECK] isLoading: false, isResolvingStream: false
2026-01-21 00:50:29.271 RedLemon[50656:420334] [AUTO_EXIT_CHECK] playbackFinished: false, isPlaying: true
2026-01-21 00:50:29.271 RedLemon[50656:420334] [AUTO_EXIT_CHECK] Position: 2045.003s / Duration: 5406.99s
2026-01-21 00:50:29.271 RedLemon[50656:420334] [AUTO_EXIT_CHECK] Checking EOF conditions...
2026-01-21 00:50:29.271 RedLemon[50656:420334] [AUTO_EXIT_CHECK] No exit condition met - continuing to monitor...
2026-01-21 00:50:30.313 RedLemon[50656:420334] [AUTO_EXIT_CHECK] isEventPlayback: true
2026-01-21 00:50:30.314 RedLemon[50656:420334] [AUTO_EXIT_CHECK] isLoading: false, isResolvingStream: false
2026-01-21 00:50:30.314 RedLemon[50656:420334] [AUTO_EXIT_CHECK] playbackFinished: false, isPlaying: true
2026-01-21 00:50:30.314 RedLemon[50656:420334] [AUTO_EXIT_CHECK] Position: 2045.879s / Duration: 5406.99s
2026-01-21 00:50:30.314 RedLemon[50656:420334] [AUTO_EXIT_CHECK] Checking EOF conditions...
2026-01-21 00:50:30.314 RedLemon[50656:420334] [AUTO_EXIT_CHECK] No exit condition met - continuing to monitor...
2026-01-21 00:50:31.313 RedLemon[50656:420334] [AUTO_EXIT_CHECK] isEventPlayback: true
2026-01-21 00:50:31.313 RedLemon[50656:420334] [AUTO_EXIT_CHECK] isLoading: false, isResolvingStream: false
2026-01-21 00:50:31.313 RedLemon[50656:420334] [AUTO_EXIT_CHECK] playbackFinished: false, isPlaying: true
2026-01-21 00:50:31.313 RedLemon[50656:420334] [AUTO_EXIT_CHECK] Position: 2047.0469999999998s / Duration: 5406.99s
2026-01-21 00:50:31.314 RedLemon[50656:420334] [AUTO_EXIT_CHECK] Checking EOF conditions...
2026-01-21 00:50:31.314 RedLemon[50656:420334] [AUTO_EXIT_CHECK] No exit condition met - continuing to monitor...
2026-01-21 00:50:32.357 RedLemon[50656:420334] [AUTO_EXIT_CHECK] isEventPlayback: true
2026-01-21 00:50:32.357 RedLemon[50656:420334] [AUTO_EXIT_CHECK] isLoading: false, isResolvingStream: false
2026-01-21 00:50:32.357 RedLemon[50656:420334] [AUTO_EXIT_CHECK] playbackFinished: false, isPlaying: true
2026-01-21 00:50:32.357 RedLemon[50656:420334] [AUTO_EXIT_CHECK] Position: 2047.923s / Duration: 5406.99s
2026-01-21 00:50:32.357 RedLemon[50656:420334] [AUTO_EXIT_CHECK] Checking EOF conditions...
2026-01-21 00:50:32.357 RedLemon[50656:420334] [AUTO_EXIT_CHECK] No exit condition met - continuing to monitor...
2026-01-21 00:50:33.275 RedLemon[50656:420334] [AUTO_EXIT_CHECK] isEventPlayback: true
2026-01-21 00:50:33.275 RedLemon[50656:420334] [AUTO_EXIT_CHECK] isLoading: false, isResolvingStream: false
2026-01-21 00:50:33.275 RedLemon[50656:420334] [AUTO_EXIT_CHECK] playbackFinished: false, isPlaying: true
2026-01-21 00:50:33.275 RedLemon[50656:420334] [AUTO_EXIT_CHECK] Position: 2048.799s / Duration: 5406.99s
2026-01-21 00:50:33.275 RedLemon[50656:420334] [AUTO_EXIT_CHECK] Checking EOF conditions...
2026-01-21 00:50:33.276 RedLemon[50656:420334] [AUTO_EXIT_CHECK] No exit condition met - continuing to monitor...
2026-01-21 00:50:34.276 RedLemon[50656:420334] [AUTO_EXIT_CHECK] isEventPlayback: true
2026-01-21 00:50:34.277 RedLemon[50656:420334] [AUTO_EXIT_CHECK] isLoading: false, isResolvingStream: false
2026-01-21 00:50:34.277 RedLemon[50656:420334] [AUTO_EXIT_CHECK] playbackFinished: false, isPlaying: true
2026-01-21 00:50:34.277 RedLemon[50656:420334] [AUTO_EXIT_CHECK] Position: 2049.967s / Duration: 5406.99s
2026-01-21 00:50:34.277 RedLemon[50656:420334] [AUTO_EXIT_CHECK] Checking EOF conditions...
2026-01-21 00:50:34.277 RedLemon[50656:420334] [AUTO_EXIT_CHECK] No exit condition met - continuing to monitor...
2026-01-21 00:50:35.318 RedLemon[50656:420334] [AUTO_EXIT_CHECK] isEventPlayback: true
2026-01-21 00:50:35.318 RedLemon[50656:420334] [AUTO_EXIT_CHECK] isLoading: false, isResolvingStream: false
2026-01-21 00:50:35.319 RedLemon[50656:420334] [AUTO_EXIT_CHECK] playbackFinished: false, isPlaying: true
2026-01-21 00:50:35.319 RedLemon[50656:420334] [AUTO_EXIT_CHECK] Position: 2050.843s / Duration: 5406.99s
2026-01-21 00:50:35.319 RedLemon[50656:420334] [AUTO_EXIT_CHECK] Checking EOF conditions...
2026-01-21 00:50:35.319 RedLemon[50656:420334] [AUTO_EXIT_CHECK] No exit condition met - continuing to monitor...
2026-01-21 00:50:36.320 RedLemon[50656:420334] [AUTO_EXIT_CHECK] isEventPlayback: true
2026-01-21 00:50:36.320 RedLemon[50656:420334] [AUTO_EXIT_CHECK] isLoading: false, isResolvingStream: false
2026-01-21 00:50:36.320 RedLemon[50656:420334] [AUTO_EXIT_CHECK] playbackFinished: false, isPlaying: true
2026-01-21 00:50:36.320 RedLemon[50656:420334] [AUTO_EXIT_CHECK] Position: 2052.011s / Duration: 5406.99s
2026-01-21 00:50:36.320 RedLemon[50656:420334] [AUTO_EXIT_CHECK] Checking EOF conditions...
2026-01-21 00:50:36.320 RedLemon[50656:420334] [AUTO_EXIT_CHECK] No exit condition met - continuing to monitor...
2026-01-21 00:50:37.280 RedLemon[50656:420334] [AUTO_EXIT_CHECK] isEventPlayback: true
2026-01-21 00:50:37.281 RedLemon[50656:420334] [AUTO_EXIT_CHECK] isLoading: false, isResolvingStream: false
2026-01-21 00:50:37.281 RedLemon[50656:420334] [AUTO_EXIT_CHECK] playbackFinished: false, isPlaying: true
2026-01-21 00:50:37.281 RedLemon[50656:420334] [AUTO_EXIT_CHECK] Position: 2052.886s / Duration: 5406.99s
2026-01-21 00:50:37.281 RedLemon[50656:420334] [AUTO_EXIT_CHECK] Checking EOF conditions...
2026-01-21 00:50:37.281 RedLemon[50656:420334] [AUTO_EXIT_CHECK] No exit condition met - continuing to monitor...
2026-01-21 00:50:38.279 RedLemon[50656:420334] [AUTO_EXIT_CHECK] isEventPlayback: true
2026-01-21 00:50:38.280 RedLemon[50656:420334] [AUTO_EXIT_CHECK] isLoading: false, isResolvingStream: false
2026-01-21 00:50:38.280 RedLemon[50656:420334] [AUTO_EXIT_CHECK] playbackFinished: false, isPlaying: true
2026-01-21 00:50:38.280 RedLemon[50656:420334] [AUTO_EXIT_CHECK] Position: 2054.055s / Duration: 5406.99s
2026-01-21 00:50:38.280 RedLemon[50656:420334] [AUTO_EXIT_CHECK] Checking EOF conditions...
2026-01-21 00:50:38.281 RedLemon[50656:420334] [AUTO_EXIT_CHECK] No exit condition met - continuing to monitor...
2026-01-21 00:50:38.782 RedLemon[50656:422026] 🔐 Signed request to /rpc/room_heartbeat
2026-01-21 00:50:38.914 RedLemon[50656:422074] ❌ [00:50:38.915] [NETWORK] [SupabaseClient.swift:336] Supabase API Error: Missing signature headers (x-identity-signature, x-timestamp)
2026-01-21 00:50:39.280 RedLemon[50656:420334] [AUTO_EXIT_CHECK] isEventPlayback: true
2026-01-21 00:50:39.280 RedLemon[50656:420334] [AUTO_EXIT_CHECK] isLoading: false, isResolvingStream: false
2026-01-21 00:50:39.280 RedLemon[50656:420334] [AUTO_EXIT_CHECK] playbackFinished: false, isPlaying: true
2026-01-21 00:50:39.280 RedLemon[50656:420334] [AUTO_EXIT_CHECK] Position: 2054.93s / Duration: 5406.99s
2026-01-21 00:50:39.281 RedLemon[50656:420334] [AUTO_EXIT_CHECK] Checking EOF conditions...
2026-01-21 00:50:39.281 RedLemon[50656:420334] [AUTO_EXIT_CHECK] No exit condition met - continuing to monitor...
2026-01-21 00:50:40.283 RedLemon[50656:420334] [AUTO_EXIT_CHECK] isEventPlayback: true
2026-01-21 00:50:40.283 RedLemon[50656:420334] [AUTO_EXIT_CHECK] isLoading: false, isResolvingStream: false
2026-01-21 00:50:40.283 RedLemon[50656:420334] [AUTO_EXIT_CHECK] playbackFinished: false, isPlaying: true
2026-01-21 00:50:40.283 RedLemon[50656:420334] [AUTO_EXIT_CHECK] Position: 2055.805s / Duration: 5406.99s
2026-01-21 00:50:40.283 RedLemon[50656:420334] [AUTO_EXIT_CHECK] Checking EOF conditions...
2026-01-21 00:50:40.284 RedLemon[50656:420334] [AUTO_EXIT_CHECK] No exit condition met - continuing to monitor...
2026-01-21 00:50:41.282 RedLemon[50656:420334] [AUTO_EXIT_CHECK] isEventPlayback: true
2026-01-21 00:50:41.282 RedLemon[50656:420334] [AUTO_EXIT_CHECK] isLoading: false, isResolvingStream: false
2026-01-21 00:50:41.282 RedLemon[50656:420334] [AUTO_EXIT_CHECK] playbackFinished: false, isPlaying: true
2026-01-21 00:50:41.283 RedLemon[50656:420334] [AUTO_EXIT_CHECK] Position: 2056.973s / Duration: 5406.99s
2026-01-21 00:50:41.283 RedLemon[50656:420334] [AUTO_EXIT_CHECK] Checking EOF conditions...
2026-01-21 00:50:41.283 RedLemon[50656:420334] [AUTO_EXIT_CHECK] No exit condition met - continuing to monitor...
2026-01-21 00:50:42.285 RedLemon[50656:420334] [AUTO_EXIT_CHECK] isEventPlayback: true
2026-01-21 00:50:42.285 RedLemon[50656:420334] [AUTO_EXIT_CHECK] isLoading: false, isResolvingStream: false
2026-01-21 00:50:42.285 RedLemon[50656:420334] [AUTO_EXIT_CHECK] playbackFinished: false, isPlaying: true
2026-01-21 00:50:42.285 RedLemon[50656:420334] [AUTO_EXIT_CHECK] Position: 2057.8489999999997s / Duration: 5406.99s
2026-01-21 00:50:42.285 RedLemon[50656:420334] [AUTO_EXIT_CHECK] Checking EOF conditions...
2026-01-21 00:50:42.285 RedLemon[50656:420334] [AUTO_EXIT_CHECK] No exit condition met - continuing to monitor...
2026-01-21 00:50:43.283 RedLemon[50656:420334] [AUTO_EXIT_CHECK] isEventPlayback: true
2026-01-21 00:50:43.283 RedLemon[50656:420334] [AUTO_EXIT_CHECK] isLoading: false, isResolvingStream: false
2026-01-21 00:50:43.284 RedLemon[50656:420334] [AUTO_EXIT_CHECK] playbackFinished: false, isPlaying: true
2026-01-21 00:50:43.284 RedLemon[50656:420334] [AUTO_EXIT_CHECK] Position: 2059.017s / Duration: 5406.99s
2026-01-21 00:50:43.284 RedLemon[50656:420334] [AUTO_EXIT_CHECK] Checking EOF conditions...
2026-01-21 00:50:43.284 RedLemon[50656:420334] [AUTO_EXIT_CHECK] No exit condition met - continuing to monitor...
2026-01-21 00:50:44.369 RedLemon[50656:420334] [AUTO_EXIT_CHECK] isEventPlayback: true
2026-01-21 00:50:44.369 RedLemon[50656:420334] [AUTO_EXIT_CHECK] isLoading: false, isResolvingStream: false
2026-01-21 00:50:44.369 RedLemon[50656:420334] [AUTO_EXIT_CHECK] playbackFinished: false, isPlaying: true
2026-01-21 00:50:44.369 RedLemon[50656:420334] [AUTO_EXIT_CHECK] Position: 2059.893s / Duration: 5406.99s
2026-01-21 00:50:44.369 RedLemon[50656:420334] [AUTO_EXIT_CHECK] Checking EOF conditions...
2026-01-21 00:50:44.369 RedLemon[50656:420334] [AUTO_EXIT_CHECK] No exit condition met - continuing to monitor...
2026-01-21 00:50:45.286 RedLemon[50656:420334] [AUTO_EXIT_CHECK] isEventPlayback: true
2026-01-21 00:50:45.286 RedLemon[50656:420334] [AUTO_EXIT_CHECK] isLoading: false, isResolvingStream: false
2026-01-21 00:50:45.286 RedLemon[50656:420334] [AUTO_EXIT_CHECK] playbackFinished: false, isPlaying: true
2026-01-21 00:50:45.286 RedLemon[50656:420334] [AUTO_EXIT_CHECK] Position: 2061.0609999999997s / Duration: 5406.99s
2026-01-21 00:50:45.287 RedLemon[50656:420334] [AUTO_EXIT_CHECK] Checking EOF conditions...
2026-01-21 00:50:45.287 RedLemon[50656:420334] [AUTO_EXIT_CHECK] No exit condition met - continuing to monitor...
2026-01-21 00:50:46.288 RedLemon[50656:420334] [AUTO_EXIT_CHECK] isEventPlayback: true
2026-01-21 00:50:46.289 RedLemon[50656:420334] [AUTO_EXIT_CHECK] isLoading: false, isResolvingStream: false
2026-01-21 00:50:46.289 RedLemon[50656:420334] [AUTO_EXIT_CHECK] playbackFinished: false, isPlaying: true
2026-01-21 00:50:46.289 RedLemon[50656:420334] [AUTO_EXIT_CHECK] Position: 2061.937s / Duration: 5406.99s
2026-01-21 00:50:46.289 RedLemon[50656:420334] [AUTO_EXIT_CHECK] Checking EOF conditions...
2026-01-21 00:50:46.289 RedLemon[50656:420334] [AUTO_EXIT_CHECK] No exit condition met - continuing to monitor...
2026-01-21 00:50:47.288 RedLemon[50656:420334] [AUTO_EXIT_CHECK] isEventPlayback: true
2026-01-21 00:50:47.289 RedLemon[50656:420334] [AUTO_EXIT_CHECK] isLoading: false, isResolvingStream: false
2026-01-21 00:50:47.289 RedLemon[50656:420334] [AUTO_EXIT_CHECK] playbackFinished: false, isPlaying: true
2026-01-21 00:50:47.289 RedLemon[50656:420334] [AUTO_EXIT_CHECK] Position: 2062.812s / Duration: 5406.99s
2026-01-21 00:50:47.289 RedLemon[50656:420334] [AUTO_EXIT_CHECK] Checking EOF conditions...
2026-01-21 00:50:47.289 RedLemon[50656:420334] [AUTO_EXIT_CHECK] No exit condition met - continuing to monitor...
2026-01-21 00:50:48.290 RedLemon[50656:420334] [AUTO_EXIT_CHECK] isEventPlayback: true
2026-01-21 00:50:48.290 RedLemon[50656:420334] [AUTO_EXIT_CHECK] isLoading: false, isResolvingStream: false
2026-01-21 00:50:48.291 RedLemon[50656:420334] [AUTO_EXIT_CHECK] playbackFinished: false, isPlaying: true
2026-01-21 00:50:48.291 RedLemon[50656:420334] [AUTO_EXIT_CHECK] Position: 2063.9809999999998s / Duration: 5406.99s
2026-01-21 00:50:48.291 RedLemon[50656:420334] [AUTO_EXIT_CHECK] Checking EOF conditions...
2026-01-21 00:50:48.291 RedLemon[50656:420334] [AUTO_EXIT_CHECK] No exit condition met - continuing to monitor...
2026-01-21 00:50:49.281 RedLemon[50656:420334] [AUTO_EXIT_CHECK] isEventPlayback: true
2026-01-21 00:50:49.281 RedLemon[50656:420334] [AUTO_EXIT_CHECK] isLoading: false, isResolvingStream: false
2026-01-21 00:50:49.281 RedLemon[50656:420334] [AUTO_EXIT_CHECK] playbackFinished: false, isPlaying: true
2026-01-21 00:50:49.282 RedLemon[50656:420334] [AUTO_EXIT_CHECK] Position: 2064.857s / Duration: 5406.99s
2026-01-21 00:50:49.282 RedLemon[50656:420334] [AUTO_EXIT_CHECK] Checking EOF conditions...
2026-01-21 00:50:49.282 RedLemon[50656:420334] [AUTO_EXIT_CHECK] No exit condition met - continuing to monitor...
2026-01-21 00:50:50.459 RedLemon[50656:420334] [AUTO_EXIT_CHECK] isEventPlayback: true
2026-01-21 00:50:50.459 RedLemon[50656:420334] [AUTO_EXIT_CHECK] isLoading: false, isResolvingStream: false
2026-01-21 00:50:50.459 RedLemon[50656:420334] [AUTO_EXIT_CHECK] playbackFinished: false, isPlaying: true
2026-01-21 00:50:50.459 RedLemon[50656:420334] [AUTO_EXIT_CHECK] Position: 2066.025s / Duration: 5406.99s
2026-01-21 00:50:50.459 RedLemon[50656:420334] [AUTO_EXIT_CHECK] Checking EOF conditions...
2026-01-21 00:50:50.460 RedLemon[50656:420334] [AUTO_EXIT_CHECK] No exit condition met - continuing to monitor...
2026-01-21 00:50:51.418 RedLemon[50656:420334] [AUTO_EXIT_CHECK] isEventPlayback: true
2026-01-21 00:50:51.418 RedLemon[50656:420334] [AUTO_EXIT_CHECK] isLoading: false, isResolvingStream: false
2026-01-21 00:50:51.418 RedLemon[50656:420334] [AUTO_EXIT_CHECK] playbackFinished: false, isPlaying: true
2026-01-21 00:50:51.418 RedLemon[50656:420334] [AUTO_EXIT_CHECK] Position: 2066.9s / Duration: 5406.99s
2026-01-21 00:50:51.418 RedLemon[50656:420334] [AUTO_EXIT_CHECK] Checking EOF conditions...
2026-01-21 00:50:51.418 RedLemon[50656:420334] [AUTO_EXIT_CHECK] No exit condition met - continuing to monitor...
2026-01-21 00:50:52.294 RedLemon[50656:420334] [AUTO_EXIT_CHECK] isEventPlayback: true
2026-01-21 00:50:52.294 RedLemon[50656:420334] [AUTO_EXIT_CHECK] isLoading: false, isResolvingStream: false
2026-01-21 00:50:52.294 RedLemon[50656:420334] [AUTO_EXIT_CHECK] playbackFinished: false, isPlaying: true
2026-01-21 00:50:52.294 RedLemon[50656:420334] [AUTO_EXIT_CHECK] Position: 2068.069s / Duration: 5406.99s
2026-01-21 00:50:52.294 RedLemon[50656:420334] [AUTO_EXIT_CHECK] Checking EOF conditions...
2026-01-21 00:50:52.295 RedLemon[50656:420334] [AUTO_EXIT_CHECK] No exit condition met - continuing to monitor...
2026-01-21 00:50:53.338 RedLemon[50656:420334] [AUTO_EXIT_CHECK] isEventPlayback: true
2026-01-21 00:50:53.338 RedLemon[50656:420334] [AUTO_EXIT_CHECK] isLoading: false, isResolvingStream: false
2026-01-21 00:50:53.338 RedLemon[50656:420334] [AUTO_EXIT_CHECK] playbackFinished: false, isPlaying: true
2026-01-21 00:50:53.338 RedLemon[50656:420334] [AUTO_EXIT_CHECK] Position: 2068.944s / Duration: 5406.99s
2026-01-21 00:50:53.338 RedLemon[50656:420334] [AUTO_EXIT_CHECK] Checking EOF conditions...
2026-01-21 00:50:53.339 RedLemon[50656:420334] [AUTO_EXIT_CHECK] No exit condition met - continuing to monitor...
2026-01-21 00:50:54.382 RedLemon[50656:420334] [AUTO_EXIT_CHECK] isEventPlayback: true
2026-01-21 00:50:54.382 RedLemon[50656:420334] [AUTO_EXIT_CHECK] isLoading: false, isResolvingStream: false
2026-01-21 00:50:54.382 RedLemon[50656:420334] [AUTO_EXIT_CHECK] playbackFinished: false, isPlaying: true
2026-01-21 00:50:54.383 RedLemon[50656:420334] [AUTO_EXIT_CHECK] Position: 2070.112s / Duration: 5406.99s
2026-01-21 00:50:54.383 RedLemon[50656:420334] [AUTO_EXIT_CHECK] Checking EOF conditions...
2026-01-21 00:50:54.383 RedLemon[50656:420334] [AUTO_EXIT_CHECK] No exit condition met - continuing to monitor...
2026-01-21 00:50:55.339 RedLemon[50656:420334] [AUTO_EXIT_CHECK] isEventPlayback: true
2026-01-21 00:50:55.339 RedLemon[50656:420334] [AUTO_EXIT_CHECK] isLoading: false, isResolvingStream: false
2026-01-21 00:50:55.339 RedLemon[50656:420334] [AUTO_EXIT_CHECK] playbackFinished: false, isPlaying: true
2026-01-21 00:50:55.339 RedLemon[50656:420334] [AUTO_EXIT_CHECK] Position: 2070.987s / Duration: 5406.99s
2026-01-21 00:50:55.339 RedLemon[50656:420334] [AUTO_EXIT_CHECK] Checking EOF conditions...
2026-01-21 00:50:55.339 RedLemon[50656:420334] [AUTO_EXIT_CHECK] No exit condition met - continuing to monitor...
2026-01-21 00:50:56.298 RedLemon[50656:420334] [AUTO_EXIT_CHECK] isEventPlayback: true
2026-01-21 00:50:56.298 RedLemon[50656:420334] [AUTO_EXIT_CHECK] isLoading: false, isResolvingStream: false
2026-01-21 00:50:56.299 RedLemon[50656:420334] [AUTO_EXIT_CHECK] playbackFinished: false, isPlaying: true
2026-01-21 00:50:56.299 RedLemon[50656:420334] [AUTO_EXIT_CHECK] Position: 2071.863s / Duration: 5406.99s
2026-01-21 00:50:56.299 RedLemon[50656:420334] [AUTO_EXIT_CHECK] Checking EOF conditions...
2026-01-21 00:50:56.299 RedLemon[50656:420334] [AUTO_EXIT_CHECK] No exit condition met - continuing to monitor...
2026-01-21 00:50:57.299 RedLemon[50656:420334] [AUTO_EXIT_CHECK] isEventPlayback: true
2026-01-21 00:50:57.299 RedLemon[50656:420334] [AUTO_EXIT_CHECK] isLoading: false, isResolvingStream: false
2026-01-21 00:50:57.300 RedLemon[50656:420334] [AUTO_EXIT_CHECK] playbackFinished: false, isPlaying: true
2026-01-21 00:50:57.300 RedLemon[50656:420334] [AUTO_EXIT_CHECK] Position: 2073.0319999999997s / Duration: 5406.99s
2026-01-21 00:50:57.300 RedLemon[50656:420334] [AUTO_EXIT_CHECK] Checking EOF conditions...
2026-01-21 00:50:57.301 RedLemon[50656:420334] [AUTO_EXIT_CHECK] No exit condition met - continuing to monitor...
2026-01-21 00:50:58.299 RedLemon[50656:420334] [AUTO_EXIT_CHECK] isEventPlayback: true
2026-01-21 00:50:58.299 RedLemon[50656:420334] [AUTO_EXIT_CHECK] isLoading: false, isResolvingStream: false
2026-01-21 00:50:58.299 RedLemon[50656:420334] [AUTO_EXIT_CHECK] playbackFinished: false, isPlaying: true
2026-01-21 00:50:58.300 RedLemon[50656:420334] [AUTO_EXIT_CHECK] Position: 2073.9069999999997s / Duration: 5406.99s
2026-01-21 00:50:58.300 RedLemon[50656:420334] [AUTO_EXIT_CHECK] Checking EOF conditions...
2026-01-21 00:50:58.300 RedLemon[50656:420334] [AUTO_EXIT_CHECK] No exit condition met - continuing to monitor...
2026-01-21 00:50:59.426 RedLemon[50656:420334] [AUTO_EXIT_CHECK] isEventPlayback: true
2026-01-21 00:50:59.426 RedLemon[50656:420334] [AUTO_EXIT_CHECK] isLoading: false, isResolvingStream: false
2026-01-21 00:50:59.427 RedLemon[50656:420334] [AUTO_EXIT_CHECK] playbackFinished: false, isPlaying: true
2026-01-21 00:50:59.427 RedLemon[50656:420334] [AUTO_EXIT_CHECK] Position: 2075.075s / Duration: 5406.99s
2026-01-21 00:50:59.427 RedLemon[50656:420334] [AUTO_EXIT_CHECK] Checking EOF conditions...
2026-01-21 00:50:59.427 RedLemon[50656:420334] [AUTO_EXIT_CHECK] No exit condition met - continuing to monitor...
2026-01-21 00:51:00.304 RedLemon[50656:420334] [AUTO_EXIT_CHECK] isEventPlayback: true
2026-01-21 00:51:00.304 RedLemon[50656:420334] [AUTO_EXIT_CHECK] isLoading: false, isResolvingStream: false
2026-01-21 00:51:00.304 RedLemon[50656:420334] [AUTO_EXIT_CHECK] playbackFinished: false, isPlaying: true
2026-01-21 00:51:00.304 RedLemon[50656:420334] [AUTO_EXIT_CHECK] Position: 2075.951s / Duration: 5406.99s
2026-01-21 00:51:00.304 RedLemon[50656:420334] [AUTO_EXIT_CHECK] Checking EOF conditions...
2026-01-21 00:51:00.305 RedLemon[50656:420334] [AUTO_EXIT_CHECK] No exit condition met - continuing to monitor...
2026-01-21 00:51:01.303 RedLemon[50656:420334] [AUTO_EXIT_CHECK] isEventPlayback: true
2026-01-21 00:51:01.303 RedLemon[50656:420334] [AUTO_EXIT_CHECK] isLoading: false, isResolvingStream: false
2026-01-21 00:51:01.303 RedLemon[50656:420334] [AUTO_EXIT_CHECK] playbackFinished: false, isPlaying: true
2026-01-21 00:51:01.304 RedLemon[50656:420334] [AUTO_EXIT_CHECK] Position: 2076.8269999999998s / Duration: 5406.99s
2026-01-21 00:51:01.304 RedLemon[50656:420334] [AUTO_EXIT_CHECK] Checking EOF conditions...
2026-01-21 00:51:01.304 RedLemon[50656:420334] [AUTO_EXIT_CHECK] No exit condition met - continuing to monitor...
2026-01-21 00:51:02.304 RedLemon[50656:420334] [AUTO_EXIT_CHECK] isEventPlayback: true
2026-01-21 00:51:02.304 RedLemon[50656:420334] [AUTO_EXIT_CHECK] isLoading: false, isResolvingStream: false
2026-01-21 00:51:02.305 RedLemon[50656:420334] [AUTO_EXIT_CHECK] playbackFinished: false, isPlaying: true
2026-01-21 00:51:02.305 RedLemon[50656:420334] [AUTO_EXIT_CHECK] Position: 2077.9939999999997s / Duration: 5406.99s
2026-01-21 00:51:02.305 RedLemon[50656:420334] [AUTO_EXIT_CHECK] Checking EOF conditions...
2026-01-21 00:51:02.305 RedLemon[50656:420334] [AUTO_EXIT_CHECK] No exit condition met - continuing to monitor...
2026-01-21 00:51:03.390 RedLemon[50656:420334] [AUTO_EXIT_CHECK] isEventPlayback: true
2026-01-21 00:51:03.390 RedLemon[50656:420334] [AUTO_EXIT_CHECK] isLoading: false, isResolvingStream: false
2026-01-21 00:51:03.391 RedLemon[50656:420334] [AUTO_EXIT_CHECK] playbackFinished: false, isPlaying: true
2026-01-21 00:51:03.391 RedLemon[50656:420334] [AUTO_EXIT_CHECK] Position: 2079.162s / Duration: 5406.99s
2026-01-21 00:51:03.391 RedLemon[50656:420334] [AUTO_EXIT_CHECK] Checking EOF conditions...
2026-01-21 00:51:03.391 RedLemon[50656:420334] [AUTO_EXIT_CHECK] No exit condition met - continuing to monitor...
2026-01-21 00:51:04.266 RedLemon[50656:420334] [AUTO_EXIT_CHECK] isEventPlayback: true
2026-01-21 00:51:04.266 RedLemon[50656:420334] [AUTO_EXIT_CHECK] isLoading: false, isResolvingStream: false
2026-01-21 00:51:04.266 RedLemon[50656:420334] [AUTO_EXIT_CHECK] playbackFinished: false, isPlaying: true
2026-01-21 00:51:04.266 RedLemon[50656:420334] [AUTO_EXIT_CHECK] Position: 2080.038s / Duration: 5406.99s
2026-01-21 00:51:04.267 RedLemon[50656:420334] [AUTO_EXIT_CHECK] Checking EOF conditions...
2026-01-21 00:51:04.267 RedLemon[50656:420334] [AUTO_EXIT_CHECK] No exit condition met - continuing to monitor...
2026-01-21 00:51:05.308 RedLemon[50656:420334] [AUTO_EXIT_CHECK] isEventPlayback: true
2026-01-21 00:51:05.308 RedLemon[50656:420334] [AUTO_EXIT_CHECK] isLoading: false, isResolvingStream: false
2026-01-21 00:51:05.308 RedLemon[50656:420334] [AUTO_EXIT_CHECK] playbackFinished: false, isPlaying: true
2026-01-21 00:51:05.308 RedLemon[50656:420334] [AUTO_EXIT_CHECK] Position: 2080.9139999999998s / Duration: 5406.99s
2026-01-21 00:51:05.308 RedLemon[50656:420334] [AUTO_EXIT_CHECK] Checking EOF conditions...
2026-01-21 00:51:05.309 RedLemon[50656:420334] [AUTO_EXIT_CHECK] No exit condition met - continuing to monitor...
2026-01-21 00:51:06.269 RedLemon[50656:420334] [AUTO_EXIT_CHECK] isEventPlayback: true
2026-01-21 00:51:06.269 RedLemon[50656:420334] [AUTO_EXIT_CHECK] isLoading: false, isResolvingStream: false
2026-01-21 00:51:06.270 RedLemon[50656:420334] [AUTO_EXIT_CHECK] playbackFinished: false, isPlaying: true
2026-01-21 00:51:06.270 RedLemon[50656:420334] [AUTO_EXIT_CHECK] Position: 2081.7909999999997s / Duration: 5406.99s
2026-01-21 00:51:06.270 RedLemon[50656:420334] [AUTO_EXIT_CHECK] Checking EOF conditions...
2026-01-21 00:51:06.270 RedLemon[50656:420334] [AUTO_EXIT_CHECK] No exit condition met - continuing to monitor...
2026-01-21 00:51:07.309 RedLemon[50656:420334] [AUTO_EXIT_CHECK] isEventPlayback: true
2026-01-21 00:51:07.310 RedLemon[50656:420334] [AUTO_EXIT_CHECK] isLoading: false, isResolvingStream: false
2026-01-21 00:51:07.310 RedLemon[50656:420334] [AUTO_EXIT_CHECK] playbackFinished: false, isPlaying: true
2026-01-21 00:51:07.310 RedLemon[50656:420334] [AUTO_EXIT_CHECK] Position: 2082.958s / Duration: 5406.99s
2026-01-21 00:51:07.310 RedLemon[50656:420334] [AUTO_EXIT_CHECK] Checking EOF conditions...
2026-01-21 00:51:07.310 RedLemon[50656:420334] [AUTO_EXIT_CHECK] No exit condition met - continuing to monitor...
2026-01-21 00:51:08.311 RedLemon[50656:420334] [AUTO_EXIT_CHECK] isEventPlayback: true
2026-01-21 00:51:08.311 RedLemon[50656:420334] [AUTO_EXIT_CHECK] isLoading: false, isResolvingStream: false
2026-01-21 00:51:08.311 RedLemon[50656:420334] [AUTO_EXIT_CHECK] playbackFinished: false, isPlaying: true
2026-01-21 00:51:08.311 RedLemon[50656:420334] [AUTO_EXIT_CHECK] Position: 2083.834s / Duration: 5406.99s
2026-01-21 00:51:08.311 RedLemon[50656:420334] [AUTO_EXIT_CHECK] Checking EOF conditions...
2026-01-21 00:51:08.312 RedLemon[50656:420334] [AUTO_EXIT_CHECK] No exit condition met - continuing to monitor...
2026-01-21 00:51:08.978 RedLemon[50656:421589] 🔐 Signed request to /rpc/room_heartbeat
2026-01-21 00:51:09.112 RedLemon[50656:422027] ❌ [00:51:09.111] [NETWORK] [SupabaseClient.swift:336] Supabase API Error: Missing signature headers (x-identity-signature, x-timestamp)
2026-01-21 00:51:09.270 RedLemon[50656:420334] [AUTO_EXIT_CHECK] isEventPlayback: true
2026-01-21 00:51:09.270 RedLemon[50656:420334] [AUTO_EXIT_CHECK] isLoading: false, isResolvingStream: false
2026-01-21 00:51:09.270 RedLemon[50656:420334] [AUTO_EXIT_CHECK] playbackFinished: false, isPlaying: true
2026-01-21 00:51:09.271 RedLemon[50656:420334] [AUTO_EXIT_CHECK] Position: 2085.002s / Duration: 5406.99s
2026-01-21 00:51:09.271 RedLemon[50656:420334] [AUTO_EXIT_CHECK] Checking EOF conditions...
2026-01-21 00:51:09.271 RedLemon[50656:420334] [AUTO_EXIT_CHECK] No exit condition met - continuing to monitor...
2026-01-21 00:51:10.272 RedLemon[50656:420334] [AUTO_EXIT_CHECK] isEventPlayback: true
2026-01-21 00:51:10.272 RedLemon[50656:420334] [AUTO_EXIT_CHECK] isLoading: false, isResolvingStream: false
2026-01-21 00:51:10.272 RedLemon[50656:420334] [AUTO_EXIT_CHECK] playbackFinished: false, isPlaying: true
2026-01-21 00:51:10.272 RedLemon[50656:420334] [AUTO_EXIT_CHECK] Position: 2085.8779999999997s / Duration: 5406.99s
2026-01-21 00:51:10.272 RedLemon[50656:420334] [AUTO_EXIT_CHECK] Checking EOF conditions...
2026-01-21 00:51:10.272 RedLemon[50656:420334] [AUTO_EXIT_CHECK] No exit condition met - continuing to monitor...
2026-01-21 00:51:11.271 RedLemon[50656:420334] [AUTO_EXIT_CHECK] isEventPlayback: true
2026-01-21 00:51:11.272 RedLemon[50656:420334] [AUTO_EXIT_CHECK] isLoading: false, isResolvingStream: false
2026-01-21 00:51:11.272 RedLemon[50656:420334] [AUTO_EXIT_CHECK] playbackFinished: false, isPlaying: true
2026-01-21 00:51:11.272 RedLemon[50656:420334] [AUTO_EXIT_CHECK] Position: 2087.046s / Duration: 5406.99s
2026-01-21 00:51:11.272 RedLemon[50656:420334] [AUTO_EXIT_CHECK] Checking EOF conditions...
2026-01-21 00:51:11.272 RedLemon[50656:420334] [AUTO_EXIT_CHECK] No exit condition met - continuing to monitor...
2026-01-21 00:51:12.274 RedLemon[50656:420334] [AUTO_EXIT_CHECK] isEventPlayback: true
2026-01-21 00:51:12.274 RedLemon[50656:420334] [AUTO_EXIT_CHECK] isLoading: false, isResolvingStream: false
2026-01-21 00:51:12.275 RedLemon[50656:420334] [AUTO_EXIT_CHECK] playbackFinished: false, isPlaying: true
2026-01-21 00:51:12.275 RedLemon[50656:420334] [AUTO_EXIT_CHECK] Position: 2087.922s / Duration: 5406.99s
2026-01-21 00:51:12.275 RedLemon[50656:420334] [AUTO_EXIT_CHECK] Checking EOF conditions...
2026-01-21 00:51:12.275 RedLemon[50656:420334] [AUTO_EXIT_CHECK] No exit condition met - continuing to monitor...
2026-01-21 00:51:13.286 RedLemon[50656:420334] [AUTO_EXIT_CHECK] isEventPlayback: true
2026-01-21 00:51:13.286 RedLemon[50656:420334] [AUTO_EXIT_CHECK] isLoading: false, isResolvingStream: false
2026-01-21 00:51:13.287 RedLemon[50656:420334] [AUTO_EXIT_CHECK] playbackFinished: false, isPlaying: true
2026-01-21 00:51:13.287 RedLemon[50656:420334] [AUTO_EXIT_CHECK] Position: 2088.797s / Duration: 5406.99s
2026-01-21 00:51:13.287 RedLemon[50656:420334] [AUTO_EXIT_CHECK] Checking EOF conditions...
2026-01-21 00:51:13.287 RedLemon[50656:420334] [AUTO_EXIT_CHECK] No exit condition met - continuing to monitor...
2026-01-21 00:51:14.321 RedLemon[50656:420334] [AUTO_EXIT_CHECK] isEventPlayback: true
2026-01-21 00:51:14.321 RedLemon[50656:420334] [AUTO_EXIT_CHECK] isLoading: false, isResolvingStream: false
2026-01-21 00:51:14.321 RedLemon[50656:420334] [AUTO_EXIT_CHECK] playbackFinished: false, isPlaying: true
2026-01-21 00:51:14.321 RedLemon[50656:420334] [AUTO_EXIT_CHECK] Position: 2090.007s / Duration: 5406.99s
2026-01-21 00:51:14.321 RedLemon[50656:420334] [AUTO_EXIT_CHECK] Checking EOF conditions...
2026-01-21 00:51:14.322 RedLemon[50656:420334] [AUTO_EXIT_CHECK] No exit condition met - continuing to monitor...
2026-01-21 00:51:15.275 RedLemon[50656:420334] [AUTO_EXIT_CHECK] isEventPlayback: true
2026-01-21 00:51:15.276 RedLemon[50656:420334] [AUTO_EXIT_CHECK] isLoading: false, isResolvingStream: false
2026-01-21 00:51:15.276 RedLemon[50656:420334] [AUTO_EXIT_CHECK] playbackFinished: false, isPlaying: true
2026-01-21 00:51:15.276 RedLemon[50656:420334] [AUTO_EXIT_CHECK] Position: 2090.924s / Duration: 5406.99s
2026-01-21 00:51:15.276 RedLemon[50656:420334] [AUTO_EXIT_CHECK] Checking EOF conditions...
2026-01-21 00:51:15.276 RedLemon[50656:420334] [AUTO_EXIT_CHECK] No exit condition met - continuing to monitor...
2026-01-21 00:51:16.280 RedLemon[50656:420334] [AUTO_EXIT_CHECK] isEventPlayback: true
2026-01-21 00:51:16.280 RedLemon[50656:420334] [AUTO_EXIT_CHECK] isLoading: false, isResolvingStream: false
2026-01-21 00:51:16.280 RedLemon[50656:420334] [AUTO_EXIT_CHECK] playbackFinished: false, isPlaying: true
2026-01-21 00:51:16.280 RedLemon[50656:420334] [AUTO_EXIT_CHECK] Position: 2091.7999999999997s / Duration: 5406.99s
2026-01-21 00:51:16.280 RedLemon[50656:420334] [AUTO_EXIT_CHECK] Checking EOF conditions...
2026-01-21 00:51:16.281 RedLemon[50656:420334] [AUTO_EXIT_CHECK] No exit condition met - continuing to monitor...
2026-01-21 00:51:17.361 RedLemon[50656:420334] [AUTO_EXIT_CHECK] isEventPlayback: true
2026-01-21 00:51:17.361 RedLemon[50656:420334] [AUTO_EXIT_CHECK] isLoading: false, isResolvingStream: false
2026-01-21 00:51:17.361 RedLemon[50656:420334] [AUTO_EXIT_CHECK] playbackFinished: false, isPlaying: true
2026-01-21 00:51:17.361 RedLemon[50656:420334] [AUTO_EXIT_CHECK] Position: 2092.968s / Duration: 5406.99s
2026-01-21 00:51:17.361 RedLemon[50656:420334] [AUTO_EXIT_CHECK] Checking EOF conditions...
2026-01-21 00:51:17.361 RedLemon[50656:420334] [AUTO_EXIT_CHECK] No exit condition met - continuing to monitor...
2026-01-21 00:51:18.320 RedLemon[50656:420334] [AUTO_EXIT_CHECK] isEventPlayback: true
2026-01-21 00:51:18.320 RedLemon[50656:420334] [AUTO_EXIT_CHECK] isLoading: false, isResolvingStream: false
2026-01-21 00:51:18.321 RedLemon[50656:420334] [AUTO_EXIT_CHECK] playbackFinished: false, isPlaying: true
2026-01-21 00:51:18.321 RedLemon[50656:420334] [AUTO_EXIT_CHECK] Position: 2093.843s / Duration: 5406.99s
2026-01-21 00:51:18.321 RedLemon[50656:420334] [AUTO_EXIT_CHECK] Checking EOF conditions...
2026-01-21 00:51:18.322 RedLemon[50656:420334] [AUTO_EXIT_CHECK] No exit condition met - continuing to monitor...
2026-01-21 00:51:19.280 RedLemon[50656:420334] [AUTO_EXIT_CHECK] isEventPlayback: true
2026-01-21 00:51:19.280 RedLemon[50656:420334] [AUTO_EXIT_CHECK] isLoading: false, isResolvingStream: false
2026-01-21 00:51:19.280 RedLemon[50656:420334] [AUTO_EXIT_CHECK] playbackFinished: false, isPlaying: true
2026-01-21 00:51:19.280 RedLemon[50656:420334] [AUTO_EXIT_CHECK] Position: 2095.011s / Duration: 5406.99s
2026-01-21 00:51:19.281 RedLemon[50656:420334] [AUTO_EXIT_CHECK] Checking EOF conditions...
2026-01-21 00:51:19.281 RedLemon[50656:420334] [AUTO_EXIT_CHECK] No exit condition met - continuing to monitor...
2026-01-21 00:51:20.282 RedLemon[50656:420334] [AUTO_EXIT_CHECK] isEventPlayback: true
2026-01-21 00:51:20.282 RedLemon[50656:420334] [AUTO_EXIT_CHECK] isLoading: false, isResolvingStream: false
2026-01-21 00:51:20.282 RedLemon[50656:420334] [AUTO_EXIT_CHECK] playbackFinished: false, isPlaying: true
2026-01-21 00:51:20.282 RedLemon[50656:420334] [AUTO_EXIT_CHECK] Position: 2095.8869999999997s / Duration: 5406.99s
2026-01-21 00:51:20.283 RedLemon[50656:420334] [AUTO_EXIT_CHECK] Checking EOF conditions...
2026-01-21 00:51:20.283 RedLemon[50656:420334] [AUTO_EXIT_CHECK] No exit condition met - continuing to monitor...
2026-01-21 00:51:21.281 RedLemon[50656:420334] [AUTO_EXIT_CHECK] isEventPlayback: true
2026-01-21 00:51:21.282 RedLemon[50656:420334] [AUTO_EXIT_CHECK] isLoading: false, isResolvingStream: false
2026-01-21 00:51:21.282 RedLemon[50656:420334] [AUTO_EXIT_CHECK] playbackFinished: false, isPlaying: true
2026-01-21 00:51:21.282 RedLemon[50656:420334] [AUTO_EXIT_CHECK] Position: 2097.056s / Duration: 5406.99s
2026-01-21 00:51:21.282 RedLemon[50656:420334] [AUTO_EXIT_CHECK] Checking EOF conditions...
2026-01-21 00:51:21.282 RedLemon[50656:420334] [AUTO_EXIT_CHECK] No exit condition met - continuing to monitor...
2026-01-21 00:51:22.366 RedLemon[50656:420334] [AUTO_EXIT_CHECK] isEventPlayback: true
2026-01-21 00:51:22.367 RedLemon[50656:420334] [AUTO_EXIT_CHECK] isLoading: false, isResolvingStream: false
2026-01-21 00:51:22.367 RedLemon[50656:420334] [AUTO_EXIT_CHECK] playbackFinished: false, isPlaying: true
2026-01-21 00:51:22.367 RedLemon[50656:420334] [AUTO_EXIT_CHECK] Position: 2097.931s / Duration: 5406.99s
2026-01-21 00:51:22.367 RedLemon[50656:420334] [AUTO_EXIT_CHECK] Checking EOF conditions...
2026-01-21 00:51:22.368 RedLemon[50656:420334] [AUTO_EXIT_CHECK] No exit condition met - continuing to monitor...
2026-01-21 00:51:23.284 RedLemon[50656:420334] [AUTO_EXIT_CHECK] isEventPlayback: true
2026-01-21 00:51:23.285 RedLemon[50656:420334] [AUTO_EXIT_CHECK] isLoading: false, isResolvingStream: false
2026-01-21 00:51:23.285 RedLemon[50656:420334] [AUTO_EXIT_CHECK] playbackFinished: false, isPlaying: true
2026-01-21 00:51:23.285 RedLemon[50656:420334] [AUTO_EXIT_CHECK] Position: 2098.808s / Duration: 5406.99s
2026-01-21 00:51:23.286 RedLemon[50656:420334] [AUTO_EXIT_CHECK] Checking EOF conditions...
2026-01-21 00:51:23.286 RedLemon[50656:420334] [AUTO_EXIT_CHECK] No exit condition met - continuing to monitor...
2026-01-21 00:51:24.286 RedLemon[50656:420334] [AUTO_EXIT_CHECK] isEventPlayback: true
2026-01-21 00:51:24.287 RedLemon[50656:420334] [AUTO_EXIT_CHECK] isLoading: false, isResolvingStream: false
2026-01-21 00:51:24.287 RedLemon[50656:420334] [AUTO_EXIT_CHECK] playbackFinished: false, isPlaying: true
2026-01-21 00:51:24.287 RedLemon[50656:420334] [AUTO_EXIT_CHECK] Position: 2099.975s / Duration: 5406.99s
2026-01-21 00:51:24.287 RedLemon[50656:420334] [AUTO_EXIT_CHECK] Checking EOF conditions...
2026-01-21 00:51:24.287 RedLemon[50656:420334] [AUTO_EXIT_CHECK] No exit condition met - continuing to monitor...
2026-01-21 00:51:25.384 RedLemon[50656:420334] [AUTO_EXIT_CHECK] isEventPlayback: true
2026-01-21 00:51:25.384 RedLemon[50656:420334] [AUTO_EXIT_CHECK] isLoading: false, isResolvingStream: false
2026-01-21 00:51:25.384 RedLemon[50656:420334] [AUTO_EXIT_CHECK] playbackFinished: false, isPlaying: true
2026-01-21 00:51:25.384 RedLemon[50656:420334] [AUTO_EXIT_CHECK] Position: 2101.142s / Duration: 5406.99s
2026-01-21 00:51:25.384 RedLemon[50656:420334] [AUTO_EXIT_CHECK] Checking EOF conditions...
2026-01-21 00:51:25.384 RedLemon[50656:420334] [AUTO_EXIT_CHECK] No exit condition met - continuing to monitor...
2026-01-21 00:51:26.381 RedLemon[50656:420334] [AUTO_EXIT_CHECK] isEventPlayback: true
2026-01-21 00:51:26.382 RedLemon[50656:420334] [AUTO_EXIT_CHECK] isLoading: false, isResolvingStream: false
2026-01-21 00:51:26.382 RedLemon[50656:420334] [AUTO_EXIT_CHECK] playbackFinished: false, isPlaying: true
2026-01-21 00:51:26.382 RedLemon[50656:420334] [AUTO_EXIT_CHECK] Position: 2102.019s / Duration: 5406.99s
2026-01-21 00:51:26.382 RedLemon[50656:420334] [AUTO_EXIT_CHECK] Checking EOF conditions...
2026-01-21 00:51:26.382 RedLemon[50656:420334] [AUTO_EXIT_CHECK] No exit condition met - continuing to monitor...
2026-01-21 00:51:26.707 RedLemon[50656:421755] 📝 [PLAYER] Playback State Changed ["state": "Paused"]
2026-01-21 00:51:26.882 RedLemon[50656:420334] ⚠️ PlayerVM: currentWatchPartyRoom set to NIL. Stack Trace unavailable, but check recent logs.
2026-01-21 00:51:27.909 RedLemon[50656:422700] 📝 Realtime: Unregistered observer 'player'
📊 AppState: Polled participant counts - Active: ["tt0266915": 1]
⏰ AppState: Next schedule update set for Event End: 2026-01-21 06:56:20 +0000
⏰ AppState: Scheduling update in 3977 seconds
📡 [EventsConfig] Checking server for movie_events config version...
📡 [EventsConfig] Checking server for movie_events config version...
✅ [EventsConfig] Fetched movie_events version 1562 with 405 movies
✅ [EventsConfig] Using cached movie_events config (version 1562, 405 movies)
✅ SocialService: Event event_tt0266915 is JOINABLE (Live or Next Up) - allowing join
✅ [EventsConfig] Fetched movie_events version 1562 with 405 movies
✅ [EventsConfig] Using cached movie_events config (version 1562, 405 movies)
✅ SocialService: Event event_tt0266915 is JOINABLE (Live or Next Up) - allowing join
📊 AppState: Polled participant counts - Active: ["tt0266915": 1]
⏰ AppState: Next schedule update set for Event End: 2026-01-21 06:56:20 +0000
⏰ AppState: Scheduling update in 3967 seconds
📊 AppState: Polled participant counts - Active: ["tt0266915": 1]
⏰ AppState: Next schedule update set for Event End: 2026-01-21 06:56:20 +0000
⏰ AppState: Scheduling update in 3957 seconds
📡 [EventsConfig] Checking server for movie_events config version...
📡 [EventsConfig] Checking server for movie_events config version...
📡 [EventsConfig] Checking server for movie_events config version...
✅ [EventsConfig] Fetched movie_events version 1562 with 405 movies
✅ [EventsConfig] Using cached movie_events config (version 1562, 405 movies)
✅ [EventsConfig] Fetched movie_events version 1562 with 405 movies
✅ [EventsConfig] Fetched movie_events version 1562 with 405 movies
✅ [EventsConfig] Using cached movie_events config (version 1562, 405 movies)
✅ [EventsConfig] Using cached movie_events config (version 1562, 405 movies)
✅ SocialService: Event event_tt0266915 is JOINABLE (Live or Next Up) - allowing join
✅ SocialService: Event event_tt0266915 is JOINABLE (Live or Next Up) - allowing join
📊 AppState: Polled participant counts - Active: ["tt0266915": 1]
⏰ AppState: Next schedule update set for Event End: 2026-01-21 06:56:20 +0000
⏰ AppState: Scheduling update in 3947 seconds
📊 AppState: Polled participant counts - Active: ["tt0266915": 1]
⏰ AppState: Next schedule update set for Event End: 2026-01-21 06:56:20 +0000
⏰ AppState: Scheduling update in 3937 seconds
📊 AppState: Polled participant counts - Active: ["tt0266915": 1]
⏰ AppState: Next schedule update set for Event End: 2026-01-21 06:56:20 +0000
⏰ AppState: Scheduling update in 3927 seconds
📡 [EventsConfig] Checking server for movie_events config version...
📡 [EventsConfig] Checking server for movie_events config version...
✅ [EventsConfig] Fetched movie_events version 1562 with 405 movies
✅ [EventsConfig] Using cached movie_events config (version 1562, 405 movies)
✅ SocialService: Event event_tt0266915 is JOINABLE (Live or Next Up) - allowing join
✅ [EventsConfig] Fetched movie_events version 1562 with 405 movies
✅ [EventsConfig] Using cached movie_events config (version 1562, 405 movies)
✅ SocialService: Event event_tt0266915 is JOINABLE (Live or Next Up) - allowing join
📊 AppState: Polled participant counts - Active: ["tt0266915": 1]
⏰ AppState: Next schedule update set for Event End: 2026-01-21 06:56:20 +0000
⏰ AppState: Scheduling update in 3917 seconds
📊 AppState: Polled participant counts - Active: ["tt0266915": 1]
⏰ AppState: Next schedule update set for Event End: 2026-01-21 06:56:20 +0000
⏰ AppState: Scheduling update in 3907 seconds
📡 [EventsConfig] Checking server for movie_events config version...
📡 [EventsConfig] Checking server for movie_events config version...
✅ [EventsConfig] Fetched movie_events version 1562 with 405 movies
✅ [EventsConfig] Fetched movie_events version 1562 with 405 movies
✅ [EventsConfig] Using cached movie_events config (version 1562, 405 movies)
✅ [EventsConfig] Using cached movie_events config (version 1562, 405 movies)
✅ SocialService: Event event_tt0266915 is JOINABLE (Live or Next Up) - allowing join
✅ SocialService: Event event_tt0266915 is JOINABLE (Live or Next Up) - allowing join
📊 AppState: Polled participant counts - Active: ["tt0266915": 1]
⏰ AppState: Next schedule update set for Event End: 2026-01-21 06:56:20 +0000
⏰ AppState: Scheduling update in 3897 seconds
📅 EventsView appeared
📡 SocialService: Updated status - Browsing Events: 
DEBUG: MPVPlayerViewModel.cleanup called - forcing cleanup. Reason: VIEW_DISAPPEAR
📡 SocialService: Updated status - Browsing: 
🧹 Cleaning up Realtime channel for room: event_tt0266915
🔄 Untracking presence on realtime:watch-party:event_tt0266915...
✅ Presence untracked
🔄 Leaving channel realtime:watch-party:event_tt0266915...
📡 Left channel: realtime:watch-party:event_tt0266915
✅ Channel left
📨 Unknown event: phx_close on realtime:watch-party:event_tt0266915
ℹ️ Keeping WebSocket connected (disconnectClient=false)
📡 Connection state: disconnected
✅ Realtime channel cleanup complete
♻️ RealtimeChannelManager deinitialized
🖼️ [CACHE] Cached image data for key: https://images.metahub.space/poster/small/tt0266915/img (29028 bytes)
[ INFO ] GET /api/metadata/catalog/movie/popular [request-id: 85199EF5-FFD4-4B8A-B753-9FEF015E465A]
🔍 [Server] Proxying catalog request to: https://v3-cinemeta.strem.io/catalog/movie/popular.json
🖼️ [CACHE] Cached image data for key: https://images.metahub.space/poster/small/tt0462538/img (39518 bytes)
🖼️ [CACHE] Cached image data for key: https://m.media-amazon.com/images/M/MV5BMzcwMjkxMzQ3NV5BMl5BanBnXkFtZTgwMzgyNDA5MDI@._V1_SX250.jpg (25509 bytes)
🖼️ [CACHE] Cached image data for key: https://images.metahub.space/poster/small/tt0167404/img (16366 bytes)
🖼️ [CACHE] Cached image data for key: https://images.metahub.space/poster/small/tt0209163/img (32061 bytes)
📡 SocialService: Updated status - Browsing: 
🖼️ [CACHE] Cached image data for key: https://images.metahub.space/poster/small/tt0162222/img (38190 bytes)
🖼️ [CACHE] Cached image data for key: https://images.metahub.space/poster/small/tt4881806/img (15928 bytes)
🖼️ [CACHE] Cached image data for key: https://images.metahub.space/poster/small/tt2333784/img (28486 bytes)
🖼️ [CACHE] Cached image data for key: https://images.metahub.space/poster/small/tt1104001/img (11618 bytes)
🖼️ [CACHE] Cached image data for key: https://images.metahub.space/poster/small/tt2404435/img (31114 bytes)
🖼️ [CACHE] Cached image data for key: https://images.metahub.space/poster/small/tt0381707/img (31688 bytes)
🖼️ [CACHE] Cached image data for key: https://images.metahub.space/poster/small/tt2872732/img (16390 bytes)
🖼️ [CACHE] Cached image data for key: https://images.metahub.space/poster/small/tt0114369/img (23575 bytes)
🖼️ [CACHE] Cached image data for key: https://images.metahub.space/poster/small/tt10545296/img (37667 bytes)
🖼️ [CACHE] Cached image data for key: https://images.metahub.space/poster/small/tt1104001/img (11618 bytes)
🖼️ [CACHE] Cached image data for key: https://images.metahub.space/poster/small/tt0381707/img (31688 bytes)
🖼️ [CACHE] Cached image data for key: https://images.metahub.space/poster/small/tt2404435/img (31114 bytes)
🖼️ [CACHE] Cached image data for key: https://images.metahub.space/poster/small/tt2333784/img (28486 bytes)
🖼️ [CACHE] Cached image data for key: https://images.metahub.space/poster/small/tt4881806/img (15928 bytes)
🖼️ [CACHE] Cached image data for key: https://images.metahub.space/poster/small/tt0114369/img (23575 bytes)
🖼️ [CACHE] Cached image data for key: https://images.metahub.space/poster/small/tt2872732/img (16390 bytes)
🖼️ [CACHE] Cached image data for key: https://images.metahub.space/poster/small/tt0172156/img (32093 bytes)
🖼️ [CACHE] Cached image data for key: https://images.metahub.space/poster/small/tt0172156/img (32093 bytes)
🖼️ [CACHE] Cached image data for key: https://images.metahub.space/poster/small/tt0209163/img (32061 bytes)
🖼️ [CACHE] Cached image data for key: https://images.metahub.space/poster/small/tt10545296/img (37667 bytes)
🖼️ [CACHE] Cached image data for key: https://images.metahub.space/poster/small/tt0162222/img (38190 bytes)
💾 Cache SET: Catalog[quick_movie_hbm.json_7] (7 items)
🖼️ [CACHE] Cached image data for key: https://images.metahub.space/poster/small/tt5622412/img (36121 bytes)
💾 Cache SET: Catalog[quick_movie_pmp.json_7] (7 items)
💾 Cache SET: Catalog[quick_movie_amp.json_7] (7 items)
💾 Cache SET: Catalog[quick_movie_hlu.json_7] (7 items)
💾 Cache SET: Catalog[quick_movie_stz.json_7] (7 items)
💾 Cache SET: Catalog[quick_movie_pcp.json_7] (7 items)
💾 Cache SET: Catalog[quick_movie_nfx.json_7] (7 items)
💾 Cache SET: Catalog[quick_movie_dnp.json_7] (7 items)
💾 Cache SET: Catalog[quick_movie_sst.json_7] (7 items)
💾 Cache SET: Catalog[quick_movie_atp.json_7] (7 items)
💾 Cache SET: Catalog[catalog_movie_hbm.json] (15 items)
💾 Cache SET: Catalog[quick_movie_top.json_7] (7 items)
💾 Cache SET: Catalog[catalog_movie_pmp.json] (15 items)
💾 Cache SET: Catalog[catalog_movie_amp.json] (15 items)
💾 Cache SET: Catalog[catalog_movie_hlu.json] (15 items)
💾 Cache SET: Catalog[catalog_movie_stz.json] (15 items)
💾 Cache SET: Catalog[catalog_movie_pcp.json] (15 items)
💾 Cache SET: Catalog[catalog_movie_nfx.json] (15 items)
💾 Cache SET: Catalog[catalog_movie_dnp.json] (15 items)
💾 Cache SET: Catalog[catalog_movie_sst.json] (15 items)
🗑️ Cache evicted 6 items
💾 Cache SET: Catalog[catalog_movie_atp.json] (15 items)
💾 Cache SET: Catalog[catalog_movie_top.json] (15 items)
🖼️ [CACHE] Cached image data for key: https://images.metahub.space/poster/small/tt5622412/img (36121 bytes)
💾 Cache SET: Catalog[popular_movies_fixed] (15 items)
🖼️ [CACHE] Cached image data for key: https://images.metahub.space/poster/small/tt1757678/img (45682 bytes)
🖼️ [CACHE] Cached image data for key: https://images.metahub.space/poster/small/tt32820897/img (53296 bytes)
🖼️ [CACHE] Cached image data for key: https://images.metahub.space/poster/small/tt14142060/img (29910 bytes)
🖼️ [CACHE] Cached image data for key: https://images.metahub.space/poster/small/tt34610311/img (30787 bytes)
🖼️ [CACHE] Cached image data for key: https://images.metahub.space/poster/small/tt4712810/img (37396 bytes)
🖼️ [CACHE] Cached image data for key: https://images.metahub.space/poster/small/tt13186306/img (30978 bytes)
🖼️ [CACHE] Cached image data for key: https://images.metahub.space/poster/small/tt27543632/img (31446 bytes)
🖼️ [CACHE] Cached image data for key: https://images.metahub.space/poster/small/tt32642706/img (22671 bytes)
🖼️ [CACHE] Cached image data for key: https://images.metahub.space/poster/small/tt29780866/img (35175 bytes)
🖼️ [CACHE] Cached image data for key: https://images.metahub.space/poster/small/tt30254719/img (39370 bytes)
🖼️ [CACHE] Cached image data for key: https://images.metahub.space/poster/small/tt0083655/img (25109 bytes)
🗑️ Cache evicted 10 items
🖼️ [CACHE] Cached image data for key: https://images.metahub.space/poster/small/tt26443597/img (43534 bytes)
🖼️ [CACHE] Cached image data for key: https://images.metahub.space/poster/small/tt31227572/img (24034 bytes)
🖼️ [CACHE] Cached image data for key: https://images.metahub.space/poster/small/tt10799690/img (40967 bytes)
🖼️ [CACHE] Cached image data for key: https://images.metahub.space/poster/small/tt14142060/img (29910 bytes)
🖼️ [CACHE] Cached image data for key: https://images.metahub.space/poster/small/tt32642706/img (22671 bytes)
🖼️ [CACHE] Cached image data for key: https://images.metahub.space/poster/small/tt31227572/img (24034 bytes)
🖼️ [CACHE] Cached image data for key: https://images.justwatch.com/poster/121974617/s332/img (48500 bytes)
🖼️ [CACHE] Cached image data for key: https://images.metahub.space/poster/small/tt1312221/img (23730 bytes)
🖼️ [CACHE] Cached image data for key: https://images.metahub.space/poster/small/tt6604188/img (14626 bytes)
🖼️ [CACHE] Cached image data for key: https://images.metahub.space/poster/small/tt1527793/img (39478 bytes)
🖼️ [CACHE] Cached image data for key: https://images.metahub.space/poster/small/tt23172090/img (39824 bytes)
🖼️ [CACHE] Cached image data for key: https://images.metahub.space/poster/small/tt29768334/img (28877 bytes)
🖼️ [CACHE] Cached image data for key: https://images.metahub.space/poster/small/tt12300742/img (13162 bytes)
🗑️ Cache evicted 10 items
🖼️ [CACHE] Cached image data for key: https://images.metahub.space/poster/small/tt14364480/img (19894 bytes)
🖼️ [CACHE] Cached image data for key: https://images.metahub.space/poster/small/tt30144839/img (35849 bytes)
🖼️ [CACHE] Cached image data for key: https://images.metahub.space/poster/small/tt31495504/img (34216 bytes)
🖼️ [CACHE] Cached image data for key: https://images.metahub.space/poster/small/tt29567915/img (28516 bytes)
🖼️ [CACHE] Cached image data for key: https://images.metahub.space/poster/small/tt31193180/img (27098 bytes)
🖼️ [CACHE] Cached image data for key: https://images.metahub.space/poster/small/tt31495504/img (34216 bytes)
🖼️ [CACHE] Cached image data for key: https://images.justwatch.com/poster/153749975/s332/img (55476 bytes)
🖼️ [CACHE] Cached image data for key: https://images.justwatch.com/poster/336393313/s332/img (35742 bytes)
🖼️ [CACHE] Cached image data for key: https://images.justwatch.com/poster/335474178/s332/img (42733 bytes)
🖼️ [CACHE] Cached image data for key: https://images.justwatch.com/poster/340843049/s332/img (34756 bytes)
🖼️ [CACHE] Cached image data for key: https://images.justwatch.com/poster/338962154/s332/img (51864 bytes)
🗑️ Cache evicted 10 items
🖼️ [CACHE] Cached image data for key: https://images.justwatch.com/poster/340662430/s332/img (70566 bytes)
🖼️ [CACHE] Cached image data for key: https://images.metahub.space/poster/small/tt22740896/img (31424 bytes)
🖼️ [CACHE] Cached image data for key: https://images.justwatch.com/poster/330510690/s332/img (48208 bytes)
🖼️ [CACHE] Cached image data for key: https://images.justwatch.com/poster/332101041/s332/img (37735 bytes)
🖼️ [CACHE] Cached image data for key: https://images.justwatch.com/poster/335800041/s332/img (48278 bytes)
🖼️ [CACHE] Cached image data for key: https://images.justwatch.com/poster/320977032/s332/img (29350 bytes)
🖼️ [CACHE] Cached image data for key: https://images.justwatch.com/poster/54243615/s332/img (30339 bytes)
🖼️ [CACHE] Cached image data for key: https://images.justwatch.com/poster/79413112/s332/img (31550 bytes)
🖼️ [CACHE] Cached image data for key: https://images.justwatch.com/poster/331148151/s332/img (28498 bytes)
🖼️ [CACHE] Cached image data for key: https://images.justwatch.com/poster/10568015/s332/img (26635 bytes)
🗑️ Cache evicted 10 items
🖼️ [CACHE] Cached image data for key: https://images.justwatch.com/poster/240269951/s332/img (32641 bytes)
🖼️ [CACHE] Cached image data for key: https://images.justwatch.com/poster/55085098/s332/img (26272 bytes)
🖼️ [CACHE] Cached image data for key: https://images.justwatch.com/poster/322729101/s332/img (28143 bytes)
🖼️ [CACHE] Cached image data for key: https://images.justwatch.com/poster/336243710/s332/img (29619 bytes)
🖼️ [CACHE] Cached image data for key: https://images.justwatch.com/poster/320046743/s332/img (22114 bytes)
🖼️ [CACHE] Cached image data for key: https://images.justwatch.com/poster/10568015/s332/img (26635 bytes)
🖼️ [CACHE] Cached image data for key: https://images.justwatch.com/poster/311568154/s332/img (31568 bytes)
🖼️ [CACHE] Cached image data for key: https://images.justwatch.com/poster/338574331/s332/img (29464 bytes)
🖼️ [CACHE] Cached image data for key: https://images.justwatch.com/poster/209156550/s332/img (25105 bytes)
🖼️ [CACHE] Cached image data for key: https://images.justwatch.com/poster/306092751/s332/img (26623 bytes)
🖼️ [CACHE] Cached image data for key: https://images.justwatch.com/poster/335063930/s332/img (28802 bytes)
🗑️ Cache evicted 10 items
🖼️ [CACHE] Cached image data for key: https://images.justwatch.com/poster/79413112/s332/img (31550 bytes)
🖼️ [CACHE] Cached image data for key: https://images.justwatch.com/poster/123900901/s332/img (51674 bytes)
🖼️ [CACHE] Cached image data for key: https://images.justwatch.com/poster/312591807/s332/img (55111 bytes)
🖼️ [CACHE] Cached image data for key: https://images.justwatch.com/poster/175738196/s332/img (47126 bytes)
🖼️ [CACHE] Cached image data for key: https://images.justwatch.com/poster/102622497/s332/img (38430 bytes)
🖼️ [CACHE] Cached image data for key: https://images.justwatch.com/poster/214706751/s332/img (55859 bytes)
🖼️ [CACHE] Cached image data for key: https://images.justwatch.com/poster/270724834/s332/img (40466 bytes)
🖼️ [CACHE] Cached image data for key: https://images.justwatch.com/poster/70540361/s332/img (62623 bytes)
🖼️ [CACHE] Cached image data for key: https://images.justwatch.com/poster/338490996/s332/img (49436 bytes)
🖼️ [CACHE] Cached image data for key: https://images.justwatch.com/poster/304470111/s332/img (51724 bytes)
🖼️ [CACHE] Cached image data for key: https://images.justwatch.com/poster/239897076/s332/img (38227 bytes)
🗑️ Cache evicted 10 items
🖼️ [CACHE] Cached image data for key: https://images.justwatch.com/poster/332051109/s332/img (58936 bytes)
🖼️ [CACHE] Cached image data for key: https://images.justwatch.com/poster/94027225/s332/img (37303 bytes)
🖼️ [CACHE] Cached image data for key: https://images.justwatch.com/poster/321092338/s332/img (44853 bytes)
🖼️ [CACHE] Cached image data for key: https://images.justwatch.com/poster/141410470/s332/img (53088 bytes)
🖼️ [CACHE] Cached image data for key: https://images.justwatch.com/poster/306827298/s332/img (48823 bytes)
🖼️ [CACHE] Cached image data for key: https://images.justwatch.com/poster/178334676/s332/img (43560 bytes)
🖼️ [CACHE] Cached image data for key: https://images.justwatch.com/poster/321552009/s332/img (34807 bytes)
🖼️ [CACHE] Cached image data for key: https://images.justwatch.com/poster/182267386/s332/img (42006 bytes)
🖼️ [CACHE] Cached image data for key: https://images.justwatch.com/poster/245214944/s332/img (54524 bytes)
🖼️ [CACHE] Cached image data for key: https://images.justwatch.com/poster/8730058/s332/img (44044 bytes)
🗑️ Cache evicted 10 items
🖼️ [CACHE] Cached image data for key: https://images.justwatch.com/poster/322108439/s332/img (58793 bytes)
🖼️ [CACHE] Cached image data for key: https://images.justwatch.com/poster/239897076/s332/img (38227 bytes)
🖼️ [CACHE] Cached image data for key: https://images.justwatch.com/poster/302318037/s332/img (43036 bytes)
🖼️ [CACHE] Cached image data for key: https://images.justwatch.com/poster/219007465/s332/img (43418 bytes)
🖼️ [CACHE] Cached image data for key: https://images.justwatch.com/poster/177029966/s332/img (45555 bytes)
🖼️ [CACHE] Cached image data for key: https://images.justwatch.com/poster/331994893/s332/img (37258 bytes)
🖼️ [CACHE] Cached image data for key: https://images.justwatch.com/poster/74403282/s332/img (51791 bytes)
🖼️ [CACHE] Cached image data for key: https://images.justwatch.com/poster/323675146/s332/img (52884 bytes)
🖼️ [CACHE] Cached image data for key: https://images.justwatch.com/poster/321615648/s332/img (45112 bytes)
🖼️ [CACHE] Cached image data for key: https://images.justwatch.com/poster/301257703/s332/img (36194 bytes)
🖼️ [CACHE] Cached image data for key: https://images.justwatch.com/poster/87608067/s332/img (61832 bytes)
🗑️ Cache evicted 10 items
🖼️ [CACHE] Cached image data for key: https://images.justwatch.com/poster/311761087/s332/img (61008 bytes)
🖼️ [CACHE] Cached image data for key: https://images.justwatch.com/poster/9665824/s332/img (58974 bytes)
🖼️ [CACHE] Cached image data for key: https://images.justwatch.com/poster/309786652/s332/img (45440 bytes)
🖼️ [CACHE] Cached image data for key: https://images.justwatch.com/poster/312811279/s332/img (48255 bytes)
🖼️ [CACHE] Cached image data for key: https://images.justwatch.com/poster/245235885/s332/img (37719 bytes)
🖼️ [CACHE] Cached image data for key: https://images.justwatch.com/poster/192048805/s332/img (43578 bytes)
🖼️ [CACHE] Cached image data for key: https://images.justwatch.com/poster/8716732/s332/img (34012 bytes)
🖼️ [CACHE] Cached image data for key: https://images.justwatch.com/poster/116082563/s332/img (47225 bytes)
🖼️ [CACHE] Cached image data for key: https://images.justwatch.com/poster/302993962/s332/img (64972 bytes)
🖼️ [CACHE] Cached image data for key: https://images.justwatch.com/poster/307275790/s332/img (54708 bytes)
🗑️ Cache evicted 10 items
🖼️ [CACHE] Cached image data for key: https://images.justwatch.com/poster/336295680/s332/img (36731 bytes)
🖼️ [CACHE] Cached image data for key: https://images.justwatch.com/poster/330298309/s332/img (59242 bytes)
🖼️ [CACHE] Cached image data for key: https://images.justwatch.com/poster/188181053/s332/img (48517 bytes)
🖼️ [CACHE] Cached image data for key: https://images.justwatch.com/poster/304360454/s332/img (34028 bytes)
🖼️ [CACHE] Cached image data for key: https://images.justwatch.com/poster/331474196/s332/img (49409 bytes)
🖼️ [CACHE] Cached image data for key: https://images.justwatch.com/poster/336298604/s332/img (33569 bytes)
🖼️ [CACHE] Cached image data for key: https://images.justwatch.com/poster/330575949/s332/img (33224 bytes)
🖼️ [CACHE] Cached image data for key: https://images.justwatch.com/poster/336662820/s332/img (50316 bytes)
🖼️ [CACHE] Cached image data for key: https://images.justwatch.com/poster/256784897/s332/img (48660 bytes)
🖼️ [CACHE] Cached image data for key: https://images.justwatch.com/poster/301298992/s332/img (50065 bytes)
🗑️ Cache evicted 10 items
🖼️ [CACHE] Cached image data for key: https://images.justwatch.com/poster/175817145/s332/img (34253 bytes)
🖼️ [CACHE] Cached image data for key: https://images.justwatch.com/poster/336197714/s332/img (47092 bytes)
🖼️ [CACHE] Cached image data for key: https://images.justwatch.com/poster/334037963/s332/img (44500 bytes)
🖼️ [CACHE] Cached image data for key: https://images.justwatch.com/poster/302218887/s332/img (43813 bytes)
🖼️ [CACHE] Cached image data for key: https://images.justwatch.com/poster/43216632/s332/img (45223 bytes)
🖼️ [CACHE] Cached image data for key: https://images.justwatch.com/poster/329121868/s332/img (53946 bytes)
🖼️ [CACHE] Cached image data for key: https://images.justwatch.com/poster/74403282/s332/img (51791 bytes)
🖼️ [CACHE] Cached image data for key: https://images.justwatch.com/poster/449990/s332/img (60347 bytes)
🖼️ [CACHE] Cached image data for key: https://images.justwatch.com/poster/336729532/s332/img (61907 bytes)
🖼️ [CACHE] Cached image data for key: https://images.justwatch.com/poster/332051109/s332/img (58936 bytes)
🗑️ Cache evicted 10 items
🖼️ [CACHE] Cached image data for key: https://images.justwatch.com/poster/323056248/s332/img (64256 bytes)
🖼️ [CACHE] Cached image data for key: https://images.justwatch.com/poster/328335894/s332/img (39916 bytes)
🖼️ [CACHE] Cached image data for key: https://images.justwatch.com/poster/239897076/s332/img (38227 bytes)
🖼️ [CACHE] Cached image data for key: https://images.justwatch.com/poster/336806091/s332/img (42346 bytes)
🖼️ [CACHE] Cached image data for key: https://images.justwatch.com/poster/336226499/s332/img (50399 bytes)
🖼️ [CACHE] Cached image data for key: https://images.justwatch.com/poster/306827298/s332/img (48823 bytes)
🖼️ [CACHE] Cached image data for key: https://images.justwatch.com/poster/245214944/s332/img (54524 bytes)
🖼️ [CACHE] Cached image data for key: https://images.justwatch.com/poster/258811158/s332/img (87334 bytes)
🖼️ [CACHE] Cached image data for key: https://images.justwatch.com/poster/186960237/s332/img (39624 bytes)
🖼️ [CACHE] Cached image data for key: https://images.justwatch.com/poster/323065528/s332/img (44833 bytes)
🗑️ Cache evicted 10 items
🖼️ [CACHE] Cached image data for key: https://images.justwatch.com/poster/331994893/s332/img (37258 bytes)
🖼️ [CACHE] Cached image data for key: https://images.justwatch.com/poster/309793401/s332/img (59270 bytes)
🖼️ [CACHE] Cached image data for key: https://images.justwatch.com/poster/305194475/s332/img (78327 bytes)
🖼️ [CACHE] Cached image data for key: https://images.justwatch.com/poster/323056248/s332/img (64256 bytes)
🖼️ [CACHE] Cached image data for key: https://images.justwatch.com/poster/302449148/s332/img (66514 bytes)
🖼️ [CACHE] Cached image data for key: https://images.justwatch.com/poster/335328239/s332/img (37688 bytes)
🖼️ [CACHE] Cached image data for key: https://images.justwatch.com/poster/325538793/s332/img (44577 bytes)
🖼️ [CACHE] Cached image data for key: https://images.justwatch.com/poster/36388733/s332/img (68014 bytes)
🖼️ [CACHE] Cached image data for key: https://images.justwatch.com/poster/334220721/s332/img (40321 bytes)
🖼️ [CACHE] Cached image data for key: https://images.justwatch.com/poster/158738196/s332/img (72313 bytes)
🖼️ [CACHE] Cached image data for key: https://images.justwatch.com/poster/288248696/s332/img (67877 bytes)
🗑️ Cache evicted 10 items
🖼️ [CACHE] Cached image data for key: https://images.justwatch.com/poster/340614766/s332/img (62961 bytes)
🖼️ [CACHE] Cached image data for key: https://images.justwatch.com/poster/332277457/s332/img (66967 bytes)
🖼️ [CACHE] Cached image data for key: https://images.justwatch.com/poster/315736719/s332/img (33168 bytes)
🖼️ [CACHE] Cached image data for key: https://images.justwatch.com/poster/275806222/s332/img (48443 bytes)
🖼️ [CACHE] Cached image data for key: https://images.justwatch.com/poster/331654299/s332/img (71635 bytes)
🖼️ [CACHE] Cached image data for key: https://images.justwatch.com/poster/330980590/s332/img (58733 bytes)
🖼️ [CACHE] Cached image data for key: https://images.justwatch.com/poster/285167574/s332/img (51648 bytes)
🖼️ [CACHE] Cached image data for key: https://images.justwatch.com/poster/124172776/s332/img (56810 bytes)
🖼️ [CACHE] Cached image data for key: https://images.justwatch.com/poster/302976085/s332/img (50443 bytes)
🖼️ [CACHE] Cached image data for key: https://images.justwatch.com/poster/15605912/s332/img (81082 bytes)
🗑️ Cache evicted 10 items
🖼️ [CACHE] Cached image data for key: https://images.justwatch.com/poster/87608067/s332/img (61832 bytes)
🖼️ [CACHE] Cached image data for key: https://images.justwatch.com/poster/301816283/s332/img (30898 bytes)
🖼️ [CACHE] Cached image data for key: https://images.justwatch.com/poster/319938125/s332/img (72608 bytes)
🖼️ [CACHE] Cached image data for key: https://images.justwatch.com/poster/11242891/s332/img (56163 bytes)
🖼️ [CACHE] Cached image data for key: https://images.justwatch.com/poster/176342673/s332/img (55230 bytes)
🖼️ [CACHE] Cached image data for key: https://images.justwatch.com/poster/330628021/s332/img (58302 bytes)
🖼️ [CACHE] Cached image data for key: https://images.justwatch.com/poster/331701827/s332/img (59722 bytes)
🖼️ [CACHE] Cached image data for key: https://images.justwatch.com/poster/309786652/s332/img (45440 bytes)
🖼️ [CACHE] Cached image data for key: https://images.justwatch.com/poster/315856885/s332/img (67350 bytes)
🖼️ [CACHE] Cached image data for key: https://images.justwatch.com/poster/300177312/s332/img (74244 bytes)
🗑️ Cache evicted 10 items
🖼️ [CACHE] Cached image data for key: https://images.justwatch.com/poster/333077339/s332/img (29437 bytes)
🖼️ [CACHE] Cached image data for key: https://images.justwatch.com/poster/258767348/s332/img (56259 bytes)
🖼️ [CACHE] Cached image data for key: https://images.justwatch.com/poster/155270304/s332/img (22041 bytes)
🖼️ [CACHE] Cached image data for key: https://images.justwatch.com/poster/186802635/s332/img (54496 bytes)
🖼️ [CACHE] Cached image data for key: https://images.justwatch.com/poster/310375475/s332/img (31338 bytes)
🖼️ [CACHE] Cached image data for key: https://images.justwatch.com/poster/134966971/s332/img (30891 bytes)
🖼️ [CACHE] Cached image data for key: https://images.justwatch.com/poster/336519808/s332/img (42512 bytes)
🖼️ [CACHE] Cached image data for key: https://images.justwatch.com/poster/323675146/s332/img (52884 bytes)
🖼️ [CACHE] Cached image data for key: https://images.justwatch.com/poster/333738314/s332/img (60105 bytes)
🖼️ [CACHE] Cached image data for key: https://images.justwatch.com/poster/317457812/s332/img (53432 bytes)
🗑️ Cache evicted 10 items
🖼️ [CACHE] Cached image data for key: https://images.justwatch.com/poster/77205086/s332/img (61880 bytes)
🖼️ [CACHE] Cached image data for key: https://images.justwatch.com/poster/66901085/s332/img (47457 bytes)
🖼️ [CACHE] Cached image data for key: https://images.justwatch.com/poster/325538793/s332/img (44577 bytes)
🖼️ [CACHE] Cached image data for key: https://images.justwatch.com/poster/169344232/s332/img (26394 bytes)
🖼️ [CACHE] Cached image data for key: https://images.justwatch.com/poster/173938174/s332/img (31756 bytes)
🖼️ [CACHE] Cached image data for key: https://images.justwatch.com/poster/75252840/s332/img (45424 bytes)
🖼️ [CACHE] Cached image data for key: https://images.justwatch.com/poster/183412567/s332/img (51849 bytes)
🖼️ [CACHE] Cached image data for key: https://images.justwatch.com/poster/180514101/s332/img (46023 bytes)
🖼️ [CACHE] Cached image data for key: https://images.justwatch.com/poster/322635882/s332/img (30011 bytes)
🖼️ [CACHE] Cached image data for key: https://images.justwatch.com/poster/301999989/s332/img (65827 bytes)
🗑️ Cache evicted 10 items
🖼️ [CACHE] Cached image data for key: https://images.justwatch.com/poster/322412111/s332/img (57515 bytes)
📡 [EventsConfig] Checking server for movie_events config version...
✅ [EventsConfig] Fetched movie_events version 1562 with 405 movies
✅ [EventsConfig] Using cached movie_events config (version 1562, 405 movies)
⏰ AppState: Next schedule update set for Event End: 2026-01-21 06:56:20 +0000
⏰ AppState: Scheduling update in 3887 seconds
🖼️ [CACHE] Cached image data for key: https://images.metahub.space/poster/small/tt22202452/img (14264 bytes)
🖼️ [CACHE] Cached image data for key: https://images.metahub.space/poster/small/tt19244304/img (26249 bytes)
🖼️ [CACHE] Cached image data for key: https://images.metahub.space/poster/small/tt19244304/img (26249 bytes)
🖼️ [CACHE] Cached image data for key: https://images.metahub.space/poster/small/tt22202452/img (14264 bytes)
🖼️ [CACHE] Cached image data for key: https://images.metahub.space/poster/small/tt32642706/img (22671 bytes)
🖼️ [CACHE] Cached image data for key: https://images.metahub.space/poster/small/tt31227572/img (24034 bytes)
🖼️ [CACHE] Cached image data for key: https://images.metahub.space/poster/small/tt10799690/img (40967 bytes)
🖼️ [CACHE] Cached image data for key: https://images.metahub.space/poster/small/tt30254719/img (39370 bytes)
🖼️ [CACHE] Cached image data for key: https://images.metahub.space/poster/small/tt4712810/img (37396 bytes)
🖼️ [CACHE] Cached image data for key: https://images.metahub.space/poster/small/tt27543632/img (31446 bytes)
🖼️ [CACHE] Cached image data for key: https://images.metahub.space/poster/small/tt34610311/img (30787 bytes)
🗑️ Cache evicted 10 items
🖼️ [CACHE] Cached image data for key: https://images.metahub.space/poster/small/tt14142060/img (29910 bytes)
🖼️ [CACHE] Cached image data for key: https://images.metahub.space/poster/small/tt1757678/img (45682 bytes)
🖼️ [CACHE] Cached image data for key: https://images.metahub.space/poster/small/tt32820897/img (53296 bytes)
🖼️ [CACHE] Cached image data for key: https://images.metahub.space/poster/small/tt29780866/img (35175 bytes)
🖼️ [CACHE] Cached image data for key: https://images.metahub.space/poster/small/tt13186306/img (30978 bytes)
🖼️ [CACHE] Cached image data for key: https://images.metahub.space/poster/small/tt0083655/img (25109 bytes)
🖼️ [CACHE] Cached image data for key: https://images.metahub.space/poster/small/tt26443597/img (43534 bytes)
🖼️ [CACHE] Cached image data for key: https://images.metahub.space/poster/small/tt31495504/img (34216 bytes)
💾 Cache SET: Catalog[quick_series_dpe.json_7] (7 items)
💾 Cache SET: Catalog[catalog_series_dpe.json] (15 items)
🖼️ [CACHE] Cached image data for key: https://images.justwatch.com/poster/321593477/s332/img (49675 bytes)
🖼️ [CACHE] Cached image data for key: https://images.justwatch.com/poster/324976215/s332/img (27512 bytes)
🗑️ Cache evicted 10 items
🖼️ [CACHE] Cached image data for key: https://images.justwatch.com/poster/155234020/s332/img (42869 bytes)
🖼️ [CACHE] Cached image data for key: https://images.justwatch.com/poster/302359645/s332/img (46369 bytes)
🖼️ [CACHE] Cached image data for key: https://images.justwatch.com/poster/303437020/s332/img (39681 bytes)
🖼️ [CACHE] Cached image data for key: https://images.justwatch.com/poster/18641530/s332/img (37797 bytes)
🖼️ [CACHE] Cached image data for key: https://images.justwatch.com/poster/312664141/s332/img (62927 bytes)
🖼️ [CACHE] Cached image data for key: https://images.justwatch.com/poster/20119645/s332/img (65966 bytes)
🖼️ [CACHE] Cached image data for key: https://images.justwatch.com/poster/324896625/s332/img (48515 bytes)
🖼️ [CACHE] Cached image data for key: https://images.justwatch.com/poster/161482449/s332/img (60890 bytes)
🖼️ [CACHE] Cached image data for key: https://images.justwatch.com/poster/327091447/s332/img (59507 bytes)
🖼️ [CACHE] Cached image data for key: https://images.justwatch.com/poster/338521628/s332/img (57689 bytes)
🗑️ Cache evicted 10 items
🖼️ [CACHE] Cached image data for key: https://images.justwatch.com/poster/323753641/s332/img (51027 bytes)
🖼️ [CACHE] Cached image data for key: https://images.justwatch.com/poster/311621194/s332/img (41661 bytes)
🖼️ [CACHE] Cached image data for key: https://images.justwatch.com/poster/143524209/s332/img (20727 bytes)
[ INFO ] GET /api/metadata/catalog/series/popular [request-id: 92A59B0A-1BCA-4643-9CC8-609C4441D615]
🔍 [Server] Proxying catalog request to: https://v3-cinemeta.strem.io/catalog/series/popular.json
🖼️ [CACHE] Cached image data for key: https://images.metahub.space/poster/small/tt19244304/img (26249 bytes)
🖼️ [CACHE] Cached image data for key: https://images.metahub.space/poster/small/tt19244304/img (26249 bytes)
🖼️ [CACHE] Cached image data for key: https://images.metahub.space/poster/small/tt22202452/img (14264 bytes)
🖼️ [CACHE] Cached image data for key: https://images.metahub.space/poster/small/tt22202452/img (14264 bytes)
💾 Cache SET: Catalog[popular_shows_fixed] (15 items)
🖼️ [CACHE] Cached image data for key: https://images.metahub.space/poster/small/tt0413573/img (29264 bytes)
🖼️ [CACHE] Cached image data for key: https://images.metahub.space/poster/small/tt0460681/img (32690 bytes)
🖼️ [CACHE] Cached image data for key: https://images.metahub.space/poster/small/tt12637874/img (25872 bytes)
🖼️ [CACHE] Cached image data for key: https://images.metahub.space/poster/small/tt29921437/img (37831 bytes)
🖼️ [CACHE] Cached image data for key: https://images.metahub.space/poster/small/tt4574334/img (39579 bytes)
🗑️ Cache evicted 10 items
🖼️ [CACHE] Cached image data for key: https://images.metahub.space/poster/small/tt6470478/img (13774 bytes)
🖼️ [CACHE] Cached image data for key: https://images.metahub.space/poster/small/tt0364845/img (20660 bytes)
🖼️ [CACHE] Cached image data for key: https://images.metahub.space/poster/small/tt7587890/img (31968 bytes)
🖼️ [CACHE] Cached image data for key: https://images.metahub.space/poster/small/tt12343534/img (47684 bytes)
🖼️ [CACHE] Cached image data for key: https://images.metahub.space/poster/small/tt0118933/img (25773 bytes)
🖼️ [CACHE] Cached image data for key: https://images.metahub.space/poster/small/tt0944947/img (20700 bytes)
🖼️ [CACHE] Cached image data for key: https://images.metahub.space/poster/small/tt0203259/img (25773 bytes)
🖼️ [CACHE] Cached image data for key: https://images.metahub.space/poster/small/tt0096697/img (38094 bytes)
🖼️ [CACHE] Cached image data for key: https://images.metahub.space/poster/small/tt2565520/img (39333 bytes)
🖼️ [CACHE] Cached image data for key: https://images.metahub.space/poster/small/tt10394706/img (31907 bytes)
🗑️ Cache evicted 6 items
💾 Cache SET: Catalog[quick_series_stz.json_7] (7 items)
💾 Cache SET: Catalog[quick_series_hlu.json_7] (7 items)
💾 Cache SET: Catalog[quick_series_pcp.json_7] (7 items)
💾 Cache SET: Catalog[quick_series_hbm.json_7] (7 items)
💾 Cache SET: Catalog[quick_series_dnp.json_7] (7 items)
💾 Cache SET: Catalog[quick_series_pmp.json_7] (7 items)
🗑️ Cache evicted 6 items
💾 Cache SET: Catalog[quick_series_atp.json_7] (7 items)
💾 Cache SET: Catalog[quick_series_amp.json_7] (7 items)
💾 Cache SET: Catalog[quick_series_nfx.json_7] (7 items)
💾 Cache SET: Catalog[quick_series_sst.json_7] (7 items)
💾 Cache SET: Catalog[quick_series_top.json_7] (7 items)
💾 Cache SET: Catalog[catalog_series_stz.json] (15 items)
🗑️ Cache evicted 6 items
💾 Cache SET: Catalog[catalog_series_hlu.json] (15 items)
💾 Cache SET: Catalog[catalog_series_pcp.json] (15 items)
💾 Cache SET: Catalog[catalog_series_hbm.json] (15 items)
💾 Cache SET: Catalog[catalog_series_dnp.json] (15 items)
💾 Cache SET: Catalog[catalog_series_pmp.json] (15 items)
💾 Cache SET: Catalog[catalog_series_atp.json] (15 items)
🗑️ Cache evicted 6 items
💾 Cache SET: Catalog[catalog_series_amp.json] (15 items)
💾 Cache SET: Catalog[catalog_series_nfx.json] (15 items)
💾 Cache SET: Catalog[catalog_series_sst.json] (15 items)
🗑️ Cache evicted 10 items
🖼️ [CACHE] Cached image data for key: https://images.justwatch.com/poster/334446203/s332/img (35852 bytes)
🖼️ [CACHE] Cached image data for key: https://images.justwatch.com/poster/308526633/s332/img (63721 bytes)
🖼️ [CACHE] Cached image data for key: https://images.justwatch.com/poster/339094015/s332/img (30687 bytes)
🖼️ [CACHE] Cached image data for key: https://images.justwatch.com/poster/340505432/s332/img (52093 bytes)
🖼️ [CACHE] Cached image data for key: https://images.justwatch.com/poster/340940205/s332/img (44656 bytes)
🖼️ [CACHE] Cached image data for key: https://images.justwatch.com/poster/337756469/s332/img (44409 bytes)
🖼️ [CACHE] Cached image data for key: https://images.justwatch.com/poster/340076712/s332/img (70848 bytes)
🖼️ [CACHE] Cached image data for key: https://images.justwatch.com/poster/322860989/s332/img (49729 bytes)
🖼️ [CACHE] Cached image data for key: https://images.justwatch.com/poster/306601247/s332/img (46642 bytes)
🖼️ [CACHE] Cached image data for key: https://images.justwatch.com/poster/309999240/s332/img (47336 bytes)
🗑️ Cache evicted 10 items
🖼️ [CACHE] Cached image data for key: https://images.justwatch.com/poster/127575662/s332/img (67514 bytes)
🖼️ [CACHE] Cached image data for key: https://images.justwatch.com/poster/337910033/s332/img (61424 bytes)
🖼️ [CACHE] Cached image data for key: https://images.justwatch.com/poster/320265698/s332/img (49461 bytes)
🖼️ [CACHE] Cached image data for key: https://images.justwatch.com/poster/300656106/s332/img (23523 bytes)
🖼️ [CACHE] Cached image data for key: https://images.justwatch.com/poster/301432214/s332/img (56997 bytes)
🖼️ [CACHE] Cached image data for key: https://images.justwatch.com/poster/340307122/s332/img (53880 bytes)
🖼️ [CACHE] Cached image data for key: https://images.justwatch.com/poster/238599064/s332/img (51581 bytes)
🖼️ [CACHE] Cached image data for key: https://images.justwatch.com/poster/304159928/s332/img (65435 bytes)
🖼️ [CACHE] Cached image data for key: https://images.justwatch.com/poster/340704717/s332/img (40723 bytes)
🖼️ [CACHE] Cached image data for key: https://images.justwatch.com/poster/322756732/s332/img (51221 bytes)
🗑️ Cache evicted 10 items
🖼️ [CACHE] Cached image data for key: https://images.justwatch.com/poster/300891503/s332/img (44142 bytes)
🖼️ [CACHE] Cached image data for key: https://images.justwatch.com/poster/336860636/s332/img (63647 bytes)
🖼️ [CACHE] Cached image data for key: https://images.justwatch.com/poster/336789164/s332/img (34421 bytes)
🖼️ [CACHE] Cached image data for key: https://images.justwatch.com/poster/338169322/s332/img (64242 bytes)
🖼️ [CACHE] Cached image data for key: https://images.justwatch.com/poster/311136098/s332/img (53106 bytes)
🖼️ [CACHE] Cached image data for key: https://images.justwatch.com/poster/336772986/s332/img (46193 bytes)
🖼️ [CACHE] Cached image data for key: https://images.justwatch.com/poster/321983100/s332/img (61985 bytes)
🖼️ [CACHE] Cached image data for key: https://images.justwatch.com/poster/340954811/s332/img (44906 bytes)
🖼️ [CACHE] Cached image data for key: https://images.justwatch.com/poster/301988362/s332/img (46214 bytes)
🖼️ [CACHE] Cached image data for key: https://images.justwatch.com/poster/318289916/s332/img (69681 bytes)
🗑️ Cache evicted 10 items
🖼️ [CACHE] Cached image data for key: https://images.justwatch.com/poster/259373034/s332/img (44965 bytes)
🖼️ [CACHE] Cached image data for key: https://images.justwatch.com/poster/24547225/s332/img (34388 bytes)
🖼️ [CACHE] Cached image data for key: https://images.justwatch.com/poster/176075761/s332/img (55435 bytes)
🖼️ [CACHE] Cached image data for key: https://images.justwatch.com/poster/140831929/s332/img (43260 bytes)
🖼️ [CACHE] Cached image data for key: https://images.justwatch.com/poster/122365391/s332/img (42626 bytes)
🖼️ [CACHE] Cached image data for key: https://images.justwatch.com/poster/321537502/s332/img (37499 bytes)
🖼️ [CACHE] Cached image data for key: https://images.justwatch.com/poster/306355356/s332/img (55452 bytes)
🖼️ [CACHE] Cached image data for key: https://images.justwatch.com/poster/302761137/s332/img (63434 bytes)
🖼️ [CACHE] Cached image data for key: https://images.justwatch.com/poster/334322018/s332/img (49823 bytes)
🖼️ [CACHE] Cached image data for key: https://images.justwatch.com/poster/337783839/s332/img (55243 bytes)
🗑️ Cache evicted 10 items
🖼️ [CACHE] Cached image data for key: https://images.justwatch.com/poster/179985828/s332/img (37452 bytes)
🖼️ [CACHE] Cached image data for key: https://images.justwatch.com/poster/340349718/s332/img (54193 bytes)
🖼️ [CACHE] Cached image data for key: https://images.justwatch.com/poster/338473116/s332/img (57174 bytes)
🖼️ [CACHE] Cached image data for key: https://images.justwatch.com/poster/63655304/s332/img (34187 bytes)
💾 Cache SET: Catalog[catalog_series_top.json] (15 items)
🖼️ [CACHE] Cached image data for key: https://images.justwatch.com/poster/300727661/s332/img (26366 bytes)
🖼️ [CACHE] Cached image data for key: https://images.justwatch.com/poster/148271495/s332/img (47308 bytes)
🖼️ [CACHE] Cached image data for key: https://images.justwatch.com/poster/339274561/s332/img (42700 bytes)
🖼️ [CACHE] Cached image data for key: https://images.justwatch.com/poster/249473951/s332/img (45270 bytes)
🖼️ [CACHE] Cached image data for key: https://images.justwatch.com/poster/304524135/s332/img (49954 bytes)
🖼️ [CACHE] Cached image data for key: https://images.justwatch.com/poster/269897858/s332/img (27827 bytes)
🗑️ Cache evicted 10 items
🖼️ [CACHE] Cached image data for key: https://images.justwatch.com/poster/183643647/s332/img (53616 bytes)
🖼️ [CACHE] Cached image data for key: https://images.justwatch.com/poster/304523709/s332/img (65136 bytes)
🖼️ [CACHE] Cached image data for key: https://images.justwatch.com/poster/158409405/s332/img (60749 bytes)
🖼️ [CACHE] Cached image data for key: https://images.justwatch.com/poster/110511366/s332/img (54431 bytes)
🖼️ [CACHE] Cached image data for key: https://images.justwatch.com/poster/325182201/s332/img (40090 bytes)
🖼️ [CACHE] Cached image data for key: https://images.justwatch.com/poster/339843196/s332/img (59166 bytes)
🖼️ [CACHE] Cached image data for key: https://images.justwatch.com/poster/339094482/s332/img (45680 bytes)
🖼️ [CACHE] Cached image data for key: https://images.justwatch.com/poster/306754488/s332/img (36509 bytes)
🖼️ [CACHE] Cached image data for key: https://images.justwatch.com/poster/249473951/s332/img (45270 bytes)
🖼️ [CACHE] Cached image data for key: https://images.justwatch.com/poster/313866771/s332/img (63131 bytes)
🖼️ [CACHE] Cached image data for key: https://images.justwatch.com/poster/300629746/s332/img (50663 bytes)
🗑️ Cache evicted 10 items
🖼️ [CACHE] Cached image data for key: https://images.justwatch.com/poster/340587036/s332/img (45864 bytes)
🖼️ [CACHE] Cached image data for key: https://images.justwatch.com/poster/339834760/s332/img (42669 bytes)
🖼️ [CACHE] Cached image data for key: https://images.justwatch.com/poster/270288333/s332/img (38550 bytes)
🖼️ [CACHE] Cached image data for key: https://images.justwatch.com/poster/109005818/s332/img (41846 bytes)
🖼️ [CACHE] Cached image data for key: https://images.justwatch.com/poster/307620706/s332/img (44818 bytes)
🖼️ [CACHE] Cached image data for key: https://images.justwatch.com/poster/300892477/s332/img (41083 bytes)
🖼️ [CACHE] Cached image data for key: https://images.justwatch.com/poster/244970006/s332/img (32521 bytes)
🖼️ [CACHE] Cached image data for key: https://images.justwatch.com/poster/320609207/s332/img (35371 bytes)
🖼️ [CACHE] Cached image data for key: https://images.justwatch.com/poster/321027152/s332/img (54492 bytes)
🖼️ [CACHE] Cached image data for key: https://images.justwatch.com/poster/249264400/s332/img (33967 bytes)
🗑️ Cache evicted 10 items
🖼️ [CACHE] Cached image data for key: https://images.justwatch.com/poster/326279421/s332/img (43124 bytes)
🖼️ [CACHE] Cached image data for key: https://images.justwatch.com/poster/337877314/s332/img (46249 bytes)
🖼️ [CACHE] Cached image data for key: https://images.justwatch.com/poster/259067424/s332/img (41690 bytes)
🖼️ [CACHE] Cached image data for key: https://images.justwatch.com/poster/327014446/s332/img (52256 bytes)
🖼️ [CACHE] Cached image data for key: https://images.justwatch.com/poster/331265307/s332/img (82229 bytes)
🖼️ [CACHE] Cached image data for key: https://images.justwatch.com/poster/177971916/s332/img (60808 bytes)
🖼️ [CACHE] Cached image data for key: https://images.justwatch.com/poster/183643647/s332/img (53616 bytes)
🖼️ [CACHE] Cached image data for key: https://images.justwatch.com/poster/177766488/s332/img (27427 bytes)
🖼️ [CACHE] Cached image data for key: https://images.justwatch.com/poster/77595781/s332/img (49156 bytes)
🖼️ [CACHE] Cached image data for key: https://images.justwatch.com/poster/176159366/s332/img (39441 bytes)
🗑️ Cache evicted 10 items
🖼️ [CACHE] Cached image data for key: https://images.justwatch.com/poster/243933917/s332/img (33882 bytes)
🖼️ [CACHE] Cached image data for key: https://images.justwatch.com/poster/301981224/s332/img (40588 bytes)
🖼️ [CACHE] Cached image data for key: https://images.justwatch.com/poster/297859466/s332/img (44102 bytes)
🖼️ [CACHE] Cached image data for key: https://images.justwatch.com/poster/228420776/s332/img (36766 bytes)
🖼️ [CACHE] Cached image data for key: https://images.justwatch.com/poster/337869634/s332/img (50764 bytes)
🖼️ [CACHE] Cached image data for key: https://images.justwatch.com/poster/338187893/s332/img (40779 bytes)
🖼️ [CACHE] Cached image data for key: https://images.justwatch.com/poster/337750452/s332/img (44618 bytes)
🖼️ [CACHE] Cached image data for key: https://images.justwatch.com/poster/322704040/s332/img (31597 bytes)
🖼️ [CACHE] Cached image data for key: https://images.justwatch.com/poster/336692513/s332/img (32563 bytes)
🖼️ [CACHE] Cached image data for key: https://images.justwatch.com/poster/337328350/s332/img (49236 bytes)
🗑️ Cache evicted 10 items
🖼️ [CACHE] Cached image data for key: https://images.justwatch.com/poster/333270542/s332/img (52932 bytes)
🖼️ [CACHE] Cached image data for key: https://images.justwatch.com/poster/308824959/s332/img (57918 bytes)
🖼️ [CACHE] Cached image data for key: https://images.justwatch.com/poster/340934293/s332/img (59772 bytes)
🖼️ [CACHE] Cached image data for key: https://images.justwatch.com/poster/320936342/s332/img (52086 bytes)
🖼️ [CACHE] Cached image data for key: https://images.justwatch.com/poster/321439712/s332/img (44840 bytes)
🖼️ [CACHE] Cached image data for key: https://images.justwatch.com/poster/338542807/s332/img (51731 bytes)
🖼️ [CACHE] Cached image data for key: https://images.justwatch.com/poster/272698035/s332/img (64610 bytes)
🖼️ [CACHE] Cached image data for key: https://images.justwatch.com/poster/337637518/s332/img (50290 bytes)
🖼️ [CACHE] Cached image data for key: https://images.justwatch.com/poster/181622804/s332/img (56995 bytes)
🖼️ [CACHE] Cached image data for key: https://images.justwatch.com/poster/258201292/s332/img (53313 bytes)
🗑️ Cache evicted 10 items
🖼️ [CACHE] Cached image data for key: https://images.justwatch.com/poster/258685860/s332/img (45439 bytes)
🖼️ [CACHE] Cached image data for key: https://images.justwatch.com/poster/338958119/s332/img (48248 bytes)
🖼️ [CACHE] Cached image data for key: https://images.justwatch.com/poster/301130229/s332/img (34891 bytes)
🖼️ [CACHE] Cached image data for key: https://images.justwatch.com/poster/138472468/s332/img (44083 bytes)
🖼️ [CACHE] Cached image data for key: https://images.justwatch.com/poster/305564040/s332/img (54006 bytes)
🖼️ [CACHE] Cached image data for key: https://images.justwatch.com/poster/338975332/s332/img (49045 bytes)
🖼️ [CACHE] Cached image data for key: https://images.justwatch.com/poster/326902644/s332/img (24964 bytes)
🖼️ [CACHE] Cached image data for key: https://images.justwatch.com/poster/309459908/s332/img (50489 bytes)
🖼️ [CACHE] Cached image data for key: https://images.justwatch.com/poster/300543247/s332/img (57494 bytes)
🖼️ [CACHE] Cached image data for key: https://images.justwatch.com/poster/320215987/s332/img (43344 bytes)
🗑️ Cache evicted 10 items
🖼️ [CACHE] Cached image data for key: https://images.justwatch.com/poster/340587036/s332/img (45864 bytes)
🖼️ [CACHE] Cached image data for key: https://images.justwatch.com/poster/312155183/s332/img (72190 bytes)
🖼️ [CACHE] Cached image data for key: https://images.justwatch.com/poster/290983482/s332/img (54739 bytes)
🖼️ [CACHE] Cached image data for key: https://images.justwatch.com/poster/312315765/s332/img (46515 bytes)
🖼️ [CACHE] Cached image data for key: https://images.justwatch.com/poster/338958119/s332/img (48248 bytes)
🖼️ [CACHE] Cached image data for key: https://images.justwatch.com/poster/250952984/s332/img (57352 bytes)
🖼️ [CACHE] Cached image data for key: https://images.justwatch.com/poster/309459908/s332/img (50489 bytes)
🖼️ [CACHE] Cached image data for key: https://images.justwatch.com/poster/326902644/s332/img (24964 bytes)
🖼️ [CACHE] Cached image data for key: https://images.justwatch.com/poster/263036048/s332/img (56420 bytes)
🖼️ [CACHE] Cached image data for key: https://images.justwatch.com/poster/263036048/s332/img (56420 bytes)
🖼️ [CACHE] Cached image data for key: https://images.justwatch.com/poster/74862694/s332/img (23810 bytes)
🖼️ [CACHE] Cached image data for key: https://images.justwatch.com/poster/316449012/s332/img (47457 bytes)
🖼️ [CACHE] Cached image data for key: https://images.justwatch.com/poster/339954770/s332/img (44692 bytes)
🖼️ [CACHE] Cached image data for key: https://images.justwatch.com/poster/302475058/s332/img (46093 bytes)
🗑️ Cache evicted 10 items
🖼️ [CACHE] Cached image data for key: https://images.justwatch.com/poster/67498383/s332/img (34732 bytes)
🖼️ [CACHE] Cached image data for key: https://images.justwatch.com/poster/301130229/s332/img (34891 bytes)
🖼️ [CACHE] Cached image data for key: https://images.metahub.space/poster/small/tt22202452/img (14264 bytes)
🖼️ [CACHE] Cached image data for key: https://images.metahub.space/poster/small/tt12637874/img (25872 bytes)
🖼️ [CACHE] Cached image data for key: https://images.metahub.space/poster/small/tt4574334/img (39579 bytes)
🖼️ [CACHE] Cached image data for key: https://images.metahub.space/poster/small/tt0944947/img (20700 bytes)
🖼️ [CACHE] Cached image data for key: https://images.metahub.space/poster/small/tt0903747/img (35371 bytes)
🖼️ [CACHE] Cached image data for key: https://images.metahub.space/poster/small/tt27497448/img (29429 bytes)
🖼️ [CACHE] Cached image data for key: https://images.metahub.space/poster/small/tt1399664/img (34719 bytes)
🖼️ [CACHE] Cached image data for key: https://images.metahub.space/poster/small/tt19854762/img (24601 bytes)
🖼️ [CACHE] Cached image data for key: https://images.metahub.space/poster/small/tt14186672/img (26538 bytes)
🗑️ Cache evicted 10 items
🖼️ [CACHE] Cached image data for key: https://images.metahub.space/poster/small/tt31938062/img (19783 bytes)
🖼️ [CACHE] Cached image data for key: https://images.metahub.space/poster/small/tt9169516/img (26576 bytes)
🖼️ [CACHE] Cached image data for key: https://images.metahub.space/poster/small/tt35495073/img (35960 bytes)
🖼️ [CACHE] Cached image data for key: https://images.metahub.space/poster/small/tt33035373/img (23928 bytes)
🖼️ [CACHE] Cached image data for key: https://images.metahub.space/poster/small/tt33270420/img (37515 bytes)
🖼️ [CACHE] Cached image data for key: https://images.metahub.space/poster/small/tt31974288/img (39863 bytes)
⏰ AppState: Next schedule update set for Event End: 2026-01-21 06:56:20 +0000
⏰ AppState: Scheduling update in 3874 seconds
🖼️ [CACHE] Cached image data for key: https://images.metahub.space/poster/small/tt1104001/img (11618 bytes)
🖼️ [CACHE] Cached image data for key: https://images.metahub.space/poster/small/tt0114369/img (23575 bytes)
🖼️ [CACHE] Cached image data for key: https://images.metahub.space/poster/small/tt2872732/img (16390 bytes)
🖼️ [CACHE] Cached image data for key: https://images.metahub.space/poster/small/tt4881806/img (15928 bytes)
🗑️ Cache evicted 10 items
🖼️ [CACHE] Cached image data for key: https://images.metahub.space/poster/small/tt0167404/img (16366 bytes)
🖼️ [CACHE] Cached image data for key: https://m.media-amazon.com/images/M/MV5BMzcwMjkxMzQ3NV5BMl5BanBnXkFtZTgwMzgyNDA5MDI@._V1_SX250.jpg (25509 bytes)
🖼️ [CACHE] Cached image data for key: https://images.metahub.space/poster/small/tt0209163/img (32061 bytes)
🖼️ [CACHE] Cached image data for key: https://images.metahub.space/poster/small/tt10545296/img (37667 bytes)
🖼️ [CACHE] Cached image data for key: https://images.metahub.space/poster/small/tt0162222/img (38190 bytes)
🖼️ [CACHE] Cached image data for key: https://images.metahub.space/poster/small/tt2404435/img (31114 bytes)
🖼️ [CACHE] Cached image data for key: https://images.metahub.space/poster/small/tt0462538/img (39518 bytes)
🖼️ [CACHE] Cached image data for key: https://images.metahub.space/poster/small/tt0381707/img (31688 bytes)
🖼️ [CACHE] Cached image data for key: https://images.metahub.space/poster/small/tt5622412/img (36121 bytes)
🖼️ [CACHE] Cached image data for key: https://images.metahub.space/poster/small/tt0172156/img (32093 bytes)
🗑️ Cache evicted 10 items
🖼️ [CACHE] Cached image data for key: https://images.metahub.space/poster/small/tt2333784/img (28486 bytes)
🖼️ [CACHE] Cached image data for key: https://images.metahub.space/poster/small/tt0266915/img (29028 bytes)
🖼️ [CACHE] Cached image data for key: https://images.metahub.space/poster/small/tt34610311/img (30787 bytes)
🖼️ [CACHE] Cached image data for key: https://images.metahub.space/poster/small/tt30254719/img (39370 bytes)
🖼️ [CACHE] Cached image data for key: https://images.metahub.space/poster/small/tt13186306/img (30978 bytes)
🖼️ [CACHE] Cached image data for key: https://images.metahub.space/poster/small/tt14142060/img (29910 bytes)
🖼️ [CACHE] Cached image data for key: https://images.metahub.space/poster/small/tt27543632/img (31446 bytes)
🖼️ [CACHE] Cached image data for key: https://images.metahub.space/poster/small/tt4712810/img (37396 bytes)
🖼️ [CACHE] Cached image data for key: https://images.metahub.space/poster/small/tt32642706/img (22671 bytes)
🖼️ [CACHE] Cached image data for key: https://images.metahub.space/poster/small/tt1757678/img (45682 bytes)
🗑️ Cache evicted 10 items
🖼️ [CACHE] Cached image data for key: https://images.metahub.space/poster/small/tt29780866/img (35175 bytes)
🖼️ [CACHE] Cached image data for key: https://images.metahub.space/poster/small/tt0083655/img (25109 bytes)
🖼️ [CACHE] Cached image data for key: https://images.metahub.space/poster/small/tt32820897/img (53296 bytes)
🖼️ [CACHE] Cached image data for key: https://images.metahub.space/poster/small/tt10799690/img (40967 bytes)
🖼️ [CACHE] Cached image data for key: https://images.metahub.space/poster/small/tt26443597/img (43534 bytes)
🖼️ [CACHE] Cached image data for key: https://images.metahub.space/poster/small/tt31227572/img (24034 bytes)
🖼️ [CACHE] Cached image data for key: https://images.metahub.space/poster/small/tt31495504/img (34216 bytes)
🖼️ [CACHE] Cached image data for key: https://images.metahub.space/poster/small/tt0114369/img (23575 bytes)
🖼️ [CACHE] Cached image data for key: https://images.metahub.space/poster/small/tt1104001/img (11618 bytes)
🖼️ [CACHE] Cached image data for key: https://images.metahub.space/poster/small/tt2872732/img (16390 bytes)
🗑️ Cache evicted 10 items
🖼️ [CACHE] Cached image data for key: https://images.metahub.space/poster/small/tt4881806/img (15928 bytes)
🔍 Loading metadata for: The Black Phone (type: movie, id: tt7144666)
[ INFO ] GET /api/metadata/meta/movie/tt7144666 [request-id: 13037259-AC49-4EE3-94EA-B6373109D40C]
2026-01-21 00:51:53.526 RedLemon[50656:421755] 📦 Decoded CinemetaMeta - videos count: -1
2026-01-21 00:51:53.548 RedLemon[50656:420334] ✅ Metadata loaded successfully
2026-01-21 00:51:53.549 RedLemon[50656:420334]    Type: movie
2026-01-21 00:51:53.549 RedLemon[50656:420334]    Background URL: https://images.metahub.space/background/medium/tt7144666/img
2026-01-21 00:51:53.549 RedLemon[50656:420334]    Poster URL: https://images.metahub.space/poster/small/tt7144666/img
2026-01-21 00:51:53.549 RedLemon[50656:420334]    Videos array: 0 episodes
2026-01-21 00:51:58.893 RedLemon[50656:420334] 🎬 Creating Watch Party for: The Black Phone
2026-01-21 00:51:58.894 RedLemon[50656:422841] Background: ⏳ Starting room creation (Unstructured Race)...
2026-01-21 00:51:58.895 RedLemon[50656:422841] Background: ▶️ createRoom task started (Direct Singleton Access)
2026-01-21 00:51:58.895 RedLemon[50656:422841] 🎬 SupabaseClient: createRoom called for id: L5MK - ENTRY
2026-01-21 00:51:58.896 RedLemon[50656:422841] 🎬 SupabaseClient: Creating room 'L5MK' for host 'ursinho'...
2026-01-21 00:51:58.897 RedLemon[50656:422841] 🔐 Signed request to /rooms
2026-01-21 00:51:59.356 RedLemon[50656:422700] ✅ SupabaseClient: Room creation request completed (received response)
2026-01-21 00:51:59.358 RedLemon[50656:422700] Background: ✅ createRoom task finished
2026-01-21 00:51:59.526 RedLemon[50656:420334] ✅ PlayerVM: currentWatchPartyRoom set to L5MK
2026-01-21 00:51:59.675 RedLemon[50656:420334] [LOBBY_VIEW] onAppear: shouldAutoJoinLobby=false, room=L5MK, timeUntilStart=0
⏰ AppState: Next schedule update set for Event End: 2026-01-21 06:56:20 +0000
⏰ AppState: Scheduling update in 3867 seconds
💾 Cache SET: Metadata[meta_movie_tt7144666]
🎭 Lobby: Connecting to room L5MK...
🚦 Lobby State: connecting
✅ Cache HIT: Metadata[meta_movie_tt7144666]
🔄 Lobby: Fetching fresh room state from Supabase...
🛑 Lobby: Host explicitly clearing playback state in DB to prevent autoplay loop
[ INFO ] GET /api/metadata/meta/movie/tt7144666 [request-id: 653A9741-6C3C-4E01-808F-4518C98E6D67]
2026-01-21 00:52:00.514 RedLemon[50656:422841] 📝 Realtime: Registered observer 'lobby' (Presence: YES, Sync: NO, Status: NO)
2026-01-21 00:52:00.572 RedLemon[50656:422640] 📝 Realtime: Registered observer 'lobby' (Presence: NO, Sync: YES, Status: NO)
2026-01-21 00:52:00.639 RedLemon[50656:422640] ✅ SupabaseClient: Updated room playback (Playing: false, Pos: 0s, ClearedStream: false)
2026-01-21 00:52:00.639 RedLemon[50656:422639] ❌ [00:52:00.639] [NETWORK] [SupabaseClient.swift:336] Supabase API Error: duplicate key value violates unique constraint "room_participants_pkey"
2026-01-21 00:52:00.639 RedLemon[50656:422639] ⚠️ SupabaseClient: User already in room (Caught: duplicate key value violates unique constraint "room_participants_pkey"), proceeding...
2026-01-21 00:52:00.642 RedLemon[50656:420334] ✅ Host re-joined room L5MK in database (refreshing presence)
2026-01-21 00:52:00.737 RedLemon[50656:422639] 📝 Realtime: Registered observer 'lobby' (Presence: YES, Sync: NO, Status: NO)
2026-01-21 00:52:00.737 RedLemon[50656:421755] 📡 SupabaseClient: updateRoomPlaylist called for room L5MK with 1 items, index: 0
2026-01-21 00:52:00.746 RedLemon[50656:420334] 📨 Lobby: Received Room UPDATE from Realtime
2026-01-21 00:52:00.748 RedLemon[50656:422844] 📝 Realtime: Registered observer 'lobby' (Presence: NO, Sync: YES, Status: NO)
2026-01-21 00:52:00.777 RedLemon[50656:421755] 🔐 Signed request to /rpc/room_heartbeat
2026-01-21 00:52:00.883 RedLemon[50656:422841] ✅ SupabaseClient: Playlist updated successfully
2026-01-21 00:52:00.926 RedLemon[50656:421755] ❌ [00:52:00.926] [NETWORK] [SupabaseClient.swift:336] Supabase API Error: Missing signature headers (x-identity-signature, x-timestamp)
2026-01-21 00:52:00.998 RedLemon[50656:420334] 📨 Lobby: Received Room UPDATE from Realtime
2026-01-21 00:52:25.783 RedLemon[50656:420334] 📨 Lobby: Received Room UPDATE from Realtime
2026-01-21 00:52:25.783 RedLemon[50656:420334] 📨 Lobby: Received Room UPDATE from Realtime
2026-01-21 00:52:25.860 RedLemon[50656:421755] 📨 Realtime: Received broadcast message
2026-01-21 00:52:25.860 RedLemon[50656:421755]    Payload keys: senderId, position, chatText, type, timestamp, chatUsername
2026-01-21 00:52:25.868 RedLemon[50656:421755] ✅ Realtime: Decoded message type: chat, sender: 96e01cdb-36c0-4228-a6e4-a29a3c66bc8e
2026-01-21 00:52:25.875 RedLemon[50656:420334] 👋 Host received: Guest 'lemontom' joined room L5MK
2026-01-21 00:52:25.876 RedLemon[50656:420334]    Guest ID: 96e01cdb-36c0-4228-a6e4-a29a3c66bc8e, Total participants: 2
2026-01-21 00:52:25.884 RedLemon[50656:420334] 👥 Room status after join: 2 participants, 0 ready
2026-01-21 00:52:26.346 RedLemon[50656:420334] 📨 Lobby: Received Room UPDATE from Realtime
2026-01-21 00:52:31.589 RedLemon[50656:422639] 📨 Realtime: Received broadcast message
2026-01-21 00:52:31.589 RedLemon[50656:422639]    Payload keys: timestamp, isPremium, chatText, senderId, chatUsername, position, type
2026-01-21 00:52:31.590 RedLemon[50656:422639] ✅ Realtime: Decoded message type: chat, sender: 96e01cdb-36c0-4228-a6e4-a29a3c66bc8e
2026-01-21 00:52:34.102 RedLemon[50656:422700] Background: ⏰ Timeout fired! Attempting to fail continuation...
2026-01-21 00:52:35.575 RedLemon[50656:423079] 📤 Realtime: Sending message type: chat, sender: 656daa91-33b4-4688-9135-c982ea52d7c9
2026-01-21 00:52:35.575 RedLemon[50656:423079]    Payload keys: chatText, chatUsername, senderId, timestamp, type, position, isPremium
2026-01-21 00:52:35.576 RedLemon[50656:422700] ✅ Realtime: Message broadcast complete
2026-01-21 00:52:35.576 RedLemon[50656:420334] 📡 ChatManager: Chat message sent via Realtime
2026-01-21 00:52:35.730 RedLemon[50656:422700] 📨 Realtime: Received broadcast message
2026-01-21 00:52:35.730 RedLemon[50656:422700]    Payload keys: chatText, chatUsername, senderId, timestamp, type, position, isPremium
2026-01-21 00:52:35.731 RedLemon[50656:422700] ✅ Realtime: Decoded message type: chat, sender: 656daa91-33b4-4688-9135-c982ea52d7c9
2026-01-21 00:52:35.951 RedLemon[50656:422639] 🔐 Signed request to /rpc/room_heartbeat
2026-01-21 00:52:36.089 RedLemon[50656:423079] ❌ [00:52:36.089] [NETWORK] [SupabaseClient.swift:336] Supabase API Error: Missing signature headers (x-identity-signature, x-timestamp)
2026-01-21 00:52:38.874 RedLemon[50656:422700] 📨 Realtime: Received broadcast message
2026-01-21 00:52:38.874 RedLemon[50656:422700]    Payload keys: position, timestamp, senderId, chatUsername, chatText, type
2026-01-21 00:52:38.875 RedLemon[50656:422700] ✅ Realtime: Decoded message type: chat, sender: 96e01cdb-36c0-4228-a6e4-a29a3c66bc8e
2026-01-21 00:52:38.906 RedLemon[50656:420334] 📡 Host received: 'lemontom' marked as READY via Realtime
2026-01-21 00:52:38.906 RedLemon[50656:420334]    Sender ID: 96e01cdb-36c0-4228-a6e4-a29a3c66bc8e, Room: L5MK
2026-01-21 00:52:38.906 RedLemon[50656:420334] 👥 Room ready status updated: 1/2 participants ready
2026-01-21 00:52:41.742 RedLemon[50656:423079] 📨 Realtime: Received broadcast message
2026-01-21 00:52:41.742 RedLemon[50656:423079]    Payload keys: position, timestamp, type, senderId, chatUsername, chatText
2026-01-21 00:52:41.742 RedLemon[50656:423079] ✅ Realtime: Decoded message type: chat, sender: 96e01cdb-36c0-4228-a6e4-a29a3c66bc8e
2026-01-21 00:52:41.743 RedLemon[50656:420334] 👍 Received: lemontom voted for playlist item 7DF26A25
2026-01-21 00:52:45.053 RedLemon[50656:420334] 🎬 Host: Starting movie for 2 participants
2026-01-21 00:52:45.139 RedLemon[50656:422700] 📤 Realtime: Sending message type: chat, sender: 656daa91-33b4-4688-9135-c982ea52d7c9
2026-01-21 00:52:45.139 RedLemon[50656:422700]    Payload keys: senderId, type, chatText, position, chatUsername, timestamp
2026-01-21 00:52:45.140 RedLemon[50656:423080] ✅ Realtime: Message broadcast complete
2026-01-21 00:52:45.199 RedLemon[50656:423080] ✅ StreamService: Using provided metadata: The Black Phone
2026-01-21 00:52:45.199 RedLemon[50656:422700] 📝 [APP] 🎬 StreamService: Starting resolution for: The Black Phone ["file": "StreamService.swift", "level": "INFO", "line": "104"]
2026-01-21 00:52:45.199 RedLemon[50656:423080] ⚡️ StreamService: Resolving streams via StreamResolver (Bypassing HTTP)...
2026-01-21 00:52:45.199 RedLemon[50656:423080] ⚡️ StreamResolver: Resolving streams for tt7144666 (S0E0)
2026-01-21 00:52:45.200 RedLemon[50656:423080] 📝 [APP] New Session Started ["app_version": "1.0.124", "build": "124", "session_id": "792C92AB-1C21-422F-AC12-C8088AC7DE88", "trigger_source": "watch_party_resolve", "user_id": "656DAA91-33B4-4688-9135-C982EA52D7C9"]
2026-01-21 00:52:45.200 RedLemon[50656:423080] 📝 [APP] Target Content Set ["imdb_id": "tt7144666"]
2026-01-21 00:52:45.204 RedLemon[50656:423080] 📝 [RESOLVER] Started Resolution ["episode": "0", "season": "0", "type": "movie"]
2026-01-21 00:52:45.269 RedLemon[50656:423080] 📨 Realtime: Received broadcast message
2026-01-21 00:52:45.269 RedLemon[50656:423080]    Payload keys: chatText, type, chatUsername, senderId, timestamp, position
2026-01-21 00:52:45.269 RedLemon[50656:423080] ✅ Realtime: Decoded message type: chat, sender: 656daa91-33b4-4688-9135-c982ea52d7c9
2026-01-21 00:52:45.341 RedLemon[50656:421755]    📅 Filtering by year: 2021
2026-01-21 00:52:45.474 RedLemon[50656:422700] 📦 StreamResolver: Fetching streams from ProviderManager...
2026-01-21 00:52:45.474 RedLemon[50656:422700] 🔍 ProviderManager: Fetching streams for tt7144666...
2026-01-21 00:52:45.487 RedLemon[50656:421755] 🎬 DebridSearch: Building URL for movie (no season/episode)
2026-01-21 00:52:45.488 RedLemon[50656:421755] 🔗 DebridSearch URL: https://68d69db7dc40-debrid-search.baby-beamup.club/%7B%22DebridApiKey%22%3A%22***%22,%22DebridProvider%22%3A%22RealDebrid%22%7D/stream/movie/tt7144666.json
2026-01-21 00:52:45.488 RedLemon[50656:421755] 🔍 DebridSearch: Fetching https://68d69db7dc40-debrid-search.baby-beamup.club/%7B%22DebridApiKey%22%3A%22K67JV2V4FTUA7RYN6T34BFIUBRUZERBO45A6UL3O7TE5ZHFDQQSA%22,%22DebridProvider%22%3A%22RealDebrid%22%7D/stream/movie/tt7144666.json
2026-01-21 00:52:45.489 RedLemon[50656:423080] 🔍 Zilean: Searching via IMDB ID: tt7144666
2026-01-21 00:52:45.490 RedLemon[50656:421755] ✨ Torrentio: Using Auto-Generated Config (RealDebrid)
2026-01-21 00:52:45.490 RedLemon[50656:421755] 🎬 Torrentio: Building URL for movie (no season/episode)
2026-01-21 00:52:45.490 RedLemon[50656:421755] 🔗 Torrentio URL (length: 119): https://torrentio.strem.fun/realdebrid=K67JV2V4FTUA7RYN6T34BFIUBRUZERBO45A6UL3O7TE5ZHFDQQSA/stream/movie/tt7144666.json...
2026-01-21 00:52:45.490 RedLemon[50656:421755] 🔍 Torrentio: Fetching https://torrentio.strem.fun/realdebrid=K67JV2V4FTUA7RYN6T34BFIUBRUZERBO45A6UL3O7TE5ZHFDQQSA/stream/movie/tt7144666.json
2026-01-21 00:52:45.994 RedLemon[50656:421755] 📡 Torrentio: HTTP 200, received 43970 bytes
2026-01-21 00:52:46.040 RedLemon[50656:421755] ✅ Torrentio: Parsed 81 streams from 81 raw
2026-01-21 00:52:46.731 RedLemon[50656:423080] ✅ Zilean: Got 97 results
2026-01-21 00:52:49.893 RedLemon[50656:421755] ✅ DebridSearch: Parsed 0 streams
2026-01-21 00:52:49.896 RedLemon[50656:421755] ✅ ProviderManager: Fetched 178 raw, returning 142 unique streams
2026-01-21 00:52:49.897 RedLemon[50656:421755] 📦 StreamResolver: Received 142 raw streams, bucketing...
2026-01-21 00:52:49.903 RedLemon[50656:421755] 📝 [RESOLVER] Providers Fetched ["torrentio": "81", "zilean": "61"]
2026-01-21 00:52:51.737 RedLemon[50656:423079] 📝 [RESOLVER] Resolution Complete ["1080p": "1", "2160p": "1", "720p": "1", "selected_provider": "torrentio", "selected_title": "The.Black.Phone.2022.1080p.10.BIT.NF.WEB-DL.HINDI.ENGLISH.DDP5.1.HEVC-GOPIHD
👤 1 💾 1.99 GB ⚙️ 1337x
🇬🇧 / 🇮🇳"]
2026-01-21 00:52:51.744 RedLemon[50656:423080] 📝 [APP] 📦 StreamService: Found 33 total streams to try (across all qualities) ["file": "StreamService.swift", "level": "INFO", "line": "279"]
📡 SocialService: Updated status - In Lobby: The Black Phone: The Black Phone
🔌 Setting up Realtime channel: watch-party:L5MK
   Role: Host
   User ID: 656daa91-33b4-4688-9135-c982ea52d7c9
📡 Connection state: connected
📡 Connection state: connecting
📡 Joined channel: realtime:watch-party:L5MK (interest count: 1)
📡 Connection state: connected
✅ Realtime channel setup complete
✅ Lobby: Loaded metadata for The Black Phone
✅ Lobby: Connected to Realtime
✅ Lobby: Synced CLEAN stream info, metadata & playlist to AppState
🆕 Lobby: Auto-adding initial item to playlist: The Black Phone
🔄 Lobby: Fetching fresh room state from Supabase...
ℹ️ RealtimeChannelManager: Already setup for room L5MK, filtering duplicate setup call.
📡 Connection state: connected
✅ Lobby: Connected to Realtime
🚦 Lobby State: connected
🔄 Lobby: Starting database polling for participants and room state...
💓 Lobby: Starting heartbeat loop...
✅ Lobby: Persisted initial playlist item
✅ Lobby: Synced CLEAN stream info, metadata & playlist to AppState
⚠️ Heartbeat failed: userMessage("Missing signature headers (x-identity-signature, x-timestamp)")
🔄 Lobby: Fetching fresh room state from Supabase...
✅ Lobby: Synced CLEAN stream info, metadata & playlist to AppState
⏰ AppState: Next schedule update set for Event End: 2026-01-21 06:56:20 +0000
⏰ AppState: Scheduling update in 3857 seconds
🛡️ Lobby: Auto-Join safety delay passed (8s). Enabled for late joiners.
⏰ AppState: Next schedule update set for Event End: 2026-01-21 06:56:20 +0000
⏰ AppState: Scheduling update in 3847 seconds
📈 SocialService: User 96e01cdb-36c0-4228-a6e4-a29a3c66bc8e came online
⏰ AppState: Next schedule update set for Event End: 2026-01-21 06:56:20 +0000
⏰ AppState: Scheduling update in 3837 seconds
🔄 Lobby: Fetching fresh room state from Supabase...
🔄 Lobby: Fetching fresh room state from Supabase...
✅ Lobby: Synced CLEAN stream info, metadata & playlist to AppState
✅ Lobby: Synced CLEAN stream info, metadata & playlist to AppState
🔄 Lobby: Fetching fresh room state from Supabase...
✅ Lobby: Synced CLEAN stream info, metadata & playlist to AppState
📡 [EventsConfig] Checking server for movie_events config version...
✅ [EventsConfig] Fetched movie_events version 1562 with 405 movies
✅ [EventsConfig] Using cached movie_events config (version 1562, 405 movies)
⏰ AppState: Next schedule update set for Event End: 2026-01-21 06:56:20 +0000
⏰ AppState: Scheduling update in 3827 seconds
⚠️ Heartbeat failed: userMessage("Missing signature headers (x-identity-signature, x-timestamp)")
⏰ AppState: Next schedule update set for Event End: 2026-01-21 06:56:20 +0000
⏰ AppState: Scheduling update in 3817 seconds
✅ Cache HIT: Metadata[meta_movie_tt7144666]
[2026-01-21T05:52:45Z] [INFO] [StreamService.swift:104] 🎬 StreamService: Starting resolution for: The Black Phone
🎬 StreamService: Resolving movie - trusted pack filtering will be applied server-side
🛡️ StreamResolver: Loaded 7 blocked streams from blacklist
🔍 MediaFusion: Fetching https://mediafusion.elfhosted.com/stream/movie/tt7144666.json
🔍 Comet: Fetching https://comet.elfhosted.com/eyJkZWJyaWRTZXJ2aWNlIjoicmVhbGRlYnJpZCIsInJlbW92ZVRyYXNoIjpmYWxzZSwiZGVi...
⚠️ MediaFusion: HTTP 418
✅ Comet: Got 1 streams
🔍 Comet: Parsing 1 streams...
⚠️ Comet: Skipping invalid redirect URL: https://comet.elfhosted.com/playback/tlzANnPIw09LwzwoC5OH9ql...
✅ Comet: Parsed 0 valid streams
📊 StreamResolver: Provider Stats: [zilean:61, torrentio:81]
✅ MetadataService initialized
📡 Fetching metadata from Cinemeta: https://v3-cinemeta.strem.io/meta/movie/tt7144666.json
✅ Metadata fetched from Cinemeta for tt7144666: The Black Phone (2021)
🎯 Target title for matching: The Black Phone
   📅 Year filter (2021): 142 → 139 streams
   🚫 RESOLVER BLOCKING non-English audio: The French Dispatch (2021) (2160p x265 10bit HDR UHD BD DTS-HD MA 5.1) [Prof]
👤 6 💾 30.19 GB ⚙️ 1337x
🇬🇧 / 🇫🇷 (Audio)
   🚫 RESOLVER BLOCKING non-English audio: Wes Anderson Collection
[10] The French Dispatch (2021) BDRip 1080p H.265 [UKR_ENG] [Hurtom].mkv
👤 2 💾 9.06 GB ⚙️ ThePirateBay
🇬🇧 / 🇫🇷 / 🇺🇦 (Audio)
   🚫 RESOLVER BLOCKING non-English audio: The Black Phone (2021) [x264.1080p] Lektor PL [DD5.1] M80.mkv
👤 2 💾 8.93 GB ⚙️ BestTorrents
🇵🇱 (Audio)
   🚫 RESOLVER BLOCKING non-English audio: The.Black.Phone.2022.SPANiSH.1080p.BluRay.x264-dem3nt3
👤 0 💾 5.33 GB ⚙️ 1337x
🇪🇸 (Audio)
   🚫 RESOLVER BLOCKING non-English audio: Black Phone (2022) [BluRay Rip][AC3 5.1 Castellano][www.nucleohd.com]
👤 3 💾 1.55 GB ⚙️ MejorTorrent
🇪🇸 (Audio)
   🚫 RESOLVER BLOCKING non-English audio: Чёрный телефон / The Black Phone [2021 WEB-DL 2160p Dolby Vision TV] Dub + 2x MVO + DVO + Ukr + Original (Eng) + Sub (Rus Ukr Eng)
👤 0 💾 19.82 GB ⚙️ Rutracker
🇬🇧 / 🇷🇺 / 🇺🇦 (Audio)
   🚫 RESOLVER BLOCKING non-English audio: Чёрный телефон / The Black Phone [2021 WEB-DL 2160p HDR10 Dolby Vision] [Hybrid] Dub + 2x MVO + DVO + Ukr + Original (Eng) + Sub (Rus Ukr Eng)
👤 0 💾 19.76 GB ⚙️ Rutracker
🇬🇧 / 🇷🇺 / 🇺🇦 (Audio)
   🚫 RESOLVER BLOCKING non-English audio: Чёрный телефон / The Black Phone [2021 WEB-DL 2160p HDR10 HDR10+] Dub + 2x MVO + DVO + Ukr + Original (Eng) + Sub (Rus Ukr Eng)
👤 0 💾 12.86 GB ⚙️ Rutracker
🇬🇧 / 🇷🇺 / 🇺🇦 (Audio)
   🚫 RESOLVER BLOCKING non-English audio: Чёрный телефон / The Black Phone [2021 WEB-DL 2160p HDR10 HDR10+] Dub + 2x MVO + Original (Eng) + Sub (Rus Eng)
👤 0 💾 11.88 GB ⚙️ Rutracker
🇬🇧 / 🇷🇺 (Audio)
   🚫 RESOLVER BLOCKING non-English audio: Чёрный телефон / The Black Phone [2021 WEB-DL 2160p HDR10 Dolby Vision] [Hybrid] Dub + 2x MVO + Original (Eng) + Sub (Rus Eng)
👤 0 💾 18.79 GB ⚙️ Rutracker
🇬🇧 / 🇷🇺 (Audio)
   🚫 RESOLVER BLOCKING non-English audio: The.French.Dispatch.2021.2160p.WEBRip.3500MB.DDP5.1.x264-GalaxyR
👤 1 💾 3.51 GB ⚙️ ThePirateBay
🇬🇧 / 🇫🇷 (Audio)
   🚫 RESOLVER BLOCKING non-English audio: Чёрный телефон / The Black Phone [2021 WEB-DL 2160p SDR] Dub + 2x MVO + DVO + Ukr + Original (Eng) + Sub (Rus Ukr Eng)
👤 0 💾 19.88 GB ⚙️ Rutracker
🇬🇧 / 🇷🇺 / 🇺🇦 (Audio)
   🚫 RESOLVER BLOCKING non-English audio: Чёрный телефон / The Black Phone [2021 WEB-DL 2160p SDR] Dub + 2x MVO + Original (Eng) + Sub (Rus Eng)
👤 0 💾 18.91 GB ⚙️ Rutracker
🇬🇧 / 🇷🇺 (Audio)
   🚫 RESOLVER BLOCKING non-English audio: Black Phone (El Teléfono Negro) (2021) [BDRip 1080p x265]
👤 1 💾 3.49 GB ⚙️ ThePirateBay
🇪🇸 / 🇮🇳 (Audio)
   🚫 RESOLVER BLOCKING non-English audio: Чёрный телефон / The Black Phone (2021) BDRip-AVC от ExKinoRay | D P A
👤 1 💾 3.11 GB ⚙️ Rutor
🇬🇧 / 🇷🇺 (Audio)
   🚫 RESOLVER BLOCKING non-English audio: The Black Phone 2021 MULTI VF2 HDR10Plus DV 2160p WEB H 265-Skav (Audio)
   🚫 RESOLVER BLOCKING non-English audio: The Black Phone 2022 FRENCH 720p WEB-DL x264-Slay3R mkv (Audio)
   🚫 RESOLVER BLOCKING non-English audio: The Black Phone 2022 SPANiSH 1080p WEB-DL x264-dem3nt3 mkv (Audio)
   🎵 RESOLVER FILTERED audio language: 139 → 121 streams
🔍 Searching SubDL: tt7144666 (movie)
   ℹ️ Fallback Name: The Black Phone (2021)
✅ Found 10 subtitles from SubDL (Primary)
✅ StreamResolver: Processed subtitles for 121 streams (Attached to 121)
   --- Processing Bucket: 2160p (Input: 35) ---
   📉 Penalized 1 Ad-Supported Releases (YTS/MX)
   ✅ Bucket 2160p Final Count: 35
   --- Processing Bucket: 1080p (Input: 56) ---
   📉 Penalized 2 Ad-Supported Releases (YTS/MX)
   ✅ Bucket 1080p Final Count: 56
   --- Processing Bucket: 720p (Input: 15) ---
   📉 Penalized 2 Ad-Supported Releases (YTS/MX)
   ✅ Bucket 720p Final Count: 15
   --- Processing Bucket: 480p (Input: 15) ---
   ✅ Bucket 480p Final Count: 15
📦 2160p Primary: The.Black.Phone.2021.2160p.WEB-DL.DDP5.1.Atmos.DV.MP4.x265-DVSUX
👤 0 💾 10.99 GB ⚙️ RARBG
📦 1080p Primary: The.Black.Phone.2022.1080p.10.BIT.NF.WEB-DL.HINDI.ENGLISH.DDP5.1.HEVC-GOPIHD
👤 1 💾 1.99 GB ⚙️ 1337x
🇬🇧 / 🇮🇳
📦 720p Primary: The.Black.Phone.2022.720p.AMZN.WEBRip.800MB.x264-GalaxyRG
👤 2 💾 796.59 MB ⚙️ ThePirateBay
✅ StreamResolver: Quality buckets ready
   ➕ Added 11 720p streams as backup
   ➕ Added 11 480p streams as backup
[2026-01-21T05:52:51Z] [INFO] [StreamService.swift:279] 📦 StreamService: Found 33 total streams to try (across all qualities)
✅ StreamService: Found 23 H.264 streams (Tier 1)
✅ StreamService: Found 18 'Clean' English streams. Deprioritizing 3 localized/dual streams.
⚠️ StreamService: Skipping large file (1080p limit): THE.BLACK.PHONE.2021.COMPLETE.4K.UHD.BLURAY-MassModz
👤 0 💾 60.84 GB ⚙️ TorrentGalaxy (60.84 GB)
📦 StreamService: 17 streams remain after size filter
🔄 StreamService: Trying stream 1/17: The.Black.Phone.2021.1080p.WEBRip.DDP5.1.Atmos.x264-CM
👤 56 💾 5.35 GB ⚙️ RARBG
🔒 StreamService: Has infoHash - forcing proper unlock flow (bypass redirect)
🔓 StreamService: Unlocking with infoHash: 3feeb0a65e43...
[ INFO ] POST /api/streams/unlock [request-id: 997FB8B4-2F5B-44FB-B2C5-05D20D3A870D]
2026-01-21 00:52:51.771 RedLemon[50656:421755] 🔓 Unlock request: infoHash=3feeb0a65e43..., fileIdx=0
2026-01-21 00:52:51.773 RedLemon[50656:421755] ✅ Token found, attempting unlock...
2026-01-21 00:52:53.274 RedLemon[50656:421755] ✅ Unlocked successfully: The.Black.Phone.2022.1080p.WEB-DL.DDP5.1.Atmos.H.264-CM.mkv
2026-01-21 00:52:53.278 RedLemon[50656:423080] 📝 [RESOLVER] Stream Unlocked ["filename": "The.Black.Phone.2022.1080p.WEB-DL.DDP5.1.Atmos.H.264-CM.mkv", "is_generic": "false", "original_title": "The.Black.Phone.2021.1080p.WEBRip.DDP5.1.Atmos.x264-CM
👤 56 💾 5.35 GB ⚙️ RARBG", "url_host": "chi8-4.download.real-debrid.com"]
2026-01-21 00:52:53.278 RedLemon[50656:423080] 📥 StreamService: Pre-downloading 5 (capped from 10) subtitles...
2026-01-21 00:52:53.278 RedLemon[50656:423080] 🐛 StreamService: downloadSubtitlesInParallel called. Season: nil, Episode: nil, Count: 5
2026-01-21 00:52:53.281 RedLemon[50656:423079] 🔍 DEBUG: Processing subtitle URL: /subtitle/2972159-2966041.zip
2026-01-21 00:52:53.281 RedLemon[50656:423079] ✅ DEBUG: Raw SubDL URL detected, converting to proxy URL
2026-01-21 00:52:53.281 RedLemon[50656:423080] 🔍 DEBUG: Processing subtitle URL: /subtitle/3521409-8443837.zip
2026-01-21 00:52:53.281 RedLemon[50656:423080] ✅ DEBUG: Raw SubDL URL detected, converting to proxy URL
2026-01-21 00:52:53.281 RedLemon[50656:423079] 🔍 DEBUG: Processing subtitle URL: /subtitle/3381934-2862488.zip
2026-01-21 00:52:53.281 RedLemon[50656:423080] 🔍 DEBUG: Processing subtitle URL: /subtitle/3365740-2864593.zip
2026-01-21 00:52:53.281 RedLemon[50656:423079] ✅ DEBUG: Raw SubDL URL detected, converting to proxy URL
2026-01-21 00:52:53.281 RedLemon[50656:423080] ✅ DEBUG: Raw SubDL URL detected, converting to proxy URL
2026-01-21 00:52:53.281 RedLemon[50656:421755] 🔍 DEBUG: Processing subtitle URL: /subtitle/3371243-2859560.zip
2026-01-21 00:52:53.282 RedLemon[50656:421755] ✅ DEBUG: Raw SubDL URL detected, converting to proxy URL
✅ RD addMagnet: K3U4ECSIK3HBW
🎬 Movie: Found matching file for title 'The Black Phone': /The.Black.Phone.2022.1080p.WEB-DL.DDP5.1.Atmos.H.264-CM.mkv
📝 RD: Selecting file ID 2 for torrent K3U4ECSIK3HBW
📊 RD poll 1/2: status=downloaded, links=1
🔗 Unrestricting link: https://real-debrid.com/d/SW4OFDGJTH3NO3BC
✅ StreamService: Stream unlocked successfully!
✅ StreamService: Selected stream: The.Black.Phone.2021.1080p.WEBRip.DDP5.1.Atmos.x264-CM
👤 56 💾 5.35 GB ⚙️ RARBG
📊 Stream Size: 5.35 GB
📦 StreamService: Appending 16 fallback streams (alternate codecs)
📦 StreamService: Returning 32 candidate streams for fallback
🔒 StreamService: Has infoHash - forcing proper unlock flow (bypass cached URL)
🔓 StreamService: Unlocking with infoHash: 3feeb0a65e43...
[ INFO ] POST /api/streams/unlock [request-id: A3973649-3F51-4555-B71B-8504A7FFE61B]
2026-01-21 00:52:53.295 RedLemon[50656:422700] 🔓 Unlock request: infoHash=3feeb0a65e43..., fileIdx=0
2026-01-21 00:52:53.295 RedLemon[50656:422700] ✅ Token found, attempting unlock...
2026-01-21 00:52:53.297 RedLemon[50656:422700] ✅ Unlocked successfully: The.Black.Phone.2022.1080p.WEB-DL.DDP5.1.Atmos.H.264-CM.mkv
2026-01-21 00:52:53.299 RedLemon[50656:423079] 📝 [RESOLVER] Stream Unlocked ["filename": "The.Black.Phone.2022.1080p.WEB-DL.DDP5.1.Atmos.H.264-CM.mkv", "is_generic": "false", "original_title": "The.Black.Phone.2022.1080p.WEB-DL.DDP5.1.Atmos.H.264-CM.mkv", "url_host": "chi8-4.download.real-debrid.com"]
2026-01-21 00:52:53.299 RedLemon[50656:423079] 📥 StreamService: Pre-downloading 5 (capped from 5) subtitles...
2026-01-21 00:52:53.299 RedLemon[50656:423079] 🐛 StreamService: downloadSubtitlesInParallel called. Season: nil, Episode: nil, Count: 5
2026-01-21 00:52:53.299 RedLemon[50656:423080] 🔍 DEBUG: Processing subtitle URL: http://127.0.0.1:47253/subtitles/subdl/L3N1YnRpdGxlLzMzNjU3NDAtMjg2NDU5My56aXA=?token=66CD03D3-4F2C-4960-B6DC-79F033BE42C8&filename=The.Black.Phone.2022.1080p.WEB-DL.DDP5.1.Atmos.H.264-CM.mkv
2026-01-21 00:52:53.299 RedLemon[50656:422700] 🔍 DEBUG: Processing subtitle URL: http://127.0.0.1:47253/subtitles/subdl/L3N1YnRpdGxlLzI5NzIxNTktMjk2NjA0MS56aXA=?token=66CD03D3-4F2C-4960-B6DC-79F033BE42C8&filename=The.Black.Phone.2022.1080p.WEB-DL.DDP5.1.Atmos.H.264-CM.mkv
2026-01-21 00:52:53.299 RedLemon[50656:422700] ✅ DEBUG: SubDL proxy URL detected, skipping download
2026-01-21 00:52:53.299 RedLemon[50656:423080] ✅ DEBUG: SubDL proxy URL detected, skipping download
2026-01-21 00:52:53.299 RedLemon[50656:422700] 🔍 DEBUG: Processing subtitle URL: http://127.0.0.1:47253/subtitles/subdl/L3N1YnRpdGxlLzMzNzEyNDMtMjg1OTU2MC56aXA=?token=66CD03D3-4F2C-4960-B6DC-79F033BE42C8&filename=The.Black.Phone.2022.1080p.WEB-DL.DDP5.1.Atmos.H.264-CM.mkv
2026-01-21 00:52:53.299 RedLemon[50656:421755] 🔍 DEBUG: Processing subtitle URL: http://127.0.0.1:47253/subtitles/subdl/L3N1YnRpdGxlLzM1MjE0MDktODQ0MzgzNy56aXA=?token=66CD03D3-4F2C-4960-B6DC-79F033BE42C8&filename=The.Black.Phone.2022.1080p.WEB-DL.DDP5.1.Atmos.H.264-CM.mkv
2026-01-21 00:52:53.299 RedLemon[50656:422700] ✅ DEBUG: SubDL proxy URL detected, skipping download
2026-01-21 00:52:53.299 RedLemon[50656:421755] ✅ DEBUG: SubDL proxy URL detected, skipping download
2026-01-21 00:52:53.299 RedLemon[50656:423079] 🔍 DEBUG: Processing subtitle URL: http://127.0.0.1:47253/subtitles/subdl/L3N1YnRpdGxlLzMzODE5MzQtMjg2MjQ4OC56aXA=?token=66CD03D3-4F2C-4960-B6DC-79F033BE42C8&filename=The.Black.Phone.2022.1080p.WEB-DL.DDP5.1.Atmos.H.264-CM.mkv
2026-01-21 00:52:53.299 RedLemon[50656:423079] ✅ DEBUG: SubDL proxy URL detected, skipping download
2026-01-21 00:52:53.368 RedLemon[50656:423079] 🔄 SupabaseClient: Resetting playback state for room L5MK
2026-01-21 00:52:53.529 RedLemon[50656:422700] ✅ Persisted stream selection to room L5MK
2026-01-21 00:52:53.530 RedLemon[50656:420334] ✅ Host: Stream resolved and persisted OK
2026-01-21 00:52:53.530 RedLemon[50656:420334] ⏳ Host: Initiating handshake for 1 guests...
2026-01-21 00:52:53.557 RedLemon[50656:422700] 📤 Realtime: Sending message type: chat, sender: 656daa91-33b4-4688-9135-c982ea52d7c9
2026-01-21 00:52:53.558 RedLemon[50656:422700]    Payload keys: senderId, timestamp, chatUsername, type, position, chatText
2026-01-21 00:52:53.558 RedLemon[50656:422700] ✅ Realtime: Message broadcast complete
2026-01-21 00:52:53.685 RedLemon[50656:423080] 📨 Realtime: Received broadcast message
2026-01-21 00:52:53.685 RedLemon[50656:423080]    Payload keys: chatText, chatUsername, position, type, timestamp, senderId
2026-01-21 00:52:53.686 RedLemon[50656:423080] ✅ Realtime: Decoded message type: chat, sender: 656daa91-33b4-4688-9135-c982ea52d7c9
2026-01-21 00:52:53.739 RedLemon[50656:420334] 📨 Lobby: Received Room UPDATE from Realtime
2026-01-21 00:53:01.812 RedLemon[50656:420334] 📨 Lobby: Received Room UPDATE from Realtime
2026-01-21 00:53:01.812 RedLemon[50656:423080] 📨 Realtime: Received broadcast message
2026-01-21 00:53:01.813 RedLemon[50656:423080]    Payload keys: timestamp, chatUsername, position, type, chatText, senderId
2026-01-21 00:53:01.813 RedLemon[50656:423080] ✅ Realtime: Decoded message type: chat, sender: 96e01cdb-36c0-4228-a6e4-a29a3c66bc8e
2026-01-21 00:53:01.814 RedLemon[50656:420334] ✅ Lobby: Participant 96e01cdb-36c0-4228-a6e4-a29a3c66bc8e is ready for stream
2026-01-21 00:53:02.080 RedLemon[50656:420334] ✅ Host: All guests ready (1/1)! Starting countdown.
2026-01-21 00:53:02.115 RedLemon[50656:423356] 📤 Realtime: Sending message type: chat, sender: 656daa91-33b4-4688-9135-c982ea52d7c9
2026-01-21 00:53:02.115 RedLemon[50656:423356]    Payload keys: type, chatText, timestamp, chatUsername, senderId, position
2026-01-21 00:53:02.116 RedLemon[50656:423080] ✅ Realtime: Message broadcast complete
2026-01-21 00:53:02.126 RedLemon[50656:420334] ✅ Host: Successfully broadcast LOBBY_START_COUNTDOWN via Realtime
2026-01-21 00:53:02.126 RedLemon[50656:420334] 📡 Realtime delivery confirmed for 2 guests
2026-01-21 00:53:02.237 RedLemon[50656:421755] 📨 Realtime: Received broadcast message
2026-01-21 00:53:02.237 RedLemon[50656:421755]    Payload keys: chatText, chatUsername, senderId, type, position, timestamp
2026-01-21 00:53:02.238 RedLemon[50656:421755] ✅ Realtime: Decoded message type: chat, sender: 656daa91-33b4-4688-9135-c982ea52d7c9
2026-01-21 00:53:02.283 RedLemon[50656:420334] ✅ Host: Set room playback state in database as fallback
2026-01-21 00:53:02.527 RedLemon[50656:420334] 📨 Lobby: Received Room UPDATE from Realtime
2026-01-21 00:53:05.121 RedLemon[50656:420334] 🎬 Host: Launching player for The Black Phone
2026-01-21 00:53:05.206 RedLemon[50656:420334] 🎬 [HOST_START] navigateToPlayer called
2026-01-21 00:53:05.206 RedLemon[50656:420334]    - Stream: The.Black.Phone.2022.1080p.WEB-DL.DDP5.1.Atmos.H.264-CM.mkv
2026-01-21 00:53:05.206 RedLemon[50656:420334]    - Room: L5MK
2026-01-21 00:53:05.206 RedLemon[50656:420334]    - Media: The Black Phone
2026-01-21 00:53:05.347 RedLemon[50656:423356] 📝 Realtime: Registered observer 'player' (Presence: YES, Sync: NO, Status: NO)
2026-01-21 00:53:05.358 RedLemon[50656:421755] 📤 Realtime: Sending message type: chat, sender: 656daa91-33b4-4688-9135-c982ea52d7c9
2026-01-21 00:53:05.358 RedLemon[50656:421755]    Payload keys: senderId, position, chatText, chatUsername, type, timestamp
2026-01-21 00:53:05.370 RedLemon[50656:423515] ✅ Realtime: Message broadcast complete
2026-01-21 00:53:05.373 RedLemon[50656:420334] ✅ [HOST_START] Sent LOBBY_PLAYBACK_STARTED signal (0.1s after navigateToPlayer)
2026-01-21 00:53:05.387 RedLemon[50656:423356] 📝 [PLAYER] Resumed
2026-01-21 00:53:05.393 RedLemon[50656:420334] [VIDEO_READY] isEvent: false, eventStartTime: nil
2026-01-21 00:53:05.393 RedLemon[50656:420334] ⚠️ Watch Party: sendReadySignal blocked - File not loaded yet
2026-01-21 00:53:05.395 RedLemon[50656:421755] 📝 Realtime: Registered observer 'player' (Presence: NO, Sync: YES, Status: NO)
2026-01-21 00:53:05.395 RedLemon[50656:423358] 📝 [PLAYER] Playback State Changed ["state": "Playing"]
2026-01-21 00:53:05.447 RedLemon[50656:423358] 📝 [PLAYER] Load Video (Smart) ["url": "https://chi8-4.download.real-debrid.com/d/HHT3JTYU34T7O41/The.Black.Phone.2022.1080p.WEB-DL.DDP5.1.Atmos.H.264-CM.mkv"]
✅ RD cache hit: 3feeb0a65e43
✅ StreamService: Stream unlocked successfully!
⏰ AppState: Next schedule update set for Event End: 2026-01-21 06:56:20 +0000
⏰ AppState: Scheduling update in 3807 seconds
🔄 Lobby: Fetching fresh room state from Supabase...
✅ Lobby: Synced CLEAN stream info, metadata & playlist to AppState
🔄 Lobby: Fetching fresh room state from Supabase...
✅ Lobby: Synced CLEAN stream info, metadata & playlist to AppState
🔄 Lobby: Fetching fresh room state from Supabase...
✅ Lobby: Synced CLEAN stream info, metadata & playlist to AppState
⏰ AppState: Next schedule update set for Event End: 2026-01-21 06:56:20 +0000
⏰ AppState: Scheduling update in 3797 seconds
🛑 LobbyPresence: Polling stopped
🛑 LobbyDatabase: Polling stopped
🛑 Lobby: Polling stopped (chat via Realtime only)
✅ Host: Synced playlist state to AppState (Index: 0)
!!! MPVWrapper initialized - Build Version: 2026-01-19-GUEST-CACHE-BYPASS-v1 !!!
🔌 Setting up Realtime channel: watch-party:L5MK
   Role: Host
   User ID: 656DAA91-33B4-4688-9135-C982EA52D7C9
📡 Connection state: connected
📡 Connection state: connecting
📡 Topic realtime:watch-party:L5MK already joined (interest count: 2), skipping phx_join
📡 Connection state: connected
✅ Realtime channel setup complete
✅ Cache HIT: Metadata[meta_movie_tt7144666]
[ INFO ] GET /subtitles/subdl/L3N1YnRpdGxlLzI5NzIxNTktMjk2NjA0MS56aXA= [request-id: 69326495-EC71-470A-AB8E-6386AAF68D05]
2026-01-21 00:53:05.477 RedLemon[50656:421755] 📨 Realtime: Received broadcast message
2026-01-21 00:53:05.477 RedLemon[50656:423356] 📨 Realtime: Received broadcast message
2026-01-21 00:53:05.477 RedLemon[50656:421755]    Payload keys: chatText, senderId, type, position, chatUsername, timestamp
2026-01-21 00:53:05.477 RedLemon[50656:423356]    Payload keys: chatText, senderId, type, position, chatUsername, timestamp
2026-01-21 00:53:05.478 RedLemon[50656:421755] ✅ Realtime: Decoded message type: chat, sender: 656daa91-33b4-4688-9135-c982ea52d7c9
2026-01-21 00:53:05.478 RedLemon[50656:423356] ✅ Realtime: Decoded message type: chat, sender: 656daa91-33b4-4688-9135-c982ea52d7c9
2026-01-21 00:53:05.579 RedLemon[50656:423517] 📝 [PLAYER] Playback State Changed ["state": "Paused"]
2026-01-21 00:53:05.607 RedLemon[50656:423358] 📝 [PLAYER] Buffering Started
📄 Subtitle request: L3N1YnRpdGxlLzI5NzIx... (offset: 0ms)
📥 Downloading subtitle from SubDL CDN: /subtitle/2972159-2966041.zip
📡 SocialService: Updated status - online: The Black Phone
⏰ AppState: Next schedule update set for Event End: 2026-01-21 06:56:20 +0000
⏰ AppState: Scheduling update in 3795 seconds
✅ Download complete: 33400 bytes
📦 Detected ZIP archive, extracting...
🔍 Calculating compatibility scores for 1 files...
⚠️ No strong compatibility match (Best: 0 for The.Black.Phone.2022.WEBRip.Amazon.srt)
⚠️ No specific match found, using first file: The.Black.Phone.2022.WEBRip.Amazon.srt
📦 Extracting specific file: The.Black.Phone.2022.WEBRip.Amazon.srt
✅ Extraction successful
✅ Subtitle downloaded and converted to VTT
[ INFO ] GET /subtitles/subdl/L3N1YnRpdGxlLzMzNjU3NDAtMjg2NDU5My56aXA= [request-id: 3E48587B-63F7-471C-85CF-E5C4D7A86B60]
📄 Subtitle request: L3N1YnRpdGxlLzMzNjU3... (offset: 0ms)
📥 Downloading subtitle from SubDL CDN: /subtitle/3365740-2864593.zip
✅ Download complete: 24001 bytes
📦 Detected ZIP archive, extracting...
🔍 Calculating compatibility scores for 1 files...
⚠️ No strong compatibility match (Best: 0 for The.Black.Phone.2021.1080p.BluRay.x264-VETO.srt)
⚠️ No specific match found, using first file: The.Black.Phone.2021.1080p.BluRay.x264-VETO.srt
📦 Extracting specific file: The.Black.Phone.2021.1080p.BluRay.x264-VETO.srt
✅ Extraction successful
✅ Subtitle downloaded and converted to VTT
[ INFO ] GET /subtitles/subdl/L3N1YnRpdGxlLzMzNzEyNDMtMjg1OTU2MC56aXA= [request-id: 0896DC58-DDDD-494E-8C05-D4FAEB9A15DE]
2026-01-21 00:53:07.398 RedLemon[50656:421755] 📤 Realtime: Sending message type: playbackState, sender: 656DAA91-33B4-4688-9135-C982EA52D7C9
2026-01-21 00:53:07.398 RedLemon[50656:421755]    Payload keys: isPlaying, timestamp, position, type, senderId
2026-01-21 00:53:07.399 RedLemon[50656:421755] ✅ Realtime: Message broadcast complete
2026-01-21 00:53:07.522 RedLemon[50656:423358] 📨 Realtime: Received broadcast message
2026-01-21 00:53:07.522 RedLemon[50656:421755] 📨 Realtime: Received broadcast message
2026-01-21 00:53:07.522 RedLemon[50656:423358]    Payload keys: isPlaying, timestamp, senderId, type, position
2026-01-21 00:53:07.522 RedLemon[50656:421755]    Payload keys: isPlaying, timestamp, senderId, type, position
2026-01-21 00:53:07.523 RedLemon[50656:423358] ✅ Realtime: Decoded message type: playbackState, sender: 656DAA91-33B4-4688-9135-C982EA52D7C9
2026-01-21 00:53:07.523 RedLemon[50656:421755] ✅ Realtime: Decoded message type: playbackState, sender: 656DAA91-33B4-4688-9135-C982EA52D7C9
2026-01-21 00:53:07.523 RedLemon[50656:420334] ⚠️ Received Realtime message with no chat text (Type: playbackState)
2026-01-21 00:53:08.323 RedLemon[50656:421755] 📝 [PLAYER] File Loaded ["duration": "6202.304"]
2026-01-21 00:53:08.428 RedLemon[50656:421755] 📤 Realtime: Sending message type: ready, sender: 656daa91-33b4-4688-9135-c982ea52d7c9
2026-01-21 00:53:08.428 RedLemon[50656:421755]    Payload keys: isPlaying, position, senderId, type, timestamp
2026-01-21 00:53:08.430 RedLemon[50656:423516] ✅ Realtime: Message broadcast complete
2026-01-21 00:53:08.538 RedLemon[50656:420334] 🛡️ Lobby: User 656daa91-33b4-4688-9135-c982ea52d7c9 remains online (Remaining Refs: 1)
2026-01-21 00:53:08.557 RedLemon[50656:420334] [VIDEO_READY] isEvent: false, eventStartTime: nil
2026-01-21 00:53:08.559 RedLemon[50656:423358] 📨 Realtime: Received broadcast message
2026-01-21 00:53:08.559 RedLemon[50656:423358]    Payload keys: position, type, timestamp, senderId, isPlaying
2026-01-21 00:53:08.559 RedLemon[50656:423516] 📨 Realtime: Received broadcast message
2026-01-21 00:53:08.559 RedLemon[50656:423516]    Payload keys: position, type, timestamp, senderId, isPlaying
2026-01-21 00:53:08.559 RedLemon[50656:423358] ✅ Realtime: Decoded message type: ready, sender: 656daa91-33b4-4688-9135-c982ea52d7c9
2026-01-21 00:53:08.559 RedLemon[50656:423516] ✅ Realtime: Decoded message type: ready, sender: 656daa91-33b4-4688-9135-c982ea52d7c9
2026-01-21 00:53:08.567 RedLemon[50656:420334] ⚠️ Received Realtime message with no chat text (Type: ready)
2026-01-21 00:53:08.567 RedLemon[50656:423517] 📝 [PLAYER] Playback State Changed ["state": "Playing"]
2026-01-21 00:53:08.573 RedLemon[50656:423516] 📝 [PLAYER] Buffering State ["buffering": "true"]
2026-01-21 00:53:08.579 RedLemon[50656:423517] 📝 [PLAYER] Buffering Started
2026-01-21 00:53:09.396 RedLemon[50656:423517] 📤 Realtime: Sending message type: playbackState, sender: 656DAA91-33B4-4688-9135-C982EA52D7C9
2026-01-21 00:53:09.397 RedLemon[50656:423517]    Payload keys: position, type, senderId, timestamp, isPlaying
2026-01-21 00:53:09.398 RedLemon[50656:423517] ✅ Realtime: Message broadcast complete
2026-01-21 00:53:09.521 RedLemon[50656:423356] 📨 Realtime: Received broadcast message
2026-01-21 00:53:09.521 RedLemon[50656:422700] 📨 Realtime: Received broadcast message
2026-01-21 00:53:09.521 RedLemon[50656:423356]    Payload keys: type, senderId, isPlaying, position, timestamp
2026-01-21 00:53:09.521 RedLemon[50656:422700]    Payload keys: type, senderId, isPlaying, position, timestamp
2026-01-21 00:53:09.522 RedLemon[50656:423356] ✅ Realtime: Decoded message type: playbackState, sender: 656DAA91-33B4-4688-9135-C982EA52D7C9
2026-01-21 00:53:09.522 RedLemon[50656:422700] ✅ Realtime: Decoded message type: playbackState, sender: 656DAA91-33B4-4688-9135-C982EA52D7C9
2026-01-21 00:53:09.522 RedLemon[50656:420334] ⚠️ Received Realtime message with no chat text (Type: playbackState)
2026-01-21 00:53:10.146 RedLemon[50656:423358] 📝 [PLAYER] Buffering State ["buffering": "false"]
2026-01-21 00:53:11.095 RedLemon[50656:420334] 🛡️ Lobby: User 96e01cdb-36c0-4228-a6e4-a29a3c66bc8e remains online (Remaining Refs: 1)
2026-01-21 00:53:11.425 RedLemon[50656:423517] 📤 Realtime: Sending message type: playbackState, sender: 656DAA91-33B4-4688-9135-C982EA52D7C9
2026-01-21 00:53:11.426 RedLemon[50656:423517]    Payload keys: senderId, type, isPlaying, timestamp, position
2026-01-21 00:53:11.428 RedLemon[50656:423517] ✅ Realtime: Message broadcast complete
2026-01-21 00:53:11.553 RedLemon[50656:423358] 📨 Realtime: Received broadcast message
2026-01-21 00:53:11.553 RedLemon[50656:423515] 📨 Realtime: Received broadcast message
2026-01-21 00:53:11.553 RedLemon[50656:423358]    Payload keys: timestamp, isPlaying, type, position, senderId
2026-01-21 00:53:11.553 RedLemon[50656:423515]    Payload keys: timestamp, isPlaying, type, position, senderId
2026-01-21 00:53:11.553 RedLemon[50656:423515] ✅ Realtime: Decoded message type: playbackState, sender: 656DAA91-33B4-4688-9135-C982EA52D7C9
2026-01-21 00:53:11.554 RedLemon[50656:423358] ✅ Realtime: Decoded message type: playbackState, sender: 656DAA91-33B4-4688-9135-C982EA52D7C9
2026-01-21 00:53:11.596 RedLemon[50656:420334] ⚠️ Received Realtime message with no chat text (Type: playbackState)
2026-01-21 00:53:12.882 RedLemon[50656:423356] 📨 Realtime: Received broadcast message
2026-01-21 00:53:12.882 RedLemon[50656:423517] 📨 Realtime: Received broadcast message
2026-01-21 00:53:12.882 RedLemon[50656:423356]    Payload keys: isPlaying, senderId, timestamp, type, position
2026-01-21 00:53:12.882 RedLemon[50656:423517]    Payload keys: isPlaying, senderId, timestamp, type, position
2026-01-21 00:53:12.882 RedLemon[50656:423517] ✅ Realtime: Decoded message type: ready, sender: 96e01cdb-36c0-4228-a6e4-a29a3c66bc8e
2026-01-21 00:53:12.882 RedLemon[50656:423356] ✅ Realtime: Decoded message type: ready, sender: 96e01cdb-36c0-4228-a6e4-a29a3c66bc8e
2026-01-21 00:53:12.892 RedLemon[50656:420334] ⚠️ Received Realtime message with no chat text (Type: ready)
2026-01-21 00:53:13.476 RedLemon[50656:423358] 📤 Realtime: Sending message type: playbackState, sender: 656DAA91-33B4-4688-9135-C982EA52D7C9
2026-01-21 00:53:13.476 RedLemon[50656:423358]    Payload keys: senderId, timestamp, type, isPlaying, position
2026-01-21 00:53:13.477 RedLemon[50656:423358] ✅ Realtime: Message broadcast complete
2026-01-21 00:53:13.602 RedLemon[50656:423358] 📨 Realtime: Received broadcast message
2026-01-21 00:53:13.602 RedLemon[50656:423517] 📨 Realtime: Received broadcast message
2026-01-21 00:53:13.602 RedLemon[50656:423358]    Payload keys: isPlaying, position, type, timestamp, senderId
2026-01-21 00:53:13.602 RedLemon[50656:423517]    Payload keys: isPlaying, position, type, timestamp, senderId
2026-01-21 00:53:13.603 RedLemon[50656:423517] ✅ Realtime: Decoded message type: playbackState, sender: 656DAA91-33B4-4688-9135-C982EA52D7C9
2026-01-21 00:53:13.603 RedLemon[50656:423358] ✅ Realtime: Decoded message type: playbackState, sender: 656DAA91-33B4-4688-9135-C982EA52D7C9
2026-01-21 00:53:13.643 RedLemon[50656:420334] ⚠️ Received Realtime message with no chat text (Type: playbackState)
2026-01-21 00:53:13.976 RedLemon[50656:423358] 📤 Realtime: Sending message type: play, sender: 656daa91-33b4-4688-9135-c982ea52d7c9
2026-01-21 00:53:13.977 RedLemon[50656:423358]    Payload keys: isPlaying, position, timestamp, type, senderId
2026-01-21 00:53:13.979 RedLemon[50656:423516] ✅ Realtime: Message broadcast complete
2026-01-21 00:53:14.099 RedLemon[50656:423515] 📨 Realtime: Received broadcast message
2026-01-21 00:53:14.099 RedLemon[50656:423358] 📨 Realtime: Received broadcast message
2026-01-21 00:53:14.099 RedLemon[50656:423515]    Payload keys: type, isPlaying, senderId, timestamp, position
2026-01-21 00:53:14.099 RedLemon[50656:423358]    Payload keys: type, isPlaying, senderId, timestamp, position
2026-01-21 00:53:14.099 RedLemon[50656:423515] ✅ Realtime: Decoded message type: play, sender: 656daa91-33b4-4688-9135-c982ea52d7c9
2026-01-21 00:53:14.099 RedLemon[50656:423358] ✅ Realtime: Decoded message type: play, sender: 656daa91-33b4-4688-9135-c982ea52d7c9
2026-01-21 00:53:14.102 RedLemon[50656:420334] ⚠️ Received Realtime message with no chat text (Type: play)
2026-01-21 00:53:15.437 RedLemon[50656:422700] 🔐 Signed request to /rpc/room_heartbeat
2026-01-21 00:53:15.478 RedLemon[50656:423358] 📤 Realtime: Sending message type: playbackState, sender: 656DAA91-33B4-4688-9135-C982EA52D7C9
2026-01-21 00:53:15.479 RedLemon[50656:423358]    Payload keys: isPlaying, type, timestamp, senderId, position
2026-01-21 00:53:15.480 RedLemon[50656:423358] ✅ Realtime: Message broadcast complete
2026-01-21 00:53:15.576 RedLemon[50656:423358] ❌ [00:53:15.576] [NETWORK] [SupabaseClient.swift:336] Supabase API Error: Missing signature headers (x-identity-signature, x-timestamp)
2026-01-21 00:53:15.606 RedLemon[50656:422700] 📨 Realtime: Received broadcast message
2026-01-21 00:53:15.606 RedLemon[50656:423517] 📨 Realtime: Received broadcast message
2026-01-21 00:53:15.607 RedLemon[50656:422700]    Payload keys: timestamp, type, position, senderId, isPlaying
2026-01-21 00:53:15.607 RedLemon[50656:423517]    Payload keys: timestamp, type, position, senderId, isPlaying
2026-01-21 00:53:15.608 RedLemon[50656:423517] ✅ Realtime: Decoded message type: playbackState, sender: 656DAA91-33B4-4688-9135-C982EA52D7C9
2026-01-21 00:53:15.608 RedLemon[50656:422700] ✅ Realtime: Decoded message type: playbackState, sender: 656DAA91-33B4-4688-9135-C982EA52D7C9
2026-01-21 00:53:15.644 RedLemon[50656:420334] ⚠️ Received Realtime message with no chat text (Type: playbackState)
2026-01-21 00:53:15.771 RedLemon[50656:420334] 📨 Lobby: Received Room UPDATE from Realtime
2026-01-21 00:53:17.501 RedLemon[50656:423516] 📤 Realtime: Sending message type: playbackState, sender: 656DAA91-33B4-4688-9135-C982EA52D7C9
2026-01-21 00:53:17.501 RedLemon[50656:423516]    Payload keys: type, isPlaying, position, senderId, timestamp
2026-01-21 00:53:17.505 RedLemon[50656:422700] ✅ Realtime: Message broadcast complete
2026-01-21 00:53:17.630 RedLemon[50656:423358] 📨 Realtime: Received broadcast message
2026-01-21 00:53:17.631 RedLemon[50656:423358]    Payload keys: isPlaying, senderId, timestamp, position, type
2026-01-21 00:53:17.631 RedLemon[50656:423517] 📨 Realtime: Received broadcast message
2026-01-21 00:53:17.631 RedLemon[50656:423517]    Payload keys: isPlaying, senderId, timestamp, position, type
2026-01-21 00:53:17.631 RedLemon[50656:423358] ✅ Realtime: Decoded message type: playbackState, sender: 656DAA91-33B4-4688-9135-C982EA52D7C9
2026-01-21 00:53:17.631 RedLemon[50656:423517] ✅ Realtime: Decoded message type: playbackState, sender: 656DAA91-33B4-4688-9135-C982EA52D7C9
2026-01-21 00:53:17.648 RedLemon[50656:420334] ⚠️ Received Realtime message with no chat text (Type: playbackState)
2026-01-21 00:53:18.607 RedLemon[50656:420334] 📨 Lobby: Received Room UPDATE from Realtime
2026-01-21 00:53:19.401 RedLemon[50656:423516] 📤 Realtime: Sending message type: playbackState, sender: 656DAA91-33B4-4688-9135-C982EA52D7C9
2026-01-21 00:53:19.402 RedLemon[50656:423516]    Payload keys: type, position, senderId, timestamp, isPlaying
2026-01-21 00:53:19.404 RedLemon[50656:423358] ✅ Realtime: Message broadcast complete
2026-01-21 00:53:19.523 RedLemon[50656:423516] 📨 Realtime: Received broadcast message
2026-01-21 00:53:19.523 RedLemon[50656:423515] 📨 Realtime: Received broadcast message
2026-01-21 00:53:19.523 RedLemon[50656:423516]    Payload keys: position, isPlaying, senderId, timestamp, type
2026-01-21 00:53:19.523 RedLemon[50656:423515]    Payload keys: position, isPlaying, senderId, timestamp, type
2026-01-21 00:53:19.525 RedLemon[50656:423516] ✅ Realtime: Decoded message type: playbackState, sender: 656DAA91-33B4-4688-9135-C982EA52D7C9
2026-01-21 00:53:19.524 RedLemon[50656:423515] ✅ Realtime: Decoded message type: playbackState, sender: 656DAA91-33B4-4688-9135-C982EA52D7C9
2026-01-21 00:53:19.525 RedLemon[50656:420334] ⚠️ Received Realtime message with no chat text (Type: playbackState)
2026-01-21 00:53:21.484 RedLemon[50656:423356] 📤 Realtime: Sending message type: playbackState, sender: 656DAA91-33B4-4688-9135-C982EA52D7C9
2026-01-21 00:53:21.484 RedLemon[50656:423356]    Payload keys: senderId, position, isPlaying, type, timestamp
2026-01-21 00:53:21.486 RedLemon[50656:423516] ✅ Realtime: Message broadcast complete
2026-01-21 00:53:21.610 RedLemon[50656:423516] 📨 Realtime: Received broadcast message
2026-01-21 00:53:21.610 RedLemon[50656:423515] 📨 Realtime: Received broadcast message
2026-01-21 00:53:21.610 RedLemon[50656:423515]    Payload keys: type, position, senderId, timestamp, isPlaying
2026-01-21 00:53:21.610 RedLemon[50656:423516]    Payload keys: type, position, senderId, timestamp, isPlaying
2026-01-21 00:53:21.611 RedLemon[50656:423516] ✅ Realtime: Decoded message type: playbackState, sender: 656DAA91-33B4-4688-9135-C982EA52D7C9
2026-01-21 00:53:21.611 RedLemon[50656:423515] ✅ Realtime: Decoded message type: playbackState, sender: 656DAA91-33B4-4688-9135-C982EA52D7C9
2026-01-21 00:53:21.653 RedLemon[50656:420334] ⚠️ Received Realtime message with no chat text (Type: playbackState)
2026-01-21 00:53:23.444 RedLemon[50656:423358] 📤 Realtime: Sending message type: playbackState, sender: 656DAA91-33B4-4688-9135-C982EA52D7C9
2026-01-21 00:53:23.445 RedLemon[50656:423358]    Payload keys: timestamp, isPlaying, position, type, senderId
2026-01-21 00:53:23.446 RedLemon[50656:423515] ✅ Realtime: Message broadcast complete
2026-01-21 00:53:23.564 RedLemon[50656:423517] 📨 Realtime: Received broadcast message
2026-01-21 00:53:23.564 RedLemon[50656:423358] 📨 Realtime: Received broadcast message
2026-01-21 00:53:23.564 RedLemon[50656:423358]    Payload keys: position, timestamp, type, senderId, isPlaying
2026-01-21 00:53:23.564 RedLemon[50656:423517]    Payload keys: position, timestamp, type, senderId, isPlaying
2026-01-21 00:53:23.564 RedLemon[50656:423517] ✅ Realtime: Decoded message type: playbackState, sender: 656DAA91-33B4-4688-9135-C982EA52D7C9
2026-01-21 00:53:23.564 RedLemon[50656:423358] ✅ Realtime: Decoded message type: playbackState, sender: 656DAA91-33B4-4688-9135-C982EA52D7C9
2026-01-21 00:53:23.569 RedLemon[50656:420334] ⚠️ Received Realtime message with no chat text (Type: playbackState)
2026-01-21 00:53:25.531 RedLemon[50656:423517] 📤 Realtime: Sending message type: playbackState, sender: 656DAA91-33B4-4688-9135-C982EA52D7C9
2026-01-21 00:53:25.532 RedLemon[50656:423517]    Payload keys: senderId, timestamp, isPlaying, position, type
2026-01-21 00:53:25.534 RedLemon[50656:423515] ✅ Realtime: Message broadcast complete
2026-01-21 00:53:25.659 RedLemon[50656:423515] 📨 Realtime: Received broadcast message
2026-01-21 00:53:25.659 RedLemon[50656:423516] 📨 Realtime: Received broadcast message
2026-01-21 00:53:25.659 RedLemon[50656:423515]    Payload keys: timestamp, type, isPlaying, position, senderId
2026-01-21 00:53:25.660 RedLemon[50656:423516]    Payload keys: timestamp, type, isPlaying, position, senderId
2026-01-21 00:53:25.661 RedLemon[50656:423516] ✅ Realtime: Decoded message type: playbackState, sender: 656DAA91-33B4-4688-9135-C982EA52D7C9
2026-01-21 00:53:25.661 RedLemon[50656:423515] ✅ Realtime: Decoded message type: playbackState, sender: 656DAA91-33B4-4688-9135-C982EA52D7C9
2026-01-21 00:53:25.697 RedLemon[50656:420334] ⚠️ Received Realtime message with no chat text (Type: playbackState)
2026-01-21 00:53:25.780 RedLemon[50656:420334] 📨 Lobby: Received Room UPDATE from Realtime
2026-01-21 00:53:27.448 RedLemon[50656:423517] 📤 Realtime: Sending message type: playbackState, sender: 656DAA91-33B4-4688-9135-C982EA52D7C9
2026-01-21 00:53:27.448 RedLemon[50656:423517]    Payload keys: position, timestamp, isPlaying, type, senderId
2026-01-21 00:53:27.450 RedLemon[50656:423516] ✅ Realtime: Message broadcast complete
2026-01-21 00:53:27.619 RedLemon[50656:423517] 📨 Realtime: Received broadcast message
2026-01-21 00:53:27.619 RedLemon[50656:423516] 📨 Realtime: Received broadcast message
2026-01-21 00:53:27.619 RedLemon[50656:423516]    Payload keys: isPlaying, timestamp, senderId, type, position
2026-01-21 00:53:27.620 RedLemon[50656:423517]    Payload keys: isPlaying, timestamp, senderId, type, position
2026-01-21 00:53:27.621 RedLemon[50656:423516] ✅ Realtime: Decoded message type: playbackState, sender: 656DAA91-33B4-4688-9135-C982EA52D7C9
2026-01-21 00:53:27.621 RedLemon[50656:423517] ✅ Realtime: Decoded message type: playbackState, sender: 656DAA91-33B4-4688-9135-C982EA52D7C9
2026-01-21 00:53:27.657 RedLemon[50656:420334] ⚠️ Received Realtime message with no chat text (Type: playbackState)
2026-01-21 00:53:29.451 RedLemon[50656:423358] 📤 Realtime: Sending message type: playbackState, sender: 656DAA91-33B4-4688-9135-C982EA52D7C9
2026-01-21 00:53:29.451 RedLemon[50656:423358]    Payload keys: type, isPlaying, timestamp, position, senderId
2026-01-21 00:53:29.453 RedLemon[50656:423517] ✅ Realtime: Message broadcast complete
2026-01-21 00:53:29.572 RedLemon[50656:423515] 📨 Realtime: Received broadcast message
2026-01-21 00:53:29.572 RedLemon[50656:423517] 📨 Realtime: Received broadcast message
2026-01-21 00:53:29.572 RedLemon[50656:423517]    Payload keys: senderId, timestamp, isPlaying, type, position
2026-01-21 00:53:29.572 RedLemon[50656:423515]    Payload keys: senderId, timestamp, isPlaying, type, position
2026-01-21 00:53:29.572 RedLemon[50656:423515] ✅ Realtime: Decoded message type: playbackState, sender: 656DAA91-33B4-4688-9135-C982EA52D7C9
2026-01-21 00:53:29.572 RedLemon[50656:423517] ✅ Realtime: Decoded message type: playbackState, sender: 656DAA91-33B4-4688-9135-C982EA52D7C9
2026-01-21 00:53:29.576 RedLemon[50656:420334] ⚠️ Received Realtime message with no chat text (Type: playbackState)
2026-01-21 00:53:31.536 RedLemon[50656:423515] 📤 Realtime: Sending message type: playbackState, sender: 656DAA91-33B4-4688-9135-C982EA52D7C9
2026-01-21 00:53:31.537 RedLemon[50656:423515]    Payload keys: isPlaying, timestamp, type, senderId, position
2026-01-21 00:53:31.538 RedLemon[50656:423517] ✅ Realtime: Message broadcast complete
2026-01-21 00:53:31.662 RedLemon[50656:423516] 📨 Realtime: Received broadcast message
2026-01-21 00:53:31.662 RedLemon[50656:423517] 📨 Realtime: Received broadcast message
2026-01-21 00:53:31.662 RedLemon[50656:423517]    Payload keys: timestamp, senderId, isPlaying, position, type
2026-01-21 00:53:31.662 RedLemon[50656:423516]    Payload keys: timestamp, senderId, isPlaying, position, type
2026-01-21 00:53:31.663 RedLemon[50656:423516] ✅ Realtime: Decoded message type: playbackState, sender: 656DAA91-33B4-4688-9135-C982EA52D7C9
2026-01-21 00:53:31.665 RedLemon[50656:423517] ✅ Realtime: Decoded message type: playbackState, sender: 656DAA91-33B4-4688-9135-C982EA52D7C9
2026-01-21 00:53:31.704 RedLemon[50656:420334] ⚠️ Received Realtime message with no chat text (Type: playbackState)
2026-01-21 00:53:33.454 RedLemon[50656:423517] 📤 Realtime: Sending message type: playbackState, sender: 656DAA91-33B4-4688-9135-C982EA52D7C9
2026-01-21 00:53:33.455 RedLemon[50656:423517]    Payload keys: senderId, type, timestamp, isPlaying, position
2026-01-21 00:53:33.456 RedLemon[50656:423517] ✅ Realtime: Message broadcast complete
2026-01-21 00:53:33.587 RedLemon[50656:423517] 📨 Realtime: Received broadcast message
2026-01-21 00:53:33.587 RedLemon[50656:423517]    Payload keys: type, timestamp, senderId, position, isPlaying
2026-01-21 00:53:33.587 RedLemon[50656:423080] 📨 Realtime: Received broadcast message
2026-01-21 00:53:33.588 RedLemon[50656:423080]    Payload keys: type, timestamp, senderId, position, isPlaying
2026-01-21 00:53:33.588 RedLemon[50656:423080] ✅ Realtime: Decoded message type: playbackState, sender: 656DAA91-33B4-4688-9135-C982EA52D7C9
2026-01-21 00:53:33.588 RedLemon[50656:423517] ✅ Realtime: Decoded message type: playbackState, sender: 656DAA91-33B4-4688-9135-C982EA52D7C9
2026-01-21 00:53:33.625 RedLemon[50656:420334] ⚠️ Received Realtime message with no chat text (Type: playbackState)
2026-01-21 00:53:35.458 RedLemon[50656:423517] 📤 Realtime: Sending message type: playbackState, sender: 656DAA91-33B4-4688-9135-C982EA52D7C9
2026-01-21 00:53:35.458 RedLemon[50656:423517]    Payload keys: position, senderId, timestamp, type, isPlaying
2026-01-21 00:53:35.461 RedLemon[50656:423516] ✅ Realtime: Message broadcast complete
2026-01-21 00:53:35.706 RedLemon[50656:420334] 📨 Lobby: Received Room UPDATE from Realtime
2026-01-21 00:53:35.947 RedLemon[50656:423080] 📨 Realtime: Received broadcast message
2026-01-21 00:53:35.947 RedLemon[50656:423515] 📨 Realtime: Received broadcast message
2026-01-21 00:53:35.947 RedLemon[50656:423080]    Payload keys: isPlaying, position, senderId, timestamp, type
2026-01-21 00:53:35.947 RedLemon[50656:423515]    Payload keys: isPlaying, position, senderId, timestamp, type
2026-01-21 00:53:35.947 RedLemon[50656:423080] ✅ Realtime: Decoded message type: playbackState, sender: 656DAA91-33B4-4688-9135-C982EA52D7C9
2026-01-21 00:53:35.948 RedLemon[50656:423515] ✅ Realtime: Decoded message type: playbackState, sender: 656DAA91-33B4-4688-9135-C982EA52D7C9
2026-01-21 00:53:35.971 RedLemon[50656:420334] ⚠️ Received Realtime message with no chat text (Type: playbackState)
2026-01-21 00:53:37.389 RedLemon[50656:420334] 📨 Lobby: Received Room UPDATE from Realtime
2026-01-21 00:53:37.458 RedLemon[50656:423356] 📤 Realtime: Sending message type: playbackState, sender: 656DAA91-33B4-4688-9135-C982EA52D7C9
2026-01-21 00:53:37.459 RedLemon[50656:423356]    Payload keys: senderId, timestamp, isPlaying, position, type
2026-01-21 00:53:37.460 RedLemon[50656:423356] ✅ Realtime: Message broadcast complete
2026-01-21 00:53:37.582 RedLemon[50656:423517] 📨 Realtime: Received broadcast message
2026-01-21 00:53:37.583 RedLemon[50656:423517]    Payload keys: position, senderId, timestamp, type, isPlaying
2026-01-21 00:53:37.583 RedLemon[50656:423356] 📨 Realtime: Received broadcast message
2026-01-21 00:53:37.583 RedLemon[50656:423356]    Payload keys: position, senderId, timestamp, type, isPlaying
2026-01-21 00:53:37.583 RedLemon[50656:423517] ✅ Realtime: Decoded message type: playbackState, sender: 656DAA91-33B4-4688-9135-C982EA52D7C9
2026-01-21 00:53:37.584 RedLemon[50656:423356] ✅ Realtime: Decoded message type: playbackState, sender: 656DAA91-33B4-4688-9135-C982EA52D7C9
2026-01-21 00:53:37.628 RedLemon[50656:420334] ⚠️ Received Realtime message with no chat text (Type: playbackState)
2026-01-21 00:53:39.462 RedLemon[50656:423517] 📤 Realtime: Sending message type: playbackState, sender: 656DAA91-33B4-4688-9135-C982EA52D7C9
2026-01-21 00:53:39.463 RedLemon[50656:423517]    Payload keys: timestamp, position, type, senderId, isPlaying
2026-01-21 00:53:39.466 RedLemon[50656:423517] ✅ Realtime: Message broadcast complete
2026-01-21 00:53:39.589 RedLemon[50656:423356] 📨 Realtime: Received broadcast message
2026-01-21 00:53:39.589 RedLemon[50656:423080] 📨 Realtime: Received broadcast message
2026-01-21 00:53:39.589 RedLemon[50656:423080]    Payload keys: position, timestamp, isPlaying, type, senderId
2026-01-21 00:53:39.589 RedLemon[50656:423356]    Payload keys: position, timestamp, isPlaying, type, senderId
2026-01-21 00:53:39.590 RedLemon[50656:423080] ✅ Realtime: Decoded message type: playbackState, sender: 656DAA91-33B4-4688-9135-C982EA52D7C9
2026-01-21 00:53:39.590 RedLemon[50656:423356] ✅ Realtime: Decoded message type: playbackState, sender: 656DAA91-33B4-4688-9135-C982EA52D7C9
2026-01-21 00:53:39.628 RedLemon[50656:420334] ⚠️ Received Realtime message with no chat text (Type: playbackState)
2026-01-21 00:53:41.463 RedLemon[50656:423516] 📤 Realtime: Sending message type: playbackState, sender: 656DAA91-33B4-4688-9135-C982EA52D7C9
2026-01-21 00:53:41.463 RedLemon[50656:423516]    Payload keys: type, timestamp, senderId, isPlaying, position
2026-01-21 00:53:41.464 RedLemon[50656:423516] ✅ Realtime: Message broadcast complete
2026-01-21 00:53:41.589 RedLemon[50656:423516] 📨 Realtime: Received broadcast message
2026-01-21 00:53:41.589 RedLemon[50656:423515] 📨 Realtime: Received broadcast message
2026-01-21 00:53:41.589 RedLemon[50656:423515]    Payload keys: position, timestamp, isPlaying, type, senderId
2026-01-21 00:53:41.589 RedLemon[50656:423516]    Payload keys: position, timestamp, isPlaying, type, senderId
2026-01-21 00:53:41.590 RedLemon[50656:423515] ✅ Realtime: Decoded message type: playbackState, sender: 656DAA91-33B4-4688-9135-C982EA52D7C9
2026-01-21 00:53:41.591 RedLemon[50656:423516] ✅ Realtime: Decoded message type: playbackState, sender: 656DAA91-33B4-4688-9135-C982EA52D7C9
2026-01-21 00:53:41.630 RedLemon[50656:420334] ⚠️ Received Realtime message with no chat text (Type: playbackState)
2026-01-21 00:53:43.466 RedLemon[50656:423356] 📤 Realtime: Sending message type: playbackState, sender: 656DAA91-33B4-4688-9135-C982EA52D7C9
2026-01-21 00:53:43.466 RedLemon[50656:423356]    Payload keys: type, senderId, timestamp, position, isPlaying
2026-01-21 00:53:43.468 RedLemon[50656:423515] ✅ Realtime: Message broadcast complete
2026-01-21 00:53:43.591 RedLemon[50656:423515] 📨 Realtime: Received broadcast message
2026-01-21 00:53:43.591 RedLemon[50656:423356] 📨 Realtime: Received broadcast message
2026-01-21 00:53:43.591 RedLemon[50656:423356]    Payload keys: isPlaying, position, senderId, timestamp, type
2026-01-21 00:53:43.591 RedLemon[50656:423515]    Payload keys: isPlaying, position, senderId, timestamp, type
2026-01-21 00:53:43.592 RedLemon[50656:423515] ✅ Realtime: Decoded message type: playbackState, sender: 656DAA91-33B4-4688-9135-C982EA52D7C9
2026-01-21 00:53:43.592 RedLemon[50656:423356] ✅ Realtime: Decoded message type: playbackState, sender: 656DAA91-33B4-4688-9135-C982EA52D7C9
2026-01-21 00:53:43.632 RedLemon[50656:420334] ⚠️ Received Realtime message with no chat text (Type: playbackState)
2026-01-21 00:53:45.510 RedLemon[50656:423080] 📤 Realtime: Sending message type: playbackState, sender: 656DAA91-33B4-4688-9135-C982EA52D7C9
2026-01-21 00:53:45.511 RedLemon[50656:423080]    Payload keys: position, isPlaying, senderId, timestamp, type
2026-01-21 00:53:45.512 RedLemon[50656:423516] ✅ Realtime: Message broadcast complete
2026-01-21 00:53:45.642 RedLemon[50656:423515] 📨 Realtime: Received broadcast message
2026-01-21 00:53:45.642 RedLemon[50656:423515]    Payload keys: isPlaying, type, timestamp, senderId, position
2026-01-21 00:53:45.642 RedLemon[50656:423516] 📨 Realtime: Received broadcast message
2026-01-21 00:53:45.643 RedLemon[50656:423516]    Payload keys: isPlaying, type, timestamp, senderId, position
2026-01-21 00:53:45.644 RedLemon[50656:423515] ✅ Realtime: Decoded message type: playbackState, sender: 656DAA91-33B4-4688-9135-C982EA52D7C9
2026-01-21 00:53:45.644 RedLemon[50656:423516] ✅ Realtime: Decoded message type: playbackState, sender: 656DAA91-33B4-4688-9135-C982EA52D7C9
2026-01-21 00:53:45.675 RedLemon[50656:420334] ⚠️ Received Realtime message with no chat text (Type: playbackState)
2026-01-21 00:53:45.677 RedLemon[50656:423515] 🔐 Signed request to /rpc/room_heartbeat
2026-01-21 00:53:45.817 RedLemon[50656:423516] ❌ [00:53:45.817] [NETWORK] [SupabaseClient.swift:336] Supabase API Error: Missing signature headers (x-identity-signature, x-timestamp)
2026-01-21 00:53:45.926 RedLemon[50656:420334] 📨 Lobby: Received Room UPDATE from Realtime
2026-01-21 00:53:47.468 RedLemon[50656:423356] 📤 Realtime: Sending message type: playbackState, sender: 656DAA91-33B4-4688-9135-C982EA52D7C9
2026-01-21 00:53:47.469 RedLemon[50656:423356]    Payload keys: position, isPlaying, senderId, timestamp, type
2026-01-21 00:53:47.470 RedLemon[50656:423356] ✅ Realtime: Message broadcast complete
2026-01-21 00:53:47.594 RedLemon[50656:423515] 📨 Realtime: Received broadcast message
2026-01-21 00:53:47.594 RedLemon[50656:423356] 📨 Realtime: Received broadcast message
2026-01-21 00:53:47.594 RedLemon[50656:423515]    Payload keys: isPlaying, position, type, senderId, timestamp
2026-01-21 00:53:47.594 RedLemon[50656:423356]    Payload keys: isPlaying, position, type, senderId, timestamp
2026-01-21 00:53:47.595 RedLemon[50656:423515] ✅ Realtime: Decoded message type: playbackState, sender: 656DAA91-33B4-4688-9135-C982EA52D7C9
2026-01-21 00:53:47.595 RedLemon[50656:423356] ✅ Realtime: Decoded message type: playbackState, sender: 656DAA91-33B4-4688-9135-C982EA52D7C9
2026-01-21 00:53:47.638 RedLemon[50656:420334] ⚠️ Received Realtime message with no chat text (Type: playbackState)
2026-01-21 00:53:48.679 RedLemon[50656:420334] 📨 Lobby: Received Room UPDATE from Realtime
2026-01-21 00:53:49.513 RedLemon[50656:423515] 📤 Realtime: Sending message type: playbackState, sender: 656DAA91-33B4-4688-9135-C982EA52D7C9
2026-01-21 00:53:49.513 RedLemon[50656:423515]    Payload keys: isPlaying, position, senderId, type, timestamp
2026-01-21 00:53:49.515 RedLemon[50656:423356] ✅ Realtime: Message broadcast complete
2026-01-21 00:53:49.636 RedLemon[50656:423356] 📨 Realtime: Received broadcast message
2026-01-21 00:53:49.636 RedLemon[50656:423515] 📨 Realtime: Received broadcast message
2026-01-21 00:53:49.636 RedLemon[50656:423356]    Payload keys: type, senderId, timestamp, position, isPlaying
2026-01-21 00:53:49.637 RedLemon[50656:423515]    Payload keys: type, senderId, timestamp, position, isPlaying
2026-01-21 00:53:49.638 RedLemon[50656:423515] ✅ Realtime: Decoded message type: playbackState, sender: 656DAA91-33B4-4688-9135-C982EA52D7C9
2026-01-21 00:53:49.638 RedLemon[50656:423356] ✅ Realtime: Decoded message type: playbackState, sender: 656DAA91-33B4-4688-9135-C982EA52D7C9
2026-01-21 00:53:49.681 RedLemon[50656:420334] ⚠️ Received Realtime message with no chat text (Type: playbackState)
2026-01-21 00:53:51.473 RedLemon[50656:423517] 📤 Realtime: Sending message type: playbackState, sender: 656DAA91-33B4-4688-9135-C982EA52D7C9
2026-01-21 00:53:51.474 RedLemon[50656:423517]    Payload keys: type, senderId, timestamp, position, isPlaying
2026-01-21 00:53:51.475 RedLemon[50656:423516] ✅ Realtime: Message broadcast complete
2026-01-21 00:53:51.599 RedLemon[50656:423356] 📨 Realtime: Received broadcast message
2026-01-21 00:53:51.599 RedLemon[50656:423516] 📨 Realtime: Received broadcast message
2026-01-21 00:53:51.599 RedLemon[50656:423516]    Payload keys: isPlaying, type, position, timestamp, senderId
2026-01-21 00:53:51.599 RedLemon[50656:423356]    Payload keys: isPlaying, type, position, timestamp, senderId
2026-01-21 00:53:51.600 RedLemon[50656:423356] ✅ Realtime: Decoded message type: playbackState, sender: 656DAA91-33B4-4688-9135-C982EA52D7C9
2026-01-21 00:53:51.600 RedLemon[50656:423516] ✅ Realtime: Decoded message type: playbackState, sender: 656DAA91-33B4-4688-9135-C982EA52D7C9
2026-01-21 00:53:51.642 RedLemon[50656:420334] ⚠️ Received Realtime message with no chat text (Type: playbackState)
2026-01-21 00:53:53.477 RedLemon[50656:423516] 📤 Realtime: Sending message type: playbackState, sender: 656DAA91-33B4-4688-9135-C982EA52D7C9
2026-01-21 00:53:53.478 RedLemon[50656:423516]    Payload keys: senderId, timestamp, type, position, isPlaying
2026-01-21 00:53:53.480 RedLemon[50656:423356] ✅ Realtime: Message broadcast complete
2026-01-21 00:53:53.602 RedLemon[50656:423356] 📨 Realtime: Received broadcast message
2026-01-21 00:53:53.602 RedLemon[50656:423517] 📨 Realtime: Received broadcast message
2026-01-21 00:53:53.602 RedLemon[50656:423517]    Payload keys: type, senderId, position, timestamp, isPlaying
2026-01-21 00:53:53.602 RedLemon[50656:423356]    Payload keys: type, senderId, position, timestamp, isPlaying
2026-01-21 00:53:53.602 RedLemon[50656:423517] ✅ Realtime: Decoded message type: playbackState, sender: 656DAA91-33B4-4688-9135-C982EA52D7C9
2026-01-21 00:53:53.603 RedLemon[50656:423356] ✅ Realtime: Decoded message type: playbackState, sender: 656DAA91-33B4-4688-9135-C982EA52D7C9
2026-01-21 00:53:53.642 RedLemon[50656:420334] ⚠️ Received Realtime message with no chat text (Type: playbackState)
2026-01-21 00:53:55.477 RedLemon[50656:423517] 📤 Realtime: Sending message type: playbackState, sender: 656DAA91-33B4-4688-9135-C982EA52D7C9
2026-01-21 00:53:55.478 RedLemon[50656:423517]    Payload keys: senderId, type, position, timestamp, isPlaying
2026-01-21 00:53:55.479 RedLemon[50656:423358] ✅ Realtime: Message broadcast complete
2026-01-21 00:53:55.617 RedLemon[50656:423516] 📨 Realtime: Received broadcast message
2026-01-21 00:53:55.617 RedLemon[50656:423517] 📨 Realtime: Received broadcast message
2026-01-21 00:53:55.617 RedLemon[50656:423516]    Payload keys: isPlaying, position, senderId, timestamp, type
2026-01-21 00:53:55.617 RedLemon[50656:423517]    Payload keys: isPlaying, position, senderId, timestamp, type
2026-01-21 00:53:55.618 RedLemon[50656:423517] ✅ Realtime: Decoded message type: playbackState, sender: 656DAA91-33B4-4688-9135-C982EA52D7C9
2026-01-21 00:53:55.618 RedLemon[50656:423516] ✅ Realtime: Decoded message type: playbackState, sender: 656DAA91-33B4-4688-9135-C982EA52D7C9
2026-01-21 00:53:55.643 RedLemon[50656:420334] ⚠️ Received Realtime message with no chat text (Type: playbackState)
2026-01-21 00:53:55.811 RedLemon[50656:420334] 📨 Lobby: Received Room UPDATE from Realtime
2026-01-21 00:53:57.479 RedLemon[50656:423517] 📤 Realtime: Sending message type: playbackState, sender: 656DAA91-33B4-4688-9135-C982EA52D7C9
2026-01-21 00:53:57.480 RedLemon[50656:423517]    Payload keys: isPlaying, senderId, type, position, timestamp
2026-01-21 00:53:57.481 RedLemon[50656:423517] ✅ Realtime: Message broadcast complete
2026-01-21 00:53:57.599 RedLemon[50656:423517] 📨 Realtime: Received broadcast message
2026-01-21 00:53:57.599 RedLemon[50656:423358] 📨 Realtime: Received broadcast message
2026-01-21 00:53:57.599 RedLemon[50656:423517]    Payload keys: timestamp, position, type, senderId, isPlaying
2026-01-21 00:53:57.599 RedLemon[50656:423358]    Payload keys: timestamp, position, type, senderId, isPlaying
2026-01-21 00:53:57.600 RedLemon[50656:423358] ✅ Realtime: Decoded message type: playbackState, sender: 656DAA91-33B4-4688-9135-C982EA52D7C9
2026-01-21 00:53:57.600 RedLemon[50656:423517] ✅ Realtime: Decoded message type: playbackState, sender: 656DAA91-33B4-4688-9135-C982EA52D7C9
2026-01-21 00:53:57.604 RedLemon[50656:420334] ⚠️ Received Realtime message with no chat text (Type: playbackState)
2026-01-21 00:53:59.482 RedLemon[50656:423358] 📤 Realtime: Sending message type: playbackState, sender: 656DAA91-33B4-4688-9135-C982EA52D7C9
2026-01-21 00:53:59.483 RedLemon[50656:423358]    Payload keys: position, type, isPlaying, timestamp, senderId
2026-01-21 00:53:59.484 RedLemon[50656:423515] ✅ Realtime: Message broadcast complete
2026-01-21 00:53:59.611 RedLemon[50656:423517] 📨 Realtime: Received broadcast message
2026-01-21 00:53:59.611 RedLemon[50656:423515] 📨 Realtime: Received broadcast message
2026-01-21 00:53:59.611 RedLemon[50656:423517]    Payload keys: type, position, senderId, timestamp, isPlaying
2026-01-21 00:53:59.611 RedLemon[50656:423515]    Payload keys: type, position, senderId, timestamp, isPlaying
2026-01-21 00:53:59.612 RedLemon[50656:423517] ✅ Realtime: Decoded message type: playbackState, sender: 656DAA91-33B4-4688-9135-C982EA52D7C9
2026-01-21 00:53:59.612 RedLemon[50656:423515] ✅ Realtime: Decoded message type: playbackState, sender: 656DAA91-33B4-4688-9135-C982EA52D7C9
2026-01-21 00:53:59.648 RedLemon[50656:420334] ⚠️ Received Realtime message with no chat text (Type: playbackState)
2026-01-21 00:54:00.399 RedLemon[50656:420334] ❌ Lobby: Room deleted by host (Postgres Event)
2026-01-21 00:54:01.442 RedLemon[50656:423358] 📤 Realtime: Sending message type: playbackState, sender: 656DAA91-33B4-4688-9135-C982EA52D7C9
2026-01-21 00:54:01.442 RedLemon[50656:423358]    Payload keys: type, senderId, isPlaying, timestamp, position
2026-01-21 00:54:01.444 RedLemon[50656:423356] ✅ Realtime: Message broadcast complete
2026-01-21 00:54:01.572 RedLemon[50656:423356] 📨 Realtime: Received broadcast message
2026-01-21 00:54:01.572 RedLemon[50656:423358] 📨 Realtime: Received broadcast message
2026-01-21 00:54:01.572 RedLemon[50656:423356]    Payload keys: isPlaying, type, position, senderId, timestamp
2026-01-21 00:54:01.572 RedLemon[50656:423358]    Payload keys: isPlaying, type, position, senderId, timestamp
2026-01-21 00:54:01.574 RedLemon[50656:423356] ✅ Realtime: Decoded message type: playbackState, sender: 656DAA91-33B4-4688-9135-C982EA52D7C9
2026-01-21 00:54:01.574 RedLemon[50656:423358] ✅ Realtime: Decoded message type: playbackState, sender: 656DAA91-33B4-4688-9135-C982EA52D7C9
2026-01-21 00:54:01.608 RedLemon[50656:420334] ⚠️ Received Realtime message with no chat text (Type: playbackState)
2026-01-21 00:54:03.445 RedLemon[50656:423358] 📤 Realtime: Sending message type: playbackState, sender: 656DAA91-33B4-4688-9135-C982EA52D7C9
2026-01-21 00:54:03.445 RedLemon[50656:423358]    Payload keys: type, senderId, timestamp, position, isPlaying
2026-01-21 00:54:03.447 RedLemon[50656:423515] ✅ Realtime: Message broadcast complete
2026-01-21 00:54:03.570 RedLemon[50656:423358] 📨 Realtime: Received broadcast message
2026-01-21 00:54:03.570 RedLemon[50656:423515] 📨 Realtime: Received broadcast message
2026-01-21 00:54:03.570 RedLemon[50656:423358]    Payload keys: position, type, timestamp, senderId, isPlaying
2026-01-21 00:54:03.570 RedLemon[50656:423515]    Payload keys: position, type, timestamp, senderId, isPlaying
2026-01-21 00:54:03.571 RedLemon[50656:423358] ✅ Realtime: Decoded message type: playbackState, sender: 656DAA91-33B4-4688-9135-C982EA52D7C9
2026-01-21 00:54:03.571 RedLemon[50656:423515] ✅ Realtime: Decoded message type: playbackState, sender: 656DAA91-33B4-4688-9135-C982EA52D7C9
2026-01-21 00:54:03.613 RedLemon[50656:420334] ⚠️ Received Realtime message with no chat text (Type: playbackState)
2026-01-21 00:54:05.418 RedLemon[50656:423358] 📤 Realtime: Sending message type: playbackState, sender: 656DAA91-33B4-4688-9135-C982EA52D7C9
2026-01-21 00:54:05.419 RedLemon[50656:423358]    Payload keys: senderId, isPlaying, type, position, timestamp
2026-01-21 00:54:05.420 RedLemon[50656:423515] ✅ Realtime: Message broadcast complete
2026-01-21 00:54:05.540 RedLemon[50656:423358] 📨 Realtime: Received broadcast message
2026-01-21 00:54:05.540 RedLemon[50656:423516] 📨 Realtime: Received broadcast message
2026-01-21 00:54:05.540 RedLemon[50656:423358]    Payload keys: timestamp, isPlaying, senderId, type, position
2026-01-21 00:54:05.540 RedLemon[50656:423516]    Payload keys: timestamp, isPlaying, senderId, type, position
2026-01-21 00:54:05.541 RedLemon[50656:423358] ✅ Realtime: Decoded message type: playbackState, sender: 656DAA91-33B4-4688-9135-C982EA52D7C9
2026-01-21 00:54:05.541 RedLemon[50656:423516] ✅ Realtime: Decoded message type: playbackState, sender: 656DAA91-33B4-4688-9135-C982EA52D7C9
2026-01-21 00:54:05.573 RedLemon[50656:420334] ⚠️ Received Realtime message with no chat text (Type: playbackState)
2026-01-21 00:54:07.448 RedLemon[50656:423516] 📤 Realtime: Sending message type: playbackState, sender: 656DAA91-33B4-4688-9135-C982EA52D7C9
2026-01-21 00:54:07.449 RedLemon[50656:423516]    Payload keys: isPlaying, type, position, senderId, timestamp
2026-01-21 00:54:07.450 RedLemon[50656:423356] ✅ Realtime: Message broadcast complete
2026-01-21 00:54:07.571 RedLemon[50656:423515] 📨 Realtime: Received broadcast message
2026-01-21 00:54:07.571 RedLemon[50656:423080] 📨 Realtime: Received broadcast message
2026-01-21 00:54:07.571 RedLemon[50656:423515]    Payload keys: isPlaying, type, position, timestamp, senderId
2026-01-21 00:54:07.572 RedLemon[50656:423080]    Payload keys: isPlaying, type, position, timestamp, senderId
2026-01-21 00:54:07.572 RedLemon[50656:423080] ✅ Realtime: Decoded message type: playbackState, sender: 656DAA91-33B4-4688-9135-C982EA52D7C9
2026-01-21 00:54:07.573 RedLemon[50656:423515] ✅ Realtime: Decoded message type: playbackState, sender: 656DAA91-33B4-4688-9135-C982EA52D7C9
2026-01-21 00:54:07.574 RedLemon[50656:420334] ⚠️ Received Realtime message with no chat text (Type: playbackState)
2026-01-21 00:54:09.502 RedLemon[50656:423516] 📤 Realtime: Sending message type: playbackState, sender: 656DAA91-33B4-4688-9135-C982EA52D7C9
2026-01-21 00:54:09.502 RedLemon[50656:423516]    Payload keys: isPlaying, timestamp, position, type, senderId
2026-01-21 00:54:09.503 RedLemon[50656:423356] ✅ Realtime: Message broadcast complete
2026-01-21 00:54:09.626 RedLemon[50656:423356] 📨 Realtime: Received broadcast message
2026-01-21 00:54:09.626 RedLemon[50656:423516] 📨 Realtime: Received broadcast message
2026-01-21 00:54:09.626 RedLemon[50656:423356]    Payload keys: position, timestamp, type, isPlaying, senderId
2026-01-21 00:54:09.626 RedLemon[50656:423516]    Payload keys: position, timestamp, type, isPlaying, senderId
2026-01-21 00:54:09.627 RedLemon[50656:423356] ✅ Realtime: Decoded message type: playbackState, sender: 656DAA91-33B4-4688-9135-C982EA52D7C9
2026-01-21 00:54:09.627 RedLemon[50656:423516] ✅ Realtime: Decoded message type: playbackState, sender: 656DAA91-33B4-4688-9135-C982EA52D7C9
2026-01-21 00:54:09.676 RedLemon[50656:420334] ⚠️ Received Realtime message with no chat text (Type: playbackState)
2026-01-21 00:54:11.453 RedLemon[50656:423080] 📤 Realtime: Sending message type: playbackState, sender: 656DAA91-33B4-4688-9135-C982EA52D7C9
2026-01-21 00:54:11.453 RedLemon[50656:423080]    Payload keys: isPlaying, type, senderId, position, timestamp
2026-01-21 00:54:11.457 RedLemon[50656:423356] ✅ Realtime: Message broadcast complete
2026-01-21 00:54:11.576 RedLemon[50656:423356] 📨 Realtime: Received broadcast message
2026-01-21 00:54:11.576 RedLemon[50656:423356]    Payload keys: position, timestamp, senderId, type, isPlaying
2026-01-21 00:54:11.576 RedLemon[50656:423358] 📨 Realtime: Received broadcast message
2026-01-21 00:54:11.576 RedLemon[50656:423358]    Payload keys: position, timestamp, senderId, type, isPlaying
2026-01-21 00:54:11.577 RedLemon[50656:423356] ✅ Realtime: Decoded message type: playbackState, sender: 656DAA91-33B4-4688-9135-C982EA52D7C9
2026-01-21 00:54:11.577 RedLemon[50656:423358] ✅ Realtime: Decoded message type: playbackState, sender: 656DAA91-33B4-4688-9135-C982EA52D7C9
2026-01-21 00:54:11.594 RedLemon[50656:420334] ⚠️ Received Realtime message with no chat text (Type: playbackState)
📄 Subtitle request: L3N1YnRpdGxlLzMzNzEy... (offset: 0ms)
📥 Downloading subtitle from SubDL CDN: /subtitle/3371243-2859560.zip
✅ Download complete: 22583 bytes
📦 Detected ZIP archive, extracting...
🔍 Calculating compatibility scores for 1 files...
⚠️ No strong compatibility match (Best: 0 for The Black Phone.srt)
⚠️ No specific match found, using first file: The Black Phone.srt
📦 Extracting specific file: The Black Phone.srt
✅ Extraction successful
✅ Subtitle downloaded and converted to VTT
⏰ AppState: Next schedule update set for Event End: 2026-01-21 06:56:20 +0000
⏰ AppState: Scheduling update in 3787 seconds
🔄 Lobby: Fetching fresh room state from Supabase...
📉 SocialService: User 96e01cdb-36c0-4228-a6e4-a29a3c66bc8e went offline (No active refs)
📈 SocialService: User 96e01cdb-36c0-4228-a6e4-a29a3c66bc8e came online
✅ Lobby: Synced CLEAN stream info, metadata & playlist to AppState
🔄 Lobby: Fetching fresh room state from Supabase...
✅ Lobby: Synced CLEAN stream info, metadata & playlist to AppState
⏰ AppState: Next schedule update set for Event End: 2026-01-21 06:56:20 +0000
⏰ AppState: Scheduling update in 3777 seconds
🔄 Lobby: Fetching fresh room state from Supabase...
✅ Lobby: Synced CLEAN stream info, metadata & playlist to AppState
📡 [EventsConfig] Checking server for movie_events config version...
✅ [EventsConfig] Fetched movie_events version 1562 with 405 movies
✅ [EventsConfig] Using cached movie_events config (version 1562, 405 movies)
⏰ AppState: Next schedule update set for Event End: 2026-01-21 06:56:20 +0000
⏰ AppState: Scheduling update in 3767 seconds
🔄 Lobby: Fetching fresh room state from Supabase...
✅ Lobby: Synced CLEAN stream info, metadata & playlist to AppState
🔄 Lobby: Fetching fresh room state from Supabase...
✅ Lobby: Synced CLEAN stream info, metadata & playlist to AppState
⏰ AppState: Next schedule update set for Event End: 2026-01-21 06:56:20 +0000
⏰ AppState: Scheduling update in 3757 seconds
🔄 Lobby: Fetching fresh room state from Supabase...
✅ Lobby: Synced CLEAN stream info, metadata & playlist to AppState
🔄 Lobby: Fetching fresh room state from Supabase...
✅ Lobby: Synced CLEAN stream info, metadata & playlist to AppState
⏰ AppState: Next schedule update set for Event End: 2026-01-21 06:56:20 +0000
⏰ AppState: Scheduling update in 3747 seconds
🔄 Lobby: Fetching fresh room state from Supabase...
✅ Lobby: Synced CLEAN stream info, metadata & playlist to AppState
⏰ AppState: Next schedule update set for Event End: 2026-01-21 06:56:20 +0000
⏰ AppState: Scheduling update in 3737 seconds
📉 SocialService: User 96e01cdb-36c0-4228-a6e4-a29a3c66bc8e went offline (No active refs)
