2025-12-18 11:11:17.189 RedLemon[3216:26410] 🪟 Set initial window to expanded size: (0.0, 150.0, 1366.0, 593.0)
2025-12-18 11:11:17.189 RedLemon[3216:26410] ✅ Cache cleanup timer started (runs every 30 minutes)
2025-12-18 11:11:17.274 RedLemon[3216:26485] 🔍 KeychainManager: Retrieved username 'ursinho' from UserDefaults
2025-12-18 11:11:17.274 RedLemon[3216:26410] 🔄 Resetting playback state to prevent auto-selection...
2025-12-18 11:11:17.309 RedLemon[3216:26410] ✅ Playback state reset complete - starting in browse view
2025-12-18 11:11:17.309 RedLemon[3216:26410] 🔐 APP STARTUP: Loading stored user credentials...
2025-12-18 11:11:17.309 RedLemon[3216:26410] 🧪 Testing Profile: debug
2025-12-18 11:11:17.309 RedLemon[3216:26485] 🔍 KeychainManager: Retrieved username 'ursinho' from UserDefaults
2025-12-18 11:11:17.309 RedLemon[3216:26410] ✅ Keychain: Found stored username: ursinho
2025-12-18 11:11:17.309 RedLemon[3216:26410] 🔍 Supabase: Looking up user 'ursinho' in database...
2025-12-18 11:11:17.310 RedLemon[3216:26485] 🔍 SupabaseClient: Looking up user by username 'ursinho'
2025-12-18 11:11:17.421 RedLemon[3216:26485] 📡 SupabaseClient: User lookup response received (343 bytes)
2025-12-18 11:11:17.437 RedLemon[3216:26485] ✅ SupabaseClient: Decoded 1 users from response
2025-12-18 11:11:17.437 RedLemon[3216:26485] 👤 SupabaseClient: Found user - ursinho (ID: 656DAA91-33B4-4688-9135-C982EA52D7C9)
2025-12-18 11:11:17.472 RedLemon[3216:26410] ✅ AUTH SUCCESS: User authenticated - ursinho (ID: 656DAA91-33B4-4688-9135-C982EA52D7C9)
2025-12-18 11:11:17.472 RedLemon[3216:26410] 🎯 AppState: currentUsername=ursinho, currentUserId=656DAA91-33B4-4688-9135-C982EA52D7C9
2025-12-18 11:11:17.472 RedLemon[3216:26410] 🏁 AUTH COMPLETE: Final state - username=ursinho, userId=656DAA91-33B4-4688-9135-C982EA52D7C9
2025-12-18 11:11:17.472 RedLemon[3216:26410] 🚀 RedLemon: Starting HTTP server...
2025-12-18 11:11:17.473 RedLemon[3216:26410] 📋 RedLemon: Current directory: /Users/danielnoble/Desktop/Redlemon
2025-12-18 11:11:17.493 RedLemon[3216:26410] ✅ RedLemon: HTTPServer instance created
2025-12-18 11:11:17.494 RedLemon[3216:26410] ✅ Loaded user: ursinho (ID: 656DAA91-33B4-4688-9135-C982EA52D7C9)
2025-12-18 11:11:17.494 RedLemon[3216:26485] 📡 RedLemon: Server starting on port 47253...
⏲️ [EventsConfig] Starting polling fallback (every 60s)
🔌 Connecting to Supabase Realtime: wss://nhvsojszwfvcinkyvzmf.supabase.co/realtime/v1/websocket
✅ Connected to Supabase Realtime
✅ Sparkle configured (manual only, no auto-checks)
   Appcast URL: https://raw.githubusercontent.com/orangeapple1272/Redlemon/main/appcast.xml
   Can check: false
📅 EventsView appeared
📡 Joined channel: realtime:events_config_updates
✅ [EventsConfig] Subscribed to realtime schedule updates
🎬 [EventsView] Fetching movie events from centralized config...
📡 [EventsConfig] Checking server for movie_events config version...
🔍 Silent update check (custom implementation)...
🔍 Memory pressure monitoring enabled (safe mode)
📂 Loaded 3 credential(s) from cache
📨 Received: {"ref":"855772E8-4A6D-4C0B-B1F8-95B1A652284B","event":"phx_reply","payload":{"status":"ok","response":{"postgres_changes":[{"id":53636278,"event":"INSERT","filter":"config_type=eq.movie_events","schema":"public","table":"events_config"}]}},"topic":"realtime:events_config_updates"}
🖥️ CacheManager initialized with fixed conservative limits
   Image cache limit: 30 items
📨 Received: {"ref":null,"event":"system","payload":{"message":"Subscribed to PostgreSQL","status":"ok","extension":"postgres_changes","channel":"events_config_updates"},"topic":"realtime:events_config_updates"}
📨 Received: {"ref":null,"event":"presence_state","payload":{},"topic":"realtime:events_config_updates"}
✅ Token routes registered:
   POST /tokens/save
   POST /tokens/delete
   GET  /tokens/list
✅ Unlock routes registered:
   POST /api/streams/unlock
✅ Stream routes registered:
   POST /api/streams/resolve
   GET  /api/streams/resolveByQuality
   GET  /api/streams/resolveAll
✅ Proxy routes registered:
   GET /play/rd/:infoHash/:fileIdx
   GET /play/rd/:infoHash
✅ Subtitle routes registered:
   GET /subtitles/search?imdbId=&type=
   GET /subtitles/subdl/:encodedPath
✅ All routes registered
✅ HTTP Server configured on http://127.0.0.1:47253
🚀 Starting HTTP server...
✅ Providers initialized: torrentio, comet, zilean, mediafusion
[ NOTICE ] Server started on http://127.0.0.1:47253
2025-12-18 11:11:19.508 RedLemon[3216:26410] ✅ RedLemon: Server marked as ready
2025-12-18 11:11:19.542 RedLemon[3216:26410] ✅ RedLemon: Server should be running on http://127.0.0.1:47253
2025-12-18 11:11:19.543 RedLemon[3216:26410] 🔍 Performing startup checks...
2025-12-18 11:11:19.543 RedLemon[3216:26410] ✅ Username-based authentication ready
2025-12-18 11:11:19.543 RedLemon[3216:26410] 🔍 Performing startup checks...
2025-12-18 11:11:19.543 RedLemon[3216:26410] ✅ Username-based authentication ready
2025-12-18 11:11:19.543 RedLemon[3216:26410] 🔄 Checking for app updates...
=== AttributeGraph: cycle detected through attribute 338552 ===
✅ HTTP server running on http://127.0.0.1:47253

🔗 Available endpoints:
   http://127.0.0.1:47253/health
   http://127.0.0.1:47253/status
   http://127.0.0.1:47253/api/health

✅ [EventsConfig] Fetched movie_events version 1356 with 448 movies
✅ [EventsConfig] Using cached movie_events config (version 1356, 448 movies)
✅ [EventsView] Loaded 448 movies from config version 1356
🗓 AppState: Updated schedule epoch to 2025-12-09 22:44:42 +0000
⏰ AppState: Next schedule update set for Event End: 2025-12-18 17:40:42 +0000
⏰ AppState: Scheduling update in 5365 seconds
🔌 SocialService: Connecting to global presence...
🔍 Supabase Response for /rooms: [{"id":"event_tt0126029","name":"Shrek","host_user_id":"656daa91-33b4-4688-9135-c982ea52d7c9","host_username":"RedLemon Events","stream_hash":"8ee16e63bcc4fa9688c924e3607b60771a672ca9","imdb_id":"tt0126029","poster_url":"https://images.metahub.space/poster/small/tt0126029/img","backdrop_url":"https://images.metahub.space/background/medium/tt0126029/img","playback_position":0,"is_playing":false,"participants_count":2,"max_participants":50,"is_public":true,"created_at":"2025-12-18T15:53:41.227162","last_activity":"2025-12-18T16:10:39.142023","season":null,"episode":null,"selected_quality":null,"selected_file_idx":null,"unlocked_stream_url":"https://chi9-4.download.real-debrid.com/d/UO3TCCC2I6MRA43/Shrek.2001.720p.BluRay.H264.AAC-RARBG.mp4","description":null,"current_playlist_index":0,"playlist":[],"subtitle_url":"http://127.0.0.1:47253/subtitles/subdl/L3N1YnRpdGxlLzM0MjQ5MTEtODM0ODUwMy56aXA=?token=8E4D115B-B6A7-493E-B866-45E722543045"}]
🔌 Connecting to Supabase Realtime: wss://nhvsojszwfvcinkyvzmf.supabase.co/realtime/v1/websocket
✅ Connected to Supabase Realtime
✅ SocialService: Presence connected
🔍 Supabase Response for /rooms: []
🔍 Supabase Response for /rooms: []
📡 Joined channel: realtime:global-presence
✅ SocialService: Connected to global presence
🔌 SocialService: Connecting to DM channel...
🔍 Supabase Response for /rooms: []
📨 Received: {"ref":"26622238-DA0F-4DD6-B1B9-F44F18B5E6A5","event":"phx_reply","payload":{"status":"ok","response":{"postgres_changes":[]}},"topic":"realtime:global-presence"}
📨 Received: {"ref":null,"event":"presence_state","payload":{"f68d2368-dc2b-11f0-a84c-0a58a9feac02":{"metas":[{"phx_ref":"GIJbL2LiFd9B-oDO","phx_ref_prev":"GIJbKrK_o-pB-tUO","last_seen":"2025-12-18T16:11:02.682Z","room_id":"event_tt0126029","started_at":"2025-12-18T16:10:39.981Z","status":"online","user_id":"96e01cdb-36c0-4228-a6e4-a29a3c66bc8e","username":"lemontom","watching_id":"tt0126029","watching_title":"Shrek","watching_type":"movie"}]}},"topic":"realtime:global-presence"}
📨 Received: {"ref":"1","event":"phx_reply","payload":{"status":"ok","response":{}},"topic":"realtime:global-presence"}
📨 Received: {"ref":null,"event":"presence_diff","payload":{"joins":{"2f6fbdbc-dc2c-11f0-934a-0a58a9feac02":{"metas":[{"phx_ref":"GIJbMuktht1cJYcQ","last_seen":"2025-12-18T16:11:17.964Z","status":"online","user_id":"656DAA91-33B4-4688-9135-C982EA52D7C9","username":"ursinho"}]}},"leaves":{}},"topic":"realtime:global-presence"}
📈 SocialService: User 96e01cdb-36c0-4228-a6e4-a29a3c66bc8e came online
📈 SocialService: User 656daa91-33b4-4688-9135-c982ea52d7c9 came online
🔌 Connecting to Supabase Realtime: wss://nhvsojszwfvcinkyvzmf.supabase.co/realtime/v1/websocket
✅ Connected to Supabase Realtime
✅ SocialService: DM channel connected
📡 Joined channel: realtime:direct_messages
✅ SocialService: Connected to DM channel
📨 Received: {"ref":"5463A933-B073-43B7-AC1C-B2540FD0B389","event":"phx_reply","payload":{"status":"ok","response":{"postgres_changes":[{"id":102443684,"event":"INSERT","filter":"receiver_id=eq.656DAA91-33B4-4688-9135-C982EA52D7C9","schema":"public","table":"direct_messages"},{"id":49850706,"event":"INSERT","filter":"sender_id=eq.656DAA91-33B4-4688-9135-C982EA52D7C9","schema":"public","table":"direct_messages"}]}},"topic":"realtime:direct_messages"}
📨 Received: {"ref":null,"event":"system","payload":{"message":"Subscribed to PostgreSQL","status":"ok","extension":"postgres_changes","channel":"direct_messages"},"topic":"realtime:direct_messages"}
📨 Received: {"ref":null,"event":"presence_state","payload":{},"topic":"realtime:direct_messages"}
📬 SocialService: Fetched 0 unread messages
🔄 SocialService: Syncing 50 items to cloud...
🔄 SocialService: Syncing 50 items to cloud (serial)...
🔍 Manual update check requested...
⏰ TimeService: Synchronizing clock with server...
✅ TimeService: Synced! Offset: 0.119s (RTT: 66ms)
   Local:  2025-12-18 16:11:19 +0000
   Server: 2025-12-18 16:11:19 +0000
⏰ Time synced with server! AppState should automatically recalculate.
📨 Received: {"ref":null,"event":"presence_diff","payload":{"joins":{"f68d2368-dc2b-11f0-a84c-0a58a9feac02":{"metas":[{"phx_ref":"GIJbNAW60I5B-ihO","phx_ref_prev":"GIJbL2LiFd9B-oDO","last_seen":"2025-12-18T16:11:22.703Z","room_id":"event_tt0126029","started_at":"2025-12-18T16:10:39.981Z","status":"online","user_id":"96e01cdb-36c0-4228-a6e4-a29a3c66bc8e","username":"lemontom","watching_id":"tt0126029","watching_title":"Shrek","watching_type":"movie"}]}},"leaves":{"f68d2368-dc2b-11f0-a84c-0a58a9feac02":{"metas":[{"phx_ref":"GIJbL2LiFd9B-oDO","phx_ref_prev":"GIJbKrK_o-pB-tUO","last_seen":"2025-12-18T16:11:02.682Z","room_id":"event_tt0126029","started_at":"2025-12-18T16:10:39.981Z","status":"online","user_id":"96e01cdb-36c0-4228-a6e4-a29a3c66bc8e","username":"lemontom","watching_id":"tt0126029","watching_title":"Shrek","watching_type":"movie"}]}}},"topic":"realtime:global-presence"}
📨 Received: {"ref":null,"event":"postgres_changes","payload":{"data":{"table":"direct_messages","type":"INSERT","record":{"id": "f86d35fb-ea4a-4805-87d7-e6ae48a2d010", "content": "INVITE|event_tt0126029|Shrek", "is_read": false, "sender_id": "96e01cdb-36c0-4228-a6e4-a29a3c66bc8e", "created_at": "2025-12-18T16:11:25.900823+00:00", "receiver_id": "656daa91-33b4-4688-9135-c982ea52d7c9"},"columns":[{"name": "id", "type": "uuid"}, {"name": "sender_id", "type": "uuid"}, {"name": "receiver_id", "type": "uuid"}, {"name": "content", "type": "text"}, {"name": "is_read", "type": "bool"}, {"name": "created_at", "type": "timestamptz"}],"errors":null,"schema":"public","commit_timestamp":"2025-12-18T16:11:25.912Z"},"ids":[102443684]},"topic":"realtime:direct_messages"}
📨 SocialService: New message from/to 96e01cdb-36c0-4228-a6e4-a29a3c66bc8e
📨 Received: {"ref":null,"event":"postgres_changes","payload":{"data":{"table":"direct_messages","type":"UPDATE","record":{"id": "f86d35fb-ea4a-4805-87d7-e6ae48a2d010", "content": "INVITE|event_tt0126029|Shrek", "is_read": true, "sender_id": "96e01cdb-36c0-4228-a6e4-a29a3c66bc8e", "created_at": "2025-12-18T16:11:25.900823+00:00", "receiver_id": "656daa91-33b4-4688-9135-c982ea52d7c9"},"columns":[{"name": "id", "type": "uuid"}, {"name": "sender_id", "type": "uuid"}, {"name": "receiver_id", "type": "uuid"}, {"name": "content", "type": "text"}, {"name": "is_read", "type": "bool"}, {"name": "created_at", "type": "timestamptz"}],"errors":null,"schema":"public","commit_timestamp":"2025-12-18T16:11:31.059Z","old_record":{"id": "f86d35fb-ea4a-4805-87d7-e6ae48a2d010"}},"ids":[102443684]},"topic":"realtime:direct_messages"}
📨 Received: {"ref":null,"event":"postgres_changes","payload":{"data":{"table":"direct_messages","type":"UPDATE","record":{"id": "fd2676c6-53b2-422f-8368-58090a365db0", "content": "hey", "is_read": true, "sender_id": "96e01cdb-36c0-4228-a6e4-a29a3c66bc8e", "created_at": "2025-12-15T19:22:33.056628+00:00", "receiver_id": "656daa91-33b4-4688-9135-c982ea52d7c9"},"columns":[{"name": "id", "type": "uuid"}, {"name": "sender_id", "type": "uuid"}, {"name": "receiver_id", "type": "uuid"}, {"name": "content", "type": "text"}, {"name": "is_read", "type": "bool"}, {"name": "created_at", "type": "timestamptz"}],"errors":null,"schema":"public","commit_timestamp":"2025-12-18T16:11:31.059Z","old_record":{"id": "fd2676c6-53b2-422f-8368-58090a365db0"}},"ids":[102443684]},"topic":"realtime:direct_messages"}
📨 Received: {"ref":null,"event":"postgres_changes","payload":{"data":{"table":"direct_messages","type":"UPDATE","record":{"id": "7286b740-00b0-491d-8e3b-bbab0b8a58fc", "content": "hi", "is_read": true, "sender_id": "96e01cdb-36c0-4228-a6e4-a29a3c66bc8e", "created_at": "2025-12-14T16:41:42.307467+00:00", "receiver_id": "656daa91-33b4-4688-9135-c982ea52d7c9"},"columns":[{"name": "id", "type": "uuid"}, {"name": "sender_id", "type": "uuid"}, {"name": "receiver_id", "type": "uuid"}, {"name": "content", "type": "text"}, {"name": "is_read", "type": "bool"}, {"name": "created_at", "type": "timestamptz"}],"errors":null,"schema":"public","commit_timestamp":"2025-12-18T16:11:31.059Z","old_record":{"id": "7286b740-00b0-491d-8e3b-bbab0b8a58fc"}},"ids":[102443684]},"topic":"realtime:direct_messages"}
📨 Received: {"ref":null,"event":"postgres_changes","payload":{"data":{"table":"direct_messages","type":"UPDATE","record":{"id": "ac0fbd2d-e53a-4edf-a455-49dcbbe3fed1", "content": "very cool", "is_read": true, "sender_id": "96e01cdb-36c0-4228-a6e4-a29a3c66bc8e", "created_at": "2025-12-14T00:52:26.975931+00:00", "receiver_id": "656daa91-33b4-4688-9135-c982ea52d7c9"},"columns":[{"name": "id", "type": "uuid"}, {"name": "sender_id", "type": "uuid"}, {"name": "receiver_id", "type": "uuid"}, {"name": "content", "type": "text"}, {"name": "is_read", "type": "bool"}, {"name": "created_at", "type": "timestamptz"}],"errors":null,"schema":"public","commit_timestamp":"2025-12-18T16:11:31.059Z","old_record":{"id": "ac0fbd2d-e53a-4edf-a455-49dcbbe3fed1"}},"ids":[102443684]},"topic":"realtime:direct_messages"}
📨 Received: {"ref":null,"event":"postgres_changes","payload":{"data":{"table":"direct_messages","type":"UPDATE","record":{"id": "281e170e-21e5-4ecd-b5af-a161c826958e", "content": "wake up", "is_read": true, "sender_id": "96e01cdb-36c0-4228-a6e4-a29a3c66bc8e", "created_at": "2025-12-14T00:08:11.482101+00:00", "receiver_id": "656daa91-33b4-4688-9135-c982ea52d7c9"},"columns":[{"name": "id", "type": "uuid"}, {"name": "sender_id", "type": "uuid"}, {"name": "receiver_id", "type": "uuid"}, {"name": "content", "type": "text"}, {"name": "is_read", "type": "bool"}, {"name": "created_at", "type": "timestamptz"}],"errors":null,"schema":"public","commit_timestamp":"2025-12-18T16:11:31.059Z","old_record":{"id": "281e170e-21e5-4ecd-b5af-a161c826958e"}},"ids":[102443684]},"topic":"realtime:direct_messages"}
📨 Received: {"ref":null,"event":"postgres_changes","payload":{"data":{"table":"direct_messages","type":"UPDATE","record":{"id": "c62169aa-bf5d-4c4d-b085-e2db9d898847", "content": "hey", "is_read": true, "sender_id": "96e01cdb-36c0-4228-a6e4-a29a3c66bc8e", "created_at": "2025-12-16T18:21:31.0686+00:00", "receiver_id": "656daa91-33b4-4688-9135-c982ea52d7c9"},"columns":[{"name": "id", "type": "uuid"}, {"name": "sender_id", "type": "uuid"}, {"name": "receiver_id", "type": "uuid"}, {"name": "content", "type": "text"}, {"name": "is_read", "type": "bool"}, {"name": "created_at", "type": "timestamptz"}],"errors":null,"schema":"public","commit_timestamp":"2025-12-18T16:11:31.059Z","old_record":{"id": "c62169aa-bf5d-4c4d-b085-e2db9d898847"}},"ids":[102443684]},"topic":"realtime:direct_messages"}
📨 Received: {"ref":null,"event":"postgres_changes","payload":{"data":{"table":"direct_messages","type":"UPDATE","record":{"id": "060d0f4c-953d-44e5-b064-7a8b697ccb1b", "content": "hey", "is_read": true, "sender_id": "96e01cdb-36c0-4228-a6e4-a29a3c66bc8e", "created_at": "2025-12-13T21:47:31.38973+00:00", "receiver_id": "656daa91-33b4-4688-9135-c982ea52d7c9"},"columns":[{"name": "id", "type": "uuid"}, {"name": "sender_id", "type": "uuid"}, {"name": "receiver_id", "type": "uuid"}, {"name": "content", "type": "text"}, {"name": "is_read", "type": "bool"}, {"name": "created_at", "type": "timestamptz"}],"errors":null,"schema":"public","commit_timestamp":"2025-12-18T16:11:31.059Z","old_record":{"id": "060d0f4c-953d-44e5-b064-7a8b697ccb1b"}},"ids":[102443684]},"topic":"realtime:direct_messages"}
📨 Received: {"ref":null,"event":"postgres_changes","payload":{"data":{"table":"direct_messages","type":"UPDATE","record":{"id": "5d23122d-7ca9-4527-afc1-923c6357abda", "content": "😍😍😍", "is_read": true, "sender_id": "96e01cdb-36c0-4228-a6e4-a29a3c66bc8e", "created_at": "2025-12-13T21:18:40.893927+00:00", "receiver_id": "656daa91-33b4-4688-9135-c982ea52d7c9"},"columns":[{"name": "id", "type": "uuid"}, {"name": "sender_id", "type": "uuid"}, {"name": "receiver_id", "type": "uuid"}, {"name": "content", "type": "text"}, {"name": "is_read", "type": "bool"}, {"name": "created_at", "type": "timestamptz"}],"errors":null,"schema":"public","commit_timestamp":"2025-12-18T16:11:31.059Z","old_record":{"id": "5d23122d-7ca9-4527-afc1-923c6357abda"}},"ids":[102443684]},"topic":"realtime:direct_messages"}
📨 Received: {"ref":null,"event":"postgres_changes","payload":{"data":{"table":"direct_messages","type":"UPDATE","record":{"id": "7ac1d5f7-87a0-4c68-82fd-6319762dc3d1", "content": "hi", "is_read": true, "sender_id": "96e01cdb-36c0-4228-a6e4-a29a3c66bc8e", "created_at": "2025-12-13T20:31:24.236478+00:00", "receiver_id": "656daa91-33b4-4688-9135-c982ea52d7c9"},"columns":[{"name": "id", "type": "uuid"}, {"name": "sender_id", "type": "uuid"}, {"name": "receiver_id", "type": "uuid"}, {"name": "content", "type": "text"}, {"name": "is_read", "type": "bool"}, {"name": "created_at", "type": "timestamptz"}],"errors":null,"schema":"public","commit_timestamp":"2025-12-18T16:11:31.059Z","old_record":{"id": "7ac1d5f7-87a0-4c68-82fd-6319762dc3d1"}},"ids":[102443684]},"topic":"realtime:direct_messages"}
📨 Received: {"ref":null,"event":"postgres_changes","payload":{"data":{"table":"direct_messages","type":"UPDATE","record":{"id": "ca945b45-f6b5-4c94-ac03-b42e28c48844", "content": "hi", "is_read": true, "sender_id": "96e01cdb-36c0-4228-a6e4-a29a3c66bc8e", "created_at": "2025-12-13T20:11:25.433538+00:00", "receiver_id": "656daa91-33b4-4688-9135-c982ea52d7c9"},"columns":[{"name": "id", "type": "uuid"}, {"name": "sender_id", "type": "uuid"}, {"name": "receiver_id", "type": "uuid"}, {"name": "content", "type": "text"}, {"name": "is_read", "type": "bool"}, {"name": "created_at", "type": "timestamptz"}],"errors":null,"schema":"public","commit_timestamp":"2025-12-18T16:11:31.059Z","old_record":{"id": "ca945b45-f6b5-4c94-ac03-b42e28c48844"}},"ids":[102443684]},"topic":"realtime:direct_messages"}
📨 Received: {"ref":null,"event":"postgres_changes","payload":{"data":{"table":"direct_messages","type":"UPDATE","record":{"id": "e5180839-f63e-487a-a594-14ea9a4ebddb", "content": "hi", "is_read": true, "sender_id": "96e01cdb-36c0-4228-a6e4-a29a3c66bc8e", "created_at": "2025-12-13T18:08:20.447905+00:00", "receiver_id": "656daa91-33b4-4688-9135-c982ea52d7c9"},"columns":[{"name": "id", "type": "uuid"}, {"name": "sender_id", "type": "uuid"}, {"name": "receiver_id", "type": "uuid"}, {"name": "content", "type": "text"}, {"name": "is_read", "type": "bool"}, {"name": "created_at", "type": "timestamptz"}],"errors":null,"schema":"public","commit_timestamp":"2025-12-18T16:11:31.059Z","old_record":{"id": "e5180839-f63e-487a-a594-14ea9a4ebddb"}},"ids":[102443684]},"topic":"realtime:direct_messages"}
📨 Received: {"ref":null,"event":"postgres_changes","payload":{"data":{"table":"direct_messages","type":"UPDATE","record":{"id": "45bc6cd6-64ec-41a0-82ed-03bbe933376e", "content": "hello", "is_read": true, "sender_id": "96e01cdb-36c0-4228-a6e4-a29a3c66bc8e", "created_at": "2025-12-16T19:05:53.429135+00:00", "receiver_id": "656daa91-33b4-4688-9135-c982ea52d7c9"},"columns":[{"name": "id", "type": "uuid"}, {"name": "sender_id", "type": "uuid"}, {"name": "receiver_id", "type": "uuid"}, {"name": "content", "type": "text"}, {"name": "is_read", "type": "bool"}, {"name": "created_at", "type": "timestamptz"}],"errors":null,"schema":"public","commit_timestamp":"2025-12-18T16:11:31.059Z","old_record":{"id": "45bc6cd6-64ec-41a0-82ed-03bbe933376e"}},"ids":[102443684]},"topic":"realtime:direct_messages"}
📨 Received: {"ref":null,"event":"postgres_changes","payload":{"data":{"table":"direct_messages","type":"UPDATE","record":{"id": "05d595d9-3379-47d4-8663-73129e8efed5", "content": "🎉🎉🎉🎉", "is_read": true, "sender_id": "96e01cdb-36c0-4228-a6e4-a29a3c66bc8e", "created_at": "2025-12-13T04:13:21.820293+00:00", "receiver_id": "656daa91-33b4-4688-9135-c982ea52d7c9"},"columns":[{"name": "id", "type": "uuid"}, {"name": "sender_id", "type": "uuid"}, {"name": "receiver_id", "type": "uuid"}, {"name": "content", "type": "text"}, {"name": "is_read", "type": "bool"}, {"name": "created_at", "type": "timestamptz"}],"errors":null,"schema":"public","commit_timestamp":"2025-12-18T16:11:31.059Z","old_record":{"id": "05d595d9-3379-47d4-8663-73129e8efed5"}},"ids":[102443684]},"topic":"realtime:direct_messages"}
📨 Received: {"ref":null,"event":"postgres_changes","payload":{"data":{"table":"direct_messages","type":"UPDATE","record":{"id": "c99d200f-9633-4070-892e-a854bd0dfe43", "content": "🔥🔥", "is_read": true, "sender_id": "96e01cdb-36c0-4228-a6e4-a29a3c66bc8e", "created_at": "2025-12-13T01:19:19.897417+00:00", "receiver_id": "656daa91-33b4-4688-9135-c982ea52d7c9"},"columns":[{"name": "id", "type": "uuid"}, {"name": "sender_id", "type": "uuid"}, {"name": "receiver_id", "type": "uuid"}, {"name": "content", "type": "text"}, {"name": "is_read", "type": "bool"}, {"name": "created_at", "type": "timestamptz"}],"errors":null,"schema":"public","commit_timestamp":"2025-12-18T16:11:31.059Z","old_record":{"id": "c99d200f-9633-4070-892e-a854bd0dfe43"}},"ids":[102443684]},"topic":"realtime:direct_messages"}
📨 Received: {"ref":null,"event":"postgres_changes","payload":{"data":{"table":"direct_messages","type":"UPDATE","record":{"id": "47a5cd9d-f6bc-41ca-a5a0-c3c4e58da59b", "content": "", "is_read": true, "sender_id": "96e01cdb-36c0-4228-a6e4-a29a3c66bc8e", "created_at": "2025-12-13T00:57:28.477607+00:00", "receiver_id": "656daa91-33b4-4688-9135-c982ea52d7c9"},"columns":[{"name": "id", "type": "uuid"}, {"name": "sender_id", "type": "uuid"}, {"name": "receiver_id", "type": "uuid"}, {"name": "content", "type": "text"}, {"name": "is_read", "type": "bool"}, {"name": "created_at", "type": "timestamptz"}],"errors":null,"schema":"public","commit_timestamp":"2025-12-18T16:11:31.059Z","old_record":{"id": "47a5cd9d-f6bc-41ca-a5a0-c3c4e58da59b"}},"ids":[102443684]},"topic":"realtime:direct_messages"}
📨 Received: {"ref":null,"event":"postgres_changes","payload":{"data":{"table":"direct_messages","type":"UPDATE","record":{"id": "ed738383-59ca-42af-b14f-e4a3078127e2", "content": "lets watch?", "is_read": true, "sender_id": "96e01cdb-36c0-4228-a6e4-a29a3c66bc8e", "created_at": "2025-12-15T19:23:01.245099+00:00", "receiver_id": "656daa91-33b4-4688-9135-c982ea52d7c9"},"columns":[{"name": "id", "type": "uuid"}, {"name": "sender_id", "type": "uuid"}, {"name": "receiver_id", "type": "uuid"}, {"name": "content", "type": "text"}, {"name": "is_read", "type": "bool"}, {"name": "created_at", "type": "timestamptz"}],"errors":null,"schema":"public","commit_timestamp":"2025-12-18T16:11:31.059Z","old_record":{"id": "ed738383-59ca-42af-b14f-e4a3078127e2"}},"ids":[102443684]},"topic":"realtime:direct_messages"}
📨 Received: {"ref":null,"event":"postgres_changes","payload":{"data":{"table":"direct_messages","type":"UPDATE","record":{"id": "141344c3-8e96-460e-a59e-2adb19f250da", "content": "chillin", "is_read": true, "sender_id": "96e01cdb-36c0-4228-a6e4-a29a3c66bc8e", "created_at": "2025-12-15T19:22:52.872087+00:00", "receiver_id": "656daa91-33b4-4688-9135-c982ea52d7c9"},"columns":[{"name": "id", "type": "uuid"}, {"name": "sender_id", "type": "uuid"}, {"name": "receiver_id", "type": "uuid"}, {"name": "content", "type": "text"}, {"name": "is_read", "type": "bool"}, {"name": "created_at", "type": "timestamptz"}],"errors":null,"schema":"public","commit_timestamp":"2025-12-18T16:11:31.059Z","old_record":{"id": "141344c3-8e96-460e-a59e-2adb19f250da"}},"ids":[102443684]},"topic":"realtime:direct_messages"}
📨 Received: {"ref":null,"event":"postgres_changes","payload":{"data":{"table":"direct_messages","type":"UPDATE","record":{"id": "db8c90af-117a-4e99-bad3-331ab90d5b86", "content": "", "is_read": true, "sender_id": "96e01cdb-36c0-4228-a6e4-a29a3c66bc8e", "created_at": "2025-12-13T01:08:58.144356+00:00", "receiver_id": "656daa91-33b4-4688-9135-c982ea52d7c9"},"columns":[{"name": "id", "type": "uuid"}, {"name": "sender_id", "type": "uuid"}, {"name": "receiver_id", "type": "uuid"}, {"name": "content", "type": "text"}, {"name": "is_read", "type": "bool"}, {"name": "created_at", "type": "timestamptz"}],"errors":null,"schema":"public","commit_timestamp":"2025-12-18T16:11:31.059Z","old_record":{"id": "db8c90af-117a-4e99-bad3-331ab90d5b86"}},"ids":[102443684]},"topic":"realtime:direct_messages"}
📨 Received: {"ref":null,"event":"postgres_changes","payload":{"data":{"table":"direct_messages","type":"UPDATE","record":{"id": "9495b5e5-82a9-4872-afb6-26f2be60952e", "content": "🍿🍿🍿🍿🍿🍿🍿🍿", "is_read": true, "sender_id": "96e01cdb-36c0-4228-a6e4-a29a3c66bc8e", "created_at": "2025-12-13T04:13:08.908778+00:00", "receiver_id": "656daa91-33b4-4688-9135-c982ea52d7c9"},"columns":[{"name": "id", "type": "uuid"}, {"name": "sender_id", "type": "uuid"}, {"name": "receiver_id", "type": "uuid"}, {"name": "content", "type": "text"}, {"name": "is_read", "type": "bool"}, {"name": "created_at", "type": "timestamptz"}],"errors":null,"schema":"public","commit_timestamp":"2025-12-18T16:11:31.059Z","old_record":{"id": "9495b5e5-82a9-4872-afb6-26f2be60952e"}},"ids":[102443684]},"topic":"realtime:direct_messages"}
📨 Received: {"ref":null,"event":"postgres_changes","payload":{"data":{"table":"direct_messages","type":"UPDATE","record":{"id": "41f2594e-78bf-444d-85fa-f443d2e11b2b", "content": "✨✨✨✨✨", "is_read": true, "sender_id": "96e01cdb-36c0-4228-a6e4-a29a3c66bc8e", "created_at": "2025-12-13T04:13:24.915657+00:00", "receiver_id": "656daa91-33b4-4688-9135-c982ea52d7c9"},"columns":[{"name": "id", "type": "uuid"}, {"name": "sender_id", "type": "uuid"}, {"name": "receiver_id", "type": "uuid"}, {"name": "content", "type": "text"}, {"name": "is_read", "type": "bool"}, {"name": "created_at", "type": "timestamptz"}],"errors":null,"schema":"public","commit_timestamp":"2025-12-18T16:11:31.059Z","old_record":{"id": "41f2594e-78bf-444d-85fa-f443d2e11b2b"}},"ids":[102443684]},"topic":"realtime:direct_messages"}
📨 Received: {"ref":null,"event":"postgres_changes","payload":{"data":{"table":"direct_messages","type":"UPDATE","record":{"id": "8e55e29a-7e9a-4c45-beb0-f34b5dbf272a", "content": "hmmm lets watch something", "is_read": true, "sender_id": "96e01cdb-36c0-4228-a6e4-a29a3c66bc8e", "created_at": "2025-12-12T21:28:03.060673+00:00", "receiver_id": "656daa91-33b4-4688-9135-c982ea52d7c9"},"columns":[{"name": "id", "type": "uuid"}, {"name": "sender_id", "type": "uuid"}, {"name": "receiver_id", "type": "uuid"}, {"name": "content", "type": "text"}, {"name": "is_read", "type": "bool"}, {"name": "created_at", "type": "timestamptz"}],"errors":null,"schema":"public","commit_timestamp":"2025-12-18T16:11:31.059Z","old_record":{"id": "8e55e29a-7e9a-4c45-beb0-f34b5dbf272a"}},"ids":[102443684]},"topic":"realtime:direct_messages"}
📨 Received: {"ref":null,"event":"postgres_changes","payload":{"data":{"table":"direct_messages","type":"UPDATE","record":{"id": "c438b4b3-7ddd-4349-b7aa-7ea73a849edc", "content": "", "is_read": true, "sender_id": "96e01cdb-36c0-4228-a6e4-a29a3c66bc8e", "created_at": "2025-12-13T01:12:58.71361+00:00", "receiver_id": "656daa91-33b4-4688-9135-c982ea52d7c9"},"columns":[{"name": "id", "type": "uuid"}, {"name": "sender_id", "type": "uuid"}, {"name": "receiver_id", "type": "uuid"}, {"name": "content", "type": "text"}, {"name": "is_read", "type": "bool"}, {"name": "created_at", "type": "timestamptz"}],"errors":null,"schema":"public","commit_timestamp":"2025-12-18T16:11:31.059Z","old_record":{"id": "c438b4b3-7ddd-4349-b7aa-7ea73a849edc"}},"ids":[102443684]},"topic":"realtime:direct_messages"}
📨 Received: {"ref":null,"event":"postgres_changes","payload":{"data":{"table":"direct_messages","type":"UPDATE","record":{"id": "9651e9f2-a4cf-4014-95ed-ea9355146b6e", "content": "INVITE|event_tt1396484|It", "is_read": true, "sender_id": "96e01cdb-36c0-4228-a6e4-a29a3c66bc8e", "created_at": "2025-12-18T05:38:23.334987+00:00", "receiver_id": "656daa91-33b4-4688-9135-c982ea52d7c9"},"columns":[{"name": "id", "type": "uuid"}, {"name": "sender_id", "type": "uuid"}, {"name": "receiver_id", "type": "uuid"}, {"name": "content", "type": "text"}, {"name": "is_read", "type": "bool"}, {"name": "created_at", "type": "timestamptz"}],"errors":null,"schema":"public","commit_timestamp":"2025-12-18T16:11:31.059Z","old_record":{"id": "9651e9f2-a4cf-4014-95ed-ea9355146b6e"}},"ids":[102443684]},"topic":"realtime:direct_messages"}
📨 Received: {"ref":null,"event":"postgres_changes","payload":{"data":{"table":"direct_messages","type":"UPDATE","record":{"id": "25556eec-e7e5-48f9-ae92-061d1dd7688f", "content": "", "is_read": true, "sender_id": "96e01cdb-36c0-4228-a6e4-a29a3c66bc8e", "created_at": "2025-12-13T01:04:48.629412+00:00", "receiver_id": "656daa91-33b4-4688-9135-c982ea52d7c9"},"columns":[{"name": "id", "type": "uuid"}, {"name": "sender_id", "type": "uuid"}, {"name": "receiver_id", "type": "uuid"}, {"name": "content", "type": "text"}, {"name": "is_read", "type": "bool"}, {"name": "created_at", "type": "timestamptz"}],"errors":null,"schema":"public","commit_timestamp":"2025-12-18T16:11:31.059Z","old_record":{"id": "25556eec-e7e5-48f9-ae92-061d1dd7688f"}},"ids":[102443684]},"topic":"realtime:direct_messages"}
📨 Received: {"ref":null,"event":"postgres_changes","payload":{"data":{"table":"direct_messages","type":"UPDATE","record":{"id": "db210b6b-7958-4007-909d-df15e4a1d257", "content": "", "is_read": true, "sender_id": "96e01cdb-36c0-4228-a6e4-a29a3c66bc8e", "created_at": "2025-12-13T00:57:30.548139+00:00", "receiver_id": "656daa91-33b4-4688-9135-c982ea52d7c9"},"columns":[{"name": "id", "type": "uuid"}, {"name": "sender_id", "type": "uuid"}, {"name": "receiver_id", "type": "uuid"}, {"name": "content", "type": "text"}, {"name": "is_read", "type": "bool"}, {"name": "created_at", "type": "timestamptz"}],"errors":null,"schema":"public","commit_timestamp":"2025-12-18T16:11:31.059Z","old_record":{"id": "db210b6b-7958-4007-909d-df15e4a1d257"}},"ids":[102443684]},"topic":"realtime:direct_messages"}
📨 Received: {"ref":null,"event":"postgres_changes","payload":{"data":{"table":"direct_messages","type":"UPDATE","record":{"id": "ab076f51-d798-4d1f-9fc1-c82b749b77ee", "content": "INVITE|event_tt1396484|It", "is_read": true, "sender_id": "96e01cdb-36c0-4228-a6e4-a29a3c66bc8e", "created_at": "2025-12-18T05:30:44.023032+00:00", "receiver_id": "656daa91-33b4-4688-9135-c982ea52d7c9"},"columns":[{"name": "id", "type": "uuid"}, {"name": "sender_id", "type": "uuid"}, {"name": "receiver_id", "type": "uuid"}, {"name": "content", "type": "text"}, {"name": "is_read", "type": "bool"}, {"name": "created_at", "type": "timestamptz"}],"errors":null,"schema":"public","commit_timestamp":"2025-12-18T16:11:31.059Z","old_record":{"id": "ab076f51-d798-4d1f-9fc1-c82b749b77ee"}},"ids":[102443684]},"topic":"realtime:direct_messages"}
📨 Received: {"ref":null,"event":"postgres_changes","payload":{"data":{"table":"direct_messages","type":"UPDATE","record":{"id": "e4119f3b-15fa-4d43-af2b-e078443148cc", "content": "❤️❤️", "is_read": true, "sender_id": "96e01cdb-36c0-4228-a6e4-a29a3c66bc8e", "created_at": "2025-12-13T01:19:23.678493+00:00", "receiver_id": "656daa91-33b4-4688-9135-c982ea52d7c9"},"columns":[{"name": "id", "type": "uuid"}, {"name": "sender_id", "type": "uuid"}, {"name": "receiver_id", "type": "uuid"}, {"name": "content", "type": "text"}, {"name": "is_read", "type": "bool"}, {"name": "created_at", "type": "timestamptz"}],"errors":null,"schema":"public","commit_timestamp":"2025-12-18T16:11:31.059Z","old_record":{"id": "e4119f3b-15fa-4d43-af2b-e078443148cc"}},"ids":[102443684]},"topic":"realtime:direct_messages"}
📨 Received: {"ref":null,"event":"postgres_changes","payload":{"data":{"table":"direct_messages","type":"UPDATE","record":{"id": "c3e27299-ea0e-4324-8b59-68a78f5c370b", "content": "hi", "is_read": true, "sender_id": "96e01cdb-36c0-4228-a6e4-a29a3c66bc8e", "created_at": "2025-12-15T23:47:21.243496+00:00", "receiver_id": "656daa91-33b4-4688-9135-c982ea52d7c9"},"columns":[{"name": "id", "type": "uuid"}, {"name": "sender_id", "type": "uuid"}, {"name": "receiver_id", "type": "uuid"}, {"name": "content", "type": "text"}, {"name": "is_read", "type": "bool"}, {"name": "created_at", "type": "timestamptz"}],"errors":null,"schema":"public","commit_timestamp":"2025-12-18T16:11:31.059Z","old_record":{"id": "c3e27299-ea0e-4324-8b59-68a78f5c370b"}},"ids":[102443684]},"topic":"realtime:direct_messages"}
📨 Received: {"ref":null,"event":"postgres_changes","payload":{"data":{"table":"direct_messages","type":"UPDATE","record":{"id": "2c2928ac-97e5-4305-bc94-240b52da11f1", "content": "", "is_read": true, "sender_id": "96e01cdb-36c0-4228-a6e4-a29a3c66bc8e", "created_at": "2025-12-12T23:58:24.5022+00:00", "receiver_id": "656daa91-33b4-4688-9135-c982ea52d7c9"},"columns":[{"name": "id", "type": "uuid"}, {"name": "sender_id", "type": "uuid"}, {"name": "receiver_id", "type": "uuid"}, {"name": "content", "type": "text"}, {"name": "is_read", "type": "bool"}, {"name": "created_at", "type": "timestamptz"}],"errors":null,"schema":"public","commit_timestamp":"2025-12-18T16:11:31.059Z","old_record":{"id": "2c2928ac-97e5-4305-bc94-240b52da11f1"}},"ids":[102443684]},"topic":"realtime:direct_messages"}
📨 Received: {"ref":null,"event":"postgres_changes","payload":{"data":{"table":"direct_messages","type":"UPDATE","record":{"id": "502997b7-a110-4512-a894-cf46c00e2532", "content": "", "is_read": true, "sender_id": "96e01cdb-36c0-4228-a6e4-a29a3c66bc8e", "created_at": "2025-12-13T01:00:55.329534+00:00", "receiver_id": "656daa91-33b4-4688-9135-c982ea52d7c9"},"columns":[{"name": "id", "type": "uuid"}, {"name": "sender_id", "type": "uuid"}, {"name": "receiver_id", "type": "uuid"}, {"name": "content", "type": "text"}, {"name": "is_read", "type": "bool"}, {"name": "created_at", "type": "timestamptz"}],"errors":null,"schema":"public","commit_timestamp":"2025-12-18T16:11:31.059Z","old_record":{"id": "502997b7-a110-4512-a894-cf46c00e2532"}},"ids":[102443684]},"topic":"realtime:direct_messages"}
📨 Received: {"ref":null,"event":"postgres_changes","payload":{"data":{"table":"direct_messages","type":"UPDATE","record":{"id": "52c45903-ac9d-449b-be48-6368d1eca757", "content": "", "is_read": true, "sender_id": "96e01cdb-36c0-4228-a6e4-a29a3c66bc8e", "created_at": "2025-12-13T01:12:56.621839+00:00", "receiver_id": "656daa91-33b4-4688-9135-c982ea52d7c9"},"columns":[{"name": "id", "type": "uuid"}, {"name": "sender_id", "type": "uuid"}, {"name": "receiver_id", "type": "uuid"}, {"name": "content", "type": "text"}, {"name": "is_read", "type": "bool"}, {"name": "created_at", "type": "timestamptz"}],"errors":null,"schema":"public","commit_timestamp":"2025-12-18T16:11:31.059Z","old_record":{"id": "52c45903-ac9d-449b-be48-6368d1eca757"}},"ids":[102443684]},"topic":"realtime:direct_messages"}
📨 Received: {"ref":null,"event":"postgres_changes","payload":{"data":{"table":"direct_messages","type":"UPDATE","record":{"id": "58ca60e0-6da0-46e4-896d-b18f04ebce08", "content": "😂", "is_read": true, "sender_id": "96e01cdb-36c0-4228-a6e4-a29a3c66bc8e", "created_at": "2025-12-13T01:19:27.456633+00:00", "receiver_id": "656daa91-33b4-4688-9135-c982ea52d7c9"},"columns":[{"name": "id", "type": "uuid"}, {"name": "sender_id", "type": "uuid"}, {"name": "receiver_id", "type": "uuid"}, {"name": "content", "type": "text"}, {"name": "is_read", "type": "bool"}, {"name": "created_at", "type": "timestamptz"}],"errors":null,"schema":"public","commit_timestamp":"2025-12-18T16:11:31.059Z","old_record":{"id": "58ca60e0-6da0-46e4-896d-b18f04ebce08"}},"ids":[102443684]},"topic":"realtime:direct_messages"}
📨 Received: {"ref":null,"event":"postgres_changes","payload":{"data":{"table":"direct_messages","type":"UPDATE","record":{"id": "8fb7c3cc-1dbe-4b57-9484-5ebec97e00e9", "content": "", "is_read": true, "sender_id": "96e01cdb-36c0-4228-a6e4-a29a3c66bc8e", "created_at": "2025-12-13T00:57:33.433658+00:00", "receiver_id": "656daa91-33b4-4688-9135-c982ea52d7c9"},"columns":[{"name": "id", "type": "uuid"}, {"name": "sender_id", "type": "uuid"}, {"name": "receiver_id", "type": "uuid"}, {"name": "content", "type": "text"}, {"name": "is_read", "type": "bool"}, {"name": "created_at", "type": "timestamptz"}],"errors":null,"schema":"public","commit_timestamp":"2025-12-18T16:11:31.059Z","old_record":{"id": "8fb7c3cc-1dbe-4b57-9484-5ebec97e00e9"}},"ids":[102443684]},"topic":"realtime:direct_messages"}
📨 Received: {"ref":null,"event":"postgres_changes","payload":{"data":{"table":"direct_messages","type":"UPDATE","record":{"id": "c0229cf5-9fbf-48be-8be5-d2239d889f8a", "content": "hey", "is_read": true, "sender_id": "96e01cdb-36c0-4228-a6e4-a29a3c66bc8e", "created_at": "2025-12-13T20:01:57.217882+00:00", "receiver_id": "656daa91-33b4-4688-9135-c982ea52d7c9"},"columns":[{"name": "id", "type": "uuid"}, {"name": "sender_id", "type": "uuid"}, {"name": "receiver_id", "type": "uuid"}, {"name": "content", "type": "text"}, {"name": "is_read", "type": "bool"}, {"name": "created_at", "type": "timestamptz"}],"errors":null,"schema":"public","commit_timestamp":"2025-12-18T16:11:31.059Z","old_record":{"id": "c0229cf5-9fbf-48be-8be5-d2239d889f8a"}},"ids":[102443684]},"topic":"realtime:direct_messages"}
📨 Received: {"ref":null,"event":"postgres_changes","payload":{"data":{"table":"direct_messages","type":"UPDATE","record":{"id": "fc5e9dcb-0115-4275-8cbc-5fd13db5e847", "content": "hey", "is_read": true, "sender_id": "96e01cdb-36c0-4228-a6e4-a29a3c66bc8e", "created_at": "2025-12-14T20:20:09.138707+00:00", "receiver_id": "656daa91-33b4-4688-9135-c982ea52d7c9"},"columns":[{"name": "id", "type": "uuid"}, {"name": "sender_id", "type": "uuid"}, {"name": "receiver_id", "type": "uuid"}, {"name": "content", "type": "text"}, {"name": "is_read", "type": "bool"}, {"name": "created_at", "type": "timestamptz"}],"errors":null,"schema":"public","commit_timestamp":"2025-12-18T16:11:31.059Z","old_record":{"id": "fc5e9dcb-0115-4275-8cbc-5fd13db5e847"}},"ids":[102443684]},"topic":"realtime:direct_messages"}
📨 Received: {"ref":null,"event":"postgres_changes","payload":{"data":{"table":"direct_messages","type":"UPDATE","record":{"id": "06002bbf-8509-4991-a8df-bf69cafbe8d1", "content": "wow", "is_read": true, "sender_id": "96e01cdb-36c0-4228-a6e4-a29a3c66bc8e", "created_at": "2025-12-15T18:51:42.028072+00:00", "receiver_id": "656daa91-33b4-4688-9135-c982ea52d7c9"},"columns":[{"name": "id", "type": "uuid"}, {"name": "sender_id", "type": "uuid"}, {"name": "receiver_id", "type": "uuid"}, {"name": "content", "type": "text"}, {"name": "is_read", "type": "bool"}, {"name": "created_at", "type": "timestamptz"}],"errors":null,"schema":"public","commit_timestamp":"2025-12-18T16:11:31.059Z","old_record":{"id": "06002bbf-8509-4991-a8df-bf69cafbe8d1"}},"ids":[102443684]},"topic":"realtime:direct_messages"}
📨 Received: {"ref":null,"event":"postgres_changes","payload":{"data":{"table":"direct_messages","type":"UPDATE","record":{"id": "0f80eedb-a86c-4b6a-94c6-2a29ffed856f", "content": "wake up", "is_read": true, "sender_id": "96e01cdb-36c0-4228-a6e4-a29a3c66bc8e", "created_at": "2025-12-12T21:27:03.342905+00:00", "receiver_id": "656daa91-33b4-4688-9135-c982ea52d7c9"},"columns":[{"name": "id", "type": "uuid"}, {"name": "sender_id", "type": "uuid"}, {"name": "receiver_id", "type": "uuid"}, {"name": "content", "type": "text"}, {"name": "is_read", "type": "bool"}, {"name": "created_at", "type": "timestamptz"}],"errors":null,"schema":"public","commit_timestamp":"2025-12-18T16:11:31.059Z","old_record":{"id": "0f80eedb-a86c-4b6a-94c6-2a29ffed856f"}},"ids":[102443684]},"topic":"realtime:direct_messages"}
📨 Received: {"ref":null,"event":"postgres_changes","payload":{"data":{"table":"direct_messages","type":"UPDATE","record":{"id": "1fb309c0-a03f-4b04-8531-acf0f993ad17", "content": "", "is_read": true, "sender_id": "96e01cdb-36c0-4228-a6e4-a29a3c66bc8e", "created_at": "2025-12-13T01:12:46.444971+00:00", "receiver_id": "656daa91-33b4-4688-9135-c982ea52d7c9"},"columns":[{"name": "id", "type": "uuid"}, {"name": "sender_id", "type": "uuid"}, {"name": "receiver_id", "type": "uuid"}, {"name": "content", "type": "text"}, {"name": "is_read", "type": "bool"}, {"name": "created_at", "type": "timestamptz"}],"errors":null,"schema":"public","commit_timestamp":"2025-12-18T16:11:31.059Z","old_record":{"id": "1fb309c0-a03f-4b04-8531-acf0f993ad17"}},"ids":[102443684]},"topic":"realtime:direct_messages"}
📨 Received: {"ref":null,"event":"postgres_changes","payload":{"data":{"table":"direct_messages","type":"UPDATE","record":{"id": "794e3eb1-772e-4294-bb3b-bae0479bf54b", "content": "", "is_read": true, "sender_id": "96e01cdb-36c0-4228-a6e4-a29a3c66bc8e", "created_at": "2025-12-13T00:54:13.505246+00:00", "receiver_id": "656daa91-33b4-4688-9135-c982ea52d7c9"},"columns":[{"name": "id", "type": "uuid"}, {"name": "sender_id", "type": "uuid"}, {"name": "receiver_id", "type": "uuid"}, {"name": "content", "type": "text"}, {"name": "is_read", "type": "bool"}, {"name": "created_at", "type": "timestamptz"}],"errors":null,"schema":"public","commit_timestamp":"2025-12-18T16:11:31.059Z","old_record":{"id": "794e3eb1-772e-4294-bb3b-bae0479bf54b"}},"ids":[102443684]},"topic":"realtime:direct_messages"}
📨 Received: {"ref":null,"event":"postgres_changes","payload":{"data":{"table":"direct_messages","type":"UPDATE","record":{"id": "e28feec3-3f5c-45a2-9c06-e12f86d6576f", "content": "", "is_read": true, "sender_id": "96e01cdb-36c0-4228-a6e4-a29a3c66bc8e", "created_at": "2025-12-13T01:00:47.911359+00:00", "receiver_id": "656daa91-33b4-4688-9135-c982ea52d7c9"},"columns":[{"name": "id", "type": "uuid"}, {"name": "sender_id", "type": "uuid"}, {"name": "receiver_id", "type": "uuid"}, {"name": "content", "type": "text"}, {"name": "is_read", "type": "bool"}, {"name": "created_at", "type": "timestamptz"}],"errors":null,"schema":"public","commit_timestamp":"2025-12-18T16:11:31.059Z","old_record":{"id": "e28feec3-3f5c-45a2-9c06-e12f86d6576f"}},"ids":[102443684]},"topic":"realtime:direct_messages"}
📨 Received: {"ref":null,"event":"postgres_changes","payload":{"data":{"table":"direct_messages","type":"UPDATE","record":{"id": "68984362-662c-4936-94bc-731632ea9711", "content": "wake up", "is_read": true, "sender_id": "96e01cdb-36c0-4228-a6e4-a29a3c66bc8e", "created_at": "2025-12-14T03:38:50.239247+00:00", "receiver_id": "656daa91-33b4-4688-9135-c982ea52d7c9"},"columns":[{"name": "id", "type": "uuid"}, {"name": "sender_id", "type": "uuid"}, {"name": "receiver_id", "type": "uuid"}, {"name": "content", "type": "text"}, {"name": "is_read", "type": "bool"}, {"name": "created_at", "type": "timestamptz"}],"errors":null,"schema":"public","commit_timestamp":"2025-12-18T16:11:31.059Z","old_record":{"id": "68984362-662c-4936-94bc-731632ea9711"}},"ids":[102443684]},"topic":"realtime:direct_messages"}
📨 Received: {"ref":null,"event":"postgres_changes","payload":{"data":{"table":"direct_messages","type":"UPDATE","record":{"id": "b34fc93a-2e2c-4c9d-82d3-d3a2fe78ca03", "content": "🍿🍿🍿🍿", "is_read": true, "sender_id": "96e01cdb-36c0-4228-a6e4-a29a3c66bc8e", "created_at": "2025-12-13T01:19:33.416325+00:00", "receiver_id": "656daa91-33b4-4688-9135-c982ea52d7c9"},"columns":[{"name": "id", "type": "uuid"}, {"name": "sender_id", "type": "uuid"}, {"name": "receiver_id", "type": "uuid"}, {"name": "content", "type": "text"}, {"name": "is_read", "type": "bool"}, {"name": "created_at", "type": "timestamptz"}],"errors":null,"schema":"public","commit_timestamp":"2025-12-18T16:11:31.059Z","old_record":{"id": "b34fc93a-2e2c-4c9d-82d3-d3a2fe78ca03"}},"ids":[102443684]},"topic":"realtime:direct_messages"}
📨 Received: {"ref":null,"event":"postgres_changes","payload":{"data":{"table":"direct_messages","type":"UPDATE","record":{"id": "d74d760f-8af7-4a70-82f8-f6f84e7ad4b7", "content": "hi", "is_read": true, "sender_id": "96e01cdb-36c0-4228-a6e4-a29a3c66bc8e", "created_at": "2025-12-14T00:51:46.045601+00:00", "receiver_id": "656daa91-33b4-4688-9135-c982ea52d7c9"},"columns":[{"name": "id", "type": "uuid"}, {"name": "sender_id", "type": "uuid"}, {"name": "receiver_id", "type": "uuid"}, {"name": "content", "type": "text"}, {"name": "is_read", "type": "bool"}, {"name": "created_at", "type": "timestamptz"}],"errors":null,"schema":"public","commit_timestamp":"2025-12-18T16:11:31.059Z","old_record":{"id": "d74d760f-8af7-4a70-82f8-f6f84e7ad4b7"}},"ids":[102443684]},"topic":"realtime:direct_messages"}
📨 Received: {"ref":null,"event":"postgres_changes","payload":{"data":{"table":"direct_messages","type":"UPDATE","record":{"id": "67ca8369-43cb-4e90-9b29-a65c0f332e21", "content": "", "is_read": true, "sender_id": "96e01cdb-36c0-4228-a6e4-a29a3c66bc8e", "created_at": "2025-12-13T00:57:16.956906+00:00", "receiver_id": "656daa91-33b4-4688-9135-c982ea52d7c9"},"columns":[{"name": "id", "type": "uuid"}, {"name": "sender_id", "type": "uuid"}, {"name": "receiver_id", "type": "uuid"}, {"name": "content", "type": "text"}, {"name": "is_read", "type": "bool"}, {"name": "created_at", "type": "timestamptz"}],"errors":null,"schema":"public","commit_timestamp":"2025-12-18T16:11:31.059Z","old_record":{"id": "67ca8369-43cb-4e90-9b29-a65c0f332e21"}},"ids":[102443684]},"topic":"realtime:direct_messages"}
📨 Received: {"ref":null,"event":"postgres_changes","payload":{"data":{"table":"direct_messages","type":"UPDATE","record":{"id": "d4a3961a-1605-4e68-b2f1-f05513e32a27", "content": "", "is_read": true, "sender_id": "96e01cdb-36c0-4228-a6e4-a29a3c66bc8e", "created_at": "2025-12-13T00:57:25.70842+00:00", "receiver_id": "656daa91-33b4-4688-9135-c982ea52d7c9"},"columns":[{"name": "id", "type": "uuid"}, {"name": "sender_id", "type": "uuid"}, {"name": "receiver_id", "type": "uuid"}, {"name": "content", "type": "text"}, {"name": "is_read", "type": "bool"}, {"name": "created_at", "type": "timestamptz"}],"errors":null,"schema":"public","commit_timestamp":"2025-12-18T16:11:31.059Z","old_record":{"id": "d4a3961a-1605-4e68-b2f1-f05513e32a27"}},"ids":[102443684]},"topic":"realtime:direct_messages"}
📨 Received: {"ref":null,"event":"postgres_changes","payload":{"data":{"table":"direct_messages","type":"UPDATE","record":{"id": "ed0e8529-effd-426f-880c-513e4f642e2a", "content": "😂😂😂😂", "is_read": true, "sender_id": "96e01cdb-36c0-4228-a6e4-a29a3c66bc8e", "created_at": "2025-12-13T01:27:05.003029+00:00", "receiver_id": "656daa91-33b4-4688-9135-c982ea52d7c9"},"columns":[{"name": "id", "type": "uuid"}, {"name": "sender_id", "type": "uuid"}, {"name": "receiver_id", "type": "uuid"}, {"name": "content", "type": "text"}, {"name": "is_read", "type": "bool"}, {"name": "created_at", "type": "timestamptz"}],"errors":null,"schema":"public","commit_timestamp":"2025-12-18T16:11:31.059Z","old_record":{"id": "ed0e8529-effd-426f-880c-513e4f642e2a"}},"ids":[102443684]},"topic":"realtime:direct_messages"}
📨 Received: {"ref":null,"event":"postgres_changes","payload":{"data":{"table":"direct_messages","type":"UPDATE","record":{"id": "9b09dbaa-d492-4430-bf70-c6e40685817a", "content": "hey", "is_read": true, "sender_id": "96e01cdb-36c0-4228-a6e4-a29a3c66bc8e", "created_at": "2025-12-12T20:06:42.396607+00:00", "receiver_id": "656daa91-33b4-4688-9135-c982ea52d7c9"},"columns":[{"name": "id", "type": "uuid"}, {"name": "sender_id", "type": "uuid"}, {"name": "receiver_id", "type": "uuid"}, {"name": "content", "type": "text"}, {"name": "is_read", "type": "bool"}, {"name": "created_at", "type": "timestamptz"}],"errors":null,"schema":"public","commit_timestamp":"2025-12-18T16:11:31.059Z","old_record":{"id": "9b09dbaa-d492-4430-bf70-c6e40685817a"}},"ids":[102443684]},"topic":"realtime:direct_messages"}
📨 Received: {"ref":null,"event":"postgres_changes","payload":{"data":{"table":"direct_messages","type":"UPDATE","record":{"id": "058f39e9-00bc-45b6-b357-46a614f9b7b5", "content": "😎😎😎😎", "is_read": true, "sender_id": "96e01cdb-36c0-4228-a6e4-a29a3c66bc8e", "created_at": "2025-12-13T04:13:00.503636+00:00", "receiver_id": "656daa91-33b4-4688-9135-c982ea52d7c9"},"columns":[{"name": "id", "type": "uuid"}, {"name": "sender_id", "type": "uuid"}, {"name": "receiver_id", "type": "uuid"}, {"name": "content", "type": "text"}, {"name": "is_read", "type": "bool"}, {"name": "created_at", "type": "timestamptz"}],"errors":null,"schema":"public","commit_timestamp":"2025-12-18T16:11:31.059Z","old_record":{"id": "058f39e9-00bc-45b6-b357-46a614f9b7b5"}},"ids":[102443684]},"topic":"realtime:direct_messages"}
📨 Received: {"ref":null,"event":"postgres_changes","payload":{"data":{"table":"direct_messages","type":"UPDATE","record":{"id": "e09e5ddb-2cca-45c0-b789-88ed97ff8c62", "content": "💯💯💯💯💯💯", "is_read": true, "sender_id": "96e01cdb-36c0-4228-a6e4-a29a3c66bc8e", "created_at": "2025-12-13T04:13:31.230723+00:00", "receiver_id": "656daa91-33b4-4688-9135-c982ea52d7c9"},"columns":[{"name": "id", "type": "uuid"}, {"name": "sender_id", "type": "uuid"}, {"name": "receiver_id", "type": "uuid"}, {"name": "content", "type": "text"}, {"name": "is_read", "type": "bool"}, {"name": "created_at", "type": "timestamptz"}],"errors":null,"schema":"public","commit_timestamp":"2025-12-18T16:11:31.059Z","old_record":{"id": "e09e5ddb-2cca-45c0-b789-88ed97ff8c62"}},"ids":[102443684]},"topic":"realtime:direct_messages"}
📨 Received: {"ref":null,"event":"postgres_changes","payload":{"data":{"table":"direct_messages","type":"UPDATE","record":{"id": "26b5e968-0e28-4d3a-ade4-74f2b7fae461", "content": "😱😱😱😱", "is_read": true, "sender_id": "96e01cdb-36c0-4228-a6e4-a29a3c66bc8e", "created_at": "2025-12-13T04:13:12.070272+00:00", "receiver_id": "656daa91-33b4-4688-9135-c982ea52d7c9"},"columns":[{"name": "id", "type": "uuid"}, {"name": "sender_id", "type": "uuid"}, {"name": "receiver_id", "type": "uuid"}, {"name": "content", "type": "text"}, {"name": "is_read", "type": "bool"}, {"name": "created_at", "type": "timestamptz"}],"errors":null,"schema":"public","commit_timestamp":"2025-12-18T16:11:31.059Z","old_record":{"id": "26b5e968-0e28-4d3a-ade4-74f2b7fae461"}},"ids":[102443684]},"topic":"realtime:direct_messages"}
📨 Received: {"ref":null,"event":"postgres_changes","payload":{"data":{"table":"direct_messages","type":"UPDATE","record":{"id": "74cc5e56-7cd3-4d13-9401-40834361cfc5", "content": "hi", "is_read": true, "sender_id": "96e01cdb-36c0-4228-a6e4-a29a3c66bc8e", "created_at": "2025-12-12T20:45:06.518024+00:00", "receiver_id": "656daa91-33b4-4688-9135-c982ea52d7c9"},"columns":[{"name": "id", "type": "uuid"}, {"name": "sender_id", "type": "uuid"}, {"name": "receiver_id", "type": "uuid"}, {"name": "content", "type": "text"}, {"name": "is_read", "type": "bool"}, {"name": "created_at", "type": "timestamptz"}],"errors":null,"schema":"public","commit_timestamp":"2025-12-18T16:11:31.059Z","old_record":{"id": "74cc5e56-7cd3-4d13-9401-40834361cfc5"}},"ids":[102443684]},"topic":"realtime:direct_messages"}
📨 Received: {"ref":null,"event":"postgres_changes","payload":{"data":{"table":"direct_messages","type":"UPDATE","record":{"id": "7993d5d9-d23e-44b5-a647-0875214289d4", "content": "hello", "is_read": true, "sender_id": "96e01cdb-36c0-4228-a6e4-a29a3c66bc8e", "created_at": "2025-12-12T20:47:06.941749+00:00", "receiver_id": "656daa91-33b4-4688-9135-c982ea52d7c9"},"columns":[{"name": "id", "type": "uuid"}, {"name": "sender_id", "type": "uuid"}, {"name": "receiver_id", "type": "uuid"}, {"name": "content", "type": "text"}, {"name": "is_read", "type": "bool"}, {"name": "created_at", "type": "timestamptz"}],"errors":null,"schema":"public","commit_timestamp":"2025-12-18T16:11:31.059Z","old_record":{"id": "7993d5d9-d23e-44b5-a647-0875214289d4"}},"ids":[102443684]},"topic":"realtime:direct_messages"}
📨 Received: {"ref":null,"event":"postgres_changes","payload":{"data":{"table":"direct_messages","type":"UPDATE","record":{"id": "ea3805be-56cb-4a72-89e6-f1edda108d52", "content": "ola", "is_read": true, "sender_id": "96e01cdb-36c0-4228-a6e4-a29a3c66bc8e", "created_at": "2025-12-12T20:52:00.643772+00:00", "receiver_id": "656daa91-33b4-4688-9135-c982ea52d7c9"},"columns":[{"name": "id", "type": "uuid"}, {"name": "sender_id", "type": "uuid"}, {"name": "receiver_id", "type": "uuid"}, {"name": "content", "type": "text"}, {"name": "is_read", "type": "bool"}, {"name": "created_at", "type": "timestamptz"}],"errors":null,"schema":"public","commit_timestamp":"2025-12-18T16:11:31.059Z","old_record":{"id": "ea3805be-56cb-4a72-89e6-f1edda108d52"}},"ids":[102443684]},"topic":"realtime:direct_messages"}
📨 Received: {"ref":null,"event":"postgres_changes","payload":{"data":{"table":"direct_messages","type":"UPDATE","record":{"id": "5f43f39e-77ef-4875-a2f7-0a5cce7425ac", "content": "wake up", "is_read": true, "sender_id": "96e01cdb-36c0-4228-a6e4-a29a3c66bc8e", "created_at": "2025-12-12T20:52:04.765869+00:00", "receiver_id": "656daa91-33b4-4688-9135-c982ea52d7c9"},"columns":[{"name": "id", "type": "uuid"}, {"name": "sender_id", "type": "uuid"}, {"name": "receiver_id", "type": "uuid"}, {"name": "content", "type": "text"}, {"name": "is_read", "type": "bool"}, {"name": "created_at", "type": "timestamptz"}],"errors":null,"schema":"public","commit_timestamp":"2025-12-18T16:11:31.059Z","old_record":{"id": "5f43f39e-77ef-4875-a2f7-0a5cce7425ac"}},"ids":[102443684]},"topic":"realtime:direct_messages"}
📨 Received: {"ref":null,"event":"postgres_changes","payload":{"data":{"table":"direct_messages","type":"UPDATE","record":{"id": "1699735a-648e-4804-b6bc-435169f9ebe9", "content": "hi", "is_read": true, "sender_id": "96e01cdb-36c0-4228-a6e4-a29a3c66bc8e", "created_at": "2025-12-12T20:52:54.751131+00:00", "receiver_id": "656daa91-33b4-4688-9135-c982ea52d7c9"},"columns":[{"name": "id", "type": "uuid"}, {"name": "sender_id", "type": "uuid"}, {"name": "receiver_id", "type": "uuid"}, {"name": "content", "type": "text"}, {"name": "is_read", "type": "bool"}, {"name": "created_at", "type": "timestamptz"}],"errors":null,"schema":"public","commit_timestamp":"2025-12-18T16:11:31.059Z","old_record":{"id": "1699735a-648e-4804-b6bc-435169f9ebe9"}},"ids":[102443684]},"topic":"realtime:direct_messages"}
📨 Received: {"ref":null,"event":"postgres_changes","payload":{"data":{"table":"direct_messages","type":"UPDATE","record":{"id": "8776774b-a6ca-41f2-b915-13bdcb45e7bf", "content": "hi", "is_read": true, "sender_id": "96e01cdb-36c0-4228-a6e4-a29a3c66bc8e", "created_at": "2025-12-15T18:41:00.986745+00:00", "receiver_id": "656daa91-33b4-4688-9135-c982ea52d7c9"},"columns":[{"name": "id", "type": "uuid"}, {"name": "sender_id", "type": "uuid"}, {"name": "receiver_id", "type": "uuid"}, {"name": "content", "type": "text"}, {"name": "is_read", "type": "bool"}, {"name": "created_at", "type": "timestamptz"}],"errors":null,"schema":"public","commit_timestamp":"2025-12-18T16:11:31.059Z","old_record":{"id": "8776774b-a6ca-41f2-b915-13bdcb45e7bf"}},"ids":[102443684]},"topic":"realtime:direct_messages"}
📨 Received: {"ref":null,"event":"postgres_changes","payload":{"data":{"table":"direct_messages","type":"UPDATE","record":{"id": "9b8c2458-f116-4fcd-8de0-dfac5a7c7419", "content": "wake up", "is_read": true, "sender_id": "96e01cdb-36c0-4228-a6e4-a29a3c66bc8e", "created_at": "2025-12-13T20:08:29.062504+00:00", "receiver_id": "656daa91-33b4-4688-9135-c982ea52d7c9"},"columns":[{"name": "id", "type": "uuid"}, {"name": "sender_id", "type": "uuid"}, {"name": "receiver_id", "type": "uuid"}, {"name": "content", "type": "text"}, {"name": "is_read", "type": "bool"}, {"name": "created_at", "type": "timestamptz"}],"errors":null,"schema":"public","commit_timestamp":"2025-12-18T16:11:31.059Z","old_record":{"id": "9b8c2458-f116-4fcd-8de0-dfac5a7c7419"}},"ids":[102443684]},"topic":"realtime:direct_messages"}
📨 Received: {"ref":null,"event":"postgres_changes","payload":{"data":{"table":"direct_messages","type":"UPDATE","record":{"id": "bf680b1a-8c6b-4607-bf8b-08f994692276", "content": "hi", "is_read": true, "sender_id": "96e01cdb-36c0-4228-a6e4-a29a3c66bc8e", "created_at": "2025-12-17T06:14:31.600765+00:00", "receiver_id": "656daa91-33b4-4688-9135-c982ea52d7c9"},"columns":[{"name": "id", "type": "uuid"}, {"name": "sender_id", "type": "uuid"}, {"name": "receiver_id", "type": "uuid"}, {"name": "content", "type": "text"}, {"name": "is_read", "type": "bool"}, {"name": "created_at", "type": "timestamptz"}],"errors":null,"schema":"public","commit_timestamp":"2025-12-18T16:11:31.059Z","old_record":{"id": "bf680b1a-8c6b-4607-bf8b-08f994692276"}},"ids":[102443684]},"topic":"realtime:direct_messages"}
📨 Received: {"ref":null,"event":"postgres_changes","payload":{"data":{"table":"direct_messages","type":"UPDATE","record":{"id": "9751cb1e-37b2-48c0-855c-8a8602e7a287", "content": "testing", "is_read": true, "sender_id": "96e01cdb-36c0-4228-a6e4-a29a3c66bc8e", "created_at": "2025-12-12T21:22:03.707117+00:00", "receiver_id": "656daa91-33b4-4688-9135-c982ea52d7c9"},"columns":[{"name": "id", "type": "uuid"}, {"name": "sender_id", "type": "uuid"}, {"name": "receiver_id", "type": "uuid"}, {"name": "content", "type": "text"}, {"name": "is_read", "type": "bool"}, {"name": "created_at", "type": "timestamptz"}],"errors":null,"schema":"public","commit_timestamp":"2025-12-18T16:11:31.059Z","old_record":{"id": "9751cb1e-37b2-48c0-855c-8a8602e7a287"}},"ids":[102443684]},"topic":"realtime:direct_messages"}
📨 Received: {"ref":null,"event":"postgres_changes","payload":{"data":{"table":"direct_messages","type":"UPDATE","record":{"id": "dbb7a6f7-8dd0-4bc5-a7ed-828a8a39604b", "content": "hello", "is_read": true, "sender_id": "96e01cdb-36c0-4228-a6e4-a29a3c66bc8e", "created_at": "2025-12-12T21:22:09.786238+00:00", "receiver_id": "656daa91-33b4-4688-9135-c982ea52d7c9"},"columns":[{"name": "id", "type": "uuid"}, {"name": "sender_id", "type": "uuid"}, {"name": "receiver_id", "type": "uuid"}, {"name": "content", "type": "text"}, {"name": "is_read", "type": "bool"}, {"name": "created_at", "type": "timestamptz"}],"errors":null,"schema":"public","commit_timestamp":"2025-12-18T16:11:31.059Z","old_record":{"id": "dbb7a6f7-8dd0-4bc5-a7ed-828a8a39604b"}},"ids":[102443684]},"topic":"realtime:direct_messages"}
📨 Received: {"ref":null,"event":"postgres_changes","payload":{"data":{"table":"direct_messages","type":"UPDATE","record":{"id": "50f43c62-2850-43ec-a1e8-54ebe0500210", "content": "yes", "is_read": true, "sender_id": "96e01cdb-36c0-4228-a6e4-a29a3c66bc8e", "created_at": "2025-12-14T00:53:15.170561+00:00", "receiver_id": "656daa91-33b4-4688-9135-c982ea52d7c9"},"columns":[{"name": "id", "type": "uuid"}, {"name": "sender_id", "type": "uuid"}, {"name": "receiver_id", "type": "uuid"}, {"name": "content", "type": "text"}, {"name": "is_read", "type": "bool"}, {"name": "created_at", "type": "timestamptz"}],"errors":null,"schema":"public","commit_timestamp":"2025-12-18T16:11:31.059Z","old_record":{"id": "50f43c62-2850-43ec-a1e8-54ebe0500210"}},"ids":[102443684]},"topic":"realtime:direct_messages"}
📨 Received: {"ref":null,"event":"postgres_changes","payload":{"data":{"table":"direct_messages","type":"UPDATE","record":{"id": "c756bb5d-96d4-4102-a006-3ca8eff8a0bf", "content": "hiii", "is_read": true, "sender_id": "96e01cdb-36c0-4228-a6e4-a29a3c66bc8e", "created_at": "2025-12-13T21:18:46.624969+00:00", "receiver_id": "656daa91-33b4-4688-9135-c982ea52d7c9"},"columns":[{"name": "id", "type": "uuid"}, {"name": "sender_id", "type": "uuid"}, {"name": "receiver_id", "type": "uuid"}, {"name": "content", "type": "text"}, {"name": "is_read", "type": "bool"}, {"name": "created_at", "type": "timestamptz"}],"errors":null,"schema":"public","commit_timestamp":"2025-12-18T16:11:31.059Z","old_record":{"id": "c756bb5d-96d4-4102-a006-3ca8eff8a0bf"}},"ids":[102443684]},"topic":"realtime:direct_messages"}
📨 Received: {"ref":null,"event":"postgres_changes","payload":{"data":{"table":"direct_messages","type":"UPDATE","record":{"id": "9692c65d-86d0-475c-8b0e-025f25213e9f", "content": "good", "is_read": true, "sender_id": "96e01cdb-36c0-4228-a6e4-a29a3c66bc8e", "created_at": "2025-12-12T21:27:48.518086+00:00", "receiver_id": "656daa91-33b4-4688-9135-c982ea52d7c9"},"columns":[{"name": "id", "type": "uuid"}, {"name": "sender_id", "type": "uuid"}, {"name": "receiver_id", "type": "uuid"}, {"name": "content", "type": "text"}, {"name": "is_read", "type": "bool"}, {"name": "created_at", "type": "timestamptz"}],"errors":null,"schema":"public","commit_timestamp":"2025-12-18T16:11:31.059Z","old_record":{"id": "9692c65d-86d0-475c-8b0e-025f25213e9f"}},"ids":[102443684]},"topic":"realtime:direct_messages"}
📨 Received: {"ref":null,"event":"postgres_changes","payload":{"data":{"table":"direct_messages","type":"UPDATE","record":{"id": "a5fce6c4-bb54-43d5-a28f-37d02df890b5", "content": "", "is_read": true, "sender_id": "96e01cdb-36c0-4228-a6e4-a29a3c66bc8e", "created_at": "2025-12-13T01:04:53.770468+00:00", "receiver_id": "656daa91-33b4-4688-9135-c982ea52d7c9"},"columns":[{"name": "id", "type": "uuid"}, {"name": "sender_id", "type": "uuid"}, {"name": "receiver_id", "type": "uuid"}, {"name": "content", "type": "text"}, {"name": "is_read", "type": "bool"}, {"name": "created_at", "type": "timestamptz"}],"errors":null,"schema":"public","commit_timestamp":"2025-12-18T16:11:31.059Z","old_record":{"id": "a5fce6c4-bb54-43d5-a28f-37d02df890b5"}},"ids":[102443684]},"topic":"realtime:direct_messages"}
📨 Received: {"ref":null,"event":"postgres_changes","payload":{"data":{"table":"direct_messages","type":"UPDATE","record":{"id": "42fd2815-8941-4b15-a2ed-80a7347d34ee", "content": "hey", "is_read": true, "sender_id": "96e01cdb-36c0-4228-a6e4-a29a3c66bc8e", "created_at": "2025-12-13T01:23:23.61003+00:00", "receiver_id": "656daa91-33b4-4688-9135-c982ea52d7c9"},"columns":[{"name": "id", "type": "uuid"}, {"name": "sender_id", "type": "uuid"}, {"name": "receiver_id", "type": "uuid"}, {"name": "content", "type": "text"}, {"name": "is_read", "type": "bool"}, {"name": "created_at", "type": "timestamptz"}],"errors":null,"schema":"public","commit_timestamp":"2025-12-18T16:11:31.059Z","old_record":{"id": "42fd2815-8941-4b15-a2ed-80a7347d34ee"}},"ids":[102443684]},"topic":"realtime:direct_messages"}
📨 Received: {"ref":null,"event":"postgres_changes","payload":{"data":{"table":"direct_messages","type":"UPDATE","record":{"id": "de20e9b6-feba-4167-8be1-27f4a63230cc", "content": "hi", "is_read": true, "sender_id": "96e01cdb-36c0-4228-a6e4-a29a3c66bc8e", "created_at": "2025-12-13T20:00:54.574798+00:00", "receiver_id": "656daa91-33b4-4688-9135-c982ea52d7c9"},"columns":[{"name": "id", "type": "uuid"}, {"name": "sender_id", "type": "uuid"}, {"name": "receiver_id", "type": "uuid"}, {"name": "content", "type": "text"}, {"name": "is_read", "type": "bool"}, {"name": "created_at", "type": "timestamptz"}],"errors":null,"schema":"public","commit_timestamp":"2025-12-18T16:11:31.059Z","old_record":{"id": "de20e9b6-feba-4167-8be1-27f4a63230cc"}},"ids":[102443684]},"topic":"realtime:direct_messages"}
📨 Received: {"ref":null,"event":"postgres_changes","payload":{"data":{"table":"direct_messages","type":"UPDATE","record":{"id": "41d443e2-d861-4a8d-9f8a-bfe31a36b6ef", "content": "🤔🤔🤔", "is_read": true, "sender_id": "96e01cdb-36c0-4228-a6e4-a29a3c66bc8e", "created_at": "2025-12-13T01:19:30.956224+00:00", "receiver_id": "656daa91-33b4-4688-9135-c982ea52d7c9"},"columns":[{"name": "id", "type": "uuid"}, {"name": "sender_id", "type": "uuid"}, {"name": "receiver_id", "type": "uuid"}, {"name": "content", "type": "text"}, {"name": "is_read", "type": "bool"}, {"name": "created_at", "type": "timestamptz"}],"errors":null,"schema":"public","commit_timestamp":"2025-12-18T16:11:31.059Z","old_record":{"id": "41d443e2-d861-4a8d-9f8a-bfe31a36b6ef"}},"ids":[102443684]},"topic":"realtime:direct_messages"}
📨 Received: {"ref":null,"event":"postgres_changes","payload":{"data":{"table":"direct_messages","type":"UPDATE","record":{"id": "5b79e1d8-8712-4ef2-9800-76be5240417b", "content": "sure", "is_read": true, "sender_id": "96e01cdb-36c0-4228-a6e4-a29a3c66bc8e", "created_at": "2025-12-13T18:03:16.649677+00:00", "receiver_id": "656daa91-33b4-4688-9135-c982ea52d7c9"},"columns":[{"name": "id", "type": "uuid"}, {"name": "sender_id", "type": "uuid"}, {"name": "receiver_id", "type": "uuid"}, {"name": "content", "type": "text"}, {"name": "is_read", "type": "bool"}, {"name": "created_at", "type": "timestamptz"}],"errors":null,"schema":"public","commit_timestamp":"2025-12-18T16:11:31.059Z","old_record":{"id": "5b79e1d8-8712-4ef2-9800-76be5240417b"}},"ids":[102443684]},"topic":"realtime:direct_messages"}
📨 Received: {"ref":null,"event":"postgres_changes","payload":{"data":{"table":"direct_messages","type":"UPDATE","record":{"id": "822f3fd0-517c-4a7c-8de7-994287b84ac5", "content": "🎬🎬🎬🎬🎬", "is_read": true, "sender_id": "96e01cdb-36c0-4228-a6e4-a29a3c66bc8e", "created_at": "2025-12-13T04:13:27.644686+00:00", "receiver_id": "656daa91-33b4-4688-9135-c982ea52d7c9"},"columns":[{"name": "id", "type": "uuid"}, {"name": "sender_id", "type": "uuid"}, {"name": "receiver_id", "type": "uuid"}, {"name": "content", "type": "text"}, {"name": "is_read", "type": "bool"}, {"name": "created_at", "type": "timestamptz"}],"errors":null,"schema":"public","commit_timestamp":"2025-12-18T16:11:31.059Z","old_record":{"id": "822f3fd0-517c-4a7c-8de7-994287b84ac5"}},"ids":[102443684]},"topic":"realtime:direct_messages"}
📨 Received: {"ref":null,"event":"postgres_changes","payload":{"data":{"table":"direct_messages","type":"UPDATE","record":{"id": "20ed5c61-0ae3-4718-a826-0d5b4243aef7", "content": "❤️❤️❤️❤️❤️❤️", "is_read": true, "sender_id": "96e01cdb-36c0-4228-a6e4-a29a3c66bc8e", "created_at": "2025-12-13T04:13:05.02741+00:00", "receiver_id": "656daa91-33b4-4688-9135-c982ea52d7c9"},"columns":[{"name": "id", "type": "uuid"}, {"name": "sender_id", "type": "uuid"}, {"name": "receiver_id", "type": "uuid"}, {"name": "content", "type": "text"}, {"name": "is_read", "type": "bool"}, {"name": "created_at", "type": "timestamptz"}],"errors":null,"schema":"public","commit_timestamp":"2025-12-18T16:11:31.059Z","old_record":{"id": "20ed5c61-0ae3-4718-a826-0d5b4243aef7"}},"ids":[102443684]},"topic":"realtime:direct_messages"}
📨 Received: {"ref":null,"event":"postgres_changes","payload":{"data":{"table":"direct_messages","type":"UPDATE","record":{"id": "9688fd87-3886-48d8-b0af-c71af74ef022", "content": "hey", "is_read": true, "sender_id": "96e01cdb-36c0-4228-a6e4-a29a3c66bc8e", "created_at": "2025-12-13T20:54:03.751326+00:00", "receiver_id": "656daa91-33b4-4688-9135-c982ea52d7c9"},"columns":[{"name": "id", "type": "uuid"}, {"name": "sender_id", "type": "uuid"}, {"name": "receiver_id", "type": "uuid"}, {"name": "content", "type": "text"}, {"name": "is_read", "type": "bool"}, {"name": "created_at", "type": "timestamptz"}],"errors":null,"schema":"public","commit_timestamp":"2025-12-18T16:11:31.059Z","old_record":{"id": "9688fd87-3886-48d8-b0af-c71af74ef022"}},"ids":[102443684]},"topic":"realtime:direct_messages"}
📨 Received: {"ref":null,"event":"postgres_changes","payload":{"data":{"table":"direct_messages","type":"UPDATE","record":{"id": "67e8e53e-e87d-43dc-a0c5-b32c0ec2d632", "content": "", "is_read": true, "sender_id": "96e01cdb-36c0-4228-a6e4-a29a3c66bc8e", "created_at": "2025-12-13T00:57:36.184241+00:00", "receiver_id": "656daa91-33b4-4688-9135-c982ea52d7c9"},"columns":[{"name": "id", "type": "uuid"}, {"name": "sender_id", "type": "uuid"}, {"name": "receiver_id", "type": "uuid"}, {"name": "content", "type": "text"}, {"name": "is_read", "type": "bool"}, {"name": "created_at", "type": "timestamptz"}],"errors":null,"schema":"public","commit_timestamp":"2025-12-18T16:11:31.059Z","old_record":{"id": "67e8e53e-e87d-43dc-a0c5-b32c0ec2d632"}},"ids":[102443684]},"topic":"realtime:direct_messages"}
📨 Received: {"ref":null,"event":"postgres_changes","payload":{"data":{"table":"direct_messages","type":"UPDATE","record":{"id": "f86d35fb-ea4a-4805-87d7-e6ae48a2d010", "content": "INVITE|event_tt0126029|Shrek", "is_read": true, "sender_id": "96e01cdb-36c0-4228-a6e4-a29a3c66bc8e", "created_at": "2025-12-18T16:11:25.900823+00:00", "receiver_id": "656daa91-33b4-4688-9135-c982ea52d7c9"},"columns":[{"name": "id", "type": "uuid"}, {"name": "sender_id", "type": "uuid"}, {"name": "receiver_id", "type": "uuid"}, {"name": "content", "type": "text"}, {"name": "is_read", "type": "bool"}, {"name": "created_at", "type": "timestamptz"}],"errors":null,"schema":"public","commit_timestamp":"2025-12-18T16:11:31.063Z","old_record":{"id": "f86d35fb-ea4a-4805-87d7-e6ae48a2d010"}},"ids":[102443684]},"topic":"realtime:direct_messages"}
📨 Received: {"ref":null,"event":"postgres_changes","payload":{"data":{"table":"direct_messages","type":"UPDATE","record":{"id": "fd2676c6-53b2-422f-8368-58090a365db0", "content": "hey", "is_read": true, "sender_id": "96e01cdb-36c0-4228-a6e4-a29a3c66bc8e", "created_at": "2025-12-15T19:22:33.056628+00:00", "receiver_id": "656daa91-33b4-4688-9135-c982ea52d7c9"},"columns":[{"name": "id", "type": "uuid"}, {"name": "sender_id", "type": "uuid"}, {"name": "receiver_id", "type": "uuid"}, {"name": "content", "type": "text"}, {"name": "is_read", "type": "bool"}, {"name": "created_at", "type": "timestamptz"}],"errors":null,"schema":"public","commit_timestamp":"2025-12-18T16:11:31.063Z","old_record":{"id": "fd2676c6-53b2-422f-8368-58090a365db0"}},"ids":[102443684]},"topic":"realtime:direct_messages"}
📨 Received: {"ref":null,"event":"postgres_changes","payload":{"data":{"table":"direct_messages","type":"UPDATE","record":{"id": "7286b740-00b0-491d-8e3b-bbab0b8a58fc", "content": "hi", "is_read": true, "sender_id": "96e01cdb-36c0-4228-a6e4-a29a3c66bc8e", "created_at": "2025-12-14T16:41:42.307467+00:00", "receiver_id": "656daa91-33b4-4688-9135-c982ea52d7c9"},"columns":[{"name": "id", "type": "uuid"}, {"name": "sender_id", "type": "uuid"}, {"name": "receiver_id", "type": "uuid"}, {"name": "content", "type": "text"}, {"name": "is_read", "type": "bool"}, {"name": "created_at", "type": "timestamptz"}],"errors":null,"schema":"public","commit_timestamp":"2025-12-18T16:11:31.063Z","old_record":{"id": "7286b740-00b0-491d-8e3b-bbab0b8a58fc"}},"ids":[102443684]},"topic":"realtime:direct_messages"}
📨 Received: {"ref":null,"event":"postgres_changes","payload":{"data":{"table":"direct_messages","type":"UPDATE","record":{"id": "ac0fbd2d-e53a-4edf-a455-49dcbbe3fed1", "content": "very cool", "is_read": true, "sender_id": "96e01cdb-36c0-4228-a6e4-a29a3c66bc8e", "created_at": "2025-12-14T00:52:26.975931+00:00", "receiver_id": "656daa91-33b4-4688-9135-c982ea52d7c9"},"columns":[{"name": "id", "type": "uuid"}, {"name": "sender_id", "type": "uuid"}, {"name": "receiver_id", "type": "uuid"}, {"name": "content", "type": "text"}, {"name": "is_read", "type": "bool"}, {"name": "created_at", "type": "timestamptz"}],"errors":null,"schema":"public","commit_timestamp":"2025-12-18T16:11:31.063Z","old_record":{"id": "ac0fbd2d-e53a-4edf-a455-49dcbbe3fed1"}},"ids":[102443684]},"topic":"realtime:direct_messages"}
📨 Received: {"ref":null,"event":"postgres_changes","payload":{"data":{"table":"direct_messages","type":"UPDATE","record":{"id": "281e170e-21e5-4ecd-b5af-a161c826958e", "content": "wake up", "is_read": true, "sender_id": "96e01cdb-36c0-4228-a6e4-a29a3c66bc8e", "created_at": "2025-12-14T00:08:11.482101+00:00", "receiver_id": "656daa91-33b4-4688-9135-c982ea52d7c9"},"columns":[{"name": "id", "type": "uuid"}, {"name": "sender_id", "type": "uuid"}, {"name": "receiver_id", "type": "uuid"}, {"name": "content", "type": "text"}, {"name": "is_read", "type": "bool"}, {"name": "created_at", "type": "timestamptz"}],"errors":null,"schema":"public","commit_timestamp":"2025-12-18T16:11:31.063Z","old_record":{"id": "281e170e-21e5-4ecd-b5af-a161c826958e"}},"ids":[102443684]},"topic":"realtime:direct_messages"}
📨 Received: {"ref":null,"event":"postgres_changes","payload":{"data":{"table":"direct_messages","type":"UPDATE","record":{"id": "c62169aa-bf5d-4c4d-b085-e2db9d898847", "content": "hey", "is_read": true, "sender_id": "96e01cdb-36c0-4228-a6e4-a29a3c66bc8e", "created_at": "2025-12-16T18:21:31.0686+00:00", "receiver_id": "656daa91-33b4-4688-9135-c982ea52d7c9"},"columns":[{"name": "id", "type": "uuid"}, {"name": "sender_id", "type": "uuid"}, {"name": "receiver_id", "type": "uuid"}, {"name": "content", "type": "text"}, {"name": "is_read", "type": "bool"}, {"name": "created_at", "type": "timestamptz"}],"errors":null,"schema":"public","commit_timestamp":"2025-12-18T16:11:31.063Z","old_record":{"id": "c62169aa-bf5d-4c4d-b085-e2db9d898847"}},"ids":[102443684]},"topic":"realtime:direct_messages"}
📨 Received: {"ref":null,"event":"postgres_changes","payload":{"data":{"table":"direct_messages","type":"UPDATE","record":{"id": "060d0f4c-953d-44e5-b064-7a8b697ccb1b", "content": "hey", "is_read": true, "sender_id": "96e01cdb-36c0-4228-a6e4-a29a3c66bc8e", "created_at": "2025-12-13T21:47:31.38973+00:00", "receiver_id": "656daa91-33b4-4688-9135-c982ea52d7c9"},"columns":[{"name": "id", "type": "uuid"}, {"name": "sender_id", "type": "uuid"}, {"name": "receiver_id", "type": "uuid"}, {"name": "content", "type": "text"}, {"name": "is_read", "type": "bool"}, {"name": "created_at", "type": "timestamptz"}],"errors":null,"schema":"public","commit_timestamp":"2025-12-18T16:11:31.063Z","old_record":{"id": "060d0f4c-953d-44e5-b064-7a8b697ccb1b"}},"ids":[102443684]},"topic":"realtime:direct_messages"}
📨 Received: {"ref":null,"event":"postgres_changes","payload":{"data":{"table":"direct_messages","type":"UPDATE","record":{"id": "5d23122d-7ca9-4527-afc1-923c6357abda", "content": "😍😍😍", "is_read": true, "sender_id": "96e01cdb-36c0-4228-a6e4-a29a3c66bc8e", "created_at": "2025-12-13T21:18:40.893927+00:00", "receiver_id": "656daa91-33b4-4688-9135-c982ea52d7c9"},"columns":[{"name": "id", "type": "uuid"}, {"name": "sender_id", "type": "uuid"}, {"name": "receiver_id", "type": "uuid"}, {"name": "content", "type": "text"}, {"name": "is_read", "type": "bool"}, {"name": "created_at", "type": "timestamptz"}],"errors":null,"schema":"public","commit_timestamp":"2025-12-18T16:11:31.063Z","old_record":{"id": "5d23122d-7ca9-4527-afc1-923c6357abda"}},"ids":[102443684]},"topic":"realtime:direct_messages"}
📨 Received: {"ref":null,"event":"postgres_changes","payload":{"data":{"table":"direct_messages","type":"UPDATE","record":{"id": "7ac1d5f7-87a0-4c68-82fd-6319762dc3d1", "content": "hi", "is_read": true, "sender_id": "96e01cdb-36c0-4228-a6e4-a29a3c66bc8e", "created_at": "2025-12-13T20:31:24.236478+00:00", "receiver_id": "656daa91-33b4-4688-9135-c982ea52d7c9"},"columns":[{"name": "id", "type": "uuid"}, {"name": "sender_id", "type": "uuid"}, {"name": "receiver_id", "type": "uuid"}, {"name": "content", "type": "text"}, {"name": "is_read", "type": "bool"}, {"name": "created_at", "type": "timestamptz"}],"errors":null,"schema":"public","commit_timestamp":"2025-12-18T16:11:31.063Z","old_record":{"id": "7ac1d5f7-87a0-4c68-82fd-6319762dc3d1"}},"ids":[102443684]},"topic":"realtime:direct_messages"}
📨 Received: {"ref":null,"event":"postgres_changes","payload":{"data":{"table":"direct_messages","type":"UPDATE","record":{"id": "ca945b45-f6b5-4c94-ac03-b42e28c48844", "content": "hi", "is_read": true, "sender_id": "96e01cdb-36c0-4228-a6e4-a29a3c66bc8e", "created_at": "2025-12-13T20:11:25.433538+00:00", "receiver_id": "656daa91-33b4-4688-9135-c982ea52d7c9"},"columns":[{"name": "id", "type": "uuid"}, {"name": "sender_id", "type": "uuid"}, {"name": "receiver_id", "type": "uuid"}, {"name": "content", "type": "text"}, {"name": "is_read", "type": "bool"}, {"name": "created_at", "type": "timestamptz"}],"errors":null,"schema":"public","commit_timestamp":"2025-12-18T16:11:31.063Z","old_record":{"id": "ca945b45-f6b5-4c94-ac03-b42e28c48844"}},"ids":[102443684]},"topic":"realtime:direct_messages"}
📨 Received: {"ref":null,"event":"postgres_changes","payload":{"data":{"table":"direct_messages","type":"UPDATE","record":{"id": "e5180839-f63e-487a-a594-14ea9a4ebddb", "content": "hi", "is_read": true, "sender_id": "96e01cdb-36c0-4228-a6e4-a29a3c66bc8e", "created_at": "2025-12-13T18:08:20.447905+00:00", "receiver_id": "656daa91-33b4-4688-9135-c982ea52d7c9"},"columns":[{"name": "id", "type": "uuid"}, {"name": "sender_id", "type": "uuid"}, {"name": "receiver_id", "type": "uuid"}, {"name": "content", "type": "text"}, {"name": "is_read", "type": "bool"}, {"name": "created_at", "type": "timestamptz"}],"errors":null,"schema":"public","commit_timestamp":"2025-12-18T16:11:31.063Z","old_record":{"id": "e5180839-f63e-487a-a594-14ea9a4ebddb"}},"ids":[102443684]},"topic":"realtime:direct_messages"}
📨 Received: {"ref":null,"event":"postgres_changes","payload":{"data":{"table":"direct_messages","type":"UPDATE","record":{"id": "45bc6cd6-64ec-41a0-82ed-03bbe933376e", "content": "hello", "is_read": true, "sender_id": "96e01cdb-36c0-4228-a6e4-a29a3c66bc8e", "created_at": "2025-12-16T19:05:53.429135+00:00", "receiver_id": "656daa91-33b4-4688-9135-c982ea52d7c9"},"columns":[{"name": "id", "type": "uuid"}, {"name": "sender_id", "type": "uuid"}, {"name": "receiver_id", "type": "uuid"}, {"name": "content", "type": "text"}, {"name": "is_read", "type": "bool"}, {"name": "created_at", "type": "timestamptz"}],"errors":null,"schema":"public","commit_timestamp":"2025-12-18T16:11:31.063Z","old_record":{"id": "45bc6cd6-64ec-41a0-82ed-03bbe933376e"}},"ids":[102443684]},"topic":"realtime:direct_messages"}
📨 Received: {"ref":null,"event":"postgres_changes","payload":{"data":{"table":"direct_messages","type":"UPDATE","record":{"id": "05d595d9-3379-47d4-8663-73129e8efed5", "content": "🎉🎉🎉🎉", "is_read": true, "sender_id": "96e01cdb-36c0-4228-a6e4-a29a3c66bc8e", "created_at": "2025-12-13T04:13:21.820293+00:00", "receiver_id": "656daa91-33b4-4688-9135-c982ea52d7c9"},"columns":[{"name": "id", "type": "uuid"}, {"name": "sender_id", "type": "uuid"}, {"name": "receiver_id", "type": "uuid"}, {"name": "content", "type": "text"}, {"name": "is_read", "type": "bool"}, {"name": "created_at", "type": "timestamptz"}],"errors":null,"schema":"public","commit_timestamp":"2025-12-18T16:11:31.063Z","old_record":{"id": "05d595d9-3379-47d4-8663-73129e8efed5"}},"ids":[102443684]},"topic":"realtime:direct_messages"}
📨 Received: {"ref":null,"event":"postgres_changes","payload":{"data":{"table":"direct_messages","type":"UPDATE","record":{"id": "c99d200f-9633-4070-892e-a854bd0dfe43", "content": "🔥🔥", "is_read": true, "sender_id": "96e01cdb-36c0-4228-a6e4-a29a3c66bc8e", "created_at": "2025-12-13T01:19:19.897417+00:00", "receiver_id": "656daa91-33b4-4688-9135-c982ea52d7c9"},"columns":[{"name": "id", "type": "uuid"}, {"name": "sender_id", "type": "uuid"}, {"name": "receiver_id", "type": "uuid"}, {"name": "content", "type": "text"}, {"name": "is_read", "type": "bool"}, {"name": "created_at", "type": "timestamptz"}],"errors":null,"schema":"public","commit_timestamp":"2025-12-18T16:11:31.063Z","old_record":{"id": "c99d200f-9633-4070-892e-a854bd0dfe43"}},"ids":[102443684]},"topic":"realtime:direct_messages"}
📨 Received: {"ref":null,"event":"postgres_changes","payload":{"data":{"table":"direct_messages","type":"UPDATE","record":{"id": "47a5cd9d-f6bc-41ca-a5a0-c3c4e58da59b", "content": "", "is_read": true, "sender_id": "96e01cdb-36c0-4228-a6e4-a29a3c66bc8e", "created_at": "2025-12-13T00:57:28.477607+00:00", "receiver_id": "656daa91-33b4-4688-9135-c982ea52d7c9"},"columns":[{"name": "id", "type": "uuid"}, {"name": "sender_id", "type": "uuid"}, {"name": "receiver_id", "type": "uuid"}, {"name": "content", "type": "text"}, {"name": "is_read", "type": "bool"}, {"name": "created_at", "type": "timestamptz"}],"errors":null,"schema":"public","commit_timestamp":"2025-12-18T16:11:31.063Z","old_record":{"id": "47a5cd9d-f6bc-41ca-a5a0-c3c4e58da59b"}},"ids":[102443684]},"topic":"realtime:direct_messages"}
📨 Received: {"ref":null,"event":"postgres_changes","payload":{"data":{"table":"direct_messages","type":"UPDATE","record":{"id": "ed738383-59ca-42af-b14f-e4a3078127e2", "content": "lets watch?", "is_read": true, "sender_id": "96e01cdb-36c0-4228-a6e4-a29a3c66bc8e", "created_at": "2025-12-15T19:23:01.245099+00:00", "receiver_id": "656daa91-33b4-4688-9135-c982ea52d7c9"},"columns":[{"name": "id", "type": "uuid"}, {"name": "sender_id", "type": "uuid"}, {"name": "receiver_id", "type": "uuid"}, {"name": "content", "type": "text"}, {"name": "is_read", "type": "bool"}, {"name": "created_at", "type": "timestamptz"}],"errors":null,"schema":"public","commit_timestamp":"2025-12-18T16:11:31.063Z","old_record":{"id": "ed738383-59ca-42af-b14f-e4a3078127e2"}},"ids":[102443684]},"topic":"realtime:direct_messages"}
📨 Received: {"ref":null,"event":"postgres_changes","payload":{"data":{"table":"direct_messages","type":"UPDATE","record":{"id": "141344c3-8e96-460e-a59e-2adb19f250da", "content": "chillin", "is_read": true, "sender_id": "96e01cdb-36c0-4228-a6e4-a29a3c66bc8e", "created_at": "2025-12-15T19:22:52.872087+00:00", "receiver_id": "656daa91-33b4-4688-9135-c982ea52d7c9"},"columns":[{"name": "id", "type": "uuid"}, {"name": "sender_id", "type": "uuid"}, {"name": "receiver_id", "type": "uuid"}, {"name": "content", "type": "text"}, {"name": "is_read", "type": "bool"}, {"name": "created_at", "type": "timestamptz"}],"errors":null,"schema":"public","commit_timestamp":"2025-12-18T16:11:31.063Z","old_record":{"id": "141344c3-8e96-460e-a59e-2adb19f250da"}},"ids":[102443684]},"topic":"realtime:direct_messages"}
📨 Received: {"ref":null,"event":"postgres_changes","payload":{"data":{"table":"direct_messages","type":"UPDATE","record":{"id": "db8c90af-117a-4e99-bad3-331ab90d5b86", "content": "", "is_read": true, "sender_id": "96e01cdb-36c0-4228-a6e4-a29a3c66bc8e", "created_at": "2025-12-13T01:08:58.144356+00:00", "receiver_id": "656daa91-33b4-4688-9135-c982ea52d7c9"},"columns":[{"name": "id", "type": "uuid"}, {"name": "sender_id", "type": "uuid"}, {"name": "receiver_id", "type": "uuid"}, {"name": "content", "type": "text"}, {"name": "is_read", "type": "bool"}, {"name": "created_at", "type": "timestamptz"}],"errors":null,"schema":"public","commit_timestamp":"2025-12-18T16:11:31.063Z","old_record":{"id": "db8c90af-117a-4e99-bad3-331ab90d5b86"}},"ids":[102443684]},"topic":"realtime:direct_messages"}
📨 Received: {"ref":null,"event":"postgres_changes","payload":{"data":{"table":"direct_messages","type":"UPDATE","record":{"id": "9495b5e5-82a9-4872-afb6-26f2be60952e", "content": "🍿🍿🍿🍿🍿🍿🍿🍿", "is_read": true, "sender_id": "96e01cdb-36c0-4228-a6e4-a29a3c66bc8e", "created_at": "2025-12-13T04:13:08.908778+00:00", "receiver_id": "656daa91-33b4-4688-9135-c982ea52d7c9"},"columns":[{"name": "id", "type": "uuid"}, {"name": "sender_id", "type": "uuid"}, {"name": "receiver_id", "type": "uuid"}, {"name": "content", "type": "text"}, {"name": "is_read", "type": "bool"}, {"name": "created_at", "type": "timestamptz"}],"errors":null,"schema":"public","commit_timestamp":"2025-12-18T16:11:31.063Z","old_record":{"id": "9495b5e5-82a9-4872-afb6-26f2be60952e"}},"ids":[102443684]},"topic":"realtime:direct_messages"}
📨 Received: {"ref":null,"event":"postgres_changes","payload":{"data":{"table":"direct_messages","type":"UPDATE","record":{"id": "41f2594e-78bf-444d-85fa-f443d2e11b2b", "content": "✨✨✨✨✨", "is_read": true, "sender_id": "96e01cdb-36c0-4228-a6e4-a29a3c66bc8e", "created_at": "2025-12-13T04:13:24.915657+00:00", "receiver_id": "656daa91-33b4-4688-9135-c982ea52d7c9"},"columns":[{"name": "id", "type": "uuid"}, {"name": "sender_id", "type": "uuid"}, {"name": "receiver_id", "type": "uuid"}, {"name": "content", "type": "text"}, {"name": "is_read", "type": "bool"}, {"name": "created_at", "type": "timestamptz"}],"errors":null,"schema":"public","commit_timestamp":"2025-12-18T16:11:31.063Z","old_record":{"id": "41f2594e-78bf-444d-85fa-f443d2e11b2b"}},"ids":[102443684]},"topic":"realtime:direct_messages"}
📨 Received: {"ref":null,"event":"postgres_changes","payload":{"data":{"table":"direct_messages","type":"UPDATE","record":{"id": "8e55e29a-7e9a-4c45-beb0-f34b5dbf272a", "content": "hmmm lets watch something", "is_read": true, "sender_id": "96e01cdb-36c0-4228-a6e4-a29a3c66bc8e", "created_at": "2025-12-12T21:28:03.060673+00:00", "receiver_id": "656daa91-33b4-4688-9135-c982ea52d7c9"},"columns":[{"name": "id", "type": "uuid"}, {"name": "sender_id", "type": "uuid"}, {"name": "receiver_id", "type": "uuid"}, {"name": "content", "type": "text"}, {"name": "is_read", "type": "bool"}, {"name": "created_at", "type": "timestamptz"}],"errors":null,"schema":"public","commit_timestamp":"2025-12-18T16:11:31.063Z","old_record":{"id": "8e55e29a-7e9a-4c45-beb0-f34b5dbf272a"}},"ids":[102443684]},"topic":"realtime:direct_messages"}
📨 Received: {"ref":null,"event":"postgres_changes","payload":{"data":{"table":"direct_messages","type":"UPDATE","record":{"id": "c438b4b3-7ddd-4349-b7aa-7ea73a849edc", "content": "", "is_read": true, "sender_id": "96e01cdb-36c0-4228-a6e4-a29a3c66bc8e", "created_at": "2025-12-13T01:12:58.71361+00:00", "receiver_id": "656daa91-33b4-4688-9135-c982ea52d7c9"},"columns":[{"name": "id", "type": "uuid"}, {"name": "sender_id", "type": "uuid"}, {"name": "receiver_id", "type": "uuid"}, {"name": "content", "type": "text"}, {"name": "is_read", "type": "bool"}, {"name": "created_at", "type": "timestamptz"}],"errors":null,"schema":"public","commit_timestamp":"2025-12-18T16:11:31.063Z","old_record":{"id": "c438b4b3-7ddd-4349-b7aa-7ea73a849edc"}},"ids":[102443684]},"topic":"realtime:direct_messages"}
📨 Received: {"ref":null,"event":"postgres_changes","payload":{"data":{"table":"direct_messages","type":"UPDATE","record":{"id": "9651e9f2-a4cf-4014-95ed-ea9355146b6e", "content": "INVITE|event_tt1396484|It", "is_read": true, "sender_id": "96e01cdb-36c0-4228-a6e4-a29a3c66bc8e", "created_at": "2025-12-18T05:38:23.334987+00:00", "receiver_id": "656daa91-33b4-4688-9135-c982ea52d7c9"},"columns":[{"name": "id", "type": "uuid"}, {"name": "sender_id", "type": "uuid"}, {"name": "receiver_id", "type": "uuid"}, {"name": "content", "type": "text"}, {"name": "is_read", "type": "bool"}, {"name": "created_at", "type": "timestamptz"}],"errors":null,"schema":"public","commit_timestamp":"2025-12-18T16:11:31.063Z","old_record":{"id": "9651e9f2-a4cf-4014-95ed-ea9355146b6e"}},"ids":[102443684]},"topic":"realtime:direct_messages"}
📨 Received: {"ref":null,"event":"postgres_changes","payload":{"data":{"table":"direct_messages","type":"UPDATE","record":{"id": "25556eec-e7e5-48f9-ae92-061d1dd7688f", "content": "", "is_read": true, "sender_id": "96e01cdb-36c0-4228-a6e4-a29a3c66bc8e", "created_at": "2025-12-13T01:04:48.629412+00:00", "receiver_id": "656daa91-33b4-4688-9135-c982ea52d7c9"},"columns":[{"name": "id", "type": "uuid"}, {"name": "sender_id", "type": "uuid"}, {"name": "receiver_id", "type": "uuid"}, {"name": "content", "type": "text"}, {"name": "is_read", "type": "bool"}, {"name": "created_at", "type": "timestamptz"}],"errors":null,"schema":"public","commit_timestamp":"2025-12-18T16:11:31.063Z","old_record":{"id": "25556eec-e7e5-48f9-ae92-061d1dd7688f"}},"ids":[102443684]},"topic":"realtime:direct_messages"}
📨 Received: {"ref":null,"event":"postgres_changes","payload":{"data":{"table":"direct_messages","type":"UPDATE","record":{"id": "db210b6b-7958-4007-909d-df15e4a1d257", "content": "", "is_read": true, "sender_id": "96e01cdb-36c0-4228-a6e4-a29a3c66bc8e", "created_at": "2025-12-13T00:57:30.548139+00:00", "receiver_id": "656daa91-33b4-4688-9135-c982ea52d7c9"},"columns":[{"name": "id", "type": "uuid"}, {"name": "sender_id", "type": "uuid"}, {"name": "receiver_id", "type": "uuid"}, {"name": "content", "type": "text"}, {"name": "is_read", "type": "bool"}, {"name": "created_at", "type": "timestamptz"}],"errors":null,"schema":"public","commit_timestamp":"2025-12-18T16:11:31.063Z","old_record":{"id": "db210b6b-7958-4007-909d-df15e4a1d257"}},"ids":[102443684]},"topic":"realtime:direct_messages"}
📨 Received: {"ref":null,"event":"postgres_changes","payload":{"data":{"table":"direct_messages","type":"UPDATE","record":{"id": "ab076f51-d798-4d1f-9fc1-c82b749b77ee", "content": "INVITE|event_tt1396484|It", "is_read": true, "sender_id": "96e01cdb-36c0-4228-a6e4-a29a3c66bc8e", "created_at": "2025-12-18T05:30:44.023032+00:00", "receiver_id": "656daa91-33b4-4688-9135-c982ea52d7c9"},"columns":[{"name": "id", "type": "uuid"}, {"name": "sender_id", "type": "uuid"}, {"name": "receiver_id", "type": "uuid"}, {"name": "content", "type": "text"}, {"name": "is_read", "type": "bool"}, {"name": "created_at", "type": "timestamptz"}],"errors":null,"schema":"public","commit_timestamp":"2025-12-18T16:11:31.063Z","old_record":{"id": "ab076f51-d798-4d1f-9fc1-c82b749b77ee"}},"ids":[102443684]},"topic":"realtime:direct_messages"}
📨 Received: {"ref":null,"event":"postgres_changes","payload":{"data":{"table":"direct_messages","type":"UPDATE","record":{"id": "e4119f3b-15fa-4d43-af2b-e078443148cc", "content": "❤️❤️", "is_read": true, "sender_id": "96e01cdb-36c0-4228-a6e4-a29a3c66bc8e", "created_at": "2025-12-13T01:19:23.678493+00:00", "receiver_id": "656daa91-33b4-4688-9135-c982ea52d7c9"},"columns":[{"name": "id", "type": "uuid"}, {"name": "sender_id", "type": "uuid"}, {"name": "receiver_id", "type": "uuid"}, {"name": "content", "type": "text"}, {"name": "is_read", "type": "bool"}, {"name": "created_at", "type": "timestamptz"}],"errors":null,"schema":"public","commit_timestamp":"2025-12-18T16:11:31.063Z","old_record":{"id": "e4119f3b-15fa-4d43-af2b-e078443148cc"}},"ids":[102443684]},"topic":"realtime:direct_messages"}
📨 Received: {"ref":null,"event":"postgres_changes","payload":{"data":{"table":"direct_messages","type":"UPDATE","record":{"id": "c3e27299-ea0e-4324-8b59-68a78f5c370b", "content": "hi", "is_read": true, "sender_id": "96e01cdb-36c0-4228-a6e4-a29a3c66bc8e", "created_at": "2025-12-15T23:47:21.243496+00:00", "receiver_id": "656daa91-33b4-4688-9135-c982ea52d7c9"},"columns":[{"name": "id", "type": "uuid"}, {"name": "sender_id", "type": "uuid"}, {"name": "receiver_id", "type": "uuid"}, {"name": "content", "type": "text"}, {"name": "is_read", "type": "bool"}, {"name": "created_at", "type": "timestamptz"}],"errors":null,"schema":"public","commit_timestamp":"2025-12-18T16:11:31.063Z","old_record":{"id": "c3e27299-ea0e-4324-8b59-68a78f5c370b"}},"ids":[102443684]},"topic":"realtime:direct_messages"}
📨 Received: {"ref":null,"event":"postgres_changes","payload":{"data":{"table":"direct_messages","type":"UPDATE","record":{"id": "2c2928ac-97e5-4305-bc94-240b52da11f1", "content": "", "is_read": true, "sender_id": "96e01cdb-36c0-4228-a6e4-a29a3c66bc8e", "created_at": "2025-12-12T23:58:24.5022+00:00", "receiver_id": "656daa91-33b4-4688-9135-c982ea52d7c9"},"columns":[{"name": "id", "type": "uuid"}, {"name": "sender_id", "type": "uuid"}, {"name": "receiver_id", "type": "uuid"}, {"name": "content", "type": "text"}, {"name": "is_read", "type": "bool"}, {"name": "created_at", "type": "timestamptz"}],"errors":null,"schema":"public","commit_timestamp":"2025-12-18T16:11:31.063Z","old_record":{"id": "2c2928ac-97e5-4305-bc94-240b52da11f1"}},"ids":[102443684]},"topic":"realtime:direct_messages"}
📨 Received: {"ref":null,"event":"postgres_changes","payload":{"data":{"table":"direct_messages","type":"UPDATE","record":{"id": "502997b7-a110-4512-a894-cf46c00e2532", "content": "", "is_read": true, "sender_id": "96e01cdb-36c0-4228-a6e4-a29a3c66bc8e", "created_at": "2025-12-13T01:00:55.329534+00:00", "receiver_id": "656daa91-33b4-4688-9135-c982ea52d7c9"},"columns":[{"name": "id", "type": "uuid"}, {"name": "sender_id", "type": "uuid"}, {"name": "receiver_id", "type": "uuid"}, {"name": "content", "type": "text"}, {"name": "is_read", "type": "bool"}, {"name": "created_at", "type": "timestamptz"}],"errors":null,"schema":"public","commit_timestamp":"2025-12-18T16:11:31.063Z","old_record":{"id": "502997b7-a110-4512-a894-cf46c00e2532"}},"ids":[102443684]},"topic":"realtime:direct_messages"}
📨 Received: {"ref":null,"event":"postgres_changes","payload":{"data":{"table":"direct_messages","type":"UPDATE","record":{"id": "52c45903-ac9d-449b-be48-6368d1eca757", "content": "", "is_read": true, "sender_id": "96e01cdb-36c0-4228-a6e4-a29a3c66bc8e", "created_at": "2025-12-13T01:12:56.621839+00:00", "receiver_id": "656daa91-33b4-4688-9135-c982ea52d7c9"},"columns":[{"name": "id", "type": "uuid"}, {"name": "sender_id", "type": "uuid"}, {"name": "receiver_id", "type": "uuid"}, {"name": "content", "type": "text"}, {"name": "is_read", "type": "bool"}, {"name": "created_at", "type": "timestamptz"}],"errors":null,"schema":"public","commit_timestamp":"2025-12-18T16:11:31.063Z","old_record":{"id": "52c45903-ac9d-449b-be48-6368d1eca757"}},"ids":[102443684]},"topic":"realtime:direct_messages"}
📨 Received: {"ref":null,"event":"postgres_changes","payload":{"data":{"table":"direct_messages","type":"UPDATE","record":{"id": "58ca60e0-6da0-46e4-896d-b18f04ebce08", "content": "😂", "is_read": true, "sender_id": "96e01cdb-36c0-4228-a6e4-a29a3c66bc8e", "created_at": "2025-12-13T01:19:27.456633+00:00", "receiver_id": "656daa91-33b4-4688-9135-c982ea52d7c9"},"columns":[{"name": "id", "type": "uuid"}, {"name": "sender_id", "type": "uuid"}, {"name": "receiver_id", "type": "uuid"}, {"name": "content", "type": "text"}, {"name": "is_read", "type": "bool"}, {"name": "created_at", "type": "timestamptz"}],"errors":null,"schema":"public","commit_timestamp":"2025-12-18T16:11:31.063Z","old_record":{"id": "58ca60e0-6da0-46e4-896d-b18f04ebce08"}},"ids":[102443684]},"topic":"realtime:direct_messages"}
📨 Received: {"ref":null,"event":"postgres_changes","payload":{"data":{"table":"direct_messages","type":"UPDATE","record":{"id": "8fb7c3cc-1dbe-4b57-9484-5ebec97e00e9", "content": "", "is_read": true, "sender_id": "96e01cdb-36c0-4228-a6e4-a29a3c66bc8e", "created_at": "2025-12-13T00:57:33.433658+00:00", "receiver_id": "656daa91-33b4-4688-9135-c982ea52d7c9"},"columns":[{"name": "id", "type": "uuid"}, {"name": "sender_id", "type": "uuid"}, {"name": "receiver_id", "type": "uuid"}, {"name": "content", "type": "text"}, {"name": "is_read", "type": "bool"}, {"name": "created_at", "type": "timestamptz"}],"errors":null,"schema":"public","commit_timestamp":"2025-12-18T16:11:31.063Z","old_record":{"id": "8fb7c3cc-1dbe-4b57-9484-5ebec97e00e9"}},"ids":[102443684]},"topic":"realtime:direct_messages"}
📨 Received: {"ref":null,"event":"postgres_changes","payload":{"data":{"table":"direct_messages","type":"UPDATE","record":{"id": "c0229cf5-9fbf-48be-8be5-d2239d889f8a", "content": "hey", "is_read": true, "sender_id": "96e01cdb-36c0-4228-a6e4-a29a3c66bc8e", "created_at": "2025-12-13T20:01:57.217882+00:00", "receiver_id": "656daa91-33b4-4688-9135-c982ea52d7c9"},"columns":[{"name": "id", "type": "uuid"}, {"name": "sender_id", "type": "uuid"}, {"name": "receiver_id", "type": "uuid"}, {"name": "content", "type": "text"}, {"name": "is_read", "type": "bool"}, {"name": "created_at", "type": "timestamptz"}],"errors":null,"schema":"public","commit_timestamp":"2025-12-18T16:11:31.063Z","old_record":{"id": "c0229cf5-9fbf-48be-8be5-d2239d889f8a"}},"ids":[102443684]},"topic":"realtime:direct_messages"}
📨 Received: {"ref":null,"event":"postgres_changes","payload":{"data":{"table":"direct_messages","type":"UPDATE","record":{"id": "fc5e9dcb-0115-4275-8cbc-5fd13db5e847", "content": "hey", "is_read": true, "sender_id": "96e01cdb-36c0-4228-a6e4-a29a3c66bc8e", "created_at": "2025-12-14T20:20:09.138707+00:00", "receiver_id": "656daa91-33b4-4688-9135-c982ea52d7c9"},"columns":[{"name": "id", "type": "uuid"}, {"name": "sender_id", "type": "uuid"}, {"name": "receiver_id", "type": "uuid"}, {"name": "content", "type": "text"}, {"name": "is_read", "type": "bool"}, {"name": "created_at", "type": "timestamptz"}],"errors":null,"schema":"public","commit_timestamp":"2025-12-18T16:11:31.063Z","old_record":{"id": "fc5e9dcb-0115-4275-8cbc-5fd13db5e847"}},"ids":[102443684]},"topic":"realtime:direct_messages"}
📨 Received: {"ref":null,"event":"postgres_changes","payload":{"data":{"table":"direct_messages","type":"UPDATE","record":{"id": "06002bbf-8509-4991-a8df-bf69cafbe8d1", "content": "wow", "is_read": true, "sender_id": "96e01cdb-36c0-4228-a6e4-a29a3c66bc8e", "created_at": "2025-12-15T18:51:42.028072+00:00", "receiver_id": "656daa91-33b4-4688-9135-c982ea52d7c9"},"columns":[{"name": "id", "type": "uuid"}, {"name": "sender_id", "type": "uuid"}, {"name": "receiver_id", "type": "uuid"}, {"name": "content", "type": "text"}, {"name": "is_read", "type": "bool"}, {"name": "created_at", "type": "timestamptz"}],"errors":null,"schema":"public","commit_timestamp":"2025-12-18T16:11:31.063Z","old_record":{"id": "06002bbf-8509-4991-a8df-bf69cafbe8d1"}},"ids":[102443684]},"topic":"realtime:direct_messages"}
📨 Received: {"ref":null,"event":"postgres_changes","payload":{"data":{"table":"direct_messages","type":"UPDATE","record":{"id": "0f80eedb-a86c-4b6a-94c6-2a29ffed856f", "content": "wake up", "is_read": true, "sender_id": "96e01cdb-36c0-4228-a6e4-a29a3c66bc8e", "created_at": "2025-12-12T21:27:03.342905+00:00", "receiver_id": "656daa91-33b4-4688-9135-c982ea52d7c9"},"columns":[{"name": "id", "type": "uuid"}, {"name": "sender_id", "type": "uuid"}, {"name": "receiver_id", "type": "uuid"}, {"name": "content", "type": "text"}, {"name": "is_read", "type": "bool"}, {"name": "created_at", "type": "timestamptz"}],"errors":null,"schema":"public","commit_timestamp":"2025-12-18T16:11:31.063Z","old_record":{"id": "0f80eedb-a86c-4b6a-94c6-2a29ffed856f"}},"ids":[102443684]},"topic":"realtime:direct_messages"}
📨 Received: {"ref":null,"event":"postgres_changes","payload":{"data":{"table":"direct_messages","type":"UPDATE","record":{"id": "1fb309c0-a03f-4b04-8531-acf0f993ad17", "content": "", "is_read": true, "sender_id": "96e01cdb-36c0-4228-a6e4-a29a3c66bc8e", "created_at": "2025-12-13T01:12:46.444971+00:00", "receiver_id": "656daa91-33b4-4688-9135-c982ea52d7c9"},"columns":[{"name": "id", "type": "uuid"}, {"name": "sender_id", "type": "uuid"}, {"name": "receiver_id", "type": "uuid"}, {"name": "content", "type": "text"}, {"name": "is_read", "type": "bool"}, {"name": "created_at", "type": "timestamptz"}],"errors":null,"schema":"public","commit_timestamp":"2025-12-18T16:11:31.063Z","old_record":{"id": "1fb309c0-a03f-4b04-8531-acf0f993ad17"}},"ids":[102443684]},"topic":"realtime:direct_messages"}
📨 Received: {"ref":null,"event":"postgres_changes","payload":{"data":{"table":"direct_messages","type":"UPDATE","record":{"id": "794e3eb1-772e-4294-bb3b-bae0479bf54b", "content": "", "is_read": true, "sender_id": "96e01cdb-36c0-4228-a6e4-a29a3c66bc8e", "created_at": "2025-12-13T00:54:13.505246+00:00", "receiver_id": "656daa91-33b4-4688-9135-c982ea52d7c9"},"columns":[{"name": "id", "type": "uuid"}, {"name": "sender_id", "type": "uuid"}, {"name": "receiver_id", "type": "uuid"}, {"name": "content", "type": "text"}, {"name": "is_read", "type": "bool"}, {"name": "created_at", "type": "timestamptz"}],"errors":null,"schema":"public","commit_timestamp":"2025-12-18T16:11:31.063Z","old_record":{"id": "794e3eb1-772e-4294-bb3b-bae0479bf54b"}},"ids":[102443684]},"topic":"realtime:direct_messages"}
📨 Received: {"ref":null,"event":"postgres_changes","payload":{"data":{"table":"direct_messages","type":"UPDATE","record":{"id": "e28feec3-3f5c-45a2-9c06-e12f86d6576f", "content": "", "is_read": true, "sender_id": "96e01cdb-36c0-4228-a6e4-a29a3c66bc8e", "created_at": "2025-12-13T01:00:47.911359+00:00", "receiver_id": "656daa91-33b4-4688-9135-c982ea52d7c9"},"columns":[{"name": "id", "type": "uuid"}, {"name": "sender_id", "type": "uuid"}, {"name": "receiver_id", "type": "uuid"}, {"name": "content", "type": "text"}, {"name": "is_read", "type": "bool"}, {"name": "created_at", "type": "timestamptz"}],"errors":null,"schema":"public","commit_timestamp":"2025-12-18T16:11:31.063Z","old_record":{"id": "e28feec3-3f5c-45a2-9c06-e12f86d6576f"}},"ids":[102443684]},"topic":"realtime:direct_messages"}
📨 Received: {"ref":null,"event":"postgres_changes","payload":{"data":{"table":"direct_messages","type":"UPDATE","record":{"id": "68984362-662c-4936-94bc-731632ea9711", "content": "wake up", "is_read": true, "sender_id": "96e01cdb-36c0-4228-a6e4-a29a3c66bc8e", "created_at": "2025-12-14T03:38:50.239247+00:00", "receiver_id": "656daa91-33b4-4688-9135-c982ea52d7c9"},"columns":[{"name": "id", "type": "uuid"}, {"name": "sender_id", "type": "uuid"}, {"name": "receiver_id", "type": "uuid"}, {"name": "content", "type": "text"}, {"name": "is_read", "type": "bool"}, {"name": "created_at", "type": "timestamptz"}],"errors":null,"schema":"public","commit_timestamp":"2025-12-18T16:11:31.063Z","old_record":{"id": "68984362-662c-4936-94bc-731632ea9711"}},"ids":[102443684]},"topic":"realtime:direct_messages"}
📨 Received: {"ref":null,"event":"postgres_changes","payload":{"data":{"table":"direct_messages","type":"UPDATE","record":{"id": "b34fc93a-2e2c-4c9d-82d3-d3a2fe78ca03", "content": "🍿🍿🍿🍿", "is_read": true, "sender_id": "96e01cdb-36c0-4228-a6e4-a29a3c66bc8e", "created_at": "2025-12-13T01:19:33.416325+00:00", "receiver_id": "656daa91-33b4-4688-9135-c982ea52d7c9"},"columns":[{"name": "id", "type": "uuid"}, {"name": "sender_id", "type": "uuid"}, {"name": "receiver_id", "type": "uuid"}, {"name": "content", "type": "text"}, {"name": "is_read", "type": "bool"}, {"name": "created_at", "type": "timestamptz"}],"errors":null,"schema":"public","commit_timestamp":"2025-12-18T16:11:31.063Z","old_record":{"id": "b34fc93a-2e2c-4c9d-82d3-d3a2fe78ca03"}},"ids":[102443684]},"topic":"realtime:direct_messages"}
📨 Received: {"ref":null,"event":"postgres_changes","payload":{"data":{"table":"direct_messages","type":"UPDATE","record":{"id": "d74d760f-8af7-4a70-82f8-f6f84e7ad4b7", "content": "hi", "is_read": true, "sender_id": "96e01cdb-36c0-4228-a6e4-a29a3c66bc8e", "created_at": "2025-12-14T00:51:46.045601+00:00", "receiver_id": "656daa91-33b4-4688-9135-c982ea52d7c9"},"columns":[{"name": "id", "type": "uuid"}, {"name": "sender_id", "type": "uuid"}, {"name": "receiver_id", "type": "uuid"}, {"name": "content", "type": "text"}, {"name": "is_read", "type": "bool"}, {"name": "created_at", "type": "timestamptz"}],"errors":null,"schema":"public","commit_timestamp":"2025-12-18T16:11:31.063Z","old_record":{"id": "d74d760f-8af7-4a70-82f8-f6f84e7ad4b7"}},"ids":[102443684]},"topic":"realtime:direct_messages"}
📨 Received: {"ref":null,"event":"postgres_changes","payload":{"data":{"table":"direct_messages","type":"UPDATE","record":{"id": "67ca8369-43cb-4e90-9b29-a65c0f332e21", "content": "", "is_read": true, "sender_id": "96e01cdb-36c0-4228-a6e4-a29a3c66bc8e", "created_at": "2025-12-13T00:57:16.956906+00:00", "receiver_id": "656daa91-33b4-4688-9135-c982ea52d7c9"},"columns":[{"name": "id", "type": "uuid"}, {"name": "sender_id", "type": "uuid"}, {"name": "receiver_id", "type": "uuid"}, {"name": "content", "type": "text"}, {"name": "is_read", "type": "bool"}, {"name": "created_at", "type": "timestamptz"}],"errors":null,"schema":"public","commit_timestamp":"2025-12-18T16:11:31.063Z","old_record":{"id": "67ca8369-43cb-4e90-9b29-a65c0f332e21"}},"ids":[102443684]},"topic":"realtime:direct_messages"}
📨 Received: {"ref":null,"event":"postgres_changes","payload":{"data":{"table":"direct_messages","type":"UPDATE","record":{"id": "d4a3961a-1605-4e68-b2f1-f05513e32a27", "content": "", "is_read": true, "sender_id": "96e01cdb-36c0-4228-a6e4-a29a3c66bc8e", "created_at": "2025-12-13T00:57:25.70842+00:00", "receiver_id": "656daa91-33b4-4688-9135-c982ea52d7c9"},"columns":[{"name": "id", "type": "uuid"}, {"name": "sender_id", "type": "uuid"}, {"name": "receiver_id", "type": "uuid"}, {"name": "content", "type": "text"}, {"name": "is_read", "type": "bool"}, {"name": "created_at", "type": "timestamptz"}],"errors":null,"schema":"public","commit_timestamp":"2025-12-18T16:11:31.063Z","old_record":{"id": "d4a3961a-1605-4e68-b2f1-f05513e32a27"}},"ids":[102443684]},"topic":"realtime:direct_messages"}
📨 Received: {"ref":null,"event":"postgres_changes","payload":{"data":{"table":"direct_messages","type":"UPDATE","record":{"id": "ed0e8529-effd-426f-880c-513e4f642e2a", "content": "😂😂😂😂", "is_read": true, "sender_id": "96e01cdb-36c0-4228-a6e4-a29a3c66bc8e", "created_at": "2025-12-13T01:27:05.003029+00:00", "receiver_id": "656daa91-33b4-4688-9135-c982ea52d7c9"},"columns":[{"name": "id", "type": "uuid"}, {"name": "sender_id", "type": "uuid"}, {"name": "receiver_id", "type": "uuid"}, {"name": "content", "type": "text"}, {"name": "is_read", "type": "bool"}, {"name": "created_at", "type": "timestamptz"}],"errors":null,"schema":"public","commit_timestamp":"2025-12-18T16:11:31.063Z","old_record":{"id": "ed0e8529-effd-426f-880c-513e4f642e2a"}},"ids":[102443684]},"topic":"realtime:direct_messages"}
📨 Received: {"ref":null,"event":"postgres_changes","payload":{"data":{"table":"direct_messages","type":"UPDATE","record":{"id": "9b09dbaa-d492-4430-bf70-c6e40685817a", "content": "hey", "is_read": true, "sender_id": "96e01cdb-36c0-4228-a6e4-a29a3c66bc8e", "created_at": "2025-12-12T20:06:42.396607+00:00", "receiver_id": "656daa91-33b4-4688-9135-c982ea52d7c9"},"columns":[{"name": "id", "type": "uuid"}, {"name": "sender_id", "type": "uuid"}, {"name": "receiver_id", "type": "uuid"}, {"name": "content", "type": "text"}, {"name": "is_read", "type": "bool"}, {"name": "created_at", "type": "timestamptz"}],"errors":null,"schema":"public","commit_timestamp":"2025-12-18T16:11:31.063Z","old_record":{"id": "9b09dbaa-d492-4430-bf70-c6e40685817a"}},"ids":[102443684]},"topic":"realtime:direct_messages"}
📨 Received: {"ref":null,"event":"postgres_changes","payload":{"data":{"table":"direct_messages","type":"UPDATE","record":{"id": "058f39e9-00bc-45b6-b357-46a614f9b7b5", "content": "😎😎😎😎", "is_read": true, "sender_id": "96e01cdb-36c0-4228-a6e4-a29a3c66bc8e", "created_at": "2025-12-13T04:13:00.503636+00:00", "receiver_id": "656daa91-33b4-4688-9135-c982ea52d7c9"},"columns":[{"name": "id", "type": "uuid"}, {"name": "sender_id", "type": "uuid"}, {"name": "receiver_id", "type": "uuid"}, {"name": "content", "type": "text"}, {"name": "is_read", "type": "bool"}, {"name": "created_at", "type": "timestamptz"}],"errors":null,"schema":"public","commit_timestamp":"2025-12-18T16:11:31.063Z","old_record":{"id": "058f39e9-00bc-45b6-b357-46a614f9b7b5"}},"ids":[102443684]},"topic":"realtime:direct_messages"}
📨 Received: {"ref":null,"event":"postgres_changes","payload":{"data":{"table":"direct_messages","type":"UPDATE","record":{"id": "e09e5ddb-2cca-45c0-b789-88ed97ff8c62", "content": "💯💯💯💯💯💯", "is_read": true, "sender_id": "96e01cdb-36c0-4228-a6e4-a29a3c66bc8e", "created_at": "2025-12-13T04:13:31.230723+00:00", "receiver_id": "656daa91-33b4-4688-9135-c982ea52d7c9"},"columns":[{"name": "id", "type": "uuid"}, {"name": "sender_id", "type": "uuid"}, {"name": "receiver_id", "type": "uuid"}, {"name": "content", "type": "text"}, {"name": "is_read", "type": "bool"}, {"name": "created_at", "type": "timestamptz"}],"errors":null,"schema":"public","commit_timestamp":"2025-12-18T16:11:31.063Z","old_record":{"id": "e09e5ddb-2cca-45c0-b789-88ed97ff8c62"}},"ids":[102443684]},"topic":"realtime:direct_messages"}
📨 Received: {"ref":null,"event":"postgres_changes","payload":{"data":{"table":"direct_messages","type":"UPDATE","record":{"id": "26b5e968-0e28-4d3a-ade4-74f2b7fae461", "content": "😱😱😱😱", "is_read": true, "sender_id": "96e01cdb-36c0-4228-a6e4-a29a3c66bc8e", "created_at": "2025-12-13T04:13:12.070272+00:00", "receiver_id": "656daa91-33b4-4688-9135-c982ea52d7c9"},"columns":[{"name": "id", "type": "uuid"}, {"name": "sender_id", "type": "uuid"}, {"name": "receiver_id", "type": "uuid"}, {"name": "content", "type": "text"}, {"name": "is_read", "type": "bool"}, {"name": "created_at", "type": "timestamptz"}],"errors":null,"schema":"public","commit_timestamp":"2025-12-18T16:11:31.063Z","old_record":{"id": "26b5e968-0e28-4d3a-ade4-74f2b7fae461"}},"ids":[102443684]},"topic":"realtime:direct_messages"}
📨 Received: {"ref":null,"event":"postgres_changes","payload":{"data":{"table":"direct_messages","type":"UPDATE","record":{"id": "74cc5e56-7cd3-4d13-9401-40834361cfc5", "content": "hi", "is_read": true, "sender_id": "96e01cdb-36c0-4228-a6e4-a29a3c66bc8e", "created_at": "2025-12-12T20:45:06.518024+00:00", "receiver_id": "656daa91-33b4-4688-9135-c982ea52d7c9"},"columns":[{"name": "id", "type": "uuid"}, {"name": "sender_id", "type": "uuid"}, {"name": "receiver_id", "type": "uuid"}, {"name": "content", "type": "text"}, {"name": "is_read", "type": "bool"}, {"name": "created_at", "type": "timestamptz"}],"errors":null,"schema":"public","commit_timestamp":"2025-12-18T16:11:31.063Z","old_record":{"id": "74cc5e56-7cd3-4d13-9401-40834361cfc5"}},"ids":[102443684]},"topic":"realtime:direct_messages"}
📨 Received: {"ref":null,"event":"postgres_changes","payload":{"data":{"table":"direct_messages","type":"UPDATE","record":{"id": "7993d5d9-d23e-44b5-a647-0875214289d4", "content": "hello", "is_read": true, "sender_id": "96e01cdb-36c0-4228-a6e4-a29a3c66bc8e", "created_at": "2025-12-12T20:47:06.941749+00:00", "receiver_id": "656daa91-33b4-4688-9135-c982ea52d7c9"},"columns":[{"name": "id", "type": "uuid"}, {"name": "sender_id", "type": "uuid"}, {"name": "receiver_id", "type": "uuid"}, {"name": "content", "type": "text"}, {"name": "is_read", "type": "bool"}, {"name": "created_at", "type": "timestamptz"}],"errors":null,"schema":"public","commit_timestamp":"2025-12-18T16:11:31.063Z","old_record":{"id": "7993d5d9-d23e-44b5-a647-0875214289d4"}},"ids":[102443684]},"topic":"realtime:direct_messages"}
📨 Received: {"ref":null,"event":"postgres_changes","payload":{"data":{"table":"direct_messages","type":"UPDATE","record":{"id": "ea3805be-56cb-4a72-89e6-f1edda108d52", "content": "ola", "is_read": true, "sender_id": "96e01cdb-36c0-4228-a6e4-a29a3c66bc8e", "created_at": "2025-12-12T20:52:00.643772+00:00", "receiver_id": "656daa91-33b4-4688-9135-c982ea52d7c9"},"columns":[{"name": "id", "type": "uuid"}, {"name": "sender_id", "type": "uuid"}, {"name": "receiver_id", "type": "uuid"}, {"name": "content", "type": "text"}, {"name": "is_read", "type": "bool"}, {"name": "created_at", "type": "timestamptz"}],"errors":null,"schema":"public","commit_timestamp":"2025-12-18T16:11:31.063Z","old_record":{"id": "ea3805be-56cb-4a72-89e6-f1edda108d52"}},"ids":[102443684]},"topic":"realtime:direct_messages"}
📨 Received: {"ref":null,"event":"postgres_changes","payload":{"data":{"table":"direct_messages","type":"UPDATE","record":{"id": "5f43f39e-77ef-4875-a2f7-0a5cce7425ac", "content": "wake up", "is_read": true, "sender_id": "96e01cdb-36c0-4228-a6e4-a29a3c66bc8e", "created_at": "2025-12-12T20:52:04.765869+00:00", "receiver_id": "656daa91-33b4-4688-9135-c982ea52d7c9"},"columns":[{"name": "id", "type": "uuid"}, {"name": "sender_id", "type": "uuid"}, {"name": "receiver_id", "type": "uuid"}, {"name": "content", "type": "text"}, {"name": "is_read", "type": "bool"}, {"name": "created_at", "type": "timestamptz"}],"errors":null,"schema":"public","commit_timestamp":"2025-12-18T16:11:31.063Z","old_record":{"id": "5f43f39e-77ef-4875-a2f7-0a5cce7425ac"}},"ids":[102443684]},"topic":"realtime:direct_messages"}
📨 Received: {"ref":null,"event":"postgres_changes","payload":{"data":{"table":"direct_messages","type":"UPDATE","record":{"id": "1699735a-648e-4804-b6bc-435169f9ebe9", "content": "hi", "is_read": true, "sender_id": "96e01cdb-36c0-4228-a6e4-a29a3c66bc8e", "created_at": "2025-12-12T20:52:54.751131+00:00", "receiver_id": "656daa91-33b4-4688-9135-c982ea52d7c9"},"columns":[{"name": "id", "type": "uuid"}, {"name": "sender_id", "type": "uuid"}, {"name": "receiver_id", "type": "uuid"}, {"name": "content", "type": "text"}, {"name": "is_read", "type": "bool"}, {"name": "created_at", "type": "timestamptz"}],"errors":null,"schema":"public","commit_timestamp":"2025-12-18T16:11:31.063Z","old_record":{"id": "1699735a-648e-4804-b6bc-435169f9ebe9"}},"ids":[102443684]},"topic":"realtime:direct_messages"}
📨 Received: {"ref":null,"event":"postgres_changes","payload":{"data":{"table":"direct_messages","type":"UPDATE","record":{"id": "8776774b-a6ca-41f2-b915-13bdcb45e7bf", "content": "hi", "is_read": true, "sender_id": "96e01cdb-36c0-4228-a6e4-a29a3c66bc8e", "created_at": "2025-12-15T18:41:00.986745+00:00", "receiver_id": "656daa91-33b4-4688-9135-c982ea52d7c9"},"columns":[{"name": "id", "type": "uuid"}, {"name": "sender_id", "type": "uuid"}, {"name": "receiver_id", "type": "uuid"}, {"name": "content", "type": "text"}, {"name": "is_read", "type": "bool"}, {"name": "created_at", "type": "timestamptz"}],"errors":null,"schema":"public","commit_timestamp":"2025-12-18T16:11:31.063Z","old_record":{"id": "8776774b-a6ca-41f2-b915-13bdcb45e7bf"}},"ids":[102443684]},"topic":"realtime:direct_messages"}
📨 Received: {"ref":null,"event":"postgres_changes","payload":{"data":{"table":"direct_messages","type":"UPDATE","record":{"id": "9b8c2458-f116-4fcd-8de0-dfac5a7c7419", "content": "wake up", "is_read": true, "sender_id": "96e01cdb-36c0-4228-a6e4-a29a3c66bc8e", "created_at": "2025-12-13T20:08:29.062504+00:00", "receiver_id": "656daa91-33b4-4688-9135-c982ea52d7c9"},"columns":[{"name": "id", "type": "uuid"}, {"name": "sender_id", "type": "uuid"}, {"name": "receiver_id", "type": "uuid"}, {"name": "content", "type": "text"}, {"name": "is_read", "type": "bool"}, {"name": "created_at", "type": "timestamptz"}],"errors":null,"schema":"public","commit_timestamp":"2025-12-18T16:11:31.063Z","old_record":{"id": "9b8c2458-f116-4fcd-8de0-dfac5a7c7419"}},"ids":[102443684]},"topic":"realtime:direct_messages"}
📨 Received: {"ref":null,"event":"postgres_changes","payload":{"data":{"table":"direct_messages","type":"UPDATE","record":{"id": "bf680b1a-8c6b-4607-bf8b-08f994692276", "content": "hi", "is_read": true, "sender_id": "96e01cdb-36c0-4228-a6e4-a29a3c66bc8e", "created_at": "2025-12-17T06:14:31.600765+00:00", "receiver_id": "656daa91-33b4-4688-9135-c982ea52d7c9"},"columns":[{"name": "id", "type": "uuid"}, {"name": "sender_id", "type": "uuid"}, {"name": "receiver_id", "type": "uuid"}, {"name": "content", "type": "text"}, {"name": "is_read", "type": "bool"}, {"name": "created_at", "type": "timestamptz"}],"errors":null,"schema":"public","commit_timestamp":"2025-12-18T16:11:31.063Z","old_record":{"id": "bf680b1a-8c6b-4607-bf8b-08f994692276"}},"ids":[102443684]},"topic":"realtime:direct_messages"}
📨 Received: {"ref":null,"event":"postgres_changes","payload":{"data":{"table":"direct_messages","type":"UPDATE","record":{"id": "9751cb1e-37b2-48c0-855c-8a8602e7a287", "content": "testing", "is_read": true, "sender_id": "96e01cdb-36c0-4228-a6e4-a29a3c66bc8e", "created_at": "2025-12-12T21:22:03.707117+00:00", "receiver_id": "656daa91-33b4-4688-9135-c982ea52d7c9"},"columns":[{"name": "id", "type": "uuid"}, {"name": "sender_id", "type": "uuid"}, {"name": "receiver_id", "type": "uuid"}, {"name": "content", "type": "text"}, {"name": "is_read", "type": "bool"}, {"name": "created_at", "type": "timestamptz"}],"errors":null,"schema":"public","commit_timestamp":"2025-12-18T16:11:31.063Z","old_record":{"id": "9751cb1e-37b2-48c0-855c-8a8602e7a287"}},"ids":[102443684]},"topic":"realtime:direct_messages"}
📨 Received: {"ref":null,"event":"postgres_changes","payload":{"data":{"table":"direct_messages","type":"UPDATE","record":{"id": "dbb7a6f7-8dd0-4bc5-a7ed-828a8a39604b", "content": "hello", "is_read": true, "sender_id": "96e01cdb-36c0-4228-a6e4-a29a3c66bc8e", "created_at": "2025-12-12T21:22:09.786238+00:00", "receiver_id": "656daa91-33b4-4688-9135-c982ea52d7c9"},"columns":[{"name": "id", "type": "uuid"}, {"name": "sender_id", "type": "uuid"}, {"name": "receiver_id", "type": "uuid"}, {"name": "content", "type": "text"}, {"name": "is_read", "type": "bool"}, {"name": "created_at", "type": "timestamptz"}],"errors":null,"schema":"public","commit_timestamp":"2025-12-18T16:11:31.063Z","old_record":{"id": "dbb7a6f7-8dd0-4bc5-a7ed-828a8a39604b"}},"ids":[102443684]},"topic":"realtime:direct_messages"}
📨 Received: {"ref":null,"event":"postgres_changes","payload":{"data":{"table":"direct_messages","type":"UPDATE","record":{"id": "50f43c62-2850-43ec-a1e8-54ebe0500210", "content": "yes", "is_read": true, "sender_id": "96e01cdb-36c0-4228-a6e4-a29a3c66bc8e", "created_at": "2025-12-14T00:53:15.170561+00:00", "receiver_id": "656daa91-33b4-4688-9135-c982ea52d7c9"},"columns":[{"name": "id", "type": "uuid"}, {"name": "sender_id", "type": "uuid"}, {"name": "receiver_id", "type": "uuid"}, {"name": "content", "type": "text"}, {"name": "is_read", "type": "bool"}, {"name": "created_at", "type": "timestamptz"}],"errors":null,"schema":"public","commit_timestamp":"2025-12-18T16:11:31.063Z","old_record":{"id": "50f43c62-2850-43ec-a1e8-54ebe0500210"}},"ids":[102443684]},"topic":"realtime:direct_messages"}
📨 Received: {"ref":null,"event":"postgres_changes","payload":{"data":{"table":"direct_messages","type":"UPDATE","record":{"id": "c756bb5d-96d4-4102-a006-3ca8eff8a0bf", "content": "hiii", "is_read": true, "sender_id": "96e01cdb-36c0-4228-a6e4-a29a3c66bc8e", "created_at": "2025-12-13T21:18:46.624969+00:00", "receiver_id": "656daa91-33b4-4688-9135-c982ea52d7c9"},"columns":[{"name": "id", "type": "uuid"}, {"name": "sender_id", "type": "uuid"}, {"name": "receiver_id", "type": "uuid"}, {"name": "content", "type": "text"}, {"name": "is_read", "type": "bool"}, {"name": "created_at", "type": "timestamptz"}],"errors":null,"schema":"public","commit_timestamp":"2025-12-18T16:11:31.063Z","old_record":{"id": "c756bb5d-96d4-4102-a006-3ca8eff8a0bf"}},"ids":[102443684]},"topic":"realtime:direct_messages"}
📨 Received: {"ref":null,"event":"postgres_changes","payload":{"data":{"table":"direct_messages","type":"UPDATE","record":{"id": "9692c65d-86d0-475c-8b0e-025f25213e9f", "content": "good2025-12-18 11:11:32.310 RedLemon[3216:26410] 🚪 Joining room: event_tt0126029
2025-12-18 11:11:32.495 RedLemon[3216:26486] ⚠️ SupabaseClient: User already in room (409), proceeding...
2025-12-18 11:11:32.740 RedLemon[3216:26410] 🎬 Room is playing (or is Event) - joining playback
2025-12-18 11:11:32.740 RedLemon[3216:26410] 🗓 Schedule Calc: Hall Pass | RuntimeStr: 105 min -> 105m | Duration: 6900.0s
2025-12-18 11:11:32.740 RedLemon[3216:26410] 🗓 Schedule Calc: Black Phone 2 | RuntimeStr: 114 min -> 114m | Duration: 7440.0s
2025-12-18 11:11:32.741 RedLemon[3216:26410] 🗓 Schedule Calc: It | RuntimeStr: 135 min -> 135m | Duration: 8700.0s
2025-12-18 11:11:32.741 RedLemon[3216:26410] 🗓 Schedule Calc: Pacific Rim | RuntimeStr: 131 min -> 131m | Duration: 8460.0s
2025-12-18 11:11:32.741 RedLemon[3216:26410] 🗓 Schedule Calc: Harry Potter and the Sorcerer's Stone | RuntimeStr: 152 min -> 152m | Duration: 9720.0s
2025-12-18 11:11:32.741 RedLemon[3216:26410] 🗓 Schedule Calc: Weapons | RuntimeStr: 129 min -> 129m | Duration: 8340.0s
2025-12-18 11:11:32.741 RedLemon[3216:26410] 🗓 Schedule Calc: Deadpool 2 | RuntimeStr: 120 min -> 120m | Duration: 7800.0s
2025-12-18 11:11:32.741 RedLemon[3216:26410] 🗓 Schedule Calc: Split | RuntimeStr: 117 min -> 117m | Duration: 7620.0s
2025-12-18 11:11:32.741 RedLemon[3216:26410] 🗓 Schedule Calc: Pirates of the Caribbean: The Curse of the Black Pearl | RuntimeStr: 143 min -> 143m | Duration: 9180.0s
2025-12-18 11:11:32.741 RedLemon[3216:26410] 🗓 Schedule Calc: The Expendables 4 | RuntimeStr: 103 min -> 103m | Duration: 6780.0s
2025-12-18 11:11:32.741 RedLemon[3216:26410] 🗓 Schedule Calc: It | RuntimeStr: 135 min -> 135m | Duration: 8700.0s
2025-12-18 11:11:32.741 RedLemon[3216:26410] 🗓 Schedule Calc: Captain America: Civil War | RuntimeStr: 147 min -> 147m | Duration: 9420.0s
2025-12-18 11:11:32.741 RedLemon[3216:26410] 🗓 Schedule Calc: Avengers: Age of Ultron | RuntimeStr: 141 min -> 141m | Duration: 9060.0s
2025-12-18 11:11:32.741 RedLemon[3216:26410] 🗓 Schedule Calc: Bugonia | RuntimeStr: 119 min -> 119m | Duration: 7740.0s
2025-12-18 11:11:32.741 RedLemon[3216:26410] 🗓 Schedule Calc: Doctor Strange in the Multiverse of Madness | RuntimeStr: 126 min -> 126m | Duration: 8160.0s
2025-12-18 11:11:32.741 RedLemon[3216:26410] 🗓 Schedule Calc: Anaconda | RuntimeStr: 84 min -> 84m | Duration: 5640.0s
2025-12-18 11:11:32.742 RedLemon[3216:26410] 🗓 Schedule Calc: Wild Hogs | RuntimeStr: 100 min -> 100m | Duration: 6600.0s
2025-12-18 11:11:32.742 RedLemon[3216:26410] 🗓 Schedule Calc: Kraven the Hunter | RuntimeStr: 127 min -> 127m | Duration: 8220.0s
2025-12-18 11:11:32.742 RedLemon[3216:26410] 🗓 Schedule Calc: Insidious | RuntimeStr: 102 min -> 102m | Duration: 6720.0s
2025-12-18 11:11:32.742 RedLemon[3216:26410] 🗓 Schedule Calc: Thor: Ragnarok | RuntimeStr: 131 min -> 131m | Duration: 8460.0s
2025-12-18 11:11:32.742 RedLemon[3216:26410] 🗓 Schedule Calc: Se7en | RuntimeStr: 127 min -> 127m | Duration: 8220.0s
2025-12-18 11:11:32.742 RedLemon[3216:26410] 🗓 Schedule Calc: xXx: Return of Xander Cage | RuntimeStr: 107 min -> 107m | Duration: 7020.0s
2025-12-18 11:11:32.742 RedLemon[3216:26410] 🗓 Schedule Calc: The Expendables 3 | RuntimeStr: 126 min -> 126m | Duration: 8160.0s
2025-12-18 11:11:32.742 RedLemon[3216:26410] 🗓 Schedule Calc: Indiana Jones and the Dial of Destiny | RuntimeStr: 155 min -> 155m | Duration: 9900.0s
2025-12-18 11:11:32.742 RedLemon[3216:26410] 🗓 Schedule Calc: Flubber | RuntimeStr: 93 min -> 93m | Duration: 6180.0s
2025-12-18 11:11:32.742 RedLemon[3216:26410] 🗓 Schedule Calc: The Simpsons Movie | RuntimeStr: 87 min -> 87m | Duration: 5820.0s
2025-12-18 11:11:32.742 RedLemon[3216:26410] 🗓 Schedule Calc: Black Water | RuntimeStr: 105 min -> 105m | Duration: 6900.0s
2025-12-18 11:11:32.742 RedLemon[3216:26410] 🗓 Schedule Calc: Shrek 5 | RuntimeStr: nil -> 120m | Duration: 7800.0s
2025-12-18 11:11:32.742 RedLemon[3216:26410] 🗓 Schedule Calc: Apocalypse Now | RuntimeStr: 147 min -> 147m | Duration: 9420.0s
2025-12-18 11:11:32.742 RedLemon[3216:26410] 🗓 Schedule Calc: Tron: Legacy | RuntimeStr: 126 min -> 126m | Duration: 8160.0s
2025-12-18 11:11:32.742 RedLemon[3216:26410] 🗓 Schedule Calc: White Chicks | RuntimeStr: 109 min -> 109m | Duration: 7140.0s
2025-12-18 11:11:32.742 RedLemon[3216:26410] 🗓 Schedule Calc: The Mummy Returns | RuntimeStr: 130 min -> 130m | Duration: 8400.0s
2025-12-18 11:11:32.742 RedLemon[3216:26410] 🗓 Schedule Calc: Cast Away | RuntimeStr: 143 min -> 143m | Duration: 9180.0s
2025-12-18 11:11:32.742 RedLemon[3216:26410] 🗓 Schedule Calc: The Sixth Sense | RuntimeStr: 107 min -> 107m | Duration: 7020.0s
2025-12-18 11:11:32.743 RedLemon[3216:26410] 🗓 Schedule Calc: Lucy | RuntimeStr: 89 min -> 89m | Duration: 5940.0s
2025-12-18 11:11:32.743 RedLemon[3216:26410] 🗓 Schedule Calc: Aliens | RuntimeStr: 137 min -> 137m | Duration: 8820.0s
2025-12-18 11:11:32.743 RedLemon[3216:26410] 🗓 Schedule Calc: The Hunger Games: The Ballad of Songbirds & Snakes | RuntimeStr: 157 min -> 157m | Duration: 10020.0s
2025-12-18 11:11:32.743 RedLemon[3216:26410] 🗓 Schedule Calc: Jurassic World: Fallen Kingdom | RuntimeStr: 129 min -> 129m | Duration: 8340.0s
2025-12-18 11:11:32.743 RedLemon[3216:26410] 🗓 Schedule Calc: Death Race | RuntimeStr: 105 min -> 105m | Duration: 6900.0s
2025-12-18 11:11:32.743 RedLemon[3216:26410] 🗓 Schedule Calc: Get Out | RuntimeStr: 104 min -> 104m | Duration: 6840.0s
2025-12-18 11:11:32.743 RedLemon[3216:26410] 🗓 Schedule Calc: Silent Hill | RuntimeStr: 125 min -> 125m | Duration: 8100.0s
2025-12-18 11:11:32.743 RedLemon[3216:26410] 🗓 Schedule Calc: Monsters, Inc. | RuntimeStr: 92 min -> 92m | Duration: 6120.0s
2025-12-18 11:11:32.743 RedLemon[3216:26410] 🗓 Schedule Calc: Bad Boys II | RuntimeStr: 146 min -> 146m | Duration: 9360.0s
2025-12-18 11:11:32.743 RedLemon[3216:26410] 🗓 Schedule Calc: The Conjuring 2 | RuntimeStr: 134 min -> 134m | Duration: 8640.0s
2025-12-18 11:11:32.743 RedLemon[3216:26410] 🗓 Schedule Calc: Nope | RuntimeStr: 130 min -> 130m | Duration: 8400.0s
2025-12-18 11:11:32.743 RedLemon[3216:26410] 🗓 Schedule Calc: Harry Potter and the Goblet of Fire | RuntimeStr: 157 min -> 157m | Duration: 10020.0s
2025-12-18 11:11:32.743 RedLemon[3216:26410] 🗓 Schedule Calc: Blind Fury | RuntimeStr: 86 min -> 86m | Duration: 5760.0s
2025-12-18 11:11:32.743 RedLemon[3216:26410] 🗓 Schedule Calc: Thor | RuntimeStr: 115 min -> 115m | Duration: 7500.0s
2025-12-18 11:11:32.743 RedLemon[3216:26410] 🗓 Schedule Calc: 28 Years Later | RuntimeStr: 115 min -> 115m | Duration: 7500.0s
2025-12-18 11:11:32.743 RedLemon[3216:26410] 🗓 Schedule Calc: Despicable Me | RuntimeStr: 95 min -> 95m | Duration: 6300.0s
2025-12-18 11:11:32.743 RedLemon[3216:26410] 🗓 Schedule Calc: Black Swan | RuntimeStr: 109 min -> 109m | Duration: 7140.0s
2025-12-18 11:11:32.743 RedLemon[3216:26410] 🗓 Schedule Calc: Iron Man 2 | RuntimeStr: 124 min -> 124m | Duration: 8040.0s
2025-12-18 11:11:32.743 RedLemon[3216:26410] 🗓 Schedule Calc: Bullet Train | RuntimeStr: 126 min -> 126m | Duration: 8160.0s
2025-12-18 11:11:32.743 RedLemon[3216:26410] 🗓 Schedule Calc: The Pacifier | RuntimeStr: 95 min -> 95m | Duration: 6300.0s
2025-12-18 11:11:32.743 RedLemon[3216:26410] 🗓 Schedule Calc: Avengers: Endgame | RuntimeStr: 181 min -> 181m | Duration: 11460.0s
2025-12-18 11:11:32.743 RedLemon[3216:26410] 🗓 Schedule Calc: Harry Potter and the Deathly Hallows: Part 2 | RuntimeStr: 130 min -> 130m | Duration: 8400.0s
2025-12-18 11:11:32.743 RedLemon[3216:26410] 🗓 Schedule Calc: Weapons | RuntimeStr: 129 min -> 129m | Duration: 8340.0s
2025-12-18 11:11:32.743 RedLemon[3216:26410] 🗓 Schedule Calc: Get Out | RuntimeStr: 104 min -> 104m | Duration: 6840.0s
2025-12-18 11:11:32.744 RedLemon[3216:26410] 🗓 Schedule Calc: Anaconda | RuntimeStr: nil -> 120m | Duration: 7800.0s
2025-12-18 11:11:32.744 RedLemon[3216:26410] 🗓 Schedule Calc: 300: Rise of an Empire | RuntimeStr: 102 min -> 102m | Duration: 6720.0s
2025-12-18 11:11:32.744 RedLemon[3216:26410] 🗓 Schedule Calc: V for Vendetta | RuntimeStr: 132 min -> 132m | Duration: 8520.0s
2025-12-18 11:11:32.744 RedLemon[3216:26410] 🗓 Schedule Calc: Shrek the Third | RuntimeStr: 93 min -> 93m | Duration: 6180.0s
2025-12-18 11:11:32.744 RedLemon[3216:26410] 🗓 Schedule Calc: The Mummy: Tomb of the Dragon Emperor | RuntimeStr: 112 min -> 112m | Duration: 7320.0s
2025-12-18 11:11:32.744 RedLemon[3216:26410] 🗓 Schedule Calc: Parasite | RuntimeStr: 133 min -> 133m | Duration: 8580.0s
2025-12-18 11:11:32.744 RedLemon[3216:26410] 🗓 Schedule Calc: Hereditary | RuntimeStr: 128 min -> 128m | Duration: 8280.0s
2025-12-18 11:11:32.744 RedLemon[3216:26410] 🗓 Schedule Calc: The Amazing Spider-Man 2 | RuntimeStr: 141 min -> 141m | Duration: 9060.0s
2025-12-18 11:11:32.744 RedLemon[3216:26410] 🗓 Schedule Calc: Monster | RuntimeStr: 125 min -> 125m | Duration: 8100.0s
2025-12-18 11:11:32.744 RedLemon[3216:26410] 🗓 Schedule Calc: It | RuntimeStr: 135 min -> 135m | Duration: 8700.0s
2025-12-18 11:11:32.744 RedLemon[3216:26410] 🗓 Schedule Calc: Apocalypto | RuntimeStr: 139 min -> 139m | Duration: 8940.0s
2025-12-18 11:11:32.744 RedLemon[3216:26410] 🗓 Schedule Calc: Face/Off | RuntimeStr: 139 min -> 139m | Duration: 8940.0s
2025-12-18 11:11:32.744 RedLemon[3216:26410] 🗓 Schedule Calc: Jurassic World: Rebirth | RuntimeStr: 134 min -> 134m | Duration: 8640.0s
2025-12-18 11:11:32.744 RedLemon[3216:26410] 🗓 Schedule Calc: Top Gun | RuntimeStr: 110 min -> 110m | Duration: 7200.0s
2025-12-18 11:11:32.744 RedLemon[3216:26410] 🗓 Schedule Calc: The Menu | RuntimeStr: 107 min -> 107m | Duration: 7020.0s
2025-12-18 11:11:32.744 RedLemon[3216:26410] 🗓 Schedule Calc: Terminator Salvation | RuntimeStr: 115 min -> 115m | Duration: 7500.0s
2025-12-18 11:11:32.744 RedLemon[3216:26410] 🗓 Schedule Calc: Scouts Guide to the Zombie Apocalypse | RuntimeStr: 93 min -> 93m | Duration: 6180.0s
2025-12-18 11:11:32.744 RedLemon[3216:26410] 🗓 Schedule Calc: Civil War | RuntimeStr: 109 min -> 109m | Duration: 7140.0s
2025-12-18 11:11:32.744 RedLemon[3216:26410] 🗓 Schedule Calc: American History X | RuntimeStr: 119 min -> 119m | Duration: 7740.0s
2025-12-18 11:11:32.744 RedLemon[3216:26410] 🗓 Schedule Calc: We're the Millers | RuntimeStr: 110 min -> 110m | Duration: 7200.0s
2025-12-18 11:11:32.744 RedLemon[3216:26410] 🗓 Schedule Calc: Renfield | RuntimeStr: 93 min -> 93m | Duration: 6180.0s
2025-12-18 11:11:32.744 RedLemon[3216:26410] 🗓 Schedule Calc: Dracula | RuntimeStr: 130 min -> 130m | Duration: 8400.0s
2025-12-18 11:11:32.745 RedLemon[3216:26410] 🗓 Schedule Calc: Smile 2 | RuntimeStr: 127 min -> 127m | Duration: 8220.0s
2025-12-18 11:11:32.745 RedLemon[3216:26410] 🗓 Schedule Calc: Hall Pass | RuntimeStr: 105 min -> 105m | Duration: 6900.0s
2025-12-18 11:11:32.745 RedLemon[3216:26410] 🗓 Schedule Calc: Kung Fu Hustle | RuntimeStr: 99 min -> 99m | Duration: 6540.0s
2025-12-18 11:11:32.745 RedLemon[3216:26410] 🗓 Schedule Calc: Colombiana | RuntimeStr: 108 min -> 108m | Duration: 7080.0s
2025-12-18 11:11:32.745 RedLemon[3216:26410] 🗓 Schedule Calc: Night at the Museum | RuntimeStr: 108 min -> 108m | Duration: 7080.0s
2025-12-18 11:11:32.745 RedLemon[3216:26410] 🗓 Schedule Calc: MaXXXine | RuntimeStr: 103 min -> 103m | Duration: 6780.0s
2025-12-18 11:11:32.745 RedLemon[3216:26410] 🗓 Schedule Calc: Dune: Part Two | RuntimeStr: 167 min -> 167m | Duration: 10620.0s
2025-12-18 11:11:32.745 RedLemon[3216:26410] 🗓 Schedule Calc: Spider-Man 3 | RuntimeStr: 139 min -> 139m | Duration: 8940.0s
2025-12-18 11:11:32.745 RedLemon[3216:26410] 🗓 Schedule Calc: Terminator Genisys | RuntimeStr: 126 min -> 126m | Duration: 8160.0s
2025-12-18 11:11:32.745 RedLemon[3216:26410] 🗓 Schedule Calc: John Wick: Chapter 2 | RuntimeStr: 122 min -> 122m | Duration: 7920.0s
2025-12-18 11:11:32.745 RedLemon[3216:26410] 🗓 Schedule Calc: Godzilla x Kong: The New Empire | RuntimeStr: 115 min -> 115m | Duration: 7500.0s
2025-12-18 11:11:32.745 RedLemon[3216:26410] 🗓 Schedule Calc: It | RuntimeStr: 135 min -> 135m | Duration: 8700.0s
2025-12-18 11:11:32.745 RedLemon[3216:26410] 🗓 Schedule Calc: Final Destination: Bloodlines | RuntimeStr: 110 min -> 110m | Duration: 7200.0s
2025-12-18 11:11:32.745 RedLemon[3216:26410] 🗓 Schedule Calc: Pirates of the Caribbean: Dead Men Tell No Tales | RuntimeStr: 129 min -> 129m | Duration: 8340.0s
2025-12-18 11:11:32.745 RedLemon[3216:26410] 🗓 Schedule Calc: Prey | RuntimeStr: 100 min -> 100m | Duration: 6600.0s
2025-12-18 11:11:32.745 RedLemon[3216:26410] 🗓 Schedule Calc: Smile 2 | RuntimeStr: 127 min -> 127m | Duration: 8220.0s
2025-12-18 11:11:32.745 RedLemon[3216:26410] 🗓 Schedule Calc: Shrek | RuntimeStr: 90 min -> 90m | Duration: 6000.0s
2025-12-18 11:11:32.745 RedLemon[3216:26410] 🗓 Schedule Calc: Now You See Me | RuntimeStr: 116 min -> 116m | Duration: 7560.0s
2025-12-18 11:11:32.746 RedLemon[3216:26410] 🗓 Schedule Calc: Jurassic World | RuntimeStr: 124 min -> 124m | Duration: 8040.0s
2025-12-18 11:11:32.746 RedLemon[3216:26410] 🗓 Schedule Calc: Drive | RuntimeStr: 100 min -> 100m | Duration: 6600.0s
2025-12-18 11:11:32.746 RedLemon[3216:26410] 🗓 Schedule Calc: The Emperor's New Groove | RuntimeStr: 78 min -> 78m | Duration: 5280.0s
2025-12-18 11:11:32.746 RedLemon[3216:26410] 🗓 Schedule Calc: Venom | RuntimeStr: 112 min -> 112m | Duration: 7320.0s
2025-12-18 11:11:32.746 RedLemon[3216:26410] 🗓 Schedule Calc: Transformers: Age of Extinction | RuntimeStr: 165 min -> 165m | Duration: 10500.0s
2025-12-18 11:11:32.746 RedLemon[3216:26410] 🗓 Schedule Calc: Shaft | RuntimeStr: 99 min -> 99m | Duration: 6540.0s
2025-12-18 11:11:32.746 RedLemon[3216:26410] 🗓 Schedule Calc: A Quiet Place: Day One | RuntimeStr: 100 min -> 100m | Duration: 6600.0s
2025-12-18 11:11:32.746 RedLemon[3216:26410] 🗓 Schedule Calc: The Hunger Games: Mockingjay - Part 1 | RuntimeStr: 123 min -> 123m | Duration: 7980.0s
2025-12-18 11:11:32.746 RedLemon[3216:26410] 🗓 Schedule Calc: Black Hawk Down | RuntimeStr: 145 min -> 145m | Duration: 9300.0s
2025-12-18 11:11:32.746 RedLemon[3216:26410] 🗓 Schedule Calc: Longlegs | RuntimeStr: 101 min -> 101m | Duration: 6660.0s
2025-12-18 11:11:32.746 RedLemon[3216:26410] 🗓 Schedule Calc: Alien³ | RuntimeStr: 114 min -> 114m | Duration: 7440.0s
2025-12-18 11:11:32.746 RedLemon[3216:26410] 🗓 Schedule Calc: The Strangers: Chapter 2 | RuntimeStr: 98 min -> 98m | Duration: 6480.0s
2025-12-18 11:11:32.746 RedLemon[3216:26410] 🗓 Schedule Calc: The Hunger Games: Mockingjay - Part 2 | RuntimeStr: 137 min -> 137m | Duration: 8820.0s
2025-12-18 11:11:32.746 RedLemon[3216:26410] 🗓 Schedule Calc: Fury | RuntimeStr: 135 min -> 135m | Duration: 8700.0s
2025-12-18 11:11:32.746 RedLemon[3216:26410] 🗓 Schedule Calc: Rush Hour 3 | RuntimeStr: 90 min -> 90m | Duration: 6000.0s
2025-12-18 11:11:32.746 RedLemon[3216:26410] 🗓 Schedule Calc: Avatar | RuntimeStr: 162 min -> 162m | Duration: 10320.0s
2025-12-18 11:11:32.746 RedLemon[3216:26410] 🗓 Schedule Calc: Jumanji: The Next Level | RuntimeStr: 123 min -> 123m | Duration: 7980.0s
2025-12-18 11:11:32.746 RedLemon[3216:26410] 🗓 Schedule Calc: The Matrix Reloaded | RuntimeStr: 138 min -> 138m | Duration: 8880.0s
2025-12-18 11:11:32.746 RedLemon[3216:26410] 🗓 Schedule Calc: Weapons | RuntimeStr: 129 min -> 129m | Duration: 8340.0s
2025-12-18 11:11:32.746 RedLemon[3216:26410] 🗓 Schedule Calc: Hostel | RuntimeStr: 94 min -> 94m | Duration: 6240.0s
2025-12-18 11:11:32.746 RedLemon[3216:26410] 🗓 Schedule Calc: The Green Mile | RuntimeStr: 189 min -> 189m | Duration: 11940.0s
2025-12-18 11:11:32.746 RedLemon[3216:26410] 🗓 Schedule Calc: Gladiator II | RuntimeStr: 148 min -> 148m | Duration: 9480.0s
2025-12-18 11:11:32.747 RedLemon[3216:26410] 🗓 Schedule Calc: The Nun II | RuntimeStr: 110 min -> 110m | Duration: 7200.0s
2025-12-18 11:11:32.747 RedLemon[3216:26410] 🗓 Schedule Calc: The Conjuring: Last Rites | RuntimeStr: 136 min -> 136m | Duration: 8760.0s
2025-12-18 11:11:32.747 RedLemon[3216:26410] 🗓 Schedule Calc: Blade Runner 2049 | RuntimeStr: 164 min -> 164m | Duration: 10440.0s
2025-12-18 11:11:32.747 RedLemon[3216:26410] 🗓 Schedule Calc: Deadpool | RuntimeStr: 108 min -> 108m | Duration: 7080.0s
2025-12-18 11:11:32.747 RedLemon[3216:26410] 🗓 Schedule Calc: The Lord of the Rings: The Return of the King | RuntimeStr: 201 min -> 201m | Duration: 12660.0s
2025-12-18 11:11:32.747 RedLemon[3216:26410] 🗓 Schedule Calc: RED | RuntimeStr: 111 min -> 111m | Duration: 7260.0s
2025-12-18 11:11:32.747 RedLemon[3216:26410] 🗓 Schedule Calc: Elf | RuntimeStr: 97 min -> 97m | Duration: 6420.0s
2025-12-18 11:11:32.747 RedLemon[3216:26410] 🗓 Schedule Calc: Wild Hogs | RuntimeStr: 100 min -> 100m | Duration: 6600.0s
2025-12-18 11:11:32.747 RedLemon[3216:26410] 🗓 Schedule Calc: X | RuntimeStr: 106 min -> 106m | Duration: 6960.0s
2025-12-18 11:11:32.747 RedLemon[3216:26410] 🗓 Schedule Calc: The Martian | RuntimeStr: 141 min -> 141m | Duration: 9060.0s
2025-12-18 11:11:32.747 RedLemon[3216:26410] 🗓 Schedule Calc: Ready Player One | RuntimeStr: 140 min -> 140m | Duration: 9000.0s
2025-12-18 11:11:32.747 RedLemon[3216:26410] 🗓 Schedule Calc: Waterworld | RuntimeStr: 135 min -> 135m | Duration: 8700.0s
2025-12-18 11:11:32.747 RedLemon[3216:26410] 🗓 Schedule Calc: Blue Streak | RuntimeStr: 93 min -> 93m | Duration: 6180.0s
2025-12-18 11:11:32.747 RedLemon[3216:26410] 🗓 Schedule Calc: The Lord of the Rings: The Fellowship of the Ring | RuntimeStr: 179 min -> 179m | Duration: 11340.0s
2025-12-18 11:11:32.747 RedLemon[3216:26410] 🗓 Schedule Calc: Insidious | RuntimeStr: 102 min -> 102m | Duration: 6720.0s
2025-12-18 11:11:32.747 RedLemon[3216:26410] 🗓 Schedule Calc: Harry Potter and the Half-Blood Prince | RuntimeStr: 153 min -> 153m | Duration: 9780.0s
2025-12-18 11:11:32.747 RedLemon[3216:26410] 🗓 Schedule Calc: Troy | RuntimeStr: 163 min -> 163m | Duration: 10380.0s
2025-12-18 11:11:32.747 RedLemon[3216:26410] 🗓 Schedule Calc: Fargo | RuntimeStr: 98 min -> 98m | Duration: 6480.0s
2025-12-18 11:11:32.747 RedLemon[3216:26410] 🗓 Schedule Calc: Final Destination 3 | RuntimeStr: 92 min -> 92m | Duration: 6120.0s
2025-12-18 11:11:32.747 RedLemon[3216:26410] 🗓 Schedule Calc: Now You See Me 2 | RuntimeStr: 129 min -> 129m | Duration: 8340.0s
2025-12-18 11:11:32.747 RedLemon[3216:26410] 🗓 Schedule Calc: Ninja Assassin | RuntimeStr: 99 min -> 99m | Duration: 6540.0s
2025-12-18 11:11:32.747 RedLemon[3216:26410] 🗓 Schedule Calc: Smile | RuntimeStr: 115 min -> 115m | Duration: 7500.0s
2025-12-18 11:11:32.747 RedLemon[3216:26410] 🗓 Schedule Calc: Scarface | RuntimeStr: 170 min -> 170m | Duration: 10800.0s
2025-12-18 11:11:32.748 RedLemon[3216:26410] 🗓 Schedule Calc: Shrek 2 | RuntimeStr: 92 min -> 92m | Duration: 6120.0s
2025-12-18 11:11:32.748 RedLemon[3216:26410] 🗓 Schedule Calc: Bugonia | RuntimeStr: 119 min -> 119m | Duration: 7740.0s
2025-12-18 11:11:32.748 RedLemon[3216:26410] 🗓 Schedule Calc: 24: Redemption | RuntimeStr: 102 min -> 102m | Duration: 6720.0s
2025-12-18 11:11:32.748 RedLemon[3216:26410] 🗓 Schedule Calc: Die Hard 2 | RuntimeStr: 124 min -> 124m | Duration: 8040.0s
2025-12-18 11:11:32.748 RedLemon[3216:26410] 🗓 Schedule Calc: Weapons | RuntimeStr: 129 min -> 129m | Duration: 8340.0s
2025-12-18 11:11:32.748 RedLemon[3216:26410] 🗓 Schedule Calc: 28 Days Later | RuntimeStr: 113 min -> 113m | Duration: 7380.0s
2025-12-18 11:11:32.748 RedLemon[3216:26410] 🗓 Schedule Calc: Four Brothers | RuntimeStr: 109 min -> 109m | Duration: 7140.0s
2025-12-18 11:11:32.748 RedLemon[3216:26410] 🗓 Schedule Calc: Real Steel | RuntimeStr: 127 min -> 127m | Duration: 8220.0s
2025-12-18 11:11:32.748 RedLemon[3216:26410] 🗓 Schedule Calc: The Terminator | RuntimeStr: 108 min -> 108m | Duration: 7080.0s
2025-12-18 11:11:32.748 RedLemon[3216:26410] 🗓 Schedule Calc: Psycho | RuntimeStr: 109 min -> 109m | Duration: 7140.0s
2025-12-18 11:11:32.748 RedLemon[3216:26410] 🗓 Schedule Calc: Black Phone 2 | RuntimeStr: 114 min -> 114m | Duration: 7440.0s
2025-12-18 11:11:32.748 RedLemon[3216:26410] 🗓 Schedule Calc: Baghead | RuntimeStr: 95 min -> 95m | Duration: 6300.0s
2025-12-18 11:11:32.748 RedLemon[3216:26410] 🗓 Schedule Calc: Carry-On | RuntimeStr: 120 min -> 120m | Duration: 7800.0s
2025-12-18 11:11:32.748 RedLemon[3216:26410] 🗓 Schedule Calc: The Suicide Squad | RuntimeStr: 132 min -> 132m | Duration: 8520.0s
2025-12-18 11:11:32.748 RedLemon[3216:26410] 🗓 Schedule Calc: 2012 | RuntimeStr: 158 min -> 158m | Duration: 10080.0s
2025-12-18 11:11:32.748 RedLemon[3216:26410] 🗓 Schedule Calc: Shutter Island | RuntimeStr: 138 min -> 138m | Duration: 8880.0s
2025-12-18 11:11:32.748 RedLemon[3216:26410] 🗓 Schedule Calc: Iron Man | RuntimeStr: 126 min -> 126m | Duration: 8160.0s
2025-12-18 11:11:32.748 RedLemon[3216:26410] 🗓 Schedule Calc: Pirates of the Caribbean: At World's End | RuntimeStr: 169 min -> 169m | Duration: 10740.0s
2025-12-18 11:11:32.748 RedLemon[3216:26410] 🗓 Schedule Calc: It | RuntimeStr: 135 min -> 135m | Duration: 8700.0s
2025-12-18 11:11:32.748 RedLemon[3216:26410] 🗓 Schedule Calc: District 9 | RuntimeStr: 112 min -> 112m | Duration: 7320.0s
2025-12-18 11:11:32.748 RedLemon[3216:26410] 🗓 Schedule Calc: Kingdom of the Planet of the Apes | RuntimeStr: 145 min -> 145m | Duration: 9300.0s
2025-12-18 11:11:32.748 RedLemon[3216:26410] 🗓 Schedule Calc: Smile 2 | RuntimeStr: 127 min -> 127m | Duration: 8220.0s
2025-12-18 11:11:32.748 RedLemon[3216:26410] 🗓 Schedule Calc: Nobody | RuntimeStr: 91 min -> 91m | Duration: 6060.0s
2025-12-18 11:11:32.748 RedLemon[3216:26410] 🗓 Schedule Calc: Edge of Tomorrow | RuntimeStr: 114 min -> 114m | Duration: 7440.0s
2025-12-18 11:11:32.749 RedLemon[3216:26410] 🗓 Schedule Calc: Karate Kid: Legends | RuntimeStr: 94 min -> 94m | Duration: 6240.0s
2025-12-18 11:11:32.749 RedLemon[3216:26410] 🗓 Schedule Calc: The Fall Guy | RuntimeStr: 127 min -> 127m | Duration: 8220.0s
2025-12-18 11:11:32.749 RedLemon[3216:26410] 🗓 Schedule Calc: Harry Potter and the Chamber of Secrets | RuntimeStr: 161 min -> 161m | Duration: 10260.0s
2025-12-18 11:11:32.749 RedLemon[3216:26410] 🗓 Schedule Calc: Venom: The Last Dance | RuntimeStr: 109 min -> 109m | Duration: 7140.0s
2025-12-18 11:11:32.749 RedLemon[3216:26410] 🗓 Schedule Calc: The Illusionist | RuntimeStr: 110 min -> 110m | Duration: 7200.0s
2025-12-18 11:11:32.749 RedLemon[3216:26410] 🗓 Schedule Calc: Transformers One | RuntimeStr: 104 min -> 104m | Duration: 6840.0s
2025-12-18 11:11:32.749 RedLemon[3216:26410] 🗓 Schedule Calc: The Mummy | RuntimeStr: 124 min -> 124m | Duration: 8040.0s
2025-12-18 11:11:32.749 RedLemon[3216:26410] 🗓 Schedule Calc: Predator: Badlands | RuntimeStr: 107 min -> 107m | Duration: 7020.0s
2025-12-18 11:11:32.749 RedLemon[3216:26410] 🗓 Schedule Calc: Paranormal Activity | RuntimeStr: 86 min -> 86m | Duration: 5760.0s
2025-12-18 11:11:32.749 RedLemon[3216:26410] 🗓 Schedule Calc: F1: The Movie | RuntimeStr: 156 min -> 156m | Duration: 9960.0s
2025-12-18 11:11:32.749 RedLemon[3216:26410] 🗓 Schedule Calc: John Wick: Chapter 4 | RuntimeStr: 170 min -> 170m | Duration: 10800.0s
2025-12-18 11:11:32.749 RedLemon[3216:26410] 🗓 Schedule Calc: Mickey 17 | RuntimeStr: 137 min -> 137m | Duration: 8820.0s
2025-12-18 11:11:32.749 RedLemon[3216:26410] 🗓 Schedule Calc: Despicable Me 2 | RuntimeStr: 98 min -> 98m | Duration: 6480.0s
2025-12-18 11:11:32.749 RedLemon[3216:26410] 🗓 Schedule Calc: Madagascar: Escape 2 Africa | RuntimeStr: 89 min -> 89m | Duration: 5940.0s
2025-12-18 11:11:32.749 RedLemon[3216:26410] 🗓 Schedule Calc: Frankenstein | RuntimeStr: 150 min -> 150m | Duration: 9600.0s
2025-12-18 11:11:32.749 RedLemon[3216:26410] 🗓 Schedule Calc: Gattaca | RuntimeStr: 107 min -> 107m | Duration: 7020.0s
2025-12-18 11:11:32.749 RedLemon[3216:26410] 🗓 Schedule Calc: The Amazing Spider-Man | RuntimeStr: 136 min -> 136m | Duration: 8760.0s
2025-12-18 11:11:32.749 RedLemon[3216:26410] 🗓 Schedule Calc: Furiosa: A Mad Max Saga | RuntimeStr: 149 min -> 149m | Duration: 9540.0s
2025-12-18 11:11:32.749 RedLemon[3216:26410] 🗓 Schedule Calc: Nobody 2 | RuntimeStr: 89 min -> 89m | Duration: 5940.0s
2025-12-18 11:11:32.749 RedLemon[3216:26410] 🗓 Schedule Calc: Everything Everywhere All at Once | RuntimeStr: 140 min -> 140m | Duration: 9000.0s
2025-12-18 11:11:32.749 RedLemon[3216:26410] 🗓 Schedule Calc: The Shining | RuntimeStr: 144 min -> 144m | Duration: 9240.0s
2025-12-18 11:11:32.749 RedLemon[3216:26410] 🗓 Schedule Calc: The Hobbit: An Unexpected Journey | RuntimeStr: 169 min -> 169m | Duration: 10740.0s
2025-12-18 11:11:32.750 RedLemon[3216:26410] 🗓 Schedule Calc: Inside Man | RuntimeStr: 129 min -> 129m | Duration: 8340.0s
2025-12-18 11:11:32.750 RedLemon[3216:26410] 🗓 Schedule Calc: The Batman | RuntimeStr: 177 min -> 177m | Duration: 11220.0s
2025-12-18 11:11:32.750 RedLemon[3216:26410] 🗓 Schedule Calc: Eyes Wide Shut | RuntimeStr: 159 min -> 159m | Duration: 10140.0s
2025-12-18 11:11:32.750 RedLemon[3216:26410] 🗓 Schedule Calc: Sinners | RuntimeStr: 138 min -> 138m | Duration: 8880.0s
2025-12-18 11:11:32.750 RedLemon[3216:26410] 🗓 Schedule Calc: Alien | RuntimeStr: 117 min -> 117m | Duration: 7620.0s
2025-12-18 11:11:32.750 RedLemon[3216:26410] 🗓 Schedule Calc: Mystery Men | RuntimeStr: 121 min -> 121m | Duration: 7860.0s
2025-12-18 11:11:32.750 RedLemon[3216:26410] 🗓 Schedule Calc: Kung Fu Panda 2 | RuntimeStr: 91 min -> 91m | Duration: 6060.0s
2025-12-18 11:11:32.750 RedLemon[3216:26410] 🗓 Schedule Calc: Mission: Impossible - Fallout | RuntimeStr: 147 min -> 147m | Duration: 9420.0s
2025-12-18 11:11:32.751 RedLemon[3216:26410] 🗓 Schedule Calc: Incredibles 2 | RuntimeStr: 118 min -> 118m | Duration: 7680.0s
2025-12-18 11:11:32.751 RedLemon[3216:26410] 🗓 Schedule Calc: The Equalizer 3 | RuntimeStr: 109 min -> 109m | Duration: 7140.0s
2025-12-18 11:11:32.751 RedLemon[3216:26410] 🗓 Schedule Calc: Thunderbolts* | RuntimeStr: 127 min -> 127m | Duration: 8220.0s
2025-12-18 11:11:32.751 RedLemon[3216:26410] 🗓 Schedule Calc: Get Out | RuntimeStr: 104 min -> 104m | Duration: 6840.0s
2025-12-18 11:11:32.751 RedLemon[3216:26410] 🗓 Schedule Calc: Godzilla: King of the Monsters | RuntimeStr: 132 min -> 132m | Duration: 8520.0s
2025-12-18 11:11:32.751 RedLemon[3216:26410] 🗓 Schedule Calc: Tron: Ares | RuntimeStr: 119 min -> 119m | Duration: 7740.0s
2025-12-18 11:11:32.751 RedLemon[3216:26410] 🗓 Schedule Calc: Jurassic World: Dominion | RuntimeStr: 147 min -> 147m | Duration: 9420.0s
2025-12-18 11:11:32.751 RedLemon[3216:26410] 🗓 Schedule Calc: The Negotiator | RuntimeStr: 140 min -> 140m | Duration: 9000.0s
2025-12-18 11:11:32.751 RedLemon[3216:26410] 🗓 Schedule Calc: Gladiator | RuntimeStr: 155 min -> 155m | Duration: 9900.0s
2025-12-18 11:11:32.751 RedLemon[3216:26410] 🗓 Schedule Calc: Between Worlds | RuntimeStr: 90 min -> 90m | Duration: 6000.0s
2025-12-18 11:11:32.751 RedLemon[3216:26410] 🗓 Schedule Calc: Training Day | RuntimeStr: 122 min -> 122m | Duration: 7920.0s
2025-12-18 11:11:32.751 RedLemon[3216:26410] 🗓 Schedule Calc: Harry Potter and the Deathly Hallows: Part 1 | RuntimeStr: 146 min -> 146m | Duration: 9360.0s
2025-12-18 11:11:32.751 RedLemon[3216:26410] 🗓 Schedule Calc: Smile | RuntimeStr: 115 min -> 115m | Duration: 7500.0s
2025-12-18 11:11:32.751 RedLemon[3216:26410] 🗓 Schedule Calc: Constantine | RuntimeStr: 121 min -> 121m | Duration: 7860.0s
2025-12-18 11:11:32.751 RedLemon[3216:26410] 🗓 Schedule Calc: Annabelle Comes Home | RuntimeStr: 106 min -> 106m | Duration: 6960.0s
2025-12-18 11:11:32.751 RedLemon[3216:26410] 🗓 Schedule Calc: Kill Bill: The Whole Bloody Affair | RuntimeStr: 247 min -> 247m | Duration: 15420.0s
2025-12-18 11:11:32.751 RedLemon[3216:26410] 🗓 Schedule Calc: The Marvels | RuntimeStr: 105 min -> 105m | Duration: 6900.0s
2025-12-18 11:11:32.751 RedLemon[3216:26410] 🗓 Schedule Calc: The Usual Suspects | RuntimeStr: 106 min -> 106m | Duration: 6960.0s
2025-12-18 11:11:32.751 RedLemon[3216:26410] 🗓 Schedule Calc: Mission: Impossible - Dead Reckoning Part One | RuntimeStr: 164 min -> 164m | Duration: 10440.0s
2025-12-18 11:11:32.751 RedLemon[3216:26410] 🗓 Schedule Calc: Candyman | RuntimeStr: 91 min -> 91m | Duration: 6060.0s
2025-12-18 11:11:32.751 RedLemon[3216:26410] 🗓 Schedule Calc: Thor: Love and Thunder | RuntimeStr: 119 min -> 119m | Duration: 7740.0s
2025-12-18 11:11:32.751 RedLemon[3216:26410] 🗓 Schedule Calc: Night at the Museum: Secret of the Tomb | RuntimeStr: 98 min -> 98m | Duration: 6480.0s
2025-12-18 11:11:32.752 RedLemon[3216:26410] 🗓 Schedule Calc: Dawn of the Planet of the Apes | RuntimeStr: 130 min -> 130m | Duration: 8400.0s
2025-12-18 11:11:32.752 RedLemon[3216:26410] 🗓 Schedule Calc: Harry Potter and the Prisoner of Azkaban | RuntimeStr: 141 min -> 141m | Duration: 9060.0s
2025-12-18 11:11:32.752 RedLemon[3216:26410] 🗓 Schedule Calc: Johnny English | RuntimeStr: 87 min -> 87m | Duration: 5820.0s
2025-12-18 11:11:32.752 RedLemon[3216:26410] 🗓 Schedule Calc: Scream | RuntimeStr: 112 min -> 112m | Duration: 7320.0s
2025-12-18 11:11:32.752 RedLemon[3216:26410] 🗓 Schedule Calc: Little Man | RuntimeStr: 98 min -> 98m | Duration: 6480.0s
2025-12-18 11:11:32.752 RedLemon[3216:26410] 🗓 Schedule Calc: Furious 7 | RuntimeStr: 139 min -> 139m | Duration: 8940.0s
2025-12-18 11:11:32.752 RedLemon[3216:26410] 🗓 Schedule Calc: Wild Hogs | RuntimeStr: 100 min -> 100m | Duration: 6600.0s
2025-12-18 11:11:32.752 RedLemon[3216:26410] 🗓 Schedule Calc: Dune: Part One | RuntimeStr: 155 min -> 155m | Duration: 9900.0s
2025-12-18 11:11:32.752 RedLemon[3216:26410] 🗓 Schedule Calc: Hall Pass | RuntimeStr: 105 min -> 105m | Duration: 6900.0s
2025-12-18 11:11:32.752 RedLemon[3216:26410] 🗓 Schedule Calc: The Incredible Hulk | RuntimeStr: 114 min -> 114m | Duration: 7440.0s
2025-12-18 11:11:32.752 RedLemon[3216:26410] 🗓 Schedule Calc: Batman Begins | RuntimeStr: 140 min -> 140m | Duration: 9000.0s
2025-12-18 11:11:32.752 RedLemon[3216:26410] 🗓 Schedule Calc: Man of Steel | RuntimeStr: 143 min -> 143m | Duration: 9180.0s
2025-12-18 11:11:32.752 RedLemon[3216:26410] 🗓 Schedule Calc: The Conjuring | RuntimeStr: 112 min -> 112m | Duration: 7320.0s
2025-12-18 11:11:32.752 RedLemon[3216:26410] 🗓 Schedule Calc: Five Nights at Freddy's | RuntimeStr: 110 min -> 110m | Duration: 7200.0s
2025-12-18 11:11:32.752 RedLemon[3216:26410] 🗓 Schedule Calc: Shrek Forever After | RuntimeStr: 93 min -> 93m | Duration: 6180.0s
2025-12-18 11:11:32.752 RedLemon[3216:26410] 🗓 Schedule Calc: M3GAN 2.0 | RuntimeStr: 120 min -> 120m | Duration: 7800.0s
2025-12-18 11:11:32.752 RedLemon[3216:26410] 🗓 Schedule Calc: Underworld | RuntimeStr: 122 min -> 122m | Duration: 7920.0s
2025-12-18 11:11:32.752 RedLemon[3216:26410] 🗓 Schedule Calc: Pirates of the Caribbean: Dead Man's Chest | RuntimeStr: 151 min -> 151m | Duration: 9660.0s
2025-12-18 11:11:32.752 RedLemon[3216:26410] 🗓 Schedule Calc: Iron Man 3 | RuntimeStr: 130 min -> 130m | Duration: 8400.0s
2025-12-18 11:11:32.752 RedLemon[3216:26410] 🗓 Schedule Calc: The Departed | RuntimeStr: 151 min -> 151m | Duration: 9660.0s
2025-12-18 11:11:32.752 RedLemon[3216:26410] 🗓 Schedule Calc: Mission: Impossible - The Final Reckoning | RuntimeStr: 170 min -> 170m | Duration: 10800.0s
2025-12-18 11:11:32.752 RedLemon[3216:26410] 🗓 Schedule Calc: Smile 2 | RuntimeStr: 127 min -> 127m | Duration: 8220.0s
2025-12-18 11:11:32.752 RedLemon[3216:26410] 🗓 Schedule Calc: Annabelle | RuntimeStr: 99 min -> 99m | Duration: 6540.0s
2025-12-18 11:11:32.753 RedLemon[3216:26410] 🗓 Schedule Calc: Him | RuntimeStr: 96 min -> 96m | Duration: 6360.0s
2025-12-18 11:11:32.753 RedLemon[3216:26410] 🗓 Schedule Calc: Van Helsing | RuntimeStr: 132 min -> 132m | Duration: 8520.0s
2025-12-18 11:11:32.753 RedLemon[3216:26410] 🗓 Schedule Calc: The Conjuring: The Devil Made Me Do It | RuntimeStr: 111 min -> 111m | Duration: 7260.0s
2025-12-18 11:11:32.753 RedLemon[3216:26410] 🗓 Schedule Calc: The Fan | RuntimeStr: 116 min -> 116m | Duration: 7560.0s
2025-12-18 11:11:32.753 RedLemon[3216:26410] 🗓 Schedule Calc: Napoleon | RuntimeStr: 158 min -> 158m | Duration: 10080.0s
2025-12-18 11:11:32.753 RedLemon[3216:26410] 🗓 Schedule Calc: Wild Hogs | RuntimeStr: 100 min -> 100m | Duration: 6600.0s
2025-12-18 11:11:32.753 RedLemon[3216:26410] 🗓 Schedule Calc: It: Chapter Two | RuntimeStr: 169 min -> 169m | Duration: 10740.0s
2025-12-18 11:11:32.753 RedLemon[3216:26410] 🗓 Schedule Calc: 1917 | RuntimeStr: 119 min -> 119m | Duration: 7740.0s
2025-12-18 11:11:32.753 RedLemon[3216:26410] 🗓 Schedule Calc: I Am Legend | RuntimeStr: 101 min -> 101m | Duration: 6660.0s
2025-12-18 11:11:32.753 RedLemon[3216:26410] 🗓 Schedule Calc: It | RuntimeStr: 135 min -> 135m | Duration: 8700.0s
2025-12-18 11:11:32.753 RedLemon[3216:26410] 🗓 Schedule Calc: Arrival | RuntimeStr: 116 min -> 116m | Duration: 7560.0s
2025-12-18 11:11:32.753 RedLemon[3216:26410] 🗓 Schedule Calc: Joker: Folie à Deux | RuntimeStr: 138 min -> 138m | Duration: 8880.0s
2025-12-18 11:11:32.753 RedLemon[3216:26410] 🗓 Schedule Calc: Back to the Future Part II | RuntimeStr: 108 min -> 108m | Duration: 7080.0s
2025-12-18 11:11:32.753 RedLemon[3216:26410] 🗓 Schedule Calc: Longlegs | RuntimeStr: 101 min -> 101m | Duration: 6660.0s
2025-12-18 11:11:32.754 RedLemon[3216:26410] 🗓 Schedule Calc: Get Out | RuntimeStr: 104 min -> 104m | Duration: 6840.0s
2025-12-18 11:11:32.754 RedLemon[3216:26410] 🗓 Schedule Calc: Old | RuntimeStr: 108 min -> 108m | Duration: 7080.0s
2025-12-18 11:11:32.754 RedLemon[3216:26410] 🗓 Schedule Calc: Bugonia | RuntimeStr: 119 min -> 119m | Duration: 7740.0s
2025-12-18 11:11:32.754 RedLemon[3216:26410] 🗓 Schedule Calc: The Wolf of Wall Street | RuntimeStr: 180 min -> 180m | Duration: 11400.0s
2025-12-18 11:11:32.754 RedLemon[3216:26410] 🗓 Schedule Calc: Surrogates | RuntimeStr: 89 min -> 89m | Duration: 5940.0s
2025-12-18 11:11:32.754 RedLemon[3216:26410] 🗓 Schedule Calc: The Fifth Element | RuntimeStr: 126 min -> 126m | Duration: 8160.0s
2025-12-18 11:11:32.754 RedLemon[3216:26410] 🗓 Schedule Calc: Girls Trip | RuntimeStr: 122 min -> 122m | Duration: 7920.0s
2025-12-18 11:11:32.754 RedLemon[3216:26410] 🗓 Schedule Calc: Insidious | RuntimeStr: 102 min -> 102m | Duration: 6720.0s
2025-12-18 11:11:32.754 RedLemon[3216:26410] 🗓 Schedule Calc: World War Z | RuntimeStr: 116 min -> 116m | Duration: 7560.0s
2025-12-18 11:11:32.754 RedLemon[3216:26410] 🗓 Schedule Calc: Heretic | RuntimeStr: 111 min -> 111m | Duration: 7260.0s
2025-12-18 11:11:32.754 RedLemon[3216:26410] 🗓 Schedule Calc: Inglourious Basterds | RuntimeStr: 153 min -> 153m | Duration: 9780.0s
2025-12-18 11:11:32.754 RedLemon[3216:26410] 🗓 Schedule Calc: Logan | RuntimeStr: 137 min -> 137m | Duration: 8820.0s
2025-12-18 11:11:32.754 RedLemon[3216:26410] 🗓 Schedule Calc: Man on Fire | RuntimeStr: 146 min -> 146m | Duration: 9360.0s
2025-12-18 11:11:32.754 RedLemon[3216:26410] 🗓 Schedule Calc: Evil Dead Rise | RuntimeStr: 96 min -> 96m | Duration: 6360.0s
2025-12-18 11:11:32.755 RedLemon[3216:26410] 🗓 Schedule Calc: Harry Potter and the Order of the Phoenix | RuntimeStr: 138 min -> 138m | Duration: 8880.0s
2025-12-18 11:11:32.755 RedLemon[3216:26410] 🗓 Schedule Calc: Predator 2 | RuntimeStr: 108 min -> 108m | Duration: 7080.0s
2025-12-18 11:11:32.755 RedLemon[3216:26410] 🗓 Schedule Calc: Saw | RuntimeStr: 103 min -> 103m | Duration: 6780.0s
2025-12-18 11:11:32.755 RedLemon[3216:26410] 🗓 Schedule Calc: Abigail | RuntimeStr: 109 min -> 109m | Duration: 7140.0s
2025-12-18 11:11:32.755 RedLemon[3216:26410] 🗓 Schedule Calc: Interstellar | RuntimeStr: 169 min -> 169m | Duration: 10740.0s
2025-12-18 11:11:32.755 RedLemon[3216:26410] 🗓 Schedule Calc: Taken | RuntimeStr: 94 min -> 94m | Duration: 6240.0s
2025-12-18 11:11:32.755 RedLemon[3216:26410] 🗓 Schedule Calc: The Drop | RuntimeStr: 106 min -> 106m | Duration: 6960.0s
2025-12-18 11:11:32.755 RedLemon[3216:26410] 🗓 Schedule Calc: Aquaman | RuntimeStr: 143 min -> 143m | Duration: 9180.0s
2025-12-18 11:11:32.755 RedLemon[3216:26410] 🗓 Schedule Calc: The Monkey | RuntimeStr: 97 min -> 97m | Duration: 6420.0s
2025-12-18 11:11:32.755 RedLemon[3216:26410] 🗓 Schedule Calc: The Faculty | RuntimeStr: 104 min -> 104m | Duration: 6840.0s
2025-12-18 11:11:32.755 RedLemon[3216:26410] 🗓 Schedule Calc: Home Alone 2: Lost in New York | RuntimeStr: 120 min -> 120m | Duration: 7800.0s
2025-12-18 11:11:32.755 RedLemon[3216:26410] 🗓 Schedule Calc: Smile 2 | RuntimeStr: 127 min -> 127m | Duration: 8220.0s
2025-12-18 11:11:32.755 RedLemon[3216:26410] 🗓 Schedule Calc: Cloud Atlas | RuntimeStr: 172 min -> 172m | Duration: 10920.0s
2025-12-18 11:11:32.756 RedLemon[3216:26410] 🗓 Schedule Calc: Avengers: Infinity War | RuntimeStr: 149 min -> 149m | Duration: 9540.0s
2025-12-18 11:11:32.756 RedLemon[3216:26410] 🗓 Schedule Calc: Scary Movie 2 | RuntimeStr: 82 min -> 82m | Duration: 5520.0s
2025-12-18 11:11:32.756 RedLemon[3216:26410] 🗓 Schedule Calc: Chronicle | RuntimeStr: 84 min -> 84m | Duration: 5640.0s
2025-12-18 11:11:32.756 RedLemon[3216:26410] 🗓 Schedule Calc: Back to the Future | RuntimeStr: 116 min -> 116m | Duration: 7560.0s
2025-12-18 11:11:32.756 RedLemon[3216:26410] 🗓 Schedule Calc: The Black Phone | RuntimeStr: 103 min -> 103m | Duration: 6780.0s
2025-12-18 11:11:32.756 RedLemon[3216:26410] 🗓 Schedule Calc: The Mask | RuntimeStr: 101 min -> 101m | Duration: 6660.0s
2025-12-18 11:11:32.756 RedLemon[3216:26410] 🗓 Schedule Calc: Meet the Robinsons | RuntimeStr: 95 min -> 95m | Duration: 6300.0s
2025-12-18 11:11:32.756 RedLemon[3216:26410] 🗓 Schedule Calc: Orphan | RuntimeStr: 122 min -> 122m | Duration: 7920.0s
2025-12-18 11:11:32.756 RedLemon[3216:26410] 🗓 Schedule Calc: Terminator 2: Judgment Day | RuntimeStr: 137 min -> 137m | Duration: 8820.0s
2025-12-18 11:11:32.756 RedLemon[3216:26410] 🗓 Schedule Calc: Bad Boys | RuntimeStr: 119 min -> 119m | Duration: 7740.0s
2025-12-18 11:11:32.756 RedLemon[3216:26410] 🗓 Schedule Calc: Fast X | RuntimeStr: 142 min -> 142m | Duration: 9120.0s
2025-12-18 11:11:32.756 RedLemon[3216:26410] 🗓 Schedule Calc: The Matrix | RuntimeStr: 136 min -> 136m | Duration: 8760.0s
2025-12-18 11:11:32.756 RedLemon[3216:26410] 🗓 Schedule Calc: It | RuntimeStr: 135 min -> 135m | Duration: 8700.0s
2025-12-18 11:11:32.756 RedLemon[3216:26410] 🗓 Schedule Calc: Nosferatu | RuntimeStr: 133 min -> 133m | Duration: 8580.0s
2025-12-18 11:11:32.756 RedLemon[3216:26410] 🗓 Schedule Calc: Transformers: Rise of the Beasts | RuntimeStr: 127 min -> 127m | Duration: 8220.0s
2025-12-18 11:11:32.756 RedLemon[3216:26410] 🗓 Schedule Calc: It Follows | RuntimeStr: 101 min -> 101m | Duration: 6660.0s
2025-12-18 11:11:32.756 RedLemon[3216:26410] 🗓 Schedule Calc: Godzilla | RuntimeStr: 139 min -> 139m | Duration: 8940.0s
2025-12-18 11:11:32.756 RedLemon[3216:26410] 🗓 Schedule Calc: Fight Club | RuntimeStr: 139 min -> 139m | Duration: 8940.0s
2025-12-18 11:11:32.756 RedLemon[3216:26410] 🗓 Schedule Calc: Longlegs | RuntimeStr: 101 min -> 101m | Duration: 6660.0s
2025-12-18 11:11:32.756 RedLemon[3216:26410] 🗓 Schedule Calc: Jingle All the Way | RuntimeStr: 89 min -> 89m | Duration: 5940.0s
2025-12-18 11:11:32.756 RedLemon[3216:26410] 🗓 Schedule Calc: The Super Mario Bros. Movie | RuntimeStr: 93 min -> 93m | Duration: 6180.0s
2025-12-18 11:11:32.757 RedLemon[3216:26410] 🗓 Schedule Calc: Candyman | RuntimeStr: 100 min -> 100m | Duration: 6600.0s
2025-12-18 11:11:32.757 RedLemon[3216:26410] 🗓 Schedule Calc: A Minecraft Movie | RuntimeStr: nil -> 120m | Duration: 7800.0s
2025-12-18 11:11:32.757 RedLemon[3216:26410] 🗓 Schedule Calc: Smile | RuntimeStr: 115 min -> 115m | Duration: 7500.0s
2025-12-18 11:11:32.757 RedLemon[3216:26410] 🗓 Schedule Calc: The Substance | RuntimeStr: 141 min -> 141m | Duration: 9060.0s
2025-12-18 11:11:32.757 RedLemon[3216:26410] 🗓 Schedule Calc: War of the Worlds | RuntimeStr: 91 min -> 91m | Duration: 6060.0s
2025-12-18 11:11:32.757 RedLemon[3216:26410] 🗓 Schedule Calc: Companion | RuntimeStr: 97 min -> 97m | Duration: 6420.0s
2025-12-18 11:11:32.757 RedLemon[3216:26410] 🗓 Schedule Calc: Spider-Man | RuntimeStr: 121 min -> 121m | Duration: 7860.0s
2025-12-18 11:11:32.757 RedLemon[3216:26410] 🗓 Schedule Calc: Taken 3 | RuntimeStr: 109 min -> 109m | Duration: 7140.0s
2025-12-18 11:11:32.757 RedLemon[3216:26410] 🗓 Schedule Calc: Conan the Barbarian | RuntimeStr: 130 min -> 130m | Duration: 8400.0s
2025-12-18 11:11:32.757 RedLemon[3216:26410] 🗓 Schedule Calc: Mr. & Mrs. Smith | RuntimeStr: 120 min -> 120m | Duration: 7800.0s
2025-12-18 11:11:32.757 RedLemon[3216:26410] 🗓 Schedule Calc: The Maze Runner | RuntimeStr: 113 min -> 113m | Duration: 7380.0s
2025-12-18 11:11:32.757 RedLemon[3216:26410] 🗓 Schedule Calc: The Medallion | RuntimeStr: 88 min -> 88m | Duration: 5880.0s
2025-12-18 11:11:32.757 RedLemon[3216:26410] 🗓 Schedule Calc: Predator | RuntimeStr: 107 min -> 107m | Duration: 7020.0s
2025-12-18 11:11:32.757 RedLemon[3216:26410] 🗓 Schedule Calc: Ballerina | RuntimeStr: 125 min -> 125m | Duration: 8100.0s
2025-12-18 11:11:32.757 RedLemon[3216:26410] 🗓 Schedule Calc: Predators | RuntimeStr: 107 min -> 107m | Duration: 7020.0s
2025-12-18 11:11:32.757 RedLemon[3216:26410] 🗓 Schedule Calc: Hot Fuzz | RuntimeStr: 121 min -> 121m | Duration: 7860.0s
2025-12-18 11:11:32.757 RedLemon[3216:26410] 🗓 Schedule Calc: The Nun | RuntimeStr: 96 min -> 96m | Duration: 6360.0s
2025-12-18 11:11:32.758 RedLemon[3216:26410] 🗓 Schedule Calc: Cobweb | RuntimeStr: 88 min -> 88m | Duration: 5880.0s
2025-12-18 11:11:32.758 RedLemon[3216:26410] 🗓 Schedule Calc: The Matrix Resurrections | RuntimeStr: 147 min -> 147m | Duration: 9420.0s
2025-12-18 11:11:32.758 RedLemon[3216:26410] 🗓 Schedule Calc: Riddick | RuntimeStr: 119 min -> 119m | Duration: 7740.0s
2025-12-18 11:11:32.758 RedLemon[3216:26410] 🗓 Schedule Calc: Train to Busan | RuntimeStr: 118 min -> 118m | Duration: 7680.0s
2025-12-18 11:11:32.758 RedLemon[3216:26410] 🗓 Schedule Calc: War 2 | RuntimeStr: 173 min -> 173m | Duration: 10980.0s
2025-12-18 11:11:32.758 RedLemon[3216:26410] 🗓 Schedule Calc: The Big Lebowski | RuntimeStr: 117 min -> 117m | Duration: 7620.0s
2025-12-18 11:11:32.758 RedLemon[3216:26410] 🗓 Schedule Calc: The Lord of the Rings: The Two Towers | RuntimeStr: 179 min -> 179m | Duration: 11340.0s
2025-12-18 11:11:32.758 RedLemon[3216:26410] 🗓 Schedule Calc: Resident Evil: Red Falls | RuntimeStr: 53 min -> 53m | Duration: 3780.0s
2025-12-18 11:11:32.758 RedLemon[3216:26410] 🗓 Schedule Calc: Inside Out 2 | RuntimeStr: 97 min -> 97m | Duration: 6420.0s
2025-12-18 11:11:32.758 RedLemon[3216:26410] 🗓 Schedule Calc: Signs | RuntimeStr: 106 min -> 106m | Duration: 6960.0s
2025-12-18 11:11:32.758 RedLemon[3216:26410] 🗓 Schedule Calc: The Barbarian | RuntimeStr: 83 min -> 83m | Duration: 5580.0s
2025-12-18 11:11:32.758 RedLemon[3216:26410] 🗓 Schedule Calc: The Karate Kid | RuntimeStr: 140 min -> 140m | Duration: 9000.0s
2025-12-18 11:11:32.758 RedLemon[3216:26410] 🗓 Schedule Calc: Taxi Driver | RuntimeStr: 114 min -> 114m | Duration: 7440.0s
2025-12-18 11:11:32.758 RedLemon[3216:26410] 🗓 Schedule Calc: Inception | RuntimeStr: 148 min -> 148m | Duration: 9480.0s
2025-12-18 11:11:32.758 RedLemon[3216:26410] 🗓 Schedule Calc: War | RuntimeStr: 103 min -> 103m | Duration: 6780.0s
2025-12-18 11:11:32.758 RedLemon[3216:26410] 🗓 Schedule Calc: Avatar: The Way of Water | RuntimeStr: 192 min -> 192m | Duration: 12120.0s
2025-12-18 11:11:32.758 RedLemon[3216:26410] 🗓 Schedule Calc: Code 3 | RuntimeStr: 100 min -> 100m | Duration: 6600.0s
2025-12-18 11:11:32.758 RedLemon[3216:26410] 🗓 Schedule Calc: The Hobbit: The Battle of the Five Armies | RuntimeStr: 144 min -> 144m | Duration: 9240.0s
2025-12-18 11:11:32.758 RedLemon[3216:26410] 🗓 Schedule Calc: Captain America: Brave New World | RuntimeStr: 119 min -> 119m | Duration: 7740.0s
2025-12-18 11:11:32.758 RedLemon[3216:26410] 🗓 Schedule Calc: Exit Wounds | RuntimeStr: 101 min -> 101m | Duration: 6660.0s
2025-12-18 11:11:32.758 RedLemon[3216:26410] 🗓 Schedule Calc: Snatch | RuntimeStr: 103 min -> 103m | Duration: 6780.0s
2025-12-18 11:11:32.758 RedLemon[3216:26410] 🗓 Schedule Calc: Triangle | RuntimeStr: 98 min -> 98m | Duration: 6480.0s
2025-12-18 11:11:32.759 RedLemon[3216:26410] 🗓 Schedule Calc: The Godfather Part III | RuntimeStr: 162 min -> 162m | Duration: 10320.0s
2025-12-18 11:11:32.759 RedLemon[3216:26410] 🗓 Schedule Calc: Creed | RuntimeStr: 133 min -> 133m | Duration: 8580.0s
2025-12-18 11:11:32.759 RedLemon[3216:26410] 🗓 Schedule Calc: The Black Phone | RuntimeStr: 103 min -> 103m | Duration: 6780.0s
2025-12-18 11:11:32.759 RedLemon[3216:26410] 🗓 Schedule Calc: The Godfather Part II | RuntimeStr: 202 min -> 202m | Duration: 12720.0s
2025-12-18 11:11:32.759 RedLemon[3216:26410] 🗓 Schedule Calc: Longlegs | RuntimeStr: 101 min -> 101m | Duration: 6660.0s
2025-12-18 11:11:32.759 RedLemon[3216:26410] 🗓 Schedule Calc: The Godfather | RuntimeStr: 175 min -> 175m | Duration: 11100.0s
2025-12-18 11:11:32.759 RedLemon[3216:26410] 🗓 Schedule Calc: The Last Samurai | RuntimeStr: 154 min -> 154m | Duration: 9840.0s
2025-12-18 11:11:32.759 RedLemon[3216:26410] 🗓 Schedule Calc: The Dark Knight | RuntimeStr: 152 min -> 152m | Duration: 9720.0s
2025-12-18 11:11:32.759 RedLemon[3216:26410] 🗓 Schedule Calc: Guardians of the Galaxy Vol. 3 | RuntimeStr: 150 min -> 150m | Duration: 9600.0s
2025-12-18 11:11:32.759 RedLemon[3216:26410] 🗓 Schedule Calc: The Equalizer | RuntimeStr: 132 min -> 132m | Duration: 8520.0s
2025-12-18 11:11:32.759 RedLemon[3216:26410] 🗓 Schedule Calc: It | RuntimeStr: 135 min -> 135m | Duration: 8700.0s
2025-12-18 11:11:32.759 RedLemon[3216:26410] 🗓 Schedule Calc: The Imitation Game | RuntimeStr: 113 min -> 113m | Duration: 7380.0s
2025-12-18 11:11:32.759 RedLemon[3216:26410] 🗓 Schedule Calc: Joe Dirt | RuntimeStr: 91 min -> 91m | Duration: 6060.0s
2025-12-18 11:11:32.759 RedLemon[3216:26410] 🗓 Schedule Calc: X-Men: Days of Future Past | RuntimeStr: 132 min -> 132m | Duration: 8520.0s
2025-12-18 11:11:32.759 RedLemon[3216:26410] 🗓 Schedule Calc: Rush Hour | RuntimeStr: 97 min -> 97m | Duration: 6420.0s
2025-12-18 11:11:32.759 RedLemon[3216:26410] 🗓 Schedule Calc: Guardians of the Galaxy Vol. 2 | RuntimeStr: 137 min -> 137m | Duration: 8820.0s
2025-12-18 11:11:32.759 RedLemon[3216:26410] 🗓 Schedule Calc: Hall Pass | RuntimeStr: 105 min -> 105m | Duration: 6900.0s
2025-12-18 11:11:32.759 RedLemon[3216:26410] 🗓 Schedule Calc: The Hunger Games: Catching Fire | RuntimeStr: 146 min -> 146m | Duration: 9360.0s
2025-12-18 11:11:32.759 RedLemon[3216:26410] 🗓 Schedule Calc: The Parent Trap | RuntimeStr: 128 min -> 128m | Duration: 8280.0s
2025-12-18 11:11:32.759 RedLemon[3216:26410] 🗓 Schedule Calc: The Accountant 2 | RuntimeStr: 133 min -> 133m | Duration: 8580.0s
2025-12-18 11:11:32.759 RedLemon[3216:26410] 🗓 Schedule Calc: xXx | RuntimeStr: 124 min -> 124m | Duration: 8040.0s
2025-12-18 11:11:32.759 RedLemon[3216:26410] 🗓 Schedule Calc: A Haunted House 2 | RuntimeStr: 87 min -> 87m | Duration: 5820.0s
2025-12-18 11:11:32.759 RedLemon[3216:26410] 🗓 Schedule Calc: Aliens vs. Predator: Requiem | RuntimeStr: 94 min -> 94m | Duration: 6240.0s
2025-12-18 11:11:32.760 RedLemon[3216:26410] 🗓 Schedule Calc: Blade Runner | RuntimeStr: 118 min -> 118m | Duration: 7680.0s
2025-12-18 11:11:32.760 RedLemon[3216:26410] 🗓 Schedule Calc: Baby Boy | RuntimeStr: 130 min -> 130m | Duration: 8400.0s
2025-12-18 11:11:32.760 RedLemon[3216:26410] 🗓 Schedule Calc: 2001: A Space Odyssey | RuntimeStr: 149 min -> 149m | Duration: 9540.0s
2025-12-18 11:11:32.760 RedLemon[3216:26410] 🗓 Schedule Calc: Léon: The Professional | RuntimeStr: 111 min -> 111m | Duration: 7260.0s
2025-12-18 11:11:32.760 RedLemon[3216:26410] 🗓 Schedule Calc: The Long Walk | RuntimeStr: 108 min -> 108m | Duration: 7080.0s
2025-12-18 11:11:32.760 RedLemon[3216:26410] 🗓 Schedule Calc: Stuber | RuntimeStr: 93 min -> 93m | Duration: 6180.0s
2025-12-18 11:11:32.760 RedLemon[3216:26410] 🗓 Schedule Calc: Sinister | RuntimeStr: 110 min -> 110m | Duration: 7200.0s
2025-12-18 11:11:32.760 RedLemon[3216:26410] 🗓 Schedule Calc: A.I. Artificial Intelligence | RuntimeStr: 146 min -> 146m | Duration: 9360.0s
2025-12-18 11:11:32.760 RedLemon[3216:26410] 🗓 Schedule Calc: Alien: Romulus | RuntimeStr: 119 min -> 119m | Duration: 7740.0s
2025-12-18 11:11:32.760 RedLemon[3216:26410] 🗓 Schedule Calc: The Woman in Cabin 10 | RuntimeStr: 95 min -> 95m | Duration: 6300.0s
2025-12-18 11:11:32.760 RedLemon[3216:26410] 🗓 Schedule Calc: Wanted | RuntimeStr: 110 min -> 110m | Duration: 7200.0s
2025-12-18 11:11:32.760 RedLemon[3216:26410] 🗓 Schedule Calc: Ocean's Eight | RuntimeStr: 111 min -> 111m | Duration: 7260.0s
2025-12-18 11:11:32.760 RedLemon[3216:26410] 🗓 Schedule Calc: Joker | RuntimeStr: 122 min -> 122m | Duration: 7920.0s
2025-12-18 11:11:32.760 RedLemon[3216:26410] 🗓 Schedule Calc: Catch Me If You Can | RuntimeStr: 141 min -> 141m | Duration: 9060.0s
2025-12-18 11:11:32.760 RedLemon[3216:26410] 🗓 Schedule Calc: Evil Dead 2 | RuntimeStr: 96 min -> 96m | Duration: 6360.0s
2025-12-18 11:11:32.760 RedLemon[3216:26410] 🗓 Schedule Calc: Cargo | RuntimeStr: 105 min -> 105m | Duration: 6900.0s
2025-12-18 11:11:32.760 RedLemon[3216:26410] 🗓 Schedule Calc: Barbie | RuntimeStr: 114 min -> 114m | Duration: 7440.0s
2025-12-18 11:11:32.760 RedLemon[3216:26410] 🗓 Schedule Calc: Mad Max: Fury Road | RuntimeStr: 121 min -> 121m | Duration: 7860.0s
2025-12-18 11:11:32.760 RedLemon[3216:26410] 🗓 Schedule Calc: Batman Returns | RuntimeStr: 126 min -> 126m | Duration: 8160.0s
2025-12-18 11:11:32.760 RedLemon[3216:26410] 🗓 Schedule Calc: The Naked Gun | RuntimeStr: 85 min -> 85m | Duration: 5700.0s
2025-12-18 11:11:32.760 RedLemon[3216:26410] 🗓 Schedule Calc: Cool Runnings | RuntimeStr: 98 min -> 98m | Duration: 6480.0s
2025-12-18 11:11:32.760 RedLemon[3216:26410] 🗓 Schedule Calc: Fractured | RuntimeStr: 101 min -> 101m | Duration: 6660.0s
2025-12-18 11:11:32.760 RedLemon[3216:26410] 🗓 Schedule Calc: Bugonia | RuntimeStr: 119 min -> 119m | Duration: 7740.0s
2025-12-18 11:11:32.760 RedLemon[3216:26410] 🗓 Schedule Calc: Shooter | RuntimeStr: 124 min -> 124m | Duration: 8040.0s
2025-12-18 11:11:32.761 RedLemon[3216:26410] 🗓 Schedule Calc: Weapons | RuntimeStr: 129 min -> 129m | Duration: 8340.0s
2025-12-18 11:11:32.761 RedLemon[3216:26410] 🗓 Schedule Calc: Contact | RuntimeStr: 150 min -> 150m | Duration: 9600.0s
2025-12-18 11:11:32.761 RedLemon[3216:26410] 🗓 Schedule Calc: Smile 2 | RuntimeStr: 127 min -> 127m | Duration: 8220.0s
2025-12-18 11:11:32.761 RedLemon[3216:26410] 🗓 Schedule Calc: Road House | RuntimeStr: 121 min -> 121m | Duration: 7860.0s
2025-12-18 11:11:32.761 RedLemon[3216:26410] 🗓 Schedule Calc: Deja Vu | RuntimeStr: 126 min -> 126m | Duration: 8160.0s
2025-12-18 11:11:32.761 RedLemon[3216:26410] 🗓 Schedule Calc: Southpaw | RuntimeStr: 123 min -> 123m | Duration: 7980.0s
2025-12-18 11:11:32.761 RedLemon[3216:26410] 🗓 Schedule Calc: Silent Night | RuntimeStr: 104 min -> 104m | Duration: 6840.0s
2025-12-18 11:11:32.761 RedLemon[3216:26410] 🗓 Schedule Calc: Casino Royale | RuntimeStr: 144 min -> 144m | Duration: 9240.0s
2025-12-18 11:11:32.761 RedLemon[3216:26410] 🗓 Schedule Calc: The Running Man | RuntimeStr: 133 min -> 133m | Duration: 8580.0s
2025-12-18 11:11:32.761 RedLemon[3216:26410] 🗓 Schedule Calc: The Covenant | RuntimeStr: 123 min -> 123m | Duration: 7980.0s
2025-12-18 11:11:32.761 RedLemon[3216:26410] 🗓 Schedule Calc: Bad Boys for Life | RuntimeStr: 124 min -> 124m | Duration: 8040.0s
2025-12-18 11:11:32.761 RedLemon[3216:26410] 🗓 Schedule Calc: Blade: Trinity | RuntimeStr: 123 min -> 123m | Duration: 7980.0s
2025-12-18 11:11:32.761 RedLemon[3216:26410] 🗓 Schedule Calc: Freaky Tales | RuntimeStr: 107 min -> 107m | Duration: 7020.0s
2025-12-18 11:11:32.761 RedLemon[3216:26410] 🗓 Schedule Calc: The Fantastic Four: First Steps | RuntimeStr: 115 min -> 115m | Duration: 7500.0s
2025-12-18 11:11:32.761 RedLemon[3216:26410] 🗓 Schedule Calc: Fast & Furious Presents: Hobbs & Shaw | RuntimeStr: 137 min -> 137m | Duration: 8820.0s
2025-12-18 11:11:32.761 RedLemon[3216:26410] 🗓 Schedule Calc: No Country for Old Men | RuntimeStr: 122 min -> 122m | Duration: 7920.0s
2025-12-18 11:11:32.761 RedLemon[3216:26410] 🗓 Schedule Calc: Top Gun: Maverick | RuntimeStr: 131 min -> 131m | Duration: 8460.0s
2025-12-18 11:11:32.762 RedLemon[3216:26410] 🗓 Schedule Calc: No Escape | RuntimeStr: 103 min -> 103m | Duration: 6780.0s
2025-12-18 11:11:32.762 RedLemon[3216:26410] 🗓 Schedule Calc: The Exorcist | RuntimeStr: 122 min -> 122m | Duration: 7920.0s
2025-12-18 11:11:32.762 RedLemon[3216:26410] 🗓 Schedule Calc: Die Hard | RuntimeStr: 132 min -> 132m | Duration: 8520.0s
2025-12-18 11:11:32.762 RedLemon[3216:26410] 🗓 Schedule Calc: The Smashing Machine | RuntimeStr: 123 min -> 123m | Duration: 7980.0s
2025-12-18 11:11:32.762 RedLemon[3216:26410] 🗓 Schedule Calc: Fruitvale Station | RuntimeStr: 82 min -> 82m | Duration: 5520.0s
2025-12-18 11:11:32.762 RedLemon[3216:26410] 🗓 Schedule Calc: Playdate | RuntimeStr: 93 min -> 93m | Duration: 6180.0s
2025-12-18 11:11:32.762 RedLemon[3216:26410] 🗓 Schedule Calc: Presence | RuntimeStr: 84 min -> 84m | Duration: 5640.0s
2025-12-18 11:11:32.762 RedLemon[3216:26410] 🗓 Schedule Calc: Fracture | RuntimeStr: 113 min -> 113m | Duration: 7380.0s
2025-12-18 11:11:32.762 RedLemon[3216:26410] 🗓 Schedule Calc: Insidious | RuntimeStr: 102 min -> 102m | Duration: 6720.0s
2025-12-18 11:11:32.762 RedLemon[3216:26410] 🗓 Schedule Calc: Plane | RuntimeStr: 107 min -> 107m | Duration: 7020.0s
2025-12-18 11:11:32.762 RedLemon[3216:26410] 🗓 Schedule Calc: It | RuntimeStr: 135 min -> 135m | Duration: 8700.0s
2025-12-18 11:11:32.762 RedLemon[3216:26410] 🗓 Schedule Calc: Venom: Let There Be Carnage | RuntimeStr: 97 min -> 97m | Duration: 6420.0s
2025-12-18 11:11:32.762 RedLemon[3216:26410] 🗓 Schedule Calc: Pulp Fiction | RuntimeStr: 154 min -> 154m | Duration: 9840.0s
2025-12-18 11:11:32.762 RedLemon[3216:26410] 🗓 Schedule Calc: Men in Black | RuntimeStr: 98 min -> 98m | Duration: 6480.0s
2025-12-18 11:11:32.762 RedLemon[3216:26410] 🗓 Schedule Calc: Batman v Superman: Dawn of Justice | RuntimeStr: 152 min -> 152m | Duration: 9720.0s
2025-12-18 11:11:32.763 RedLemon[3216:26410] 🗓 Schedule Calc: Thir13en Ghosts | RuntimeStr: 91 min -> 91m | Duration: 6060.0s
2025-12-18 11:11:32.764 RedLemon[3216:26410] 🗓 Schedule Calc: Hall Pass | RuntimeStr: 105 min -> 105m | Duration: 6900.0s
2025-12-18 11:11:32.764 RedLemon[3216:26410] 🗓 Schedule Calc: Hall Pass | RuntimeStr: 105 min -> 105m | Duration: 6900.0s
2025-12-18 11:11:32.764 RedLemon[3216:26410] 🗓 Schedule Calc: Ma | RuntimeStr: 99 min -> 99m | Duration: 6540.0s
2025-12-18 11:11:32.764 RedLemon[3216:26410] 🗓 Schedule Calc: The Orphanage | RuntimeStr: 105 min -> 105m | Duration: 6900.0s
2025-12-18 11:11:32.764 RedLemon[3216:26410] 🗓 Schedule Calc: The Prestige | RuntimeStr: 130 min -> 130m | Duration: 8400.0s
2025-12-18 11:11:32.764 RedLemon[3216:26410] 🗓 Schedule Calc: Bring Her Back | RuntimeStr: 104 min -> 104m | Duration: 6840.0s
2025-12-18 11:11:32.764 RedLemon[3216:26410] 🗓 Schedule Calc: Tower Heist | RuntimeStr: 104 min -> 104m | Duration: 6840.0s
2025-12-18 11:11:32.764 RedLemon[3216:26410] 🗓 Schedule Calc: Pirates of the Caribbean: On Stranger Tides | RuntimeStr: 136 min -> 136m | Duration: 8760.0s
2025-12-18 11:11:32.764 RedLemon[3216:26410] 🗓 Schedule Calc: The Dark Knight Rises | RuntimeStr: 165 min -> 165m | Duration: 10500.0s
2025-12-18 11:11:32.764 RedLemon[3216:26410] 🗓 Schedule Calc: Escape Room | RuntimeStr: 99 min -> 99m | Duration: 6540.0s
2025-12-18 11:11:32.764 RedLemon[3216:26410] 🗓 Schedule Calc: A Bronx Tale | RuntimeStr: 121 min -> 121m | Duration: 7860.0s
2025-12-18 11:11:32.764 RedLemon[3216:26410] 🗓 Schedule Calc: It: Chapter Two | RuntimeStr: 169 min -> 169m | Duration: 10740.0s
2025-12-18 11:11:32.765 RedLemon[3216:26410] 🗓 Schedule Calc: Kill Bill: Vol. 1 | RuntimeStr: 111 min -> 111m | Duration: 7260.0s
2025-12-18 11:11:32.765 RedLemon[3216:26410] 🗓 Schedule Calc: Wonder Woman | RuntimeStr: 141 min -> 141m | Duration: 9060.0s
2025-12-18 11:11:32.765 RedLemon[3216:26410] 🗓 Schedule Calc: Her | RuntimeStr: 126 min -> 126m | Duration: 8160.0s
2025-12-18 11:11:32.765 RedLemon[3216:26410] 🗓 Schedule Calc: Deadpool & Wolverine | RuntimeStr: 128 min -> 128m | Duration: 8280.0s
2025-12-18 11:11:32.765 RedLemon[3216:26410] 🗓 Schedule Calc: Central Intelligence | RuntimeStr: 107 min -> 107m | Duration: 7020.0s
2025-12-18 11:11:32.765 RedLemon[3216:26410] 🗓 Schedule Calc: War of the Worlds | RuntimeStr: 117 min -> 117m | Duration: 7620.0s
2025-12-18 11:11:32.765 RedLemon[3216:26410] 🗓 Schedule Calc: The Avengers | RuntimeStr: 143 min -> 143m | Duration: 9180.0s
2025-12-18 11:11:32.765 RedLemon[3216:26410] 🗓 Schedule Calc: Borderlands | RuntimeStr: 101 min -> 101m | Duration: 6660.0s
2025-12-18 11:11:32.765 RedLemon[3216:26410] 🗓 Schedule Calc: Smile 2 | RuntimeStr: 127 min -> 127m | Duration: 8220.0s
2025-12-18 11:11:32.765 RedLemon[3216:26410] 🗓 Schedule Calc: The Jacket | RuntimeStr: 103 min -> 103m | Duration: 6780.0s
2025-12-18 11:11:32.765 RedLemon[3216:26410] 🗓 Schedule Calc: John Wick: Chapter 3 - Parabellum | RuntimeStr: 131 min -> 131m | Duration: 8460.0s
2025-12-18 11:11:32.765 RedLemon[3216:26410] 🗓 Schedule Calc: Gone Girl | RuntimeStr: 149 min -> 149m | Duration: 9540.0s
2025-12-18 11:11:32.765 RedLemon[3216:26410] 🗓 Schedule Calc: Taken 2 | RuntimeStr: 91 min -> 91m | Duration: 6060.0s
2025-12-18 11:11:32.765 RedLemon[3216:26410] ✅ Using Specific Schedule Item! Start: 2025-12-18 16:00:42 +0000, Pos: 650.8597966432571
2025-12-18 11:11:32.765 RedLemon[3216:26410] 🎉 Detected Event Room join! StartTime: 2025-12-18 15:53:41 +0000, Pos: 650.8597966432571s
", "is_read": true, "sender_id": "96e01cdb-36c0-4228-a6e4-a29a3c66bc8e", "created_at": "2025-12-12T21:27:48.518086+00:00", "receiver_id": "656daa91-33b4-4688-9135-c982ea52d7c9"},"columns":[{"name": "id", "type": "uuid"}, {"name": "sender_id", "type": "uuid"}, {"name": "receiver_id", "type": "uuid"}, {"name": "content", "type": "text"}, {"name": "is_read", "type": "bool"}, {"name": "created_at", "type": "timestamptz"}],"errors":null,"schema":"public","commit_timestamp":"2025-12-18T16:11:31.063Z","old_record":{"id": "9692c65d-86d0-475c-8b0e-025f25213e9f"}},"ids":[102443684]},"topic":"realtime:direct_messages"}
📨 Received: {"ref":null,"event":"postgres_changes","payload":{"data":{"table":"direct_messages","type":"UPDATE","record":{"id": "a5fce6c4-bb54-43d5-a28f-37d02df890b5", "content": "", "is_read": true, "sender_id": "96e01cdb-36c0-4228-a6e4-a29a3c66bc8e", "created_at": "2025-12-13T01:04:53.770468+00:00", "receiver_id": "656daa91-33b4-4688-9135-c982ea52d7c9"},"columns":[{"name": "id", "type": "uuid"}, {"name": "sender_id", "type": "uuid"}, {"name": "receiver_id", "type": "uuid"}, {"name": "content", "type": "text"}, {"name": "is_read", "type": "bool"}, {"name": "created_at", "type": "timestamptz"}],"errors":null,"schema":"public","commit_timestamp":"2025-12-18T16:11:31.063Z","old_record":{"id": "a5fce6c4-bb54-43d5-a28f-37d02df890b5"}},"ids":[102443684]},"topic":"realtime:direct_messages"}
📨 Received: {"ref":null,"event":"postgres_changes","payload":{"data":{"table":"direct_messages","type":"UPDATE","record":{"id": "42fd2815-8941-4b15-a2ed-80a7347d34ee", "content": "hey", "is_read": true, "sender_id": "96e01cdb-36c0-4228-a6e4-a29a3c66bc8e", "created_at": "2025-12-13T01:23:23.61003+00:00", "receiver_id": "656daa91-33b4-4688-9135-c982ea52d7c9"},"columns":[{"name": "id", "type": "uuid"}, {"name": "sender_id", "type": "uuid"}, {"name": "receiver_id", "type": "uuid"}, {"name": "content", "type": "text"}, {"name": "is_read", "type": "bool"}, {"name": "created_at", "type": "timestamptz"}],"errors":null,"schema":"public","commit_timestamp":"2025-12-18T16:11:31.063Z","old_record":{"id": "42fd2815-8941-4b15-a2ed-80a7347d34ee"}},"ids":[102443684]},"topic":"realtime:direct_messages"}
📨 Received: {"ref":null,"event":"postgres_changes","payload":{"data":{"table":"direct_messages","type":"UPDATE","record":{"id": "de20e9b6-feba-4167-8be1-27f4a63230cc", "content": "hi", "is_read": true, "sender_id": "96e01cdb-36c0-4228-a6e4-a29a3c66bc8e", "created_at": "2025-12-13T20:00:54.574798+00:00", "receiver_id": "656daa91-33b4-4688-9135-c982ea52d7c9"},"columns":[{"name": "id", "type": "uuid"}, {"name": "sender_id", "type": "uuid"}, {"name": "receiver_id", "type": "uuid"}, {"name": "content", "type": "text"}, {"name": "is_read", "type": "bool"}, {"name": "created_at", "type": "timestamptz"}],"errors":null,"schema":"public","commit_timestamp":"2025-12-18T16:11:31.063Z","old_record":{"id": "de20e9b6-feba-4167-8be1-27f4a63230cc"}},"ids":[102443684]},"topic":"realtime:direct_messages"}
📨 Received: {"ref":null,"event":"postgres_changes","payload":{"data":{"table":"direct_messages","type":"UPDATE","record":{"id": "41d443e2-d861-4a8d-9f8a-bfe31a36b6ef", "content": "🤔🤔🤔", "is_read": true, "sender_id": "96e01cdb-36c0-4228-a6e4-a29a3c66bc8e", "created_at": "2025-12-13T01:19:30.956224+00:00", "receiver_id": "656daa91-33b4-4688-9135-c982ea52d7c9"},"columns":[{"name": "id", "type": "uuid"}, {"name": "sender_id", "type": "uuid"}, {"name": "receiver_id", "type": "uuid"}, {"name": "content", "type": "text"}, {"name": "is_read", "type": "bool"}, {"name": "created_at", "type": "timestamptz"}],"errors":null,"schema":"public","commit_timestamp":"2025-12-18T16:11:31.063Z","old_record":{"id": "41d443e2-d861-4a8d-9f8a-bfe31a36b6ef"}},"ids":[102443684]},"topic":"realtime:direct_messages"}
📨 Received: {"ref":null,"event":"postgres_changes","payload":{"data":{"table":"direct_messages","type":"UPDATE","record":{"id": "5b79e1d8-8712-4ef2-9800-76be5240417b", "content": "sure", "is_read": true, "sender_id": "96e01cdb-36c0-4228-a6e4-a29a3c66bc8e", "created_at": "2025-12-13T18:03:16.649677+00:00", "receiver_id": "656daa91-33b4-4688-9135-c982ea52d7c9"},"columns":[{"name": "id", "type": "uuid"}, {"name": "sender_id", "type": "uuid"}, {"name": "receiver_id", "type": "uuid"}, {"name": "content", "type": "text"}, {"name": "is_read", "type": "bool"}, {"name": "created_at", "type": "timestamptz"}],"errors":null,"schema":"public","commit_timestamp":"2025-12-18T16:11:31.063Z","old_record":{"id": "5b79e1d8-8712-4ef2-9800-76be5240417b"}},"ids":[102443684]},"topic":"realtime:direct_messages"}
📨 Received: {"ref":null,"event":"postgres_changes","payload":{"data":{"table":"direct_messages","type":"UPDATE","record":{"id": "822f3fd0-517c-4a7c-8de7-994287b84ac5", "content": "🎬🎬🎬🎬🎬", "is_read": true, "sender_id": "96e01cdb-36c0-4228-a6e4-a29a3c66bc8e", "created_at": "2025-12-13T04:13:27.644686+00:00", "receiver_id": "656daa91-33b4-4688-9135-c982ea52d7c9"},"columns":[{"name": "id", "type": "uuid"}, {"name": "sender_id", "type": "uuid"}, {"name": "receiver_id", "type": "uuid"}, {"name": "content", "type": "text"}, {"name": "is_read", "type": "bool"}, {"name": "created_at", "type": "timestamptz"}],"errors":null,"schema":"public","commit_timestamp":"2025-12-18T16:11:31.063Z","old_record":{"id": "822f3fd0-517c-4a7c-8de7-994287b84ac5"}},"ids":[102443684]},"topic":"realtime:direct_messages"}
📨 Received: {"ref":null,"event":"postgres_changes","payload":{"data":{"table":"direct_messages","type":"UPDATE","record":{"id": "20ed5c61-0ae3-4718-a826-0d5b4243aef7", "content": "❤️❤️❤️❤️❤️❤️", "is_read": true, "sender_id": "96e01cdb-36c0-4228-a6e4-a29a3c66bc8e", "created_at": "2025-12-13T04:13:05.02741+00:00", "receiver_id": "656daa91-33b4-4688-9135-c982ea52d7c9"},"columns":[{"name": "id", "type": "uuid"}, {"name": "sender_id", "type": "uuid"}, {"name": "receiver_id", "type": "uuid"}, {"name": "content", "type": "text"}, {"name": "is_read", "type": "bool"}, {"name": "created_at", "type": "timestamptz"}],"errors":null,"schema":"public","commit_timestamp":"2025-12-18T16:11:31.063Z","old_record":{"id": "20ed5c61-0ae3-4718-a826-0d5b4243aef7"}},"ids":[102443684]},"topic":"realtime:direct_messages"}
📨 Received: {"ref":null,"event":"postgres_changes","payload":{"data":{"table":"direct_messages","type":"UPDATE","record":{"id": "9688fd87-3886-48d8-b0af-c71af74ef022", "content": "hey", "is_read": true, "sender_id": "96e01cdb-36c0-4228-a6e4-a29a3c66bc8e", "created_at": "2025-12-13T20:54:03.751326+00:00", "receiver_id": "656daa91-33b4-4688-9135-c982ea52d7c9"},"columns":[{"name": "id", "type": "uuid"}, {"name": "sender_id", "type": "uuid"}, {"name": "receiver_id", "type": "uuid"}, {"name": "content", "type": "text"}, {"name": "is_read", "type": "bool"}, {"name": "created_at", "type": "timestamptz"}],"errors":null,"schema":"public","commit_timestamp":"2025-12-18T16:11:31.063Z","old_record":{"id": "9688fd87-3886-48d8-b0af-c71af74ef022"}},"ids":[102443684]},"topic":"realtime:direct_messages"}
📨 Received: {"ref":null,"event":"postgres_changes","payload":{"data":{"table":"direct_messages","type":"UPDATE","record":{"id": "67e8e53e-e87d-43dc-a0c5-b32c0ec2d632", "content": "", "is_read": true, "sender_id": "96e01cdb-36c0-4228-a6e4-a29a3c66bc8e", "created_at": "2025-12-13T00:57:36.184241+00:00", "receiver_id": "656daa91-33b4-4688-9135-c982ea52d7c9"},"columns":[{"name": "id", "type": "uuid"}, {"name": "sender_id", "type": "uuid"}, {"name": "receiver_id", "type": "uuid"}, {"name": "content", "type": "text"}, {"name": "is_read", "type": "bool"}, {"name": "created_at", "type": "timestamptz"}],"errors":null,"schema":"public","commit_timestamp":"2025-12-18T16:11:31.063Z","old_record":{"id": "67e8e53e-e87d-43dc-a0c5-b32c0ec2d632"}},"ids":[102443684]},"topic":"realtime:direct_messages"}
🔍 Supabase Response for /rooms: [{"id":"event_tt0126029","name":"Shrek","host_user_id":"656daa91-33b4-4688-9135-c982ea52d7c9","host_username":"RedLemon Events","stream_hash":"8ee16e63bcc4fa9688c924e3607b60771a672ca9","imdb_id":"tt0126029","poster_url":"https://images.metahub.space/poster/small/tt0126029/img","backdrop_url":"https://images.metahub.space/background/medium/tt0126029/img","playback_position":0,"is_playing":false,"participants_count":2,"max_participants":50,"is_public":true,"created_at":"2025-12-18T15:53:41.227162","last_activity":"2025-12-18T16:10:39.142023","season":null,"episode":null,"selected_quality":null,"selected_file_idx":null,"unlocked_stream_url":"https://chi9-4.download.real-debrid.com/d/UO3TCCC2I6MRA43/Shrek.2001.720p.BluRay.H264.AAC-RARBG.mp4","description":null,"current_playlist_index":0,"playlist":[],"subtitle_url":"http://127.0.0.1:47253/subtitles/subdl/L3N1YnRpdGxlLzM0MjQ5MTEtODM0ODUwMy56aXA=?token=8E4D115B-B6A7-493E-B866-45E722543045"}]
❌ Supabase error (409): {"code":"23505","details":null,"hint":null,"message":"duplicate key value violates unique constraint \"room_participants_pkey\""}
📡 [EventsConfig] Checking server for movie_events config version...
✅ [EventsConfig] Fetched movie_events version 1356 with 448 movies
✅ [EventsConfig] Using cached movie_events config (version 1356, 448 movies)
[ INFO ] GET /api/metadata/meta/movie/tt0126029 [request-id: 954F9096-1FEA-4DAF-9A7B-9BCB4CA390E9]
2025-12-18 11:11:32.991 RedLemon[3216:26410] 🖼️ Loading background art: https://images.metahub.space/background/medium/tt0126029/img
2025-12-18 11:11:32.992 RedLemon[3216:26410] ⏳ Background art loading...
2025-12-18 11:11:33.064 RedLemon[3216:26480] 📦 Decoded CinemetaMeta - videos count: 0
2025-12-18 11:11:33.365 RedLemon[3216:26410] ✅ Background art loaded successfully
2025-12-18 11:11:33.433 RedLemon[3216:26410]    Quality: 1080p
2025-12-18 11:11:33.434 RedLemon[3216:26410]    Mode: watchParty
2025-12-18 11:11:33.434 RedLemon[3216:26410] 📡 Fetching metadata for tt0126029...
2025-12-18 11:11:33.435 RedLemon[3216:26410] 🎨 Loading logo: https://images.metahub.space/logo/medium/tt0126029/img
2025-12-18 11:11:33.436 RedLemon[3216:26410] ⏳ Logo loading...
2025-12-18 11:11:33.518 RedLemon[3216:26410] ✅ Logo loaded successfully
2025-12-18 11:11:33.519 RedLemon[3216:26410] 🎬 GUEST: Using host's stream selection (skipping resolution)
2025-12-18 11:11:33.520 RedLemon[3216:26410] ⚠️ GUEST: Detected quality from filename: 720p
2025-12-18 11:11:33.520 RedLemon[3216:26410] 🎬 GUEST: Searching for subtitles locally...
💾 Cache SET: Metadata[meta_movie_tt0126029]
🎬 PlayerVM: Starting playback for: Shrek
✅ Cache HIT: Metadata[meta_movie_tt0126029]


✅ [SYNC VERIFICATION] LOCKING TO SHARED STREAM (SYSTEM/HOST) 🔒
[ INFO ] GET /subtitles/search [request-id: 98A98526-FE16-4A51-B6BD-BB83B7FFCF83]
2025-12-18 11:11:33.790 RedLemon[3216:26410] ✅ GUEST: Found 10 subtitles
2025-12-18 11:11:33.801 RedLemon[3216:26410] 🎬🎬🎬 MPVPlayerView INIT called - streamURL: https://chi9-4.download.real-debrid.com/d/UO3TCCC2I6MRA43/Sh, subtitles: 10
2025-12-18 11:11:33.897 RedLemon[3216:26410] ✅ Stream ready, starting playback...
2025-12-18 11:11:33.897 RedLemon[3216:26410] 🖥️ WindowManager: enterFullscreen() called
2025-12-18 11:11:33.898 RedLemon[3216:26410]    Window: <SwiftUI.SwiftUIWindow: 0x7f7b2ae71290>
2025-12-18 11:11:33.898 RedLemon[3216:26410]    Is fullscreen: 0
2025-12-18 11:11:33.898 RedLemon[3216:26410]    ✅ WindowManager: Toggling fullscreen ON
2025-12-18 11:11:33.969 RedLemon[3216:26410] 🖼️ Setting up MPV with native macOS video output...
2025-12-18 11:11:33.974 RedLemon[3216:26410] ✅ MPV initialized with native GPU rendering
2025-12-18 11:11:33.986 RedLemon[3216:26410] 🎬🎬🎬 MPVPlayerView .task starting
2025-12-18 11:11:33.986 RedLemon[3216:26410] 🎉 Starting watch party sync - Room: event_tt0126029, Host: NO
2025-12-18 11:11:33.987 RedLemon[3216:26410] 🎉 Watch Party Mode ENABLED. isInWatchParty = YES
2025-12-18 11:11:34.053 RedLemon[3216:26410] 🔍 MPV track-list/count: 0
2025-12-18 11:11:34.053 RedLemon[3216:26410] 📊 Total subtitle tracks found: 1 (including Off if needed)
2025-12-18 11:11:34.054 RedLemon[3216:26410]    Start[0]: ID=0, Title='Off', Lang='nil', Ext=0
2025-12-18 11:11:34.060 RedLemon[3216:26410] 🔄 Starting chat polling for room: event_tt0126029
2025-12-18 11:11:34.062 RedLemon[3216:26410] ✅ Watch party sync started successfully - isInWatchParty is now TRUE
2025-12-18 11:11:34.062 RedLemon[3216:26410] 🎬🎬🎬 About to call loadStream - isInWatchParty: YES
2025-12-18 11:11:34.063 RedLemon[3216:26410] 🎬🎬🎬 Subtitles: 10
2025-12-18 11:11:34.082 RedLemon[3216:26410] 🎬🎬🎬 LOADSTREAM CALLED - streamTitle: Shrek
2025-12-18 11:11:34.082 RedLemon[3216:26410] 🎬🎬🎬 streamURL: https://chi9-4.download.real-debrid.com/d/UO3TCCC2I6MRA43/Sh
2025-12-18 11:11:34.082 RedLemon[3216:26410] 🎬🎬🎬 subtitles: 10
2025-12-18 11:11:34.083 RedLemon[3216:26410] 🎬🎬🎬 MPVPlayerView .task completed
2025-12-18 11:11:34.099 RedLemon[3216:26486] 🎬 MPV: Current video filename set to: Shrek.2001.720p.BluRay.H264.AAC-RARBG.mp4
2025-12-18 11:11:34.099 RedLemon[3216:26486] 🎬 MPV loadVideo called with URL: https://chi9-4.download.real-debrid.com/d/UO3TCCC2I6MRA43/Shrek.2001.720p.BluRay.H264.AAC-RARBG.mp4, autoplay: true
2025-12-18 11:11:34.099 RedLemon[3216:26485] ℹ️ SubDL subtitles detected - downloading to local files in background...
2025-12-18 11:11:34.100 RedLemon[3216:26485] 🔍 SubtitleService: Downloading http://127.0.0.1:47253/subtitles/subdl/L3N1YnRpdGxlLzM0MjQ5MTEtODM0ODUwMy56aXA=
2025-12-18 11:11:34.100 RedLemon[3216:26486] 🎬 MPV executing command: loadfile "https://chi9-4.download.real-debrid.com/d/UO3TCCC2I6MRA43/Shrek.2001.720p.BluRay.H264.AAC-RARBG.mp4"
2025-12-18 11:11:34.100 RedLemon[3216:26486] 🎬 MPV loadfile result: 0
2025-12-18 11:11:34.100 RedLemon[3216:26486] ✅ MPV loadfile succeeded, isPlaying set to true
🔍 Subtitle search request: tt0126029 (movie)
✅ SubDLClient initialized
🔍 Searching SubDL: tt0126029 (movie)
📝 SubDL Raw Response: {"status":true,"results":[{"sd_id":21603,"type":"movie","name":"Shrek","imdb_id":"tt0126029","tmdb_id":808,"first_air_date":null,"release_date":"2001-05-16T00:00:00.000Z","year":2001}],"subtitles":[{"release_name":"Shrek.2001.1080p.BluRay.x265-YAWNTiC_eng SDH","name":"Shrek.2001.1080p.BluRay.x265-YAWNTiC_eng SDH.zip","lang":"English","author":"YTSDD","url":"/subtitle/3534457-8423747.zip","subtitlePage":"/s/info/rW5VoYnipI","season":0,"episode":null,"language":"EN","hi":false,"episode_from":null,"episode_end":0,"full_season":false},{"release_name":"Shrek.2001.1080p.BluRay.x265-YAWNTiC_eng","name":"Shrek.2001.1080p.BluRay.x265-YAWNTiC_eng.zip","lang":"English","author":"YTSDD","url":"/subtitle/3501322-8423748.zip","subtitlePage":"/s/info/fUoDDFtVeG2","season":0,"episode":null,"language":"EN","hi":false,"episode_from":null,"episode_end":0,"full_season":false},{"release_name":"shrek.2001.2160p.uhd.bluray.x265-b0mbardiers","name":"shrek.2001.2160p.uhd.bluray.x265-b0mbardiers.zip","lang":"English","author":"dlks","url":"/subtitle/3430157-8353874.zip","subtitlePage":"/s/info/lON6ZOc0lg","season":0,"episode":1,"language":"EN","hi":false,"episode_from":1,"episode_end":1,"full_season":false},{"release_name":"Shrek.2001.1080p.BluRay.x264.YIFY","name":"Shrek.2001.1080p.BluRay.x264.YIFY.zip","lang":"English","author":"Krish Sahu","url":"/subtitle/3424911-8348503.zip","subtitlePage":"/s/info/GvsuHKRuLK","season":0,"episode":null,"language":"EN","hi":false,"episode_from":null,"episode_end":0,"full_season":false},{"release_name":"Shrek.2001.1080p.BluRay.x264.YIFY","name":"Shrek.2001.1080p.BluRay.x264.YIFY.zip","lang":"English","author":"Krish Sahu","url":"/subtitle/3424909-8348501.zip","subtitlePage":"/s/info/KeH8fXnwk9","season":0,"episode":null,"language":"EN","hi":false,"episode_from":null,"episode_end":0,"full_season":false},{"release_name":"Shrek.2001.1080p.BluRay.x264.YIFY","name":"Shrek.2001.1080p.BluRay.x264.YIFY.zip","lang":"English","author":"Krish Sahu","url":"/subtitle/3424908-8348500.zip","subtitlePage":"/s/info/FGaTZzJphq","season":0,"episode":null,"language":"EN","hi":false,"episode_from":null,"episode_end":0,"full_season":false},{"release_name":"Shrek.2001.1080p.BluRay.H264.AAC-RARBG","name":"shrek-2001_english-3199720.zip","lang":"english","author":"Miran_murad","url":"/subtitle/3327449-3199720.zip","subtitlePage":"/s/info/DVtEDeWblq","season":0,"episode":null,"language":"EN","hi":false,"episode_from":null,"episode_end":0,"full_season":false},{"release_name":"Shrek.2001.2160p.4K.BluRay.x265.10bit.AAC5.1-[YTS.MX]-001","name":"SUBDL::shrek-2001-english-3205569.zip","lang":"english","author":"carlthesatin","url":"/subtitle/3189595-3205569.zip","subtitlePage":"/s/info/EAnLtPIiYf","season":0,"episode":null,"language":"EN","hi":false,"episode_from":null,"episode_end":0,"full_season":false},{"release_name":"Shrek.2001.UHD.BluRay.2160p.DTS-X.7.1.HEVC.REMUX-FraMeSToR","name":"SUBDL::shrek-2001-english-3059381.zip","lang":"english","author":"Madhalo","url":"/subtitle/3051668-3059381.zip","subtitlePage":"/s/info/vrTyufJV4F","season":0,"episode":null,"language":"EN","hi":false,"episode_from":null,"episode_end":0,"full_season":false},{"release_name":"Shrek.2001.1080p.BluRay.H264.AAC-RARBG","name":"SUBDL::shrek-2001-english-2978661.zip","lang":"english","author":"makoslade24","url":"/subtitle/2983897-2978661.zip","subtitlePage":"/s/info/SyAiiEtRQv","season":0,"episode":null,"language":"EN","hi":false,"episode_from":null,"episode_end":0,"full_season":false}],"totalPages":6,"currentPage":1}
✅ Found 10 subtitles from SubDL
📝 SubDL results for movie:
   [1] Shrek.2001.1080p.BluRay.x264.YIFY [EN] (score: 28)
   [2] Shrek.2001.1080p.BluRay.x264.YIFY [EN] (score: 28)
   [3] Shrek.2001.1080p.BluRay.x264.YIFY [EN] (score: 28)
   [4] Shrek.2001.1080p.BluRay.x265-YAWNTiC_eng SDH [EN] (score: 20)
   [5] Shrek.2001.1080p.BluRay.x265-YAWNTiC_eng [EN] (score: 20)
   [6] shrek.2001.2160p.uhd.bluray.x265-b0mbardiers [EN] (score: 20)
   [7] Shrek.2001.1080p.BluRay.H264.AAC-RARBG [EN] (score: 20)
   [8] Shrek.2001.1080p.BluRay.H264.AAC-RARBG [EN] (score: 20)
   [9] Shrek.2001.2160p.4K.BluRay.x265.10bit.AAC5.1-[YTS.MX]-001 [EN] (score: 18)
   [10] Shrek.2001.UHD.BluRay.2160p.DTS-X.7.1.HEVC.REMUX-FraMeSToR [EN] (score: 5)
✅ Subtitle search returned 10 results
🎬 RedLemon: Creating MPVPlayerView
   Stream URL: https://chi9-4.download.real-debrid.com/d/UO3TCCC2I6MRA43/Sh
   Display Title: Shrek
   Subtitle URLs: 10
      [0] Shrek.2001.1080p.BluRay.x264.YIFY
      [1] Shrek.2001.1080p.BluRay.x264.YIFY
      [2] Shrek.2001.1080p.BluRay.x264.YIFY
      [3] Shrek.2001.1080p.BluRay.x265-YAWNTiC_eng SDH
      [4] Shrek.2001.1080p.BluRay.x265-YAWNTiC_eng
      [5] shrek.2001.2160p.uhd.bluray.x265-b0mbardiers
      [6] Shrek.2001.1080p.BluRay.H264.AAC-RARBG
      [7] Shrek.2001.1080p.BluRay.H264.AAC-RARBG
      [8] Shrek.2001.2160p.4K.BluRay.x265.10bit.AAC5.1-[YTS.MX]-001
      [9] Shrek.2001.UHD.BluRay.2160p.DTS-X.7.1.HEVC.REMUX-FraMeSToR
🎬 MPVWrapper: Creating embedded MPV with render context...
✅ MPV handle created
🎬 MPVLayerHostView initialized
🎬 Event playback detected - starting auto-exit monitor
🧠 StreamService: Marked hash 8ee16e63 as attempted for tt0126029
🎬 Created CGL pixel format (Core Profile 3.2)
🎬 Created CGL context with vsync enabled
🎬 MPVViewLayer initialized with async rendering
🎬 Video layer assigned to host view
🎬 Creating MPV render context with OpenGL (IINA method)...
🎬 MPV: Frame ready! Calling layer.update() (throttled)
✅ Render context created successfully (IINA method)
🎬 Layer.update() called - forceDraw:false needsFlip:true (throttled)
🎬 CVDisplayLink started
🎉 Starting watch party: roomId=event_tt0126029, isHost=false
🎬 DisplayLink: reportSwap() (throttled)
🔌 Setting up Realtime channel: watch-party:event_tt0126029
   Role: Guest
   User ID: 656DAA91-33B4-4688-9135-C982EA52D7C9
📡 Connection state: connecting
⏯️ MPV: Pause state changed to false -> isPlaying = true
⚡️ PlaybackService: creating sleep assertion (preventing idle sleep)
📡 Joined channel: realtime:watch-party:event_tt0126029
✅ Video ready - hiding poster
📡 Connection state: connected
✅ Realtime channel setup complete
🌐 Selecting English audio and subtitle tracks...
📊 Found 0 audio tracks
📊 Found 1 subtitle tracks (including 'Off')
   Subtitle: ID=0 lang=nil title=Off
📊 After filtering: 0 actual subtitle tracks
ℹ️ No subtitle tracks found in video yet
🎉 EVENT: Recalculating seek time at video ready
   Event started at: 2025-12-18 16:00:42 +0000
   Current time: 2025-12-18 16:11:34 +0000
   Elapsed: 652s
   Seeking to: 652s
🎯 IMMEDIATE RESUME: Seeking to 652s without delay
📝 Started watch history tracking
✅ Watch party sync initialized with Realtime
🎬 Loading stream: Shrek
   IMDB: tt0126029
   URL: https://chi9-4.download.real-debrid.com/d/UO3TCCC2I6MRA43/Sh...
   Hash: 8ee16e63...
   Source: BluRay
💬 Added mock chat messages for testing
🎉 EVENT MODE: Autoplaying immediately (ignoring watch party gates)
⚡️ PlaybackService: releasing sleep assertion
📡 Fetching metadata for tt0126029 as movie...
✅ Cache HIT: Metadata[meta_movie_tt0126029]
📝 Pre-loading external subtitles (Top 3)...
⚡️ PlaybackService: creating sleep assertion (preventing idle sleep)
⏯️ MPV: Pause state changed to true -> isPlaying = false
⚡️ PlaybackService: releasing sleep assertion
📨 Received: {"ref":"DECB679B-58C9-4D33-819F-5EDCDB82D75B","event":"phx_reply","payload":{"status":"ok","response":{"postgres_changes":[]}},"topic":"realtime:watch-party:event_tt0126029"}
📨 Received: {"ref":null,"event":"presence_state","payload":{"18cf7958-dc2c-11f0-bcb1-0a58a9feac02":{"metas":[{"phx_ref":"GIJbKhKclKXQVemJ","is_host":false,"joined_at":1766074239.968216,"user_id":"96E01CDB-36C0-4228-A6E4-A29A3C66BC8E","username":"lemontom"}]}},"topic":"realtime:watch-party:event_tt0126029"}
[ INFO ] GET /subtitles/subdl/L3N1YnRpdGxlLzM0MjQ5MTEtODM0ODUwMy56aXA= [request-id: 05AAADC7-B7BC-4458-9D38-819978ABD142]
2025-12-18 11:11:34.278 RedLemon[3216:26410] 🔍 MPV track-list/count: 0
2025-12-18 11:11:34.278 RedLemon[3216:26410] 📊 Total subtitle tracks found: 1 (including Off if needed)
2025-12-18 11:11:34.278 RedLemon[3216:26410]    Start[0]: ID=0, Title='Off', Lang='nil', Ext=0
2025-12-18 11:11:34.541 RedLemon[3216:26410] 👥 MPVPlayer: Updated participants list via polling: 2
2025-12-18 11:11:34.608 RedLemon[3216:26501] ⏳ MPV: File not fully loaded yet. Queueing PENDING SEEK to 652.1s
2025-12-18 11:11:34.720 RedLemon[3216:26503] ✅ Subtitle 1 downloaded to: /var/folders/3v/s3d75ntd4v90_pg0mb6rmlz40000gn/T/sub_43A0B052-302C-4A4B-AC8F-D7EC7BEC5503.vtt
2025-12-18 11:11:34.720 RedLemon[3216:26503] 📝 Loading subtitle from: /var/folders/3v/s3d75ntd4v90_pg0mb6rmlz40000gn/T/sub_43A0B052-302C-4A4B-AC8F-D7E
2025-12-18 11:11:34.742 RedLemon[3216:26503] ✅ External subtitle added to track list (not auto-selected)
2025-12-18 11:11:34.742 RedLemon[3216:26503] 🔍 SubtitleService: Downloading http://127.0.0.1:47253/subtitles/subdl/L3N1YnRpdGxlLzM0MjQ5MDktODM0ODUwMS56aXA=
📨 Received: {"ref":"1","event":"phx_reply","payload":{"status":"ok","response":{}},"topic":"realtime:watch-party:event_tt0126029"}
📄 Subtitle request: L3N1YnRpdGxlLzM0MjQ5... (offset: 0ms)
📥 Downloading subtitle from SubDL CDN: /subtitle/3424911-8348503.zip
📨 Received: {"ref":null,"event":"presence_diff","payload":{"joins":{"39068644-dc2c-11f0-ab93-0a58a9feac02":{"metas":[{"phx_ref":"GIJbNqg0bSMtQ_tB","is_host":false,"joined_at":1766074294.050119,"user_id":"656DAA91-33B4-4688-9135-C982EA52D7C9","username":"ursinho"}]}},"leaves":{}},"topic":"realtime:watch-party:event_tt0126029"}
📨 Received: {"ref":"2","event":"phx_reply","payload":{"status":"ok","response":{}},"topic":"realtime:global-presence"}
📨 Received: {"ref":null,"event":"presence_diff","payload":{"joins":{"2f6fbdbc-dc2c-11f0-934a-0a58a9feac02":{"metas":[{"phx_ref":"GIJbNqro9qRcJZeO","phx_ref_prev":"GIJbMuktht1cJYcQ","last_seen":"2025-12-18T16:11:34.098Z","room_id":"event_tt0126029","started_at":"2025-12-18T16:11:34.099Z","status":"online","user_id":"656daa91-33b4-4688-9135-c982ea52d7c9","username":"ursinho","watching_id":"tt0126029","watching_title":"Shrek","watching_type":"movie"}]}},"leaves":{"2f6fbdbc-dc2c-11f0-934a-0a58a9feac02":{"metas":[{"phx_ref":"GIJbMuktht1cJYcQ","last_seen":"2025-12-18T16:11:17.964Z","status":"online","user_id":"656DAA91-33B4-4688-9135-C982EA52D7C9","username":"ursinho"}]}}},"topic":"realtime:global-presence"}
👁️ ChatOverlayView appeared - UI UPDATE ROUND 6
⌨️ ChatOverlayView: Triggering input focus (showChat=true)
✅ Got background: https://images.metahub.space/background/medium/tt0126029/img...
✅ Got poster URL: https://images.metahub.space/poster/small/tt0126029/img...
✅ Got logo: https://images.metahub.space/logo/medium/tt0126029/img...
📡 SocialService: Updated status - online: Shrek
✅ Video ready - hiding poster
🌐 Selecting English audio and subtitle tracks...
💾 Restoring saved subtitle offset: 2000.0ms
💾 Saved subtitle offset: 2000.0ms for tt0126029
📊 Found 0 audio tracks
📊 Found 1 subtitle tracks (including 'Off')
   Subtitle: ID=0 lang=nil title=Off
📊 After filtering: 0 actual subtitle tracks
ℹ️ No subtitle tracks found in video yet
🎉 EVENT: Recalculating seek time at video ready
   Event started at: 2025-12-18 16:00:42 +0000
   Current time: 2025-12-18 16:11:34 +0000
   Elapsed: 652s
   Seeking to: 652s
🎯 IMMEDIATE RESUME: Seeking to 652s without delay
📝 Started watch history tracking
➕ Added new participant 96e01cdb-36c0-4228-a6e4-a29a3c66bc8e (Ref: GIJbKhKclKXQVemJ)
⚠️ Self (656daa91-33b4-4688-9135-c982ea52d7c9) was missing from list - restoring.
🔄 Updated existing participant 656daa91-33b4-4688-9135-c982ea52d7c9 with Ref: GIJbNqg0bSMtQ_tB
⏰ AppState: Next schedule update set for Event End: 2025-12-18 17:40:42 +0000
⏰ AppState: Scheduling update in 5348 seconds
⏳ MPVPlayerViewModel: Enhancing UI - Buffering started (show spinner)
⏯️ MPV: Pause state changed to false -> isPlaying = true
⏱️ Subtitle offset set to 2000.0ms
✅ Download complete: 40622 bytes
📦 Detected ZIP archive, extracting...
⚠️ No specific episode match found, using first file: Shrek.2001.1080p.BluRay.x264.YIFY.srt
✅ Extraction successful
⚠️ Video duration not available yet (0.0s), performing BLIND SEEK to 652s...
🎯 Executing immediate seek to 652s...
✅ Subtitle downloaded and converted to VTT
[ INFO ] GET /subtitles/subdl/L3N1YnRpdGxlLzM0MjQ5MDktODM0ODUwMS56aXA= [request-id: F6B05C6F-6DB1-4C2C-92AF-D32EA5BC312F]
2025-12-18 11:11:34.782 RedLemon[3216:26641] ⏳ MPV: File not fully loaded yet. Queueing PENDING SEEK to 652.3s
2025-12-18 11:11:35.121 RedLemon[3216:26485] ✅ Subtitle 2 downloaded to: /var/folders/3v/s3d75ntd4v90_pg0mb6rmlz40000gn/T/sub_11DB7C5A-F958-4AE8-8CB3-F29051C7060F.vtt
2025-12-18 11:11:35.121 RedLemon[3216:26485] 📝 Loading subtitle from: /var/folders/3v/s3d75ntd4v90_pg0mb6rmlz40000gn/T/sub_11DB7C5A-F958-4AE8-8CB3-F29
2025-12-18 11:11:35.130 RedLemon[3216:26485] ✅ External subtitle added to track list (not auto-selected)
2025-12-18 11:11:35.130 RedLemon[3216:26485] 🔍 SubtitleService: Downloading http://127.0.0.1:47253/subtitles/subdl/L3N1YnRpdGxlLzM0MjQ5MDgtODM0ODUwMC56aXA=
📄 Subtitle request: L3N1YnRpdGxlLzM0MjQ5... (offset: 0ms)
📥 Downloading subtitle from SubDL CDN: /subtitle/3424909-8348501.zip
⚠️ Video duration not available yet (0.0s), performing BLIND SEEK to 652s...
🎯 Executing immediate seek to 652s...
⚡️ PlaybackService: creating sleep assertion (preventing idle sleep)
✅ Resumed playback after seek to 652s
⚠️ onVideoReady called again - ignoring to prevent loops
✅ Download complete: 40622 bytes
📦 Detected ZIP archive, extracting...
✅ Resumed playback after seek to 652s
⚠️ onVideoReady called again - ignoring to prevent loops
⚠️ No specific episode match found, using first file: Shrek.2001.1080p.BluRay.x264.YIFY.srt
✅ Extraction successful
🎬 DisplayLink: reportSwap() (throttled)
✅ Subtitle downloaded and converted to VTT
[ INFO ] GET /subtitles/subdl/L3N1YnRpdGxlLzM0MjQ5MDgtODM0ODUwMC56aXA= [request-id: BA4DBCDB-549B-4ABE-B739-FC087F67C8F5]
2025-12-18 11:11:35.490 RedLemon[3216:26503] ✅ Subtitle 3 downloaded to: /var/folders/3v/s3d75ntd4v90_pg0mb6rmlz40000gn/T/sub_7C567134-5FF0-4120-A48F-2D380DF7E7DE.vtt
2025-12-18 11:11:35.490 RedLemon[3216:26503] 📝 Loading subtitle from: /var/folders/3v/s3d75ntd4v90_pg0mb6rmlz40000gn/T/sub_7C567134-5FF0-4120-A48F-2D3
2025-12-18 11:11:35.500 RedLemon[3216:26503] ✅ External subtitle added to track list (not auto-selected)
2025-12-18 11:11:35.500 RedLemon[3216:26503] 🔍 MPV track-list/count: 3
2025-12-18 11:11:35.500 RedLemon[3216:26503] 🔍 Track 0 type: sub
2025-12-18 11:11:35.501 RedLemon[3216:26503] ✅ Found subtitle track: ID=1, lang=en, title=Shrek.2001.1080p.BluRay.x264.YIFY, external=1
2025-12-18 11:11:35.501 RedLemon[3216:26503] 🔍 Track 1 type: sub
2025-12-18 11:11:35.501 RedLemon[3216:26503] ✅ Found subtitle track: ID=2, lang=en, title=Shrek.2001.1080p.BluRay.x264.YIFY, external=1
2025-12-18 11:11:35.501 RedLemon[3216:26503] 🔍 Track 2 type: sub
2025-12-18 11:11:35.501 RedLemon[3216:26503] ✅ Found subtitle track: ID=3, lang=en, title=Shrek.2001.1080p.BluRay.x264.YIFY, external=1
2025-12-18 11:11:35.501 RedLemon[3216:26503] 📊 Total subtitle tracks found: 4 (including Off if needed)
2025-12-18 11:11:35.501 RedLemon[3216:26503]    Start[0]: ID=0, Title='Off', Lang='nil', Ext=0
2025-12-18 11:11:35.501 RedLemon[3216:26503]    Start[1]: ID=1, Title='Shrek.2001.1080p.BluRay.x264.YIFY', Lang='en', Ext=1
2025-12-18 11:11:35.501 RedLemon[3216:26503]    Start[2]: ID=2, Title='Shrek.2001.1080p.BluRay.x264.YIFY', Lang='en', Ext=1
2025-12-18 11:11:35.501 RedLemon[3216:26503]    Start[3]: ID=3, Title='Shrek.2001.1080p.BluRay.x264.YIFY', Lang='en', Ext=1
2025-12-18 11:11:35.502 RedLemon[3216:26503] ✅ SubtitleService: Scanned 4 tracks (Attempt 1/5)
2025-12-18 11:11:35.502 RedLemon[3216:26410] 🔍 MPV track-list/count: 3
2025-12-18 11:11:35.502 RedLemon[3216:26410] 🔍 Track 0 type: sub
2025-12-18 11:11:35.502 RedLemon[3216:26410] ✅ Found subtitle track: ID=1, lang=en, title=Shrek.2001.1080p.BluRay.x264.YIFY, external=1
2025-12-18 11:11:35.502 RedLemon[3216:26503]    Track: ID=0, Title=Off, External=0
2025-12-18 11:11:35.502 RedLemon[3216:26410] 🔍 Track 1 type: sub
2025-12-18 11:11:35.502 RedLemon[3216:26503]    Track: ID=1, Title=Shrek.2001.1080p.BluRay.x264.YIFY, External=1
2025-12-18 11:11:35.502 RedLemon[3216:26410] ✅ Found subtitle track: ID=2, lang=en, title=Shrek.2001.1080p.BluRay.x264.YIFY, external=1
2025-12-18 11:11:35.502 RedLemon[3216:26410] 🔍 Track 2 type: sub
2025-12-18 11:11:35.502 RedLemon[3216:26503]    Track: ID=2, Title=Shrek.2001.1080p.BluRay.x264.YIFY, External=1
2025-12-18 11:11:35.502 RedLemon[3216:26410] ✅ Found subtitle track: ID=3, lang=en, title=Shrek.2001.1080p.BluRay.x264.YIFY, external=1
2025-12-18 11:11:35.502 RedLemon[3216:26410] 📊 Total subtitle tracks found: 4 (including Off if needed)
2025-12-18 11:11:35.502 RedLemon[3216:26410]    Start[0]: ID=0, Title='Off', Lang='nil', Ext=0
2025-12-18 11:11:35.502 RedLemon[3216:26503]    Track: ID=3, Title=Shrek.2001.1080p.BluRay.x264.YIFY, External=1
2025-12-18 11:11:35.502 RedLemon[3216:26410]    Start[1]: ID=1, Title='Shrek.2001.1080p.BluRay.x264.YIFY', Lang='en', Ext=1
2025-12-18 11:11:35.502 RedLemon[3216:26410]    Start[2]: ID=2, Title='Shrek.2001.1080p.BluRay.x264.YIFY', Lang='en', Ext=1
2025-12-18 11:11:35.503 RedLemon[3216:26410]    Start[3]: ID=3, Title='Shrek.2001.1080p.BluRay.x264.YIFY', Lang='en', Ext=1
2025-12-18 11:11:36.264 RedLemon[3216:26410] 🔄 MPV: Executing PENDING SEEK to 652.3s after FILE_LOADED
2025-12-18 11:11:36.265 RedLemon[3216:26410] ⏱️ Watch Party: Duration available (5408.5s), triggering ready signal
2025-12-18 11:11:36.265 RedLemon[3216:26410] 👋 Watch Party: Sending INITIAL READY signal and starting loop
2025-12-18 11:11:36.272 RedLemon[3216:26641] 📤 Realtime: Sending message type: ready, sender: 656DAA91-33B4-4688-9135-C982EA52D7C9
2025-12-18 11:11:36.273 RedLemon[3216:26641]    Payload keys: timestamp, type, senderId, position, isPlaying
2025-12-18 11:11:36.274 RedLemon[3216:26486] ✅ Realtime: Message broadcast complete
2025-12-18 11:11:36.279 RedLemon[3216:26410] ✅ Watch Party: READY signal sent successfully
2025-12-18 11:11:36.308 RedLemon[3216:26503] 📨 Realtime: Received broadcast message
2025-12-18 11:11:36.308 RedLemon[3216:26503]    Payload keys: position, type, senderId, timestamp, isPlaying
2025-12-18 11:11:36.309 RedLemon[3216:26503] ✅ Realtime: Decoded message type: ready, sender: 656DAA91-33B4-4688-9135-C982EA52D7C9
2025-12-18 11:11:36.309 RedLemon[3216:26503] 📞 Realtime: Invoking syncCallback for message type: ready
2025-12-18 11:11:36.309 RedLemon[3216:26503] ✅ Realtime: syncCallback invoked successfully
2025-12-18 11:11:36.309 RedLemon[3216:26410] 🔍 DEBUG: Received sync message - type: ready, sender: 656DAA91-33B4-4688-9135-C982EA52D7C9
2025-12-18 11:11:36.309 RedLemon[3216:26410] ✅ Received READY signal from 656DAA91-33B4-4688-9135-C982EA52D7C9
2025-12-18 11:11:36.561 RedLemon[3216:26503] 🔍 MPV track-list/count: 5
2025-12-18 11:11:36.561 RedLemon[3216:26503] 🔍 Track 0 type: sub
2025-12-18 11:11:36.561 RedLemon[3216:26503] ✅ Found subtitle track: ID=1, lang=en, title=Shrek.2001.1080p.BluRay.x264.YIFY, external=1
2025-12-18 11:11:36.561 RedLemon[3216:26503] 🔍 Track 1 type: sub
2025-12-18 11:11:36.562 RedLemon[3216:26503] ✅ Found subtitle track: ID=2, lang=en, title=Shrek.2001.1080p.BluRay.x264.YIFY, external=1
2025-12-18 11:11:36.562 RedLemon[3216:26503] 🔍 Track 2 type: sub
2025-12-18 11:11:36.562 RedLemon[3216:26503] ✅ Found subtitle track: ID=3, lang=en, title=Shrek.2001.1080p.BluRay.x264.YIFY, external=1
2025-12-18 11:11:36.562 RedLemon[3216:26503] 🔍 Track 3 type: video
2025-12-18 11:11:36.562 RedLemon[3216:26503] 🔍 Track 4 type: audio
2025-12-18 11:11:36.562 RedLemon[3216:26503] 📊 Total subtitle tracks found: 4 (including Off if needed)
2025-12-18 11:11:36.562 RedLemon[3216:26503]    Start[0]: ID=0, Title='Off', Lang='nil', Ext=0
2025-12-18 11:11:36.563 RedLemon[3216:26503]    Start[1]: ID=1, Title='Shrek.2001.1080p.BluRay.x264.YIFY', Lang='en', Ext=1
2025-12-18 11:11:36.563 RedLemon[3216:26503]    Start[2]: ID=2, Title='Shrek.2001.1080p.BluRay.x264.YIFY', Lang='en', Ext=1
2025-12-18 11:11:36.563 RedLemon[3216:26503]    Start[3]: ID=3, Title='Shrek.2001.1080p.BluRay.x264.YIFY', Lang='en', Ext=1
2025-12-18 11:11:36.563 RedLemon[3216:26503] ✅ SubtitleService: Scanned 4 tracks (Attempt 2/5)
2025-12-18 11:11:36.564 RedLemon[3216:26503]    Track: ID=0, Title=Off, External=0
2025-12-18 11:11:36.564 RedLemon[3216:26503]    Track: ID=1, Title=Shrek.2001.1080p.BluRay.x264.YIFY, External=1
2025-12-18 11:11:36.564 RedLemon[3216:26503]    Track: ID=2, Title=Shrek.2001.1080p.BluRay.x264.YIFY, External=1
2025-12-18 11:11:36.565 RedLemon[3216:26503]    Track: ID=3, Title=Shrek.2001.1080p.BluRay.x264.YIFY, External=1
2025-12-18 11:11:37.636 RedLemon[3216:26485] 🔍 MPV track-list/count: 5
2025-12-18 11:11:37.636 RedLemon[3216:26485] 🔍 Track 0 type: sub
2025-12-18 11:11:37.637 RedLemon[3216:26485] ✅ Found subtitle track: ID=1, lang=en, title=Shrek.2001.1080p.BluRay.x264.YIFY, external=1
2025-12-18 11:11:37.637 RedLemon[3216:26485] 🔍 Track 1 type: sub
2025-12-18 11:11:37.637 RedLemon[3216:26485] ✅ Found subtitle track: ID=2, lang=en, title=Shrek.2001.1080p.BluRay.x264.YIFY, external=1
2025-12-18 11:11:37.638 RedLemon[3216:26485] 🔍 Track 2 type: sub
2025-12-18 11:11:37.638 RedLemon[3216:26485] ✅ Found subtitle track: ID=3, lang=en, title=Shrek.2001.1080p.BluRay.x264.YIFY, external=1
2025-12-18 11:11:37.638 RedLemon[3216:26485] 🔍 Track 3 type: video
2025-12-18 11:11:37.638 RedLemon[3216:26485] 🔍 Track 4 type: audio
2025-12-18 11:11:37.638 RedLemon[3216:26485] 📊 Total subtitle tracks found: 4 (including Off if needed)
2025-12-18 11:11:37.638 RedLemon[3216:26485]    Start[0]: ID=0, Title='Off', Lang='nil', Ext=0
2025-12-18 11:11:37.639 RedLemon[3216:26485]    Start[1]: ID=1, Title='Shrek.2001.1080p.BluRay.x264.YIFY', Lang='en', Ext=1
2025-12-18 11:11:37.639 RedLemon[3216:26485]    Start[2]: ID=2, Title='Shrek.2001.1080p.BluRay.x264.YIFY', Lang='en', Ext=1
2025-12-18 11:11:37.639 RedLemon[3216:26485]    Start[3]: ID=3, Title='Shrek.2001.1080p.BluRay.x264.YIFY', Lang='en', Ext=1
2025-12-18 11:11:37.639 RedLemon[3216:26485] ✅ SubtitleService: Scanned 4 tracks (Attempt 3/5)
2025-12-18 11:11:37.639 RedLemon[3216:26485]    Track: ID=0, Title=Off, External=0
2025-12-18 11:11:37.639 RedLemon[3216:26485]    Track: ID=1, Title=Shrek.2001.1080p.BluRay.x264.YIFY, External=1
2025-12-18 11:11:37.640 RedLemon[3216:26485]    Track: ID=2, Title=Shrek.2001.1080p.BluRay.x264.YIFY, External=1
2025-12-18 11:11:37.640 RedLemon[3216:26485]    Track: ID=3, Title=Shrek.2001.1080p.BluRay.x264.YIFY, External=1
2025-12-18 11:11:38.670 RedLemon[3216:26501] 🔍 MPV track-list/count: 5
2025-12-18 11:11:38.670 RedLemon[3216:26501] 🔍 Track 0 type: sub
2025-12-18 11:11:38.672 RedLemon[3216:26501] ✅ Found subtitle track: ID=1, lang=en, title=Shrek.2001.1080p.BluRay.x264.YIFY, external=1
2025-12-18 11:11:38.673 RedLemon[3216:26501] 🔍 Track 1 type: sub
2025-12-18 11:11:38.673 RedLemon[3216:26501] ✅ Found subtitle track: ID=2, lang=en, title=Shrek.2001.1080p.BluRay.x264.YIFY, external=1
2025-12-18 11:11:38.673 RedLemon[3216:26501] 🔍 Track 2 type: sub
2025-12-18 11:11:38.673 RedLemon[3216:26501] ✅ Found subtitle track: ID=3, lang=en, title=Shrek.2001.1080p.BluRay.x264.YIFY, external=1
2025-12-18 11:11:38.673 RedLemon[3216:26501] 🔍 Track 3 type: video
2025-12-18 11:11:38.674 RedLemon[3216:26501] 🔍 Track 4 type: audio
2025-12-18 11:11:38.674 RedLemon[3216:26501] 📊 Total subtitle tracks found: 4 (including Off if needed)
2025-12-18 11:11:38.674 RedLemon[3216:26501]    Start[0]: ID=0, Title='Off', Lang='nil', Ext=0
2025-12-18 11:11:38.674 RedLemon[3216:26501]    Start[1]: ID=1, Title='Shrek.2001.1080p.BluRay.x264.YIFY', Lang='en', Ext=1
2025-12-18 11:11:38.674 RedLemon[3216:26501]    Start[2]: ID=2, Title='Shrek.2001.1080p.BluRay.x264.YIFY', Lang='en', Ext=1
2025-12-18 11:11:38.674 RedLemon[3216:26501]    Start[3]: ID=3, Title='Shrek.2001.1080p.BluRay.x264.YIFY', Lang='en', Ext=1
2025-12-18 11:11:38.675 RedLemon[3216:26501] ✅ SubtitleService: Scanned 4 tracks (Attempt 4/5)
2025-12-18 11:11:38.675 RedLemon[3216:26501]    Track: ID=0, Title=Off, External=0
2025-12-18 11:11:38.675 RedLemon[3216:26501]    Track: ID=1, Title=Shrek.2001.1080p.BluRay.x264.YIFY, External=1
2025-12-18 11:11:38.675 RedLemon[3216:26501]    Track: ID=2, Title=Shrek.2001.1080p.BluRay.x264.YIFY, External=1
2025-12-18 11:11:38.676 RedLemon[3216:26501]    Track: ID=3, Title=Shrek.2001.1080p.BluRay.x264.YIFY, External=1
2025-12-18 11:11:39.766 RedLemon[3216:26501] 🔍 MPV track-list/count: 5
2025-12-18 11:11:39.766 RedLemon[3216:26501] 🔍 Track 0 type: sub
2025-12-18 11:11:39.766 RedLemon[3216:26501] ✅ Found subtitle track: ID=1, lang=en, title=Shrek.2001.1080p.BluRay.x264.YIFY, external=1
2025-12-18 11:11:39.766 RedLemon[3216:26501] 🔍 Track 1 type: sub
2025-12-18 11:11:39.767 RedLemon[3216:26501] ✅ Found subtitle track: ID=2, lang=en, title=Shrek.2001.1080p.BluRay.x264.YIFY, external=1
2025-12-18 11:11:39.767 RedLemon[3216:26501] 🔍 Track 2 type: sub
2025-12-18 11:11:39.772 RedLemon[3216:26501] ✅ Found subtitle track: ID=3, lang=en, title=Shrek.2001.1080p.BluRay.x264.YIFY, external=1
2025-12-18 11:11:39.773 RedLemon[3216:26501] 🔍 Track 3 type: video
2025-12-18 11:11:39.774 RedLemon[3216:26501] 🔍 Track 4 type: audio
2025-12-18 11:11:39.774 RedLemon[3216:26501] 📊 Total subtitle tracks found: 4 (including Off if needed)
2025-12-18 11:11:39.774 RedLemon[3216:26501]    Start[0]: ID=0, Title='Off', Lang='nil', Ext=0
2025-12-18 11:11:39.774 RedLemon[3216:26501]    Start[1]: ID=1, Title='Shrek.2001.1080p.BluRay.x264.YIFY', Lang='en', Ext=1
2025-12-18 11:11:39.775 RedLemon[3216:26501]    Start[2]: ID=2, Title='Shrek.2001.1080p.BluRay.x264.YIFY', Lang='en', Ext=1
2025-12-18 11:11:39.775 RedLemon[3216:26501]    Start[3]: ID=3, Title='Shrek.2001.1080p.BluRay.x264.YIFY', Lang='en', Ext=1
2025-12-18 11:11:39.775 RedLemon[3216:26501] ✅ SubtitleService: Scanned 4 tracks (Attempt 5/5)
2025-12-18 11:11:39.775 RedLemon[3216:26501]    Track: ID=0, Title=Off, External=0
2025-12-18 11:11:39.776 RedLemon[3216:26501]    Track: ID=1, Title=Shrek.2001.1080p.BluRay.x264.YIFY, External=1
2025-12-18 11:11:39.776 RedLemon[3216:26501]    Track: ID=2, Title=Shrek.2001.1080p.BluRay.x264.YIFY, External=1
2025-12-18 11:11:39.777 RedLemon[3216:26501]    Track: ID=3, Title=Shrek.2001.1080p.BluRay.x264.YIFY, External=1
📄 Subtitle request: L3N1YnRpdGxlLzM0MjQ5... (offset: 0ms)
📥 Downloading subtitle from SubDL CDN: /subtitle/3424908-8348500.zip
✅ Download complete: 40622 bytes
📦 Detected ZIP archive, extracting...
⚠️ No specific episode match found, using first file: Shrek.2001.1080p.BluRay.x264.YIFY.srt
✅ Extraction successful
✅ Subtitle downloaded and converted to VTT
🔍 SubtitleService: Starting embedded track scan (polling 5s)...
⚡ MPVPlayerViewModel: Tracks populated (Embedded: false), triggering auto-selection
🌐 Selecting English audio and subtitle tracks...
💾 Restoring saved subtitle offset: 2000.0ms
📊 Current subtitle track: 3
💾 Saved subtitle offset: 2000.0ms for tt0126029
📊 Found 0 audio tracks
📊 Found 4 subtitle tracks (including 'Off')
   Subtitle: ID=0 lang=nil title=Off
   Subtitle: ID=1 lang=en title=Shrek.2001.1080p.BluRay.x264.YIFY
   Subtitle: ID=2 lang=en title=Shrek.2001.1080p.BluRay.x264.YIFY
   Subtitle: ID=3 lang=en title=Shrek.2001.1080p.BluRay.x264.YIFY
📊 After filtering: 3 actual subtitle tracks
📊 Current subtitle track: 3
✅ Found English subtitle track: Shrek.2001.1080p.BluRay.x264.YIFY (ID: 1)
🔍 Analyzing subtitle compatibility...
✅ Good version match: Shrek.2001.1080p.BluRay.x264.YIFY
✅ Good version match: Shrek.2001.1080p.BluRay.x264.YIFY
✅ Good version match: Shrek.2001.1080p.BluRay.x264.YIFY
✅ Good version match: Shrek.2001.1080p.BluRay.x265-YAWNTiC_eng SDH
✅ Good version match: Shrek.2001.1080p.BluRay.x265-YAWNTiC_eng
✅ Good version match: shrek.2001.2160p.uhd.bluray.x265-b0mbardiers
📝 Set subtitle track to: 1 (async, visibility enabled)
✅ Good version match: Shrek.2001.1080p.BluRay.H264.AAC-RARBG
✅ Good version match: Shrek.2001.1080p.BluRay.H264.AAC-RARBG
✅ Good version match: Shrek.2001.2160p.4K.BluRay.x265.10bit.AAC5.1-[YTS.MX]-001
✅ Good version match: Shrek.2001.UHD.BluRay.2160p.DTS-X.7.1.HEVC.REMUX-FraMeSToR
⏱️ Subtitle offset set to 2000.0ms
🎬 DisplayLink: reportSwap() (throttled)
[MPV] (+) Video --vid=1 (*) (h264 1280x720 23.976fps)
[MPV] (+) Audio --aid=1 --alang=eng (*) (aac 6ch 48000Hz)
[MPV] (+) Subs  --sid=1 --slang=en 'Shrek.2001.1080p.BluRay.x264.YIFY' (webvtt) (external)
[MPV] Subs  --sid=2 --slang=en 'Shrek.2001.1080p.BluRay.x264.YIFY' (webvtt) (external)
[MPV] Subs  --sid=3 --slang=en 'Shrek.2001.1080p.BluRay.x264.YIFY' (webvtt) (external)
[MPV] File tags:
[MPV] Comment: Shrek.2001.720p.BluRay.H264.AAC-RARBG
[MPV] Title: Shrek.2001.720p.BluRay.H264.AAC-RARBG
 MPV Event: 18
 MPV Event: 18
🔍 AUDIO AUTO-SELECT: Starting smart audio track scan
🔍 Track 1: eng | 6ch | English: true | Commentary: false -> Score: 1065
🏆 Selected best audio track: eng (ID: 1, Score: 1065)
🔍 AUDIO AUTO-SELECT: Starting smart audio track scan
🔍 Track 1: eng | 6ch | English: true | Commentary: false -> Score: 1065
🏆 Selected best audio track: eng (ID: 1, Score: 1065)
🔍 AUTO-SELECT: Starting subtitle scan & selection refresh
🔍 AUTO-SELECT: Found 5 total tracks
🔍 AUTO-SELECT: Track 0 - ID: 1, lang: 'en', title: 'Shrek.2001.1080p.BluRay.x264.YIFY', forced: false, default: false, HI: false, Ext: true
🔍 AUTO-SELECT: Track 1 - ID: 2, lang: 'en', title: 'Shrek.2001.1080p.BluRay.x264.YIFY', forced: false, default: false, HI: false, Ext: true
🔍 AUTO-SELECT: Track 2 - ID: 3, lang: 'en', title: 'Shrek.2001.1080p.BluRay.x264.YIFY', forced: false, default: false, HI: false, Ext: true
✅ Auto-selecting BEST English subtitle: Shrek.2001.1080p.BluRay.x264.YIFY (ID: 3) [External: true, Forced: false, Default: false, HI: false]
   🏆 Final Score: 500 (Embedded: 0, Match: 500, Clean: 0, SDH: 0)
 MPV Event: 20
⏳ MPV: Buffering state changed: false (paused-for-cache)
✅ MPVPlayerViewModel: Enhancing UI - Buffering finished (hide spinner) [File Loaded]
[MPV] Track switched:
[MPV] (+) Video --vid=1 (*) (h264 1280x720 23.976fps)
[MPV] (+) Audio --aid=1 --alang=eng (*) (aac 6ch 48000Hz)
[MPV] (+) Subs  --sid=1 --slang=en 'Shrek.2001.1080p.BluRay.x264.YIFY' (webvtt) (external)
[MPV] Subs  --sid=2 --slang=en 'Shrek.2001.1080p.BluRay.x264.YIFY' (webvtt) (external)
[MPV] Subs  --sid=3 --slang=en 'Shrek.2001.1080p.BluRay.x264.YIFY' (webvtt) (external)
[MPV] Track switched:
[MPV] (+) Video --vid=1 (*) (h264 1280x720 23.976fps)
[MPV] (+) Audio --aid=1 --alang=eng (*) (aac 6ch 48000Hz)
[MPV] Subs  --sid=1 --slang=en 'Shrek.2001.1080p.BluRay.x264.YIFY' (webvtt) (external)
[MPV] Subs  --sid=2 --slang=en 'Shrek.2001.1080p.BluRay.x264.YIFY' (webvtt) (external)
[MPV] (+) Subs  --sid=3 --slang=en 'Shrek.2001.1080p.BluRay.x264.YIFY' (webvtt) (external)
📨 Received: {"ref":null,"event":"broadcast","payload":{"event":"sync","payload":{"isPlaying":false,"position":0,"senderId":"656DAA91-33B4-4688-9135-C982EA52D7C9","timestamp":1766074296.265267,"type":"ready"},"type":"broadcast"},"topic":"realtime:watch-party:event_tt0126029"}
📊 Current subtitle track: 3
🎬 DisplayLink: reportSwap() (throttled)
📊 Current subtitle track: 3
🎬 DisplayLink: reportSwap() (throttled)
 MPV Event: 17
[MPV] Using hardware decoding (videotoolbox).
📨 Received: {"ref":"3","event":"phx_reply","payload":{"status":"ok","response":{}},"topic":"realtime:global-presence"}
📨 Received: {"ref":null,"event":"presence_diff","payload":{"joins":{"2f6fbdbc-dc2c-11f0-934a-0a58a9feac02":{"metas":[{"phx_ref":"GIJbN5dJLf9cJfsM","phx_ref_prev":"GIJbNqro9qRcJZeO","last_seen":"2025-12-18T16:11:38.057Z","room_id":"event_tt0126029","started_at":"2025-12-18T16:11:34.099Z","status":"online","user_id":"656daa91-33b4-4688-9135-c982ea52d7c9","username":"ursinho","watching_id":"tt0126029","watching_title":"Shrek","watching_type":"movie"}]}},"leaves":{"2f6fbdbc-dc2c-11f0-934a-0a58a9feac02":{"metas":[{"phx_ref":"GIJbNqro9qRcJZeO","phx_ref_prev":"GIJbMuktht1cJYcQ","last_seen":"2025-12-18T16:11:34.098Z","room_id":"event_tt0126029","started_at":"2025-12-18T16:11:34.099Z","status":"online","user_id":"656daa91-33b4-4688-9135-c982ea52d7c9","username":"ursinho","watching_id":"tt0126029","watching_title":"Shrek","watching_type":"movie"}]}}},"topic":"realtime:global-presence"}
[MPV] VO: [libmpv] 1280x720 videotoolbox[nv12]
 MPV Event: 17
🎬 MPV: Frame ready! Calling layer.update() (throttled)
🎬 Layer.update() called - forceDraw:false needsFlip:true (throttled)
🎬 canDraw() = true (forceDraw:false, hasFrame:true) (throttled)
🎬 draw() - Rendering frame! (throttled)
[MPV] AO: [coreaudio] 48000Hz stereo 2ch floatp
 MPV Event: 18
✅ MPVPlayerViewModel: Enhancing UI - Buffering finished (hide spinner) [File Loaded]
📊 Current subtitle track: 3
🎬 DisplayLink: reportSwap() (throttled)
📊 Current subtitle track: 3
🔍 AUTO-SELECT: Starting subtitle scan & selection refresh
🔍 AUTO-SELECT: Found 5 total tracks
🔍 AUTO-SELECT: Track 0 - ID: 1, lang: 'en', title: 'Shrek.2001.1080p.BluRay.x264.YIFY', forced: false, default: false, HI: false, Ext: true
🔍 AUTO-SELECT: Track 1 - ID: 2, lang: 'en', title: 'Shrek.2001.1080p.BluRay.x264.YIFY', forced: false, default: false, HI: false, Ext: true
🔍 AUTO-SELECT: Track 2 - ID: 3, lang: 'en', title: 'Shrek.2001.1080p.BluRay.x264.YIFY', forced: false, default: false, HI: false, Ext: true
✅ Auto-selecting BEST English subtitle: Shrek.2001.1080p.BluRay.x264.YIFY (ID: 3) [External: true, Forced: false, Default: false, HI: false]
   🏆 Final Score: 500 (Embedded: 0, Match: 500, Clean: 0, SDH: 0)
🎬 DisplayLink: reportSwap() (throttled)
🎬 MPV: Frame ready! Calling layer.update() (throttled)
🎬 DisplayLink: reportSwap() (throttled)
🎬 Layer.update() called - forceDraw:false needsFlip:true (throttled)
🎬 DisplayLink: reportSwap() (throttled)
🎬 MPV: Frame ready! Calling layer.update() (throttled)
📨 Received: {"ref":null,"event":"presence_diff","payload":{"joins":{"f68d2368-dc2b-11f0-a84c-0a58a9feac02":{"metas":[{"phx_ref":"GIJbOK9MVdpB-u5K","phx_ref_prev":"GIJbNAW60I5B-ihO","last_seen":"2025-12-18T16:11:42.722Z","room_id":"event_tt0126029","started_at":"2025-12-18T16:10:39.981Z","status":"online","user_id":"96e01cdb-36c0-4228-a6e4-a29a3c66bc8e","username":"lemontom","watching_id":"tt0126029","watching_title":"Shrek","watching_type":"movie"}]}},"leaves":{"f68d2368-dc2b-11f0-a84c-0a58a9feac02":{"metas":[{"phx_ref":"GIJbNAW60I5B-ihO","phx_ref_prev":"GIJbL2LiFd9B-oDO","last_seen":"2025-12-18T16:11:22.703Z","room_id":"event_tt0126029","started_at":"2025-12-18T16:10:39.981Z","status":"online","user_id":"96e01cdb-36c0-4228-a6e4-a29a3c66bc8e","username":"lemontom","watching_id":"tt0126029","watching_title":"Shrek","watching_type":"movie"}]}}},"topic":"realtime:global-presence"}
🎬 DisplayLink: reportSwap() (throttled)
🎬 canDraw() = true (forceDraw:false, hasFrame:true) (throttled)
🎬 draw() - Rendering frame! (throttled)
🎬 DisplayLink: reportSwap() (throttled)
🎬 MPV: Frame ready! Calling layer.update() (throttled)
🎬 Layer.update() called - forceDraw:false needsFlip:true (throttled)
🎬 DisplayLink: reportSwap() (throttled)
🎬 DisplayLink: reportSwap() (throttled)
🎬 MPV: Frame ready! Calling layer.update() (throttled)
💓 Heartbeat sent
📨 Received: {"ref":"3","event":"phx_reply","payload":{"status":"ok","response":{}},"topic":"phoenix"}
🎬 DisplayLink: reportSwap() (throttled)
🎬 Layer.update() called - forceDraw:false needsFlip:true (throttled)
💓 Heartbeat sent
📨 Received: {"ref":"4","event":"phx_reply","payload":{"status":"ok","response":{}},"topic":"phoenix"}
🎬 DisplayLink: reportSwap() (throttled)
🎬 canDraw() = true (forceDraw:false, hasFrame:true) (throttled)
🎬 draw() - Rendering frame! (throttled)
🎬 MPV: Frame ready! Calling layer.update() (throttled)
💓 Heartbeat sent
📨 Received: {"ref":"1","event":"phx_reply","payload":{"status":"ok","response":{}},"topic":"phoenix"}
🎬 DisplayLink: reportSwap() (throttled)
🎬 DisplayLink: reportSwap() (throttled)
🎬 Layer.update() called - forceDraw:false needsFlip:true (throttled)
🎬 MPV: Frame ready! Calling layer.update() (throttled)
🎬 DisplayLink: reportSwap() (throttled)
🎬 DisplayLink: reportSwap() (throttled)
🎬 MPV: Frame ready! Calling layer.update() (throttled)
🎬 DisplayLink: reportSwap() (throttled)
🎬 Layer.update() called - forceDraw:false needsFlip:true (throttled)
🎬 canDraw() = true (forceDraw:false, hasFrame:true) (throttled)
🎬 draw() - Rendering frame! (throttled)
🎬 DisplayLink: reportSwap() (throttled)
🎬 MPV: Frame ready! Calling layer.update() (throttled)
🎬 DisplayLink: reportSwap() (throttled)
🎬 DisplayLink: reportSwap() (throttled)
🎬 Layer.update() called - forceDraw:false needsFlip:true (throttled)
🎬 MPV: Frame ready! Calling layer.update() (throttled)
🎬 DisplayLink: reportSwap() (throttled)
📨 Received: {"ref":"5","event":"phx_reply","payload":{"status":"ok","response":{}},"topic":"realtime:global-presence"}
📨 Received: {"ref":null,"event":"presence_diff","payload":{"joins":{"2f6fbdbc-dc2c-11f0-934a-0a58a9feac02":{"metas":[{"phx_ref":"GIJbPD4AMPdcJUfC","phx_ref_prev":"GIJbN5dJLf9cJfsM","last_seen":"2025-12-18T16:11:58.045Z","room_id":"event_tt0126029","started_at":"2025-12-18T16:11:34.099Z","status":"online","user_id":"656daa91-33b4-4688-9135-c982ea52d7c9","username":"ursinho","watching_id":"tt0126029","watching_title":"Shrek","watching_type":"movie"}]}},"leaves":{"2f6fbdbc-dc2c-11f0-934a-0a58a9feac02":{"metas":[{"phx_ref":"GIJbN5dJLf9cJfsM","phx_ref_prev":"GIJbNqro9qRcJZeO","last_seen":"2025-12-18T16:11:38.057Z","room_id":"event_tt0126029","started_at":"2025-12-18T16:11:34.099Z","status":"online","user_id":"656daa91-33b4-4688-9135-c982ea52d7c9","username":"ursinho","watching_id":"tt0126029","watching_title":"Shrek","watching_type":"movie"}]}}},"topic":"realtime:global-presence"}
📉 SocialService: User 656daa91-33b4-4688-9135-c982ea52d7c9 went offline (No active refs)
📈 SocialService: User 656daa91-33b4-4688-9135-c982ea52d7c9 came online
🎬 DisplayLink: reportSwap() (throttled)
🎬 canDraw() = true (forceDraw:false, hasFrame:true) (throttled)
🎬 draw() - Rendering frame! (throttled)
🎬 MPV: Frame ready! Calling layer.update() (throttled)
🎬 DisplayLink: reportSwap() (throttled)
🎬 Layer.update() called - forceDraw:false needsFlip:true (throttled)
🎬 DisplayLink: reportSwap() (throttled)
🎬 MPV: Frame ready! Calling layer.update() (throttled)
🎬 DisplayLink: reportSwap() (throttled)
🎬 Layer.update() called - forceDraw:false needsFlip:true (throttled)
🎬 DisplayLink: reportSwap() (throttled)
🎬 MPV: Frame ready! Calling layer.update() (throttled)
🎬 canDraw() = true (forceDraw:false, hasFrame:true) (throttled)
🎬 draw() - Rendering frame! (throttled)
🎬 DisplayLink: reportSwap() (throttled)
📨 Received: {"ref":null,"event":"presence_diff","payload":{"joins":{"f68d2368-dc2b-11f0-a84c-0a58a9feac02":{"metas":[{"phx_ref":"GIJbPVOXRmxB-ngO","phx_ref_prev":"GIJbOK9MVdpB-u5K","last_seen":"2025-12-18T16:12:02.659Z","room_id":"event_tt0126029","started_at":"2025-12-18T16:10:39.981Z","status":"online","user_id":"96e01cdb-36c0-4228-a6e4-a29a3c66bc8e","username":"lemontom","watching_id":"tt0126029","watching_title":"Shrek","watching_type":"movie"}]}},"leaves":{"f68d2368-dc2b-11f0-a84c-0a58a9feac02":{"metas":[{"phx_ref":"GIJbOK9MVdpB-u5K","phx_ref_prev":"GIJbNAW60I5B-ihO","last_seen":"2025-12-18T16:11:42.722Z","room_id":"event_tt0126029","started_at":"2025-12-18T16:10:39.981Z","status":"online","user_id":"96e01cdb-36c0-4228-a6e4-a29a3c66bc8e","username":"lemontom","watching_id":"tt0126029","watching_title":"Shrek","watching_type":"movie"}]}}},"topic":"realtime:global-presence"}
🎬 MPV: Frame ready! Calling layer.update() (throttled)
🎬 DisplayLink: reportSwap() (throttled)
💾 Saved to watch history: Shrek at 677s
🎬 Layer.update() called - forceDraw:false needsFlip:true (throttled)
🎬 DisplayLink: reportSwap() (throttled)
🎬 MPV: Frame ready! Calling layer.update() (throttled)
🎬 DisplayLink: reportSwap() (throttled)
🎬 DisplayLink: reportSwap() (throttled)
🎬 Layer.update() called - forceDraw:false needsFlip:true (throttled)
🎬 canDraw() = true (forceDraw:false, hasFrame:true) (throttled)
🎬 draw() - Rendering frame! (throttled)
🎬 MPV: Frame ready! Calling layer.update() (throttled)
🎬 DisplayLink: reportSwap() (throttled)
📨 Received: {"ref":null,"event":"presence_diff","payload":{"joins":{"f68d2368-dc2b-11f0-a84c-0a58a9feac02":{"metas":[{"phx_ref":"GIJbPpufSUNB-hYB","phx_ref_prev":"GIJbPpsYQH9B-m0P","last_seen":"2025-12-18T16:12:08.157Z","status":"Browsing","user_id":"96e01cdb-36c0-4228-a6e4-a29a3c66bc8e","username":"lemontom"}]}},"leaves":{"f68d2368-dc2b-11f0-a84c-0a58a9feac02":{"metas":[{"phx_ref":"GIJbPVOXRmxB-ngO","phx_ref_prev":"GIJbOK9MVdpB-u5K","last_seen":"2025-12-18T16:12:02.659Z","room_id":"event_tt0126029","started_at":"2025-12-18T16:10:39.981Z","status":"online","user_id":"96e01cdb-36c0-4228-a6e4-a29a3c66bc8e","username":"lemontom","watching_id":"tt0126029","watching_title":"Shrek","watching_type":"movie"}]}}},"topic":"realtime:global-presence"}
🎬 DisplayLink: reportSwap() (throttled)
📨 Received: {"ref":null,"event":"presence_diff","payload":{"joins":{},"leaves":{"18cf7958-dc2c-11f0-bcb1-0a58a9feac02":{"metas":[{"phx_ref":"GIJbKhKclKXQVemJ","is_host":false,"joined_at":1766074239.968216,"user_id":"96E01CDB-36C0-4228-A6E4-A29A3C66BC8E","username":"lemontom"}]}}},"topic":"realtime:watch-party:event_tt0126029"}
⏳ Participant leaving (grace period started): 96e01cdb-36c0-4228-a6e4-a29a3c66bc8e
🎬 MPV: Frame ready! Calling layer.update() (throttled)
🎬 DisplayLink: reportSwap() (throttled)
🎬 Layer.update() called - forceDraw:false needsFlip:true (throttled)
🎬 DisplayLink: reportSwap() (throttled)
🎬 MPV: Frame ready! Calling layer.update() (throttled)
🎬 DisplayLink: reportSwap() (throttled)
📨 Received: {"ref":null,"event":"presence_diff","payload":{"joins":{"f68d2368-dc2b-11f0-a84c-0a58a9feac02":{"metas":[{"phx_ref":"GIJbP3lYRDJB-rNM","phx_ref_prev":"GIJbPpufSUNB-hYB","last_seen":"2025-12-18T16:12:11.877Z","status":"Browsing Library","user_id":"96e01cdb-36c0-4228-a6e4-a29a3c66bc8e","username":"lemontom"}]}},"leaves":{"f68d2368-dc2b-11f0-a84c-0a58a9feac02":{"metas":[{"phx_ref":"GIJbPpufSUNB-hYB","phx_ref_prev":"GIJbPpsYQH9B-m0P","last_seen":"2025-12-18T16:12:08.157Z","status":"Browsing","user_id":"96e01cdb-36c0-4228-a6e4-a292025-12-18 11:12:56.938 RedLemon[3216:26410] ✅ Exit button triggered! x=283 <= 342, y=625 >= 576
2025-12-18 11:12:56.959 RedLemon[3216:26410] ✅ Exit button triggered! x=124 <= 342, y=625 >= 576
2025-12-18 11:12:56.966 RedLemon[3216:26410] ✅ Exit button triggered! x=54 <= 342, y=625 >= 576
2025-12-18 11:12:57.022 RedLemon[3216:26410] ✅ Exit button triggered! x=0 <= 342, y=619 >= 576
2025-12-18 11:12:57.187 RedLemon[3216:26410] ✅ Exit button triggered! x=0 <= 342, y=625 >= 576
2025-12-18 11:12:57.192 RedLemon[3216:26410] ✅ Exit button triggered! x=0 <= 342, y=630 >= 576
2025-12-18 11:12:57.196 RedLemon[3216:26410] ✅ Exit button triggered! x=0 <= 342, y=634 >= 576
2025-12-18 11:12:57.270 RedLemon[3216:26410] ✅ Exit button triggered! x=0 <= 342, y=678 >= 576
2025-12-18 11:12:57.311 RedLemon[3216:26410] ✅ Exit button triggered! x=0 <= 342, y=682 >= 576
2025-12-18 11:12:57.313 RedLemon[3216:26410] ✅ Exit button triggered! x=4 <= 342, y=694 >= 576
2025-12-18 11:12:57.317 RedLemon[3216:26410] ✅ Exit button triggered! x=6 <= 342, y=696 >= 576
2025-12-18 11:12:57.395 RedLemon[3216:26410] ✅ Exit button triggered! x=83 <= 342, y=713 >= 576
2025-12-18 11:12:57.396 RedLemon[3216:26410] ✅ Exit button triggered! x=97 <= 342, y=714 >= 576
2025-12-18 11:12:57.604 RedLemon[3216:26410] ✅ Exit button triggered! x=97 <= 342, y=717 >= 576
2025-12-18 11:12:57.605 RedLemon[3216:26410] ✅ Exit button triggered! x=97 <= 342, y=718 >= 576
2025-12-18 11:12:57.612 RedLemon[3216:26410] ✅ Exit button triggered! x=96 <= 342, y=719 >= 576
2025-12-18 11:12:57.693 RedLemon[3216:26410] ✅ Exit button triggered! x=94 <= 342, y=726 >= 576
2025-12-18 11:12:57.696 RedLemon[3216:26410] ✅ Exit button triggered! x=94 <= 342, y=727 >= 576
2025-12-18 11:12:57.702 RedLemon[3216:26410] ✅ Exit button triggered! x=94 <= 342, y=727 >= 576
2025-12-18 11:12:57.733 RedLemon[3216:26410] ✅ Exit button triggered! x=94 <= 342, y=727 >= 576
2025-12-18 11:12:57.813 RedLemon[3216:26410] ✅ Exit button triggered! x=94 <= 342, y=728 >= 576
2025-12-18 11:12:57.854 RedLemon[3216:26410] ✅ Exit button triggered! x=94 <= 342, y=729 >= 576
2025-12-18 11:12:58.022 RedLemon[3216:26410] 🖥️ WindowManager: exitFullscreen() called
2025-12-18 11:12:58.022 RedLemon[3216:26410]    ✅ WindowManager: Toggling fullscreen OFF
2025-12-18 11:12:58.103 RedLemon[3216:26410] 🪟 WindowManager: restoreWindowSize() called - restoring to expanded size
2025-12-18 11:12:58.104 RedLemon[3216:26410]    📐 WindowManager: Restoring to expanded size: (0.0, 0.0, 1366.0, 743.0)
2025-12-18 11:12:58.442 RedLemon[3216:26410]    ✅ WindowManager: Window restored to expanded size
a3c66bc8e","username":"lemontom"}]}}},"topic":"realtime:global-presence"}
🎬 canDraw() = true (forceDraw:false, hasFrame:true) (throttled)
🎬 draw() - Rendering frame! (throttled)
🎬 DisplayLink: reportSwap() (throttled)
🎬 Layer.update() called - forceDraw:false needsFlip:true (throttled)
🎬 DisplayLink: reportSwap() (throttled)
🎬 MPV: Frame ready! Calling layer.update() (throttled)
🎬 DisplayLink: reportSwap() (throttled)
🎬 DisplayLink: reportSwap() (throttled)
🎬 MPV: Frame ready! Calling layer.update() (throttled)
💓 Heartbeat sent
📨 Received: {"ref":"4","event":"phx_reply","payload":{"status":"ok","response":{}},"topic":"phoenix"}
🎬 Layer.update() called - forceDraw:false needsFlip:true (throttled)
📡 [EventsConfig] Checking server for movie_events config version...
🎬 DisplayLink: reportSwap() (throttled)
✅ [EventsConfig] Fetched movie_events version 1356 with 448 movies
✅ [EventsConfig] Using cached movie_events config (version 1356, 448 movies)
💓 Heartbeat sent
📨 Received: {"ref":"6","event":"phx_reply","payload":{"status":"ok","response":{}},"topic":"realtime:global-presence"}
📨 Received: {"ref":null,"event":"presence_diff","payload":{"joins":{"2f6fbdbc-dc2c-11f0-934a-0a58a9feac02":{"metas":[{"phx_ref":"GIJbQOVR-RBcJSvQ","phx_ref_prev":"GIJbPD4AMPdcJUfC","last_seen":"2025-12-18T16:12:18.023Z","room_id":"event_tt0126029","started_at":"2025-12-18T16:11:34.099Z","status":"online","user_id":"656daa91-33b4-4688-9135-c982ea52d7c9","username":"ursinho","watching_id":"tt0126029","watching_title":"Shrek","watching_type":"movie"}]}},"leaves":{"2f6fbdbc-dc2c-11f0-934a-0a58a9feac02":{"metas":[{"phx_ref":"GIJbPD4AMPdcJUfC","phx_ref_prev":"GIJbN5dJLf9cJfsM","last_seen":"2025-12-18T16:11:58.045Z","room_id":"event_tt0126029","started_at":"2025-12-18T16:11:34.099Z","status":"online","user_id":"656daa91-33b4-4688-9135-c982ea52d7c9","username":"ursinho","watching_id":"tt0126029","watching_title":"Shrek","watching_type":"movie"}]}}},"topic":"realtime:global-presence"}
📨 Received: {"ref":"7","event":"phx_reply","payload":{"status":"ok","response":{}},"topic":"phoenix"}
🎬 canDraw() = true (forceDraw:false, hasFrame:true) (throttled)
🎬 draw() - Rendering frame! (throttled)
🎬 DisplayLink: reportSwap() (throttled)
💓 Heartbeat sent
🎬 MPV: Frame ready! Calling layer.update() (throttled)
📨 Received: {"ref":"2","event":"phx_reply","payload":{"status":"ok","response":{}},"topic":"phoenix"}
🎬 DisplayLink: reportSwap() (throttled)
✅ LEAVE MATCHED tracked ref: GIJbKhKclKXQVemJ
👋 Participant left (confirmed): 96e01cdb-36c0-4228-a6e4-a29a3c66bc8e
🎬 Layer.update() called - forceDraw:false needsFlip:true (throttled)
🎬 DisplayLink: reportSwap() (throttled)
🎬 MPV: Frame ready! Calling layer.update() (throttled)
🎬 DisplayLink: reportSwap() (throttled)
🎬 DisplayLink: reportSwap() (throttled)
🎬 MPV: Frame ready! Calling layer.update() (throttled)
🎬 Layer.update() called - forceDraw:false needsFlip:true (throttled)
🎬 canDraw() = true (forceDraw:false, hasFrame:true) (throttled)
🎬 draw() - Rendering frame! (throttled)
🎬 DisplayLink: reportSwap() (throttled)
📨 Received: {"ref":null,"event":"presence_diff","payload":{"joins":{"f68d2368-dc2b-11f0-a84c-0a58a9feac02":{"metas":[{"phx_ref":"GIJbQfxtMw9B-lTG","phx_ref_prev":"GIJbQewJc_pB-jgP","last_seen":"2025-12-18T16:12:22.674Z","room_id":"8AP9","started_at":"2025-12-18T16:12:22.398Z","status":"In Lobby: Smile 2","user_id":"96e01cdb-36c0-4228-a6e4-a29a3c66bc8e","username":"lemontom","watching_id":"tt29268110","watching_title":"Smile 2","watching_type":"movie"}]}},"leaves":{"f68d2368-dc2b-11f0-a84c-0a58a9feac02":{"metas":[{"phx_ref":"GIJbP3lYRDJB-rNM","phx_ref_prev":"GIJbPpufSUNB-hYB","last_seen":"2025-12-18T16:12:11.877Z","status":"Browsing Library","user_id":"96e01cdb-36c0-4228-a6e4-a29a3c66bc8e","username":"lemontom"}]}}},"topic":"realtime:global-presence"}
🎬 DisplayLink: reportSwap() (throttled)
🎬 MPV: Frame ready! Calling layer.update() (throttled)
🎬 DisplayLink: reportSwap() (throttled)
🎬 Layer.update() called - forceDraw:false needsFlip:true (throttled)
🎬 DisplayLink: reportSwap() (throttled)
🎬 MPV: Frame ready! Calling layer.update() (throttled)
🎬 DisplayLink: reportSwap() (throttled)
📨 Received: {"ref":null,"event":"presence_diff","payload":{"joins":{"f68d2368-dc2b-11f0-a84c-0a58a9feac02":{"metas":[{"phx_ref":"GIJbQxYVd1dB-uLC","phx_ref_prev":"GIJbQfxtMw9B-lTG","last_seen":"2025-12-18T16:12:27.396Z","status":"Browsing Library","user_id":"96e01cdb-36c0-4228-a6e4-a29a3c66bc8e","username":"lemontom"}]}},"leaves":{"f68d2368-dc2b-11f0-a84c-0a58a9feac02":{"metas":[{"phx_ref":"GIJbQfxtMw9B-lTG","phx_ref_prev":"GIJbQewJc_pB-jgP","last_seen":"2025-12-18T16:12:22.674Z","room_id":"8AP9","started_at":"2025-12-18T16:12:22.398Z","status":"In Lobby: Smile 2","user_id":"96e01cdb-36c0-4228-a6e4-a29a3c66bc8e","username":"lemontom","watching_id":"tt29268110","watching_title":"Smile 2","watching_type":"movie"}]}}},"topic":"realtime:global-presence"}
🎬 canDraw() = true (forceDraw:false, hasFrame:true) (throttled)
🎬 draw() - Rendering frame! (throttled)
🎬 DisplayLink: reportSwap() (throttled)
🎬 MPV: Frame ready! Calling layer.update() (throttled)
🎬 Layer.update() called - forceDraw:false needsFlip:true (throttled)
🎬 DisplayLink: reportSwap() (throttled)
🎬 DisplayLink: reportSwap() (throttled)
🎬 MPV: Frame ready! Calling layer.update() (throttled)
🎬 DisplayLink: reportSwap() (throttled)
🎬 Layer.update() called - forceDraw:false needsFlip:true (throttled)
🎬 MPV: Frame ready! Calling layer.update() (throttled)
🎬 DisplayLink: reportSwap() (throttled)
🎬 canDraw() = true (forceDraw:false, hasFrame:true) (throttled)
🎬 draw() - Rendering frame! (throttled)
🎬 DisplayLink: reportSwap() (throttled)
🎬 DisplayLink: reportSwap() (throttled)
🎬 MPV: Frame ready! Calling layer.update() (throttled)
🎬 Layer.update() called - forceDraw:false needsFlip:true (throttled)
🎬 DisplayLink: reportSwap() (throttled)
🎬 MPV: Frame ready! Calling layer.update() (throttled)
🎬 DisplayLink: reportSwap() (throttled)
🎬 DisplayLink: reportSwap() (throttled)
📨 Received: {"ref":"8","event":"phx_reply","payload":{"status":"ok","response":{}},"topic":"realtime:global-presence"}
📨 Received: {"ref":null,"event":"presence_diff","payload":{"joins":{"2f6fbdbc-dc2c-11f0-934a-0a58a9feac02":{"metas":[{"phx_ref":"GIJbRY4Tho9cJb1E","phx_ref_prev":"GIJbQOVR-RBcJSvQ","last_seen":"2025-12-18T16:12:38.042Z","room_id":"event_tt0126029","started_at":"2025-12-18T16:11:34.099Z","status":"online","user_id":"656daa91-33b4-4688-9135-c982ea52d7c9","username":"ursinho","watching_id":"tt0126029","watching_title":"Shrek","watching_type":"movie"}]}},"leaves":{"2f6fbdbc-dc2c-11f0-934a-0a58a9feac02":{"metas":[{"phx_ref":"GIJbQOVR-RBcJSvQ","phx_ref_prev":"GIJbPD4AMPdcJUfC","last_seen":"2025-12-18T16:12:18.023Z","room_id":"event_tt0126029","started_at":"2025-12-18T16:11:34.099Z","status":"online","user_id":"656daa91-33b4-4688-9135-c982ea52d7c9","username":"ursinho","watching_id":"tt0126029","watching_title":"Shrek","watching_type":"movie"}]}}},"topic":"realtime:global-presence"}
🎬 Layer.update() called - forceDraw:false needsFlip:true (throttled)
🎬 canDraw() = true (forceDraw:false, hasFrame:true) (throttled)
🎬 draw() - Rendering frame! (throttled)
🎬 MPV: Frame ready! Calling layer.update() (throttled)
🎬 DisplayLink: reportSwap() (throttled)
🎬 DisplayLink: reportSwap() (throttled)
🎬 MPV: Frame ready! Calling layer.update() (throttled)
🎬 DisplayLink: reportSwap() (throttled)
🎬 Layer.update() called - forceDraw:false needsFlip:true (throttled)
🎬 DisplayLink: reportSwap() (throttled)
🎬 MPV: Frame ready! Calling layer.update() (throttled)
🎬 DisplayLink: reportSwap() (throttled)
📨 Received: {"ref":null,"event":"presence_diff","payload":{"joins":{"f68d2368-dc2b-11f0-a84c-0a58a9feac02":{"metas":[{"phx_ref":"GIJbRqoKVaZB-tdM","phx_ref_prev":"GIJbQxYVd1dB-uLC","last_seen":"2025-12-18T16:12:42.648Z","status":"Browsing Library","user_id":"96e01cdb-36c0-4228-a6e4-a29a3c66bc8e","username":"lemontom"}]}},"leaves":{"f68d2368-dc2b-11f0-a84c-0a58a9feac02":{"metas":[{"phx_ref":"GIJbQxYVd1dB-uLC","phx_ref_prev":"GIJbQfxtMw9B-lTG","last_seen":"2025-12-18T16:12:27.396Z","status":"Browsing Library","user_id":"96e01cdb-36c0-4228-a6e4-a29a3c66bc8e","username":"lemontom"}]}}},"topic":"realtime:global-presence"}
🎬 canDraw() = true (forceDraw:false, hasFrame:true) (throttled)
🎬 draw() - Rendering frame! (throttled)
🎬 DisplayLink: reportSwap() (throttled)
🎬 Layer.update() called - forceDraw:false needsFlip:true (throttled)
🎬 MPV: Frame ready! Calling layer.update() (throttled)
🎬 DisplayLink: reportSwap() (throttled)
🎬 DisplayLink: reportSwap() (throttled)
🎬 MPV: Frame ready! Calling layer.update() (throttled)
🎬 DisplayLink: reportSwap() (throttled)
💓 Heartbeat sent
📨 Received: {"ref":"5","event":"phx_reply","payload":{"status":"ok","response":{}},"topic":"phoenix"}
🎬 Layer.update() called - forceDraw:false needsFlip:true (throttled)
🎬 DisplayLink: reportSwap() (throttled)
💓 Heartbeat sent
📨 Received: {"ref":"9","event":"phx_reply","payload":{"status":"ok","response":{}},"topic":"phoenix"}
🎬 canDraw() = true (forceDraw:false, hasFrame:true) (throttled)
🎬 draw() - Rendering frame! (throttled)
💓 Heartbeat sent
📨 Received: {"ref":"3","event":"phx_reply","payload":{"status":"ok","response":{}},"topic":"phoenix"}
🎬 MPV: Frame ready! Calling layer.update() (throttled)
🎬 DisplayLink: reportSwap() (throttled)
🎬 DisplayLink: reportSwap() (throttled)
🎬 Layer.update() called - forceDraw:false needsFlip:true (throttled)
📨 Received: {"ref":null,"event":"presence_diff","payload":{"joins":{"f68d2368-dc2b-11f0-a84c-0a58a9feac02":{"metas":[{"phx_ref":"GIJbSFFPv1pB-q2N","phx_ref_prev":"GIJbRqoKVaZB-tdM","last_seen":"2025-12-18T16:12:49.910Z","status":"Browsing Events","user_id":"96e01cdb-36c0-4228-a6e4-a29a3c66bc8e","username":"lemontom"}]}},"leaves":{"f68d2368-dc2b-11f0-a84c-0a58a9feac02":{"metas":[{"phx_ref":"GIJbRqoKVaZB-tdM","phx_ref_prev":"GIJbQxYVd1dB-uLC","last_seen":"2025-12-18T16:12:42.648Z","status":"Browsing Library","user_id":"96e01cdb-36c0-4228-a6e4-a29a3c66bc8e","username":"lemontom"}]}}},"topic":"realtime:global-presence"}
🎬 MPV: Frame ready! Calling layer.update() (throttled)
🎬 DisplayLink: reportSwap() (throttled)
🎬 DisplayLink: reportSwap() (throttled)
🎬 MPV: Frame ready! Calling layer.update() (throttled)
🎬 DisplayLink: reportSwap() (throttled)
🎬 Layer.update() called - forceDraw:false needsFlip:true (throttled)
🎬 canDraw() = true (forceDraw:false, hasFrame:true) (throttled)
🎬 draw() - Rendering frame! (throttled)
🎬 DisplayLink: reportSwap() (throttled)
🎬 MPV: Frame ready! Calling layer.update() (throttled)
🎬 DisplayLink: reportSwap() (throttled)
🎬 DisplayLink: reportSwap() (throttled)
🎬 Layer.update() called - forceDraw:false needsFlip:true (throttled)
📨 Received: {"ref":null,"event":"presence_diff","payload":{"joins":{"f68d2368-dc2b-11f0-a84c-0a58a9feac02":{"metas":[{"phx_ref":"GIJbSY0dwglB-m8O","phx_ref_prev":"GIJbSFFPv1pB-q2N","last_seen":"2025-12-18T16:12:55.218Z","status":"Browsing Events","user_id":"96e01cdb-36c0-4228-a6e4-a29a3c66bc8e","username":"lemontom"}]}},"leaves":{"f68d2368-dc2b-11f0-a84c-0a58a9feac02":{"metas":[{"phx_ref":"GIJbSFFPv1pB-q2N","phx_ref_prev":"GIJbRqoKVaZB-tdM","last_seen":"2025-12-18T16:12:49.910Z","status":"Browsing Events","user_id":"96e01cdb-36c0-4228-a6e4-a29a3c66bc8e","username":"lemontom"}]}}},"topic":"realtime:global-presence"}
🎬 MPV: Frame ready! Calling layer.update() (throttled)
🎬 DisplayLink: reportSwap() (throttled)
📨 Received: {"ref":null,"event":"presence_diff","payload":{"joins":{"6a5435c0-dc2c-11f0-85a6-0a58a9feac02":{"metas":[{"phx_ref":"GIJbSeqY38TQVUIQ","is_host":false,"joined_at":1766074376.7786741,"user_id":"96E01CDB-36C0-4228-A6E4-A29A3C66BC8E","username":"lemontom"}]}},"leaves":{}},"topic":"realtime:watch-party:event_tt0126029"}
➕ Added new participant 96e01cdb-36c0-4228-a6e4-a29a3c66bc8e (Ref: GIJbSeqY38TQVUIQ)
⚠️ Self (656daa91-33b4-4688-9135-c982ea52d7c9) was missing from list - restoring.
🎬 DisplayLink: reportSwap() (throttled)
👋 Leaving room: event_tt0126029
📨 Received: {"ref":null,"event":"presence_diff","payload":{"joins":{"f68d2368-dc2b-11f0-a84c-0a58a9feac02":{"metas":[{"phx_ref":"GIJbSes5Px1B-htD","phx_ref_prev":"GIJbSY0dwglB-m8O","last_seen":"2025-12-18T16:12:56.796Z","room_id":"event_tt0126029","started_at":"2025-12-18T16:12:56.797Z","status":"online","user_id":"96e01cdb-36c0-4228-a6e4-a29a3c66bc8e","username":"lemontom","watching_id":"tt0126029","watching_title":"Shrek","watching_type":"movie"}]}},"leaves":{"f68d2368-dc2b-11f0-a84c-0a58a9feac02":{"metas":[{"phx_ref":"GIJbSY0dwglB-m8O","phx_ref_prev":"GIJbSFFPv1pB-q2N","last_seen":"2025-12-18T16:12:55.218Z","status":"Browsing Events","user_id":"96e01cdb-36c0-4228-a6e4-a29a3c66bc8e","username":"lemontom"}]}}},"topic":"realtime:global-presence"}
📨 Received: {"ref":"10","event":"phx_reply","payload":{"status":"ok","response":{}},"topic":"realtime:global-presence"}
📨 Received: {"ref":null,"event":"presence_diff","payload":{"joins":{"2f6fbdbc-dc2c-11f0-934a-0a58a9feac02":{"metas":[{"phx_ref":"GIJbSjUIT3pcJQ2P","phx_ref_prev":"GIJbRY4Tho9cJb1E","last_seen":"2025-12-18T16:12:58.022Z","room_id":"event_tt0126029","started_at":"2025-12-18T16:11:34.099Z","status":"online","user_id":"656daa91-33b4-4688-9135-c982ea52d7c9","username":"ursinho","watching_id":"tt0126029","watching_title":"Shrek","watching_type":"movie"}]}},"leaves":{"2f6fbdbc-dc2c-11f0-934a-0a58a9feac02":{"metas":[{"phx_ref":"GIJbRY4Tho9cJb1E","phx_ref_prev":"GIJbQOVR-RBcJSvQ","last_seen":"2025-12-18T16:12:38.042Z","room_id":"event_tt0126029","started_at":"2025-12-18T16:11:34.099Z","status":"online","user_id":"656daa91-33b4-4688-9135-c982ea52d7c9","username":"ursinho","watching_id":"tt0126029","watching_title":"Shrek","watching_type":"movie"}]}}},"topic":"realtime:global-presence"}
❌ RedLemon: NOT showing MPVPlayerView
   isResolvingStream: false
   streamError: nil
   selectedStream: NIL
📅 EventsView appeared
🎬 Stopping CVDisplayLink...
🎬 CVDisplayLink stopped and released
🎬 MPVViewLayer uniniting...
🧹 Freeing render context on OpenGL thread...
🎬 MPVViewLayer cleanup complete
📝 Stopped watch history tracking
⏱️ Invalidating all active timers
🎬 MPVLayerHostView deinit
 MPV Event: 17
🧹 Cleaning up MPV player...
 MPV Event: 17
📡 SocialService: Updated status - Browsing Events: 
📡 SocialService: Updated status - Browsing: 
[MPV] Video: no video
🗑️ Invalidated all active timers
🧹 Cleaning up Realtime channel for room: event_tt0126029
🔄 Untracking presence...
✅ Presence untracked
🔄 Leaving channel...
✅ Channel left
ℹ️ Keeping WebSocket connected (disconnectClient=false)
✅ Realtime channel cleanup complete
✅ Realtime manager channel left (client connection preserved)
🛑 Stopping MPV playback...
🛑 Stopping MPV playback...
⚡️ PlaybackService: releasing sleep assertion
🗑️ MPVPlayerViewModel deinit
🛑 Event polling task cancelled cleanly
🗑️ MPVWrapper deinit - cleaning up...
✅ MPVWrapper cleanup complete
🗑️ Terminating MPV instance (background)...
📨 Received: {"ref":"11","event":"phx_reply","payload":{"status":"ok","response":{}},"topic":"realtime:global-presence"}
📨 Received: {"ref":null,"event":"presence_diff","payload":{"joins":{"2f6fbdbc-dc2c-11f0-934a-0a58a9feac02":{"metas":[{"phx_ref":"GIJbSlq0-eJcJToP","phx_ref_prev":"GIJbSjUIT3pcJQ2P","last_seen":"2025-12-18T16:12:58.652Z","status":"Browsing Events","user_id":"656daa91-33b4-4688-9135-c982ea52d7c9","username":"ursinho"}]}},"leaves":{"2f6fbdbc-dc2c-11f0-934a-0a58a9feac02":{"metas":[{"phx_ref":"GIJbSjUIT3pcJQ2P","phx_ref_prev":"GIJbRY4Tho9cJb1E","last_seen":"2025-12-18T16:12:58.022Z","room_id":"event_tt0126029","started_at":"2025-12-18T16:11:34.099Z","status":"online","user_id":"656daa91-33b4-4688-9135-c982ea52d7c9","username":"ursinho","watching_id":"tt0126029","watching_title":"Shrek","watching_type":"movie"}]}}},"topic":"realtime:global-presence"}
📨 Received: {"ref":"12","event"=== AttributeGraph: cycle detected through attribute 1188984 ===
:"phx_reply","payload":{"status":"ok","response":{}},"topic":"realtime:global-presence"}
📨 Received: {"ref":null,"event":"presence_diff","payload":{"joins":{"2f6fbdbc-dc2c-11f0-934a-0a58a9feac02":{"metas":[{"phx_ref":"GIJbSlq6W8VcJayF","phx_ref_prev":"GIJbSlq0-eJcJToP","last_seen":"2025-12-18T16:12:58.652Z","status":"Browsing","user_id":"656daa91-33b4-4688-9135-c982ea52d7c9","username":"ursinho"}]}},"leaves":{"2f6fbdbc-dc2c-11f0-934a-0a58a9feac02":{"metas":[{"phx_ref":"GIJbSlq0-eJcJToP","phx_ref_prev":"GIJbSjUIT3pcJQ2P","last_seen":"2025-12-18T16:12:58.652Z","status":"Browsing Events","user_id":"656daa91-33b4-4688-9135-c982ea52d7c9","username":"ursinho"}]}}},"topic":"realtime:global-presence"}
📨 Received: {"ref":"6","event":"phx_reply","payload":{"status":"ok","response":{}},"topic":"realtime:watch-party:event_tt0126029"}
📨 Received: {"ref":null,"event":"presence_diff","payload":{"joins":{},"leaves":{"39068644-dc2c-11f0-ab93-0a58a9feac02":{"metas":[{"phx_ref":"GIJbNqg0bSMtQ_tB","is_host":false,"joined_at":1766074294.050119,"user_id":"656DAA91-33B4-4688-9135-C982EA52D7C9","username":"ursinho"}]}}},"topic":"realtime:watch-party:event_tt0126029"}
📨 Received: {"ref":"7","event":"phx_reply","payload":{"status":"ok","response":{}},"topic":"realtime:watch-party:event_tt0126029"}
📨 Received: {"ref":null,"event":"phx_close","payload":{},"topic":"realtime:watch-party:event_tt0126029"}
📨 Unknown event: phx_close
✅ MPV stop completed with clean event loop exit
✅ MPV instance destroyed
🔍 Supabase Response for /rooms: [{"created_at":"2025-12-18T15:53:41.227162"}]
🚫 Subscription revoked or inactive.
📨 Received: {"ref":null,"event":"presence_diff","payload":{"joins":{"f68d2368-dc2b-11f0-a84c-0a58a9feac02":{"metas":[{"phx_ref":"GIJbS1c5g15B-qFJ","phx_ref_prev":"GIJbSes5Px1B-htD","last_seen":"2025-12-18T16:13:02.903Z","room_id":"event_tt0126029","started_at":"2025-12-18T16:12:56.797Z","status":"online","user_id":"96e01cdb-36c0-4228-a6e4-a29a3c66bc8e","username":"lemontom","watching_id":"tt0126029","watching_title":"Shrek","watching_type":"movie"}]}},"leaves":{"f68d2368-dc2b-11f0-a84c-0a58a9feac02":{"metas":[{"phx_ref":"GIJbSes5Px1B-htD","phx_ref_prev":"GIJbSY0dwglB-m8O","last_seen":"2025-12-18T16:12:56.796Z","room_id":"event_tt0126029","started_at":"2025-12-18T16:12:56.797Z","status":"online","user_id":"96e01cdb-36c0-4228-a6e4-a29a3c66bc8e","username":"lemontom","watching_id":"tt0126029","watching_title":"Shrek","watching_type":"movie"}]}}},"topic":"realtime:global-presence"}
📅 EventsView appeared
📡 SocialService: Updated status - Browsing Events: 
📨 Received: {"ref":"13","event":"phx_reply","payload":{"status":"ok","response":{}},"topic":"realtime:global-presence"}
📨 Received: {"ref":null,"event":"presence_diff","payload":{"joins":{"2f6fbdbc-dc2c-11f0-934a-0a58a9feac02":{"metas":[{"phx_ref":"GIJbS688S_ZcJWzJ","phx_ref_prev":"GIJbSlq6W8VcJayF","last_seen":"2025-12-18T16:13:04.363Z","status":"Browsing Events","user_id":"656daa91-33b4-4688-9135-c982ea52d7c9","username":"ursinho"}]}},"leaves":{"2f6fbdbc-dc2c-11f0-934a-0a58a9feac02":{"metas":[{"phx_ref":"GIJbSlq6W8VcJayF","phx_ref_prev":"GIJbSlq0-eJcJToP","last_seen":"2025-12-18T16:12:58.652Z","status":"Browsing","user_id":"656daa91-33b4-4688-9135-c982ea52d7c9","username":"ursinho"}]}}},"topic":"realtime:global-presence"}
📨 Received: {"ref":null,"event":"postgres_changes","payload":{"data":{"table":"direct_messages","type":"INSERT","record":{"id": "45963f31-e260-4325-bb3a-2131e8f99966", "content": "INVITE|event_tt0126029|Shrek", "is_read": false, "sender_id": "96e01cdb-36c0-4228-a6e4-a29a3c66bc8e", "created_at": "2025-12-18T16:13:12.240962+00:00", "receiver_id": "656daa91-33b4-4688-9135-c982ea52d7c9"},"columns":[{"name": "id", "type": "uuid"}, {"name": "sender_id", "type": "uuid"}, {"name": "receiver_id", "type": "uuid"}, {"name": "content", "type": "text"}, {"name": "is_read", "type": "bool"}, {"name": "created_at", "type": "timestamptz"}],"errors":null,"schema":"public","commit_timestamp":"2025-12-18T16:13:12.265Z"},"ids":[102443684]},"topic":"realtime:direct_messages"}
📨 SocialService: New message from/to 96e01cdb-36c0-4228-a6e4-a29a3c66bc8e
📨 Received: {"ref":null,"event":"postgres_changes","payload":{"data":{"table":"direct_messages","type":"UPDATE","record":{"id": "45963f31-e260-4325-bb3a-2131e8f99966", "content": "INVITE|event_tt0126029|Shrek", "is_read": true, "sender_id": "96e01cdb-36c0-4228-a6e4-a29a3c66bc8e", "created_at": "2025-12-18T16:13:12.240962+00:00", "receiver_id": "656daa91-33b4-4688-9135-c982ea52d7c9"},"columns":[{"name": "id", "type": "uuid"}, {"name": "sender_id", "type": "uuid"}, {"name": "receiver_id", "type": "uuid"}, {"name": "content", "type": "text"}, {"name": "is_read", "type": "bool"}, {"name": "created_at", "type": "timestamptz"}],"errors":null,"schema":"public","commit_timestamp":"2025-12-18T16:13:15.927Z","old_record":{"id": "45963f31-e260-4325-bb3a-2131e8f99966"}},"ids":[102443684]},"topic":"realtime:direct_messages"}
📨 Received: {"ref":null,"event":"postgres_changes","payload":{"data":{"table":"direct_messages","type":"UPDATE","record":{"id": "f86d35fb-ea4a-4805-87d7-e6ae48a2d010", "content": "INVITE|event_tt0126029|Shrek", "is_read": true, "sender_id": "96e01cdb-36c0-4228-a6e4-a29a3c66bc8e", "created_at": "2025-12-18T16:11:25.900823+00:00", "receiver_id": "656daa91-33b4-4688-9135-c982ea52d7c9"},"columns":[{"name": "id", "type": "uuid"}, {"name": "sender_id", "type": "uuid"}, {"name": "receiver_id", "type": "uuid"}, {"name": "content", "type": "text"}, {"name": "is_read", "type": "bool"}, {"name": "created_at", "type": "timestamptz"}],"errors":null,"schema":"public","commit_timestamp":"2025-12-18T16:13:15.927Z","old_record":{"id": "f86d35fb-ea4a-4805-87d7-e6ae48a2d010"}},"ids":[102443684]},"topic":"realtime:direct_messages"}
📨 Received: {"ref":null,"event":"postgres_changes","payload":{"data":{"table":"direct_messages","type":"UPDATE","record":{"id": "7286b740-00b0-491d-8e3b-bbab0b8a58fc", "content": "hi", "is_read": true, "sender_id": "96e01cdb-36c0-4228-a6e4-a29a3c66bc8e", "created_at": "2025-12-14T16:41:42.307467+00:00", "receiver_id": "656daa91-33b4-4688-9135-c982ea52d7c9"},"columns":[{"name": "id", "type": "uuid"}, {"name": "sender_id", "type": "uuid"}, {"name": "receiver_id", "type": "uuid"}, {"name": "content", "type": "text"}, {"name": "is_read", "type": "bool"}, {"name": "created_at", "type": "timestamptz"}],"errors":null,"schema":"public","commit_timestamp":"2025-12-18T16:13:15.927Z","old_record":{"id": "7286b740-00b0-491d-8e3b-bbab0b8a58fc"}},"ids":[102443684]},"topic":"realtime:direct_messages"}
📨 Received: {"ref":null,"event":"postgres_changes","payload":{"data":{"table":"direct_messages","type":"UPDATE","record":{"id": "fd2676c6-53b2-422f-8368-58090a365db0", "content": "hey", "is_read": true, "sender_id": "96e01cdb-36c0-4228-a6e4-a29a3c66bc8e", "created_at": "2025-12-15T19:22:33.056628+00:00", "receiver_id": "656daa91-33b4-4688-9135-c982ea52d7c9"},"columns":[{"name": "id", "type": "uuid"}, {"name": "sender_id", "type": "uuid"}, {"name": "receiver_id", "type": "uuid"}, {"name": "content", "type": "text"}, {"name": "is_read", "type": "bool"}, {"name": "created_at", "type": "timestamptz"}],"errors":null,"schema":"public","commit_timestamp":"2025-12-18T16:13:15.927Z","old_record":{"id": "fd2676c6-53b2-422f-8368-58090a365db0"}},"ids":[102443684]},"topic":"realtime:direct_messages"}
📨 Received: {"ref":null,"event":"postgres_changes","payload":{"data":{"table":"direct_messages","type":"UPDATE","record":{"id": "ac0fbd2d-e53a-4edf-a455-49dcbbe3fed1", "content": "very cool", "is_read": true, "sender_id": "96e01cdb-36c0-4228-a6e4-a29a3c66bc8e", "created_at": "2025-12-14T00:52:26.975931+00:00", "receiver_id": "656daa91-33b4-4688-9135-c982ea52d7c9"},"columns":[{"name": "id", "type": "uuid"}, {"name": "sender_id", "type": "uuid"}, {"name": "receiver_id", "type": "uuid"}, {"name": "content", "type": "text"}, {"name": "is_read", "type": "bool"}, {"name": "created_at", "type": "timestamptz"}],"errors":null,"schema":"public","commit_timestamp":"2025-12-18T16:13:15.927Z","old_record":{"id": "ac0fbd2d-e53a-4edf-a455-49dcbbe3fed1"}},"ids":[102443684]},"topic":"realtime:direct_messages"}
📨 Received: {"ref":null,"event":"postgres_changes","payload":{"data":{"table":"direct_messages","type":"UPDATE","record":{"id": "281e170e-21e5-4ecd-b5af-a161c826958e", "content": "wake up", "is_read": true, "sender_id": "96e01cdb-36c0-4228-a6e4-a29a3c66bc8e", "created_at": "2025-12-14T00:08:11.482101+00:00", "receiver_id": "656daa91-33b4-4688-9135-c982ea52d7c9"},"columns":[{"name": "id", "type": "uuid"}, {"name": "sender_id", "type": "uuid"}, {"name": "receiver_id", "type": "uuid"}, {"name": "content", "type": "text"}, {"name": "is_read", "type": "bool"}, {"name": "created_at", "type": "timestamptz"}],"errors":null,"schema":"public","commit_timestamp":"2025-12-18T16:13:15.927Z","old_record":{"id": "281e170e-21e5-4ecd-b5af-a161c826958e"}},"ids":[102443684]},"topic":"realtime:direct_messages"}
📨 Received: {"ref":null,"event":"postgres_changes","payload":{"data":{"table":"direct_messages","type":"UPDATE","record":{"id": "c62169aa-bf5d-4c4d-b085-e2db9d898847", "content": "hey", "is_read": true, "sender_id": "96e01cdb-36c0-4228-a6e4-a29a3c66bc8e", "created_at": "2025-12-16T18:21:31.0686+00:00", "receiver_id": "656daa91-33b4-4688-9135-c982ea52d7c9"},"columns":[{"name": "id", "type": "uuid"}, {"name": "sender_id", "type": "uuid"}, {"name": "receiver_id", "type": "uuid"}, {"name": "content", "type": "text"}, {"name": "is_read", "type": "bool"}, {"name": "created_at", "type": "timestamptz"}],"errors":null,"schema":"public","commit_timestamp":"2025-12-18T16:13:15.927Z","old_record":{"id": "c62169aa-bf5d-4c4d-b085-e2db9d898847"}},"ids":[102443684]},"topic":"realtime:direct_messages"}
📨 Received: {"ref":null,"event":"postgres_changes","payload":{"data":{"table":"direct_messages","type":"UPDATE","record":{"id": "060d0f4c-953d-44e5-b064-7a8b697ccb1b", "content": "hey", "is_read": true, "sender_id": "96e01cdb-36c0-4228-a6e4-a29a3c66bc8e", "created_at": "2025-12-13T21:47:31.38973+00:00", "receiver_id": "656daa91-33b4-4688-9135-c982ea52d7c9"},"columns":[{"name": "id", "type": "uuid"}, {"name": "sender_id", "type": "uuid"}, {"name": "receiver_id", "type": "uuid"}, {"name": "content", "type": "text"}, {"name": "is_read", "type": "bool"}, {"name": "created_at", "type": "timestamptz"}],"errors":null,"schema":"public","commit_timestamp":"2025-12-18T16:13:15.927Z","old_record":{"id": "060d0f4c-953d-44e5-b064-7a8b697ccb1b"}},"ids":[102443684]},"topic":"realtime:direct_messages"}
📨 Received: {"ref":null,"event":"postgres_changes","payload":{"data":{"table":"direct_messages","type":"UPDATE","record":{"id": "5d23122d-7ca9-4527-afc1-923c6357abda", "content": "😍😍😍", "is_read": true, "sender_id": "96e01cdb-36c0-4228-a6e4-a29a3c66bc8e", "created_at": "2025-12-13T21:18:40.893927+00:00", "receiver_id": "656daa91-33b4-4688-9135-c982ea52d7c9"},"columns":[{"name": "id", "type": "uuid"}, {"name": "sender_id", "type": "uuid"}, {"name": "receiver_id", "type": "uuid"}, {"name": "content", "type": "text"}, {"name": "is_read", "type": "bool"}, {"name": "created_at", "type": "timestamptz"}],"errors":null,"schema":"public","commit_timestamp":"2025-12-18T16:13:15.927Z","old_record":{"id": "5d23122d-7ca9-4527-afc1-923c6357abda"}},"ids":[102443684]},"topic":"realtime:direct_messages"}
📨 Received: {"ref":null,"event":"postgres_changes","payload":{"data":{"table":"direct_messages","type":"UPDATE","record":{"id": "7ac1d5f7-87a0-4c68-82fd-6319762dc3d1", "content": "hi", "is_read": true, "sender_id": "96e01cdb-36c0-4228-a6e4-a29a3c66bc8e", "created_at": "2025-12-13T20:31:24.236478+00:00", "receiver_id": "656daa91-33b4-4688-9135-c982ea52d7c9"},"columns":[{"name": "id", "type": "uuid"}, {"name": "sender_id", "type": "uuid"}, {"name": "receiver_id", "type": "uuid"}, {"name": "content", "type": "text"}, {"name": "is_read", "type": "bool"}, {"name": "created_at", "type": "timestamptz"}],"errors":null,"schema":"public","commit_timestamp":"2025-12-18T16:13:15.927Z","old_record":{"id": "7ac1d5f7-87a0-4c68-82fd-6319762dc3d1"}},"ids":[102443684]},"topic":"realtime:direct_messages"}
📨 Received: {"ref":null,"event":"postgres_changes","payload":{"data":{"table":"direct_messages","type":"UPDATE","record":{"id": "ca945b45-f6b5-4c94-ac03-b42e28c48844", "content": "hi", "is_read": true, "sender_id": "96e01cdb-36c0-4228-a6e4-a29a3c66bc8e", "created_at": "2025-12-13T20:11:25.433538+00:00", "receiver_id": "656daa91-33b4-4688-9135-c982ea52d7c9"},"columns":[{"name": "id", "type": "uuid"}, {"name": "sender_id", "type": "uuid"}, {"name": "receiver_id", "type": "uuid"}, {"name": "content", "type": "text"}, {"name": "is_read", "type": "bool"}, {"name": "created_at", "type": "timestamptz"}],"errors":null,"schema":"public","commit_timestamp":"2025-12-18T16:13:15.927Z","old_record":{"id": "ca945b45-f6b5-4c94-ac03-b42e28c48844"}},"ids":[102443684]},"topic":"realtime:direct_messages"}
📨 Received: {"ref":null,"event":"postgres_changes","payload":{"data":{"table":"direct_messages","type":"UPDATE","record":{"id": "e5180839-f63e-487a-a594-14ea9a4ebddb", "content": "hi", "is_read": true, "sender_id": "96e01cdb-36c0-4228-a6e4-a29a3c66bc8e", "created_at": "2025-12-13T18:08:20.447905+00:00", "receiver_id": "656daa91-33b4-4688-9135-c982ea52d7c9"},"columns":[{"name": "id", "type": "uuid"}, {"name": "sender_id", "type": "uuid"}, {"name": "receiver_id", "type": "uuid"}, {"name": "content", "type": "text"}, {"name": "is_read", "type": "bool"}, {"name": "created_at", "type": "timestamptz"}],"errors":null,"schema":"public","commit_timestamp":"2025-12-18T16:13:15.927Z","old_record":{"id": "e5180839-f63e-487a-a594-14ea9a4ebddb"}},"ids":[102443684]},"topic":"realtime:direct_messages"}
📨 Received: {"ref":null,"event":"postgres_changes","payload":{"data":{"table":"direct_messages","type":"UPDATE","record":{"id": "45bc6cd6-64ec-41a0-82ed-03bbe933376e", "content": "hello", "is_read": true, "sender_id": "96e01cdb-36c0-4228-a6e4-a29a3c66bc8e", "created_at": "2025-12-16T19:05:53.429135+00:00", "receiver_id": "656daa91-33b4-4688-9135-c982ea52d7c9"},"columns":[{"name": "id", "type": "uuid"}, {"name": "sender_id", "type": "uuid"}, {"name": "receiver_id", "type": "uuid"}, {"name": "content", "type": "text"}, {"name": "is_read", "type": "bool"}, {"name": "created_at", "type": "timestamptz"}],"errors":null,"schema":"public","commit_timestamp":"2025-12-18T16:13:15.927Z","old_record":{"id": "45bc6cd6-64ec-41a0-82ed-03bbe933376e"}},"ids":[102443684]},"topic":"realtime:direct_messages"}
📨 Received: {"ref":null,"event":"postgres_changes","payload":{"data":{"table":"direct_messages","type":"UPDATE","record":{"id": "05d595d9-3379-47d4-8663-73129e8efed5", "content": "🎉🎉🎉🎉", "is_read": true, "sender_id": "96e01cdb-36c0-4228-a6e4-a29a3c66bc8e", "created_at": "2025-12-13T04:13:21.820293+00:00", "receiver_id": "656daa91-33b4-4688-9135-c982ea52d7c9"},"columns":[{"name": "id", "type": "uuid"}, {"name": "sender_id", "type": "uuid"}, {"name": "receiver_id", "type": "uuid"}, {"name": "content", "type": "text"}, {"name": "is_read", "type": "bool"}, {"name": "created_at", "type": "timestamptz"}],"errors":null,"schema":"public","commit_timestamp":"2025-12-18T16:13:15.927Z","old_record":{"id": "05d595d9-3379-47d4-8663-73129e8efed5"}},"ids":[102443684]},"topic":"realtime:direct_messages"}
📨 Received: {"ref":null,"event":"postgres_changes","payload":{"data":{"table":"direct_messages","type":"UPDATE","record":{"id": "c99d200f-9633-4070-892e-a854bd0dfe43", "content": "🔥🔥", "is_read": true, "sender_id": "96e01cdb-36c0-4228-a6e4-a29a3c66bc8e", "created_at": "2025-12-13T01:19:19.897417+00:00", "receiver_id": "656daa91-33b4-4688-9135-c982ea52d7c9"},"columns":[{"name": "id", "type": "uuid"}, {"name": "sender_id", "type": "uuid"}, {"name": "receiver_id", "type": "uuid"}, {"name": "content", "type": "text"}, {"name": "is_read", "type": "bool"}, {"name": "created_at", "type": "timestamptz"}],"errors":null,"schema":"public","commit_timestamp":"2025-12-18T16:13:15.927Z","old_record":{"id": "c99d200f-9633-4070-892e-a854bd0dfe43"}},"ids":[102443684]},"topic":"realtime:direct_messages"}
📨 Received: {"ref":null,"event":"postgres_changes","payload":{"data":{"table":"direct_messages","type":"UPDATE","record":{"id": "47a5cd9d-f6bc-41ca-a5a0-c3c4e58da59b", "content": "", "is_read": true, "sender_id": "96e01cdb-36c0-4228-a6e4-a29a3c66bc8e", "created_at": "2025-12-13T00:57:28.477607+00:00", "receiver_id": "656daa91-33b4-4688-9135-c982ea52d7c9"},"columns":[{"name": "id", "type": "uuid"}, {"name": "sender_id", "type": "uuid"}, {"name": "receiver_id", "type": "uuid"}, {"name": "content", "type": "text"}, {"name": "is_read", "type": "bool"}, {"name": "created_at", "type": "timestamptz"}],"errors":null,"schema":"public","commit_timestamp":"2025-12-18T16:13:15.927Z","old_record":{"id": "47a5cd9d-f6bc-41ca-a5a0-c3c4e58da59b"}},"ids":[102443684]},"topic":"realtime:direct_messages"}
📨 Received: {"ref":null,"event":"postgres_changes","payload":{"data":{"table":"direct_messages","type":"UPDATE","record":{"id": "ed738383-59ca-42af-b14f-e4a3078127e2", "content": "lets watch?", "is_read": true, "sender_id": "96e01cdb-36c0-4228-a6e4-a29a3c66bc8e", "created_at": "2025-12-15T19:23:01.245099+00:00", "receiver_id": "656daa91-33b4-4688-9135-c982ea52d7c9"},"columns":[{"name": "id", "type": "uuid"}, {"name": "sender_id", "type": "uuid"}, {"name": "receiver_id", "type": "uuid"}, {"name": "content", "type": "text"}, {"name": "is_read", "type": "bool"}, {"name": "created_at", "type": "timestamptz"}],"errors":null,"schema":"public","commit_timestamp":"2025-12-18T16:13:15.927Z","old_record":{"id": "ed738383-59ca-42af-b14f-e4a3078127e2"}},"ids":[102443684]},"topic":"realtime:direct_messages"}
📨 Received: {"ref":null,"event":"postgres_changes","payload":{"data":{"table":"direct_messages","type":"UPDATE","record":{"id": "141344c3-8e96-460e-a59e-2adb19f250da", "content": "chillin", "is_read": true, "sender_id": "96e01cdb-36c0-4228-a6e4-a29a3c66bc8e", "created_at": "2025-12-15T19:22:52.872087+00:00", "receiver_id": "656daa91-33b4-4688-9135-c982ea52d7c9"},"columns":[{"name": "id", "type": "uuid"}, {"name": "sender_id", "type": "uuid"}, {"name": "receiver_id", "type": "uuid"}, {"name": "content", "type": "text"}, {"name": "is_read", "type": "bool"}, {"name": "created_at", "type": "timestamptz"}],"errors":null,"schema":"public","commit_timestamp":"2025-12-18T16:13:15.927Z","old_record":{"id": "141344c3-8e96-460e-a59e-2adb19f250da"}},"ids":[102443684]},"topic":"realtime:direct_messages"}
📨 Received: {"ref":null,"event":"postgres_changes","payload":{"data":{"table":"direct_messages","type":"UPDATE","record":{"id": "db8c90af-117a-4e99-bad3-331ab90d5b86", "content": "", "is_read": true, "sender_id": "96e01cdb-36c0-4228-a6e4-a29a3c66bc8e", "created_at": "2025-12-13T01:08:58.144356+00:00", "receiver_id": "656daa91-33b4-4688-9135-c982ea52d7c9"},"columns":[{"name": "id", "type": "uuid"}, {"name": "sender_id", "type": "uuid"}, {"name": "receiver_id", "type": "uuid"}, {"name": "content", "type": "text"}, {"name": "is_read", "type": "bool"}, {"name": "created_at", "type": "timestamptz"}],"errors":null,"schema":"public","commit_timestamp":"2025-12-18T16:13:15.927Z","old_record":{"id": "db8c90af-117a-4e99-bad3-331ab90d5b86"}},"ids":[102443684]},"topic":"realtime:direct_messages"}
📨 Received: {"ref":null,"event":"postgres_changes","payload":{"data":{"table":"direct_messages","type":"UPDATE","record":{"id": "9495b5e5-82a9-4872-afb6-26f2be60952e", "content": "🍿🍿🍿🍿🍿🍿🍿🍿", "is_read": true, "sender_id": "96e01cdb-36c0-4228-a6e4-a29a3c66bc8e", "created_at": "2025-12-13T04:13:08.908778+00:00", "receiver_id": "656daa91-33b4-4688-9135-c982ea52d7c9"},"columns":[{"name": "id", "type": "uuid"}, {"name": "sender_id", "type": "uuid"}, {"name": "receiver_id", "type": "uuid"}, {"name": "content", "type": "text"}, {"name": "is_read", "type": "bool"}, {"name": "created_at", "type": "timestamptz"}],"errors":null,"schema":"public","commit_timestamp":"2025-12-18T16:13:15.927Z","old_record":{"id": "9495b5e5-82a9-4872-afb6-26f2be60952e"}},"ids":[102443684]},"topic":"realtime:direct_messages"}
📨 Received: {"ref":null,"event":"postgres_changes","payload":{"data":{"table":"direct_messages","type":"UPDATE","record":{"id": "41f2594e-78bf-444d-85fa-f443d2e11b2b", "content": "✨✨✨✨✨", "is_read": true, "sender_id": "96e01cdb-36c0-4228-a6e4-a29a3c66bc8e", "created_at": "2025-12-13T04:13:24.915657+00:00", "receiver_id": "656daa91-33b4-4688-9135-c982ea52d7c9"},"columns":[{"name": "id", "type": "uuid"}, {"name": "sender_id", "type": "uuid"}, {"name": "receiver_id", "type": "uuid"}, {"name": "content", "type": "text"}, {"name": "is_read", "type": "bool"}, {"name": "created_at", "type": "timestamptz"}],"errors":null,"schema":"public","commit_timestamp":"2025-12-18T16:13:15.927Z","old_record":{"id": "41f2594e-78bf-444d-85fa-f443d2e11b2b"}},"ids":[102443684]},"topic":"realtime:direct_messages"}
📨 Received: {"ref":null,"event":"postgres_changes","payload":{"data":{"table":"direct_messages","type":"UPDATE","record":{"id": "8e55e29a-7e9a-4c45-beb0-f34b5dbf272a", "content": "hmmm lets watch something", "is_read": true, "sender_id": "96e01cdb-36c0-4228-a6e4-a29a3c66bc8e", "created_at": "2025-12-12T21:28:03.060673+00:00", "receiver_id": "656daa91-33b4-4688-9135-c982ea52d7c9"},"columns":[{"name": "id", "type": "uuid"}, {"name": "sender_id", "type": "uuid"}, {"name": "receiver_id", "type": "uuid"}, {"name": "content", "type": "text"}, {"name": "is_read", "type": "bool"}, {"name": "created_at", "type": "timestamptz"}],"errors":null,"schema":"public","commit_timestamp":"2025-12-18T16:13:15.927Z","old_record":{"id": "8e55e29a-7e9a-4c45-beb0-f34b5dbf272a"}},"ids":[102443684]},"topic":"realtime:direct_messages"}
📨 Received: {"ref":null,"event":"postgres_changes","payload":{"data":{"table":"direct_messages","type":"UPDATE","record":{"id": "c438b4b3-7ddd-4349-b7aa-7ea73a849edc", "content": "", "is_read": true, "sender_id": "96e01cdb-36c0-4228-a6e4-a29a3c66bc8e", "created_at": "2025-12-13T01:12:58.71361+00:00", "receiver_id": "656daa91-33b4-4688-9135-c982ea52d7c9"},"columns":[{"name": "id", "type": "uuid"}, {"name": "sender_id", "type": "uuid"}, {"name": "receiver_id", "type": "uuid"}, {"name": "content", "type": "text"}, {"name": "is_read", "type": "bool"}, {"name": "created_at", "type": "timestamptz"}],"errors":null,"schema":"public","commit_timestamp":"2025-12-18T16:13:15.927Z","old_record":{"id": "c438b4b3-7ddd-4349-b7aa-7ea73a849edc"}},"ids":[102443684]},"topic":"realtime:direct_messages"}
📨 Received: {"ref":null,"event":"postgres_changes","payload":{"data":{"table":"direct_messages","type":"UPDATE","record":{"id": "9651e9f2-a4cf-4014-95ed-ea9355146b6e", "content": "INVITE|event_tt1396484|It", "is_read": true, "sender_id": "96e01cdb-36c0-4228-a6e4-a29a3c66bc8e", "created_at": "2025-12-18T05:38:23.334987+00:00", "receiver_id": "656daa91-33b4-4688-9135-c982ea52d7c9"},"columns":[{"name": "id", "type": "uuid"}, {"name": "sender_id", "type": "uuid"}, {"name": "receiver_id", "type": "uuid"}, {"name": "content", "type": "text"}, {"name": "is_read", "type": "bool"}, {"name": "created_at", "type": "timestamptz"}],"errors":null,"schema":"public","commit_timestamp":"2025-12-18T16:13:15.927Z","old_record":{"id": "9651e9f2-a4cf-4014-95ed-ea9355146b6e"}},"ids":[102443684]},"topic":"realtime:direct_messages"}
📨 Received: {"ref":null,"event":"postgres_changes","payload":{"data":{"table":"direct_messages","type":"UPDATE","record":{"id": "25556eec-e7e5-48f9-ae92-061d1dd7688f", "content": "", "is_read": true, "sender_id": "96e01cdb-36c0-4228-a6e4-a29a3c66bc8e", "created_at": "2025-12-13T01:04:48.629412+00:00", "receiver_id": "656daa91-33b4-4688-9135-c982ea52d7c9"},"columns":[{"name": "id", "type": "uuid"}, {"name": "sender_id", "type": "uuid"}, {"name": "receiver_id", "type": "uuid"}, {"name": "content", "type": "text"}, {"name": "is_read", "type": "bool"}, {"name": "created_at", "type": "timestamptz"}],"errors":null,"schema":"public","commit_timestamp":"2025-12-18T16:13:15.927Z","old_record":{"id": "25556eec-e7e5-48f9-ae92-061d1dd7688f"}},"ids":[102443684]},"topic":"realtime:direct_messages"}
📨 Received: {"ref":null,"event":"postgres_changes","payload":{"data":{"table":"direct_messages","type":"UPDATE","record":{"id": "db210b6b-7958-4007-909d-df15e4a1d257", "content": "", "is_read": true, "sender_id": "96e01cdb-36c0-4228-a6e4-a29a3c66bc8e", "created_at": "2025-12-13T00:57:30.548139+00:00", "receiver_id": "656daa91-33b4-4688-9135-c982ea52d7c9"},"columns":[{"name": "id", "type": "uuid"}, {"name": "sender_id", "type": "uuid"}, {"name": "receiver_id", "type": "uuid"}, {"name": "content", "type": "text"}, {"name": "is_read", "type": "bool"}, {"name": "created_at", "type": "timestamptz"}],"errors":null,"schema":"public","commit_timestamp":"2025-12-18T16:13:15.927Z","old_record":{"id": "db210b6b-7958-4007-909d-df15e4a1d257"}},"ids":[102443684]},"topic":"realtime:direct_messages"}
📨 Received: {"ref":null,"event":"postgres_changes","payload":{"data":{"table":"direct_messages","type":"UPDATE","record":{"id": "ab076f51-d798-4d1f-9fc1-c82b749b77ee", "content": "INVITE|event_tt1396484|It", "is_read": true, "sender_id": "96e01cdb-36c0-4228-a6e4-a29a3c66bc8e", "created_at": "2025-12-18T05:30:44.023032+00:00", "receiver_id": "656daa91-33b4-4688-9135-c982ea52d7c9"},"columns":[{"name": "id", "type": "uuid"}, {"name": "sender_id", "type": "uuid"}, {"name": "receiver_id", "type": "uuid"}, {"name": "content", "type": "text"}, {"name": "is_read", "type": "bool"}, {"name": "created_at", "type": "timestamptz"}],"errors":null,"schema":"public","commit_timestamp":"2025-12-18T16:13:15.927Z","old_record":{"id": "ab076f51-d798-4d1f-9fc1-c82b749b77ee"}},"ids":[102443684]},"topic":"realtime:direct_messages"}
📨 Received: {"ref":null,"event":"postgres_changes","payload":{"data":{"table":"direct_messages","type":"UPDATE","record":{"id": "e4119f3b-15fa-4d43-af2b-e078443148cc", "content": "❤️❤️", "is_read": true, "sender_id": "96e01cdb-36c0-4228-a6e4-a29a3c66bc8e", "created_at": "2025-12-13T01:19:23.678493+00:00", "receiver_id": "656daa91-33b4-4688-9135-c982ea52d7c9"},"columns":[{"name": "id", "type": "uuid"}, {"name": "sender_id", "type": "uuid"}, {"name": "receiver_id", "type": "uuid"}, {"name": "content", "type": "text"}, {"name": "is_read", "type": "bool"}, {"name": "created_at", "type": "timestamptz"}],"errors":null,"schema":"public","commit_timestamp":"2025-12-18T16:13:15.927Z","old_record":{"id": "e4119f3b-15fa-4d43-af2b-e078443148cc"}},"ids":[102443684]},"topic":"realtime:direct_messages"}
📨 Received: {"ref":null,"event":"postgres_changes","payload":{"data":{"table":"direct_messages","type":"UPDATE","record":{"id": "c3e27299-ea0e-4324-8b59-68a78f5c370b", "content": "hi", "is_read": true, "sender_id": "96e01cdb-36c0-4228-a6e4-a29a3c66bc8e", "created_at": "2025-12-15T23:47:21.243496+00:00", "receiver_id": "656daa91-33b4-4688-9135-c982ea52d7c9"},"columns":[{"name": "id", "type": "uuid"}, {"name": "sender_id", "type": "uuid"}, {"name": "receiver_id", "type": "uuid"}, {"name": "content", "type": "text"}, {"name": "is_read", "type": "bool"}, {"name": "created_at", "type": "timestamptz"}],"errors":null,"schema":"public","commit_timestamp":"2025-12-18T16:13:15.927Z","old_record":{"id": "c3e27299-ea0e-4324-8b59-68a78f5c370b"}},"ids":[102443684]},"topic":"realtime:direct_messages"}
📨 Received: {"ref":null,"event":"postgres_changes","payload":{"data":{"table":"direct_messages","type":"UPDATE","record":{"id": "2c2928ac-97e5-4305-bc94-240b52da11f1", "content": "", "is_read": true, "sender_id": "96e01cdb-36c0-4228-a6e4-a29a3c66bc8e", "created_at": "2025-12-12T23:58:24.5022+00:00", "receiver_id": "656daa91-33b4-4688-9135-c982ea52d7c9"},"columns":[{"name": "id", "type": "uuid"}, {"name": "sender_id", "type": "uuid"}, {"name": "receiver_id", "type": "uuid"}, {"name": "content", "type": "text"}, {"name": "is_read", "type": "bool"}, {"name": "created_at", "type": "timestamptz"}],"errors":null,"schema":"public","commit_timestamp":"2025-12-18T16:13:15.927Z","old_record":{"id": "2c2928ac-97e5-4305-bc94-240b52da11f1"}},"ids":[102443684]},"topic":"realtime:direct_messages"}
📨 Received: {"ref":null,"event":"postgres_changes","payload":{"data":{"table":"direct_messages","type":"UPDATE","record":{"id": "502997b7-a110-4512-a894-cf46c00e2532", "content": "", "is_read": true, "sender_id": "96e01cdb-36c0-4228-a6e4-a29a3c66bc8e", "created_at": "2025-12-13T01:00:55.329534+00:00", "receiver_id": "656daa91-33b4-4688-9135-c982ea52d7c9"},"columns":[{"name": "id", "type": "uuid"}, {"name": "sender_id", "type": "uuid"}, {"name": "receiver_id", "type": "uuid"}, {"name": "content", "type": "text"}, {"name": "is_read", "type": "bool"}, {"name": "created_at", "type": "timestamptz"}],"errors":null,"schema":"public","commit_timestamp":"2025-12-18T16:13:15.927Z","old_record":{"id": "502997b7-a110-4512-a894-cf46c00e2532"}},"ids":[102443684]},"topic":"realtime:direct_messages"}
📨 Received: {"ref":null,"event":"postgres_changes","payload":{"data":{"table":"direct_messages","type":"UPDATE","record":{"id": "52c45903-ac9d-449b-be48-6368d1eca757", "content": "", "is_read": true, "sender_id": "96e01cdb-36c0-4228-a6e4-a29a3c66bc8e", "created_at": "2025-12-13T01:12:56.621839+00:00", "receiver_id": "656daa91-33b4-4688-9135-c982ea52d7c9"},"columns":[{"name": "id", "type": "uuid"}, {"name": "sender_id", "type": "uuid"}, {"name": "receiver_id", "type": "uuid"}, {"name": "content", "type": "text"}, {"name": "is_read", "type": "bool"}, {"name": "created_at", "type": "timestamptz"}],"errors":null,"schema":"public","commit_timestamp":"2025-12-18T16:13:15.927Z","old_record":{"id": "52c45903-ac9d-449b-be48-6368d1eca757"}},"ids":[102443684]},"topic":"realtime:direct_messages"}
📨 Received: {"ref":null,"event":"postgres_changes","payload":{"data":{"table":"direct_messages","type":"UPDATE","record":{"id": "58ca60e0-6da0-46e4-896d-b18f04ebce08", "content": "😂", "is_read": true, "sender_id": "96e01cdb-36c0-4228-a6e4-a29a3c66bc8e", "created_at": "2025-12-13T01:19:27.456633+00:00", "receiver_id": "656daa91-33b4-4688-9135-c982ea52d7c9"},"columns":[{"name": "id", "type": "uuid"}, {"name": "sender_id", "type": "uuid"}, {"name": "receiver_id", "type": "uuid"}, {"name": "content", "type": "text"}, {"name": "is_read", "type": "bool"}, {"name": "created_at", "type": "timestamptz"}],"errors":null,"schema":"public","commit_timestamp":"2025-12-18T16:13:15.927Z","old_record":{"id": "58ca60e0-6da0-46e4-896d-b18f04ebce08"}},"ids":[102443684]},"topic":"realtime:direct_messages"}
📨 Received: {"ref":null,"event":"postgres_changes","payload":{"data":{"table":"direct_messages","type":"UPDATE","record":{"id": "8fb7c3cc-1dbe-4b57-9484-5ebec97e00e9", "content": "", "is_read": true, "sender_id": "96e01cdb-36c0-4228-a6e4-a29a3c66bc8e", "created_at": "2025-12-13T00:57:33.433658+00:00", "receiver_id": "656daa91-33b4-4688-9135-c982ea52d7c9"},"columns":[{"name": "id", "type": "uuid"}, {"name": "sender_id", "type": "uuid"}, {"name": "receiver_id", "type": "uuid"}, {"name": "content", "type": "text"}, {"name": "is_read", "type": "bool"}, {"name": "created_at", "type": "timestamptz"}],"errors":null,"schema":"public","commit_timestamp":"2025-12-18T16:13:15.927Z","old_record":{"id": "8fb7c3cc-1dbe-4b57-9484-5ebec97e00e9"}},"ids":[102443684]},"topic":"realtime:direct_messages"}
📨 Received: {"ref":null,"event":"postgres_changes","payload":{"data":{"table":"direct_messages","type":"UPDATE","record":{"id": "c0229cf5-9fbf-48be-8be5-d2239d889f8a", "content": "hey", "is_read": true, "sender_id": "96e01cdb-36c0-4228-a6e4-a29a3c66bc8e", "created_at": "2025-12-13T20:01:57.217882+00:00", "receiver_id": "656daa91-33b4-4688-9135-c982ea52d7c9"},"columns":[{"name": "id", "type": "uuid"}, {"name": "sender_id", "type": "uuid"}, {"name": "receiver_id", "type": "uuid"}, {"name": "content", "type": "text"}, {"name": "is_read", "type": "bool"}, {"name": "created_at", "type": "timestamptz"}],"errors":null,"schema":"public","commit_timestamp":"2025-12-18T16:13:15.927Z","old_record":{"id": "c0229cf5-9fbf-48be-8be5-d2239d889f8a"}},"ids":[102443684]},"topic":"realtime:direct_messages"}
📨 Received: {"ref":null,"event":"postgres_changes","payload":{"data":{"table":"direct_messages","type":"UPDATE","record":{"id": "fc5e9dcb-0115-4275-8cbc-5fd13db5e847", "content": "hey", "is_read": true, "sender_id": "96e01cdb-36c0-4228-a6e4-a29a3c66bc8e", "created_at": "2025-12-14T20:20:09.138707+00:00", "receiver_id": "656daa91-33b4-4688-9135-c982ea52d7c9"},"columns":[{"name": "id", "type": "uuid"}, {"name": "sender_id", "type": "uuid"}, {"name": "receiver_id", "type": "uuid"}, {"name": "content", "type": "text"}, {"name": "is_read", "type": "bool"}, {"name": "created_at", "type": "timestamptz"}],"errors":null,"schema":"public","commit_timestamp":"2025-12-18T16:13:15.927Z","old_record":{"id": "fc5e9dcb-0115-4275-8cbc-5fd13db5e847"}},"ids":[102443684]},"topic":"realtime:direct_messages"}
📨 Received: {"ref":null,"event":"postgres_changes","payload":{"data":{"table":"direct_messages","type":"UPDATE","record":{"id": "06002bbf-8509-4991-a8df-bf69cafbe8d1", "content": "wow", "is_read": true, "sender_id": "96e01cdb-36c0-4228-a6e4-a29a3c66bc8e", "created_at": "2025-12-15T18:51:42.028072+00:00", "receiver_id": "656daa91-33b4-4688-9135-c982ea52d7c9"},"columns":[{"name": "id", "type": "uuid"}, {"name": "sender_id", "type": "uuid"}, {"name": "receiver_id", "type": "uuid"}, {"name": "content", "type": "text"}, {"name": "is_read", "type": "bool"}, {"name": "created_at", "type": "timestamptz"}],"errors":null,"schema":"public","commit_timestamp":"2025-12-18T16:13:15.927Z","old_record":{"id": "06002bbf-8509-4991-a8df-bf69cafbe8d1"}},"ids":[102443684]},"topic":"realtime:direct_messages"}
📨 Received: {"ref":null,"event":"postgres_changes","payload":{"data":{"table":"direct_messages","type":"UPDATE","record":{"id": "0f80eedb-a86c-4b6a-94c6-2a29ffed856f", "content": "wake up", "is_read": true, "sender_id": "96e01cdb-36c0-4228-a6e4-a29a3c66bc8e", "created_at": "2025-12-12T21:27:03.342905+00:00", "receiver_id": "656daa91-33b4-4688-9135-c982ea52d7c9"},"columns":[{"name": "id", "type": "uuid"}, {"name": "sender_id", "type": "uuid"}, {"name": "receiver_id", "type": "uuid"}, {"name": "content", "type": "text"}, {"name": "is_read", "type": "bool"}, {"name": "created_at", "type": "timestamptz"}],"errors":null,"schema":"public","commit_timestamp":"2025-12-18T16:13:15.927Z","old_record":{"id": "0f80eedb-a86c-4b6a-94c6-2a29ffed856f"}},"ids":[102443684]},"topic":"realtime:direct_messages"}
📨 Received: {"ref":null,"event":"postgres_changes","payload":{"data":{"table":"direct_messages","type":"UPDATE","record":{"id": "1fb309c0-a03f-4b04-8531-acf0f993ad17", "content": "", "is_read": true, "sender_id": "96e01cdb-36c0-4228-a6e4-a29a3c66bc8e", "created_at": "2025-12-13T01:12:46.444971+00:00", "receiver_id": "656daa91-33b4-4688-9135-c982ea52d7c9"},"columns":[{"name": "id", "type": "uuid"}, {"name": "sender_id", "type": "uuid"}, {"name": "receiver_id", "type": "uuid"}, {"name": "content", "type": "text"}, {"name": "is_read", "type": "bool"}, {"name": "created_at", "type": "timestamptz"}],"errors":null,"schema":"public","commit_timestamp":"2025-12-18T16:13:15.927Z","old_record":{"id": "1fb309c0-a03f-4b04-8531-acf0f993ad17"}},"ids":[102443684]},"topic":"realtime:direct_messages"}
📨 Received: {"ref":null,"event":"postgres_changes","payload":{"data":{"table":"direct_messages","type":"UPDATE","record":{"id": "794e3eb1-772e-4294-bb3b-bae0479bf54b", "content": "", "is_read": true, "sender_id": "96e01cdb-36c0-4228-a6e4-a29a3c66bc8e", "created_at": "2025-12-13T00:54:13.505246+00:00", "receiver_id": "656daa91-33b4-4688-9135-c982ea52d7c9"},"columns":[{"name": "id", "type": "uuid"}, {"name": "sender_id", "type": "uuid"}, {"name": "receiver_id", "type": "uuid"}, {"name": "content", "type": "text"}, {"name": "is_read", "type": "bool"}, {"name": "created_at", "type": "timestamptz"}],"errors":null,"schema":"public","commit_timestamp":"2025-12-18T16:13:15.927Z","old_record":{"id": "794e3eb1-772e-4294-bb3b-bae0479bf54b"}},"ids":[102443684]},"topic":"realtime:direct_messages"}
📨 Received: {"ref":null,"event":"postgres_changes","payload":{"data":{"table":"direct_messages","type":"UPDATE","record":{"id": "e28feec3-3f5c-45a2-9c06-e12f86d6576f", "content": "", "is_read": true, "sender_id": "96e01cdb-36c0-4228-a6e4-a29a3c66bc8e", "created_at": "2025-12-13T01:00:47.911359+00:00", "receiver_id": "656daa91-33b4-4688-9135-c982ea52d7c9"},"columns":[{"name": "id", "type": "uuid"}, {"name": "sender_id", "type": "uuid"}, {"name": "receiver_id", "type": "uuid"}, {"name": "content", "type": "text"}, {"name": "is_read", "type": "bool"}, {"name": "created_at", "type": "timestamptz"}],"errors":null,"schema":"public","commit_timestamp":"2025-12-18T16:13:15.927Z","old_record":{"id": "e28feec3-3f5c-45a2-9c06-e12f86d6576f"}},"ids":[102443684]},"topic":"realtime:direct_messages"}
📨 Received: {"ref":null,"event":"postgres_changes","payload":{"data":{"table":"direct_messages","type":"UPDATE","record":{"id": "68984362-662c-4936-94bc-731632ea9711", "content": "wake up", "is_read": true, "sender_id": "96e01cdb-36c0-4228-a6e4-a29a3c66bc8e", "created_at": "2025-12-14T03:38:50.239247+00:00", "receiver_id": "656daa91-33b4-4688-9135-c982ea52d7c9"},"columns":[{"name": "id", "type": "uuid"}, {"name": "sender_id", "type": "uuid"}, {"name": "receiver_id", "type": "uuid"}, {"name": "content", "type": "text"}, {"name": "is_read", "type": "bool"}, {"name": "created_at", "type": "timestamptz"}],"errors":null,"schema":"public","commit_timestamp":"2025-12-18T16:13:15.927Z","old_record":{"id": "68984362-662c-4936-94bc-731632ea9711"}},"ids":[102443684]},"topic":"realtime:direct_messages"}
📨 Received: {"ref":null,"event":"postgres_changes","payload":{"data":{"table":"direct_messages","type":"UPDATE","record":{"id": "b34fc93a-2e2c-4c9d-82d3-d3a2fe78ca03", "content": "🍿🍿🍿🍿", "is_read": true, "sender_id": "96e01cdb-36c0-4228-a6e4-a29a3c66bc8e", "created_at": "2025-12-13T01:19:33.416325+00:00", "receiver_id": "656daa91-33b4-4688-9135-c982ea52d7c9"},"columns":[{"name": "id", "type": "uuid"}, {"name": "sender_id", "type": "uuid"}, {"name": "receiver_id", "type": "uuid"}, {"name": "content", "type": "text"}, {"name": "is_read", "type": "bool"}, {"name": "created_at", "type": "timestamptz"}],"errors":null,"schema":"public","commit_timestamp":"2025-12-18T16:13:15.927Z","old_record":{"id": "b34fc93a-2e2c-4c9d-82d3-d3a2fe78ca03"}},"ids":[102443684]},"topic":"realtime:direct_messages"}
📨 Received: {"ref":null,"event":"postgres_changes","payload":{"data":{"table":"direct_messages","type":"UPDATE","record":{"id": "d74d760f-8af7-4a70-82f8-f6f84e7ad4b7", "content": "hi", "is_read": true, "sender_id": "96e01cdb-36c0-4228-a6e4-a29a3c66bc8e", "created_at": "2025-12-14T00:51:46.045601+00:00", "receiver_id": "656daa91-33b4-4688-9135-c982ea52d7c9"},"columns":[{"name": "id", "type": "uuid"}, {"name": "sender_id", "type": "uuid"}, {"name": "receiver_id", "type": "uuid"}, {"name": "content", "type": "text"}, {"name": "is_read", "type": "bool"}, {"name": "created_at", "type": "timestamptz"}],"errors":null,"schema":"public","commit_timestamp":"2025-12-18T16:13:15.927Z","old_record":{"id": "d74d760f-8af7-4a70-82f8-f6f84e7ad4b7"}},"ids":[102443684]},"topic":"realtime:direct_messages"}
📨 Received: {"ref":null,"event":"postgres_changes","payload":{"data":{"table":"direct_messages","type":"UPDATE","record":{"id": "67ca8369-43cb-4e90-9b29-a65c0f332e21", "content": "", "is_read": true, "sender_id": "96e01cdb-36c0-4228-a6e4-a29a3c66bc8e", "created_at": "2025-12-13T00:57:16.956906+00:00", "receiver_id": "656daa91-33b4-4688-9135-c982ea52d7c9"},"columns":[{"name": "id", "type": "uuid"}, {"name": "sender_id", "type": "uuid"}, {"name": "receiver_id", "type": "uuid"}, {"name": "content", "type": "text"}, {"name": "is_read", "type": "bool"}, {"name": "created_at", "type": "timestamptz"}],"errors":null,"schema":"public","commit_timestamp":"2025-12-18T16:13:15.927Z","old_record":{"id": "67ca8369-43cb-4e90-9b29-a65c0f332e21"}},"ids":[102443684]},"topic":"realtime:direct_messages"}
📨 Received: {"ref":null,"event":"postgres_changes","payload":{"data":{"table":"direct_messages","type":"UPDATE","record":{"id": "d4a3961a-1605-4e68-b2f1-f05513e32a27", "content": "", "is_read": true, "sender_id": "96e01cdb-36c0-4228-a6e4-a29a3c66bc8e", "created_at": "2025-12-13T00:57:25.70842+00:00", "receiver_id": "656daa91-33b4-4688-9135-c982ea52d7c9"},"columns":[{"name": "id", "type": "uuid"}, {"name": "sender_id", "type": "uuid"}, {"name": "receiver_id", "type": "uuid"}, {"name": "content", "type": "text"}, {"name": "is_read", "type": "bool"}, {"name": "created_at", "type": "timestamptz"}],"errors":null,"schema":"public","commit_timestamp":"2025-12-18T16:13:15.927Z","old_record":{"id": "d4a3961a-1605-4e68-b2f1-f05513e32a27"}},"ids":[102443684]},"topic":"realtime:direct_messages"}
📨 Received: {"ref":null,"event":"postgres_changes","payload":{"data":{"table":"direct_messages","type":"UPDATE","record":{"id": "ed0e8529-effd-426f-880c-513e4f642e2a", "content": "😂😂😂😂", "is_read": true, "sender_id": "96e01cdb-36c0-4228-a6e4-a29a3c66bc8e", "created_at": "2025-12-13T01:27:05.003029+00:00", "receiver_id": "656daa91-33b4-4688-9135-c982ea52d7c9"},"columns":[{"name": "id", "type": "uuid"}, {"name": "sender_id", "type": "uuid"}, {"name": "receiver_id", "type": "uuid"}, {"name": "content", "type": "text"}, {"name": "is_read", "type": "bool"}, {"name": "created_at", "type": "timestamptz"}],"errors":null,"schema":"public","commit_timestamp":"2025-12-18T16:13:15.927Z","old_record":{"id": "ed0e8529-effd-426f-880c-513e4f642e2a"}},"ids":[102443684]},"topic":"realtime:direct_messages"}
📨 Received: {"ref":null,"event":"postgres_changes","payload":{"data":{"table":"direct_messages","type":"UPDATE","record":{"id": "9b09dbaa-d492-4430-bf70-c6e40685817a", "content": "hey", "is_read": true, "sender_id": "96e01cdb-36c0-4228-a6e4-a29a3c66bc8e", "created_at": "2025-12-12T20:06:42.396607+00:00", "receiver_id": "656daa91-33b4-4688-9135-c982ea52d7c9"},"columns":[{"name": "id", "type": "uuid"}, {"name": "sender_id", "type": "uuid"}, {"name": "receiver_id", "type": "uuid"}, {"name": "content", "type": "text"}, {"name": "is_read", "type": "bool"}, {"name": "created_at", "type": "timestamptz"}],"errors":null,"schema":"public","commit_timestamp":"2025-12-18T16:13:15.927Z","old_record":{"id": "9b09dbaa-d492-4430-bf70-c6e40685817a"}},"ids":[102443684]},"topic":"realtime:direct_messages"}
📨 Received: {"ref":null,"event":"postgres_changes","payload":{"data":{"table":"direct_messages","type":"UPDATE","record":{"id": "058f39e9-00bc-45b6-b357-46a614f9b7b5", "content": "😎😎😎😎", "is_read": true, "sender_id": "96e01cdb-36c0-4228-a6e4-a29a3c66bc8e", "created_at": "2025-12-13T04:13:00.503636+00:00", "receiver_id": "656daa91-33b4-4688-9135-c982ea52d7c9"},"columns":[{"name": "id", "type": "uuid"}, {"name": "sender_id", "type": "uuid"}, {"name": "receiver_id", "type": "uuid"}, {"name": "content", "type": "text"}, {"name": "is_read", "type": "bool"}, {"name": "created_at", "type": "timestamptz"}],"errors":null,"schema":"public","commit_timestamp":"2025-12-18T16:13:15.927Z","old_record":{"id": "058f39e9-00bc-45b6-b357-46a614f9b7b5"}},"ids":[102443684]},"topic":"realtime:direct_messages"}
📨 Received: {"ref":null,"event":"postgres_changes","payload":{"data":{"table":"direct_messages","type":"UPDATE","record":{"id": "e09e5ddb-2cca-45c0-b789-88ed97ff8c62", "content": "💯💯💯💯💯💯", "is_read": true, "sender_id": "96e01cdb-36c0-4228-a6e4-a29a3c66bc8e", "created_at": "2025-12-13T04:13:31.230723+00:00", "receiver_id": "656daa91-33b4-4688-9135-c982ea52d7c9"},"columns":[{"name": "id", "type": "uuid"}, {"name": "sender_id", "type": "uuid"}, {"name": "receiver_id", "type": "uuid"}, {"name": "content", "type": "text"}, {"name": "is_read", "type": "bool"}, {"name": "created_at", "type": "timestamptz"}],"errors":null,"schema":"public","commit_timestamp":"2025-12-18T16:13:15.927Z","old_record":{"id": "e09e5ddb-2cca-45c0-b789-88ed97ff8c62"}},"ids":[102443684]},"topic":"realtime:direct_messages"}
📨 Received: {"ref":null,"event":"postgres_changes","payload":{"data":{"table":"direct_messages","type":"UPDATE","record":{"id": "26b5e968-0e28-4d3a-ade4-74f2b7fae461", "content": "😱😱😱😱", "is_read": true, "sender_id": "96e01cdb-36c0-4228-a6e4-a29a3c66bc8e", "created_at": "2025-12-13T04:13:12.070272+00:00", "receiver_id": "656daa91-33b4-4688-9135-c982ea52d7c9"},"columns":[{"name": "id", "type": "uuid"}, {"name": "sender_id", "type": "uuid"}, {"name": "receiver_id", "type": "uuid"}, {"name": "content", "type": "text"}, {"name": "is_read", "type": "bool"}, {"name": "created_at", "type": "timestamptz"}],"errors":null,"schema":"public","commit_timestamp":"2025-12-18T16:13:15.927Z","old_record":{"id": "26b5e968-0e28-4d3a-ade4-74f2b7fae461"}},"ids":[102443684]},"topic":"realtime:direct_messages"}
📨 Received: {"ref":null,"event":"postgres_changes","payload":{"data":{"table":"direct_messages","type":"UPDATE","record":{"id": "74cc5e56-7cd3-4d13-9401-40834361cfc5", "content": "hi", "is_read": true, "sender_id": "96e01cdb-36c0-4228-a6e4-a29a3c66bc8e", "created_at": "2025-12-12T20:45:06.518024+00:00", "receiver_id": "656daa91-33b4-4688-9135-c982ea52d7c9"},"columns":[{"name": "id", "type": "uuid"}, {"name": "sender_id", "type": "uuid"}, {"name": "receiver_id", "type": "uuid"}, {"name": "content", "type": "text"}, {"name": "is_read", "type": "bool"}, {"name": "created_at", "type": "timestamptz"}],"errors":null,"schema":"public","commit_timestamp":"2025-12-18T16:13:15.927Z","old_record":{"id": "74cc5e56-7cd3-4d13-9401-40834361cfc5"}},"ids":[102443684]},"topic":"realtime:direct_messages"}
📨 Received: {"ref":null,"event":"postgres_changes","payload":{"data":{"table":"direct_messages","type":"UPDATE","record":{"id": "7993d5d9-d23e-44b5-a647-0875214289d4", "content": "hello", "is_read": true, "sender_id": "96e01cdb-36c0-4228-a6e4-a29a3c66bc8e", "created_at": "2025-12-12T20:47:06.941749+00:00", "receiver_id": "656daa91-33b4-4688-9135-c982ea52d7c9"},"columns":[{"name": "id", "type": "uuid"}, {"name": "sender_id", "type": "uuid"}, {"name": "receiver_id", "type": "uuid"}, {"name": "content", "type": "text"}, {"name": "is_read", "type": "bool"}, {"name": "created_at", "type": "timestamptz"}],"errors":null,"schema":"public","commit_timestamp":"2025-12-18T16:13:15.927Z","old_record":{"id": "7993d5d9-d23e-44b5-a647-0875214289d4"}},"ids":[102443684]},"topic":"realtime:direct_messages"}
📨 Received: {"ref":null,"event":"postgres_changes","payload":{"data":{"table":"direct_messages","type":"UPDATE","record":{"id": "ea3805be-56cb-4a72-89e6-f1edda108d52", "content": "ola", "is_read": true, "sender_id": "96e01cdb-36c0-4228-a6e4-a29a3c66bc8e", "created_at": "2025-12-12T20:52:00.643772+00:00", "receiver_id": "656daa91-33b4-4688-9135-c982ea52d7c9"},"columns":[{"name": "id", "type": "uuid"}, {"name": "sender_id", "type": "uuid"}, {"name": "receiver_id", "type": "uuid"}, {"name": "content", "type": "text"}, {"name": "is_read", "type": "bool"}, {"name": "created_at", "type": "timestamptz"}],"errors":null,"schema":"public","commit_timestamp":"2025-12-18T16:13:15.927Z","old_record":{"id": "ea3805be-56cb-4a72-89e6-f1edda108d52"}},"ids":[102443684]},"topic":"realtime:direct_messages"}
📨 Received: {"ref":null,"event":"postgres_changes","payload":{"data":{"table":"direct_messages","type":"UPDATE","record":{"id": "5f43f39e-77ef-4875-a2f7-0a5cce7425ac", "content": "wake up", "is_read": true, "sender_id": "96e01cdb-36c0-4228-a6e4-a29a3c66bc8e", "created_at": "2025-12-12T20:52:04.765869+00:00", "receiver_id": "656daa91-33b4-4688-9135-c982ea52d7c9"},"columns":[{"name": "id", "type": "uuid"}, {"name": "sender_id", "type": "uuid"}, {"name": "receiver_id", "type": "uuid"}, {"name": "content", "type": "text"}, {"name": "is_read", "type": "bool"}, {"name": "created_at", "type": "timestamptz"}],"errors":null,"schema":"public","commit_timestamp":"2025-12-18T16:13:15.927Z","old_record":{"id": "5f43f39e-77ef-4875-a2f7-0a5cce7425ac"}},"ids":[102443684]},"topic":"realtime:direct_messages"}
📨 Received: {"ref":null,"event":"postgres_changes","payload":{"data":{"table":"direct_messages","type":"UPDATE","record":{"id": "1699735a-648e-4804-b6bc-435169f9ebe9", "content": "hi", "is_read": true, "sender_id": "96e01cdb-36c0-4228-a6e4-a29a3c66bc8e", "created_at": "2025-12-12T20:52:54.751131+00:00", "receiver_id": "656daa91-33b4-4688-9135-c982ea52d7c9"},"columns":[{"name": "id", "type": "uuid"}, {"name": "sender_id", "type": "uuid"}, {"name": "receiver_id", "type": "uuid"}, {"name": "content", "type": "text"}, {"name": "is_read", "type": "bool"}, {"name": "created_at", "type": "ti2025-12-18 11:13:21.542 RedLemon[3216:26410] 🚪 Joining room: event_tt0126029
mestamptz"}],"errors":null,"schema":"public","commit_timestamp":"2025-12-18T16:13:15.927Z","old_record":{"id": "1699735a-648e-4804-b6bc-435169f9ebe9"}},"ids":[102443684]},"topic":"realtime:direct_messages"}
📨 Received: {"ref":null,"event":"postgres_changes","payload":{"data":{"table":"direct_messages","type":"UPDATE","record":{"id": "8776774b-a6ca-41f2-b915-13bdcb45e7bf", "content": "hi", "is_read": true, "sender_id": "96e01cdb-36c0-4228-a6e4-a29a3c66bc8e", "created_at": "2025-12-15T18:41:00.986745+00:00", "receiver_id": "656daa91-33b4-4688-9135-c982ea52d7c9"},"columns":[{"name": "id", "type": "uuid"}, {"name": "sender_id", "type": "uuid"}, {"name": "receiver_id", "type": "uuid"}, {"name": "content", "type": "text"}, {"name": "is_read", "type": "bool"}, {"name": "created_at", "type": "timestamptz"}],"errors":null,"schema":"public","commit_timestamp":"2025-12-18T16:13:15.927Z","old_record":{"id": "8776774b-a6ca-41f2-b915-13bdcb45e7bf"}},"ids":[102443684]},"topic":"realtime:direct_messages"}
📨 Received: {"ref":null,"event":"postgres_changes","payload":{"data":{"table":"direct_messages","type":"UPDATE","record":{"id": "9b8c2458-f116-4fcd-8de0-dfac5a7c7419", "content": "wake up", "is_read": true, "sender_id": "96e01cdb-36c0-4228-a6e4-a29a3c66bc8e", "created_at": "2025-12-13T20:08:29.062504+00:00", "receiver_id": "656daa91-33b4-4688-9135-c982ea52d7c9"},"columns":[{"name": "id", "type": "uuid"}, {"name": "sender_id", "type": "uuid"}, {"name": "receiver_id", "type": "uuid"}, {"name": "content", "type": "text"}, {"name": "is_read", "type": "bool"}, {"name": "created_at", "type": "timestamptz"}],"errors":null,"schema":"public","commit_timestamp":"2025-12-18T16:13:15.927Z","old_record":{"id": "9b8c2458-f116-4fcd-8de0-dfac5a7c7419"}},"ids":[102443684]},"topic":"realtime:direct_messages"}
📨 Received: {"ref":null,"event":"postgres_changes","payload":{"data":{"table":"direct_messages","type":"UPDATE","record":{"id": "9751cb1e-37b2-48c0-855c-8a8602e7a287", "content": "testing", "is_read": true, "sender_id": "96e01cdb-36c0-4228-a6e4-a29a3c66bc8e", "created_at": "2025-12-12T21:22:03.707117+00:00", "receiver_id": "656daa91-33b4-4688-9135-c982ea52d7c9"},"columns":[{"name": "id", "type": "uuid"}, {"name": "sender_id", "type": "uuid"}, {"name": "receiver_id", "type": "uuid"}, {"name": "content", "type": "text"}, {"name": "is_read", "type": "bool"}, {"name": "created_at", "type": "timestamptz"}],"errors":null,"schema":"public","commit_timestamp":"2025-12-18T16:13:15.927Z","old_record":{"id": "9751cb1e-37b2-48c0-855c-8a8602e7a287"}},"ids":[102443684]},"topic":"realtime:direct_messages"}
📨 Received: {"ref":null,"event":"postgres_changes","payload":{"data":{"table":"direct_messages","type":"UPDATE","record":{"id": "bf680b1a-8c6b-4607-bf8b-08f994692276", "content": "hi", "is_read": true, "sender_id": "96e01cdb-36c0-4228-a6e4-a29a3c66bc8e", "created_at": "2025-12-17T06:14:31.600765+00:00", "receiver_id": "656daa91-33b4-4688-9135-c982ea52d7c9"},"columns":[{"name": "id", "type": "uuid"}, {"name": "sender_id", "type": "uuid"}, {"name": "receiver_id", "type": "uuid"}, {"name": "content", "type": "text"}, {"name": "is_read", "type": "bool"}, {"name": "created_at", "type": "timestamptz"}],"errors":null,"schema":"public","commit_timestamp":"2025-12-18T16:13:15.927Z","old_record":{"id": "bf680b1a-8c6b-4607-bf8b-08f994692276"}},"ids":[102443684]},"topic":"realtime:direct_messages"}
📨 Received: {"ref":null,"event":"postgres_changes","payload":{"data":{"table":"direct_messages","type":"UPDATE","record":{"id": "dbb7a6f7-8dd0-4bc5-a7ed-828a8a39604b", "content": "hello", "is_read": true, "sender_id": "96e01cdb-36c0-4228-a6e4-a29a3c66bc8e", "created_at": "2025-12-12T21:22:09.786238+00:00", "receiver_id": "656daa91-33b4-4688-9135-c982ea52d7c9"},"columns":[{"name": "id", "type": "uuid"}, {"name": "sender_id", "type": "uuid"}, {"name": "receiver_id", "type": "uuid"}, {"name": "content", "type": "text"}, {"name": "is_read", "type": "bool"}, {"name": "created_at", "type": "timestamptz"}],"errors":null,"schema":"public","commit_timestamp":"2025-12-18T16:13:15.927Z","old_record":{"id": "dbb7a6f7-8dd0-4bc5-a7ed-828a8a39604b"}},"ids":[102443684]},"topic":"realtime:direct_messages"}
📨 Received: {"ref":null,"event":"postgres_changes","payload":{"data":{"table":"direct_messages","type":"UPDATE","record":{"id": "50f43c62-2850-43ec-a1e8-54ebe0500210", "content": "yes", "is_read": true, "sender_id": "96e01cdb-36c0-4228-a6e4-a29a3c66bc8e", "created_at": "2025-12-14T00:53:15.170561+00:00", "receiver_id": "656daa91-33b4-4688-9135-c982ea52d7c9"},"columns":[{"name": "id", "type": "uuid"}, {"name": "sender_id", "type": "uuid"}, {"name": "receiver_id", "type": "uuid"}, {"name": "content", "type": "text"}, {"name": "is_read", "type": "bool"}, {"name": "created_at", "type": "timestamptz"}],"errors":null,"schema":"public","commit_timestamp":"2025-12-18T16:13:15.927Z","old_record":{"id": "50f43c62-2850-43ec-a1e8-54ebe0500210"}},"ids":[102443684]},"topic":"realtime:direct_messages"}
📨 Received: {"ref":null,"event":"postgres_changes","payload":{"data":{"table":"direct_messages","type":"UPDATE","record":{"id": "c756bb5d-96d4-4102-a006-3ca8eff8a0bf", "content": "hiii", "is_read": true, "sender_id": "96e01cdb-36c0-4228-a6e4-a29a3c66bc8e", "created_at": "2025-12-13T21:18:46.624969+00:00", "receiver_id": "656daa91-33b4-4688-9135-c982ea52d7c9"},"columns":[{"name": "id", "type": "uuid"}, {"name": "sender_id", "type": "uuid"}, {"name": "receiver_id", "type": "uuid"}, {"name": "content", "type": "text"}, {"name": "is_read", "type": "bool"}, {"name": "created_at", "type": "timestamptz"}],"errors":null,"schema":"public","commit_timestamp":"2025-12-18T16:13:15.927Z","old_record":{"id": "c756bb5d-96d4-4102-a006-3ca8eff8a0bf"}},"ids":[102443684]},"topic":"realtime:direct_messages"}
📨 Received: {"ref":null,"event":"postgres_changes","payload":{"data":{"table":"direct_messages","type":"UPDATE","record":{"id": "9692c65d-86d0-475c-8b0e-025f25213e9f", "content": "good", "is_read": true, "sender_id": "96e01cdb-36c0-4228-a6e4-a29a3c66bc8e", "created_at": "2025-12-12T21:27:48.518086+00:00", "receiver_id": "656daa91-33b4-4688-9135-c982ea52d7c9"},"columns":[{"name": "id", "type": "uuid"}, {"name": "sender_id", "type": "uuid"}, {"name": "receiver_id", "type": "uuid"}, {"name": "content", "type": "text"}, {"name": "is_read", "type": "bool"}, {"name": "created_at", "type": "timestamptz"}],"errors":null,"schema":"public","commit_timestamp":"2025-12-18T16:13:15.927Z","old_record":{"id": "9692c65d-86d0-475c-8b0e-025f25213e9f"}},"ids":[102443684]},"topic":"realtime:direct_messages"}
📨 Received: {"ref":null,"event":"postgres_changes","payload":{"data":{"table":"direct_messages","type":"UPDATE","record":{"id": "a5fce6c4-bb54-43d5-a28f-37d02df890b5", "content": "", "is_read": true, "sender_id": "96e01cdb-36c0-4228-a6e4-a29a3c66bc8e", "created_at": "2025-12-13T01:04:53.770468+00:00", "receiver_id": "656daa91-33b4-4688-9135-c982ea52d7c9"},"columns":[{"name": "id", "type": "uuid"}, {"name": "sender_id", "type": "uuid"}, {"name": "receiver_id", "type": "uuid"}, {"name": "content", "type": "text"}, {"name": "is_read", "type": "bool"}, {"name": "created_at", "type": "timestamptz"}],"errors":null,"schema":"public","commit_timestamp":"2025-12-18T16:13:15.927Z","old_record":{"id": "a5fce6c4-bb54-43d5-a28f-37d02df890b5"}},"ids":[102443684]},"topic":"realtime:direct_messages"}
📨 Received: {"ref":null,"event":"postgres_changes","payload":{"data":{"table":"direct_messages","type":"UPDATE","record":{"id": "42fd2815-8941-4b15-a2ed-80a7347d34ee", "content": "hey", "is_read": true, "sender_id": "96e01cdb-36c0-4228-a6e4-a29a3c66bc8e", "created_at": "2025-12-13T01:23:23.61003+00:00", "receiver_id": "656daa91-33b4-4688-9135-c982ea52d7c9"},"columns":[{"name": "id", "type": "uuid"}, {"name": "sender_id", "type": "uuid"}, {"name": "receiver_id", "type": "uuid"}, {"name": "content", "type": "text"}, {"name": "is_read", "type": "bool"}, {"name": "created_at", "type": "timestamptz"}],"errors":null,"schema":"public","commit_timestamp":"2025-12-18T16:13:15.927Z","old_record":{"id": "42fd2815-8941-4b15-a2ed-80a7347d34ee"}},"ids":[102443684]},"topic":"realtime:direct_messages"}
📨 Received: {"ref":null,"event":"postgres_changes","payload":{"data":{"table":"direct_messages","type":"UPDATE","record":{"id": "de20e9b6-feba-4167-8be1-27f4a63230cc", "content": "hi", "is_read": true, "sender_id": "96e01cdb-36c0-4228-a6e4-a29a3c66bc8e", "created_at": "2025-12-13T20:00:54.574798+00:00", "receiver_id": "656daa91-33b4-4688-9135-c982ea52d7c9"},"columns":[{"name": "id", "type": "uuid"}, {"name": "sender_id", "type": "uuid"}, {"name": "receiver_id", "type": "uuid"}, {"name": "content", "type": "text"}, {"name": "is_read", "type": "bool"}, {"name": "created_at", "type": "timestamptz"}],"errors":null,"schema":"public","commit_timestamp":"2025-12-18T16:13:15.927Z","old_record":{"id": "de20e9b6-feba-4167-8be1-27f4a63230cc"}},"ids":[102443684]},"topic":"realtime:direct_messages"}
📨 Received: {"ref":null,"event":"postgres_changes","payload":{"data":{"table":"direct_messages","type":"UPDATE","record":{"id": "41d443e2-d861-4a8d-9f8a-bfe31a36b6ef", "content": "🤔🤔🤔", "is_read": true, "sender_id": "96e01cdb-36c0-4228-a6e4-a29a3c66bc8e", "created_at": "2025-12-13T01:19:30.956224+00:00", "receiver_id": "656daa91-33b4-4688-9135-c982ea52d7c9"},"columns":[{"name": "id", "type": "uuid"}, {"name": "sender_id", "type": "uuid"}, {"name": "receiver_id", "type": "uuid"}, {"name": "content", "type": "text"}, {"name": "is_read", "type": "bool"}, {"name": "created_at", "type": "timestamptz"}],"errors":null,"schema":"public","commit_timestamp":"2025-12-18T16:13:15.927Z","old_record":{"id": "41d443e2-d861-4a8d-9f8a-bfe31a36b6ef"}},"ids":[102443684]},"topic":"realtime:direct_messages"}
📨 Received: {"ref":null,"event":"postgres_changes","payload":{"data":{"table":"direct_messages","type":"UPDATE","record":{"id": "5b79e1d8-8712-4ef2-9800-76be5240417b", "content": "sure", "is_read": true, "sender_id": "96e01cdb-36c0-4228-a6e4-a29a3c66bc8e", "created_at": "2025-12-13T18:03:16.649677+00:00", "receiver_id": "656daa91-33b4-4688-9135-c982ea52d7c9"},"columns":[{"name": "id", "type": "uuid"}, {"name": "sender_id", "type": "uuid"}, {"name": "receiver_id", "type": "uuid"}, {"name": "content", "type": "text"}, {"name": "is_read", "type": "bool"}, {"name": "created_at", "type": "timestamptz"}],"errors":null,"schema":"public","commit_timestamp":"2025-12-18T16:13:15.927Z","old_record":{"id": "5b79e1d8-8712-4ef2-9800-76be5240417b"}},"ids":[102443684]},"topic":"realtime:direct_messages"}
📨 Received: {"ref":null,"event":"postgres_changes","payload":{"data":{"table":"direct_messages","type":"UPDATE","record":{"id": "822f3fd0-517c-4a7c-8de7-994287b84ac5", "content": "🎬🎬🎬🎬🎬", "is_read": true, "sender_id": "96e01cdb-36c0-4228-a6e4-a29a3c66bc8e", "created_at": "2025-12-13T04:13:27.644686+00:00", "receiver_id": "656daa91-33b4-4688-9135-c982ea52d7c9"},"columns":[{"name": "id", "type": "uuid"}, {"name": "sender_id", "type": "uuid"}, {"name": "receiver_id", "type": "uuid"}, {"name": "content", "type": "text"}, {"name": "is_read", "type": "bool"}, {"name": "created_at", "type": "timestamptz"}],"errors":null,"schema":"public","commit_timestamp":"2025-12-18T16:13:15.927Z","old_record":{"id": "822f3fd0-517c-4a7c-8de7-994287b84ac5"}},"ids":[102443684]},"topic":"realtime:direct_messages"}
📨 Received: {"ref":null,"event":"postgres_changes","payload":{"data":{"table":"direct_messages","type":"UPDATE","record":{"id": "20ed5c61-0ae3-4718-a826-0d5b4243aef7", "content": "❤️❤️❤️❤️❤️❤️", "is_read": true, "sender_id": "96e01cdb-36c0-4228-a6e4-a29a3c66bc8e", "created_at": "2025-12-13T04:13:05.02741+00:00", "receiver_id": "656daa91-33b4-4688-9135-c982ea52d7c9"},"columns":[{"name": "id", "type": "uuid"}, {"name": "sender_id", "type": "uuid"}, {"name": "receiver_id", "type": "uuid"}, {"name": "content", "type": "text"}, {"name": "is_read", "type": "bool"}, {"name": "created_at", "type": "timestamptz"}],"errors":null,"schema":"public","commit_timestamp":"2025-12-18T16:13:15.927Z","old_record":{"id": "20ed5c61-0ae3-4718-a826-0d5b4243aef7"}},"ids":[102443684]},"topic":"realtime:direct_messages"}
📨 Received: {"ref":null,"event":"postgres_changes","payload":{"data":{"table":"direct_messages","type":"UPDATE","record":{"id": "9688fd87-3886-48d8-b0af-c71af74ef022", "content": "hey", "is_read": true, "sender_id": "96e01cdb-36c0-4228-a6e4-a29a3c66bc8e", "created_at": "2025-12-13T20:54:03.751326+00:00", "receiver_id": "656daa91-33b4-4688-9135-c982ea52d7c9"},"columns":[{"name": "id", "type": "uuid"}, {"name": "sender_id", "type": "uuid"}, {"name": "receiver_id", "type": "uuid"}, {"name": "content", "type": "text"}, {"name": "is_read", "type": "bool"}, {"name": "created_at", "type": "timestamptz"}],"errors":null,"schema":"public","commit_timestamp":"2025-12-18T16:13:15.927Z","old_record":{"id": "9688fd87-3886-48d8-b0af-c71af74ef022"}},"ids":[102443684]},"topic":"realtime:direct_messages"}
📨 Received: {"ref":null,"event":"postgres_changes","payload":{"data":{"table":"direct_messages","type":"UPDATE","record":{"id": "67e8e53e-e87d-43dc-a0c5-b32c0ec2d632", "content": "", "is_read": true, "sender_id": "96e01cdb-36c0-4228-a6e4-a29a3c66bc8e", "created_at": "2025-12-13T00:57:36.184241+00:00", "receiver_id": "656daa91-33b4-4688-9135-c982ea52d7c9"},"columns":[{"name": "id", "type": "uuid"}, {"name": "sender_id", "type": "uuid"}, {"name": "receiver_id", "type": "uuid"}, {"name": "content", "type": "text"}, {"name": "is_read", "type": "bool"}, {"name": "created_at", "type": "timestamptz"}],"errors":null,"schema":"public","commit_timestamp":"2025-12-18T16:13:15.927Z","old_record":{"id": "67e8e53e-e87d-43dc-a0c5-b32c0ec2d632"}},"ids":[102443684]},"topic":"realtime:direct_messages"}
💓 Heartbeat sent
📨 Received: {"ref":"8","event":"phx_reply","payload":{"status":"ok","response":{}},"topic":"phoenix"}
📡 [EventsConfig] Checking server for movie_events config version...
✅ [EventsConfig] Fetched movie_events version 1356 with 448 movies
✅ [EventsConfig] Using cached movie_events config (version 1356, 448 movies)
📨 Received: {"ref":null,"event":"presence_diff","payload":{"joins":{"2f6fbdbc-dc2c-11f0-934a-0a58a9feac02":{"metas":[{"phx_ref":"GIJbTtpw-olcJV0K","phx_ref_prev":"GIJbS688S_ZcJWzJ","last_seen":"2025-12-18T16:13:17.967Z","status":"Browsing Events","user_id":"656daa91-33b4-4688-9135-c982ea52d7c9","username":"ursinho"}]}},"leaves":{"2f6fbdbc-dc2c-11f0-934a-0a58a9feac02":{"metas":[{"phx_ref":"GIJbS688S_ZcJWzJ","phx_ref_prev":"GIJbSlq6W8VcJayF","last_seen":"2025-12-18T16:13:04.363Z","status":"Browsing Events","user_id":"656daa91-33b4-4688-9135-c982ea52d7c9","username":"ursinho"}]}}},"topic":"realtime:global-presence"}
📨 Received: {"ref":"14","event":"phx_reply","payload":{"status":"ok","response":{}},"topic":"realtime:global-presence"}
💓 Heartbeat sent
📨 Received: {"ref":"15","event":"phx_reply","payload":{"status":"ok","response":{}},"topic":"phoenix"}
💓 Heartbeat sent
📨 Received: {"ref":"4","event":"phx_reply","payload":{"status":"ok","response":{}},"topic":"phoenix"}
🔍 Supabase Response for /rooms: [{"id":"event_tt0126029","name":"Shrek","host_user_id":"656daa91-33b4-4688-9135-c982ea52d7c9","host_username":"RedLemon Events","stream_hash":"8ee16e63bcc4fa9688c924e3607b60771a672ca9","imdb_id":"tt0126029","poster_url":"https://images.metahub.space/poster/small/tt0126029/img","backdrop_url":"https://images.metahub.space/background/medium/tt0126029/img","playback_position":0,"is_playing":false,"participants_count":2,"max_participants":50,"is_public":true,"created_at":"2025-12-18T15:53:41.227162","last_activity":"2025-12-18T16:10:39.142023","season":null,"episode":null,"selected_quality":null,"selected_file_idx":null,"unlocked_stream_url":"https://chi9-4.download.real-debrid.com/d/UO3TCCC2I6MRA43/Shrek.2001.720p.BluRay.H264.AAC-RARBG.mp4","description":null,"current_playlist_index":0,"playlist":[],"subtitle_url":"http://127.0.0.1:47253/subtitles/subdl/L3N1YnRpdGxlLzM0MjQ5MTEtODM0ODUwMy56aXA=?token=8E4D115B-B6A7-493E-B866-45E722543045"}]
❌ Supabase error (409): {"code":"23505","details":null,"hint":null,"message":"duplicate key value violates unique constraint \"room_participants_pkey\""}2025-12-18 11:13:21.779 RedLemon[3216:27266] ⚠️ SupabaseClient: User already in room (409), proceeding...
2025-12-18 11:13:22.035 RedLemon[3216:26410] 🎬 Room is playing (or is Event) - joining playback
2025-12-18 11:13:22.036 RedLemon[3216:26410] 🗓 Schedule Calc: Hall Pass | RuntimeStr: 105 min -> 105m | Duration: 6900.0s
2025-12-18 11:13:22.036 RedLemon[3216:26410] 🗓 Schedule Calc: Black Phone 2 | RuntimeStr: 114 min -> 114m | Duration: 7440.0s
2025-12-18 11:13:22.036 RedLemon[3216:26410] 🗓 Schedule Calc: It | RuntimeStr: 135 min -> 135m | Duration: 8700.0s
2025-12-18 11:13:22.036 RedLemon[3216:26410] 🗓 Schedule Calc: Pacific Rim | RuntimeStr: 131 min -> 131m | Duration: 8460.0s
2025-12-18 11:13:22.036 RedLemon[3216:26410] 🗓 Schedule Calc: Harry Potter and the Sorcerer's Stone | RuntimeStr: 152 min -> 152m | Duration: 9720.0s
2025-12-18 11:13:22.036 RedLemon[3216:26410] 🗓 Schedule Calc: Weapons | RuntimeStr: 129 min -> 129m | Duration: 8340.0s
2025-12-18 11:13:22.036 RedLemon[3216:26410] 🗓 Schedule Calc: Deadpool 2 | RuntimeStr: 120 min -> 120m | Duration: 7800.0s
2025-12-18 11:13:22.036 RedLemon[3216:26410] 🗓 Schedule Calc: Split | RuntimeStr: 117 min -> 117m | Duration: 7620.0s
2025-12-18 11:13:22.036 RedLemon[3216:26410] 🗓 Schedule Calc: Pirates of the Caribbean: The Curse of the Black Pearl | RuntimeStr: 143 min -> 143m | Duration: 9180.0s
2025-12-18 11:13:22.036 RedLemon[3216:26410] 🗓 Schedule Calc: The Expendables 4 | RuntimeStr: 103 min -> 103m | Duration: 6780.0s
2025-12-18 11:13:22.036 RedLemon[3216:26410] 🗓 Schedule Calc: It | RuntimeStr: 135 min -> 135m | Duration: 8700.0s
2025-12-18 11:13:22.036 RedLemon[3216:26410] 🗓 Schedule Calc: Captain America: Civil War | RuntimeStr: 147 min -> 147m | Duration: 9420.0s
2025-12-18 11:13:22.037 RedLemon[3216:26410] 🗓 Schedule Calc: Avengers: Age of Ultron | RuntimeStr: 141 min -> 141m | Duration: 9060.0s
2025-12-18 11:13:22.037 RedLemon[3216:26410] 🗓 Schedule Calc: Bugonia | RuntimeStr: 119 min -> 119m | Duration: 7740.0s
2025-12-18 11:13:22.037 RedLemon[3216:26410] 🗓 Schedule Calc: Doctor Strange in the Multiverse of Madness | RuntimeStr: 126 min -> 126m | Duration: 8160.0s
2025-12-18 11:13:22.037 RedLemon[3216:26410] 🗓 Schedule Calc: Anaconda | RuntimeStr: 84 min -> 84m | Duration: 5640.0s
2025-12-18 11:13:22.037 RedLemon[3216:26410] 🗓 Schedule Calc: Wild Hogs | RuntimeStr: 100 min -> 100m | Duration: 6600.0s
2025-12-18 11:13:22.037 RedLemon[3216:26410] 🗓 Schedule Calc: Kraven the Hunter | RuntimeStr: 127 min -> 127m | Duration: 8220.0s
2025-12-18 11:13:22.037 RedLemon[3216:26410] 🗓 Schedule Calc: Insidious | RuntimeStr: 102 min -> 102m | Duration: 6720.0s
2025-12-18 11:13:22.037 RedLemon[3216:26410] 🗓 Schedule Calc: Thor: Ragnarok | RuntimeStr: 131 min -> 131m | Duration: 8460.0s
2025-12-18 11:13:22.037 RedLemon[3216:26410] 🗓 Schedule Calc: Se7en | RuntimeStr: 127 min -> 127m | Duration: 8220.0s
2025-12-18 11:13:22.037 RedLemon[3216:26410] 🗓 Schedule Calc: xXx: Return of Xander Cage | RuntimeStr: 107 min -> 107m | Duration: 7020.0s
2025-12-18 11:13:22.037 RedLemon[3216:26410] 🗓 Schedule Calc: The Expendables 3 | RuntimeStr: 126 min -> 126m | Duration: 8160.0s
2025-12-18 11:13:22.037 RedLemon[3216:26410] 🗓 Schedule Calc: Indiana Jones and the Dial of Destiny | RuntimeStr: 155 min -> 155m | Duration: 9900.0s
2025-12-18 11:13:22.038 RedLemon[3216:26410] 🗓 Schedule Calc: Flubber | RuntimeStr: 93 min -> 93m | Duration: 6180.0s
2025-12-18 11:13:22.038 RedLemon[3216:26410] 🗓 Schedule Calc: The Simpsons Movie | RuntimeStr: 87 min -> 87m | Duration: 5820.0s
2025-12-18 11:13:22.038 RedLemon[3216:26410] 🗓 Schedule Calc: Black Water | RuntimeStr: 105 min -> 105m | Duration: 6900.0s
2025-12-18 11:13:22.038 RedLemon[3216:26410] 🗓 Schedule Calc: Shrek 5 | RuntimeStr: nil -> 120m | Duration: 7800.0s
2025-12-18 11:13:22.038 RedLemon[3216:26410] 🗓 Schedule Calc: Apocalypse Now | RuntimeStr: 147 min -> 147m | Duration: 9420.0s
2025-12-18 11:13:22.038 RedLemon[3216:26410] 🗓 Schedule Calc: Tron: Legacy | RuntimeStr: 126 min -> 126m | Duration: 8160.0s
2025-12-18 11:13:22.038 RedLemon[3216:26410] 🗓 Schedule Calc: White Chicks | RuntimeStr: 109 min -> 109m | Duration: 7140.0s
2025-12-18 11:13:22.038 RedLemon[3216:26410] 🗓 Schedule Calc: The Mummy Returns | RuntimeStr: 130 min -> 130m | Duration: 8400.0s
2025-12-18 11:13:22.038 RedLemon[3216:26410] 🗓 Schedule Calc: Cast Away | RuntimeStr: 143 min -> 143m | Duration: 9180.0s
2025-12-18 11:13:22.038 RedLemon[3216:26410] 🗓 Schedule Calc: The Sixth Sense | RuntimeStr: 107 min -> 107m | Duration: 7020.0s
2025-12-18 11:13:22.038 RedLemon[3216:26410] 🗓 Schedule Calc: Lucy | RuntimeStr: 89 min -> 89m | Duration: 5940.0s
2025-12-18 11:13:22.038 RedLemon[3216:26410] 🗓 Schedule Calc: Aliens | RuntimeStr: 137 min -> 137m | Duration: 8820.0s
2025-12-18 11:13:22.038 RedLemon[3216:26410] 🗓 Schedule Calc: The Hunger Games: The Ballad of Songbirds & Snakes | RuntimeStr: 157 min -> 157m | Duration: 10020.0s
2025-12-18 11:13:22.039 RedLemon[3216:26410] 🗓 Schedule Calc: Jurassic World: Fallen Kingdom | RuntimeStr: 129 min -> 129m | Duration: 8340.0s
2025-12-18 11:13:22.039 RedLemon[3216:26410] 🗓 Schedule Calc: Death Race | RuntimeStr: 105 min -> 105m | Duration: 6900.0s
2025-12-18 11:13:22.039 RedLemon[3216:26410] 🗓 Schedule Calc: Get Out | RuntimeStr: 104 min -> 104m | Duration: 6840.0s
2025-12-18 11:13:22.039 RedLemon[3216:26410] 🗓 Schedule Calc: Silent Hill | RuntimeStr: 125 min -> 125m | Duration: 8100.0s
2025-12-18 11:13:22.039 RedLemon[3216:26410] 🗓 Schedule Calc: Monsters, Inc. | RuntimeStr: 92 min -> 92m | Duration: 6120.0s
2025-12-18 11:13:22.039 RedLemon[3216:26410] 🗓 Schedule Calc: Bad Boys II | RuntimeStr: 146 min -> 146m | Duration: 9360.0s
2025-12-18 11:13:22.039 RedLemon[3216:26410] 🗓 Schedule Calc: The Conjuring 2 | RuntimeStr: 134 min -> 134m | Duration: 8640.0s
2025-12-18 11:13:22.039 RedLemon[3216:26410] 🗓 Schedule Calc: Nope | RuntimeStr: 130 min -> 130m | Duration: 8400.0s
2025-12-18 11:13:22.039 RedLemon[3216:26410] 🗓 Schedule Calc: Harry Potter and the Goblet of Fire | RuntimeStr: 157 min -> 157m | Duration: 10020.0s
2025-12-18 11:13:22.039 RedLemon[3216:26410] 🗓 Schedule Calc: Blind Fury | RuntimeStr: 86 min -> 86m | Duration: 5760.0s
2025-12-18 11:13:22.039 RedLemon[3216:26410] 🗓 Schedule Calc: Thor | RuntimeStr: 115 min -> 115m | Duration: 7500.0s
2025-12-18 11:13:22.039 RedLemon[3216:26410] 🗓 Schedule Calc: 28 Years Later | RuntimeStr: 115 min -> 115m | Duration: 7500.0s
2025-12-18 11:13:22.039 RedLemon[3216:26410] 🗓 Schedule Calc: Despicable Me | RuntimeStr: 95 min -> 95m | Duration: 6300.0s
2025-12-18 11:13:22.039 RedLemon[3216:26410] 🗓 Schedule Calc: Black Swan | RuntimeStr: 109 min -> 109m | Duration: 7140.0s
2025-12-18 11:13:22.040 RedLemon[3216:26410] 🗓 Schedule Calc: Iron Man 2 | RuntimeStr: 124 min -> 124m | Duration: 8040.0s
2025-12-18 11:13:22.040 RedLemon[3216:26410] 🗓 Schedule Calc: Bullet Train | RuntimeStr: 126 min -> 126m | Duration: 8160.0s
2025-12-18 11:13:22.040 RedLemon[3216:26410] 🗓 Schedule Calc: The Pacifier | RuntimeStr: 95 min -> 95m | Duration: 6300.0s
2025-12-18 11:13:22.040 RedLemon[3216:26410] 🗓 Schedule Calc: Avengers: Endgame | RuntimeStr: 181 min -> 181m | Duration: 11460.0s
2025-12-18 11:13:22.040 RedLemon[3216:26410] 🗓 Schedule Calc: Harry Potter and the Deathly Hallows: Part 2 | RuntimeStr: 130 min -> 130m | Duration: 8400.0s
2025-12-18 11:13:22.040 RedLemon[3216:26410] 🗓 Schedule Calc: Weapons | RuntimeStr: 129 min -> 129m | Duration: 8340.0s
2025-12-18 11:13:22.040 RedLemon[3216:26410] 🗓 Schedule Calc: Get Out | RuntimeStr: 104 min -> 104m | Duration: 6840.0s
2025-12-18 11:13:22.040 RedLemon[3216:26410] 🗓 Schedule Calc: Anaconda | RuntimeStr: nil -> 120m | Duration: 7800.0s
2025-12-18 11:13:22.040 RedLemon[3216:26410] 🗓 Schedule Calc: 300: Rise of an Empire | RuntimeStr: 102 min -> 102m | Duration: 6720.0s
2025-12-18 11:13:22.040 RedLemon[3216:26410] 🗓 Schedule Calc: V for Vendetta | RuntimeStr: 132 min -> 132m | Duration: 8520.0s
2025-12-18 11:13:22.040 RedLemon[3216:26410] 🗓 Schedule Calc: Shrek the Third | RuntimeStr: 93 min -> 93m | Duration: 6180.0s
2025-12-18 11:13:22.040 RedLemon[3216:26410] 🗓 Schedule Calc: The Mummy: Tomb of the Dragon Emperor | RuntimeStr: 112 min -> 112m | Duration: 7320.0s
2025-12-18 11:13:22.040 RedLemon[3216:26410] 🗓 Schedule Calc: Parasite | RuntimeStr: 133 min -> 133m | Duration: 8580.0s
2025-12-18 11:13:22.040 RedLemon[3216:26410] 🗓 Schedule Calc: Hereditary | RuntimeStr: 128 min -> 128m | Duration: 8280.0s
2025-12-18 11:13:22.040 RedLemon[3216:26410] 🗓 Schedule Calc: The Amazing Spider-Man 2 | RuntimeStr: 141 min -> 141m | Duration: 9060.0s
2025-12-18 11:13:22.041 RedLemon[3216:26410] 🗓 Schedule Calc: Monster | RuntimeStr: 125 min -> 125m | Duration: 8100.0s
2025-12-18 11:13:22.041 RedLemon[3216:26410] 🗓 Schedule Calc: It | RuntimeStr: 135 min -> 135m | Duration: 8700.0s
2025-12-18 11:13:22.041 RedLemon[3216:26410] 🗓 Schedule Calc: Apocalypto | RuntimeStr: 139 min -> 139m | Duration: 8940.0s
2025-12-18 11:13:22.041 RedLemon[3216:26410] 🗓 Schedule Calc: Face/Off | RuntimeStr: 139 min -> 139m | Duration: 8940.0s
2025-12-18 11:13:22.041 RedLemon[3216:26410] 🗓 Schedule Calc: Jurassic World: Rebirth | RuntimeStr: 134 min -> 134m | Duration: 8640.0s
2025-12-18 11:13:22.041 RedLemon[3216:26410] 🗓 Schedule Calc: Top Gun | RuntimeStr: 110 min -> 110m | Duration: 7200.0s
2025-12-18 11:13:22.041 RedLemon[3216:26410] 🗓 Schedule Calc: The Menu | RuntimeStr: 107 min -> 107m | Duration: 7020.0s
2025-12-18 11:13:22.041 RedLemon[3216:26410] 🗓 Schedule Calc: Terminator Salvation | RuntimeStr: 115 min -> 115m | Duration: 7500.0s
2025-12-18 11:13:22.041 RedLemon[3216:26410] 🗓 Schedule Calc: Scouts Guide to the Zombie Apocalypse | RuntimeStr: 93 min -> 93m | Duration: 6180.0s
2025-12-18 11:13:22.041 RedLemon[3216:26410] 🗓 Schedule Calc: Civil War | RuntimeStr: 109 min -> 109m | Duration: 7140.0s
2025-12-18 11:13:22.041 RedLemon[3216:26410] 🗓 Schedule Calc: American History X | RuntimeStr: 119 min -> 119m | Duration: 7740.0s
2025-12-18 11:13:22.041 RedLemon[3216:26410] 🗓 Schedule Calc: We're the Millers | RuntimeStr: 110 min -> 110m | Duration: 7200.0s
2025-12-18 11:13:22.041 RedLemon[3216:26410] 🗓 Schedule Calc: Renfield | RuntimeStr: 93 min -> 93m | Duration: 6180.0s
2025-12-18 11:13:22.041 RedLemon[3216:26410] 🗓 Schedule Calc: Dracula | RuntimeStr: 130 min -> 130m | Duration: 8400.0s
2025-12-18 11:13:22.041 RedLemon[3216:26410] 🗓 Schedule Calc: Smile 2 | RuntimeStr: 127 min -> 127m | Duration: 8220.0s
2025-12-18 11:13:22.041 RedLemon[3216:26410] 🗓 Schedule Calc: Hall Pass | RuntimeStr: 105 min -> 105m | Duration: 6900.0s
2025-12-18 11:13:22.041 RedLemon[3216:26410] 🗓 Schedule Calc: Kung Fu Hustle | RuntimeStr: 99 min -> 99m | Duration: 6540.0s
2025-12-18 11:13:22.041 RedLemon[3216:26410] 🗓 Schedule Calc: Colombiana | RuntimeStr: 108 min -> 108m | Duration: 7080.0s
2025-12-18 11:13:22.041 RedLemon[3216:26410] 🗓 Schedule Calc: Night at the Museum | RuntimeStr: 108 min -> 108m | Duration: 7080.0s
2025-12-18 11:13:22.041 RedLemon[3216:26410] 🗓 Schedule Calc: MaXXXine | RuntimeStr: 103 min -> 103m | Duration: 6780.0s
2025-12-18 11:13:22.041 RedLemon[3216:26410] 🗓 Schedule Calc: Dune: Part Two | RuntimeStr: 167 min -> 167m | Duration: 10620.0s
2025-12-18 11:13:22.041 RedLemon[3216:26410] 🗓 Schedule Calc: Spider-Man 3 | RuntimeStr: 139 min -> 139m | Duration: 8940.0s
2025-12-18 11:13:22.041 RedLemon[3216:26410] 🗓 Schedule Calc: Terminator Genisys | RuntimeStr: 126 min -> 126m | Duration: 8160.0s
2025-12-18 11:13:22.041 RedLemon[3216:26410] 🗓 Schedule Calc: John Wick: Chapter 2 | RuntimeStr: 122 min -> 122m | Duration: 7920.0s
2025-12-18 11:13:22.042 RedLemon[3216:26410] 🗓 Schedule Calc: Godzilla x Kong: The New Empire | RuntimeStr: 115 min -> 115m | Duration: 7500.0s
2025-12-18 11:13:22.042 RedLemon[3216:26410] 🗓 Schedule Calc: It | RuntimeStr: 135 min -> 135m | Duration: 8700.0s
2025-12-18 11:13:22.042 RedLemon[3216:26410] 🗓 Schedule Calc: Final Destination: Bloodlines | RuntimeStr: 110 min -> 110m | Duration: 7200.0s
2025-12-18 11:13:22.042 RedLemon[3216:26410] 🗓 Schedule Calc: Pirates of the Caribbean: Dead Men Tell No Tales | RuntimeStr: 129 min -> 129m | Duration: 8340.0s
2025-12-18 11:13:22.042 RedLemon[3216:26410] 🗓 Schedule Calc: Prey | RuntimeStr: 100 min -> 100m | Duration: 6600.0s
2025-12-18 11:13:22.042 RedLemon[3216:26410] 🗓 Schedule Calc: Smile 2 | RuntimeStr: 127 min -> 127m | Duration: 8220.0s
2025-12-18 11:13:22.042 RedLemon[3216:26410] 🗓 Schedule Calc: Shrek | RuntimeStr: 90 min -> 90m | Duration: 6000.0s
2025-12-18 11:13:22.042 RedLemon[3216:26410] 🗓 Schedule Calc: Now You See Me | RuntimeStr: 116 min -> 116m | Duration: 7560.0s
2025-12-18 11:13:22.042 RedLemon[3216:26410] 🗓 Schedule Calc: Jurassic World | RuntimeStr: 124 min -> 124m | Duration: 8040.0s
2025-12-18 11:13:22.042 RedLemon[3216:26410] 🗓 Schedule Calc: Drive | RuntimeStr: 100 min -> 100m | Duration: 6600.0s
2025-12-18 11:13:22.042 RedLemon[3216:26410] 🗓 Schedule Calc: The Emperor's New Groove | RuntimeStr: 78 min -> 78m | Duration: 5280.0s
2025-12-18 11:13:22.042 RedLemon[3216:26410] 🗓 Schedule Calc: Venom | RuntimeStr: 112 min -> 112m | Duration: 7320.0s
2025-12-18 11:13:22.042 RedLemon[3216:26410] 🗓 Schedule Calc: Transformers: Age of Extinction | RuntimeStr: 165 min -> 165m | Duration: 10500.0s
2025-12-18 11:13:22.042 RedLemon[3216:26410] 🗓 Schedule Calc: Shaft | RuntimeStr: 99 min -> 99m | Duration: 6540.0s
2025-12-18 11:13:22.042 RedLemon[3216:26410] 🗓 Schedule Calc: A Quiet Place: Day One | RuntimeStr: 100 min -> 100m | Duration: 6600.0s
2025-12-18 11:13:22.042 RedLemon[3216:26410] 🗓 Schedule Calc: The Hunger Games: Mockingjay - Part 1 | RuntimeStr: 123 min -> 123m | Duration: 7980.0s
2025-12-18 11:13:22.042 RedLemon[3216:26410] 🗓 Schedule Calc: Black Hawk Down | RuntimeStr: 145 min -> 145m | Duration: 9300.0s
2025-12-18 11:13:22.042 RedLemon[3216:26410] 🗓 Schedule Calc: Longlegs | RuntimeStr: 101 min -> 101m | Duration: 6660.0s
2025-12-18 11:13:22.042 RedLemon[3216:26410] 🗓 Schedule Calc: Alien³ | RuntimeStr: 114 min -> 114m | Duration: 7440.0s
2025-12-18 11:13:22.042 RedLemon[3216:26410] 🗓 Schedule Calc: The Strangers: Chapter 2 | RuntimeStr: 98 min -> 98m | Duration: 6480.0s
2025-12-18 11:13:22.042 RedLemon[3216:26410] 🗓 Schedule Calc: The Hunger Games: Mockingjay - Part 2 | RuntimeStr: 137 min -> 137m | Duration: 8820.0s
2025-12-18 11:13:22.042 RedLemon[3216:26410] 🗓 Schedule Calc: Fury | RuntimeStr: 135 min -> 135m | Duration: 8700.0s
2025-12-18 11:13:22.042 RedLemon[3216:26410] 🗓 Schedule Calc: Rush Hour 3 | RuntimeStr: 90 min -> 90m | Duration: 6000.0s
2025-12-18 11:13:22.042 RedLemon[3216:26410] 🗓 Schedule Calc: Avatar | RuntimeStr: 162 min -> 162m | Duration: 10320.0s
2025-12-18 11:13:22.043 RedLemon[3216:26410] 🗓 Schedule Calc: Jumanji: The Next Level | RuntimeStr: 123 min -> 123m | Duration: 7980.0s
2025-12-18 11:13:22.043 RedLemon[3216:26410] 🗓 Schedule Calc: The Matrix Reloaded | RuntimeStr: 138 min -> 138m | Duration: 8880.0s
2025-12-18 11:13:22.043 RedLemon[3216:26410] 🗓 Schedule Calc: Weapons | RuntimeStr: 129 min -> 129m | Duration: 8340.0s
2025-12-18 11:13:22.043 RedLemon[3216:26410] 🗓 Schedule Calc: Hostel | RuntimeStr: 94 min -> 94m | Duration: 6240.0s
2025-12-18 11:13:22.043 RedLemon[3216:26410] 🗓 Schedule Calc: The Green Mile | RuntimeStr: 189 min -> 189m | Duration: 11940.0s
2025-12-18 11:13:22.043 RedLemon[3216:26410] 🗓 Schedule Calc: Gladiator II | RuntimeStr: 148 min -> 148m | Duration: 9480.0s
2025-12-18 11:13:22.043 RedLemon[3216:26410] 🗓 Schedule Calc: The Nun II | RuntimeStr: 110 min -> 110m | Duration: 7200.0s
2025-12-18 11:13:22.043 RedLemon[3216:26410] 🗓 Schedule Calc: The Conjuring: Last Rites | RuntimeStr: 136 min -> 136m | Duration: 8760.0s
2025-12-18 11:13:22.043 RedLemon[3216:26410] 🗓 Schedule Calc: Blade Runner 2049 | RuntimeStr: 164 min -> 164m | Duration: 10440.0s
2025-12-18 11:13:22.043 RedLemon[3216:26410] 🗓 Schedule Calc: Deadpool | RuntimeStr: 108 min -> 108m | Duration: 7080.0s
2025-12-18 11:13:22.043 RedLemon[3216:26410] 🗓 Schedule Calc: The Lord of the Rings: The Return of the King | RuntimeStr: 201 min -> 201m | Duration: 12660.0s
2025-12-18 11:13:22.043 RedLemon[3216:26410] 🗓 Schedule Calc: RED | RuntimeStr: 111 min -> 111m | Duration: 7260.0s
2025-12-18 11:13:22.043 RedLemon[3216:26410] 🗓 Schedule Calc: Elf | RuntimeStr: 97 min -> 97m | Duration: 6420.0s
2025-12-18 11:13:22.043 RedLemon[3216:26410] 🗓 Schedule Calc: Wild Hogs | RuntimeStr: 100 min -> 100m | Duration: 6600.0s
2025-12-18 11:13:22.043 RedLemon[3216:26410] 🗓 Schedule Calc: X | RuntimeStr: 106 min -> 106m | Duration: 6960.0s
2025-12-18 11:13:22.043 RedLemon[3216:26410] 🗓 Schedule Calc: The Martian | RuntimeStr: 141 min -> 141m | Duration: 9060.0s
2025-12-18 11:13:22.043 RedLemon[3216:26410] 🗓 Schedule Calc: Ready Player One | RuntimeStr: 140 min -> 140m | Duration: 9000.0s
2025-12-18 11:13:22.043 RedLemon[3216:26410] 🗓 Schedule Calc: Waterworld | RuntimeStr: 135 min -> 135m | Duration: 8700.0s
2025-12-18 11:13:22.043 RedLemon[3216:26410] 🗓 Schedule Calc: Blue Streak | RuntimeStr: 93 min -> 93m | Duration: 6180.0s
2025-12-18 11:13:22.043 RedLemon[3216:26410] 🗓 Schedule Calc: The Lord of the Rings: The Fellowship of the Ring | RuntimeStr: 179 min -> 179m | Duration: 11340.0s
2025-12-18 11:13:22.043 RedLemon[3216:26410] 🗓 Schedule Calc: Insidious | RuntimeStr: 102 min -> 102m | Duration: 6720.0s
2025-12-18 11:13:22.043 RedLemon[3216:26410] 🗓 Schedule Calc: Harry Potter and the Half-Blood Prince | RuntimeStr: 153 min -> 153m | Duration: 9780.0s
2025-12-18 11:13:22.043 RedLemon[3216:26410] 🗓 Schedule Calc: Troy | RuntimeStr: 163 min -> 163m | Duration: 10380.0s
2025-12-18 11:13:22.043 RedLemon[3216:26410] 🗓 Schedule Calc: Fargo | RuntimeStr: 98 min -> 98m | Duration: 6480.0s
2025-12-18 11:13:22.044 RedLemon[3216:26410] 🗓 Schedule Calc: Final Destination 3 | RuntimeStr: 92 min -> 92m | Duration: 6120.0s
2025-12-18 11:13:22.044 RedLemon[3216:26410] 🗓 Schedule Calc: Now You See Me 2 | RuntimeStr: 129 min -> 129m | Duration: 8340.0s
2025-12-18 11:13:22.044 RedLemon[3216:26410] 🗓 Schedule Calc: Ninja Assassin | RuntimeStr: 99 min -> 99m | Duration: 6540.0s
2025-12-18 11:13:22.044 RedLemon[3216:26410] 🗓 Schedule Calc: Smile | RuntimeStr: 115 min -> 115m | Duration: 7500.0s
2025-12-18 11:13:22.044 RedLemon[3216:26410] 🗓 Schedule Calc: Scarface | RuntimeStr: 170 min -> 170m | Duration: 10800.0s
2025-12-18 11:13:22.044 RedLemon[3216:26410] 🗓 Schedule Calc: Shrek 2 | RuntimeStr: 92 min -> 92m | Duration: 6120.0s
2025-12-18 11:13:22.044 RedLemon[3216:26410] 🗓 Schedule Calc: Bugonia | RuntimeStr: 119 min -> 119m | Duration: 7740.0s
2025-12-18 11:13:22.044 RedLemon[3216:26410] 🗓 Schedule Calc: 24: Redemption | RuntimeStr: 102 min -> 102m | Duration: 6720.0s
2025-12-18 11:13:22.044 RedLemon[3216:26410] 🗓 Schedule Calc: Die Hard 2 | RuntimeStr: 124 min -> 124m | Duration: 8040.0s
2025-12-18 11:13:22.044 RedLemon[3216:26410] 🗓 Schedule Calc: Weapons | RuntimeStr: 129 min -> 129m | Duration: 8340.0s
2025-12-18 11:13:22.044 RedLemon[3216:26410] 🗓 Schedule Calc: 28 Days Later | RuntimeStr: 113 min -> 113m | Duration: 7380.0s
2025-12-18 11:13:22.044 RedLemon[3216:26410] 🗓 Schedule Calc: Four Brothers | RuntimeStr: 109 min -> 109m | Duration: 7140.0s
2025-12-18 11:13:22.044 RedLemon[3216:26410] 🗓 Schedule Calc: Real Steel | RuntimeStr: 127 min -> 127m | Duration: 8220.0s
2025-12-18 11:13:22.044 RedLemon[3216:26410] 🗓 Schedule Calc: The Terminator | RuntimeStr: 108 min -> 108m | Duration: 7080.0s
2025-12-18 11:13:22.044 RedLemon[3216:26410] 🗓 Schedule Calc: Psycho | RuntimeStr: 109 min -> 109m | Duration: 7140.0s
2025-12-18 11:13:22.044 RedLemon[3216:26410] 🗓 Schedule Calc: Black Phone 2 | RuntimeStr: 114 min -> 114m | Duration: 7440.0s
2025-12-18 11:13:22.044 RedLemon[3216:26410] 🗓 Schedule Calc: Baghead | RuntimeStr: 95 min -> 95m | Duration: 6300.0s
2025-12-18 11:13:22.044 RedLemon[3216:26410] 🗓 Schedule Calc: Carry-On | RuntimeStr: 120 min -> 120m | Duration: 7800.0s
2025-12-18 11:13:22.044 RedLemon[3216:26410] 🗓 Schedule Calc: The Suicide Squad | RuntimeStr: 132 min -> 132m | Duration: 8520.0s
2025-12-18 11:13:22.044 RedLemon[3216:26410] 🗓 Schedule Calc: 2012 | RuntimeStr: 158 min -> 158m | Duration: 10080.0s
2025-12-18 11:13:22.044 RedLemon[3216:26410] 🗓 Schedule Calc: Shutter Island | RuntimeStr: 138 min -> 138m | Duration: 8880.0s
2025-12-18 11:13:22.045 RedLemon[3216:26410] 🗓 Schedule Calc: Iron Man | RuntimeStr: 126 min -> 126m | Duration: 8160.0s
2025-12-18 11:13:22.045 RedLemon[3216:26410] 🗓 Schedule Calc: Pirates of the Caribbean: At World's End | RuntimeStr: 169 min -> 169m | Duration: 10740.0s
2025-12-18 11:13:22.045 RedLemon[3216:26410] 🗓 Schedule Calc: It | RuntimeStr: 135 min -> 135m | Duration: 8700.0s
2025-12-18 11:13:22.045 RedLemon[3216:26410] 🗓 Schedule Calc: District 9 | RuntimeStr: 112 min -> 112m | Duration: 7320.0s
2025-12-18 11:13:22.045 RedLemon[3216:26410] 🗓 Schedule Calc: Kingdom of the Planet of the Apes | RuntimeStr: 145 min -> 145m | Duration: 9300.0s
2025-12-18 11:13:22.045 RedLemon[3216:26410] 🗓 Schedule Calc: Smile 2 | RuntimeStr: 127 min -> 127m | Duration: 8220.0s
2025-12-18 11:13:22.045 RedLemon[3216:26410] 🗓 Schedule Calc: Nobody | RuntimeStr: 91 min -> 91m | Duration: 6060.0s
2025-12-18 11:13:22.045 RedLemon[3216:26410] 🗓 Schedule Calc: Edge of Tomorrow | RuntimeStr: 114 min -> 114m | Duration: 7440.0s
2025-12-18 11:13:22.046 RedLemon[3216:26410] 🗓 Schedule Calc: Karate Kid: Legends | RuntimeStr: 94 min -> 94m | Duration: 6240.0s
2025-12-18 11:13:22.046 RedLemon[3216:26410] 🗓 Schedule Calc: The Fall Guy | RuntimeStr: 127 min -> 127m | Duration: 8220.0s
2025-12-18 11:13:22.046 RedLemon[3216:26410] 🗓 Schedule Calc: Harry Potter and the Chamber of Secrets | RuntimeStr: 161 min -> 161m | Duration: 10260.0s
2025-12-18 11:13:22.046 RedLemon[3216:26410] 🗓 Schedule Calc: Venom: The Last Dance | RuntimeStr: 109 min -> 109m | Duration: 7140.0s
2025-12-18 11:13:22.046 RedLemon[3216:26410] 🗓 Schedule Calc: The Illusionist | RuntimeStr: 110 min -> 110m | Duration: 7200.0s
2025-12-18 11:13:22.046 RedLemon[3216:26410] 🗓 Schedule Calc: Transformers One | RuntimeStr: 104 min -> 104m | Duration: 6840.0s
2025-12-18 11:13:22.046 RedLemon[3216:26410] 🗓 Schedule Calc: The Mummy | RuntimeStr: 124 min -> 124m | Duration: 8040.0s
2025-12-18 11:13:22.046 RedLemon[3216:26410] 🗓 Schedule Calc: Predator: Badlands | RuntimeStr: 107 min -> 107m | Duration: 7020.0s
2025-12-18 11:13:22.046 RedLemon[3216:26410] 🗓 Schedule Calc: Paranormal Activity | RuntimeStr: 86 min -> 86m | Duration: 5760.0s
2025-12-18 11:13:22.046 RedLemon[3216:26410] 🗓 Schedule Calc: F1: The Movie | RuntimeStr: 156 min -> 156m | Duration: 9960.0s
2025-12-18 11:13:22.046 RedLemon[3216:26410] 🗓 Schedule Calc: John Wick: Chapter 4 | RuntimeStr: 170 min -> 170m | Duration: 10800.0s
2025-12-18 11:13:22.046 RedLemon[3216:26410] 🗓 Schedule Calc: Mickey 17 | RuntimeStr: 137 min -> 137m | Duration: 8820.0s
2025-12-18 11:13:22.046 RedLemon[3216:26410] 🗓 Schedule Calc: Despicable Me 2 | RuntimeStr: 98 min -> 98m | Duration: 6480.0s
2025-12-18 11:13:22.046 RedLemon[3216:26410] 🗓 Schedule Calc: Madagascar: Escape 2 Africa | RuntimeStr: 89 min -> 89m | Duration: 5940.0s
2025-12-18 11:13:22.046 RedLemon[3216:26410] 🗓 Schedule Calc: Frankenstein | RuntimeStr: 150 min -> 150m | Duration: 9600.0s
2025-12-18 11:13:22.046 RedLemon[3216:26410] 🗓 Schedule Calc: Gattaca | RuntimeStr: 107 min -> 107m | Duration: 7020.0s
2025-12-18 11:13:22.046 RedLemon[3216:26410] 🗓 Schedule Calc: The Amazing Spider-Man | RuntimeStr: 136 min -> 136m | Duration: 8760.0s
2025-12-18 11:13:22.046 RedLemon[3216:26410] 🗓 Schedule Calc: Furiosa: A Mad Max Saga | RuntimeStr: 149 min -> 149m | Duration: 9540.0s
2025-12-18 11:13:22.046 RedLemon[3216:26410] 🗓 Schedule Calc: Nobody 2 | RuntimeStr: 89 min -> 89m | Duration: 5940.0s
2025-12-18 11:13:22.046 RedLemon[3216:26410] 🗓 Schedule Calc: Everything Everywhere All at Once | RuntimeStr: 140 min -> 140m | Duration: 9000.0s
2025-12-18 11:13:22.046 RedLemon[3216:26410] 🗓 Schedule Calc: The Shining | RuntimeStr: 144 min -> 144m | Duration: 9240.0s
2025-12-18 11:13:22.047 RedLemon[3216:26410] 🗓 Schedule Calc: The Hobbit: An Unexpected Journey | RuntimeStr: 169 min -> 169m | Duration: 10740.0s
2025-12-18 11:13:22.047 RedLemon[3216:26410] 🗓 Schedule Calc: Inside Man | RuntimeStr: 129 min -> 129m | Duration: 8340.0s
2025-12-18 11:13:22.047 RedLemon[3216:26410] 🗓 Schedule Calc: The Batman | RuntimeStr: 177 min -> 177m | Duration: 11220.0s
2025-12-18 11:13:22.047 RedLemon[3216:26410] 🗓 Schedule Calc: Eyes Wide Shut | RuntimeStr: 159 min -> 159m | Duration: 10140.0s
2025-12-18 11:13:22.047 RedLemon[3216:26410] 🗓 Schedule Calc: Sinners | RuntimeStr: 138 min -> 138m | Duration: 8880.0s
2025-12-18 11:13:22.047 RedLemon[3216:26410] 🗓 Schedule Calc: Alien | RuntimeStr: 117 min -> 117m | Duration: 7620.0s
2025-12-18 11:13:22.047 RedLemon[3216:26410] 🗓 Schedule Calc: Mystery Men | RuntimeStr: 121 min -> 121m | Duration: 7860.0s
2025-12-18 11:13:22.047 RedLemon[3216:26410] 🗓 Schedule Calc: Kung Fu Panda 2 | RuntimeStr: 91 min -> 91m | Duration: 6060.0s
2025-12-18 11:13:22.047 RedLemon[3216:26410] 🗓 Schedule Calc: Mission: Impossible - Fallout | RuntimeStr: 147 min -> 147m | Duration: 9420.0s
2025-12-18 11:13:22.047 RedLemon[3216:26410] 🗓 Schedule Calc: Incredibles 2 | RuntimeStr: 118 min -> 118m | Duration: 7680.0s
2025-12-18 11:13:22.047 RedLemon[3216:26410] 🗓 Schedule Calc: The Equalizer 3 | RuntimeStr: 109 min -> 109m | Duration: 7140.0s
2025-12-18 11:13:22.047 RedLemon[3216:26410] 🗓 Schedule Calc: Thunderbolts* | RuntimeStr: 127 min -> 127m | Duration: 8220.0s
2025-12-18 11:13:22.047 RedLemon[3216:26410] 🗓 Schedule Calc: Get Out | RuntimeStr: 104 min -> 104m | Duration: 6840.0s
2025-12-18 11:13:22.047 RedLemon[3216:26410] 🗓 Schedule Calc: Godzilla: King of the Monsters | RuntimeStr: 132 min -> 132m | Duration: 8520.0s
2025-12-18 11:13:22.047 RedLemon[3216:26410] 🗓 Schedule Calc: Tron: Ares | RuntimeStr: 119 min -> 119m | Duration: 7740.0s
2025-12-18 11:13:22.047 RedLemon[3216:26410] 🗓 Schedule Calc: Jurassic World: Dominion | RuntimeStr: 147 min -> 147m | Duration: 9420.0s
2025-12-18 11:13:22.048 RedLemon[3216:26410] 🗓 Schedule Calc: The Negotiator | RuntimeStr: 140 min -> 140m | Duration: 9000.0s
2025-12-18 11:13:22.048 RedLemon[3216:26410] 🗓 Schedule Calc: Gladiator | RuntimeStr: 155 min -> 155m | Duration: 9900.0s
2025-12-18 11:13:22.048 RedLemon[3216:26410] 🗓 Schedule Calc: Between Worlds | RuntimeStr: 90 min -> 90m | Duration: 6000.0s
2025-12-18 11:13:22.048 RedLemon[3216:26410] 🗓 Schedule Calc: Training Day | RuntimeStr: 122 min -> 122m | Duration: 7920.0s
2025-12-18 11:13:22.048 RedLemon[3216:26410] 🗓 Schedule Calc: Harry Potter and the Deathly Hallows: Part 1 | RuntimeStr: 146 min -> 146m | Duration: 9360.0s
2025-12-18 11:13:22.048 RedLemon[3216:26410] 🗓 Schedule Calc: Smile | RuntimeStr: 115 min -> 115m | Duration: 7500.0s
2025-12-18 11:13:22.048 RedLemon[3216:26410] 🗓 Schedule Calc: Constantine | RuntimeStr: 121 min -> 121m | Duration: 7860.0s
2025-12-18 11:13:22.048 RedLemon[3216:26410] 🗓 Schedule Calc: Annabelle Comes Home | RuntimeStr: 106 min -> 106m | Duration: 6960.0s
2025-12-18 11:13:22.048 RedLemon[3216:26410] 🗓 Schedule Calc: Kill Bill: The Whole Bloody Affair | RuntimeStr: 247 min -> 247m | Duration: 15420.0s
2025-12-18 11:13:22.048 RedLemon[3216:26410] 🗓 Schedule Calc: The Marvels | RuntimeStr: 105 min -> 105m | Duration: 6900.0s
2025-12-18 11:13:22.048 RedLemon[3216:26410] 🗓 Schedule Calc: The Usual Suspects | RuntimeStr: 106 min -> 106m | Duration: 6960.0s
2025-12-18 11:13:22.048 RedLemon[3216:26410] 🗓 Schedule Calc: Mission: Impossible - Dead Reckoning Part One | RuntimeStr: 164 min -> 164m | Duration: 10440.0s
2025-12-18 11:13:22.048 RedLemon[3216:26410] 🗓 Schedule Calc: Candyman | RuntimeStr: 91 min -> 91m | Duration: 6060.0s
2025-12-18 11:13:22.048 RedLemon[3216:26410] 🗓 Schedule Calc: Thor: Love and Thunder | RuntimeStr: 119 min -> 119m | Duration: 7740.0s
2025-12-18 11:13:22.049 RedLemon[3216:26410] 🗓 Schedule Calc: Night at the Museum: Secret of the Tomb | RuntimeStr: 98 min -> 98m | Duration: 6480.0s
2025-12-18 11:13:22.049 RedLemon[3216:26410] 🗓 Schedule Calc: Dawn of the Planet of the Apes | RuntimeStr: 130 min -> 130m | Duration: 8400.0s
2025-12-18 11:13:22.049 RedLemon[3216:26410] 🗓 Schedule Calc: Harry Potter and the Prisoner of Azkaban | RuntimeStr: 141 min -> 141m | Duration: 9060.0s
2025-12-18 11:13:22.049 RedLemon[3216:26410] 🗓 Schedule Calc: Johnny English | RuntimeStr: 87 min -> 87m | Duration: 5820.0s
2025-12-18 11:13:22.049 RedLemon[3216:26410] 🗓 Schedule Calc: Scream | RuntimeStr: 112 min -> 112m | Duration: 7320.0s
2025-12-18 11:13:22.049 RedLemon[3216:26410] 🗓 Schedule Calc: Little Man | RuntimeStr: 98 min -> 98m | Duration: 6480.0s
2025-12-18 11:13:22.049 RedLemon[3216:26410] 🗓 Schedule Calc: Furious 7 | RuntimeStr: 139 min -> 139m | Duration: 8940.0s
2025-12-18 11:13:22.049 RedLemon[3216:26410] 🗓 Schedule Calc: Wild Hogs | RuntimeStr: 100 min -> 100m | Duration: 6600.0s
2025-12-18 11:13:22.049 RedLemon[3216:26410] 🗓 Schedule Calc: Dune: Part One | RuntimeStr: 155 min -> 155m | Duration: 9900.0s
2025-12-18 11:13:22.049 RedLemon[3216:26410] 🗓 Schedule Calc: Hall Pass | RuntimeStr: 105 min -> 105m | Duration: 6900.0s
2025-12-18 11:13:22.049 RedLemon[3216:26410] 🗓 Schedule Calc: The Incredible Hulk | RuntimeStr: 114 min -> 114m | Duration: 7440.0s
2025-12-18 11:13:22.049 RedLemon[3216:26410] 🗓 Schedule Calc: Batman Begins | RuntimeStr: 140 min -> 140m | Duration: 9000.0s
2025-12-18 11:13:22.049 RedLemon[3216:26410] 🗓 Schedule Calc: Man of Steel | RuntimeStr: 143 min -> 143m | Duration: 9180.0s
2025-12-18 11:13:22.049 RedLemon[3216:26410] 🗓 Schedule Calc: The Conjuring | RuntimeStr: 112 min -> 112m | Duration: 7320.0s
2025-12-18 11:13:22.049 RedLemon[3216:26410] 🗓 Schedule Calc: Five Nights at Freddy's | RuntimeStr: 110 min -> 110m | Duration: 7200.0s
2025-12-18 11:13:22.049 RedLemon[3216:26410] 🗓 Schedule Calc: Shrek Forever After | RuntimeStr: 93 min -> 93m | Duration: 6180.0s
2025-12-18 11:13:22.050 RedLemon[3216:26410] 🗓 Schedule Calc: M3GAN 2.0 | RuntimeStr: 120 min -> 120m | Duration: 7800.0s
2025-12-18 11:13:22.050 RedLemon[3216:26410] 🗓 Schedule Calc: Underworld | RuntimeStr: 122 min -> 122m | Duration: 7920.0s
2025-12-18 11:13:22.050 RedLemon[3216:26410] 🗓 Schedule Calc: Pirates of the Caribbean: Dead Man's Chest | RuntimeStr: 151 min -> 151m | Duration: 9660.0s
2025-12-18 11:13:22.050 RedLemon[3216:26410] 🗓 Schedule Calc: Iron Man 3 | RuntimeStr: 130 min -> 130m | Duration: 8400.0s
2025-12-18 11:13:22.050 RedLemon[3216:26410] 🗓 Schedule Calc: The Departed | RuntimeStr: 151 min -> 151m | Duration: 9660.0s
2025-12-18 11:13:22.050 RedLemon[3216:26410] 🗓 Schedule Calc: Mission: Impossible - The Final Reckoning | RuntimeStr: 170 min -> 170m | Duration: 10800.0s
2025-12-18 11:13:22.050 RedLemon[3216:26410] 🗓 Schedule Calc: Smile 2 | RuntimeStr: 127 min -> 127m | Duration: 8220.0s
2025-12-18 11:13:22.050 RedLemon[3216:26410] 🗓 Schedule Calc: Annabelle | RuntimeStr: 99 min -> 99m | Duration: 6540.0s
2025-12-18 11:13:22.050 RedLemon[3216:26410] 🗓 Schedule Calc: Him | RuntimeStr: 96 min -> 96m | Duration: 6360.0s
2025-12-18 11:13:22.050 RedLemon[3216:26410] 🗓 Schedule Calc: Van Helsing | RuntimeStr: 132 min -> 132m | Duration: 8520.0s
2025-12-18 11:13:22.050 RedLemon[3216:26410] 🗓 Schedule Calc: The Conjuring: The Devil Made Me Do It | RuntimeStr: 111 min -> 111m | Duration: 7260.0s
2025-12-18 11:13:22.050 RedLemon[3216:26410] 🗓 Schedule Calc: The Fan | RuntimeStr: 116 min -> 116m | Duration: 7560.0s
2025-12-18 11:13:22.050 RedLemon[3216:26410] 🗓 Schedule Calc: Napoleon | RuntimeStr: 158 min -> 158m | Duration: 10080.0s
2025-12-18 11:13:22.050 RedLemon[3216:26410] 🗓 Schedule Calc: Wild Hogs | RuntimeStr: 100 min -> 100m | Duration: 6600.0s
2025-12-18 11:13:22.050 RedLemon[3216:26410] 🗓 Schedule Calc: It: Chapter Two | RuntimeStr: 169 min -> 169m | Duration: 10740.0s
2025-12-18 11:13:22.051 RedLemon[3216:26410] 🗓 Schedule Calc: 1917 | RuntimeStr: 119 min -> 119m | Duration: 7740.0s
2025-12-18 11:13:22.051 RedLemon[3216:26410] 🗓 Schedule Calc: I Am Legend | RuntimeStr: 101 min -> 101m | Duration: 6660.0s
2025-12-18 11:13:22.051 RedLemon[3216:26410] 🗓 Schedule Calc: It | RuntimeStr: 135 min -> 135m | Duration: 8700.0s
2025-12-18 11:13:22.051 RedLemon[3216:26410] 🗓 Schedule Calc: Arrival | RuntimeStr: 116 min -> 116m | Duration: 7560.0s
2025-12-18 11:13:22.051 RedLemon[3216:26410] 🗓 Schedule Calc: Joker: Folie à Deux | RuntimeStr: 138 min -> 138m | Duration: 8880.0s
2025-12-18 11:13:22.051 RedLemon[3216:26410] 🗓 Schedule Calc: Back to the Future Part II | RuntimeStr: 108 min -> 108m | Duration: 7080.0s
2025-12-18 11:13:22.051 RedLemon[3216:26410] 🗓 Schedule Calc: Longlegs | RuntimeStr: 101 min -> 101m | Duration: 6660.0s
2025-12-18 11:13:22.051 RedLemon[3216:26410] 🗓 Schedule Calc: Get Out | RuntimeStr: 104 min -> 104m | Duration: 6840.0s
2025-12-18 11:13:22.051 RedLemon[3216:26410] 🗓 Schedule Calc: Old | RuntimeStr: 108 min -> 108m | Duration: 7080.0s
2025-12-18 11:13:22.051 RedLemon[3216:26410] 🗓 Schedule Calc: Bugonia | RuntimeStr: 119 min -> 119m | Duration: 7740.0s
2025-12-18 11:13:22.051 RedLemon[3216:26410] 🗓 Schedule Calc: The Wolf of Wall Street | RuntimeStr: 180 min -> 180m | Duration: 11400.0s
2025-12-18 11:13:22.051 RedLemon[3216:26410] 🗓 Schedule Calc: Surrogates | RuntimeStr: 89 min -> 89m | Duration: 5940.0s
2025-12-18 11:13:22.051 RedLemon[3216:26410] 🗓 Schedule Calc: The Fifth Element | RuntimeStr: 126 min -> 126m | Duration: 8160.0s
2025-12-18 11:13:22.052 RedLemon[3216:26410] 🗓 Schedule Calc: Girls Trip | RuntimeStr: 122 min -> 122m | Duration: 7920.0s
2025-12-18 11:13:22.052 RedLemon[3216:26410] 🗓 Schedule Calc: Insidious | RuntimeStr: 102 min -> 102m | Duration: 6720.0s
2025-12-18 11:13:22.052 RedLemon[3216:26410] 🗓 Schedule Calc: World War Z | RuntimeStr: 116 min -> 116m | Duration: 7560.0s
2025-12-18 11:13:22.052 RedLemon[3216:26410] 🗓 Schedule Calc: Heretic | RuntimeStr: 111 min -> 111m | Duration: 7260.0s
2025-12-18 11:13:22.052 RedLemon[3216:26410] 🗓 Schedule Calc: Inglourious Basterds | RuntimeStr: 153 min -> 153m | Duration: 9780.0s
2025-12-18 11:13:22.052 RedLemon[3216:26410] 🗓 Schedule Calc: Logan | RuntimeStr: 137 min -> 137m | Duration: 8820.0s
2025-12-18 11:13:22.052 RedLemon[3216:26410] 🗓 Schedule Calc: Man on Fire | RuntimeStr: 146 min -> 146m | Duration: 9360.0s
2025-12-18 11:13:22.052 RedLemon[3216:26410] 🗓 Schedule Calc: Evil Dead Rise | RuntimeStr: 96 min -> 96m | Duration: 6360.0s
2025-12-18 11:13:22.052 RedLemon[3216:26410] 🗓 Schedule Calc: Harry Potter and the Order of the Phoenix | RuntimeStr: 138 min -> 138m | Duration: 8880.0s
2025-12-18 11:13:22.052 RedLemon[3216:26410] 🗓 Schedule Calc: Predator 2 | RuntimeStr: 108 min -> 108m | Duration: 7080.0s
2025-12-18 11:13:22.052 RedLemon[3216:26410] 🗓 Schedule Calc: Saw | RuntimeStr: 103 min -> 103m | Duration: 6780.0s
2025-12-18 11:13:22.052 RedLemon[3216:26410] 🗓 Schedule Calc: Abigail | RuntimeStr: 109 min -> 109m | Duration: 7140.0s
2025-12-18 11:13:22.052 RedLemon[3216:26410] 🗓 Schedule Calc: Interstellar | RuntimeStr: 169 min -> 169m | Duration: 10740.0s
2025-12-18 11:13:22.052 RedLemon[3216:26410] 🗓 Schedule Calc: Taken | RuntimeStr: 94 min -> 94m | Duration: 6240.0s
2025-12-18 11:13:22.052 RedLemon[3216:26410] 🗓 Schedule Calc: The Drop | RuntimeStr: 106 min -> 106m | Duration: 6960.0s
2025-12-18 11:13:22.052 RedLemon[3216:26410] 🗓 Schedule Calc: Aquaman | RuntimeStr: 143 min -> 143m | Duration: 9180.0s
2025-12-18 11:13:22.052 RedLemon[3216:26410] 🗓 Schedule Calc: The Monkey | RuntimeStr: 97 min -> 97m | Duration: 6420.0s
2025-12-18 11:13:22.052 RedLemon[3216:26410] 🗓 Schedule Calc: The Faculty | RuntimeStr: 104 min -> 104m | Duration: 6840.0s
2025-12-18 11:13:22.052 RedLemon[3216:26410] 🗓 Schedule Calc: Home Alone 2: Lost in New York | RuntimeStr: 120 min -> 120m | Duration: 7800.0s
2025-12-18 11:13:22.053 RedLemon[3216:26410] 🗓 Schedule Calc: Smile 2 | RuntimeStr: 127 min -> 127m | Duration: 8220.0s
2025-12-18 11:13:22.053 RedLemon[3216:26410] 🗓 Schedule Calc: Cloud Atlas | RuntimeStr: 172 min -> 172m | Duration: 10920.0s
2025-12-18 11:13:22.053 RedLemon[3216:26410] 🗓 Schedule Calc: Avengers: Infinity War | RuntimeStr: 149 min -> 149m | Duration: 9540.0s
2025-12-18 11:13:22.053 RedLemon[3216:26410] 🗓 Schedule Calc: Scary Movie 2 | RuntimeStr: 82 min -> 82m | Duration: 5520.0s
2025-12-18 11:13:22.053 RedLemon[3216:26410] 🗓 Schedule Calc: Chronicle | RuntimeStr: 84 min -> 84m | Duration: 5640.0s
2025-12-18 11:13:22.053 RedLemon[3216:26410] 🗓 Schedule Calc: Back to the Future | RuntimeStr: 116 min -> 116m | Duration: 7560.0s
2025-12-18 11:13:22.053 RedLemon[3216:26410] 🗓 Schedule Calc: The Black Phone | RuntimeStr: 103 min -> 103m | Duration: 6780.0s
2025-12-18 11:13:22.053 RedLemon[3216:26410] 🗓 Schedule Calc: The Mask | RuntimeStr: 101 min -> 101m | Duration: 6660.0s
2025-12-18 11:13:22.053 RedLemon[3216:26410] 🗓 Schedule Calc: Meet the Robinsons | RuntimeStr: 95 min -> 95m | Duration: 6300.0s
2025-12-18 11:13:22.053 RedLemon[3216:26410] 🗓 Schedule Calc: Orphan | RuntimeStr: 122 min -> 122m | Duration: 7920.0s
2025-12-18 11:13:22.053 RedLemon[3216:26410] 🗓 Schedule Calc: Terminator 2: Judgment Day | RuntimeStr: 137 min -> 137m | Duration: 8820.0s
2025-12-18 11:13:22.053 RedLemon[3216:26410] 🗓 Schedule Calc: Bad Boys | RuntimeStr: 119 min -> 119m | Duration: 7740.0s
2025-12-18 11:13:22.053 RedLemon[3216:26410] 🗓 Schedule Calc: Fast X | RuntimeStr: 142 min -> 142m | Duration: 9120.0s
2025-12-18 11:13:22.053 RedLemon[3216:26410] 🗓 Schedule Calc: The Matrix | RuntimeStr: 136 min -> 136m | Duration: 8760.0s
2025-12-18 11:13:22.053 RedLemon[3216:26410] 🗓 Schedule Calc: It | RuntimeStr: 135 min -> 135m | Duration: 8700.0s
2025-12-18 11:13:22.053 RedLemon[3216:26410] 🗓 Schedule Calc: Nosferatu | RuntimeStr: 133 min -> 133m | Duration: 8580.0s
2025-12-18 11:13:22.053 RedLemon[3216:26410] 🗓 Schedule Calc: Transformers: Rise of the Beasts | RuntimeStr: 127 min -> 127m | Duration: 8220.0s
2025-12-18 11:13:22.053 RedLemon[3216:26410] 🗓 Schedule Calc: It Follows | RuntimeStr: 101 min -> 101m | Duration: 6660.0s
2025-12-18 11:13:22.053 RedLemon[3216:26410] 🗓 Schedule Calc: Godzilla | RuntimeStr: 139 min -> 139m | Duration: 8940.0s
2025-12-18 11:13:22.054 RedLemon[3216:26410] 🗓 Schedule Calc: Fight Club | RuntimeStr: 139 min -> 139m | Duration: 8940.0s
2025-12-18 11:13:22.054 RedLemon[3216:26410] 🗓 Schedule Calc: Longlegs | RuntimeStr: 101 min -> 101m | Duration: 6660.0s
2025-12-18 11:13:22.054 RedLemon[3216:26410] 🗓 Schedule Calc: Jingle All the Way | RuntimeStr: 89 min -> 89m | Duration: 5940.0s
2025-12-18 11:13:22.054 RedLemon[3216:26410] 🗓 Schedule Calc: The Super Mario Bros. Movie | RuntimeStr: 93 min -> 93m | Duration: 6180.0s
2025-12-18 11:13:22.054 RedLemon[3216:26410] 🗓 Schedule Calc: Candyman | RuntimeStr: 100 min -> 100m | Duration: 6600.0s
2025-12-18 11:13:22.054 RedLemon[3216:26410] 🗓 Schedule Calc: A Minecraft Movie | RuntimeStr: nil -> 120m | Duration: 7800.0s
2025-12-18 11:13:22.054 RedLemon[3216:26410] 🗓 Schedule Calc: Smile | RuntimeStr: 115 min -> 115m | Duration: 7500.0s
2025-12-18 11:13:22.054 RedLemon[3216:26410] 🗓 Schedule Calc: The Substance | RuntimeStr: 141 min -> 141m | Duration: 9060.0s
2025-12-18 11:13:22.054 RedLemon[3216:26410] 🗓 Schedule Calc: War of the Worlds | RuntimeStr: 91 min -> 91m | Duration: 6060.0s
2025-12-18 11:13:22.054 RedLemon[3216:26410] 🗓 Schedule Calc: Companion | RuntimeStr: 97 min -> 97m | Duration: 6420.0s
2025-12-18 11:13:22.054 RedLemon[3216:26410] 🗓 Schedule Calc: Spider-Man | RuntimeStr: 121 min -> 121m | Duration: 7860.0s
2025-12-18 11:13:22.054 RedLemon[3216:26410] 🗓 Schedule Calc: Taken 3 | RuntimeStr: 109 min -> 109m | Duration: 7140.0s
2025-12-18 11:13:22.054 RedLemon[3216:26410] 🗓 Schedule Calc: Conan the Barbarian | RuntimeStr: 130 min -> 130m | Duration: 8400.0s
2025-12-18 11:13:22.054 RedLemon[3216:26410] 🗓 Schedule Calc: Mr. & Mrs. Smith | RuntimeStr: 120 min -> 120m | Duration: 7800.0s
2025-12-18 11:13:22.054 RedLemon[3216:26410] 🗓 Schedule Calc: The Maze Runner | RuntimeStr: 113 min -> 113m | Duration: 7380.0s
2025-12-18 11:13:22.054 RedLemon[3216:26410] 🗓 Schedule Calc: The Medallion | RuntimeStr: 88 min -> 88m | Duration: 5880.0s
2025-12-18 11:13:22.054 RedLemon[3216:26410] 🗓 Schedule Calc: Predator | RuntimeStr: 107 min -> 107m | Duration: 7020.0s
2025-12-18 11:13:22.054 RedLemon[3216:26410] 🗓 Schedule Calc: Ballerina | RuntimeStr: 125 min -> 125m | Duration: 8100.0s
2025-12-18 11:13:22.054 RedLemon[3216:26410] 🗓 Schedule Calc: Predators | RuntimeStr: 107 min -> 107m | Duration: 7020.0s
2025-12-18 11:13:22.054 RedLemon[3216:26410] 🗓 Schedule Calc: Hot Fuzz | RuntimeStr: 121 min -> 121m | Duration: 7860.0s
2025-12-18 11:13:22.054 RedLemon[3216:26410] 🗓 Schedule Calc: The Nun | RuntimeStr: 96 min -> 96m | Duration: 6360.0s
2025-12-18 11:13:22.055 RedLemon[3216:26410] 🗓 Schedule Calc: Cobweb | RuntimeStr: 88 min -> 88m | Duration: 5880.0s
2025-12-18 11:13:22.055 RedLemon[3216:26410] 🗓 Schedule Calc: The Matrix Resurrections | RuntimeStr: 147 min -> 147m | Duration: 9420.0s
2025-12-18 11:13:22.055 RedLemon[3216:26410] 🗓 Schedule Calc: Riddick | RuntimeStr: 119 min -> 119m | Duration: 7740.0s
2025-12-18 11:13:22.055 RedLemon[3216:26410] 🗓 Schedule Calc: Train to Busan | RuntimeStr: 118 min -> 118m | Duration: 7680.0s
2025-12-18 11:13:22.055 RedLemon[3216:26410] 🗓 Schedule Calc: War 2 | RuntimeStr: 173 min -> 173m | Duration: 10980.0s
2025-12-18 11:13:22.055 RedLemon[3216:26410] 🗓 Schedule Calc: The Big Lebowski | RuntimeStr: 117 min -> 117m | Duration: 7620.0s
2025-12-18 11:13:22.055 RedLemon[3216:26410] 🗓 Schedule Calc: The Lord of the Rings: The Two Towers | RuntimeStr: 179 min -> 179m | Duration: 11340.0s
2025-12-18 11:13:22.055 RedLemon[3216:26410] 🗓 Schedule Calc: Resident Evil: Red Falls | RuntimeStr: 53 min -> 53m | Duration: 3780.0s
2025-12-18 11:13:22.055 RedLemon[3216:26410] 🗓 Schedule Calc: Inside Out 2 | RuntimeStr: 97 min -> 97m | Duration: 6420.0s
2025-12-18 11:13:22.055 RedLemon[3216:26410] 🗓 Schedule Calc: Signs | RuntimeStr: 106 min -> 106m | Duration: 6960.0s
2025-12-18 11:13:22.055 RedLemon[3216:26410] 🗓 Schedule Calc: The Barbarian | RuntimeStr: 83 min -> 83m | Duration: 5580.0s
2025-12-18 11:13:22.055 RedLemon[3216:26410] 🗓 Schedule Calc: The Karate Kid | RuntimeStr: 140 min -> 140m | Duration: 9000.0s
2025-12-18 11:13:22.055 RedLemon[3216:26410] 🗓 Schedule Calc: Taxi Driver | RuntimeStr: 114 min -> 114m | Duration: 7440.0s
2025-12-18 11:13:22.055 RedLemon[3216:26410] 🗓 Schedule Calc: Inception | RuntimeStr: 148 min -> 148m | Duration: 9480.0s
2025-12-18 11:13:22.055 RedLemon[3216:26410] 🗓 Schedule Calc: War | RuntimeStr: 103 min -> 103m | Duration: 6780.0s
2025-12-18 11:13:22.055 RedLemon[3216:26410] 🗓 Schedule Calc: Avatar: The Way of Water | RuntimeStr: 192 min -> 192m | Duration: 12120.0s
2025-12-18 11:13:22.055 RedLemon[3216:26410] 🗓 Schedule Calc: Code 3 | RuntimeStr: 100 min -> 100m | Duration: 6600.0s
2025-12-18 11:13:22.055 RedLemon[3216:26410] 🗓 Schedule Calc: The Hobbit: The Battle of the Five Armies | RuntimeStr: 144 min -> 144m | Duration: 9240.0s
2025-12-18 11:13:22.055 RedLemon[3216:26410] 🗓 Schedule Calc: Captain America: Brave New World | RuntimeStr: 119 min -> 119m | Duration: 7740.0s
2025-12-18 11:13:22.055 RedLemon[3216:26410] 🗓 Schedule Calc: Exit Wounds | RuntimeStr: 101 min -> 101m | Duration: 6660.0s
2025-12-18 11:13:22.055 RedLemon[3216:26410] 🗓 Schedule Calc: Snatch | RuntimeStr: 103 min -> 103m | Duration: 6780.0s
2025-12-18 11:13:22.055 RedLemon[3216:26410] 🗓 Schedule Calc: Triangle | RuntimeStr: 98 min -> 98m | Duration: 6480.0s
2025-12-18 11:13:22.055 RedLemon[3216:26410] 🗓 Schedule Calc: The Godfather Part III | RuntimeStr: 162 min -> 162m | Duration: 10320.0s
2025-12-18 11:13:22.056 RedLemon[3216:26410] 🗓 Schedule Calc: Creed | RuntimeStr: 133 min -> 133m | Duration: 8580.0s
2025-12-18 11:13:22.056 RedLemon[3216:26410] 🗓 Schedule Calc: The Black Phone | RuntimeStr: 103 min -> 103m | Duration: 6780.0s
2025-12-18 11:13:22.056 RedLemon[3216:26410] 🗓 Schedule Calc: The Godfather Part II | RuntimeStr: 202 min -> 202m | Duration: 12720.0s
2025-12-18 11:13:22.056 RedLemon[3216:26410] 🗓 Schedule Calc: Longlegs | RuntimeStr: 101 min -> 101m | Duration: 6660.0s
2025-12-18 11:13:22.056 RedLemon[3216:26410] 🗓 Schedule Calc: The Godfather | RuntimeStr: 175 min -> 175m | Duration: 11100.0s
2025-12-18 11:13:22.056 RedLemon[3216:26410] 🗓 Schedule Calc: The Last Samurai | RuntimeStr: 154 min -> 154m | Duration: 9840.0s
2025-12-18 11:13:22.056 RedLemon[3216:26410] 🗓 Schedule Calc: The Dark Knight | RuntimeStr: 152 min -> 152m | Duration: 9720.0s
2025-12-18 11:13:22.056 RedLemon[3216:26410] 🗓 Schedule Calc: Guardians of the Galaxy Vol. 3 | RuntimeStr: 150 min -> 150m | Duration: 9600.0s
2025-12-18 11:13:22.056 RedLemon[3216:26410] 🗓 Schedule Calc: The Equalizer | RuntimeStr: 132 min -> 132m | Duration: 8520.0s
2025-12-18 11:13:22.056 RedLemon[3216:26410] 🗓 Schedule Calc: It | RuntimeStr: 135 min -> 135m | Duration: 8700.0s
2025-12-18 11:13:22.056 RedLemon[3216:26410] 🗓 Schedule Calc: The Imitation Game | RuntimeStr: 113 min -> 113m | Duration: 7380.0s
2025-12-18 11:13:22.056 RedLemon[3216:26410] 🗓 Schedule Calc: Joe Dirt | RuntimeStr: 91 min -> 91m | Duration: 6060.0s
2025-12-18 11:13:22.056 RedLemon[3216:26410] 🗓 Schedule Calc: X-Men: Days of Future Past | RuntimeStr: 132 min -> 132m | Duration: 8520.0s
2025-12-18 11:13:22.056 RedLemon[3216:26410] 🗓 Schedule Calc: Rush Hour | RuntimeStr: 97 min -> 97m | Duration: 6420.0s
2025-12-18 11:13:22.056 RedLemon[3216:26410] 🗓 Schedule Calc: Guardians of the Galaxy Vol. 2 | RuntimeStr: 137 min -> 137m | Duration: 8820.0s
2025-12-18 11:13:22.056 RedLemon[3216:26410] 🗓 Schedule Calc: Hall Pass | RuntimeStr: 105 min -> 105m | Duration: 6900.0s
2025-12-18 11:13:22.056 RedLemon[3216:26410] 🗓 Schedule Calc: The Hunger Games: Catching Fire | RuntimeStr: 146 min -> 146m | Duration: 9360.0s
2025-12-18 11:13:22.056 RedLemon[3216:26410] 🗓 Schedule Calc: The Parent Trap | RuntimeStr: 128 min -> 128m | Duration: 8280.0s
2025-12-18 11:13:22.056 RedLemon[3216:26410] 🗓 Schedule Calc: The Accountant 2 | RuntimeStr: 133 min -> 133m | Duration: 8580.0s
2025-12-18 11:13:22.056 RedLemon[3216:26410] 🗓 Schedule Calc: xXx | RuntimeStr: 124 min -> 124m | Duration: 8040.0s
2025-12-18 11:13:22.056 RedLemon[3216:26410] 🗓 Schedule Calc: A Haunted House 2 | RuntimeStr: 87 min -> 87m | Duration: 5820.0s
2025-12-18 11:13:22.056 RedLemon[3216:26410] 🗓 Schedule Calc: Aliens vs. Predator: Requiem | RuntimeStr: 94 min -> 94m | Duration: 6240.0s
2025-12-18 11:13:22.056 RedLemon[3216:26410] 🗓 Schedule Calc: Blade Runner | RuntimeStr: 118 min -> 118m | Duration: 7680.0s
2025-12-18 11:13:22.057 RedLemon[3216:26410] 🗓 Schedule Calc: Baby Boy | RuntimeStr: 130 min -> 130m | Duration: 8400.0s
2025-12-18 11:13:22.057 RedLemon[3216:26410] 🗓 Schedule Calc: 2001: A Space Odyssey | RuntimeStr: 149 min -> 149m | Duration: 9540.0s
2025-12-18 11:13:22.057 RedLemon[3216:26410] 🗓 Schedule Calc: Léon: The Professional | RuntimeStr: 111 min -> 111m | Duration: 7260.0s
2025-12-18 11:13:22.057 RedLemon[3216:26410] 🗓 Schedule Calc: The Long Walk | RuntimeStr: 108 min -> 108m | Duration: 7080.0s
2025-12-18 11:13:22.057 RedLemon[3216:26410] 🗓 Schedule Calc: Stuber | RuntimeStr: 93 min -> 93m | Duration: 6180.0s
2025-12-18 11:13:22.057 RedLemon[3216:26410] 🗓 Schedule Calc: Sinister | RuntimeStr: 110 min -> 110m | Duration: 7200.0s
2025-12-18 11:13:22.057 RedLemon[3216:26410] 🗓 Schedule Calc: A.I. Artificial Intelligence | RuntimeStr: 146 min -> 146m | Duration: 9360.0s
2025-12-18 11:13:22.057 RedLemon[3216:26410] 🗓 Schedule Calc: Alien: Romulus | RuntimeStr: 119 min -> 119m | Duration: 7740.0s
2025-12-18 11:13:22.057 RedLemon[3216:26410] 🗓 Schedule Calc: The Woman in Cabin 10 | RuntimeStr: 95 min -> 95m | Duration: 6300.0s
2025-12-18 11:13:22.057 RedLemon[3216:26410] 🗓 Schedule Calc: Wanted | RuntimeStr: 110 min -> 110m | Duration: 7200.0s
2025-12-18 11:13:22.057 RedLemon[3216:26410] 🗓 Schedule Calc: Ocean's Eight | RuntimeStr: 111 min -> 111m | Duration: 7260.0s
2025-12-18 11:13:22.057 RedLemon[3216:26410] 🗓 Schedule Calc: Joker | RuntimeStr: 122 min -> 122m | Duration: 7920.0s
2025-12-18 11:13:22.057 RedLemon[3216:26410] 🗓 Schedule Calc: Catch Me If You Can | RuntimeStr: 141 min -> 141m | Duration: 9060.0s
2025-12-18 11:13:22.057 RedLemon[3216:26410] 🗓 Schedule Calc: Evil Dead 2 | RuntimeStr: 96 min -> 96m | Duration: 6360.0s
2025-12-18 11:13:22.057 RedLemon[3216:26410] 🗓 Schedule Calc: Cargo | RuntimeStr: 105 min -> 105m | Duration: 6900.0s
2025-12-18 11:13:22.057 RedLemon[3216:26410] 🗓 Schedule Calc: Barbie | RuntimeStr: 114 min -> 114m | Duration: 7440.0s
2025-12-18 11:13:22.057 RedLemon[3216:26410] 🗓 Schedule Calc: Mad Max: Fury Road | RuntimeStr: 121 min -> 121m | Duration: 7860.0s
2025-12-18 11:13:22.057 RedLemon[3216:26410] 🗓 Schedule Calc: Batman Returns | RuntimeStr: 126 min -> 126m | Duration: 8160.0s
2025-12-18 11:13:22.057 RedLemon[3216:26410] 🗓 Schedule Calc: The Naked Gun | RuntimeStr: 85 min -> 85m | Duration: 5700.0s
2025-12-18 11:13:22.057 RedLemon[3216:26410] 🗓 Schedule Calc: Cool Runnings | RuntimeStr: 98 min -> 98m | Duration: 6480.0s
2025-12-18 11:13:22.057 RedLemon[3216:26410] 🗓 Schedule Calc: Fractured | RuntimeStr: 101 min -> 101m | Duration: 6660.0s
2025-12-18 11:13:22.057 RedLemon[3216:26410] 🗓 Schedule Calc: Bugonia | RuntimeStr: 119 min -> 119m | Duration: 7740.0s
2025-12-18 11:13:22.058 RedLemon[3216:26410] 🗓 Schedule Calc: Shooter | RuntimeStr: 124 min -> 124m | Duration: 8040.0s
2025-12-18 11:13:22.058 RedLemon[3216:26410] 🗓 Schedule Calc: Weapons | RuntimeStr: 129 min -> 129m | Duration: 8340.0s
2025-12-18 11:13:22.058 RedLemon[3216:26410] 🗓 Schedule Calc: Contact | RuntimeStr: 150 min -> 150m | Duration: 9600.0s
2025-12-18 11:13:22.058 RedLemon[3216:26410] 🗓 Schedule Calc: Smile 2 | RuntimeStr: 127 min -> 127m | Duration: 8220.0s
2025-12-18 11:13:22.058 RedLemon[3216:26410] 🗓 Schedule Calc: Road House | RuntimeStr: 121 min -> 121m | Duration: 7860.0s
2025-12-18 11:13:22.058 RedLemon[3216:26410] 🗓 Schedule Calc: Deja Vu | RuntimeStr: 126 min -> 126m | Duration: 8160.0s
2025-12-18 11:13:22.058 RedLemon[3216:26410] 🗓 Schedule Calc: Southpaw | RuntimeStr: 123 min -> 123m | Duration: 7980.0s
2025-12-18 11:13:22.058 RedLemon[3216:26410] 🗓 Schedule Calc: Silent Night | RuntimeStr: 104 min -> 104m | Duration: 6840.0s
2025-12-18 11:13:22.058 RedLemon[3216:26410] 🗓 Schedule Calc: Casino Royale | RuntimeStr: 144 min -> 144m | Duration: 9240.0s
2025-12-18 11:13:22.058 RedLemon[3216:26410] 🗓 Schedule Calc: The Running Man | RuntimeStr: 133 min -> 133m | Duration: 8580.0s
2025-12-18 11:13:22.058 RedLemon[3216:26410] 🗓 Schedule Calc: The Covenant | RuntimeStr: 123 min -> 123m | Duration: 7980.0s
2025-12-18 11:13:22.058 RedLemon[3216:26410] 🗓 Schedule Calc: Bad Boys for Life | RuntimeStr: 124 min -> 124m | Duration: 8040.0s
2025-12-18 11:13:22.058 RedLemon[3216:26410] 🗓 Schedule Calc: Blade: Trinity | RuntimeStr: 123 min -> 123m | Duration: 7980.0s
2025-12-18 11:13:22.058 RedLemon[3216:26410] 🗓 Schedule Calc: Freaky Tales | RuntimeStr: 107 min -> 107m | Duration: 7020.0s
2025-12-18 11:13:22.058 RedLemon[3216:26410] 🗓 Schedule Calc: The Fantastic Four: First Steps | RuntimeStr: 115 min -> 115m | Duration: 7500.0s
2025-12-18 11:13:22.058 RedLemon[3216:26410] 🗓 Schedule Calc: Fast & Furious Presents: Hobbs & Shaw | RuntimeStr: 137 min -> 137m | Duration: 8820.0s
2025-12-18 11:13:22.058 RedLemon[3216:26410] 🗓 Schedule Calc: No Country for Old Men | RuntimeStr: 122 min -> 122m | Duration: 7920.0s
2025-12-18 11:13:22.058 RedLemon[3216:26410] 🗓 Schedule Calc: Top Gun: Maverick | RuntimeStr: 131 min -> 131m | Duration: 8460.0s
2025-12-18 11:13:22.058 RedLemon[3216:26410] 🗓 Schedule Calc: No Escape | RuntimeStr: 103 min -> 103m | Duration: 6780.0s
2025-12-18 11:13:22.058 RedLemon[3216:26410] 🗓 Schedule Calc: The Exorcist | RuntimeStr: 122 min -> 122m | Duration: 7920.0s
2025-12-18 11:13:22.058 RedLemon[3216:26410] 🗓 Schedule Calc: Die Hard | RuntimeStr: 132 min -> 132m | Duration: 8520.0s
2025-12-18 11:13:22.058 RedLemon[3216:26410] 🗓 Schedule Calc: The Smashing Machine | RuntimeStr: 123 min -> 123m | Duration: 7980.0s
2025-12-18 11:13:22.058 RedLemon[3216:26410] 🗓 Schedule Calc: Fruitvale Station | RuntimeStr: 82 min -> 82m | Duration: 5520.0s
2025-12-18 11:13:22.059 RedLemon[3216:26410] 🗓 Schedule Calc: Playdate | RuntimeStr: 93 min -> 93m | Duration: 6180.0s
2025-12-18 11:13:22.059 RedLemon[3216:26410] 🗓 Schedule Calc: Presence | RuntimeStr: 84 min -> 84m | Duration: 5640.0s
2025-12-18 11:13:22.059 RedLemon[3216:26410] 🗓 Schedule Calc: Fracture | RuntimeStr: 113 min -> 113m | Duration: 7380.0s
2025-12-18 11:13:22.059 RedLemon[3216:26410] 🗓 Schedule Calc: Insidious | RuntimeStr: 102 min -> 102m | Duration: 6720.0s
2025-12-18 11:13:22.059 RedLemon[3216:26410] 🗓 Schedule Calc: Plane | RuntimeStr: 107 min -> 107m | Duration: 7020.0s
2025-12-18 11:13:22.059 RedLemon[3216:26410] 🗓 Schedule Calc: It | RuntimeStr: 135 min -> 135m | Duration: 8700.0s
2025-12-18 11:13:22.059 RedLemon[3216:26410] 🗓 Schedule Calc: Venom: Let There Be Carnage | RuntimeStr: 97 min -> 97m | Duration: 6420.0s
2025-12-18 11:13:22.059 RedLemon[3216:26410] 🗓 Schedule Calc: Pulp Fiction | RuntimeStr: 154 min -> 154m | Duration: 9840.0s
2025-12-18 11:13:22.059 RedLemon[3216:26410] 🗓 Schedule Calc: Men in Black | RuntimeStr: 98 min -> 98m | Duration: 6480.0s
2025-12-18 11:13:22.059 RedLemon[3216:26410] 🗓 Schedule Calc: Batman v Superman: Dawn of Justice | RuntimeStr: 152 min -> 152m | Duration: 9720.0s
2025-12-18 11:13:22.059 RedLemon[3216:26410] 🗓 Schedule Calc: Thir13en Ghosts | RuntimeStr: 91 min -> 91m | Duration: 6060.0s
2025-12-18 11:13:22.059 RedLemon[3216:26410] 🗓 Schedule Calc: Hall Pass | RuntimeStr: 105 min -> 105m | Duration: 6900.0s
2025-12-18 11:13:22.059 RedLemon[3216:26410] 🗓 Schedule Calc: Hall Pass | RuntimeStr: 105 min -> 105m | Duration: 6900.0s
2025-12-18 11:13:22.059 RedLemon[3216:26410] 🗓 Schedule Calc: Ma | RuntimeStr: 99 min -> 99m | Duration: 6540.0s
2025-12-18 11:13:22.059 RedLemon[3216:26410] 🗓 Schedule Calc: The Orphanage | RuntimeStr: 105 min -> 105m | Duration: 6900.0s
2025-12-18 11:13:22.059 RedLemon[3216:26410] 🗓 Schedule Calc: The Prestige | RuntimeStr: 130 min -> 130m | Duration: 8400.0s
2025-12-18 11:13:22.059 RedLemon[3216:26410] 🗓 Schedule Calc: Bring Her Back | RuntimeStr: 104 min -> 104m | Duration: 6840.0s
2025-12-18 11:13:22.059 RedLemon[3216:26410] 🗓 Schedule Calc: Tower Heist | RuntimeStr: 104 min -> 104m | Duration: 6840.0s
2025-12-18 11:13:22.059 RedLemon[3216:26410] 🗓 Schedule Calc: Pirates of the Caribbean: On Stranger Tides | RuntimeStr: 136 min -> 136m | Duration: 8760.0s
2025-12-18 11:13:22.059 RedLemon[3216:26410] 🗓 Schedule Calc: The Dark Knight Rises | RuntimeStr: 165 min -> 165m | Duration: 10500.0s
2025-12-18 11:13:22.060 RedLemon[3216:26410] 🗓 Schedule Calc: Escape Room | RuntimeStr: 99 min -> 99m | Duration: 6540.0s
2025-12-18 11:13:22.060 RedLemon[3216:26410] 🗓 Schedule Calc: A Bronx Tale | RuntimeStr: 121 min -> 121m | Duration: 7860.0s
2025-12-18 11:13:22.060 RedLemon[3216:26410] 🗓 Schedule Calc: It: Chapter Two | RuntimeStr: 169 min -> 169m | Duration: 10740.0s
2025-12-18 11:13:22.060 RedLemon[3216:26410] 🗓 Schedule Calc: Kill Bill: Vol. 1 | RuntimeStr: 111 min -> 111m | Duration: 7260.0s
2025-12-18 11:13:22.060 RedLemon[3216:26410] 🗓 Schedule Calc: Wonder Woman | RuntimeStr: 141 min -> 141m | Duration: 9060.0s
2025-12-18 11:13:22.060 RedLemon[3216:26410] 🗓 Schedule Calc: Her | RuntimeStr: 126 min -> 126m | Duration: 8160.0s
2025-12-18 11:13:22.060 RedLemon[3216:26410] 🗓 Schedule Calc: Deadpool & Wolverine | RuntimeStr: 128 min -> 128m | Duration: 8280.0s
2025-12-18 11:13:22.060 RedLemon[3216:26410] 🗓 Schedule Calc: Central Intelligence | RuntimeStr: 107 min -> 107m | Duration: 7020.0s
2025-12-18 11:13:22.060 RedLemon[3216:26410] 🗓 Schedule Calc: War of the Worlds | RuntimeStr: 117 min -> 117m | Duration: 7620.0s
2025-12-18 11:13:22.060 RedLemon[3216:26410] 🗓 Schedule Calc: The Avengers | RuntimeStr: 143 min -> 143m | Duration: 9180.0s
2025-12-18 11:13:22.060 RedLemon[3216:26410] 🗓 Schedule Calc: Borderlands | RuntimeStr: 101 min -> 101m | Duration: 6660.0s
2025-12-18 11:13:22.060 RedLemon[3216:26410] 🗓 Schedule Calc: Smile 2 | RuntimeStr: 127 min -> 127m | Duration: 8220.0s
2025-12-18 11:13:22.060 RedLemon[3216:26410] 🗓 Schedule Calc: The Jacket | RuntimeStr: 103 min -> 103m | Duration: 6780.0s
2025-12-18 11:13:22.060 RedLemon[3216:26410] 🗓 Schedule Calc: John Wick: Chapter 3 - Parabellum | RuntimeStr: 131 min -> 131m | Duration: 8460.0s
2025-12-18 11:13:22.060 RedLemon[3216:26410] 🗓 Schedule Calc: Gone Girl | RuntimeStr: 149 min -> 149m | Duration: 9540.0s
2025-12-18 11:13:22.060 RedLemon[3216:26410] 🗓 Schedule Calc: Taken 2 | RuntimeStr: 91 min -> 91m | Duration: 6060.0s
2025-12-18 11:13:22.060 RedLemon[3216:26410] ✅ Using Specific Schedule Item! Start: 2025-12-18 16:00:42 +0000, Pos: 760.1549456119537
2025-12-18 11:13:22.060 RedLemon[3216:26410] 🎉 Detected Event Room join! StartTime: 2025-12-18 15:53:41 +0000, Pos: 760.1549456119537s
2025-12-18 11:13:22.259 RedLemon[3216:26410] 🖼️ Loading background art: https://images.metahub.space/background/medium/tt0126029/img
2025-12-18 11:13:22.259 RedLemon[3216:26410] ⏳ Background art loading...
2025-12-18 11:13:22.259 RedLemon[3216:26410] 🎨 Loading logo: https://images.metahub.space/logo/medium/tt0126029/img
2025-12-18 11:13:22.259 RedLemon[3216:26410] ⏳ Logo loading...
2025-12-18 11:13:22.737 RedLemon[3216:26410] ✅ Logo loaded successfully
2025-12-18 11:13:22.739 RedLemon[3216:26410] ✅ Background art loaded successfully
2025-12-18 11:13:22.816 RedLemon[3216:26410]    Quality: 1080p
2025-12-18 11:13:22.816 RedLemon[3216:26410]    Mode: watchParty
2025-12-18 11:13:22.816 RedLemon[3216:26410] 📡 Fetching metadata for tt0126029...
2025-12-18 11:13:22.859 RedLemon[3216:26410] 🎬 GUEST: Using host's stream selection (skipping resolution)
2025-12-18 11:13:22.860 RedLemon[3216:26410] ⚠️ GUEST: Detected quality from filename: 720p
2025-12-18 11:13:22.860 RedLemon[3216:26410] 🎬 GUEST: Searching for subtitles locally...

📡 [EventsConfig] Checking server for movie_events config version...
✅ [EventsConfig] Fetched movie_events version 1356 with 448 movies
✅ [EventsConfig] Using cached movie_events config (version 1356, 448 movies)
✅ Cache HIT: Metadata[meta_movie_tt0126029]
🎬 PlayerVM: Starting playback for: Shrek
✅ Cache HIT: Metadata[meta_movie_tt0126029]


✅ [SYNC VERIFICATION] LOCKING TO SHARED STREAM (SYSTEM/HOST) 🔒
[ INFO ] GET /subtitles/search [request-id: 7013340F-7ED7-474F-9CF7-7573EA278F51]
2025-12-18 11:13:23.048 RedLemon[3216:26410] ✅ GUEST: Found 10 subtitles
2025-12-18 11:13:23.052 RedLemon[3216:26410] 🎬🎬🎬 MPVPlayerView INIT called - streamURL: https://chi9-4.download.real-debrid.com/d/UO3TCCC2I6MRA43/Sh, subtitles: 10
2025-12-18 11:13:23.127 RedLemon[3216:26410] ✅ Stream ready, starting playback...
2025-12-18 11:13:23.127 RedLemon[3216:26410] 🖥️ WindowManager: enterFullscreen() called
2025-12-18 11:13:23.127 RedLemon[3216:26410]    Window: <SwiftUI.SwiftUIWindow: 0x7f7b2ae71290>
2025-12-18 11:13:23.127 RedLemon[3216:26410]    Is fullscreen: 0
2025-12-18 11:13:23.127 RedLemon[3216:26410]    ✅ WindowManager: Toggling fullscreen ON
2025-12-18 11:13:23.158 RedLemon[3216:26410] 🖼️ Setting up MPV with native macOS video output...
2025-12-18 11:13:23.163 RedLemon[3216:26410] ✅ MPV initialized with native GPU rendering
2025-12-18 11:13:23.167 RedLemon[3216:26410] 🎬🎬🎬 MPVPlayerView .task starting
2025-12-18 11:13:23.167 RedLemon[3216:26410] 🎉 Starting watch party sync - Room: event_tt0126029, Host: NO
2025-12-18 11:13:23.167 RedLemon[3216:26410] 🎉 Watch Party Mode ENABLED. isInWatchParty = YES
2025-12-18 11:13:23.217 RedLemon[3216:26410] 🔄 Starting chat polling for room: event_tt0126029
2025-12-18 11:13:23.217 RedLemon[3216:26410] ✅ Watch party sync started successfully - isInWatchParty is now TRUE
2025-12-18 11:13:23.217 RedLemon[3216:26410] 🎬🎬🎬 About to call loadStream - isInWatchParty: YES
2025-12-18 11:13:23.218 RedLemon[3216:26410] 🎬🎬🎬 Subtitles: 10
2025-12-18 11:13:23.218 RedLemon[3216:26410] 🎬🎬🎬 LOADSTREAM CALLED - streamTitle: Shrek
2025-12-18 11:13:23.218 RedLemon[3216:26410] 🎬🎬🎬 streamURL: https://chi9-4.download.real-debrid.com/d/UO3TCCC2I6MRA43/Sh
2025-12-18 11:13:23.218 RedLemon[3216:26410] 🎬🎬🎬 subtitles: 10
2025-12-18 11:13:23.218 RedLemon[3216:26410] 🎬🎬🎬 MPVPlayerView .task completed
2025-12-18 11:13:23.229 RedLemon[3216:27331] 🎬 MPV: Current video filename set to: Shrek.2001.720p.BluRay.H264.AAC-RARBG.mp4
2025-12-18 11:13:23.229 RedLemon[3216:27331] 🎬 MPV loadVideo called with URL: https://chi9-4.download.real-debrid.com/d/UO3TCCC2I6MRA43/Shrek.2001.720p.BluRay.H264.AAC-RARBG.mp4, autoplay: true
2025-12-18 11:13:23.229 RedLemon[3216:27331] 🎬 MPV executing command: loadfile "https://chi9-4.download.real-debrid.com/d/UO3TCCC2I6MRA43/Shrek.2001.720p.BluRay.H264.AAC-RARBG.mp4"
2025-12-18 11:13:23.230 RedLemon[3216:27331] 🎬 MPV loadfile result: 0
2025-12-18 11:13:23.230 RedLemon[3216:27331] ✅ MPV loadfile succeeded, isPlaying set to true
2025-12-18 11:13:23.230 RedLemon[3216:27310] ℹ️ SubDL subtitles detected - downloading to local files in background...
2025-12-18 11:13:23.230 RedLemon[3216:27310] 🔍 SubtitleService: Downloading http://127.0.0.1:47253/subtitles/subdl/L3N1YnRpdGxlLzM0MjQ5MTEtODM0ODUwMy56aXA=
🔍 Subtitle search request: tt0126029 (movie)
🔍 Searching SubDL: tt0126029 (movie)
📝 SubDL Raw Response: {"status":true,"results":[{"sd_id":21603,"type":"movie","name":"Shrek","imdb_id":"tt0126029","tmdb_id":808,"first_air_date":null,"release_date":"2001-05-16T00:00:00.000Z","year":2001}],"subtitles":[{"release_name":"Shrek.2001.1080p.BluRay.x265-YAWNTiC_eng SDH","name":"Shrek.2001.1080p.BluRay.x265-YAWNTiC_eng SDH.zip","lang":"English","author":"YTSDD","url":"/subtitle/3534457-8423747.zip","subtitlePage":"/s/info/rW5VoYnipI","season":0,"episode":null,"language":"EN","hi":false,"episode_from":null,"episode_end":0,"full_season":false},{"release_name":"Shrek.2001.1080p.BluRay.x265-YAWNTiC_eng","name":"Shrek.2001.1080p.BluRay.x265-YAWNTiC_eng.zip","lang":"English","author":"YTSDD","url":"/subtitle/3501322-8423748.zip","subtitlePage":"/s/info/fUoDDFtVeG2","season":0,"episode":null,"language":"EN","hi":false,"episode_from":null,"episode_end":0,"full_season":false},{"release_name":"shrek.2001.2160p.uhd.bluray.x265-b0mbardiers","name":"shrek.2001.2160p.uhd.bluray.x265-b0mbardiers.zip","lang":"English","author":"dlks","url":"/subtitle/3430157-8353874.zip","subtitlePage":"/s/info/lON6ZOc0lg","season":0,"episode":1,"language":"EN","hi":false,"episode_from":1,"episode_end":1,"full_season":false},{"release_name":"Shrek.2001.1080p.BluRay.x264.YIFY","name":"Shrek.2001.1080p.BluRay.x264.YIFY.zip","lang":"English","author":"Krish Sahu","url":"/subtitle/3424911-8348503.zip","subtitlePage":"/s/info/GvsuHKRuLK","season":0,"episode":null,"language":"EN","hi":false,"episode_from":null,"episode_end":0,"full_season":false},{"release_name":"Shrek.2001.1080p.BluRay.x264.YIFY","name":"Shrek.2001.1080p.BluRay.x264.YIFY.zip","lang":"English","author":"Krish Sahu","url":"/subtitle/3424909-8348501.zip","subtitlePage":"/s/info/KeH8fXnwk9","season":0,"episode":null,"language":"EN","hi":false,"episode_from":null,"episode_end":0,"full_season":false},{"release_name":"Shrek.2001.1080p.BluRay.x264.YIFY","name":"Shrek.2001.1080p.BluRay.x264.YIFY.zip","lang":"English","author":"Krish Sahu","url":"/subtitle/3424908-8348500.zip","subtitlePage":"/s/info/FGaTZzJphq","season":0,"episode":null,"language":"EN","hi":false,"episode_from":null,"episode_end":0,"full_season":false},{"release_name":"Shrek.2001.1080p.BluRay.H264.AAC-RARBG","name":"shrek-2001_english-3199720.zip","lang":"english","author":"Miran_murad","url":"/subtitle/3327449-3199720.zip","subtitlePage":"/s/info/DVtEDeWblq","season":0,"episode":null,"language":"EN","hi":false,"episode_from":null,"episode_end":0,"full_season":false},{"release_name":"Shrek.2001.2160p.4K.BluRay.x265.10bit.AAC5.1-[YTS.MX]-001","name":"SUBDL::shrek-2001-english-3205569.zip","lang":"english","author":"carlthesatin","url":"/subtitle/3189595-3205569.zip","subtitlePage":"/s/info/EAnLtPIiYf","season":0,"episode":null,"language":"EN","hi":false,"episode_from":null,"episode_end":0,"full_season":false},{"release_name":"Shrek.2001.UHD.BluRay.2160p.DTS-X.7.1.HEVC.REMUX-FraMeSToR","name":"SUBDL::shrek-2001-english-3059381.zip","lang":"english","author":"Madhalo","url":"/subtitle/3051668-3059381.zip","subtitlePage":"/s/info/vrTyufJV4F","season":0,"episode":null,"language":"EN","hi":false,"episode_from":null,"episode_end":0,"full_season":false},{"release_name":"Shrek.2001.1080p.BluRay.H264.AAC-RARBG","name":"SUBDL::shrek-2001-english-2978661.zip","lang":"english","author":"makoslade24","url":"/subtitle/2983897-2978661.zip","subtitlePage":"/s/info/SyAiiEtRQv","season":0,"episode":null,"language":"EN","hi":false,"episode_from":null,"episode_end":0,"full_season":false}],"totalPages":6,"currentPage":1}
✅ Found 10 subtitles from SubDL
📝 SubDL results for movie:
   [1] Shrek.2001.1080p.BluRay.x264.YIFY [EN] (score: 28)
   [2] Shrek.2001.1080p.BluRay.x264.YIFY [EN] (score: 28)
   [3] Shrek.2001.1080p.BluRay.x264.YIFY [EN] (score: 28)
   [4] Shrek.2001.1080p.BluRay.x265-YAWNTiC_eng SDH [EN] (score: 20)
   [5] Shrek.2001.1080p.BluRay.x265-YAWNTiC_eng [EN] (score: 20)
   [6] shrek.2001.2160p.uhd.bluray.x265-b0mbardiers [EN] (score: 20)
   [7] Shrek.2001.1080p.BluRay.H264.AAC-RARBG [EN] (score: 20)
   [8] Shrek.2001.1080p.BluRay.H264.AAC-RARBG [EN] (score: 20)
   [9] Shrek.2001.2160p.4K.BluRay.x265.10bit.AAC5.1-[YTS.MX]-001 [EN] (score: 18)
   [10] Shrek.2001.UHD.BluRay.2160p.DTS-X.7.1.HEVC.REMUX-FraMeSToR [EN] (score: 5)
✅ Subtitle search returned 10 results
🎬 RedLemon: Creating MPVPlayerView
   Stream URL: https://chi9-4.download.real-debrid.com/d/UO3TCCC2I6MRA43/Sh
   Display Title: Shrek
   Subtitle URLs: 10
      [0] Shrek.2001.1080p.BluRay.x264.YIFY
      [1] Shrek.2001.1080p.BluRay.x264.YIFY
      [2] Shrek.2001.1080p.BluRay.x264.YIFY
      [3] Shrek.2001.1080p.BluRay.x265-YAWNTiC_eng SDH
      [4] Shrek.2001.1080p.BluRay.x265-YAWNTiC_eng
      [5] shrek.2001.2160p.uhd.bluray.x265-b0mbardiers
      [6] Shrek.2001.1080p.BluRay.H264.AAC-RARBG
      [7] Shrek.2001.1080p.BluRay.H264.AAC-RARBG
      [8] Shrek.2001.2160p.4K.BluRay.x265.10bit.AAC5.1-[YTS.MX]-001
      [9] Shrek.2001.UHD.BluRay.2160p.DTS-X.7.1.HEVC.REMUX-FraMeSToR
🎬 MPVWrapper: Creating embedded MPV with render context...
✅ MPV handle created
🎬 MPVLayerHostView initialized
🎬 Event playback detected - starting auto-exit monitor
🧠 StreamService: Marked hash 8ee16e63 as attempted for tt0126029
🎬 Created CGL pixel format (Core Profile 3.2)
🎬 Created CGL context with vsync enabled
🎬 MPVViewLayer initialized with async rendering
🎬 Video layer assigned to host view
🎬 Creating MPV render context with OpenGL (IINA method)...
🎬 MPV: Frame ready! Calling layer.update() (throttled)
✅ Render context created successfully (IINA method)
🎬 Layer.update() called - forceDraw:false needsFlip:true (throttled)
🎬 CVDisplayLink started
🎉 Starting watch party: roomId=event_tt0126029, isHost=false
🔌 Setting up Realtime channel: watch-party:event_tt0126029
   Role: Guest
   User ID: 656DAA91-33B4-4688-9135-C982EA52D7C9
📡 Connection state: connecting
📡 Joined channel: realtime:watch-party:event_tt0126029
📡 Connection state: connected
✅ Realtime channel setup complete
🎬 DisplayLink: reportSwap() (throttled)
⏯️ MPV: Pause state changed to false -> isPlaying = true
⚡️ PlaybackService: creating sleep assertion (preventing idle sleep)
✅ Watch party sync initialized with Realtime
🎬 Loading stream: Shrek
   IMDB: tt0126029
   URL: https://chi9-4.download.real-debrid.com/d/UO3TCCC2I6MRA43/Sh...
   Hash: 8ee16e63...
   Source: BluRay
💬 Added mock chat messages for testing
🎉 EVENT MODE: Autoplaying immediately (ignoring watch party gates)
📡 Fetching metadata for tt0126029 as movie...
📝 Pre-loading external subtitles (Top 3)...
✅ Cache HIT: Metadata[meta_movie_tt0126029]
📨 Received: {"ref":"61B7790E-23D6-46F4-BD77-95E826E8132D","event":"phx_reply","payload":{"status":"ok","response":{"postgres_changes":[]}},"topic":"realtime:watch-party:event_tt0126029"}
📨 Received: {"ref":null,"event":"presence_state","payload":{"6a5435c0-dc2c-11f0-85a6-0a58a9feac02":{"metas":[{"phx_ref":"GIJbSeqY38TQVUIQ","is_host":false,"joined_at":1766074376.7786741,"user_id":"96E01CDB-36C0-4228-A6E4-A29A3C66BC8E","username":"lemontom"}]}},"topic":"realtime:watch-party:event_tt0126029"}
[ INFO ] GET /subtitles/subdl/L3N1YnRpdGxlLzM0MjQ5MTEtODM0ODUwMy56aXA= [request-id: F5B998F6-0895-4E9B-B9E0-6E851183CE3E]
2025-12-18 11:13:23.435 RedLemon[3216:26410] 🔍 MPV track-list/count: 0
2025-12-18 11:13:23.435 RedLemon[3216:26410] 📊 Total subtitle tracks found: 1 (including Off if needed)
2025-12-18 11:13:23.435 RedLemon[3216:26410]    Start[0]: ID=0, Title='Off', Lang='nil', Ext=0
2025-12-18 11:13:23.561 RedLemon[3216:26410] 👥 MPVPlayer: Updated participants list via polling: 2
2025-12-18 11:13:23.742 RedLemon[3216:27310] ✅ Subtitle 1 downloaded to: /var/folders/3v/s3d75ntd4v90_pg0mb6rmlz40000gn/T/sub_2C465715-3333-4A4E-8C20-D69D3B86ECB6.vtt
2025-12-18 11:13:23.742 RedLemon[3216:27310] 📝 Loading subtitle from: /var/folders/3v/s3d75ntd4v90_pg0mb6rmlz40000gn/T/sub_2C465715-3333-4A4E-8C20-D69
2025-12-18 11:13:23.759 RedLemon[3216:27310] ✅ External subtitle added to track list (not auto-selected)
2025-12-18 11:13:23.759 RedLemon[3216:27310] 🔍 SubtitleService: Downloading http://127.0.0.1:47253/subtitles/subdl/L3N1YnRpdGxlLzM0MjQ5MDktODM0ODUwMS56aXA=
📨 Received: {"ref":"9","event":"phx_reply","payload":{"status":"ok","response":{}},"topic":"realtime:watch-party:event_tt0126029"}
📨 Received: {"ref":null,"event":"presence_diff","payload":{"joins":{"2f6fbdbc-dc2c-11f0-934a-0a58a9feac02":{"metas":[{"phx_ref":"GIJbUBOXAF5cJQSD","phx_ref_prev":"GIJbTtpw-olcJV0K","last_seen":"2025-12-18T16:13:23.229Z","room_id":"event_tt0126029","started_at":"2025-12-18T16:13:23.229Z","status":"online","user_id":"656daa91-33b4-4688-9135-c982ea52d7c9","username":"ursinho","watching_id":"tt0126029","watching_title":"Shrek","watching_type":"movie"}]}},"leaves":{"2f6fbdbc-dc2c-11f0-934a-0a58a9feac02":{"metas":[{"phx_ref":"GIJbTtpw-olcJV0K","phx_ref_prev":"GIJbS688S_ZcJWzJ","last_seen":"2025-12-18T16:13:17.967Z","status":"Browsing Events","user_id":"656daa91-33b4-4688-9135-c982ea52d7c9","username":"ursinho"}]}}},"topic":"realtime:global-presence"}
📨 Received: {"ref":null,"event":"presence_diff","payload":{"joins":{"7a162c66-dc2c-11f0-8d0e-0a58a9feac02":{"metas":[{"phx_ref":"GIJbUBLu9G8tQ3jG","is_host":false,"joined_at":1766074403.2069988,"user_id":"656DAA91-33B4-4688-9135-C982EA52D7C9","username":"ursinho"}]}},"leaves":{}},"topic":"realtime:watch-party:event_tt0126029"}
📨 Received: {"ref":"16","event":"phx_reply","payload":{"status":"ok","response":{}},"topic":"realtime:global-presence"}
📄 Subtitle request: L3N1YnRpdGxlLzM0MjQ5... (offset: 0ms)
📥 Downloading subtitle from SubDL CDN: /subtitle/3424911-8348503.zip
👁️ ChatOverlayView appeared - UI UPDATE ROUND 6
⌨️ ChatOverlayView: Triggering input focus (showChat=true)
✅ Got background: https://images.metahub.space/background/medium/tt0126029/img...
✅ Got poster URL: https://images.metahub.space/poster/small/tt0126029/img...
✅ Got logo: https://images.metahub.space/logo/medium/tt0126029/img...
📡 SocialService: Updated status - online: Shrek
➕ Added new participant 96e01cdb-36c0-4228-a6e4-a29a3c66bc8e (Ref: GIJbSeqY38TQVUIQ)
⚠️ Self (656daa91-33b4-4688-9135-c982ea52d7c9) was missing from list - restoring.
🔄 Updated existing participant 656daa91-33b4-4688-9135-c982ea52d7c9 with Ref: GIJbUBLu9G8tQ3jG
⏰ AppState: Next schedule update set for Event End: 2025-12-18 17:40:42 +0000
⏰ AppState: Scheduling update in 5239 seconds
✅ Video ready - hiding poster
🌐 Selecting English audio and subtitle tracks...
💾 Restoring saved subtitle offset: 2000.0ms
💾 Saved subtitle offset: 2000.0ms for tt0126029
📊 Found 0 audio tracks
📊 Found 1 subtitle tracks (including 'Off')
   Subtitle: ID=0 lang=nil title=Off
📊 After filtering: 0 actual subtitle tracks
ℹ️ No subtitle tracks found in video yet
🎉 EVENT: Recalculating seek time at video ready
   Event started at: 2025-12-18 16:00:42 +0000
   Current time: 2025-12-18 16:13:23 +0000
   Elapsed: 761s
   Seeking to: 761s
🎯 IMMEDIATE RESUME: Seeking to 761s without delay
📝 Started watch history tracking
⏳ MPVPlayerViewModel: Enhancing UI - Buffering started (show spinner)
⏱️ Subtitle offset set to 2000.0ms
⚡️ PlaybackService: releasing sleep assertion
🔍 Supabase Response for /rooms: [{"id":"event_tt0126029","name":"Shrek","host_user_id":"656daa91-33b4-4688-9135-c982ea52d7c9","host_username":"RedLemon Events","stream_hash":"8ee16e63bcc4fa9688c924e3607b60771a672ca9","imdb_id":"tt0126029","poster_url":"https://images.metahub.space/poster/small/tt0126029/img","backdrop_url":"https://images.metahub.space/background/medium/tt0126029/img","playback_position":0,"is_playing":false,"participants_count":2,"max_participants":50,"is_public":true,"created_at":"2025-12-18T15:53:41.227162","last_activity":"2025-12-18T16:10:39.142023","season":null,"episode":null,"selected_quality":null,"selected_file_idx":null,"unlocked_stream_url":"https://chi9-4.download.real-debrid.com/d/UO3TCCC2I6MRA43/Shrek.2001.720p.BluRay.H264.AAC-RARBG.mp4","description":null,"current_playlist_index":0,"playlist":[],"subtitle_url":"http://127.0.0.1:47253/subtitles/subdl/L3N1YnRpdGxlLzM0MjQ5MTEtODM0ODUwMy56aXA=?token=8E4D115B-B6A7-493E-B866-45E722543045"}]
🔍 Supabase Response for /rooms: []
✅ Download complete: 40622 bytes
📦 Detected ZIP archive, extracting...
⚠️ No specific episode match found, using first file: Shrek.2001.1080p.BluRay.x264.YIFY.srt
📨 Received: {"ref":null,"event":"presence_diff","payload":{"joins":{"f68d2368-dc2b-11f0-a84c-0a58a9feac02":{"metas":[{"phx_ref":"GIJbT_cZ9plB-uMF","phx_ref_prev":"GIJbS1c5g15B-qFJ","last_seen":"2025-12-18T16:13:22.757Z","room_id":"event_tt0126029","started_at":"2025-12-18T16:12:56.797Z","status":"online","user_id":"96e01cdb-36c0-4228-a6e4-a29a3c66bc8e","username":"lemontom","watching_id":"tt0126029","watching_title":"Shrek","watching_type":"movie"}]}},"leaves":{"f68d2368-dc2b-11f0-a84c-0a58a9feac02":{"metas":[{"phx_ref":"GIJbS1c5g15B-qFJ","phx_ref_prev":"GIJbSes5Px1B-htD","last_seen":"2025-12-18T16:13:02.903Z","room_id":"event_tt0126029","started_at":"2025-12-18T16:12:56.797Z","status":"online","user_id":"96e01cdb-36c0-4228-a6e4-a29a3c66bc8e","username":"lemontom","watching_id":"tt0126029","watching_title":"Shrek","watching_type":"movie"}]}}},"topic":"realtime:global-presence"}
✅ Extraction successful
🔍 Supabase Response for /rooms: []
🔍 Supabase Response for /rooms: []
✅ Subtitle downloaded and converted to VTT
[ INFO ] GET /subtitles/subdl/L3N1YnRpdGxlLzM0MjQ5MDktODM0ODUwMS56aXA= [request-id: 0AE96D10-DD8E-4347-8979-85BB31AC7F5F]
2025-12-18 11:13:23.973 RedLemon[3216:27385] ⏳ MPV: File not fully loaded yet. Queueing PENDING SEEK to 761.4s
2025-12-18 11:13:24.370 RedLemon[3216:26503] ✅ Subtitle 2 downloaded to: /var/folders/3v/s3d75ntd4v90_pg0mb6rmlz40000gn/T/sub_BE43DE8C-552B-40BD-8AAE-F15B5C6AE523.vtt
2025-12-18 11:13:24.370 RedLemon[3216:26503] 📝 Loading subtitle from: /var/folders/3v/s3d75ntd4v90_pg0mb6rmlz40000gn/T/sub_BE43DE8C-552B-40BD-8AAE-F15
2025-12-18 11:13:24.382 RedLemon[3216:26503] ✅ External subtitle added to track list (not auto-selected)
2025-12-18 11:13:24.382 RedLemon[3216:26503] 🔍 SubtitleService: Downloading http://127.0.0.1:47253/subtitles/subdl/L3N1YnRpdGxlLzM0MjQ5MDgtODM0ODUwMC56aXA=
📄 Subtitle request: L3N1YnRpdGxlLzM0MjQ5... (offset: 0ms)
📥 Downloading subtitle from SubDL CDN: /subtitle/3424909-8348501.zip
⚠️ Video duration not available yet (0.0s), performing BLIND SEEK to 761s...
🎯 Executing immediate seek to 761s...
⚡️ PlaybackService: creating sleep assertion (preventing idle sleep)
✅ Resumed playback after seek to 761s
🎬 DisplayLink: reportSwap() (throttled)
⚠️ onVideoReady called again - ignoring to prevent loops
✅ Download complete: 40622 bytes
📦 Detected ZIP archive, extracting...
⚠️ No specific episode match found, using first file: Shrek.2001.1080p.BluRay.x264.YIFY.srt
✅ Extraction successful
✅ Subtitle downloaded and converted to VTT
[ INFO ] GET /subtitles/subdl/L3N1YnRpdGxlLzM0MjQ5MDgtODM0ODUwMC56aXA= [request-id: D23A01BB-E3A3-4596-893D-5F88C6A0847D]
2025-12-18 11:13:25.932 RedLemon[3216:27331] ✅ Subtitle 3 downloaded to: /var/folders/3v/s3d75ntd4v90_pg0mb6rmlz40000gn/T/sub_CCACC08E-5276-46C7-B7EA-5ED9E41E8DEA.vtt
2025-12-18 11:13:25.932 RedLemon[3216:27331] 📝 Loading subtitle from: /var/folders/3v/s3d75ntd4v90_pg0mb6rmlz40000gn/T/sub_CCACC08E-5276-46C7-B7EA-5ED
2025-12-18 11:13:25.949 RedLemon[3216:27331] ✅ External subtitle added to track list (not auto-selected)
2025-12-18 11:13:25.949 RedLemon[3216:27331] 🔍 MPV track-list/count: 3
2025-12-18 11:13:25.949 RedLemon[3216:27331] 🔍 Track 0 type: sub
2025-12-18 11:13:25.949 RedLemon[3216:27331] ✅ Found subtitle track: ID=1, lang=en, title=Shrek.2001.1080p.BluRay.x264.YIFY, external=1
2025-12-18 11:13:25.949 RedLemon[3216:27331] 🔍 Track 1 type: sub
2025-12-18 11:13:25.949 RedLemon[3216:27331] ✅ Found subtitle track: ID=2, lang=en, title=Shrek.2001.1080p.BluRay.x264.YIFY, external=1
2025-12-18 11:13:25.949 RedLemon[3216:27331] 🔍 Track 2 type: sub
2025-12-18 11:13:25.950 RedLemon[3216:27331] ✅ Found subtitle track: ID=3, lang=en, title=Shrek.2001.1080p.BluRay.x264.YIFY, external=1
2025-12-18 11:13:25.950 RedLemon[3216:27331] 📊 Total subtitle tracks found: 4 (including Off if needed)
2025-12-18 11:13:25.950 RedLemon[3216:27331]    Start[0]: ID=0, Title='Off', Lang='nil', Ext=0
2025-12-18 11:13:25.950 RedLemon[3216:27331]    Start[1]: ID=1, Title='Shrek.2001.1080p.BluRay.x264.YIFY', Lang='en', Ext=1
2025-12-18 11:13:25.950 RedLemon[3216:27331]    Start[2]: ID=2, Title='Shrek.2001.1080p.BluRay.x264.YIFY', Lang='en', Ext=1
2025-12-18 11:13:25.950 RedLemon[3216:27331]    Start[3]: ID=3, Title='Shrek.2001.1080p.BluRay.x264.YIFY', Lang='en', Ext=1
2025-12-18 11:13:25.950 RedLemon[3216:27331] ✅ SubtitleService: Scanned 4 tracks (Attempt 1/5)
2025-12-18 11:13:25.950 RedLemon[3216:27331]    Track: ID=0, Title=Off, External=0
2025-12-18 11:13:25.950 RedLemon[3216:26410] 🔍 MPV track-list/count: 3
2025-12-18 11:13:25.951 RedLemon[3216:27331]    Track: ID=1, Title=Shrek.2001.1080p.BluRay.x264.YIFY, External=1
2025-12-18 11:13:25.951 RedLemon[3216:26410] 🔍 Track 0 type: sub
2025-12-18 11:13:25.951 RedLemon[3216:26410] ✅ Found subtitle track: ID=1, lang=en, title=Shrek.2001.1080p.BluRay.x264.YIFY, external=1
2025-12-18 11:13:25.951 RedLemon[3216:27331]    Track: ID=2, Title=Shrek.2001.1080p.BluRay.x264.YIFY, External=1
2025-12-18 11:13:25.951 RedLemon[3216:26410] 🔍 Track 1 type: sub
2025-12-18 11:13:25.951 RedLemon[3216:27331]    Track: ID=3, Title=Shrek.2001.1080p.BluRay.x264.YIFY, External=1
2025-12-18 11:13:25.951 RedLemon[3216:26410] ✅ Found subtitle track: ID=2, lang=en, title=Shrek.2001.1080p.BluRay.x264.YIFY, external=1
2025-12-18 11:13:25.951 RedLemon[3216:26410] 🔍 Track 2 type: sub
2025-12-18 11:13:25.951 RedLemon[3216:26410] ✅ Found subtitle track: ID=3, lang=en, title=Shrek.2001.1080p.BluRay.x264.YIFY, external=1
2025-12-18 11:13:25.951 RedLemon[3216:26410] 📊 Total subtitle tracks found: 4 (including Off if needed)
2025-12-18 11:13:25.951 RedLemon[3216:26410]    Start[0]: ID=0, Title='Off', Lang='nil', Ext=0
2025-12-18 11:13:25.952 RedLemon[3216:26410]    Start[1]: ID=1, Title='Shrek.2001.1080p.BluRay.x264.YIFY', Lang='en', Ext=1
2025-12-18 11:13:25.952 RedLemon[3216:26410]    Start[2]: ID=2, Title='Shrek.2001.1080p.BluRay.x264.YIFY', Lang='en', Ext=1
2025-12-18 11:13:25.952 RedLemon[3216:26410]    Start[3]: ID=3, Title='Shrek.2001.1080p.BluRay.x264.YIFY', Lang='en', Ext=1
2025-12-18 11:13:26.444 RedLemon[3216:26410] 🔄 MPV: Executing PENDING SEEK to 761.4s after FILE_LOADED
2025-12-18 11:13:26.444 RedLemon[3216:26410] ⏱️ Watch Party: Duration available (5408.5s), triggering ready signal
2025-12-18 11:13:26.444 RedLemon[3216:26410] 👋 Watch Party: Sending INITIAL READY signal and starting loop
2025-12-18 11:13:26.450 RedLemon[3216:27266] 📤 Realtime: Sending message type: ready, sender: 656DAA91-33B4-4688-9135-C982EA52D7C9
2025-12-18 11:13:26.450 RedLemon[3216:27266]    Payload keys: timestamp, position, senderId, isPlaying, type
2025-12-18 11:13:26.452 RedLemon[3216:27331] ✅ Realtime: Message broadcast complete
2025-12-18 11:13:26.457 RedLemon[3216:26410] ✅ Watch Party: READY signal sent successfully
2025-12-18 11:13:26.501 RedLemon[3216:26503] 📨 Realtime: Received broadcast message
2025-12-18 11:13:26.501 RedLemon[3216:26503]    Payload keys: senderId, position, timestamp, type, isPlaying
2025-12-18 11:13:26.502 RedLemon[3216:26503] ✅ Realtime: Decoded message type: ready, sender: 656DAA91-33B4-4688-9135-C982EA52D7C9
2025-12-18 11:13:26.502 RedLemon[3216:26503] 📞 Realtime: Invoking syncCallback for message type: ready
2025-12-18 11:13:26.502 RedLemon[3216:26503] ✅ Realtime: syncCallback invoked successfully
2025-12-18 11:13:26.502 RedLemon[3216:26410] 🔍 DEBUG: Received sync message - type: ready, sender: 656DAA91-33B4-4688-9135-C982EA52D7C9
2025-12-18 11:13:26.503 RedLemon[3216:26410] ✅ Received READY signal from 656DAA91-33B4-4688-9135-C982EA52D7C9
2025-12-18 11:13:26.972 RedLemon[3216:27331] 🔍 MPV track-list/count: 5
2025-12-18 11:13:26.972 RedLemon[3216:27331] 🔍 Track 0 type: sub
2025-12-18 11:13:26.972 RedLemon[3216:27331] ✅ Found subtitle track: ID=1, lang=en, title=Shrek.2001.1080p.BluRay.x264.YIFY, external=1
2025-12-18 11:13:26.972 RedLemon[3216:27331] 🔍 Track 1 type: sub
2025-12-18 11:13:26.972 RedLemon[3216:27331] ✅ Found subtitle track: ID=2, lang=en, title=Shrek.2001.1080p.BluRay.x264.YIFY, external=1
2025-12-18 11:13:26.973 RedLemon[3216:27331] 🔍 Track 2 type: sub
2025-12-18 11:13:26.973 RedLemon[3216:27331] ✅ Found subtitle track: ID=3, lang=en, title=Shrek.2001.1080p.BluRay.x264.YIFY, external=1
2025-12-18 11:13:26.973 RedLemon[3216:27331] 🔍 Track 3 type: video
2025-12-18 11:13:26.973 RedLemon[3216:27331] 🔍 Track 4 type: audio
2025-12-18 11:13:26.973 RedLemon[3216:27331] 📊 Total subtitle tracks found: 4 (including Off if needed)
2025-12-18 11:13:26.973 RedLemon[3216:27331]    Start[0]: ID=0, Title='Off', Lang='nil', Ext=0
2025-12-18 11:13:26.974 RedLemon[3216:27331]    Start[1]: ID=1, Title='Shrek.2001.1080p.BluRay.x264.YIFY', Lang='en', Ext=1
2025-12-18 11:13:26.974 RedLemon[3216:27331]    Start[2]: ID=2, Title='Shrek.2001.1080p.BluRay.x264.YIFY', Lang='en', Ext=1
2025-12-18 11:13:26.974 RedLemon[3216:27331]    Start[3]: ID=3, Title='Shrek.2001.1080p.BluRay.x264.YIFY', Lang='en', Ext=1
2025-12-18 11:13:26.974 RedLemon[3216:27331] ✅ SubtitleService: Scanned 4 tracks (Attempt 2/5)
2025-12-18 11:13:26.975 RedLemon[3216:27331]    Track: ID=0, Title=Off, External=0
2025-12-18 11:13:26.975 RedLemon[3216:27331]    Track: ID=1, Title=Shrek.2001.1080p.BluRay.x264.YIFY, External=1
2025-12-18 11:13:26.975 RedLemon[3216:27331]    Track: ID=2, Title=Shrek.2001.1080p.BluRay.x264.YIFY, External=1
2025-12-18 11:13:26.975 RedLemon[3216:27331]    Track: ID=3, Title=Shrek.2001.1080p.BluRay.x264.YIFY, External=1
2025-12-18 11:13:28.055 RedLemon[3216:27385] 🔍 MPV track-list/count: 5
2025-12-18 11:13:28.059 RedLemon[3216:27385] 🔍 Track 0 type: sub
2025-12-18 11:13:28.071 RedLemon[3216:27385] ✅ Found subtitle track: ID=1, lang=en, title=Shrek.2001.1080p.BluRay.x264.YIFY, external=1
2025-12-18 11:13:28.076 RedLemon[3216:27385] 🔍 Track 1 type: sub
2025-12-18 11:13:28.096 RedLemon[3216:27385] ✅ Found subtitle track: ID=2, lang=en, title=Shrek.2001.1080p.BluRay.x264.YIFY, external=1
2025-12-18 11:13:28.101 RedLemon[3216:27385] 🔍 Track 2 type: sub
2025-12-18 11:13:28.115 RedLemon[3216:27385] ✅ Found subtitle track: ID=3, lang=en, title=Shrek.2001.1080p.BluRay.x264.YIFY, external=1
2025-12-18 11:13:28.119 RedLemon[3216:27385] 🔍 Track 3 type: video
2025-12-18 11:13:28.123 RedLemon[3216:27385] 🔍 Track 4 type: audio
2025-12-18 11:13:28.123 RedLemon[3216:27385] 📊 Total subtitle tracks found: 4 (including Off if needed)
2025-12-18 11:13:28.124 RedLemon[3216:27385]    Start[0]: ID=0, Title='Off', Lang='nil', Ext=0
2025-12-18 11:13:28.124 RedLemon[3216:27385]    Start[1]: ID=1, Title='Shrek.2001.1080p.BluRay.x264.YIFY', Lang='en', Ext=1
2025-12-18 11:13:28.124 RedLemon[3216:27385]    Start[2]: ID=2, Title='Shrek.2001.1080p.BluRay.x264.YIFY', Lang='en', Ext=1
2025-12-18 11:13:28.124 RedLemon[3216:27385]    Start[3]: ID=3, Title='Shrek.2001.1080p.BluRay.x264.YIFY', Lang='en', Ext=1
2025-12-18 11:13:28.127 RedLemon[3216:27385] ✅ SubtitleService: Scanned 4 tracks (Attempt 3/5)
2025-12-18 11:13:28.127 RedLemon[3216:27385]    Track: ID=0, Title=Off, External=0
2025-12-18 11:13:28.127 RedLemon[3216:27385]    Track: ID=1, Title=Shrek.2001.1080p.BluRay.x264.YIFY, External=1
2025-12-18 11:13:28.128 RedLemon[3216:27385]    Track: ID=2, Title=Shrek.2001.1080p.BluRay.x264.YIFY, External=1
2025-12-18 11:13:28.128 RedLemon[3216:27385]    Track: ID=3, Title=Shrek.2001.1080p.BluRay.x264.YIFY, External=1
2025-12-18 11:13:29.145 RedLemon[3216:27266] 🔍 MPV track-list/count: 5
2025-12-18 11:13:29.145 RedLemon[3216:27266] 🔍 Track 0 type: sub
2025-12-18 11:13:29.146 RedLemon[3216:27266] ✅ Found subtitle track: ID=1, lang=en, title=Shrek.2001.1080p.BluRay.x264.YIFY, external=1
2025-12-18 11:13:29.146 RedLemon[3216:27266] 🔍 Track 1 type: sub
2025-12-18 11:13:29.146 RedLemon[3216:27266] ✅ Found subtitle track: ID=2, lang=en, title=Shrek.2001.1080p.BluRay.x264.YIFY, external=1
2025-12-18 11:13:29.146 RedLemon[3216:27266] 🔍 Track 2 type: sub
2025-12-18 11:13:29.146 RedLemon[3216:27266] ✅ Found subtitle track: ID=3, lang=en, title=Shrek.2001.1080p.BluRay.x264.YIFY, external=1
2025-12-18 11:13:29.147 RedLemon[3216:27266] 🔍 Track 3 type: video
2025-12-18 11:13:29.147 RedLemon[3216:27266] 🔍 Track 4 type: audio
2025-12-18 11:13:29.147 RedLemon[3216:27266] 📊 Total subtitle tracks found: 4 (including Off if needed)
2025-12-18 11:13:29.147 RedLemon[3216:27266]    Start[0]: ID=0, Title='Off', Lang='nil', Ext=0
2025-12-18 11:13:29.147 RedLemon[3216:27266]    Start[1]: ID=1, Title='Shrek.2001.1080p.BluRay.x264.YIFY', Lang='en', Ext=1
2025-12-18 11:13:29.147 RedLemon[3216:27266]    Start[2]: ID=2, Title='Shrek.2001.1080p.BluRay.x264.YIFY', Lang='en', Ext=1
2025-12-18 11:13:29.148 RedLemon[3216:27266]    Start[3]: ID=3, Title='Shrek.2001.1080p.BluRay.x264.YIFY', Lang='en', Ext=1
2025-12-18 11:13:29.148 RedLemon[3216:27266] ✅ SubtitleService: Scanned 4 tracks (Attempt 4/5)
2025-12-18 11:13:29.148 RedLemon[3216:27266]    Track: ID=0, Title=Off, External=0
2025-12-18 11:13:29.148 RedLemon[3216:27266]    Track: ID=1, Title=Shrek.2001.1080p.BluRay.x264.YIFY, External=1
2025-12-18 11:13:29.149 RedLemon[3216:27266]    Track: ID=2, Title=Shrek.2001.1080p.BluRay.x264.YIFY, External=1
2025-12-18 11:13:29.149 RedLemon[3216:27266]    Track: ID=3, Title=Shrek.2001.1080p.BluRay.x264.YIFY, External=1
2025-12-18 11:13:30.175 RedLemon[3216:27310] 🔍 MPV track-list/count: 5
2025-12-18 11:13:30.176 RedLemon[3216:27310] 🔍 Track 0 type: sub
2025-12-18 11:13:30.176 RedLemon[3216:27310] ✅ Found subtitle track: ID=1, lang=en, title=Shrek.2001.1080p.BluRay.x264.YIFY, external=1
2025-12-18 11:13:30.176 RedLemon[3216:27310] 🔍 Track 1 type: sub
2025-12-18 11:13:30.176 RedLemon[3216:27310] ✅ Found subtitle track: ID=2, lang=en, title=Shrek.2001.1080p.BluRay.x264.YIFY, external=1
2025-12-18 11:13:30.177 RedLemon[3216:27310] 🔍 Track 2 type: sub
2025-12-18 11:13:30.177 RedLemon[3216:27310] ✅ Found subtitle track: ID=3, lang=en, title=Shrek.2001.1080p.BluRay.x264.YIFY, external=1
2025-12-18 11:13:30.178 RedLemon[3216:27310] 🔍 Track 3 type: video
2025-12-18 11:13:30.178 RedLemon[3216:27310] 🔍 Track 4 type: audio
2025-12-18 11:13:30.178 RedLemon[3216:27310] 📊 Total subtitle tracks found: 4 (including Off if needed)
2025-12-18 11:13:30.178 RedLemon[3216:27310]    Start[0]: ID=0, Title='Off', Lang='nil', Ext=0
2025-12-18 11:13:30.178 RedLemon[3216:27310]    Start[1]: ID=1, Title='Shrek.2001.1080p.BluRay.x264.YIFY', Lang='en', Ext=1
2025-12-18 11:13:30.178 RedLemon[3216:27310]    Start[2]: ID=2, Title='Shrek.2001.1080p.BluRay.x264.YIFY', Lang='en', Ext=1
2025-12-18 11:13:30.178 RedLemon[3216:27310]    Start[3]: ID=3, Title='Shrek.2001.1080p.BluRay.x264.YIFY', Lang='en', Ext=1
2025-12-18 11:13:30.179 RedLemon[3216:27310] ✅ SubtitleService: Scanned 4 tracks (Attempt 5/5)
2025-12-18 11:13:30.179 RedLemon[3216:27310]    Track: ID=0, Title=Off, External=0
2025-12-18 11:13:30.179 RedLemon[3216:27310]    Track: ID=1, Title=Shrek.2001.1080p.BluRay.x264.YIFY, External=1
2025-12-18 11:13:30.179 RedLemon[3216:27310]    Track: ID=2, Title=Shrek.2001.1080p.BluRay.x264.YIFY, External=1
2025-12-18 11:13:30.180 RedLemon[3216:27310]    Track: ID=3, Title=Shrek.2001.1080p.BluRay.x264.YIFY, External=1
2025-12-18 11:13:39.375 RedLemon[3216:26410] 🖱️ Mouse: x=193/1366 y=527/768 | Exit: 0 Controls: 0 Chat: 0
2025-12-18 11:13:39.703 RedLemon[3216:26410] ✅ Exit button triggered! x=142 <= 342, y=591 >= 576
2025-12-18 11:13:39.715 RedLemon[3216:26410] ✅ Exit button triggered! x=140 <= 342, y=594 >= 576
2025-12-18 11:13:39.717 RedLemon[3216:26410] ✅ Exit button triggered! x=135 <= 342, y=599 >= 576
2025-12-18 11:13:39.718 RedLemon[3216:26410] ✅ Exit button triggered! x=134 <= 342, y=601 >= 576
2025-12-18 11:13:39.745 RedLemon[3216:26410] ✅ Exit button triggered! x=128 <= 342, y=610 >= 576
2025-12-18 11:13:39.749 RedLemon[3216:26410] ✅ Exit button triggered! x=127 <= 342, y=613 >= 576
2025-12-18 11:13:39.828 RedLemon[3216:26410] ✅ Exit button triggered! x=127 <= 342, y=616 >= 576
2025-12-18 11:13:39.950 RedLemon[3216:26410] ✅ Exit button triggered! x=116 <= 342, y=629 >= 576
2025-12-18 11:13:39.956 RedLemon[3216:26410] ✅ Exit button triggered! x=114 <= 342, y=634 >= 576
2025-12-18 11:13:39.959 RedLemon[3216:26410] ✅ Exit button triggered! x=112 <= 342, y=639 >= 576
2025-12-18 11:13:39.965 RedLemon[3216:26410] ✅ Exit button triggered! x=110 <= 342, y=643 >= 576
2025-12-18 11:13:40.036 RedLemon[3216:26410] ✅ Exit button triggered! x=103 <= 342, y=674 >= 576
2025-12-18 11:13:40.074 RedLemon[3216:26410] ✅ Exit button triggered! x=103 <= 342, y=681 >= 576
2025-12-18 11:13:40.243 RedLemon[3216:26410] ✅ Exit button triggered! x=101 <= 342, y=695 >= 576
2025-12-18 11:13:40.249 RedLemon[3216:26410] ✅ Exit button triggered! x=100 <= 342, y=701 >= 576
2025-12-18 11:13:40.282 RedLemon[3216:26410] ✅ Exit button triggered! x=99 <= 342, y=706 >= 576
2025-12-18 11:13:40.284 RedLemon[3216:26410] ✅ Exit button triggered! x=97 <= 342, y=717 >= 576
2025-12-18 11:13:40.327 RedLemon[3216:26410] ✅ Exit button triggered! x=97 <= 342, y=720 >= 576
2025-12-18 11:13:40.330 RedLemon[3216:26410] ✅ Exit button triggered! x=96 <= 342, y=729 >= 576
2025-12-18 11:13:40.334 RedLemon[3216:26410] ✅ Exit button triggered! x=96 <= 342, y=729 >= 576
2025-12-18 11:13:40.409 RedLemon[3216:26410] ✅ Exit button triggered! x=96 <= 342, y=730 >= 576
2025-12-18 11:13:40.868 RedLemon[3216:26410] ✅ Exit button triggered! x=96 <= 342, y=734 >= 576
2025-12-18 11:13:40.878 RedLemon[3216:26410] ✅ Exit button triggered! x=96 <= 342, y=734 >= 576
2025-12-18 11:13:40.880 RedLemon[3216:26410] ✅ Exit button triggered! x=96 <= 342, y=735 >= 576
2025-12-18 11:13:40.886 RedLemon[3216:26410] ✅ Exit button triggered! x=96 <= 342, y=735 >= 576
2025-12-18 11:13:40.951 RedLemon[3216:26410] ✅ Exit button triggered! x=96 <= 342, y=736 >= 576
2025-12-18 11:13:42.411 RedLemon[3216:26410] ✅ Exit button triggered! x=96 <= 342, y=736 >= 576
2025-12-18 11:13:42.452 RedLemon[3216:26410] ✅ Exit button triggered! x=96 <= 342, y=734 >= 576
2025-12-18 11:13:42.494 RedLemon[3216:26410] ✅ Exit button triggered! x=96 <= 342, y=730 >= 576
2025-12-18 11:13:42.500 RedLemon[3216:26410] ✅ Exit button triggered! x=96 <= 342, y=729 >= 576
2025-12-18 11:13:42.579 RedLemon[3216:26410] ✅ Exit button triggered! x=96 <= 342, y=727 >= 576
2025-12-18 11:13:43.747 RedLemon[3216:26410] ✅ Exit button triggered! x=96 <= 342, y=728 >= 576
2025-12-18 11:13:43.751 RedLemon[3216:26410] ✅ Exit button triggered! x=96 <= 342, y=729 >= 576
2025-12-18 11:13:43.787 RedLemon[3216:26410] ✅ Exit button triggered! x=96 <= 342, y=729 >= 576
2025-12-18 11:13:43.799 RedLemon[3216:26410] ✅ Exit button triggered! x=96 <= 342, y=729 >= 576
2025-12-18 11:13:43.828 RedLemon[3216:26410] ✅ Exit button triggered! x=96 <= 342, y=729 >= 576
2025-12-18 11:13:43.830 RedLemon[3216:26410] ✅ Exit button triggered! x=96 <= 342, y=730 >= 576
2025-12-18 11:13:43.914 RedLemon[3216:26410] ✅ Exit button triggered! x=96 <= 342, y=730 >= 576
2025-12-18 11:13:43.954 RedLemon[3216:26410] ✅ Exit button triggered! x=96 <= 342, y=731 >= 576
2025-12-18 11:13:43.995 RedLemon[3216:26410] ✅ Exit button triggered! x=96 <= 342, y=731 >= 576
2025-12-18 11:13:44.038 RedLemon[3216:26410] ✅ Exit button triggered! x=96 <= 342, y=732 >= 576
2025-12-18 11:13:44.123 RedLemon[3216:26410] ✅ Exit button triggered! x=96 <= 342, y=732 >= 576
📄 Subtitle request: L3N1YnRpdGxlLzM0MjQ5... (offset: 0ms)
📥 Downloading subtitle from SubDL CDN: /subtitle/3424908-8348500.zip
🎬 DisplayLink: reportSwap() (throttled)
✅ Download complete: 40622 bytes
📦 Detected ZIP archive, extracting...
⚠️ No specific episode match found, using first file: Shrek.2001.1080p.BluRay.x264.YIFY.srt
✅ Extraction successful
✅ Subtitle downloaded and converted to VTT
🔍 SubtitleService: Starting embedded track scan (polling 5s)...
📊 Current subtitle track: 3
⚡ MPVPlayerViewModel: Tracks populated (Embedded: false), triggering auto-selection
🌐 Selecting English audio and subtitle tracks...
💾 Restoring saved subtitle offset: 2000.0ms
💾 Saved subtitle offset: 2000.0ms for tt0126029
📊 Found 0 audio tracks
📊 Found 4 subtitle tracks (including 'Off')
   Subtitle: ID=0 lang=nil title=Off
   Subtitle: ID=1 lang=en title=Shrek.2001.1080p.BluRay.x264.YIFY
   Subtitle: ID=2 lang=en title=Shrek.2001.1080p.BluRay.x264.YIFY
   Subtitle: ID=3 lang=en title=Shrek.2001.1080p.BluRay.x264.YIFY
📊 After filtering: 3 actual subtitle tracks
📊 Current subtitle track: 3
✅ Found English subtitle track: Shrek.2001.1080p.BluRay.x264.YIFY (ID: 1)
🔍 Analyzing subtitle compatibility...
✅ Good version match: Shrek.2001.1080p.BluRay.x264.YIFY
✅ Good version match: Shrek.2001.1080p.BluRay.x264.YIFY
✅ Good version match: Shrek.2001.1080p.BluRay.x264.YIFY
✅ Good version match: Shrek.2001.1080p.BluRay.x265-YAWNTiC_eng SDH
✅ Good version match: Shrek.2001.1080p.BluRay.x265-YAWNTiC_eng
✅ Good version match: shrek.2001.2160p.uhd.bluray.x265-b0mbardiers
✅ Good version match: Shrek.2001.1080p.BluRay.H264.AAC-RARBG
✅ Good version match: Shrek.2001.1080p.BluRay.H264.AAC-RARBG
✅ Good version match: Shrek.2001.2160p.4K.BluRay.x265.10bit.AAC5.1-[YTS.MX]-001
📝 Set subtitle track to: 1 (async, visibility enabled)
✅ Good version match: Shrek.2001.UHD.BluRay.2160p.DTS-X.7.1.HEVC.REMUX-FraMeSToR
⏱️ Subtitle offset set to 2000.0ms
🎬 DisplayLink: reportSwap() (throttled)
[MPV] (+) Video --vid=1 (*) (h264 1280x720 23.976fps)
[MPV] (+) Audio --aid=1 --alang=eng (*) (aac 6ch 48000Hz)
[MPV] (+) Subs  --sid=1 --slang=en 'Shrek.2001.1080p.BluRay.x264.YIFY' (webvtt) (external)
[MPV] Subs  --sid=2 --slang=en 'Shrek.2001.1080p.BluRay.x264.YIFY' (webvtt) (external)
[MPV] Subs  --sid=3 --slang=en 'Shrek.2001.1080p.BluRay.x264.YIFY' (webvtt) (external)
[MPV] File tags:
[MPV] Comment: Shrek.2001.720p.BluRay.H264.AAC-RARBG
[MPV] Title: Shrek.2001.720p.BluRay.H264.AAC-RARBG
 MPV Event: 18
 MPV Event: 18
🔍 AUDIO AUTO-SELECT: Starting smart audio track scan
🔍 Track 1: eng | 6ch | English: true | Commentary: false -> Score: 1065
🏆 Selected best audio track: eng (ID: 1, Score: 1065)
🔍 AUDIO AUTO-SELECT: Starting smart audio track scan
🔍 Track 1: eng | 6ch | English: true | Commentary: false -> Score: 1065
🏆 Selected best audio track: eng (ID: 1, Score: 1065)
🔍 AUTO-SELECT: Starting subtitle scan & selection refresh
🔍 AUTO-SELECT: Found 5 total tracks
🔍 AUTO-SELECT: Track 0 - ID: 1, lang: 'en', title: 'Shrek.2001.1080p.BluRay.x264.YIFY', forced: false, default: false, HI: false, Ext: true
🔍 AUTO-SELECT: Track 1 - ID: 2, lang: 'en', title: 'Shrek.2001.1080p.BluRay.x264.YIFY', forced: false, default: false, HI: false, Ext: true
🔍 AUTO-SELECT: Track 2 - ID: 3, lang: 'en', title: 'Shrek.2001.1080p.BluRay.x264.YIFY', forced: false, default: false, HI: false, Ext: true
✅ Auto-selecting BEST English subtitle: Shrek.2001.1080p.BluRay.x264.YIFY (ID: 3) [External: true, Forced: false, Default: false, HI: false]
   🏆 Final Score: 500 (Embedded: 0, Match: 500, Clean: 0, SDH: 0)
 MPV Event: 20
⏳ MPV: Buffering state changed: false (paused-for-cache)
✅ MPVPlayerViewModel: Enhancing UI - Buffering finished (hide spinner) [File Loaded]
[MPV] Track switched:
[MPV] (+) Video --vid=1 (*) (h264 1280x720 23.976fps)
[MPV] (+) Audio --aid=1 --alang=eng (*) (aac 6ch 48000Hz)
[MPV] (+) Subs  --sid=1 --slang=en 'Shrek.2001.1080p.BluRay.x264.YIFY' (webvtt) (external)
[MPV] Subs  --sid=2 --slang=en 'Shrek.2001.1080p.BluRay.x264.YIFY' (webvtt) (external)
[MPV] Subs  --sid=3 --slang=en 'Shrek.2001.1080p.BluRay.x264.YIFY' (webvtt) (external)
[MPV] Track switched:
[MPV] (+) Video --vid=1 (*) (h264 1280x720 23.976fps)
[MPV] (+) Audio --aid=1 --alang=eng (*) (aac 6ch 48000Hz)
[MPV] Subs  --sid=1 --slang=en 'Shrek.2001.1080p.BluRay.x264.YIFY' (webvtt) (external)
[MPV] Subs  --sid=2 --slang=en 'Shrek.2001.1080p.BluRay.x264.YIFY' (webvtt) (external)
[MPV] (+) Subs  --sid=3 --slang=en 'Shrek.2001.1080p.BluRay.x264.YIFY' (webvtt) (external)
📨 Received: {"ref":null,"event":"broadcast","payload":{"event":"sync","payload":{"isPlaying":false,"position":0,"senderId":"656DAA91-33B4-4688-9135-C982EA52D7C9","timestamp":1766074406.444804,"type":"ready"},"type":"broadcast"},"topic":"realtime:watch-party:event_tt0126029"}
📊 Current subtitle track: 3
🎬 DisplayLink: reportSwap() (throttled)
[MPV] Using hardware decoding (videotoolbox).
 MPV Event: 17
📊 Current subtitle track: 3
[MPV] VO: [libmpv] 1280x720 videotoolbox[nv12]
 MPV Event: 17
🎬 DisplayLink: reportSwap() (throttled)
🎬 MPV: Frame ready! Calling layer.update() (throttled)
🎬 Layer.update() called - forceDraw:false needsFlip:true (throttled)
🎬 canDraw() = true (forceDraw:false, hasFrame:true) (throttled)
🎬 draw() - Rendering frame! (throttled)
[MPV] AO: [coreaudio] 48000Hz stereo 2ch floatp
 MPV Event: 18
✅ MPVPlayerViewModel: Enhancing UI - Buffering finished (hide spinner) [File Loaded]
📊 Current subtitle track: 3
🎬 DisplayLink: reportSwap() (throttled)
📊 Current subtitle track: 3
🔍 AUTO-SELECT: Starting subtitle scan & selection refresh
🔍 AUTO-SELECT: Found 5 total tracks
🔍 AUTO-SELECT: Track 0 - ID: 1, lang: 'en', title: 'Shrek.2001.1080p.BluRay.x264.YIFY', forced: false, default: false, HI: false, Ext: true
🔍 AUTO-SELECT: Track 1 - ID: 2, lang: 'en', title: 'Shrek.2001.1080p.BluRay.x264.YIFY', forced: false, default: false, HI: false, Ext: true
🔍 AUTO-SELECT: Track 2 - ID: 3, lang: 'en', title: 'Shrek.2001.1080p.BluRay.x264.YIFY', forced: false, default: false, HI: false, Ext: true
✅ Auto-selecting BEST English subtitle: Shrek.2001.1080p.BluRay.x264.YIFY (ID: 3) [External: true, Forced: false, Default: false, HI: false]
   🏆 Final Score: 500 (Embedded: 0, Match: 500, Clean: 0, SDH: 0)
🎬 DisplayLink: reportSwap() (throttled)
🎬 MPV: Frame ready! Calling layer.update() (throttled)
🎬 DisplayLink: reportSwap() (throttled)
🎬 Layer.update() called - forceDraw:false needsFlip:true (throttled)
🎬 DisplayLink: reportSwap() (throttled)
🎬 MPV: Frame ready! Calling layer.update() (throttled)
🎬 DisplayLink: reportSwap() (throttled)
🎬 canDraw() = true (forceDraw:false, hasFrame:true) (throttled)
🎬 draw() - Rendering frame! (throttled)
🎬 MPV: Frame ready! Calling layer.update() (throttled)
🎬 Layer.update() called - forceDraw:false needsFlip:true (throttled)
🎬 DisplayLink: reportSwap() (throttled)
🎬 DisplayLink: reportSwap() (throttled)
🎬 MPV: Frame ready! Calling layer.update() (throttled)
🎬 DisplayLink: reportSwap() (throttled)
🎬 Layer.update() called - forceDraw:false needsFlip:true (throttled)
🎬 DisplayLink: reportSwap() (throttled)
📨 Received: {"ref":"17","event":"phx_reply","payload":{"status":"ok","response":{}},"topic":"realtime:global-presence"}
📨 Received: {"ref":null,"event":"presence_diff","payload":{"joins":{"2f6fbdbc-dc2c-11f0-934a-0a58a9feac02":{"metas":[{"phx_ref":"GIJbU4YeShVcJbmF","phx_ref_prev":"GIJbUBOXAF5cJQSD","last_seen":"2025-12-18T16:13:38.031Z","room_id":"event_tt0126029","started_at":"2025-12-18T16:13:23.229Z","status":"online","user_id":"656daa91-33b4-4688-9135-c982ea52d7c9","username":"ursinho","watching_id":"tt0126029","watching_title":"Shrek","watching_type":"movie"}]}},"leaves":{"2f6fbdbc-dc2c-11f0-934a-0a58a9feac02":{"metas":[{"phx_ref":"GIJbUBOXAF5cJQSD","phx_ref_prev":"GIJbTtpw-olcJV0K","last_seen":"2025-12-18T16:13:23.229Z","room_id":"event_tt0126029","started_at":"2025-12-18T16:13:23.229Z","status":"online","user_id":"656daa91-33b4-4688-9135-c982ea52d7c9","username":"ursinho","watching_id":"tt0126029","watching_title":"Shrek","watching_type":"movie"}]}}},"topic":"realtime:global-presence"}
🎬 MPV: Frame ready! Calling layer.update() (throttled)
🎬 canDraw() = true (forceDraw:false, hasFrame:true) (throttled)
🎬 draw() - Rendering frame! (throttled)
🎬 DisplayLink: reportSwap() (throttled)
🎬 DisplayLink: reportSwap() (throttled)
🎬 MPV: Frame ready! Calling layer.update() (throttled)
🎬 Layer.update() called - forceDraw:false needsFlip:true (throttled)
🎬 DisplayLink: reportSwap() (throttled)
🎬 DisplayLink: reportSwap() (throttled)
🎬 MPV: Frame ready! Calling layer.update() (throttled)
🎬 DisplayLink: reportSwap() (throttled)
📨 Received: {"ref":null,"event":"presence_diff","payload":{"joins":{"f68d2368-dc2b-11f0-a84c-0a58a9feac02":{"metas":[{"phx_ref":"GIJbVKFzjjFB-tML","phx_ref_prev":"GIJbT_cZ9plB-uMF","last_seen":"2025-12-18T16:13:42.778Z","room_id":"event_tt0126029","started_at":"2025-12-18T16:12:56.797Z","status":"online","user_id":"96e01cdb-36c0-4228-a6e4-a29a3c66bc8e","username":"lemontom","watching_id":"tt0126029","watching_title":"Shrek","watching_type":"movie"}]}},"leaves":{"f68d2368-dc2b-11f0-a84c-0a58a9feac02":{"metas":[{"phx_ref":"GIJbT_cZ9plB-uMF","phx_ref_prev":"GIJbS1c5g15B-qFJ","last_seen":"2025-12-18T16:13:22.757Z","room_id":"event_tt0126029","started_at":"2025-12-18T16:12:56.797Z","status":"online","user_id":"96e01cdb-36c0-4228-a6e4-a29a3c66bc8e","username":"lemontom","watching_id":"tt0126029","watching_title":"Shrek","watching_type":"movie"}]}}},"topic":"realtime:global-presence"}
🎬 Layer.update() called - forceDraw:false needsFlip:true (throttled)
🎬 canDraw() = true (forceDraw:false, hasFrame:true) (throttled)
🎬 draw() - Rendering frame! (throttled)
🎬 DisplayLink: reportSwap() (throttled)
🎬 MPV: Frame ready! Calling layer.update() (throttled)
🎬 DisplayLink: reportSwap() (throttled)
🎬 DisplayLink: reportSwap() (throttled)
🎬 MPV: Frame ready! Calling layer.update() (throttled)
🎬 Layer.update() called - forceDraw:false needsFlip:true (throttled)
🎬 DisplayLink: reportSwap() (throttled)
💓 Heartbeat sent
📨 Received: {"ref":"11","event":"phx_reply","payload":{"status":"ok","response":{}},"topic":"phoenix"}
🎬 DisplayLink: reportSwap() (throttled)
💓 Heartbeat sent
🎬 MPV: Frame ready! Calling layer.update() (throttled)
🎬 canDraw() = true (forceDraw:false, hasFrame:true) (throttled)
🎬 draw() - Rendering frame! (throttled)
📨 Received: {"ref":"18","event":"phx_reply","payload":{"status":"ok","response":{}},"topic":"phoenix"}
🎬 DisplayLink: reportSwap() (throttled)
💓 Heartbeat sent
📨 Received: {"ref":"5","event":"phx_reply","payload":{"status":"ok","response":{}},"topic":"phoenix"}
📨 Received: {"ref":null,"event":"presence_diff","payload":{"joins":{},"leaves":{"6a5435c0-dc2c-11f0-85a6-0a58a9feac02":{"metas":[{"phx_ref":"GIJbSeqY38TQVUIQ","is_host":false,"joined_at":1766074376.7786741,"user_id":"96E01CDB-36C0-4228-A6E4-A29A3C66BC8E","username":"lemontom"}]}}},"topic":"realtime:watch-party:event_tt0126029"}
⏳ Participant leaving (grace period started): 96e01cdb-36c0-4228-a6e4-a29a3c66bc8e
📨 Received: {"ref":null,"event":"presence_diff","payload":{"joins":{"f68d2368-dc2b-11f0-a84c-0a58a9feac02":{"metas":[{"phx_ref":"GIJbVhaACY9B-iEP","phx_ref_prev":"GIJbVcbLCr1B-i-I","last_seen":"2025-12-18T16:13:49.056Z","status":"Browsing Library","user_id":"96e01cdb-36c0-4228-a6e4-a29a3c66bc8e","username":"lemontom"}]}},"leaves":{"f68d2368-dc2b-11f0-a84c-0a58a9feac02":{"metas":[{"phx_ref":"GIJbVKFzjjFB-tML","phx_ref_prev":"GIJbT_cZ9plB-uMF","last_seen":"2025-12-18T16:13:42.778Z","room_id":"event_tt0126029","started_at":"2025-12-18T16:12:56.797Z","status":"online","user_id":"96e01cdb-36c0-4228-a6e4-a29a3c66bc8e","username":"lemontom","watching_id":"tt0126029","watching_title":"Shrek","watching_type":"movie"}]}}},"topic":"realtime:global-presence"}
🎬 Layer.update() called - forceDraw:false needsFlip:true (throttled)
🎬 DisplayLink: reportSwap() (throttled)
🎬 MPV: Frame ready! Calling layer.update() (throttled)
🎬 DisplayLink: reportSwap() (throttled)
🎬 DisplayLink: reportSwap() (throttled)
🎬 Layer.update() called - forceDraw:false needsFlip:true (throttled)
🎬 MPV: Frame ready! Calling layer.update() (throttled)
🎬 DisplayLink: reportSwap() (throttled)
🎬 canDraw() = true (forceDraw:false, hasFrame:true) (throttled)
🎬 draw() - Rendering frame! (throttled)
🎬 DisplayLink: reportSwap() (throttled)
💾 Saved to watch history: Shrek at 786s
🎬 MPV: Frame ready! Calling layer.update() (throttled)
🎬 DisplayLink: reportSwap() (throttled)
🎬 Layer.update() called - forceDraw:false needsFlip:true (throttled)
🎬 DisplayLink: reportSwap() (throttled)
🎬 MPV: Frame ready! Calling layer.update() (throttled)
🎬 DisplayLink: reportSwap() (throttled)
🎬 DisplayLink: reportSwap() (throttled)
📨 Received: {"ref":"19","event":"phx_reply","payload":{"status":"ok","response":{}},"topic":"realtime:global-presence"}
📨 Received: {"ref":null,"event":"presence_diff","payload":{"joins":{"2f6fbdbc-dc2c-11f0-934a-0a58a9feac02":{"metas":[{"phx_ref":"GIJbWCz5KcZcJXZO","phx_ref_prev":"GIJbU4YeShVcJbmF","last_seen":"2025-12-18T16:13:58.009Z","room_id":"event_tt0126029","started_at":"2025-12-18T16:13:23.229Z","status":"online","user_id":"656daa91-33b4-4688-9135-c982ea52d7c9","username":"ursinho","watching_id":"tt0126029","watching_title":"Shrek","watching_type":"movie"}]}},"leaves":{"2f6fbdbc-dc2c-11f0-934a-0a58a9feac02":{"metas":[{"phx_ref":"GIJbU4YeShVcJbmF","phx_ref_prev":"GIJbUBOXAF5cJQSD","last_seen":"2025-12-18T16:13:38.031Z","room_id":"event_tt0126029","started_at":"2025-12-18T16:13:23.229Z","status":"online","user_id":"656daa91-33b4-4688-9135-c982ea52d7c9","username":"ursinho","watching_id":"tt0126029","watching_title":"Shrek","watching_type":"movie"}]}}},"topic":"realtime:global-presence"}
🎬 Layer.update() called - forceDraw:false needsFlip:true (throttled)
🎬 canDraw() = true (forceDraw:false, hasFrame:true) (throttled)
🎬 draw() - Rendering frame! (throttled)
🎬 MPV: Frame ready! Calling layer.update() (throttled)
🎬 DisplayLink: reportSwap() (throttled)
✅ LEAVE MATCHED tracked ref: GIJbSeqY38TQVUIQ
👋 Participant left (confirmed): 96e01cdb-36c0-4228-a6e4-a29a3c66bc8e
🎬 DisplayLink: reportSwap() (throttled)
🎬 MPV: Frame ready! Calling layer.update() (throttled)
🎬 DisplayLink: reportSwap() (throttled)
🎬 Layer.update() called - forceDraw:false needsFlip:true (throttled)
🎬 DisplayLink: reportSwap() (throttled)
🎬 MPV: Frame ready! Calling layer.update() (throttled)
🎬 DisplayLink: reportSwap() (throttled)
📨 Received: {"ref":null,"event":"presence_diff","payload":{"joins":{"f68d2368-dc2b-11f0-a84c-0a58a9feac02":{"metas":[{"phx_ref":"GIJbWS9zunFB-ovN","phx_ref_prev":"GIJbVhaACY9B-iEP","last_seen":"2025-12-18T16:14:02.360Z","status":"Browsing Library","user_id":"96e01cdb-36c0-4228-a6e4-a29a3c66bc8e","username":"lemontom"}]}},"leaves":{"f68d2368-dc2b-11f0-a84c-0a58a9feac02":{"metas":[{"phx_ref":"GIJbVhaACY9B-iEP","phx_ref_prev":"GIJbVcbLCr1B-i-I","last_seen":"2025-12-18T16:13:49.056Z","status":"Browsing Library","user_id":"96e01cdb-36c0-4228-a6e4-a29a3c66bc8e","username":"lemontom"}]}}},"topic":"realtime:global-presence"}
🎬 canDraw() = true (forceDraw:false, hasFrame:true) (throttled)
🎬 draw() - Rendering frame! (throttled)
🎬 DisplayLink: reportSwap() (throttled)
📨 Received: {"ref":null,"event":"presence_diff","payload":{"joins":{"f68d2368-dc2b-11f0-a84c-0a58a9feac02":{"metas":[{"phx_ref":"GIJbWXO2DW9B-gmL","phx_ref_prev":"GIJbWS9zunFB-ovN","last_seen":"2025-12-18T16:14:03.508Z","status":"Browsing Library","user_id":"96e01cdb-36c0-4228-a6e4-a29a3c66bc8e","username":"lemontom"}]}},"leaves":{"f68d2368-dc2b-11f0-a84c-0a58a9feac02":{"metas":[{"phx_ref":"GIJbWS9zunFB-ovN","phx_ref_prev":"GIJbVhaACY9B-iEP","last_seen":"2025-12-18T16:14:02.360Z","status":"Browsing Library","user_id":"96e01cdb-36c0-4228-a6e4-a29a3c66bc8e","username":"lemontom"}]}}},"topic":"realtime:global-presence"}
🎬 Layer.update() c2025-12-18 11:14:35.671 RedLemon[3216:26410] ✅ Exit button triggered! x=105 <= 342, y=743 >= 576
2025-12-18 11:14:35.684 RedLemon[3216:26410] ✅ Exit button triggered! x=108 <= 342, y=745 >= 576
2025-12-18 11:14:35.685 RedLemon[3216:26410] ✅ Exit button triggered! x=116 <= 342, y=751 >= 576
2025-12-18 11:14:35.713 RedLemon[3216:26410] ✅ Exit button triggered! x=154 <= 342, y=768 >= 576
2025-12-18 11:14:35.715 RedLemon[3216:26410] ✅ Exit button triggered! x=173 <= 342, y=768 >= 576
2025-12-18 11:14:35.798 RedLemon[3216:26410] ✅ Exit button triggered! x=295 <= 342, y=768 >= 576
2025-12-18 11:14:35.839 RedLemon[3216:26410] ✅ Exit button triggered! x=306 <= 342, y=768 >= 576
2025-12-18 11:14:35.842 RedLemon[3216:26410] ✅ Exit button triggered! x=313 <= 342, y=768 >= 576
2025-12-18 11:14:35.846 RedLemon[3216:26410] ✅ Exit button triggered! x=314 <= 342, y=768 >= 576
2025-12-18 11:14:35.963 RedLemon[3216:26410] ✅ Exit button triggered! x=321 <= 342, y=768 >= 576
2025-12-18 11:14:35.967 RedLemon[3216:26410] ✅ Exit button triggered! x=332 <= 342, y=768 >= 576
2025-12-18 11:14:37.381 RedLemon[3216:26410] 🖱️ Mouse: x=1236/1366 y=665/768 | Exit: 1 Controls: 0 Chat: 1
alled - forceDraw:false needsFlip:true (throttled)
🎬 MPV: Frame ready! Calling layer.update() (throttled)
🎬 DisplayLink: reportSwap() (throttled)
🎬 DisplayLink: reportSwap() (throttled)
🎬 MPV: Frame ready! Calling layer.update() (throttled)
🎬 DisplayLink: reportSwap() (throttled)
🎬 Layer.update() called - forceDraw:false needsFlip:true (throttled)
🎬 DisplayLink: reportSwap() (throttled)
🎬 canDraw() = true (forceDraw:false, hasFrame:true) (throttled)
🎬 draw() - Rendering frame! (throttled)
🎬 MPV: Frame ready! Calling layer.update() (throttled)
🎬 DisplayLink: reportSwap() (throttled)
🎬 DisplayLink: reportSwap() (throttled)
🎬 Layer.update() called - forceDraw:false needsFlip:true (throttled)
🎬 MPV: Frame ready! Calling layer.update() (throttled)
🎬 DisplayLink: reportSwap() (throttled)
🎬 DisplayLink: reportSwap() (throttled)
🎬 MPV: Frame ready! Calling layer.update() (throttled)
🎬 DisplayLink: reportSwap() (throttled)
🎬 Layer.update() called - forceDraw:false needsFlip:true (throttled)
🎬 canDraw() = true (forceDraw:false, hasFrame:true) (throttled)
🎬 draw() - Rendering frame! (throttled)
🎬 DisplayLink: reportSwap() (throttled)
🎬 MPV: Frame ready! Calling layer.update() (throttled)
🎬 DisplayLink: reportSwap() (throttled)
🎬 DisplayLink: reportSwap() (throttled)
🎬 Layer.update() called - forceDraw:false needsFlip:true (throttled)
🎬 MPV: Frame ready! Calling layer.update() (throttled)
🎬 DisplayLink: reportSwap() (throttled)
📡 [EventsConfig] Checking server for movie_events config version...
💓 Heartbeat sent
📨 Received: {"ref":"12","event":"phx_reply","payload":{"status":"ok","response":{}},"topic":"phoenix"}
✅ [EventsConfig] Fetched movie_events version 1356 with 448 movies
✅ [EventsConfig] Using cached movie_events config (version 1356, 448 movies)
🎬 DisplayLink: reportSwap() (throttled)
📨 Received: {"ref":"20","event":"phx_reply","payload":{"status":"ok","response":{}},"topic":"realtime:global-presence"}
📨 Received: {"ref":null,"event":"presence_diff","payload":{"joins":{"2f6fbdbc-dc2c-11f0-934a-0a58a9feac02":{"metas":[{"phx_ref":"GIJbXNQbOsBcJe3H","phx_ref_prev":"GIJbWCz5KcZcJXZO","last_seen":"2025-12-18T16:14:17.997Z","room_id":"event_tt0126029","started_at":"2025-12-18T16:13:23.229Z","status":"online","user_id":"656daa91-33b4-4688-9135-c982ea52d7c9","username":"ursinho","watching_id":"tt0126029","watching_title":"Shrek","watching_type":"movie"}]}},"leaves":{"2f6fbdbc-dc2c-11f0-934a-0a58a9feac02":{"metas":[{"phx_ref":"GIJbWCz5KcZcJXZO","phx_ref_prev":"GIJbU4YeShVcJbmF","last_seen":"2025-12-18T16:13:58.009Z","room_id":"event_tt0126029","started_at":"2025-12-18T16:13:23.229Z","status":"online","user_id":"656daa91-33b4-4688-9135-c982ea52d7c9","username":"ursinho","watching_id":"tt0126029","watching_title":"Shrek","watching_type":"movie"}]}}},"topic":"realtime:global-presence"}
💓 Heartbeat sent
🎬 MPV: Frame ready! Calling layer.update() (throttled)
🎬 canDraw() = true (forceDraw:false, hasFrame:true) (throttled)
🎬 draw() - Rendering frame! (throttled)
📨 Received: {"ref":"21","event":"phx_reply","payload":{"status":"ok","response":{}},"topic":"phoenix"}
🎬 DisplayLink: reportSwap() (throttled)
💓 Heartbeat sent
📨 Received: {"ref":"6","event":"phx_reply","payload":{"status":"ok","response":{}},"topic":"phoenix"}
🎬 Layer.update() called - forceDraw:false needsFlip:true (throttled)
🎬 DisplayLink: reportSwap() (throttled)
🎬 MPV: Frame ready! Calling layer.update() (throttled)
🎬 DisplayLink: reportSwap() (throttled)
🎬 DisplayLink: reportSwap() (throttled)
📨 Received: {"ref":null,"event":"presence_diff","payload":{"joins":{"f68d2368-dc2b-11f0-a84c-0a58a9feac02":{"metas":[{"phx_ref":"GIJbXaoczWNB-meB","phx_ref_prev":"GIJbWXO2DW9B-gmL","last_seen":"2025-12-18T16:14:21.598Z","status":"Browsing Library","user_id":"96e01cdb-36c0-4228-a6e4-a29a3c66bc8e","username":"lemontom"}]}},"leaves":{"f68d2368-dc2b-11f0-a84c-0a58a9feac02":{"metas":[{"phx_ref":"GIJbWXO2DW9B-gmL","phx_ref_prev":"GIJbWS9zunFB-ovN","last_seen":"2025-12-18T16:14:03.508Z","status":"Browsing Library","user_id":"96e01cdb-36c0-4228-a6e4-a29a3c66bc8e","username":"lemontom"}]}}},"topic":"realtime:global-presence"}
🎬 Layer.update() called - forceDraw:false needsFlip:true (throttled)
🎬 MPV: Frame ready! Calling layer.update() (throttled)
🎬 DisplayLink: reportSwap() (throttled)
🎬 canDraw() = true (forceDraw:false, hasFrame:true) (throttled)
🎬 draw() - Rendering frame! (throttled)
📨 Received: {"ref":null,"event":"presence_diff","payload":{"joins":{"f68d2368-dc2b-11f0-a84c-0a58a9feac02":{"metas":[{"phx_ref":"GIJbXgCJrUpB-pUG","phx_ref_prev":"GIJbXaoczWNB-meB","last_seen":"2025-12-18T16:14:23.055Z","status":"Browsing Library","user_id":"96e01cdb-36c0-4228-a6e4-a29a3c66bc8e","username":"lemontom"}]}},"leaves":{"f68d2368-dc2b-11f0-a84c-0a58a9feac02":{"metas":[{"phx_ref":"GIJbXaoczWNB-meB","phx_ref_prev":"GIJbWXO2DW9B-gmL","last_seen":"2025-12-18T16:14:21.598Z","status":"Browsing Library","user_id":"96e01cdb-36c0-4228-a6e4-a29a3c66bc8e","username":"lemontom"}]}}},"topic":"realtime:global-presence"}
🎬 DisplayLink: reportSwap() (throttled)
🎬 MPV: Frame ready! Calling layer.update() (throttled)
🎬 DisplayLink: reportSwap() (throttled)
🎬 Layer.update() called - forceDraw:false needsFlip:true (throttled)
🎬 DisplayLink: reportSwap() (throttled)
🎬 MPV: Frame ready! Calling layer.update() (throttled)
🎬 DisplayLink: reportSwap() (throttled)
🎬 DisplayLink: reportSwap() (throttled)
📨 Received: {"ref":null,"event":"presence_diff","payload":{"joins":{"f68d2368-dc2b-11f0-a84c-0a58a9feac02":{"metas":[{"phx_ref":"GIJbXu9_uX5B-m-O","phx_ref_prev":"GIJbXgCJrUpB-pUG","last_seen":"2025-12-18T16:14:27.056Z","room_id":"ACHD","started_at":"2025-12-18T16:14:27.056Z","status":"In Lobby: It","user_id":"96e01cdb-36c0-4228-a6e4-a29a3c66bc8e","username":"lemontom","watching_id":"tt1396484","watching_title":"It","watching_type":"movie"}]}},"leaves":{"f68d2368-dc2b-11f0-a84c-0a58a9feac02":{"metas":[{"phx_ref":"GIJbXgCJrUpB-pUG","phx_ref_prev":"GIJbXaoczWNB-meB","last_seen":"2025-12-18T16:14:23.055Z","status":"Browsing Library","user_id":"96e01cdb-36c0-4228-a6e4-a29a3c66bc8e","username":"lemontom"}]}}},"topic":"realtime:global-presence"}
🎬 Layer.update() called - forceDraw:false needsFlip:true (throttled)
🎬 MPV: Frame ready! Calling layer.update() (throttled)
🎬 canDraw() = true (forceDraw:false, hasFrame:true) (throttled)
🎬 draw() - Rendering frame! (throttled)
🎬 DisplayLink: reportSwap() (throttled)
🎬 DisplayLink: reportSwap() (throttled)
🎬 MPV: Frame ready! Calling layer.update() (throttled)
🎬 DisplayLink: reportSwap() (throttled)
🎬 Layer.update() called - forceDraw:false needsFlip:true (throttled)
🎬 DisplayLink: reportSwap() (throttled)
🎬 MPV: Frame ready! Calling layer.update() (throttled)
🎬 DisplayLink: reportSwap() (throttled)
📨 Received: {"ref":null,"event":"postgres_changes","payload":{"data":{"table":"direct_messages","type":"INSERT","record":{"id": "af94192b-692f-4bff-8d7c-dbf4c33d05dc", "content": "INVITE|ACHD|It", "is_read": false, "sender_id": "96e01cdb-36c0-4228-a6e4-a29a3c66bc8e", "created_at": "2025-12-18T16:14:33.394203+00:00", "receiver_id": "656daa91-33b4-4688-9135-c982ea52d7c9"},"columns":[{"name": "id", "type": "uuid"}, {"name": "sender_id", "type": "uuid"}, {"name": "receiver_id", "type": "uuid"}, {"name": "content", "type": "text"}, {"name": "is_read", "type": "bool"}, {"name": "created_at", "type": "timestamptz"}],"errors":null,"schema":"public","commit_timestamp":"2025-12-18T16:14:33.404Z"},"ids":[102443684]},"topic":"realtime:direct_messages"}
📨 SocialService: New message from/to 96e01cdb-36c0-4228-a6e4-a29a3c66bc8e
🎬 canDraw() = true (forceDraw:false, hasFrame:true) (throttled)
🎬 draw() - Rendering frame! (throttled)
🎬 DisplayLink: reportSwap() (throttled)
🎬 Layer.update() called - forceDraw:false needsFlip:true (throttled)
🎬 MPV: Frame ready! Calling layer.update() (throttled)
🎬 DisplayLink: reportSwap() (throttled)
🎬 DisplayLink: reportSwap() (throttled)
🎬 MPV: Frame ready! Calling layer.update() (throttled)
🎬 DisplayLink: reportSwap() (throttled)
🎬 Layer.update() called - forceDraw:false needsFlip:true (throttled)
🎬 DisplayLink: reportSwap() (throttled)
📨 Received: {"ref":"22","event":"phx_reply","payload":{"status":"ok","response":{}},"topic":"realtime:global-presence"}
📨 Received: {"ref":null,"event":"presence_diff","payload":{"joins":{"2f6fbdbc-dc2c-11f0-934a-0a58a9feac02":{"metas":[{"phx_ref":"GIJbYXzx8f9cJQkM","phx_ref_prev":"GIJbXNQbOsBcJe3H","last_seen":"2025-12-18T16:14:38.010Z","room_id":"event_tt0126029","started_at":"2025-12-18T16:13:23.229Z","status":"online","user_id":"656daa91-33b4-4688-9135-c982ea52d7c9","username":"ursinho","watching_id":"tt0126029","watching_title":"Shrek","watching_type":"movie"}]}},"leaves":{"2f6fbdbc-dc2c-11f0-934a-0a58a9feac02":{"metas":[{"phx_ref":"GIJbXNQbOsBcJe3H","phx_ref_prev":"GIJbWCz5KcZcJXZO","last_seen":"2025-12-18T16:14:17.997Z","room_id":"event_tt0126029","started_at":"2025-12-18T16:13:23.229Z","status":"online","user_id":"656daa91-33b4-4688-9135-c982ea52d7c9","username":"ursinho","watching_id":"tt0126029","watching_title":"Shrek","watching_type":"movie"}]}}},"topic":"realtime:global-presence"}
🎬 MPV: Frame ready! Calling layer.update() (throttled)
🎬 canDraw() = true (forceDraw:false, hasFrame:true) (throttled)
🎬 draw() - Rendering frame! (throttled)
🎬 DisplayLink: reportSwap() (throttled)
📨 Received: {"ref":null,"event":"postgres_changes","payload":{"data":{"table":"direct_messages","type":"UPDATE","record":{"id": "45963f31-e260-4325-bb3a-2131e8f99966", "content": "INVITE|event_tt0126029|Shrek", "is_read": true, "sender_id": "96e01cdb-36c0-4228-a6e4-a29a3c66bc8e", "created_at": "2025-12-18T16:13:12.240962+00:00", "receiver_id": "656daa91-33b4-4688-9135-c982ea52d7c9"},"columns":[{"name": "id", "type": "uuid"}, {"name": "sender_id", "type": "uuid"}, {"name": "receiver_id", "type": "uuid"}, {"name": "content", "type": "text"}, {"name": "is_read", "type": "bool"}, {"name": "created_at", "type": "timestamptz"}],"errors":null,"schema":"public","commit_timestamp":"2025-12-18T16:14:39.215Z","old_record":{"id": "45963f31-e260-4325-bb3a-2131e8f99966"}},"ids":[102443684]},"topic":"realtime:direct_messages"}
📨 Received: {"ref":null,"event":"postgres_changes","payload":{"data":{"table":"direct_messages","type":"UPDATE","record":{"id": "f86d35fb-ea4a-4805-87d7-e6ae48a2d010", "content": "INVITE|event_tt0126029|Shrek", "is_read": true, "sender_id": "96e01cdb-36c0-4228-a6e4-a29a3c66bc8e", "created_at": "2025-12-18T16:11:25.900823+00:00", "receiver_id": "656daa91-33b4-4688-9135-c982ea52d7c9"},"columns":[{"name": "id", "type": "uuid"}, {"name": "sender_id", "type": "uuid"}, {"name": "receiver_id", "type": "uuid"}, {"name": "content", "type": "text"}, {"name": "is_read", "type": "bool"}, {"name": "created_at", "type": "timestamptz"}],"errors":null,"schema":"public","commit_timestamp":"2025-12-18T16:14:39.215Z","old_record":{"id": "f86d35fb-ea4a-4805-87d7-e6ae48a2d010"}},"ids":[102443684]},"topic":"realtime:direct_messages"}
📨 Received: {"ref":null,"event":"postgres_changes","payload":{"data":{"table":"direct_messages","type":"UPDATE","record":{"id": "7286b740-00b0-491d-8e3b-bbab0b8a58fc", "content": "hi", "is_read": true, "sender_id": "96e01cdb-36c0-4228-a6e4-a29a3c66bc8e", "created_at": "2025-12-14T16:41:42.307467+00:00", "receiver_id": "656daa91-33b4-4688-9135-c982ea52d7c9"},"columns":[{"name": "id", "type": "uuid"}, {"name": "sender_id", "type": "uuid"}, {"name": "receiver_id", "type": "uuid"}, {"name": "content", "type": "text"}, {"name": "is_read", "type": "bool"}, {"name": "created_at", "type": "timestamptz"}],"errors":null,"schema":"public","commit_timestamp":"2025-12-18T16:14:39.215Z","old_record":{"id": "7286b740-00b0-491d-8e3b-bbab0b8a58fc"}},"ids":[102443684]},"topic":"realtime:direct_messages"}
📨 Received: {"ref":null,"event":"postgres_changes","payload":{"data":{"table":"direct_messages","type":"UPDATE","record":{"id": "fd2676c6-53b2-422f-8368-58090a365db0", "content": "hey", "is_read": true, "sender_id": "96e01cdb-36c0-4228-a6e4-a29a3c66bc8e", "created_at": "2025-12-15T19:22:33.056628+00:00", "receiver_id": "656daa91-33b4-4688-9135-c982ea52d7c9"},"columns":[{"name": "id", "type": "uuid"}, {"name": "sender_id", "type": "uuid"}, {"name": "receiver_id", "type": "uuid"}, {"name": "content", "type": "text"}, {"name": "is_read", "type": "bool"}, {"name": "created_at", "type": "timestamptz"}],"errors":null,"schema":"public","commit_timestamp":"2025-12-18T16:14:39.215Z","old_record":{"id": "fd2676c6-53b2-422f-8368-58090a365db0"}},"ids":[102443684]},"topic":"realtime:direct_messages"}
📨 Received: {"ref":null,"event":"postgres_changes","payload":{"data":{"table":"direct_messages","type":"UPDATE","record":{"id": "ac0fbd2d-e53a-4edf-a455-49dcbbe3fed1", "content": "very cool", "is_read": true, "sender_id": "96e01cdb-36c0-4228-a6e4-a29a3c66bc8e", "created_at": "2025-12-14T00:52:26.975931+00:00", "receiver_id": "656daa91-33b4-4688-9135-c982ea52d7c9"},"columns":[{"name": "id", "type": "uuid"}, {"name": "sender_id", "type": "uuid"}, {"name": "receiver_id", "type": "uuid"}, {"name": "content", "type": "text"}, {"name": "is_read", "type": "bool"}, {"name": "created_at", "type": "timestamptz"}],"errors":null,"schema":"public","commit_timestamp":"2025-12-18T16:14:39.215Z","old_record":{"id": "ac0fbd2d-e53a-4edf-a455-49dcbbe3fed1"}},"ids":[102443684]},"topic":"realtime:direct_messages"}
📨 Received: {"ref":null,"event":"postgres_changes","payload":{"data":{"table":"direct_messages","type":"UPDATE","record":{"id": "281e170e-21e5-4ecd-b5af-a161c826958e", "content": "wake up", "is_read": true, "sender_id": "96e01cdb-36c0-4228-a6e4-a29a3c66bc8e", "created_at": "2025-12-14T00:08:11.482101+00:00", "receiver_id": "656daa91-33b4-4688-9135-c982ea52d7c9"},"columns":[{"name": "id", "type": "uuid"}, {"name": "sender_id", "type": "uuid"}, {"name": "receiver_id", "type": "uuid"}, {"name": "content", "type": "text"}, {"name": "is_read", "type": "bool"}, {"name": "created_at", "type": "timestamptz"}],"errors":null,"schema":"public","commit_timestamp":"2025-12-18T16:14:39.215Z","old_record":{"id": "281e170e-21e5-4ecd-b5af-a161c826958e"}},"ids":[102443684]},"topic":"realtime:direct_messages"}
📨 Received: {"ref":null,"event":"postgres_changes","payload":{"data":{"table":"direct_messages","type":"UPDATE","record":{"id": "c62169aa-bf5d-4c4d-b085-e2db9d898847", "content": "hey", "is_read": true, "sender_id": "96e01cdb-36c0-4228-a6e4-a29a3c66bc8e", "created_at": "2025-12-16T18:21:31.0686+00:00", "receiver_id": "656daa91-33b4-4688-9135-c982ea52d7c9"},"columns":[{"name": "id", "type": "uuid"}, {"name": "sender_id", "type": "uuid"}, {"name": "receiver_id", "type": "uuid"}, {"name": "content", "type": "text"}, {"name": "is_read", "type": "bool"}, {"name": "created_at", "type": "timestamptz"}],"errors":null,"schema":"public","commit_timestamp":"2025-12-18T16:14:39.215Z","old_record":{"id": "c62169aa-bf5d-4c4d-b085-e2db9d898847"}},"ids":[102443684]},"topic":"realtime:direct_messages"}
📨 Received: {"ref":null,"event":"postgres_changes","payload":{"data":{"table":"direct_messages","type":"UPDATE","record":{"id": "060d0f4c-953d-44e5-b064-7a8b697ccb1b", "content": "hey", "is_read": true, "sender_id": "96e01cdb-36c0-4228-a6e4-a29a3c66bc8e", "created_at": "2025-12-13T21:47:31.38973+00:00", "receiver_id": "656daa91-33b4-4688-9135-c982ea52d7c9"},"columns":[{"name": "id", "type": "uuid"}, {"name": "sender_id", "type": "uuid"}, {"name": "receiver_id", "type": "uuid"}, {"name": "content", "type": "text"}, {"name": "is_read", "type": "bool"}, {"name": "created_at", "type": "timestamptz"}],"errors":null,"schema":"public","commit_timestamp":"2025-12-18T16:14:39.215Z","old_record":{"id": "060d0f4c-953d-44e5-b064-7a8b697ccb1b"}},"ids":[102443684]},"topic":"realtime:direct_messages"}
📨 Received: {"ref":null,"event":"postgres_changes","payload":{"data":{"table":"direct_messages","type":"UPDATE","record":{"id": "5d23122d-7ca9-4527-afc1-923c6357abda", "content": "😍😍😍", "is_read": true, "sender_id": "96e01cdb-36c0-4228-a6e4-a29a3c66bc8e", "created_at": "2025-12-13T21:18:40.893927+00:00", "receiver_id": "656daa91-33b4-4688-9135-c982ea52d7c9"},"columns":[{"name": "id", "type": "uuid"}, {"name": "sender_id", "type": "uuid"}, {"name": "receiver_id", "type": "uuid"}, {"name": "content", "type": "text"}, {"name": "is_read", "type": "bool"}, {"name": "created_at", "type": "timestamptz"}],"errors":null,"schema":"public","commit_timestamp":"2025-12-18T16:14:39.215Z","old_record":{"id": "5d23122d-7ca9-4527-afc1-923c6357abda"}},"ids":[102443684]},"topic":"realtime:direct_messages"}
📨 Received: {"ref":null,"event":"postgres_changes","payload":{"data":{"table":"direct_messages","type":"UPDATE","record":{"id": "7ac1d5f7-87a0-4c68-82fd-6319762dc3d1", "content": "hi", "is_read": true, "sender_id": "96e01cdb-36c0-4228-a6e4-a29a3c66bc8e", "created_at": "2025-12-13T20:31:24.236478+00:00", "receiver_id": "656daa91-33b4-4688-9135-c982ea52d7c9"},"columns":[{"name": "id", "type": "uuid"}, {"name": "sender_id", "type": "uuid"}, {"name": "receiver_id", "type": "uuid"}, {"name": "content", "type": "text"}, {"name": "is_read", "type": "bool"}, {"name": "created_at", "type": "timestamptz"}],"errors":null,"schema":"public","commit_timestamp":"2025-12-18T16:14:39.215Z","old_record":{"id": "7ac1d5f7-87a0-4c68-82fd-6319762dc3d1"}},"ids":[102443684]},"topic":"realtime:direct_messages"}
📨 Received: {"ref":null,"event":"postgres_changes","payload":{"data":{"table":"direct_messages","type":"UPDATE","record":{"id": "ca945b45-f6b5-4c94-ac03-b42e28c48844", "content": "hi", "is_read": true, "sender_id": "96e01cdb-36c0-4228-a6e4-a29a3c66bc8e", "created_at": "2025-12-13T20:11:25.433538+00:00", "receiver_id": "656daa91-33b4-4688-9135-c982ea52d7c9"},"columns":[{"name": "id", "type": "uuid"}, {"name": "sender_id", "type": "uuid"}, {"name": "receiver_id", "type": "uuid"}, {"name": "content", "type": "text"}, {"name": "is_read", "type": "bool"}, {"name": "created_at", "type": "timestamptz"}],"errors":null,"schema":"public","commit_timestamp":"2025-12-18T16:14:39.215Z","old_record":{"id": "ca945b45-f6b5-4c94-ac03-b42e28c48844"}},"ids":[102443684]},"topic":"realtime:direct_messages"}
📨 Received: {"ref":null,"event":"postgres_changes","payload":{"data":{"table":"direct_messages","type":"UPDATE","record":{"id": "e5180839-f63e-487a-a594-14ea9a4ebddb", "content": "hi", "is_read": true, "sender_id": "96e01cdb-36c0-4228-a6e4-a29a3c66bc8e", "created_at": "2025-12-13T18:08:20.447905+00:00", "receiver_id": "656daa91-33b4-4688-9135-c982ea52d7c9"},"columns":[{"name": "id", "type": "uuid"}, {"name": "sender_id", "type": "uuid"}, {"name": "receiver_id", "type": "uuid"}, {"name": "content", "type": "text"}, {"name": "is_read", "type": "bool"}, {"name": "created_at", "type": "timestamptz"}],"errors":null,"schema":"public","commit_timestamp":"2025-12-18T16:14:39.215Z","old_record":{"id": "e5180839-f63e-487a-a594-14ea9a4ebddb"}},"ids":[102443684]},"topic":"realtime:direct_messages"}
📨 Received: {"ref":null,"event":"postgres_changes","payload":{"data":{"table":"direct_messages","type":"UPDATE","record":{"id": "45bc6cd6-64ec-41a0-82ed-03bbe933376e", "content": "hello", "is_read": true, "sender_id": "96e01cdb-36c0-4228-a6e4-a29a3c66bc8e", "created_at": "2025-12-16T19:05:53.429135+00:00", "receiver_id": "656daa91-33b4-4688-9135-c982ea52d7c9"},"columns":[{"name": "id", "type": "uuid"}, {"name": "sender_id", "type": "uuid"}, {"name": "receiver_id", "type": "uuid"}, {"name": "content", "type": "text"}, {"name": "is_read", "type": "bool"}, {"name": "created_at", "type": "timestamptz"}],"errors":null,"schema":"public","commit_timestamp":"2025-12-18T16:14:39.215Z","old_record":{"id": "45bc6cd6-64ec-41a0-82ed-03bbe933376e"}},"ids":[102443684]},"topic":"realtime:direct_messages"}
📨 Received: {"ref":null,"event":"postgres_changes","payload":{"data":{"table":"direct_messages","type":"UPDATE","record":{"id": "05d595d9-3379-47d4-8663-73129e8efed5", "content": "🎉🎉🎉🎉", "is_read": true, "sender_id": "96e01cdb-36c0-4228-a6e4-a29a3c66bc8e", "created_at": "2025-12-13T04:13:21.820293+00:00", "receiver_id": "656daa91-33b4-4688-9135-c982ea52d7c9"},"columns":[{"name": "id", "type": "uuid"}, {"name": "sender_id", "type": "uuid"}, {"name": "receiver_id", "type": "uuid"}, {"name": "content", "type": "text"}, {"name": "is_read", "type": "bool"}, {"name": "created_at", "type": "timestamptz"}],"errors":null,"schema":"public","commit_timestamp":"2025-12-18T16:14:39.215Z","old_record":{"id": "05d595d9-3379-47d4-8663-73129e8efed5"}},"ids":[102443684]},"topic":"realtime:direct_messages"}
📨 Received: {"ref":null,"event":"postgres_changes","payload":{"data":{"table":"direct_messages","type":"UPDATE","record":{"id": "c99d200f-9633-4070-892e-a854bd0dfe43", "content": "🔥🔥", "is_read": true, "sender_id": "96e01cdb-36c0-4228-a6e4-a29a3c66bc8e", "created_at": "2025-12-13T01:19:19.897417+00:00", "receiver_id": "656daa91-33b4-4688-9135-c982ea52d7c9"},"columns":[{"name": "id", "type": "uuid"}, {"name": "sender_id", "type": "uuid"}, {"name": "receiver_id", "type": "uuid"}, {"name": "content", "type": "text"}, {"name": "is_read", "type": "bool"}, {"name": "created_at", "type": "timestamptz"}],"errors":null,"schema":"public","commit_timestamp":"2025-12-18T16:14:39.215Z","old_record":{"id": "c99d200f-9633-4070-892e-a854bd0dfe43"}},"ids":[102443684]},"topic":"realtime:direct_messages"}
📨 Received: {"ref":null,"event":"postgres_changes","payload":{"data":{"table":"direct_messages","type":"UPDATE","record":{"id": "47a5cd9d-f6bc-41ca-a5a0-c3c4e58da59b", "content": "", "is_read": true, "sender_id": "96e01cdb-36c0-4228-a6e4-a29a3c66bc8e", "created_at": "2025-12-13T00:57:28.477607+00:00", "receiver_id": "656daa91-33b4-4688-9135-c982ea52d7c9"},"columns":[{"name": "id", "type": "uuid"}, {"name": "sender_id", "type": "uuid"}, {"name": "receiver_id", "type": "uuid"}, {"name": "content", "type": "text"}, {"name": "is_read", "type": "bool"}, {"name": "created_at", "type": "timestamptz"}],"errors":null,"schema":"public","commit_timestamp":"2025-12-18T16:14:39.215Z","old_record":{"id": "47a5cd9d-f6bc-41ca-a5a0-c3c4e58da59b"}},"ids":[102443684]},"topic":"realtime:direct_messages"}
📨 Received: {"ref":null,"event":"postgres_changes","payload":{"data":{"table":"direct_messages","type":"UPDATE","record":{"id": "ed738383-59ca-42af-b14f-e4a3078127e2", "content": "lets watch?", "is_read": true, "sender_id": "96e01cdb-36c0-4228-a6e4-a29a3c66bc8e", "created_at": "2025-12-15T19:23:01.245099+00:00", "receiver_id": "656daa91-33b4-4688-9135-c982ea52d7c9"},"columns":[{"name": "id", "type": "uuid"}, {"name": "sender_id", "type": "uuid"}, {"name": "receiver_id", "type": "uuid"}, {"name": "content", "type": "text"}, {"name": "is_read", "type": "bool"}, {"name": "created_at", "type": "timestamptz"}],"errors":null,"schema":"public","commit_timestamp":"2025-12-18T16:14:39.215Z","old_record":{"id": "ed738383-59ca-42af-b14f-e4a3078127e2"}},"ids":[102443684]},"topic":"realtime:direct_messages"}
📨 Received: {"ref":null,"event":"postgres_changes","payload":{"data":{"table":"direct_messages","type":"UPDATE","record":{"id": "141344c3-8e96-460e-a59e-2adb19f250da", "content": "chillin", "is_read": true, "sender_id": "96e01cdb-36c0-4228-a6e4-a29a3c66bc8e", "created_at": "2025-12-15T19:22:52.872087+00:00", "receiver_id": "656daa91-33b4-4688-9135-c982ea52d7c9"},"columns":[{"name": "id", "type": "uuid"}, {"name": "sender_id", "type": "uuid"}, {"name": "receiver_id", "type": "uuid"}, {"name": "content", "type": "text"}, {"name": "is_read", "type": "bool"}, {"name": "created_at", "type": "timestamptz"}],"errors":null,"schema":"public","commit_timestamp":"2025-12-18T16:14:39.215Z","old_record":{"id": "141344c3-8e96-460e-a59e-2adb19f250da"}},"ids":[102443684]},"topic":"realtime:direct_messages"}
📨 Received: {"ref":null,"event":"postgres_changes","payload":{"data":{"table":"direct_messages","type":"UPDATE","record":{"id": "db8c90af-117a-4e99-bad3-331ab90d5b86", "content": "", "is_read": true, "sender_id": "96e01cdb-36c0-4228-a6e4-a29a3c66bc8e", "created_at": "2025-12-13T01:08:58.144356+00:00", "receiver_id": "656daa91-33b4-4688-9135-c982ea52d7c9"},"columns":[{"name": "id", "type": "uuid"}, {"name": "sender_id", "type": "uuid"}, {"name": "receiver_id", "type": "uuid"}, {"name": "content", "type": "text"}, {"name": "is_read", "type": "bool"}, {"name": "created_at", "type": "timestamptz"}],"errors":null,"schema":"public","commit_timestamp":"2025-12-18T16:14:39.215Z","old_record":{"id": "db8c90af-117a-4e99-bad3-331ab90d5b86"}},"ids":[102443684]},"topic":"realtime:direct_messages"}
📨 Received: {"ref":null,"event":"postgres_changes","payload":{"data":{"table":"direct_messages","type":"UPDATE","record":{"id": "9495b5e5-82a9-4872-afb6-26f2be60952e", "content": "🍿🍿🍿🍿🍿🍿🍿🍿", "is_read": true, "sender_id": "96e01cdb-36c0-4228-a6e4-a29a3c66bc8e", "created_at": "2025-12-13T04:13:08.908778+00:00", "receiver_id": "656daa91-33b4-4688-9135-c982ea52d7c9"},"columns":[{"name": "id", "type": "uuid"}, {"name": "sender_id", "type": "uuid"}, {"name": "receiver_id", "type": "uuid"}, {"name": "content", "type": "text"}, {"name": "is_read", "type": "bool"}, {"name": "created_at", "type": "timestamptz"}],"errors":null,"schema":"public","commit_timestamp":"2025-12-18T16:14:39.215Z","old_record":{"id": "9495b5e5-82a9-4872-afb6-26f2be60952e"}},"ids":[102443684]},"topic":"realtime:direct_messages"}
📨 Received: {"ref":null,"event":"postgres_changes","payload":{"data":{"table":"direct_messages","type":"UPDATE","record":{"id": "41f2594e-78bf-444d-85fa-f443d2e11b2b", "content": "✨✨✨✨✨", "is_read": true, "sender_id": "96e01cdb-36c0-4228-a6e4-a29a3c66bc8e", "created_at": "2025-12-13T04:13:24.915657+00:00", "receiver_id": "656daa91-33b4-4688-9135-c982ea52d7c9"},"columns":[{"name": "id", "type": "uuid"}, {"name": "sender_id", "type": "uuid"}, {"name": "receiver_id", "type": "uuid"}, {"name": "content", "type": "text"}, {"name": "is_read", "type": "bool"}, {"name": "created_at", "type": "timestamptz"}],"errors":null,"schema":"public","commit_timestamp":"2025-12-18T16:14:39.215Z","old_record":{"id": "41f2594e-78bf-444d-85fa-f443d2e11b2b"}},"ids":[102443684]},"topic":"realtime:direct_messages"}
📨 Received: {"ref":null,"event":"postgres_changes","payload":{"data":{"table":"direct_messages","type":"UPDATE","record":{"id": "8e55e29a-7e9a-4c45-beb0-f34b5dbf272a", "content": "hmmm lets watch something", "is_read": true, "sender_id": "96e01cdb-36c0-4228-a6e4-a29a3c66bc8e", "created_at": "2025-12-12T21:28:03.060673+00:00", "receiver_id": "656daa91-33b4-4688-9135-c982ea52d7c9"},"columns":[{"name": "id", "type": "uuid"}, {"name": "sender_id", "type": "uuid"}, {"name": "receiver_id", "type": "uuid"}, {"name": "content", "type": "text"}, {"name": "is_read", "type": "bool"}, {"name": "created_at", "type": "timestamptz"}],"errors":null,"schema":"public","commit_timestamp":"2025-12-18T16:14:39.215Z","old_record":{"id": "8e55e29a-7e9a-4c45-beb0-f34b5dbf272a"}},"ids":[102443684]},"topic":"realtime:direct_messages"}
📨 Received: {"ref":null,"event":"postgres_changes","payload":{"data":{"table":"direct_messages","type":"UPDATE","record":{"id": "c438b4b3-7ddd-4349-b7aa-7ea73a849edc", "content": "", "is_read": true, "sender_id": "96e01cdb-36c0-4228-a6e4-a29a3c66bc8e", "created_at": "2025-12-13T01:12:58.71361+00:00", "receiver_id": "656daa91-33b4-4688-9135-c982ea52d7c9"},"columns":[{"name": "id", "type": "uuid"}, {"name": "sender_id", "type": "uuid"}, {"name": "receiver_id", "type": "uuid"}, {"name": "content", "type": "text"}, {"name": "is_read", "type": "bool"}, {"name": "created_at", "type": "timestamptz"}],"errors":null,"schema":"public","commit_timestamp":"2025-12-18T16:14:39.215Z","old_record":{"id": "c438b4b3-7ddd-4349-b7aa-7ea73a849edc"}},"ids":[102443684]},"topic":"realtime:direct_messages"}
📨 Received: {"ref":null,"event":"postgres_changes","payload":{"data":{"table":"direct_messages","type":"UPDATE","record":{"id": "af94192b-692f-4bff-8d7c-dbf4c33d05dc", "content": "INVITE|ACHD|It", "is_read": true, "sender_id": "96e01cdb-36c0-4228-a6e4-a29a3c66bc8e", "created_at": "2025-12-18T16:14:33.394203+00:00", "receiver_id": "656daa91-33b4-4688-9135-c982ea52d7c9"},"columns":[{"name": "id", "type": "uuid"}, {"name": "sender_id", "type": "uuid"}, {"name": "receiver_id", "type": "uuid"}, {"name": "content", "type": "text"}, {"name": "is_read", "type": "bool"}, {"name": "created_at", "type": "timestamptz"}],"errors":null,"schema":"public","commit_timestamp":"2025-12-18T16:14:39.215Z","old_record":{"id": "af94192b-692f-4bff-8d7c-dbf4c33d05dc"}},"ids":[102443684]},"topic":"realtime:direct_messages"}
📨 Received: {"ref":null,"event":"postgres_changes","payload":{"data":{"table":"direct_messages","type":"UPDATE","record":{"id": "9651e9f2-a4cf-4014-95ed-ea9355146b6e", "content": "INVITE|event_tt1396484|It", "is_read": true, "sender_id": "96e01cdb-36c0-4228-a6e4-a29a3c66bc8e", "created_at": "2025-12-18T05:38:23.334987+00:00", "receiver_id": "656daa91-33b4-4688-9135-c982ea52d7c9"},"columns":[{"name": "id", "type": "uuid"}, {"name": "sender_id", "type": "uuid"}, {"name": "receiver_id", "type": "uuid"}, {"name": "content", "type": "text"}, {"name": "is_read", "type": "bool"}, {"name": "created_at", "type": "timestamptz"}],"errors":null,"schema":"public","commit_timestamp":"2025-12-18T16:14:39.215Z","old_record":{"id": "9651e9f2-a4cf-4014-95ed-ea9355146b6e"}},"ids":[102443684]},"topic":"realtime:direct_messages"}
📨 Received: {"ref":null,"event":"postgres_changes","payload":{"data":{"table":"direct_messages","type":"UPDATE","record":{"id": "25556eec-e7e5-48f9-ae92-061d1dd7688f", "content": "", "is_read": true, "sender_id": "96e01cdb-36c0-4228-a6e4-a29a3c66bc8e", "created_at": "2025-12-13T01:04:48.629412+00:00", "receiver_id": "656daa91-33b4-4688-9135-c982ea52d7c9"},"columns":[{"name": "id", "type": "uuid"}, {"name": "sender_id", "type": "uuid"}, {"name": "receiver_id", "type": "uuid"}, {"name": "content", "type": "text"}, {"name": "is_read", "type": "bool"}, {"name": "created_at", "type": "timestamptz"}],"errors":null,"schema":"public","commit_timestamp":"2025-12-18T16:14:39.215Z","old_record":{"id": "25556eec-e7e5-48f9-ae92-061d1dd7688f"}},"ids":[102443684]},"topic":"realtime:direct_messages"}
📨 Received: {"ref":null,"event":"postgres_changes","payload":{"data":{"table":"direct_messages","type":"UPDATE","record":{"id": "db210b6b-7958-4007-909d-df15e4a1d257", "content": "", "is_read": true, "sender_id": "96e01cdb-36c0-4228-a6e4-a29a3c66bc8e", "created_at": "2025-12-13T00:57:30.548139+00:00", "receiver_id": "656daa91-33b4-4688-9135-c982ea52d7c9"},"columns":[{"name": "id", "type": "uuid"}, {"name": "sender_id", "type": "uuid"}, {"name": "receiver_id", "type": "uuid"}, {"name": "content", "type": "text"}, {"name": "is_read", "type": "bool"}, {"name": "created_at", "type": "timestamptz"}],"errors":null,"schema":"public","commit_timestamp":"2025-12-18T16:14:39.215Z","old_record":{"id": "db210b6b-7958-4007-909d-df15e4a1d257"}},"ids":[102443684]},"topic":"realtime:direct_messages"}
📨 Received: {"ref":null,"event":"postgres_changes","payload":{"data":{"table":"direct_messages","type":"UPDATE","record":{"id": "ab076f51-d798-4d1f-9fc1-c82b749b77ee", "content": "INVITE|event_tt1396484|It", "is_read": true, "sender_id": "96e01cdb-36c0-4228-a6e4-a29a3c66bc8e", "created_at": "2025-12-18T05:30:44.023032+00:00", "receiver_id": "656daa91-33b4-4688-9135-c982ea52d7c9"},"columns":[{"name": "id", "type": "uuid"}, {"name": "sender_id", "type": "uuid"}, {"name": "receiver_id", "type": "uuid"}, {"name": "content", "type": "text"}, {"name": "is_read", "type": "bool"}, {"name": "created_at", "type": "timestamptz"}],"errors":null,"schema":"public","commit_timestamp":"2025-12-18T16:14:39.215Z","old_record":{"id": "ab076f51-d798-4d1f-9fc1-c82b749b77ee"}},"ids":[102443684]},"topic":"realtime:direct_messages"}
📨 Received: {"ref":null,"event":"postgres_changes","payload":{"data":{"table":"direct_messages","type":"UPDATE","record":{"id": "e4119f3b-15fa-4d43-af2b-e078443148cc", "content": "❤️❤️", "is_read": true, "sender_id": "96e01cdb-36c0-4228-a6e4-a29a3c66bc8e", "created_at": "2025-12-13T01:19:23.678493+00:00", "receiver_id": "656daa91-33b4-4688-9135-c982ea52d7c9"},"columns":[{"name": "id", "type": "uuid"}, {"name": "sender_id", "type": "uuid"}, {"name": "receiver_id", "type": "uuid"}, {"name": "content", "type": "text"}, {"name": "is_read", "type": "bool"}, {"name": "created_at", "type": "timestamptz"}],"errors":null,"schema":"public","commit_timestamp":"2025-12-18T16:14:39.215Z","old_record":{"id": "e4119f3b-15fa-4d43-af2b-e078443148cc"}},"ids":[102443684]},"topic":"realtime:direct_messages"}
📨 Received: {"ref":null,"event":"postgres_changes","payload":{"data":{"table":"direct_messages","type":"UPDATE","record":{"id": "c3e27299-ea0e-4324-8b59-68a78f5c370b", "content": "hi", "is_read": true, "sender_id": "96e01cdb-36c0-4228-a6e4-a29a3c66bc8e", "created_at": "2025-12-15T23:47:21.243496+00:00", "receiver_id": "656daa91-33b4-4688-9135-c982ea52d7c9"},"columns":[{"name": "id", "type": "uuid"}, {"name": "sender_id", "type": "uuid"}, {"name": "receiver_id", "type": "uuid"}, {"name": "content", "type": "text"}, {"name": "is_read", "type": "bool"}, {"name": "created_at", "type": "timestamptz"}],"errors":null,"schema":"public","commit_timestamp":"2025-12-18T16:14:39.215Z","old_record":{"id": "c3e27299-ea0e-4324-8b59-68a78f5c370b"}},"ids":[102443684]},"topic":"realtime:direct_messages"}
📨 Received: {"ref":null,"event":"postgres_changes","payload":{"data":{"table":"direct_messages","type":"UPDATE","record":{"id": "2c2928ac-97e5-4305-bc94-240b52da11f1", "content": "", "is_read": true, "sender_id": "96e01cdb-36c0-4228-a6e4-a29a3c66bc8e", "created_at": "2025-12-12T23:58:24.5022+00:00", "receiver_id": "656daa91-33b4-4688-9135-c982ea52d7c9"},"columns":[{"name": "id", "type": "uuid"}, {"name": "sender_id", "type": "uuid"}, {"name": "receiver_id", "type": "uuid"}, {"name": "content", "type": "text"}, {"name": "is_read", "type": "bool"}, {"name": "created_at", "type": "timestamptz"}],"errors":null,"schema":"public","commit_timestamp":"2025-12-18T16:14:39.215Z","old_record":{"id": "2c2928ac-97e5-4305-bc94-240b52da11f1"}},"ids":[102443684]},"topic":"realtime:direct_messages"}
📨 Received: {"ref":null,"event":"postgres_changes","payload":{"data":{"table":"direct_messages","type":"UPDATE","record":{"id": "502997b7-a110-4512-a894-cf46c00e2532", "content": "", "is_read": true, "sender_id": "96e01cdb-36c0-4228-a6e4-a29a3c66bc8e", "created_at": "2025-12-13T01:00:55.329534+00:00", "receiver_id": "656daa91-33b4-4688-9135-c982ea52d7c9"},"columns":[{"name": "id", "type": "uuid"}, {"name": "sender_id", "type": "uuid"}, {"name": "receiver_id", "type": "uuid"}, {"name": "content", "type": "text"}, {"name": "is_read", "type": "bool"}, {"name": "created_at", "type": "timestamptz"}],"errors":null,"schema":"public","commit_timestamp":"2025-12-18T16:14:39.215Z","old_record":{"id": "502997b7-a110-4512-a894-cf46c00e2532"}},"ids":[102443684]},"topic":"realtime:direct_messages"}
📨 Received: {"ref":null,"event":"postgres_changes","payload":{"data":{"table":"direct_messages","type":"UPDATE","record":{"id": "52c45903-ac9d-449b-be48-6368d1eca757", "content": "", "is_read": true, "sender_id": "96e01cdb-36c0-4228-a6e4-a29a3c66bc8e", "created_at": "2025-12-13T01:12:56.621839+00:00", "receiver_id": "656daa91-33b4-4688-9135-c982ea52d7c9"},"columns":[{"name": "id", "type": "uuid"}, {"name": "sender_id", "type": "uuid"}, {"name": "receiver_id", "type": "uuid"}, {"name": "content", "type": "text"}, {"name": "is_read", "type": "bool"}, {"name": "created_at", "type": "timestamptz"}],"errors":null,"schema":"public","commit_timestamp":"2025-12-18T16:14:39.215Z","old_record":{"id": "52c45903-ac9d-449b-be48-6368d1eca757"}},"ids":[102443684]},"topic":"realtime:direct_messages"}
📨 Received: {"ref":null,"event":"postgres_changes","payload":{"data":{"table":"direct_messages","type":"UPDATE","record":{"id": "58ca60e0-6da0-46e4-896d-b18f04ebce08", "content": "😂", "is_read": true, "sender_id": "96e01cdb-36c0-4228-a6e4-a29a3c66bc8e", "created_at": "2025-12-13T01:19:27.456633+00:00", "receiver_id": "656daa91-33b4-4688-9135-c982ea52d7c9"},"columns":[{"name": "id", "type": "uuid"}, {"name": "sender_id", "type": "uuid"}, {"name": "receiver_id", "type": "uuid"}, {"name": "content", "type": "text"}, {"name": "is_read", "type": "bool"}, {"name": "created_at", "type": "timestamptz"}],"errors":null,"schema":"public","commit_timestamp":"2025-12-18T16:14:39.215Z","old_record":{"id": "58ca60e0-6da0-46e4-896d-b18f04ebce08"}},"ids":[102443684]},"topic":"realtime:direct_messages"}
📨 Received: {"ref":null,"event":"postgres_changes","payload":{"data":{"table":"direct_messages","type":"UPDATE","record":{"id": "8fb7c3cc-1dbe-4b57-9484-5ebec97e00e9", "content": "", "is_read": true, "sender_id": "96e01cdb-36c0-4228-a6e4-a29a3c66bc8e", "created_at": "2025-12-13T00:57:33.433658+00:00", "receiver_id": "656daa91-33b4-4688-9135-c982ea52d7c9"},"columns":[{"name": "id", "type": "uuid"}, {"name": "sender_id", "type": "uuid"}, {"name": "receiver_id", "type": "uuid"}, {"name": "content", "type": "text"}, {"name": "is_read", "type": "bool"}, {"name": "created_at", "type": "timestamptz"}],"errors":null,"schema":"public","commit_timestamp":"2025-12-18T16:14:39.215Z","old_record":{"id": "8fb7c3cc-1dbe-4b57-9484-5ebec97e00e9"}},"ids":[102443684]},"topic":"realtime:direct_messages"}
📨 Received: {"ref":null,"event":"postgres_changes","payload":{"data":{"table":"direct_messages","type":"UPDATE","record":{"id": "c0229cf5-9fbf-48be-8be5-d2239d889f8a", "content": "hey", "is_read": true, "sender_id": "96e01cdb-36c0-4228-a6e4-a29a3c66bc8e", "created_at": "2025-12-13T20:01:57.217882+00:00", "receiver_id": "656daa91-33b4-4688-9135-c982ea52d7c9"},"columns":[{"name": "id", "type": "uuid"}, {"name": "sender_id", "type": "uuid"}, {"name": "receiver_id", "type": "uuid"}, {"name": "content", "type": "text"}, {"name": "is_read", "type": "bool"}, {"name": "created_at", "type": "timestamptz"}],"errors":null,"schema":"public","commit_timestamp":"2025-12-18T16:14:39.215Z","old_record":{"id": "c0229cf5-9fbf-48be-8be5-d2239d889f8a"}},"ids":[102443684]},"topic":"realtime:direct_messages"}
📨 Received: {"ref":null,"event":"postgres_changes","payload":{"data":{"table":"direct_messages","type":"UPDATE","record":{"id": "fc5e9dcb-0115-4275-8cbc-5fd13db5e847", "content": "hey", "is_read": true, "sender_id": "96e01cdb-36c0-4228-a6e4-a29a3c66bc8e", "created_at": "2025-12-14T20:20:09.138707+00:00", "receiver_id": "656daa91-33b4-4688-9135-c982ea52d7c9"},"columns":[{"name": "id", "type": "uuid"}, {"name": "sender_id", "type": "uuid"}, {"name": "receiver_id", "type": "uuid"}, {"name": "content", "type": "text"}, {"name": "is_read", "type": "bool"}, {"name": "created_at", "type": "timestamptz"}],"errors":null,"schema":"public","commit_timestamp":"2025-12-18T16:14:39.215Z","old_record":{"id": "fc5e9dcb-0115-4275-8cbc-5fd13db5e847"}},"ids":[102443684]},"topic":"realtime:direct_messages"}
📨 Received: {"ref":null,"event":"postgres_changes","payload":{"data":{"table":"direct_messages","type":"UPDATE","record":{"id": "06002bbf-8509-4991-a8df-bf69cafbe8d1", "content": "wow", "is_read": true, "sender_id": "96e01cdb-36c0-4228-a6e4-a29a3c66bc8e", "created_at": "2025-12-15T18:51:42.028072+00:00", "receiver_id": "656daa91-33b4-4688-9135-c982ea52d7c9"},"columns":[{"name": "id", "type": "uuid"}, {"name": "sender_id", "type": "uuid"}, {"name": "receiver_id", "type": "uuid"}, {"name": "content", "type": "text"}, {"name": "is_read", "type": "bool"}, {"name": "created_at", "type": "timestamptz"}],"errors":null,"schema":"public","commit_timestamp":"2025-12-18T16:14:39.215Z","old_record":{"id": "06002bbf-8509-4991-a8df-bf69cafbe8d1"}},"ids":[102443684]},"topic":"realtime:direct_messages"}
📨 Received: {"ref":null,"event":"postgres_changes","payload":{"data":{"table":"direct_messages","type":"UPDATE","record":{"id": "0f80eedb-a86c-4b6a-94c6-2a29ffed856f", "content": "wake up", "is_read": true, "sender_id": "96e01cdb-36c0-4228-a6e4-a29a3c66bc8e", "created_at": "2025-12-12T21:27:03.342905+00:00", "receiver_id": "656daa91-33b4-4688-9135-c982ea52d7c9"},"columns":[{"name": "id", "type": "uuid"}, {"name": "sender_id", "type": "uuid"}, {"name": "receiver_id", "type": "uuid"}, {"name": "content", "type": "text"}, {"name": "is_read", "type": "bool"}, {"name": "created_at", "type": "timestamptz"}],"errors":null,"schema":"public","commit_timestamp":"2025-12-18T16:14:39.215Z","old_record":{"id": "0f80eedb-a86c-4b6a-94c6-2a29ffed856f"}},"ids":[102443684]},"topic":"realtime:direct_messages"}
📨 Received: {"ref":null,"event":"postgres_changes","payload":{"data":{"table":"direct_messages","type":"UPDATE","record":{"id": "1fb309c0-a03f-4b04-8531-acf0f993ad17", "content": "", "is_read": true, "sender_id": "96e01cdb-36c0-4228-a6e4-a29a3c66bc8e", "created_at": "2025-12-13T01:12:46.444971+00:00", "receiver_id": "656daa91-33b4-4688-9135-c982ea52d7c9"},"columns":[{"name": "id", "type": "uuid"}, {"name": "sender_id", "type": "uuid"}, {"name": "receiver_id", "type": "uuid"}, {"name": "content", "type": "text"}, {"name": "is_read", "type": "bool"}, {"name": "created_at", "type": "timestamptz"}],"errors":null,"schema":"public","commit_timestamp":"2025-12-18T16:14:39.215Z","old_record":{"id": "1fb309c0-a03f-4b04-8531-acf0f993ad17"}},"ids":[102443684]},"topic":"realtime:direct_messages"}
📨 Received: {"ref":null,"event":"postgres_changes","payload":{"data":{"table":"direct_messages","type":"UPDATE","record":{"id": "794e3eb1-772e-4294-bb3b-bae0479bf54b", "content": "", "is_read": true, "sender_id": "96e01cdb-36c0-4228-a6e4-a29a3c66bc8e", "created_at": "2025-12-13T00:54:13.505246+00:00", "receiver_id": "656daa91-33b4-4688-9135-c982ea52d7c9"},"columns":[{"name": "id", "type": "uuid"}, {"name": "sender_id", "type": "uuid"}, {"name": "receiver_id", "type": "uuid"}, {"name": "content", "type": "text"}, {"name": "is_read", "type": "bool"}, {"name": "created_at", "type": "timestamptz"}],"errors":null,"schema":"public","commit_timestamp":"2025-12-18T16:14:39.215Z","old_record":{"id": "794e3eb1-772e-4294-bb3b-bae0479bf54b"}},"ids":[102443684]},"topic":"realtime:direct_messages"}
📨 Received: {"ref":null,"event":"postgres_changes","payload":{"data":{"table":"direct_messages","type":"UPDATE","record":{"id": "e28feec3-3f5c-45a2-9c06-e12f86d6576f", "content": "", "is_read": true, "sender_id": "96e01cdb-36c0-4228-a6e4-a29a3c66bc8e", "created_at": "2025-12-13T01:00:47.911359+00:00", "receiver_id": "656daa91-33b4-4688-9135-c982ea52d7c9"},"columns":[{"name": "id", "type": "uuid"}, {"name": "sender_id", "type": "uuid"}, {"name": "receiver_id", "type": "uuid"}, {"name": "content", "type": "text"}, {"name": "is_read", "type": "bool"}, {"name": "created_at", "type": "timestamptz"}],"errors":null,"schema":"public","commit_timestamp":"2025-12-18T16:14:39.215Z","old_record":{"id": "e28feec3-3f5c-45a2-9c06-e12f86d6576f"}},"ids":[102443684]},"topic":"realtime:direct_messages"}
📨 Received: {"ref":null,"event":"postgres_changes","payload":{"data":{"table":"direct_messages","type":"UPDATE","record":{"id": "68984362-662c-4936-94bc-731632ea9711", "content": "wake up", "is_read": true, "sender_id": "96e01cdb-36c0-4228-a6e4-a29a3c66bc8e", "created_at": "2025-12-14T03:38:50.239247+00:00", "receiver_id": "656daa91-33b4-4688-9135-c982ea52d7c9"},"columns":[{"name": "id", "type": "uuid"}, {"name": "sender_id", "type": "uuid"}, {"name": "receiver_id", "type": "uuid"}, {"name": "content", "type": "text"}, {"name": "is_read", "type": "bool"}, {"name": "created_at", "type": "timestamptz"}],"errors":null,"schema":"public","commit_timestamp":"2025-12-18T16:14:39.215Z","old_record":{"id": "68984362-662c-4936-94bc-731632ea9711"}},"ids":[102443684]},"topic":"realtime:direct_messages"}
📨 Received: {"ref":null,"event":"postgres_changes","payload":{"data":{"table":"direct_messages","type":"UPDATE","record":{"id": "b34fc93a-2e2c-4c9d-82d3-d3a2fe78ca03", "content": "🍿🍿🍿🍿", "is_read": true, "sender_id": "96e01cdb-36c0-4228-a6e4-a29a3c66bc8e", "created_at": "2025-12-13T01:19:33.416325+00:00", "receiver_id": "656daa91-33b4-4688-9135-c982ea52d7c9"},"columns":[{"name": "id", "type": "uuid"}, {"name": "sender_id", "type": "uuid"}, {"name": "receiver_id", "type": "uuid"}, {"name": "content", "type": "text"}, {"name": "is_read", "type": "bool"}, {"name": "created_at", "type": "timestamptz"}],"errors":null,"schema":"public","commit_timestamp":"2025-12-18T16:14:39.215Z","old_record":{"id": "b34fc93a-2e2c-4c9d-82d3-d3a2fe78ca03"}},"ids":[102443684]},"topic":"realtime:direct_messages"}
📨 Received: {"ref":null,"event":"postgres_changes","payload":{"data":{"table":"direct_messages","type":"UPDATE","record":{"id": "d74d760f-8af7-4a70-82f8-f6f84e7ad4b7", "content": "hi", "is_read": true, "sender_id": "96e01cdb-36c0-4228-a6e4-a29a3c66bc8e", "created_at": "2025-12-14T00:51:46.045601+00:00", "receiver_id": "656daa91-33b4-4688-9135-c982ea52d7c9"},"columns":[{"name": "id", "type": "uuid"}, {"name": "sender_id", "type": "uuid"}, {"name": "receiver_id", "type": "uuid"}, {"name": "content", "type": "text"}, {"name": "is_read", "type": "bool"}, {"name": "created_at", "type": "timestamptz"}],"errors":null,"schema":"public","commit_timestamp":"2025-12-18T16:14:39.215Z","old_record":{"id": "d74d760f-8af7-4a70-82f8-f6f84e7ad4b7"}},"ids":[102443684]},"topic":"realtime:direct_messages"}
📨 Received: {"ref":null,"event":"postgres_changes","payload":{"data":{"table":"direct_messages","type":"UPDATE","record":{"id": "67ca8369-43cb-4e90-9b29-a65c0f332e21", "content": "", "is_read": true, "sender_id": "96e01cdb-36c0-4228-a6e4-a29a3c66bc8e", "created_at": "2025-12-13T00:57:16.956906+00:00", "receiver_id": "656daa91-33b4-4688-9135-c982ea52d7c9"},"columns":[{"name": "id", "type": "uuid"}, {"name": "sender_id", "type": "uuid"}, {"name": "receiver_id", "type": "uuid"}, {"name": "content", "type": "text"}, {"name": "is_read", "type": "bool"}, {"name": "created_at", "type": "timestamptz"}],"errors":null,"schema":"public","commit_timestamp":"2025-12-18T16:14:39.215Z","old_record":{"id": "67ca8369-43cb-4e90-9b29-a65c0f332e21"}},"ids":[102443684]},"topic":"realtime:direct_messages"}
📨 Received: {"ref":null,"event":"postgres_changes","payload":{"data":{"table":"direct_messages","type":"UPDATE","record":{"id": "d4a3961a-1605-4e68-b2f1-f05513e32a27", "content": "", "is_read": true, "sender_id": "96e01cdb-36c0-4228-a6e4-a29a3c66bc8e", "created_at": "2025-12-13T00:57:25.70842+00:00", "receiver_id": "656daa91-33b4-4688-9135-c982ea52d7c9"},"columns":[{"name": "id", "type": "uuid"}, {"name": "sender_id", "type": "uuid"}, {"name": "receiver_id", "type": "uuid"}, {"name": "content", "type": "text"}, {"name": "is_read", "type": "bool"}, {"name": "created_at", "type": "timestamptz"}],"errors":null,"schema":"public","commit_timestamp":"2025-12-18T16:14:39.215Z","old_record":{"id": "d4a3961a-1605-4e68-b2f1-f05513e32a27"}},"ids":[102443684]},"topic":"realtime:direct_messages"}
📨 Received: {"ref":null,"event":"postgres_changes","payload":{"data":{"table":"direct_messages","type":"UPDATE","record":{"id": "ed0e8529-effd-426f-880c-513e4f642e2a", "content": "😂😂😂😂", "is_read": true, "sender_id": "96e01cdb-36c0-4228-a6e4-a29a3c66bc8e", "created_at": "2025-12-13T01:27:05.003029+00:00", "receiver_id": "656daa91-33b4-4688-9135-c982ea52d7c9"},"columns":[{"name": "id", "type": "uuid"}, {"name": "sender_id", "type": "uuid"}, {"name": "receiver_id", "type": "uuid"}, {"name": "content", "type": "text"}, {"name": "is_read", "type": "bool"}, {"name": "created_at", "type": "timestamptz"}],"errors":null,"schema":"public","commit_timestamp":"2025-12-18T16:14:39.215Z","old_record":{"id": "ed0e8529-effd-426f-880c-513e4f642e2a"}},"ids":[102443684]},"topic":"realtime:direct_messages"}
📨 Received: {"ref":null,"event":"postgres_changes","payload":{"data":{"table":"direct_messages","type":"UPDATE","record":{"id": "9b09dbaa-d492-4430-bf70-c6e40685817a", "content": "hey", "is_read": true, "sender_id": "96e01cdb-36c0-4228-a6e4-a29a3c66bc8e", "created_at": "2025-12-12T20:06:42.396607+00:00", "receiver_id": "656daa91-33b4-4688-9135-c982ea52d7c9"},"columns":[{"name": "id", "type": "uuid"}, {"name": "sender_id", "type": "uuid"}, {"name": "receiver_id", "type": "uuid"}, {"name": "content", "type": "text"}, {"name": "is_read", "type": "bool"}, {"name": "created_at", "type": "timestamptz"}],"errors":null,"schema":"public","commit_timestamp":"2025-12-18T16:14:39.215Z","old_record":{"id": "9b09dbaa-d492-4430-bf70-c6e40685817a"}},"ids":[102443684]},"topic":"realtime:direct_messages"}
📨 Received: {"ref":null,"event":"postgres_changes","payload":{"data":{"table":"direct_messages","type":"UPDATE","record":{"id": "058f39e9-00bc-45b6-b357-46a614f9b7b5", "content": "😎😎😎😎", "is_read": true, "sender_id": "96e01cdb-36c0-4228-a6e4-a29a3c66bc8e", "created_at": "2025-12-13T04:13:00.503636+00:00", "receiver_id": "656daa91-33b4-4688-9135-c982ea52d7c9"},"columns":[{"name": "id", "type": "uuid"}, {"name": "sender_id", "type": "uuid"}, {"name": "receiver_id", "type": "uuid"}, {"name": "content", "type": "text"}, {"name": "is_read", "type": "bool"}, {"name": "created_at", "type": "timestamptz"}],"errors":null,"schema":"public","commit_timestamp":"2025-12-18T16:14:39.215Z","old_record":{"id": "058f39e9-00bc-45b6-b357-46a614f9b7b5"}},"ids":[102443684]},"topic":"realtime:direct_messages"}
📨 Received: {"ref":null,"event":"postgres_changes","payload":{"data":{"table":"direct_messages","type":"UPDATE","record":{"id": "e09e5ddb-2cca-45c0-b789-88ed97ff8c62", "content": "💯💯💯💯💯💯", "is_read": true, "sender_id": "96e01cdb-36c0-4228-a6e4-a29a3c66bc8e", "created_at": "2025-12-13T04:13:31.230723+00:00", "receiver_id": "656daa91-33b4-4688-9135-c982ea52d7c9"},"columns":[{"name": "id", "type": "uuid"}, {"name": "sender_id", "type": "uuid"}, {"name": "receiver_id", "type": "uuid"}, {"name": "content", "type": "text"}, {"name": "is_read", "type": "bool"}, {"name": "created_at", "type": "timestamptz"}],"errors":null,"schema":"public","commit_timestamp":"2025-12-18T16:14:39.215Z","old_record":{"id": "e09e5ddb-2cca-45c0-b789-88ed97ff8c62"}},"ids":[102443684]},"topic":"realtime:direct_messages"}
📨 Received: {"ref":null,"event":"postgres_changes","payload":{"data":{"table":"direct_messages","type":"UPDATE","record":{"id": "26b5e968-0e28-4d3a-ade4-74f2b7fae461", "content": "😱😱😱😱", "is_read": true, "sender_id": "96e01cdb-36c0-4228-a6e4-a29a3c66bc8e", "created_at": "2025-12-13T04:13:12.070272+00:00", "receiver_id": "656daa91-33b4-4688-9135-c982ea52d7c9"},"columns":[{"name": "id", "type": "uuid"}, {"name": "sender_id", "type": "uuid"}, {"name": "receiver_id", "type": "uuid"}, {"name": "content", "type": "text"}, {"name": "is_read", "type": "bool"}, {"name": "created_at", "type": "timestamptz"}],"errors":null,"schema":"public","commit_timestamp":"2025-12-18T16:14:39.215Z","old_record":{"id": "26b5e968-0e28-4d3a-ade4-74f2b7fae461"}},"ids":[102443684]},"topic":"realtime:direct_messages"}
📨 Received: {"ref":null,"event":"postgres_changes","payload":{"data":{"table":"direct_messages","type":"UPDATE","record":{"id": "74cc5e56-7cd3-4d13-9401-40834361cfc5", "content": "hi", "is_read": true, "sender_id": "96e01cdb-36c0-4228-a6e4-a29a3c66bc8e", "created_at": "2025-12-12T20:45:06.518024+00:00", "receiver_id": "656daa91-33b4-4688-9135-c982ea52d7c9"},"columns":[{"name": "id", "type": "uuid"}, {"name": "sender_id", "type": "uuid"}, {"name": "receiver_id", "type": "uuid"}, {"name": "content", "type": "text"}, {"name": "is_read", "type": "bool"}, {"name": "created_at", "type": "timestamptz"}],"errors":null,"schema":"public","commit_timestamp":"2025-12-18T16:14:39.215Z","old_record":{"id": "74cc5e56-7cd3-4d13-9401-40834361cfc5"}},"ids":[102443684]},"topic":"realtime:direct_messages"}
📨 Received: {"ref":null,"event":"postgres_changes","payload":{"data":{"table":"direct_messages","type":"UPDATE","record":{"id": "7993d5d9-d23e-44b5-a647-0875214289d4", "content": "hello", "is_read": true, "sender_id": "96e01cdb-36c0-4228-a6e4-a29a3c66bc8e", "created_at": "2025-12-12T20:47:06.941749+00:00", "receiver_id": "656daa91-33b4-4688-9135-c982ea52d7c9"},"columns":[{"name": "id", "type": "uuid"}, {"name": "sender_id", "type": "uuid"}, {"name": "receiver_id", "type": "uuid"}, {"name": "content", "type": "text"}, {"name": "is_read", "type": "bool"}, {"name": "created_at", "type": "timestamptz"}],"errors":null,"schema":"public","commit_timestamp":"2025-12-18T16:14:39.215Z","old_record":{"id": "7993d5d9-d23e-44b5-a647-0875214289d4"}},"ids":[102443684]},"topic":"realtime:direct_messages"}
📨 Received: {"ref":null,"event":"postgres_changes","payload":{"data":{"table":"direct_messages","type":"UPDATE","record":{"id": "ea3805be-56cb-4a72-89e6-f1edda108d52", "content": "ola", "is_read": true, "sender_id": "96e01cdb-36c0-4228-a6e4-a29a3c66bc8e", "created_at": "2025-12-12T20:52:00.643772+00:00", "receiver_id": "656daa91-33b4-4688-9135-c982ea52d7c9"},"columns":[{"name": "id", "type": "uuid"}, {"name": "sender_id", "type": "uuid"}, {"name": "receiver_id", "type": "uuid"}, {"name": "content", "type": "text"}, {"name": "is_read", "type": "bool"}, {"name": "created_at", "type": "timestamptz"}],"errors":null,"schema":"public","commit_timestamp":"2025-12-18T16:14:39.215Z","old_record":{"id": "ea3805be-56cb-4a72-89e6-f1edda108d52"}},"ids":[102443684]},"topic":"realtime:direct_messages"}
📨 Received: {"ref":null,"event":"postgres_changes","payload":{"data":{"table":"direct_messages","type":"UPDATE","record":{"id": "5f43f39e-77ef-4875-a2f7-0a5cce7425ac", "content": "wake up", "is_read": true, "sender_id": "96e01cdb-36c0-4228-a6e4-a29a3c66bc8e", "created_at": "2025-12-12T20:52:04.765869+00:00", "receiver_id": "656daa91-33b4-4688-9135-c982ea52d7c9"},"columns":[{"name": "id", "type": "uuid"}, {"name": "sender_id", "type": "uuid"}, {"name": "receiver_id", "type": "uuid"}, {"name": "content", "type": "text"}, {"name": "is_read", "type": "bool"}, {"name": "created_at", "type": "timestamptz"}],"errors":null,"schema":"public","commit_timestamp":"2025-12-18T16:14:39.215Z","old_record":{"id": "5f43f39e-77ef-4875-a2f7-0a5cce7425ac"}},"ids":[102443684]},"topic":"realtime:direct_messages"}
📨 Received: {"ref":null,"event":"postgres_changes","payload":{"data":{"table":"direct_messages","type":"UPDATE","record":{"id": "1699735a-648e-4804-b6bc-435169f9ebe9", "content": "hi", "is_read": true, "sender_id": "96e01cdb-36c0-4228-a6e4-a29a3c66bc8e", "created_at": "2025-12-12T20:52:54.751131+00:00", "receiver_id": "656daa91-33b4-4688-9135-c982ea52d7c9"},"columns":[{"name": "id", "type": "uuid"}, {"name": "sender_id", "type": "uuid"}, {"name": "receiver_id", "type": "uuid"}, {"name": "content", "type": "text"}, {"name": "is_read", "type": "bool"}, {"name": "created_at", "type": "timestamptz"}],"errors":null,"schema":"public","commit_timestamp":"2025-12-18T16:14:39.215Z","old_record":{"id": "1699735a-648e-4804-b6bc-435169f9ebe9"}},"ids":[102443684]},"topic":"realtime:direct_messages"}
📨 Received: {"ref":null,"event":"postgres_changes","payload":{"data":{"table":"direct_messages","type":"UPDATE","record":{"id": "8776774b-a6ca-41f2-b915-13bdcb45e7bf", "content": "hi", "is_read": true, "sender_id": "96e01cdb-36c0-4228-a6e4-a29a3c66bc8e", "created_at": "2025-12-15T18:41:00.986745+00:00", "receiver_id": "656daa91-33b4-4688-9135-c982ea52d7c9"},"columns":[{"name": "id", "type": "uuid"}, {"name": "sender_id", "type": "uuid"}, {"name": "receiver_id", "type": "uuid"}, {"name": "content", "type": "text"}, {"name": "is_read", "type": "bool"}, {"name": "created_at", "type": "timestamptz"}],"errors":null,"schema":"public","commit_timestamp":"2025-12-18T16:14:39.215Z","old_record":{"id": "8776774b-a6ca-41f2-b915-13bdcb45e7bf"}},"ids":[102443684]},"topic":"realtime:direct_messages"}
📨 Received: {"ref":null,"event":"postgres_changes","payload":{"data":{"table":"direct_messages","type":"UPDATE","record":{"id": "9b8c2458-f116-4fcd-8de0-dfac5a7c7419", "content": "wake up", "is_read": true, "sender_id": "96e01cdb-36c0-4228-a6e4-a29a3c66bc8e", "created_at": "2025-12-13T20:08:29.062504+00:00", "receiver_id": "656daa91-33b4-4688-9135-c982ea52d7c9"},"columns":[{"name": "id", "type": "uuid"}, {"name": "sender_id", "type": "uuid"}, {"name": "receiver_id", "type": "uuid"}, {"name": "content", "type": "text"}, {"name": "is_read", "type": "bool"}, {"name": "created_at", "type": "timestamptz"}],"errors":null,"schema":"public","commit_timestamp":"2025-12-18T16:14:39.215Z","old_record":{"id": "9b8c2458-f116-4fcd-8de0-dfac5a7c7419"}},"ids":[102443684]},"topic":"realtime:direct_messages"}
📨 Received: {"ref":null,"event":"postgres_changes","payload":{"data":{"table":"direct_messages","type":"UPDATE","record":{"id": "bf680b1a-8c6b-4607-bf8b-08f994692276", "content": "hi", "is_read": true, "sender_id": "96e01cdb-36c0-4228-a6e4-a29a3c66bc8e", "created_at": "2025-12-17T06:14:31.600765+00:00", "receiver_id": "656daa91-33b4-4688-9135-c982ea52d7c9"},"columns":[{"name": "id", "type": "uuid"}, {"name": "sender_id", "type": "uuid"}, {"name": "receiver_id", "type": "uuid"}, {"name": "content", "type": "text"}, {"name": "is_read", "type": "bool"}, {"name": "created_at", "type": "timestamptz"}],"errors":null,"schema":"public","commit_timestamp":"2025-12-18T16:14:39.215Z","old_record":{"id": "bf680b1a-8c6b-4607-bf8b-08f994692276"}},"ids":[102443684]},"topic":"realtime:direct_messages"}
📨 Received: {"ref":null,"event":"postgres_changes","payload":{"data":{"table":"direct_messages","type":"UPDATE","record":{"id": "9751cb1e-37b2-48c0-855c-8a8602e7a287", "content": "testing", "is_read": true, "sender_id": "96e01cdb-36c0-4228-a6e4-a29a3c66bc8e", "created_at": "2025-12-12T21:22:03.707117+00:00", "receiver_id": "656daa91-33b4-4688-9135-c982ea52d7c9"},"columns":[{"name": "id", "type": "uuid"}, {"name": "sender_id", "type": "uuid"}, {"name": "receiver_id", "type": "uuid"}, {"name": "content", "type": "text"}, {"name": "is_read", "type": "bool"}, {"name": "created_at", "type": "timestamptz"}],"errors":null,"schema":"public","commit_timestamp":"2025-12-18T16:14:39.215Z","old_record":{"id": "9751cb1e-37b2-48c0-855c-8a8602e7a287"}},"ids":[102443684]},"topic":"realtime:direct_messages"}
📨 Received: {"ref":null,"event":"postgres_changes","payload":{"data":{"table":"direct_messages","type":"UPDATE","record":{"id": "dbb7a6f7-8dd0-4bc5-a7ed-828a8a39604b", "content": "hello", "is_read": true, "sender_id": "96e01cdb-36c0-4228-a6e4-a29a3c66bc8e", "created_at": "2025-12-12T21:22:09.786238+00:00", "receiver_id": "656daa91-33b4-4688-9135-c982ea52d7c9"},"columns":[{"name": "id", "type": "uuid"}, {"name": "sender_id", "type": "uuid"}, {"name": "receiver_id", "type": "uuid"}, {"name": "content", "type": "text"}, {"name": "is_read", "type": "bool"}, {"name": "created_at", "type": "timestamptz"}],"errors":null,"schema":"public","commit_timestamp":"2025-12-18T16:14:39.215Z","old_record":{"id": "dbb7a6f7-8dd0-4bc5-a7ed-828a8a39604b"}},"ids":[102443684]},"topic":"realtime:direct_messages"}
📨 Received: {"ref":null,"event":"postgres_changes","payload":{"data":{"table":"direct_messages","type":"UPDATE","record":{"id": "50f43c62-2850-43ec-a1e8-54ebe0500210", "content": "yes", "is_read": true, "sender_id": "96e01cdb-36c0-4228-a6e4-a29a3c66bc8e", "created_at": "2025-12-14T00:53:15.170561+00:00", "receiver_id": "656daa91-33b4-4688-9135-c982ea52d7c9"},"columns":[{"name": "id", "type": "uuid"}, {"name": "sender_id", "type": "uuid"}, {"name": "receiver_id", "type": "uuid"}, {"name": "content", "type": "text"}, {"name": "is_read", "type": "bool"}, {"name": "created_at", "type": "timestamptz"}],"errors":null,"schema":"public","commit_timestamp":"2025-12-18T16:14:39.215Z","old_record":{"id": "50f43c62-2850-43ec-a1e8-54ebe0500210"}},"ids":[102443684]},"topic":"realtime:direct_messages"}
📨 Received: {"ref":null,"event":"postgres_changes","payload":{"data":{"table":"direct_messages","type":"UPDATE","record":{"id": "c756bb5d-96d4-4102-a006-3ca8eff8a0bf", "content": "hiii", "is_read": true, "sender_id": "96e01cdb-36c0-4228-a6e4-a29a3c66bc8e", "created_at": "2025-12-13T21:18:46.624969+00:00", "receiver_id": "656daa91-33b4-4688-9135-c982ea52d7c9"},"columns":[{"name": "id", "type": "uuid"}, {"name": "sender_id", "type": "uuid"}, {"name": "receiver_id", "type": "uuid"}, {"name": "content", "type": "text"}, {"name": "is_read", "type": "bool"}, {"name": "created_at", "type": "timestamptz"}],"errors":null,"schema":"public","commit_timestamp":"2025-12-18T16:14:39.215Z","old_record":{"id": "c756bb5d-96d4-4102-a006-3ca8eff8a0bf"}},"ids":[102443684]},"topic":"realtime:direct_messages"}
📨 Received: {"ref":null,"event":"postgres_changes","payload":{"data":{"table":"direct_messages","type":"UPDATE","record":{"id": "9692c65d-86d0-475c-8b0e-025f25213e9f", "content": "good", "is_read": true, "sender_id": "96e01cdb-36c0-4228-a6e4-a29a3c66bc8e", "created_at": "2025-12-12T21:27:48.518086+00:00", "receiver_id": "656daa91-33b4-4688-9135-c982ea52d7c9"},"columns":[{"name": "id", "type": "uuid"}, {"name": "sender_id", "type": "uuid"}, {"name": "receiver_id", "type": "uuid"}, {"name": "content", "type": "text"}, {"name": "is_read", "type": "bool"}, {"name": "created_at", "type": "timestamptz"}],"errors":null,"schema":"public","commit_timestamp":"2025-12-18T16:14:39.215Z","old_record":{"id": "9692c65d-86d0-475c-8b0e-025f25213e9f"}},"ids":[102443684]},"topic":"realtime:direct_messages"}
📨 Received: {"ref":null,"event":"postgres_changes","payload":{"data":{"table":"direct_messages","type":"UPDATE","record":{"id": "a5fce6c4-bb54-43d5-a28f-37d02df890b5", "content": "", "is_read": true, "sender_id": "96e01cdb-36c0-4228-a6e4-a29a3c66bc8e", "created_at": "2025-12-13T01:04:53.770468+00:00", "receiver_id": "656daa91-33b4-4688-9135-c982ea52d7c9"},"columns":[{"name": "id", "type": "uuid"}, {"name": "sender_id", "type": "uuid"}, {"name": "receiver_id", "type": "uuid"}, {"name": "content", "type": "text"}, {"name": "is_read", "type": "bool"}, {"name": "created_at", "type": "timestamptz"}],"errors":null,"schema":"public","commit_timestamp":"2025-12-18T16:14:39.215Z","old_record":{"id": "a5fce6c4-bb54-43d5-a28f-37d02df890b5"}},"ids":[102443684]},"topic":"realtime:direct_messages"}
📨 Received: {"ref":null,"event":"postgres_changes","payload":{"data":{"table":"direct_messages","type":"UPDATE","record":{"id": "42fd2815-8941-4b15-a2ed-80a7347d34ee", "content": "hey", "is_read": true, "sender_id": "96e01cdb-36c0-4228-a6e4-a29a3c66bc8e", "created_at": "2025-12-13T01:23:23.61003+00:00", "receiver_id": "656daa91-33b4-4688-9135-c982ea52d7c9"},"columns":[{"name": "id", "type": "uuid"}, {"name": "sender_id", "type": "uuid"}, {"name": "receiver_id", "type": "uuid"}, {"name": "content", "type": "text"}, {"name": "is_read", "type": "bool"}, {"name": "created_at", "type": "timestamptz"}],"errors":null,"schema":"public","commit_timestamp":"2025-12-18T16:14:39.215Z","old_record":{"id": "42fd2815-8941-4b15-a2ed-80a7347d34ee"}},"ids":[102443684]},"topic":"realtime:direct_messages"}
📨 Received: {"ref":null,"event":"postgres_changes","payload":{"data":{"table":"direct_messages","type":"UPDATE","record":{"id": "de20e9b6-feba-4167-8be1-27f4a63230cc", "content": "hi", "is_read": true, "sender_id": "96e01cdb-36c0-4228-a6e4-a29a3c66bc8e", "created_at": "2025-12-13T20:00:54.574798+00:00", "receiver_id": "656daa91-33b4-4688-9135-c982ea52d7c9"},"columns":[{"name": "id", "type": "uuid"}, {"name": "sender_id", "type": "uuid"}, {"name": "receiver_id", "type": "uuid"}, {"name": "content", "type": "text"}, {"name": "is_read", "type": "bool"}, {"name": "created_at", "type": "timestamptz"}],"errors":null,"schema":"public","commit_timestamp":"2025-12-18T16:14:39.215Z","old_record":{"id": "de20e9b6-feba-4167-8be1-27f4a63230cc"}},"ids":[102443684]},"topic":"realtime:direct_messages"}
📨 Received: {"ref":null,"event":"postgres_changes","payload":{"data":{"table":"direct_messages","type":"UPDATE","record":{"id": "41d443e2-d861-4a8d-9f8a-bfe31a36b6ef", "content": "🤔🤔🤔", "is_read": true, "sender_id": "96e01cdb-36c0-4228-a6e4-a29a3c66bc8e", "created_at": "2025-12-13T01:19:30.956224+00:00", "receiver_id": "656daa91-33b4-4688-9135-c982ea52d7c9"},"columns":[{"name": "id", "type": "uuid"}, {"name": "sender_id", "type": "uuid"}, {"name": "receiver_id", "type": "uuid"}, {"name": "content", "type": "text"}, {"name": "is_read", "type": "bool"}, {"name": "created_at", "type": "timestamptz"}],"errors":null,"schema":"public","commit_timestamp":"2025-12-18T16:14:39.215Z","old_record":{"id": "41d443e2-d861-4a8d-9f8a-bfe31a36b6ef"}},"ids":[102443684]},"topic":"realtime:direct_messages"}
📨 Received: {"ref":null,"event":"postgres_changes","payload":{"data":{"table":"direct_messages","type":"UPDATE","record":{"id": "5b79e1d8-8712-4ef2-9800-76be5240417b", "content": "sure", "is_read": true, "sender_id": "96e01cdb-36c0-4228-a6e4-a29a3c66bc8e", "created_at": "2025-12-13T18:03:16.642025-12-18 11:14:41.761 RedLemon[3216:26410] 🚪 Joining room: ACHD
2025-12-18 11:14:42.304 RedLemon[3216:26410] 🚪 Room is in lobby
9677+00:00", "receiver_id": "656daa91-33b4-4688-9135-c982ea52d7c9"},"columns":[{"name": "id", "type": "uuid"}, {"name": "sender_id", "type": "uuid"}, {"name": "receiver_id", "type": "uuid"}, {"name": "content", "type": "text"}, {"name": "is_read", "type": "bool"}, {"name": "created_at", "type": "timestamptz"}],"errors":null,"schema":"public","commit_timestamp":"2025-12-18T16:14:39.215Z","old_record":{"id": "5b79e1d8-8712-4ef2-9800-76be5240417b"}},"ids":[102443684]},"topic":"realtime:direct_messages"}
📨 Received: {"ref":null,"event":"postgres_changes","payload":{"data":{"table":"direct_messages","type":"UPDATE","record":{"id": "822f3fd0-517c-4a7c-8de7-994287b84ac5", "content": "🎬🎬🎬🎬🎬", "is_read": true, "sender_id": "96e01cdb-36c0-4228-a6e4-a29a3c66bc8e", "created_at": "2025-12-13T04:13:27.644686+00:00", "receiver_id": "656daa91-33b4-4688-9135-c982ea52d7c9"},"columns":[{"name": "id", "type": "uuid"}, {"name": "sender_id", "type": "uuid"}, {"name": "receiver_id", "type": "uuid"}, {"name": "content", "type": "text"}, {"name": "is_read", "type": "bool"}, {"name": "created_at", "type": "timestamptz"}],"errors":null,"schema":"public","commit_timestamp":"2025-12-18T16:14:39.215Z","old_record":{"id": "822f3fd0-517c-4a7c-8de7-994287b84ac5"}},"ids":[102443684]},"topic":"realtime:direct_messages"}
📨 Received: {"ref":null,"event":"postgres_changes","payload":{"data":{"table":"direct_messages","type":"UPDATE","record":{"id": "20ed5c61-0ae3-4718-a826-0d5b4243aef7", "content": "❤️❤️❤️❤️❤️❤️", "is_read": true, "sender_id": "96e01cdb-36c0-4228-a6e4-a29a3c66bc8e", "created_at": "2025-12-13T04:13:05.02741+00:00", "receiver_id": "656daa91-33b4-4688-9135-c982ea52d7c9"},"columns":[{"name": "id", "type": "uuid"}, {"name": "sender_id", "type": "uuid"}, {"name": "receiver_id", "type": "uuid"}, {"name": "content", "type": "text"}, {"name": "is_read", "type": "bool"}, {"name": "created_at", "type": "timestamptz"}],"errors":null,"schema":"public","commit_timestamp":"2025-12-18T16:14:39.215Z","old_record":{"id": "20ed5c61-0ae3-4718-a826-0d5b4243aef7"}},"ids":[102443684]},"topic":"realtime:direct_messages"}
📨 Received: {"ref":null,"event":"postgres_changes","payload":{"data":{"table":"direct_messages","type":"UPDATE","record":{"id": "9688fd87-3886-48d8-b0af-c71af74ef022", "content": "hey", "is_read": true, "sender_id": "96e01cdb-36c0-4228-a6e4-a29a3c66bc8e", "created_at": "2025-12-13T20:54:03.751326+00:00", "receiver_id": "656daa91-33b4-4688-9135-c982ea52d7c9"},"columns":[{"name": "id", "type": "uuid"}, {"name": "sender_id", "type": "uuid"}, {"name": "receiver_id", "type": "uuid"}, {"name": "content", "type": "text"}, {"name": "is_read", "type": "bool"}, {"name": "created_at", "type": "timestamptz"}],"errors":null,"schema":"public","commit_timestamp":"2025-12-18T16:14:39.215Z","old_record":{"id": "9688fd87-3886-48d8-b0af-c71af74ef022"}},"ids":[102443684]},"topic":"realtime:direct_messages"}
📨 Received: {"ref":null,"event":"postgres_changes","payload":{"data":{"table":"direct_messages","type":"UPDATE","record":{"id": "67e8e53e-e87d-43dc-a0c5-b32c0ec2d632", "content": "", "is_read": true, "sender_id": "96e01cdb-36c0-4228-a6e4-a29a3c66bc8e", "created_at": "2025-12-13T00:57:36.184241+00:00", "receiver_id": "656daa91-33b4-4688-9135-c982ea52d7c9"},"columns":[{"name": "id", "type": "uuid"}, {"name": "sender_id", "type": "uuid"}, {"name": "receiver_id", "type": "uuid"}, {"name": "content", "type": "text"}, {"name": "is_read", "type": "bool"}, {"name": "created_at", "type": "timestamptz"}],"errors":null,"schema":"public","commit_timestamp":"2025-12-18T16:14:39.215Z","old_record":{"id": "67e8e53e-e87d-43dc-a0c5-b32c0ec2d632"}},"ids":[102443684]},"topic":"realtime:direct_messages"}
🎬 DisplayLink: reportSwap() (throttled)
🎬 Layer.update() called - forceDraw:false needsFlip:true (throttled)
🎬 MPV: Frame ready! Calling layer.update() (throttled)
🎬 DisplayLink: reportSwap() (throttled)
🔍 Supabase Response for /rooms: [{"id":"ACHD","name":"It","host_user_id":"96e01cdb-36c0-4228-a6e4-a29a3c66bc8e","host_username":"lemontom","stream_hash":null,"imdb_id":"tt1396484","poster_url":"https://images.metahub.space/poster/small/tt1396484/img","backdrop_url":"https://images.metahub.space/background/medium/tt1396484/img","playback_position":0,"is_playing":false,"participants_count":1,"max_participants":50,"is_public":true,"created_at":"2025-12-18T16:14:26.803649","last_activity":"2025-12-18T16:14:27","season":null,"episode":null,"selected_quality":null,"selected_file_idx":null,"unlocked_stream_url":null,"description":null,"current_playlist_index":0,"playlist":[{"id": "8557B2F8-C773-48C3-B850-F2E5097CE466", "mediaItem": {"id": "tt1396484", "name": "It", "type": "movie", "poster": "https://images.metahub.space/poster/small/tt1396484/img", "background": "https://images.metahub.space/background/medium/tt1396484/img"}}],"subtitle_url":null}]
📡 [EventsConfig] Checking server for movie_events config version...
🎬 DisplayLink: reportSwap() (throttled)
✅ [EventsConfig] Fetched movie_events version 1356 with 448 movies
✅ [EventsConfig] Using cached movie_events config (version 1356, 448 movies)
🎭 Lobby: Connecting to room ACHD...
🚦 Lobby State: connecting
🎬 Stopping CVDisplayLink...
🎬 CVDisplayLink stopped and released
🎬 MPVViewLayer uniniting...
🧹 Freeing render context on OpenGL thread...
🎬 MPVViewLayer cleanup complete
📝 Stopped watch history tracking
⏱️ Invalidating all active timers
🎬 MPVLayerHostView deinit
🔄 Lobby: Fetching fresh room state from Supabase...
 MPV Event: 17
[ INFO ] GET /api/metadata/meta/movie/tt1396484 [request-id: 915D7340-17F7-4377-A33F-6243632B6044]
[ INFO ] GET /api/metadata/meta/movie/tt1396484 [request-id: A543B274-46A6-4280-A793-0BF702606E6D]
2025-12-18 11:14:42.676 RedLemon[3216:26633] ⚠️ SupabaseClient: User already in room (409), proceeding...
2025-12-18 11:14:42.683 RedLemon[3216:26410] ✅ Guest joined room ACHD in database
2025-12-18 11:14:42.736 RedLemon[3216:27385] 📦 Decoded CinemetaMeta - videos count: -1
2025-12-18 11:14:42.818 RedLemon[3216:27385] 📤 Realtime: Sending message type: chat, sender: 656daa91-33b4-4688-9135-c982ea52d7c9
2025-12-18 11:14:42.818 RedLemon[3216:27385]    Payload keys: type, timestamp, position, senderId, chatText, chatUsername
2025-12-18 11:14:42.819 RedLemon[3216:27331] ✅ Realtime: Message broadcast complete
2025-12-18 11:14:42.856 RedLemon[3216:26633] 📨 Realtime: Received broadcast message
2025-12-18 11:14:42.856 RedLemon[3216:26633]    Payload keys: timestamp, chatText, type, chatUsername, position, senderId
2025-12-18 11:14:42.857 RedLemon[3216:26633] ✅ Realtime: Decoded message type: chat, sender: 656daa91-33b4-4688-9135-c982ea52d7c9
2025-12-18 11:14:42.857 RedLemon[3216:26633] 📞 Realtime: Invoking syncCallback for message type: chat
2025-12-18 11:14:42.857 RedLemon[3216:26633] ✅ Realtime: syncCallback invoked successfully
2025-12-18 11:14:42.868 RedLemon[3216:26410] 👋 Received: Guest 'ursinho' joined room ACHD
2025-12-18 11:14:51.892 RedLemon[3216:27331] 📨 Realtime: Received broadcast message
2025-12-18 11:14:51.893 RedLemon[3216:27331]    Payload keys: senderId, position, chatText, timestamp, chatUsername, type
2025-12-18 11:14:51.893 RedLemon[3216:27331] ✅ Realtime: Decoded message type: chat, sender: 96e01cdb-36c0-4228-a6e4-a29a3c66bc8e
2025-12-18 11:14:51.893 RedLemon[3216:27331] 📞 Realtime: Invoking syncCallback for message type: chat
2025-12-18 11:14:51.893 RedLemon[3216:27331] ✅ Realtime: syncCallback invoked successfully
💾 Saved to watch history: It at 835s
🧹 Cleaning up MPV player...
 MPV Event: 17
📡 SocialService: Updated status - In Lobby: It: It
📡 SocialService: Updated status - Browsing: 
[MPV] Video: no video
🔌 Setting up Realtime channel: watch-party:ACHD
   Role: Guest
🗑️ Invalidated all active timers
   User ID: 656daa91-33b4-4688-9135-c982ea52d7c9
🧹 Cleaning up Realtime channel for room: event_tt0126029
🔄 Untracking presence...
📡 Connection state: connecting
✅ Presence untracked
🔄 Leaving channel...
📡 Joined channel: realtime:watch-party:ACHD
✅ Channel left
ℹ️ Keeping WebSocket connected (disconnectClient=false)
✅ Realtime channel cleanup complete
📡 Connection state: connected
✅ Realtime channel setup complete
✅ Realtime manager channel left (client connection preserved)
🛑 Stopping MPV playback...
🛑 Stopping MPV playback...
⚡️ PlaybackService: releasing sleep assertion
🗑️ MPVPlayerViewModel deinit
✅ Lobby: Connected to Realtime
📨 Received: {"ref":"23","event":"phx_reply","payload":{"status":"ok","response":{}},"topic":"realtime:global-presence"}
📨 Received: {"ref":null,"event":"presence_diff","payload":{"joins":{"2f6fbdbc-dc2c-11f0-934a-0a58a9feac02":{"metas":[{"phx_ref":"GIJbYo7fmnNcJT3B","phx_ref_prev":"GIJbYXzx8f9cJQkM","last_seen":"2025-12-18T16:14:42.607Z","room_id":"ACHD","started_at":"2025-12-18T16:14:42.607Z","status":"In Lobby: It","user_id":"656daa91-33b4-4688-9135-c982ea52d7c9","username":"ursinho","watching_id":"tt1396484","watching_title":"It","watching_type":"movie"}]}},"leaves":{"2f6fbdbc-dc2c-11f0-934a-0a58a9feac02":{"metas":[{"phx_ref":"GIJbYXzx8f9cJQkM","phx_ref_prev":"GIJbXNQbOsBcJe3H","last_seen":"2025-12-18T16:14:38.010Z","room_id":"event_tt0126029","started_at":"2025-12-18T16:13:23.229Z","status":"online","user_id":"656daa91-33b4-4688-9135-c982ea52d7c9","username":"ursinho","watching_id":"tt0126029","watching_title":"Shrek","watching_type":"movie"}]}}},"topic":"realtime:global-presence"}
🛑 Event polling task cancelled cleanly
🗑️ MPVWrapper deinit - cleaning up...
✅ MPVWrapper cleanup complete
🗑️ Terminating MPV instance (background)...
📨 Received: {"ref":"24","event":"phx_reply","payload":{"status":"ok","response":{}},"topic":"realtime:global-presence"}
📨 Received: {"ref":null,"event":"presence_diff","payload":{"joins":{"2f6fbdbc-dc2c-11f0-934a-0a58a9feac02":{"metas":[{"phx_ref":"GIJbYo_Koe1cJTIF","phx_ref_prev":"GIJbYo7fmnNcJT3B","last_seen":"2025-12-18T16:14:42.622Z","status":"Browsing","user_id":"656daa91-33b4-4688-9135-c982ea52d7c9","username":"ursinho"}]}},"leaves":{"2f6fbdbc-dc2c-11f0-934a-0a58a9feac02":{"metas":[{"phx_ref":"GIJbYo7fmnNcJT3B","phx_ref_prev":"GIJbYXzx8f9cJQkM","last_seen":"2025-12-18T16:14:42.607Z","room_id":"ACHD","started_at":"2025-12-18T16:14:42.607Z","status":"In Lobby: It","user_id":"656daa91-33b4-4688-9135-c982ea52d7c9","username":"ursinho","watching_id":"tt1396484","watching_title":"It","watching_type":"movie"}]}}},"topic":"realtime:global-presence"}
❌ Supabase error (409): {"code":"23505","details":null,"hint":null,"message":"duplicate key value violates unique constraint \"room_participants_pkey\""}
🔍 Supabase Response for /rooms: [{"id":"ACHD","name":"It","host_user_id":"96e01cdb-36c0-4228-a6e4-a29a3c66bc8e","host_username":"lemontom","stream_hash":null,"imdb_id":"tt1396484","poster_url":"https://images.metahub.space/poster/small/tt1396484/img","backdrop_url":"https://images.metahub.space/background/medium/tt1396484/img","playback_position":0,"is_playing":false,"participants_count":2,"max_participants":50,"is_public":true,"created_at":"2025-12-18T16:14:26.803649","last_activity":"2025-12-18T16:14:42.042851","season":null,"episode":null,"selected_quality":null,"selected_file_idx":null,"unlocked_stream_url":null,"description":null,"current_playlist_index":0,"playlist":[{"id": "8557B2F8-C773-48C3-B850-F2E5097CE466", "mediaItem": {"id": "tt1396484", "name": "It", "type": "movie", "poster": "https://images.metahub.space/poster/small/tt1396484/img", "background": "https://images.metahub.space/background/medium/tt1396484/img"}}],"subtitle_url":null}]
📨 Received: {"ref":"CC8954DF-F6BE-4BD0-9600-5FC05A63A9F3","event":"phx_reply","payload":{"status":"ok","response":{"postgres_changes":[{"id":26717860,"event":"*","filter":"id=eq.ACHD","schema":"public","table":"rooms"}]}},"topic":"realtime:watch-party:ACHD"}
📨 Received: {"ref":"13","event":"phx_reply","payload":{"status":"ok","response":{}},"topic":"realtime:watch-party:event_tt0126029"}
📨 Received: {"ref":null,"event":"presence_diff","payload":{"joins":{},"leaves":{"7a162c66-dc2c-11f0-8d0e-0a58a9feac02":{"metas":[{"phx_ref":"GIJbUBLu9G8tQ3jG","is_host":false,"joined_at":1766074403.2069988,"user_id":"656DAA91-33B4-4688-9135-C982EA52D7C9","username":"ursinho"}]}}},"topic":"realtime:watch-party:event_tt0126029"}
✅ Lobby: Synced playlist with 1 items
✅ Lobby: Synced playlist index to 0
📨 Received: {"ref":null,"event":"system","payload":{"message":"Subscribed to PostgreSQL","status":"ok","extension":"postgres_changes","channel":"watch-party:ACHD"},"topic":"realtime:watch-party:ACHD"}
📨 Received: {"ref":null,"event":"presence_state","payload":{"a023ded0-dc2c-11f0-9fe7-0a58a9feac02":{"metas":[{"phx_ref":"GIJbXvy-Vs3QVeXN","phx_ref_prev":"GIJbXvy6PlzQVeWN","is_host":true,"joined_at":1766074467.223013,"user_id":"96e01cdb-36c0-4228-a6e4-a29a3c66bc8e","username":"lemontom"}]}},"topic":"realtime:watch-party:ACHD"}
📨 Received: {"ref":"14","event":"phx_reply","payload":{"status":"ok","response":{}},"topic":"realtime:watch-party:ACHD"}
📨 Received: {"ref":null,"event":"phx_close","payload":{},"topic":"realtime:watch-party:ACHD"}
📨 Unknown event: phx_close
🔍 [DEBUG] Creating MediaItem from CinemetaMeta
🔍 [DEBUG] meta.itemId: tt1396484
🔍 [DEBUG] meta.type: movie
🔍 [DEBUG] meta.name: It
🔍 [DEBUG] Successfully created MediaItem from meta: It
💾 Cache SET: Metadata[meta_movie_tt1396484]
✅ MPV instance destroyed
✅ MPV stop completed with clean event loop exit
🔍 Supabase Response for /rooms: [{"id":"ACHD","name":"It","host_user_id":"96e01cdb-36c0-4228-a6e4-a29a3c66bc8e","host_username":"lemontom","stream_hash":null,"imdb_id":"tt1396484","poster_url":"https://images.metahub.space/poster/small/tt1396484/img","backdrop_url":"https://images.metahub.space/background/medium/tt1396484/img","playback_position":0,"is_playing":false,"participants_count":2,"max_participants":50,"is_public":true,"created_at":"2025-12-18T16:14:26.803649","last_activity":"2025-12-18T16:14:42.042851","season":null,"episode":null,"selected_quality":null,"selected_file_idx":null,"unlocked_stream_url":null,"description":null,"current_playlist_index":0,"playlist":[{"id": "8557B2F8-C773-48C3-B850-F2E5097CE466", "mediaItem": {"id": "tt1396484", "name": "It", "type": "movie", "poster": "https://images.metahub.space/poster/small/tt1396484/img", "background": "https://images.metahub.space/background/medium/tt1396484/img"}}],"subtitle_url":null}]
✅ Lobby: Refreshed room state. isPlaying: false
✅ Lobby: Loaded metadata for It
🔌 Setting up Realtime channel: watch-party:ACHD
   Role: Guest
   User ID: 656daa91-33b4-4688-9135-c982ea52d7c9
📡 Connection state: connecting
📡 Joined channel: realtime:watch-party:ACHD
📡 Connection state: connected
✅ Realtime channel setup complete
✅ Lobby: Connected to Realtime
🚦 Lobby State: connected
🔄 Lobby: Starting database polling for participants and room state...
💓 Lobby: Starting heartbeat loop...
🔄 LobbyDatabase: Starting room state polling for guests...
📨 Received: {"ref":"0E5484BE-8FD7-45FB-B737-03051BCA15AB","event":"phx_reply","payload":{"status":"ok","response":{"postgres_changes":[{"id":26717860,"event":"*","filter":"id=eq.ACHD","schema":"public","table":"rooms"}]}},"topic":"realtime:watch-party:ACHD"}
📨 Received: {"ref":null,"event":"system","payload":{"message":"Subscribed to PostgreSQL","status":"ok","extension":"postgres_changes","channel":"watch-party:ACHD"},"topic":"realtime:watch-party:ACHD"}
📨 Received: {"ref":null,"event":"presence_state","payload":{"a023ded0-dc2c-11f0-9fe7-0a58a9feac02":{"metas":[{"phx_ref":"GIJbXvy-Vs3QVeXN","phx_ref_prev":"GIJbXvy6PlzQVeWN","is_host":true,"joined_at":1766074467.223013,"user_id":"96e01cdb-36c0-4228-a6e4-a29a3c66bc8e","username":"lemontom"}]}},"topic":"realtime:watch-party:ACHD"}
📨 Received: {"ref":"16","event":"phx_reply","payload":{"status":"ok","response":{}},"topic":"realtime:watch-party:ACHD"}
📨 Received: {"ref":null,"event":"presence_diff","payload":{"joins":{"a986188a-dc2c-11f0-b4c9-0a58a9feac02":{"metas":[{"phx_ref":"GIJbYpp7vZItQ8mD","is_host":false,"joined_at":1766074482.789334,"user_id":"656daa91-33b4-4688-9135-c982ea52d7c9","username":"ursinho"}]}},"leaves":{}},"topic":"realtime:watch-party:ACHD"}
📨 Received: {"ref":null,"event":"broadcast","payload":{"event":"sync","payload":{"chatText":"LOBBY_JOIN","chatUsername":"ursinho","position":0,"senderId":"656daa91-33b4-4688-9135-c982ea52d7c9","timestamp":0,"type":"chat"},"type":"broadcast"},"topic":"realtime:watch-party:ACHD"}
🔍 Supabase Response for /rooms: [{"id":"ACHD","name":"It","host_user_id":"96e01cdb-36c0-4228-a6e4-a29a3c66bc8e","host_username":"lemontom","stream_hash":null,"imdb_id":"tt1396484","poster_url":"https://images.metahub.space/poster/small/tt1396484/img","backdrop_url":"https://images.metahub.space/background/medium/tt1396484/img","playback_position":0,"is_playing":false,"participants_count":2,"max_participants":50,"is_public":true,"created_at":"2025-12-18T16:14:26.803649","last_activity":"2025-12-18T16:14:42.042851","season":null,"episode":null,"selected_quality":null,"selected_file_idx":null,"unlocked_stream_url":null,"description":null,"current_playlist_index":0,"playlist":[{"id": "8557B2F8-C773-48C3-B850-F2E5097CE466", "mediaItem": {"id": "tt1396484", "name": "It", "type": "movie", "poster": "https://images.metahub.space/poster/small/tt1396484/img", "background": "https://images.metahub.space/background/medium/tt1396484/img"}}],"subtitle_url":null}]
📨 Received: {"ref":null,"event":"presence_diff","payload":{"joins":{"f68d2368-dc2b-11f0-a84c-0a58a9feac02":{"metas":[{"phx_ref":"GIJbYpP9IfdB-hrK","phx_ref_prev":"GIJbXu9_uX5B-m-O","last_seen":"2025-12-18T16:14:42.701Z","room_id":"ACHD","started_at":"2025-12-18T16:14:27.056Z","status":"In Lobby: It","user_id":"96e01cdb-36c0-4228-a6e4-a29a3c66bc8e","username":"lemontom","watching_id":"tt1396484","watching_title":"It","watching_type":"movie"}]}},"leaves":{"f68d2368-dc2b-11f0-a84c-0a58a9feac02":{"metas":[{"phx_ref":"GIJbXu9_uX5B-m-O","phx_ref_prev":"GIJbXgCJrUpB-pUG","last_seen":"2025-12-18T16:14:27.056Z","room_id":"ACHD","started_at":"2025-12-18T16:14:27.056Z","status":"In Lobby: It","user_id":"96e01cdb-36c0-4228-a6e4-a29a3c66bc8e","username":"lemontom","watching_id":"tt1396484","watching_title":"It","watching_type":"movie"}]}}},"topic":"realtime:global-presence"}
🔍 Supabase Response for /rooms: [{"id":"ACHD","name":"It","host_user_id":"96e01cdb-36c0-4228-a6e4-a29a3c66bc8e","host_username":"lemontom","stream_hash":null,"imdb_id":"tt1396484","poster_url":"https://images.metahub.space/poster/small/tt1396484/img","backdrop_url":"https://images.metahub.space/background/medium/tt1396484/img","playback_position":0,"is_playing":false,"participants_count":2,"max_participants":50,"is_public":true,"created_at":"2025-12-18T16:14:26.803649","last_activity":"2025-12-18T16:14:42.042851","season":null,"episode":null,"selected_quality":null,"selected_file_idx":null,"unlocked_stream_url":null,"description":null,"current_playlist_index":0,"playlist":[{"id": "8557B2F8-C773-48C3-B850-F2E5097CE466", "mediaItem": {"id": "tt1396484", "name": "It", "type": "movie", "poster": "https://images.metahub.space/poster/small/tt1396484/img", "background": "https://images.metahub.space/background/medium/tt1396484/img"}}],"subtitle_url":null}]
💓 Heartbeat sent
📨 Received: {"ref":"18","event":"phx_reply","payload":{"status":"ok","response":{}},"topic":"phoenix"}
🔍 Supabase Response for /rooms: [{"id":"ACHD","name":"It","host_user_id":"96e01cdb-36c0-4228-a6e4-a29a3c66bc8e","host_username":"lemontom","stream_hash":null,"imdb_id":"tt1396484","poster_url":"https://images.metahub.space/poster/small/tt1396484/img","backdrop_url":"https://images.metahub.space/background/medium/tt1396484/img","playback_position":0,"is_playing":false,"participants_count":2,"max_participants":50,"is_public":true,"created_at":"2025-12-18T16:14:26.803649","last_activity":"2025-12-18T16:14:42.042851","season":null,"episode":null,"selected_quality":null,"selected_file_idx":null,"unlocked_stream_url":null,"description":null,"current_playlist_index":0,"playlist":[{"id": "8557B2F8-C773-48C3-B850-F2E5097CE466", "mediaItem": {"id": "tt1396484", "name": "It", "type": "movie", "poster": "https://images.metahub.space/poster/small/tt1396484/img", "background": "https://images.metahub.space/background/medium/tt1396484/img"}}],"subtitle_url":null}]
💓 Heartbeat sent
💓 Heartbeat sent
📨 Received: {"ref":"25","event":"phx_reply","payload":{"status":"ok","response":{}},"topic":"phoenix"}
📨 Received: {"ref":"7","event":"phx_reply","payload":{"status":"ok","response":{}},"topic":"phoenix"}
🔍 Supabase Response for /rooms: [{"id":"ACHD","name":"It","host_user_id":"96e01cdb-36c0-4228-a6e4-a29a3c66bc8e","host_username":"lemontom","stream_hash":null,"imdb_id":"tt1396484","poster_url":"https://images.metahub.space/poster/small/tt1396484/img","backdrop_url":"https://images.metahub.space/background/medium/tt1396484/img","playback_position":0,"is_playing":false,"participants_count":2,"max_participants":50,"is_public":true,"created_at":"2025-12-18T16:14:26.803649","last_activity":"2025-12-18T16:14:42.042851","season":null,"episode":null,"selected_quality":null,"selected_file_idx":null,"unlocked_stream_url":null,"description":null,"current_playlist_index":0,"playlist":[{"id": "8557B2F8-C773-48C3-B850-F2E5097CE466", "mediaItem": {"id": "tt1396484", "name": "It", "type": "movie", "poster": "https://images.metahub.space/poster/small/tt1396484/img", "background": "https://images.metahub.space/background/medium/tt1396484/img"}}],"subtitle_url":null}]
🛡️ Lobby: Auto-Join safety delay passed (8s). Enabled for late joiners.
🔍 Supabase Response for /rooms: [{"id":"ACHD","name":"It","host_user_id":"96e01cdb-36c0-4228-a6e4-a29a3c66bc8e","host_username":"lemontom","stream_hash":null,"imdb_id":"tt1396484","poster_url":"https://images.metahub.space/poster/small/tt1396484/img","backdrop_url":"https://images.metahub.space/background/medium/tt1396484/img","playback_position":0,"is_playing":false,"participants_count":2,"max_participants":50,"is_public":true,"created_at":"2025-12-18T16:14:26.803649","last_activity":"2025-12-18T16:14:42.042851","season":null,"episode":null,"selected_quality":null,"selected_file_idx":null,"unlocked_stream_url":null,"description":null,"current_playlist_index":0,"playlist":[{"id": "8557B2F8-C773-48C3-B850-F2E5097CE466", "mediaItem": {"id": "tt1396484", "name": "It", "type": "movie", "poster": "https://images.metahub.space/poster/small/tt1396484/img", "background": "https://images.metahub.space/background/medium/tt1396484/img"}}],"subtitle_url":null}]
📨 Received: {"ref":null,"event":"broadcast","payload":{"event":"sync","payload":{"chatText":"hwy","chatUsername":"lemontom","position":0,"senderId":"96e01cdb-36c0-4228-a6e4-a29a3c66bc8e","timestamp":1766074491.822346,"type":"chat"},"type":"broadcast"},"topic":"realtime:watch-party:ACHD"}
🔍 Supabase Response for /rooms: [{"id":"ACHD","name":"It","host_user_id":"96e01cdb-36c0-4228-a6e4-a29a3c66bc8e","host_username":"lemontom","stream_hash":null,"imdb_id":"tt1396484","poster_url":"https://images.metahub.space/poster/small/tt1396484/img","backdrop_url":"https://images.metahub.space/background/medium/tt1396484/img","playback_position":0,"is_playing":false,"participants_count":2,"max_participants":50,"is_public":true,"created_at":"2025-12-18T16:14:26.803649","last_activity":"2025-12-18T16:14:42.042851","season":null,"episode":null,"selected_quality":null,"selected_file_idx":null,"unlocked_stream_url":null,"description":null,"current_playlist_index":0,"playlist":[{"id": "8557B2F8-C773-48C3-B850-F2E5097CE466", "mediaItem": {"id": "tt1396484"2025-12-18 11:14:56.292 RedLemon[3216:27331] 📤 Realtime: Sending message type: chat, sender: 656daa91-33b4-4688-9135-c982ea52d7c9
2025-12-18 11:14:56.293 RedLemon[3216:27331]    Payload keys: type, timestamp, senderId, chatText, position, chatUsername
2025-12-18 11:14:56.293 RedLemon[3216:27331] ✅ Realtime: Message broadcast complete
2025-12-18 11:14:56.293 RedLemon[3216:26410] 📡 ChatManager: Chat message sent via Realtime
2025-12-18 11:14:56.331 RedLemon[3216:27266] 📨 Realtime: Received broadcast message
2025-12-18 11:14:56.331 RedLemon[3216:27266]    Payload keys: position, senderId, type, timestamp, chatText, chatUsername
2025-12-18 11:14:56.332 RedLemon[3216:27266] ✅ Realtime: Decoded message type: chat, sender: 656daa91-33b4-4688-9135-c982ea52d7c9
2025-12-18 11:14:56.332 RedLemon[3216:27266] 📞 Realtime: Invoking syncCallback for message type: chat
2025-12-18 11:14:56.332 RedLemon[3216:27266] ✅ Realtime: syncCallback invoked successfully
2025-12-18 11:15:02.993 RedLemon[3216:26410] 📨 Lobby: Received Room UPDATE from Realtime
2025-12-18 11:15:02.993 RedLemon[3216:26410] 📨 Lobby: Received Room UPDATE from Realtime
2025-12-18 11:15:02.993 RedLemon[3216:27266] 📨 Realtime: Received broadcast message
2025-12-18 11:15:02.993 RedLemon[3216:27266]    Payload keys: chatText, senderId, type, timestamp, chatUsername, position
2025-12-18 11:15:02.994 RedLemon[3216:27266] ✅ Realtime: Decoded message type: chat, sender: 96e01cdb-36c0-4228-a6e4-a29a3c66bc8e
2025-12-18 11:15:02.994 RedLemon[3216:27266] 📞 Realtime: Invoking syncCallback for message type: chat
2025-12-18 11:15:02.994 RedLemon[3216:27266] ✅ Realtime: syncCallback invoked successfully
2025-12-18 11:15:02.994 RedLemon[3216:26410] 🎬 Guest: Received LOBBY_START_COUNTDOWN signal
2025-12-18 11:15:03.006 RedLemon[3216:26410] 🎬 Guest: Received LOBBY_START_COUNTDOWN signal processing
2025-12-18 11:15:03.064 RedLemon[3216:26410] 📨 Lobby: Received Room UPDATE from Realtime
2025-12-18 11:15:03.064 RedLemon[3216:26410] 📨 Lobby: Received Room UPDATE from Realtime
2025-12-18 11:15:03.103 RedLemon[3216:26410] ✅ Guest: Synced stream details from host (Hash: ad1ba686)
2025-12-18 11:15:03.103 RedLemon[3216:26410] 🎬 Guest: Fetch took 0.096s, waiting 3.154s
, "name": "It", "type": "movie", "poster": "https://images.metahub.space/poster/small/tt1396484/img", "background": "https://images.metahub.space/background/medium/tt1396484/img"}}],"subtitle_url":null}]
🔍 Supabase Response for /rooms: [{"id":"ACHD","name":"It","host_user_id":"96e01cdb-36c0-4228-a6e4-a29a3c66bc8e","host_username":"lemontom","stream_hash":null,"imdb_id":"tt1396484","poster_url":"https://images.metahub.space/poster/small/tt1396484/img","backdrop_url":"https://images.metahub.space/background/medium/tt1396484/img","playback_position":0,"is_playing":false,"participants_count":2,"max_participants":50,"is_public":true,"created_at":"2025-12-18T16:14:26.803649","last_activity":"2025-12-18T16:14:42.042851","season":null,"episode":null,"selected_quality":null,"selected_file_idx":null,"unlocked_stream_url":null,"description":null,"current_playlist_index":0,"playlist":[{"id": "8557B2F8-C773-48C3-B850-F2E5097CE466", "mediaItem": {"id": "tt1396484", "name": "It", "type": "movie", "poster": "https://images.metahub.space/poster/small/tt1396484/img", "background": "https://images.metahub.space/background/medium/tt1396484/img"}}],"subtitle_url":null}]
📨 Received: {"ref":null,"event":"broadcast","payload":{"event":"sync","payload":{"chatText":"hi","chatUsername":"ursinho","position":0,"senderId":"656daa91-33b4-4688-9135-c982ea52d7c9","timestamp":1766074496.277766,"type":"chat"},"type":"broadcast"},"topic":"realtime:watch-party:ACHD"}
🔍 Supabase Response for /rooms: [{"id":"ACHD","name":"It","host_user_id":"96e01cdb-36c0-4228-a6e4-a29a3c66bc8e","host_username":"lemontom","stream_hash":null,"imdb_id":"tt1396484","poster_url":"https://images.metahub.space/poster/small/tt1396484/img","backdrop_url":"https://images.metahub.space/background/medium/tt1396484/img","playback_position":0,"is_playing":false,"participants_count":2,"max_participants":50,"is_public":true,"created_at":"2025-12-18T16:14:26.803649","last_activity":"2025-12-18T16:14:42.042851","season":null,"episode":null,"selected_quality":null,"selected_file_idx":null,"unlocked_stream_url":null,"description":null,"current_playlist_index":0,"playlist":[{"id": "8557B2F8-C773-48C3-B850-F2E5097CE466", "mediaItem": {"id": "tt1396484", "name": "It", "type": "movie", "poster": "https://images.metahub.space/poster/small/tt1396484/img", "background": "https://images.metahub.space/background/medium/tt1396484/img"}}],"subtitle_url":null}]
📨 Received: {"ref":"26","event":"phx_reply","payload":{"status":"ok","response":{}},"topic":"realtime:global-presence"}
📨 Received: {"ref":null,"event":"presence_diff","payload":{"joins":{"2f6fbdbc-dc2c-11f0-934a-0a58a9feac02":{"metas":[{"phx_ref":"GIJbZiKEr6tcJUQE","phx_ref_prev":"GIJbYo_Koe1cJTIF","last_seen":"2025-12-18T16:14:57.998Z","status":"Browsing","user_id":"656daa91-33b4-4688-9135-c982ea52d7c9","username":"ursinho"}]}},"leaves":{"2f6fbdbc-dc2c-11f0-934a-0a58a9feac02":{"metas":[{"phx_ref":"GIJbYo_Koe1cJTIF","phx_ref_prev":"GIJbYo7fmnNcJT3B","last_seen":"2025-12-18T16:14:42.622Z","status":"Browsing","user_id":"656daa91-33b4-4688-9135-c982ea52d7c9","username":"ursinho"}]}}},"topic":"realtime:global-presence"}
🔍 Supabase Response for /rooms: [{"id":"ACHD","name":"It","host_user_id":"96e01cdb-36c0-4228-a6e4-a29a3c66bc8e","host_username":"lemontom","stream_hash":null,"imdb_id":"tt1396484","poster_url":"https://images.metahub.space/poster/small/tt1396484/img","backdrop_url":"https://images.metahub.space/background/medium/tt1396484/img","playback_position":0,"is_playing":false,"participants_count":2,"max_participants":50,"is_public":true,"created_at":"2025-12-18T16:14:26.803649","last_activity":"2025-12-18T16:14:42.042851","season":null,"episode":null,"selected_quality":null,"selected_file_idx":null,"unlocked_stream_url":null,"description":null,"current_playlist_index":0,"playlist":[{"id": "8557B2F8-C773-48C3-B850-F2E5097CE466", "mediaItem": {"id": "tt1396484", "name": "It", "type": "movie", "poster": "https://images.metahub.space/poster/small/tt1396484/img", "background": "https://images.metahub.space/background/medium/tt1396484/img"}}],"subtitle_url":null}]
🔍 Supabase Response for /rooms: [{"id":"ACHD","name":"It","host_user_id":"96e01cdb-36c0-4228-a6e4-a29a3c66bc8e","host_username":"lemontom","stream_hash":null,"imdb_id":"tt1396484","poster_url":"https://images.metahub.space/poster/small/tt1396484/img","backdrop_url":"https://images.metahub.space/background/medium/tt1396484/img","playback_position":0,"is_playing":false,"participants_count":2,"max_participants":50,"is_public":true,"created_at":"2025-12-18T16:14:26.803649","last_activity":"2025-12-18T16:14:42.042851","season":null,"episode":null,"selected_quality":null,"selected_file_idx":null,"unlocked_stream_url":null,"description":null,"current_playlist_index":0,"playlist":[{"id": "8557B2F8-C773-48C3-B850-F2E5097CE466", "mediaItem": {"id": "tt1396484", "name": "It", "type": "movie", "poster": "https://images.metahub.space/poster/small/tt1396484/img", "background": "https://images.metahub.space/background/medium/tt1396484/img"}}],"subtitle_url":null}]
📨 Received: {"ref":null,"event":"postgres_changes","payload":{"data":{"table":"rooms","type":"UPDATE","record":{"id": "ACHD", "name": "It", "season": null, "episode": null, "imdb_id": "tt1396484", "playlist": [{"id": "8557B2F8-C773-48C3-B850-F2E5097CE466", "mediaItem": {"id": "tt1396484", "name": "It", "type": "movie", "poster": "https://images.metahub.space/poster/small/tt1396484/img", "background": "https://images.metahub.space/background/medium/tt1396484/img"}}], "is_public": true, "created_at": "2025-12-18T16:14:26.803649", "is_playing": false, "poster_url": "https://images.metahub.space/poster/small/tt1396484/img", "description": null, "stream_hash": "ad1ba686c1b2028858b0aefd835e995d76707d44", "backdrop_url": "https://images.metahub.space/background/medium/tt1396484/img", "host_user_id": "96e01cdb-36c0-4228-a6e4-a29a3c66bc8e", "subtitle_url": null, "host_username": "lemontom", "last_activity": "2025-12-18T16:15:02", "max_participants": 50, "selected_quality": "1080p", "playback_position": 0, "selected_file_idx": null, "participants_count": 2, "unlocked_stream_url": "https://chi9-4.download.real-debrid.com/d/N4KUT62BE2YXK124/It.2017.1080p.BluRay.x264-%5BYTS.AG%5D.mp4", "current_playlist_index": 0},"columns":[{"name": "id", "type": "text"}, {"name": "name", "type": "text"}, {"name": "host_user_id", "type": "uuid"}, {"name": "host_username", "type": "text"}, {"name": "stream_hash", "type": "text"}, {"name": "imdb_id", "type": "text"}, {"name": "poster_url", "type": "text"}, {"name": "backdrop_url", "type": "text"}, {"name": "playback_position", "type": "int4"}, {"name": "is_playing", "type": "bool"}, {"name": "participants_count", "type": "int4"}, {"name": "max_participants", "type": "int4"}, {"name": "is_public", "type": "bool"}, {"name": "created_at", "type": "timestamp"}, {"name": "last_activity", "type": "timestamp"}, {"name": "season", "type": "int4"}, {"name": "episode", "type": "int4"}, {"name": "selected_quality", "type": "text"}, {"name": "selected_file_idx", "type": "int4"}, {"name": "unlocked_stream_url", "type": "text"}, {"name": "description", "type": "text"}, {"name": "current_playlist_index", "type": "int4"}, {"name": "playlist", "type": "jsonb"}, {"name": "subtitle_url", "type": "text"}],"errors":null,"schema":"public","commit_timestamp":"2025-12-18T16:15:02.941Z","old_record":{"id": "ACHD"}},"ids":[26717860]},"topic":"realtime:watch-party:ACHD"}
🔄 Lobby: Fetching fresh room state from Supabase...
📨 Received: {"ref":null,"event":"broadcast","payload":{"event":"sync","payload":{"chatText":"LOBBY_START_COUNTDOWN","chatUsername":"Host","position":0,"senderId":"96e01cdb-36c0-4228-a6e4-a29a3c66bc8e","timestamp":3,"type":"chat"},"type":"broadcast"},"topic":"realtime:watch-party:ACHD"}
🔄 Lobby: Fetching fresh room state from Supabase...
🔍 Supabase Response for /rooms: [{"id":"ACHD","name":"It","host_user_id":"96e01cdb-36c0-4228-a6e4-a29a3c66bc8e","host_username":"lemontom","stream_hash":"ad1ba686c1b2028858b0aefd835e995d76707d44","imdb_id":"tt1396484","poster_url":"https://images.metahub.space/poster/small/tt1396484/img","backdrop_url":"https://images.metahub.space/background/medium/tt1396484/img","playback_position":0,"is_playing":true,"participants_count":2,"max_participants":50,"is_public":true,"created_at":"2025-12-18T16:14:26.803649","last_activity":"2025-12-18T16:15:02","season":null,"episode":null,"selected_quality":"1080p","selected_file_idx":null,"unlocked_stream_url":"https://chi9-4.download.real-debrid.com/d/N4KUT62BE2YXK124/It.2017.1080p.BluRay.x264-%5BYTS.AG%5D.mp4","description":null,"current_playlist_index":0,"playlist":[{"id": "8557B2F8-C773-48C3-B850-F2E5097CE466", "mediaItem": {"id": "tt1396484", "name": "It", "type": "movie", "poster": "https://images.metahub.space/poster/small/tt1396484/img", "background": "https://images.metahub.space/background/medium/tt1396484/img"}}],"subtitle_url":null}]
📨 Received: {"ref":null,"event":"postgres_changes","payload":{"data":{"table":"rooms","type":"UPDATE","record":{"id": "ACHD", "name": "It", "season": null, "episode": null, "imdb_id": "tt1396484", "playlist": [{"id": "8557B2F8-C773-48C3-B850-F2E5097CE466", "mediaItem": {"id": "tt1396484", "name": "It", "type": "movie", "poster": "https://images.metahub.space/poster/small/tt1396484/img", "background": "https://images.metahub.space/background/medium/tt1396484/img"}}], "is_public": true, "created_at": "2025-12-18T16:14:26.803649", "is_playing": true, "poster_url": "https://images.metahub.space/poster/small/tt1396484/img", "description": null, "stream_hash": "ad1ba686c1b2028858b0aefd835e995d76707d44", "backdrop_url": "https://images.metahub.space/background/medium/tt1396484/img", "host_user_id": "96e01cdb-36c0-4228-a6e4-a29a3c66bc8e", "subtitle_url": null, "host_username": "lemontom", "last_activity": "2025-12-18T16:15:02", "max_participants": 50, "selected_quality": "1080p", "playback_position": 0, "selected_file_idx": null, "participants_count": 2, "unlocked_stream_url": "https://chi9-4.download.real-debrid.com/d/N4KUT62BE2YXK124/It.2017.1080p.BluRay.x264-%5BYTS.AG%5D.mp4", "current_playlist_index": 0},"columns":[{"name": "id", "type": "text"}, {"name": "name", "type": "text"}, {"name": "host_user_id", "type": "uuid"}, {"name": "host_username", "type": "text"}, {"name": "stream_hash", "type": "text"}, {"name": "imdb_id", "type": "text"}, {"name": "poster_url", "type": "text"}, {"name": "backdrop_url", "type": "text"}, {"name": "playback_position", "type": "int4"}, {"name": "is_playing", "type": "bool"}, {"name": "participants_count", "type": "int4"}, {"name": "max_participants", "type": "int4"}, {"name": "is_public", "type": "bool"}, {"name": "created_at", "type": "timestamp"}, {"name": "last_activity", "type": "timestamp"}, {"name": "season", "type": "int4"}, {"name": "episode", "type": "int4"}, {"name": "selected_quality", "type": "text"}, {"name": "selected_file_idx", "type": "int4"}, {"name": "unlocked_stream_url", "type": "text"}, {"name": "description", "type": "text"}, {"name": "current_playlist_index", "type": "int4"}, {"name": "playlist", "type": "jsonb"}, {"name": "subtitle_url", "type": "text"}],"errors":null,"schema":"public","commit_timestamp":"2025-12-18T16:15:03.032Z","old_record":{"id": "ACHD"}},"ids":[26717860]},"topic":"realtime:watch-party:ACHD"}
🔍 Supabase Response for /rooms: [{"id":"ACHD","name":"It","host_user_id":"96e01cdb-36c0-4228-a6e4-a29a3c66bc8e","host_username":"lemontom","stream_hash":"ad1ba686c1b2028858b0aefd835e995d76707d44","imdb_id":"tt1396484","poster_url":"https://images.metahub.space/poster/small/tt1396484/img","backdrop_url":"https://images.metahub.space/background/medium/tt1396484/img","playback_position":0,"is_playing":true,"participants_count":2,"max_participants":50,"is_public":true,"created_at":"2025-12-18T16:14:26.803649","last_activity":"2025-12-18T16:15:02","season":null,"episode":null,"selected_quality":"1080p","selected_file_idx":null,"unlocked_stream_url":"https://chi9-4.download.real-debrid.com/d/N4KUT62BE2YXK124/It.2017.1080p.BluRay.x264-%5BYTS.AG%5D.mp4","description":null,"current_playlist_index":0,"playlist":[{"id": "8557B2F8-C773-48C3-B850-F2E5097CE466", "mediaItem": {"id": "tt1396484", "name": "It", "type": "movie", "poster": "https://images.metahub.space/poster/small/tt1396484/img", "background": "https://images.metahub.space/background/medium/tt1396484/img"}}],"subtitle_url":null}]
🔄 Lobby: Fetching fresh room state from Supabase...
🔄 Lobby: Fetching fresh room state from Supabase...
✅ Lobby: Synced playlist with 1 items
✅ Lobby: Synced playlist index to 0
🔍 Supabase Response for /rooms: [{"id":"ACHD","name":"It","host_user_id":"96e01cdb-36c0-4228-a6e4-a29a3c66bc8e","host_username":"lemontom","stream_hash":"ad1ba686c1b2028858b0aefd835e995d76707d44","imdb_id":"tt1396484","poster_url":"https://images.metahub.space/poster/small/tt1396484/img","backdrop_url":"https://images.metahub.space/background/medium/tt1396484/img","playback_position":0,"is_playing":true,"participants_count":2,"max_participants":50,"is_public":true,"created_at":"2025-12-18T16:14:26.803649","last_activity":"2025-12-18T16:15:02","season":null,"episode":null,"selected_quality":"1080p","selected_file_idx":null,"unlocked_stream_url":"https://chi9-4.download.real-debrid.com/d/N4KUT62BE2YXK124/It.2017.1080p.BluRay.x264-%5BYTS.AG%5D.mp4","description":null,"current_playlist_index":0,"playlist":[{"id": "8557B2F8-C773-48C3-B850-F2E5097CE466", "mediaItem": {"id": "tt1396484", "name": "It", "type": "movie", "poster": "https://images.metahub.space/poster/small/tt1396484/img", "background": "https://images.metahub.space/background/medium/tt1396484/img"}}],"subtitle_url":null}]
🔍 Supabase Response for /rooms: [{"id":"ACHD","name":"It","host_user_id":"96e01cdb-36c0-4228-a6e4-a29a3c66bc8e","host_username":"lemontom","stream_hash":"ad1ba686c1b2028858b0aefd835e995d76707d44","imdb_id":"tt1396484","poster_url":"https://images.metahub.space/poster/small/tt1396484/img","backdrop_url":"https://images.metahub.space/background/medium/tt1396484/img","playback_position":0,"is_playing":true,"participants_count":2,"max_participants":50,"is_public":true,"created_at":"2025-12-18T16:14:26.803649","last_activity":"2025-12-18T16:15:02","season":null,"episode":null,"selected_quality":"1080p","selected_file_idx":null,"unlocked_stream_url":"https://chi9-4.download.real-debrid.com/d/N4KUT62BE2YXK124/It.2017.1080p.BluRay.x264-%5BYTS.AG%5D.mp4","description":null,"current_playlist_index":0,"playlist":[{"id": "8557B2F8-C773-48C3-B850-F2E5097CE466", "mediaItem": {"id": "tt1396484", "name": "It", "type": "movie", "poster": "https://images.metahub.space/poster/small/tt1396484/img", "background": "https://images.metahub.space/background/medium/tt1396484/img"}}],"subtitle_url":null}]
🔍 Supabase Response for /rooms: [{"id":"ACHD","name":"It","host_user_id":"96e01cdb-36c0-4228-a6e4-a29a3c66bc8e","host_username":"lemontom","stream_hash":"ad1ba686c1b2028858b0aefd835e995d76707d44","imdb_id":"tt1396484","poster_url":"https://images.metahub.space/poster/small/tt1396484/img","backdrop_url":"https://images.metahub.space/background/medium/tt1396484/img","playback_position":0,"is_playing":true,"participants_count":2,"max_participants":50,"is_public":true,"created_at":"2025-12-18T16:14:26.803649","last_activity":"2025-12-18T16:15:02","season":null,"episode":null,"selected_quality":"1080p","selected_file_idx":null,"unlocked_stream_url":"https://chi9-4.download.real-debrid.com/d/N4KUT62BE2YXK124/It.2017.1080p.BluRay.x264-%5BYTS.AG%5D.mp4","description":null,"current_playlist_index":0,"playlist":[{"id": "8557B2F8-C773-48C3-B850-F2E5097CE466", "mediaItem": {"id": "tt1396484", "name": "It", "type": "movie", "poster": "https://images.metahub.space/poster/small/tt1396484/img", "background": "https://images.metahub.space/background/medium/tt1396484/img"}}],"subtitle_url":null}]
✅ Lobby: Synced playlist with 1 items
✅ Lobby: Synced playlist index to 0
✅ Lobby: Synced playlist with 1 items
✅ Lobby: Synced playlist index to 0
✅ Lobby: Synced playlist with 1 items
✅ Lobby: Synced playlist index to 0
📨 Received: {"ref":null,"event":"presence_diff","payload":{"joins":{"f68d2368-dc2b-11f0-a84c-0a58a9feac02":{"metas":[{"phx_ref":"GIJbZzxobq1B-meB","ph2025-12-18 11:15:06.272 RedLemon[3216:28101] 📨 Realtime: Received broadcast message
2025-12-18 11:15:06.272 RedLemon[3216:28101]    Payload keys: senderId, type, timestamp, position, isPlaying
2025-12-18 11:15:06.273 RedLemon[3216:28101] ✅ Realtime: Decoded message type: ready, sender: 96E01CDB-36C0-4228-A6E4-A29A3C66BC8E
2025-12-18 11:15:06.273 RedLemon[3216:28101] 📞 Realtime: Invoking syncCallback for message type: ready
2025-12-18 11:15:06.273 RedLemon[3216:28101] ✅ Realtime: syncCallback invoked successfully
2025-12-18 11:15:06.273 RedLemon[3216:26410] ⚠️ Received Realtime message with no chat text
2025-12-18 11:15:06.279 RedLemon[3216:26410] 🎬 Guest: Starting playback after countdown
2025-12-18 11:15:06.279 RedLemon[3216:26410] 🎬 Guest: Launching player for It
2025-12-18 11:15:06.337 RedLemon[3216:26410] 🖼️ Loading background art: https://images.metahub.space/background/medium/tt1396484/img
2025-12-18 11:15:06.337 RedLemon[3216:26410] ⏳ Background art loading...
2025-12-18 11:15:06.388 RedLemon[3216:26410]    Quality: 1080p
2025-12-18 11:15:06.388 RedLemon[3216:26410]    Mode: watchParty
2025-12-18 11:15:06.388 RedLemon[3216:26410] 📡 Fetching metadata for tt1396484...
2025-12-18 11:15:06.408 RedLemon[3216:26410] 🎨 Loading logo: https://images.metahub.space/logo/medium/tt1396484/img
2025-12-18 11:15:06.409 RedLemon[3216:26410] ⏳ Logo loading...
2025-12-18 11:15:06.430 RedLemon[3216:26410] 🎬 GUEST: Using host's stream selection (skipping resolution)
2025-12-18 11:15:06.430 RedLemon[3216:26410] 🎬 GUEST: Searching for subtitles locally...
x_ref_prev":"GIJbYpP9IfdB-hrK","last_seen":"2025-12-18T16:15:02.701Z","room_id":"ACHD","started_at":"2025-12-18T16:14:27.056Z","status":"In Lobby: It","user_id":"96e01cdb-36c0-4228-a6e4-a29a3c66bc8e","username":"lemontom","watching_id":"tt1396484","watching_title":"It","watching_type":"movie"}]}},"leaves":{"f68d2368-dc2b-11f0-a84c-0a58a9feac02":{"metas":[{"phx_ref":"GIJbYpP9IfdB-hrK","phx_ref_prev":"GIJbXu9_uX5B-m-O","last_seen":"2025-12-18T16:14:42.701Z","room_id":"ACHD","started_at":"2025-12-18T16:14:27.056Z","status":"In Lobby: It","user_id":"96e01cdb-36c0-4228-a6e4-a29a3c66bc8e","username":"lemontom","watching_id":"tt1396484","watching_title":"It","watching_type":"movie"}]}}},"topic":"realtime:global-presence"}
📨 Received: {"ref":null,"event":"broadcast","payload":{"event":"sync","payload":{"isPlaying":false,"position":0,"senderId":"96E01CDB-36C0-4228-A6E4-A29A3C66BC8E","timestamp":1766074506.098877,"type":"ready"},"type":"broadcast"},"topic":"realtime:watch-party:ACHD"}
🎬 PlayerVM: Starting playback for: It
✅ Cache HIT: Metadata[meta_movie_tt1396484]


✅ [SYNC VERIFICATION] LOCKING TO SHARED STREAM (SYSTEM/HOST) 🔒
[ INFO ] GET /subtitles/search [request-id: E917E75F-336B-4C1B-B8AA-FD0778747C24]
2025-12-18 11:15:06.512 RedLemon[3216:26410] ✅ Logo loaded successfully
2025-12-18 11:15:06.527 RedLemon[3216:26410] ✅ Background art loaded successfully
2025-12-18 11:15:06.607 RedLemon[3216:26410] ✅ GUEST: Found 10 subtitles
2025-12-18 11:15:06.629 RedLemon[3216:26410] 🎬🎬🎬 MPVPlayerView INIT called - streamURL: https://chi9-4.download.real-debrid.com/d/N4KUT62BE2YXK124/I, subtitles: 10
2025-12-18 11:15:06.658 RedLemon[3216:26410] ✅ Stream ready, starting playback...
2025-12-18 11:15:06.658 RedLemon[3216:26410] 🖥️ WindowManager: enterFullscreen() called
2025-12-18 11:15:06.659 RedLemon[3216:26410]    Window: <SwiftUI.SwiftUIWindow: 0x7f7b2ae71290>
2025-12-18 11:15:06.659 RedLemon[3216:26410]    Is fullscreen: 1
2025-12-18 11:15:06.659 RedLemon[3216:26410]    ⚠️ WindowManager: Already in fullscreen
2025-12-18 11:15:06.665 RedLemon[3216:26410] 🖼️ Setting up MPV with native macOS video output...
2025-12-18 11:15:06.669 RedLemon[3216:26410] ✅ MPV initialized with native GPU rendering
2025-12-18 11:15:06.672 RedLemon[3216:26410] 🎬🎬🎬 MPVPlayerView .task starting
2025-12-18 11:15:06.672 RedLemon[3216:26410] 🎉 Starting watch party sync - Room: ACHD, Host: NO
2025-12-18 11:15:06.672 RedLemon[3216:26410] 🎉 Watch Party Mode ENABLED. isInWatchParty = YES
2025-12-18 11:15:06.679 RedLemon[3216:26410] 🔄 Starting chat polling for room: ACHD
2025-12-18 11:15:06.679 RedLemon[3216:26410] ✅ Watch party sync started successfully - isInWatchParty is now TRUE
2025-12-18 11:15:06.679 RedLemon[3216:26410] 🎬🎬🎬 About to call loadStream - isInWatchParty: YES
2025-12-18 11:15:06.679 RedLemon[3216:26410] 🎬🎬🎬 Subtitles: 10
2025-12-18 11:15:06.679 RedLemon[3216:26410] 🎬🎬🎬 LOADSTREAM CALLED - streamTitle: It
2025-12-18 11:15:06.680 RedLemon[3216:26410] 🎬🎬🎬 streamURL: https://chi9-4.download.real-debrid.com/d/N4KUT62BE2YXK124/I
2025-12-18 11:15:06.680 RedLemon[3216:26410] 🎬🎬🎬 subtitles: 10
2025-12-18 11:15:06.680 RedLemon[3216:26410] 🎬🎬🎬 MPVPlayerView .task completed
2025-12-18 11:15:06.691 RedLemon[3216:26633] ℹ️ SubDL subtitles detected - downloading to local files in background...
2025-12-18 11:15:06.691 RedLemon[3216:26633] 🔍 SubtitleService: Downloading http://127.0.0.1:47253/subtitles/subdl/L3N1YnRpdGxlLzMwMjg5MTYtMzAzMzQzNC56aXA=
2025-12-18 11:15:06.692 RedLemon[3216:26633] 🎬 MPV: Current video filename set to: It.2017.1080p.BluRay.x264-[YTS.AG].mp4
2025-12-18 11:15:06.692 RedLemon[3216:26633] 🎬 MPV loadVideo called with URL: https://chi9-4.download.real-debrid.com/d/N4KUT62BE2YXK124/It.2017.1080p.BluRay.x264-%5BYTS.AG%5D.mp, autoplay: true
2025-12-18 11:15:06.695 RedLemon[3216:26633] 🎬 MPV executing command: loadfile "https://chi9-4.download.real-debrid.com/d/N4KUT62BE2YXK124/It.2017.1080p.BluRay.x264-%5BYTS.AG%5D.mp4"
2025-12-18 11:15:06.695 RedLemon[3216:26633] 🎬 MPV loadfile result: 0
2025-12-18 11:15:06.695 RedLemon[3216:26633] ✅ MPV loadfile succeeded, isPlaying set to true
🔍 Subtitle search request: tt1396484 (movie)
🔍 Searching SubDL: tt1396484 (movie)
📝 SubDL Raw Response: {"status":true,"results":[{"sd_id":1260,"type":"movie","name":"It","imdb_id":"tt1396484","tmdb_id":346364,"first_air_date":null,"release_date":"2017-09-06T00:00:00.000Z","year":2017}],"subtitles":[{"release_name":"It.2017.720p.BrRip.x264.YIFY","name":"it-2017_english-2862933.zip","lang":"english","author":"PhoenixSub03","url":"/subtitle/3381778-2862933.zip","subtitlePage":"/s/info/iDbiaqh7Vn","season":0,"episode":null,"language":"EN","hi":false,"episode_from":null,"episode_end":0,"full_season":false},{"release_name":"It.2017.PROPER.2160p.BluRay.REMUX.HEVC.DTS-HD.MA.TrueHD.7.1.Atmos-FGT_eng","name":"SUBDL::it-2017-english-3220719.zip","lang":"english","author":"HGHong","url":"/subtitle/3204249-3220719.zip","subtitlePage":"/s/info/pamCKAidvg","season":0,"episode":null,"language":"EN","hi":false,"episode_from":null,"episode_end":0,"full_season":false},{"release_name":"It(2017)720pBluRay-[LRXSTORE]","name":"SUBDL::it-2017-english-3033434.zip","lang":"english","author":"TheKeen","url":"/subtitle/3028916-3033434.zip","subtitlePage":"/s/info/mWQw4ZR94h","season":0,"episode":null,"language":"EN","hi":true,"episode_from":null,"episode_end":0,"full_season":false},{"release_name":"It(2017)720pBluRay-[LRXSTORE]","name":"SUBDL::it-2017-english-3033435.zip","lang":"english","author":"TheKeen","url":"/subtitle/3028915-3033435.zip","subtitlePage":"/s/info/sj5yzNPTkI","season":0,"episode":null,"language":"EN","hi":false,"episode_from":null,"episode_end":0,"full_season":false},{"release_name":"It.2017.WEB-DL.TUBI","name":"SUBDL::it-2017-english-2967372.zip","lang":"english","author":"ChristopherCavco","url":"/subtitle/2973429-2967372.zip","subtitlePage":"/s/info/tiz5D5W9qp","season":0,"episode":null,"language":"EN","hi":false,"episode_from":null,"episode_end":0,"full_season":false},{"release_name":"It.2017.Blueray.720p.x264-ontop","name":"SUBDL.com::it.20171702621.zip","lang":"english","author":"Proud2BNepali","url":"/subtitle/15750-1702621.zip","subtitlePage":"/s/info/AzrHR87hJy","season":0,"episode":null,"language":"EN","hi":false,"episode_from":null,"episode_end":0,"full_season":false},{"release_name":"It.2017.BRRip.XviD.MP3-RARBG","name":"SUBDL.com::it.20171686683.zip","lang":"english","author":"bozxphd","url":"/subtitle/15747-1686683.zip","subtitlePage":"/s/info/7DvhqSJu9B","season":0,"episode":null,"language":"EN","hi":false,"episode_from":null,"episode_end":0,"full_season":false},{"release_name":"IT 2017 720p new hd-ts 60fps x264 hq-mkv (02:08:39)","name":"SUBDL.com::it.20171635003.zip","lang":"english","author":"Gploze","url":"/subtitle/15745-1635003.zip","subtitlePage":"/s/info/xVRBp6IN5Z","season":0,"episode":null,"language":"EN","hi":false,"episode_from":null,"episode_end":0,"full_season":false},{"release_name":"It.2017.BRRip.XviD.MP3-RARBG","name":"SUBDL.com::it.20171686684.zip","lang":"english","author":"bozxphd","url":"/subtitle/15743-1686684.zip","subtitlePage":"/s/info/BicbWHB162","season":0,"episode":null,"language":"EN","hi":false,"episode_from":null,"episode_end":0,"full_season":false},{"release_name":"IT2017.WEBRip.XviD.MP3-SHITBOX","name":"SUBDL.com::it.20171682127.zip","lang":"english","author":"Psagmeno.com","url":"/subtitle/15737-1682127.zip","subtitlePage":"/s/info/bz0uZCzfuq","season":0,"episode":null,"language":"EN","hi":false,"episode_from":null,"episode_end":0,"full_season":false}],"totalPages":7,"currentPage":1}
✅ Found 10 subtitles from SubDL
📝 SubDL results for movie:
   [1] It(2017)720pBluRay-[LRXSTORE] [EN] (score: 20)
   [2] It(2017)720pBluRay-[LRXSTORE] [EN] (score: 20)
   [3] It.2017.720p.BrRip.x264.YIFY [EN] (score: 18)
   [4] It.2017.WEB-DL.TUBI [EN] (score: 15)
   [5] It.2017.PROPER.2160p.BluRay.REMUX.HEVC.DTS-HD.MA.TrueHD.7.1.Atmos-FGT_eng [EN] (score: 13)
   [6] It.2017.Blueray.720p.x264-ontop [EN] (score: 10)
   [7] It.2017.BRRip.XviD.MP3-RARBG [EN] (score: 5)
   [8] It.2017.BRRip.XviD.MP3-RARBG [EN] (score: 5)
   [9] IT2017.WEBRip.XviD.MP3-SHITBOX [EN] (score: 5)
   [10] IT 2017 720p new hd-ts 60fps x264 hq-mkv (02:08:39) [EN] (score: 0)
✅ Subtitle search returned 10 results
🎬 RedLemon: Creating MPVPlayerView
   Stream URL: https://chi9-4.download.real-debrid.com/d/N4KUT62BE2YXK124/I
   Display Title: It
   Subtitle URLs: 10
      [0] It(2017)720pBluRay-[LRXSTORE]
      [1] It(2017)720pBluRay-[LRXSTORE]
      [2] It.2017.720p.BrRip.x264.YIFY
      [3] It.2017.WEB-DL.TUBI
      [4] It.2017.PROPER.2160p.BluRay.REMUX.HEVC.DTS-HD.MA.TrueHD.7.1.Atmos-FGT_eng
      [5] It.2017.Blueray.720p.x264-ontop
      [6] It.2017.BRRip.XviD.MP3-RARBG
      [7] It.2017.BRRip.XviD.MP3-RARBG
      [8] IT2017.WEBRip.XviD.MP3-SHITBOX
      [9] IT 2017 720p new hd-ts 60fps x264 hq-mkv (02:08:39)
🎬 MPVWrapper: Creating embedded MPV with render context...
✅ MPV handle created
🎬 MPVLayerHostView initialized
🎬 Event playback detected - starting auto-exit monitor
🧠 StreamService: Marked hash ad1ba686 as attempted for tt1396484
🎬 Created CGL pixel format (Core Profile 3.2)
🎬 Created CGL context with vsync enabled
🎬 MPVViewLayer initialized with async rendering
🎬 Video layer assigned to host view
🎬 Creating MPV render context with OpenGL (IINA method)...
🎬 MPV: Frame ready! Calling layer.update() (throttled)
✅ Render context created successfully (IINA method)
🎬 Layer.update() called - forceDraw:false needsFlip:true (throttled)
🎬 CVDisplayLink started
🎉 Starting watch party: roomId=ACHD, isHost=false
🔌 Setting up Realtime channel: watch-party:ACHD
   Role: Guest
   User ID: 656DAA91-33B4-4688-9135-C982EA52D7C9
📡 Connection state: connecting
ℹ️ Already joined channel watch-party:ACHD, skipping join
📡 Connection state: connected
✅ Realtime channel setup complete
⏯️ MPV: Pause state changed to false -> isPlaying = true
⚡️ PlaybackService: creating sleep assertion (preventing idle sleep)
✅ Watch party sync initialized with Realtime
🎬 Loading stream: It
   IMDB: tt1396484
   URL: https://chi9-4.download.real-debrid.com/d/N4KUT62BE2YXK124/I...
   Hash: ad1ba686...
   Source: BluRay
💬 Added mock chat messages for testing
🎉 EVENT MODE: Autoplaying immediately (ignoring watch party gates)
🎬 DisplayLink: reportSwap() (throttled)
📡 Fetching metadata for tt1396484 as movie...
📝 Pre-loading external subtitles (Top 3)...
✅ Cache HIT: Metadata[meta_movie_tt1396484]
[ INFO ] GET /subtitles/subdl/L3N1YnRpdGxlLzMwMjg5MTYtMzAzMzQzNC56aXA= [request-id: 42F34D42-1F78-48C2-86F8-BFD157E9D52A]
2025-12-18 11:15:06.968 RedLemon[3216:26410] 🔍 MPV track-list/count: 0
2025-12-18 11:15:06.968 RedLemon[3216:26410] 📊 Total subtitle tracks found: 1 (including Off if needed)
2025-12-18 11:15:06.968 RedLemon[3216:26410]    Start[0]: ID=0, Title='Off', Lang='nil', Ext=0
2025-12-18 11:15:06.968 RedLemon[3216:26410] 👋 Watch Party: Sending INITIAL READY signal and starting loop
2025-12-18 11:15:06.982 RedLemon[3216:27331] 📤 Realtime: Sending message type: ready, sender: 656DAA91-33B4-4688-9135-C982EA52D7C9
2025-12-18 11:15:06.982 RedLemon[3216:27331]    Payload keys: isPlaying, type, senderId, timestamp, position
2025-12-18 11:15:06.983 RedLemon[3216:27266] ✅ Realtime: Message broadcast complete
2025-12-18 11:15:06.983 RedLemon[3216:26410] ✅ Watch Party: READY signal sent successfully
2025-12-18 11:15:07.029 RedLemon[3216:27385] 📨 Realtime: Received broadcast message
2025-12-18 11:15:07.029 RedLemon[3216:27385]    Payload keys: senderId, timestamp, isPlaying, position, type
2025-12-18 11:15:07.029 RedLemon[3216:27385] ✅ Realtime: Decoded message type: ready, sender: 656DAA91-33B4-4688-9135-C982EA52D7C9
2025-12-18 11:15:07.029 RedLemon[3216:27385] 📞 Realtime: Invoking syncCallback for message type: ready
2025-12-18 11:15:07.029 RedLemon[3216:27385] ✅ Realtime: syncCallback invoked successfully
2025-12-18 11:15:07.030 RedLemon[3216:26410] 🔍 DEBUG: Received sync message - type: ready, sender: 656DAA91-33B4-4688-9135-C982EA52D7C9
2025-12-18 11:15:07.030 RedLemon[3216:26410] ✅ Received READY signal from 656DAA91-33B4-4688-9135-C982EA52D7C9
2025-12-18 11:15:07.065 RedLemon[3216:26410] 👥 MPVPlayer: Updated participants list via polling: 2
caution: filename not matched:  It_English-HI-[LRXSTORE].srt
2025-12-18 11:15:07.113 RedLemon[3216:27266] ✅ Subtitle 1 downloaded to: /var/folders/3v/s3d75ntd4v90_pg0mb6rmlz40000gn/T/sub_0FF96206-6459-430E-8D2E-BB489BAB8F72.vtt
2025-12-18 11:15:07.114 RedLemon[3216:27266] 📝 Loading subtitle from: /var/folders/3v/s3d75ntd4v90_pg0mb6rmlz40000gn/T/sub_0FF96206-6459-430E-8D2E-BB4
2025-12-18 11:15:07.123 RedLemon[3216:27266] ✅ External subtitle added to track list (not auto-selected)
2025-12-18 11:15:07.123 RedLemon[3216:27266] 🔍 SubtitleService: Downloading http://127.0.0.1:47253/subtitles/subdl/L3N1YnRpdGxlLzMwMjg5MTUtMzAzMzQzNS56aXA=
👁️ ChatOverlayView appeared - UI UPDATE ROUND 6
⌨️ ChatOverlayView: Triggering input focus (showChat=true)
📄 Subtitle request: L3N1YnRpdGxlLzMwMjg5... (offset: 0ms)
📥 Downloading subtitle from SubDL CDN: /subtitle/3028916-3033434.zip
📨 Received: {"ref":"20","event":"phx_reply","payload":{"status":"ok","response":{}},"topic":"realtime:watch-party:ACHD"}
📨 Received: {"ref":null,"event":"presence_diff","payload":{"joins":{"a986188a-dc2c-11f0-b4c9-0a58a9feac02":{"metas":[{"phx_ref":"GIJbaCeLDOMtQ83G","phx_ref_prev":"GIJbYpp7vZItQ8mD","is_host":false,"joined_at":1766074506.676774,"user_id":"656DAA91-33B4-4688-9135-C982EA52D7C9","username":"ursinho"}]}},"leaves":{"a986188a-dc2c-11f0-b4c9-0a58a9feac02":{"metas":[{"phx_ref":"GIJbYpp7vZItQ8mD","is_host":false,"joined_at":1766074482.789334,"user_id":"656daa91-33b4-4688-9135-c982ea52d7c9","username":"ursinho"}]}}},"topic":"realtime:watch-party:ACHD"}
📨 Received: {"ref":"27","event":"phx_reply","payload":{"status":"ok","response":{}},"topic":"realtime:global-presence"}
📨 Received: {"ref":null,"event":"presence_diff","payload":{"joins":{"2f6fbdbc-dc2c-11f0-934a-0a58a9feac02":{"metas":[{"phx_ref":"GIJbaChq9vtcJcGM","phx_ref_prev":"GIJbZiKEr6tcJUQE","last_seen":"2025-12-18T16:15:06.684Z","room_id":"ACHD","started_at":"2025-12-18T16:15:06.685Z","status":"online","user_id":"656daa91-33b4-4688-9135-c982ea52d7c9","username":"ursinho","watching_id":"tt1396484","watching_title":"It","watching_type":"movie"}]}},"leaves":{"2f6fbdbc-dc2c-11f0-934a-0a58a9feac02":{"metas":[{"phx_ref":"GIJbZiKEr6tcJUQE","phx_ref_prev":"GIJbYo_Koe1cJTIF","last_seen":"2025-12-18T16:14:57.998Z","status":"Browsing","user_id":"656daa91-33b4-4688-9135-c982ea52d7c9","username":"ursinho"}]}}},"topic":"realtime:global-presence"}
✅ Got background: https://images.metahub.space/background/medium/tt1396484/img...
✅ Got poster URL: https://images.metahub.space/poster/small/tt1396484/img...
✅ Got logo: https://images.metahub.space/logo/medium/tt1396484/img...
📡 SocialService: Updated status - online: It
➕ Added new participant 656daa91-33b4-4688-9135-c982ea52d7c9 (Ref: GIJbaCeLDOMtQ83G)
⏳ Participant leaving (grace period started): 656daa91-33b4-4688-9135-c982ea52d7c9
⏰ AppState: Next schedule update set for Event End: 2025-12-18 17:40:42 +0000
⏰ AppState: Scheduling update in 5136 seconds
📨 Received: {"ref":null,"event":"presence_diff","payload":{"joins":{"a023ded0-dc2c-11f0-9fe7-0a58a9feac02":{"metas":[{"phx_ref":"GIJbaAX7dZvQVf0D","phx_ref_prev":"GIJbXvy-Vs3QVeXN","is_host":true,"joined_at":1766074506.088932,"user_id":"96E01CDB-36C0-4228-A6E4-A29A3C66BC8E","username":"lemontom"}]}},"leaves":{"a023ded0-dc2c-11f0-9fe7-0a58a9feac02":{"metas":[{"phx_ref":"GIJbXvy-Vs3QVeXN","phx_ref_prev":"GIJbXvy6PlzQVeWN","is_host":true,"joined_at":1766074467.223013,"user_id":"96e01cdb-36c0-4228-a6e4-a29a3c66bc8e","username":"lemontom"}]}}},"topic":"realtime:watch-party:ACHD"}
➕ Added new participant 96e01cdb-36c0-4228-a6e4-a29a3c66bc8e (Ref: GIJbaAX7dZvQVf0D)
⏳ Participant leaving (grace period started): 96e01cdb-36c0-4228-a6e4-a29a3c66bc8e
🔍 Supabase Response for /rooms: [{"id":"event_tt0126029","name":"Shrek","host_user_id":"656daa91-33b4-4688-9135-c982ea52d7c9","host_username":"RedLemon Events","stream_hash":"8ee16e63bcc4fa9688c924e3607b60771a672ca9","imdb_id":"tt0126029","poster_url":"https://images.metahub.space/poster/small/tt0126029/img","backdrop_url":"https://images.metahub.space/background/medium/tt0126029/img","playback_position":0,"is_playing":false,"participants_count":2,"max_participants":50,"is_public":true,"created_at":"2025-12-18T15:53:41.227162","last_activity":"2025-12-18T16:10:39.142023","season":null,"episode":null,"selected_quality":null,"selected_file_idx":null,"unlocked_stream_url":"https://chi9-4.download.real-debrid.com/d/UO3TCCC2I6MRA43/Shrek.2001.720p.BluRay.H264.AAC-RARBG.mp4","description":null,"current_playlist_index":0,"playlist":[],"subtitle_url":"http://127.0.0.1:47253/subtitles/subdl/L3N1YnRpdGxlLzM0MjQ5MTEtODM0ODUwMy56aXA=?token=8E4D115B-B6A7-493E-B866-45E722543045"}]
✅ Video ready - hiding poster
🔍 Supabase Response for /rooms: []
🌐 Selecting English audio and subtitle tracks...
📊 Found 0 audio tracks
📊 Found 1 subtitle tracks (including 'Off')
   Subtitle: ID=0 lang=nil title=Off
📊 After filtering: 0 actual subtitle tracks
ℹ️ No subtitle tracks found in video yet
👋 Watch Party: Video ready (playing), sending READY signal as fallback
📝 Started watch history tracking
⏳ MPVPlayerViewModel: Enhancing UI - Buffering started (show spinner)
📨 Received: {"ref":null,"event":"broadcast","payload":{"event":"sync","payload":{"isPlaying":false,"position":0,"senderId":"656DAA91-33B4-4688-9135-C982EA52D7C9","timestamp":1766074506.968329,"type":"ready"},"type":"broadcast"},"topic":"realtime:watch-party:ACHD"}
🔍 Supabase Response for /rooms: []
🔍 Supabase Response for /rooms: []
✅ Download complete: 47066 bytes
📦 Detected ZIP archive, extracting...
⚠️ No specific episode match found, using first file: It_English-HI-[LRXSTORE].srt
✅ Extraction successful
✅ Subtitle downloaded and converted to VTT
[ INFO ] GET /subtitles/subdl/L3N1YnRpdGxlLzMwMjg5MTUtMzAzMzQzNS56aXA= [request-id: 4373CEC8-0734-4243-B5AA-88321204B684]
caution: filename not matched:  It_English-[LRXSTORE].srt
2025-12-18 11:15:07.440 RedLemon[3216:27266] ✅ Subtitle 2 downloaded to: /var/folders/3v/s3d75ntd4v90_pg0mb6rmlz40000gn/T/sub_3F0697F0-715A-4B32-9EE5-4F50BA8E9D5C.vtt
2025-12-18 11:15:07.440 RedLemon[3216:27266] 📝 Loading subtitle from: /var/folders/3v/s3d75ntd4v90_pg0mb6rmlz40000gn/T/sub_3F0697F0-715A-4B32-9EE5-4F5
2025-12-18 11:15:07.446 RedLemon[3216:27266] ✅ External subtitle added to track list (not auto-selected)
2025-12-18 11:15:07.447 RedLemon[3216:27266] 🔍 SubtitleService: Downloading http://127.0.0.1:47253/subtitles/subdl/L3N1YnRpdGxlLzMzODE3NzgtMjg2MjkzMy56aXA=
📄 Subtitle request: L3N1YnRpdGxlLzMwMjg5... (offset: 0ms)
📥 Downloading subtitle from SubDL CDN: /subtitle/3028915-3033435.zip
📨 Received: {"ref":null,"event":"presence_diff","payload":{"joins":{"f68d2368-dc2b-11f0-a84c-0a58a9feac02":{"metas":[{"phx_ref":"GIJbaApVTctB-q5M","phx_ref_prev":"GIJbZzxobq1B-meB","last_seen":"2025-12-18T16:15:06.129Z","room_id":"ACHD","started_at":"2025-12-18T16:15:06.129Z","status":"online","user_id":"96e01cdb-36c0-4228-a6e4-a29a3c66bc8e","username":"lemontom","watching_id":"tt1396484","watching_title":"It","watching_type":"movie"}]}},"leaves":{"f68d2368-dc2b-11f0-a84c-0a58a9feac02":{"metas":[{"phx_ref":"GIJbZzxobq1B-meB","phx_ref_prev":"GIJbYpP9IfdB-hrK","last_seen":"2025-12-18T16:15:02.701Z","room_id":"ACHD","started_at":"2025-12-18T16:14:27.056Z","status":"In Lobby: It","user_id":"96e01cdb-36c0-4228-a6e4-a29a3c66bc8e","username":"lemontom","watching_id":"tt1396484","watching_title":"It","watching_type":"movie"}]}}},"topic":"realtime:global-presence"}
✅ Download complete: 36124 bytes
📦 Detected ZIP archive, extracting...
⚠️ No specific episode match found, using first file: It_English-[LRXSTORE].srt
✅ Extraction successful
✅ Subtitle downloaded and converted to VTT
[ INFO ] GET /subtitles/subdl/L3N1YnRpdGxlLzMzODE3NzgtMjg2MjkzMy56aXA= [request-id: 013714D5-038A-49B8-A6AA-E45EBE5F229E]
2025-12-18 11:15:07.865 RedLemon[3216:27385] ✅ Subtitle 3 downloaded to: /var/folders/3v/s3d75ntd4v90_pg0mb6rmlz40000gn/T/sub_EFBF8B61-C1D8-4308-BD82-CFD9775865A7.vtt
2025-12-18 11:15:07.865 RedLemon[3216:27385] 📝 Loading subtitle from: /var/folders/3v/s3d75ntd4v90_pg0mb6rmlz40000gn/T/sub_EFBF8B61-C1D8-4308-BD82-CFD
2025-12-18 11:15:07.880 RedLemon[3216:27385] ✅ External subtitle added to track list (not auto-selected)
2025-12-18 11:15:07.880 RedLemon[3216:27385] 🔍 MPV track-list/count: 3
2025-12-18 11:15:07.880 RedLemon[3216:27385] 🔍 Track 0 type: sub
2025-12-18 11:15:07.881 RedLemon[3216:27385] ✅ Found subtitle track: ID=1, lang=en, title=It(2017)720pBluRay-[LRXSTORE], external=1
2025-12-18 11:15:07.881 RedLemon[3216:27385] 🔍 Track 1 type: sub
2025-12-18 11:15:07.881 RedLemon[3216:27385] ✅ Found subtitle track: ID=2, lang=en, title=It(2017)720pBluRay-[LRXSTORE], external=1
2025-12-18 11:15:07.881 RedLemon[3216:27385] 🔍 Track 2 type: sub
2025-12-18 11:15:07.881 RedLemon[3216:27385] ✅ Found subtitle track: ID=3, lang=en, title=It.2017.720p.BrRip.x264.YIFY, external=1
2025-12-18 11:15:07.881 RedLemon[3216:27385] 📊 Total subtitle tracks found: 4 (including Off if needed)
2025-12-18 11:15:07.881 RedLemon[3216:27385]    Start[0]: ID=0, Title='Off', Lang='nil', Ext=0
2025-12-18 11:15:07.881 RedLemon[3216:27385]    Start[1]: ID=1, Title='It(2017)720pBluRay-[LRXSTORE]', Lang='en', Ext=1
2025-12-18 11:15:07.881 RedLemon[3216:27385]    Start[2]: ID=2, Title='It(2017)720pBluRay-[LRXSTORE]', Lang='en', Ext=1
2025-12-18 11:15:07.882 RedLemon[3216:27385]    Start[3]: ID=3, Title='It.2017.720p.BrRip.x264.YIFY', Lang='en', Ext=1
2025-12-18 11:15:07.882 RedLemon[3216:27385] ✅ SubtitleService: Scanned 4 tracks (Attempt 1/5)
2025-12-18 11:15:07.882 RedLemon[3216:26410] 🔍 MPV track-list/count: 3
2025-12-18 11:15:07.882 RedLemon[3216:27385]    Track: ID=0, Title=Off, External=0
2025-12-18 11:15:07.882 RedLemon[3216:26410] 🔍 Track 0 type: sub
2025-12-18 11:15:07.882 RedLemon[3216:27385]    Track: ID=1, Title=It(2017)720pBluRay-[LRXSTORE], External=1
2025-12-18 11:15:07.882 RedLemon[3216:26410] ✅ Found subtitle track: ID=1, lang=en, title=It(2017)720pBluRay-[LRXSTORE], external=1
2025-12-18 11:15:07.882 RedLemon[3216:26410] 🔍 Track 1 type: sub
2025-12-18 11:15:07.882 RedLemon[3216:27385]    Track: ID=2, Title=It(2017)720pBluRay-[LRXSTORE], External=1
2025-12-18 11:15:07.882 RedLemon[3216:26410] ✅ Found subtitle track: ID=2, lang=en, title=It(2017)720pBluRay-[LRXSTORE], external=1
2025-12-18 11:15:07.882 RedLemon[3216:27385]    Track: ID=3, Title=It.2017.720p.BrRip.x264.YIFY, External=1
2025-12-18 11:15:07.882 RedLemon[3216:26410] 🔍 Track 2 type: sub
2025-12-18 11:15:07.883 RedLemon[3216:26410] ✅ Found subtitle track: ID=3, lang=en, title=It.2017.720p.BrRip.x264.YIFY, external=1
2025-12-18 11:15:07.883 RedLemon[3216:26410] 📊 Total subtitle tracks found: 4 (including Off if needed)
2025-12-18 11:15:07.883 RedLemon[3216:26410]    Start[0]: ID=0, Title='Off', Lang='nil', Ext=0
2025-12-18 11:15:07.883 RedLemon[3216:26410]    Start[1]: ID=1, Title='It(2017)720pBluRay-[LRXSTORE]', Lang='en', Ext=1
2025-12-18 11:15:07.883 RedLemon[3216:26410]    Start[2]: ID=2, Title='It(2017)720pBluRay-[LRXSTORE]', Lang='en', Ext=1
2025-12-18 11:15:07.883 RedLemon[3216:26410]    Start[3]: ID=3, Title='It.2017.720p.BrRip.x264.YIFY', Lang='en', Ext=1
2025-12-18 11:15:08.419 RedLemon[3216:26633] 📨 Realtime: Received broadcast message
2025-12-18 11:15:08.419 RedLemon[3216:26633]    Payload keys: type, senderId, timestamp, position, isPlaying
2025-12-18 11:15:08.420 RedLemon[3216:26633] ✅ Realtime: Decoded message type: play, sender: 96E01CDB-36C0-4228-A6E4-A29A3C66BC8E
2025-12-18 11:15:08.420 RedLemon[3216:26633] 📞 Realtime: Invoking syncCallback for message type: play
2025-12-18 11:15:08.420 RedLemon[3216:26633] ✅ Realtime: syncCallback invoked successfully
2025-12-18 11:15:08.456 RedLemon[3216:28101] 📨 Realtime: Received broadcast message
2025-12-18 11:15:08.457 RedLemon[3216:28101]    Payload keys: isPlaying, timestamp, senderId, position, type
2025-12-18 11:15:08.457 RedLemon[3216:28101] ✅ Realtime: Decoded message type: playbackState, sender: ACHD
2025-12-18 11:15:08.458 RedLemon[3216:28101] 📞 Realtime: Invoking syncCallback for message type: playbackState
2025-12-18 11:15:08.458 RedLemon[3216:28101] ✅ Realtime: syncCallback invoked successfully
2025-12-18 11:15:08.779 RedLemon[3216:26410] 🔍 DEBUG: Received sync message - type: play, sender: 96E01CDB-36C0-4228-A6E4-A29A3C66BC8E
2025-12-18 11:15:08.779 RedLemon[3216:26410] 🔍 DEBUG: Received sync message - type: playbackState, sender: ACHD
2025-12-18 11:15:08.883 RedLemon[3216:28101] 🔍 MPV track-list/count: 5
2025-12-18 11:15:08.883 RedLemon[3216:28101] 🔍 Track 0 type: sub
2025-12-18 11:15:08.884 RedLemon[3216:28101] ✅ Found subtitle track: ID=1, lang=en, title=It(2017)720pBluRay-[LRXSTORE], external=1
2025-12-18 11:15:08.884 RedLemon[3216:28101] 🔍 Track 1 type: sub
2025-12-18 11:15:08.884 RedLemon[3216:28101] ✅ Found subtitle track: ID=2, lang=en, title=It(2017)720pBluRay-[LRXSTORE], external=1
2025-12-18 11:15:08.884 RedLemon[3216:28101] 🔍 Track 2 type: sub
2025-12-18 11:15:08.884 RedLemon[3216:28101] ✅ Found subtitle track: ID=3, lang=en, title=It.2017.720p.BrRip.x264.YIFY, external=1
2025-12-18 11:15:08.884 RedLemon[3216:28101] 🔍 Track 3 type: video
2025-12-18 11:15:08.884 RedLemon[3216:28101] 🔍 Track 4 type: audio
2025-12-18 11:15:08.884 RedLemon[3216:28101] 📊 Total subtitle tracks found: 4 (including Off if needed)
2025-12-18 11:15:08.884 RedLemon[3216:28101]    Start[0]: ID=0, Title='Off', Lang='nil', Ext=0
2025-12-18 11:15:08.884 RedLemon[3216:28101]    Start[1]: ID=1, Title='It(2017)720pBluRay-[LRXSTORE]', Lang='en', Ext=1
2025-12-18 11:15:08.885 RedLemon[3216:28101]    Start[2]: ID=2, Title='It(2017)720pBluRay-[LRXSTORE]', Lang='en', Ext=1
2025-12-18 11:15:08.885 RedLemon[3216:28101]    Start[3]: ID=3, Title='It.2017.720p.BrRip.x264.YIFY', Lang='en', Ext=1
2025-12-18 11:15:08.885 RedLemon[3216:28101] ✅ SubtitleService: Scanned 4 tracks (Attempt 2/5)
2025-12-18 11:15:08.885 RedLemon[3216:28101]    Track: ID=0, Title=Off, External=0
2025-12-18 11:15:08.885 RedLemon[3216:28101]    Track: ID=1, Title=It(2017)720pBluRay-[LRXSTORE], External=1
2025-12-18 11:15:08.885 RedLemon[3216:28101]    Track: ID=2, Title=It(2017)720pBluRay-[LRXSTORE], External=1
2025-12-18 11:15:08.886 RedLemon[3216:28101]    Track: ID=3, Title=It.2017.720p.BrRip.x264.YIFY, External=1
2025-12-18 11:15:09.949 RedLemon[3216:26633] 🔍 MPV track-list/count: 5
2025-12-18 11:15:09.949 RedLemon[3216:26633] 🔍 Track 0 type: sub
2025-12-18 11:15:09.949 RedLemon[3216:26633] ✅ Found subtitle track: ID=1, lang=en, title=It(2017)720pBluRay-[LRXSTORE], external=1
2025-12-18 11:15:09.949 RedLemon[3216:26633] 🔍 Track 1 type: sub
2025-12-18 11:15:09.950 RedLemon[3216:26633] ✅ Found subtitle track: ID=2, lang=en, title=It(2017)720pBluRay-[LRXSTORE], external=1
2025-12-18 11:15:09.950 RedLemon[3216:26633] 🔍 Track 2 type: sub
2025-12-18 11:15:09.950 RedLemon[3216:26633] ✅ Found subtitle track: ID=3, lang=en, title=It.2017.720p.BrRip.x264.YIFY, external=1
2025-12-18 11:15:09.951 RedLemon[3216:26633] 🔍 Track 3 type: video
2025-12-18 11:15:09.951 RedLemon[3216:26633] 🔍 Track 4 type: audio
2025-12-18 11:15:09.951 RedLemon[3216:26633] 📊 Total subtitle tracks found: 4 (including Off if needed)
2025-12-18 11:15:09.951 RedLemon[3216:26633]    Start[0]: ID=0, Title='Off', Lang='nil', Ext=0
2025-12-18 11:15:09.951 RedLemon[3216:26633]    Start[1]: ID=1, Title='It(2017)720pBluRay-[LRXSTORE]', Lang='en', Ext=1
2025-12-18 11:15:09.951 RedLemon[3216:26633]    Start[2]: ID=2, Title='It(2017)720pBluRay-[LRXSTORE]', Lang='en', Ext=1
2025-12-18 11:15:09.952 RedLemon[3216:26633]    Start[3]: ID=3, Title='It.2017.720p.BrRip.x264.YIFY', Lang='en', Ext=1
2025-12-18 11:15:09.952 RedLemon[3216:26633] ✅ SubtitleService: Scanned 4 tracks (Attempt 3/5)
2025-12-18 11:15:09.952 RedLemon[3216:26633]    Track: ID=0, Title=Off, External=0
2025-12-18 11:15:09.952 RedLemon[3216:26633]    Track: ID=1, Title=It(2017)720pBluRay-[LRXSTORE], External=1
2025-12-18 11:15:09.953 RedLemon[3216:26633]    Track: ID=2, Title=It(2017)720pBluRay-[LRXSTORE], External=1
2025-12-18 11:15:09.953 RedLemon[3216:26633]    Track: ID=3, Title=It.2017.720p.BrRip.x264.YIFY, External=1
2025-12-18 11:15:10.477 RedLemon[3216:28102] 📨 Realtime: Received broadcast message
2025-12-18 11:15:10.477 RedLemon[3216:28102]    Payload keys: type, position, isPlaying, timestamp, senderId
2025-12-18 11:15:10.478 RedLemon[3216:28102] ✅ Realtime: Decoded message type: playbackState, sender: ACHD
2025-12-18 11:15:10.478 RedLemon[3216:28102] 📞 Realtime: Invoking syncCallback for message type: playbackState
2025-12-18 11:15:10.479 RedLemon[3216:28102] ✅ Realtime: syncCallback invoked successfully
2025-12-18 11:15:10.510 RedLemon[3216:26410] 🔍 DEBUG: Received sync message - type: playbackState, sender: ACHD
2025-12-18 11:15:11.044 RedLemon[3216:27385] 🔍 MPV track-list/count: 5
2025-12-18 11:15:11.045 RedLemon[3216:27385] 🔍 Track 0 type: sub
2025-12-18 11:15:11.045 RedLemon[3216:27385] ✅ Found subtitle track: ID=1, lang=en, title=It(2017)720pBluRay-[LRXSTORE], external=1
2025-12-18 11:15:11.045 RedLemon[3216:27385] 🔍 Track 1 type: sub
2025-12-18 11:15:11.046 RedLemon[3216:27385] ✅ Found subtitle track: ID=2, lang=en, title=It(2017)720pBluRay-[LRXSTORE], external=1
2025-12-18 11:15:11.046 RedLemon[3216:27385] 🔍 Track 2 type: sub
2025-12-18 11:15:11.047 RedLemon[3216:27385] ✅ Found subtitle track: ID=3, lang=en, title=It.2017.720p.BrRip.x264.YIFY, external=1
2025-12-18 11:15:11.047 RedLemon[3216:27385] 🔍 Track 3 type: video
2025-12-18 11:15:11.047 RedLemon[3216:27385] 🔍 Track 4 type: audio
2025-12-18 11:15:11.047 RedLemon[3216:27385] 📊 Total subtitle tracks found: 4 (including Off if needed)
2025-12-18 11:15:11.047 RedLemon[3216:27385]    Start[0]: ID=0, Title='Off', Lang='nil', Ext=0
2025-12-18 11:15:11.047 RedLemon[3216:27385]    Start[1]: ID=1, Title='It(2017)720pBluRay-[LRXSTORE]', Lang='en', Ext=1
2025-12-18 11:15:11.048 RedLemon[3216:27385]    Start[2]: ID=2, Title='It(2017)720pBluRay-[LRXSTORE]', Lang='en', Ext=1
2025-12-18 11:15:11.048 RedLemon[3216:27385]    Start[3]: ID=3, Title='It.2017.720p.BrRip.x264.YIFY', Lang='en', Ext=1
2025-12-18 11:15:11.048 RedLemon[3216:27385] ✅ SubtitleService: Scanned 4 tracks (Attempt 4/5)
2025-12-18 11:15:11.048 RedLemon[3216:27385]    Track: ID=0, Title=Off, External=0
2025-12-18 11:15:11.048 RedLemon[3216:27385]    Track: ID=1, Title=It(2017)720pBluRay-[LRXSTORE], External=1
2025-12-18 11:15:11.049 RedLemon[3216:27385]    Track: ID=2, Title=It(2017)720pBluRay-[LRXSTORE], External=1
2025-12-18 11:15:11.049 RedLemon[3216:27385]    Track: ID=3, Title=It.2017.720p.BrRip.x264.YIFY, External=1
2025-12-18 11:15:12.144 RedLemon[3216:28101] 🔍 MPV track-list/count: 5
2025-12-18 11:15:12.144 RedLemon[3216:28101] 🔍 Track 0 type: sub
2025-12-18 11:15:12.145 RedLemon[3216:28101] ✅ Found subtitle track: ID=1, lang=en, title=It(2017)720pBluRay-[LRXSTORE], external=1
2025-12-18 11:15:12.145 RedLemon[3216:28101] 🔍 Track 1 type: sub
2025-12-18 11:15:12.145 RedLemon[3216:28101] ✅ Found subtitle track: ID=2, lang=en, title=It(2017)720pBluRay-[LRXSTORE], external=1
2025-12-18 11:15:12.145 RedLemon[3216:28101] 🔍 Track 2 type: sub
2025-12-18 11:15:12.146 RedLemon[3216:28101] ✅ Found subtitle track: ID=3, lang=en, title=It.2017.720p.BrRip.x264.YIFY, external=1
2025-12-18 11:15:12.146 RedLemon[3216:28101] 🔍 Track 3 type: video
2025-12-18 11:15:12.146 RedLemon[3216:28101] 🔍 Track 4 type: audio
2025-12-18 11:15:12.146 RedLemon[3216:28101] 📊 Total subtitle tracks found: 4 (including Off if needed)
2025-12-18 11:15:12.146 RedLemon[3216:28101]    Start[0]: ID=0, Title='Off', Lang='nil', Ext=0
2025-12-18 11:15:12.146 RedLemon[3216:28101]    Start[1]: ID=1, Title='It(2017)720pBluRay-[LRXSTORE]', Lang='en', Ext=1
2025-12-18 11:15:12.147 RedLemon[3216:28101]    Start[2]: ID=2, Title='It(2017)720pBluRay-[LRXSTORE]', Lang='en', Ext=1
2025-12-18 11:15:12.147 RedLemon[3216:28101]    Start[3]: ID=3, Title='It.2017.720p.BrRip.x264.YIFY', Lang='en', Ext=1
2025-12-18 11:15:12.147 RedLemon[3216:28101] ✅ SubtitleService: Scanned 4 tracks (Attempt 5/5)
2025-12-18 11:15:12.147 RedLemon[3216:28101]    Track: ID=0, Title=Off, External=0
2025-12-18 11:15:12.148 RedLemon[3216:28101]    Track: ID=1, Title=It(2017)720pBluRay-[LRXSTORE], External=1
2025-12-18 11:15:12.148 RedLemon[3216:28101]    Track: ID=2, Title=It(2017)720pBluRay-[LRXSTORE], External=1
2025-12-18 11:15:12.148 RedLemon[3216:28101]    Track: ID=3, Title=It.2017.720p.BrRip.x264.YIFY, External=1
2025-12-18 11:15:12.317 RedLemon[3216:27266] 📨 Realtime: Received broadcast message
2025-12-18 11:15:12.317 RedLemon[3216:27266]    Payload keys: timestamp, senderId, position, isPlaying, type
2025-12-18 11:15:12.318 RedLemon[3216:27266] ✅ Realtime: Decoded message type: playbackState, sender: ACHD
2025-12-18 11:15:12.318 RedLemon[3216:27266] 📞 Realtime: Invoking syncCallback for message type: playbackState
2025-12-18 11:15:12.318 RedLemon[3216:27266] ✅ Realtime: syncCallback invoked successfully
2025-12-18 11:15:12.335 RedLemon[3216:26410] 🔍 DEBUG: Received sync message - type: playbackState, sender: ACHD
2025-12-18 11:15:14.242 RedLemon[3216:28102] 📨 Realtime: Received broadcast message
2025-12-18 11:15:14.242 RedLemon[3216:28102]    Payload keys: position, senderId, timestamp, isPlaying, type
2025-12-18 11:15:14.243 RedLemon[3216:28102] ✅ Realtime: Decoded message type: playbackState, sender: ACHD
2025-12-18 11:15:14.243 RedLemon[3216:28102] 📞 Realtime: Invoking syncCallback for message type: playbackState
2025-12-18 11:15:14.243 RedLemon[3216:28102] ✅ Realtime: syncCallback invoked successfully
2025-12-18 11:15:14.245 RedLemon[3216:26410] 🔍 DEBUG: Received sync message - type: playbackState, sender: ACHD
2025-12-18 11:15:16.248 RedLemon[3216:27385] 📨 Realtime: Received broadcast message
2025-12-18 11:15:16.249 RedLemon[3216:27385]    Payload keys: type, isPlaying, position, timestamp, senderId
2025-12-18 11:15:16.250 RedLemon[3216:27385] ✅ Realtime: Decoded message type: playbackState, sender: ACHD
2025-12-18 11:15:16.250 RedLemon[3216:27385] 📞 Realtime: Invoking syncCallback for message type: playbackState
2025-12-18 11:15:16.250 RedLemon[3216:27385] ✅ Realtime: syncCallback invoked successfully
2025-12-18 11:15:16.270 RedLemon[3216:26410] 🔍 DEBUG: Received sync message - type: playbackState, sender: ACHD
2025-12-18 11:15:18.242 RedLemon[3216:27266] 📨 Realtime: Received broadcast message
2025-12-18 11:15:18.242 RedLemon[3216:27266]    Payload keys: position, isPlaying, senderId, type, timestamp
2025-12-18 11:15:18.242 RedLemon[3216:27266] ✅ Realtime: Decoded message type: playbackState, sender: ACHD
2025-12-18 11:15:18.242 RedLemon[3216:27266] 📞 Realtime: Invoking syncCallback for message type: playbackState
2025-12-18 11:15:18.242 RedLemon[3216:27266] ✅ Realtime: syncCallback invoked successfully
2025-12-18 11:15:18.248 RedLemon[3216:26410] 🔍 DEBUG: Received sync message - type: playbackState, sender: ACHD
2025-12-18 11:15:20.249 RedLemon[3216:28102] 📨 Realtime: Received broadcast message
2025-12-18 11:15:20.249 RedLemon[3216:28102]    Payload keys: type, timestamp, position, senderId, isPlaying
2025-12-18 11:15:20.250 RedLemon[3216:28102] ✅ Realtime: Decoded message type: playbackState, sender: ACHD
2025-12-18 11:15:20.250 RedLemon[3216:28102] 📞 Realtime: Invoking syncCallback for message type: playbackState
2025-12-18 11:15:20.250 RedLemon[3216:28102] ✅ Realtime: syncCallback invoked successfully
2025-12-18 11:15:20.265 RedLemon[3216:26410] 🔍 DEBUG: Received sync message - type: playbackState, sender: ACHD
2025-12-18 11:15:22.356 RedLemon[3216:27266] 📨 Realtime: Received broadcast message
2025-12-18 11:15:22.356 RedLemon[3216:27266]    Payload keys: type, position, timestamp, isPlaying, senderId
2025-12-18 11:15:22.357 RedLemon[3216:27266] ✅ Realtime: Decoded message type: playbackState, sender: ACHD
2025-12-18 11:15:22.357 RedLemon[3216:27266] 📞 Realtime: Invoking syncCallback for message type: playbackState
2025-12-18 11:15:22.357 RedLemon[3216:27266] ✅ Realtime: syncCallback invoked successfully
2025-12-18 11:15:22.372 RedLemon[3216:26410] 🔍 DEBUG: Received sync message - type: playbackState, sender: ACHD
2025-12-18 11:15:24.218 RedLemon[3216:27266] 📨 Realtime: Received broadcast message
2025-12-18 11:15:24.218 RedLemon[3216:27266]    Payload keys: isPlaying, timestamp, position, senderId, type
2025-12-18 11:15:24.218 RedLemon[3216:27266] ✅ Realtime: Decoded message type: playbackState, sender: ACHD
2025-12-18 11:15:24.218 RedLemon[3216:27266] 📞 Realtime: Invoking syncCallback for message type: playbackState
2025-12-18 11:15:24.219 RedLemon[3216:27266] ✅ Realtime: syncCallback invoked successfully
2025-12-18 11:15:24.230 RedLemon[3216:26410] 🔍 DEBUG: Received sync message - type: playbackState, sender: ACHD
2025-12-18 11:15:24.372 RedLemon[3216:26410] 🖱️ Mouse: x=191/1366 y=87/768 | Exit: 0 Controls: 1 Chat: 0
2025-12-18 11:15:25.114 RedLemon[3216:26410] 🖱️ Mouse: x=203/1366 y=40/768 | Exit: 0 Controls: 1 Chat: 0
2025-12-18 11:15:26.301 RedLemon[3216:27385] 📨 Realtime: Received broadcast message
2025-12-18 11:15:26.302 RedLemon[3216:27385]    Payload keys: type, isPlaying, position, senderId, timestamp
2025-12-18 11:15:26.302 RedLemon[3216:27385] ✅ Realtime: Decoded message type: playbackState, sender: ACHD
2025-12-18 11:15:26.302 RedLemon[3216:27385] 📞 Realtime: Invoking syncCallback for message type: playbackState
2025-12-18 11:15:26.302 RedLemon[3216:27385] ✅ Realtime: syncCallback invoked successfully
2025-12-18 11:15:26.323 RedLemon[3216:26410] 🔍 DEBUG: Received sync message - type: playbackState, sender: ACHD
2025-12-18 11:15:28.295 RedLemon[3216:26633] 📨 Realtime: Received broadcast message
2025-12-18 11:15:28.295 RedLemon[3216:26633]    Payload keys: position, type, timestamp, senderId, isPlaying
2025-12-18 11:15:28.295 RedLemon[3216:26633] ✅ Realtime: Decoded message type: playbackState, sender: ACHD
2025-12-18 11:15:28.296 RedLemon[3216:26633] 📞 Realtime: Invoking syncCallback for message type: playbackState
2025-12-18 11:15:28.296 RedLemon[3216:26633] ✅ Realtime: syncCallback invoked successfully
2025-12-18 11:15:28.321 RedLemon[3216:26410] 🔍 DEBUG: Received sync message - type: playbackState, sender: ACHD
2025-12-18 11:15:30.302 RedLemon[3216:27331] 📨 Realtime: Received broadcast message
2025-12-18 11:15:30.302 RedLemon[3216:27331]    Payload keys: timestamp, type, position, isPlaying, senderId
2025-12-18 11:15:30.303 RedLemon[3216:27331] ✅ Realtime: Decoded message type: playbackState, sender: ACHD
2025-12-18 11:15:30.304 RedLemon[3216:27331] 📞 Realtime: Invoking syncCallback for message type: playbackState
2025-12-18 11:15:30.304 RedLemon[3216:27331] ✅ Realtime: syncCallback invoked successfully
2025-12-18 11:15:30.334 RedLemon[3216:26410] 🔍 DEBUG: Received sync message - type: playbackState, sender: ACHD
2025-12-18 11:15:32.289 RedLemon[3216:27266] 📨 Realtime: Received broadcast message
2025-12-18 11:15:32.289 RedLemon[3216:27266]    Payload keys: type, senderId, position, timestamp, isPlaying
2025-12-18 11:15:32.290 RedLemon[3216:27266] ✅ Realtime: Decoded message type: playbackState, sender: ACHD
2025-12-18 11:15:32.290 RedLemon[3216:27266] 📞 Realtime: Invoking syncCallback for message type: playbackState
2025-12-18 11:15:32.290 RedLemon[3216:27266] ✅ Realtime: syncCallback invoked successfully
2025-12-18 11:15:32.296 RedLemon[3216:26410] 🔍 DEBUG: Received sync message - type: playbackState, sender: ACHD
📄 Subtitle request: L3N1YnRpdGxlLzMzODE3... (offset: 0ms)
📥 Downloading subtitle from SubDL CDN: /subtitle/3381778-2862933.zip
✅ Download complete: 47217 bytes
📦 Detected ZIP archive, extracting...
🎬 DisplayLink: reportSwap() (throttled)
⚠️ No specific episode match found, using first file: It.2017.720p.BrRip.x264.YIFY.srt
✅ Extraction successful
✅ Subtitle downloaded and converted to VTT
🔍 SubtitleService: Starting embedded track scan (polling 5s)...
📊 Current subtitle track: 3
⚡ MPVPlayerViewModel: Tracks populated (Embedded: false), triggering auto-selection
🌐 Selecting English audio and subtitle tracks...
📊 Found 0 audio tracks
📊 Found 4 subtitle tracks (including 'Off')
   Subtitle: ID=0 lang=nil title=Off
   Subtitle: ID=1 lang=en title=It(2017)720pBluRay-[LRXSTORE]
   Subtitle: ID=2 lang=en title=It(2017)720pBluRay-[LRXSTORE]
   Subtitle: ID=3 lang=en title=It.2017.720p.BrRip.x264.YIFY
📊 After filtering: 3 actual subtitle tracks
📊 Current subtitle track: 3
✅ Found English subtitle track: It(2017)720pBluRay-[LRXSTORE] (ID: 1)
🔍 Analyzing subtitle compatibility...
✅ Good version match: It(2017)720pBluRay-[LRXSTORE]
✅ Good version match: It(2017)720pBluRay-[LRXSTORE]
✅ Good version match: It.2017.720p.BrRip.x264.YIFY
✅ Good version match: It.2017.WEB-DL.TUBI
✅ Good version match: It.2017.PROPER.2160p.BluRay.REMUX.HEVC.DTS-HD.MA.TrueHD.7.1.Atmos-FGT_eng
✅ Good version match: It.2017.Blueray.720p.x264-ontop
✅ Good version match: It.2017.BRRip.XviD.MP3-RARBG
✅ Good version match: It.2017.BRRip.XviD.MP3-RARBG
✅ Good version match: IT2017.WEBRip.XviD.MP3-SHITBOX
✅ Good version match: IT 2017 720p new hd-ts 60fps x264 hq-mkv (02:08:39)
📝 Set subtitle track to: 1 (async, visibility enabled)
[MPV] (+) Video --vid=1 (*) (h264 1920x800 23.976fps)
[MPV] (+) Audio --aid=1 (*) (aac 2ch 48000Hz)
[MPV] (+) Subs  --sid=1 --slang=en 'It(2017)720pBluRay-[LRXSTORE]' (webvtt) (external)
[MPV] Subs  --sid=2 --slang=en 'It(2017)720pBluRay-[LRXSTORE]' (webvtt) (external)
[MPV] Subs  --sid=3 --slang=en 'It.2017.720p.BrRip.x264.YIFY' (webvtt) (external)
 MPV Event: 18
 MPV Event: 18
🔍 AUDIO AUTO-SELECT: Starting smart audio track scan
📨 Received: {"ref":null,"event":"broadcast","payload":{"event":"sync","payload":{"isPlaying":true,"position":0,"senderId":"96E01CDB-36C0-4228-A6E4-A29A3C66BC8E","timestamp":1766074508.226328,"type":"play"},"type":"broadcast"},"topic":"realtime:watch-party:ACHD"}
📨 Received: {"ref":null,"event":"broadcast","payload":{"event":"sync","payload":{"isPlaying":true,"position":0,"senderId":"ACHD","timestamp":0,"type":"playbackState"},"type":"broadcast"},"topic":"realtime:watch-party:ACHD"}
🔍 Track 1: Track 1 | 2ch | English: false | Commentary: false -> Score: 25
🏆 Selected best audio track: Track 1 (ID: 1, Score: 25)
🎬 DisplayLink: reportSwap() (throttled)
🔍 AUDIO AUTO-SELECT: Starting smart audio track scan
🔍 Track 1: Track 1 | 2ch | English: false | Commentary: false -> Score: 25
🏆 Selected best audio track: Track 1 (ID: 1, Score: 25)
🔍 AUTO-SELECT: Starting subtitle scan & selection refresh
🔍 AUTO-SELECT: Found 5 total tracks
🔍 AUTO-SELECT: Track 0 - ID: 1, lang: 'en', title: 'It(2017)720pBluRay-[LRXSTORE]', forced: false, default: false, HI: false, Ext: true
🔍 AUTO-SELECT: Track 1 - ID: 2, lang: 'en', title: 'It(2017)720pBluRay-[LRXSTORE]', forced: false, default: false, HI: false, Ext: true
🔍 AUTO-SELECT: Track 2 - ID: 3, lang: 'en', title: 'It.2017.720p.BrRip.x264.YIFY', forced: false, default: false, HI: false, Ext: true
✅ Auto-selecting BEST English subtitle: It(2017)720pBluRay-[LRXSTORE] (ID: 2) [External: true, Forced: false, Default: false, HI: false]
   🏆 Final Score: 300 (Embedded: 0, Match: 300, Clean: 0, SDH: 0)
 MPV Event: 18
🎬 canDraw() = true (forceDraw:false, hasFrame:true) (throttled)
🎬 draw() - Rendering frame! (throttled)
🎬 MPV: Frame ready! Calling layer.update() (throttled)
📊 Current subtitle track: 2
 MPV Event: 17
 MPV Event: 17
✅ MPVPlayerViewModel: Enhancing UI - Buffering finished (hide spinner) [File Loaded]
[MPV] Using hardware decoding (videotoolbox).
[MPV] AO: [coreaudio] 48000Hz stereo 2ch floatp
[MPV] VO: [libmpv] 1920x800 videotoolbox[nv12]
[MPV] Track switched:
[MPV] (+) Video --vid=1 (*) (h264 [High] 1920x800 23.976fps)
[MPV] (+) Audio --aid=1 (*) (aac [LC] 2ch 48000Hz)
[MPV] (+) Subs  --sid=1 --slang=en 'It(2017)720pBluRay-[LRXSTORE]' (webvtt) (external)
[MPV] Subs  --sid=2 --slang=en 'It(2017)720pBluRay-[LRXSTORE]' (webvtt) (external)
[MPV] Subs  --sid=3 --slang=en 'It.2017.720p.BrRip.x264.YIFY' (webvtt) (external)
[MPV] Track switched:
[MPV] (+) Video --vid=1 (*) (h264 [High] 1920x800 23.976fps)
[MPV] (+) Audio --aid=1 (*) (aac [LC] 2ch 48000Hz)
[MPV] Subs  --sid=1 --slang=en 'It(2017)720pBluRay-[LRXSTORE]' (webvtt) (external)
[MPV] (+) Subs  --sid=2 --slang=en 'It(2017)720pBluRay-[LRXSTORE]' (webvtt) (external)
[MPV] Subs  --sid=3 --slang=en 'It.2017.720p.BrRip.x264.YIFY' (webvtt) (external)
🎬 DisplayLink: reportSwap() (throttled)
🎬 Layer.update() called - forceDraw:false needsFlip:true (throttled)
📊 Current subtitle track: 2
📨 Received: {"ref":null,"event":"broadcast","payload":{"event":"sync","payload":{"isPlaying":true,"position":0,"senderId":"ACHD","timestamp":1.5015,"type":"playbackState"},"type":"broadcast"},"topic":"realtime:watch-party:ACHD"}
🔄 Large drift (0.1s) - seeking to 2.9s (host at 1.7s + 1.2s offset)
 MPV Event: 20
🎬 DisplayLink: reportSwap() (throttled)
✅ MPVPlayerViewModel: Enhancing UI - Buffering finished (hide spinner) [File Loaded]
🎬 MPV: Frame ready! Calling layer.update() (throttled)
📊 Current subtitle track: 2
🎬 DisplayLink: reportSwap() (throttled)
📊 Current subtitle track: 2
🔍 AUTO-SELECT: Starting subtitle scan & selection refresh
🔍 AUTO-SELECT: Found 5 total tracks
🔍 AUTO-SELECT: Track 0 - ID: 1, lang: 'en', title: 'It(2017)720pBluRay-[LRXSTORE]', forced: false, default: false, HI: false, Ext: true
🔍 AUTO-SELECT: Track 1 - ID: 2, lang: 'en', title: 'It(2017)720pBluRay-[LRXSTORE]', forced: false, default: false, HI: false, Ext: true
🔍 AUTO-SELECT: Track 2 - ID: 3, lang: 'en', title: 'It.2017.720p.BrRip.x264.YIFY', forced: false, default: false, HI: false, Ext: true
✅ Auto-selecting BEST English subtitle: It(2017)720pBluRay-[LRXSTORE] (ID: 2) [External: true, Forced: false, Default: false, HI: false]
   🏆 Final Score: 300 (Embedded: 0, Match: 300, Clean: 0, SDH: 0)
📨 Received: {"ref":null,"event":"broadcast","payload":{"event":"sync","payload":{"isPlaying":true,"position":0,"senderId":"ACHD","timestamp":3.545208333333333,"type":"playbackState"},"type":"broadcast"},"topic":"realtime:watch-party:ACHD"}
🔄 Large drift (0.3s) - seeking to 5.1s (host at 3.9s + 1.2s offset)
 MPV Event: 20
🎬 DisplayLink: reportSwap() (throttled)
🎬 Layer.update() called - forceDraw:false needsFlip:true (throttled)
✅ MPVPlayerViewModel: Enhancing UI - Buffering finished (hide spinner) [File Loaded]
🎬 MPV: Frame ready! Calling layer.update() (throttled)
🎬 DisplayLink: reportSwap() (throttled)
🎬 canDraw() = true (forceDraw:false, hasFrame:true) (throttled)
🎬 draw() - Rendering frame! (throttled)
📨 Received: {"ref":null,"event":"broadcast","payload":{"event":"sync","payload":{"isPlaying":true,"position":0,"senderId":"ACHD","timestamp":5.588916666666666,"type":"playbackState"},"type":"broadcast"},"topic":"realtime:watch-party:ACHD"}
🔄 Large drift (0.4s) - seeking to 7.2s (host at 6.0s + 1.2s offset)
 MPV Event: 20
🎬 DisplayLink: reportSwap() (throttled)
✅ MPVPlayerViewModel: Enhancing UI - Buffering finished (hide spinner) [File Loaded]
🎬 MPV: Frame ready! Calling layer.update() (throttled)
🎬 DisplayLink: reportSwap() (throttled)
🎬 Layer.update() called - forceDraw:false needsFlip:true (throttled)
📨 Received: {"ref":null,"event":"broadcast","payload":{"event":"sync","payload":{"isPlaying":true,"position":0,"senderId":"ACHD","timestamp":7.3406666666666665,"type":"playbackState"},"type":"broadcast"},"topic":"realtime:watch-party:ACHD"}
🔄 Large drift (0.7s) - seeking to 9.0s (host at 7.8s + 1.2s offset)
 MPV Event: 20
🎬 DisplayLink: reportSwap() (throttled)
🚫 Ignoring stale LEAVE event for 656daa91-33b4-4688-9135-c982ea52d7c9 (Tracked: GIJbaCeLDOMtQ83G != Leaving: GIJbYpp7vZItQ8mD)
🚫 Ignoring stale LEAVE event for 96e01cdb-36c0-4228-a6e4-a29a3c66bc8e (Tracked: GIJbaAX7dZvQVf0D != Leaving: GIJbXvy-Vs3QVeXN)
🎬 MPV: Frame ready! Calling layer.update() (throttled)
✅ MPVPlayerViewModel: Enhancing UI - Buffering finished (hide spinner) [File Loaded]
📡 [EventsConfig] Checking server for movie_events config version...
💓 Heartbeat sent
📨 Received: {"ref":"22","event":"phx_reply","payload":{"status":"ok","response":{}},"topic":"phoenix"}
✅ [EventsConfig] Fetched movie_events version 1356 with 448 movies
✅ [EventsConfig] Using cached movie_events config (version 1356, 448 movies)
🎬 DisplayLink: reportSwap() (throttled)
📨 Received: {"ref":"28","event":"phx_reply","payload":{"status":"ok","response":{}},"topic":"realtime:global-presence"}
📨 Received: {"ref":null,"event":"presence_diff","payload":{"joins":{"2f6fbdbc-dc2c-11f0-934a-0a58a9feac02":{"metas":[{"phx_ref":"GIJbatG-EgBcJd3M","phx_ref_prev":"GIJbaChq9vtcJcGM","last_seen":"2025-12-18T16:15:18.123Z","room_id":"ACHD","started_at":"2025-12-18T16:15:06.685Z","status":"online","user_id":"656daa91-33b4-4688-9135-c982ea52d7c9","username":"ursinho","watching_id":"tt1396484","watching_title":"It","watching_type":"movie"}]}},"leaves":{"2f6fbdbc-dc2c-11f0-934a-0a58a9feac02":{"metas":[{"phx_ref":"GIJbaChq9vtcJcGM","phx_ref_prev":"GIJbZiKEr6tcJUQE","last_seen":"2025-12-18T16:15:06.684Z","room_id":"ACHD","started_at":"2025-12-18T16:15:06.685Z","status":"online","user_id":"656daa91-33b4-4688-9135-c982ea52d7c9","username":"ursinho","watching_id":"tt1396484","watching_title":"It","watching_type":"movie"}]}}},"topic":"realtime:global-presence"}
📨 Received: {"ref":null,"event":"broadcast","payload":{"event":"sync","payload":{"isPlaying":true,"position":0,"senderId":"ACHD","timestamp":9.384375,"type":"playbackState"},"type":"broadcast"},"topic":"realtime:watch-party:ACHD"}
🔄 Large drift (0.3s) - seeking to 11.1s (host at 9.9s + 1.2s offset)
 MPV Event: 20
✅ MPVPlayerViewModel: Enhancing UI - Buffering finished (hide spinner) [File Loaded]
🎬 DisplayLink: reportSwap() (throttled)
🎬 Layer.update() called - forceDraw:false needsFlip:true (throttled)
🎬 canDraw() = true (forceDraw:false, hasFrame:true) (throttled)
🎬 draw() - Rendering frame! (throttled)
💓 Heartbeat sent
💓 Heartbeat sent
📨 Received: {"ref":"29","event":"phx_reply","payload":{"status":"ok","response":{}},"topic":"phoenix"}
📨 Received: {"ref":"8","event":"phx_reply","payload":{"status":"ok","response":{}},"topic":"phoenix"}
🎬 MPV: Frame ready! Calling layer.update() (throttled)
🎬 DisplayLink: reportSwap() (throttled)
📨 Received: {"ref":null,"event":"broadcast","payload":{"event":"sync","payload":{"isPlaying":true,"position":0,"senderId":"ACHD","timestamp":11.428083333333333,"type":"playbackState"},"type":"broadcast"},"topic":"realtime:watch-party:ACHD"}
🔄 Large drift (0.8s) - seeking to 13.1s (host at 11.9s + 1.2s offset)
 MPV Event: 20
✅ MPVPlayerViewModel: Enhancing UI - Buffering finished (hide spinner) [File Loaded]
🎬 DisplayLink: reportSwap() (throttled)
🎬 MPV: Frame ready! Calling layer.update() (throttled)
🎬 DisplayLink: reportSwap() (throttled)
🎬 Layer.update() called - forceDraw:false needsFlip:true (throttled)
📨 Received: {"ref":null,"event":"broadcast","payload":{"event":"sync","payload":{"isPlaying":true,"position":0,"senderId":"ACHD","timestamp":13.471791666666666,"type":"playbackState"},"type":"broadcast"},"topic":"realtime:watch-party:ACHD"}
🔄 Large drift (1.0s) - seeking to 15.2s (host at 14.0s + 1.2s offset)
 MPV Event: 20
🎬 DisplayLink: reportSwap() (throttled)
✅ MPVPlayerViewModel: Enhancing UI - Buffering finished (hide spinner) [File Loaded]
🎬 MPV: Frame ready! Calling layer.update() (throttled)
📨 Received: {"ref":null,"event":"presence_diff","payload":{"joins":{"f68d2368-dc2b-11f0-a84c-0a58a9feac02":{"metas":[{"phx_ref":"GIJba-pS09tB-t7F","phx_ref_prev":"GIJbaApVTctB-q5M","last_seen":"2025-12-18T16:15:22.805Z","room_id":"ACHD","started_at":"2025-12-18T16:15:06.129Z","status":"online","user_id":"96e01cdb-36c0-4228-a6e4-a29a3c66bc8e","username":"lemontom","watching_id":"tt1396484","watching_title":"It","watching_type":"movie"}]}},"leaves":{"f68d2368-dc2b-11f0-a84c-0a58a9feac02":{"metas":[{"phx_ref":"GIJbaApVTctB-q5M","phx_ref_prev":"GIJbZzxobq1B-meB","last_seen":"2025-12-18T16:15:06.129Z","room_id":"ACHD","started_at":"2025-12-18T16:15:06.129Z","status":"online","user_id":"96e01cdb-36c0-4228-a6e4-a29a3c66bc8e","username":"lemontom","watching_id":"tt1396484","watching_title":"It","watching_type":"movie"}]}}},"topic":"realtime:global-presence"}
🎬 DisplayLink: reportSwap() (throttled)
🎬 canDraw() = true (forceDraw:false, hasFrame:true) (throttled)
🎬 draw() - Rendering frame! (throttled)
📨 Received: {"ref":null,"event":"broadcast","payload":{"event":"sync","payload":{"isPlaying":true,"position":0,"senderId":"ACHD","timestamp":15.5155,"type":"playbackState"},"type":"broadcast"},"topic":"realtime:watch-party:ACHD"}
🔄 Large drift (0.4s) - seeking to 17.2s (host at 16.0s + 1.2s offset)
 MPV Event: 20
🎬 DisplayLink: reportSwap() (throttled)
✅ MPVPlayerViewModel: Enhancing UI - Buffering finished (hide spinner) [File Loaded]
🎬 Layer.update() called - forceDraw:false needsFlip:true (throttled)
🎬 MPV: Frame ready! Calling layer.update() (throttled)
🎬 DisplayLink: reportSwap() (throttled)
📨 Received: {"ref":null,"event":"broadcast","payload":{"event":"sync","payload":{"isPlaying":true,"position":0,"senderId":"ACHD","timestamp":17.559208333333334,"type":"playbackState"},"type":"broadcast"},"topic":"realtime:watch-party:ACHD"}
🔄 Large drift (0.4s) - seeking to 19.3s (host at 18.1s + 1.2s offset)
 MPV Event: 20
🎬 DisplayLink: reportSwap() (throttled)
🎬 MPV: Frame ready! Calling layer.update() (throttled)
✅ MPVPlayerViewModel: Enhancing UI - Buffering finished (hide spinner) [File Loaded]
🗑️ MPVViewLayer deinit
🗑️ MPVViewLayer deinit
🎬 DisplayLink: reportSwap() (throttled)
🎬 Layer.update() called - forceDraw:false needsFlip:true (throttled)
📨 Received: {"ref":null,"event":"broadcast","payload":{"event":"sync","payload":{"isPlaying":true,"position":0,"senderId":"ACHD","timestamp":19.310958333333332,"type":"playbackState"},"type":"broadcast"},"topic":"realtime:watch-party:ACHD"}
🔄 Large drift (0.6s) - seeking to 21.0s (host at 19.8s + 1.2s offset)
 MPV Event: 20
✅ MPVPlayerViewModel: Enhancing UI - Buffering finished (hide spinner) [File Loaded]
🎬 canDraw() = true (forceDraw:false, hasFrame:true) (throttled)
🎬 draw() - Rendering frame! (throttled)
🎬 DisplayLink: reportSwap() (throttled)
🎬 MPV: Frame ready! Calling layer.update() (throttled)
🎬 DisplayLink: reportSwap() (throttled)
📨 Received: {"ref":null,"event":"broadcast","payload":{"event":"sync","payload":{"isPlaying":true,"position":0,"senderId":"ACHD","timestamp":21.646625,"type":"playbackState"},"type":"broadcast"},"topic":"realtime:watch-party:ACHD"}
🔄 Large drift (0.6s) - seeking to 23.3s (host at 22.1s + 1.2s offset)
 MPV Event: 20
✅ MPVPlayerViewModel: Enhancing UI - Buffering finished (hide spinner) [File Loaded]
🎬 Layer.update() called - forceDraw:false needsFlip:true (throttled)
🎬 DisplayLink: reportSwap() (throttled)
🎬 MPV: Frame ready! Calling layer.update() (throttled)
🎬 DisplayLink: reportSwap() (throttled)
📨 Received: {"ref":null,"event":"broadcast","payload":{"event":"sync","payload":{"isPlaying":true,"position":0,"senderId":"ACHD","timestamp":23.398374999999998,"type":"playbackState"},"type":"broadcast"},"topic":"realtime:watch-party:ACHD"}
🔄 Large drift (1.0s) - seeking to 25.1s (host at 23.9s + 1.2s offset)
 MPV Event: 20
🎬 DisplayLink: reportSwap() (throttled)
✅ MPVPlayerViewModel: Enhancing UI - Buffering finished (hide spinner) [File Loaded]
🎬 MPV: Frame ready! Calling layer.update() (throttled)
🎬 Layer.update() c2025-12-18 11:15:34.270 RedLemon[3216:27385] 📨 Realtime: Received broadcast message
2025-12-18 11:15:34.271 RedLemon[3216:27385]    Payload keys: position, type, isPlaying, senderId, timestamp
2025-12-18 11:15:34.272 RedLemon[3216:27385] ✅ Realtime: Decoded message type: playbackState, sender: ACHD
2025-12-18 11:15:34.273 RedLemon[3216:27385] 📞 Realtime: Invoking syncCallback for message type: playbackState
2025-12-18 11:15:34.273 RedLemon[3216:27385] ✅ Realtime: syncCallback invoked successfully
2025-12-18 11:15:34.305 RedLemon[3216:26410] 🔍 DEBUG: Received sync message - type: playbackState, sender: ACHD
2025-12-18 11:15:36.228 RedLemon[3216:27331] 📨 Realtime: Received broadcast message
2025-12-18 11:15:36.229 RedLemon[3216:27331]    Payload keys: senderId, type, position, timestamp, isPlaying
2025-12-18 11:15:36.231 RedLemon[3216:27331] ✅ Realtime: Decoded message type: playbackState, sender: ACHD
2025-12-18 11:15:36.231 RedLemon[3216:27331] 📞 Realtime: Invoking syncCallback for message type: playbackState
2025-12-18 11:15:36.231 RedLemon[3216:27331] ✅ Realtime: syncCallback invoked successfully
2025-12-18 11:15:36.272 RedLemon[3216:26410] 🔍 DEBUG: Received sync message - type: playbackState, sender: ACHD
2025-12-18 11:15:38.230 RedLemon[3216:27266] 📨 Realtime: Received broadcast message
2025-12-18 11:15:38.230 RedLemon[3216:27266]    Payload keys: position, senderId, isPlaying, type, timestamp
2025-12-18 11:15:38.231 RedLemon[3216:27266] ✅ Realtime: Decoded message type: playbackState, sender: ACHD
2025-12-18 11:15:38.231 RedLemon[3216:27266] 📞 Realtime: Invoking syncCallback for message type: playbackState
2025-12-18 11:15:38.231 RedLemon[3216:27266] ✅ Realtime: syncCallback invoked successfully
2025-12-18 11:15:38.248 RedLemon[3216:26410] 🔍 DEBUG: Received sync message - type: playbackState, sender: ACHD
2025-12-18 11:15:40.277 RedLemon[3216:28101] 📨 Realtime: Received broadcast message
2025-12-18 11:15:40.277 RedLemon[3216:28101]    Payload keys: position, timestamp, type, isPlaying, senderId
2025-12-18 11:15:40.278 RedLemon[3216:28101] ✅ Realtime: Decoded message type: playbackState, sender: ACHD
2025-12-18 11:15:40.278 RedLemon[3216:28101] 📞 Realtime: Invoking syncCallback for message type: playbackState
2025-12-18 11:15:40.278 RedLemon[3216:28101] ✅ Realtime: syncCallback invoked successfully
2025-12-18 11:15:40.292 RedLemon[3216:26410] 🔍 DEBUG: Received sync message - type: playbackState, sender: ACHD
2025-12-18 11:15:42.325 RedLemon[3216:28101] 📨 Realtime: Received broadcast message
2025-12-18 11:15:42.325 RedLemon[3216:28101]    Payload keys: type, isPlaying, senderId, timestamp, position
2025-12-18 11:15:42.326 RedLemon[3216:28101] ✅ Realtime: Decoded message type: playbackState, sender: ACHD
2025-12-18 11:15:42.326 RedLemon[3216:28101] 📞 Realtime: Invoking syncCallback for message type: playbackState
2025-12-18 11:15:42.326 RedLemon[3216:28101] ✅ Realtime: syncCallback invoked successfully
2025-12-18 11:15:42.336 RedLemon[3216:26410] 🔍 DEBUG: Received sync message - type: playbackState, sender: ACHD
2025-12-18 11:15:44.197 RedLemon[3216:27331] 📨 Realtime: Received broadcast message
2025-12-18 11:15:44.197 RedLemon[3216:27331]    Payload keys: timestamp, type, isPlaying, position, senderId
2025-12-18 11:15:44.197 RedLemon[3216:27331] ✅ Realtime: Decoded message type: playbackState, sender: ACHD
2025-12-18 11:15:44.198 RedLemon[3216:27331] 📞 Realtime: Invoking syncCallback for message type: playbackState
2025-12-18 11:15:44.198 RedLemon[3216:27331] ✅ Realtime: syncCallback invoked successfully
2025-12-18 11:15:44.221 RedLemon[3216:26410] 🔍 DEBUG: Received sync message - type: playbackState, sender: ACHD
2025-12-18 11:15:45.336 RedLemon[3216:26410] 🖱️ Mouse: x=829/1366 y=0/768 | Exit: 0 Controls: 1 Chat: 0
2025-12-18 11:15:46.256 RedLemon[3216:26633] 📨 Realtime: Received broadcast message
2025-12-18 11:15:46.256 RedLemon[3216:26633]    Payload keys: senderId, timestamp, isPlaying, position, type
2025-12-18 11:15:46.257 RedLemon[3216:26633] ✅ Realtime: Decoded message type: playbackState, sender: ACHD
2025-12-18 11:15:46.257 RedLemon[3216:26633] 📞 Realtime: Invoking syncCallback for message type: playbackState
2025-12-18 11:15:46.257 RedLemon[3216:26633] ✅ Realtime: syncCallback invoked successfully
2025-12-18 11:15:46.287 RedLemon[3216:26410] 🔍 DEBUG: Received sync message - type: playbackState, sender: ACHD
2025-12-18 11:15:48.336 RedLemon[3216:28101] 📨 Realtime: Received broadcast message
2025-12-18 11:15:48.336 RedLemon[3216:28101]    Payload keys: timestamp, position, type, senderId, isPlaying
2025-12-18 11:15:48.337 RedLemon[3216:28101] ✅ Realtime: Decoded message type: playbackState, sender: ACHD
2025-12-18 11:15:48.337 RedLemon[3216:28101] 📞 Realtime: Invoking syncCallback for message type: playbackState
2025-12-18 11:15:48.337 RedLemon[3216:28101] ✅ Realtime: syncCallback invoked successfully
2025-12-18 11:15:48.358 RedLemon[3216:26410] 🔍 DEBUG: Received sync message - type: playbackState, sender: ACHD
2025-12-18 11:15:50.459 RedLemon[3216:26633] 📨 Realtime: Received broadcast message
2025-12-18 11:15:50.460 RedLemon[3216:26633]    Payload keys: position, isPlaying, senderId, timestamp, type
2025-12-18 11:15:50.461 RedLemon[3216:26633] ✅ Realtime: Decoded message type: playbackState, sender: ACHD
2025-12-18 11:15:50.461 RedLemon[3216:26633] 📞 Realtime: Invoking syncCallback for message type: playbackState
2025-12-18 11:15:50.462 RedLemon[3216:26633] ✅ Realtime: syncCallback invoked successfully
2025-12-18 11:15:50.493 RedLemon[3216:26410] 🔍 DEBUG: Received sync message - type: playbackState, sender: ACHD
alled - forceDraw:false needsFlip:true (throttled)
🎬 canDraw() = true (forceDraw:false, hasFrame:true) (throttled)
🎬 draw() - Rendering frame! (throttled)
🎬 DisplayLink: reportSwap() (throttled)
📨 Received: {"ref":null,"event":"broadcast","payload":{"event":"sync","payload":{"isPlaying":true,"position":0,"senderId":"ACHD","timestamp":25.442083333333333,"type":"playbackState"},"type":"broadcast"},"topic":"realtime:watch-party:ACHD"}
🔄 Large drift (0.4s) - seeking to 27.1s (host at 25.9s + 1.2s offset)
 MPV Event: 20
✅ MPVPlayerViewModel: Enhancing UI - Buffering finished (hide spinner) [File Loaded]
🎬 DisplayLink: reportSwap() (throttled)
🎬 MPV: Frame ready! Calling layer.update() (throttled)
🎬 DisplayLink: reportSwap() (throttled)
📨 Received: {"ref":null,"event":"broadcast","payload":{"event":"sync","payload":{"isPlaying":true,"position":0,"senderId":"ACHD","timestamp":27.485791666666668,"type":"playbackState"},"type":"broadcast"},"topic":"realtime:watch-party:ACHD"}
🔄 Large drift (0.5s) - seeking to 29.2s (host at 28.0s + 1.2s offset)
 MPV Event: 20
🎬 DisplayLink: reportSwap() (throttled)
🎬 Layer.update() called - forceDraw:false needsFlip:true (throttled)
🎬 MPV: Frame ready! Calling layer.update() (throttled)
✅ MPVPlayerViewModel: Enhancing UI - Buffering finished (hide spinner) [File Loaded]
🎬 DisplayLink: reportSwap() (throttled)
📨 Received: {"ref":"30","event":"phx_reply","payload":{"status":"ok","response":{}},"topic":"realtime:global-presence"}
📨 Received: {"ref":null,"event":"presence_diff","payload":{"joins":{"2f6fbdbc-dc2c-11f0-934a-0a58a9feac02":{"metas":[{"phx_ref":"GIJbb3SpB4dcJaAK","phx_ref_prev":"GIJbatG-EgBcJd3M","last_seen":"2025-12-18T16:15:38.043Z","room_id":"ACHD","started_at":"2025-12-18T16:15:06.685Z","status":"online","user_id":"656daa91-33b4-4688-9135-c982ea52d7c9","username":"ursinho","watching_id":"tt1396484","watching_title":"It","watching_type":"movie"}]}},"leaves":{"2f6fbdbc-dc2c-11f0-934a-0a58a9feac02":{"metas":[{"phx_ref":"GIJbatG-EgBcJd3M","phx_ref_prev":"GIJbaChq9vtcJcGM","last_seen":"2025-12-18T16:15:18.123Z","room_id":"ACHD","started_at":"2025-12-18T16:15:06.685Z","status":"online","user_id":"656daa91-33b4-4688-9135-c982ea52d7c9","username":"ursinho","watching_id":"tt1396484","watching_title":"It","watching_type":"movie"}]}}},"topic":"realtime:global-presence"}
📨 Received: {"ref":null,"event":"broadcast","payload":{"event":"sync","payload":{"isPlaying":true,"position":0,"senderId":"ACHD","timestamp":29.5295,"type":"playbackState"},"type":"broadcast"},"topic":"realtime:watch-party:ACHD"}
🎬 canDraw() = true (forceDraw:false, hasFrame:true) (throttled)
🎬 draw() - Rendering frame! (throttled)
🎬 DisplayLink: reportSwap() (throttled)
🎬 MPV: Frame ready! Calling layer.update() (throttled)
🎬 DisplayLink: reportSwap() (throttled)
🎬 Layer.update() called - forceDraw:false needsFlip:true (throttled)
📨 Received: {"ref":null,"event":"broadcast","payload":{"event":"sync","payload":{"isPlaying":true,"position":0,"senderId":"ACHD","timestamp":31.573208333333334,"type":"playbackState"},"type":"broadcast"},"topic":"realtime:watch-party:ACHD"}
🎬 DisplayLink: reportSwap() (throttled)
🎬 MPV: Frame ready! Calling layer.update() (throttled)
🎬 DisplayLink: reportSwap() (throttled)
📨 Received: {"ref":null,"event":"broadcast","payload":{"event":"sync","payload":{"isPlaying":true,"position":0,"senderId":"ACHD","timestamp":33.324958333333335,"type":"playbackState"},"type":"broadcast"},"topic":"realtime:watch-party:ACHD"}
🔄 Large drift (0.2s) - seeking to 35.0s (host at 33.8s + 1.2s offset)
 MPV Event: 20
✅ MPVPlayerViewModel: Enhancing UI - Buffering finished (hide spinner) [File Loaded]
🎬 Layer.update() called - forceDraw:false needsFlip:true (throttled)
🎬 DisplayLink: reportSwap() (throttled)
🎬 MPV: Frame ready! Calling layer.update() (throttled)
📨 Received: {"ref":null,"event":"presence_diff","payload":{"joins":{"f68d2368-dc2b-11f0-a84c-0a58a9feac02":{"metas":[{"phx_ref":"GIJbcJFY0llB-nPD","phx_ref_prev":"GIJba-pS09tB-t7F","last_seen":"2025-12-18T16:15:42.785Z","room_id":"ACHD","started_at":"2025-12-18T16:15:06.129Z","status":"online","user_id":"96e01cdb-36c0-4228-a6e4-a29a3c66bc8e","username":"lemontom","watching_id":"tt1396484","watching_title":"It","watching_type":"movie"}]}},"leaves":{"f68d2368-dc2b-11f0-a84c-0a58a9feac02":{"metas":[{"phx_ref":"GIJba-pS09tB-t7F","phx_ref_prev":"GIJbaApVTctB-q5M","last_seen":"2025-12-18T16:15:22.805Z","room_id":"ACHD","started_at":"2025-12-18T16:15:06.129Z","status":"online","user_id":"96e01cdb-36c0-4228-a6e4-a29a3c66bc8e","username":"lemontom","watching_id":"tt1396484","watching_title":"It","watching_type":"movie"}]}}},"topic":"realtime:global-presence"}
🎬 canDraw() = true (forceDraw:false, hasFrame:true) (throttled)
🎬 draw() - Rendering frame! (throttled)
🎬 DisplayLink: reportSwap() (throttled)
📨 Received: {"ref":null,"event":"broadcast","payload":{"event":"sync","payload":{"isPlaying":true,"position":0,"senderId":"ACHD","timestamp":35.410375,"type":"playbackState"},"type":"broadcast"},"topic":"realtime:watch-party:ACHD"}
🔄 Large drift (0.6s) - seeking to 37.1s (host at 35.9s + 1.2s offset)
 MPV Event: 20
✅ MPVPlayerViewModel: Enhancing UI - Buffering finished (hide spinner) [File Loaded]
🎬 DisplayLink: reportSwap() (throttled)
🎬 MPV: Frame ready! Calling layer.update() (throttled)
🎬 DisplayLink: reportSwap() (throttled)
🎬 Layer.update() called - forceDraw:false needsFlip:true (throttled)
📨 Received: {"ref":null,"event":"broadcast","payload":{"event":"sync","payload":{"isPlaying":true,"position":0,"senderId":"ACHD","timestamp":37.45408333333333,"type":"playbackState"},"type":"broadcast"},"topic":"realtime:watch-party:ACHD"}
🔄 Large drift (0.6s) - seeking to 39.2s (host at 38.0s + 1.2s offset)
 MPV Event: 20
✅ MPVPlayerViewModel: Enhancing UI - Buffering finished (hide spinner) [File Loaded]
🎬 DisplayLink: reportSwap() (throttled)
🎬 MPV: Frame ready! Calling layer.update() (throttled)
💓 Heartbeat sent
📨 Received: {"ref":"23","event":"phx_reply","payload":{"status":"ok","response":{}},"topic":"phoenix"}
🎬 DisplayLink: reportSwap() (throttled)
📨 Received: {"ref":null,"event":"broadcast","payload":{"event":"sync","payload":{"isPlaying":true,"position":0,"senderId":"ACHD","timestamp":39.45608333333333,"type":"playbackState"},"type":"broadcast"},"topic":"realtime:watch-party:ACHD"}
🔄 Large drift (0.3s) - seeking to 41.2s (host at 40.0s + 1.2s offset)
 MPV Event: 20
✅ MPVPlayerViewModel: Enhancing UI - Buffering finished (hide spinner) [File Loaded]
💓 Heartbeat sent
💓 Heartbeat sent
📨 Received: {"ref":"31","event":"phx_reply","payload":{"status":"ok","response":{}},"topic":"phoenix"}
📨 Received: {"ref":"9","event":"phx_reply","payload":{"status":"ok","response":{}},"topic":"phoenix"}
🎬 canDraw() = true (forceDraw:false, hasFrame:true) (throttled)
🎬 draw() - Rendering frame! (throttled)
🎬 Layer.update() called - forceDraw:false needsFlip:true (throttled)
🎬 DisplayLink: reportSwap() (throttled)
🎬 MPV: Frame ready! Calling layer.update() (throttled)
🎬 DisplayLink: reportSwap() (throttled)
📨 Received: {"ref":null,"event":"broadcast","payload":{"event":"sync","payload":{"isPlaying":true,"position":0,"senderId":"ACHD","timestamp":41.49979166666667,"type":"playbackState"},"type":"broadcast"},"topic":"realtime:watch-party:ACHD"}
🔄 Large drift (1.2s) - seeking to 43.2s (host at 42.0s + 1.2s offset)
 MPV Event: 20
✅ MPVPlayerViewModel: Enhancing UI - Buffering finished (hide spinner) [File Loaded]
🎬 DisplayLink: reportSwap() (throttled)
🎬 MPV: Frame ready! Calling layer.update() (throttled)
