2026-01-21 03:05:00.266 RedLemon[58317:480578] 🪟 Set initial window to expanded size: (0.0, 148.0, 1366.0, 595.0)
2026-01-21 03:05:00.266 RedLemon[58317:480578] ✅ Cache cleanup timer started (runs every 30 minutes)
2026-01-21 03:05:00.331 RedLemon[58317:480578] 🔄 Resetting playback state to prevent auto-selection...
2026-01-21 03:05:00.333 RedLemon[58317:480578] ⚠️ PlayerVM: currentWatchPartyRoom set to NIL. Stack Trace unavailable, but check recent logs.
2026-01-21 03:05:00.366 RedLemon[58317:480578] ✅ Playback state reset complete - starting in browse view
2026-01-21 03:05:00.366 RedLemon[58317:480578] 🔐 APP STARTUP: Loading stored user credentials...
2026-01-21 03:05:00.366 RedLemon[58317:480578] 🧪 Testing Profile: debug
2026-01-21 03:05:00.377 RedLemon[58317:480650] 📂 Loaded 5 credential(s) from cache
2026-01-21 03:05:00.379 RedLemon[58317:480578] ✅ Keychain: Found stored username: ursinho
2026-01-21 03:05:00.380 RedLemon[58317:480578] 🔍 Supabase: Looking up user 'ursinho' in database...
2026-01-21 03:05:00.380 RedLemon[58317:480656] 🔍 SupabaseClient: Looking up user by username 'ursinho'
2026-01-21 03:05:00.762 RedLemon[58317:480656] 📡 SupabaseClient: User lookup response received (399 bytes)
2026-01-21 03:05:00.776 RedLemon[58317:480656] ✅ SupabaseClient: Decoded 1 users from response
2026-01-21 03:05:00.777 RedLemon[58317:480656] 👤 SupabaseClient: Found user - ursinho (ID: 656DAA91-33B4-4688-9135-C982EA52D7C9)
2026-01-21 03:05:00.824 RedLemon[58317:480578] ✅ AUTH SUCCESS: User authenticated - ursinho (ID: 656DAA91-33B4-4688-9135-C982EA52D7C9)
2026-01-21 03:05:00.824 RedLemon[58317:480578] 🎯 AppState: currentUsername=ursinho, currentUserId=656DAA91-33B4-4688-9135-C982EA52D7C9
2026-01-21 03:05:02.861 RedLemon[58317:480578] 🏁 AUTH COMPLETE: Final state - username=ursinho, userId=656DAA91-33B4-4688-9135-C982EA52D7C9
2026-01-21 03:05:02.868 RedLemon[58317:480578] 🚀 RedLemon: Starting HTTP server...
2026-01-21 03:05:02.868 RedLemon[58317:480578] 📋 RedLemon: Current directory: /Users/danielnoble/Desktop/Redlemon
2026-01-21 03:05:02.885 RedLemon[58317:480578] ✅ RedLemon: HTTPServer instance created
2026-01-21 03:05:02.885 RedLemon[58317:480704] 📡 RedLemon: Server starting on port 47253...
2026-01-21 03:05:02.885 RedLemon[58317:480578] ✅ RedLemon: Server marked as ready (Optimistic)
⏲️ [EventsConfig] Starting polling fallback (every 60s)
🔌 Connecting to Supabase Realtime: wss://151.243.109.243.nip.io/realtime/v1/websocket
✅ Connected to Supabase Realtime
📡 Sparkle requesting feed URL: https://151.243.109.243.nip.io/updates/appcast.xml
✅ Sparkle configured (seamless mode)
   Appcast URL: https://151.243.109.243.nip.io/updates/appcast.xml
   Can check: true
📅 EventsView appeared
🎬 [EventsView] Fetching movie events from centralized config...
📡 [EventsConfig] Checking server for movie_events config version...
🔍 Memory pressure monitoring enabled (safe mode)
🔍 Silent update check (custom implementation)...
🖥️ CacheManager initialized with fixed conservative limits
   Image cache limit: 30 items
📡 Joined channel: realtime:events_config_updates (interest count: 1)
✅ [EventsConfig] Subscribed to realtime schedule updates
📡 Sparkle requesting feed URL: https://151.243.109.243.nip.io/updates/appcast.xml
📦 Current build: 124, Latest build: 124
✅ App is up to date (current: 124, latest: 124)
✅ [EventsConfig] Fetched movie_events version 1563 with 405 movies
✅ [EventsConfig] Using cached movie_events config (version 1563, 405 movies)
✅ [EventsView] Loaded 405 movies from config version 1563
🗓 AppState: Updated schedule epoch to 2026-01-20 14:45:50 +0000
⏰ AppState: Next schedule update set for Event End: 2026-01-21 08:32:50 +0000
⏰ AppState: Scheduling update in 1669 seconds
🖼️ [CACHE] Cached image data for key: https://images.metahub.space/background/medium/tt29644189/img (793673 bytes)
🖼️ [CACHE] Cached image data for key: https://images.metahub.space/background/medium/tt0266915/img (786827 bytes)
🖼️ [CACHE] Cached image data for key: https://images.metahub.space/background/medium/tt0480687/img (901283 bytes)
🔌 SocialService: Connecting to global presence...
🔌 Connecting to Supabase Realtime: wss://151.243.109.243.nip.io/realtime/v1/websocket
✅ Connected to Supabase Realtime
✅ SocialService: Presence connected
⏰ AppState: Next schedule update set for Event End: 2026-01-21 08:32:50 +0000
⏰ AppState: Scheduling update in 1668 seconds
⏰ AppState: Next schedule update set for Event End: 2026-01-21 08:32:50 +0000
⏰ AppState: Scheduling update in 1668 seconds
📡 Joined channel: realtime:global-presence (interest count: 1)
✅ SocialService: Connected to global presence
🔌 SocialService: Connecting to social realtime channels...
🔌 Connecting to Supabase Realtime: wss://151.243.109.243.nip.io/realtime/v1/websocket
✅ Connected to Supabase Realtime
✅ SocialService: DM channel connected
📈 SocialService: User 656daa91-33b4-4688-9135-c982ea52d7c9 came online
📡 Joined channel: realtime:direct_messages (interest count: 1)
📡 Joined channel: realtime:friendships (interest count: 1)
✅ SocialService: Connected to social channels
📬 SocialService: Fetched 0 unread messages
🔄 SocialService: Syncing 50 items to cloud...
🔄 SocialService: Syncing 50 items to cloud (serial)...
✅ Token routes registered:
   POST /tokens/save
   POST /tokens/delete
   GET  /tokens/list
✅ Unlock routes registered:
   POST /api/streams/unlock
✅ Stream routes registered:
   POST /api/streams/resolve
   GET  /api/streams/resolveByQuality
   GET  /api/streams/resolveAll
✅ Proxy routes registered:
   GET /play/rd/:infoHash/:fileIdx
   GET /play/rd/:infoHash
✅ Subtitle routes registered:
   GET /subtitles/search?imdbId=&type=
   GET /subtitles/subdl/:encodedPath
✅ All routes registered
✅ HTTP Server configured on http://127.0.0.1:47253
🚀 Starting HTTP server...
✅ Providers initialized: torrentio, comet, zilean, mediafusion, debridsearch
[ NOTICE ] Server started on http://127.0.0.1:47253
2026-01-21 03:05:02.924 RedLemon[58317:480578] ✅ RedLemon: Server should be running on http://127.0.0.1:47253
2026-01-21 03:05:02.924 RedLemon[58317:480578] 🏥 [AppState] Starting global provider health check...
2026-01-21 03:05:02.924 RedLemon[58317:480578] 🔍 Performing startup checks...
2026-01-21 03:05:02.924 RedLemon[58317:480578] ✅ Username-based authentication ready
2026-01-21 03:05:02.925 RedLemon[58317:480655] 🔐 Signed request to /check-payment
2026-01-21 03:05:03.455 RedLemon[58317:480651] 🎬 Torrentio: Building URL for movie (no season/episode)
2026-01-21 03:05:03.456 RedLemon[58317:480651] 🔗 Torrentio URL (length: 55): https://torrentio.strem.fun/stream/movie/tt0133093.json...
2026-01-21 03:05:05.174 RedLemon[58317:480578] 🔄 Checking for app updates...
2026-01-21 03:05:05.949 RedLemon[58317:480578] ✅ [AppState] Provider health check complete (found 7 services)
2026-01-21 03:05:08.032 RedLemon[58317:480655] 📝 [APP] 🎟️ Joining event: Rush Hour 2 (Live: true) ["file": "EventsView.swift", "level": "INFO", "line": "253"]
2026-01-21 03:05:08.032 RedLemon[58317:480655] 📝 [APP] SessionRecorder initialized
2026-01-21 03:05:08.169 RedLemon[58317:480650] 📡 StreamService: Fetching metadata for tt0266915...
2026-01-21 03:05:08.172 RedLemon[58317:480668] 📝 [APP] 🎬 StreamService: Starting resolution for: Rush Hour 2 ["file": "StreamService.swift", "level": "INFO", "line": "104"]
✅ HTTP server running on http://127.0.0.1:47253

🔗 Available endpoints:
   http://127.0.0.1:47253/health
   http://127.0.0.1:47253/status
   http://127.0.0.1:47253/api/health

💰 LicenseManager: Starting hybrid license check...
👤 LicenseManager: Profile expiry: Optional(2026-02-11 06:00:30 +0000)
🔍 Silent update check (custom implementation)...
⏰ TimeService: Synchronizing clock with server...
🎉 License updated! Expires: 2026-02-11 06:00:30 +0000
📦 Current build: 124, Latest build: 124
✅ App is up to date (current: 124, latest: 124)
✅ TimeService: Synced! Offset: 0.069s (RTT: 134ms)
   Local:  2026-01-21 08:05:05 +0000
   Server: 2026-01-21 08:05:05 +0000
⏰ Time synced with server! AppState should automatically recalculate.
✅ SubDLClient initialized
[2026-01-21T08:05:08Z] [INFO] [EventsView.swift:253] 🎟️ Joining event: Rush Hour 2 (Live: true)
   Event start time: 2026-01-21 06:52:50 +0000
   Event duration: 6000.0s
   Current time: 2026-01-21 08:05:08 +0000
   Is Live: true
   Is In Lobby: false
✅ Event room already exists: event_tt0266915

✅ [SYNC VERIFICATION] FOUND SERVER KEY - Re-unlocking for fresh URL 🔑
   Stored Hash: f640a1d6786d91d6ba6a265129e3c1a74a66d229
   Cached URL: https://chi3-4.download.real-d...
[2026-01-21T08:05:08Z] [INFO] [StreamService.swift:104] 🎬 StreamService: Starting resolution for: Rush Hour 2
[ INFO ] GET /api/metadata/meta/movie/tt0266915 [request-id: 5DE5357D-CB2A-4109-8520-9EAC3F38610A]
2026-01-21 03:05:08.520 RedLemon[58317:480655] 📦 Decoded CinemetaMeta - videos count: -1
2026-01-21 03:05:08.520 RedLemon[58317:480655] ✅ StreamService: Metadata loaded: Rush Hour 2
2026-01-21 03:05:08.520 RedLemon[58317:480655] ⚡️ StreamService: Resolving streams via StreamResolver (Bypassing HTTP)...
2026-01-21 03:05:08.521 RedLemon[58317:480655] ⚡️ StreamResolver: Resolving streams for tt0266915 (S0E0)
2026-01-21 03:05:08.521 RedLemon[58317:480655] 📝 [APP] New Session Started ["app_version": "1.0.124", "build": "124", "session_id": "E8E9EAA2-9521-4C46-B3D6-6CDE58B56ED8", "trigger_source": "manual", "user_id": "656DAA91-33B4-4688-9135-C982EA52D7C9"]
2026-01-21 03:05:08.521 RedLemon[58317:480655] 📝 [APP] Target Content Set ["imdb_id": "tt0266915"]
2026-01-21 03:05:08.521 RedLemon[58317:480655] 📝 [RESOLVER] Started Resolution ["episode": "0", "season": "0", "type": "movie"]
2026-01-21 03:05:08.655 RedLemon[58317:480650]    📅 Filtering by year: 2001
2026-01-21 03:05:08.811 RedLemon[58317:480703] 📝 [RESOLVER] Found Verified Stream ["hash": "f640a1d6786d91d6ba6a265129e3c1a74a66d229", "vote_count": "6"]
💾 Cache SET: Metadata[meta_movie_tt0266915]
🎬 StreamService: Resolving movie - trusted pack filtering will be applied server-side
🛡️ StreamResolver: Loaded 7 blocked streams from blacklist
⚡️ StreamResolver: Found Community Verified stream with 6 votes!
   ℹ️ Hash: f640a1d6786d91d6ba6a265129e3c1a74a66d229
   ℹ️ Last Verified: 2026-01-21 07:24:38 +0000
🔍 Searching SubDL: tt0266915 (movie)
✅ Found 10 subtitles from SubDL (Primary)
✅ StreamResolver: Processed subtitles for 1 streams (Attached to 1)
⚡️ StreamResolver: SHORT CIRCUIT - Returning verified stream immediately.
⚡️ StreamService: Testing verified stream viability...
🔓 StreamService: Unlocking with infoHash: f640a1d6786d...
[ INFO ] POST /api/streams/unlock [request-id: FF225A68-9A5F-4FD8-AA41-2DCA0D36D880]
2026-01-21 03:05:09.078 RedLemon[58317:480703] 🔓 Unlock request: infoHash=f640a1d6786d..., fileIdx=0
2026-01-21 03:05:09.078 RedLemon[58317:480703] ✅ Token found, attempting unlock...
2026-01-21 03:05:10.562 RedLemon[58317:480650] ✅ Unlocked successfully: Rush.Hour.2.2001.1080p.BluRay.X264-AMIABLE.mkv
2026-01-21 03:05:10.566 RedLemon[58317:480655] 📝 [RESOLVER] Stream Unlocked ["filename": "Rush.Hour.2.2001.1080p.BluRay.X264-AMIABLE.mkv", "is_generic": "false", "original_title": "Community Verified Stream (1080p)", "url_host": "chi8-4.download.real-debrid.com"]
2026-01-21 03:05:10.566 RedLemon[58317:480655] 📥 StreamService: Pre-downloading 5 (capped from 10) subtitles...
2026-01-21 03:05:10.566 RedLemon[58317:480655] 🐛 StreamService: downloadSubtitlesInParallel called. Season: nil, Episode: nil, Count: 5
2026-01-21 03:05:10.567 RedLemon[58317:480703] 🔍 DEBUG: Processing subtitle URL: /subtitle/484090-366499.zip
2026-01-21 03:05:10.567 RedLemon[58317:480655] 🔍 DEBUG: Processing subtitle URL: /subtitle/484106-223557.zip
2026-01-21 03:05:10.567 RedLemon[58317:480650] 🔍 DEBUG: Processing subtitle URL: /subtitle/484072-1225068.zip
2026-01-21 03:05:10.567 RedLemon[58317:480651] 🔍 DEBUG: Processing subtitle URL: /subtitle/484098-8015.zip
2026-01-21 03:05:10.567 RedLemon[58317:480703] ✅ DEBUG: Raw SubDL URL detected, converting to proxy URL
2026-01-21 03:05:10.567 RedLemon[58317:480650] ✅ DEBUG: Raw SubDL URL detected, converting to proxy URL
2026-01-21 03:05:10.567 RedLemon[58317:480651] ✅ DEBUG: Raw SubDL URL detected, converting to proxy URL
2026-01-21 03:05:10.567 RedLemon[58317:480655] ✅ DEBUG: Raw SubDL URL detected, converting to proxy URL
2026-01-21 03:05:10.569 RedLemon[58317:480650] 🔍 DEBUG: Processing subtitle URL: /subtitle/484085-65035.zip
2026-01-21 03:05:10.569 RedLemon[58317:480650] ✅ DEBUG: Raw SubDL URL detected, converting to proxy URL
2026-01-21 03:05:10.735 RedLemon[58317:480650] ✅ Persisted stream selection to room event_tt0266915
2026-01-21 03:05:11.008 RedLemon[58317:480578] ✅ PlayerVM: currentWatchPartyRoom set to event_tt0266915
2026-01-21 03:05:11.311 RedLemon[58317:480578] 📡 Fetching metadata for tt0266915...
2026-01-21 03:05:11.383 RedLemon[58317:480650] ✅ StreamService: Using provided metadata: Rush Hour 2
2026-01-21 03:05:11.383 RedLemon[58317:480650] ⚡️ StreamService: Resolving streams via StreamResolver (Bypassing HTTP)...
2026-01-21 03:05:11.383 RedLemon[58317:480650] ⚡️ StreamResolver: Resolving streams for tt0266915 (S0E0)
2026-01-21 03:05:11.383 RedLemon[58317:480655] 📝 [APP] 🎬 StreamService: Starting resolution for: Rush Hour 2 ["file": "StreamService.swift", "level": "INFO", "line": "104"]
2026-01-21 03:05:11.385 RedLemon[58317:480650] 📝 [APP] New Session Started ["app_version": "1.0.124", "build": "124", "session_id": "1428D491-8116-4E7D-81F1-BFAD1505B573", "trigger_source": "manual", "user_id": "656DAA91-33B4-4688-9135-C982EA52D7C9"]
2026-01-21 03:05:11.385 RedLemon[58317:480650] 📝 [APP] Target Content Set ["imdb_id": "tt0266915"]
2026-01-21 03:05:11.385 RedLemon[58317:480650] 📝 [RESOLVER] Started Resolution ["episode": "0", "season": "0", "type": "movie"]
2026-01-21 03:05:11.520 RedLemon[58317:480655]    📅 Filtering by year: 2001
2026-01-21 03:05:11.657 RedLemon[58317:480655] 📝 [RESOLVER] Found Verified Stream ["hash": "f640a1d6786d91d6ba6a265129e3c1a74a66d229", "vote_count": "6"]
✅ RD addMagnet: YAUOGBLUAG3SW
🎬 Movie: Found matching file for title 'Rush Hour 2': /Rush.Hour.2.2001.1080p.BluRay.X264-AMIABLE.mkv
📝 RD: Selecting file ID 2 for torrent YAUOGBLUAG3SW
📊 RD poll 1/2: status=downloaded, links=1
🔗 Unrestricting link: https://real-debrid.com/d/HXOHC3B2ETAVG2CD
✅ StreamService: Stream unlocked successfully!
✅ StreamService: Verified stream is VIABLE. Returning immediately.
   ✅ Fresh URL obtained: https://chi8-4.download.real-debrid.com/...
   ✅ Database updated with fresh URL

🎬 Live event - calculating position: 4341.076474070549 seconds
   Event start time: 2026-01-21 06:52:50 +0000
   Current time: 2026-01-21 08:05:11 +0000
   Room createdAt: 2026-01-21 06:52:50 +0000
   Room state: playing
   Setting resumeFromTimestamp to: 4341.076474070549
🎬 Live event - starting playback immediately (no lobby)
✅ Cache HIT: Metadata[meta_movie_tt0266915]
[2026-01-21T08:05:11Z] [INFO] [StreamService.swift:104] 🎬 StreamService: Starting resolution for: Rush Hour 2
🎬 StreamService: Resolving movie - trusted pack filtering will be applied server-side
🛡️ StreamResolver: Loaded 7 blocked streams from blacklist
⚡️ StreamResolver: Found Community Verified stream with 6 votes!
   ℹ️ Hash: f640a1d6786d91d6ba6a265129e3c1a74a66d229
   ℹ️ Last Verified: 2026-01-21 07:24:38 +0000
🔍 Searching SubDL: tt0266915 (movie)
✅ Found 10 subtitles from SubDL (Primary)
✅ StreamResolver: Processed subtitles for 1 streams (Attached to 1)
⚡️ StreamResolver: SHORT CIRCUIT - Returning verified stream immediately.
⚡️ StreamService: Testing verified stream viability...
🔓 StreamService: Unlocking with infoHash: f640a1d6786d...
[ INFO ] POST /api/streams/unlock [request-id: FB430884-ADA8-49B3-A04C-39EC3D50B4EB]
2026-01-21 03:05:11.893 RedLemon[58317:480703] 🔓 Unlock request: infoHash=f640a1d6786d..., fileIdx=0
2026-01-21 03:05:11.894 RedLemon[58317:480703] ✅ Token found, attempting unlock...
2026-01-21 03:05:11.894 RedLemon[58317:480703] ✅ Unlocked successfully: Rush.Hour.2.2001.1080p.BluRay.X264-AMIABLE.mkv
2026-01-21 03:05:11.895 RedLemon[58317:480704] 📝 [RESOLVER] Stream Unlocked ["filename": "Rush.Hour.2.2001.1080p.BluRay.X264-AMIABLE.mkv", "is_generic": "false", "original_title": "Community Verified Stream (1080p)", "url_host": "chi8-4.download.real-debrid.com"]
2026-01-21 03:05:11.895 RedLemon[58317:480704] 📥 StreamService: Pre-downloading 5 (capped from 10) subtitles...
2026-01-21 03:05:11.896 RedLemon[58317:480704] 🐛 StreamService: downloadSubtitlesInParallel called. Season: nil, Episode: nil, Count: 5
2026-01-21 03:05:11.896 RedLemon[58317:480704] 🔍 DEBUG: Processing subtitle URL: /subtitle/484106-223557.zip
2026-01-21 03:05:11.896 RedLemon[58317:480650] 🔍 DEBUG: Processing subtitle URL: /subtitle/484090-366499.zip
2026-01-21 03:05:11.896 RedLemon[58317:480703] 🔍 DEBUG: Processing subtitle URL: /subtitle/484072-1225068.zip
2026-01-21 03:05:11.896 RedLemon[58317:480651] 🔍 DEBUG: Processing subtitle URL: /subtitle/484098-8015.zip
2026-01-21 03:05:11.896 RedLemon[58317:480704] ✅ DEBUG: Raw SubDL URL detected, converting to proxy URL
2026-01-21 03:05:11.896 RedLemon[58317:480650] ✅ DEBUG: Raw SubDL URL detected, converting to proxy URL
2026-01-21 03:05:11.896 RedLemon[58317:480703] ✅ DEBUG: Raw SubDL URL detected, converting to proxy URL
2026-01-21 03:05:11.896 RedLemon[58317:480651] ✅ DEBUG: Raw SubDL URL detected, converting to proxy URL
2026-01-21 03:05:11.896 RedLemon[58317:480651] 🔍 DEBUG: Processing subtitle URL: /subtitle/484085-65035.zip
2026-01-21 03:05:11.896 RedLemon[58317:480651] ✅ DEBUG: Raw SubDL URL detected, converting to proxy URL
2026-01-21 03:05:11.980 RedLemon[58317:480578] ✅ Stream ready, starting playback...
2026-01-21 03:05:12.024 RedLemon[58317:480668] 📝 Realtime: Registered observer 'player' (Presence: YES, Sync: NO, Status: NO)
2026-01-21 03:05:12.031 RedLemon[58317:480651] 📝 [PLAYER] Resumed
2026-01-21 03:05:12.031 RedLemon[58317:480668] 📝 Realtime: Registered observer 'player' (Presence: NO, Sync: YES, Status: NO)
2026-01-21 03:05:12.043 RedLemon[58317:480654] 📝 [PLAYER] Load Video (Smart) ["url": "https://chi8-4.download.real-debrid.com/d/LUSQM26OD5SB4130/Rush.Hour.2.2001.1080p.BluRay.X264-AMIABLE.mkv"]
✅ RD cache hit: f640a1d6786d
✅ StreamService: Stream unlocked successfully!
✅ StreamService: Verified stream is VIABLE. Returning immediately.
!!! MPVWrapper initialized - Build Version: 2026-01-19-GUEST-CACHE-BYPASS-v1 !!!
🔌 Setting up Realtime channel: watch-party:event_tt0266915
   Role: Guest
   User ID: 656DAA91-33B4-4688-9135-C982EA52D7C9
📡 Connection state: connected
📡 Connection state: connecting
📡 Joined channel: realtime:watch-party:event_tt0266915 (interest count: 1)
📡 Connection state: connected
✅ Realtime channel setup complete
✅ Cache HIT: Metadata[meta_movie_tt0266915]
📊 AppState: Polled participant counts - Active: ["tt0266915": 1]
[ INFO ] GET /subtitles/subdl/L3N1YnRpdGxlLzQ4NDEwNi0yMjM1NTcuemlw [request-id: 3EEC767E-C916-4D63-8550-81D8A9296449]
2026-01-21 03:05:12.195 RedLemon[58317:480703] 📝 [PLAYER] Load Video (Event) ["url": "https://chi8-4.download.real-debrid.com/d/LUSQM26OD5SB4130/Rush.Hour.2.2001.1080p.BluRay.X264-AMIABLE.mkv"]
2026-01-21 03:05:12.360 RedLemon[58317:480668] 📝 [PLAYER] Playback State Changed ["state": "Paused"]
2026-01-21 03:05:12.360 RedLemon[58317:480668] 📝 [PLAYER] Buffering Started
⏰ AppState: Next schedule update set for Event End: 2026-01-21 08:32:50 +0000
⏰ AppState: Scheduling update in 1658 seconds
📄 Subtitle request: L3N1YnRpdGxlLzQ4NDEw... (offset: 0ms)
📥 Downloading subtitle from SubDL CDN: /subtitle/484106-223557.zip
📡 SocialService: Updated status - online: Rush Hour 2
⏰ AppState: Next schedule update set for Event End: 2026-01-21 08:32:50 +0000
⏰ AppState: Scheduling update in 1658 seconds
📡 [EventsConfig] Checking server for movie_events config version...
📡 [EventsConfig] Checking server for movie_events config version...
✅ Download complete: 32774 bytes
📦 Detected ZIP archive, extracting...
🔍 Calculating compatibility scores for 1 files...
⚠️ No strong compatibility match (Best: 0 for Rush.Hour.2.2001.720p.DVD5.HDTV.x264-PoTuS.srt)
⚠️ No specific match found, using first file: Rush.Hour.2.2001.720p.DVD5.HDTV.x264-PoTuS.srt
📦 Extracting specific file: Rush.Hour.2.2001.720p.DVD5.HDTV.x264-PoTuS.srt
✅ Extraction successful
✅ Subtitle downloaded and converted to VTT
[ INFO ] GET /subtitles/subdl/L3N1YnRpdGxlLzQ4NDA5OC04MDE1LnppcA== [request-id: 1C5A37B7-6B7E-48C7-BE2F-DBBA41733BF3]
  End-of-central-directory signature not found.  Either this file is not
  a zipfile, or it constitutes one disk of a multi-part archive.  In the
  latter case the central directory and zipfile comment will be found on
  the last disk(s) of this archive.
unzip:  cannot find zipfile directory in one of /var/folders/3v/s3d75ntd4v90_pg0mb6rmlz40000gn/T/35D5AF28-294A-4D71-B7B4-08B054F019F9.zip or
        /var/folders/3v/s3d75ntd4v90_pg0mb6rmlz40000gn/T/35D5AF28-294A-4D71-B7B4-08B054F019F9.zip.zip, and cannot find /var/folders/3v/s3d75ntd4v90_pg0mb6rmlz40000gn/T/35D5AF28-294A-4D71-B7B4-08B054F019F9.zip.ZIP, period.
📄 Subtitle request: L3N1YnRpdGxlLzQ4NDA5... (offset: 0ms)
📥 Downloading subtitle from SubDL CDN: /subtitle/484098-8015.zip
✅ [EventsConfig] Fetched movie_events version 1563 with 405 movies
✅ [EventsConfig] Using cached movie_events config (version 1563, 405 movies)
✅ SocialService: Event event_tt0266915 is JOINABLE (Live or Next Up) - allowing join
✅ Download complete: 39796 bytes
📦 Detected ZIP archive, extracting...
⚠️ No subtitle files found in zip list output:
Archive:  /var/folders/3v/s3d75ntd4v90_pg0mb6rmlz40000gn/T/35D5AF28-294A-4D71-B7B4-08B054F019F9.zip

🔍 Calculating compatibility scores for 0 files...
✅ [EventsConfig] Fetched movie_events version 1563 with 405 movies
[ WARNING ] Abort.404: No subtitle files found in zip [request-id: 1C5A37B7-6B7E-48C7-BE2F-DBBA41733BF3]
[ INFO ] GET /subtitles/subdl/L3N1YnRpdGxlLzQ4NDA5MC0zNjY0OTkuemlw [request-id: 92295C47-F0CC-45D0-99B1-09F6CFB3C613]
2026-01-21 03:05:12.960 RedLemon[58317:480578] [AUTO_EXIT_CHECK] isEventPlayback: true
2026-01-21 03:05:12.960 RedLemon[58317:480578] [AUTO_EXIT_CHECK] isLoading: true, isResolvingStream: false
2026-01-21 03:05:12.960 RedLemon[58317:480578] [AUTO_EXIT_CHECK] playbackFinished: false, isPlaying: false
2026-01-21 03:05:12.960 RedLemon[58317:480578] [AUTO_EXIT_CHECK] Position: 0.0s / Duration: 0.0s
2026-01-21 03:05:12.960 RedLemon[58317:480578] [AUTO_EXIT_CHECK] BLOCKED: isLoading=true or isResolvingStream=false
2026-01-21 03:05:13.128 RedLemon[58317:480651] 📝 [PLAYER] File Loaded ["duration": "5406.99"]
2026-01-21 03:05:13.784 RedLemon[58317:480578] [VIDEO_READY] isEvent: true, eventStartTime: 2026-01-21 06:52:50 +0000
2026-01-21 03:05:13.784 RedLemon[58317:480578] [VIDEO_READY] Event seek check - elapsed: 4343s, seekTime: 4343s, drift: 0.61s
2026-01-21 03:05:13.791 RedLemon[58317:480650] 📝 [PLAYER] Playback State Changed ["state": "Playing"]
2026-01-21 03:05:13.960 RedLemon[58317:480578] [AUTO_EXIT_CHECK] isEventPlayback: true
2026-01-21 03:05:13.960 RedLemon[58317:480578] [AUTO_EXIT_CHECK] isLoading: true, isResolvingStream: false
2026-01-21 03:05:13.960 RedLemon[58317:480578] [AUTO_EXIT_CHECK] playbackFinished: false, isPlaying: true
2026-01-21 03:05:13.960 RedLemon[58317:480578] [AUTO_EXIT_CHECK] Position: 4343.179322957993s / Duration: 5406.99s
2026-01-21 03:05:13.961 RedLemon[58317:480578] [AUTO_EXIT_CHECK] BLOCKED: isLoading=true or isResolvingStream=false
2026-01-21 03:05:14.959 RedLemon[58317:480578] [AUTO_EXIT_CHECK] isEventPlayback: true
2026-01-21 03:05:14.959 RedLemon[58317:480578] [AUTO_EXIT_CHECK] isLoading: true, isResolvingStream: false
2026-01-21 03:05:14.959 RedLemon[58317:480578] [AUTO_EXIT_CHECK] playbackFinished: false, isPlaying: true
2026-01-21 03:05:14.959 RedLemon[58317:480578] [AUTO_EXIT_CHECK] Position: 4343.179322957993s / Duration: 5406.99s
2026-01-21 03:05:14.960 RedLemon[58317:480578] [AUTO_EXIT_CHECK] BLOCKED: isLoading=true or isResolvingStream=false
2026-01-21 03:05:15.959 RedLemon[58317:480578] [AUTO_EXIT_CHECK] isEventPlayback: true
2026-01-21 03:05:15.959 RedLemon[58317:480578] [AUTO_EXIT_CHECK] isLoading: true, isResolvingStream: false
2026-01-21 03:05:15.959 RedLemon[58317:480578] [AUTO_EXIT_CHECK] playbackFinished: false, isPlaying: true
2026-01-21 03:05:15.959 RedLemon[58317:480578] [AUTO_EXIT_CHECK] Position: 4343.179322957993s / Duration: 5406.99s
2026-01-21 03:05:15.960 RedLemon[58317:480578] [AUTO_EXIT_CHECK] BLOCKED: isLoading=true or isResolvingStream=false
2026-01-21 03:05:17.019 RedLemon[58317:480578] [AUTO_EXIT_CHECK] isEventPlayback: true
2026-01-21 03:05:17.019 RedLemon[58317:480578] [AUTO_EXIT_CHECK] isLoading: false, isResolvingStream: false
2026-01-21 03:05:17.019 RedLemon[58317:480578] [AUTO_EXIT_CHECK] playbackFinished: false, isPlaying: true
2026-01-21 03:05:17.019 RedLemon[58317:480578] [AUTO_EXIT_CHECK] Position: 4343.802s / Duration: 5406.99s
2026-01-21 03:05:17.019 RedLemon[58317:480578] [AUTO_EXIT_CHECK] Checking EOF conditions...
2026-01-21 03:05:17.019 RedLemon[58317:480578] [AUTO_EXIT_CHECK] No exit condition met - continuing to monitor...
2026-01-21 03:05:18.067 RedLemon[58317:480578] [AUTO_EXIT_CHECK] isEventPlayback: true
2026-01-21 03:05:18.067 RedLemon[58317:480578] [AUTO_EXIT_CHECK] isLoading: false, isResolvingStream: false
2026-01-21 03:05:18.068 RedLemon[58317:480578] [AUTO_EXIT_CHECK] playbackFinished: false, isPlaying: true
2026-01-21 03:05:18.068 RedLemon[58317:480578] [AUTO_EXIT_CHECK] Position: 4344.678s / Duration: 5406.99s
2026-01-21 03:05:18.068 RedLemon[58317:480578] [AUTO_EXIT_CHECK] Checking EOF conditions...
2026-01-21 03:05:18.068 RedLemon[58317:480578] [AUTO_EXIT_CHECK] No exit condition met - continuing to monitor...
2026-01-21 03:05:18.986 RedLemon[58317:480578] [AUTO_EXIT_CHECK] isEventPlayback: true
2026-01-21 03:05:18.986 RedLemon[58317:480578] [AUTO_EXIT_CHECK] isLoading: false, isResolvingStream: false
2026-01-21 03:05:18.987 RedLemon[58317:480578] [AUTO_EXIT_CHECK] playbackFinished: false, isPlaying: true
2026-01-21 03:05:18.987 RedLemon[58317:480578] [AUTO_EXIT_CHECK] Position: 4345.554s / Duration: 5406.99s
2026-01-21 03:05:18.987 RedLemon[58317:480578] [AUTO_EXIT_CHECK] Checking EOF conditions...
2026-01-21 03:05:18.987 RedLemon[58317:480578] [AUTO_EXIT_CHECK] No exit condition met - continuing to monitor...
2026-01-21 03:05:19.986 RedLemon[58317:480578] [AUTO_EXIT_CHECK] isEventPlayback: true
2026-01-21 03:05:19.987 RedLemon[58317:480578] [AUTO_EXIT_CHECK] isLoading: false, isResolvingStream: false
2026-01-21 03:05:19.987 RedLemon[58317:480578] [AUTO_EXIT_CHECK] playbackFinished: false, isPlaying: true
2026-01-21 03:05:19.987 RedLemon[58317:480578] [AUTO_EXIT_CHECK] Position: 4346.721s / Duration: 5406.99s
2026-01-21 03:05:19.987 RedLemon[58317:480578] [AUTO_EXIT_CHECK] Checking EOF conditions...
2026-01-21 03:05:19.987 RedLemon[58317:480578] [AUTO_EXIT_CHECK] No exit condition met - continuing to monitor...
2026-01-21 03:05:20.989 RedLemon[58317:480578] [AUTO_EXIT_CHECK] isEventPlayback: true
2026-01-21 03:05:20.989 RedLemon[58317:480578] [AUTO_EXIT_CHECK] isLoading: false, isResolvingStream: false
2026-01-21 03:05:20.989 RedLemon[58317:480578] [AUTO_EXIT_CHECK] playbackFinished: false, isPlaying: true
2026-01-21 03:05:20.990 RedLemon[58317:480578] [AUTO_EXIT_CHECK] Position: 4347.598s / Duration: 5406.99s
2026-01-21 03:05:20.990 RedLemon[58317:480578] [AUTO_EXIT_CHECK] Checking EOF conditions...
2026-01-21 03:05:20.990 RedLemon[58317:480578] [AUTO_EXIT_CHECK] No exit condition met - continuing to monitor...
2026-01-21 03:05:22.073 RedLemon[58317:480578] [AUTO_EXIT_CHECK] isEventPlayback: true
2026-01-21 03:05:22.073 RedLemon[58317:480578] [AUTO_EXIT_CHECK] isLoading: false, isResolvingStream: false
2026-01-21 03:05:22.073 RedLemon[58317:480578] [AUTO_EXIT_CHECK] playbackFinished: false, isPlaying: true
2026-01-21 03:05:22.073 RedLemon[58317:480578] [AUTO_EXIT_CHECK] Position: 4348.766s / Duration: 5406.99s
2026-01-21 03:05:22.073 RedLemon[58317:480578] [AUTO_EXIT_CHECK] Checking EOF conditions...
2026-01-21 03:05:22.073 RedLemon[58317:480578] [AUTO_EXIT_CHECK] No exit condition met - continuing to monitor...
2026-01-21 03:05:22.118 RedLemon[58317:480703] 🔐 SupabaseClient: Signing Identity Payload: '1768982722656daa91-33b4-4688-9135-c982ea52d7c9/rpc/room_heartbeat'
2026-01-21 03:05:22.119 RedLemon[58317:480703] 🔐 Signed request to /rpc/room_heartbeat
2026-01-21 03:05:22.990 RedLemon[58317:480578] [AUTO_EXIT_CHECK] isEventPlayback: true
2026-01-21 03:05:22.990 RedLemon[58317:480578] [AUTO_EXIT_CHECK] isLoading: false, isResolvingStream: false
2026-01-21 03:05:22.990 RedLemon[58317:480578] [AUTO_EXIT_CHECK] playbackFinished: false, isPlaying: true
2026-01-21 03:05:22.990 RedLemon[58317:480578] [AUTO_EXIT_CHECK] Position: 4349.642s / Duration: 5406.99s
2026-01-21 03:05:22.991 RedLemon[58317:480578] [AUTO_EXIT_CHECK] Checking EOF conditions...
2026-01-21 03:05:22.991 RedLemon[58317:480578] [AUTO_EXIT_CHECK] No exit condition met - continuing to monitor...
2026-01-21 03:05:23.990 RedLemon[58317:480578] [AUTO_EXIT_CHECK] isEventPlayback: true
2026-01-21 03:05:23.990 RedLemon[58317:480578] [AUTO_EXIT_CHECK] isLoading: false, isResolvingStream: false
2026-01-21 03:05:23.990 RedLemon[58317:480578] [AUTO_EXIT_CHECK] playbackFinished: false, isPlaying: true
2026-01-21 03:05:23.990 RedLemon[58317:480578] [AUTO_EXIT_CHECK] Position: 4350.517s / Duration: 5406.99s
2026-01-21 03:05:23.990 RedLemon[58317:480578] [AUTO_EXIT_CHECK] Checking EOF conditions...
2026-01-21 03:05:23.990 RedLemon[58317:480578] [AUTO_EXIT_CHECK] No exit condition met - continuing to monitor...
2026-01-21 03:05:24.993 RedLemon[58317:480578] [AUTO_EXIT_CHECK] isEventPlayback: true
2026-01-21 03:05:24.993 RedLemon[58317:480578] [AUTO_EXIT_CHECK] isLoading: false, isResolvingStream: false
2026-01-21 03:05:24.993 RedLemon[58317:480578] [AUTO_EXIT_CHECK] playbackFinished: false, isPlaying: true
2026-01-21 03:05:24.993 RedLemon[58317:480578] [AUTO_EXIT_CHECK] Position: 4351.6849999999995s / Duration: 5406.99s
2026-01-21 03:05:24.994 RedLemon[58317:480578] [AUTO_EXIT_CHECK] Checking EOF conditions...
2026-01-21 03:05:24.994 RedLemon[58317:480578] [AUTO_EXIT_CHECK] No exit condition met - continuing to monitor...
2026-01-21 03:05:26.035 RedLemon[58317:480578] [AUTO_EXIT_CHECK] isEventPlayback: true
2026-01-21 03:05:26.035 RedLemon[58317:480578] [AUTO_EXIT_CHECK] isLoading: false, isResolvingStream: false
2026-01-21 03:05:26.035 RedLemon[58317:480578] [AUTO_EXIT_CHECK] playbackFinished: false, isPlaying: true
2026-01-21 03:05:26.035 RedLemon[58317:480578] [AUTO_EXIT_CHECK] Position: 4352.561s / Duration: 5406.99s
2026-01-21 03:05:26.035 RedLemon[58317:480578] [AUTO_EXIT_CHECK] Checking EOF conditions...
2026-01-21 03:05:26.036 RedLemon[58317:480578] [AUTO_EXIT_CHECK] No exit condition met - continuing to monitor...
2026-01-21 03:05:26.994 RedLemon[58317:480578] [AUTO_EXIT_CHECK] isEventPlayback: true
2026-01-21 03:05:26.995 RedLemon[58317:480578] [AUTO_EXIT_CHECK] isLoading: false, isResolvingStream: false
2026-01-21 03:05:26.995 RedLemon[58317:480578] [AUTO_EXIT_CHECK] playbackFinished: false, isPlaying: true
2026-01-21 03:05:26.995 RedLemon[58317:480578] [AUTO_EXIT_CHECK] Position: 4353.728999999999s / Duration: 5406.99s
2026-01-21 03:05:26.996 RedLemon[58317:480578] [AUTO_EXIT_CHECK] Checking EOF conditions...
2026-01-21 03:05:26.996 RedLemon[58317:480578] [AUTO_EXIT_CHECK] No exit condition met - continuing to monitor...
2026-01-21 03:05:27.995 RedLemon[58317:480578] [AUTO_EXIT_CHECK] isEventPlayback: true
2026-01-21 03:05:27.995 RedLemon[58317:480578] [AUTO_EXIT_CHECK] isLoading: false, isResolvingStream: false
2026-01-21 03:05:27.995 RedLemon[58317:480578] [AUTO_EXIT_CHECK] playbackFinished: false, isPlaying: true
2026-01-21 03:05:27.996 RedLemon[58317:480578] [AUTO_EXIT_CHECK] Position: 4354.603999999999s / Duration: 5406.99s
2026-01-21 03:05:27.996 RedLemon[58317:480578] [AUTO_EXIT_CHECK] Checking EOF conditions...
2026-01-21 03:05:27.996 RedLemon[58317:480578] [AUTO_EXIT_CHECK] No exit condition met - continuing to monitor...
2026-01-21 03:05:28.996 RedLemon[58317:480578] [AUTO_EXIT_CHECK] isEventPlayback: true
2026-01-21 03:05:28.996 RedLemon[58317:480578] [AUTO_EXIT_CHECK] isLoading: false, isResolvingStream: false
2026-01-21 03:05:28.996 RedLemon[58317:480578] [AUTO_EXIT_CHECK] playbackFinished: false, isPlaying: true
2026-01-21 03:05:28.996 RedLemon[58317:480578] [AUTO_EXIT_CHECK] Position: 4355.772s / Duration: 5406.99s
2026-01-21 03:05:28.997 RedLemon[58317:480578] [AUTO_EXIT_CHECK] Checking EOF conditions...
2026-01-21 03:05:28.997 RedLemon[58317:480578] [AUTO_EXIT_CHECK] No exit condition met - continuing to monitor...
2026-01-21 03:05:29.998 RedLemon[58317:480578] [AUTO_EXIT_CHECK] isEventPlayback: true
2026-01-21 03:05:29.998 RedLemon[58317:480578] [AUTO_EXIT_CHECK] isLoading: false, isResolvingStream: false
2026-01-21 03:05:29.998 RedLemon[58317:480578] [AUTO_EXIT_CHECK] playbackFinished: false, isPlaying: true
2026-01-21 03:05:29.999 RedLemon[58317:480578] [AUTO_EXIT_CHECK] Position: 4356.648s / Duration: 5406.99s
2026-01-21 03:05:29.999 RedLemon[58317:480578] [AUTO_EXIT_CHECK] Checking EOF conditions...
2026-01-21 03:05:29.999 RedLemon[58317:480578] [AUTO_EXIT_CHECK] No exit condition met - continuing to monitor...
2026-01-21 03:05:31.000 RedLemon[58317:480578] [AUTO_EXIT_CHECK] isEventPlayback: true
2026-01-21 03:05:31.000 RedLemon[58317:480578] [AUTO_EXIT_CHECK] isLoading: false, isResolvingStream: false
2026-01-21 03:05:31.000 RedLemon[58317:480578] [AUTO_EXIT_CHECK] playbackFinished: false, isPlaying: true
2026-01-21 03:05:31.000 RedLemon[58317:480578] [AUTO_EXIT_CHECK] Position: 4357.523999999999s / Duration: 5406.99s
2026-01-21 03:05:31.000 RedLemon[58317:480578] [AUTO_EXIT_CHECK] Checking EOF conditions...
2026-01-21 03:05:31.001 RedLemon[58317:480578] [AUTO_EXIT_CHECK] No exit condition met - continuing to monitor...
2026-01-21 03:05:32.041 RedLemon[58317:480578] [AUTO_EXIT_CHECK] isEventPlayback: true
2026-01-21 03:05:32.042 RedLemon[58317:480578] [AUTO_EXIT_CHECK] isLoading: false, isResolvingStream: false
2026-01-21 03:05:32.042 RedLemon[58317:480578] [AUTO_EXIT_CHECK] playbackFinished: false, isPlaying: true
2026-01-21 03:05:32.042 RedLemon[58317:480578] [AUTO_EXIT_CHECK] Position: 4358.692s / Duration: 5406.99s
2026-01-21 03:05:32.042 RedLemon[58317:480578] [AUTO_EXIT_CHECK] Checking EOF conditions...
2026-01-21 03:05:32.042 RedLemon[58317:480578] [AUTO_EXIT_CHECK] No exit condition met - continuing to monitor...
2026-01-21 03:05:33.000 RedLemon[58317:480578] [AUTO_EXIT_CHECK] isEventPlayback: true
2026-01-21 03:05:33.000 RedLemon[58317:480578] [AUTO_EXIT_CHECK] isLoading: false, isResolvingStream: false
2026-01-21 03:05:33.000 RedLemon[58317:480578] [AUTO_EXIT_CHECK] playbackFinished: false, isPlaying: true
2026-01-21 03:05:33.001 RedLemon[58317:480578] [AUTO_EXIT_CHECK] Position: 4359.568s / Duration: 5406.99s
2026-01-21 03:05:33.001 RedLemon[58317:480578] [AUTO_EXIT_CHECK] Checking EOF conditions...
2026-01-21 03:05:33.001 RedLemon[58317:480578] [AUTO_EXIT_CHECK] No exit condition met - continuing to monitor...
2026-01-21 03:05:33.961 RedLemon[58317:480578] [AUTO_EXIT_CHECK] isEventPlayback: true
2026-01-21 03:05:33.961 RedLemon[58317:480578] [AUTO_EXIT_CHECK] isLoading: false, isResolvingStream: false
2026-01-21 03:05:33.961 RedLemon[58317:480578] [AUTO_EXIT_CHECK] playbackFinished: false, isPlaying: true
2026-01-21 03:05:33.961 RedLemon[58317:480578] [AUTO_EXIT_CHECK] Position: 4360.736s / Duration: 5406.99s
2026-01-21 03:05:33.961 RedLemon[58317:480578] [AUTO_EXIT_CHECK] Checking EOF conditions...
2026-01-21 03:05:33.961 RedLemon[58317:480578] [AUTO_EXIT_CHECK] No exit condition met - continuing to monitor...
2026-01-21 03:05:35.002 RedLemon[58317:480578] [AUTO_EXIT_CHECK] isEventPlayback: true
2026-01-21 03:05:35.002 RedLemon[58317:480578] [AUTO_EXIT_CHECK] isLoading: false, isResolvingStream: false
2026-01-21 03:05:35.002 RedLemon[58317:480578] [AUTO_EXIT_CHECK] playbackFinished: false, isPlaying: true
2026-01-21 03:05:35.003 RedLemon[58317:480578] [AUTO_EXIT_CHECK] Position: 4361.611s / Duration: 5406.99s
2026-01-21 03:05:35.003 RedLemon[58317:480578] [AUTO_EXIT_CHECK] Checking EOF conditions...
2026-01-21 03:05:35.003 RedLemon[58317:480578] [AUTO_EXIT_CHECK] No exit condition met - continuing to monitor...
2026-01-21 03:05:36.046 RedLemon[58317:480578] [AUTO_EXIT_CHECK] isEventPlayback: true
2026-01-21 03:05:36.046 RedLemon[58317:480578] [AUTO_EXIT_CHECK] isLoading: false, isResolvingStream: false
2026-01-21 03:05:36.046 RedLemon[58317:480578] [AUTO_EXIT_CHECK] playbackFinished: false, isPlaying: true
2026-01-21 03:05:36.046 RedLemon[58317:480578] [AUTO_EXIT_CHECK] Position: 4362.78s / Duration: 5406.99s
2026-01-21 03:05:36.047 RedLemon[58317:480578] [AUTO_EXIT_CHECK] Checking EOF conditions...
2026-01-21 03:05:36.047 RedLemon[58317:480578] [AUTO_EXIT_CHECK] No exit condition met - continuing to monitor...
2026-01-21 03:05:36.963 RedLemon[58317:480578] [AUTO_EXIT_CHECK] isEventPlayback: true
2026-01-21 03:05:36.963 RedLemon[58317:480578] [AUTO_EXIT_CHECK] isLoading: false, isResolvingStream: false
2026-01-21 03:05:36.963 RedLemon[58317:480578] [AUTO_EXIT_CHECK] playbackFinished: false, isPlaying: true
2026-01-21 03:05:36.964 RedLemon[58317:480578] [AUTO_EXIT_CHECK] Position: 4363.655s / Duration: 5406.99s
2026-01-21 03:05:36.964 RedLemon[58317:480578] [AUTO_EXIT_CHECK] Checking EOF conditions...
2026-01-21 03:05:36.964 RedLemon[58317:480578] [AUTO_EXIT_CHECK] No exit condition met - continuing to monitor...
2026-01-21 03:05:37.964 RedLemon[58317:480578] [AUTO_EXIT_CHECK] isEventPlayback: true
2026-01-21 03:05:37.964 RedLemon[58317:480578] [AUTO_EXIT_CHECK] isLoading: false, isResolvingStream: false
2026-01-21 03:05:37.965 RedLemon[58317:480578] [AUTO_EXIT_CHECK] playbackFinished: false, isPlaying: true
2026-01-21 03:05:37.965 RedLemon[58317:480578] [AUTO_EXIT_CHECK] Position: 4364.531s / Duration: 5406.99s
2026-01-21 03:05:37.966 RedLemon[58317:480578] [AUTO_EXIT_CHECK] Checking EOF conditions...
2026-01-21 03:05:37.966 RedLemon[58317:480578] [AUTO_EXIT_CHECK] No exit condition met - continuing to monitor...
2026-01-21 03:05:38.965 RedLemon[58317:480578] [AUTO_EXIT_CHECK] isEventPlayback: true
2026-01-21 03:05:38.965 RedLemon[58317:480578] [AUTO_EXIT_CHECK] isLoading: false, isResolvingStream: false
2026-01-21 03:05:38.965 RedLemon[58317:480578] [AUTO_EXIT_CHECK] playbackFinished: false, isPlaying: true
2026-01-21 03:05:38.966 RedLemon[58317:480578] [AUTO_EXIT_CHECK] Position: 4365.699s / Duration: 5406.99s
2026-01-21 03:05:38.966 RedLemon[58317:480578] [AUTO_EXIT_CHECK] Checking EOF conditions...
2026-01-21 03:05:38.966 RedLemon[58317:480578] [AUTO_EXIT_CHECK] No exit condition met - continuing to monitor...
2026-01-21 03:05:39.966 RedLemon[58317:480578] [AUTO_EXIT_CHECK] isEventPlayback: true
2026-01-21 03:05:39.966 RedLemon[58317:480578] [AUTO_EXIT_CHECK] isLoading: false, isResolvingStream: false
2026-01-21 03:05:39.966 RedLemon[58317:480578] [AUTO_EXIT_CHECK] playbackFinished: false, isPlaying: true
2026-01-21 03:05:39.966 RedLemon[58317:480578] [AUTO_EXIT_CHECK] Position: 4366.575s / Duration: 5406.99s
2026-01-21 03:05:39.966 RedLemon[58317:480578] [AUTO_EXIT_CHECK] Checking EOF conditions...
2026-01-21 03:05:39.966 RedLemon[58317:480578] [AUTO_EXIT_CHECK] No exit condition met - continuing to monitor...
2026-01-21 03:05:41.094 RedLemon[58317:480578] [AUTO_EXIT_CHECK] isEventPlayback: true
2026-01-21 03:05:41.094 RedLemon[58317:480578] [AUTO_EXIT_CHECK] isLoading: false, isResolvingStream: false
2026-01-21 03:05:41.094 RedLemon[58317:480578] [AUTO_EXIT_CHECK] playbackFinished: false, isPlaying: true
2026-01-21 03:05:41.095 RedLemon[58317:480578] [AUTO_EXIT_CHECK] Position: 4367.7429999999995s / Duration: 5406.99s
2026-01-21 03:05:41.095 RedLemon[58317:480578] [AUTO_EXIT_CHECK] Checking EOF conditions...
2026-01-21 03:05:41.095 RedLemon[58317:480578] [AUTO_EXIT_CHECK] No exit condition met - continuing to monitor...
2026-01-21 03:05:41.968 RedLemon[58317:480578] [AUTO_EXIT_CHECK] isEventPlayback: true
2026-01-21 03:05:41.969 RedLemon[58317:480578] [AUTO_EXIT_CHECK] isLoading: false, isResolvingStream: false
2026-01-21 03:05:41.969 RedLemon[58317:480578] [AUTO_EXIT_CHECK] playbackFinished: false, isPlaying: true
2026-01-21 03:05:41.969 RedLemon[58317:480578] [AUTO_EXIT_CHECK] Position: 4368.619s / Duration: 5406.99s
2026-01-21 03:05:41.969 RedLemon[58317:480578] [AUTO_EXIT_CHECK] Checking EOF conditions...
2026-01-21 03:05:41.969 RedLemon[58317:480578] [AUTO_EXIT_CHECK] No exit condition met - continuing to monitor...
2026-01-21 03:05:42.970 RedLemon[58317:480578] [AUTO_EXIT_CHECK] isEventPlayback: true
2026-01-21 03:05:42.971 RedLemon[58317:480578] [AUTO_EXIT_CHECK] isLoading: false, isResolvingStream: false
2026-01-21 03:05:42.971 RedLemon[58317:480578] [AUTO_EXIT_CHECK] playbackFinished: false, isPlaying: true
2026-01-21 03:05:42.971 RedLemon[58317:480578] [AUTO_EXIT_CHECK] Position: 4369.494s / Duration: 5406.99s
2026-01-21 03:05:42.971 RedLemon[58317:480578] [AUTO_EXIT_CHECK] Checking EOF conditions...
2026-01-21 03:05:42.971 RedLemon[58317:480578] [AUTO_EXIT_CHECK] No exit condition met - continuing to monitor...
2026-01-21 03:05:43.971 RedLemon[58317:480578] [AUTO_EXIT_CHECK] isEventPlayback: true
2026-01-21 03:05:43.971 RedLemon[58317:480578] [AUTO_EXIT_CHECK] isLoading: false, isResolvingStream: false
2026-01-21 03:05:43.971 RedLemon[58317:480578] [AUTO_EXIT_CHECK] playbackFinished: false, isPlaying: true
2026-01-21 03:05:43.971 RedLemon[58317:480578] [AUTO_EXIT_CHECK] Position: 4370.663s / Duration: 5406.99s
2026-01-21 03:05:43.971 RedLemon[58317:480578] [AUTO_EXIT_CHECK] Checking EOF conditions...
2026-01-21 03:05:43.971 RedLemon[58317:480578] [AUTO_EXIT_CHECK] No exit condition met - continuing to monitor...
2026-01-21 03:05:45.054 RedLemon[58317:480578] [AUTO_EXIT_CHECK] isEventPlayback: true
2026-01-21 03:05:45.054 RedLemon[58317:480578] [AUTO_EXIT_CHECK] isLoading: false, isResolvingStream: false
2026-01-21 03:05:45.054 RedLemon[58317:480578] [AUTO_EXIT_CHECK] playbackFinished: false, isPlaying: true
2026-01-21 03:05:45.055 RedLemon[58317:480578] [AUTO_EXIT_CHECK] Position: 4371.83s / Duration: 5406.99s
2026-01-21 03:05:45.055 RedLemon[58317:480578] [AUTO_EXIT_CHECK] Checking EOF conditions...
2026-01-21 03:05:45.055 RedLemon[58317:480578] [AUTO_EXIT_CHECK] No exit condition met - continuing to monitor...
2026-01-21 03:05:46.013 RedLemon[58317:480578] [AUTO_EXIT_CHECK] isEventPlayback: true
2026-01-21 03:05:46.013 RedLemon[58317:480578] [AUTO_EXIT_CHECK] isLoading: false, isResolvingStream: false
2026-01-21 03:05:46.014 RedLemon[58317:480578] [AUTO_EXIT_CHECK] playbackFinished: false, isPlaying: true
2026-01-21 03:05:46.014 RedLemon[58317:480578] [AUTO_EXIT_CHECK] Position: 4372.706s / Duration: 5406.99s
2026-01-21 03:05:46.014 RedLemon[58317:480578] [AUTO_EXIT_CHECK] Checking EOF conditions...
2026-01-21 03:05:46.014 RedLemon[58317:480578] [AUTO_EXIT_CHECK] No exit condition met - continuing to monitor...
2026-01-21 03:05:46.973 RedLemon[58317:480578] [AUTO_EXIT_CHECK] isEventPlayback: true
2026-01-21 03:05:46.973 RedLemon[58317:480578] [AUTO_EXIT_CHECK] isLoading: false, isResolvingStream: false
2026-01-21 03:05:46.973 RedLemon[58317:480578] [AUTO_EXIT_CHECK] playbackFinished: false, isPlaying: true
2026-01-21 03:05:46.974 RedLemon[58317:480578] [AUTO_EXIT_CHECK] Position: 4373.581s / Duration: 5406.99s
2026-01-21 03:05:46.974 RedLemon[58317:480578] [AUTO_EXIT_CHECK] Checking EOF conditions...
2026-01-21 03:05:46.974 RedLemon[58317:480578] [AUTO_EXIT_CHECK] No exit condition met - continuing to monitor...
2026-01-21 03:05:47.974 RedLemon[58317:480578] [AUTO_EXIT_CHECK] isEventPlayback: true
2026-01-21 03:05:47.974 RedLemon[58317:480578] [AUTO_EXIT_CHECK] isLoading: false, isResolvingStream: false
2026-01-21 03:05:47.974 RedLemon[58317:480578] [AUTO_EXIT_CHECK] playbackFinished: false, isPlaying: true
2026-01-21 03:05:47.975 RedLemon[58317:480578] [AUTO_EXIT_CHECK] Position: 4374.75s / Duration: 5406.99s
2026-01-21 03:05:47.975 RedLemon[58317:480578] [AUTO_EXIT_CHECK] Checking EOF conditions...
2026-01-21 03:05:47.975 RedLemon[58317:480578] [AUTO_EXIT_CHECK] No exit condition met - continuing to monitor...
2026-01-21 03:05:48.975 RedLemon[58317:480578] [AUTO_EXIT_CHECK] isEventPlayback: true
2026-01-21 03:05:48.975 RedLemon[58317:480578] [AUTO_EXIT_CHECK] isLoading: false, isResolvingStream: false
2026-01-21 03:05:48.975 RedLemon[58317:480578] [AUTO_EXIT_CHECK] playbackFinished: false, isPlaying: true
2026-01-21 03:05:48.975 RedLemon[58317:480578] [AUTO_EXIT_CHECK] Position: 4375.625s / Duration: 5406.99s
2026-01-21 03:05:48.975 RedLemon[58317:480578] [AUTO_EXIT_CHECK] Checking EOF conditions...
2026-01-21 03:05:48.975 RedLemon[58317:480578] [AUTO_EXIT_CHECK] No exit condition met - continuing to monitor...
2026-01-21 03:05:50.060 RedLemon[58317:480578] [AUTO_EXIT_CHECK] isEventPlayback: true
2026-01-21 03:05:50.060 RedLemon[58317:480578] [AUTO_EXIT_CHECK] isLoading: false, isResolvingStream: false
2026-01-21 03:05:50.060 RedLemon[58317:480578] [AUTO_EXIT_CHECK] playbackFinished: false, isPlaying: true
2026-01-21 03:05:50.060 RedLemon[58317:480578] [AUTO_EXIT_CHECK] Position: 4376.793s / Duration: 5406.99s
2026-01-21 03:05:50.060 RedLemon[58317:480578] [AUTO_EXIT_CHECK] Checking EOF conditions...
2026-01-21 03:05:50.060 RedLemon[58317:480578] [AUTO_EXIT_CHECK] No exit condition met - continuing to monitor...
2026-01-21 03:05:50.978 RedLemon[58317:480578] [AUTO_EXIT_CHECK] isEventPlayback: true
2026-01-21 03:05:50.978 RedLemon[58317:480578] [AUTO_EXIT_CHECK] isLoading: false, isResolvingStream: false
2026-01-21 03:05:50.978 RedLemon[58317:480578] [AUTO_EXIT_CHECK] playbackFinished: false, isPlaying: true
2026-01-21 03:05:50.978 RedLemon[58317:480578] [AUTO_EXIT_CHECK] Position: 4377.669s / Duration: 5406.99s
2026-01-21 03:05:50.979 RedLemon[58317:480578] [AUTO_EXIT_CHECK] Checking EOF conditions...
2026-01-21 03:05:50.979 RedLemon[58317:480578] [AUTO_EXIT_CHECK] No exit condition met - continuing to monitor...
2026-01-21 03:05:51.980 RedLemon[58317:480578] [AUTO_EXIT_CHECK] isEventPlayback: true
2026-01-21 03:05:51.980 RedLemon[58317:480578] [AUTO_EXIT_CHECK] isLoading: false, isResolvingStream: false
2026-01-21 03:05:51.980 RedLemon[58317:480578] [AUTO_EXIT_CHECK] playbackFinished: false, isPlaying: true
2026-01-21 03:05:51.980 RedLemon[58317:480578] [AUTO_EXIT_CHECK] Position: 4378.545s / Duration: 5406.99s
2026-01-21 03:05:51.980 RedLemon[58317:480578] [AUTO_EXIT_CHECK] Checking EOF conditions...
2026-01-21 03:05:51.981 RedLemon[58317:480578] [AUTO_EXIT_CHECK] No exit condition met - continuing to monitor...
2026-01-21 03:05:52.313 RedLemon[58317:480651] 🔐 SupabaseClient: Signing Identity Payload: '1768982752656daa91-33b4-4688-9135-c982ea52d7c9/rpc/room_heartbeat'
2026-01-21 03:05:52.314 RedLemon[58317:480651] 🔐 Signed request to /rpc/room_heartbeat
2026-01-21 03:05:52.978 RedLemon[58317:480578] [AUTO_EXIT_CHECK] isEventPlayback: true
2026-01-21 03:05:52.978 RedLemon[58317:480578] [AUTO_EXIT_CHECK] isLoading: false, isResolvingStream: false
2026-01-21 03:05:52.979 RedLemon[58317:480578] [AUTO_EXIT_CHECK] playbackFinished: false, isPlaying: true
2026-01-21 03:05:52.979 RedLemon[58317:480578] [AUTO_EXIT_CHECK] Position: 4379.713s / Duration: 5406.99s
2026-01-21 03:05:52.979 RedLemon[58317:480578] [AUTO_EXIT_CHECK] Checking EOF conditions...
2026-01-21 03:05:52.979 RedLemon[58317:480578] [AUTO_EXIT_CHECK] No exit condition met - continuing to monitor...
2026-01-21 03:05:54.023 RedLemon[58317:480578] [AUTO_EXIT_CHECK] isEventPlayback: true
2026-01-21 03:05:54.023 RedLemon[58317:480578] [AUTO_EXIT_CHECK] isLoading: false, isResolvingStream: false
2026-01-21 03:05:54.023 RedLemon[58317:480578] [AUTO_EXIT_CHECK] playbackFinished: false, isPlaying: true
2026-01-21 03:05:54.024 RedLemon[58317:480578] [AUTO_EXIT_CHECK] Position: 4380.589s / Duration: 5406.99s
2026-01-21 03:05:54.024 RedLemon[58317:480578] [AUTO_EXIT_CHECK] Checking EOF conditions...
2026-01-21 03:05:54.024 RedLemon[58317:480578] [AUTO_EXIT_CHECK] No exit condition met - continuing to monitor...
2026-01-21 03:05:55.023 RedLemon[58317:480578] [AUTO_EXIT_CHECK] isEventPlayback: true
2026-01-21 03:05:55.023 RedLemon[58317:480578] [AUTO_EXIT_CHECK] isLoading: false, isResolvingStream: false
2026-01-21 03:05:55.023 RedLemon[58317:480578] [AUTO_EXIT_CHECK] playbackFinished: false, isPlaying: true
2026-01-21 03:05:55.023 RedLemon[58317:480578] [AUTO_EXIT_CHECK] Position: 4381.755999999999s / Duration: 5406.99s
2026-01-21 03:05:55.023 RedLemon[58317:480578] [AUTO_EXIT_CHECK] Checking EOF conditions...
2026-01-21 03:05:55.023 RedLemon[58317:480578] [AUTO_EXIT_CHECK] No exit condition met - continuing to monitor...
2026-01-21 03:05:55.983 RedLemon[58317:480578] [AUTO_EXIT_CHECK] isEventPlayback: true
2026-01-21 03:05:55.983 RedLemon[58317:480578] [AUTO_EXIT_CHECK] isLoading: false, isResolvingStream: false
2026-01-21 03:05:55.983 RedLemon[58317:480578] [AUTO_EXIT_CHECK] playbackFinished: false, isPlaying: true
2026-01-21 03:05:55.984 RedLemon[58317:480578] [AUTO_EXIT_CHECK] Position: 4382.633s / Duration: 5406.99s
2026-01-21 03:05:55.984 RedLemon[58317:480578] [AUTO_EXIT_CHECK] Checking EOF conditions...
2026-01-21 03:05:55.984 RedLemon[58317:480578] [AUTO_EXIT_CHECK] No exit condition met - continuing to monitor...
2026-01-21 03:05:56.984 RedLemon[58317:480578] [AUTO_EXIT_CHECK] isEventPlayback: true
2026-01-21 03:05:56.984 RedLemon[58317:480578] [AUTO_EXIT_CHECK] isLoading: false, isResolvingStream: false
2026-01-21 03:05:56.984 RedLemon[58317:480578] [AUTO_EXIT_CHECK] playbackFinished: false, isPlaying: true
2026-01-21 03:05:56.984 RedLemon[58317:480578] [AUTO_EXIT_CHECK] Position: 4383.509s / Duration: 5406.99s
2026-01-21 03:05:56.984 RedLemon[58317:480578] [AUTO_EXIT_CHECK] Checking EOF conditions...
2026-01-21 03:05:56.985 RedLemon[58317:480578] [AUTO_EXIT_CHECK] No exit condition met - continuing to monitor...
2026-01-21 03:05:57.984 RedLemon[58317:480578] [AUTO_EXIT_CHECK] isEventPlayback: true
2026-01-21 03:05:57.985 RedLemon[58317:480578] [AUTO_EXIT_CHECK] isLoading: false, isResolvingStream: false
2026-01-21 03:05:57.985 RedLemon[58317:480578] [AUTO_EXIT_CHECK] playbackFinished: false, isPlaying: true
2026-01-21 03:05:57.986 RedLemon[58317:480578] [AUTO_EXIT_CHECK] Position: 4384.6759999999995s / Duration: 5406.99s
2026-01-21 03:05:57.986 RedLemon[58317:480578] [AUTO_EXIT_CHECK] Checking EOF conditions...
2026-01-21 03:05:57.986 RedLemon[58317:480578] [AUTO_EXIT_CHECK] No exit condition met - continuing to monitor...
2026-01-21 03:05:59.070 RedLemon[58317:480578] [AUTO_EXIT_CHECK] isEventPlayback: true
2026-01-21 03:05:59.070 RedLemon[58317:480578] [AUTO_EXIT_CHECK] isLoading: false, isResolvingStream: false
2026-01-21 03:05:59.070 RedLemon[58317:480578] [AUTO_EXIT_CHECK] playbackFinished: false, isPlaying: true
2026-01-21 03:05:59.070 RedLemon[58317:480578] [AUTO_EXIT_CHECK] Position: 4385.845s / Duration: 5406.99s
2026-01-21 03:05:59.071 RedLemon[58317:480578] [AUTO_EXIT_CHECK] Checking EOF conditions...
2026-01-21 03:05:59.071 RedLemon[58317:480578] [AUTO_EXIT_CHECK] No exit condition met - continuing to monitor...
2026-01-21 03:06:00.029 RedLemon[58317:480578] [AUTO_EXIT_CHECK] isEventPlayback: true
2026-01-21 03:06:00.029 RedLemon[58317:480578] [AUTO_EXIT_CHECK] isLoading: false, isResolvingStream: false
2026-01-21 03:06:00.029 RedLemon[58317:480578] [AUTO_EXIT_CHECK] playbackFinished: false, isPlaying: true
2026-01-21 03:06:00.029 RedLemon[58317:480578] [AUTO_EXIT_CHECK] Position: 4386.72s / Duration: 5406.99s
2026-01-21 03:06:00.029 RedLemon[58317:480578] [AUTO_EXIT_CHECK] Checking EOF conditions...
2026-01-21 03:06:00.030 RedLemon[58317:480578] [AUTO_EXIT_CHECK] No exit condition met - continuing to monitor...
2026-01-21 03:06:00.989 RedLemon[58317:480578] [AUTO_EXIT_CHECK] isEventPlayback: true
2026-01-21 03:06:00.990 RedLemon[58317:480578] [AUTO_EXIT_CHECK] isLoading: false, isResolvingStream: false
2026-01-21 03:06:00.990 RedLemon[58317:480578] [AUTO_EXIT_CHECK] playbackFinished: false, isPlaying: true
2026-01-21 03:06:00.990 RedLemon[58317:480578] [AUTO_EXIT_CHECK] Position: 4387.596s / Duration: 5406.99s
2026-01-21 03:06:00.990 RedLemon[58317:480578] [AUTO_EXIT_CHECK] Checking EOF conditions...
2026-01-21 03:06:00.990 RedLemon[58317:480578] [AUTO_EXIT_CHECK] No exit condition met - continuing to monitor...
2026-01-21 03:06:01.989 RedLemon[58317:480578] [AUTO_EXIT_CHECK] isEventPlayback: true
2026-01-21 03:06:01.989 RedLemon[58317:480578] [AUTO_EXIT_CHECK] isLoading: false, isResolvingStream: false
2026-01-21 03:06:01.989 RedLemon[58317:480578] [AUTO_EXIT_CHECK] playbackFinished: false, isPlaying: true
2026-01-21 03:06:01.989 RedLemon[58317:480578] [AUTO_EXIT_CHECK] Position: 4388.764s / Duration: 5406.99s
2026-01-21 03:06:01.990 RedLemon[58317:480578] [AUTO_EXIT_CHECK] Checking EOF conditions...
2026-01-21 03:06:01.990 RedLemon[58317:480578] [AUTO_EXIT_CHECK] No exit condition met - continuing to monitor...
2026-01-21 03:06:03.033 RedLemon[58317:480578] [AUTO_EXIT_CHECK] isEventPlayback: true
2026-01-21 03:06:03.033 RedLemon[58317:480578] [AUTO_EXIT_CHECK] isLoading: false, isResolvingStream: false
2026-01-21 03:06:03.033 RedLemon[58317:480578] [AUTO_EXIT_CHECK] playbackFinished: false, isPlaying: true
2026-01-21 03:06:03.033 RedLemon[58317:480578] [AUTO_EXIT_CHECK] Position: 4389.639999999999s / Duration: 5406.99s
2026-01-21 03:06:03.033 RedLemon[58317:480578] [AUTO_EXIT_CHECK] Checking EOF conditions...
2026-01-21 03:06:03.034 RedLemon[58317:480578] [AUTO_EXIT_CHECK] No exit condition met - continuing to monitor...
2026-01-21 03:06:04.075 RedLemon[58317:480578] [AUTO_EXIT_CHECK] isEventPlayback: true
2026-01-21 03:06:04.075 RedLemon[58317:480578] [AUTO_EXIT_CHECK] isLoading: false, isResolvingStream: false
2026-01-21 03:06:04.075 RedLemon[58317:480578] [AUTO_EXIT_CHECK] playbackFinished: false, isPlaying: true
2026-01-21 03:06:04.076 RedLemon[58317:480578] [AUTO_EXIT_CHECK] Position: 4390.808s / Duration: 5406.99s
2026-01-21 03:06:04.076 RedLemon[58317:480578] [AUTO_EXIT_CHECK] Checking EOF conditions...
2026-01-21 03:06:04.076 RedLemon[58317:480578] [AUTO_EXIT_CHECK] No exit condition met - continuing to monitor...
2026-01-21 03:06:04.994 RedLemon[58317:480578] [AUTO_EXIT_CHECK] isEventPlayback: true
2026-01-21 03:06:04.994 RedLemon[58317:480578] [AUTO_EXIT_CHECK] isLoading: false, isResolvingStream: false
2026-01-21 03:06:04.994 RedLemon[58317:480578] [AUTO_EXIT_CHECK] playbackFinished: false, isPlaying: true
2026-01-21 03:06:04.995 RedLemon[58317:480578] [AUTO_EXIT_CHECK] Position: 4391.684s / Duration: 5406.99s
2026-01-21 03:06:04.995 RedLemon[58317:480578] [AUTO_EXIT_CHECK] Checking EOF conditions...
2026-01-21 03:06:04.995 RedLemon[58317:480578] [AUTO_EXIT_CHECK] No exit condition met - continuing to monitor...
2026-01-21 03:06:05.993 RedLemon[58317:480578] [AUTO_EXIT_CHECK] isEventPlayback: true
2026-01-21 03:06:05.993 RedLemon[58317:480578] [AUTO_EXIT_CHECK] isLoading: false, isResolvingStream: false
2026-01-21 03:06:05.994 RedLemon[58317:480578] [AUTO_EXIT_CHECK] playbackFinished: false, isPlaying: true
2026-01-21 03:06:05.994 RedLemon[58317:480578] [AUTO_EXIT_CHECK] Position: 4392.5599999999995s / Duration: 5406.99s
2026-01-21 03:06:05.994 RedLemon[58317:480578] [AUTO_EXIT_CHECK] Checking EOF conditions...
2026-01-21 03:06:05.994 RedLemon[58317:480578] [AUTO_EXIT_CHECK] No exit condition met - continuing to monitor...
2026-01-21 03:06:06.994 RedLemon[58317:480578] [AUTO_EXIT_CHECK] isEventPlayback: true
2026-01-21 03:06:06.995 RedLemon[58317:480578] [AUTO_EXIT_CHECK] isLoading: false, isResolvingStream: false
2026-01-21 03:06:06.995 RedLemon[58317:480578] [AUTO_EXIT_CHECK] playbackFinished: false, isPlaying: true
2026-01-21 03:06:06.995 RedLemon[58317:480578] [AUTO_EXIT_CHECK] Position: 4393.727s / Duration: 5406.99s
2026-01-21 03:06:06.995 RedLemon[58317:480578] [AUTO_EXIT_CHECK] Checking EOF conditions...
2026-01-21 03:06:06.995 RedLemon[58317:480578] [AUTO_EXIT_CHECK] No exit condition met - continuing to monitor...
2026-01-21 03:06:08.036 RedLemon[58317:480578] [AUTO_EXIT_CHECK] isEventPlayback: true
2026-01-21 03:06:08.036 RedLemon[58317:480578] [AUTO_EXIT_CHECK] isLoading: false, isResolvingStream: false
2026-01-21 03:06:08.037 RedLemon[58317:480578] [AUTO_EXIT_CHECK] playbackFinished: false, isPlaying: true
2026-01-21 03:06:08.037 RedLemon[58317:480578] [AUTO_EXIT_CHECK] Position: 4394.603s / Duration: 5406.99s
2026-01-21 03:06:08.037 RedLemon[58317:480578] [AUTO_EXIT_CHECK] Checking EOF conditions...
2026-01-21 03:06:08.038 RedLemon[58317:480578] [AUTO_EXIT_CHECK] No exit condition met - continuing to monitor...
2026-01-21 03:06:08.996 RedLemon[58317:480578] [AUTO_EXIT_CHECK] isEventPlayback: true
2026-01-21 03:06:08.997 RedLemon[58317:480578] [AUTO_EXIT_CHECK] isLoading: false, isResolvingStream: false
2026-01-21 03:06:08.997 RedLemon[58317:480578] [AUTO_EXIT_CHECK] playbackFinished: false, isPlaying: true
2026-01-21 03:06:08.997 RedLemon[58317:480578] [AUTO_EXIT_CHECK] Position: 4395.771s / Duration: 5406.99s
2026-01-21 03:06:08.997 RedLemon[58317:480578] [AUTO_EXIT_CHECK] Checking EOF conditions...
2026-01-21 03:06:08.997 RedLemon[58317:480578] [AUTO_EXIT_CHECK] No exit condition met - continuing to monitor...
2026-01-21 03:06:09.999 RedLemon[58317:480578] [AUTO_EXIT_CHECK] isEventPlayback: true
2026-01-21 03:06:09.999 RedLemon[58317:480578] [AUTO_EXIT_CHECK] isLoading: false, isResolvingStream: false
2026-01-21 03:06:09.999 RedLemon[58317:480578] [AUTO_EXIT_CHECK] playbackFinished: false, isPlaying: true
2026-01-21 03:06:09.999 RedLemon[58317:480578] [AUTO_EXIT_CHECK] Position: 4396.647s / Duration: 5406.99s
2026-01-21 03:06:09.999 RedLemon[58317:480578] [AUTO_EXIT_CHECK] Checking EOF conditions...
2026-01-21 03:06:09.999 RedLemon[58317:480578] [AUTO_EXIT_CHECK] No exit condition met - continuing to monitor...
2026-01-21 03:06:10.998 RedLemon[58317:480578] [AUTO_EXIT_CHECK] isEventPlayback: true
2026-01-21 03:06:10.998 RedLemon[58317:480578] [AUTO_EXIT_CHECK] isLoading: false, isResolvingStream: false
2026-01-21 03:06:10.998 RedLemon[58317:480578] [AUTO_EXIT_CHECK] playbackFinished: false, isPlaying: true
2026-01-21 03:06:10.998 RedLemon[58317:480578] [AUTO_EXIT_CHECK] Position: 4397.523s / Duration: 5406.99s
2026-01-21 03:06:10.999 RedLemon[58317:480578] [AUTO_EXIT_CHECK] Checking EOF conditions...
2026-01-21 03:06:10.999 RedLemon[58317:480578] [AUTO_EXIT_CHECK] No exit condition met - continuing to monitor...
2026-01-21 03:06:11.998 RedLemon[58317:480578] [AUTO_EXIT_CHECK] isEventPlayback: true
2026-01-21 03:06:11.998 RedLemon[58317:480578] [AUTO_EXIT_CHECK] isLoading: false, isResolvingStream: false
2026-01-21 03:06:11.999 RedLemon[58317:480578] [AUTO_EXIT_CHECK] playbackFinished: false, isPlaying: true
2026-01-21 03:06:11.999 RedLemon[58317:480578] [AUTO_EXIT_CHECK] Position: 4398.69s / Duration: 5406.99s
2026-01-21 03:06:11.999 RedLemon[58317:480578] [AUTO_EXIT_CHECK] Checking EOF conditions...
2026-01-21 03:06:11.999 RedLemon[58317:480578] [AUTO_EXIT_CHECK] No exit condition met - continuing to monitor...
2026-01-21 03:06:13.085 RedLemon[58317:480578] [AUTO_EXIT_CHECK] isEventPlayback: true
2026-01-21 03:06:13.085 RedLemon[58317:480578] [AUTO_EXIT_CHECK] isLoading: false, isResolvingStream: false
2026-01-21 03:06:13.085 RedLemon[58317:480578] [AUTO_EXIT_CHECK] playbackFinished: false, isPlaying: true
2026-01-21 03:06:13.085 RedLemon[58317:480578] [AUTO_EXIT_CHECK] Position: 4399.858s / Duration: 5406.99s
2026-01-21 03:06:13.085 RedLemon[58317:480578] [AUTO_EXIT_CHECK] Checking EOF conditions...
2026-01-21 03:06:13.085 RedLemon[58317:480578] [AUTO_EXIT_CHECK] No exit condition met - continuing to monitor...
2026-01-21 03:06:14.125 RedLemon[58317:480578] [AUTO_EXIT_CHECK] isEventPlayback: true
2026-01-21 03:06:14.126 RedLemon[58317:480578] [AUTO_EXIT_CHECK] isLoading: false, isResolvingStream: false
2026-01-21 03:06:14.126 RedLemon[58317:480578] [AUTO_EXIT_CHECK] playbackFinished: false, isPlaying: true
2026-01-21 03:06:14.126 RedLemon[58317:480578] [AUTO_EXIT_CHECK] Position: 4400.7339999999995s / Duration: 5406.99s
2026-01-21 03:06:14.126 RedLemon[58317:480578] [AUTO_EXIT_CHECK] Checking EOF conditions...
2026-01-21 03:06:14.126 RedLemon[58317:480578] [AUTO_EXIT_CHECK] No exit condition met - continuing to monitor...
2026-01-21 03:06:15.004 RedLemon[58317:480578] [AUTO_EXIT_CHECK] isEventPlayback: true
2026-01-21 03:06:15.004 RedLemon[58317:480578] [AUTO_EXIT_CHECK] isLoading: false, isResolvingStream: false
2026-01-21 03:06:15.004 RedLemon[58317:480578] [AUTO_EXIT_CHECK] playbackFinished: false, isPlaying: true
2026-01-21 03:06:15.004 RedLemon[58317:480578] [AUTO_EXIT_CHECK] Position: 4401.61s / Duration: 5406.99s
2026-01-21 03:06:15.004 RedLemon[58317:480578] [AUTO_EXIT_CHECK] Checking EOF conditions...
2026-01-21 03:06:15.004 RedLemon[58317:480578] [AUTO_EXIT_CHECK] No exit condition met - continuing to monitor...
2026-01-21 03:06:16.004 RedLemon[58317:480578] [AUTO_EXIT_CHECK] isEventPlayback: true
2026-01-21 03:06:16.004 RedLemon[58317:480578] [AUTO_EXIT_CHECK] isLoading: false, isResolvingStream: false
2026-01-21 03:06:16.004 RedLemon[58317:480578] [AUTO_EXIT_CHECK] playbackFinished: false, isPlaying: true
2026-01-21 03:06:16.004 RedLemon[58317:480578] [AUTO_EXIT_CHECK] Position: 4402.778s / Duration: 5406.99s
2026-01-21 03:06:16.004 RedLemon[58317:480578] [AUTO_EXIT_CHECK] Checking EOF conditions...
2026-01-21 03:06:16.005 RedLemon[58317:480578] [AUTO_EXIT_CHECK] No exit condition met - continuing to monitor...
2026-01-21 03:06:17.003 RedLemon[58317:480578] [AUTO_EXIT_CHECK] isEventPlayback: true
2026-01-21 03:06:17.003 RedLemon[58317:480578] [AUTO_EXIT_CHECK] isLoading: false, isResolvingStream: false
2026-01-21 03:06:17.004 RedLemon[58317:480578] [AUTO_EXIT_CHECK] playbackFinished: false, isPlaying: true
2026-01-21 03:06:17.004 RedLemon[58317:480578] [AUTO_EXIT_CHECK] Position: 4403.653s / Duration: 5406.99s
2026-01-21 03:06:17.004 RedLemon[58317:480578] [AUTO_EXIT_CHECK] Checking EOF conditions...
2026-01-21 03:06:17.004 RedLemon[58317:480578] [AUTO_EXIT_CHECK] No exit condition met - continuing to monitor...
2026-01-21 03:06:18.007 RedLemon[58317:480578] [AUTO_EXIT_CHECK] isEventPlayback: true
2026-01-21 03:06:18.007 RedLemon[58317:480578] [AUTO_EXIT_CHECK] isLoading: false, isResolvingStream: false
2026-01-21 03:06:18.007 RedLemon[58317:480578] [AUTO_EXIT_CHECK] playbackFinished: false, isPlaying: true
2026-01-21 03:06:18.007 RedLemon[58317:480578] [AUTO_EXIT_CHECK] Position: 4404.5289999999995s / Duration: 5406.99s
2026-01-21 03:06:18.007 RedLemon[58317:480578] [AUTO_EXIT_CHECK] Checking EOF conditions...
2026-01-21 03:06:18.007 RedLemon[58317:480578] [AUTO_EXIT_CHECK] No exit condition met - continuing to monitor...
2026-01-21 03:06:18.965 RedLemon[58317:480578] [AUTO_EXIT_CHECK] isEventPlayback: true
2026-01-21 03:06:18.965 RedLemon[58317:480578] [AUTO_EXIT_CHECK] isLoading: false, isResolvingStream: false
2026-01-21 03:06:18.965 RedLemon[58317:480578] [AUTO_EXIT_CHECK] playbackFinished: false, isPlaying: true
2026-01-21 03:06:18.965 RedLemon[58317:480578] [AUTO_EXIT_CHECK] Position: 4405.697999999999s / Duration: 5406.99s
2026-01-21 03:06:18.965 RedLemon[58317:480578] [AUTO_EXIT_CHECK] Checking EOF conditions...
2026-01-21 03:06:18.965 RedLemon[58317:480578] [AUTO_EXIT_CHECK] No exit condition met - continuing to monitor...
2026-01-21 03:06:19.965 RedLemon[58317:480578] [AUTO_EXIT_CHECK] isEventPlayback: true
2026-01-21 03:06:19.965 RedLemon[58317:480578] [AUTO_EXIT_CHECK] isLoading: false, isResolvingStream: false
2026-01-21 03:06:19.965 RedLemon[58317:480578] [AUTO_EXIT_CHECK] playbackFinished: false, isPlaying: true
2026-01-21 03:06:19.965 RedLemon[58317:480578] [AUTO_EXIT_CHECK] Position: 4406.574s / Duration: 5406.99s
2026-01-21 03:06:19.965 RedLemon[58317:480578] [AUTO_EXIT_CHECK] Checking EOF conditions...
2026-01-21 03:06:19.965 RedLemon[58317:480578] [AUTO_EXIT_CHECK] No exit condition met - continuing to monitor...
2026-01-21 03:06:20.968 RedLemon[58317:480578] [AUTO_EXIT_CHECK] isEventPlayback: true
2026-01-21 03:06:20.968 RedLemon[58317:480578] [AUTO_EXIT_CHECK] isLoading: false, isResolvingStream: false
2026-01-21 03:06:20.968 RedLemon[58317:480578] [AUTO_EXIT_CHECK] playbackFinished: false, isPlaying: true
2026-01-21 03:06:20.968 RedLemon[58317:480578] [AUTO_EXIT_CHECK] Position: 4407.741s / Duration: 5406.99s
2026-01-21 03:06:20.968 RedLemon[58317:480578] [AUTO_EXIT_CHECK] Checking EOF conditions...
2026-01-21 03:06:20.969 RedLemon[58317:480578] [AUTO_EXIT_CHECK] No exit condition met - continuing to monitor...
2026-01-21 03:06:22.051 RedLemon[58317:480578] [AUTO_EXIT_CHECK] isEventPlayback: true
2026-01-21 03:06:22.051 RedLemon[58317:480578] [AUTO_EXIT_CHECK] isLoading: false, isResolvingStream: false
2026-01-21 03:06:22.051 RedLemon[58317:480578] [AUTO_EXIT_CHECK] playbackFinished: false, isPlaying: true
2026-01-21 03:06:22.051 RedLemon[58317:480578] [AUTO_EXIT_CHECK] Position: 4408.617s / Duration: 5406.99s
2026-01-21 03:06:22.051 RedLemon[58317:480578] [AUTO_EXIT_CHECK] Checking EOF conditions...
2026-01-21 03:06:22.052 RedLemon[58317:480578] [AUTO_EXIT_CHECK] No exit condition met - continuing to monitor...
2026-01-21 03:06:22.638 RedLemon[58317:480668] 🔐 SupabaseClient: Signing Identity Payload: '1768982782656daa91-33b4-4688-9135-c982ea52d7c9/rpc/room_heartbeat'
2026-01-21 03:06:22.639 RedLemon[58317:480668] 🔐 Signed request to /rpc/room_heartbeat
2026-01-21 03:06:23.135 RedLemon[58317:480578] [AUTO_EXIT_CHECK] isEventPlayback: true
2026-01-21 03:06:23.135 RedLemon[58317:480578] [AUTO_EXIT_CHECK] isLoading: false, isResolvingStream: false
2026-01-21 03:06:23.136 RedLemon[58317:480578] [AUTO_EXIT_CHECK] playbackFinished: false, isPlaying: true
2026-01-21 03:06:23.136 RedLemon[58317:480578] [AUTO_EXIT_CHECK] Position: 4409.785s / Duration: 5406.99s
2026-01-21 03:06:23.136 RedLemon[58317:480578] [AUTO_EXIT_CHECK] Checking EOF conditions...
2026-01-21 03:06:23.136 RedLemon[58317:480578] [AUTO_EXIT_CHECK] No exit condition met - continuing to monitor...
2026-01-21 03:06:23.970 RedLemon[58317:480578] [AUTO_EXIT_CHECK] isEventPlayback: true
2026-01-21 03:06:23.970 RedLemon[58317:480578] [AUTO_EXIT_CHECK] isLoading: false, isResolvingStream: false
2026-01-21 03:06:23.970 RedLemon[58317:480578] [AUTO_EXIT_CHECK] playbackFinished: false, isPlaying: true
2026-01-21 03:06:23.970 RedLemon[58317:480578] [AUTO_EXIT_CHECK] Position: 4410.661s / Duration: 5406.99s
2026-01-21 03:06:23.970 RedLemon[58317:480578] [AUTO_EXIT_CHECK] Checking EOF conditions...
2026-01-21 03:06:23.970 RedLemon[58317:480578] [AUTO_EXIT_CHECK] No exit condition met - continuing to monitor...
2026-01-21 03:06:24.970 RedLemon[58317:480578] [AUTO_EXIT_CHECK] isEventPlayback: true
2026-01-21 03:06:24.971 RedLemon[58317:480578] [AUTO_EXIT_CHECK] isLoading: false, isResolvingStream: false
2026-01-21 03:06:24.971 RedLemon[58317:480578] [AUTO_EXIT_CHECK] playbackFinished: false, isPlaying: true
2026-01-21 03:06:24.971 RedLemon[58317:480578] [AUTO_EXIT_CHECK] Position: 4411.536s / Duration: 5406.99s
2026-01-21 03:06:24.971 RedLemon[58317:480578] [AUTO_EXIT_CHECK] Checking EOF conditions...
2026-01-21 03:06:24.971 RedLemon[58317:480578] [AUTO_EXIT_CHECK] No exit condition met - continuing to monitor...
2026-01-21 03:06:25.972 RedLemon[58317:480578] [AUTO_EXIT_CHECK] isEventPlayback: true
2026-01-21 03:06:25.972 RedLemon[58317:480578] [AUTO_EXIT_CHECK] isLoading: false, isResolvingStream: false
2026-01-21 03:06:25.972 RedLemon[58317:480578] [AUTO_EXIT_CHECK] playbackFinished: false, isPlaying: true
2026-01-21 03:06:25.972 RedLemon[58317:480578] [AUTO_EXIT_CHECK] Position: 4412.704s / Duration: 5406.99s
2026-01-21 03:06:25.972 RedLemon[58317:480578] [AUTO_EXIT_CHECK] Checking EOF conditions...
2026-01-21 03:06:25.972 RedLemon[58317:480578] [AUTO_EXIT_CHECK] No exit condition met - continuing to monitor...
2026-01-21 03:06:27.099 RedLemon[58317:480578] [AUTO_EXIT_CHECK] isEventPlayback: true
2026-01-21 03:06:27.100 RedLemon[58317:480578] [AUTO_EXIT_CHECK] isLoading: false, isResolvingStream: false
2026-01-21 03:06:27.100 RedLemon[58317:480578] [AUTO_EXIT_CHECK] playbackFinished: false, isPlaying: true
2026-01-21 03:06:27.100 RedLemon[58317:480578] [AUTO_EXIT_CHECK] Position: 4413.871999999999s / Duration: 5406.99s
2026-01-21 03:06:27.100 RedLemon[58317:480578] [AUTO_EXIT_CHECK] Checking EOF conditions...
2026-01-21 03:06:27.100 RedLemon[58317:480578] [AUTO_EXIT_CHECK] No exit condition met - continuing to monitor...
2026-01-21 03:06:28.099 RedLemon[58317:480578] [AUTO_EXIT_CHECK] isEventPlayback: true
2026-01-21 03:06:28.100 RedLemon[58317:480578] [AUTO_EXIT_CHECK] isLoading: false, isResolvingStream: false
2026-01-21 03:06:28.100 RedLemon[58317:480578] [AUTO_EXIT_CHECK] playbackFinished: false, isPlaying: true
2026-01-21 03:06:28.100 RedLemon[58317:480578] [AUTO_EXIT_CHECK] Position: 4414.748s / Duration: 5406.99s
2026-01-21 03:06:28.100 RedLemon[58317:480578] [AUTO_EXIT_CHECK] Checking EOF conditions...
2026-01-21 03:06:28.101 RedLemon[58317:480578] [AUTO_EXIT_CHECK] No exit condition met - continuing to monitor...
2026-01-21 03:06:28.975 RedLemon[58317:480578] [AUTO_EXIT_CHECK] isEventPlayback: true
2026-01-21 03:06:28.975 RedLemon[58317:480578] [AUTO_EXIT_CHECK] isLoading: false, isResolvingStream: false
2026-01-21 03:06:28.975 RedLemon[58317:480578] [AUTO_EXIT_CHECK] playbackFinished: false, isPlaying: true
2026-01-21 03:06:28.975 RedLemon[58317:480578] [AUTO_EXIT_CHECK] Position: 4415.624s / Duration: 5406.99s
2026-01-21 03:06:28.976 RedLemon[58317:480578] [AUTO_EXIT_CHECK] Checking EOF conditions...
2026-01-21 03:06:28.976 RedLemon[58317:480578] [AUTO_EXIT_CHECK] No exit condition met - continuing to monitor...
2026-01-21 03:06:29.977 RedLemon[58317:480578] [AUTO_EXIT_CHECK] isEventPlayback: true
2026-01-21 03:06:29.977 RedLemon[58317:480578] [AUTO_EXIT_CHECK] isLoading: false, isResolvingStream: false
2026-01-21 03:06:29.977 RedLemon[58317:480578] [AUTO_EXIT_CHECK] playbackFinished: false, isPlaying: true
2026-01-21 03:06:29.977 RedLemon[58317:480578] [AUTO_EXIT_CHECK] Position: 4416.5s / Duration: 5406.99s
2026-01-21 03:06:29.978 RedLemon[58317:480578] [AUTO_EXIT_CHECK] Checking EOF conditions...
2026-01-21 03:06:29.978 RedLemon[58317:480578] [AUTO_EXIT_CHECK] No exit condition met - continuing to monitor...
2026-01-21 03:06:31.019 RedLemon[58317:480578] [AUTO_EXIT_CHECK] isEventPlayback: true
2026-01-21 03:06:31.019 RedLemon[58317:480578] [AUTO_EXIT_CHECK] isLoading: false, isResolvingStream: false
2026-01-21 03:06:31.019 RedLemon[58317:480578] [AUTO_EXIT_CHECK] playbackFinished: false, isPlaying: true
2026-01-21 03:06:31.019 RedLemon[58317:480578] [AUTO_EXIT_CHECK] Position: 4417.668s / Duration: 5406.99s
2026-01-21 03:06:31.019 RedLemon[58317:480578] [AUTO_EXIT_CHECK] Checking EOF conditions...
2026-01-21 03:06:31.019 RedLemon[58317:480578] [AUTO_EXIT_CHECK] No exit condition met - continuing to monitor...
2026-01-21 03:06:32.019 RedLemon[58317:480578] [AUTO_EXIT_CHECK] isEventPlayback: true
2026-01-21 03:06:32.019 RedLemon[58317:480578] [AUTO_EXIT_CHECK] isLoading: false, isResolvingStream: false
2026-01-21 03:06:32.019 RedLemon[58317:480578] [AUTO_EXIT_CHECK] playbackFinished: false, isPlaying: true
2026-01-21 03:06:32.019 RedLemon[58317:480578] [AUTO_EXIT_CHECK] Position: 4418.543s / Duration: 5406.99s
2026-01-21 03:06:32.020 RedLemon[58317:480578] [AUTO_EXIT_CHECK] Checking EOF conditions...
2026-01-21 03:06:32.020 RedLemon[58317:480578] [AUTO_EXIT_CHECK] No exit condition met - continuing to monitor...
2026-01-21 03:06:33.104 RedLemon[58317:480578] [AUTO_EXIT_CHECK] isEventPlayback: true
2026-01-21 03:06:33.104 RedLemon[58317:480578] [AUTO_EXIT_CHECK] isLoading: false, isResolvingStream: false
2026-01-21 03:06:33.104 RedLemon[58317:480578] [AUTO_EXIT_CHECK] playbackFinished: false, isPlaying: true
2026-01-21 03:06:33.104 RedLemon[58317:480578] [AUTO_EXIT_CHECK] Position: 4419.711s / Duration: 5406.99s
2026-01-21 03:06:33.105 RedLemon[58317:480578] [AUTO_EXIT_CHECK] Checking EOF conditions...
2026-01-21 03:06:33.105 RedLemon[58317:480578] [AUTO_EXIT_CHECK] No exit condition met - continuing to monitor...
2026-01-21 03:06:33.980 RedLemon[58317:480578] [AUTO_EXIT_CHECK] isEventPlayback: true
2026-01-21 03:06:33.980 RedLemon[58317:480578] [AUTO_EXIT_CHECK] isLoading: false, isResolvingStream: false
2026-01-21 03:06:33.980 RedLemon[58317:480578] [AUTO_EXIT_CHECK] playbackFinished: false, isPlaying: true
2026-01-21 03:06:33.980 RedLemon[58317:480578] [AUTO_EXIT_CHECK] Position: 4420.5869999999995s / Duration: 5406.99s
2026-01-21 03:06:33.980 RedLemon[58317:480578] [AUTO_EXIT_CHECK] Checking EOF conditions...
2026-01-21 03:06:33.980 RedLemon[58317:480578] [AUTO_EXIT_CHECK] No exit condition met - continuing to monitor...
2026-01-21 03:06:34.981 RedLemon[58317:480578] [AUTO_EXIT_CHECK] isEventPlayback: true
2026-01-21 03:06:34.981 RedLemon[58317:480578] [AUTO_EXIT_CHECK] isLoading: false, isResolvingStream: false
2026-01-21 03:06:34.981 RedLemon[58317:480578] [AUTO_EXIT_CHECK] playbackFinished: false, isPlaying: true
2026-01-21 03:06:34.981 RedLemon[58317:480578] [AUTO_EXIT_CHECK] Position: 4421.755s / Duration: 5406.99s
2026-01-21 03:06:34.981 RedLemon[58317:480578] [AUTO_EXIT_CHECK] Checking EOF conditions...
2026-01-21 03:06:34.982 RedLemon[58317:480578] [AUTO_EXIT_CHECK] No exit condition met - continuing to monitor...
2026-01-21 03:06:36.024 RedLemon[58317:480578] [AUTO_EXIT_CHECK] isEventPlayback: true
2026-01-21 03:06:36.024 RedLemon[58317:480578] [AUTO_EXIT_CHECK] isLoading: false, isResolvingStream: false
2026-01-21 03:06:36.024 RedLemon[58317:480578] [AUTO_EXIT_CHECK] playbackFinished: false, isPlaying: true
2026-01-21 03:06:36.024 RedLemon[58317:480578] [AUTO_EXIT_CHECK] Position: 4422.630999999999s / Duration: 5406.99s
2026-01-21 03:06:36.024 RedLemon[58317:480578] [AUTO_EXIT_CHECK] Checking EOF conditions...
2026-01-21 03:06:36.024 RedLemon[58317:480578] [AUTO_EXIT_CHECK] No exit condition met - continuing to monitor...
2026-01-21 03:06:37.067 RedLemon[58317:480578] [AUTO_EXIT_CHECK] isEventPlayback: true
2026-01-21 03:06:37.067 RedLemon[58317:480578] [AUTO_EXIT_CHECK] isLoading: false, isResolvingStream: false
2026-01-21 03:06:37.067 RedLemon[58317:480578] [AUTO_EXIT_CHECK] playbackFinished: false, isPlaying: true
2026-01-21 03:06:37.067 RedLemon[58317:480578] [AUTO_EXIT_CHECK] Position: 4423.799s / Duration: 5406.99s
2026-01-21 03:06:37.067 RedLemon[58317:480578] [AUTO_EXIT_CHECK] Checking EOF conditions...
2026-01-21 03:06:37.068 RedLemon[58317:480578] [AUTO_EXIT_CHECK] No exit condition met - continuing to monitor...
2026-01-21 03:06:37.983 RedLemon[58317:480578] [AUTO_EXIT_CHECK] isEventPlayback: true
2026-01-21 03:06:37.983 RedLemon[58317:480578] [AUTO_EXIT_CHECK] isLoading: false, isResolvingStream: false
2026-01-21 03:06:37.983 RedLemon[58317:480578] [AUTO_EXIT_CHECK] playbackFinished: false, isPlaying: true
2026-01-21 03:06:37.983 RedLemon[58317:480578] [AUTO_EXIT_CHECK] Position: 4424.674s / Duration: 5406.99s
2026-01-21 03:06:37.984 RedLemon[58317:480578] [AUTO_EXIT_CHECK] Checking EOF conditions...
2026-01-21 03:06:37.984 RedLemon[58317:480578] [AUTO_EXIT_CHECK] No exit condition met - continuing to monitor...
2026-01-21 03:06:38.985 RedLemon[58317:480578] [AUTO_EXIT_CHECK] isEventPlayback: true
2026-01-21 03:06:38.985 RedLemon[58317:480578] [AUTO_EXIT_CHECK] isLoading: false, isResolvingStream: false
2026-01-21 03:06:38.986 RedLemon[58317:480578] [AUTO_EXIT_CHECK] playbackFinished: false, isPlaying: true
2026-01-21 03:06:38.986 RedLemon[58317:480578] [AUTO_EXIT_CHECK] Position: 4425.55s / Duration: 5406.99s
2026-01-21 03:06:38.986 RedLemon[58317:480578] [AUTO_EXIT_CHECK] Checking EOF conditions...
2026-01-21 03:06:38.986 RedLemon[58317:480578] [AUTO_EXIT_CHECK] No exit condition met - continuing to monitor...
2026-01-21 03:06:39.988 RedLemon[58317:480578] [AUTO_EXIT_CHECK] isEventPlayback: true
2026-01-21 03:06:39.988 RedLemon[58317:480578] [AUTO_EXIT_CHECK] isLoading: false, isResolvingStream: false
2026-01-21 03:06:39.988 RedLemon[58317:480578] [AUTO_EXIT_CHECK] playbackFinished: false, isPlaying: true
2026-01-21 03:06:39.989 RedLemon[58317:480578] [AUTO_EXIT_CHECK] Position: 4426.719s / Duration: 5406.99s
2026-01-21 03:06:39.989 RedLemon[58317:480578] [AUTO_EXIT_CHECK] Checking EOF conditions...
2026-01-21 03:06:39.989 RedLemon[58317:480578] [AUTO_EXIT_CHECK] No exit condition met - continuing to monitor...
2026-01-21 03:06:40.987 RedLemon[58317:480578] [AUTO_EXIT_CHECK] isEventPlayback: true
2026-01-21 03:06:40.988 RedLemon[58317:480578] [AUTO_EXIT_CHECK] isLoading: false, isResolvingStream: false
2026-01-21 03:06:40.988 RedLemon[58317:480578] [AUTO_EXIT_CHECK] playbackFinished: false, isPlaying: true
2026-01-21 03:06:40.988 RedLemon[58317:480578] [AUTO_EXIT_CHECK] Position: 4427.594s / Duration: 5406.99s
2026-01-21 03:06:40.988 RedLemon[58317:480578] [AUTO_EXIT_CHECK] Checking EOF conditions...
2026-01-21 03:06:40.989 RedLemon[58317:480578] [AUTO_EXIT_CHECK] No exit condition met - continuing to monitor...
2026-01-21 03:06:42.032 RedLemon[58317:480578] [AUTO_EXIT_CHECK] isEventPlayback: true
2026-01-21 03:06:42.032 RedLemon[58317:480578] [AUTO_EXIT_CHECK] isLoading: false, isResolvingStream: false
2026-01-21 03:06:42.032 RedLemon[58317:480578] [AUTO_EXIT_CHECK] playbackFinished: false, isPlaying: true
2026-01-21 03:06:42.032 RedLemon[58317:480578] [AUTO_EXIT_CHECK] Position: 4428.762s / Duration: 5406.99s
2026-01-21 03:06:42.033 RedLemon[58317:480578] [AUTO_EXIT_CHECK] Checking EOF conditions...
2026-01-21 03:06:42.033 RedLemon[58317:480578] [AUTO_EXIT_CHECK] No exit condition met - continuing to monitor...
2026-01-21 03:06:42.989 RedLemon[58317:480578] [AUTO_EXIT_CHECK] isEventPlayback: true
2026-01-21 03:06:42.989 RedLemon[58317:480578] [AUTO_EXIT_CHECK] isLoading: false, isResolvingStream: false
2026-01-21 03:06:42.990 RedLemon[58317:480578] [AUTO_EXIT_CHECK] playbackFinished: false, isPlaying: true
2026-01-21 03:06:42.990 RedLemon[58317:480578] [AUTO_EXIT_CHECK] Position: 4429.638s / Duration: 5406.99s
2026-01-21 03:06:42.990 RedLemon[58317:480578] [AUTO_EXIT_CHECK] Checking EOF conditions...
2026-01-21 03:06:42.990 RedLemon[58317:480578] [AUTO_EXIT_CHECK] No exit condition met - continuing to monitor...
2026-01-21 03:06:43.990 RedLemon[58317:480578] [AUTO_EXIT_CHECK] isEventPlayback: true
2026-01-21 03:06:43.990 RedLemon[58317:480578] [AUTO_EXIT_CHECK] isLoading: false, isResolvingStream: false
2026-01-21 03:06:43.990 RedLemon[58317:480578] [AUTO_EXIT_CHECK] playbackFinished: false, isPlaying: true
2026-01-21 03:06:43.990 RedLemon[58317:480578] [AUTO_EXIT_CHECK] Position: 4430.514s / Duration: 5406.99s
2026-01-21 03:06:43.990 RedLemon[58317:480578] [AUTO_EXIT_CHECK] Checking EOF conditions...
2026-01-21 03:06:43.990 RedLemon[58317:480578] [AUTO_EXIT_CHECK] No exit condition met - continuing to monitor...
2026-01-21 03:06:45.032 RedLemon[58317:480578] [AUTO_EXIT_CHECK] isEventPlayback: true
2026-01-21 03:06:45.032 RedLemon[58317:480578] [AUTO_EXIT_CHECK] isLoading: false, isResolvingStream: false
2026-01-21 03:06:45.032 RedLemon[58317:480578] [AUTO_EXIT_CHECK] playbackFinished: false, isPlaying: true
2026-01-21 03:06:45.032 RedLemon[58317:480578] [AUTO_EXIT_CHECK] Position: 4431.681s / Duration: 5406.99s
2026-01-21 03:06:45.033 RedLemon[58317:480578] [AUTO_EXIT_CHECK] Checking EOF conditions...
2026-01-21 03:06:45.033 RedLemon[58317:480578] [AUTO_EXIT_CHECK] No exit condition met - continuing to monitor...
2026-01-21 03:06:46.034 RedLemon[58317:480578] [AUTO_EXIT_CHECK] isEventPlayback: true
2026-01-21 03:06:46.034 RedLemon[58317:480578] [AUTO_EXIT_CHECK] isLoading: false, isResolvingStream: false
2026-01-21 03:06:46.034 RedLemon[58317:480578] [AUTO_EXIT_CHECK] playbackFinished: false, isPlaying: true
2026-01-21 03:06:46.034 RedLemon[58317:480578] [AUTO_EXIT_CHECK] Position: 4432.558s / Duration: 5406.99s
2026-01-21 03:06:46.035 RedLemon[58317:480578] [AUTO_EXIT_CHECK] Checking EOF conditions...
2026-01-21 03:06:46.035 RedLemon[58317:480578] [AUTO_EXIT_CHECK] No exit condition met - continuing to monitor...
2026-01-21 03:06:46.993 RedLemon[58317:480578] [AUTO_EXIT_CHECK] isEventPlayback: true
2026-01-21 03:06:46.993 RedLemon[58317:480578] [AUTO_EXIT_CHECK] isLoading: false, isResolvingStream: false
2026-01-21 03:06:46.993 RedLemon[58317:480578] [AUTO_EXIT_CHECK] playbackFinished: false, isPlaying: true
2026-01-21 03:06:46.993 RedLemon[58317:480578] [AUTO_EXIT_CHECK] Position: 4433.724999999999s / Duration: 5406.99s
2026-01-21 03:06:46.993 RedLemon[58317:480578] [AUTO_EXIT_CHECK] Checking EOF conditions...
2026-01-21 03:06:46.993 RedLemon[58317:480578] [AUTO_EXIT_CHECK] No exit condition met - continuing to monitor...
2026-01-21 03:06:47.993 RedLemon[58317:480578] [AUTO_EXIT_CHECK] isEventPlayback: true
2026-01-21 03:06:47.994 RedLemon[58317:480578] [AUTO_EXIT_CHECK] isLoading: false, isResolvingStream: false
2026-01-21 03:06:47.994 RedLemon[58317:480578] [AUTO_EXIT_CHECK] playbackFinished: false, isPlaying: true
2026-01-21 03:06:47.994 RedLemon[58317:480578] [AUTO_EXIT_CHECK] Position: 4434.601s / Duration: 5406.99s
2026-01-21 03:06:47.994 RedLemon[58317:480578] [AUTO_EXIT_CHECK] Checking EOF conditions...
2026-01-21 03:06:47.994 RedLemon[58317:480578] [AUTO_EXIT_CHECK] No exit condition met - continuing to monitor...
2026-01-21 03:06:48.998 RedLemon[58317:480578] [AUTO_EXIT_CHECK] isEventPlayback: true
2026-01-21 03:06:48.998 RedLemon[58317:480578] [AUTO_EXIT_CHECK] isLoading: false, isResolvingStream: false
2026-01-21 03:06:48.999 RedLemon[58317:480578] [AUTO_EXIT_CHECK] playbackFinished: false, isPlaying: true
2026-01-21 03:06:48.999 RedLemon[58317:480578] [AUTO_EXIT_CHECK] Position: 4435.7699999999995s / Duration: 5406.99s
2026-01-21 03:06:48.999 RedLemon[58317:480578] [AUTO_EXIT_CHECK] Checking EOF conditions...
2026-01-21 03:06:48.999 RedLemon[58317:480578] [AUTO_EXIT_CHECK] No exit condition met - continuing to monitor...
2026-01-21 03:06:50.038 RedLemon[58317:480578] [AUTO_EXIT_CHECK] isEventPlayback: true
2026-01-21 03:06:50.038 RedLemon[58317:480578] [AUTO_EXIT_CHECK] isLoading: false, isResolvingStream: false
2026-01-21 03:06:50.039 RedLemon[58317:480578] [AUTO_EXIT_CHECK] playbackFinished: false, isPlaying: true
2026-01-21 03:06:50.039 RedLemon[58317:480578] [AUTO_EXIT_CHECK] Position: 4436.6449999999995s / Duration: 5406.99s
2026-01-21 03:06:50.039 RedLemon[58317:480578] [AUTO_EXIT_CHECK] Checking EOF conditions...
2026-01-21 03:06:50.039 RedLemon[58317:480578] [AUTO_EXIT_CHECK] No exit condition met - continuing to monitor...
2026-01-21 03:06:51.041 RedLemon[58317:480578] [AUTO_EXIT_CHECK] isEventPlayback: true
2026-01-21 03:06:51.042 RedLemon[58317:480578] [AUTO_EXIT_CHECK] isLoading: false, isResolvingStream: false
2026-01-21 03:06:51.042 RedLemon[58317:480578] [AUTO_EXIT_CHECK] playbackFinished: false, isPlaying: true
2026-01-21 03:06:51.042 RedLemon[58317:480578] [AUTO_EXIT_CHECK] Position: 4437.813s / Duration: 5406.99s
2026-01-21 03:06:51.042 RedLemon[58317:480578] [AUTO_EXIT_CHECK] Checking EOF conditions...
2026-01-21 03:06:51.042 RedLemon[58317:480578] [AUTO_EXIT_CHECK] No exit condition met - continuing to monitor...
2026-01-21 03:06:52.124 RedLemon[58317:480578] [AUTO_EXIT_CHECK] isEventPlayback: true
2026-01-21 03:06:52.124 RedLemon[58317:480578] [AUTO_EXIT_CHECK] isLoading: false, isResolvingStream: false
2026-01-21 03:06:52.124 RedLemon[58317:480578] [AUTO_EXIT_CHECK] playbackFinished: false, isPlaying: true
2026-01-21 03:06:52.124 RedLemon[58317:480578] [AUTO_EXIT_CHECK] Position: 4438.688999999999s / Duration: 5406.99s
2026-01-21 03:06:52.124 RedLemon[58317:480578] [AUTO_EXIT_CHECK] Checking EOF conditions...
2026-01-21 03:06:52.124 RedLemon[58317:480578] [AUTO_EXIT_CHECK] No exit condition met - continuing to monitor...
2026-01-21 03:06:53.001 RedLemon[58317:480578] [AUTO_EXIT_CHECK] isEventPlayback: true
2026-01-21 03:06:53.001 RedLemon[58317:480578] [AUTO_EXIT_CHECK] isLoading: false, isResolvingStream: false
2026-01-21 03:06:53.001 RedLemon[58317:480578] [AUTO_EXIT_CHECK] playbackFinished: false, isPlaying: true
2026-01-21 03:06:53.001 RedLemon[58317:480578] [AUTO_EXIT_CHECK] Position: 4439.563999999999s / Duration: 5406.99s
2026-01-21 03:06:53.001 RedLemon[58317:480578] [AUTO_EXIT_CHECK] Checking EOF conditions...
2026-01-21 03:06:53.002 RedLemon[58317:480578] [AUTO_EXIT_CHECK] No exit condition met - continuing to monitor...
2026-01-21 03:06:53.003 RedLemon[58317:480655] 🔐 SupabaseClient: Signing Identity Payload: '1768982813656daa91-33b4-4688-9135-c982ea52d7c9/rpc/room_heartbeat'
2026-01-21 03:06:53.004 RedLemon[58317:480655] 🔐 Signed request to /rpc/room_heartbeat
2026-01-21 03:06:54.002 RedLemon[58317:480578] [AUTO_EXIT_CHECK] isEventPlayback: true
2026-01-21 03:06:54.002 RedLemon[58317:480578] [AUTO_EXIT_CHECK] isLoading: false, isResolvingStream: false
2026-01-21 03:06:54.002 RedLemon[58317:480578] [AUTO_EXIT_CHECK] playbackFinished: false, isPlaying: true
2026-01-21 03:06:54.003 RedLemon[58317:480578] [AUTO_EXIT_CHECK] Position: 4440.733s / Duration: 5406.99s
2026-01-21 03:06:54.003 RedLemon[58317:480578] [AUTO_EXIT_CHECK] Checking EOF conditions...
2026-01-21 03:06:54.003 RedLemon[58317:480578] [AUTO_EXIT_CHECK] No exit condition met - continuing to monitor...
2026-01-21 03:06:55.002 RedLemon[58317:480578] [AUTO_EXIT_CHECK] isEventPlayback: true
2026-01-21 03:06:55.002 RedLemon[58317:480578] [AUTO_EXIT_CHECK] isLoading: false, isResolvingStream: false
2026-01-21 03:06:55.002 RedLemon[58317:480578] [AUTO_EXIT_CHECK] playbackFinished: false, isPlaying: true
2026-01-21 03:06:55.002 RedLemon[58317:480578] [AUTO_EXIT_CHECK] Position: 4441.608s / Duration: 5406.99s
2026-01-21 03:06:55.002 RedLemon[58317:480578] [AUTO_EXIT_CHECK] Checking EOF conditions...
2026-01-21 03:06:55.003 RedLemon[58317:480578] [AUTO_EXIT_CHECK] No exit condition met - continuing to monitor...
2026-01-21 03:06:56.088 RedLemon[58317:480578] [AUTO_EXIT_CHECK] isEventPlayback: true
2026-01-21 03:06:56.088 RedLemon[58317:480578] [AUTO_EXIT_CHECK] isLoading: false, isResolvingStream: false
2026-01-21 03:06:56.088 RedLemon[58317:480578] [AUTO_EXIT_CHECK] playbackFinished: false, isPlaying: true
2026-01-21 03:06:56.088 RedLemon[58317:480578] [AUTO_EXIT_CHECK] Position: 4442.776s / Duration: 5406.99s
2026-01-21 03:06:56.088 RedLemon[58317:480578] [AUTO_EXIT_CHECK] Checking EOF conditions...
2026-01-21 03:06:56.088 RedLemon[58317:480578] [AUTO_EXIT_CHECK] No exit condition met - continuing to monitor...
2026-01-21 03:06:57.003 RedLemon[58317:480578] [AUTO_EXIT_CHECK] isEventPlayback: true
2026-01-21 03:06:57.003 RedLemon[58317:480578] [AUTO_EXIT_CHECK] isLoading: false, isResolvingStream: false
2026-01-21 03:06:57.003 RedLemon[58317:480578] [AUTO_EXIT_CHECK] playbackFinished: false, isPlaying: true
2026-01-21 03:06:57.003 RedLemon[58317:480578] [AUTO_EXIT_CHECK] Position: 4443.651s / Duration: 5406.99s
2026-01-21 03:06:57.003 RedLemon[58317:480578] [AUTO_EXIT_CHECK] Checking EOF conditions...
2026-01-21 03:06:57.004 RedLemon[58317:480578] [AUTO_EXIT_CHECK] No exit condition met - continuing to monitor...
2026-01-21 03:06:58.006 RedLemon[58317:480578] [AUTO_EXIT_CHECK] isEventPlayback: true
2026-01-21 03:06:58.007 RedLemon[58317:480578] [AUTO_EXIT_CHECK] isLoading: false, isResolvingStream: false
2026-01-21 03:06:58.007 RedLemon[58317:480578] [AUTO_EXIT_CHECK] playbackFinished: false, isPlaying: true
2026-01-21 03:06:58.007 RedLemon[58317:480578] [AUTO_EXIT_CHECK] Position: 4444.528s / Duration: 5406.99s
2026-01-21 03:06:58.007 RedLemon[58317:480578] [AUTO_EXIT_CHECK] Checking EOF conditions...
2026-01-21 03:06:58.007 RedLemon[58317:480578] [AUTO_EXIT_CHECK] No exit condition met - continuing to monitor...
2026-01-21 03:06:58.964 RedLemon[58317:480578] [AUTO_EXIT_CHECK] isEventPlayback: true
2026-01-21 03:06:58.965 RedLemon[58317:480578] [AUTO_EXIT_CHECK] isLoading: false, isResolvingStream: false
2026-01-21 03:06:58.965 RedLemon[58317:480578] [AUTO_EXIT_CHECK] playbackFinished: false, isPlaying: true
2026-01-21 03:06:58.965 RedLemon[58317:480578] [AUTO_EXIT_CHECK] Position: 4445.695s / Duration: 5406.99s
2026-01-21 03:06:58.965 RedLemon[58317:480578] [AUTO_EXIT_CHECK] Checking EOF conditions...
2026-01-21 03:06:58.965 RedLemon[58317:480578] [AUTO_EXIT_CHECK] No exit condition met - continuing to monitor...
2026-01-21 03:07:00.007 RedLemon[58317:480578] [AUTO_EXIT_CHECK] isEventPlayback: true
2026-01-21 03:07:00.007 RedLemon[58317:480578] [AUTO_EXIT_CHECK] isLoading: false, isResolvingStream: false
2026-01-21 03:07:00.007 RedLemon[58317:480578] [AUTO_EXIT_CHECK] playbackFinished: false, isPlaying: true
2026-01-21 03:07:00.007 RedLemon[58317:480578] [AUTO_EXIT_CHECK] Position: 4446.572s / Duration: 5406.99s
2026-01-21 03:07:00.007 RedLemon[58317:480578] [AUTO_EXIT_CHECK] Checking EOF conditions...
2026-01-21 03:07:00.007 RedLemon[58317:480578] [AUTO_EXIT_CHECK] No exit condition met - continuing to monitor...
2026-01-21 03:07:00.968 RedLemon[58317:480578] [AUTO_EXIT_CHECK] isEventPlayback: true
2026-01-21 03:07:00.968 RedLemon[58317:480578] [AUTO_EXIT_CHECK] isLoading: false, isResolvingStream: false
2026-01-21 03:07:00.968 RedLemon[58317:480578] [AUTO_EXIT_CHECK] playbackFinished: false, isPlaying: true
2026-01-21 03:07:00.968 RedLemon[58317:480578] [AUTO_EXIT_CHECK] Position: 4447.739s / Duration: 5406.99s
2026-01-21 03:07:00.968 RedLemon[58317:480578] [AUTO_EXIT_CHECK] Checking EOF conditions...
2026-01-21 03:07:00.968 RedLemon[58317:480578] [AUTO_EXIT_CHECK] No exit condition met - continuing to monitor...
2026-01-21 03:07:01.967 RedLemon[58317:480578] [AUTO_EXIT_CHECK] isEventPlayback: true
2026-01-21 03:07:01.967 RedLemon[58317:480578] [AUTO_EXIT_CHECK] isLoading: false, isResolvingStream: false
2026-01-21 03:07:01.968 RedLemon[58317:480578] [AUTO_EXIT_CHECK] playbackFinished: false, isPlaying: true
2026-01-21 03:07:01.968 RedLemon[58317:480578] [AUTO_EXIT_CHECK] Position: 4448.615s / Duration: 5406.99s
2026-01-21 03:07:01.968 RedLemon[58317:480578] [AUTO_EXIT_CHECK] Checking EOF conditions...
2026-01-21 03:07:01.968 RedLemon[58317:480578] [AUTO_EXIT_CHECK] No exit condition met - continuing to monitor...
2026-01-21 03:07:02.968 RedLemon[58317:480578] [AUTO_EXIT_CHECK] isEventPlayback: true
2026-01-21 03:07:02.968 RedLemon[58317:480578] [AUTO_EXIT_CHECK] isLoading: false, isResolvingStream: false
2026-01-21 03:07:02.968 RedLemon[58317:480578] [AUTO_EXIT_CHECK] playbackFinished: false, isPlaying: true
2026-01-21 03:07:02.968 RedLemon[58317:480578] [AUTO_EXIT_CHECK] Position: 4449.491s / Duration: 5406.99s
2026-01-21 03:07:02.969 RedLemon[58317:480578] [AUTO_EXIT_CHECK] Checking EOF conditions...
2026-01-21 03:07:02.969 RedLemon[58317:480578] [AUTO_EXIT_CHECK] No exit condition met - continuing to monitor...
2026-01-21 03:07:04.010 RedLemon[58317:480578] [AUTO_EXIT_CHECK] isEventPlayback: true
2026-01-21 03:07:04.011 RedLemon[58317:480578] [AUTO_EXIT_CHECK] isLoading: false, isResolvingStream: false
2026-01-21 03:07:04.011 RedLemon[58317:480578] [AUTO_EXIT_CHECK] playbackFinished: false, isPlaying: true
2026-01-21 03:07:04.011 RedLemon[58317:480578] [AUTO_EXIT_CHECK] Position: 4450.659s / Duration: 5406.99s
2026-01-21 03:07:04.011 RedLemon[58317:480578] [AUTO_EXIT_CHECK] Checking EOF conditions...
2026-01-21 03:07:04.012 RedLemon[58317:480578] [AUTO_EXIT_CHECK] No exit condition met - continuing to monitor...
2026-01-21 03:07:05.137 RedLemon[58317:480578] [AUTO_EXIT_CHECK] isEventPlayback: true
2026-01-21 03:07:05.137 RedLemon[58317:480578] [AUTO_EXIT_CHECK] isLoading: false, isResolvingStream: false
2026-01-21 03:07:05.138 RedLemon[58317:480578] [AUTO_EXIT_CHECK] playbackFinished: false, isPlaying: true
2026-01-21 03:07:05.138 RedLemon[58317:480578] [AUTO_EXIT_CHECK] Position: 4451.827s / Duration: 5406.99s
2026-01-21 03:07:05.138 RedLemon[58317:480578] [AUTO_EXIT_CHECK] Checking EOF conditions...
2026-01-21 03:07:05.138 RedLemon[58317:480578] [AUTO_EXIT_CHECK] No exit condition met - continuing to monitor...
2026-01-21 03:07:05.972 RedLemon[58317:480578] [AUTO_EXIT_CHECK] isEventPlayback: true
2026-01-21 03:07:05.972 RedLemon[58317:480578] [AUTO_EXIT_CHECK] isLoading: false, isResolvingStream: false
2026-01-21 03:07:05.973 RedLemon[58317:480578] [AUTO_EXIT_CHECK] playbackFinished: false, isPlaying: true
2026-01-21 03:07:05.973 RedLemon[58317:480578] [AUTO_EXIT_CHECK] Position: 4452.7029999999995s / Duration: 5406.99s
2026-01-21 03:07:05.973 RedLemon[58317:480578] [AUTO_EXIT_CHECK] Checking EOF conditions...
2026-01-21 03:07:05.973 RedLemon[58317:480578] [AUTO_EXIT_CHECK] No exit condition met - continuing to monitor...
2026-01-21 03:07:06.972 RedLemon[58317:480578] [AUTO_EXIT_CHECK] isEventPlayback: true
2026-01-21 03:07:06.972 RedLemon[58317:480578] [AUTO_EXIT_CHECK] isLoading: false, isResolvingStream: false
2026-01-21 03:07:06.973 RedLemon[58317:480578] [AUTO_EXIT_CHECK] playbackFinished: false, isPlaying: true
2026-01-21 03:07:06.973 RedLemon[58317:480578] [AUTO_EXIT_CHECK] Position: 4453.579s / Duration: 5406.99s
2026-01-21 03:07:06.973 RedLemon[58317:480578] [AUTO_EXIT_CHECK] Checking EOF conditions...
2026-01-21 03:07:06.973 RedLemon[58317:480578] [AUTO_EXIT_CHECK] No exit condition met - continuing to monitor...
2026-01-21 03:07:07.973 RedLemon[58317:480578] [AUTO_EXIT_CHECK] isEventPlayback: true
2026-01-21 03:07:07.973 RedLemon[58317:480578] [AUTO_EXIT_CHECK] isLoading: false, isResolvingStream: false
2026-01-21 03:07:07.973 RedLemon[58317:480578] [AUTO_EXIT_CHECK] playbackFinished: false, isPlaying: true
2026-01-21 03:07:07.973 RedLemon[58317:480578] [AUTO_EXIT_CHECK] Position: 4454.746s / Duration: 5406.99s
2026-01-21 03:07:07.973 RedLemon[58317:480578] [AUTO_EXIT_CHECK] Checking EOF conditions...
2026-01-21 03:07:07.974 RedLemon[58317:480578] [AUTO_EXIT_CHECK] No exit condition met - continuing to monitor...
2026-01-21 03:07:09.014 RedLemon[58317:480578] [AUTO_EXIT_CHECK] isEventPlayback: true
2026-01-21 03:07:09.015 RedLemon[58317:480578] [AUTO_EXIT_CHECK] isLoading: false, isResolvingStream: false
2026-01-21 03:07:09.015 RedLemon[58317:480578] [AUTO_EXIT_CHECK] playbackFinished: false, isPlaying: true
2026-01-21 03:07:09.015 RedLemon[58317:480578] [AUTO_EXIT_CHECK] Position: 4455.621999999999s / Duration: 5406.99s
2026-01-21 03:07:09.015 RedLemon[58317:480578] [AUTO_EXIT_CHECK] Checking EOF conditions...
2026-01-21 03:07:09.016 RedLemon[58317:480578] [AUTO_EXIT_CHECK] No exit condition met - continuing to monitor...
2026-01-21 03:07:10.017 RedLemon[58317:480578] [AUTO_EXIT_CHECK] isEventPlayback: true
2026-01-21 03:07:10.018 RedLemon[58317:480578] [AUTO_EXIT_CHECK] isLoading: false, isResolvingStream: false
2026-01-21 03:07:10.018 RedLemon[58317:480578] [AUTO_EXIT_CHECK] playbackFinished: false, isPlaying: true
2026-01-21 03:07:10.018 RedLemon[58317:480578] [AUTO_EXIT_CHECK] Position: 4456.79s / Duration: 5406.99s
2026-01-21 03:07:10.018 RedLemon[58317:480578] [AUTO_EXIT_CHECK] Checking EOF conditions...
2026-01-21 03:07:10.018 RedLemon[58317:480578] [AUTO_EXIT_CHECK] No exit condition met - continuing to monitor...
2026-01-21 03:07:10.976 RedLemon[58317:480578] [AUTO_EXIT_CHECK] isEventPlayback: true
2026-01-21 03:07:10.976 RedLemon[58317:480578] [AUTO_EXIT_CHECK] isLoading: false, isResolvingStream: false
2026-01-21 03:07:10.977 RedLemon[58317:480578] [AUTO_EXIT_CHECK] playbackFinished: false, isPlaying: true
2026-01-21 03:07:10.977 RedLemon[58317:480578] [AUTO_EXIT_CHECK] Position: 4457.666s / Duration: 5406.99s
2026-01-21 03:07:10.977 RedLemon[58317:480578] [AUTO_EXIT_CHECK] Checking EOF conditions...
2026-01-21 03:07:10.977 RedLemon[58317:480578] [AUTO_EXIT_CHECK] No exit condition met - continuing to monitor...
2026-01-21 03:07:11.978 RedLemon[58317:480578] [AUTO_EXIT_CHECK] isEventPlayback: true
2026-01-21 03:07:11.978 RedLemon[58317:480578] [AUTO_EXIT_CHECK] isLoading: false, isResolvingStream: false
2026-01-21 03:07:11.978 RedLemon[58317:480578] [AUTO_EXIT_CHECK] playbackFinished: false, isPlaying: true
2026-01-21 03:07:11.978 RedLemon[58317:480578] [AUTO_EXIT_CHECK] Position: 4458.5419999999995s / Duration: 5406.99s
2026-01-21 03:07:11.978 RedLemon[58317:480578] [AUTO_EXIT_CHECK] Checking EOF conditions...
2026-01-21 03:07:11.978 RedLemon[58317:480578] [AUTO_EXIT_CHECK] No exit condition met - continuing to monitor...
2026-01-21 03:07:12.978 RedLemon[58317:480578] [AUTO_EXIT_CHECK] isEventPlayback: true
2026-01-21 03:07:12.978 RedLemon[58317:480578] [AUTO_EXIT_CHECK] isLoading: false, isResolvingStream: false
2026-01-21 03:07:12.978 RedLemon[58317:480578] [AUTO_EXIT_CHECK] playbackFinished: false, isPlaying: true
2026-01-21 03:07:12.978 RedLemon[58317:480578] [AUTO_EXIT_CHECK] Position: 4459.709s / Duration: 5406.99s
2026-01-21 03:07:12.978 RedLemon[58317:480578] [AUTO_EXIT_CHECK] Checking EOF conditions...
2026-01-21 03:07:12.979 RedLemon[58317:480578] [AUTO_EXIT_CHECK] No exit condition met - continuing to monitor...
2026-01-21 03:07:14.103 RedLemon[58317:480578] [AUTO_EXIT_CHECK] isEventPlayback: true
2026-01-21 03:07:14.103 RedLemon[58317:480578] [AUTO_EXIT_CHECK] isLoading: false, isResolvingStream: false
2026-01-21 03:07:14.104 RedLemon[58317:480578] [AUTO_EXIT_CHECK] playbackFinished: false, isPlaying: true
2026-01-21 03:07:14.104 RedLemon[58317:480578] [AUTO_EXIT_CHECK] Position: 4460.878s / Duration: 5406.99s
2026-01-21 03:07:14.104 RedLemon[58317:480578] [AUTO_EXIT_CHECK] Checking EOF conditions...
2026-01-21 03:07:14.104 RedLemon[58317:480578] [AUTO_EXIT_CHECK] No exit condition met - continuing to monitor...
2026-01-21 03:07:14.982 RedLemon[58317:480578] [AUTO_EXIT_CHECK] isEventPlayback: true
2026-01-21 03:07:14.982 RedLemon[58317:480578] [AUTO_EXIT_CHECK] isLoading: false, isResolvingStream: false
2026-01-21 03:07:14.982 RedLemon[58317:480578] [AUTO_EXIT_CHECK] playbackFinished: false, isPlaying: true
2026-01-21 03:07:14.982 RedLemon[58317:480578] [AUTO_EXIT_CHECK] Position: 4461.753s / Duration: 5406.99s
2026-01-21 03:07:14.982 RedLemon[58317:480578] [AUTO_EXIT_CHECK] Checking EOF conditions...
2026-01-21 03:07:14.982 RedLemon[58317:480578] [AUTO_EXIT_CHECK] No exit condition met - continuing to monitor...
2026-01-21 03:07:15.981 RedLemon[58317:480578] [AUTO_EXIT_CHECK] isEventPlayback: true
2026-01-21 03:07:15.981 RedLemon[58317:480578] [AUTO_EXIT_CHECK] isLoading: false, isResolvingStream: false
2026-01-21 03:07:15.981 RedLemon[58317:480578] [AUTO_EXIT_CHECK] playbackFinished: false, isPlaying: true
2026-01-21 03:07:15.981 RedLemon[58317:480578] [AUTO_EXIT_CHECK] Position: 4462.629s / Duration: 5406.99s
2026-01-21 03:07:15.982 RedLemon[58317:480578] [AUTO_EXIT_CHECK] Checking EOF conditions...
2026-01-21 03:07:15.982 RedLemon[58317:480578] [AUTO_EXIT_CHECK] No exit condition met - continuing to monitor...
2026-01-21 03:07:16.983 RedLemon[58317:480578] [AUTO_EXIT_CHECK] isEventPlayback: true
2026-01-21 03:07:16.983 RedLemon[58317:480578] [AUTO_EXIT_CHECK] isLoading: false, isResolvingStream: false
2026-01-21 03:07:16.983 RedLemon[58317:480578] [AUTO_EXIT_CHECK] playbackFinished: false, isPlaying: true
2026-01-21 03:07:16.983 RedLemon[58317:480578] [AUTO_EXIT_CHECK] Position: 4463.505s / Duration: 5406.99s
2026-01-21 03:07:16.983 RedLemon[58317:480578] [AUTO_EXIT_CHECK] Checking EOF conditions...
2026-01-21 03:07:16.983 RedLemon[58317:480578] [AUTO_EXIT_CHECK] No exit condition met - continuing to monitor...
2026-01-21 03:07:17.983 RedLemon[58317:480578] [AUTO_EXIT_CHECK] isEventPlayback: true
2026-01-21 03:07:17.983 RedLemon[58317:480578] [AUTO_EXIT_CHECK] isLoading: false, isResolvingStream: false
2026-01-21 03:07:17.983 RedLemon[58317:480578] [AUTO_EXIT_CHECK] playbackFinished: false, isPlaying: true
2026-01-21 03:07:17.983 RedLemon[58317:480578] [AUTO_EXIT_CHECK] Position: 4464.673s / Duration: 5406.99s
2026-01-21 03:07:17.983 RedLemon[58317:480578] [AUTO_EXIT_CHECK] Checking EOF conditions...
2026-01-21 03:07:17.983 RedLemon[58317:480578] [AUTO_EXIT_CHECK] No exit condition met - continuing to monitor...
2026-01-21 03:07:19.026 RedLemon[58317:480578] [AUTO_EXIT_CHECK] isEventPlayback: true
2026-01-21 03:07:19.026 RedLemon[58317:480578] [AUTO_EXIT_CHECK] isLoading: false, isResolvingStream: false
2026-01-21 03:07:19.027 RedLemon[58317:480578] [AUTO_EXIT_CHECK] playbackFinished: false, isPlaying: true
2026-01-21 03:07:19.027 RedLemon[58317:480578] [AUTO_EXIT_CHECK] Position: 4465.549s / Duration: 5406.99s
2026-01-21 03:07:19.027 RedLemon[58317:480578] [AUTO_EXIT_CHECK] Checking EOF conditions...
2026-01-21 03:07:19.027 RedLemon[58317:480578] [AUTO_EXIT_CHECK] No exit condition met - continuing to monitor...
2026-01-21 03:07:19.986 RedLemon[58317:480578] [AUTO_EXIT_CHECK] isEventPlayback: true
2026-01-21 03:07:19.987 RedLemon[58317:480578] [AUTO_EXIT_CHECK] isLoading: false, isResolvingStream: false
2026-01-21 03:07:19.987 RedLemon[58317:480578] [AUTO_EXIT_CHECK] playbackFinished: false, isPlaying: true
2026-01-21 03:07:19.987 RedLemon[58317:480578] [AUTO_EXIT_CHECK] Position: 4466.717s / Duration: 5406.99s
2026-01-21 03:07:19.988 RedLemon[58317:480578] [AUTO_EXIT_CHECK] Checking EOF conditions...
2026-01-21 03:07:19.988 RedLemon[58317:480578] [AUTO_EXIT_CHECK] No exit condition met - continuing to monitor...
2026-01-21 03:07:20.986 RedLemon[58317:480578] [AUTO_EXIT_CHECK] isEventPlayback: true
2026-01-21 03:07:20.987 RedLemon[58317:480578] [AUTO_EXIT_CHECK] isLoading: false, isResolvingStream: false
2026-01-21 03:07:20.987 RedLemon[58317:480578] [AUTO_EXIT_CHECK] playbackFinished: false, isPlaying: true
2026-01-21 03:07:20.987 RedLemon[58317:480578] [AUTO_EXIT_CHECK] Position: 4467.592s / Duration: 5406.99s
2026-01-21 03:07:20.987 RedLemon[58317:480578] [AUTO_EXIT_CHECK] Checking EOF conditions...
2026-01-21 03:07:20.987 RedLemon[58317:480578] [AUTO_EXIT_CHECK] No exit condition met - continuing to monitor...
2026-01-21 03:07:21.987 RedLemon[58317:480578] [AUTO_EXIT_CHECK] isEventPlayback: true
2026-01-21 03:07:21.988 RedLemon[58317:480578] [AUTO_EXIT_CHECK] isLoading: false, isResolvingStream: false
2026-01-21 03:07:21.988 RedLemon[58317:480578] [AUTO_EXIT_CHECK] playbackFinished: false, isPlaying: true
2026-01-21 03:07:21.988 RedLemon[58317:480578] [AUTO_EXIT_CHECK] Position: 4468.7609999999995s / Duration: 5406.99s
2026-01-21 03:07:21.988 RedLemon[58317:480578] [AUTO_EXIT_CHECK] Checking EOF conditions...
2026-01-21 03:07:21.988 RedLemon[58317:480578] [AUTO_EXIT_CHECK] No exit condition met - continuing to monitor...
2026-01-21 03:07:22.990 RedLemon[58317:480578] [AUTO_EXIT_CHECK] isEventPlayback: true
2026-01-21 03:07:22.990 RedLemon[58317:480578] [AUTO_EXIT_CHECK] isLoading: false, isResolvingStream: false
2026-01-21 03:07:22.990 RedLemon[58317:480578] [AUTO_EXIT_CHECK] playbackFinished: false, isPlaying: true
2026-01-21 03:07:22.990 RedLemon[58317:480578] [AUTO_EXIT_CHECK] Position: 4469.6359999999995s / Duration: 5406.99s
2026-01-21 03:07:22.990 RedLemon[58317:480578] [AUTO_EXIT_CHECK] Checking EOF conditions...
2026-01-21 03:07:22.990 RedLemon[58317:480578] [AUTO_EXIT_CHECK] No exit condition met - continuing to monitor...
2026-01-21 03:07:23.366 RedLemon[58317:480655] 🔐 SupabaseClient: Signing Identity Payload: '1768982843656daa91-33b4-4688-9135-c982ea52d7c9/rpc/room_heartbeat'
2026-01-21 03:07:23.367 RedLemon[58317:480655] 🔐 Signed request to /rpc/room_heartbeat
2026-01-21 03:07:24.032 RedLemon[58317:480578] [AUTO_EXIT_CHECK] isEventPlayback: true
2026-01-21 03:07:24.032 RedLemon[58317:480578] [AUTO_EXIT_CHECK] isLoading: false, isResolvingStream: false
2026-01-21 03:07:24.032 RedLemon[58317:480578] [AUTO_EXIT_CHECK] playbackFinished: false, isPlaying: true
2026-01-21 03:07:24.033 RedLemon[58317:480578] [AUTO_EXIT_CHECK] Position: 4470.804s / Duration: 5406.99s
2026-01-21 03:07:24.033 RedLemon[58317:480578] [AUTO_EXIT_CHECK] Checking EOF conditions...
2026-01-21 03:07:24.033 RedLemon[58317:480578] [AUTO_EXIT_CHECK] No exit condition met - continuing to monitor...
2026-01-21 03:07:24.990 RedLemon[58317:480578] [AUTO_EXIT_CHECK] isEventPlayback: true
2026-01-21 03:07:24.990 RedLemon[58317:480578] [AUTO_EXIT_CHECK] isLoading: false, isResolvingStream: false
2026-01-21 03:07:24.990 RedLemon[58317:480578] [AUTO_EXIT_CHECK] playbackFinished: false, isPlaying: true
2026-01-21 03:07:24.991 RedLemon[58317:480578] [AUTO_EXIT_CHECK] Position: 4471.679999999999s / Duration: 5406.99s
2026-01-21 03:07:24.991 RedLemon[58317:480578] [AUTO_EXIT_CHECK] Checking EOF conditions...
2026-01-21 03:07:24.991 RedLemon[58317:480578] [AUTO_EXIT_CHECK] No exit condition met - continuing to monitor...
2026-01-21 03:07:25.992 RedLemon[58317:480578] [AUTO_EXIT_CHECK] isEventPlayback: true
2026-01-21 03:07:25.992 RedLemon[58317:480578] [AUTO_EXIT_CHECK] isLoading: false, isResolvingStream: false
2026-01-21 03:07:25.992 RedLemon[58317:480578] [AUTO_EXIT_CHECK] playbackFinished: false, isPlaying: true
2026-01-21 03:07:25.992 RedLemon[58317:480578] [AUTO_EXIT_CHECK] Position: 4472.556s / Duration: 5406.99s
2026-01-21 03:07:25.992 RedLemon[58317:480578] [AUTO_EXIT_CHECK] Checking EOF conditions...
2026-01-21 03:07:25.993 RedLemon[58317:480578] [AUTO_EXIT_CHECK] No exit condition met - continuing to monitor...
2026-01-21 03:07:27.034 RedLemon[58317:480578] [AUTO_EXIT_CHECK] isEventPlayback: true
2026-01-21 03:07:27.035 RedLemon[58317:480578] [AUTO_EXIT_CHECK] isLoading: false, isResolvingStream: false
2026-01-21 03:07:27.035 RedLemon[58317:480578] [AUTO_EXIT_CHECK] playbackFinished: false, isPlaying: true
2026-01-21 03:07:27.035 RedLemon[58317:480578] [AUTO_EXIT_CHECK] Position: 4473.723s / Duration: 5406.99s
2026-01-21 03:07:27.035 RedLemon[58317:480578] [AUTO_EXIT_CHECK] Checking EOF conditions...
2026-01-21 03:07:27.035 RedLemon[58317:480578] [AUTO_EXIT_CHECK] No exit condition met - continuing to monitor...
2026-01-21 03:07:28.036 RedLemon[58317:480578] [AUTO_EXIT_CHECK] isEventPlayback: true
2026-01-21 03:07:28.036 RedLemon[58317:480578] [AUTO_EXIT_CHECK] isLoading: false, isResolvingStream: false
2026-01-21 03:07:28.036 RedLemon[58317:480578] [AUTO_EXIT_CHECK] playbackFinished: false, isPlaying: true
2026-01-21 03:07:28.036 RedLemon[58317:480578] [AUTO_EXIT_CHECK] Position: 4474.599999999999s / Duration: 5406.99s
2026-01-21 03:07:28.036 RedLemon[58317:480578] [AUTO_EXIT_CHECK] Checking EOF conditions...
2026-01-21 03:07:28.036 RedLemon[58317:480578] [AUTO_EXIT_CHECK] No exit condition met - continuing to monitor...
2026-01-21 03:07:28.993 RedLemon[58317:480578] [AUTO_EXIT_CHECK] isEventPlayback: true
2026-01-21 03:07:28.993 RedLemon[58317:480578] [AUTO_EXIT_CHECK] isLoading: false, isResolvingStream: false
2026-01-21 03:07:28.993 RedLemon[58317:480578] [AUTO_EXIT_CHECK] playbackFinished: false, isPlaying: true
2026-01-21 03:07:28.993 RedLemon[58317:480578] [AUTO_EXIT_CHECK] Position: 4475.767s / Duration: 5406.99s
2026-01-21 03:07:28.994 RedLemon[58317:480578] [AUTO_EXIT_CHECK] Checking EOF conditions...
2026-01-21 03:07:28.994 RedLemon[58317:480578] [AUTO_EXIT_CHECK] No exit condition met - continuing to monitor...
2026-01-21 03:07:29.990 RedLemon[58317:480578] [AUTO_EXIT_CHECK] isEventPlayback: true
2026-01-21 03:07:29.990 RedLemon[58317:480578] [AUTO_EXIT_CHECK] isLoading: false, isResolvingStream: false
2026-01-21 03:07:29.990 RedLemon[58317:480578] [AUTO_EXIT_CHECK] playbackFinished: false, isPlaying: true
2026-01-21 03:07:29.990 RedLemon[58317:480578] [AUTO_EXIT_CHECK] Position: 4476.643s / Duration: 5406.99s
2026-01-21 03:07:29.991 RedLemon[58317:480578] [AUTO_EXIT_CHECK] Checking EOF conditions...
2026-01-21 03:07:29.991 RedLemon[58317:480578] [AUTO_EXIT_CHECK] No exit condition met - continuing to monitor...
2026-01-21 03:07:30.989 RedLemon[58317:480578] [AUTO_EXIT_CHECK] isEventPlayback: true
2026-01-21 03:07:30.989 RedLemon[58317:480578] [AUTO_EXIT_CHECK] isLoading: false, isResolvingStream: false
2026-01-21 03:07:30.989 RedLemon[58317:480578] [AUTO_EXIT_CHECK] playbackFinished: false, isPlaying: true
2026-01-21 03:07:30.989 RedLemon[58317:480578] [AUTO_EXIT_CHECK] Position: 4477.519s / Duration: 5406.99s
2026-01-21 03:07:30.990 RedLemon[58317:480578] [AUTO_EXIT_CHECK] Checking EOF conditions...
2026-01-21 03:07:30.990 RedLemon[58317:480578] [AUTO_EXIT_CHECK] No exit condition met - continuing to monitor...
2026-01-21 03:07:31.988 RedLemon[58317:480578] [AUTO_EXIT_CHECK] isEventPlayback: true
2026-01-21 03:07:31.988 RedLemon[58317:480578] [AUTO_EXIT_CHECK] isLoading: false, isResolvingStream: false
2026-01-21 03:07:31.988 RedLemon[58317:480578] [AUTO_EXIT_CHECK] playbackFinished: false, isPlaying: true
2026-01-21 03:07:31.988 RedLemon[58317:480578] [AUTO_EXIT_CHECK] Position: 4478.687s / Duration: 5406.99s
2026-01-21 03:07:31.988 RedLemon[58317:480578] [AUTO_EXIT_CHECK] Checking EOF conditions...
2026-01-21 03:07:31.989 RedLemon[58317:480578] [AUTO_EXIT_CHECK] No exit condition met - continuing to monitor...
2026-01-21 03:07:33.027 RedLemon[58317:480578] [AUTO_EXIT_CHECK] isEventPlayback: true
2026-01-21 03:07:33.027 RedLemon[58317:480578] [AUTO_EXIT_CHECK] isLoading: false, isResolvingStream: false
2026-01-21 03:07:33.028 RedLemon[58317:480578] [AUTO_EXIT_CHECK] playbackFinished: false, isPlaying: true
2026-01-21 03:07:33.028 RedLemon[58317:480578] [AUTO_EXIT_CHECK] Position: 4479.563s / Duration: 5406.99s
2026-01-21 03:07:33.028 RedLemon[58317:480578] [AUTO_EXIT_CHECK] Checking EOF conditions...
2026-01-21 03:07:33.028 RedLemon[58317:480578] [AUTO_EXIT_CHECK] No exit condition met - continuing to monitor...
2026-01-21 03:07:33.985 RedLemon[58317:480578] [AUTO_EXIT_CHECK] isEventPlayback: true
2026-01-21 03:07:33.985 RedLemon[58317:480578] [AUTO_EXIT_CHECK] isLoading: false, isResolvingStream: false
2026-01-21 03:07:33.985 RedLemon[58317:480578] [AUTO_EXIT_CHECK] playbackFinished: false, isPlaying: true
2026-01-21 03:07:33.986 RedLemon[58317:480578] [AUTO_EXIT_CHECK] Position: 4480.731s / Duration: 5406.99s
2026-01-21 03:07:33.986 RedLemon[58317:480578] [AUTO_EXIT_CHECK] Checking EOF conditions...
2026-01-21 03:07:33.986 RedLemon[58317:480578] [AUTO_EXIT_CHECK] No exit condition met - continuing to monitor...
2026-01-21 03:07:34.984 RedLemon[58317:480578] [AUTO_EXIT_CHECK] isEventPlayback: true
2026-01-21 03:07:34.984 RedLemon[58317:480578] [AUTO_EXIT_CHECK] isLoading: false, isResolvingStream: false
2026-01-21 03:07:34.984 RedLemon[58317:480578] [AUTO_EXIT_CHECK] playbackFinished: false, isPlaying: true
2026-01-21 03:07:34.984 RedLemon[58317:480578] [AUTO_EXIT_CHECK] Position: 4481.606s / Duration: 5406.99s
2026-01-21 03:07:34.984 RedLemon[58317:480578] [AUTO_EXIT_CHECK] Checking EOF conditions...
2026-01-21 03:07:34.984 RedLemon[58317:480578] [AUTO_EXIT_CHECK] No exit condition met - continuing to monitor...
2026-01-21 03:07:35.983 RedLemon[58317:480578] [AUTO_EXIT_CHECK] isEventPlayback: true
2026-01-21 03:07:35.983 RedLemon[58317:480578] [AUTO_EXIT_CHECK] isLoading: false, isResolvingStream: false
2026-01-21 03:07:35.983 RedLemon[58317:480578] [AUTO_EXIT_CHECK] playbackFinished: false, isPlaying: true
2026-01-21 03:07:35.983 RedLemon[58317:480578] [AUTO_EXIT_CHECK] Position: 4482.773999999999s / Duration: 5406.99s
2026-01-21 03:07:35.983 RedLemon[58317:480578] [AUTO_EXIT_CHECK] Checking EOF conditions...
2026-01-21 03:07:35.983 RedLemon[58317:480578] [AUTO_EXIT_CHECK] No exit condition met - continuing to monitor...
2026-01-21 03:07:37.023 RedLemon[58317:480578] [AUTO_EXIT_CHECK] isEventPlayback: true
2026-01-21 03:07:37.023 RedLemon[58317:480578] [AUTO_EXIT_CHECK] isLoading: false, isResolvingStream: false
2026-01-21 03:07:37.023 RedLemon[58317:480578] [AUTO_EXIT_CHECK] playbackFinished: false, isPlaying: true
2026-01-21 03:07:37.024 RedLemon[58317:480578] [AUTO_EXIT_CHECK] Position: 4483.65s / Duration: 5406.99s
2026-01-21 03:07:37.024 RedLemon[58317:480578] [AUTO_EXIT_CHECK] Checking EOF conditions...
2026-01-21 03:07:37.024 RedLemon[58317:480578] [AUTO_EXIT_CHECK] No exit condition met - continuing to monitor...
2026-01-21 03:07:38.024 RedLemon[58317:480578] [AUTO_EXIT_CHECK] isEventPlayback: true
2026-01-21 03:07:38.024 RedLemon[58317:480578] [AUTO_EXIT_CHECK] isLoading: false, isResolvingStream: false
2026-01-21 03:07:38.024 RedLemon[58317:480578] [AUTO_EXIT_CHECK] playbackFinished: false, isPlaying: true
2026-01-21 03:07:38.025 RedLemon[58317:480578] [AUTO_EXIT_CHECK] Position: 4484.818s / Duration: 5406.99s
2026-01-21 03:07:38.025 RedLemon[58317:480578] [AUTO_EXIT_CHECK] Checking EOF conditions...
2026-01-21 03:07:38.025 RedLemon[58317:480578] [AUTO_EXIT_CHECK] No exit condition met - continuing to monitor...
2026-01-21 03:07:38.980 RedLemon[58317:480578] [AUTO_EXIT_CHECK] isEventPlayback: true
2026-01-21 03:07:38.980 RedLemon[58317:480578] [AUTO_EXIT_CHECK] isLoading: false, isResolvingStream: false
2026-01-21 03:07:38.980 RedLemon[58317:480578] [AUTO_EXIT_CHECK] playbackFinished: false, isPlaying: true
2026-01-21 03:07:38.980 RedLemon[58317:480578] [AUTO_EXIT_CHECK] Position: 4485.6939999999995s / Duration: 5406.99s
2026-01-21 03:07:38.981 RedLemon[58317:480578] [AUTO_EXIT_CHECK] Checking EOF conditions...
2026-01-21 03:07:38.981 RedLemon[58317:480578] [AUTO_EXIT_CHECK] No exit condition met - continuing to monitor...
2026-01-21 03:07:39.940 RedLemon[58317:480578] [AUTO_EXIT_CHECK] isEventPlayback: true
2026-01-21 03:07:39.940 RedLemon[58317:480578] [AUTO_EXIT_CHECK] isLoading: false, isResolvingStream: false
2026-01-21 03:07:39.940 RedLemon[58317:480578] [AUTO_EXIT_CHECK] playbackFinished: false, isPlaying: true
2026-01-21 03:07:39.940 RedLemon[58317:480578] [AUTO_EXIT_CHECK] Position: 4486.57s / Duration: 5406.99s
2026-01-21 03:07:39.941 RedLemon[58317:480578] [AUTO_EXIT_CHECK] Checking EOF conditions...
2026-01-21 03:07:39.941 RedLemon[58317:480578] [AUTO_EXIT_CHECK] No exit condition met - continuing to monitor...
2026-01-21 03:07:40.981 RedLemon[58317:480578] [AUTO_EXIT_CHECK] isEventPlayback: true
2026-01-21 03:07:40.981 RedLemon[58317:480578] [AUTO_EXIT_CHECK] isLoading: false, isResolvingStream: false
2026-01-21 03:07:40.981 RedLemon[58317:480578] [AUTO_EXIT_CHECK] playbackFinished: false, isPlaying: true
2026-01-21 03:07:40.981 RedLemon[58317:480578] [AUTO_EXIT_CHECK] Position: 4487.737999999999s / Duration: 5406.99s
2026-01-21 03:07:40.981 RedLemon[58317:480578] [AUTO_EXIT_CHECK] Checking EOF conditions...
2026-01-21 03:07:40.981 RedLemon[58317:480578] [AUTO_EXIT_CHECK] No exit condition met - continuing to monitor...
2026-01-21 03:07:41.979 RedLemon[58317:480578] [AUTO_EXIT_CHECK] isEventPlayback: true
2026-01-21 03:07:41.979 RedLemon[58317:480578] [AUTO_EXIT_CHECK] isLoading: false, isResolvingStream: false
2026-01-21 03:07:41.979 RedLemon[58317:480578] [AUTO_EXIT_CHECK] playbackFinished: false, isPlaying: true
2026-01-21 03:07:41.979 RedLemon[58317:480578] [AUTO_EXIT_CHECK] Position: 4488.612999999999s / Duration: 5406.99s
2026-01-21 03:07:41.979 RedLemon[58317:480578] [AUTO_EXIT_CHECK] Checking EOF conditions...
2026-01-21 03:07:41.980 RedLemon[58317:480578] [AUTO_EXIT_CHECK] No exit condition met - continuing to monitor...
2026-01-21 03:07:42.938 RedLemon[58317:480578] [AUTO_EXIT_CHECK] isEventPlayback: true
2026-01-21 03:07:42.938 RedLemon[58317:480578] [AUTO_EXIT_CHECK] isLoading: false, isResolvingStream: false
2026-01-21 03:07:42.938 RedLemon[58317:480578] [AUTO_EXIT_CHECK] playbackFinished: false, isPlaying: true
2026-01-21 03:07:42.938 RedLemon[58317:480578] [AUTO_EXIT_CHECK] Position: 4489.489s / Duration: 5406.99s
2026-01-21 03:07:42.939 RedLemon[58317:480578] [AUTO_EXIT_CHECK] Checking EOF conditions...
2026-01-21 03:07:42.939 RedLemon[58317:480578] [AUTO_EXIT_CHECK] No exit condition met - continuing to monitor...
2026-01-21 03:07:43.940 RedLemon[58317:480578] [AUTO_EXIT_CHECK] isEventPlayback: true
2026-01-21 03:07:43.940 RedLemon[58317:480578] [AUTO_EXIT_CHECK] isLoading: false, isResolvingStream: false
2026-01-21 03:07:43.940 RedLemon[58317:480578] [AUTO_EXIT_CHECK] playbackFinished: false, isPlaying: true
2026-01-21 03:07:43.940 RedLemon[58317:480578] [AUTO_EXIT_CHECK] Position: 4490.657s / Duration: 5406.99s
2026-01-21 03:07:43.940 RedLemon[58317:480578] [AUTO_EXIT_CHECK] Checking EOF conditions...
2026-01-21 03:07:43.940 RedLemon[58317:480578] [AUTO_EXIT_CHECK] No exit condition met - continuing to monitor...
2026-01-21 03:07:44.940 RedLemon[58317:480578] [AUTO_EXIT_CHECK] isEventPlayback: true
2026-01-21 03:07:44.940 RedLemon[58317:480578] [AUTO_EXIT_CHECK] isLoading: false, isResolvingStream: false
2026-01-21 03:07:44.940 RedLemon[58317:480578] [AUTO_EXIT_CHECK] playbackFinished: false, isPlaying: true
2026-01-21 03:07:44.940 RedLemon[58317:480578] [AUTO_EXIT_CHECK] Position: 4491.532999999999s / Duration: 5406.99s
2026-01-21 03:07:44.940 RedLemon[58317:480578] [AUTO_EXIT_CHECK] Checking EOF conditions...
2026-01-21 03:07:44.941 RedLemon[58317:480578] [AUTO_EXIT_CHECK] No exit condition met - continuing to monitor...
2026-01-21 03:07:45.980 RedLemon[58317:480578] [AUTO_EXIT_CHECK] isEventPlayback: true
2026-01-21 03:07:45.981 RedLemon[58317:480578] [AUTO_EXIT_CHECK] isLoading: false, isResolvingStream: false
2026-01-21 03:07:45.981 RedLemon[58317:480578] [AUTO_EXIT_CHECK] playbackFinished: false, isPlaying: true
2026-01-21 03:07:45.981 RedLemon[58317:480578] [AUTO_EXIT_CHECK] Position: 4492.701s / Duration: 5406.99s
2026-01-21 03:07:45.981 RedLemon[58317:480578] [AUTO_EXIT_CHECK] Checking EOF conditions...
2026-01-21 03:07:45.981 RedLemon[58317:480578] [AUTO_EXIT_CHECK] No exit condition met - continuing to monitor...
2026-01-21 03:07:47.062 RedLemon[58317:480578] [AUTO_EXIT_CHECK] isEventPlayback: true
2026-01-21 03:07:47.063 RedLemon[58317:480578] [AUTO_EXIT_CHECK] isLoading: false, isResolvingStream: false
2026-01-21 03:07:47.063 RedLemon[58317:480578] [AUTO_EXIT_CHECK] playbackFinished: false, isPlaying: true
2026-01-21 03:07:47.063 RedLemon[58317:480578] [AUTO_EXIT_CHECK] Position: 4493.869s / Duration: 5406.99s
2026-01-21 03:07:47.063 RedLemon[58317:480578] [AUTO_EXIT_CHECK] Checking EOF conditions...
2026-01-21 03:07:47.064 RedLemon[58317:480578] [AUTO_EXIT_CHECK] No exit condition met - continuing to monitor...
2026-01-21 03:07:47.938 RedLemon[58317:480578] [AUTO_EXIT_CHECK] isEventPlayback: true
2026-01-21 03:07:47.938 RedLemon[58317:480578] [AUTO_EXIT_CHECK] isLoading: false, isResolvingStream: false
2026-01-21 03:07:47.938 RedLemon[58317:480578] [AUTO_EXIT_CHECK] playbackFinished: false, isPlaying: true
2026-01-21 03:07:47.938 RedLemon[58317:480578] [AUTO_EXIT_CHECK] Position: 4494.745s / Duration: 5406.99s
2026-01-21 03:07:47.938 RedLemon[58317:480578] [AUTO_EXIT_CHECK] Checking EOF conditions...
2026-01-21 03:07:47.939 RedLemon[58317:480578] [AUTO_EXIT_CHECK] No exit condition met - continuing to monitor...
2026-01-21 03:07:48.941 RedLemon[58317:480578] [AUTO_EXIT_CHECK] isEventPlayback: true
2026-01-21 03:07:48.941 RedLemon[58317:480578] [AUTO_EXIT_CHECK] isLoading: false, isResolvingStream: false
2026-01-21 03:07:48.941 RedLemon[58317:480578] [AUTO_EXIT_CHECK] playbackFinished: false, isPlaying: true
2026-01-21 03:07:48.941 RedLemon[58317:480578] [AUTO_EXIT_CHECK] Position: 4495.621s / Duration: 5406.99s
2026-01-21 03:07:48.941 RedLemon[58317:480578] [AUTO_EXIT_CHECK] Checking EOF conditions...
2026-01-21 03:07:48.941 RedLemon[58317:480578] [AUTO_EXIT_CHECK] No exit condition met - continuing to monitor...
2026-01-21 03:07:49.939 RedLemon[58317:480578] [AUTO_EXIT_CHECK] isEventPlayback: true
2026-01-21 03:07:49.940 RedLemon[58317:480578] [AUTO_EXIT_CHECK] isLoading: false, isResolvingStream: false
2026-01-21 03:07:49.940 RedLemon[58317:480578] [AUTO_EXIT_CHECK] playbackFinished: false, isPlaying: true
2026-01-21 03:07:49.940 RedLemon[58317:480578] [AUTO_EXIT_CHECK] Position: 4496.496s / Duration: 5406.99s
2026-01-21 03:07:49.940 RedLemon[58317:480578] [AUTO_EXIT_CHECK] Checking EOF conditions...
2026-01-21 03:07:49.940 RedLemon[58317:480578] [AUTO_EXIT_CHECK] No exit condition met - continuing to monitor...
2026-01-21 03:07:51.022 RedLemon[58317:480578] [AUTO_EXIT_CHECK] isEventPlayback: true
2026-01-21 03:07:51.023 RedLemon[58317:480578] [AUTO_EXIT_CHECK] isLoading: false, isResolvingStream: false
2026-01-21 03:07:51.023 RedLemon[58317:480578] [AUTO_EXIT_CHECK] playbackFinished: false, isPlaying: true
2026-01-21 03:07:51.023 RedLemon[58317:480578] [AUTO_EXIT_CHECK] Position: 4497.664s / Duration: 5406.99s
2026-01-21 03:07:51.023 RedLemon[58317:480578] [AUTO_EXIT_CHECK] Checking EOF conditions...
2026-01-21 03:07:51.024 RedLemon[58317:480578] [AUTO_EXIT_CHECK] No exit condition met - continuing to monitor...
2026-01-21 03:07:52.107 RedLemon[58317:480578] [AUTO_EXIT_CHECK] isEventPlayback: true
2026-01-21 03:07:52.107 RedLemon[58317:480578] [AUTO_EXIT_CHECK] isLoading: false, isResolvingStream: false
2026-01-21 03:07:52.107 RedLemon[58317:480578] [AUTO_EXIT_CHECK] playbackFinished: false, isPlaying: true
2026-01-21 03:07:52.108 RedLemon[58317:480578] [AUTO_EXIT_CHECK] Position: 4498.831999999999s / Duration: 5406.99s
2026-01-21 03:07:52.108 RedLemon[58317:480578] [AUTO_EXIT_CHECK] Checking EOF conditions...
2026-01-21 03:07:52.108 RedLemon[58317:480578] [AUTO_EXIT_CHECK] No exit condition met - continuing to monitor...
2026-01-21 03:07:52.940 RedLemon[58317:480578] [AUTO_EXIT_CHECK] isEventPlayback: true
2026-01-21 03:07:52.940 RedLemon[58317:480578] [AUTO_EXIT_CHECK] isLoading: false, isResolvingStream: false
2026-01-21 03:07:52.940 RedLemon[58317:480578] [AUTO_EXIT_CHECK] playbackFinished: false, isPlaying: true
2026-01-21 03:07:52.940 RedLemon[58317:480578] [AUTO_EXIT_CHECK] Position: 4499.708s / Duration: 5406.99s
2026-01-21 03:07:52.940 RedLemon[58317:480578] [AUTO_EXIT_CHECK] Checking EOF conditions...
2026-01-21 03:07:52.940 RedLemon[58317:480578] [AUTO_EXIT_CHECK] No exit condition met - continuing to monitor...
2026-01-21 03:07:53.690 RedLemon[58317:480668] 🔐 SupabaseClient: Signing Identity Payload: '1768982873656daa91-33b4-4688-9135-c982ea52d7c9/rpc/room_heartbeat'
2026-01-21 03:07:53.691 RedLemon[58317:480668] 🔐 Signed request to /rpc/room_heartbeat
2026-01-21 03:07:53.942 RedLemon[58317:480578] [AUTO_EXIT_CHECK] isEventPlayback: true
2026-01-21 03:07:53.942 RedLemon[58317:480578] [AUTO_EXIT_CHECK] isLoading: false, isResolvingStream: false
2026-01-21 03:07:53.943 RedLemon[58317:480578] [AUTO_EXIT_CHECK] playbackFinished: false, isPlaying: true
2026-01-21 03:07:53.943 RedLemon[58317:480578] [AUTO_EXIT_CHECK] Position: 4500.583s / Duration: 5406.99s
2026-01-21 03:07:53.943 RedLemon[58317:480578] [AUTO_EXIT_CHECK] Checking EOF conditions...
2026-01-21 03:07:53.943 RedLemon[58317:480578] [AUTO_EXIT_CHECK] No exit condition met - continuing to monitor...
2026-01-21 03:07:54.983 RedLemon[58317:480578] [AUTO_EXIT_CHECK] isEventPlayback: true
2026-01-21 03:07:54.984 RedLemon[58317:480578] [AUTO_EXIT_CHECK] isLoading: false, isResolvingStream: false
2026-01-21 03:07:54.984 RedLemon[58317:480578] [AUTO_EXIT_CHECK] playbackFinished: false, isPlaying: true
2026-01-21 03:07:54.984 RedLemon[58317:480578] [AUTO_EXIT_CHECK] Position: 4501.7519999999995s / Duration: 5406.99s
2026-01-21 03:07:54.984 RedLemon[58317:480578] [AUTO_EXIT_CHECK] Checking EOF conditions...
2026-01-21 03:07:54.984 RedLemon[58317:480578] [AUTO_EXIT_CHECK] No exit condition met - continuing to monitor...
2026-01-21 03:07:55.984 RedLemon[58317:480578] [AUTO_EXIT_CHECK] isEventPlayback: true
2026-01-21 03:07:55.985 RedLemon[58317:480578] [AUTO_EXIT_CHECK] isLoading: false, isResolvingStream: false
2026-01-21 03:07:55.985 RedLemon[58317:480578] [AUTO_EXIT_CHECK] playbackFinished: false, isPlaying: true
2026-01-21 03:07:55.985 RedLemon[58317:480578] [AUTO_EXIT_CHECK] Position: 4502.6269999999995s / Duration: 5406.99s
2026-01-21 03:07:55.985 RedLemon[58317:480578] [AUTO_EXIT_CHECK] Checking EOF conditions...
2026-01-21 03:07:55.986 RedLemon[58317:480578] [AUTO_EXIT_CHECK] No exit condition met - continuing to monitor...
2026-01-21 03:07:56.941 RedLemon[58317:480578] [AUTO_EXIT_CHECK] isEventPlayback: true
2026-01-21 03:07:56.941 RedLemon[58317:480578] [AUTO_EXIT_CHECK] isLoading: false, isResolvingStream: false
2026-01-21 03:07:56.941 RedLemon[58317:480578] [AUTO_EXIT_CHECK] playbackFinished: false, isPlaying: true
2026-01-21 03:07:56.941 RedLemon[58317:480578] [AUTO_EXIT_CHECK] Position: 4503.503s / Duration: 5406.99s
2026-01-21 03:07:56.941 RedLemon[58317:480578] [AUTO_EXIT_CHECK] Checking EOF conditions...
2026-01-21 03:07:56.941 RedLemon[58317:480578] [AUTO_EXIT_CHECK] No exit condition met - continuing to monitor...
2026-01-21 03:07:57.944 RedLemon[58317:480578] [AUTO_EXIT_CHECK] isEventPlayback: true
2026-01-21 03:07:57.944 RedLemon[58317:480578] [AUTO_EXIT_CHECK] isLoading: false, isResolvingStream: false
2026-01-21 03:07:57.944 RedLemon[58317:480578] [AUTO_EXIT_CHECK] playbackFinished: false, isPlaying: true
2026-01-21 03:07:57.944 RedLemon[58317:480578] [AUTO_EXIT_CHECK] Position: 4504.670999999999s / Duration: 5406.99s
2026-01-21 03:07:57.945 RedLemon[58317:480578] [AUTO_EXIT_CHECK] Checking EOF conditions...
2026-01-21 03:07:57.945 RedLemon[58317:480578] [AUTO_EXIT_CHECK] No exit condition met - continuing to monitor...
2026-01-21 03:07:58.943 RedLemon[58317:480578] [AUTO_EXIT_CHECK] isEventPlayback: true
2026-01-21 03:07:58.944 RedLemon[58317:480578] [AUTO_EXIT_CHECK] isLoading: false, isResolvingStream: false
2026-01-21 03:07:58.944 RedLemon[58317:480578] [AUTO_EXIT_CHECK] playbackFinished: false, isPlaying: true
2026-01-21 03:07:58.944 RedLemon[58317:480578] [AUTO_EXIT_CHECK] Position: 4505.547s / Duration: 5406.99s
2026-01-21 03:07:58.944 RedLemon[58317:480578] [AUTO_EXIT_CHECK] Checking EOF conditions...
2026-01-21 03:07:58.944 RedLemon[58317:480578] [AUTO_EXIT_CHECK] No exit condition met - continuing to monitor...
2026-01-21 03:07:59.944 RedLemon[58317:480578] [AUTO_EXIT_CHECK] isEventPlayback: true
2026-01-21 03:07:59.944 RedLemon[58317:480578] [AUTO_EXIT_CHECK] isLoading: false, isResolvingStream: false
2026-01-21 03:07:59.944 RedLemon[58317:480578] [AUTO_EXIT_CHECK] playbackFinished: false, isPlaying: true
2026-01-21 03:07:59.944 RedLemon[58317:480578] [AUTO_EXIT_CHECK] Position: 4506.715s / Duration: 5406.99s
2026-01-21 03:07:59.944 RedLemon[58317:480578] [AUTO_EXIT_CHECK] Checking EOF conditions...
2026-01-21 03:07:59.945 RedLemon[58317:480578] [AUTO_EXIT_CHECK] No exit condition met - continuing to monitor...
2026-01-21 03:08:00.986 RedLemon[58317:480578] [AUTO_EXIT_CHECK] isEventPlayback: true
2026-01-21 03:08:00.986 RedLemon[58317:480578] [AUTO_EXIT_CHECK] isLoading: false, isResolvingStream: false
2026-01-21 03:08:00.986 RedLemon[58317:480578] [AUTO_EXIT_CHECK] playbackFinished: false, isPlaying: true
2026-01-21 03:08:00.987 RedLemon[58317:480578] [AUTO_EXIT_CHECK] Position: 4507.590999999999s / Duration: 5406.99s
2026-01-21 03:08:00.987 RedLemon[58317:480578] [AUTO_EXIT_CHECK] Checking EOF conditions...
2026-01-21 03:08:00.987 RedLemon[58317:480578] [AUTO_EXIT_CHECK] No exit condition met - continuing to monitor...
2026-01-21 03:08:01.944 RedLemon[58317:480578] [AUTO_EXIT_CHECK] isEventPlayback: true
2026-01-21 03:08:01.944 RedLemon[58317:480578] [AUTO_EXIT_CHECK] isLoading: false, isResolvingStream: false
2026-01-21 03:08:01.944 RedLemon[58317:480578] [AUTO_EXIT_CHECK] playbackFinished: false, isPlaying: true
2026-01-21 03:08:01.944 RedLemon[58317:480578] [AUTO_EXIT_CHECK] Position: 4508.758s / Duration: 5406.99s
2026-01-21 03:08:01.945 RedLemon[58317:480578] [AUTO_EXIT_CHECK] Checking EOF conditions...
2026-01-21 03:08:01.945 RedLemon[58317:480578] [AUTO_EXIT_CHECK] No exit condition met - continuing to monitor...
2026-01-21 03:08:02.945 RedLemon[58317:480578] [AUTO_EXIT_CHECK] isEventPlayback: true
2026-01-21 03:08:02.946 RedLemon[58317:480578] [AUTO_EXIT_CHECK] isLoading: false, isResolvingStream: false
2026-01-21 03:08:02.946 RedLemon[58317:480578] [AUTO_EXIT_CHECK] playbackFinished: false, isPlaying: true
2026-01-21 03:08:02.946 RedLemon[58317:480578] [AUTO_EXIT_CHECK] Position: 4509.635s / Duration: 5406.99s
2026-01-21 03:08:02.946 RedLemon[58317:480578] [AUTO_EXIT_CHECK] Checking EOF conditions...
2026-01-21 03:08:02.947 RedLemon[58317:480578] [AUTO_EXIT_CHECK] No exit condition met - continuing to monitor...
2026-01-21 03:08:03.945 RedLemon[58317:480578] [AUTO_EXIT_CHECK] isEventPlayback: true
2026-01-21 03:08:03.945 RedLemon[58317:480578] [AUTO_EXIT_CHECK] isLoading: false, isResolvingStream: false
2026-01-21 03:08:03.945 RedLemon[58317:480578] [AUTO_EXIT_CHECK] playbackFinished: false, isPlaying: true
2026-01-21 03:08:03.945 RedLemon[58317:480578] [AUTO_EXIT_CHECK] Position: 4510.51s / Duration: 5406.99s
2026-01-21 03:08:03.945 RedLemon[58317:480578] [AUTO_EXIT_CHECK] Checking EOF conditions...
2026-01-21 03:08:03.946 RedLemon[58317:480578] [AUTO_EXIT_CHECK] No exit condition met - continuing to monitor...
2026-01-21 03:08:05.029 RedLemon[58317:480578] [AUTO_EXIT_CHECK] isEventPlayback: true
2026-01-21 03:08:05.029 RedLemon[58317:480578] [AUTO_EXIT_CHECK] isLoading: false, isResolvingStream: false
2026-01-21 03:08:05.029 RedLemon[58317:480578] [AUTO_EXIT_CHECK] playbackFinished: false, isPlaying: true
2026-01-21 03:08:05.029 RedLemon[58317:480578] [AUTO_EXIT_CHECK] Position: 4511.678s / Duration: 5406.99s
2026-01-21 03:08:05.029 RedLemon[58317:480578] [AUTO_EXIT_CHECK] Checking EOF conditions...
2026-01-21 03:08:05.030 RedLemon[58317:480578] [AUTO_EXIT_CHECK] No exit condition met - continuing to monitor...
2026-01-21 03:08:05.989 RedLemon[58317:480578] [AUTO_EXIT_CHECK] isEventPlayback: true
2026-01-21 03:08:05.989 RedLemon[58317:480578] [AUTO_EXIT_CHECK] isLoading: false, isResolvingStream: false
2026-01-21 03:08:05.989 RedLemon[58317:480578] [AUTO_EXIT_CHECK] playbackFinished: false, isPlaying: true
2026-01-21 03:08:05.989 RedLemon[58317:480578] [AUTO_EXIT_CHECK] Position: 4512.554s / Duration: 5406.99s
2026-01-21 03:08:05.989 RedLemon[58317:480578] [AUTO_EXIT_CHECK] Checking EOF conditions...
2026-01-21 03:08:05.989 RedLemon[58317:480578] [AUTO_EXIT_CHECK] No exit condition met - continuing to monitor...
2026-01-21 03:08:06.949 RedLemon[58317:480578] [AUTO_EXIT_CHECK] isEventPlayback: true
2026-01-21 03:08:06.949 RedLemon[58317:480578] [AUTO_EXIT_CHECK] isLoading: false, isResolvingStream: false
2026-01-21 03:08:06.949 RedLemon[58317:480578] [AUTO_EXIT_CHECK] playbackFinished: false, isPlaying: true
2026-01-21 03:08:06.949 RedLemon[58317:480578] [AUTO_EXIT_CHECK] Position: 4513.722s / Duration: 5406.99s
2026-01-21 03:08:06.949 RedLemon[58317:480578] [AUTO_EXIT_CHECK] Checking EOF conditions...
2026-01-21 03:08:06.949 RedLemon[58317:480578] [AUTO_EXIT_CHECK] No exit condition met - continuing to monitor...
2026-01-21 03:08:07.950 RedLemon[58317:480578] [AUTO_EXIT_CHECK] isEventPlayback: true
2026-01-21 03:08:07.950 RedLemon[58317:480578] [AUTO_EXIT_CHECK] isLoading: false, isResolvingStream: false
2026-01-21 03:08:07.950 RedLemon[58317:480578] [AUTO_EXIT_CHECK] playbackFinished: false, isPlaying: true
2026-01-21 03:08:07.951 RedLemon[58317:480578] [AUTO_EXIT_CHECK] Position: 4514.598s / Duration: 5406.99s
2026-01-21 03:08:07.951 RedLemon[58317:480578] [AUTO_EXIT_CHECK] Checking EOF conditions...
2026-01-21 03:08:07.951 RedLemon[58317:480578] [AUTO_EXIT_CHECK] No exit condition met - continuing to monitor...
2026-01-21 03:08:08.949 RedLemon[58317:480578] [AUTO_EXIT_CHECK] isEventPlayback: true
2026-01-21 03:08:08.949 RedLemon[58317:480578] [AUTO_EXIT_CHECK] isLoading: false, isResolvingStream: false
2026-01-21 03:08:08.949 RedLemon[58317:480578] [AUTO_EXIT_CHECK] playbackFinished: false, isPlaying: true
2026-01-21 03:08:08.949 RedLemon[58317:480578] [AUTO_EXIT_CHECK] Position: 4515.764999999999s / Duration: 5406.99s
2026-01-21 03:08:08.950 RedLemon[58317:480578] [AUTO_EXIT_CHECK] Checking EOF conditions...
2026-01-21 03:08:08.950 RedLemon[58317:480578] [AUTO_EXIT_CHECK] No exit condition met - continuing to monitor...
2026-01-21 03:08:09.993 RedLemon[58317:480578] [AUTO_EXIT_CHECK] isEventPlayback: true
2026-01-21 03:08:09.994 RedLemon[58317:480578] [AUTO_EXIT_CHECK] isLoading: false, isResolvingStream: false
2026-01-21 03:08:09.994 RedLemon[58317:480578] [AUTO_EXIT_CHECK] playbackFinished: false, isPlaying: true
2026-01-21 03:08:09.994 RedLemon[58317:480578] [AUTO_EXIT_CHECK] Position: 4516.641s / Duration: 5406.99s
2026-01-21 03:08:09.994 RedLemon[58317:480578] [AUTO_EXIT_CHECK] Checking EOF conditions...
2026-01-21 03:08:09.995 RedLemon[58317:480578] [AUTO_EXIT_CHECK] No exit condition met - continuing to monitor...
2026-01-21 03:08:10.950 RedLemon[58317:480578] [AUTO_EXIT_CHECK] isEventPlayback: true
2026-01-21 03:08:10.950 RedLemon[58317:480578] [AUTO_EXIT_CHECK] isLoading: false, isResolvingStream: false
2026-01-21 03:08:10.951 RedLemon[58317:480578] [AUTO_EXIT_CHECK] playbackFinished: false, isPlaying: true
2026-01-21 03:08:10.951 RedLemon[58317:480578] [AUTO_EXIT_CHECK] Position: 4517.517s / Duration: 5406.99s
2026-01-21 03:08:10.951 RedLemon[58317:480578] [AUTO_EXIT_CHECK] Checking EOF conditions...
2026-01-21 03:08:10.951 RedLemon[58317:480578] [AUTO_EXIT_CHECK] No exit condition met - continuing to monitor...
2026-01-21 03:08:11.954 RedLemon[58317:480578] [AUTO_EXIT_CHECK] isEventPlayback: true
2026-01-21 03:08:11.955 RedLemon[58317:480578] [AUTO_EXIT_CHECK] isLoading: false, isResolvingStream: false
2026-01-21 03:08:11.955 RedLemon[58317:480578] [AUTO_EXIT_CHECK] playbackFinished: false, isPlaying: true
2026-01-21 03:08:11.955 RedLemon[58317:480578] [AUTO_EXIT_CHECK] Position: 4518.686s / Duration: 5406.99s
2026-01-21 03:08:11.955 RedLemon[58317:480578] [AUTO_EXIT_CHECK] Checking EOF conditions...
2026-01-21 03:08:11.955 RedLemon[58317:480578] [AUTO_EXIT_CHECK] No exit condition met - continuing to monitor...
2026-01-21 03:08:12.953 RedLemon[58317:480578] [AUTO_EXIT_CHECK] isEventPlayback: true
2026-01-21 03:08:12.954 RedLemon[58317:480578] [AUTO_EXIT_CHECK] isLoading: false, isResolvingStream: false
2026-01-21 03:08:12.954 RedLemon[58317:480578] [AUTO_EXIT_CHECK] playbackFinished: false, isPlaying: true
2026-01-21 03:08:12.954 RedLemon[58317:480578] [AUTO_EXIT_CHECK] Position: 4519.561s / Duration: 5406.99s
2026-01-21 03:08:12.954 RedLemon[58317:480578] [AUTO_EXIT_CHECK] Checking EOF conditions...
2026-01-21 03:08:12.954 RedLemon[58317:480578] [AUTO_EXIT_CHECK] No exit condition met - continuing to monitor...
2026-01-21 03:08:13.997 RedLemon[58317:480578] [AUTO_EXIT_CHECK] isEventPlayback: true
2026-01-21 03:08:13.997 RedLemon[58317:480578] [AUTO_EXIT_CHECK] isLoading: false, isResolvingStream: false
2026-01-21 03:08:13.997 RedLemon[58317:480578] [AUTO_EXIT_CHECK] playbackFinished: false, isPlaying: true
2026-01-21 03:08:13.997 RedLemon[58317:480578] [AUTO_EXIT_CHECK] Position: 4520.728999999999s / Duration: 5406.99s
2026-01-21 03:08:13.998 RedLemon[58317:480578] [AUTO_EXIT_CHECK] Checking EOF conditions...
2026-01-21 03:08:13.998 RedLemon[58317:480578] [AUTO_EXIT_CHECK] No exit condition met - continuing to monitor...
2026-01-21 03:08:14.954 RedLemon[58317:480578] [AUTO_EXIT_CHECK] isEventPlayback: true
2026-01-21 03:08:14.954 RedLemon[58317:480578] [AUTO_EXIT_CHECK] isLoading: false, isResolvingStream: false
2026-01-21 03:08:14.954 RedLemon[58317:480578] [AUTO_EXIT_CHECK] playbackFinished: false, isPlaying: true
2026-01-21 03:08:14.955 RedLemon[58317:480578] [AUTO_EXIT_CHECK] Position: 4521.605s / Duration: 5406.99s
2026-01-21 03:08:14.955 RedLemon[58317:480578] [AUTO_EXIT_CHECK] Checking EOF conditions...
2026-01-21 03:08:14.955 RedLemon[58317:480578] [AUTO_EXIT_CHECK] No exit condition met - continuing to monitor...
2026-01-21 03:08:15.956 RedLemon[58317:480578] [AUTO_EXIT_CHECK] isEventPlayback: true
2026-01-21 03:08:15.956 RedLemon[58317:480578] [AUTO_EXIT_CHECK] isLoading: false, isResolvingStream: false
2026-01-21 03:08:15.957 RedLemon[58317:480578] [AUTO_EXIT_CHECK] playbackFinished: false, isPlaying: true
2026-01-21 03:08:15.957 RedLemon[58317:480578] [AUTO_EXIT_CHECK] Position: 4522.773s / Duration: 5406.99s
2026-01-21 03:08:15.957 RedLemon[58317:480578] [AUTO_EXIT_CHECK] Checking EOF conditions...
2026-01-21 03:08:15.957 RedLemon[58317:480578] [AUTO_EXIT_CHECK] No exit condition met - continuing to monitor...
2026-01-21 03:08:16.958 RedLemon[58317:480578] [AUTO_EXIT_CHECK] isEventPlayback: true
2026-01-21 03:08:16.958 RedLemon[58317:480578] [AUTO_EXIT_CHECK] isLoading: false, isResolvingStream: false
2026-01-21 03:08:16.958 RedLemon[58317:480578] [AUTO_EXIT_CHECK] playbackFinished: false, isPlaying: true
2026-01-21 03:08:16.958 RedLemon[58317:480578] [AUTO_EXIT_CHECK] Position: 4523.648s / Duration: 5406.99s
2026-01-21 03:08:16.959 RedLemon[58317:480578] [AUTO_EXIT_CHECK] Checking EOF conditions...
2026-01-21 03:08:16.959 RedLemon[58317:480578] [AUTO_EXIT_CHECK] No exit condition met - continuing to monitor...
2026-01-21 03:08:17.957 RedLemon[58317:480578] [AUTO_EXIT_CHECK] isEventPlayback: true
2026-01-21 03:08:17.957 RedLemon[58317:480578] [AUTO_EXIT_CHECK] isLoading: false, isResolvingStream: false
2026-01-21 03:08:17.957 RedLemon[58317:480578] [AUTO_EXIT_CHECK] playbackFinished: false, isPlaying: true
2026-01-21 03:08:17.957 RedLemon[58317:480578] [AUTO_EXIT_CHECK] Position: 4524.523999999999s / Duration: 5406.99s
2026-01-21 03:08:17.957 RedLemon[58317:480578] [AUTO_EXIT_CHECK] Checking EOF conditions...
2026-01-21 03:08:17.957 RedLemon[58317:480578] [AUTO_EXIT_CHECK] No exit condition met - continuing to monitor...
2026-01-21 03:08:18.959 RedLemon[58317:480578] [AUTO_EXIT_CHECK] isEventPlayback: true
2026-01-21 03:08:18.959 RedLemon[58317:480578] [AUTO_EXIT_CHECK] isLoading: false, isResolvingStream: false
2026-01-21 03:08:18.959 RedLemon[58317:480578] [AUTO_EXIT_CHECK] playbackFinished: false, isPlaying: true
2026-01-21 03:08:18.959 RedLemon[58317:480578] [AUTO_EXIT_CHECK] Position: 4525.692s / Duration: 5406.99s
2026-01-21 03:08:18.959 RedLemon[58317:480578] [AUTO_EXIT_CHECK] Checking EOF conditions...
2026-01-21 03:08:18.959 RedLemon[58317:480578] [AUTO_EXIT_CHECK] No exit condition met - continuing to monitor...
2026-01-21 03:08:20.084 RedLemon[58317:480578] [AUTO_EXIT_CHECK] isEventPlayback: true
2026-01-21 03:08:20.084 RedLemon[58317:480578] [AUTO_EXIT_CHECK] isLoading: false, isResolvingStream: false
2026-01-21 03:08:20.085 RedLemon[58317:480578] [AUTO_EXIT_CHECK] playbackFinished: false, isPlaying: true
2026-01-21 03:08:20.085 RedLemon[58317:480578] [AUTO_EXIT_CHECK] Position: 4526.86s / Duration: 5406.99s
2026-01-21 03:08:20.085 RedLemon[58317:480578] [AUTO_EXIT_CHECK] Checking EOF conditions...
2026-01-21 03:08:20.085 RedLemon[58317:480578] [AUTO_EXIT_CHECK] No exit condition met - continuing to monitor...
2026-01-21 03:08:20.961 RedLemon[58317:480578] [AUTO_EXIT_CHECK] isEventPlayback: true
2026-01-21 03:08:20.961 RedLemon[58317:480578] [AUTO_EXIT_CHECK] isLoading: false, isResolvingStream: false
2026-01-21 03:08:20.961 RedLemon[58317:480578] [AUTO_EXIT_CHECK] playbackFinished: false, isPlaying: true
2026-01-21 03:08:20.961 RedLemon[58317:480578] [AUTO_EXIT_CHECK] Position: 4527.736s / Duration: 5406.99s
2026-01-21 03:08:20.961 RedLemon[58317:480578] [AUTO_EXIT_CHECK] Checking EOF conditions...
2026-01-21 03:08:20.961 RedLemon[58317:480578] [AUTO_EXIT_CHECK] No exit condition met - continuing to monitor...
2026-01-21 03:08:21.920 RedLemon[58317:480578] [AUTO_EXIT_CHECK] isEventPlayback: true
2026-01-21 03:08:21.920 RedLemon[58317:480578] [AUTO_EXIT_CHECK] isLoading: false, isResolvingStream: false
2026-01-21 03:08:21.920 RedLemon[58317:480578] [AUTO_EXIT_CHECK] playbackFinished: false, isPlaying: true
2026-01-21 03:08:21.920 RedLemon[58317:480578] [AUTO_EXIT_CHECK] Position: 4528.612s / Duration: 5406.99s
2026-01-21 03:08:21.920 RedLemon[58317:480578] [AUTO_EXIT_CHECK] Checking EOF conditions...
2026-01-21 03:08:21.920 RedLemon[58317:480578] [AUTO_EXIT_CHECK] No exit condition met - continuing to monitor...
2026-01-21 03:08:22.961 RedLemon[58317:480578] [AUTO_EXIT_CHECK] isEventPlayback: true
2026-01-21 03:08:22.961 RedLemon[58317:480578] [AUTO_EXIT_CHECK] isLoading: false, isResolvingStream: false
2026-01-21 03:08:22.961 RedLemon[58317:480578] [AUTO_EXIT_CHECK] playbackFinished: false, isPlaying: true
2026-01-21 03:08:22.961 RedLemon[58317:480578] [AUTO_EXIT_CHECK] Position: 4529.7789999999995s / Duration: 5406.99s
2026-01-21 03:08:22.962 RedLemon[58317:480578] [AUTO_EXIT_CHECK] Checking EOF conditions...
2026-01-21 03:08:22.962 RedLemon[58317:480578] [AUTO_EXIT_CHECK] No exit condition met - continuing to monitor...
2026-01-21 03:08:24.005 RedLemon[58317:480578] [AUTO_EXIT_CHECK] isEventPlayback: true
2026-01-21 03:08:24.005 RedLemon[58317:480578] [AUTO_EXIT_CHECK] isLoading: false, isResolvingStream: false
2026-01-21 03:08:24.005 RedLemon[58317:480578] [AUTO_EXIT_CHECK] playbackFinished: false, isPlaying: true
2026-01-21 03:08:24.006 RedLemon[58317:480578] [AUTO_EXIT_CHECK] Position: 4530.655s / Duration: 5406.99s
2026-01-21 03:08:24.006 RedLemon[58317:480578] [AUTO_EXIT_CHECK] Checking EOF conditions...
2026-01-21 03:08:24.006 RedLemon[58317:480578] [AUTO_EXIT_CHECK] No exit condition met - continuing to monitor...
2026-01-21 03:08:24.046 RedLemon[58317:480650] 🔐 SupabaseClient: Signing Identity Payload: '1768982904656daa91-33b4-4688-9135-c982ea52d7c9/rpc/room_heartbeat'
2026-01-21 03:08:24.047 RedLemon[58317:480650] 🔐 Signed request to /rpc/room_heartbeat
2026-01-21 03:08:25.049 RedLemon[58317:480578] [AUTO_EXIT_CHECK] isEventPlayback: true
2026-01-21 03:08:25.049 RedLemon[58317:480578] [AUTO_EXIT_CHECK] isLoading: false, isResolvingStream: false
2026-01-21 03:08:25.049 RedLemon[58317:480578] [AUTO_EXIT_CHECK] playbackFinished: false, isPlaying: true
2026-01-21 03:08:25.049 RedLemon[58317:480578] [AUTO_EXIT_CHECK] Position: 4531.824s / Duration: 5406.99s
2026-01-21 03:08:25.050 RedLemon[58317:480578] [AUTO_EXIT_CHECK] Checking EOF conditions...
2026-01-21 03:08:25.050 RedLemon[58317:480578] [AUTO_EXIT_CHECK] No exit condition met - continuing to monitor...
2026-01-21 03:08:25.923 RedLemon[58317:480578] [AUTO_EXIT_CHECK] isEventPlayback: true
2026-01-21 03:08:25.923 RedLemon[58317:480578] [AUTO_EXIT_CHECK] isLoading: false, isResolvingStream: false
2026-01-21 03:08:25.924 RedLemon[58317:480578] [AUTO_EXIT_CHECK] playbackFinished: false, isPlaying: true
2026-01-21 03:08:25.924 RedLemon[58317:480578] [AUTO_EXIT_CHECK] Position: 4532.7s / Duration: 5406.99s
2026-01-21 03:08:25.924 RedLemon[58317:480578] [AUTO_EXIT_CHECK] Checking EOF conditions...
2026-01-21 03:08:25.924 RedLemon[58317:480578] [AUTO_EXIT_CHECK] No exit condition met - continuing to monitor...
2026-01-21 03:08:26.924 RedLemon[58317:480578] [AUTO_EXIT_CHECK] isEventPlayback: true
2026-01-21 03:08:26.924 RedLemon[58317:480578] [AUTO_EXIT_CHECK] isLoading: false, isResolvingStream: false
2026-01-21 03:08:26.924 RedLemon[58317:480578] [AUTO_EXIT_CHECK] playbackFinished: false, isPlaying: true
2026-01-21 03:08:26.924 RedLemon[58317:480578] [AUTO_EXIT_CHECK] Position: 4533.575s / Duration: 5406.99s
2026-01-21 03:08:26.924 RedLemon[58317:480578] [AUTO_EXIT_CHECK] Checking EOF conditions...
2026-01-21 03:08:26.925 RedLemon[58317:480578] [AUTO_EXIT_CHECK] No exit condition met - continuing to monitor...
2026-01-21 03:08:27.925 RedLemon[58317:480578] [AUTO_EXIT_CHECK] isEventPlayback: true
2026-01-21 03:08:27.925 RedLemon[58317:480578] [AUTO_EXIT_CHECK] isLoading: false, isResolvingStream: false
2026-01-21 03:08:27.925 RedLemon[58317:480578] [AUTO_EXIT_CHECK] playbackFinished: false, isPlaying: true
2026-01-21 03:08:27.925 RedLemon[58317:480578] [AUTO_EXIT_CHECK] Position: 4534.7429999999995s / Duration: 5406.99s
2026-01-21 03:08:27.926 RedLemon[58317:480578] [AUTO_EXIT_CHECK] Checking EOF conditions...
2026-01-21 03:08:27.926 RedLemon[58317:480578] [AUTO_EXIT_CHECK] No exit condition met - continuing to monitor...
2026-01-21 03:08:28.968 RedLemon[58317:480578] [AUTO_EXIT_CHECK] isEventPlayback: true
2026-01-21 03:08:28.968 RedLemon[58317:480578] [AUTO_EXIT_CHECK] isLoading: false, isResolvingStream: false
2026-01-21 03:08:28.968 RedLemon[58317:480578] [AUTO_EXIT_CHECK] playbackFinished: false, isPlaying: true
2026-01-21 03:08:28.968 RedLemon[58317:480578] [AUTO_EXIT_CHECK] Position: 4535.577s / Duration: 5406.99s
2026-01-21 03:08:28.968 RedLemon[58317:480578] [AUTO_EXIT_CHECK] Checking EOF conditions...
2026-01-21 03:08:28.969 RedLemon[58317:480578] [AUTO_EXIT_CHECK] No exit condition met - continuing to monitor...
2026-01-21 03:08:29.927 RedLemon[58317:480578] [AUTO_EXIT_CHECK] isEventPlayback: true
2026-01-21 03:08:29.927 RedLemon[58317:480578] [AUTO_EXIT_CHECK] isLoading: false, isResolvingStream: false
2026-01-21 03:08:29.927 RedLemon[58317:480578] [AUTO_EXIT_CHECK] playbackFinished: false, isPlaying: true
2026-01-21 03:08:29.927 RedLemon[58317:480578] [AUTO_EXIT_CHECK] Position: 4536.745s / Duration: 5406.99s
2026-01-21 03:08:29.928 RedLemon[58317:480578] [AUTO_EXIT_CHECK] Checking EOF conditions...
2026-01-21 03:08:29.928 RedLemon[58317:480578] [AUTO_EXIT_CHECK] No exit condition met - continuing to monitor...
2026-01-21 03:08:30.928 RedLemon[58317:480578] [AUTO_EXIT_CHECK] isEventPlayback: true
2026-01-21 03:08:30.928 RedLemon[58317:480578] [AUTO_EXIT_CHECK] isLoading: false, isResolvingStream: false
2026-01-21 03:08:30.928 RedLemon[58317:480578] [AUTO_EXIT_CHECK] playbackFinished: false, isPlaying: true
2026-01-21 03:08:30.928 RedLemon[58317:480578] [AUTO_EXIT_CHECK] Position: 4537.621s / Duration: 5406.99s
2026-01-21 03:08:30.928 RedLemon[58317:480578] [AUTO_EXIT_CHECK] Checking EOF conditions...
2026-01-21 03:08:30.928 RedLemon[58317:480578] [AUTO_EXIT_CHECK] No exit condition met - continuing to monitor...
2026-01-21 03:08:31.930 RedLemon[58317:480578] [AUTO_EXIT_CHECK] isEventPlayback: true
2026-01-21 03:08:31.930 RedLemon[58317:480578] [AUTO_EXIT_CHECK] isLoading: false, isResolvingStream: false
2026-01-21 03:08:31.930 RedLemon[58317:480578] [AUTO_EXIT_CHECK] playbackFinished: false, isPlaying: true
2026-01-21 03:08:31.930 RedLemon[58317:480578] [AUTO_EXIT_CHECK] Position: 4538.496999999999s / Duration: 5406.99s
2026-01-21 03:08:31.930 RedLemon[58317:480578] [AUTO_EXIT_CHECK] Checking EOF conditions...
2026-01-21 03:08:31.930 RedLemon[58317:480578] [AUTO_EXIT_CHECK] No exit condition met - continuing to monitor...
2026-01-21 03:08:33.014 RedLemon[58317:480578] [AUTO_EXIT_CHECK] isEventPlayback: true
2026-01-21 03:08:33.014 RedLemon[58317:480578] [AUTO_EXIT_CHECK] isLoading: false, isResolvingStream: false
2026-01-21 03:08:33.014 RedLemon[58317:480578] [AUTO_EXIT_CHECK] playbackFinished: false, isPlaying: true
2026-01-21 03:08:33.014 RedLemon[58317:480578] [AUTO_EXIT_CHECK] Position: 4539.665s / Duration: 5406.99s
2026-01-21 03:08:33.014 RedLemon[58317:480578] [AUTO_EXIT_CHECK] Checking EOF conditions...
2026-01-21 03:08:33.014 RedLemon[58317:480578] [AUTO_EXIT_CHECK] No exit condition met - continuing to monitor...
2026-01-21 03:08:34.014 RedLemon[58317:480578] [AUTO_EXIT_CHECK] isEventPlayback: true
2026-01-21 03:08:34.014 RedLemon[58317:480578] [AUTO_EXIT_CHECK] isLoading: false, isResolvingStream: false
2026-01-21 03:08:34.014 RedLemon[58317:480578] [AUTO_EXIT_CHECK] playbackFinished: false, isPlaying: true
2026-01-21 03:08:34.015 RedLemon[58317:480578] [AUTO_EXIT_CHECK] Position: 4540.833s / Duration: 5406.99s
2026-01-21 03:08:34.015 RedLemon[58317:480578] [AUTO_EXIT_CHECK] Checking EOF conditions...
2026-01-21 03:08:34.015 RedLemon[58317:480578] [AUTO_EXIT_CHECK] No exit condition met - continuing to monitor...
2026-01-21 03:08:34.932 RedLemon[58317:480578] [AUTO_EXIT_CHECK] isEventPlayback: true
2026-01-21 03:08:34.932 RedLemon[58317:480578] [AUTO_EXIT_CHECK] isLoading: false, isResolvingStream: false
2026-01-21 03:08:34.932 RedLemon[58317:480578] [AUTO_EXIT_CHECK] playbackFinished: false, isPlaying: true
2026-01-21 03:08:34.932 RedLemon[58317:480578] [AUTO_EXIT_CHECK] Position: 4541.708s / Duration: 5406.99s
2026-01-21 03:08:34.932 RedLemon[58317:480578] [AUTO_EXIT_CHECK] Checking EOF conditions...
2026-01-21 03:08:34.933 RedLemon[58317:480578] [AUTO_EXIT_CHECK] No exit condition met - continuing to monitor...
2026-01-21 03:08:35.931 RedLemon[58317:480578] [AUTO_EXIT_CHECK] isEventPlayback: true
2026-01-21 03:08:35.931 RedLemon[58317:480578] [AUTO_EXIT_CHECK] isLoading: false, isResolvingStream: false
2026-01-21 03:08:35.932 RedLemon[58317:480578] [AUTO_EXIT_CHECK] playbackFinished: false, isPlaying: true
2026-01-21 03:08:35.932 RedLemon[58317:480578] [AUTO_EXIT_CHECK] Position: 4542.584s / Duration: 5406.99s
2026-01-21 03:08:35.932 RedLemon[58317:480578] [AUTO_EXIT_CHECK] Checking EOF conditions...
2026-01-21 03:08:35.932 RedLemon[58317:480578] [AUTO_EXIT_CHECK] No exit condition met - continuing to monitor...
2026-01-21 03:08:36.934 RedLemon[58317:480578] [AUTO_EXIT_CHECK] isEventPlayback: true
2026-01-21 03:08:36.934 RedLemon[58317:480578] [AUTO_EXIT_CHECK] isLoading: false, isResolvingStream: false
2026-01-21 03:08:36.934 RedLemon[58317:480578] [AUTO_EXIT_CHECK] playbackFinished: false, isPlaying: true
2026-01-21 03:08:36.934 RedLemon[58317:480578] [AUTO_EXIT_CHECK] Position: 4543.7519999999995s / Duration: 5406.99s
2026-01-21 03:08:36.934 RedLemon[58317:480578] [AUTO_EXIT_CHECK] Checking EOF conditions...
2026-01-21 03:08:36.934 RedLemon[58317:480578] [AUTO_EXIT_CHECK] No exit condition met - continuing to monitor...
2026-01-21 03:08:38.101 RedLemon[58317:480578] [AUTO_EXIT_CHECK] isEventPlayback: true
2026-01-21 03:08:38.101 RedLemon[58317:480578] [AUTO_EXIT_CHECK] isLoading: false, isResolvingStream: false
2026-01-21 03:08:38.101 RedLemon[58317:480578] [AUTO_EXIT_CHECK] playbackFinished: false, isPlaying: true
2026-01-21 03:08:38.101 RedLemon[58317:480578] [AUTO_EXIT_CHECK] Position: 4544.919s / Duration: 5406.99s
2026-01-21 03:08:38.101 RedLemon[58317:480578] [AUTO_EXIT_CHECK] Checking EOF conditions...
2026-01-21 03:08:38.102 RedLemon[58317:480578] [AUTO_EXIT_CHECK] No exit condition met - continuing to monitor...
2026-01-21 03:08:38.936 RedLemon[58317:480578] [AUTO_EXIT_CHECK] isEventPlayback: true
2026-01-21 03:08:38.936 RedLemon[58317:480578] [AUTO_EXIT_CHECK] isLoading: false, isResolvingStream: false
2026-01-21 03:08:38.936 RedLemon[58317:480578] [AUTO_EXIT_CHECK] playbackFinished: false, isPlaying: true
2026-01-21 03:08:38.936 RedLemon[58317:480578] [AUTO_EXIT_CHECK] Position: 4545.504s / Duration: 5406.99s
2026-01-21 03:08:38.936 RedLemon[58317:480578] [AUTO_EXIT_CHECK] Checking EOF conditions...
2026-01-21 03:08:38.936 RedLemon[58317:480578] [AUTO_EXIT_CHECK] No exit condition met - continuing to monitor...
2026-01-21 03:08:39.936 RedLemon[58317:480578] [AUTO_EXIT_CHECK] isEventPlayback: true
2026-01-21 03:08:39.936 RedLemon[58317:480578] [AUTO_EXIT_CHECK] isLoading: false, isResolvingStream: false
2026-01-21 03:08:39.936 RedLemon[58317:480578] [AUTO_EXIT_CHECK] playbackFinished: false, isPlaying: true
2026-01-21 03:08:39.937 RedLemon[58317:480578] [AUTO_EXIT_CHECK] Position: 4546.672s / Duration: 5406.99s
2026-01-21 03:08:39.937 RedLemon[58317:480578] [AUTO_EXIT_CHECK] Checking EOF conditions...
2026-01-21 03:08:39.937 RedLemon[58317:480578] [AUTO_EXIT_CHECK] No exit condition met - continuing to monitor...
2026-01-21 03:08:40.937 RedLemon[58317:480578] [AUTO_EXIT_CHECK] isEventPlayback: true
2026-01-21 03:08:40.937 RedLemon[58317:480578] [AUTO_EXIT_CHECK] isLoading: false, isResolvingStream: false
2026-01-21 03:08:40.937 RedLemon[58317:480578] [AUTO_EXIT_CHECK] playbackFinished: false, isPlaying: true
2026-01-21 03:08:40.937 RedLemon[58317:480578] [AUTO_EXIT_CHECK] Position: 4547.548s / Duration: 5406.99s
2026-01-21 03:08:40.938 RedLemon[58317:480578] [AUTO_EXIT_CHECK] Checking EOF conditions...
2026-01-21 03:08:40.938 RedLemon[58317:480578] [AUTO_EXIT_CHECK] No exit condition met - continuing to monitor...
2026-01-21 03:08:41.939 RedLemon[58317:480578] [AUTO_EXIT_CHECK] isEventPlayback: true
2026-01-21 03:08:41.939 RedLemon[58317:480578] [AUTO_EXIT_CHECK] isLoading: false, isResolvingStream: false
2026-01-21 03:08:41.939 RedLemon[58317:480578] [AUTO_EXIT_CHECK] playbackFinished: false, isPlaying: true
2026-01-21 03:08:41.939 RedLemon[58317:480578] [AUTO_EXIT_CHECK] Position: 4548.715s / Duration: 5406.99s
2026-01-21 03:08:41.939 RedLemon[58317:480578] [AUTO_EXIT_CHECK] Checking EOF conditions...
2026-01-21 03:08:41.939 RedLemon[58317:480578] [AUTO_EXIT_CHECK] No exit condition met - continuing to monitor...
2026-01-21 03:08:42.980 RedLemon[58317:480578] [AUTO_EXIT_CHECK] isEventPlayback: true
2026-01-21 03:08:42.980 RedLemon[58317:480578] [AUTO_EXIT_CHECK] isLoading: false, isResolvingStream: false
2026-01-21 03:08:42.980 RedLemon[58317:480578] [AUTO_EXIT_CHECK] playbackFinished: false, isPlaying: true
2026-01-21 03:08:42.980 RedLemon[58317:480578] [AUTO_EXIT_CHECK] Position: 4549.590999999999s / Duration: 5406.99s
2026-01-21 03:08:42.981 RedLemon[58317:480578] [AUTO_EXIT_CHECK] Checking EOF conditions...
2026-01-21 03:08:42.981 RedLemon[58317:480578] [AUTO_EXIT_CHECK] No exit condition met - continuing to monitor...
2026-01-21 03:08:43.939 RedLemon[58317:480578] [AUTO_EXIT_CHECK] isEventPlayback: true
2026-01-21 03:08:43.939 RedLemon[58317:480578] [AUTO_EXIT_CHECK] isLoading: false, isResolvingStream: false
2026-01-21 03:08:43.940 RedLemon[58317:480578] [AUTO_EXIT_CHECK] playbackFinished: false, isPlaying: true
2026-01-21 03:08:43.940 RedLemon[58317:480578] [AUTO_EXIT_CHECK] Position: 4550.759s / Duration: 5406.99s
2026-01-21 03:08:43.940 RedLemon[58317:480578] [AUTO_EXIT_CHECK] Checking EOF conditions...
2026-01-21 03:08:43.940 RedLemon[58317:480578] [AUTO_EXIT_CHECK] No exit condition met - continuing to monitor...
2026-01-21 03:08:44.941 RedLemon[58317:480578] [AUTO_EXIT_CHECK] isEventPlayback: true
2026-01-21 03:08:44.941 RedLemon[58317:480578] [AUTO_EXIT_CHECK] isLoading: false, isResolvingStream: false
2026-01-21 03:08:44.942 RedLemon[58317:480578] [AUTO_EXIT_CHECK] playbackFinished: false, isPlaying: true
2026-01-21 03:08:44.942 RedLemon[58317:480578] [AUTO_EXIT_CHECK] Position: 4551.635s / Duration: 5406.99s
2026-01-21 03:08:44.942 RedLemon[58317:480578] [AUTO_EXIT_CHECK] Checking EOF conditions...
2026-01-21 03:08:44.942 RedLemon[58317:480578] [AUTO_EXIT_CHECK] No exit condition met - continuing to monitor...
2026-01-21 03:08:45.944 RedLemon[58317:480578] [AUTO_EXIT_CHECK] isEventPlayback: true
2026-01-21 03:08:45.944 RedLemon[58317:480578] [AUTO_EXIT_CHECK] isLoading: false, isResolvingStream: false
2026-01-21 03:08:45.944 RedLemon[58317:480578] [AUTO_EXIT_CHECK] playbackFinished: false, isPlaying: true
2026-01-21 03:08:45.944 RedLemon[58317:480578] [AUTO_EXIT_CHECK] Position: 4552.5109999999995s / Duration: 5406.99s
2026-01-21 03:08:45.944 RedLemon[58317:480578] [AUTO_EXIT_CHECK] Checking EOF conditions...
2026-01-21 03:08:45.944 RedLemon[58317:480578] [AUTO_EXIT_CHECK] No exit condition met - continuing to monitor...
2026-01-21 03:08:47.027 RedLemon[58317:480578] [AUTO_EXIT_CHECK] isEventPlayback: true
2026-01-21 03:08:47.027 RedLemon[58317:480578] [AUTO_EXIT_CHECK] isLoading: false, isResolvingStream: false
2026-01-21 03:08:47.027 RedLemon[58317:480578] [AUTO_EXIT_CHECK] playbackFinished: false, isPlaying: true
2026-01-21 03:08:47.028 RedLemon[58317:480578] [AUTO_EXIT_CHECK] Position: 4553.679s / Duration: 5406.99s
2026-01-21 03:08:47.028 RedLemon[58317:480578] [AUTO_EXIT_CHECK] Checking EOF conditions...
2026-01-21 03:08:47.028 RedLemon[58317:480578] [AUTO_EXIT_CHECK] No exit condition met - continuing to monitor...
2026-01-21 03:08:47.988 RedLemon[58317:480578] [AUTO_EXIT_CHECK] isEventPlayback: true
2026-01-21 03:08:47.988 RedLemon[58317:480578] [AUTO_EXIT_CHECK] isLoading: false, isResolvingStream: false
2026-01-21 03:08:47.988 RedLemon[58317:480578] [AUTO_EXIT_CHECK] playbackFinished: false, isPlaying: true
2026-01-21 03:08:47.988 RedLemon[58317:480578] [AUTO_EXIT_CHECK] Position: 4554.554999999999s / Duration: 5406.99s
2026-01-21 03:08:47.988 RedLemon[58317:480578] [AUTO_EXIT_CHECK] Checking EOF conditions...
2026-01-21 03:08:47.988 RedLemon[58317:480578] [AUTO_EXIT_CHECK] No exit condition met - continuing to monitor...
2026-01-21 03:08:48.946 RedLemon[58317:480578] [AUTO_EXIT_CHECK] isEventPlayback: true
2026-01-21 03:08:48.946 RedLemon[58317:480578] [AUTO_EXIT_CHECK] isLoading: false, isResolvingStream: false
2026-01-21 03:08:48.946 RedLemon[58317:480578] [AUTO_EXIT_CHECK] playbackFinished: false, isPlaying: true
2026-01-21 03:08:48.946 RedLemon[58317:480578] [AUTO_EXIT_CHECK] Position: 4555.723s / Duration: 5406.99s
2026-01-21 03:08:48.946 RedLemon[58317:480578] [AUTO_EXIT_CHECK] Checking EOF conditions...
2026-01-21 03:08:48.946 RedLemon[58317:480578] [AUTO_EXIT_CHECK] No exit condition met - continuing to monitor...
2026-01-21 03:08:49.947 RedLemon[58317:480578] [AUTO_EXIT_CHECK] isEventPlayback: true
2026-01-21 03:08:49.947 RedLemon[58317:480578] [AUTO_EXIT_CHECK] isLoading: false, isResolvingStream: false
2026-01-21 03:08:49.948 RedLemon[58317:480578] [AUTO_EXIT_CHECK] playbackFinished: false, isPlaying: true
2026-01-21 03:08:49.948 RedLemon[58317:480578] [AUTO_EXIT_CHECK] Position: 4556.598s / Duration: 5406.99s
2026-01-21 03:08:49.948 RedLemon[58317:480578] [AUTO_EXIT_CHECK] Checking EOF conditions...
2026-01-21 03:08:49.948 RedLemon[58317:480578] [AUTO_EXIT_CHECK] No exit condition met - continuing to monitor...
2026-01-21 03:08:50.947 RedLemon[58317:480578] [AUTO_EXIT_CHECK] isEventPlayback: true
2026-01-21 03:08:50.947 RedLemon[58317:480578] [AUTO_EXIT_CHECK] isLoading: false, isResolvingStream: false
2026-01-21 03:08:50.947 RedLemon[58317:480578] [AUTO_EXIT_CHECK] playbackFinished: false, isPlaying: true
2026-01-21 03:08:50.948 RedLemon[58317:480578] [AUTO_EXIT_CHECK] Position: 4557.766s / Duration: 5406.99s
2026-01-21 03:08:50.948 RedLemon[58317:480578] [AUTO_EXIT_CHECK] Checking EOF conditions...
2026-01-21 03:08:50.948 RedLemon[58317:480578] [AUTO_EXIT_CHECK] No exit condition met - continuing to monitor...
2026-01-21 03:08:51.989 RedLemon[58317:480578] [AUTO_EXIT_CHECK] isEventPlayback: true
2026-01-21 03:08:51.990 RedLemon[58317:480578] [AUTO_EXIT_CHECK] isLoading: false, isResolvingStream: false
2026-01-21 03:08:51.990 RedLemon[58317:480578] [AUTO_EXIT_CHECK] playbackFinished: false, isPlaying: true
2026-01-21 03:08:51.990 RedLemon[58317:480578] [AUTO_EXIT_CHECK] Position: 4558.642s / Duration: 5406.99s
2026-01-21 03:08:51.990 RedLemon[58317:480578] [AUTO_EXIT_CHECK] Checking EOF conditions...
2026-01-21 03:08:51.991 RedLemon[58317:480578] [AUTO_EXIT_CHECK] No exit condition met - continuing to monitor...
2026-01-21 03:08:52.948 RedLemon[58317:480578] [AUTO_EXIT_CHECK] isEventPlayback: true
2026-01-21 03:08:52.948 RedLemon[58317:480578] [AUTO_EXIT_CHECK] isLoading: false, isResolvingStream: false
2026-01-21 03:08:52.948 RedLemon[58317:480578] [AUTO_EXIT_CHECK] playbackFinished: false, isPlaying: true
2026-01-21 03:08:52.948 RedLemon[58317:480578] [AUTO_EXIT_CHECK] Position: 4559.518s / Duration: 5406.99s
2026-01-21 03:08:52.949 RedLemon[58317:480578] [AUTO_EXIT_CHECK] Checking EOF conditions...
2026-01-21 03:08:52.949 RedLemon[58317:480578] [AUTO_EXIT_CHECK] No exit condition met - continuing to monitor...
2026-01-21 03:08:53.950 RedLemon[58317:480578] [AUTO_EXIT_CHECK] isEventPlayback: true
2026-01-21 03:08:53.951 RedLemon[58317:480578] [AUTO_EXIT_CHECK] isLoading: false, isResolvingStream: false
2026-01-21 03:08:53.951 RedLemon[58317:480578] [AUTO_EXIT_CHECK] playbackFinished: false, isPlaying: true
2026-01-21 03:08:53.951 RedLemon[58317:480578] [AUTO_EXIT_CHECK] Position: 4560.6849999999995s / Duration: 5406.99s
2026-01-21 03:08:53.951 RedLemon[58317:480578] [AUTO_EXIT_CHECK] Checking EOF conditions...
2026-01-21 03:08:53.951 RedLemon[58317:480578] [AUTO_EXIT_CHECK] No exit condition met - continuing to monitor...
2026-01-21 03:08:54.328 RedLemon[58317:480668] 🔐 SupabaseClient: Signing Identity Payload: '1768982934656daa91-33b4-4688-9135-c982ea52d7c9/rpc/room_heartbeat'
2026-01-21 03:08:54.330 RedLemon[58317:480668] 🔐 Signed request to /rpc/room_heartbeat
2026-01-21 03:08:54.952 RedLemon[58317:480578] [AUTO_EXIT_CHECK] isEventPlayback: true
2026-01-21 03:08:54.952 RedLemon[58317:480578] [AUTO_EXIT_CHECK] isLoading: false, isResolvingStream: false
2026-01-21 03:08:54.952 RedLemon[58317:480578] [AUTO_EXIT_CHECK] playbackFinished: false, isPlaying: true
2026-01-21 03:08:54.952 RedLemon[58317:480578] [AUTO_EXIT_CHECK] Position: 4561.561s / Duration: 5406.99s
2026-01-21 03:08:54.952 RedLemon[58317:480578] [AUTO_EXIT_CHECK] Checking EOF conditions...
2026-01-21 03:08:54.953 RedLemon[58317:480578] [AUTO_EXIT_CHECK] No exit condition met - continuing to monitor...
2026-01-21 03:08:55.955 RedLemon[58317:480578] [AUTO_EXIT_CHECK] isEventPlayback: true
2026-01-21 03:08:55.955 RedLemon[58317:480578] [AUTO_EXIT_CHECK] isLoading: false, isResolvingStream: false
2026-01-21 03:08:55.955 RedLemon[58317:480578] [AUTO_EXIT_CHECK] playbackFinished: false, isPlaying: true
2026-01-21 03:08:55.955 RedLemon[58317:480578] [AUTO_EXIT_CHECK] Position: 4562.728999999999s / Duration: 5406.99s
2026-01-21 03:08:55.955 RedLemon[58317:480578] [AUTO_EXIT_CHECK] Checking EOF conditions...
2026-01-21 03:08:55.955 RedLemon[58317:480578] [AUTO_EXIT_CHECK] No exit condition met - continuing to monitor...
2026-01-21 03:08:56.995 RedLemon[58317:480578] [AUTO_EXIT_CHECK] isEventPlayback: true
2026-01-21 03:08:56.996 RedLemon[58317:480578] [AUTO_EXIT_CHECK] isLoading: false, isResolvingStream: false
2026-01-21 03:08:56.996 RedLemon[58317:480578] [AUTO_EXIT_CHECK] playbackFinished: false, isPlaying: true
2026-01-21 03:08:56.996 RedLemon[58317:480578] [AUTO_EXIT_CHECK] Position: 4563.605s / Duration: 5406.99s
2026-01-21 03:08:56.996 RedLemon[58317:480578] [AUTO_EXIT_CHECK] Checking EOF conditions...
2026-01-21 03:08:56.996 RedLemon[58317:480578] [AUTO_EXIT_CHECK] No exit condition met - continuing to monitor...
2026-01-21 03:08:57.954 RedLemon[58317:480578] [AUTO_EXIT_CHECK] isEventPlayback: true
2026-01-21 03:08:57.954 RedLemon[58317:480578] [AUTO_EXIT_CHECK] isLoading: false, isResolvingStream: false
2026-01-21 03:08:57.954 RedLemon[58317:480578] [AUTO_EXIT_CHECK] playbackFinished: false, isPlaying: true
2026-01-21 03:08:57.954 RedLemon[58317:480578] [AUTO_EXIT_CHECK] Position: 4564.773s / Duration: 5406.99s
2026-01-21 03:08:57.954 RedLemon[58317:480578] [AUTO_EXIT_CHECK] Checking EOF conditions...
2026-01-21 03:08:57.954 RedLemon[58317:480578] [AUTO_EXIT_CHECK] No exit condition met - continuing to monitor...
2026-01-21 03:08:58.955 RedLemon[58317:480578] [AUTO_EXIT_CHECK] isEventPlayback: true
2026-01-21 03:08:58.956 RedLemon[58317:480578] [AUTO_EXIT_CHECK] isLoading: false, isResolvingStream: false
2026-01-21 03:08:58.956 RedLemon[58317:480578] [AUTO_EXIT_CHECK] playbackFinished: false, isPlaying: true
2026-01-21 03:08:58.956 RedLemon[58317:480578] [AUTO_EXIT_CHECK] Position: 4565.648s / Duration: 5406.99s
2026-01-21 03:08:58.956 RedLemon[58317:480578] [AUTO_EXIT_CHECK] Checking EOF conditions...
2026-01-21 03:08:58.956 RedLemon[58317:480578] [AUTO_EXIT_CHECK] No exit condition met - continuing to monitor...
2026-01-21 03:08:59.955 RedLemon[58317:480578] [AUTO_EXIT_CHECK] isEventPlayback: true
2026-01-21 03:08:59.956 RedLemon[58317:480578] [AUTO_EXIT_CHECK] isLoading: false, isResolvingStream: false
2026-01-21 03:08:59.956 RedLemon[58317:480578] [AUTO_EXIT_CHECK] playbackFinished: false, isPlaying: true
2026-01-21 03:08:59.956 RedLemon[58317:480578] [AUTO_EXIT_CHECK] Position: 4566.525s / Duration: 5406.99s
2026-01-21 03:08:59.956 RedLemon[58317:480578] [AUTO_EXIT_CHECK] Checking EOF conditions...
2026-01-21 03:08:59.956 RedLemon[58317:480578] [AUTO_EXIT_CHECK] No exit condition met - continuing to monitor...
2026-01-21 03:09:00.958 RedLemon[58317:480578] [AUTO_EXIT_CHECK] isEventPlayback: true
2026-01-21 03:09:00.959 RedLemon[58317:480578] [AUTO_EXIT_CHECK] isLoading: false, isResolvingStream: false
2026-01-21 03:09:00.959 RedLemon[58317:480578] [AUTO_EXIT_CHECK] playbackFinished: false, isPlaying: true
2026-01-21 03:09:00.959 RedLemon[58317:480578] [AUTO_EXIT_CHECK] Position: 4567.693s / Duration: 5406.99s
2026-01-21 03:09:00.959 RedLemon[58317:480578] [AUTO_EXIT_CHECK] Checking EOF conditions...
2026-01-21 03:09:00.959 RedLemon[58317:480578] [AUTO_EXIT_CHECK] No exit condition met - continuing to monitor...
2026-01-21 03:09:01.958 RedLemon[58317:480578] [AUTO_EXIT_CHECK] isEventPlayback: true
2026-01-21 03:09:01.958 RedLemon[58317:480578] [AUTO_EXIT_CHECK] isLoading: false, isResolvingStream: false
2026-01-21 03:09:01.959 RedLemon[58317:480578] [AUTO_EXIT_CHECK] playbackFinished: false, isPlaying: true
2026-01-21 03:09:01.959 RedLemon[58317:480578] [AUTO_EXIT_CHECK] Position: 4568.5689999999995s / Duration: 5406.99s
2026-01-21 03:09:01.959 RedLemon[58317:480578] [AUTO_EXIT_CHECK] Checking EOF conditions...
2026-01-21 03:09:01.959 RedLemon[58317:480578] [AUTO_EXIT_CHECK] No exit condition met - continuing to monitor...
2026-01-21 03:09:02.918 RedLemon[58317:480578] [AUTO_EXIT_CHECK] isEventPlayback: true
2026-01-21 03:09:02.919 RedLemon[58317:480578] [AUTO_EXIT_CHECK] isLoading: false, isResolvingStream: false
2026-01-21 03:09:02.919 RedLemon[58317:480578] [AUTO_EXIT_CHECK] playbackFinished: false, isPlaying: true
2026-01-21 03:09:02.919 RedLemon[58317:480578] [AUTO_EXIT_CHECK] Position: 4569.737s / Duration: 5406.99s
2026-01-21 03:09:02.919 RedLemon[58317:480578] [AUTO_EXIT_CHECK] Checking EOF conditions...
2026-01-21 03:09:02.919 RedLemon[58317:480578] [AUTO_EXIT_CHECK] No exit condition met - continuing to monitor...
2026-01-21 03:09:03.919 RedLemon[58317:480578] [AUTO_EXIT_CHECK] isEventPlayback: true
2026-01-21 03:09:03.919 RedLemon[58317:480578] [AUTO_EXIT_CHECK] isLoading: false, isResolvingStream: false
2026-01-21 03:09:03.919 RedLemon[58317:480578] [AUTO_EXIT_CHECK] playbackFinished: false, isPlaying: true
2026-01-21 03:09:03.919 RedLemon[58317:480578] [AUTO_EXIT_CHECK] Position: 4570.612s / Duration: 5406.99s
2026-01-21 03:09:03.920 RedLemon[58317:480578] [AUTO_EXIT_CHECK] Checking EOF conditions...
2026-01-21 03:09:03.920 RedLemon[58317:480578] [AUTO_EXIT_CHECK] No exit condition met - continuing to monitor...
2026-01-21 03:09:04.919 RedLemon[58317:480578] [AUTO_EXIT_CHECK] isEventPlayback: true
2026-01-21 03:09:04.919 RedLemon[58317:480578] [AUTO_EXIT_CHECK] isLoading: false, isResolvingStream: false
2026-01-21 03:09:04.920 RedLemon[58317:480578] [AUTO_EXIT_CHECK] playbackFinished: false, isPlaying: true
2026-01-21 03:09:04.920 RedLemon[58317:480578] [AUTO_EXIT_CHECK] Position: 4571.487999999999s / Duration: 5406.99s
2026-01-21 03:09:04.920 RedLemon[58317:480578] [AUTO_EXIT_CHECK] Checking EOF conditions...
2026-01-21 03:09:04.920 RedLemon[58317:480578] [AUTO_EXIT_CHECK] No exit condition met - continuing to monitor...
2026-01-21 03:09:06.006 RedLemon[58317:480578] [AUTO_EXIT_CHECK] isEventPlayback: true
2026-01-21 03:09:06.006 RedLemon[58317:480578] [AUTO_EXIT_CHECK] isLoading: false, isResolvingStream: false
2026-01-21 03:09:06.006 RedLemon[58317:480578] [AUTO_EXIT_CHECK] playbackFinished: false, isPlaying: true
2026-01-21 03:09:06.006 RedLemon[58317:480578] [AUTO_EXIT_CHECK] Position: 4572.656s / Duration: 5406.99s
2026-01-21 03:09:06.006 RedLemon[58317:480578] [AUTO_EXIT_CHECK] Checking EOF conditions...
2026-01-21 03:09:06.006 RedLemon[58317:480578] [AUTO_EXIT_CHECK] No exit condition met - continuing to monitor...
2026-01-21 03:09:06.924 RedLemon[58317:480578] [AUTO_EXIT_CHECK] isEventPlayback: true
2026-01-21 03:09:06.924 RedLemon[58317:480578] [AUTO_EXIT_CHECK] isLoading: false, isResolvingStream: false
2026-01-21 03:09:06.924 RedLemon[58317:480578] [AUTO_EXIT_CHECK] playbackFinished: false, isPlaying: true
2026-01-21 03:09:06.925 RedLemon[58317:480578] [AUTO_EXIT_CHECK] Position: 4573.532s / Duration: 5406.99s
2026-01-21 03:09:06.925 RedLemon[58317:480578] [AUTO_EXIT_CHECK] Checking EOF conditions...
2026-01-21 03:09:06.925 RedLemon[58317:480578] [AUTO_EXIT_CHECK] No exit condition met - continuing to monitor...
2026-01-21 03:09:07.924 RedLemon[58317:480578] [AUTO_EXIT_CHECK] isEventPlayback: true
2026-01-21 03:09:07.925 RedLemon[58317:480578] [AUTO_EXIT_CHECK] isLoading: false, isResolvingStream: false
2026-01-21 03:09:07.925 RedLemon[58317:480578] [AUTO_EXIT_CHECK] playbackFinished: false, isPlaying: true
2026-01-21 03:09:07.925 RedLemon[58317:480578] [AUTO_EXIT_CHECK] Position: 4574.7s / Duration: 5406.99s
2026-01-21 03:09:07.925 RedLemon[58317:480578] [AUTO_EXIT_CHECK] Checking EOF conditions...
2026-01-21 03:09:07.925 RedLemon[58317:480578] [AUTO_EXIT_CHECK] No exit condition met - continuing to monitor...
2026-01-21 03:09:08.923 RedLemon[58317:480578] [AUTO_EXIT_CHECK] isEventPlayback: true
2026-01-21 03:09:08.923 RedLemon[58317:480578] [AUTO_EXIT_CHECK] isLoading: false, isResolvingStream: false
2026-01-21 03:09:08.923 RedLemon[58317:480578] [AUTO_EXIT_CHECK] playbackFinished: false, isPlaying: true
2026-01-21 03:09:08.923 RedLemon[58317:480578] [AUTO_EXIT_CHECK] Position: 4575.575s / Duration: 5406.99s
2026-01-21 03:09:08.924 RedLemon[58317:480578] [AUTO_EXIT_CHECK] Checking EOF conditions...
2026-01-21 03:09:08.924 RedLemon[58317:480578] [AUTO_EXIT_CHECK] No exit condition met - continuing to monitor...
2026-01-21 03:09:09.925 RedLemon[58317:480578] [AUTO_EXIT_CHECK] isEventPlayback: true
2026-01-21 03:09:09.925 RedLemon[58317:480578] [AUTO_EXIT_CHECK] isLoading: false, isResolvingStream: false
2026-01-21 03:09:09.926 RedLemon[58317:480578] [AUTO_EXIT_CHECK] playbackFinished: false, isPlaying: true
2026-01-21 03:09:09.926 RedLemon[58317:480578] [AUTO_EXIT_CHECK] Position: 4576.744s / Duration: 5406.99s
2026-01-21 03:09:09.926 RedLemon[58317:480578] [AUTO_EXIT_CHECK] Checking EOF conditions...
2026-01-21 03:09:09.926 RedLemon[58317:480578] [AUTO_EXIT_CHECK] No exit condition met - continuing to monitor...
2026-01-21 03:09:11.051 RedLemon[58317:480578] [AUTO_EXIT_CHECK] isEventPlayback: true
2026-01-21 03:09:11.051 RedLemon[58317:480578] [AUTO_EXIT_CHECK] isLoading: false, isResolvingStream: false
2026-01-21 03:09:11.051 RedLemon[58317:480578] [AUTO_EXIT_CHECK] playbackFinished: false, isPlaying: true
2026-01-21 03:09:11.051 RedLemon[58317:480578] [AUTO_EXIT_CHECK] Position: 4577.619s / Duration: 5406.99s
2026-01-21 03:09:11.051 RedLemon[58317:480578] [AUTO_EXIT_CHECK] Checking EOF conditions...
2026-01-21 03:09:11.051 RedLemon[58317:480578] [AUTO_EXIT_CHECK] No exit condition met - continuing to monitor...
2026-01-21 03:09:11.928 RedLemon[58317:480578] [AUTO_EXIT_CHECK] isEventPlayback: true
2026-01-21 03:09:11.928 RedLemon[58317:480578] [AUTO_EXIT_CHECK] isLoading: false, isResolvingStream: false
2026-01-21 03:09:11.928 RedLemon[58317:480578] [AUTO_EXIT_CHECK] playbackFinished: false, isPlaying: true
2026-01-21 03:09:11.928 RedLemon[58317:480578] [AUTO_EXIT_CHECK] Position: 4578.495s / Duration: 5406.99s
2026-01-21 03:09:11.928 RedLemon[58317:480578] [AUTO_EXIT_CHECK] Checking EOF conditions...
2026-01-21 03:09:11.929 RedLemon[58317:480578] [AUTO_EXIT_CHECK] No exit condition met - continuing to monitor...
2026-01-21 03:09:12.928 RedLemon[58317:480578] [AUTO_EXIT_CHECK] isEventPlayback: true
2026-01-21 03:09:12.929 RedLemon[58317:480578] [AUTO_EXIT_CHECK] isLoading: false, isResolvingStream: false
2026-01-21 03:09:12.930 RedLemon[58317:480578] [AUTO_EXIT_CHECK] playbackFinished: false, isPlaying: true
2026-01-21 03:09:12.930 RedLemon[58317:480578] [AUTO_EXIT_CHECK] Position: 4579.663s / Duration: 5406.99s
2026-01-21 03:09:12.930 RedLemon[58317:480578] [AUTO_EXIT_CHECK] Checking EOF conditions...
2026-01-21 03:09:12.930 RedLemon[58317:480578] [AUTO_EXIT_CHECK] No exit condition met - continuing to monitor...
2026-01-21 03:09:13.928 RedLemon[58317:480578] [AUTO_EXIT_CHECK] isEventPlayback: true
2026-01-21 03:09:13.929 RedLemon[58317:480578] [AUTO_EXIT_CHECK] isLoading: false, isResolvingStream: false
2026-01-21 03:09:13.929 RedLemon[58317:480578] [AUTO_EXIT_CHECK] playbackFinished: false, isPlaying: true
2026-01-21 03:09:13.929 RedLemon[58317:480578] [AUTO_EXIT_CHECK] Position: 4580.539s / Duration: 5406.99s
2026-01-21 03:09:13.929 RedLemon[58317:480578] [AUTO_EXIT_CHECK] Checking EOF conditions...
2026-01-21 03:09:13.929 RedLemon[58317:480578] [AUTO_EXIT_CHECK] No exit condition met - continuing to monitor...
2026-01-21 03:09:15.012 RedLemon[58317:480578] [AUTO_EXIT_CHECK] isEventPlayback: true
2026-01-21 03:09:15.012 RedLemon[58317:480578] [AUTO_EXIT_CHECK] isLoading: false, isResolvingStream: false
2026-01-21 03:09:15.012 RedLemon[58317:480578] [AUTO_EXIT_CHECK] playbackFinished: false, isPlaying: true
2026-01-21 03:09:15.012 RedLemon[58317:480578] [AUTO_EXIT_CHECK] Position: 4581.706s / Duration: 5406.99s
2026-01-21 03:09:15.012 RedLemon[58317:480578] [AUTO_EXIT_CHECK] Checking EOF conditions...
2026-01-21 03:09:15.012 RedLemon[58317:480578] [AUTO_EXIT_CHECK] No exit condition met - continuing to monitor...
2026-01-21 03:09:16.013 RedLemon[58317:480578] [AUTO_EXIT_CHECK] isEventPlayback: true
2026-01-21 03:09:16.013 RedLemon[58317:480578] [AUTO_EXIT_CHECK] isLoading: false, isResolvingStream: false
2026-01-21 03:09:16.013 RedLemon[58317:480578] [AUTO_EXIT_CHECK] playbackFinished: false, isPlaying: true
2026-01-21 03:09:16.013 RedLemon[58317:480578] [AUTO_EXIT_CHECK] Position: 4582.581999999999s / Duration: 5406.99s
2026-01-21 03:09:16.013 RedLemon[58317:480578] [AUTO_EXIT_CHECK] Checking EOF conditions...
2026-01-21 03:09:16.014 RedLemon[58317:480578] [AUTO_EXIT_CHECK] No exit condition met - continuing to monitor...
2026-01-21 03:09:16.932 RedLemon[58317:480578] [AUTO_EXIT_CHECK] isEventPlayback: true
2026-01-21 03:09:16.932 RedLemon[58317:480578] [AUTO_EXIT_CHECK] isLoading: false, isResolvingStream: false
2026-01-21 03:09:16.932 RedLemon[58317:480578] [AUTO_EXIT_CHECK] playbackFinished: false, isPlaying: true
2026-01-21 03:09:16.932 RedLemon[58317:480578] [AUTO_EXIT_CHECK] Position: 4583.75s / Duration: 5406.99s
2026-01-21 03:09:16.932 RedLemon[58317:480578] [AUTO_EXIT_CHECK] Checking EOF conditions...
2026-01-21 03:09:16.932 RedLemon[58317:480578] [AUTO_EXIT_CHECK] No exit condition met - continuing to monitor...
2026-01-21 03:09:17.932 RedLemon[58317:480578] [AUTO_EXIT_CHECK] isEventPlayback: true
2026-01-21 03:09:17.933 RedLemon[58317:480578] [AUTO_EXIT_CHECK] isLoading: false, isResolvingStream: false
2026-01-21 03:09:17.933 RedLemon[58317:480578] [AUTO_EXIT_CHECK] playbackFinished: false, isPlaying: true
2026-01-21 03:09:17.933 RedLemon[58317:480578] [AUTO_EXIT_CHECK] Position: 4584.626s / Duration: 5406.99s
2026-01-21 03:09:17.933 RedLemon[58317:480578] [AUTO_EXIT_CHECK] Checking EOF conditions...
2026-01-21 03:09:17.933 RedLemon[58317:480578] [AUTO_EXIT_CHECK] No exit condition met - continuing to monitor...
2026-01-21 03:09:18.934 RedLemon[58317:480578] [AUTO_EXIT_CHECK] isEventPlayback: true
2026-01-21 03:09:18.934 RedLemon[58317:480578] [AUTO_EXIT_CHECK] isLoading: false, isResolvingStream: false
2026-01-21 03:09:18.934 RedLemon[58317:480578] [AUTO_EXIT_CHECK] playbackFinished: false, isPlaying: true
2026-01-21 03:09:18.934 RedLemon[58317:480578] [AUTO_EXIT_CHECK] Position: 4585.5019999999995s / Duration: 5406.99s
2026-01-21 03:09:18.934 RedLemon[58317:480578] [AUTO_EXIT_CHECK] Checking EOF conditions...
2026-01-21 03:09:18.935 RedLemon[58317:480578] [AUTO_EXIT_CHECK] No exit condition met - continuing to monitor...
2026-01-21 03:09:20.060 RedLemon[58317:480578] [AUTO_EXIT_CHECK] isEventPlayback: true
2026-01-21 03:09:20.060 RedLemon[58317:480578] [AUTO_EXIT_CHECK] isLoading: false, isResolvingStream: false
2026-01-21 03:09:20.060 RedLemon[58317:480578] [AUTO_EXIT_CHECK] playbackFinished: false, isPlaying: true
2026-01-21 03:09:20.060 RedLemon[58317:480578] [AUTO_EXIT_CHECK] Position: 4586.67s / Duration: 5406.99s
2026-01-21 03:09:20.060 RedLemon[58317:480578] [AUTO_EXIT_CHECK] Checking EOF conditions...
2026-01-21 03:09:20.061 RedLemon[58317:480578] [AUTO_EXIT_CHECK] No exit condition met - continuing to monitor...
2026-01-21 03:09:20.937 RedLemon[58317:480578] [AUTO_EXIT_CHECK] isEventPlayback: true
2026-01-21 03:09:20.937 RedLemon[58317:480578] [AUTO_EXIT_CHECK] isLoading: false, isResolvingStream: false
2026-01-21 03:09:20.937 RedLemon[58317:480578] [AUTO_EXIT_CHECK] playbackFinished: false, isPlaying: true
2026-01-21 03:09:20.937 RedLemon[58317:480578] [AUTO_EXIT_CHECK] Position: 4587.545999999999s / Duration: 5406.99s
2026-01-21 03:09:20.937 RedLemon[58317:480578] [AUTO_EXIT_CHECK] Checking EOF conditions...
2026-01-21 03:09:20.937 RedLemon[58317:480578] [AUTO_EXIT_CHECK] No exit condition met - continuing to monitor...
2026-01-21 03:09:21.938 RedLemon[58317:480578] [AUTO_EXIT_CHECK] isEventPlayback: true
2026-01-21 03:09:21.938 RedLemon[58317:480578] [AUTO_EXIT_CHECK] isLoading: false, isResolvingStream: false
2026-01-21 03:09:21.938 RedLemon[58317:480578] [AUTO_EXIT_CHECK] playbackFinished: false, isPlaying: true
2026-01-21 03:09:21.939 RedLemon[58317:480578] [AUTO_EXIT_CHECK] Position: 4588.713s / Duration: 5406.99s
2026-01-21 03:09:21.939 RedLemon[58317:480578] [AUTO_EXIT_CHECK] Checking EOF conditions...
2026-01-21 03:09:21.940 RedLemon[58317:480578] [AUTO_EXIT_CHECK] No exit condition met - continuing to monitor...
2026-01-21 03:09:22.938 RedLemon[58317:480578] [AUTO_EXIT_CHECK] isEventPlayback: true
2026-01-21 03:09:22.938 RedLemon[58317:480578] [AUTO_EXIT_CHECK] isLoading: false, isResolvingStream: false
2026-01-21 03:09:22.938 RedLemon[58317:480578] [AUTO_EXIT_CHECK] playbackFinished: false, isPlaying: true
2026-01-21 03:09:22.939 RedLemon[58317:480578] [AUTO_EXIT_CHECK] Position: 4589.59s / Duration: 5406.99s
2026-01-21 03:09:22.939 RedLemon[58317:480578] [AUTO_EXIT_CHECK] Checking EOF conditions...
2026-01-21 03:09:22.939 RedLemon[58317:480578] [AUTO_EXIT_CHECK] No exit condition met - continuing to monitor...
2026-01-21 03:09:23.939 RedLemon[58317:480578] [AUTO_EXIT_CHECK] isEventPlayback: true
2026-01-21 03:09:23.939 RedLemon[58317:480578] [AUTO_EXIT_CHECK] isLoading: false, isResolvingStream: false
2026-01-21 03:09:23.939 RedLemon[58317:480578] [AUTO_EXIT_CHECK] playbackFinished: false, isPlaying: true
2026-01-21 03:09:23.939 RedLemon[58317:480578] [AUTO_EXIT_CHECK] Position: 4590.757s / Duration: 5406.99s
2026-01-21 03:09:23.940 RedLemon[58317:480578] [AUTO_EXIT_CHECK] Checking EOF conditions...
2026-01-21 03:09:23.940 RedLemon[58317:480578] [AUTO_EXIT_CHECK] No exit condition met - continuing to monitor...
2026-01-21 03:09:24.732 RedLemon[58317:480655] 🔐 SupabaseClient: Signing Identity Payload: '1768982964656daa91-33b4-4688-9135-c982ea52d7c9/rpc/room_heartbeat'
2026-01-21 03:09:24.733 RedLemon[58317:480655] 🔐 Signed request to /rpc/room_heartbeat
2026-01-21 03:09:24.982 RedLemon[58317:480578] [AUTO_EXIT_CHECK] isEventPlayback: true
2026-01-21 03:09:24.982 RedLemon[58317:480578] [AUTO_EXIT_CHECK] isLoading: false, isResolvingStream: false
2026-01-21 03:09:24.982 RedLemon[58317:480578] [AUTO_EXIT_CHECK] playbackFinished: false, isPlaying: true
2026-01-21 03:09:24.982 RedLemon[58317:480578] [AUTO_EXIT_CHECK] Position: 4591.633s / Duration: 5406.99s
2026-01-21 03:09:24.982 RedLemon[58317:480578] [AUTO_EXIT_CHECK] Checking EOF conditions...
2026-01-21 03:09:24.982 RedLemon[58317:480578] [AUTO_EXIT_CHECK] No exit condition met - continuing to monitor...
2026-01-21 03:09:25.941 RedLemon[58317:480578] [AUTO_EXIT_CHECK] isEventPlayback: true
2026-01-21 03:09:25.942 RedLemon[58317:480578] [AUTO_EXIT_CHECK] isLoading: false, isResolvingStream: false
2026-01-21 03:09:25.944 RedLemon[58317:480578] [AUTO_EXIT_CHECK] playbackFinished: false, isPlaying: true
2026-01-21 03:09:25.944 RedLemon[58317:480578] [AUTO_EXIT_CHECK] Position: 4592.509s / Duration: 5406.99s
2026-01-21 03:09:25.944 RedLemon[58317:480578] [AUTO_EXIT_CHECK] Checking EOF conditions...
2026-01-21 03:09:25.945 RedLemon[58317:480578] [AUTO_EXIT_CHECK] No exit condition met - continuing to monitor...
2026-01-21 03:09:26.942 RedLemon[58317:480578] [AUTO_EXIT_CHECK] isEventPlayback: true
2026-01-21 03:09:26.942 RedLemon[58317:480578] [AUTO_EXIT_CHECK] isLoading: false, isResolvingStream: false
2026-01-21 03:09:26.943 RedLemon[58317:480578] [AUTO_EXIT_CHECK] playbackFinished: false, isPlaying: true
2026-01-21 03:09:26.943 RedLemon[58317:480578] [AUTO_EXIT_CHECK] Position: 4593.677s / Duration: 5406.99s
2026-01-21 03:09:26.943 RedLemon[58317:480578] [AUTO_EXIT_CHECK] Checking EOF conditions...
2026-01-21 03:09:26.943 RedLemon[58317:480578] [AUTO_EXIT_CHECK] No exit condition met - continuing to monitor...
2026-01-21 03:09:27.943 RedLemon[58317:480578] [AUTO_EXIT_CHECK] isEventPlayback: true
2026-01-21 03:09:27.943 RedLemon[58317:480578] [AUTO_EXIT_CHECK] isLoading: false, isResolvingStream: false
2026-01-21 03:09:27.944 RedLemon[58317:480578] [AUTO_EXIT_CHECK] playbackFinished: false, isPlaying: true
2026-01-21 03:09:27.944 RedLemon[58317:480578] [AUTO_EXIT_CHECK] Position: 4594.553s / Duration: 5406.99s
2026-01-21 03:09:27.944 RedLemon[58317:480578] [AUTO_EXIT_CHECK] Checking EOF conditions...
2026-01-21 03:09:27.944 RedLemon[58317:480578] [AUTO_EXIT_CHECK] No exit condition met - continuing to monitor...
2026-01-21 03:09:28.985 RedLemon[58317:480578] [AUTO_EXIT_CHECK] isEventPlayback: true
2026-01-21 03:09:28.985 RedLemon[58317:480578] [AUTO_EXIT_CHECK] isLoading: false, isResolvingStream: false
2026-01-21 03:09:28.985 RedLemon[58317:480578] [AUTO_EXIT_CHECK] playbackFinished: false, isPlaying: true
2026-01-21 03:09:28.985 RedLemon[58317:480578] [AUTO_EXIT_CHECK] Position: 4595.719999999999s / Duration: 5406.99s
2026-01-21 03:09:28.985 RedLemon[58317:480578] [AUTO_EXIT_CHECK] Checking EOF conditions...
2026-01-21 03:09:28.985 RedLemon[58317:480578] [AUTO_EXIT_CHECK] No exit condition met - continuing to monitor...
2026-01-21 03:09:29.986 RedLemon[58317:480578] [AUTO_EXIT_CHECK] isEventPlayback: true
2026-01-21 03:09:29.986 RedLemon[58317:480578] [AUTO_EXIT_CHECK] isLoading: false, isResolvingStream: false
2026-01-21 03:09:29.986 RedLemon[58317:480578] [AUTO_EXIT_CHECK] playbackFinished: false, isPlaying: true
2026-01-21 03:09:29.986 RedLemon[58317:480578] [AUTO_EXIT_CHECK] Position: 4596.596s / Duration: 5406.99s
2026-01-21 03:09:29.987 RedLemon[58317:480578] [AUTO_EXIT_CHECK] Checking EOF conditions...
2026-01-21 03:09:29.987 RedLemon[58317:480578] [AUTO_EXIT_CHECK] No exit condition met - continuing to monitor...
2026-01-21 03:09:30.947 RedLemon[58317:480578] [AUTO_EXIT_CHECK] isEventPlayback: true
2026-01-21 03:09:30.947 RedLemon[58317:480578] [AUTO_EXIT_CHECK] isLoading: false, isResolvingStream: false
2026-01-21 03:09:30.947 RedLemon[58317:480578] [AUTO_EXIT_CHECK] playbackFinished: false, isPlaying: true
2026-01-21 03:09:30.948 RedLemon[58317:480578] [AUTO_EXIT_CHECK] Position: 4597.764999999999s / Duration: 5406.99s
2026-01-21 03:09:30.948 RedLemon[58317:480578] [AUTO_EXIT_CHECK] Checking EOF conditions...
2026-01-21 03:09:30.948 RedLemon[58317:480578] [AUTO_EXIT_CHECK] No exit condition met - continuing to monitor...
2026-01-21 03:09:31.946 RedLemon[58317:480578] [AUTO_EXIT_CHECK] isEventPlayback: true
2026-01-21 03:09:31.946 RedLemon[58317:480578] [AUTO_EXIT_CHECK] isLoading: false, isResolvingStream: false
2026-01-21 03:09:31.947 RedLemon[58317:480578] [AUTO_EXIT_CHECK] playbackFinished: false, isPlaying: true
2026-01-21 03:09:31.947 RedLemon[58317:480578] [AUTO_EXIT_CHECK] Position: 4598.639999999999s / Duration: 5406.99s
2026-01-21 03:09:31.947 RedLemon[58317:480578] [AUTO_EXIT_CHECK] Checking EOF conditions...
2026-01-21 03:09:31.947 RedLemon[58317:480578] [AUTO_EXIT_CHECK] No exit condition met - continuing to monitor...
2026-01-21 03:09:32.991 RedLemon[58317:480578] [AUTO_EXIT_CHECK] isEventPlayback: true
2026-01-21 03:09:32.991 RedLemon[58317:480578] [AUTO_EXIT_CHECK] isLoading: false, isResolvingStream: false
2026-01-21 03:09:32.991 RedLemon[58317:480578] [AUTO_EXIT_CHECK] playbackFinished: false, isPlaying: true
2026-01-21 03:09:32.991 RedLemon[58317:480578] [AUTO_EXIT_CHECK] Position: 4599.808s / Duration: 5406.99s
2026-01-21 03:09:32.991 RedLemon[58317:480578] [AUTO_EXIT_CHECK] Checking EOF conditions...
2026-01-21 03:09:32.991 RedLemon[58317:480578] [AUTO_EXIT_CHECK] No exit condition met - continuing to monitor...
2026-01-21 03:09:33.990 RedLemon[58317:480578] [AUTO_EXIT_CHECK] isEventPlayback: true
2026-01-21 03:09:33.991 RedLemon[58317:480578] [AUTO_EXIT_CHECK] isLoading: false, isResolvingStream: false
2026-01-21 03:09:33.991 RedLemon[58317:480578] [AUTO_EXIT_CHECK] playbackFinished: false, isPlaying: true
2026-01-21 03:09:33.991 RedLemon[58317:480578] [AUTO_EXIT_CHECK] Position: 4600.684s / Duration: 5406.99s
2026-01-21 03:09:33.991 RedLemon[58317:480578] [AUTO_EXIT_CHECK] Checking EOF conditions...
2026-01-21 03:09:33.991 RedLemon[58317:480578] [AUTO_EXIT_CHECK] No exit condition met - continuing to monitor...
2026-01-21 03:09:34.951 RedLemon[58317:480578] [AUTO_EXIT_CHECK] isEventPlayback: true
2026-01-21 03:09:34.952 RedLemon[58317:480578] [AUTO_EXIT_CHECK] isLoading: false, isResolvingStream: false
2026-01-21 03:09:34.952 RedLemon[58317:480578] [AUTO_EXIT_CHECK] playbackFinished: false, isPlaying: true
2026-01-21 03:09:34.952 RedLemon[58317:480578] [AUTO_EXIT_CHECK] Position: 4601.5599999999995s / Duration: 5406.99s
2026-01-21 03:09:34.953 RedLemon[58317:480578] [AUTO_EXIT_CHECK] Checking EOF conditions...
2026-01-21 03:09:34.953 RedLemon[58317:480578] [AUTO_EXIT_CHECK] No exit condition met - continuing to monitor...
2026-01-21 03:09:35.951 RedLemon[58317:480578] [AUTO_EXIT_CHECK] isEventPlayback: true
2026-01-21 03:09:35.951 RedLemon[58317:480578] [AUTO_EXIT_CHECK] isLoading: false, isResolvingStream: false
2026-01-21 03:09:35.951 RedLemon[58317:480578] [AUTO_EXIT_CHECK] playbackFinished: false, isPlaying: true
2026-01-21 03:09:35.952 RedLemon[58317:480578] [AUTO_EXIT_CHECK] Position: 4602.728s / Duration: 5406.99s
2026-01-21 03:09:35.952 RedLemon[58317:480578] [AUTO_EXIT_CHECK] Checking EOF conditions...
2026-01-21 03:09:35.952 RedLemon[58317:480578] [AUTO_EXIT_CHECK] No exit condition met - continuing to monitor...
2026-01-21 03:09:36.952 RedLemon[58317:480578] [AUTO_EXIT_CHECK] isEventPlayback: true
2026-01-21 03:09:36.952 RedLemon[58317:480578] [AUTO_EXIT_CHECK] isLoading: false, isResolvingStream: false
2026-01-21 03:09:36.952 RedLemon[58317:480578] [AUTO_EXIT_CHECK] playbackFinished: false, isPlaying: true
2026-01-21 03:09:36.952 RedLemon[58317:480578] [AUTO_EXIT_CHECK] Position: 4603.603999999999s / Duration: 5406.99s
2026-01-21 03:09:36.952 RedLemon[58317:480578] [AUTO_EXIT_CHECK] Checking EOF conditions...
2026-01-21 03:09:36.952 RedLemon[58317:480578] [AUTO_EXIT_CHECK] No exit condition met - continuing to monitor...
2026-01-21 03:09:37.953 RedLemon[58317:480578] [AUTO_EXIT_CHECK] isEventPlayback: true
2026-01-21 03:09:37.953 RedLemon[58317:480578] [AUTO_EXIT_CHECK] isLoading: false, isResolvingStream: false
2026-01-21 03:09:37.953 RedLemon[58317:480578] [AUTO_EXIT_CHECK] playbackFinished: false, isPlaying: true
2026-01-21 03:09:37.953 RedLemon[58317:480578] [AUTO_EXIT_CHECK] Position: 4604.771s / Duration: 5406.99s
2026-01-21 03:09:37.953 RedLemon[58317:480578] [AUTO_EXIT_CHECK] Checking EOF conditions...
2026-01-21 03:09:37.953 RedLemon[58317:480578] [AUTO_EXIT_CHECK] No exit condition met - continuing to monitor...
2026-01-21 03:09:38.996 RedLemon[58317:480578] [AUTO_EXIT_CHECK] isEventPlayback: true
2026-01-21 03:09:38.996 RedLemon[58317:480578] [AUTO_EXIT_CHECK] isLoading: false, isResolvingStream: false
2026-01-21 03:09:38.997 RedLemon[58317:480578] [AUTO_EXIT_CHECK] playbackFinished: false, isPlaying: true
2026-01-21 03:09:38.997 RedLemon[58317:480578] [AUTO_EXIT_CHECK] Position: 4605.648s / Duration: 5406.99s
2026-01-21 03:09:38.997 RedLemon[58317:480578] [AUTO_EXIT_CHECK] Checking EOF conditions...
2026-01-21 03:09:38.997 RedLemon[58317:480578] [AUTO_EXIT_CHECK] No exit condition met - continuing to monitor...
2026-01-21 03:09:39.956 RedLemon[58317:480578] [AUTO_EXIT_CHECK] isEventPlayback: true
2026-01-21 03:09:39.957 RedLemon[58317:480578] [AUTO_EXIT_CHECK] isLoading: false, isResolvingStream: false
2026-01-21 03:09:39.957 RedLemon[58317:480578] [AUTO_EXIT_CHECK] playbackFinished: false, isPlaying: true
2026-01-21 03:09:39.957 RedLemon[58317:480578] [AUTO_EXIT_CHECK] Position: 4606.523s / Duration: 5406.99s
2026-01-21 03:09:39.958 RedLemon[58317:480578] [AUTO_EXIT_CHECK] Checking EOF conditions...
2026-01-21 03:09:39.958 RedLemon[58317:480578] [AUTO_EXIT_CHECK] No exit condition met - continuing to monitor...
2026-01-21 03:09:40.956 RedLemon[58317:480578] [AUTO_EXIT_CHECK] isEventPlayback: true
2026-01-21 03:09:40.957 RedLemon[58317:480578] [AUTO_EXIT_CHECK] isLoading: false, isResolvingStream: false
2026-01-21 03:09:40.957 RedLemon[58317:480578] [AUTO_EXIT_CHECK] playbackFinished: false, isPlaying: true
2026-01-21 03:09:40.957 RedLemon[58317:480578] [AUTO_EXIT_CHECK] Position: 4607.691s / Duration: 5406.99s
2026-01-21 03:09:40.957 RedLemon[58317:480578] [AUTO_EXIT_CHECK] Checking EOF conditions...
2026-01-21 03:09:40.957 RedLemon[58317:480578] [AUTO_EXIT_CHECK] No exit condition met - continuing to monitor...
2026-01-21 03:09:41.957 RedLemon[58317:480578] [AUTO_EXIT_CHECK] isEventPlayback: true
2026-01-21 03:09:41.958 RedLemon[58317:480578] [AUTO_EXIT_CHECK] isLoading: false, isResolvingStream: false
2026-01-21 03:09:41.958 RedLemon[58317:480578] [AUTO_EXIT_CHECK] playbackFinished: false, isPlaying: true
2026-01-21 03:09:41.958 RedLemon[58317:480578] [AUTO_EXIT_CHECK] Position: 4608.567s / Duration: 5406.99s
2026-01-21 03:09:41.958 RedLemon[58317:480578] [AUTO_EXIT_CHECK] Checking EOF conditions...
2026-01-21 03:09:41.958 RedLemon[58317:480578] [AUTO_EXIT_CHECK] No exit condition met - continuing to monitor...
2026-01-21 03:09:42.960 RedLemon[58317:480578] [AUTO_EXIT_CHECK] isEventPlayback: true
2026-01-21 03:09:42.960 RedLemon[58317:480578] [AUTO_EXIT_CHECK] isLoading: false, isResolvingStream: false
2026-01-21 03:09:42.960 RedLemon[58317:480578] [AUTO_EXIT_CHECK] playbackFinished: false, isPlaying: true
2026-01-21 03:09:42.960 RedLemon[58317:480578] [AUTO_EXIT_CHECK] Position: 4609.7339999999995s / Duration: 5406.99s
2026-01-21 03:09:42.960 RedLemon[58317:480578] [AUTO_EXIT_CHECK] Checking EOF conditions...
2026-01-21 03:09:42.961 RedLemon[58317:480578] [AUTO_EXIT_CHECK] No exit condition met - continuing to monitor...
2026-01-21 03:09:44.084 RedLemon[58317:480578] [AUTO_EXIT_CHECK] isEventPlayback: true
2026-01-21 03:09:44.085 RedLemon[58317:480578] [AUTO_EXIT_CHECK] isLoading: false, isResolvingStream: false
2026-01-21 03:09:44.085 RedLemon[58317:480578] [AUTO_EXIT_CHECK] playbackFinished: false, isPlaying: true
2026-01-21 03:09:44.085 RedLemon[58317:480578] [AUTO_EXIT_CHECK] Position: 4610.902999999999s / Duration: 5406.99s
2026-01-21 03:09:44.085 RedLemon[58317:480578] [AUTO_EXIT_CHECK] Checking EOF conditions...
2026-01-21 03:09:44.085 RedLemon[58317:480578] [AUTO_EXIT_CHECK] No exit condition met - continuing to monitor...
2026-01-21 03:09:44.918 RedLemon[58317:480578] [AUTO_EXIT_CHECK] isEventPlayback: true
2026-01-21 03:09:44.918 RedLemon[58317:480578] [AUTO_EXIT_CHECK] isLoading: false, isResolvingStream: false
2026-01-21 03:09:44.919 RedLemon[58317:480578] [AUTO_EXIT_CHECK] playbackFinished: false, isPlaying: true
2026-01-21 03:09:44.919 RedLemon[58317:480578] [AUTO_EXIT_CHECK] Position: 4611.486s / Duration: 5406.99s
2026-01-21 03:09:44.919 RedLemon[58317:480578] [AUTO_EXIT_CHECK] Checking EOF conditions...
2026-01-21 03:09:44.919 RedLemon[58317:480578] [AUTO_EXIT_CHECK] No exit condition met - continuing to monitor...
2026-01-21 03:09:45.919 RedLemon[58317:480578] [AUTO_EXIT_CHECK] isEventPlayback: true
2026-01-21 03:09:45.919 RedLemon[58317:480578] [AUTO_EXIT_CHECK] isLoading: false, isResolvingStream: false
2026-01-21 03:09:45.919 RedLemon[58317:480578] [AUTO_EXIT_CHECK] playbackFinished: false, isPlaying: true
2026-01-21 03:09:45.920 RedLemon[58317:480578] [AUTO_EXIT_CHECK] Position: 4612.6539999999995s / Duration: 5406.99s
2026-01-21 03:09:45.920 RedLemon[58317:480578] [AUTO_EXIT_CHECK] Checking EOF conditions...
2026-01-21 03:09:45.920 RedLemon[58317:480578] [AUTO_EXIT_CHECK] No exit condition met - continuing to monitor...
2026-01-21 03:09:46.962 RedLemon[58317:480578] [AUTO_EXIT_CHECK] isEventPlayback: true
2026-01-21 03:09:46.962 RedLemon[58317:480578] [AUTO_EXIT_CHECK] isLoading: false, isResolvingStream: false
2026-01-21 03:09:46.962 RedLemon[58317:480578] [AUTO_EXIT_CHECK] playbackFinished: false, isPlaying: true
2026-01-21 03:09:46.962 RedLemon[58317:480578] [AUTO_EXIT_CHECK] Position: 4613.53s / Duration: 5406.99s
2026-01-21 03:09:46.962 RedLemon[58317:480578] [AUTO_EXIT_CHECK] Checking EOF conditions...
2026-01-21 03:09:46.962 RedLemon[58317:480578] [AUTO_EXIT_CHECK] No exit condition met - continuing to monitor...
2026-01-21 03:09:48.005 RedLemon[58317:480578] [AUTO_EXIT_CHECK] isEventPlayback: true
2026-01-21 03:09:48.005 RedLemon[58317:480578] [AUTO_EXIT_CHECK] isLoading: false, isResolvingStream: false
2026-01-21 03:09:48.005 RedLemon[58317:480578] [AUTO_EXIT_CHECK] playbackFinished: false, isPlaying: true
2026-01-21 03:09:48.006 RedLemon[58317:480578] [AUTO_EXIT_CHECK] Position: 4614.697999999999s / Duration: 5406.99s
2026-01-21 03:09:48.006 RedLemon[58317:480578] [AUTO_EXIT_CHECK] Checking EOF conditions...
2026-01-21 03:09:48.006 RedLemon[58317:480578] [AUTO_EXIT_CHECK] No exit condition met - continuing to monitor...
2026-01-21 03:09:48.922 RedLemon[58317:480578] [AUTO_EXIT_CHECK] isEventPlayback: true
2026-01-21 03:09:48.922 RedLemon[58317:480578] [AUTO_EXIT_CHECK] isLoading: false, isResolvingStream: false
2026-01-21 03:09:48.923 RedLemon[58317:480578] [AUTO_EXIT_CHECK] playbackFinished: false, isPlaying: true
2026-01-21 03:09:48.923 RedLemon[58317:480578] [AUTO_EXIT_CHECK] Position: 4615.572999999999s / Duration: 5406.99s
2026-01-21 03:09:48.923 RedLemon[58317:480578] [AUTO_EXIT_CHECK] Checking EOF conditions...
2026-01-21 03:09:48.923 RedLemon[58317:480578] [AUTO_EXIT_CHECK] No exit condition met - continuing to monitor...
2026-01-21 03:09:49.923 RedLemon[58317:480578] [AUTO_EXIT_CHECK] isEventPlayback: true
2026-01-21 03:09:49.923 RedLemon[58317:480578] [AUTO_EXIT_CHECK] isLoading: false, isResolvingStream: false
2026-01-21 03:09:49.923 RedLemon[58317:480578] [AUTO_EXIT_CHECK] playbackFinished: false, isPlaying: true
2026-01-21 03:09:49.924 RedLemon[58317:480578] [AUTO_EXIT_CHECK] Position: 4616.742s / Duration: 5406.99s
2026-01-21 03:09:49.924 RedLemon[58317:480578] [AUTO_EXIT_CHECK] Checking EOF conditions...
2026-01-21 03:09:49.924 RedLemon[58317:480578] [AUTO_EXIT_CHECK] No exit condition met - continuing to monitor...
2026-01-21 03:09:50.925 RedLemon[58317:480578] [AUTO_EXIT_CHECK] isEventPlayback: true
2026-01-21 03:09:50.925 RedLemon[58317:480578] [AUTO_EXIT_CHECK] isLoading: false, isResolvingStream: false
2026-01-21 03:09:50.925 RedLemon[58317:480578] [AUTO_EXIT_CHECK] playbackFinished: false, isPlaying: true
2026-01-21 03:09:50.925 RedLemon[58317:480578] [AUTO_EXIT_CHECK] Position: 4617.6179999999995s / Duration: 5406.99s
2026-01-21 03:09:50.926 RedLemon[58317:480578] [AUTO_EXIT_CHECK] Checking EOF conditions...
2026-01-21 03:09:50.926 RedLemon[58317:480578] [AUTO_EXIT_CHECK] No exit condition met - continuing to monitor...
2026-01-21 03:09:51.926 RedLemon[58317:480578] [AUTO_EXIT_CHECK] isEventPlayback: true
2026-01-21 03:09:51.927 RedLemon[58317:480578] [AUTO_EXIT_CHECK] isLoading: false, isResolvingStream: false
2026-01-21 03:09:51.927 RedLemon[58317:480578] [AUTO_EXIT_CHECK] playbackFinished: false, isPlaying: true
2026-01-21 03:09:51.927 RedLemon[58317:480578] [AUTO_EXIT_CHECK] Position: 4618.494s / Duration: 5406.99s
2026-01-21 03:09:51.927 RedLemon[58317:480578] [AUTO_EXIT_CHECK] Checking EOF conditions...
2026-01-21 03:09:51.927 RedLemon[58317:480578] [AUTO_EXIT_CHECK] No exit condition met - continuing to monitor...
2026-01-21 03:09:53.053 RedLemon[58317:480578] [AUTO_EXIT_CHECK] isEventPlayback: true
2026-01-21 03:09:53.053 RedLemon[58317:480578] [AUTO_EXIT_CHECK] isLoading: false, isResolvingStream: false
2026-01-21 03:09:53.053 RedLemon[58317:480578] [AUTO_EXIT_CHECK] playbackFinished: false, isPlaying: true
2026-01-21 03:09:53.053 RedLemon[58317:480578] [AUTO_EXIT_CHECK] Position: 4619.661999999999s / Duration: 5406.99s
2026-01-21 03:09:53.053 RedLemon[58317:480578] [AUTO_EXIT_CHECK] Checking EOF conditions...
2026-01-21 03:09:53.054 RedLemon[58317:480578] [AUTO_EXIT_CHECK] No exit condition met - continuing to monitor...
2026-01-21 03:09:53.927 RedLemon[58317:480578] [AUTO_EXIT_CHECK] isEventPlayback: true
2026-01-21 03:09:53.927 RedLemon[58317:480578] [AUTO_EXIT_CHECK] isLoading: false, isResolvingStream: false
2026-01-21 03:09:53.927 RedLemon[58317:480578] [AUTO_EXIT_CHECK] playbackFinished: false, isPlaying: true
2026-01-21 03:09:53.927 RedLemon[58317:480578] [AUTO_EXIT_CHECK] Position: 4620.536999999999s / Duration: 5406.99s
2026-01-21 03:09:53.927 RedLemon[58317:480578] [AUTO_EXIT_CHECK] Checking EOF conditions...
2026-01-21 03:09:53.927 RedLemon[58317:480578] [AUTO_EXIT_CHECK] No exit condition met - continuing to monitor...
2026-01-21 03:09:54.927 RedLemon[58317:480578] [AUTO_EXIT_CHECK] isEventPlayback: true
2026-01-21 03:09:54.927 RedLemon[58317:480578] [AUTO_EXIT_CHECK] isLoading: false, isResolvingStream: false
2026-01-21 03:09:54.927 RedLemon[58317:480578] [AUTO_EXIT_CHECK] playbackFinished: false, isPlaying: true
2026-01-21 03:09:54.928 RedLemon[58317:480578] [AUTO_EXIT_CHECK] Position: 4621.705s / Duration: 5406.99s
2026-01-21 03:09:54.928 RedLemon[58317:480578] [AUTO_EXIT_CHECK] Checking EOF conditions...
2026-01-21 03:09:54.928 RedLemon[58317:480578] [AUTO_EXIT_CHECK] No exit condition met - continuing to monitor...
2026-01-21 03:09:54.971 RedLemon[58317:480703] 🔐 SupabaseClient: Signing Identity Payload: '1768982994656daa91-33b4-4688-9135-c982ea52d7c9/rpc/room_heartbeat'
2026-01-21 03:09:54.972 RedLemon[58317:480703] 🔐 Signed request to /rpc/room_heartbeat
2026-01-21 03:09:55.928 RedLemon[58317:480578] [AUTO_EXIT_CHECK] isEventPlayback: true
2026-01-21 03:09:55.928 RedLemon[58317:480578] [AUTO_EXIT_CHECK] isLoading: false, isResolvingStream: false
2026-01-21 03:09:55.928 RedLemon[58317:480578] [AUTO_EXIT_CHECK] playbackFinished: false, isPlaying: true
2026-01-21 03:09:55.929 RedLemon[58317:480578] [AUTO_EXIT_CHECK] Position: 4622.581s / Duration: 5406.99s
2026-01-21 03:09:55.929 RedLemon[58317:480578] [AUTO_EXIT_CHECK] Checking EOF conditions...
2026-01-21 03:09:55.929 RedLemon[58317:480578] [AUTO_EXIT_CHECK] No exit condition met - continuing to monitor...
2026-01-21 03:09:56.972 RedLemon[58317:480578] [AUTO_EXIT_CHECK] isEventPlayback: true
2026-01-21 03:09:56.972 RedLemon[58317:480578] [AUTO_EXIT_CHECK] isLoading: false, isResolvingStream: false
2026-01-21 03:09:56.972 RedLemon[58317:480578] [AUTO_EXIT_CHECK] playbackFinished: false, isPlaying: true
2026-01-21 03:09:56.973 RedLemon[58317:480578] [AUTO_EXIT_CHECK] Position: 4623.748s / Duration: 5406.99s
2026-01-21 03:09:56.973 RedLemon[58317:480578] [AUTO_EXIT_CHECK] Checking EOF conditions...
2026-01-21 03:09:56.973 RedLemon[58317:480578] [AUTO_EXIT_CHECK] No exit condition met - continuing to monitor...
2026-01-21 03:09:58.056 RedLemon[58317:480578] [AUTO_EXIT_CHECK] isEventPlayback: true
2026-01-21 03:09:58.057 RedLemon[58317:480578] [AUTO_EXIT_CHECK] isLoading: false, isResolvingStream: false
2026-01-21 03:09:58.057 RedLemon[58317:480578] [AUTO_EXIT_CHECK] playbackFinished: false, isPlaying: true
2026-01-21 03:09:58.057 RedLemon[58317:480578] [AUTO_EXIT_CHECK] Position: 4624.625s / Duration: 5406.99s
2026-01-21 03:09:58.057 RedLemon[58317:480578] [AUTO_EXIT_CHECK] Checking EOF conditions...
2026-01-21 03:09:58.057 RedLemon[58317:480578] [AUTO_EXIT_CHECK] No exit condition met - continuing to monitor...
2026-01-21 03:09:58.931 RedLemon[58317:480578] [AUTO_EXIT_CHECK] isEventPlayback: true
2026-01-21 03:09:58.932 RedLemon[58317:480578] [AUTO_EXIT_CHECK] isLoading: false, isResolvingStream: false
2026-01-21 03:09:58.932 RedLemon[58317:480578] [AUTO_EXIT_CHECK] playbackFinished: false, isPlaying: true
2026-01-21 03:09:58.932 RedLemon[58317:480578] [AUTO_EXIT_CHECK] Position: 4625.501s / Duration: 5406.99s
2026-01-21 03:09:58.932 RedLemon[58317:480578] [AUTO_EXIT_CHECK] Checking EOF conditions...
2026-01-21 03:09:58.932 RedLemon[58317:480578] [AUTO_EXIT_CHECK] No exit condition met - continuing to monitor...
2026-01-21 03:09:59.933 RedLemon[58317:480578] [AUTO_EXIT_CHECK] isEventPlayback: true
2026-01-21 03:09:59.933 RedLemon[58317:480578] [AUTO_EXIT_CHECK] isLoading: false, isResolvingStream: false
2026-01-21 03:09:59.934 RedLemon[58317:480578] [AUTO_EXIT_CHECK] playbackFinished: false, isPlaying: true
2026-01-21 03:09:59.934 RedLemon[58317:480578] [AUTO_EXIT_CHECK] Position: 4626.668s / Duration: 5406.99s
2026-01-21 03:09:59.934 RedLemon[58317:480578] [AUTO_EXIT_CHECK] Checking EOF conditions...
2026-01-21 03:09:59.934 RedLemon[58317:480578] [AUTO_EXIT_CHECK] No exit condition met - continuing to monitor...
2026-01-21 03:10:00.936 RedLemon[58317:480578] [AUTO_EXIT_CHECK] isEventPlayback: true
2026-01-21 03:10:00.936 RedLemon[58317:480578] [AUTO_EXIT_CHECK] isLoading: false, isResolvingStream: false
2026-01-21 03:10:00.936 RedLemon[58317:480578] [AUTO_EXIT_CHECK] playbackFinished: false, isPlaying: true
2026-01-21 03:10:00.936 RedLemon[58317:480578] [AUTO_EXIT_CHECK] Position: 4627.544s / Duration: 5406.99s
2026-01-21 03:10:00.936 RedLemon[58317:480578] [AUTO_EXIT_CHECK] Checking EOF conditions...
2026-01-21 03:10:00.937 RedLemon[58317:480578] [AUTO_EXIT_CHECK] No exit condition met - continuing to monitor...
2026-01-21 03:10:01.978 RedLemon[58317:480578] [AUTO_EXIT_CHECK] isEventPlayback: true
2026-01-21 03:10:01.978 RedLemon[58317:480578] [AUTO_EXIT_CHECK] isLoading: false, isResolvingStream: false
2026-01-21 03:10:01.978 RedLemon[58317:480578] [AUTO_EXIT_CHECK] playbackFinished: false, isPlaying: true
2026-01-21 03:10:01.978 RedLemon[58317:480578] [AUTO_EXIT_CHECK] Position: 4628.7119999999995s / Duration: 5406.99s
2026-01-21 03:10:01.979 RedLemon[58317:480578] [AUTO_EXIT_CHECK] Checking EOF conditions...
2026-01-21 03:10:01.979 RedLemon[58317:480578] [AUTO_EXIT_CHECK] No exit condition met - continuing to monitor...
2026-01-21 03:10:02.936 RedLemon[58317:480578] [AUTO_EXIT_CHECK] isEventPlayback: true
2026-01-21 03:10:02.936 RedLemon[58317:480578] [AUTO_EXIT_CHECK] isLoading: false, isResolvingStream: false
2026-01-21 03:10:02.936 RedLemon[58317:480578] [AUTO_EXIT_CHECK] playbackFinished: false, isPlaying: true
2026-01-21 03:10:02.936 RedLemon[58317:480578] [AUTO_EXIT_CHECK] Position: 4629.588s / Duration: 5406.99s
2026-01-21 03:10:02.937 RedLemon[58317:480578] [AUTO_EXIT_CHECK] Checking EOF conditions...
2026-01-21 03:10:02.937 RedLemon[58317:480578] [AUTO_EXIT_CHECK] No exit condition met - continuing to monitor...
2026-01-21 03:10:03.938 RedLemon[58317:480578] [AUTO_EXIT_CHECK] isEventPlayback: true
2026-01-21 03:10:03.938 RedLemon[58317:480578] [AUTO_EXIT_CHECK] isLoading: false, isResolvingStream: false
2026-01-21 03:10:03.938 RedLemon[58317:480578] [AUTO_EXIT_CHECK] playbackFinished: false, isPlaying: true
2026-01-21 03:10:03.938 RedLemon[58317:480578] [AUTO_EXIT_CHECK] Position: 4630.755s / Duration: 5406.99s
2026-01-21 03:10:03.938 RedLemon[58317:480578] [AUTO_EXIT_CHECK] Checking EOF conditions...
2026-01-21 03:10:03.938 RedLemon[58317:480578] [AUTO_EXIT_CHECK] No exit condition met - continuing to monitor...
2026-01-21 03:10:04.938 RedLemon[58317:480578] [AUTO_EXIT_CHECK] isEventPlayback: true
2026-01-21 03:10:04.938 RedLemon[58317:480578] [AUTO_EXIT_CHECK] isLoading: false, isResolvingStream: false
2026-01-21 03:10:04.938 RedLemon[58317:480578] [AUTO_EXIT_CHECK] playbackFinished: false, isPlaying: true
2026-01-21 03:10:04.938 RedLemon[58317:480578] [AUTO_EXIT_CHECK] Position: 4631.632s / Duration: 5406.99s
2026-01-21 03:10:04.939 RedLemon[58317:480578] [AUTO_EXIT_CHECK] Checking EOF conditions...
2026-01-21 03:10:04.939 RedLemon[58317:480578] [AUTO_EXIT_CHECK] No exit condition met - continuing to monitor...
2026-01-21 03:10:05.940 RedLemon[58317:480578] [AUTO_EXIT_CHECK] isEventPlayback: true
2026-01-21 03:10:05.940 RedLemon[58317:480578] [AUTO_EXIT_CHECK] isLoading: false, isResolvingStream: false
2026-01-21 03:10:05.940 RedLemon[58317:480578] [AUTO_EXIT_CHECK] playbackFinished: false, isPlaying: true
2026-01-21 03:10:05.940 RedLemon[58317:480578] [AUTO_EXIT_CHECK] Position: 4632.507s / Duration: 5406.99s
2026-01-21 03:10:05.940 RedLemon[58317:480578] [AUTO_EXIT_CHECK] Checking EOF conditions...
2026-01-21 03:10:05.941 RedLemon[58317:480578] [AUTO_EXIT_CHECK] No exit condition met - continuing to monitor...
2026-01-21 03:10:06.984 RedLemon[58317:480578] [AUTO_EXIT_CHECK] isEventPlayback: true
2026-01-21 03:10:06.985 RedLemon[58317:480578] [AUTO_EXIT_CHECK] isLoading: false, isResolvingStream: false
2026-01-21 03:10:06.985 RedLemon[58317:480578] [AUTO_EXIT_CHECK] playbackFinished: false, isPlaying: true
2026-01-21 03:10:06.985 RedLemon[58317:480578] [AUTO_EXIT_CHECK] Position: 4633.675s / Duration: 5406.99s
2026-01-21 03:10:06.985 RedLemon[58317:480578] [AUTO_EXIT_CHECK] Checking EOF conditions...
2026-01-21 03:10:06.985 RedLemon[58317:480578] [AUTO_EXIT_CHECK] No exit condition met - continuing to monitor...
2026-01-21 03:10:07.940 RedLemon[58317:480578] [AUTO_EXIT_CHECK] isEventPlayback: true
2026-01-21 03:10:07.941 RedLemon[58317:480578] [AUTO_EXIT_CHECK] isLoading: false, isResolvingStream: false
2026-01-21 03:10:07.941 RedLemon[58317:480578] [AUTO_EXIT_CHECK] playbackFinished: false, isPlaying: true
2026-01-21 03:10:07.941 RedLemon[58317:480578] [AUTO_EXIT_CHECK] Position: 4634.5509999999995s / Duration: 5406.99s
2026-01-21 03:10:07.941 RedLemon[58317:480578] [AUTO_EXIT_CHECK] Checking EOF conditions...
2026-01-21 03:10:07.941 RedLemon[58317:480578] [AUTO_EXIT_CHECK] No exit condition met - continuing to monitor...
2026-01-21 03:10:08.944 RedLemon[58317:480578] [AUTO_EXIT_CHECK] isEventPlayback: true
2026-01-21 03:10:08.944 RedLemon[58317:480578] [AUTO_EXIT_CHECK] isLoading: false, isResolvingStream: false
2026-01-21 03:10:08.944 RedLemon[58317:480578] [AUTO_EXIT_CHECK] playbackFinished: false, isPlaying: true
2026-01-21 03:10:08.944 RedLemon[58317:480578] [AUTO_EXIT_CHECK] Position: 4635.719s / Duration: 5406.99s
2026-01-21 03:10:08.944 RedLemon[58317:480578] [AUTO_EXIT_CHECK] Checking EOF conditions...
2026-01-21 03:10:08.945 RedLemon[58317:480578] [AUTO_EXIT_CHECK] No exit condition met - continuing to monitor...
2026-01-21 03:10:09.943 RedLemon[58317:480578] [AUTO_EXIT_CHECK] isEventPlayback: true
2026-01-21 03:10:09.943 RedLemon[58317:480578] [AUTO_EXIT_CHECK] isLoading: false, isResolvingStream: false
2026-01-21 03:10:09.943 RedLemon[58317:480578] [AUTO_EXIT_CHECK] playbackFinished: false, isPlaying: true
2026-01-21 03:10:09.944 RedLemon[58317:480578] [AUTO_EXIT_CHECK] Position: 4636.594s / Duration: 5406.99s
2026-01-21 03:10:09.944 RedLemon[58317:480578] [AUTO_EXIT_CHECK] Checking EOF conditions...
2026-01-21 03:10:09.944 RedLemon[58317:480578] [AUTO_EXIT_CHECK] No exit condition met - continuing to monitor...
2026-01-21 03:10:11.028 RedLemon[58317:480578] [AUTO_EXIT_CHECK] isEventPlayback: true
2026-01-21 03:10:11.028 RedLemon[58317:480578] [AUTO_EXIT_CHECK] isLoading: false, isResolvingStream: false
2026-01-21 03:10:11.028 RedLemon[58317:480578] [AUTO_EXIT_CHECK] playbackFinished: false, isPlaying: true
2026-01-21 03:10:11.028 RedLemon[58317:480578] [AUTO_EXIT_CHECK] Position: 4637.763s / Duration: 5406.99s
2026-01-21 03:10:11.029 RedLemon[58317:480578] [AUTO_EXIT_CHECK] Checking EOF conditions...
2026-01-21 03:10:11.029 RedLemon[58317:480578] [AUTO_EXIT_CHECK] No exit condition met - continuing to monitor...
2026-01-21 03:10:12.071 RedLemon[58317:480578] [AUTO_EXIT_CHECK] isEventPlayback: true
2026-01-21 03:10:12.071 RedLemon[58317:480578] [AUTO_EXIT_CHECK] isLoading: false, isResolvingStream: false
2026-01-21 03:10:12.071 RedLemon[58317:480578] [AUTO_EXIT_CHECK] playbackFinished: false, isPlaying: true
2026-01-21 03:10:12.071 RedLemon[58317:480578] [AUTO_EXIT_CHECK] Position: 4638.638s / Duration: 5406.99s
2026-01-21 03:10:12.071 RedLemon[58317:480578] [AUTO_EXIT_CHECK] Checking EOF conditions...
2026-01-21 03:10:12.072 RedLemon[58317:480578] [AUTO_EXIT_CHECK] No exit condition met - continuing to monitor...
2026-01-21 03:10:12.946 RedLemon[58317:480578] [AUTO_EXIT_CHECK] isEventPlayback: true
2026-01-21 03:10:12.947 RedLemon[58317:480578] [AUTO_EXIT_CHECK] isLoading: false, isResolvingStream: false
2026-01-21 03:10:12.948 RedLemon[58317:480578] [AUTO_EXIT_CHECK] playbackFinished: false, isPlaying: true
2026-01-21 03:10:12.948 RedLemon[58317:480578] [AUTO_EXIT_CHECK] Position: 4639.806s / Duration: 5406.99s
2026-01-21 03:10:12.948 RedLemon[58317:480578] [AUTO_EXIT_CHECK] Checking EOF conditions...
2026-01-21 03:10:12.949 RedLemon[58317:480578] [AUTO_EXIT_CHECK] No exit condition met - continuing to monitor...
2026-01-21 03:10:13.948 RedLemon[58317:480578] [AUTO_EXIT_CHECK] isEventPlayback: true
2026-01-21 03:10:13.948 RedLemon[58317:480578] [AUTO_EXIT_CHECK] isLoading: false, isResolvingStream: false
2026-01-21 03:10:13.948 RedLemon[58317:480578] [AUTO_EXIT_CHECK] playbackFinished: false, isPlaying: true
2026-01-21 03:10:13.948 RedLemon[58317:480578] [AUTO_EXIT_CHECK] Position: 4640.682s / Duration: 5406.99s
2026-01-21 03:10:13.949 RedLemon[58317:480578] [AUTO_EXIT_CHECK] Checking EOF conditions...
2026-01-21 03:10:13.949 RedLemon[58317:480578] [AUTO_EXIT_CHECK] No exit condition met - continuing to monitor...
2026-01-21 03:10:14.950 RedLemon[58317:480578] [AUTO_EXIT_CHECK] isEventPlayback: true
2026-01-21 03:10:14.950 RedLemon[58317:480578] [AUTO_EXIT_CHECK] isLoading: false, isResolvingStream: false
2026-01-21 03:10:14.950 RedLemon[58317:480578] [AUTO_EXIT_CHECK] playbackFinished: false, isPlaying: true
2026-01-21 03:10:14.950 RedLemon[58317:480578] [AUTO_EXIT_CHECK] Position: 4641.558s / Duration: 5406.99s
2026-01-21 03:10:14.951 RedLemon[58317:480578] [AUTO_EXIT_CHECK] Checking EOF conditions...
2026-01-21 03:10:14.951 RedLemon[58317:480578] [AUTO_EXIT_CHECK] No exit condition met - continuing to monitor...
2026-01-21 03:10:16.033 RedLemon[58317:480578] [AUTO_EXIT_CHECK] isEventPlayback: true
2026-01-21 03:10:16.034 RedLemon[58317:480578] [AUTO_EXIT_CHECK] isLoading: false, isResolvingStream: false
2026-01-21 03:10:16.034 RedLemon[58317:480578] [AUTO_EXIT_CHECK] playbackFinished: false, isPlaying: true
2026-01-21 03:10:16.034 RedLemon[58317:480578] [AUTO_EXIT_CHECK] Position: 4642.726s / Duration: 5406.99s
2026-01-21 03:10:16.034 RedLemon[58317:480578] [AUTO_EXIT_CHECK] Checking EOF conditions...
2026-01-21 03:10:16.035 RedLemon[58317:480578] [AUTO_EXIT_CHECK] No exit condition met - continuing to monitor...
2026-01-21 03:10:16.951 RedLemon[58317:480578] [AUTO_EXIT_CHECK] isEventPlayback: true
2026-01-21 03:10:16.951 RedLemon[58317:480578] [AUTO_EXIT_CHECK] isLoading: false, isResolvingStream: false
2026-01-21 03:10:16.952 RedLemon[58317:480578] [AUTO_EXIT_CHECK] playbackFinished: false, isPlaying: true
2026-01-21 03:10:16.952 RedLemon[58317:480578] [AUTO_EXIT_CHECK] Position: 4643.602s / Duration: 5406.99s
2026-01-21 03:10:16.952 RedLemon[58317:480578] [AUTO_EXIT_CHECK] Checking EOF conditions...
2026-01-21 03:10:16.952 RedLemon[58317:480578] [AUTO_EXIT_CHECK] No exit condition met - continuing to monitor...
2026-01-21 03:10:17.928 RedLemon[58317:480578] [AUTO_EXIT_CHECK] isEventPlayback: true
2026-01-21 03:10:17.928 RedLemon[58317:480578] [AUTO_EXIT_CHECK] isLoading: false, isResolvingStream: false
2026-01-21 03:10:17.928 RedLemon[58317:480578] [AUTO_EXIT_CHECK] playbackFinished: false, isPlaying: true
2026-01-21 03:10:17.928 RedLemon[58317:480578] [AUTO_EXIT_CHECK] Position: 4644.7699999999995s / Duration: 5406.99s
2026-01-21 03:10:17.928 RedLemon[58317:480578] [AUTO_EXIT_CHECK] Checking EOF conditions...
2026-01-21 03:10:17.928 RedLemon[58317:480578] [AUTO_EXIT_CHECK] No exit condition met - continuing to monitor...
2026-01-21 03:10:18.955 RedLemon[58317:480578] [AUTO_EXIT_CHECK] isEventPlayback: true
2026-01-21 03:10:18.955 RedLemon[58317:480578] [AUTO_EXIT_CHECK] isLoading: false, isResolvingStream: false
2026-01-21 03:10:18.955 RedLemon[58317:480578] [AUTO_EXIT_CHECK] playbackFinished: false, isPlaying: true
2026-01-21 03:10:18.955 RedLemon[58317:480578] [AUTO_EXIT_CHECK] Position: 4645.646s / Duration: 5406.99s
2026-01-21 03:10:18.956 RedLemon[58317:480578] [AUTO_EXIT_CHECK] Checking EOF conditions...
2026-01-21 03:10:18.956 RedLemon[58317:480578] [AUTO_EXIT_CHECK] No exit condition met - continuing to monitor...
2026-01-21 03:10:19.967 RedLemon[58317:480578] [AUTO_EXIT_CHECK] isEventPlayback: true
2026-01-21 03:10:19.968 RedLemon[58317:480578] [AUTO_EXIT_CHECK] isLoading: false, isResolvingStream: false
2026-01-21 03:10:19.968 RedLemon[58317:480578] [AUTO_EXIT_CHECK] playbackFinished: false, isPlaying: true
2026-01-21 03:10:19.968 RedLemon[58317:480578] [AUTO_EXIT_CHECK] Position: 4646.813s / Duration: 5406.99s
2026-01-21 03:10:19.968 RedLemon[58317:480578] [AUTO_EXIT_CHECK] Checking EOF conditions...
2026-01-21 03:10:19.968 RedLemon[58317:480578] [AUTO_EXIT_CHECK] No exit condition met - continuing to monitor...
2026-01-21 03:10:20.999 RedLemon[58317:480578] [AUTO_EXIT_CHECK] isEventPlayback: true
2026-01-21 03:10:21.000 RedLemon[58317:480578] [AUTO_EXIT_CHECK] isLoading: false, isResolvingStream: false
2026-01-21 03:10:21.001 RedLemon[58317:480578] [AUTO_EXIT_CHECK] playbackFinished: false, isPlaying: true
2026-01-21 03:10:21.002 RedLemon[58317:480578] [AUTO_EXIT_CHECK] Position: 4647.688999999999s / Duration: 5406.99s
2026-01-21 03:10:21.002 RedLemon[58317:480578] [AUTO_EXIT_CHECK] Checking EOF conditions...
2026-01-21 03:10:21.003 RedLemon[58317:480578] [AUTO_EXIT_CHECK] No exit condition met - continuing to monitor...
2026-01-21 03:10:22.040 RedLemon[58317:480578] [AUTO_EXIT_CHECK] isEventPlayback: true
2026-01-21 03:10:22.040 RedLemon[58317:480578] [AUTO_EXIT_CHECK] isLoading: false, isResolvingStream: false
2026-01-21 03:10:22.040 RedLemon[58317:480578] [AUTO_EXIT_CHECK] playbackFinished: false, isPlaying: true
2026-01-21 03:10:22.040 RedLemon[58317:480578] [AUTO_EXIT_CHECK] Position: 4648.857s / Duration: 5406.99s
2026-01-21 03:10:22.040 RedLemon[58317:480578] [AUTO_EXIT_CHECK] Checking EOF conditions...
2026-01-21 03:10:22.041 RedLemon[58317:480578] [AUTO_EXIT_CHECK] No exit condition met - continuing to monitor...
📄 Subtitle request: L3N1YnRpdGxlLzQ4NDA5... (offset: 0ms)
📥 Downloading subtitle from SubDL CDN: /subtitle/484090-366499.zip
✅ [EventsConfig] Using cached movie_events config (version 1563, 405 movies)
✅ SocialService: Event event_tt0266915 is JOINABLE (Live or Next Up) - allowing join
✅ Download complete: 32787 bytes
📦 Detected ZIP archive, extracting...
🔍 Calculating compatibility scores for 1 files...
⚠️ No strong compatibility match (Best: 0 for Rush.Hour.2.2001.720p.HDTV.x264-aZA.srt)
⚠️ No specific match found, using first file: Rush.Hour.2.2001.720p.HDTV.x264-aZA.srt
📦 Extracting specific file: Rush.Hour.2.2001.720p.HDTV.x264-aZA.srt
✅ Extraction successful
✅ Subtitle downloaded and converted to VTT
📈 SocialService: User 96e01cdb-36c0-4228-a6e4-a29a3c66bc8e came online
📊 AppState: Polled participant counts - Active: ["tt0266915": 1]
⏰ AppState: Next schedule update set for Event End: 2026-01-21 08:32:50 +0000
⏰ AppState: Scheduling update in 1648 seconds
📊 AppState: Polled participant counts - Active: ["tt0266915": 1]
⏰ AppState: Next schedule update set for Event End: 2026-01-21 08:32:50 +0000
⏰ AppState: Scheduling update in 1638 seconds
📉 SocialService: User 656daa91-33b4-4688-9135-c982ea52d7c9 went offline (No active refs)
📈 SocialService: User 656daa91-33b4-4688-9135-c982ea52d7c9 came online
📡 [EventsConfig] Checking server for movie_events config version...
✅ [EventsConfig] Fetched movie_events version 1563 with 405 movies
✅ [EventsConfig] Using cached movie_events config (version 1563, 405 movies)
✅ SocialService: Event event_tt0266915 is JOINABLE (Live or Next Up) - allowing join
📊 AppState: Polled participant counts - Active: ["tt0266915": 1]
⏰ AppState: Next schedule update set for Event End: 2026-01-21 08:32:50 +0000
⏰ AppState: Scheduling update in 1628 seconds
📊 AppState: Polled participant counts - Active: ["tt0266915": 1]
⏰ AppState: Next schedule update set for Event End: 2026-01-21 08:32:50 +0000
⏰ AppState: Scheduling update in 1618 seconds
📡 [EventsConfig] Checking server for movie_events config version...
📡 [EventsConfig] Checking server for movie_events config version...
✅ [EventsConfig] Fetched movie_events version 1563 with 405 movies
✅ [EventsConfig] Fetched movie_events version 1563 with 405 movies
✅ [EventsConfig] Using cached movie_events config (version 1563, 405 movies)
✅ [EventsConfig] Using cached movie_events config (version 1563, 405 movies)
✅ SocialService: Event event_tt0266915 is JOINABLE (Live or Next Up) - allowing join
✅ SocialService: Event event_tt0266915 is JOINABLE (Live or Next Up) - allowing join
📡 [EventsConfig] Checking server for movie_events config version...
✅ [EventsConfig] Fetched movie_events version 1563 with 405 movies
✅ [EventsConfig] Using cached movie_events config (version 1563, 405 movies)
📊 AppState: Polled participant counts - Active: ["tt0266915": 1]
⏰ AppState: Next schedule update set for Event End: 2026-01-21 08:32:50 +0000
⏰ AppState: Scheduling update in 1608 seconds
📊 AppState: Polled participant counts - Active: ["tt0266915": 1]
⏰ AppState: Next schedule update set for Event End: 2026-01-21 08:32:50 +0000
⏰ AppState: Scheduling update in 1598 seconds
📊 AppState: Polled participant counts - Active: ["tt0266915": 1]
⏰ AppState: Next schedule update set for Event End: 2026-01-21 08:32:50 +0000
⏰ AppState: Scheduling update in 1588 seconds
📡 [EventsConfig] Checking server for movie_events config version...
📡 [EventsConfig] Checking server for movie_events config version...
✅ [EventsConfig] Fetched movie_events version 1563 with 405 movies
✅ [EventsConfig] Fetched movie_events version 1563 with 405 movies
✅ [EventsConfig] Using cached movie_events config (version 1563, 405 movies)
✅ [EventsConfig] Using cached movie_events config (version 1563, 405 movies)
✅ SocialService: Event event_tt0266915 is JOINABLE (Live or Next Up) - allowing join
✅ SocialService: Event event_tt0266915 is JOINABLE (Live or Next Up) - allowing join
📊 AppState: Polled participant counts - Active: ["tt0266915": 1]
⏰ AppState: Next schedule update set for Event End: 2026-01-21 08:32:50 +0000
⏰ AppState: Scheduling update in 1578 seconds
📊 AppState: Polled participant counts - Active: ["tt0266915": 1]
⏰ AppState: Next schedule update set for Event End: 2026-01-21 08:32:50 +0000
⏰ AppState: Scheduling update in 1568 seconds
📉 SocialService: User 656daa91-33b4-4688-9135-c982ea52d7c9 went offline (No active refs)
📈 SocialService: User 656daa91-33b4-4688-9135-c982ea52d7c9 came online
📡 [EventsConfig] Checking server for movie_events config version...
✅ [EventsConfig] Fetched movie_events version 1563 with 405 movies
✅ [EventsConfig] Using cached movie_events config (version 1563, 405 movies)
✅ SocialService: Event event_tt0266915 is JOINABLE (Live or Next Up) - allowing join
📊 AppState: Polled participant counts - Active: ["tt0266915": 1]
⏰ AppState: Next schedule update set for Event End: 2026-01-21 08:32:50 +0000
⏰ AppState: Scheduling update in 1558 seconds
📡 [EventsConfig] Checking server for movie_events config version...
✅ [EventsConfig] Fetched movie_events version 1563 with 405 movies
✅ [EventsConfig] Using cached movie_events config (version 1563, 405 movies)
📊 AppState: Polled participant counts - Active: ["tt0266915": 1]
⏰ AppState: Next schedule update set for Event End: 2026-01-21 08:32:50 +0000
⏰ AppState: Scheduling update in 1548 seconds
📊 AppState: Polled participant counts - Active: ["tt0266915": 1]
⏰ AppState: Next schedule update set for Event End: 2026-01-21 08:32:50 +0000
⏰ AppState: Scheduling update in 1538 seconds
📡 [EventsConfig] Checking server for movie_events config version...
📡 [EventsConfig] Checking server for movie_events config version...
✅ [EventsConfig] Fetched movie_events version 1563 with 405 movies
✅ [EventsConfig] Using cached movie_events config (version 1563, 405 movies)
✅ SocialService: Event event_tt0266915 is JOINABLE (Live or Next Up) - allowing join
✅ [EventsConfig] Fetched movie_events version 1563 with 405 movies
✅ [EventsConfig] Using cached movie_events config (version 1563, 405 movies)
✅ SocialService: Event event_tt0266915 is JOINABLE (Live or Next Up) - allowing join
📊 AppState: Polled participant counts - Active: ["tt0266915": 1]
⏰ AppState: Next schedule update set for Event End: 2026-01-21 08:32:50 +0000
⏰ AppState: Scheduling update in 1528 seconds
📊 AppState: Polled participant counts - Active: ["tt0266915": 1]
⏰ AppState: Next schedule update set for Event End: 2026-01-21 08:32:50 +0000
⏰ AppState: Scheduling update in 1518 seconds
📡 [EventsConfig] Checking server for movie_events config version...
📡 [EventsConfig] Checking server for movie_events config version...
✅ [EventsConfig] Fetched movie_events version 1563 with 405 movies
✅ [EventsConfig] Fetched movie_events version 1563 with 405 movies
✅ [EventsConfig] Using cached movie_events config (version 1563, 405 movies)
✅ [EventsConfig] Using cached movie_events config (version 1563, 405 movies)
✅ SocialService: Event event_tt0266915 is JOINABLE (Live or Next Up) - allowing join
✅ SocialService: Event event_tt0266915 is JOINABLE (Live or Next Up) - allowing join
📊 AppState: Polled participant counts - Active: ["tt0266915": 1]
⏰ AppState: Next schedule update set for Event End: 2026-01-21 08:32:50 +0000
⏰ AppState: Scheduling update in 1508 seconds
📊 AppState: Polled participant counts - Active: ["tt0266915": 1]
⏰ AppState: Next schedule update set for Event End: 2026-01-21 08:32:50 +0000
⏰ AppState: Scheduling update in 1498 seconds
📉 SocialService: User 96e01cdb-36c0-4228-a6e4-a29a3c66bc8e went offline (No active refs)
📈 SocialService: User 96e01cdb-36c0-4228-a6e4-a29a3c66bc8e came online
📡 [EventsConfig] Checking server for movie_events config version...
✅ [EventsConfig] Fetched movie_events version 1563 with 405 movies
✅ [EventsConfig] Using cached movie_events config (version 1563, 405 movies)
📊 AppState: Polled participant counts - Active: ["tt0266915": 1]
⏰ AppState: Next schedule update set for Event End: 2026-01-21 08:32:50 +0000
⏰ AppState: Scheduling update in 1488 seconds
📡 [EventsConfig] Checking server for movie_events config version...
📡 [EventsConfig] Checking server for movie_events config version...
✅ [EventsConfig] Fetched movie_events version 1563 with 405 movies
✅ [EventsConfig] Fetched movie_events version 1563 with 405 movies
✅ [EventsConfig] Using cached movie_events config (version 1563, 405 movies)
✅ SocialService: Event event_tt0266915 is JOINABLE (Live or Next Up) - allowing join
✅ [EventsConfig] Using cached movie_events config (version 1563, 405 movies)
✅ SocialService: Event event_tt0266915 is JOINABLE (Live or Next Up) - allowing join
📊 AppState: Polled participant counts - Active: ["tt0266915": 1]
⏰ AppState: Next schedule update set for Event End: 2026-01-21 08:32:50 +0000
⏰ AppState: Scheduling update in 1478 seconds
📊 AppState: Polled participant counts - Active: ["tt0266915": 1]
⏰ AppState: Next schedule update set for Event End: 2026-01-21 08:32:50 +0000
⏰ AppState: Scheduling update in 1468 seconds
📡 [EventsConfig] Checking server for movie_events config version...
📡 [EventsConfig] Checking server for movie_events config version...
✅ [EventsConfig] Fetched movie_events version 1563 with 405 movies
✅ [EventsConfig] Using cached movie_events config (version 1563, 405 movies)
✅ SocialService: Event event_tt0266915 is JOINABLE (Live or Next Up) - allowing join
✅ [EventsConfig] Fetched movie_events version 1563 with 405 movies
✅ [EventsConfig] Using cached movie_events config (version 1563, 405 movies)
✅ SocialService: Event event_tt0266915 is JOINABLE (Live or Next Up) - allowing join
📊 AppState: Polled participant counts - Active: ["tt0266915": 1]
⏰ AppState: Next schedule update set for Event End: 2026-01-21 08:32:50 +0000
⏰ AppState: Scheduling update in 1458 seconds
📊 AppState: Polled participant counts - Active: ["tt0266915": 1]
⏰ AppState: Next schedule update set for Event End: 2026-01-21 08:32:50 +0000
⏰ AppState: Scheduling update in 1448 seconds
📊 AppState: Polled participant counts - Active: ["tt0266915": 1]
⏰ AppState: Next schedule update set for Event End: 2026-01-21 08:32:50 +0000
⏰ AppState: Scheduling update in 1438 seconds
📡 [EventsConfig] Checking server for movie_events config version...
📡 [EventsConfig] Checking server for movie_events config version...
✅ [EventsConfig] Fetched movie_events version 1563 with 405 movies
✅ [EventsConfig] Fetched movie_events version 1563 with 405 movies
✅ [EventsConfig] Using cached movie_events config (version 1563, 405 movies)
✅ [EventsConfig] Using cached movie_events config (version 1563, 405 movies)
✅ SocialService: Event event_tt0266915 is JOINABLE (Live or Next Up) - allowing join
✅ SocialService: Event event_tt0266915 is JOINABLE (Live or Next Up) - allowing join
📡 [EventsConfig] Checking server for movie_events config version...
✅ [EventsConfig] Fetched movie_events version 1563 with 405 movies
✅ [EventsConfig] Using cached movie_events config (version 1563, 405 movies)
📊 AppState: Polled participant counts - Active: ["tt0266915": 1]
⏰ AppState: Next schedule update set for Event End: 2026-01-21 08:32:50 +0000
⏰ AppState: Scheduling update in 1428 seconds
📊 AppState: Polled participant counts - Active: ["tt0266915": 1]
⏰ AppState: Next schedule update set for Event End: 2026-01-21 08:32:50 +0000
⏰ AppState: Scheduling update in 1418 seconds
📡 [EventsConfig] Checking server for movie_events config version...
📡 [EventsConfig] Checking server for movie_events config version...
✅ [EventsConfig] Fetched movie_events version 1563 with 405 movies
✅ [EventsConfig] Using cached movie_events config (version 1563, 405 movies)
✅ SocialService: Event event_tt0266915 is JOINABLE (Live or Next Up) - allowing join
✅ [EventsConfig] Fetched movie_events version 1563 with 405 movies
✅ [EventsConfig] Using cached movie_events config (version 1563, 405 movies)
✅ SocialService: Event event_tt0266915 is JOINABLE (Live or Next Up) - allowing join
📊 AppState: Polled participant counts - Active: ["tt0266915": 1]
⏰ AppState: Next schedule update set for Event End: 2026-01-21 08:32:50 +0000
⏰ AppState: Scheduling update in 1408 seconds
📊 AppState: Polled participant counts - Active: ["tt0266915": 1]
⏰ AppState: Next schedule update set for Event End: 2026-01-21 08:32:50 +0000
⏰ AppState: Scheduling update in 1398 seconds
📊 AppState: Polled participant counts - Active: ["tt0266915": 1]
⏰ AppState: Next schedule update set for Event End: 2026-01-21 08:32:50 +0000
⏰ AppState: Scheduling update in 1388 seconds
📡 [EventsConfig] Checking server for movie_events config version...
📡 [EventsConfig] Checking server for movie_events config version...
✅ [EventsConfig] Fetched movie_events version 1563 with 405 movies
✅ [EventsConfig] Using cached movie_events config (version 1563, 405 movies)
✅ SocialService: Event event_tt0266915 is JOINABLE (Live or Next Up) - allowing join
✅ [EventsConfig] Fetched movie_events version 1563 with 405 movies
✅ [EventsConfig] Using cached movie_events config (version 1563, 405 movies)
✅ SocialService: Event event_tt0266915 is JOINABLE (Live or Next Up) - allowing join
📊 AppState: Polled participant counts - Active: ["tt0266915": 2]
⏰ AppState: Next schedule update set for Event End: 2026-01-21 08:32:50 +0000
⏰ AppState: Scheduling update in 1378 seconds
📡 [EventsConfig] Checking server for movie_events config version...
📡 [EventsConfig] Checking server for movie_events config version...
✅ [EventsConfig] Fetched movie_events version 1563 with 405 movies
✅ [EventsConfig] Using cached movie_events config (version 1563, 405 movies)
✅ SocialService: Event event_tt0266915 is JOINABLE (Live or Next Up) - allowing join
✅ [EventsConfig] Fetched movie_events version 1563 with 405 movies
✅ [EventsConfig] Using cached movie_events config (version 1563, 405 movies)
✅ SocialService: Event event_tt0266915 is JOINABLE (Live or Next Up) - allowing join
📡 [EventsConfig] Checking server for movie_events config version...
✅ [EventsConfig] Fetched movie_events version 1563 with 405 movies
✅ [EventsConfig] Using cached movie_events config (version 1563, 405 movies)
📊 AppState: Polled participant counts - Active: ["tt0266915": 2]
⏰ AppState: Next schedule update set for Event End: 2026-01-21 08:32:50 +0000
⏰ AppState: Scheduling update in 1368 seconds
📡 [EventsConfig] Checking server for movie_events config version...
📡 [EventsConfig] Checking server for movie_events config version...
✅ [EventsConfig] Fetched movie_events version 1563 with 405 movies
✅ [EventsConfig] Using cached movie_events config (version 1563, 405 movies)
✅ SocialService: Event event_tt0266915 is JOINABLE (Live or Next Up) - allowing join
✅ [EventsConfig] Fetched movie_events version 1563 with 405 movies
✅ [EventsConfig] Using cached movie_events config (version 1563, 405 movies)
✅ SocialService: Event event_tt0266915 is JOINABLE (Live or Next Up) - allowing join
📡 [EventsConfig] Checking server for movie_events config version...
📡 [EventsConfig] Checking server for movie_events config version...
✅ [EventsConfig] Fetched movie_events version 1563 with 405 movies
✅ [EventsConfig] Fetched movie_events version 1563 with 405 movies
✅ [EventsConfig] Using cached movie_events config (version 1563, 405 movies)
✅ [EventsConfig] Using cached movie_events config (version 1563, 405 movies)
✅ SocialService: Event event_tt0266915 is JOINABLE (Live or Next Up) - allowing join
✅ SocialService: Event event_tt0266915 is JOINABLE (Live or Next Up) - allowing join
📊 AppState: Polled participant counts - Active: ["tt0266915": 2]
⏰ AppState: Next schedule update set for Event End: 2026-01-21 08:32:50 +0000
⏰ AppState: Scheduling update in 1358 seconds
📊 AppState: Polled participant counts - Active: ["tt0266915": 2]
⏰ AppState: Next schedule update set for Event End: 2026-01-212026-01-21 03:10:22.957 RedLemon[58317:480578] [AUTO_EXIT_CHECK] isEventPlayback: true
2026-01-21 03:10:22.957 RedLemon[58317:480578] [AUTO_EXIT_CHECK] isLoading: false, isResolvingStream: false
2026-01-21 03:10:22.957 RedLemon[58317:480578] [AUTO_EXIT_CHECK] playbackFinished: false, isPlaying: true
2026-01-21 03:10:22.957 RedLemon[58317:480578] [AUTO_EXIT_CHECK] Position: 4649.733s / Duration: 5406.99s
2026-01-21 03:10:22.957 RedLemon[58317:480578] [AUTO_EXIT_CHECK] Checking EOF conditions...
2026-01-21 03:10:22.957 RedLemon[58317:480578] [AUTO_EXIT_CHECK] No exit condition met - continuing to monitor...
2026-01-21 03:10:23.959 RedLemon[58317:480578] [AUTO_EXIT_CHECK] isEventPlayback: true
2026-01-21 03:10:23.959 RedLemon[58317:480578] [AUTO_EXIT_CHECK] isLoading: false, isResolvingStream: false
2026-01-21 03:10:23.959 RedLemon[58317:480578] [AUTO_EXIT_CHECK] playbackFinished: false, isPlaying: true
2026-01-21 03:10:23.959 RedLemon[58317:480578] [AUTO_EXIT_CHECK] Position: 4650.6089999999995s / Duration: 5406.99s
2026-01-21 03:10:23.959 RedLemon[58317:480578] [AUTO_EXIT_CHECK] Checking EOF conditions...
2026-01-21 03:10:23.960 RedLemon[58317:480578] [AUTO_EXIT_CHECK] No exit condition met - continuing to monitor...
2026-01-21 03:10:25.042 RedLemon[58317:480578] [AUTO_EXIT_CHECK] isEventPlayback: true
2026-01-21 03:10:25.042 RedLemon[58317:480578] [AUTO_EXIT_CHECK] isLoading: false, isResolvingStream: false
2026-01-21 03:10:25.042 RedLemon[58317:480578] [AUTO_EXIT_CHECK] playbackFinished: false, isPlaying: true
2026-01-21 03:10:25.043 RedLemon[58317:480578] [AUTO_EXIT_CHECK] Position: 4651.777s / Duration: 5406.99s
2026-01-21 03:10:25.043 RedLemon[58317:480578] [AUTO_EXIT_CHECK] Checking EOF conditions...
2026-01-21 03:10:25.043 RedLemon[58317:480578] [AUTO_EXIT_CHECK] No exit condition met - continuing to monitor...
2026-01-21 03:10:25.181 RedLemon[58317:480650] 🔐 SupabaseClient: Signing Identity Payload: '1768983025656daa91-33b4-4688-9135-c982ea52d7c9/rpc/room_heartbeat'
2026-01-21 03:10:25.182 RedLemon[58317:480650] 🔐 Signed request to /rpc/room_heartbeat
2026-01-21 03:10:26.002 RedLemon[58317:480578] [AUTO_EXIT_CHECK] isEventPlayback: true
2026-01-21 03:10:26.002 RedLemon[58317:480578] [AUTO_EXIT_CHECK] isLoading: false, isResolvingStream: false
2026-01-21 03:10:26.002 RedLemon[58317:480578] [AUTO_EXIT_CHECK] playbackFinished: false, isPlaying: true
2026-01-21 03:10:26.003 RedLemon[58317:480578] [AUTO_EXIT_CHECK] Position: 4652.652s / Duration: 5406.99s
2026-01-21 03:10:26.003 RedLemon[58317:480578] [AUTO_EXIT_CHECK] Checking EOF conditions...
2026-01-21 03:10:26.003 RedLemon[58317:480578] [AUTO_EXIT_CHECK] No exit condition met - continuing to monitor...
2026-01-21 03:10:26.919 RedLemon[58317:480578] [AUTO_EXIT_CHECK] isEventPlayback: true
2026-01-21 03:10:26.920 RedLemon[58317:480578] [AUTO_EXIT_CHECK] isLoading: false, isResolvingStream: false
2026-01-21 03:10:26.920 RedLemon[58317:480578] [AUTO_EXIT_CHECK] playbackFinished: false, isPlaying: true
2026-01-21 03:10:26.920 RedLemon[58317:480578] [AUTO_EXIT_CHECK] Position: 4653.527999999999s / Duration: 5406.99s
2026-01-21 03:10:26.920 RedLemon[58317:480578] [AUTO_EXIT_CHECK] Checking EOF conditions...
2026-01-21 03:10:26.920 RedLemon[58317:480578] [AUTO_EXIT_CHECK] No exit condition met - continuing to monitor...
2026-01-21 03:10:27.920 RedLemon[58317:480578] [AUTO_EXIT_CHECK] isEventPlayback: true
2026-01-21 03:10:27.921 RedLemon[58317:480578] [AUTO_EXIT_CHECK] isLoading: false, isResolvingStream: false
2026-01-21 03:10:27.921 RedLemon[58317:480578] [AUTO_EXIT_CHECK] playbackFinished: false, isPlaying: true
2026-01-21 03:10:27.921 RedLemon[58317:480578] [AUTO_EXIT_CHECK] Position: 4654.696s / Duration: 5406.99s
2026-01-21 03:10:27.921 RedLemon[58317:480578] [AUTO_EXIT_CHECK] Checking EOF conditions...
2026-01-21 03:10:27.921 RedLemon[58317:480578] [AUTO_EXIT_CHECK] No exit condition met - continuing to monitor...
2026-01-21 03:10:28.964 RedLemon[58317:480578] [AUTO_EXIT_CHECK] isEventPlayback: true
2026-01-21 03:10:28.964 RedLemon[58317:480578] [AUTO_EXIT_CHECK] isLoading: false, isResolvingStream: false
2026-01-21 03:10:28.965 RedLemon[58317:480578] [AUTO_EXIT_CHECK] playbackFinished: false, isPlaying: true
2026-01-21 03:10:28.965 RedLemon[58317:480578] [AUTO_EXIT_CHECK] Position: 4655.572s / Duration: 5406.99s
2026-01-21 03:10:28.965 RedLemon[58317:480578] [AUTO_EXIT_CHECK] Checking EOF conditions...
2026-01-21 03:10:28.965 RedLemon[58317:480578] [AUTO_EXIT_CHECK] No exit condition met - continuing to monitor...
2026-01-21 03:10:30.007 RedLemon[58317:480578] [AUTO_EXIT_CHECK] isEventPlayback: true
2026-01-21 03:10:30.008 RedLemon[58317:480578] [AUTO_EXIT_CHECK] isLoading: false, isResolvingStream: false
2026-01-21 03:10:30.008 RedLemon[58317:480578] [AUTO_EXIT_CHECK] playbackFinished: false, isPlaying: true
2026-01-21 03:10:30.009 RedLemon[58317:480578] [AUTO_EXIT_CHECK] Position: 4656.74s / Duration: 5406.99s
2026-01-21 03:10:30.009 RedLemon[58317:480578] [AUTO_EXIT_CHECK] Checking EOF conditions...
2026-01-21 03:10:30.010 RedLemon[58317:480578] [AUTO_EXIT_CHECK] No exit condition met - continuing to monitor...
2026-01-21 03:10:30.925 RedLemon[58317:480578] [AUTO_EXIT_CHECK] isEventPlayback: true
2026-01-21 03:10:30.925 RedLemon[58317:480578] [AUTO_EXIT_CHECK] isLoading: false, isResolvingStream: false
2026-01-21 03:10:30.925 RedLemon[58317:480578] [AUTO_EXIT_CHECK] playbackFinished: false, isPlaying: true
2026-01-21 03:10:30.925 RedLemon[58317:480578] [AUTO_EXIT_CHECK] Position: 4657.616s / Duration: 5406.99s
2026-01-21 03:10:30.926 RedLemon[58317:480578] [AUTO_EXIT_CHECK] Checking EOF conditions...
2026-01-21 03:10:30.926 RedLemon[58317:480578] [AUTO_EXIT_CHECK] No exit condition met - continuing to monitor...
2026-01-21 03:10:31.924 RedLemon[58317:480578] [AUTO_EXIT_CHECK] isEventPlayback: true
2026-01-21 03:10:31.924 RedLemon[58317:480578] [AUTO_EXIT_CHECK] isLoading: false, isResolvingStream: false
2026-01-21 03:10:31.924 RedLemon[58317:480578] [AUTO_EXIT_CHECK] playbackFinished: false, isPlaying: true
2026-01-21 03:10:31.925 RedLemon[58317:480578] [AUTO_EXIT_CHECK] Position: 4658.492s / Duration: 5406.99s
2026-01-21 03:10:31.925 RedLemon[58317:480578] [AUTO_EXIT_CHECK] Checking EOF conditions...
2026-01-21 03:10:31.925 RedLemon[58317:480578] [AUTO_EXIT_CHECK] No exit condition met - continuing to monitor...
2026-01-21 03:10:32.925 RedLemon[58317:480578] [AUTO_EXIT_CHECK] isEventPlayback: true
2026-01-21 03:10:32.926 RedLemon[58317:480578] [AUTO_EXIT_CHECK] isLoading: false, isResolvingStream: false
2026-01-21 03:10:32.926 RedLemon[58317:480578] [AUTO_EXIT_CHECK] playbackFinished: false, isPlaying: true
2026-01-21 03:10:32.926 RedLemon[58317:480578] [AUTO_EXIT_CHECK] Position: 4659.659s / Duration: 5406.99s
2026-01-21 03:10:32.926 RedLemon[58317:480578] [AUTO_EXIT_CHECK] Checking EOF conditions...
2026-01-21 03:10:32.927 RedLemon[58317:480578] [AUTO_EXIT_CHECK] No exit condition met - continuing to monitor...
2026-01-21 03:10:33.968 RedLemon[58317:480578] [AUTO_EXIT_CHECK] isEventPlayback: true
2026-01-21 03:10:33.968 RedLemon[58317:480578] [AUTO_EXIT_CHECK] isLoading: false, isResolvingStream: false
2026-01-21 03:10:33.968 RedLemon[58317:480578] [AUTO_EXIT_CHECK] playbackFinished: false, isPlaying: true
2026-01-21 03:10:33.969 RedLemon[58317:480578] [AUTO_EXIT_CHECK] Position: 4660.536s / Duration: 5406.99s
2026-01-21 03:10:33.969 RedLemon[58317:480578] [AUTO_EXIT_CHECK] Checking EOF conditions...
2026-01-21 03:10:33.969 RedLemon[58317:480578] [AUTO_EXIT_CHECK] No exit condition met - continuing to monitor...
2026-01-21 03:10:34.968 RedLemon[58317:480578] [AUTO_EXIT_CHECK] isEventPlayback: true
2026-01-21 03:10:34.969 RedLemon[58317:480578] [AUTO_EXIT_CHECK] isLoading: false, isResolvingStream: false
2026-01-21 03:10:34.969 RedLemon[58317:480578] [AUTO_EXIT_CHECK] playbackFinished: false, isPlaying: true
2026-01-21 03:10:34.969 RedLemon[58317:480578] [AUTO_EXIT_CHECK] Position: 4661.7029999999995s / Duration: 5406.99s
2026-01-21 03:10:34.969 RedLemon[58317:480578] [AUTO_EXIT_CHECK] Checking EOF conditions...
2026-01-21 03:10:34.970 RedLemon[58317:480578] [AUTO_EXIT_CHECK] No exit condition met - continuing to monitor...
2026-01-21 03:10:35.929 RedLemon[58317:480578] [AUTO_EXIT_CHECK] isEventPlayback: true
2026-01-21 03:10:35.929 RedLemon[58317:480578] [AUTO_EXIT_CHECK] isLoading: false, isResolvingStream: false
2026-01-21 03:10:35.929 RedLemon[58317:480578] [AUTO_EXIT_CHECK] playbackFinished: false, isPlaying: true
2026-01-21 03:10:35.930 RedLemon[58317:480578] [AUTO_EXIT_CHECK] Position: 4662.579s / Duration: 5406.99s
2026-01-21 03:10:35.930 RedLemon[58317:480578] [AUTO_EXIT_CHECK] Checking EOF conditions...
2026-01-21 03:10:35.930 RedLemon[58317:480578] [AUTO_EXIT_CHECK] No exit condition met - continuing to monitor...
2026-01-21 03:10:36.929 RedLemon[58317:480578] [AUTO_EXIT_CHECK] isEventPlayback: true
2026-01-21 03:10:36.929 RedLemon[58317:480578] [AUTO_EXIT_CHECK] isLoading: false, isResolvingStream: false
2026-01-21 03:10:36.930 RedLemon[58317:480578] [AUTO_EXIT_CHECK] playbackFinished: false, isPlaying: true
2026-01-21 03:10:36.930 RedLemon[58317:480578] [AUTO_EXIT_CHECK] Position: 4663.746999999999s / Duration: 5406.99s
2026-01-21 03:10:36.930 RedLemon[58317:480578] [AUTO_EXIT_CHECK] Checking EOF conditions...
2026-01-21 03:10:36.930 RedLemon[58317:480578] [AUTO_EXIT_CHECK] No exit condition met - continuing to monitor...
2026-01-21 03:10:37.931 RedLemon[58317:480578] [AUTO_EXIT_CHECK] isEventPlayback: true
2026-01-21 03:10:37.932 RedLemon[58317:480578] [AUTO_EXIT_CHECK] isLoading: false, isResolvingStream: false
2026-01-21 03:10:37.932 RedLemon[58317:480578] [AUTO_EXIT_CHECK] playbackFinished: false, isPlaying: true
2026-01-21 03:10:37.932 RedLemon[58317:480578] [AUTO_EXIT_CHECK] Position: 4664.623s / Duration: 5406.99s
2026-01-21 03:10:37.932 RedLemon[58317:480578] [AUTO_EXIT_CHECK] Checking EOF conditions...
2026-01-21 03:10:37.933 RedLemon[58317:480578] [AUTO_EXIT_CHECK] No exit condition met - continuing to monitor...
2026-01-21 03:10:38.942 RedLemon[58317:480578] [AUTO_EXIT_CHECK] isEventPlayback: true
2026-01-21 03:10:38.943 RedLemon[58317:480578] [AUTO_EXIT_CHECK] isLoading: false, isResolvingStream: false
2026-01-21 03:10:38.943 RedLemon[58317:480578] [AUTO_EXIT_CHECK] playbackFinished: false, isPlaying: true
2026-01-21 03:10:38.943 RedLemon[58317:480578] [AUTO_EXIT_CHECK] Position: 4665.79s / Duration: 5406.99s
2026-01-21 03:10:38.943 RedLemon[58317:480578] [AUTO_EXIT_CHECK] Checking EOF conditions...
2026-01-21 03:10:38.943 RedLemon[58317:480578] [AUTO_EXIT_CHECK] No exit condition met - continuing to monitor...
2026-01-21 03:10:40.056 RedLemon[58317:480578] [AUTO_EXIT_CHECK] isEventPlayback: true
2026-01-21 03:10:40.056 RedLemon[58317:480578] [AUTO_EXIT_CHECK] isLoading: false, isResolvingStream: false
2026-01-21 03:10:40.056 RedLemon[58317:480578] [AUTO_EXIT_CHECK] playbackFinished: false, isPlaying: true
2026-01-21 03:10:40.057 RedLemon[58317:480578] [AUTO_EXIT_CHECK] Position: 4666.666s / Duration: 5406.99s
2026-01-21 03:10:40.057 RedLemon[58317:480578] [AUTO_EXIT_CHECK] Checking EOF conditions...
2026-01-21 03:10:40.057 RedLemon[58317:480578] [AUTO_EXIT_CHECK] No exit condition met - continuing to monitor...
2026-01-21 03:10:40.933 RedLemon[58317:480578] [AUTO_EXIT_CHECK] isEventPlayback: true
2026-01-21 03:10:40.933 RedLemon[58317:480578] [AUTO_EXIT_CHECK] isLoading: false, isResolvingStream: false
2026-01-21 03:10:40.933 RedLemon[58317:480578] [AUTO_EXIT_CHECK] playbackFinished: false, isPlaying: true
2026-01-21 03:10:40.933 RedLemon[58317:480578] [AUTO_EXIT_CHECK] Position: 4667.543s / Duration: 5406.99s
2026-01-21 03:10:40.933 RedLemon[58317:480578] [AUTO_EXIT_CHECK] Checking EOF conditions...
2026-01-21 03:10:40.934 RedLemon[58317:480578] [AUTO_EXIT_CHECK] No exit condition met - continuing to monitor...
2026-01-21 03:10:41.934 RedLemon[58317:480578] [AUTO_EXIT_CHECK] isEventPlayback: true
2026-01-21 03:10:41.934 RedLemon[58317:480578] [AUTO_EXIT_CHECK] isLoading: false, isResolvingStream: false
2026-01-21 03:10:41.935 RedLemon[58317:480578] [AUTO_EXIT_CHECK] playbackFinished: false, isPlaying: true
2026-01-21 03:10:41.935 RedLemon[58317:480578] [AUTO_EXIT_CHECK] Position: 4668.711s / Duration: 5406.99s
2026-01-21 03:10:41.935 RedLemon[58317:480578] [AUTO_EXIT_CHECK] Checking EOF conditions...
2026-01-21 03:10:41.935 RedLemon[58317:480578] [AUTO_EXIT_CHECK] No exit condition met - continuing to monitor...
2026-01-21 03:10:42.935 RedLemon[58317:480578] [AUTO_EXIT_CHECK] isEventPlayback: true
2026-01-21 03:10:42.935 RedLemon[58317:480578] [AUTO_EXIT_CHECK] isLoading: false, isResolvingStream: false
2026-01-21 03:10:42.935 RedLemon[58317:480578] [AUTO_EXIT_CHECK] playbackFinished: false, isPlaying: true
2026-01-21 03:10:42.935 RedLemon[58317:480578] [AUTO_EXIT_CHECK] Position: 4669.5869999999995s / Duration: 5406.99s
2026-01-21 03:10:42.935 RedLemon[58317:480578] [AUTO_EXIT_CHECK] Checking EOF conditions...
2026-01-21 03:10:42.936 RedLemon[58317:480578] [AUTO_EXIT_CHECK] No exit condition met - continuing to monitor...
2026-01-21 03:10:43.936 RedLemon[58317:480578] [AUTO_EXIT_CHECK] isEventPlayback: true
2026-01-21 03:10:43.937 RedLemon[58317:480578] [AUTO_EXIT_CHECK] isLoading: false, isResolvingStream: false
2026-01-21 03:10:43.937 RedLemon[58317:480578] [AUTO_EXIT_CHECK] playbackFinished: false, isPlaying: true
2026-01-21 03:10:43.937 RedLemon[58317:480578] [AUTO_EXIT_CHECK] Position: 4670.754s / Duration: 5406.99s
2026-01-21 03:10:43.937 RedLemon[58317:480578] [AUTO_EXIT_CHECK] Checking EOF conditions...
2026-01-21 03:10:43.937 RedLemon[58317:480578] [AUTO_EXIT_CHECK] No exit condition met - continuing to monitor...
2026-01-21 03:10:44.938 RedLemon[58317:480578] [AUTO_EXIT_CHECK] isEventPlayback: true
2026-01-21 03:10:44.939 RedLemon[58317:480578] [AUTO_EXIT_CHECK] isLoading: false, isResolvingStream: false
2026-01-21 03:10:44.939 RedLemon[58317:480578] [AUTO_EXIT_CHECK] playbackFinished: false, isPlaying: true
2026-01-21 03:10:44.939 RedLemon[58317:480578] [AUTO_EXIT_CHECK] Position: 4671.63s / Duration: 5406.99s
2026-01-21 03:10:44.939 RedLemon[58317:480578] [AUTO_EXIT_CHECK] Checking EOF conditions...
2026-01-21 03:10:44.939 RedLemon[58317:480578] [AUTO_EXIT_CHECK] No exit condition met - continuing to monitor...
2026-01-21 03:10:45.938 RedLemon[58317:480578] [AUTO_EXIT_CHECK] isEventPlayback: true
2026-01-21 03:10:45.939 RedLemon[58317:480578] [AUTO_EXIT_CHECK] isLoading: false, isResolvingStream: false
2026-01-21 03:10:45.939 RedLemon[58317:480578] [AUTO_EXIT_CHECK] playbackFinished: false, isPlaying: true
2026-01-21 03:10:45.939 RedLemon[58317:480578] [AUTO_EXIT_CHECK] Position: 4672.505999999999s / Duration: 5406.99s
2026-01-21 03:10:45.939 RedLemon[58317:480578] [AUTO_EXIT_CHECK] Checking EOF conditions...
2026-01-21 03:10:45.939 RedLemon[58317:480578] [AUTO_EXIT_CHECK] No exit condition met - continuing to monitor...
2026-01-21 03:10:46.940 RedLemon[58317:480578] [AUTO_EXIT_CHECK] isEventPlayback: true
2026-01-21 03:10:46.940 RedLemon[58317:480578] [AUTO_EXIT_CHECK] isLoading: false, isResolvingStream: false
2026-01-21 03:10:46.940 RedLemon[58317:480578] [AUTO_EXIT_CHECK] playbackFinished: false, isPlaying: true
2026-01-21 03:10:46.940 RedLemon[58317:480578] [AUTO_EXIT_CHECK] Position: 4673.674s / Duration: 5406.99s
2026-01-21 03:10:46.940 RedLemon[58317:480578] [AUTO_EXIT_CHECK] Checking EOF conditions...
2026-01-21 03:10:46.940 RedLemon[58317:480578] [AUTO_EXIT_CHECK] No exit condition met - continuing to monitor...
2026-01-21 03:10:47.940 RedLemon[58317:480578] [AUTO_EXIT_CHECK] isEventPlayback: true
2026-01-21 03:10:47.940 RedLemon[58317:480578] [AUTO_EXIT_CHECK] isLoading: false, isResolvingStream: false
2026-01-21 03:10:47.940 RedLemon[58317:480578] [AUTO_EXIT_CHECK] playbackFinished: false, isPlaying: true
2026-01-21 03:10:47.941 RedLemon[58317:480578] [AUTO_EXIT_CHECK] Position: 4674.55s / Duration: 5406.99s
2026-01-21 03:10:47.941 RedLemon[58317:480578] [AUTO_EXIT_CHECK] Checking EOF conditions...
2026-01-21 03:10:47.941 RedLemon[58317:480578] [AUTO_EXIT_CHECK] No exit condition met - continuing to monitor...
2026-01-21 03:10:48.942 RedLemon[58317:480578] [AUTO_EXIT_CHECK] isEventPlayback: true
2026-01-21 03:10:48.943 RedLemon[58317:480578] [AUTO_EXIT_CHECK] isLoading: false, isResolvingStream: false
2026-01-21 03:10:48.943 RedLemon[58317:480578] [AUTO_EXIT_CHECK] playbackFinished: false, isPlaying: true
2026-01-21 03:10:48.943 RedLemon[58317:480578] [AUTO_EXIT_CHECK] Position: 4675.717s / Duration: 5406.99s
2026-01-21 03:10:48.943 RedLemon[58317:480578] [AUTO_EXIT_CHECK] Checking EOF conditions...
2026-01-21 03:10:48.943 RedLemon[58317:480578] [AUTO_EXIT_CHECK] No exit condition met - continuing to monitor...
2026-01-21 03:10:49.942 RedLemon[58317:480578] [AUTO_EXIT_CHECK] isEventPlayback: true
2026-01-21 03:10:49.943 RedLemon[58317:480578] [AUTO_EXIT_CHECK] isLoading: false, isResolvingStream: false
2026-01-21 03:10:49.944 RedLemon[58317:480578] [AUTO_EXIT_CHECK] playbackFinished: false, isPlaying: true
2026-01-21 03:10:49.944 RedLemon[58317:480578] [AUTO_EXIT_CHECK] Position: 4676.593s / Duration: 5406.99s
2026-01-21 03:10:49.945 RedLemon[58317:480578] [AUTO_EXIT_CHECK] Checking EOF conditions...
2026-01-21 03:10:49.945 RedLemon[58317:480578] [AUTO_EXIT_CHECK] No exit condition met - continuing to monitor...
2026-01-21 03:10:50.943 RedLemon[58317:480578] [AUTO_EXIT_CHECK] isEventPlayback: true
2026-01-21 03:10:50.944 RedLemon[58317:480578] [AUTO_EXIT_CHECK] isLoading: false, isResolvingStream: false
2026-01-21 03:10:50.944 RedLemon[58317:480578] [AUTO_EXIT_CHECK] playbackFinished: false, isPlaying: true
2026-01-21 03:10:50.944 RedLemon[58317:480578] [AUTO_EXIT_CHECK] Position: 4677.7609999999995s / Duration: 5406.99s
2026-01-21 03:10:50.944 RedLemon[58317:480578] [AUTO_EXIT_CHECK] Checking EOF conditions...
2026-01-21 03:10:50.944 RedLemon[58317:480578] [AUTO_EXIT_CHECK] No exit condition met - continuing to monitor...
2026-01-21 03:10:51.944 RedLemon[58317:480578] [AUTO_EXIT_CHECK] isEventPlayback: true
2026-01-21 03:10:51.945 RedLemon[58317:480578] [AUTO_EXIT_CHECK] isLoading: false, isResolvingStream: false
2026-01-21 03:10:51.945 RedLemon[58317:480578] [AUTO_EXIT_CHECK] playbackFinished: false, isPlaying: true
2026-01-21 03:10:51.945 RedLemon[58317:480578] [AUTO_EXIT_CHECK] Position: 4678.637s / Duration: 5406.99s
2026-01-21 03:10:51.945 RedLemon[58317:480578] [AUTO_EXIT_CHECK] Checking EOF conditions...
2026-01-21 03:10:51.945 RedLemon[58317:480578] [AUTO_EXIT_CHECK] No exit condition met - continuing to monitor...
2026-01-21 03:10:52.945 RedLemon[58317:480578] [AUTO_EXIT_CHECK] isEventPlayback: true
2026-01-21 03:10:52.946 RedLemon[58317:480578] [AUTO_EXIT_CHECK] isLoading: false, isResolvingStream: false
2026-01-21 03:10:52.946 RedLemon[58317:480578] [AUTO_EXIT_CHECK] playbackFinished: false, isPlaying: true
2026-01-21 03:10:52.946 RedLemon[58317:480578] [AUTO_EXIT_CHECK] Position: 4679.513s / Duration: 5406.99s
2026-01-21 03:10:52.946 RedLemon[58317:480578] [AUTO_EXIT_CHECK] Checking EOF conditions...
2026-01-21 03:10:52.946 RedLemon[58317:480578] [AUTO_EXIT_CHECK] No exit condition met - continuing to monitor...
2026-01-21 03:10:54.029 RedLemon[58317:480578] [AUTO_EXIT_CHECK] isEventPlayback: true
2026-01-21 03:10:54.029 RedLemon[58317:480578] [AUTO_EXIT_CHECK] isLoading: false, isResolvingStream: false
2026-01-21 03:10:54.029 RedLemon[58317:480578] [AUTO_EXIT_CHECK] playbackFinished: false, isPlaying: true
2026-01-21 03:10:54.030 RedLemon[58317:480578] [AUTO_EXIT_CHECK] Position: 4680.679999999999s / Duration: 5406.99s
2026-01-21 03:10:54.030 RedLemon[58317:480578] [AUTO_EXIT_CHECK] Checking EOF conditions...
2026-01-21 03:10:54.030 RedLemon[58317:480578] [AUTO_EXIT_CHECK] No exit condition met - continuing to monitor...
2026-01-21 03:10:54.947 RedLemon[58317:480578] [AUTO_EXIT_CHECK] isEventPlayback: true
2026-01-21 03:10:54.947 RedLemon[58317:480578] [AUTO_EXIT_CHECK] isLoading: false, isResolvingStream: false
2026-01-21 03:10:54.947 RedLemon[58317:480578] [AUTO_EXIT_CHECK] playbackFinished: false, isPlaying: true
2026-01-21 03:10:54.948 RedLemon[58317:480578] [AUTO_EXIT_CHECK] Position: 4681.557s / Duration: 5406.99s
2026-01-21 03:10:54.948 RedLemon[58317:480578] [AUTO_EXIT_CHECK] Checking EOF conditions...
2026-01-21 03:10:54.948 RedLemon[58317:480578] [AUTO_EXIT_CHECK] No exit condition met - continuing to monitor...
2026-01-21 03:10:55.492 RedLemon[58317:480650] 🔐 SupabaseClient: Signing Identity Payload: '1768983055656daa91-33b4-4688-9135-c982ea52d7c9/rpc/room_heartbeat'
2026-01-21 03:10:55.495 RedLemon[58317:480650] 🔐 Signed request to /rpc/room_heartbeat
2026-01-21 03:10:55.947 RedLemon[58317:480578] [AUTO_EXIT_CHECK] isEventPlayback: true
2026-01-21 03:10:55.948 RedLemon[58317:480578] [AUTO_EXIT_CHECK] isLoading: false, isResolvingStream: false
2026-01-21 03:10:55.948 RedLemon[58317:480578] [AUTO_EXIT_CHECK] playbackFinished: false, isPlaying: true
2026-01-21 03:10:55.948 RedLemon[58317:480578] [AUTO_EXIT_CHECK] Position: 4682.724s / Duration: 5406.99s
2026-01-21 03:10:55.948 RedLemon[58317:480578] [AUTO_EXIT_CHECK] Checking EOF conditions...
2026-01-21 03:10:55.948 RedLemon[58317:480578] [AUTO_EXIT_CHECK] No exit condition met - continuing to monitor...
2026-01-21 03:10:56.949 RedLemon[58317:480578] [AUTO_EXIT_CHECK] isEventPlayback: true
2026-01-21 03:10:56.949 RedLemon[58317:480578] [AUTO_EXIT_CHECK] isLoading: false, isResolvingStream: false
2026-01-21 03:10:56.949 RedLemon[58317:480578] [AUTO_EXIT_CHECK] playbackFinished: false, isPlaying: true
2026-01-21 03:10:56.949 RedLemon[58317:480578] [AUTO_EXIT_CHECK] Position: 4683.599999999999s / Duration: 5406.99s
2026-01-21 03:10:56.949 RedLemon[58317:480578] [AUTO_EXIT_CHECK] Checking EOF conditions...
2026-01-21 03:10:56.950 RedLemon[58317:480578] [AUTO_EXIT_CHECK] No exit condition met - continuing to monitor...
2026-01-21 03:10:58.034 RedLemon[58317:480578] [AUTO_EXIT_CHECK] isEventPlayback: true
2026-01-21 03:10:58.035 RedLemon[58317:480578] [AUTO_EXIT_CHECK] isLoading: false, isResolvingStream: false
2026-01-21 03:10:58.035 RedLemon[58317:480578] [AUTO_EXIT_CHECK] playbackFinished: false, isPlaying: true
2026-01-21 03:10:58.035 RedLemon[58317:480578] [AUTO_EXIT_CHECK] Position: 4684.768s / Duration: 5406.99s
2026-01-21 03:10:58.035 RedLemon[58317:480578] [AUTO_EXIT_CHECK] Checking EOF conditions...
2026-01-21 03:10:58.035 RedLemon[58317:480578] [AUTO_EXIT_CHECK] No exit condition met - continuing to monitor...
2026-01-21 03:10:59.035 RedLemon[58317:480578] [AUTO_EXIT_CHECK] isEventPlayback: true
2026-01-21 03:10:59.035 RedLemon[58317:480578] [AUTO_EXIT_CHECK] isLoading: false, isResolvingStream: false
2026-01-21 03:10:59.035 RedLemon[58317:480578] [AUTO_EXIT_CHECK] playbackFinished: false, isPlaying: true
2026-01-21 03:10:59.035 RedLemon[58317:480578] [AUTO_EXIT_CHECK] Position: 4685.644s / Duration: 5406.99s
2026-01-21 03:10:59.036 RedLemon[58317:480578] [AUTO_EXIT_CHECK] Checking EOF conditions...
2026-01-21 03:10:59.036 RedLemon[58317:480578] [AUTO_EXIT_CHECK] No exit condition met - continuing to monitor...
2026-01-21 03:10:59.953 RedLemon[58317:480578] [AUTO_EXIT_CHECK] isEventPlayback: true
2026-01-21 03:10:59.953 RedLemon[58317:480578] [AUTO_EXIT_CHECK] isLoading: false, isResolvingStream: false
2026-01-21 03:10:59.953 RedLemon[58317:480578] [AUTO_EXIT_CHECK] playbackFinished: false, isPlaying: true
2026-01-21 03:10:59.953 RedLemon[58317:480578] [AUTO_EXIT_CHECK] Position: 4686.519s / Duration: 5406.99s
2026-01-21 03:10:59.953 RedLemon[58317:480578] [AUTO_EXIT_CHECK] Checking EOF conditions...
2026-01-21 03:10:59.953 RedLemon[58317:480578] [AUTO_EXIT_CHECK] No exit condition met - continuing to monitor...
2026-01-21 03:11:00.953 RedLemon[58317:480578] [AUTO_EXIT_CHECK] isEventPlayback: true
2026-01-21 03:11:00.954 RedLemon[58317:480578] [AUTO_EXIT_CHECK] isLoading: false, isResolvingStream: false
2026-01-21 03:11:00.954 RedLemon[58317:480578] [AUTO_EXIT_CHECK] playbackFinished: false, isPlaying: true
2026-01-21 03:11:00.954 RedLemon[58317:480578] [AUTO_EXIT_CHECK] Position: 4687.688s / Duration: 5406.99s
2026-01-21 03:11:00.954 RedLemon[58317:480578] [AUTO_EXIT_CHECK] Checking EOF conditions...
2026-01-21 03:11:00.955 RedLemon[58317:480578] [AUTO_EXIT_CHECK] No exit condition met - continuing to monitor...
2026-01-21 03:11:01.956 RedLemon[58317:480578] [AUTO_EXIT_CHECK] isEventPlayback: true
2026-01-21 03:11:01.956 RedLemon[58317:480578] [AUTO_EXIT_CHECK] isLoading: false, isResolvingStream: false
2026-01-21 03:11:01.956 RedLemon[58317:480578] [AUTO_EXIT_CHECK] playbackFinished: false, isPlaying: true
2026-01-21 03:11:01.956 RedLemon[58317:480578] [AUTO_EXIT_CHECK] Position: 4688.563s / Duration: 5406.99s
2026-01-21 03:11:01.956 RedLemon[58317:480578] [AUTO_EXIT_CHECK] Checking EOF conditions...
2026-01-21 03:11:01.956 RedLemon[58317:480578] [AUTO_EXIT_CHECK] No exit condition met - continuing to monitor...
2026-01-21 03:11:02.996 RedLemon[58317:480578] [AUTO_EXIT_CHECK] isEventPlayback: true
2026-01-21 03:11:02.996 RedLemon[58317:480578] [AUTO_EXIT_CHECK] isLoading: false, isResolvingStream: false
2026-01-21 03:11:02.996 RedLemon[58317:480578] [AUTO_EXIT_CHECK] playbackFinished: false, isPlaying: true
2026-01-21 03:11:02.997 RedLemon[58317:480578] [AUTO_EXIT_CHECK] Position: 4689.731s / Duration: 5406.99s
2026-01-21 03:11:02.997 RedLemon[58317:480578] [AUTO_EXIT_CHECK] Checking EOF conditions...
2026-01-21 03:11:02.997 RedLemon[58317:480578] [AUTO_EXIT_CHECK] No exit condition met - continuing to monitor...
2026-01-21 03:11:03.956 RedLemon[58317:480578] [AUTO_EXIT_CHECK] isEventPlayback: true
2026-01-21 03:11:03.956 RedLemon[58317:480578] [AUTO_EXIT_CHECK] isLoading: false, isResolvingStream: false
2026-01-21 03:11:03.956 RedLemon[58317:480578] [AUTO_EXIT_CHECK] playbackFinished: false, isPlaying: true
2026-01-21 03:11:03.957 RedLemon[58317:480578] [AUTO_EXIT_CHECK] Position: 4690.607s / Duration: 5406.99s
2026-01-21 03:11:03.957 RedLemon[58317:480578] [AUTO_EXIT_CHECK] Checking EOF conditions...
2026-01-21 03:11:03.957 RedLemon[58317:480578] [AUTO_EXIT_CHECK] No exit condition met - continuing to monitor...
2026-01-21 03:11:04.957 RedLemon[58317:480578] [AUTO_EXIT_CHECK] isEventPlayback: true
2026-01-21 03:11:04.957 RedLemon[58317:480578] [AUTO_EXIT_CHECK] isLoading: false, isResolvingStream: false
2026-01-21 03:11:04.957 RedLemon[58317:480578] [AUTO_EXIT_CHECK] playbackFinished: false, isPlaying: true
2026-01-21 03:11:04.957 RedLemon[58317:480578] [AUTO_EXIT_CHECK] Position: 4691.775s / Duration: 5406.99s
2026-01-21 03:11:04.958 RedLemon[58317:480578] [AUTO_EXIT_CHECK] Checking EOF conditions...
2026-01-21 03:11:04.958 RedLemon[58317:480578] [AUTO_EXIT_CHECK] No exit condition met - continuing to monitor...
2026-01-21 03:11:05.958 RedLemon[58317:480578] [AUTO_EXIT_CHECK] isEventPlayback: true
2026-01-21 03:11:05.959 RedLemon[58317:480578] [AUTO_EXIT_CHECK] isLoading: false, isResolvingStream: false
2026-01-21 03:11:05.959 RedLemon[58317:480578] [AUTO_EXIT_CHECK] playbackFinished: false, isPlaying: true
2026-01-21 03:11:05.959 RedLemon[58317:480578] [AUTO_EXIT_CHECK] Position: 4692.651s / Duration: 5406.99s
2026-01-21 03:11:05.959 RedLemon[58317:480578] [AUTO_EXIT_CHECK] Checking EOF conditions...
2026-01-21 03:11:05.959 RedLemon[58317:480578] [AUTO_EXIT_CHECK] No exit condition met - continuing to monitor...
2026-01-21 03:11:07.002 RedLemon[58317:480578] [AUTO_EXIT_CHECK] isEventPlayback: true
2026-01-21 03:11:07.002 RedLemon[58317:480578] [AUTO_EXIT_CHECK] isLoading: false, isResolvingStream: false
2026-01-21 03:11:07.002 RedLemon[58317:480578] [AUTO_EXIT_CHECK] playbackFinished: false, isPlaying: true
2026-01-21 03:11:07.002 RedLemon[58317:480578] [AUTO_EXIT_CHECK] Position: 4693.8189999999995s / Duration: 5406.99s
2026-01-21 03:11:07.002 RedLemon[58317:480578] [AUTO_EXIT_CHECK] Checking EOF conditions...
2026-01-21 03:11:07.002 RedLemon[58317:480578] [AUTO_EXIT_CHECK] No exit condition met - continuing to monitor...
2026-01-21 03:11:08.003 RedLemon[58317:480578] [AUTO_EXIT_CHECK] isEventPlayback: true
2026-01-21 03:11:08.003 RedLemon[58317:480578] [AUTO_EXIT_CHECK] isLoading: false, isResolvingStream: false
2026-01-21 03:11:08.003 RedLemon[58317:480578] [AUTO_EXIT_CHECK] playbackFinished: false, isPlaying: true
2026-01-21 03:11:08.004 RedLemon[58317:480578] [AUTO_EXIT_CHECK] Position: 4694.695s / Duration: 5406.99s
2026-01-21 03:11:08.004 RedLemon[58317:480578] [AUTO_EXIT_CHECK] Checking EOF conditions...
2026-01-21 03:11:08.004 RedLemon[58317:480578] [AUTO_EXIT_CHECK] No exit condition met - continuing to monitor...
2026-01-21 03:11:08.922 RedLemon[58317:480578] [AUTO_EXIT_CHECK] isEventPlayback: true
2026-01-21 03:11:08.922 RedLemon[58317:480578] [AUTO_EXIT_CHECK] isLoading: false, isResolvingStream: false
2026-01-21 03:11:08.922 RedLemon[58317:480578] [AUTO_EXIT_CHECK] playbackFinished: false, isPlaying: true
2026-01-21 03:11:08.922 RedLemon[58317:480578] [AUTO_EXIT_CHECK] Position: 4695.571s / Duration: 5406.99s
2026-01-21 03:11:08.922 RedLemon[58317:480578] [AUTO_EXIT_CHECK] Checking EOF conditions...
2026-01-21 03:11:08.922 RedLemon[58317:480578] [AUTO_EXIT_CHECK] No exit condition met - continuing to monitor...
2026-01-21 03:11:09.923 RedLemon[58317:480578] [AUTO_EXIT_CHECK] isEventPlayback: true
2026-01-21 03:11:09.923 RedLemon[58317:480578] [AUTO_EXIT_CHECK] isLoading: false, isResolvingStream: false
2026-01-21 03:11:09.924 RedLemon[58317:480578] [AUTO_EXIT_CHECK] playbackFinished: false, isPlaying: true
2026-01-21 03:11:09.924 RedLemon[58317:480578] [AUTO_EXIT_CHECK] Position: 4696.739s / Duration: 5406.99s
2026-01-21 03:11:09.924 RedLemon[58317:480578] [AUTO_EXIT_CHECK] Checking EOF conditions...
2026-01-21 03:11:09.924 RedLemon[58317:480578] [AUTO_EXIT_CHECK] No exit condition met - continuing to monitor...
2026-01-21 03:11:10.922 RedLemon[58317:480578] [AUTO_EXIT_CHECK] isEventPlayback: true
2026-01-21 03:11:10.922 RedLemon[58317:480578] [AUTO_EXIT_CHECK] isLoading: false, isResolvingStream: false
2026-01-21 03:11:10.922 RedLemon[58317:480578] [AUTO_EXIT_CHECK] playbackFinished: false, isPlaying: true
2026-01-21 03:11:10.922 RedLemon[58317:480578] [AUTO_EXIT_CHECK] Position: 4697.614s / Duration: 5406.99s
2026-01-21 03:11:10.922 RedLemon[58317:480578] [AUTO_EXIT_CHECK] Checking EOF conditions...
2026-01-21 03:11:10.922 RedLemon[58317:480578] [AUTO_EXIT_CHECK] No exit condition met - continuing to monitor...
2026-01-21 03:11:12.006 RedLemon[58317:480578] [AUTO_EXIT_CHECK] isEventPlayback: true
2026-01-21 03:11:12.006 RedLemon[58317:480578] [AUTO_EXIT_CHECK] isLoading: false, isResolvingStream: false
2026-01-21 03:11:12.006 RedLemon[58317:480578] [AUTO_EXIT_CHECK] playbackFinished: false, isPlaying: true
2026-01-21 03:11:12.006 RedLemon[58317:480578] [AUTO_EXIT_CHECK] Position: 4698.782s / Duration: 5406.99s
2026-01-21 03:11:12.007 RedLemon[58317:480578] [AUTO_EXIT_CHECK] Checking EOF conditions...
2026-01-21 03:11:12.007 RedLemon[58317:480578] [AUTO_EXIT_CHECK] No exit condition met - continuing to monitor...
2026-01-21 03:11:13.007 RedLemon[58317:480578] [AUTO_EXIT_CHECK] isEventPlayback: true
2026-01-21 03:11:13.008 RedLemon[58317:480578] [AUTO_EXIT_CHECK] isLoading: false, isResolvingStream: false
2026-01-21 03:11:13.008 RedLemon[58317:480578] [AUTO_EXIT_CHECK] playbackFinished: false, isPlaying: true
2026-01-21 03:11:13.008 RedLemon[58317:480578] [AUTO_EXIT_CHECK] Position: 4699.657999999999s / Duration: 5406.99s
2026-01-21 03:11:13.008 RedLemon[58317:480578] [AUTO_EXIT_CHECK] Checking EOF conditions...
2026-01-21 03:11:13.008 RedLemon[58317:480578] [AUTO_EXIT_CHECK] No exit condition met - continuing to monitor...
2026-01-21 03:11:13.926 RedLemon[58317:480578] [AUTO_EXIT_CHECK] isEventPlayback: true
2026-01-21 03:11:13.926 RedLemon[58317:480578] [AUTO_EXIT_CHECK] isLoading: false, isResolvingStream: false
2026-01-21 03:11:13.926 RedLemon[58317:480578] [AUTO_EXIT_CHECK] playbackFinished: false, isPlaying: true
2026-01-21 03:11:13.926 RedLemon[58317:480578] [AUTO_EXIT_CHECK] Position: 4700.534s / Duration: 5406.99s
2026-01-21 03:11:13.926 RedLemon[58317:480578] [AUTO_EXIT_CHECK] Checking EOF conditions...
2026-01-21 03:11:13.926 RedLemon[58317:480578] [AUTO_EXIT_CHECK] No exit condition met - continuing to monitor...
2026-01-21 03:11:14.927 RedLemon[58317:480578] [AUTO_EXIT_CHECK] isEventPlayback: true
2026-01-21 03:11:14.927 RedLemon[58317:480578] [AUTO_EXIT_CHECK] isLoading: false, isResolvingStream: false
2026-01-21 03:11:14.927 RedLemon[58317:480578] [AUTO_EXIT_CHECK] playbackFinished: false, isPlaying: true
2026-01-21 03:11:14.928 RedLemon[58317:480578] [AUTO_EXIT_CHECK] Position: 4701.702s / Duration: 5406.99s
2026-01-21 03:11:14.928 RedLemon[58317:480578] [AUTO_EXIT_CHECK] Checking EOF conditions...
2026-01-21 03:11:14.928 RedLemon[58317:480578] [AUTO_EXIT_CHECK] No exit condition met - continuing to monitor...
2026-01-21 03:11:16.010 RedLemon[58317:480578] [AUTO_EXIT_CHECK] isEventPlayback: true
2026-01-21 03:11:16.010 RedLemon[58317:480578] [AUTO_EXIT_CHECK] isLoading: false, isResolvingStream: false
2026-01-21 03:11:16.010 RedLemon[58317:480578] [AUTO_EXIT_CHECK] playbackFinished: false, isPlaying: true
2026-01-21 03:11:16.011 RedLemon[58317:480578] [AUTO_EXIT_CHECK] Position: 4702.577s / Duration: 5406.99s
2026-01-21 03:11:16.011 RedLemon[58317:480578] [AUTO_EXIT_CHECK] Checking EOF conditions...
2026-01-21 03:11:16.011 RedLemon[58317:480578] [AUTO_EXIT_CHECK] No exit condition met - continuing to monitor...
2026-01-21 03:11:17.052 RedLemon[58317:480578] [AUTO_EXIT_CHECK] isEventPlayback: true
2026-01-21 03:11:17.053 RedLemon[58317:480578] [AUTO_EXIT_CHECK] isLoading: false, isResolvingStream: false
2026-01-21 03:11:17.053 RedLemon[58317:480578] [AUTO_EXIT_CHECK] playbackFinished: false, isPlaying: true
2026-01-21 03:11:17.053 RedLemon[58317:480578] [AUTO_EXIT_CHECK] Position: 4703.745s / Duration: 5406.99s
2026-01-21 03:11:17.053 RedLemon[58317:480578] [AUTO_EXIT_CHECK] Checking EOF conditions...
2026-01-21 03:11:17.053 RedLemon[58317:480578] [AUTO_EXIT_CHECK] No exit condition met - continuing to monitor...
2026-01-21 03:11:17.928 RedLemon[58317:480578] [AUTO_EXIT_CHECK] isEventPlayback: true
2026-01-21 03:11:17.928 RedLemon[58317:480578] [AUTO_EXIT_CHECK] isLoading: false, isResolvingStream: false
2026-01-21 03:11:17.928 RedLemon[58317:480578] [AUTO_EXIT_CHECK] playbackFinished: false, isPlaying: true
2026-01-21 03:11:17.928 RedLemon[58317:480578] [AUTO_EXIT_CHECK] Position: 4704.621s / Duration: 5406.99s
2026-01-21 03:11:17.928 RedLemon[58317:480578] [AUTO_EXIT_CHECK] Checking EOF conditions...
2026-01-21 03:11:17.929 RedLemon[58317:480578] [AUTO_EXIT_CHECK] No exit condition met - continuing to monitor...
2026-01-21 03:11:18.932 RedLemon[58317:480578] [AUTO_EXIT_CHECK] isEventPlayback: true
2026-01-21 03:11:18.932 RedLemon[58317:480578] [AUTO_EXIT_CHECK] isLoading: false, isResolvingStream: false
2026-01-21 03:11:18.932 RedLemon[58317:480578] [AUTO_EXIT_CHECK] playbackFinished: false, isPlaying: true
2026-01-21 03:11:18.932 RedLemon[58317:480578] [AUTO_EXIT_CHECK] Position: 4705.496999999999s / Duration: 5406.99s
2026-01-21 03:11:18.932 RedLemon[58317:480578] [AUTO_EXIT_CHECK] Checking EOF conditions...
2026-01-21 03:11:18.933 RedLemon[58317:480578] [AUTO_EXIT_CHECK] No exit condition met - continuing to monitor...
2026-01-21 03:11:19.931 RedLemon[58317:480578] [AUTO_EXIT_CHECK] isEventPlayback: true
2026-01-21 03:11:19.931 RedLemon[58317:480578] [AUTO_EXIT_CHECK] isLoading: false, isResolvingStream: false
2026-01-21 03:11:19.931 RedLemon[58317:480578] [AUTO_EXIT_CHECK] playbackFinished: false, isPlaying: true
2026-01-21 03:11:19.931 RedLemon[58317:480578] [AUTO_EXIT_CHECK] Position: 4706.665s / Duration: 5406.99s
2026-01-21 03:11:19.932 RedLemon[58317:480578] [AUTO_EXIT_CHECK] Checking EOF conditions...
2026-01-21 03:11:19.932 RedLemon[58317:480578] [AUTO_EXIT_CHECK] No exit condition met - continuing to monitor...
2026-01-21 03:11:21.013 RedLemon[58317:480578] [AUTO_EXIT_CHECK] isEventPlayback: true
2026-01-21 03:11:21.014 RedLemon[58317:480578] [AUTO_EXIT_CHECK] isLoading: false, isResolvingStream: false
2026-01-21 03:11:21.014 RedLemon[58317:480578] [AUTO_EXIT_CHECK] playbackFinished: false, isPlaying: true
2026-01-21 03:11:21.014 RedLemon[58317:480578] [AUTO_EXIT_CHECK] Position: 4707.833s / Duration: 5406.99s
2026-01-21 03:11:21.014 RedLemon[58317:480578] [AUTO_EXIT_CHECK] Checking EOF conditions...
2026-01-21 03:11:21.014 RedLemon[58317:480578] [AUTO_EXIT_CHECK] No exit condition met - continuing to monitor...
2026-01-21 03:11:22.058 RedLemon[58317:480578] [AUTO_EXIT_CHECK] isEventPlayback: true
2026-01-21 03:11:22.058 RedLemon[58317:480578] [AUTO_EXIT_CHECK] isLoading: false, isResolvingStream: false
2026-01-21 03:11:22.058 RedLemon[58317:480578] [AUTO_EXIT_CHECK] playbackFinished: false, isPlaying: true
2026-01-21 03:11:22.058 RedLemon[58317:480578] [AUTO_EXIT_CHECK] Position: 4708.709s / Duration: 5406.99s
2026-01-21 03:11:22.058 RedLemon[58317:480578] [AUTO_EXIT_CHECK] Checking EOF conditions...
2026-01-21 03:11:22.059 RedLemon[58317:480578] [AUTO_EXIT_CHECK] No exit condition met - continuing to monitor...
2026-01-21 03:11:22.935 RedLemon[58317:480578] [AUTO_EXIT_CHECK] isEventPlayback: true
2026-01-21 03:11:22.935 RedLemon[58317:480578] [AUTO_EXIT_CHECK] isLoading: false, isResolvingStream: false
2026-01-21 03:11:22.935 RedLemon[58317:480578] [AUTO_EXIT_CHECK] playbackFinished: false, isPlaying: true
2026-01-21 03:11:22.935 RedLemon[58317:480578] [AUTO_EXIT_CHECK] Position: 4709.584s / Duration: 5406.99s
2026-01-21 03:11:22.935 RedLemon[58317:480578] [AUTO_EXIT_CHECK] Checking EOF conditions...
2026-01-21 03:11:22.936 RedLemon[58317:480578] [AUTO_EXIT_CHECK] No exit condition met - continuing to monitor...
2026-01-21 03:11:23.937 RedLemon[58317:480578] [AUTO_EXIT_CHECK] isEventPlayback: true
2026-01-21 03:11:23.937 RedLemon[58317:480578] [AUTO_EXIT_CHECK] isLoading: false, isResolvingStream: false
2026-01-21 03:11:23.937 RedLemon[58317:480578] [AUTO_EXIT_CHECK] playbackFinished: false, isPlaying: true
2026-01-21 03:11:23.937 RedLemon[58317:480578] [AUTO_EXIT_CHECK] Position: 4710.7519999999995s / Duration: 5406.99s
2026-01-21 03:11:23.937 RedLemon[58317:480578] [AUTO_EXIT_CHECK] Checking EOF conditions...
2026-01-21 03:11:23.937 RedLemon[58317:480578] [AUTO_EXIT_CHECK] No exit condition met - continuing to monitor...
2026-01-21 03:11:24.977 RedLemon[58317:480578] [AUTO_EXIT_CHECK] isEventPlayback: true
2026-01-21 03:11:24.977 RedLemon[58317:480578] [AUTO_EXIT_CHECK] isLoading: false, isResolvingStream: false
2026-01-21 03:11:24.977 RedLemon[58317:480578] [AUTO_EXIT_CHECK] playbackFinished: false, isPlaying: true
2026-01-21 03:11:24.977 RedLemon[58317:480578] [AUTO_EXIT_CHECK] Position: 4711.628s / Duration: 5406.99s
2026-01-21 03:11:24.977 RedLemon[58317:480578] [AUTO_EXIT_CHECK] Checking EOF conditions...
2026-01-21 03:11:24.978 RedLemon[58317:480578] [AUTO_EXIT_CHECK] No exit condition met - continuing to monitor...
2026-01-21 03:11:26.019 RedLemon[58317:480578] [AUTO_EXIT_CHECK] isEventPlayback: true
2026-01-21 03:11:26.020 RedLemon[58317:480578] [AUTO_EXIT_CHECK] isLoading: false, isResolvingStream: false
2026-01-21 03:11:26.020 RedLemon[58317:480578] [AUTO_EXIT_CHECK] playbackFinished: false, isPlaying: true
2026-01-21 03:11:26.020 RedLemon[58317:480578] [AUTO_EXIT_CHECK] Position: 4712.795999999999s / Duration: 5406.99s
2026-01-21 03:11:26.020 RedLemon[58317:480578] [AUTO_EXIT_CHECK] Checking EOF conditions...
2026-01-21 03:11:26.020 RedLemon[58317:480578] [AUTO_EXIT_CHECK] No exit condition met - continuing to monitor...
2026-01-21 03:11:26.146 RedLemon[58317:480650] 🔐 SupabaseClient: Signing Identity Payload: '1768983086656daa91-33b4-4688-9135-c982ea52d7c9/rpc/room_heartbeat'
2026-01-21 03:11:26.147 RedLemon[58317:480650] 🔐 Signed request to /rpc/room_heartbeat
2026-01-21 03:11:26.937 RedLemon[58317:480578] [AUTO_EXIT_CHECK] isEventPlayback: true
2026-01-21 03:11:26.937 RedLemon[58317:480578] [AUTO_EXIT_CHECK] isLoading: false, isResolvingStream: false
2026-01-21 03:11:26.937 RedLemon[58317:480578] [AUTO_EXIT_CHECK] playbackFinished: false, isPlaying: true
2026-01-21 03:11:26.938 RedLemon[58317:480578] [AUTO_EXIT_CHECK] Position: 4713.672s / Duration: 5406.99s
2026-01-21 03:11:26.938 RedLemon[58317:480578] [AUTO_EXIT_CHECK] Checking EOF conditions...
2026-01-21 03:11:26.938 RedLemon[58317:480578] [AUTO_EXIT_CHECK] No exit condition met - continuing to monitor...
2026-01-21 03:11:27.940 RedLemon[58317:480578] [AUTO_EXIT_CHECK] isEventPlayback: true
2026-01-21 03:11:27.940 RedLemon[58317:480578] [AUTO_EXIT_CHECK] isLoading: false, isResolvingStream: false
2026-01-21 03:11:27.940 RedLemon[58317:480578] [AUTO_EXIT_CHECK] playbackFinished: false, isPlaying: true
2026-01-21 03:11:27.941 RedLemon[58317:480578] [AUTO_EXIT_CHECK] Position: 4714.548s / Duration: 5406.99s
2026-01-21 03:11:27.941 RedLemon[58317:480578] [AUTO_EXIT_CHECK] Checking EOF conditions...
2026-01-21 03:11:27.941 RedLemon[58317:480578] [AUTO_EXIT_CHECK] No exit condition met - continuing to monitor...
2026-01-21 03:11:28.941 RedLemon[58317:480578] [AUTO_EXIT_CHECK] isEventPlayback: true
2026-01-21 03:11:28.941 RedLemon[58317:480578] [AUTO_EXIT_CHECK] isLoading: false, isResolvingStream: false
2026-01-21 03:11:28.941 RedLemon[58317:480578] [AUTO_EXIT_CHECK] playbackFinished: false, isPlaying: true
2026-01-21 03:11:28.941 RedLemon[58317:480578] [AUTO_EXIT_CHECK] Position: 4715.715s / Duration: 5406.99s
2026-01-21 03:11:28.942 RedLemon[58317:480578] [AUTO_EXIT_CHECK] Checking EOF conditions...
2026-01-21 03:11:28.942 RedLemon[58317:480578] [AUTO_EXIT_CHECK] No exit condition met - continuing to monitor...
2026-01-21 03:11:30.024 RedLemon[58317:480578] [AUTO_EXIT_CHECK] isEventPlayback: true
2026-01-21 03:11:30.024 RedLemon[58317:480578] [AUTO_EXIT_CHECK] isLoading: false, isResolvingStream: false
2026-01-21 03:11:30.024 RedLemon[58317:480578] [AUTO_EXIT_CHECK] playbackFinished: false, isPlaying: true
2026-01-21 03:11:30.024 RedLemon[58317:480578] [AUTO_EXIT_CHECK] Position: 4716.590999999999s / Duration: 5406.99s
2026-01-21 03:11:30.025 RedLemon[58317:480578] [AUTO_EXIT_CHECK] Checking EOF conditions...
2026-01-21 03:11:30.025 RedLemon[58317:480578] [AUTO_EXIT_CHECK] No exit condition met - continuing to monitor...
2026-01-21 03:11:31.027 RedLemon[58317:480578] [AUTO_EXIT_CHECK] isEventPlayback: true
2026-01-21 03:11:31.027 RedLemon[58317:480578] [AUTO_EXIT_CHECK] isLoading: false, isResolvingStream: false
2026-01-21 03:11:31.027 RedLemon[58317:480578] [AUTO_EXIT_CHECK] playbackFinished: false, isPlaying: true
2026-01-21 03:11:31.027 RedLemon[58317:480578] [AUTO_EXIT_CHECK] Position: 4717.76s / Duration: 5406.99s
2026-01-21 03:11:31.027 RedLemon[58317:480578] [AUTO_EXIT_CHECK] Checking EOF conditions...
2026-01-21 03:11:31.027 RedLemon[58317:480578] [AUTO_EXIT_CHECK] No exit condition met - continuing to monitor...
2026-01-21 03:11:31.944 RedLemon[58317:480578] [AUTO_EXIT_CHECK] isEventPlayback: true
2026-01-21 03:11:31.944 RedLemon[58317:480578] [AUTO_EXIT_CHECK] isLoading: false, isResolvingStream: false
2026-01-21 03:11:31.944 RedLemon[58317:480578] [AUTO_EXIT_CHECK] playbackFinished: false, isPlaying: true
2026-01-21 03:11:31.944 RedLemon[58317:480578] [AUTO_EXIT_CHECK] Position: 4718.635s / Duration: 5406.99s
2026-01-21 03:11:31.944 RedLemon[58317:480578] [AUTO_EXIT_CHECK] Checking EOF conditions...
2026-01-21 03:11:31.945 RedLemon[58317:480578] [AUTO_EXIT_CHECK] No exit condition met - continuing to monitor...
2026-01-21 03:11:32.944 RedLemon[58317:480578] [AUTO_EXIT_CHECK] isEventPlayback: true
2026-01-21 03:11:32.944 RedLemon[58317:480578] [AUTO_EXIT_CHECK] isLoading: false, isResolvingStream: false
2026-01-21 03:11:32.944 RedLemon[58317:480578] [AUTO_EXIT_CHECK] playbackFinished: false, isPlaying: true
2026-01-21 03:11:32.944 RedLemon[58317:480578] [AUTO_EXIT_CHECK] Position: 4719.5109999999995s / Duration: 5406.99s
2026-01-21 03:11:32.944 RedLemon[58317:480578] [AUTO_EXIT_CHECK] Checking EOF conditions...
2026-01-21 03:11:32.945 RedLemon[58317:480578] [AUTO_EXIT_CHECK] No exit condition met - continuing to monitor...
2026-01-21 03:11:33.944 RedLemon[58317:480578] [AUTO_EXIT_CHECK] isEventPlayback: true
2026-01-21 03:11:33.945 RedLemon[58317:480578] [AUTO_EXIT_CHECK] isLoading: false, isResolvingStream: false
2026-01-21 03:11:33.945 RedLemon[58317:480578] [AUTO_EXIT_CHECK] playbackFinished: false, isPlaying: true
2026-01-21 03:11:33.945 RedLemon[58317:480578] [AUTO_EXIT_CHECK] Position: 4720.679s / Duration: 5406.99s
2026-01-21 03:11:33.945 RedLemon[58317:480578] [AUTO_EXIT_CHECK] Checking EOF conditions...
2026-01-21 03:11:33.945 RedLemon[58317:480578] [AUTO_EXIT_CHECK] No exit condition met - continuing to monitor...
2026-01-21 03:11:34.989 RedLemon[58317:480578] [AUTO_EXIT_CHECK] isEventPlayback: true
2026-01-21 03:11:34.989 RedLemon[58317:480578] [AUTO_EXIT_CHECK] isLoading: false, isResolvingStream: false
2026-01-21 03:11:34.989 RedLemon[58317:480578] [AUTO_EXIT_CHECK] playbackFinished: false, isPlaying: true
2026-01-21 03:11:34.990 RedLemon[58317:480578] [AUTO_EXIT_CHECK] Position: 4721.554999999999s / Duration: 5406.99s
2026-01-21 03:11:34.990 RedLemon[58317:480578] [AUTO_EXIT_CHECK] Checking EOF conditions...
2026-01-21 03:11:34.990 RedLemon[58317:480578] [AUTO_EXIT_CHECK] No exit condition met - continuing to monitor...
2026-01-21 03:11:35.988 RedLemon[58317:480578] [AUTO_EXIT_CHECK] isEventPlayback: true
2026-01-21 03:11:35.988 RedLemon[58317:480578] [AUTO_EXIT_CHECK] isLoading: false, isResolvingStream: false
2026-01-21 03:11:35.988 RedLemon[58317:480578] [AUTO_EXIT_CHECK] playbackFinished: false, isPlaying: true
2026-01-21 03:11:35.989 RedLemon[58317:480578] [AUTO_EXIT_CHECK] Position: 4722.723s / Duration: 5406.99s
2026-01-21 03:11:35.989 RedLemon[58317:480578] [AUTO_EXIT_CHECK] Checking EOF conditions...
2026-01-21 03:11:35.989 RedLemon[58317:480578] [AUTO_EXIT_CHECK] No exit condition met - continuing to monitor...
2026-01-21 03:11:36.949 RedLemon[58317:480578] [AUTO_EXIT_CHECK] isEventPlayback: true
2026-01-21 03:11:36.949 RedLemon[58317:480578] [AUTO_EXIT_CHECK] isLoading: false, isResolvingStream: false
2026-01-21 03:11:36.949 RedLemon[58317:480578] [AUTO_EXIT_CHECK] playbackFinished: false, isPlaying: true
2026-01-21 03:11:36.949 RedLemon[58317:480578] [AUTO_EXIT_CHECK] Position: 4723.599s / Duration: 5406.99s
2026-01-21 03:11:36.949 RedLemon[58317:480578] [AUTO_EXIT_CHECK] Checking EOF conditions...
2026-01-21 03:11:36.950 RedLemon[58317:480578] [AUTO_EXIT_CHECK] No exit condition met - continuing to monitor...
2026-01-21 03:11:37.949 RedLemon[58317:480578] [AUTO_EXIT_CHECK] isEventPlayback: true
2026-01-21 03:11:37.950 RedLemon[58317:480578] [AUTO_EXIT_CHECK] isLoading: false, isResolvingStream: false
2026-01-21 03:11:37.950 RedLemon[58317:480578] [AUTO_EXIT_CHECK] playbackFinished: false, isPlaying: true
2026-01-21 03:11:37.950 RedLemon[58317:480578] [AUTO_EXIT_CHECK] Position: 4724.766s / Duration: 5406.99s
2026-01-21 03:11:37.950 RedLemon[58317:480578] [AUTO_EXIT_CHECK] Checking EOF conditions...
2026-01-21 03:11:37.950 RedLemon[58317:480578] [AUTO_EXIT_CHECK] No exit condition met - continuing to monitor...
2026-01-21 03:11:38.949 RedLemon[58317:480578] [AUTO_EXIT_CHECK] isEventPlayback: true
2026-01-21 03:11:38.950 RedLemon[58317:480578] [AUTO_EXIT_CHECK] isLoading: false, isResolvingStream: false
2026-01-21 03:11:38.950 RedLemon[58317:480578] [AUTO_EXIT_CHECK] playbackFinished: false, isPlaying: true
2026-01-21 03:11:38.950 RedLemon[58317:480578] [AUTO_EXIT_CHECK] Position: 4725.642s / Duration: 5406.99s
2026-01-21 03:11:38.950 RedLemon[58317:480578] [AUTO_EXIT_CHECK] Checking EOF conditions...
2026-01-21 03:11:38.950 RedLemon[58317:480578] [AUTO_EXIT_CHECK] No exit condition met - continuing to monitor...
2026-01-21 03:11:39.951 RedLemon[58317:480578] [AUTO_EXIT_CHECK] isEventPlayback: true
2026-01-21 03:11:39.951 RedLemon[58317:480578] [AUTO_EXIT_CHECK] isLoading: false, isResolvingStream: false
2026-01-21 03:11:39.951 RedLemon[58317:480578] [AUTO_EXIT_CHECK] playbackFinished: false, isPlaying: true
2026-01-21 03:11:39.951 RedLemon[58317:480578] [AUTO_EXIT_CHECK] Position: 4726.518s / Duration: 5406.99s
2026-01-21 03:11:39.951 RedLemon[58317:480578] [AUTO_EXIT_CHECK] Checking EOF conditions...
2026-01-21 03:11:39.951 RedLemon[58317:480578] [AUTO_EXIT_CHECK] No exit condition met - continuing to monitor...
2026-01-21 03:11:40.953 RedLemon[58317:480578] [AUTO_EXIT_CHECK] isEventPlayback: true
2026-01-21 03:11:40.953 RedLemon[58317:480578] [AUTO_EXIT_CHECK] isLoading: false, isResolvingStream: false
2026-01-21 03:11:40.953 RedLemon[58317:480578] [AUTO_EXIT_CHECK] playbackFinished: false, isPlaying: true
2026-01-21 03:11:40.953 RedLemon[58317:480578] [AUTO_EXIT_CHECK] Position: 4727.686s / Duration: 5406.99s
2026-01-21 03:11:40.953 RedLemon[58317:480578] [AUTO_EXIT_CHECK] Checking EOF conditions...
2026-01-21 03:11:40.954 RedLemon[58317:480578] [AUTO_EXIT_CHECK] No exit condition met - continuing to monitor...
2026-01-21 03:11:41.955 RedLemon[58317:480578] [AUTO_EXIT_CHECK] isEventPlayback: true
2026-01-21 03:11:41.955 RedLemon[58317:480578] [AUTO_EXIT_CHECK] isLoading: false, isResolvingStream: false
2026-01-21 03:11:41.955 RedLemon[58317:480578] [AUTO_EXIT_CHECK] playbackFinished: false, isPlaying: true
2026-01-21 03:11:41.956 RedLemon[58317:480578] [AUTO_EXIT_CHECK] Position: 4728.562s / Duration: 5406.99s
2026-01-21 03:11:41.956 RedLemon[58317:480578] [AUTO_EXIT_CHECK] Checking EOF conditions...
2026-01-21 03:11:41.956 RedLemon[58317:480578] [AUTO_EXIT_CHECK] No exit condition met - continuing to monitor...
2026-01-21 03:11:42.954 RedLemon[58317:480578] [AUTO_EXIT_CHECK] isEventPlayback: true
2026-01-21 03:11:42.954 RedLemon[58317:480578] [AUTO_EXIT_CHECK] isLoading: false, isResolvingStream: false
2026-01-21 03:11:42.954 RedLemon[58317:480578] [AUTO_EXIT_CHECK] playbackFinished: false, isPlaying: true
2026-01-21 03:11:42.955 RedLemon[58317:480578] [AUTO_EXIT_CHECK] Position: 4729.728999999999s / Duration: 5406.99s
2026-01-21 03:11:42.955 RedLemon[58317:480578] [AUTO_EXIT_CHECK] Checking EOF conditions...
2026-01-21 03:11:42.955 RedLemon[58317:480578] [AUTO_EXIT_CHECK] No exit condition met - continuing to monitor...
2026-01-21 03:11:43.955 RedLemon[58317:480578] [AUTO_EXIT_CHECK] isEventPlayback: true
2026-01-21 03:11:43.955 RedLemon[58317:480578] [AUTO_EXIT_CHECK] isLoading: false, isResolvingStream: false
2026-01-21 03:11:43.956 RedLemon[58317:480578] [AUTO_EXIT_CHECK] playbackFinished: false, isPlaying: true
2026-01-21 03:11:43.956 RedLemon[58317:480578] [AUTO_EXIT_CHECK] Position: 4730.605s / Duration: 5406.99s
2026-01-21 03:11:43.956 RedLemon[58317:480578] [AUTO_EXIT_CHECK] Checking EOF conditions...
2026-01-21 03:11:43.956 RedLemon[58317:480578] [AUTO_EXIT_CHECK] No exit condition met - continuing to monitor...
2026-01-21 03:11:44.998 RedLemon[58317:480578] [AUTO_EXIT_CHECK] isEventPlayback: true
2026-01-21 03:11:44.998 RedLemon[58317:480578] [AUTO_EXIT_CHECK] isLoading: false, isResolvingStream: false
2026-01-21 03:11:44.998 RedLemon[58317:480578] [AUTO_EXIT_CHECK] playbackFinished: false, isPlaying: true
2026-01-21 03:11:44.998 RedLemon[58317:480578] [AUTO_EXIT_CHECK] Position: 4731.773999999999s / Duration: 5406.99s
2026-01-21 03:11:44.998 RedLemon[58317:480578] [AUTO_EXIT_CHECK] Checking EOF conditions...
2026-01-21 03:11:44.999 RedLemon[58317:480578] [AUTO_EXIT_CHECK] No exit condition met - continuing to monitor...
2026-01-21 03:11:45.957 RedLemon[58317:480578] [AUTO_EXIT_CHECK] isEventPlayback: true
2026-01-21 03:11:45.957 RedLemon[58317:480578] [AUTO_EXIT_CHECK] isLoading: false, isResolvingStream: false
2026-01-21 03:11:45.957 RedLemon[58317:480578] [AUTO_EXIT_CHECK] playbackFinished: false, isPlaying: true
2026-01-21 03:11:45.957 RedLemon[58317:480578] [AUTO_EXIT_CHECK] Position: 4732.65s / Duration: 5406.99s
2026-01-21 03:11:45.957 RedLemon[58317:480578] [AUTO_EXIT_CHECK] Checking EOF conditions...
2026-01-21 03:11:45.958 RedLemon[58317:480578] [AUTO_EXIT_CHECK] No exit condition met - continuing to monitor...
2026-01-21 03:11:46.959 RedLemon[58317:480578] [AUTO_EXIT_CHECK] isEventPlayback: true
2026-01-21 03:11:46.960 RedLemon[58317:480578] [AUTO_EXIT_CHECK] isLoading: false, isResolvingStream: false
2026-01-21 03:11:46.960 RedLemon[58317:480578] [AUTO_EXIT_CHECK] playbackFinished: false, isPlaying: true
2026-01-21 03:11:46.960 RedLemon[58317:480578] [AUTO_EXIT_CHECK] Position: 4733.526s / Duration: 5406.99s
2026-01-21 03:11:46.960 RedLemon[58317:480578] [AUTO_EXIT_CHECK] Checking EOF conditions...
2026-01-21 03:11:46.960 RedLemon[58317:480578] [AUTO_EXIT_CHECK] No exit condition met - continuing to monitor...
2026-01-21 03:11:47.959 RedLemon[58317:480578] [AUTO_EXIT_CHECK] isEventPlayback: true
2026-01-21 03:11:47.959 RedLemon[58317:480578] [AUTO_EXIT_CHECK] isLoading: false, isResolvingStream: false
2026-01-21 03:11:47.959 RedLemon[58317:480578] [AUTO_EXIT_CHECK] playbackFinished: false, isPlaying: true
2026-01-21 03:11:47.959 RedLemon[58317:480578] [AUTO_EXIT_CHECK] Position: 4734.693s / Duration: 5406.99s
2026-01-21 03:11:47.959 RedLemon[58317:480578] [AUTO_EXIT_CHECK] Checking EOF conditions...
2026-01-21 03:11:47.959 RedLemon[58317:480578] [AUTO_EXIT_CHECK] No exit condition met - continuing to monitor...
2026-01-21 03:11:49.001 RedLemon[58317:480578] [AUTO_EXIT_CHECK] isEventPlayback: true
2026-01-21 03:11:49.001 RedLemon[58317:480578] [AUTO_EXIT_CHECK] isLoading: false, isResolvingStream: false
2026-01-21 03:11:49.001 RedLemon[58317:480578] [AUTO_EXIT_CHECK] playbackFinished: false, isPlaying: true
2026-01-21 03:11:49.002 RedLemon[58317:480578] [AUTO_EXIT_CHECK] Position: 4735.5689999999995s / Duration: 5406.99s
2026-01-21 03:11:49.002 RedLemon[58317:480578] [AUTO_EXIT_CHECK] Checking EOF conditions...
2026-01-21 03:11:49.002 RedLemon[58317:480578] [AUTO_EXIT_CHECK] No exit condition met - continuing to monitor...
2026-01-21 03:11:50.045 RedLemon[58317:480578] [AUTO_EXIT_CHECK] isEventPlayback: true
2026-01-21 03:11:50.045 RedLemon[58317:480578] [AUTO_EXIT_CHECK] isLoading: false, isResolvingStream: false
2026-01-21 03:11:50.045 RedLemon[58317:480578] [AUTO_EXIT_CHECK] playbackFinished: false, isPlaying: true
2026-01-21 03:11:50.046 RedLemon[58317:480578] [AUTO_EXIT_CHECK] Position: 4736.736s / Duration: 5406.99s
2026-01-21 03:11:50.046 RedLemon[58317:480578] [AUTO_EXIT_CHECK] Checking EOF conditions...
2026-01-21 03:11:50.046 RedLemon[58317:480578] [AUTO_EXIT_CHECK] No exit condition met - continuing to monitor...
2026-01-21 03:11:50.921 RedLemon[58317:480578] [AUTO_EXIT_CHECK] isEventPlayback: true
2026-01-21 03:11:50.921 RedLemon[58317:480578] [AUTO_EXIT_CHECK] isLoading: false, isResolvingStream: false
2026-01-21 03:11:50.921 RedLemon[58317:480578] [AUTO_EXIT_CHECK] playbackFinished: false, isPlaying: true
2026-01-21 03:11:50.922 RedLemon[58317:480578] [AUTO_EXIT_CHECK] Position: 4737.612999999999s / Duration: 5406.99s
2026-01-21 03:11:50.922 RedLemon[58317:480578] [AUTO_EXIT_CHECK] Checking EOF conditions...
2026-01-21 03:11:50.922 RedLemon[58317:480578] [AUTO_EXIT_CHECK] No exit condition met - continuing to monitor...
2026-01-21 03:11:51.921 RedLemon[58317:480578] [AUTO_EXIT_CHECK] isEventPlayback: true
2026-01-21 03:11:51.922 RedLemon[58317:480578] [AUTO_EXIT_CHECK] isLoading: false, isResolvingStream: false
2026-01-21 03:11:51.922 RedLemon[58317:480578] [AUTO_EXIT_CHECK] playbackFinished: false, isPlaying: true
2026-01-21 03:11:51.922 RedLemon[58317:480578] [AUTO_EXIT_CHECK] Position: 4738.489s / Duration: 5406.99s
2026-01-21 03:11:51.922 RedLemon[58317:480578] [AUTO_EXIT_CHECK] Checking EOF conditions...
2026-01-21 03:11:51.922 RedLemon[58317:480578] [AUTO_EXIT_CHECK] No exit condition met - continuing to monitor...
2026-01-21 03:11:52.964 RedLemon[58317:480578] [AUTO_EXIT_CHECK] isEventPlayback: true
2026-01-21 03:11:52.964 RedLemon[58317:480578] [AUTO_EXIT_CHECK] isLoading: false, isResolvingStream: false
2026-01-21 03:11:52.964 RedLemon[58317:480578] [AUTO_EXIT_CHECK] playbackFinished: false, isPlaying: true
2026-01-21 03:11:52.965 RedLemon[58317:480578] [AUTO_EXIT_CHECK] Position: 4739.656s / Duration: 5406.99s
2026-01-21 03:11:52.965 RedLemon[58317:480578] [AUTO_EXIT_CHECK] Checking EOF conditions...
2026-01-21 03:11:52.965 RedLemon[58317:480578] [AUTO_EXIT_CHECK] No exit condition met - continuing to monitor...
2026-01-21 03:11:54.007 RedLemon[58317:480578] [AUTO_EXIT_CHECK] isEventPlayback: true
2026-01-21 03:11:54.007 RedLemon[58317:480578] [AUTO_EXIT_CHECK] isLoading: false, isResolvingStream: false
2026-01-21 03:11:54.007 RedLemon[58317:480578] [AUTO_EXIT_CHECK] playbackFinished: false, isPlaying: true
2026-01-21 03:11:54.007 RedLemon[58317:480578] [AUTO_EXIT_CHECK] Position: 4740.824s / Duration: 5406.99s
2026-01-21 03:11:54.007 RedLemon[58317:480578] [AUTO_EXIT_CHECK] Checking EOF conditions...
2026-01-21 03:11:54.007 RedLemon[58317:480578] [AUTO_EXIT_CHECK] No exit condition met - continuing to monitor...
2026-01-21 03:11:54.925 RedLemon[58317:480578] [AUTO_EXIT_CHECK] isEventPlayback: true
2026-01-21 03:11:54.925 RedLemon[58317:480578] [AUTO_EXIT_CHECK] isLoading: false, isResolvingStream: false
2026-01-21 03:11:54.925 RedLemon[58317:480578] [AUTO_EXIT_CHECK] playbackFinished: false, isPlaying: true
2026-01-21 03:11:54.925 RedLemon[58317:480578] [AUTO_EXIT_CHECK] Position: 4741.7s / Duration: 5406.99s
2026-01-21 03:11:54.925 RedLemon[58317:480578] [AUTO_EXIT_CHECK] Checking EOF conditions...
2026-01-21 03:11:54.926 RedLemon[58317:480578] [AUTO_EXIT_CHECK] No exit condition met - continuing to monitor...
2026-01-21 03:11:55.926 RedLemon[58317:480578] [AUTO_EXIT_CHECK] isEventPlayback: true
2026-01-21 03:11:55.927 RedLemon[58317:480578] [AUTO_EXIT_CHECK] isLoading: false, isResolvingStream: false
2026-01-21 03:11:55.927 RedLemon[58317:480578] [AUTO_EXIT_CHECK] playbackFinished: false, isPlaying: true
2026-01-21 03:11:55.927 RedLemon[58317:480578] [AUTO_EXIT_CHECK] Position: 4742.576s / Duration: 5406.99s
2026-01-21 03:11:55.927 RedLemon[58317:480578] [AUTO_EXIT_CHECK] Checking EOF conditions...
2026-01-21 03:11:55.927 RedLemon[58317:480578] [AUTO_EXIT_CHECK] No exit condition met - continuing to monitor...
2026-01-21 03:11:56.552 RedLemon[58317:482683] 🔐 SupabaseClient: Signing Identity Payload: '1768983116656daa91-33b4-4688-9135-c982ea52d7c9/rpc/room_heartbeat'
2026-01-21 03:11:56.553 RedLemon[58317:482683] 🔐 Signed request to /rpc/room_heartbeat
2026-01-21 03:11:56.928 RedLemon[58317:480578] [AUTO_EXIT_CHECK] isEventPlayback: true
2026-01-21 03:11:56.928 RedLemon[58317:480578] [AUTO_EXIT_CHECK] isLoading: false, isResolvingStream: false
2026-01-21 03:11:56.928 RedLemon[58317:480578] [AUTO_EXIT_CHECK] playbackFinished: false, isPlaying: true
2026-01-21 03:11:56.929 RedLemon[58317:480578] [AUTO_EXIT_CHECK] Position: 4743.744s / Duration: 5406.99s
2026-01-21 03:11:56.929 RedLemon[58317:480578] [AUTO_EXIT_CHECK] Checking EOF conditions...
2026-01-21 03:11:56.929 RedLemon[58317:480578] [AUTO_EXIT_CHECK] No exit condition met - continuing to monitor...
2026-01-21 03:11:57.969 RedLemon[58317:480578] [AUTO_EXIT_CHECK] isEventPlayback: true
2026-01-21 03:11:57.969 RedLemon[58317:480578] [AUTO_EXIT_CHECK] isLoading: false, isResolvingStream: false
2026-01-21 03:11:57.970 RedLemon[58317:480578] [AUTO_EXIT_CHECK] playbackFinished: false, isPlaying: true
2026-01-21 03:11:57.970 RedLemon[58317:480578] [AUTO_EXIT_CHECK] Position: 4744.62s / Duration: 5406.99s
2026-01-21 03:11:57.970 RedLemon[58317:480578] [AUTO_EXIT_CHECK] Checking EOF conditions...
2026-01-21 03:11:57.970 RedLemon[58317:480578] [AUTO_EXIT_CHECK] No exit condition met - continuing to monitor...
2026-01-21 03:11:58.943 RedLemon[58317:480578] [AUTO_EXIT_CHECK] isEventPlayback: true
2026-01-21 03:11:58.943 RedLemon[58317:480578] [AUTO_EXIT_CHECK] isLoading: false, isResolvingStream: false
2026-01-21 03:11:58.943 RedLemon[58317:480578] [AUTO_EXIT_CHECK] playbackFinished: false, isPlaying: true
2026-01-21 03:11:58.943 RedLemon[58317:480578] [AUTO_EXIT_CHECK] Position: 4745.786999999999s / Duration: 5406.99s
2026-01-21 03:11:58.943 RedLemon[58317:480578] [AUTO_EXIT_CHECK] Checking EOF conditions...
2026-01-21 03:11:58.943 RedLemon[58317:480578] [AUTO_EXIT_CHECK] No exit condition met - continuing to monitor...
2026-01-21 03:11:59.930 RedLemon[58317:480578] [AUTO_EXIT_CHECK] isEventPlayback: true
2026-01-21 03:11:59.930 RedLemon[58317:480578] [AUTO_EXIT_CHECK] isLoading: false, isResolvingStream: false
2026-01-21 03:11:59.930 RedLemon[58317:480578] [AUTO_EXIT_CHECK] playbackFinished: false, isPlaying: true
2026-01-21 03:11:59.930 RedLemon[58317:480578] [AUTO_EXIT_CHECK] Position: 4746.664s / Duration: 5406.99s
2026-01-21 03:11:59.931 RedLemon[58317:480578] [AUTO_EXIT_CHECK] Checking EOF conditions...
2026-01-21 03:11:59.931 RedLemon[58317:480578] [AUTO_EXIT_CHECK] No exit condition met - continuing to monitor...
2026-01-21 03:12:00.930 RedLemon[58317:480578] [AUTO_EXIT_CHECK] isEventPlayback: true
2026-01-21 03:12:00.930 RedLemon[58317:480578] [AUTO_EXIT_CHECK] isLoading: false, isResolvingStream: false
2026-01-21 03:12:00.930 RedLemon[58317:480578] [AUTO_EXIT_CHECK] playbackFinished: false, isPlaying: true
2026-01-21 03:12:00.930 RedLemon[58317:480578] [AUTO_EXIT_CHECK] Position: 4747.539s / Duration: 5406.99s
2026-01-21 03:12:00.931 RedLemon[58317:480578] [AUTO_EXIT_CHECK] Checking EOF conditions...
2026-01-21 03:12:00.931 RedLemon[58317:480578] [AUTO_EXIT_CHECK] No exit condition met - continuing to monitor...
2026-01-21 03:12:01.932 RedLemon[58317:480578] [AUTO_EXIT_CHECK] isEventPlayback: true
2026-01-21 03:12:01.932 RedLemon[58317:480578] [AUTO_EXIT_CHECK] isLoading: false, isResolvingStream: false
2026-01-21 03:12:01.932 RedLemon[58317:480578] [AUTO_EXIT_CHECK] playbackFinished: false, isPlaying: true
2026-01-21 03:12:01.932 RedLemon[58317:480578] [AUTO_EXIT_CHECK] Position: 4748.706999999999s / Duration: 5406.99s
2026-01-21 03:12:01.932 RedLemon[58317:480578] [AUTO_EXIT_CHECK] Checking EOF conditions...
2026-01-21 03:12:01.932 RedLemon[58317:480578] [AUTO_EXIT_CHECK] No exit condition met - continuing to monitor...
2026-01-21 03:12:03.016 RedLemon[58317:480578] [AUTO_EXIT_CHECK] isEventPlayback: true
2026-01-21 03:12:03.016 RedLemon[58317:480578] [AUTO_EXIT_CHECK] isLoading: false, isResolvingStream: false
2026-01-21 03:12:03.017 RedLemon[58317:480578] [AUTO_EXIT_CHECK] playbackFinished: false, isPlaying: true
2026-01-21 03:12:03.017 RedLemon[58317:480578] [AUTO_EXIT_CHECK] Position: 4749.583s / Duration: 5406.99s
2026-01-21 03:12:03.017 RedLemon[58317:480578] [AUTO_EXIT_CHECK] Checking EOF conditions...
2026-01-21 03:12:03.018 RedLemon[58317:480578] [AUTO_EXIT_CHECK] No exit condition met - continuing to monitor...
2026-01-21 03:12:03.974 RedLemon[58317:480578] [AUTO_EXIT_CHECK] isEventPlayback: true
2026-01-21 03:12:03.975 RedLemon[58317:480578] [AUTO_EXIT_CHECK] isLoading: false, isResolvingStream: false
2026-01-21 03:12:03.975 RedLemon[58317:480578] [AUTO_EXIT_CHECK] playbackFinished: false, isPlaying: true
2026-01-21 03:12:03.975 RedLemon[58317:480578] [AUTO_EXIT_CHECK] Position: 4750.751s / Duration: 5406.99s
2026-01-21 03:12:03.975 RedLemon[58317:480578] [AUTO_EXIT_CHECK] Checking EOF conditions...
2026-01-21 03:12:03.975 RedLemon[58317:480578] [AUTO_EXIT_CHECK] No exit condition met - continuing to monitor...
2026-01-21 03:12:04.934 RedLemon[58317:480578] [AUTO_EXIT_CHECK] isEventPlayback: true
2026-01-21 03:12:04.935 RedLemon[58317:480578] [AUTO_EXIT_CHECK] isLoading: false, isResolvingStream: false
2026-01-21 03:12:04.935 RedLemon[58317:480578] [AUTO_EXIT_CHECK] playbackFinished: false, isPlaying: true
2026-01-21 03:12:04.935 RedLemon[58317:480578] [AUTO_EXIT_CHECK] Position: 4751.6269999999995s / Duration: 5406.99s
2026-01-21 03:12:04.935 RedLemon[58317:480578] [AUTO_EXIT_CHECK] Checking EOF conditions...
2026-01-21 03:12:04.935 RedLemon[58317:480578] [AUTO_EXIT_CHECK] No exit condition met - continuing to monitor...
2026-01-21 03:12:05.936 RedLemon[58317:480578] [AUTO_EXIT_CHECK] isEventPlayback: true
2026-01-21 03:12:05.936 RedLemon[58317:480578] [AUTO_EXIT_CHECK] isLoading: false, isResolvingStream: false
2026-01-21 03:12:05.936 RedLemon[58317:480578] [AUTO_EXIT_CHECK] playbackFinished: false, isPlaying: true
2026-01-21 03:12:05.936 RedLemon[58317:480578] [AUTO_EXIT_CHECK] Position: 4752.503s / Duration: 5406.99s
2026-01-21 03:12:05.936 RedLemon[58317:480578] [AUTO_EXIT_CHECK] Checking EOF conditions...
2026-01-21 03:12:05.936 RedLemon[58317:480578] [AUTO_EXIT_CHECK] No exit condition met - continuing to monitor...
2026-01-21 03:12:06.978 RedLemon[58317:480578] [AUTO_EXIT_CHECK] isEventPlayback: true
2026-01-21 03:12:06.978 RedLemon[58317:480578] [AUTO_EXIT_CHECK] isLoading: false, isResolvingStream: false
2026-01-21 03:12:06.978 RedLemon[58317:480578] [AUTO_EXIT_CHECK] playbackFinished: false, isPlaying: true
2026-01-21 03:12:06.979 RedLemon[58317:480578] [AUTO_EXIT_CHECK] Position: 4753.67s / Duration: 5406.99s
2026-01-21 03:12:06.979 RedLemon[58317:480578] [AUTO_EXIT_CHECK] Checking EOF conditions...
2026-01-21 03:12:06.979 RedLemon[58317:480578] [AUTO_EXIT_CHECK] No exit condition met - continuing to monitor...
2026-01-21 03:12:08.021 RedLemon[58317:480578] [AUTO_EXIT_CHECK] isEventPlayback: true
2026-01-21 03:12:08.021 RedLemon[58317:480578] [AUTO_EXIT_CHECK] isLoading: false, isResolvingStream: false
2026-01-21 03:12:08.021 RedLemon[58317:480578] [AUTO_EXIT_CHECK] playbackFinished: false, isPlaying: true
2026-01-21 03:12:08.021 RedLemon[58317:480578] [AUTO_EXIT_CHECK] Position: 4754.839s / Duration: 5406.99s
2026-01-21 03:12:08.021 RedLemon[58317:480578] [AUTO_EXIT_CHECK] Checking EOF conditions...
2026-01-21 03:12:08.022 RedLemon[58317:480578] [AUTO_EXIT_CHECK] No exit condition met - continuing to monitor...
2026-01-21 03:12:09.065 RedLemon[58317:480578] [AUTO_EXIT_CHECK] isEventPlayback: true
2026-01-21 03:12:09.065 RedLemon[58317:480578] [AUTO_EXIT_CHECK] isLoading: false, isResolvingStream: false
2026-01-21 03:12:09.065 RedLemon[58317:480578] [AUTO_EXIT_CHECK] playbackFinished: false, isPlaying: true
2026-01-21 03:12:09.066 RedLemon[58317:480578] [AUTO_EXIT_CHECK] Position: 4755.714s / Duration: 5406.99s
2026-01-21 03:12:09.066 RedLemon[58317:480578] [AUTO_EXIT_CHECK] Checking EOF conditions...
2026-01-21 03:12:09.066 RedLemon[58317:480578] [AUTO_EXIT_CHECK] No exit condition met - continuing to monitor...
2026-01-21 03:12:09.940 RedLemon[58317:480578] [AUTO_EXIT_CHECK] isEventPlayback: true
2026-01-21 03:12:09.940 RedLemon[58317:480578] [AUTO_EXIT_CHECK] isLoading: false, isResolvingStream: false
2026-01-21 03:12:09.940 RedLemon[58317:480578] [AUTO_EXIT_CHECK] playbackFinished: false, isPlaying: true
2026-01-21 03:12:09.940 RedLemon[58317:480578] [AUTO_EXIT_CHECK] Position: 4756.59s / Duration: 5406.99s
2026-01-21 03:12:09.941 RedLemon[58317:480578] [AUTO_EXIT_CHECK] Checking EOF conditions...
2026-01-21 03:12:09.941 RedLemon[58317:480578] [AUTO_EXIT_CHECK] No exit condition met - continuing to monitor...
2026-01-21 03:12:10.943 RedLemon[58317:480578] [AUTO_EXIT_CHECK] isEventPlayback: true
2026-01-21 03:12:10.943 RedLemon[58317:480578] [AUTO_EXIT_CHECK] isLoading: false, isResolvingStream: false
2026-01-21 03:12:10.943 RedLemon[58317:480578] [AUTO_EXIT_CHECK] playbackFinished: false, isPlaying: true
2026-01-21 03:12:10.943 RedLemon[58317:480578] [AUTO_EXIT_CHECK] Position: 4757.758s / Duration: 5406.99s
2026-01-21 03:12:10.943 RedLemon[58317:480578] [AUTO_EXIT_CHECK] Checking EOF conditions...
2026-01-21 03:12:10.944 RedLemon[58317:480578] [AUTO_EXIT_CHECK] No exit condition met - continuing to monitor...
2026-01-21 03:12:11.983 RedLemon[58317:480578] [AUTO_EXIT_CHECK] isEventPlayback: true
2026-01-21 03:12:11.983 RedLemon[58317:480578] [AUTO_EXIT_CHECK] isLoading: false, isResolvingStream: false
2026-01-21 03:12:11.984 RedLemon[58317:480578] [AUTO_EXIT_CHECK] playbackFinished: false, isPlaying: true
2026-01-21 03:12:11.984 RedLemon[58317:480578] [AUTO_EXIT_CHECK] Position: 4758.634s / Duration: 5406.99s
2026-01-21 03:12:11.984 RedLemon[58317:480578] [AUTO_EXIT_CHECK] Checking EOF conditions...
2026-01-21 03:12:11.984 RedLemon[58317:480578] [AUTO_EXIT_CHECK] No exit condition met - continuing to monitor...
2026-01-21 03:12:12.943 RedLemon[58317:480578] [AUTO_EXIT_CHECK] isEventPlayback: true
2026-01-21 03:12:12.943 RedLemon[58317:480578] [AUTO_EXIT_CHECK] isLoading: false, isResolvingStream: false
2026-01-21 03:12:12.943 RedLemon[58317:480578] [AUTO_EXIT_CHECK] playbackFinished: false, isPlaying: true
2026-01-21 03:12:12.944 RedLemon[58317:480578] [AUTO_EXIT_CHECK] Position: 4759.509s / Duration: 5406.99s
2026-01-21 03:12:12.944 RedLemon[58317:480578] [AUTO_EXIT_CHECK] Checking EOF conditions...
2026-01-21 03:12:12.944 RedLemon[58317:480578] [AUTO_EXIT_CHECK] No exit condition met - continuing to monitor...
2026-01-21 03:12:13.943 RedLemon[58317:480578] [AUTO_EXIT_CHECK] isEventPlayback: true
2026-01-21 03:12:13.943 RedLemon[58317:480578] [AUTO_EXIT_CHECK] isLoading: false, isResolvingStream: false
2026-01-21 03:12:13.944 RedLemon[58317:480578] [AUTO_EXIT_CHECK] playbackFinished: false, isPlaying: true
2026-01-21 03:12:13.944 RedLemon[58317:480578] [AUTO_EXIT_CHECK] Position: 4760.677s / Duration: 5406.99s
2026-01-21 03:12:13.944 RedLemon[58317:480578] [AUTO_EXIT_CHECK] Checking EOF conditions...
2026-01-21 03:12:13.944 RedLemon[58317:480578] [AUTO_EXIT_CHECK] No exit condition met - continuing to monitor...
2026-01-21 03:12:14.945 RedLemon[58317:480578] [AUTO_EXIT_CHECK] isEventPlayback: true
2026-01-21 03:12:14.945 RedLemon[58317:480578] [AUTO_EXIT_CHECK] isLoading: false, isResolvingStream: false
2026-01-21 03:12:14.945 RedLemon[58317:480578] [AUTO_EXIT_CHECK] playbackFinished: false, isPlaying: true
2026-01-21 03:12:14.945 RedLemon[58317:480578] [AUTO_EXIT_CHECK] Position: 4761.553s / Duration: 5406.99s
2026-01-21 03:12:14.945 RedLemon[58317:480578] [AUTO_EXIT_CHECK] Checking EOF conditions...
2026-01-21 03:12:14.945 RedLemon[58317:480578] [AUTO_EXIT_CHECK] No exit condition met - continuing to monitor...
2026-01-21 03:12:15.946 RedLemon[58317:480578] [AUTO_EXIT_CHECK] isEventPlayback: true
2026-01-21 03:12:15.946 RedLemon[58317:480578] [AUTO_EXIT_CHECK] isLoading: false, isResolvingStream: false
2026-01-21 03:12:15.946 RedLemon[58317:480578] [AUTO_EXIT_CHECK] playbackFinished: false, isPlaying: true
2026-01-21 03:12:15.946 RedLemon[58317:480578] [AUTO_EXIT_CHECK] Position: 4762.721s / Duration: 5406.99s
2026-01-21 03:12:15.947 RedLemon[58317:480578] [AUTO_EXIT_CHECK] Checking EOF conditions...
2026-01-21 03:12:15.947 RedLemon[58317:480578] [AUTO_EXIT_CHECK] No exit condition met - continuing to monitor...
2026-01-21 03:12:16.948 RedLemon[58317:480578] [AUTO_EXIT_CHECK] isEventPlayback: true
2026-01-21 03:12:16.948 RedLemon[58317:480578] [AUTO_EXIT_CHECK] isLoading: false, isResolvingStream: false
2026-01-21 03:12:16.948 RedLemon[58317:480578] [AUTO_EXIT_CHECK] playbackFinished: false, isPlaying: true
2026-01-21 03:12:16.948 RedLemon[58317:480578] [AUTO_EXIT_CHECK] Position: 4763.597s / Duration: 5406.99s
2026-01-21 03:12:16.949 RedLemon[58317:480578] [AUTO_EXIT_CHECK] Checking EOF conditions...
2026-01-21 03:12:16.949 RedLemon[58317:480578] [AUTO_EXIT_CHECK] No exit condition met - continuing to monitor...
2026-01-21 03:12:18.031 RedLemon[58317:480578] [AUTO_EXIT_CHECK] isEventPlayback: true
2026-01-21 03:12:18.031 RedLemon[58317:480578] [AUTO_EXIT_CHECK] isLoading: false, isResolvingStream: false
2026-01-21 03:12:18.032 RedLemon[58317:480578] [AUTO_EXIT_CHECK] playbackFinished: false, isPlaying: true
2026-01-21 03:12:18.032 RedLemon[58317:480578] [AUTO_EXIT_CHECK] Position: 4764.764s / Duration: 5406.99s
2026-01-21 03:12:18.032 RedLemon[58317:480578] [AUTO_EXIT_CHECK] Checking EOF conditions...
2026-01-21 03:12:18.032 RedLemon[58317:480578] [AUTO_EXIT_CHECK] No exit condition met - continuing to monitor...
2026-01-21 03:12:18.948 RedLemon[58317:480578] [AUTO_EXIT_CHECK] isEventPlayback: true
2026-01-21 03:12:18.948 RedLemon[58317:480578] [AUTO_EXIT_CHECK] isLoading: false, isResolvingStream: false
2026-01-21 03:12:18.949 RedLemon[58317:480578] [AUTO_EXIT_CHECK] playbackFinished: false, isPlaying: true
2026-01-21 03:12:18.949 RedLemon[58317:480578] [AUTO_EXIT_CHECK] Position: 4765.639999999999s / Duration: 5406.99s
2026-01-21 03:12:18.949 RedLemon[58317:480578] [AUTO_EXIT_CHECK] Checking EOF conditions...
2026-01-21 03:12:18.949 RedLemon[58317:480578] [AUTO_EXIT_CHECK] No exit condition met - continuing to monitor...
2026-01-21 03:12:19.951 RedLemon[58317:480578] [AUTO_EXIT_CHECK] isEventPlayback: true
2026-01-21 03:12:19.951 RedLemon[58317:480578] [AUTO_EXIT_CHECK] isLoading: false, isResolvingStream: false
2026-01-21 03:12:19.951 RedLemon[58317:480578] [AUTO_EXIT_CHECK] playbackFinished: false, isPlaying: true
2026-01-21 03:12:19.951 RedLemon[58317:480578] [AUTO_EXIT_CHECK] Position: 4766.517s / Duration: 5406.99s
2026-01-21 03:12:19.951 RedLemon[58317:480578] [AUTO_EXIT_CHECK] Checking EOF conditions...
2026-01-21 03:12:19.952 RedLemon[58317:480578] [AUTO_EXIT_CHECK] No exit condition met - continuing to monitor...
2026-01-21 03:12:20.950 RedLemon[58317:480578] [AUTO_EXIT_CHECK] isEventPlayback: true
2026-01-21 03:12:20.951 RedLemon[58317:480578] [AUTO_EXIT_CHECK] isLoading: false, isResolvingStream: false
2026-01-21 03:12:20.951 RedLemon[58317:480578] [AUTO_EXIT_CHECK] playbackFinished: false, isPlaying: true
2026-01-21 03:12:20.951 RedLemon[58317:480578] [AUTO_EXIT_CHECK] Position: 4767.684s / Duration: 5406.99s
2026-01-21 03:12:20.951 RedLemon[58317:480578] [AUTO_EXIT_CHECK] Checking EOF conditions...
2026-01-21 03:12:20.951 RedLemon[58317:480578] [AUTO_EXIT_CHECK] No exit condition met - continuing to monitor...
2026-01-21 03:12:21.994 RedLemon[58317:480578] [AUTO_EXIT_CHECK] isEventPlayback: true
2026-01-21 03:12:21.994 RedLemon[58317:480578] [AUTO_EXIT_CHECK] isLoading: false, isResolvingStream: false
2026-01-21 03:12:21.994 RedLemon[58317:480578] [AUTO_EXIT_CHECK] playbackFinished: false, isPlaying: true
2026-01-21 03:12:21.994 RedLemon[58317:480578] [AUTO_EXIT_CHECK] Position: 4768.5599999999995s / Duration: 5406.99s
2026-01-21 03:12:21.994 RedLemon[58317:480578] [AUTO_EXIT_CHECK] Checking EOF conditions...
2026-01-21 03:12:21.995 RedLemon[58317:480578] [AUTO_EXIT_CHECK] No exit condition met - continuing to monitor...
2026-01-21 03:12:22.952 RedLemon[58317:480578] [AUTO_EXIT_CHECK] isEventPlayback: true
2026-01-21 03:12:22.952 RedLemon[58317:480578] [AUTO_EXIT_CHECK] isLoading: false, isResolvingStream: false
2026-01-21 03:12:22.953 RedLemon[58317:480578] [AUTO_EXIT_CHECK] playbackFinished: false, isPlaying: true
2026-01-21 03:12:22.953 RedLemon[58317:480578] [AUTO_EXIT_CHECK] Position: 4769.728s / Duration: 5406.99s
2026-01-21 03:12:22.953 RedLemon[58317:480578] [AUTO_EXIT_CHECK] Checking EOF conditions...
2026-01-21 03:12:22.953 RedLemon[58317:480578] [AUTO_EXIT_CHECK] No exit condition met - continuing to monitor...
2026-01-21 03:12:23.953 RedLemon[58317:480578] [AUTO_EXIT_CHECK] isEventPlayback: true
2026-01-21 03:12:23.953 RedLemon[58317:480578] [AUTO_EXIT_CHECK] isLoading: false, isResolvingStream: false
2026-01-21 03:12:23.954 RedLemon[58317:480578] [AUTO_EXIT_CHECK] playbackFinished: false, isPlaying: true
2026-01-21 03:12:23.954 RedLemon[58317:480578] [AUTO_EXIT_CHECK] Position: 4770.603999999999s / Duration: 5406.99s
2026-01-21 03:12:23.954 RedLemon[58317:480578] [AUTO_EXIT_CHECK] Checking EOF conditions...
2026-01-21 03:12:23.954 RedLemon[58317:480578] [AUTO_EXIT_CHECK] No exit condition met - continuing to monitor...
2026-01-21 03:12:24.956 RedLemon[58317:480578] [AUTO_EXIT_CHECK] isEventPlayback: true
2026-01-21 03:12:24.957 RedLemon[58317:480578] [AUTO_EXIT_CHECK] isLoading: false, isResolvingStream: false
2026-01-21 03:12:24.957 RedLemon[58317:480578] [AUTO_EXIT_CHECK] playbackFinished: false, isPlaying: true
2026-01-21 03:12:24.957 RedLemon[58317:480578] [AUTO_EXIT_CHECK] Position: 4771.772s / Duration: 5406.99s
2026-01-21 03:12:24.957 RedLemon[58317:480578] [AUTO_EXIT_CHECK] Checking EOF conditions...
2026-01-21 03:12:24.957 RedLemon[58317:480578] [AUTO_EXIT_CHECK] No exit condition met - continuing to monitor...
2026-01-21 03:12:25.958 RedLemon[58317:480578] [AUTO_EXIT_CHECK] isEventPlayback: true
2026-01-21 03:12:25.958 RedLemon[58317:480578] [AUTO_EXIT_CHECK] isLoading: false, isResolvingStream: false
2026-01-21 03:12:25.958 RedLemon[58317:480578] [AUTO_EXIT_CHECK] playbackFinished: false, isPlaying: true
2026-01-21 03:12:25.958 RedLemon[58317:480578] [AUTO_EXIT_CHECK] Position: 4772.648s / Duration: 5406.99s
2026-01-21 03:12:25.958 RedLemon[58317:480578] [AUTO_EXIT_CHECK] Checking EOF conditions...
2026-01-21 03:12:25.959 RedLemon[58317:480578] [AUTO_EXIT_CHECK] No exit condition met - continuing to monitor...
2026-01-21 03:12:26.916 RedLemon[58317:482683] 🔐 SupabaseClient: Signing Identity Payload: '1768983146656daa91-33b4-4688-9135-c982ea52d7c9/rpc/room_heartbeat'
2026-01-21 03:12:26.917 RedLemon[58317:482683] 🔐 Signed request to /rpc/room_heartbeat
2026-01-21 03:12:26.956 RedLemon[58317:480578] [AUTO_EXIT_CHECK] isEventPlayback: true
2026-01-21 03:12:26.956 RedLemon[58317:480578] [AUTO_EXIT_CHECK] isLoading: false, isResolvingStream: false
2026-01-21 03:12:26.956 RedLemon[58317:480578] [AUTO_EXIT_CHECK] playbackFinished: false, isPlaying: true
2026-01-21 03:12:26.957 RedLemon[58317:480578] [AUTO_EXIT_CHECK] Position: 4773.523999999999s / Duration: 5406.99s
2026-01-21 03:12:26.957 RedLemon[58317:480578] [AUTO_EXIT_CHECK] Checking EOF conditions...
2026-01-21 03:12:26.957 RedLemon[58317:480578] [AUTO_EXIT_CHECK] No exit condition met - continuing to monitor...
2026-01-21 03:12:27.958 RedLemon[58317:480578] [AUTO_EXIT_CHECK] isEventPlayback: true
2026-01-21 03:12:27.958 RedLemon[58317:480578] [AUTO_EXIT_CHECK] isLoading: false, isResolvingStream: false
2026-01-21 03:12:27.958 RedLemon[58317:480578] [AUTO_EXIT_CHECK] playbackFinished: false, isPlaying: true
2026-01-21 03:12:27.958 RedLemon[58317:480578] [AUTO_EXIT_CHECK] Position: 4774.691s / Duration: 5406.99s
2026-01-21 03:12:27.958 RedLemon[58317:480578] [AUTO_EXIT_CHECK] Checking EOF conditions...
2026-01-21 03:12:27.958 RedLemon[58317:480578] [AUTO_EXIT_CHECK] No exit condition met - continuing to monitor...
2026-01-21 03:12:28.959 RedLemon[58317:480578] [AUTO_EXIT_CHECK] isEventPlayback: true
2026-01-21 03:12:28.959 RedLemon[58317:480578] [AUTO_EXIT_CHECK] isLoading: false, isResolvingStream: false
2026-01-21 03:12:28.959 RedLemon[58317:480578] [AUTO_EXIT_CHECK] playbackFinished: false, isPlaying: true
2026-01-21 03:12:28.959 RedLemon[58317:480578] [AUTO_EXIT_CHECK] Position: 4775.567s / Duration: 5406.99s
2026-01-21 03:12:28.959 RedLemon[58317:480578] [AUTO_EXIT_CHECK] Checking EOF conditions...
2026-01-21 03:12:28.960 RedLemon[58317:480578] [AUTO_EXIT_CHECK] No exit condition met - continuing to monitor...
2026-01-21 03:12:29.959 RedLemon[58317:480578] [AUTO_EXIT_CHECK] isEventPlayback: true
2026-01-21 03:12:29.959 RedLemon[58317:480578] [AUTO_EXIT_CHECK] isLoading: false, isResolvingStream: false
2026-01-21 03:12:29.960 RedLemon[58317:480578] [AUTO_EXIT_CHECK] playbackFinished: false, isPlaying: true
2026-01-21 03:12:29.960 RedLemon[58317:480578] [AUTO_EXIT_CHECK] Position: 4776.735s / Duration: 5406.99s
2026-01-21 03:12:29.960 RedLemon[58317:480578] [AUTO_EXIT_CHECK] Checking EOF conditions...
2026-01-21 03:12:29.960 RedLemon[58317:480578] [AUTO_EXIT_CHECK] No exit condition met - continuing to monitor...
2026-01-21 03:12:30.962 RedLemon[58317:480578] [AUTO_EXIT_CHECK] isEventPlayback: true
2026-01-21 03:12:30.962 RedLemon[58317:480578] [AUTO_EXIT_CHECK] isLoading: false, isResolvingStream: false
2026-01-21 03:12:30.962 RedLemon[58317:480578] [AUTO_EXIT_CHECK] playbackFinished: false, isPlaying: true
2026-01-21 03:12:30.962 RedLemon[58317:480578] [AUTO_EXIT_CHECK] Position: 4777.611s / Duration: 5406.99s
2026-01-21 03:12:30.962 RedLemon[58317:480578] [AUTO_EXIT_CHECK] Checking EOF conditions...
2026-01-21 03:12:30.963 RedLemon[58317:480578] [AUTO_EXIT_CHECK] No exit condition met - continuing to monitor...
2026-01-21 03:12:31.963 RedLemon[58317:480578] [AUTO_EXIT_CHECK] isEventPlayback: true
2026-01-21 03:12:31.963 RedLemon[58317:480578] [AUTO_EXIT_CHECK] isLoading: false, isResolvingStream: false
2026-01-21 03:12:31.963 RedLemon[58317:480578] [AUTO_EXIT_CHECK] playbackFinished: false, isPlaying: true
2026-01-21 03:12:31.963 RedLemon[58317:480578] [AUTO_EXIT_CHECK] Position: 4778.7789999999995s / Duration: 5406.99s
2026-01-21 03:12:31.963 RedLemon[58317:480578] [AUTO_EXIT_CHECK] Checking EOF conditions...
2026-01-21 03:12:31.964 RedLemon[58317:480578] [AUTO_EXIT_CHECK] No exit condition met - continuing to monitor...
2026-01-21 03:12:32.921 RedLemon[58317:480578] [AUTO_EXIT_CHECK] isEventPlayback: true
2026-01-21 03:12:32.921 RedLemon[58317:480578] [AUTO_EXIT_CHECK] isLoading: false, isResolvingStream: false
2026-01-21 03:12:32.921 RedLemon[58317:480578] [AUTO_EXIT_CHECK] playbackFinished: false, isPlaying: true
2026-01-21 03:12:32.921 RedLemon[58317:480578] [AUTO_EXIT_CHECK] Position: 4779.655s / Duration: 5406.99s
2026-01-21 03:12:32.921 RedLemon[58317:480578] [AUTO_EXIT_CHECK] Checking EOF conditions...
2026-01-21 03:12:32.921 RedLemon[58317:480578] [AUTO_EXIT_CHECK] No exit condition met - continuing to monitor...
2026-01-21 03:12:33.922 RedLemon[58317:480578] [AUTO_EXIT_CHECK] isEventPlayback: true
2026-01-21 03:12:33.922 RedLemon[58317:480578] [AUTO_EXIT_CHECK] isLoading: false, isResolvingStream: false
2026-01-21 03:12:33.923 RedLemon[58317:480578] [AUTO_EXIT_CHECK] playbackFinished: false, isPlaying: true
2026-01-21 03:12:33.923 RedLemon[58317:480578] [AUTO_EXIT_CHECK] Position: 4780.531s / Duration: 5406.99s
2026-01-21 03:12:33.923 RedLemon[58317:480578] [AUTO_EXIT_CHECK] Checking EOF conditions...
2026-01-21 03:12:33.923 RedLemon[58317:480578] [AUTO_EXIT_CHECK] No exit condition met - continuing to monitor...
2026-01-21 03:12:34.965 RedLemon[58317:480578] [AUTO_EXIT_CHECK] isEventPlayback: true
2026-01-21 03:12:34.965 RedLemon[58317:480578] [AUTO_EXIT_CHECK] isLoading: false, isResolvingStream: false
2026-01-21 03:12:34.966 RedLemon[58317:480578] [AUTO_EXIT_CHECK] playbackFinished: false, isPlaying: true
2026-01-21 03:12:34.966 RedLemon[58317:480578] [AUTO_EXIT_CHECK] Position: 4781.697999999999s / Duration: 5406.99s
2026-01-21 03:12:34.966 RedLemon[58317:480578] [AUTO_EXIT_CHECK] Checking EOF conditions...
2026-01-21 03:12:34.966 RedLemon[58317:480578] [AUTO_EXIT_CHECK] No exit condition met - continuing to monitor...
2026-01-21 03:12:35.965 RedLemon[58317:480578] [AUTO_EXIT_CHECK] isEventPlayback: true
2026-01-21 03:12:35.966 RedLemon[58317:480578] [AUTO_EXIT_CHECK] isLoading: false, isResolvingStream: false
2026-01-21 03:12:35.966 RedLemon[58317:480578] [AUTO_EXIT_CHECK] playbackFinished: false, isPlaying: true
2026-01-21 03:12:35.966 RedLemon[58317:480578] [AUTO_EXIT_CHECK] Position: 4782.574s / Duration: 5406.99s
2026-01-21 03:12:35.966 RedLemon[58317:480578] [AUTO_EXIT_CHECK] Checking EOF conditions...
2026-01-21 03:12:35.966 RedLemon[58317:480578] [AUTO_EXIT_CHECK] No exit condition met - continuing to monitor...
2026-01-21 03:12:36.966 RedLemon[58317:480578] [AUTO_EXIT_CHECK] isEventPlayback: true
2026-01-21 03:12:36.966 RedLemon[58317:480578] [AUTO_EXIT_CHECK] isLoading: false, isResolvingStream: false
2026-01-21 03:12:36.967 RedLemon[58317:480578] [AUTO_EXIT_CHECK] playbackFinished: false, isPlaying: true
2026-01-21 03:12:36.967 RedLemon[58317:480578] [AUTO_EXIT_CHECK] Position: 4783.742s / Duration: 5406.99s
2026-01-21 03:12:36.967 RedLemon[58317:480578] [AUTO_EXIT_CHECK] Checking EOF conditions...
2026-01-21 03:12:36.967 RedLemon[58317:480578] [AUTO_EXIT_CHECK] No exit condition met - continuing to monitor...
2026-01-21 03:12:37.928 RedLemon[58317:480578] [AUTO_EXIT_CHECK] isEventPlayback: true
2026-01-21 03:12:37.928 RedLemon[58317:480578] [AUTO_EXIT_CHECK] isLoading: false, isResolvingStream: false
2026-01-21 03:12:37.928 RedLemon[58317:480578] [AUTO_EXIT_CHECK] playbackFinished: false, isPlaying: true
2026-01-21 03:12:37.928 RedLemon[58317:480578] [AUTO_EXIT_CHECK] Position: 4784.6179999999995s / Duration: 5406.99s
2026-01-21 03:12:37.929 RedLemon[58317:480578] [AUTO_EXIT_CHECK] Checking EOF conditions...
2026-01-21 03:12:37.929 RedLemon[58317:480578] [AUTO_EXIT_CHECK] No exit condition met - continuing to monitor...
2026-01-21 03:12:38.927 RedLemon[58317:480578] [AUTO_EXIT_CHECK] isEventPlayback: true
2026-01-21 03:12:38.928 RedLemon[58317:480578] [AUTO_EXIT_CHECK] isLoading: false, isResolvingStream: false
2026-01-21 03:12:38.928 RedLemon[58317:480578] [AUTO_EXIT_CHECK] playbackFinished: false, isPlaying: true
2026-01-21 03:12:38.928 RedLemon[58317:480578] [AUTO_EXIT_CHECK] Position: 4785.4929999999995s / Duration: 5406.99s
2026-01-21 03:12:38.929 RedLemon[58317:480578] [AUTO_EXIT_CHECK] Checking EOF conditions...
2026-01-21 03:12:38.929 RedLemon[58317:480578] [AUTO_EXIT_CHECK] No exit condition met - continuing to monitor...
2026-01-21 03:12:39.971 RedLemon[58317:480578] [AUTO_EXIT_CHECK] isEventPlayback: true
2026-01-21 03:12:39.971 RedLemon[58317:480578] [AUTO_EXIT_CHECK] isLoading: false, isResolvingStream: false
2026-01-21 03:12:39.971 RedLemon[58317:480578] [AUTO_EXIT_CHECK] playbackFinished: false, isPlaying: true
2026-01-21 03:12:39.972 RedLemon[58317:480578] [AUTO_EXIT_CHECK] Position: 4786.661999999999s / Duration: 5406.99s
2026-01-21 03:12:39.972 RedLemon[58317:480578] [AUTO_EXIT_CHECK] Checking EOF conditions...
2026-01-21 03:12:39.972 RedLemon[58317:480578] [AUTO_EXIT_CHECK] No exit condition met - continuing to monitor...
2026-01-21 03:12:41.013 RedLemon[58317:480578] [AUTO_EXIT_CHECK] isEventPlayback: true
2026-01-21 03:12:41.013 RedLemon[58317:480578] [AUTO_EXIT_CHECK] isLoading: false, isResolvingStream: false
2026-01-21 03:12:41.013 RedLemon[58317:480578] [AUTO_EXIT_CHECK] playbackFinished: false, isPlaying: true
2026-01-21 03:12:41.013 RedLemon[58317:480578] [AUTO_EXIT_CHECK] Position: 4787.829s / Duration: 5406.99s
2026-01-21 03:12:41.013 RedLemon[58317:480578] [AUTO_EXIT_CHECK] Checking EOF conditions...
2026-01-21 03:12:41.014 RedLemon[58317:480578] [AUTO_EXIT_CHECK] No exit condition met - continuing to monitor...
2026-01-21 03:12:41.931 RedLemon[58317:480578] [AUTO_EXIT_CHECK] isEventPlayback: true
2026-01-21 03:12:41.931 RedLemon[58317:480578] [AUTO_EXIT_CHECK] isLoading: false, isResolvingStream: false
2026-01-21 03:12:41.931 RedLemon[58317:480578] [AUTO_EXIT_CHECK] playbackFinished: false, isPlaying: true
2026-01-21 03:12:41.931 RedLemon[58317:480578] [AUTO_EXIT_CHECK] Position: 4788.705s / Duration: 5406.99s
2026-01-21 03:12:41.931 RedLemon[58317:480578] [AUTO_EXIT_CHECK] Checking EOF conditions...
2026-01-21 03:12:41.932 RedLemon[58317:480578] [AUTO_EXIT_CHECK] No exit condition met - continuing to monitor...
2026-01-21 03:12:42.931 RedLemon[58317:480578] [AUTO_EXIT_CHECK] isEventPlayback: true
2026-01-21 03:12:42.931 RedLemon[58317:480578] [AUTO_EXIT_CHECK] isLoading: false, isResolvingStream: false
2026-01-21 03:12:42.932 RedLemon[58317:480578] [AUTO_EXIT_CHECK] playbackFinished: false, isPlaying: true
2026-01-21 03:12:42.932 RedLemon[58317:480578] [AUTO_EXIT_CHECK] Position: 4789.581s / Duration: 5406.99s
2026-01-21 03:12:42.932 RedLemon[58317:480578] [AUTO_EXIT_CHECK] Checking EOF conditions...
2026-01-21 03:12:42.932 RedLemon[58317:480578] [AUTO_EXIT_CHECK] No exit condition met - continuing to monitor...
2026-01-21 03:12:43.932 RedLemon[58317:480578] [AUTO_EXIT_CHECK] isEventPlayback: true
2026-01-21 03:12:43.933 RedLemon[58317:480578] [AUTO_EXIT_CHECK] isLoading: false, isResolvingStream: false
2026-01-21 03:12:43.933 RedLemon[58317:480578] [AUTO_EXIT_CHECK] playbackFinished: false, isPlaying: true
2026-01-21 03:12:43.933 RedLemon[58317:480578] [AUTO_EXIT_CHECK] Position: 4790.749s / Duration: 5406.99s
2026-01-21 03:12:43.933 RedLemon[58317:480578] [AUTO_EXIT_CHECK] Checking EOF conditions...
2026-01-21 03:12:43.933 RedLemon[58317:480578] [AUTO_EXIT_CHECK] No exit condition met - continuing to monitor...
2026-01-21 03:12:44.975 RedLemon[58317:480578] [AUTO_EXIT_CHECK] isEventPlayback: true
2026-01-21 03:12:44.975 RedLemon[58317:480578] [AUTO_EXIT_CHECK] isLoading: false, isResolvingStream: false
2026-01-21 03:12:44.975 RedLemon[58317:480578] [AUTO_EXIT_CHECK] playbackFinished: false, isPlaying: true
2026-01-21 03:12:44.975 RedLemon[58317:480578] [AUTO_EXIT_CHECK] Position: 4791.625s / Duration: 5406.99s
2026-01-21 03:12:44.976 RedLemon[58317:480578] [AUTO_EXIT_CHECK] Checking EOF conditions...
2026-01-21 03:12:44.976 RedLemon[58317:480578] [AUTO_EXIT_CHECK] No exit condition met - continuing to monitor...
2026-01-21 03:12:46.059 RedLemon[58317:480578] [AUTO_EXIT_CHECK] isEventPlayback: true
2026-01-21 03:12:46.059 RedLemon[58317:480578] [AUTO_EXIT_CHECK] isLoading: false, isResolvingStream: false
2026-01-21 03:12:46.059 RedLemon[58317:480578] [AUTO_EXIT_CHECK] playbackFinished: false, isPlaying: true
2026-01-21 03:12:46.059 RedLemon[58317:480578] [AUTO_EXIT_CHECK] Position: 4792.793s / Duration: 5406.99s
2026-01-21 03:12:46.059 RedLemon[58317:480578] [AUTO_EXIT_CHECK] Checking EOF conditions...
2026-01-21 03:12:46.059 RedLemon[58317:480578] [AUTO_EXIT_CHECK] No exit condition met - continuing to monitor...
2026-01-21 03:12:46.937 RedLemon[58317:480578] [AUTO_EXIT_CHECK] isEventPlayback: true
2026-01-21 03:12:46.937 RedLemon[58317:480578] [AUTO_EXIT_CHECK] isLoading: false, isResolvingStream: false
2026-01-21 03:12:46.937 RedLemon[58317:480578] [AUTO_EXIT_CHECK] playbackFinished: false, isPlaying: true
2026-01-21 03:12:46.938 RedLemon[58317:480578] [AUTO_EXIT_CHECK] Position: 4793.669s / Duration: 5406.99s
2026-01-21 03:12:46.938 RedLemon[58317:480578] [AUTO_EXIT_CHECK] Checking EOF conditions...
2026-01-21 03:12:46.938 RedLemon[58317:480578] [AUTO_EXIT_CHECK] No exit condition met - continuing to monitor...
2026-01-21 03:12:47.936 RedLemon[58317:480578] [AUTO_EXIT_CHECK] isEventPlayback: true
2026-01-21 03:12:47.936 RedLemon[58317:480578] [AUTO_EXIT_CHECK] isLoading: false, isResolvingStream: false
2026-01-21 03:12:47.936 RedLemon[58317:480578] [AUTO_EXIT_CHECK] playbackFinished: false, isPlaying: true
2026-01-21 03:12:47.936 RedLemon[58317:480578] [AUTO_EXIT_CHECK] Position: 4794.544s / Duration: 5406.99s
2026-01-21 03:12:47.937 RedLemon[58317:480578] [AUTO_EXIT_CHECK] Checking EOF conditions...
2026-01-21 03:12:47.937 RedLemon[58317:480578] [AUTO_EXIT_CHECK] No exit condition met - continuing to monitor...
2026-01-21 03:12:48.937 RedLemon[58317:480578] [AUTO_EXIT_CHECK] isEventPlayback: true
2026-01-21 03:12:48.937 RedLemon[58317:480578] [AUTO_EXIT_CHECK] isLoading: false, isResolvingStream: false
2026-01-21 03:12:48.937 RedLemon[58317:480578] [AUTO_EXIT_CHECK] playbackFinished: false, isPlaying: true
2026-01-21 03:12:48.937 RedLemon[58317:480578] [AUTO_EXIT_CHECK] Position: 4795.7119999999995s / Duration: 5406.99s
2026-01-21 03:12:48.937 RedLemon[58317:480578] [AUTO_EXIT_CHECK] Checking EOF conditions...
2026-01-21 03:12:48.938 RedLemon[58317:480578] [AUTO_EXIT_CHECK] No exit condition met - continuing to monitor...
2026-01-21 03:12:50.021 RedLemon[58317:480578] [AUTO_EXIT_CHECK] isEventPlayback: true
2026-01-21 03:12:50.021 RedLemon[58317:480578] [AUTO_EXIT_CHECK] isLoading: false, isResolvingStream: false
2026-01-21 03:12:50.021 RedLemon[58317:480578] [AUTO_EXIT_CHECK] playbackFinished: false, isPlaying: true
2026-01-21 03:12:50.021 RedLemon[58317:480578] [AUTO_EXIT_CHECK] Position: 4796.589s / Duration: 5406.99s
2026-01-21 03:12:50.022 RedLemon[58317:480578] [AUTO_EXIT_CHECK] Checking EOF conditions...
2026-01-21 03:12:50.022 RedLemon[58317:480578] [AUTO_EXIT_CHECK] No exit condition met - continuing to monitor...
2026-01-21 03:12:50.941 RedLemon[58317:480578] [AUTO_EXIT_CHECK] isEventPlayback: true
2026-01-21 03:12:50.941 RedLemon[58317:480578] [AUTO_EXIT_CHECK] isLoading: false, isResolvingStream: false
2026-01-21 03:12:50.941 RedLemon[58317:480578] [AUTO_EXIT_CHECK] playbackFinished: false, isPlaying: true
2026-01-21 03:12:50.942 RedLemon[58317:480578] [AUTO_EXIT_CHECK] Position: 4797.755999999999s / Duration: 5406.99s
2026-01-21 03:12:50.942 RedLemon[58317:480578] [AUTO_EXIT_CHECK] Checking EOF conditions...
2026-01-21 03:12:50.942 RedLemon[58317:480578] [AUTO_EXIT_CHECK] No exit condition met - continuing to monitor...
2026-01-21 03:12:51.941 RedLemon[58317:480578] [AUTO_EXIT_CHECK] isEventPlayback: true
2026-01-21 03:12:51.941 RedLemon[58317:480578] [AUTO_EXIT_CHECK] isLoading: false, isResolvingStream: false
2026-01-21 03:12:51.941 RedLemon[58317:480578] [AUTO_EXIT_CHECK] playbackFinished: false, isPlaying: true
2026-01-21 03:12:51.941 RedLemon[58317:480578] [AUTO_EXIT_CHECK] Position: 4798.632s / Duration: 5406.99s
2026-01-21 03:12:51.941 RedLemon[58317:480578] [AUTO_EXIT_CHECK] Checking EOF conditions...
2026-01-21 03:12:51.942 RedLemon[58317:480578] [AUTO_EXIT_CHECK] No exit condition met - continuing to monitor...
2026-01-21 03:12:52.941 RedLemon[58317:480578] [AUTO_EXIT_CHECK] isEventPlayback: true
2026-01-21 03:12:52.942 RedLemon[58317:480578] [AUTO_EXIT_CHECK] isLoading: false, isResolvingStream: false
2026-01-21 03:12:52.942 RedLemon[58317:480578] [AUTO_EXIT_CHECK] playbackFinished: false, isPlaying: true
2026-01-21 03:12:52.942 RedLemon[58317:480578] [AUTO_EXIT_CHECK] Position: 4799.508s / Duration: 5406.99s
2026-01-21 03:12:52.942 RedLemon[58317:480578] [AUTO_EXIT_CHECK] Checking EOF conditions...
2026-01-21 03:12:52.942 RedLemon[58317:480578] [AUTO_EXIT_CHECK] No exit condition met - continuing to monitor...
2026-01-21 03:12:54.027 RedLemon[58317:480578] [AUTO_EXIT_CHECK] isEventPlayback: true
2026-01-21 03:12:54.028 RedLemon[58317:480578] [AUTO_EXIT_CHECK] isLoading: false, isResolvingStream: false
2026-01-21 03:12:54.028 RedLemon[58317:480578] [AUTO_EXIT_CHECK] playbackFinished: false, isPlaying: true
2026-01-21 03:12:54.028 RedLemon[58317:480578] [AUTO_EXIT_CHECK] Position: 4800.6759999999995s / Duration: 5406.99s
2026-01-21 03:12:54.028 RedLemon[58317:480578] [AUTO_EXIT_CHECK] Checking EOF conditions...
2026-01-21 03:12:54.028 RedLemon[58317:480578] [AUTO_EXIT_CHECK] No exit condition met - continuing to monitor...
2026-01-21 03:12:54.984 RedLemon[58317:480578] [AUTO_EXIT_CHECK] isEventPlayback: true
2026-01-21 03:12:54.984 RedLemon[58317:480578] [AUTO_EXIT_CHECK] isLoading: false, isResolvingStream: false
2026-01-21 03:12:54.984 RedLemon[58317:480578] [AUTO_EXIT_CHECK] playbackFinished: false, isPlaying: true
2026-01-21 03:12:54.984 RedLemon[58317:480578] [AUTO_EXIT_CHECK] Position: 4801.5509999999995s / Duration: 5406.99s
2026-01-21 03:12:54.985 RedLemon[58317:480578] [AUTO_EXIT_CHECK] Checking EOF conditions...
2026-01-21 03:12:54.985 RedLemon[58317:480578] [AUTO_EXIT_CHECK] No exit condition met - continuing to monitor...
2026-01-21 03:12:55.946 RedLemon[58317:480578] [AUTO_EXIT_CHECK] isEventPlayback: true
2026-01-21 03:12:55.946 RedLemon[58317:480578] [AUTO_EXIT_CHECK] isLoading: false, isResolvingStream: false
2026-01-21 03:12:55.947 RedLemon[58317:480578] [AUTO_EXIT_CHECK] playbackFinished: false, isPlaying: true
2026-01-21 03:12:55.947 RedLemon[58317:480578] [AUTO_EXIT_CHECK] Position: 4802.719s / Duration: 5406.99s
2026-01-21 03:12:55.947 RedLemon[58317:480578] [AUTO_EXIT_CHECK] Checking EOF conditions...
2026-01-21 03:12:55.947 RedLemon[58317:480578] [AUTO_EXIT_CHECK] No exit condition met - continuing to monitor...
2026-01-21 03:12:56.945 RedLemon[58317:480578] [AUTO_EXIT_CHECK] isEventPlayback: true
2026-01-21 03:12:56.945 RedLemon[58317:480578] [AUTO_EXIT_CHECK] isLoading: false, isResolvingStream: false
2026-01-21 03:12:56.945 RedLemon[58317:480578] [AUTO_EXIT_CHECK] playbackFinished: false, isPlaying: true
2026-01-21 03:12:56.945 RedLemon[58317:480578] [AUTO_EXIT_CHECK] Position: 4803.594999999999s / Duration: 5406.99s
2026-01-21 03:12:56.946 RedLemon[58317:480578] [AUTO_EXIT_CHECK] Checking EOF conditions...
2026-01-21 03:12:56.946 RedLemon[58317:480578] [AUTO_EXIT_CHECK] No exit condition met - continuing to monitor...
2026-01-21 03:12:57.113 RedLemon[58317:483066] 🔐 SupabaseClient: Signing Identity Payload: '1768983177656daa91-33b4-4688-9135-c982ea52d7c9/rpc/room_heartbeat'
2026-01-21 03:12:57.114 RedLemon[58317:483066] 🔐 Signed request to /rpc/room_heartbeat
2026-01-21 03:12:57.946 RedLemon[58317:480578] [AUTO_EXIT_CHECK] isEventPlayback: true
2026-01-21 03:12:57.946 RedLemon[58317:480578] [AUTO_EXIT_CHECK] isLoading: false, isResolvingStream: false
2026-01-21 03:12:57.946 RedLemon[58317:480578] [AUTO_EXIT_CHECK] playbackFinished: false, isPlaying: true
2026-01-21 03:12:57.946 RedLemon[58317:480578] [AUTO_EXIT_CHECK] Position: 4804.763s / Duration: 5406.99s
2026-01-21 03:12:57.947 RedLemon[58317:480578] [AUTO_EXIT_CHECK] Checking EOF conditions...
2026-01-21 03:12:57.947 RedLemon[58317:480578] [AUTO_EXIT_CHECK] No exit condition met - continuing to monitor...
2026-01-21 03:12:59.031 RedLemon[58317:480578] [AUTO_EXIT_CHECK] isEventPlayback: true
2026-01-21 03:12:59.032 RedLemon[58317:480578] [AUTO_EXIT_CHECK] isLoading: false, isResolvingStream: false
2026-01-21 03:12:59.032 RedLemon[58317:480578] [AUTO_EXIT_CHECK] playbackFinished: false, isPlaying: true
2026-01-21 03:12:59.032 RedLemon[58317:480578] [AUTO_EXIT_CHECK] Position: 4805.638s / Duration: 5406.99s
2026-01-21 03:12:59.032 RedLemon[58317:480578] [AUTO_EXIT_CHECK] Checking EOF conditions...
2026-01-21 03:12:59.032 RedLemon[58317:480578] [AUTO_EXIT_CHECK] No exit condition met - continuing to monitor...
2026-01-21 03:12:59.990 RedLemon[58317:480578] [AUTO_EXIT_CHECK] isEventPlayback: true
2026-01-21 03:12:59.990 RedLemon[58317:480578] [AUTO_EXIT_CHECK] isLoading: false, isResolvingStream: false
2026-01-21 03:12:59.990 RedLemon[58317:480578] [AUTO_EXIT_CHECK] playbackFinished: false, isPlaying: true
2026-01-21 03:12:59.990 RedLemon[58317:480578] [AUTO_EXIT_CHECK] Position: 4806.807s / Duration: 5406.99s
2026-01-21 03:12:59.990 RedLemon[58317:480578] [AUTO_EXIT_CHECK] Checking EOF conditions...
2026-01-21 03:12:59.990 RedLemon[58317:480578] [AUTO_EXIT_CHECK] No exit condition met - continuing to monitor...
2026-01-21 03:13:00.949 RedLemon[58317:480578] [AUTO_EXIT_CHECK] isEventPlayback: true
2026-01-21 03:13:00.950 RedLemon[58317:480578] [AUTO_EXIT_CHECK] isLoading: false, isResolvingStream: false
2026-01-21 03:13:00.950 RedLemon[58317:480578] [AUTO_EXIT_CHECK] playbackFinished: false, isPlaying: true
2026-01-21 03:13:00.950 RedLemon[58317:480578] [AUTO_EXIT_CHECK] Position: 4807.682s / Duration: 5406.99s
2026-01-21 03:13:00.950 RedLemon[58317:480578] [AUTO_EXIT_CHECK] Checking EOF conditions...
2026-01-21 03:13:00.950 RedLemon[58317:480578] [AUTO_EXIT_CHECK] No exit condition met - continuing to monitor...
2026-01-21 03:13:01.950 RedLemon[58317:480578] [AUTO_EXIT_CHECK] isEventPlayback: true
2026-01-21 03:13:01.951 RedLemon[58317:480578] [AUTO_EXIT_CHECK] isLoading: false, isResolvingStream: false
2026-01-21 03:13:01.951 RedLemon[58317:480578] [AUTO_EXIT_CHECK] playbackFinished: false, isPlaying: true
2026-01-21 03:13:01.951 RedLemon[58317:480578] [AUTO_EXIT_CHECK] Position: 4808.558s / Duration: 5406.99s
2026-01-21 03:13:01.951 RedLemon[58317:480578] [AUTO_EXIT_CHECK] Checking EOF conditions...
2026-01-21 03:13:01.951 RedLemon[58317:480578] [AUTO_EXIT_CHECK] No exit condition met - continuing to monitor...
2026-01-21 03:13:02.951 RedLemon[58317:480578] [AUTO_EXIT_CHECK] isEventPlayback: true
2026-01-21 03:13:02.951 RedLemon[58317:480578] [AUTO_EXIT_CHECK] isLoading: false, isResolvingStream: false
2026-01-21 03:13:02.951 RedLemon[58317:480578] [AUTO_EXIT_CHECK] playbackFinished: false, isPlaying: true
2026-01-21 03:13:02.951 RedLemon[58317:480578] [AUTO_EXIT_CHECK] Position: 4809.726s / Duration: 5406.99s
2026-01-21 03:13:02.951 RedLemon[58317:480578] [AUTO_EXIT_CHECK] Checking EOF conditions...
2026-01-21 03:13:02.951 RedLemon[58317:480578] [AUTO_EXIT_CHECK] No exit condition met - continuing to monitor...
2026-01-21 03:13:03.954 RedLemon[58317:480578] [AUTO_EXIT_CHECK] isEventPlayback: true
2026-01-21 03:13:03.954 RedLemon[58317:480578] [AUTO_EXIT_CHECK] isLoading: false, isResolvingStream: false
2026-01-21 03:13:03.954 RedLemon[58317:480578] [AUTO_EXIT_CHECK] playbackFinished: false, isPlaying: true
2026-01-21 03:13:03.954 RedLemon[58317:480578] [AUTO_EXIT_CHECK] Position: 4810.602s / Duration: 5406.99s
2026-01-21 03:13:03.954 RedLemon[58317:480578] [AUTO_EXIT_CHECK] Checking EOF conditions...
2026-01-21 03:13:03.954 RedLemon[58317:480578] [AUTO_EXIT_CHECK] No exit condition met - continuing to monitor...
2026-01-21 03:13:04.954 RedLemon[58317:480578] [AUTO_EXIT_CHECK] isEventPlayback: true
2026-01-21 03:13:04.954 RedLemon[58317:480578] [AUTO_EXIT_CHECK] isLoading: false, isResolvingStream: false
2026-01-21 03:13:04.954 RedLemon[58317:480578] [AUTO_EXIT_CHECK] playbackFinished: false, isPlaying: true
2026-01-21 03:13:04.954 RedLemon[58317:480578] [AUTO_EXIT_CHECK] Position: 4811.7699999999995s / Duration: 5406.99s
2026-01-21 03:13:04.954 RedLemon[58317:480578] [AUTO_EXIT_CHECK] Checking EOF conditions...
2026-01-21 03:13:04.955 RedLemon[58317:480578] [AUTO_EXIT_CHECK] No exit condition met - continuing to monitor...
2026-01-21 03:13:05.954 RedLemon[58317:480578] [AUTO_EXIT_CHECK] isEventPlayback: true
2026-01-21 03:13:05.954 RedLemon[58317:480578] [AUTO_EXIT_CHECK] isLoading: false, isResolvingStream: false
2026-01-21 03:13:05.954 RedLemon[58317:480578] [AUTO_EXIT_CHECK] playbackFinished: false, isPlaying: true
2026-01-21 03:13:05.954 RedLemon[58317:480578] [AUTO_EXIT_CHECK] Position: 4812.646s / Duration: 5406.99s
2026-01-21 03:13:05.955 RedLemon[58317:480578] [AUTO_EXIT_CHECK] Checking EOF conditions...
2026-01-21 03:13:05.955 RedLemon[58317:480578] [AUTO_EXIT_CHECK] No exit condition met - continuing to monitor...
2026-01-21 03:13:06.955 RedLemon[58317:480578] [AUTO_EXIT_CHECK] isEventPlayback: true
2026-01-21 03:13:06.955 RedLemon[58317:480578] [AUTO_EXIT_CHECK] isLoading: false, isResolvingStream: false
2026-01-21 03:13:06.955 RedLemon[58317:480578] [AUTO_EXIT_CHECK] playbackFinished: false, isPlaying: true
2026-01-21 03:13:06.955 RedLemon[58317:480578] [AUTO_EXIT_CHECK] Position: 4813.522s / Duration: 5406.99s
2026-01-21 03:13:06.955 RedLemon[58317:480578] [AUTO_EXIT_CHECK] Checking EOF conditions...
2026-01-21 03:13:06.955 RedLemon[58317:480578] [AUTO_EXIT_CHECK] No exit condition met - continuing to monitor...
2026-01-21 03:13:07.998 RedLemon[58317:480578] [AUTO_EXIT_CHECK] isEventPlayback: true
2026-01-21 03:13:07.998 RedLemon[58317:480578] [AUTO_EXIT_CHECK] isLoading: false, isResolvingStream: false
2026-01-21 03:13:07.998 RedLemon[58317:480578] [AUTO_EXIT_CHECK] playbackFinished: false, isPlaying: true
2026-01-21 03:13:07.998 RedLemon[58317:480578] [AUTO_EXIT_CHECK] Position: 4814.688999999999s / Duration: 5406.99s
2026-01-21 03:13:07.999 RedLemon[58317:480578] [AUTO_EXIT_CHECK] Checking EOF conditions...
2026-01-21 03:13:07.999 RedLemon[58317:480578] [AUTO_EXIT_CHECK] No exit condition met - continuing to monitor...
2026-01-21 03:13:09.000 RedLemon[58317:480578] [AUTO_EXIT_CHECK] isEventPlayback: true
2026-01-21 03:13:09.000 RedLemon[58317:480578] [AUTO_EXIT_CHECK] isLoading: false, isResolvingStream: false
2026-01-21 03:13:09.000 RedLemon[58317:480578] [AUTO_EXIT_CHECK] playbackFinished: false, isPlaying: true
2026-01-21 03:13:09.000 RedLemon[58317:480578] [AUTO_EXIT_CHECK] Position: 4815.565s / Duration: 5406.99s
2026-01-21 03:13:09.000 RedLemon[58317:480578] [AUTO_EXIT_CHECK] Checking EOF conditions...
2026-01-21 03:13:09.000 RedLemon[58317:480578] [AUTO_EXIT_CHECK] No exit condition met - continuing to monitor...
2026-01-21 03:13:10.000 RedLemon[58317:480578] [AUTO_EXIT_CHECK] isEventPlayback: true
2026-01-21 03:13:10.000 RedLemon[58317:480578] [AUTO_EXIT_CHECK] isLoading: false, isResolvingStream: false
2026-01-21 03:13:10.000 RedLemon[58317:480578] [AUTO_EXIT_CHECK] playbackFinished: false, isPlaying: true
2026-01-21 03:13:10.000 RedLemon[58317:480578] [AUTO_EXIT_CHECK] Position: 4816.733s / Duration: 5406.99s
2026-01-21 03:13:10.000 RedLemon[58317:480578] [AUTO_EXIT_CHECK] Checking EOF conditions...
2026-01-21 03:13:10.000 RedLemon[58317:480578] [AUTO_EXIT_CHECK] No exit condition met - continuing to monitor...
2026-01-21 03:13:10.958 RedLemon[58317:480578] [AUTO_EXIT_CHECK] isEventPlayback: true
2026-01-21 03:13:10.958 RedLemon[58317:480578] [AUTO_EXIT_CHECK] isLoading: false, isResolvingStream: false
2026-01-21 03:13:10.959 RedLemon[58317:480578] [AUTO_EXIT_CHECK] playbackFinished: false, isPlaying: true
2026-01-21 03:13:10.959 RedLemon[58317:480578] [AUTO_EXIT_CHECK] Position: 4817.6089999999995s / Duration: 5406.99s
2026-01-21 03:13:10.959 RedLemon[58317:480578] [AUTO_EXIT_CHECK] Checking EOF conditions...
2026-01-21 03:13:10.959 RedLemon[58317:480578] [AUTO_EXIT_CHECK] No exit condition met - continuing to monitor...
2026-01-21 03:13:11.961 RedLemon[58317:480578] [AUTO_EXIT_CHECK] isEventPlayback: true
2026-01-21 03:13:11.961 RedLemon[58317:480578] [AUTO_EXIT_CHECK] isLoading: false, isResolvingStream: false
2026-01-21 03:13:11.961 RedLemon[58317:480578] [AUTO_EXIT_CHECK] playbackFinished: false, isPlaying: true
2026-01-21 03:13:11.961 RedLemon[58317:480578] [AUTO_EXIT_CHECK] Position: 4818.777s / Duration: 5406.99s
2026-01-21 03:13:11.961 RedLemon[58317:480578] [AUTO_EXIT_CHECK] Checking EOF conditions...
2026-01-21 03:13:11.962 RedLemon[58317:480578] [AUTO_EXIT_CHECK] No exit condition met - continuing to monitor...
2026-01-21 03:13:13.004 RedLemon[58317:480578] [AUTO_EXIT_CHECK] isEventPlayback: true
2026-01-21 03:13:13.004 RedLemon[58317:480578] [AUTO_EXIT_CHECK] isLoading: false, isResolvingStream: false
2026-01-21 03:13:13.004 RedLemon[58317:480578] [AUTO_EXIT_CHECK] playbackFinished: false, isPlaying: true
2026-01-21 03:13:13.004 RedLemon[58317:480578] [AUTO_EXIT_CHECK] Position: 4819.652999999999s / Duration: 5406.99s
2026-01-21 03:13:13.004 RedLemon[58317:480578] [AUTO_EXIT_CHECK] Checking EOF conditions...
2026-01-21 03:13:13.004 RedLemon[58317:480578] [AUTO_EXIT_CHECK] No exit condition met - continuing to monitor...
2026-01-21 03:13:13.979 RedLemon[58317:480578] [AUTO_EXIT_CHECK] isEventPlayback: true
2026-01-21 03:13:13.980 RedLemon[58317:480578] [AUTO_EXIT_CHECK] isLoading: false, isResolvingStream: false
2026-01-21 03:13:13.980 RedLemon[58317:480578] [AUTO_EXIT_CHECK] playbackFinished: false, isPlaying: true
2026-01-21 03:13:13.980 RedLemon[58317:480578] [AUTO_EXIT_CHECK] Position: 4820.821s / Duration: 5406.99s
2026-01-21 03:13:13.980 RedLemon[58317:480578] [AUTO_EXIT_CHECK] Checking EOF conditions...
2026-01-21 03:13:13.980 RedLemon[58317:480578] [AUTO_EXIT_CHECK] No exit condition met - continuing to monitor...
2026-01-21 03:13:14.922 RedLemon[58317:480578] [AUTO_EXIT_CHECK] isEventPlayback: true
2026-01-21 03:13:14.922 RedLemon[58317:480578] [AUTO_EXIT_CHECK] isLoading: false, isResolvingStream: false
2026-01-21 03:13:14.922 RedLemon[58317:480578] [AUTO_EXIT_CHECK] playbackFinished: false, isPlaying: true
2026-01-21 03:13:14.922 RedLemon[58317:480578] [AUTO_EXIT_CHECK] Position: 4821.697s / Duration: 5406.99s
2026-01-21 03:13:14.922 RedLemon[58317:480578] [AUTO_EXIT_CHECK] Checking EOF conditions...
2026-01-21 03:13:14.923 RedLemon[58317:480578] [AUTO_EXIT_CHECK] No exit condition met - continuing to monitor...
2026-01-21 03:13:15.924 RedLemon[58317:480578] [AUTO_EXIT_CHECK] isEventPlayback: true
2026-01-21 03:13:15.924 RedLemon[58317:480578] [AUTO_EXIT_CHECK] isLoading: false, isResolvingStream: false
2026-01-21 03:13:15.924 RedLemon[58317:480578] [AUTO_EXIT_CHECK] playbackFinished: false, isPlaying: true
2026-01-21 03:13:15.924 RedLemon[58317:480578] [AUTO_EXIT_CHECK] Position: 4822.572s / Duration: 5406.99s
2026-01-21 03:13:15.924 RedLemon[58317:480578] [AUTO_EXIT_CHECK] Checking EOF conditions...
2026-01-21 03:13:15.924 RedLemon[58317:480578] [AUTO_EXIT_CHECK] No exit condition met - continuing to monitor...
2026-01-21 03:13:16.965 RedLemon[58317:480578] [AUTO_EXIT_CHECK] isEventPlayback: true
2026-01-21 03:13:16.965 RedLemon[58317:480578] [AUTO_EXIT_CHECK] isLoading: false, isResolvingStream: false
2026-01-21 03:13:16.965 RedLemon[58317:480578] [AUTO_EXIT_CHECK] playbackFinished: false, isPlaying: true
2026-01-21 03:13:16.965 RedLemon[58317:480578] [AUTO_EXIT_CHECK] Position: 4823.74s / Duration: 5406.99s
2026-01-21 03:13:16.965 RedLemon[58317:480578] [AUTO_EXIT_CHECK] Checking EOF conditions...
2026-01-21 03:13:16.966 RedLemon[58317:480578] [AUTO_EXIT_CHECK] No exit condition met - continuing to monitor...
2026-01-21 03:13:17.966 RedLemon[58317:480578] [AUTO_EXIT_CHECK] isEventPlayback: true
2026-01-21 03:13:17.966 RedLemon[58317:480578] [AUTO_EXIT_CHECK] isLoading: false, isResolvingStream: false
2026-01-21 03:13:17.967 RedLemon[58317:480578] [AUTO_EXIT_CHECK] playbackFinished: false, isPlaying: true
2026-01-21 03:13:17.967 RedLemon[58317:480578] [AUTO_EXIT_CHECK] Position: 4824.616s / Duration: 5406.99s
2026-01-21 03:13:17.967 RedLemon[58317:480578] [AUTO_EXIT_CHECK] Checking EOF conditions...
2026-01-21 03:13:17.967 RedLemon[58317:480578] [AUTO_EXIT_CHECK] No exit condition met - continuing to monitor...
2026-01-21 03:13:18.926 RedLemon[58317:480578] [AUTO_EXIT_CHECK] isEventPlayback: true
2026-01-21 03:13:18.926 RedLemon[58317:480578] [AUTO_EXIT_CHECK] isLoading: false, isResolvingStream: false
2026-01-21 03:13:18.926 RedLemon[58317:480578] [AUTO_EXIT_CHECK] playbackFinished: false, isPlaying: true
2026-01-21 03:13:18.926 RedLemon[58317:480578] [AUTO_EXIT_CHECK] Position: 4825.492s / Duration: 5406.99s
2026-01-21 03:13:18.927 RedLemon[58317:480578] [AUTO_EXIT_CHECK] Checking EOF conditions...
2026-01-21 03:13:18.927 RedLemon[58317:480578] [AUTO_EXIT_CHECK] No exit condition met - continuing to monitor...
2026-01-21 03:13:19.926 RedLemon[58317:480578] [AUTO_EXIT_CHECK] isEventPlayback: true
2026-01-21 03:13:19.927 RedLemon[58317:480578] [AUTO_EXIT_CHECK] isLoading: false, isResolvingStream: false
2026-01-21 03:13:19.927 RedLemon[58317:480578] [AUTO_EXIT_CHECK] playbackFinished: false, isPlaying: true
2026-01-21 03:13:19.927 RedLemon[58317:480578] [AUTO_EXIT_CHECK] Position: 4826.66s / Duration: 5406.99s
2026-01-21 03:13:19.927 RedLemon[58317:480578] [AUTO_EXIT_CHECK] Checking EOF conditions...
2026-01-21 03:13:19.927 RedLemon[58317:480578] [AUTO_EXIT_CHECK] No exit condition met - continuing to monitor...
2026-01-21 03:13:20.929 RedLemon[58317:480578] [AUTO_EXIT_CHECK] isEventPlayback: true
2026-01-21 03:13:20.929 RedLemon[58317:480578] [AUTO_EXIT_CHECK] isLoading: false, isResolvingStream: false
2026-01-21 03:13:20.929 RedLemon[58317:480578] [AUTO_EXIT_CHECK] playbackFinished: false, isPlaying: true
2026-01-21 03:13:20.929 RedLemon[58317:480578] [AUTO_EXIT_CHECK] Position: 4827.536s / Duration: 5406.99s
2026-01-21 03:13:20.929 RedLemon[58317:480578] [AUTO_EXIT_CHECK] Checking EOF conditions...
2026-01-21 03:13:20.930 RedLemon[58317:480578] [AUTO_EXIT_CHECK] No exit condition met - continuing to monitor...
2026-01-21 03:13:21.970 RedLemon[58317:480578] [AUTO_EXIT_CHECK] isEventPlayback: true
2026-01-21 03:13:21.970 RedLemon[58317:480578] [AUTO_EXIT_CHECK] isLoading: false, isResolvingStream: false
2026-01-21 03:13:21.970 RedLemon[58317:480578] [AUTO_EXIT_CHECK] playbackFinished: false, isPlaying: true
2026-01-21 03:13:21.971 RedLemon[58317:480578] [AUTO_EXIT_CHECK] Position: 4828.704s / Duration: 5406.99s
2026-01-21 03:13:21.971 RedLemon[58317:480578] [AUTO_EXIT_CHECK] Checking EOF conditions...
2026-01-21 03:13:21.971 RedLemon[58317:480578] [AUTO_EXIT_CHECK] No exit condition met - continuing to monitor...
2026-01-21 03:13:23.026 RedLemon[58317:480578] [AUTO_EXIT_CHECK] isEventPlayback: true
2026-01-21 03:13:23.026 RedLemon[58317:480578] [AUTO_EXIT_CHECK] isLoading: false, isResolvingStream: false
2026-01-21 03:13:23.026 RedLemon[58317:480578] [AUTO_EXIT_CHECK] playbackFinished: false, isPlaying: true
2026-01-21 03:13:23.026 RedLemon[58317:480578] [AUTO_EXIT_CHECK] Position: 4829.871999999999s / Duration: 5406.99s
2026-01-21 03:13:23.026 RedLemon[58317:480578] [AUTO_EXIT_CHECK] Checking EOF conditions...
2026-01-21 03:13:23.027 RedLemon[58317:480578] [AUTO_EXIT_CHECK] No exit condition met - continuing to monitor...
2026-01-21 03:13:23.931 RedLemon[58317:480578] [AUTO_EXIT_CHECK] isEventPlayback: true
2026-01-21 03:13:23.931 RedLemon[58317:480578] [AUTO_EXIT_CHECK] isLoading: false, isResolvingStream: false
2026-01-21 03:13:23.931 RedLemon[58317:480578] [AUTO_EXIT_CHECK] playbackFinished: false, isPlaying: true
2026-01-21 03:13:23.931 RedLemon[58317:480578] [AUTO_EXIT_CHECK] Position: 4830.746999999999s / Duration: 5406.99s
2026-01-21 03:13:23.932 RedLemon[58317:480578] [AUTO_EXIT_CHECK] Checking EOF conditions...
2026-01-21 03:13:23.932 RedLemon[58317:480578] [AUTO_EXIT_CHECK] No exit condition met - continuing to monitor...
2026-01-21 03:13:24.932 RedLemon[58317:480578] [AUTO_EXIT_CHECK] isEventPlayback: true
2026-01-21 03:13:24.933 RedLemon[58317:480578] [AUTO_EXIT_CHECK] isLoading: false, isResolvingStream: false
2026-01-21 03:13:24.933 RedLemon[58317:480578] [AUTO_EXIT_CHECK] playbackFinished: false, isPlaying: true
2026-01-21 03:13:24.933 RedLemon[58317:480578] [AUTO_EXIT_CHECK] Position: 4831.623s / Duration: 5406.99s
2026-01-21 03:13:24.933 RedLemon[58317:480578] [AUTO_EXIT_CHECK] Checking EOF conditions...
2026-01-21 03:13:24.933 RedLemon[58317:480578] [AUTO_EXIT_CHECK] No exit condition met - continuing to monitor...
2026-01-21 03:13:25.935 RedLemon[58317:480578] [AUTO_EXIT_CHECK] isEventPlayback: true
2026-01-21 03:13:25.935 RedLemon[58317:480578] [AUTO_EXIT_CHECK] isLoading: false, isResolvingStream: false
2026-01-21 03:13:25.936 RedLemon[58317:480578] [AUTO_EXIT_CHECK] playbackFinished: false, isPlaying: true
2026-01-21 03:13:25.936 RedLemon[58317:480578] [AUTO_EXIT_CHECK] Position: 4832.499s / Duration: 5406.99s
2026-01-21 03:13:25.936 RedLemon[58317:480578] [AUTO_EXIT_CHECK] Checking EOF conditions...
2026-01-21 03:13:25.936 RedLemon[58317:480578] [AUTO_EXIT_CHECK] No exit condition met - continuing to monitor...
2026-01-21 03:13:26.975 RedLemon[58317:480578] [AUTO_EXIT_CHECK] isEventPlayback: true
2026-01-21 03:13:26.976 RedLemon[58317:480578] [AUTO_EXIT_CHECK] isLoading: false, isResolvingStream: false
2026-01-21 03:13:26.976 RedLemon[58317:480578] [AUTO_EXIT_CHECK] playbackFinished: false, isPlaying: true
2026-01-21 03:13:26.976 RedLemon[58317:480578] [AUTO_EXIT_CHECK] Position: 4833.6669999999995s / Duration: 5406.99s
2026-01-21 03:13:26.976 RedLemon[58317:480578] [AUTO_EXIT_CHECK] Checking EOF conditions...
2026-01-21 03:13:26.976 RedLemon[58317:480578] [AUTO_EXIT_CHECK] No exit condition met - continuing to monitor...
2026-01-21 03:13:27.434 RedLemon[58317:482683] 🔐 SupabaseClient: Signing Identity Payload: '1768983207656daa91-33b4-4688-9135-c982ea52d7c9/rpc/room_heartbeat'
2026-01-21 03:13:27.435 RedLemon[58317:482683] 🔐 Signed request to /rpc/room_heartbeat
2026-01-21 03:13:28.059 RedLemon[58317:480578] [AUTO_EXIT_CHECK] isEventPlayback: true
2026-01-21 03:13:28.060 RedLemon[58317:480578] [AUTO_EXIT_CHECK] isLoading: false, isResolvingStream: false
2026-01-21 03:13:28.060 RedLemon[58317:480578] [AUTO_EXIT_CHECK] playbackFinished: false, isPlaying: true
2026-01-21 03:13:28.060 RedLemon[58317:480578] [AUTO_EXIT_CHECK] Position: 4834.834s / Duration: 5406.99s
2026-01-21 03:13:28.060 RedLemon[58317:480578] [AUTO_EXIT_CHECK] Checking EOF conditions...
2026-01-21 03:13:28.060 RedLemon[58317:480578] [AUTO_EXIT_CHECK] No exit condition met - continuing to monitor...
2026-01-21 03:13:28.936 RedLemon[58317:480578] [AUTO_EXIT_CHECK] isEventPlayback: true
2026-01-21 03:13:28.936 RedLemon[58317:480578] [AUTO_EXIT_CHECK] isLoading: false, isResolvingStream: false
2026-01-21 03:13:28.936 RedLemon[58317:480578] [AUTO_EXIT_CHECK] playbackFinished: false, isPlaying: true
2026-01-21 03:13:28.936 RedLemon[58317:480578] [AUTO_EXIT_CHECK] Position: 4835.71s / Duration: 5406.99s
2026-01-21 03:13:28.936 RedLemon[58317:480578] [AUTO_EXIT_CHECK] Checking EOF conditions...
2026-01-21 03:13:28.936 RedLemon[58317:480578] [AUTO_EXIT_CHECK] No exit condition met - continuing to monitor...
2026-01-21 03:13:29.939 RedLemon[58317:480578] [AUTO_EXIT_CHECK] isEventPlayback: true
2026-01-21 03:13:29.939 RedLemon[58317:480578] [AUTO_EXIT_CHECK] isLoading: false, isResolvingStream: false
2026-01-21 03:13:29.940 RedLemon[58317:480578] [AUTO_EXIT_CHECK] playbackFinished: false, isPlaying: true
2026-01-21 03:13:29.940 RedLemon[58317:480578] [AUTO_EXIT_CHECK] Position: 4836.5869999999995s / Duration: 5406.99s
2026-01-21 03:13:29.940 RedLemon[58317:480578] [AUTO_EXIT_CHECK] Checking EOF conditions...
2026-01-21 03:13:29.940 RedLemon[58317:480578] [AUTO_EXIT_CHECK] No exit condition met - continuing to monitor...
2026-01-21 03:13:30.939 RedLemon[58317:480578] [AUTO_EXIT_CHECK] isEventPlayback: true
2026-01-21 03:13:30.939 RedLemon[58317:480578] [AUTO_EXIT_CHECK] isLoading: false, isResolvingStream: false
2026-01-21 03:13:30.939 RedLemon[58317:480578] [AUTO_EXIT_CHECK] playbackFinished: false, isPlaying: true
2026-01-21 03:13:30.939 RedLemon[58317:480578] [AUTO_EXIT_CHECK] Position: 4837.754s / Duration: 5406.99s
2026-01-21 03:13:30.940 RedLemon[58317:480578] [AUTO_EXIT_CHECK] Checking EOF conditions...
2026-01-21 03:13:30.940 RedLemon[58317:480578] [AUTO_EXIT_CHECK] No exit condition met - continuing to monitor...
2026-01-21 03:13:32.023 RedLemon[58317:480578] [AUTO_EXIT_CHECK] isEventPlayback: true
2026-01-21 03:13:32.023 RedLemon[58317:480578] [AUTO_EXIT_CHECK] isLoading: false, isResolvingStream: false
2026-01-21 03:13:32.023 RedLemon[58317:480578] [AUTO_EXIT_CHECK] playbackFinished: false, isPlaying: true
2026-01-21 03:13:32.023 RedLemon[58317:480578] [AUTO_EXIT_CHECK] Position: 4838.630999999999s / Duration: 5406.99s
2026-01-21 03:13:32.023 RedLemon[58317:480578] [AUTO_EXIT_CHECK] Checking EOF conditions...
2026-01-21 03:13:32.023 RedLemon[58317:480578] [AUTO_EXIT_CHECK] No exit condition met - continuing to monitor...
2026-01-21 03:13:32.940 RedLemon[58317:480578] [AUTO_EXIT_CHECK] isEventPlayback: true
2026-01-21 03:13:32.940 RedLemon[58317:480578] [AUTO_EXIT_CHECK] isLoading: false, isResolvingStream: false
2026-01-21 03:13:32.941 RedLemon[58317:480578] [AUTO_EXIT_CHECK] playbackFinished: false, isPlaying: true
2026-01-21 03:13:32.941 RedLemon[58317:480578] [AUTO_EXIT_CHECK] Position: 4839.505999999999s / Duration: 5406.99s
2026-01-21 03:13:32.941 RedLemon[58317:480578] [AUTO_EXIT_CHECK] Checking EOF conditions...
2026-01-21 03:13:32.941 RedLemon[58317:480578] [AUTO_EXIT_CHECK] No exit condition met - continuing to monitor...
2026-01-21 03:13:33.942 RedLemon[58317:480578] [AUTO_EXIT_CHECK] isEventPlayback: true
2026-01-21 03:13:33.942 RedLemon[58317:480578] [AUTO_EXIT_CHECK] isLoading: false, isResolvingStream: false
2026-01-21 03:13:33.942 RedLemon[58317:480578] [AUTO_EXIT_CHECK] playbackFinished: false, isPlaying: true
2026-01-21 03:13:33.942 RedLemon[58317:480578] [AUTO_EXIT_CHECK] Position: 4840.674s / Duration: 5406.99s
2026-01-21 03:13:33.942 RedLemon[58317:480578] [AUTO_EXIT_CHECK] Checking EOF conditions...
2026-01-21 03:13:33.942 RedLemon[58317:480578] [AUTO_EXIT_CHECK] No exit condition met - continuing to monitor...
2026-01-21 03:13:34.944 RedLemon[58317:480578] [AUTO_EXIT_CHECK] isEventPlayback: true
2026-01-21 03:13:34.944 RedLemon[58317:480578] [AUTO_EXIT_CHECK] isLoading: false, isResolvingStream: false
2026-01-21 03:13:34.944 RedLemon[58317:480578] [AUTO_EXIT_CHECK] playbackFinished: false, isPlaying: true
2026-01-21 03:13:34.944 RedLemon[58317:480578] [AUTO_EXIT_CHECK] Position: 4841.55s / Duration: 5406.99s
2026-01-21 03:13:34.944 RedLemon[58317:480578] [AUTO_EXIT_CHECK] Checking EOF conditions...
2026-01-21 03:13:34.945 RedLemon[58317:480578] [AUTO_EXIT_CHECK] No exit condition met - continuing to monitor...
2026-01-21 03:13:35.986 RedLemon[58317:480578] [AUTO_EXIT_CHECK] isEventPlayback: true
2026-01-21 03:13:35.986 RedLemon[58317:480578] [AUTO_EXIT_CHECK] isLoading: false, isResolvingStream: false
2026-01-21 03:13:35.986 RedLemon[58317:480578] [AUTO_EXIT_CHECK] playbackFinished: false, isPlaying: true
2026-01-21 03:13:35.986 RedLemon[58317:480578] [AUTO_EXIT_CHECK] Position: 4842.718s / Duration: 5406.99s
2026-01-21 03:13:35.986 RedLemon[58317:480578] [AUTO_EXIT_CHECK] Checking EOF conditions...
2026-01-21 03:13:35.987 RedLemon[58317:480578] [AUTO_EXIT_CHECK] No exit condition met - continuing to monitor...
2026-01-21 03:13:37.027 RedLemon[58317:480578] [AUTO_EXIT_CHECK] isEventPlayback: true
2026-01-21 03:13:37.028 RedLemon[58317:480578] [AUTO_EXIT_CHECK] isLoading: false, isResolvingStream: false
2026-01-21 03:13:37.028 RedLemon[58317:480578] [AUTO_EXIT_CHECK] playbackFinished: false, isPlaying: true
2026-01-21 03:13:37.028 RedLemon[58317:480578] [AUTO_EXIT_CHECK] Position: 4843.594s / Duration: 5406.99s
2026-01-21 03:13:37.028 RedLemon[58317:480578] [AUTO_EXIT_CHECK] Checking EOF conditions...
2026-01-21 03:13:37.028 RedLemon[58317:480578] [AUTO_EXIT_CHECK] No exit condition met - continuing to monitor...
2026-01-21 03:13:37.945 RedLemon[58317:480578] [AUTO_EXIT_CHECK] isEventPlayback: true
2026-01-21 03:13:37.945 RedLemon[58317:480578] [AUTO_EXIT_CHECK] isLoading: false, isResolvingStream: false
2026-01-21 03:13:37.945 RedLemon[58317:480578] [AUTO_EXIT_CHECK] playbackFinished: false, isPlaying: true
2026-01-21 03:13:37.946 RedLemon[58317:480578] [AUTO_EXIT_CHECK] Position: 4844.7609999999995s / Duration: 5406.99s
2026-01-21 03:13:37.946 RedLemon[58317:480578] [AUTO_EXIT_CHECK] Checking EOF conditions...
2026-01-21 03:13:37.946 RedLemon[58317:480578] [AUTO_EXIT_CHECK] No exit condition met - continuing to monitor...
2026-01-21 03:13:38.947 RedLemon[58317:480578] [AUTO_EXIT_CHECK] isEventPlayback: true
2026-01-21 03:13:38.947 RedLemon[58317:480578] [AUTO_EXIT_CHECK] isLoading: false, isResolvingStream: false
2026-01-21 03:13:38.947 RedLemon[58317:480578] [AUTO_EXIT_CHECK] playbackFinished: false, isPlaying: true
2026-01-21 03:13:38.947 RedLemon[58317:480578] [AUTO_EXIT_CHECK] Position: 4845.637s / Duration: 5406.99s
2026-01-21 03:13:38.947 RedLemon[58317:480578] [AUTO_EXIT_CHECK] Checking EOF conditions...
2026-01-21 03:13:38.947 RedLemon[58317:480578] [AUTO_EXIT_CHECK] No exit condition met - continuing to monitor...
2026-01-21 03:13:39.949 RedLemon[58317:480578] [AUTO_EXIT_CHECK] isEventPlayback: true
2026-01-21 03:13:39.949 RedLemon[58317:480578] [AUTO_EXIT_CHECK] isLoading: false, isResolvingStream: false
2026-01-21 03:13:39.949 RedLemon[58317:480578] [AUTO_EXIT_CHECK] playbackFinished: false, isPlaying: true
2026-01-21 03:13:39.949 RedLemon[58317:480578] [AUTO_EXIT_CHECK] Position: 4846.513s / Duration: 5406.99s
2026-01-21 03:13:39.949 RedLemon[58317:480578] [AUTO_EXIT_CHECK] Checking EOF conditions...
2026-01-21 03:13:39.950 RedLemon[58317:480578] [AUTO_EXIT_CHECK] No exit condition met - continuing to monitor...
2026-01-21 03:13:40.948 RedLemon[58317:480578] [AUTO_EXIT_CHECK] isEventPlayback: true
2026-01-21 03:13:40.948 RedLemon[58317:480578] [AUTO_EXIT_CHECK] isLoading: false, isResolvingStream: false
2026-01-21 03:13:40.948 RedLemon[58317:480578] [AUTO_EXIT_CHECK] playbackFinished: false, isPlaying: true
2026-01-21 03:13:40.948 RedLemon[58317:480578] [AUTO_EXIT_CHECK] Position: 4847.681s / Duration: 5406.99s
2026-01-21 03:13:40.948 RedLemon[58317:480578] [AUTO_EXIT_CHECK] Checking EOF conditions...
2026-01-21 03:13:40.949 RedLemon[58317:480578] [AUTO_EXIT_CHECK] No exit condition met - continuing to monitor...
2026-01-21 03:13:41.992 RedLemon[58317:480578] [AUTO_EXIT_CHECK] isEventPlayback: true
2026-01-21 03:13:41.992 RedLemon[58317:480578] [AUTO_EXIT_CHECK] isLoading: false, isResolvingStream: false
2026-01-21 03:13:41.992 RedLemon[58317:480578] [AUTO_EXIT_CHECK] playbackFinished: false, isPlaying: true
2026-01-21 03:13:41.992 RedLemon[58317:480578] [AUTO_EXIT_CHECK] Position: 4848.556s / Duration: 5406.99s
2026-01-21 03:13:41.993 RedLemon[58317:480578] [AUTO_EXIT_CHECK] Checking EOF conditions...
2026-01-21 03:13:41.993 RedLemon[58317:480578] [AUTO_EXIT_CHECK] No exit condition met - continuing to monitor...
2026-01-21 03:13:42.951 RedLemon[58317:480578] [AUTO_EXIT_CHECK] isEventPlayback: true
2026-01-21 03:13:42.951 RedLemon[58317:480578] [AUTO_EXIT_CHECK] isLoading: false, isResolvingStream: false
2026-01-21 03:13:42.951 RedLemon[58317:480578] [AUTO_EXIT_CHECK] playbackFinished: false, isPlaying: true
2026-01-21 03:13:42.951 RedLemon[58317:480578] [AUTO_EXIT_CHECK] Position: 4849.724999999999s / Duration: 5406.99s
2026-01-21 03:13:42.951 RedLemon[58317:480578] [AUTO_EXIT_CHECK] Checking EOF conditions...
2026-01-21 03:13:42.951 RedLemon[58317:480578] [AUTO_EXIT_CHECK] No exit condition met - continuing to monitor...
2026-01-21 03:13:43.952 RedLemon[58317:480578] [AUTO_EXIT_CHECK] isEventPlayback: true
2026-01-21 03:13:43.953 RedLemon[58317:480578] [AUTO_EXIT_CHECK] isLoading: false, isResolvingStream: false
2026-01-21 03:13:43.953 RedLemon[58317:480578] [AUTO_EXIT_CHECK] playbackFinished: false, isPlaying: true
2026-01-21 03:13:43.953 RedLemon[58317:480578] [AUTO_EXIT_CHECK] Position: 4850.599999999999s / Duration: 5406.99s
2026-01-21 03:13:43.953 RedLemon[58317:480578] [AUTO_EXIT_CHECK] Checking EOF conditions...
2026-01-21 03:13:43.953 RedLemon[58317:480578] [AUTO_EXIT_CHECK] No exit condition met - continuing to monitor...
2026-01-21 03:13:44.953 RedLemon[58317:480578] [AUTO_EXIT_CHECK] isEventPlayback: true
2026-01-21 03:13:44.953 RedLemon[58317:480578] [AUTO_EXIT_CHECK] isLoading: false, isResolvingStream: false
2026-01-21 03:13:44.953 RedLemon[58317:480578] [AUTO_EXIT_CHECK] playbackFinished: false, isPlaying: true
2026-01-21 03:13:44.953 RedLemon[58317:480578] [AUTO_EXIT_CHECK] Position: 4851.768s / Duration: 5406.99s
2026-01-21 03:13:44.953 RedLemon[58317:480578] [AUTO_EXIT_CHECK] Checking EOF conditions...
2026-01-21 03:13:44.953 RedLemon[58317:480578] [AUTO_EXIT_CHECK] No exit condition met - continuing to monitor...
2026-01-21 03:13:45.998 RedLemon[58317:480578] [AUTO_EXIT_CHECK] isEventPlayback: true
2026-01-21 03:13:45.998 RedLemon[58317:480578] [AUTO_EXIT_CHECK] isLoading: false, isResolvingStream: false
2026-01-21 03:13:45.998 RedLemon[58317:480578] [AUTO_EXIT_CHECK] playbackFinished: false, isPlaying: true
2026-01-21 03:13:45.998 RedLemon[58317:480578] [AUTO_EXIT_CHECK] Position: 4852.644s / Duration: 5406.99s
2026-01-21 03:13:45.998 RedLemon[58317:480578] [AUTO_EXIT_CHECK] Checking EOF conditions...
2026-01-21 03:13:45.998 RedLemon[58317:480578] [AUTO_EXIT_CHECK] No exit condition met - continuing to monitor...
2026-01-21 03:13:46.954 RedLemon[58317:480578] [AUTO_EXIT_CHECK] isEventPlayback: true
2026-01-21 03:13:46.954 RedLemon[58317:480578] [AUTO_EXIT_CHECK] isLoading: false, isResolvingStream: false
2026-01-21 03:13:46.954 RedLemon[58317:480578] [AUTO_EXIT_CHECK] playbackFinished: false, isPlaying: true
2026-01-21 03:13:46.955 RedLemon[58317:480578] [AUTO_EXIT_CHECK] Position: 4853.5199999999995s / Duration: 5406.99s
2026-01-21 03:13:46.955 RedLemon[58317:480578] [AUTO_EXIT_CHECK] Checking EOF conditions...
2026-01-21 03:13:46.955 RedLemon[58317:480578] [AUTO_EXIT_CHECK] No exit condition met - continuing to monitor...
2026-01-21 03:13:47.955 RedLemon[58317:480578] [AUTO_EXIT_CHECK] isEventPlayback: true
2026-01-21 03:13:47.955 RedLemon[58317:480578] [AUTO_EXIT_CHECK] isLoading: false, isResolvingStream: false
2026-01-21 03:13:47.955 RedLemon[58317:480578] [AUTO_EXIT_CHECK] playbackFinished: false, isPlaying: true
2026-01-21 03:13:47.955 RedLemon[58317:480578] [AUTO_EXIT_CHECK] Position: 4854.688s / Duration: 5406.99s
2026-01-21 03:13:47.955 RedLemon[58317:480578] [AUTO_EXIT_CHECK] Checking EOF conditions...
2026-01-21 03:13:47.956 RedLemon[58317:480578] [AUTO_EXIT_CHECK] No exit condition met - continuing to monitor...
2026-01-21 03:13:48.958 RedLemon[58317:480578] [AUTO_EXIT_CHECK] isEventPlayback: true
2026-01-21 03:13:48.959 RedLemon[58317:480578] [AUTO_EXIT_CHECK] isLoading: false, isResolvingStream: false
2026-01-21 03:13:48.959 RedLemon[58317:480578] [AUTO_EXIT_CHECK] playbackFinished: false, isPlaying: true
2026-01-21 03:13:48.959 RedLemon[58317:480578] [AUTO_EXIT_CHECK] Position: 4855.563999999999s / Duration: 5406.99s
2026-01-21 03:13:48.959 RedLemon[58317:480578] [AUTO_EXIT_CHECK] Checking EOF conditions...
2026-01-21 03:13:48.960 RedLemon[58317:480578] [AUTO_EXIT_CHECK] No exit condition met - continuing to monitor...
2026-01-21 03:13:50.040 RedLemon[58317:480578] [AUTO_EXIT_CHECK] isEventPlayback: true
2026-01-21 03:13:50.040 RedLemon[58317:480578] [AUTO_EXIT_CHECK] isLoading: false, isResolvingStream: false
2026-01-21 03:13:50.041 RedLemon[58317:480578] [AUTO_EXIT_CHECK] playbackFinished: false, isPlaying: true
2026-01-21 03:13:50.041 RedLemon[58317:480578] [AUTO_EXIT_CHECK] Position: 4856.732s / Duration: 5406.99s
2026-01-21 03:13:50.041 RedLemon[58317:480578] [AUTO_EXIT_CHECK] Checking EOF conditions...
2026-01-21 03:13:50.041 RedLemon[58317:480578] [AUTO_EXIT_CHECK] No exit condition met - continuing to monitor...
2026-01-21 03:13:51.041 RedLemon[58317:480578] [AUTO_EXIT_CHECK] isEventPlayback: true
2026-01-21 03:13:51.041 RedLemon[58317:480578] [AUTO_EXIT_CHECK] isLoading: false, isResolvingStream: false
2026-01-21 03:13:51.041 RedLemon[58317:480578] [AUTO_EXIT_CHECK] playbackFinished: false, isPlaying: true
2026-01-21 03:13:51.041 RedLemon[58317:480578] [AUTO_EXIT_CHECK] Position: 4857.607s / Duration: 5406.99s
2026-01-21 03:13:51.042 RedLemon[58317:480578] [AUTO_EXIT_CHECK] Checking EOF conditions...
2026-01-21 03:13:51.042 RedLemon[58317:480578] [AUTO_EXIT_CHECK] No exit condition met - continuing to monitor...
2026-01-21 03:13:51.959 RedLemon[58317:480578] [AUTO_EXIT_CHECK] isEventPlayback: true
2026-01-21 03:13:51.960 RedLemon[58317:480578] [AUTO_EXIT_CHECK] isLoading: false, isResolvingStream: false
2026-01-21 03:13:51.960 RedLemon[58317:480578] [AUTO_EXIT_CHECK] playbackFinished: false, isPlaying: true
2026-01-21 03:13:51.960 RedLemon[58317:480578] [AUTO_EXIT_CHECK] Position: 4858.775s / Duration: 5406.99s
2026-01-21 03:13:51.960 RedLemon[58317:480578] [AUTO_EXIT_CHECK] Checking EOF conditions...
2026-01-21 03:13:51.960 RedLemon[58317:480578] [AUTO_EXIT_CHECK] No exit condition met - continuing to monitor...
2026-01-21 03:13:52.961 RedLemon[58317:480578] [AUTO_EXIT_CHECK] isEventPlayback: true
2026-01-21 03:13:52.961 RedLemon[58317:480578] [AUTO_EXIT_CHECK] isLoading: false, isResolvingStream: false
2026-01-21 03:13:52.962 RedLemon[58317:480578] [AUTO_EXIT_CHECK] playbackFinished: false, isPlaying: true
2026-01-21 03:13:52.962 RedLemon[58317:480578] [AUTO_EXIT_CHECK] Position: 4859.651s / Duration: 5406.99s
2026-01-21 03:13:52.962 RedLemon[58317:480578] [AUTO_EXIT_CHECK] Checking EOF conditions...
2026-01-21 03:13:52.962 RedLemon[58317:480578] [AUTO_EXIT_CHECK] No exit condition met - continuing to monitor...
2026-01-21 03:13:53.962 RedLemon[58317:480578] [AUTO_EXIT_CHECK] isEventPlayback: true
2026-01-21 03:13:53.962 RedLemon[58317:480578] [AUTO_EXIT_CHECK] isLoading: false, isResolvingStream: false
2026-01-21 03:13:53.962 RedLemon[58317:480578] [AUTO_EXIT_CHECK] playbackFinished: false, isPlaying: true
2026-01-21 03:13:53.963 RedLemon[58317:480578] [AUTO_EXIT_CHECK] Position: 4860.527s / Duration: 5406.99s
2026-01-21 03:13:53.963 RedLemon[58317:480578] [AUTO_EXIT_CHECK] Checking EOF conditions...
2026-01-21 03:13:53.963 RedLemon[58317:480578] [AUTO_EXIT_CHECK] No exit condition met - continuing to monitor...
2026-01-21 03:13:55.046 RedLemon[58317:480578] [AUTO_EXIT_CHECK] isEventPlayback: true
2026-01-21 03:13:55.046 RedLemon[58317:480578] [AUTO_EXIT_CHECK] isLoading: false, isResolvingStream: false
2026-01-21 03:13:55.046 RedLemon[58317:480578] [AUTO_EXIT_CHECK] playbackFinished: false, isPlaying: true
2026-01-21 03:13:55.047 RedLemon[58317:480578] [AUTO_EXIT_CHECK] Position: 4861.695s / Duration: 5406.99s
2026-01-21 03:13:55.047 RedLemon[58317:480578] [AUTO_EXIT_CHECK] Checking EOF conditions...
2026-01-21 03:13:55.047 RedLemon[58317:480578] [AUTO_EXIT_CHECK] No exit condition met - continuing to monitor...
2026-01-21 03:13:55.963 RedLemon[58317:480578] [AUTO_EXIT_CHECK] isEventPlayback: true
2026-01-21 03:13:55.963 RedLemon[58317:480578] [AUTO_EXIT_CHECK] isLoading: false, isResolvingStream: false
2026-01-21 03:13:55.964 RedLemon[58317:480578] [AUTO_EXIT_CHECK] playbackFinished: false, isPlaying: true
2026-01-21 03:13:55.964 RedLemon[58317:480578] [AUTO_EXIT_CHECK] Position: 4862.571s / Duration: 5406.99s
2026-01-21 03:13:55.964 RedLemon[58317:480578] [AUTO_EXIT_CHECK] Checking EOF conditions...
2026-01-21 03:13:55.964 RedLemon[58317:480578] [AUTO_EXIT_CHECK] No exit condition met - continuing to monitor...
2026-01-21 03:13:56.923 RedLemon[58317:480578] [AUTO_EXIT_CHECK] isEventPlayback: true
2026-01-21 03:13:56.923 RedLemon[58317:480578] [AUTO_EXIT_CHECK] isLoading: false, isResolvingStream: false
2026-01-21 03:13:56.923 RedLemon[58317:480578] [AUTO_EXIT_CHECK] playbackFinished: false, isPlaying: true
2026-01-21 03:13:56.923 RedLemon[58317:480578] [AUTO_EXIT_CHECK] Position: 4863.737999999999s / Duration: 5406.99s
2026-01-21 03:13:56.923 RedLemon[58317:480578] [AUTO_EXIT_CHECK] Checking EOF conditions...
2026-01-21 03:13:56.924 RedLemon[58317:480578] [AUTO_EXIT_CHECK] No exit condition met - continuing to monitor...
2026-01-21 03:13:57.716 RedLemon[58317:482683] 🔐 SupabaseClient: Signing Identity Payload: '1768983237656daa91-33b4-4688-9135-c982ea52d7c9/rpc/room_heartbeat'
2026-01-21 03:13:57.716 RedLemon[58317:482683] 🔐 Signed request to /rpc/room_heartbeat
2026-01-21 03:13:57.924 RedLemon[58317:480578] [AUTO_EXIT_CHECK] isEventPlayback: true
2026-01-21 03:13:57.924 RedLemon[58317:480578] [AUTO_EXIT_CHECK] isLoading: false, isResolvingStream: false
2026-01-21 03:13:57.924 RedLemon[58317:480578] [AUTO_EXIT_CHECK] playbackFinished: false, isPlaying: true
2026-01-21 03:13:57.925 RedLemon[58317:480578] [AUTO_EXIT_CHECK] Position: 4864.615s / Duration: 5406.99s
2026-01-21 03:13:57.925 RedLemon[58317:480578] [AUTO_EXIT_CHECK] Checking EOF conditions...
2026-01-21 03:13:57.925 RedLemon[58317:480578] [AUTO_EXIT_CHECK] No exit condition met - continuing to monitor...
2026-01-21 03:13:58.926 RedLemon[58317:480578] [AUTO_EXIT_CHECK] isEventPlayback: true
2026-01-21 03:13:58.926 RedLemon[58317:480578] [AUTO_EXIT_CHECK] isLoading: false, isResolvingStream: false
2026-01-21 03:13:58.926 RedLemon[58317:480578] [AUTO_EXIT_CHECK] playbackFinished: false, isPlaying: true
2026-01-21 03:13:58.926 RedLemon[58317:480578] [AUTO_EXIT_CHECK] Position: 4865.49s / Duration: 5406.99s
2026-01-21 03:13:58.926 RedLemon[58317:480578] [AUTO_EXIT_CHECK] Checking EOF conditions...
2026-01-21 03:13:58.927 RedLemon[58317:480578] [AUTO_EXIT_CHECK] No exit condition met - continuing to monitor...
2026-01-21 03:14:00.011 RedLemon[58317:480578] [AUTO_EXIT_CHECK] isEventPlayback: true
2026-01-21 03:14:00.011 RedLemon[58317:480578] [AUTO_EXIT_CHECK] isLoading: false, isResolvingStream: false
2026-01-21 03:14:00.011 RedLemon[58317:480578] [AUTO_EXIT_CHECK] playbackFinished: false, isPlaying: true
2026-01-21 03:14:00.011 RedLemon[58317:480578] [AUTO_EXIT_CHECK] Position: 4866.657999999999s / Duration: 5406.99s
2026-01-21 03:14:00.012 RedLemon[58317:480578] [AUTO_EXIT_CHECK] Checking EOF conditions...
2026-01-21 03:14:00.012 RedLemon[58317:480578] [AUTO_EXIT_CHECK] No exit condition met - continuing to monitor...
2026-01-21 03:14:00.928 RedLemon[58317:480578] [AUTO_EXIT_CHECK] isEventPlayback: true
2026-01-21 03:14:00.928 RedLemon[58317:480578] [AUTO_EXIT_CHECK] isLoading: false, isResolvingStream: false
2026-01-21 03:14:00.928 RedLemon[58317:480578] [AUTO_EXIT_CHECK] playbackFinished: false, isPlaying: true
2026-01-21 03:14:00.929 RedLemon[58317:480578] [AUTO_EXIT_CHECK] Position: 4867.534s / Duration: 5406.99s
2026-01-21 03:14:00.929 RedLemon[58317:480578] [AUTO_EXIT_CHECK] Checking EOF conditions...
2026-01-21 03:14:00.929 RedLemon[58317:480578] [AUTO_EXIT_CHECK] No exit condition met - continuing to monitor...
2026-01-21 03:14:01.928 RedLemon[58317:480578] [AUTO_EXIT_CHECK] isEventPlayback: true
2026-01-21 03:14:01.928 RedLemon[58317:480578] [AUTO_EXIT_CHECK] isLoading: false, isResolvingStream: false
2026-01-21 03:14:01.928 RedLemon[58317:480578] [AUTO_EXIT_CHECK] playbackFinished: false, isPlaying: true
2026-01-21 03:14:01.928 RedLemon[58317:480578] [AUTO_EXIT_CHECK] Position: 4868.702s / Duration: 5406.99s
2026-01-21 03:14:01.929 RedLemon[58317:480578] [AUTO_EXIT_CHECK] Checking EOF conditions...
2026-01-21 03:14:01.929 RedLemon[58317:480578] [AUTO_EXIT_CHECK] No exit condition met - continuing to monitor...
2026-01-21 03:14:02.929 RedLemon[58317:480578] [AUTO_EXIT_CHECK] isEventPlayback: true
2026-01-21 03:14:02.929 RedLemon[58317:480578] [AUTO_EXIT_CHECK] isLoading: false, isResolvingStream: false
2026-01-21 03:14:02.929 RedLemon[58317:480578] [AUTO_EXIT_CHECK] playbackFinished: false, isPlaying: true
2026-01-21 03:14:02.929 RedLemon[58317:480578] [AUTO_EXIT_CHECK] Position: 4869.5779999999995s / Duration: 5406.99s
2026-01-21 03:14:02.930 RedLemon[58317:480578] [AUTO_EXIT_CHECK] Checking EOF conditions...
2026-01-21 03:14:02.930 RedLemon[58317:480578] [AUTO_EXIT_CHECK] No exit condition met - continuing to monitor...
2026-01-21 03:14:03.971 RedLemon[58317:480578] [AUTO_EXIT_CHECK] isEventPlayback: true
2026-01-21 03:14:03.971 RedLemon[58317:480578] [AUTO_EXIT_CHECK] isLoading: false, isResolvingStream: false
2026-01-21 03:14:03.971 RedLemon[58317:480578] [AUTO_EXIT_CHECK] playbackFinished: false, isPlaying: true
2026-01-21 03:14:03.972 RedLemon[58317:480578] [AUTO_EXIT_CHECK] Position: 4870.746s / Duration: 5406.99s
2026-01-21 03:14:03.972 RedLemon[58317:480578] [AUTO_EXIT_CHECK] Checking EOF conditions...
2026-01-21 03:14:03.972 RedLemon[58317:480578] [AUTO_EXIT_CHECK] No exit condition met - continuing to monitor...
2026-01-21 03:14:05.057 RedLemon[58317:480578] [AUTO_EXIT_CHECK] isEventPlayback: true
2026-01-21 03:14:05.057 RedLemon[58317:480578] [AUTO_EXIT_CHECK] isLoading: false, isResolvingStream: false
2026-01-21 03:14:05.057 RedLemon[58317:480578] [AUTO_EXIT_CHECK] playbackFinished: false, isPlaying: true
2026-01-21 03:14:05.057 RedLemon[58317:480578] [AUTO_EXIT_CHECK] Position: 4871.621999999999s / Duration: 5406.99s
2026-01-21 03:14:05.058 RedLemon[58317:480578] [AUTO_EXIT_CHECK] Checking EOF conditions...
2026-01-21 03:14:05.058 RedLemon[58317:480578] [AUTO_EXIT_CHECK] No exit condition met - continuing to monitor...
2026-01-21 03:14:05.932 RedLemon[58317:480578] [AUTO_EXIT_CHECK] isEventPlayback: true
2026-01-21 03:14:05.932 RedLemon[58317:480578] [AUTO_EXIT_CHECK] isLoading: false, isResolvingStream: false
2026-01-21 03:14:05.932 RedLemon[58317:480578] [AUTO_EXIT_CHECK] playbackFinished: false, isPlaying: true
2026-01-21 03:14:05.932 RedLemon[58317:480578] [AUTO_EXIT_CHECK] Position: 4872.496999999999s / Duration: 5406.99s
2026-01-21 03:14:05.933 RedLemon[58317:480578] [AUTO_EXIT_CHECK] Checking EOF conditions...
2026-01-21 03:14:05.933 RedLemon[58317:480578] [AUTO_EXIT_CHECK] No exit condition met - continuing to monitor...
2026-01-21 03:14:06.933 RedLemon[58317:480578] [AUTO_EXIT_CHECK] isEventPlayback: true
2026-01-21 03:14:06.933 RedLemon[58317:480578] [AUTO_EXIT_CHECK] isLoading: false, isResolvingStream: false
2026-01-21 03:14:06.934 RedLemon[58317:480578] [AUTO_EXIT_CHECK] playbackFinished: false, isPlaying: true
2026-01-21 03:14:06.934 RedLemon[58317:480578] [AUTO_EXIT_CHECK] Position: 4873.666s / Duration: 5406.99s
2026-01-21 03:14:06.934 RedLemon[58317:480578] [AUTO_EXIT_CHECK] Checking EOF conditions...
2026-01-21 03:14:06.934 RedLemon[58317:480578] [AUTO_EXIT_CHECK] No exit condition met - continuing to monitor...
2026-01-21 03:14:07.933 RedLemon[58317:480578] [AUTO_EXIT_CHECK] isEventPlayback: true
2026-01-21 03:14:07.933 RedLemon[58317:480578] [AUTO_EXIT_CHECK] isLoading: false, isResolvingStream: false
2026-01-21 03:14:07.933 RedLemon[58317:480578] [AUTO_EXIT_CHECK] playbackFinished: false, isPlaying: true
2026-01-21 03:14:07.933 RedLemon[58317:480578] [AUTO_EXIT_CHECK] Position: 4874.541s / Duration: 5406.99s
2026-01-21 03:14:07.933 RedLemon[58317:480578] [AUTO_EXIT_CHECK] Checking EOF conditions...
2026-01-21 03:14:07.934 RedLemon[58317:480578] [AUTO_EXIT_CHECK] No exit condition met - continuing to monitor...
2026-01-21 03:14:08.976 RedLemon[58317:480578] [AUTO_EXIT_CHECK] isEventPlayback: true
2026-01-21 03:14:08.976 RedLemon[58317:480578] [AUTO_EXIT_CHECK] isLoading: false, isResolvingStream: false
2026-01-21 03:14:08.976 RedLemon[58317:480578] [AUTO_EXIT_CHECK] playbackFinished: false, isPlaying: true
2026-01-21 03:14:08.977 RedLemon[58317:480578] [AUTO_EXIT_CHECK] Position: 4875.709s / Duration: 5406.99s
2026-01-21 03:14:08.977 RedLemon[58317:480578] [AUTO_EXIT_CHECK] Checking EOF conditions...
2026-01-21 03:14:08.977 RedLemon[58317:480578] [AUTO_EXIT_CHECK] No exit condition met - continuing to monitor...
2026-01-21 03:14:10.019 RedLemon[58317:480578] [AUTO_EXIT_CHECK] isEventPlayback: true
2026-01-21 03:14:10.019 RedLemon[58317:480578] [AUTO_EXIT_CHECK] isLoading: false, isResolvingStream: false
2026-01-21 03:14:10.019 RedLemon[58317:480578] [AUTO_EXIT_CHECK] playbackFinished: false, isPlaying: true
2026-01-21 03:14:10.019 RedLemon[58317:480578] [AUTO_EXIT_CHECK] Position: 4876.585s / Duration: 5406.99s
2026-01-21 03:14:10.019 RedLemon[58317:480578] [AUTO_EXIT_CHECK] Checking EOF conditions...
2026-01-21 03:14:10.020 RedLemon[58317:480578] [AUTO_EXIT_CHECK] No exit condition met - continuing to monitor...
2026-01-21 03:14:10.937 RedLemon[58317:480578] [AUTO_EXIT_CHECK] isEventPlayback: true
2026-01-21 03:14:10.937 RedLemon[58317:480578] [AUTO_EXIT_CHECK] isLoading: false, isResolvingStream: false
2026-01-21 03:14:10.937 RedLemon[58317:480578] [AUTO_EXIT_CHECK] playbackFinished: false, isPlaying: true
2026-01-21 03:14:10.938 RedLemon[58317:480578] [AUTO_EXIT_CHECK] Position: 4877.753s / Duration: 5406.99s
2026-01-21 03:14:10.938 RedLemon[58317:480578] [AUTO_EXIT_CHECK] Checking EOF conditions...
2026-01-21 03:14:10.938 RedLemon[58317:480578] [AUTO_EXIT_CHECK] No exit condition met - continuing to monitor...
2026-01-21 03:14:11.937 RedLemon[58317:480578] [AUTO_EXIT_CHECK] isEventPlayback: true
2026-01-21 03:14:11.937 RedLemon[58317:480578] [AUTO_EXIT_CHECK] isLoading: false, isResolvingStream: false
2026-01-21 03:14:11.937 RedLemon[58317:480578] [AUTO_EXIT_CHECK] playbackFinished: false, isPlaying: true
2026-01-21 03:14:11.938 RedLemon[58317:480578] [AUTO_EXIT_CHECK] Position: 4878.629s / Duration: 5406.99s
2026-01-21 03:14:11.938 RedLemon[58317:480578] [AUTO_EXIT_CHECK] Checking EOF conditions...
2026-01-21 03:14:11.938 RedLemon[58317:480578] [AUTO_EXIT_CHECK] No exit condition met - continuing to monitor...
 08:32:50 +0000
⏰ AppState: Scheduling update in 1348 seconds
📡 [EventsConfig] Checking server for movie_events config version...
📡 [EventsConfig] Checking server for movie_events config version...
✅ [EventsConfig] Fetched movie_events version 1563 with 405 movies
✅ [EventsConfig] Fetched movie_events version 1563 with 405 movies
✅ [EventsConfig] Using cached movie_events config (version 1563, 405 movies)
✅ [EventsConfig] Using cached movie_events config (version 1563, 405 movies)
✅ SocialService: Event event_tt0266915 is JOINABLE (Live or Next Up) - allowing join
✅ SocialService: Event event_tt0266915 is JOINABLE (Live or Next Up) - allowing join
📊 AppState: Polled participant counts - Active: ["tt0266915": 2]
⏰ AppState: Next schedule update set for Event End: 2026-01-21 08:32:50 +0000
⏰ AppState: Scheduling update in 1338 seconds
📡 [EventsConfig] Checking server for movie_events config version...
📡 [EventsConfig] Checking server for movie_events config version...
✅ [EventsConfig] Fetched movie_events version 1563 with 405 movies
✅ [EventsConfig] Using cached movie_events config (version 1563, 405 movies)
✅ SocialService: Event event_tt0266915 is JOINABLE (Live or Next Up) - allowing join
✅ [EventsConfig] Fetched movie_events version 1563 with 405 movies
✅ [EventsConfig] Using cached movie_events config (version 1563, 405 movies)
✅ SocialService: Event event_tt0266915 is JOINABLE (Live or Next Up) - allowing join
📊 AppState: Polled participant counts - Active: ["tt0266915": 2]
⏰ AppState: Next schedule update set for Event End: 2026-01-21 08:32:50 +0000
⏰ AppState: Scheduling update in 1328 seconds
📊 AppState: Polled participant counts - Active: ["tt0266915": 2]
⏰ AppState: Next schedule update set for Event End: 2026-01-21 08:32:50 +0000
⏰ AppState: Scheduling update in 1318 seconds
📡 [EventsConfig] Checking server for movie_events config version...
📡 [EventsConfig] Checking server for movie_events config version...
✅ [EventsConfig] Fetched movie_events version 1563 with 405 movies
✅ [EventsConfig] Fetched movie_events version 1563 with 405 movies
✅ [EventsConfig] Using cached movie_events config (version 1563, 405 movies)
✅ [EventsConfig] Using cached movie_events config (version 1563, 405 movies)
✅ SocialService: Event event_tt0266915 is JOINABLE (Live or Next Up) - allowing join
✅ SocialService: Event event_tt0266915 is JOINABLE (Live or Next Up) - allowing join
📡 [EventsConfig] Checking server for movie_events config version...
📡 [EventsConfig] Checking server for movie_events config version...
✅ [EventsConfig] Fetched movie_events version 1563 with 405 movies
✅ [EventsConfig] Using cached movie_events config (version 1563, 405 movies)
✅ SocialService: Event event_tt0266915 is JOINABLE (Live or Next Up) - allowing join
✅ [EventsConfig] Fetched movie_events version 1563 with 405 movies
✅ [EventsConfig] Using cached movie_events config (version 1563, 405 movies)
✅ SocialService: Event event_tt0266915 is JOINABLE (Live or Next Up) - allowing join
📡 [EventsConfig] Checking server for movie_events config version...
✅ [EventsConfig] Fetched movie_events version 1563 with 405 movies
✅ [EventsConfig] Using cached movie_events config (version 1563, 405 movies)
📊 AppState: Polled participant counts - Active: ["tt0266915": 2]
⏰ AppState: Next schedule update set for Event End: 2026-01-21 08:32:50 +0000
⏰ AppState: Scheduling update in 1308 seconds
📊 AppState: Polled participant counts - Active: ["tt0266915": 2]
⏰ AppState: Next schedule update set for Event End: 2026-01-21 08:32:50 +0000
⏰ AppState: Scheduling update in 1298 seconds
📡 [EventsConfig] Checking server for movie_events config version...
📡 [EventsConfig] Checking server for movie_events config version...
✅ [EventsConfig] Fetched movie_events version 1563 with 405 movies
✅ [EventsConfig] Using cached movie_events config (version 1563, 405 movies)
✅ SocialService: Event event_tt0266915 is JOINABLE (Live or Next Up) - allowing join
✅ [EventsConfig] Fetched movie_events version 1563 with 405 movies
✅ [EventsConfig] Using cached movie_events config (version 1563, 405 movies)
✅ SocialService: Event event_tt0266915 is JOINABLE (Live or Next Up) - allowing join
📊 AppState: Polled participant counts - Active: ["tt0266915": 2]
⏰ AppState: Next schedule update set for Event End: 2026-01-21 08:32:50 +0000
⏰ AppState: Scheduling update in 1288 seconds
📡 [EventsConfig] Checking server for movie_events config version...
📡 [EventsConfig] Checking server for movie_events config version...
✅ [EventsConfig] Fetched movie_events version 1563 with 405 movies
✅ [EventsConfig] Fetched movie_events version 1563 with 405 movies
✅ [EventsConfig] Using cached movie_events config (version 1563, 405 movies)
✅ [EventsConfig] Using cached movie_events config (version 1563, 405 movies)
✅ SocialService: Event event_tt0266915 is JOINABLE (Live or Next Up) - allowing join
✅ SocialService: Event event_tt0266915 is JOINABLE (Live or Next Up) - allowing join
📊 AppState: Polled participant counts - Active: ["tt0266915": 2]
⏰ AppState: Next schedule update set for Event End: 2026-01-21 08:32:50 +0000
⏰ AppState: Scheduling update in 1278 seconds
📊 AppState: Polled participant counts - Active: ["tt0266915": 2]
⏰ AppState: Next schedule update set for Event End: 2026-01-21 08:32:50 +0000
⏰ AppState: Scheduling update in 1268 seconds
📉 SocialService: User 96e01cdb-36c0-4228-a6e4-a29a3c66bc8e went offline (No active refs)
📈 SocialService: User 96e01cdb-36c0-4228-a6e4-a29a3c66bc8e came online
📡 [EventsConfig] Checking server for movie_events config version...
✅ [EventsConfig] Fetched movie_events version 1563 with 405 movies
✅ [EventsConfig] Using cached movie_events config (version 1563, 405 movies)
✅ SocialService: Event event_tt0266915 is JOINABLE (Live or Next Up) - allowing join
📡 [EventsConfig] Checking server for movie_events config version...
📡 [EventsConfig] Checking server for movie_events config version...
✅ [EventsConfig] Fetched movie_events version 1563 with 405 movies
✅ [EventsConfig] Using cached movie_events config (version 1563, 405 movies)
✅ SocialService: Event event_tt0266915 is JOINABLE (Live or Next Up) - allowing join
✅ [EventsConfig] Fetched movie_events version 1563 with 405 movies
✅ [EventsConfig] Using cached movie_events config (version 1563, 405 movies)
✅ SocialService: Event event_tt0266915 is JOINABLE (Live or Next Up) - allowing join
📊 AppState: Polled participant counts - Active: ["tt0266915": 2]
⏰ AppState: Next schedule update set for Event End: 2026-01-21 08:32:50 +0000
⏰ AppState: Scheduling update in 1258 seconds
📡 [EventsConfig] Checking server for movie_events config version...
✅ [EventsConfig] Fetched movie_events version 1563 with 405 movies
✅ [EventsConfig] Using cached movie_events config (version 1563, 405 movies)
📊 AppState: Polled participant counts - Active: ["tt0266915": 2]
⏰ AppState: Next schedule update set for Event End: 2026-01-21 08:32:50 +0000
⏰ AppState: Scheduling update in 1248 seconds
📡 [EventsConfig] Checking server for movie_events config version...
📡 [EventsConfig] Checking server for movie_events config version...
✅ [EventsConfig] Fetched movie_events version 1563 with 405 movies
✅ [EventsConfig] Using cached movie_events config (version 1563, 405 movies)
✅ SocialService: Event event_tt0266915 is JOINABLE (Live or Next Up) - allowing join
✅ [EventsConfig] Fetched movie_events version 1563 with 405 movies
✅ [EventsConfig] Using cached movie_events config (version 1563, 405 movies)
✅ SocialService: Event event_tt0266915 is JOINABLE (Live or Next Up) - allowing join
📊 AppState: Polled participant counts - Active: ["tt0266915": 2]
⏰ AppState: Next schedule update set for Event End: 2026-01-21 08:32:50 +0000
⏰ AppState: Scheduling update in 1238 seconds
📡 [EventsConfig] Checking server for movie_events config version...
📡 [EventsConfig] Checking server for movie_events config version...
✅ [EventsConfig] Fetched movie_events version 1563 with 405 movies
✅ [EventsConfig] Using cached movie_events config (version 1563, 405 movies)
✅ SocialService: Event event_tt0266915 is JOINABLE (Live or Next Up) - allowing join
✅ [EventsConfig] Fetched movie_events version 1563 with 405 movies
✅ [EventsConfig] Using cached movie_events config (version 1563, 405 movies)
✅ SocialService: Event event_tt0266915 is JOINABLE (Live or Next Up) - allowing join
📊 AppState: Polled participant counts - Active: ["tt0266915": 2]
⏰ AppState: Next schedule update set for Event End: 2026-01-21 08:32:50 +0000
⏰ AppState: Scheduling update in 1228 seconds
📊 AppState: Polled participant counts - Active: ["tt0266915": 2]
⏰ AppState: Next schedule update set for Event End: 2026-01-21 08:32:50 +0000
⏰ AppState: Scheduling update in 1218 seconds
📡 [EventsConfig] Checking server for movie_events config version...
📡 [EventsConfig] Checking server for movie_events config version...
✅ [EventsConfig] Fetched movie_events version 1563 with 405 movies
✅ [EventsConfig] Using cached movie_events config (version 1563, 405 movies)
✅ SocialService: Event event_tt0266915 is JOINABLE (Live or Next Up) - allowing join
✅ [EventsConfig] Fetched movie_events version 1563 with 405 movies
✅ [EventsConfig] Using cached movie_events config (version 1563, 405 movies)
✅ SocialService: Event event_tt0266915 is JOINABLE (Live or Next Up) - allowing join
📡 [EventsConfig] Checking server for movie_events config version...
📡 [EventsConfig] Checking server for movie_events config version...
✅ [EventsConfig] Fetched movie_events version 1563 with 405 movies
✅ [EventsConfig] Using cached movie_events config (version 1563, 405 movies)
✅ SocialService: Event event_tt0266915 is JOINABLE (Live or Next Up) - allowing join
✅ [EventsConfig] Fetched movie_events version 1563 with 405 movies
✅ [EventsConfig] Using cached movie_events config (version 1563, 405 movies)
✅ SocialService: Event event_tt0266915 is JOINABLE (Live or Next Up) - allowing join
📊 AppState: Polled participant counts - Active: ["tt0266915": 2]
⏰ AppState: Next schedule update set for Event End: 2026-01-21 08:32:50 +0000
⏰ AppState: Scheduling update in 1208 seconds
📊 AppState: Polled participant counts - Active: ["tt0266915": 2]
⏰ AppState: Next schedule update set for Next Event Start: 2026-01-21 08:32:50 +0000
⏰ AppState: Scheduling update in 1198 seconds
📡 [EventsConfig] Checking server for movie_events config version...
📡 [EventsConfig] Checking server for movie_events config version...
📡 [EventsConfig] Checking server for movie_events config version...
✅ [EventsConfig] Fetched movie_events version 1563 with 405 movies
✅ [EventsConfig] Using cached movie_events config (version 1563, 405 movies)
✅ [EventsConfig] Fetched movie_events version 1563 with 405 movies
✅ [EventsConfig] Using cached movie_events config (version 1563, 405 movies)
✅ SocialService: Event event_tt0266915 is JOINABLE (Live or Next Up) - allowing join
✅ [EventsConfig] Fetched movie_events version 1563 with 405 movies
✅ [EventsConfig] Using cached movie_events config (version 1563, 405 movies)
✅ SocialService: Event event_tt0266915 is JOINABLE (Live or Next Up) - allowing join
📊 AppState: Polled participant counts - Active: ["tt0266915": 2]
⏰ AppState: Next schedule update set for Next Event Start: 2026-01-21 08:32:50 +0000
⏰ AppState: Scheduling update in 1188 seconds
📡 [EventsConfig] Checking server for movie_events config version...
📡 [EventsConfig] Checking server for movie_events config version...
✅ [EventsConfig] Fetched movie_events version 1563 with 405 movies
✅ [EventsConfig] Using cached movie_events config (version 1563, 405 movies)
✅ SocialService: Event event_tt0266915 is JOINABLE (Live or Next Up) - allowing join
✅ [EventsConfig] Fetched movie_events version 1563 with 405 movies
✅ [EventsConfig] Using cached movie_events config (version 1563, 405 movies)
✅ SocialService: Event event_tt0266915 is JOINABLE (Live or Next Up) - allowing join
📊 AppState: Polled participant counts - Active: ["tt0266915": 2]
⏰ AppState: Next schedule update set for Next Event Start: 2026-01-21 08:32:50 +0000
⏰ AppState: Scheduling update in 1178 seconds
📊 AppState: Polled participant counts - Active: ["tt0266915": 2]
⏰ AppState: Next schedule update set for Next Event Start: 2026-01-21 08:32:50 +0000
⏰ AppState: Scheduling update in 1168 seconds
📡 [EventsConfig] Checking server for movie_events config version...
📡 [EventsConfig] Checking server for movie_events config version...
✅ [EventsConfig] Fetched movie_events version 1563 with 405 movies
✅ [EventsConfig] Fetched movie_events version 1563 with 405 movies
✅ [EventsConfig] Using cached movie_events config (version 1563, 405 movies)
✅ [EventsConfig] Using cached movie_events config (version 1563, 405 movies)
✅ SocialService: Event event_tt0266915 is JOINABLE (Live or Next Up) - allowing join
✅ SocialService: Event event_tt0266915 is JOINABLE (Live or Next Up) - allowing join
📡 [EventsConfig] Checking server for movie_events config version...
📡 [EventsConfig] Checking server for movie_events config version...
✅ [EventsConfig] Fetched movie_events version 1563 with 405 movies
✅ [EventsConfig] Fetched movie_events version 1563 with 405 movies
✅ [EventsConfig] Using cached movie_events config (version 1563, 405 movies)
✅ [EventsConfig] Using cached movie_events config (version 1563, 405 movies)
✅ SocialService: Event event_tt0266915 is JOINABLE (Live or Next Up) - allowing join
✅ SocialService: Event event_tt0266915 is JOINABLE (Live or Next Up) - allowing join
📊 AppState: Polled participant counts - Active: ["tt0266915": 2]
⏰ AppState: Next schedule update set for Next Event Start: 2026-01-21 08:32:50 +0000
⏰ AppState: Scheduling update in 1158 seconds
📊 AppState: Polled participant counts - Active: ["tt0266915": 2]
⏰ AppState: Next schedule update set for Next Event Start: 2026-01-21 08:32:50 +0000
⏰ AppState: Scheduling update in 1148 seconds
📡 [EventsConfig] Checking server for movie_events config version...
📡 [EventsConfig] Checking server for movie_events config version...
✅ [EventsConfig] Fetched movie_events version 1563 with 405 movies
✅ [EventsConfig] Fetched movie_events version 1563 with 405 movies
✅ [EventsConfig] Using cached movie_events config (version 1563, 405 movies)
✅ [EventsConfig] Using cached movie_events config (version 1563, 405 movies)
✅ SocialService: Event event_tt0266915 is JOINABLE (Live or Next Up) - allowing join
✅ SocialService: Event event_tt0266915 is JOINABLE (Live or Next Up) - allowing join
📊 AppState: Polled participant counts - Active: ["tt0266915": 2]
⏰ AppState: Next schedule update set for Next Event Start: 2026-01-21 08:32:50 +0000
⏰ AppState: Scheduling update in 1138 seconds
📡 [EventsConfig] Checking server for movie_events config version...
📡 [EventsConfig] Checking server for movie_events config version...
✅ [EventsConfig] Fetched movie_events version 1563 with 405 movies
✅ [EventsConfig] Fetched movie_events version 1563 with 405 movies
✅ [EventsConfig] Using cached movie_events config (version 1563, 405 movies)
✅ [EventsConfig] Using cached movie_events config (version 1563, 405 movies)
✅ SocialService: Event event_tt0266915 is JOINABLE (Live or Next Up) - allowing join
✅ SocialService: Event event_tt0266915 is JOINABLE (Live or Next Up) - allowing join
📡 [EventsConfig] Checking server for movie_events config version...
✅ [EventsConfig] Fetched movie_events version 1563 with 405 movies
✅ [EventsConfig] Using cached movie_events config (version 1563, 405 movies)
📊 AppState: Polled participant counts - Active: ["tt0266915": 2]
⏰ AppState: Next schedule update set for Next Event Start: 2026-01-21 08:32:50 +0000
⏰ AppState: Scheduling update in 1128 seconds
📊 AppState: Polled participant counts - Active: ["tt0266915": 2]
⏰ AppState: Next schedule update set for Next Event Start: 2026-01-21 08:32:50 +0000
⏰ AppState: Scheduling update in 1118 secon2026-01-21 03:14:12.980 RedLemon[58317:480578] [AUTO_EXIT_CHECK] isEventPlayback: true
2026-01-21 03:14:12.980 RedLemon[58317:480578] [AUTO_EXIT_CHECK] isLoading: false, isResolvingStream: false
2026-01-21 03:14:12.980 RedLemon[58317:480578] [AUTO_EXIT_CHECK] playbackFinished: false, isPlaying: true
2026-01-21 03:14:12.980 RedLemon[58317:480578] [AUTO_EXIT_CHECK] Position: 4879.797s / Duration: 5406.99s
2026-01-21 03:14:12.980 RedLemon[58317:480578] [AUTO_EXIT_CHECK] Checking EOF conditions...
2026-01-21 03:14:12.981 RedLemon[58317:480578] [AUTO_EXIT_CHECK] No exit condition met - continuing to monitor...
2026-01-21 03:14:13.983 RedLemon[58317:480578] [AUTO_EXIT_CHECK] isEventPlayback: true
2026-01-21 03:14:13.983 RedLemon[58317:480578] [AUTO_EXIT_CHECK] isLoading: false, isResolvingStream: false
2026-01-21 03:14:13.983 RedLemon[58317:480578] [AUTO_EXIT_CHECK] playbackFinished: false, isPlaying: true
2026-01-21 03:14:13.983 RedLemon[58317:480578] [AUTO_EXIT_CHECK] Position: 4880.673s / Duration: 5406.99s
2026-01-21 03:14:13.984 RedLemon[58317:480578] [AUTO_EXIT_CHECK] Checking EOF conditions...
2026-01-21 03:14:13.984 RedLemon[58317:480578] [AUTO_EXIT_CHECK] No exit condition met - continuing to monitor...
2026-01-21 03:14:14.941 RedLemon[58317:480578] [AUTO_EXIT_CHECK] isEventPlayback: true
2026-01-21 03:14:14.942 RedLemon[58317:480578] [AUTO_EXIT_CHECK] isLoading: false, isResolvingStream: false
2026-01-21 03:14:14.942 RedLemon[58317:480578] [AUTO_EXIT_CHECK] playbackFinished: false, isPlaying: true
2026-01-21 03:14:14.942 RedLemon[58317:480578] [AUTO_EXIT_CHECK] Position: 4881.549s / Duration: 5406.99s
2026-01-21 03:14:14.942 RedLemon[58317:480578] [AUTO_EXIT_CHECK] Checking EOF conditions...
2026-01-21 03:14:14.942 RedLemon[58317:480578] [AUTO_EXIT_CHECK] No exit condition met - continuing to monitor...
2026-01-21 03:14:15.941 RedLemon[58317:480578] [AUTO_EXIT_CHECK] isEventPlayback: true
2026-01-21 03:14:15.941 RedLemon[58317:480578] [AUTO_EXIT_CHECK] isLoading: false, isResolvingStream: false
2026-01-21 03:14:15.942 RedLemon[58317:480578] [AUTO_EXIT_CHECK] playbackFinished: false, isPlaying: true
2026-01-21 03:14:15.942 RedLemon[58317:480578] [AUTO_EXIT_CHECK] Position: 4882.715999999999s / Duration: 5406.99s
2026-01-21 03:14:15.942 RedLemon[58317:480578] [AUTO_EXIT_CHECK] Checking EOF conditions...
2026-01-21 03:14:15.942 RedLemon[58317:480578] [AUTO_EXIT_CHECK] No exit condition met - continuing to monitor...
2026-01-21 03:14:16.943 RedLemon[58317:480578] [AUTO_EXIT_CHECK] isEventPlayback: true
2026-01-21 03:14:16.943 RedLemon[58317:480578] [AUTO_EXIT_CHECK] isLoading: false, isResolvingStream: false
2026-01-21 03:14:16.943 RedLemon[58317:480578] [AUTO_EXIT_CHECK] playbackFinished: false, isPlaying: true
2026-01-21 03:14:16.944 RedLemon[58317:480578] [AUTO_EXIT_CHECK] Position: 4883.592s / Duration: 5406.99s
2026-01-21 03:14:16.944 RedLemon[58317:480578] [AUTO_EXIT_CHECK] Checking EOF conditions...
2026-01-21 03:14:16.944 RedLemon[58317:480578] [AUTO_EXIT_CHECK] No exit condition met - continuing to monitor...
2026-01-21 03:14:17.944 RedLemon[58317:480578] [AUTO_EXIT_CHECK] isEventPlayback: true
2026-01-21 03:14:17.944 RedLemon[58317:480578] [AUTO_EXIT_CHECK] isLoading: false, isResolvingStream: false
2026-01-21 03:14:17.945 RedLemon[58317:480578] [AUTO_EXIT_CHECK] playbackFinished: false, isPlaying: true
2026-01-21 03:14:17.945 RedLemon[58317:480578] [AUTO_EXIT_CHECK] Position: 4884.76s / Duration: 5406.99s
2026-01-21 03:14:17.945 RedLemon[58317:480578] [AUTO_EXIT_CHECK] Checking EOF conditions...
2026-01-21 03:14:17.945 RedLemon[58317:480578] [AUTO_EXIT_CHECK] No exit condition met - continuing to monitor...
2026-01-21 03:14:18.986 RedLemon[58317:480578] [AUTO_EXIT_CHECK] isEventPlayback: true
2026-01-21 03:14:18.986 RedLemon[58317:480578] [AUTO_EXIT_CHECK] isLoading: false, isResolvingStream: false
2026-01-21 03:14:18.986 RedLemon[58317:480578] [AUTO_EXIT_CHECK] playbackFinished: false, isPlaying: true
2026-01-21 03:14:18.987 RedLemon[58317:480578] [AUTO_EXIT_CHECK] Position: 4885.6359999999995s / Duration: 5406.99s
2026-01-21 03:14:18.987 RedLemon[58317:480578] [AUTO_EXIT_CHECK] Checking EOF conditions...
2026-01-21 03:14:18.987 RedLemon[58317:480578] [AUTO_EXIT_CHECK] No exit condition met - continuing to monitor...
2026-01-21 03:14:19.946 RedLemon[58317:480578] [AUTO_EXIT_CHECK] isEventPlayback: true
2026-01-21 03:14:19.946 RedLemon[58317:480578] [AUTO_EXIT_CHECK] isLoading: false, isResolvingStream: false
2026-01-21 03:14:19.946 RedLemon[58317:480578] [AUTO_EXIT_CHECK] playbackFinished: false, isPlaying: true
2026-01-21 03:14:19.946 RedLemon[58317:480578] [AUTO_EXIT_CHECK] Position: 4886.512s / Duration: 5406.99s
2026-01-21 03:14:19.947 RedLemon[58317:480578] [AUTO_EXIT_CHECK] Checking EOF conditions...
2026-01-21 03:14:19.947 RedLemon[58317:480578] [AUTO_EXIT_CHECK] No exit condition met - continuing to monitor...
2026-01-21 03:14:20.946 RedLemon[58317:480578] [AUTO_EXIT_CHECK] isEventPlayback: true
2026-01-21 03:14:20.946 RedLemon[58317:480578] [AUTO_EXIT_CHECK] isLoading: false, isResolvingStream: false
2026-01-21 03:14:20.947 RedLemon[58317:480578] [AUTO_EXIT_CHECK] playbackFinished: false, isPlaying: true
2026-01-21 03:14:20.947 RedLemon[58317:480578] [AUTO_EXIT_CHECK] Position: 4887.679s / Duration: 5406.99s
2026-01-21 03:14:20.947 RedLemon[58317:480578] [AUTO_EXIT_CHECK] Checking EOF conditions...
2026-01-21 03:14:20.947 RedLemon[58317:480578] [AUTO_EXIT_CHECK] No exit condition met - continuing to monitor...
2026-01-21 03:14:21.948 RedLemon[58317:480578] [AUTO_EXIT_CHECK] isEventPlayback: true
2026-01-21 03:14:21.948 RedLemon[58317:480578] [AUTO_EXIT_CHECK] isLoading: false, isResolvingStream: false
2026-01-21 03:14:21.948 RedLemon[58317:480578] [AUTO_EXIT_CHECK] playbackFinished: false, isPlaying: true
2026-01-21 03:14:21.948 RedLemon[58317:480578] [AUTO_EXIT_CHECK] Position: 4888.554999999999s / Duration: 5406.99s
2026-01-21 03:14:21.948 RedLemon[58317:480578] [AUTO_EXIT_CHECK] Checking EOF conditions...
2026-01-21 03:14:21.948 RedLemon[58317:480578] [AUTO_EXIT_CHECK] No exit condition met - continuing to monitor...
2026-01-21 03:14:22.990 RedLemon[58317:480578] [AUTO_EXIT_CHECK] isEventPlayback: true
2026-01-21 03:14:22.990 RedLemon[58317:480578] [AUTO_EXIT_CHECK] isLoading: false, isResolvingStream: false
2026-01-21 03:14:22.990 RedLemon[58317:480578] [AUTO_EXIT_CHECK] playbackFinished: false, isPlaying: true
2026-01-21 03:14:22.991 RedLemon[58317:480578] [AUTO_EXIT_CHECK] Position: 4889.723s / Duration: 5406.99s
2026-01-21 03:14:22.991 RedLemon[58317:480578] [AUTO_EXIT_CHECK] Checking EOF conditions...
2026-01-21 03:14:22.991 RedLemon[58317:480578] [AUTO_EXIT_CHECK] No exit condition met - continuing to monitor...
2026-01-21 03:14:24.033 RedLemon[58317:480578] [AUTO_EXIT_CHECK] isEventPlayback: true
2026-01-21 03:14:24.033 RedLemon[58317:480578] [AUTO_EXIT_CHECK] isLoading: false, isResolvingStream: false
2026-01-21 03:14:24.033 RedLemon[58317:480578] [AUTO_EXIT_CHECK] playbackFinished: false, isPlaying: true
2026-01-21 03:14:24.034 RedLemon[58317:480578] [AUTO_EXIT_CHECK] Position: 4890.599s / Duration: 5406.99s
2026-01-21 03:14:24.034 RedLemon[58317:480578] [AUTO_EXIT_CHECK] Checking EOF conditions...
2026-01-21 03:14:24.034 RedLemon[58317:480578] [AUTO_EXIT_CHECK] No exit condition met - continuing to monitor...
2026-01-21 03:14:24.951 RedLemon[58317:480578] [AUTO_EXIT_CHECK] isEventPlayback: true
2026-01-21 03:14:24.952 RedLemon[58317:480578] [AUTO_EXIT_CHECK] isLoading: false, isResolvingStream: false
2026-01-21 03:14:24.952 RedLemon[58317:480578] [AUTO_EXIT_CHECK] playbackFinished: false, isPlaying: true
2026-01-21 03:14:24.952 RedLemon[58317:480578] [AUTO_EXIT_CHECK] Position: 4891.767s / Duration: 5406.99s
2026-01-21 03:14:24.952 RedLemon[58317:480578] [AUTO_EXIT_CHECK] Checking EOF conditions...
2026-01-21 03:14:24.952 RedLemon[58317:480578] [AUTO_EXIT_CHECK] No exit condition met - continuing to monitor...
2026-01-21 03:14:25.951 RedLemon[58317:480578] [AUTO_EXIT_CHECK] isEventPlayback: true
2026-01-21 03:14:25.952 RedLemon[58317:480578] [AUTO_EXIT_CHECK] isLoading: false, isResolvingStream: false
2026-01-21 03:14:25.952 RedLemon[58317:480578] [AUTO_EXIT_CHECK] playbackFinished: false, isPlaying: true
2026-01-21 03:14:25.952 RedLemon[58317:480578] [AUTO_EXIT_CHECK] Position: 4892.643s / Duration: 5406.99s
2026-01-21 03:14:25.952 RedLemon[58317:480578] [AUTO_EXIT_CHECK] Checking EOF conditions...
2026-01-21 03:14:25.952 RedLemon[58317:480578] [AUTO_EXIT_CHECK] No exit condition met - continuing to monitor...
2026-01-21 03:14:26.952 RedLemon[58317:480578] [AUTO_EXIT_CHECK] isEventPlayback: true
2026-01-21 03:14:26.952 RedLemon[58317:480578] [AUTO_EXIT_CHECK] isLoading: false, isResolvingStream: false
2026-01-21 03:14:26.952 RedLemon[58317:480578] [AUTO_EXIT_CHECK] playbackFinished: false, isPlaying: true
2026-01-21 03:14:26.952 RedLemon[58317:480578] [AUTO_EXIT_CHECK] Position: 4893.518s / Duration: 5406.99s
2026-01-21 03:14:26.952 RedLemon[58317:480578] [AUTO_EXIT_CHECK] Checking EOF conditions...
2026-01-21 03:14:26.952 RedLemon[58317:480578] [AUTO_EXIT_CHECK] No exit condition met - continuing to monitor...
2026-01-21 03:14:28.038 RedLemon[58317:480578] [AUTO_EXIT_CHECK] isEventPlayback: true
2026-01-21 03:14:28.038 RedLemon[58317:480578] [AUTO_EXIT_CHECK] isLoading: false, isResolvingStream: false
2026-01-21 03:14:28.038 RedLemon[58317:480578] [AUTO_EXIT_CHECK] playbackFinished: false, isPlaying: true
2026-01-21 03:14:28.038 RedLemon[58317:480578] [AUTO_EXIT_CHECK] Position: 4894.687s / Duration: 5406.99s
2026-01-21 03:14:28.038 RedLemon[58317:480578] [AUTO_EXIT_CHECK] Checking EOF conditions...
2026-01-21 03:14:28.038 RedLemon[58317:480578] [AUTO_EXIT_CHECK] No exit condition met - continuing to monitor...
2026-01-21 03:14:28.081 RedLemon[58317:482683] 🔐 SupabaseClient: Signing Identity Payload: '1768983268656daa91-33b4-4688-9135-c982ea52d7c9/rpc/room_heartbeat'
2026-01-21 03:14:28.082 RedLemon[58317:482683] 🔐 Signed request to /rpc/room_heartbeat
2026-01-21 03:14:28.955 RedLemon[58317:480578] [AUTO_EXIT_CHECK] isEventPlayback: true
2026-01-21 03:14:28.956 RedLemon[58317:480578] [AUTO_EXIT_CHECK] isLoading: false, isResolvingStream: false
2026-01-21 03:14:28.956 RedLemon[58317:480578] [AUTO_EXIT_CHECK] playbackFinished: false, isPlaying: true
2026-01-21 03:14:28.956 RedLemon[58317:480578] [AUTO_EXIT_CHECK] Position: 4895.562s / Duration: 5406.99s
2026-01-21 03:14:28.956 RedLemon[58317:480578] [AUTO_EXIT_CHECK] Checking EOF conditions...
2026-01-21 03:14:28.957 RedLemon[58317:480578] [AUTO_EXIT_CHECK] No exit condition met - continuing to monitor...
2026-01-21 03:14:29.956 RedLemon[58317:480578] [AUTO_EXIT_CHECK] isEventPlayback: true
2026-01-21 03:14:29.956 RedLemon[58317:480578] [AUTO_EXIT_CHECK] isLoading: false, isResolvingStream: false
2026-01-21 03:14:29.957 RedLemon[58317:480578] [AUTO_EXIT_CHECK] playbackFinished: false, isPlaying: true
2026-01-21 03:14:29.957 RedLemon[58317:480578] [AUTO_EXIT_CHECK] Position: 4896.73s / Duration: 5406.99s
2026-01-21 03:14:29.957 RedLemon[58317:480578] [AUTO_EXIT_CHECK] Checking EOF conditions...
2026-01-21 03:14:29.957 RedLemon[58317:480578] [AUTO_EXIT_CHECK] No exit condition met - continuing to monitor...
2026-01-21 03:14:30.956 RedLemon[58317:480578] [AUTO_EXIT_CHECK] isEventPlayback: true
2026-01-21 03:14:30.956 RedLemon[58317:480578] [AUTO_EXIT_CHECK] isLoading: false, isResolvingStream: false
2026-01-21 03:14:30.956 RedLemon[58317:480578] [AUTO_EXIT_CHECK] playbackFinished: false, isPlaying: true
2026-01-21 03:14:30.957 RedLemon[58317:480578] [AUTO_EXIT_CHECK] Position: 4897.606s / Duration: 5406.99s
2026-01-21 03:14:30.957 RedLemon[58317:480578] [AUTO_EXIT_CHECK] Checking EOF conditions...
2026-01-21 03:14:30.957 RedLemon[58317:480578] [AUTO_EXIT_CHECK] No exit condition met - continuing to monitor...
2026-01-21 03:14:31.960 RedLemon[58317:480578] [AUTO_EXIT_CHECK] isEventPlayback: true
2026-01-21 03:14:31.960 RedLemon[58317:480578] [AUTO_EXIT_CHECK] isLoading: false, isResolvingStream: false
2026-01-21 03:14:31.960 RedLemon[58317:480578] [AUTO_EXIT_CHECK] playbackFinished: false, isPlaying: true
2026-01-21 03:14:31.960 RedLemon[58317:480578] [AUTO_EXIT_CHECK] Position: 4898.773999999999s / Duration: 5406.99s
2026-01-21 03:14:31.960 RedLemon[58317:480578] [AUTO_EXIT_CHECK] Checking EOF conditions...
2026-01-21 03:14:31.960 RedLemon[58317:480578] [AUTO_EXIT_CHECK] No exit condition met - continuing to monitor...
2026-01-21 03:14:33.000 RedLemon[58317:480578] [AUTO_EXIT_CHECK] isEventPlayback: true
2026-01-21 03:14:33.000 RedLemon[58317:480578] [AUTO_EXIT_CHECK] isLoading: false, isResolvingStream: false
2026-01-21 03:14:33.000 RedLemon[58317:480578] [AUTO_EXIT_CHECK] playbackFinished: false, isPlaying: true
2026-01-21 03:14:33.000 RedLemon[58317:480578] [AUTO_EXIT_CHECK] Position: 4899.65s / Duration: 5406.99s
2026-01-21 03:14:33.000 RedLemon[58317:480578] [AUTO_EXIT_CHECK] Checking EOF conditions...
2026-01-21 03:14:33.001 RedLemon[58317:480578] [AUTO_EXIT_CHECK] No exit condition met - continuing to monitor...
2026-01-21 03:14:33.959 RedLemon[58317:480578] [AUTO_EXIT_CHECK] isEventPlayback: true
2026-01-21 03:14:33.959 RedLemon[58317:480578] [AUTO_EXIT_CHECK] isLoading: false, isResolvingStream: false
2026-01-21 03:14:33.959 RedLemon[58317:480578] [AUTO_EXIT_CHECK] playbackFinished: false, isPlaying: true
2026-01-21 03:14:33.959 RedLemon[58317:480578] [AUTO_EXIT_CHECK] Position: 4900.525s / Duration: 5406.99s
2026-01-21 03:14:33.960 RedLemon[58317:480578] [AUTO_EXIT_CHECK] Checking EOF conditions...
2026-01-21 03:14:33.960 RedLemon[58317:480578] [AUTO_EXIT_CHECK] No exit condition met - continuing to monitor...
2026-01-21 03:14:34.960 RedLemon[58317:480578] [AUTO_EXIT_CHECK] isEventPlayback: true
2026-01-21 03:14:34.961 RedLemon[58317:480578] [AUTO_EXIT_CHECK] isLoading: false, isResolvingStream: false
2026-01-21 03:14:34.961 RedLemon[58317:480578] [AUTO_EXIT_CHECK] playbackFinished: false, isPlaying: true
2026-01-21 03:14:34.961 RedLemon[58317:480578] [AUTO_EXIT_CHECK] Position: 4901.693s / Duration: 5406.99s
2026-01-21 03:14:34.961 RedLemon[58317:480578] [AUTO_EXIT_CHECK] Checking EOF conditions...
2026-01-21 03:14:34.961 RedLemon[58317:480578] [AUTO_EXIT_CHECK] No exit condition met - continuing to monitor...
2026-01-21 03:14:35.921 RedLemon[58317:480578] [AUTO_EXIT_CHECK] isEventPlayback: true
2026-01-21 03:14:35.921 RedLemon[58317:480578] [AUTO_EXIT_CHECK] isLoading: false, isResolvingStream: false
2026-01-21 03:14:35.921 RedLemon[58317:480578] [AUTO_EXIT_CHECK] playbackFinished: false, isPlaying: true
2026-01-21 03:14:35.921 RedLemon[58317:480578] [AUTO_EXIT_CHECK] Position: 4902.5689999999995s / Duration: 5406.99s
2026-01-21 03:14:35.922 RedLemon[58317:480578] [AUTO_EXIT_CHECK] Checking EOF conditions...
2026-01-21 03:14:35.922 RedLemon[58317:480578] [AUTO_EXIT_CHECK] No exit condition met - continuing to monitor...
2026-01-21 03:14:37.004 RedLemon[58317:480578] [AUTO_EXIT_CHECK] isEventPlayback: true
2026-01-21 03:14:37.004 RedLemon[58317:480578] [AUTO_EXIT_CHECK] isLoading: false, isResolvingStream: false
2026-01-21 03:14:37.004 RedLemon[58317:480578] [AUTO_EXIT_CHECK] playbackFinished: false, isPlaying: true
2026-01-21 03:14:37.005 RedLemon[58317:480578] [AUTO_EXIT_CHECK] Position: 4903.737s / Duration: 5406.99s
2026-01-21 03:14:37.005 RedLemon[58317:480578] [AUTO_EXIT_CHECK] Checking EOF conditions...
2026-01-21 03:14:37.005 RedLemon[58317:480578] [AUTO_EXIT_CHECK] No exit condition met - continuing to monitor...
2026-01-21 03:14:38.006 RedLemon[58317:480578] [AUTO_EXIT_CHECK] isEventPlayback: true
2026-01-21 03:14:38.006 RedLemon[58317:480578] [AUTO_EXIT_CHECK] isLoading: false, isResolvingStream: false
2026-01-21 03:14:38.006 RedLemon[58317:480578] [AUTO_EXIT_CHECK] playbackFinished: false, isPlaying: true
2026-01-21 03:14:38.007 RedLemon[58317:480578] [AUTO_EXIT_CHECK] Position: 4904.612s / Duration: 5406.99s
2026-01-21 03:14:38.007 RedLemon[58317:480578] [AUTO_EXIT_CHECK] Checking EOF conditions...
2026-01-21 03:14:38.007 RedLemon[58317:480578] [AUTO_EXIT_CHECK] No exit condition met - continuing to monitor...
2026-01-21 03:14:38.924 RedLemon[58317:480578] [AUTO_EXIT_CHECK] isEventPlayback: true
2026-01-21 03:14:38.924 RedLemon[58317:480578] [AUTO_EXIT_CHECK] isLoading: false, isResolvingStream: false
2026-01-21 03:14:38.925 RedLemon[58317:480578] [AUTO_EXIT_CHECK] playbackFinished: false, isPlaying: true
2026-01-21 03:14:38.925 RedLemon[58317:480578] [AUTO_EXIT_CHECK] Position: 4905.489s / Duration: 5406.99s
2026-01-21 03:14:38.925 RedLemon[58317:480578] [AUTO_EXIT_CHECK] Checking EOF conditions...
2026-01-21 03:14:38.925 RedLemon[58317:480578] [AUTO_EXIT_CHECK] No exit condition met - continuing to monitor...
2026-01-21 03:14:39.926 RedLemon[58317:480578] [AUTO_EXIT_CHECK] isEventPlayback: true
2026-01-21 03:14:39.926 RedLemon[58317:480578] [AUTO_EXIT_CHECK] isLoading: false, isResolvingStream: false
2026-01-21 03:14:39.927 RedLemon[58317:480578] [AUTO_EXIT_CHECK] playbackFinished: false, isPlaying: true
2026-01-21 03:14:39.927 RedLemon[58317:480578] [AUTO_EXIT_CHECK] Position: 4906.657s / Duration: 5406.99s
2026-01-21 03:14:39.927 RedLemon[58317:480578] [AUTO_EXIT_CHECK] Checking EOF conditions...
2026-01-21 03:14:39.927 RedLemon[58317:480578] [AUTO_EXIT_CHECK] No exit condition met - continuing to monitor...
2026-01-21 03:14:40.967 RedLemon[58317:480578] [AUTO_EXIT_CHECK] isEventPlayback: true
2026-01-21 03:14:40.967 RedLemon[58317:480578] [AUTO_EXIT_CHECK] isLoading: false, isResolvingStream: false
2026-01-21 03:14:40.967 RedLemon[58317:480578] [AUTO_EXIT_CHECK] playbackFinished: false, isPlaying: true
2026-01-21 03:14:40.967 RedLemon[58317:480578] [AUTO_EXIT_CHECK] Position: 4907.532999999999s / Duration: 5406.99s
2026-01-21 03:14:40.968 RedLemon[58317:480578] [AUTO_EXIT_CHECK] Checking EOF conditions...
2026-01-21 03:14:40.968 RedLemon[58317:480578] [AUTO_EXIT_CHECK] No exit condition met - continuing to monitor...
2026-01-21 03:14:42.095 RedLemon[58317:480578] [AUTO_EXIT_CHECK] isEventPlayback: true
2026-01-21 03:14:42.095 RedLemon[58317:480578] [AUTO_EXIT_CHECK] isLoading: false, isResolvingStream: false
2026-01-21 03:14:42.095 RedLemon[58317:480578] [AUTO_EXIT_CHECK] playbackFinished: false, isPlaying: true
2026-01-21 03:14:42.095 RedLemon[58317:480578] [AUTO_EXIT_CHECK] Position: 4908.7s / Duration: 5406.99s
2026-01-21 03:14:42.095 RedLemon[58317:480578] [AUTO_EXIT_CHECK] Checking EOF conditions...
2026-01-21 03:14:42.095 RedLemon[58317:480578] [AUTO_EXIT_CHECK] No exit condition met - continuing to monitor...
2026-01-21 03:14:42.927 RedLemon[58317:480578] [AUTO_EXIT_CHECK] isEventPlayback: true
2026-01-21 03:14:42.927 RedLemon[58317:480578] [AUTO_EXIT_CHECK] isLoading: false, isResolvingStream: false
2026-01-21 03:14:42.927 RedLemon[58317:480578] [AUTO_EXIT_CHECK] playbackFinished: false, isPlaying: true
2026-01-21 03:14:42.927 RedLemon[58317:480578] [AUTO_EXIT_CHECK] Position: 4909.576s / Duration: 5406.99s
2026-01-21 03:14:42.927 RedLemon[58317:480578] [AUTO_EXIT_CHECK] Checking EOF conditions...
2026-01-21 03:14:42.927 RedLemon[58317:480578] [AUTO_EXIT_CHECK] No exit condition met - continuing to monitor...
2026-01-21 03:14:43.928 RedLemon[58317:480578] [AUTO_EXIT_CHECK] isEventPlayback: true
2026-01-21 03:14:43.928 RedLemon[58317:480578] [AUTO_EXIT_CHECK] isLoading: false, isResolvingStream: false
2026-01-21 03:14:43.928 RedLemon[58317:480578] [AUTO_EXIT_CHECK] playbackFinished: false, isPlaying: true
2026-01-21 03:14:43.928 RedLemon[58317:480578] [AUTO_EXIT_CHECK] Position: 4910.744s / Duration: 5406.99s
2026-01-21 03:14:43.928 RedLemon[58317:480578] [AUTO_EXIT_CHECK] Checking EOF conditions...
2026-01-21 03:14:43.929 RedLemon[58317:480578] [AUTO_EXIT_CHECK] No exit condition met - continuing to monitor...
2026-01-21 03:14:44.930 RedLemon[58317:480578] [AUTO_EXIT_CHECK] isEventPlayback: true
2026-01-21 03:14:44.930 RedLemon[58317:480578] [AUTO_EXIT_CHECK] isLoading: false, isResolvingStream: false
2026-01-21 03:14:44.930 RedLemon[58317:480578] [AUTO_EXIT_CHECK] playbackFinished: false, isPlaying: true
2026-01-21 03:14:44.931 RedLemon[58317:480578] [AUTO_EXIT_CHECK] Position: 4911.62s / Duration: 5406.99s
2026-01-21 03:14:44.931 RedLemon[58317:480578] [AUTO_EXIT_CHECK] Checking EOF conditions...
2026-01-21 03:14:44.931 RedLemon[58317:480578] [AUTO_EXIT_CHECK] No exit condition met - continuing to monitor...
2026-01-21 03:14:45.972 RedLemon[58317:480578] [AUTO_EXIT_CHECK] isEventPlayback: true
2026-01-21 03:14:45.972 RedLemon[58317:480578] [AUTO_EXIT_CHECK] isLoading: false, isResolvingStream: false
2026-01-21 03:14:45.972 RedLemon[58317:480578] [AUTO_EXIT_CHECK] playbackFinished: false, isPlaying: true
2026-01-21 03:14:45.973 RedLemon[58317:480578] [AUTO_EXIT_CHECK] Position: 4912.788s / Duration: 5406.99s
2026-01-21 03:14:45.973 RedLemon[58317:480578] [AUTO_EXIT_CHECK] Checking EOF conditions...
2026-01-21 03:14:45.973 RedLemon[58317:480578] [AUTO_EXIT_CHECK] No exit condition met - continuing to monitor...
2026-01-21 03:14:46.973 RedLemon[58317:480578] [AUTO_EXIT_CHECK] isEventPlayback: true
2026-01-21 03:14:46.974 RedLemon[58317:480578] [AUTO_EXIT_CHECK] isLoading: false, isResolvingStream: false
2026-01-21 03:14:46.974 RedLemon[58317:480578] [AUTO_EXIT_CHECK] playbackFinished: false, isPlaying: true
2026-01-21 03:14:46.974 RedLemon[58317:480578] [AUTO_EXIT_CHECK] Position: 4913.664s / Duration: 5406.99s
2026-01-21 03:14:46.974 RedLemon[58317:480578] [AUTO_EXIT_CHECK] Checking EOF conditions...
2026-01-21 03:14:46.974 RedLemon[58317:480578] [AUTO_EXIT_CHECK] No exit condition met - continuing to monitor...
2026-01-21 03:14:47.931 RedLemon[58317:480578] [AUTO_EXIT_CHECK] isEventPlayback: true
2026-01-21 03:14:47.931 RedLemon[58317:480578] [AUTO_EXIT_CHECK] isLoading: false, isResolvingStream: false
2026-01-21 03:14:47.931 RedLemon[58317:480578] [AUTO_EXIT_CHECK] playbackFinished: false, isPlaying: true
2026-01-21 03:14:47.931 RedLemon[58317:480578] [AUTO_EXIT_CHECK] Position: 4914.539s / Duration: 5406.99s
2026-01-21 03:14:47.931 RedLemon[58317:480578] [AUTO_EXIT_CHECK] Checking EOF conditions...
2026-01-21 03:14:47.932 RedLemon[58317:480578] [AUTO_EXIT_CHECK] No exit condition met - continuing to monitor...
2026-01-21 03:14:48.934 RedLemon[58317:480578] [AUTO_EXIT_CHECK] isEventPlayback: true
2026-01-21 03:14:48.934 RedLemon[58317:480578] [AUTO_EXIT_CHECK] isLoading: false, isResolvingStream: false
2026-01-21 03:14:48.934 RedLemon[58317:480578] [AUTO_EXIT_CHECK] playbackFinished: false, isPlaying: true
2026-01-21 03:14:48.935 RedLemon[58317:480578] [AUTO_EXIT_CHECK] Position: 4915.706999999999s / Duration: 5406.99s
2026-01-21 03:14:48.935 RedLemon[58317:480578] [AUTO_EXIT_CHECK] Checking EOF conditions...
2026-01-21 03:14:48.935 RedLemon[58317:480578] [AUTO_EXIT_CHECK] No exit condition met - continuing to monitor...
2026-01-21 03:14:49.934 RedLemon[58317:480578] [AUTO_EXIT_CHECK] isEventPlayback: true
2026-01-21 03:14:49.934 RedLemon[58317:480578] [AUTO_EXIT_CHECK] isLoading: false, isResolvingStream: false
2026-01-21 03:14:49.934 RedLemon[58317:480578] [AUTO_EXIT_CHECK] playbackFinished: false, isPlaying: true
2026-01-21 03:14:49.934 RedLemon[58317:480578] [AUTO_EXIT_CHECK] Position: 4916.584s / Duration: 5406.99s
2026-01-21 03:14:49.935 RedLemon[58317:480578] [AUTO_EXIT_CHECK] Checking EOF conditions...
2026-01-21 03:14:49.935 RedLemon[58317:480578] [AUTO_EXIT_CHECK] No exit condition met - continuing to monitor...
2026-01-21 03:14:51.019 RedLemon[58317:480578] [AUTO_EXIT_CHECK] isEventPlayback: true
2026-01-21 03:14:51.019 RedLemon[58317:480578] [AUTO_EXIT_CHECK] isLoading: false, isResolvingStream: false
2026-01-21 03:14:51.019 RedLemon[58317:480578] [AUTO_EXIT_CHECK] playbackFinished: false, isPlaying: true
2026-01-21 03:14:51.019 RedLemon[58317:480578] [AUTO_EXIT_CHECK] Position: 4917.751s / Duration: 5406.99s
2026-01-21 03:14:51.020 RedLemon[58317:480578] [AUTO_EXIT_CHECK] Checking EOF conditions...
2026-01-21 03:14:51.020 RedLemon[58317:480578] [AUTO_EXIT_CHECK] No exit condition met - continuing to monitor...
2026-01-21 03:14:51.977 RedLemon[58317:480578] [AUTO_EXIT_CHECK] isEventPlayback: true
2026-01-21 03:14:51.978 RedLemon[58317:480578] [AUTO_EXIT_CHECK] isLoading: false, isResolvingStream: false
2026-01-21 03:14:51.978 RedLemon[58317:480578] [AUTO_EXIT_CHECK] playbackFinished: false, isPlaying: true
2026-01-21 03:14:51.978 RedLemon[58317:480578] [AUTO_EXIT_CHECK] Position: 4918.6269999999995s / Duration: 5406.99s
2026-01-21 03:14:51.978 RedLemon[58317:480578] [AUTO_EXIT_CHECK] Checking EOF conditions...
2026-01-21 03:14:51.978 RedLemon[58317:480578] [AUTO_EXIT_CHECK] No exit condition met - continuing to monitor...
2026-01-21 03:14:52.938 RedLemon[58317:480578] [AUTO_EXIT_CHECK] isEventPlayback: true
2026-01-21 03:14:52.939 RedLemon[58317:480578] [AUTO_EXIT_CHECK] isLoading: false, isResolvingStream: false
2026-01-21 03:14:52.939 RedLemon[58317:480578] [AUTO_EXIT_CHECK] playbackFinished: false, isPlaying: true
2026-01-21 03:14:52.939 RedLemon[58317:480578] [AUTO_EXIT_CHECK] Position: 4919.5019999999995s / Duration: 5406.99s
2026-01-21 03:14:52.939 RedLemon[58317:480578] [AUTO_EXIT_CHECK] Checking EOF conditions...
2026-01-21 03:14:52.939 RedLemon[58317:480578] [AUTO_EXIT_CHECK] No exit condition met - continuing to monitor...
2026-01-21 03:14:53.940 RedLemon[58317:480578] [AUTO_EXIT_CHECK] isEventPlayback: true
2026-01-21 03:14:53.940 RedLemon[58317:480578] [AUTO_EXIT_CHECK] isLoading: false, isResolvingStream: false
2026-01-21 03:14:53.940 RedLemon[58317:480578] [AUTO_EXIT_CHECK] playbackFinished: false, isPlaying: true
2026-01-21 03:14:53.940 RedLemon[58317:480578] [AUTO_EXIT_CHECK] Position: 4920.67s / Duration: 5406.99s
2026-01-21 03:14:53.940 RedLemon[58317:480578] [AUTO_EXIT_CHECK] Checking EOF conditions...
2026-01-21 03:14:53.941 RedLemon[58317:480578] [AUTO_EXIT_CHECK] No exit condition met - continuing to monitor...
2026-01-21 03:14:54.939 RedLemon[58317:480578] [AUTO_EXIT_CHECK] isEventPlayback: true
2026-01-21 03:14:54.940 RedLemon[58317:480578] [AUTO_EXIT_CHECK] isLoading: false, isResolvingStream: false
2026-01-21 03:14:54.940 RedLemon[58317:480578] [AUTO_EXIT_CHECK] playbackFinished: false, isPlaying: true
2026-01-21 03:14:54.940 RedLemon[58317:480578] [AUTO_EXIT_CHECK] Position: 4921.545999999999s / Duration: 5406.99s
2026-01-21 03:14:54.940 RedLemon[58317:480578] [AUTO_EXIT_CHECK] Checking EOF conditions...
2026-01-21 03:14:54.940 RedLemon[58317:480578] [AUTO_EXIT_CHECK] No exit condition met - continuing to monitor...
2026-01-21 03:14:55.983 RedLemon[58317:480578] [AUTO_EXIT_CHECK] isEventPlayback: true
2026-01-21 03:14:55.983 RedLemon[58317:480578] [AUTO_EXIT_CHECK] isLoading: false, isResolvingStream: false
2026-01-21 03:14:55.983 RedLemon[58317:480578] [AUTO_EXIT_CHECK] playbackFinished: false, isPlaying: true
2026-01-21 03:14:55.983 RedLemon[58317:480578] [AUTO_EXIT_CHECK] Position: 4922.714s / Duration: 5406.99s
2026-01-21 03:14:55.983 RedLemon[58317:480578] [AUTO_EXIT_CHECK] Checking EOF conditions...
2026-01-21 03:14:55.984 RedLemon[58317:480578] [AUTO_EXIT_CHECK] No exit condition met - continuing to monitor...
2026-01-21 03:14:56.942 RedLemon[58317:480578] [AUTO_EXIT_CHECK] isEventPlayback: true
2026-01-21 03:14:56.942 RedLemon[58317:480578] [AUTO_EXIT_CHECK] isLoading: false, isResolvingStream: false
2026-01-21 03:14:56.943 RedLemon[58317:480578] [AUTO_EXIT_CHECK] playbackFinished: false, isPlaying: true
2026-01-21 03:14:56.943 RedLemon[58317:480578] [AUTO_EXIT_CHECK] Position: 4923.59s / Duration: 5406.99s
2026-01-21 03:14:56.943 RedLemon[58317:480578] [AUTO_EXIT_CHECK] Checking EOF conditions...
2026-01-21 03:14:56.943 RedLemon[58317:480578] [AUTO_EXIT_CHECK] No exit condition met - continuing to monitor...
2026-01-21 03:14:57.943 RedLemon[58317:480578] [AUTO_EXIT_CHECK] isEventPlayback: true
2026-01-21 03:14:57.943 RedLemon[58317:480578] [AUTO_EXIT_CHECK] isLoading: false, isResolvingStream: false
2026-01-21 03:14:57.943 RedLemon[58317:480578] [AUTO_EXIT_CHECK] playbackFinished: false, isPlaying: true
2026-01-21 03:14:57.943 RedLemon[58317:480578] [AUTO_EXIT_CHECK] Position: 4924.758s / Duration: 5406.99s
2026-01-21 03:14:57.944 RedLemon[58317:480578] [AUTO_EXIT_CHECK] Checking EOF conditions...
2026-01-21 03:14:57.944 RedLemon[58317:480578] [AUTO_EXIT_CHECK] No exit condition met - continuing to monitor...
2026-01-21 03:14:58.446 RedLemon[58317:483524] 🔐 SupabaseClient: Signing Identity Payload: '1768983298656daa91-33b4-4688-9135-c982ea52d7c9/rpc/room_heartbeat'
2026-01-21 03:14:58.447 RedLemon[58317:483524] 🔐 Signed request to /rpc/room_heartbeat
2026-01-21 03:14:58.943 RedLemon[58317:480578] [AUTO_EXIT_CHECK] isEventPlayback: true
2026-01-21 03:14:58.944 RedLemon[58317:480578] [AUTO_EXIT_CHECK] isLoading: false, isResolvingStream: false
2026-01-21 03:14:58.944 RedLemon[58317:480578] [AUTO_EXIT_CHECK] playbackFinished: false, isPlaying: true
2026-01-21 03:14:58.944 RedLemon[58317:480578] [AUTO_EXIT_CHECK] Position: 4925.634s / Duration: 5406.99s
2026-01-21 03:14:58.944 RedLemon[58317:480578] [AUTO_EXIT_CHECK] Checking EOF conditions...
2026-01-21 03:14:58.944 RedLemon[58317:480578] [AUTO_EXIT_CHECK] No exit condition met - continuing to monitor...
2026-01-21 03:14:59.943 RedLemon[58317:480578] [AUTO_EXIT_CHECK] isEventPlayback: true
2026-01-21 03:14:59.943 RedLemon[58317:480578] [AUTO_EXIT_CHECK] isLoading: false, isResolvingStream: false
2026-01-21 03:14:59.944 RedLemon[58317:480578] [AUTO_EXIT_CHECK] playbackFinished: false, isPlaying: true
2026-01-21 03:14:59.944 RedLemon[58317:480578] [AUTO_EXIT_CHECK] Position: 4926.509s / Duration: 5406.99s
2026-01-21 03:14:59.944 RedLemon[58317:480578] [AUTO_EXIT_CHECK] Checking EOF conditions...
2026-01-21 03:14:59.944 RedLemon[58317:480578] [AUTO_EXIT_CHECK] No exit condition met - continuing to monitor...
2026-01-21 03:15:00.987 RedLemon[58317:480578] [AUTO_EXIT_CHECK] isEventPlayback: true
2026-01-21 03:15:00.987 RedLemon[58317:480578] [AUTO_EXIT_CHECK] isLoading: false, isResolvingStream: false
2026-01-21 03:15:00.987 RedLemon[58317:480578] [AUTO_EXIT_CHECK] playbackFinished: false, isPlaying: true
2026-01-21 03:15:00.988 RedLemon[58317:480578] [AUTO_EXIT_CHECK] Position: 4927.678s / Duration: 5406.99s
2026-01-21 03:15:00.988 RedLemon[58317:480578] [AUTO_EXIT_CHECK] Checking EOF conditions...
2026-01-21 03:15:00.988 RedLemon[58317:480578] [AUTO_EXIT_CHECK] No exit condition met - continuing to monitor...
2026-01-21 03:15:01.948 RedLemon[58317:480578] [AUTO_EXIT_CHECK] isEventPlayback: true
2026-01-21 03:15:01.948 RedLemon[58317:480578] [AUTO_EXIT_CHECK] isLoading: false, isResolvingStream: false
2026-01-21 03:15:01.948 RedLemon[58317:480578] [AUTO_EXIT_CHECK] playbackFinished: false, isPlaying: true
2026-01-21 03:15:01.948 RedLemon[58317:480578] [AUTO_EXIT_CHECK] Position: 4928.554s / Duration: 5406.99s
2026-01-21 03:15:01.948 RedLemon[58317:480578] [AUTO_EXIT_CHECK] Checking EOF conditions...
2026-01-21 03:15:01.948 RedLemon[58317:480578] [AUTO_EXIT_CHECK] No exit condition met - continuing to monitor...
2026-01-21 03:15:02.947 RedLemon[58317:480578] [AUTO_EXIT_CHECK] isEventPlayback: true
2026-01-21 03:15:02.947 RedLemon[58317:480578] [AUTO_EXIT_CHECK] isLoading: false, isResolvingStream: false
2026-01-21 03:15:02.947 RedLemon[58317:480578] [AUTO_EXIT_CHECK] playbackFinished: false, isPlaying: true
2026-01-21 03:15:02.947 RedLemon[58317:480578] [AUTO_EXIT_CHECK] Position: 4929.721s / Duration: 5406.99s
2026-01-21 03:15:02.948 RedLemon[58317:480578] [AUTO_EXIT_CHECK] Checking EOF conditions...
2026-01-21 03:15:02.948 RedLemon[58317:480578] [AUTO_EXIT_CHECK] No exit condition met - continuing to monitor...
2026-01-21 03:15:03.948 RedLemon[58317:480578] [AUTO_EXIT_CHECK] isEventPlayback: true
2026-01-21 03:15:03.949 RedLemon[58317:480578] [AUTO_EXIT_CHECK] isLoading: false, isResolvingStream: false
2026-01-21 03:15:03.949 RedLemon[58317:480578] [AUTO_EXIT_CHECK] playbackFinished: false, isPlaying: true
2026-01-21 03:15:03.949 RedLemon[58317:480578] [AUTO_EXIT_CHECK] Position: 4930.597s / Duration: 5406.99s
2026-01-21 03:15:03.949 RedLemon[58317:480578] [AUTO_EXIT_CHECK] Checking EOF conditions...
2026-01-21 03:15:03.950 RedLemon[58317:480578] [AUTO_EXIT_CHECK] No exit condition met - continuing to monitor...
2026-01-21 03:15:04.950 RedLemon[58317:480578] [AUTO_EXIT_CHECK] isEventPlayback: true
2026-01-21 03:15:04.950 RedLemon[58317:480578] [AUTO_EXIT_CHECK] isLoading: false, isResolvingStream: false
2026-01-21 03:15:04.951 RedLemon[58317:480578] [AUTO_EXIT_CHECK] playbackFinished: false, isPlaying: true
2026-01-21 03:15:04.951 RedLemon[58317:480578] [AUTO_EXIT_CHECK] Position: 4931.764999999999s / Duration: 5406.99s
2026-01-21 03:15:04.951 RedLemon[58317:480578] [AUTO_EXIT_CHECK] Checking EOF conditions...
2026-01-21 03:15:04.951 RedLemon[58317:480578] [AUTO_EXIT_CHECK] No exit condition met - continuing to monitor...
2026-01-21 03:15:06.036 RedLemon[58317:480578] [AUTO_EXIT_CHECK] isEventPlayback: true
2026-01-21 03:15:06.036 RedLemon[58317:480578] [AUTO_EXIT_CHECK] isLoading: false, isResolvingStream: false
2026-01-21 03:15:06.037 RedLemon[58317:480578] [AUTO_EXIT_CHECK] playbackFinished: false, isPlaying: true
2026-01-21 03:15:06.037 RedLemon[58317:480578] [AUTO_EXIT_CHECK] Position: 4932.641s / Duration: 5406.99s
2026-01-21 03:15:06.037 RedLemon[58317:480578] [AUTO_EXIT_CHECK] Checking EOF conditions...
2026-01-21 03:15:06.037 RedLemon[58317:480578] [AUTO_EXIT_CHECK] No exit condition met - continuing to monitor...
2026-01-21 03:15:06.954 RedLemon[58317:480578] [AUTO_EXIT_CHECK] isEventPlayback: true
2026-01-21 03:15:06.954 RedLemon[58317:480578] [AUTO_EXIT_CHECK] isLoading: false, isResolvingStream: false
2026-01-21 03:15:06.955 RedLemon[58317:480578] [AUTO_EXIT_CHECK] playbackFinished: false, isPlaying: true
2026-01-21 03:15:06.955 RedLemon[58317:480578] [AUTO_EXIT_CHECK] Position: 4933.517s / Duration: 5406.99s
2026-01-21 03:15:06.955 RedLemon[58317:480578] [AUTO_EXIT_CHECK] Checking EOF conditions...
2026-01-21 03:15:06.955 RedLemon[58317:480578] [AUTO_EXIT_CHECK] No exit condition met - continuing to monitor...
2026-01-21 03:15:07.954 RedLemon[58317:480578] [AUTO_EXIT_CHECK] isEventPlayback: true
2026-01-21 03:15:07.954 RedLemon[58317:480578] [AUTO_EXIT_CHECK] isLoading: false, isResolvingStream: false
2026-01-21 03:15:07.954 RedLemon[58317:480578] [AUTO_EXIT_CHECK] playbackFinished: false, isPlaying: true
2026-01-21 03:15:07.954 RedLemon[58317:480578] [AUTO_EXIT_CHECK] Position: 4934.684s / Duration: 5406.99s
2026-01-21 03:15:07.954 RedLemon[58317:480578] [AUTO_EXIT_CHECK] Checking EOF conditions...
2026-01-21 03:15:07.954 RedLemon[58317:480578] [AUTO_EXIT_CHECK] No exit condition met - continuing to monitor...
2026-01-21 03:15:08.954 RedLemon[58317:480578] [AUTO_EXIT_CHECK] isEventPlayback: true
2026-01-21 03:15:08.954 RedLemon[58317:480578] [AUTO_EXIT_CHECK] isLoading: false, isResolvingStream: false
2026-01-21 03:15:08.954 RedLemon[58317:480578] [AUTO_EXIT_CHECK] playbackFinished: false, isPlaying: true
2026-01-21 03:15:08.955 RedLemon[58317:480578] [AUTO_EXIT_CHECK] Position: 4935.5599999999995s / Duration: 5406.99s
2026-01-21 03:15:08.955 RedLemon[58317:480578] [AUTO_EXIT_CHECK] Checking EOF conditions...
2026-01-21 03:15:08.955 RedLemon[58317:480578] [AUTO_EXIT_CHECK] No exit condition met - continuing to monitor...
2026-01-21 03:15:09.997 RedLemon[58317:480578] [AUTO_EXIT_CHECK] isEventPlayback: true
2026-01-21 03:15:09.997 RedLemon[58317:480578] [AUTO_EXIT_CHECK] isLoading: false, isResolvingStream: false
2026-01-21 03:15:09.997 RedLemon[58317:480578] [AUTO_EXIT_CHECK] playbackFinished: false, isPlaying: true
2026-01-21 03:15:09.997 RedLemon[58317:480578] [AUTO_EXIT_CHECK] Position: 4936.728s / Duration: 5406.99s
2026-01-21 03:15:09.997 RedLemon[58317:480578] [AUTO_EXIT_CHECK] Checking EOF conditions...
2026-01-21 03:15:09.998 RedLemon[58317:480578] [AUTO_EXIT_CHECK] No exit condition met - continuing to monitor...
2026-01-21 03:15:10.957 RedLemon[58317:480578] [AUTO_EXIT_CHECK] isEventPlayback: true
2026-01-21 03:15:10.957 RedLemon[58317:480578] [AUTO_EXIT_CHECK] isLoading: false, isResolvingStream: false
2026-01-21 03:15:10.957 RedLemon[58317:480578] [AUTO_EXIT_CHECK] playbackFinished: false, isPlaying: true
2026-01-21 03:15:10.957 RedLemon[58317:480578] [AUTO_EXIT_CHECK] Position: 4937.603999999999s / Duration: 5406.99s
2026-01-21 03:15:10.958 RedLemon[58317:480578] [AUTO_EXIT_CHECK] Checking EOF conditions...
2026-01-21 03:15:10.958 RedLemon[58317:480578] [AUTO_EXIT_CHECK] No exit condition met - continuing to monitor...
2026-01-21 03:15:11.958 RedLemon[58317:480578] [AUTO_EXIT_CHECK] isEventPlayback: true
2026-01-21 03:15:11.959 RedLemon[58317:480578] [AUTO_EXIT_CHECK] isLoading: false, isResolvingStream: false
2026-01-21 03:15:11.959 RedLemon[58317:480578] [AUTO_EXIT_CHECK] playbackFinished: false, isPlaying: true
2026-01-21 03:15:11.959 RedLemon[58317:480578] [AUTO_EXIT_CHECK] Position: 4938.772s / Duration: 5406.99s
2026-01-21 03:15:11.959 RedLemon[58317:480578] [AUTO_EXIT_CHECK] Checking EOF conditions...
2026-01-21 03:15:11.959 RedLemon[58317:480578] [AUTO_EXIT_CHECK] No exit condition met - continuing to monitor...
2026-01-21 03:15:12.957 RedLemon[58317:480578] [AUTO_EXIT_CHECK] isEventPlayback: true
2026-01-21 03:15:12.958 RedLemon[58317:480578] [AUTO_EXIT_CHECK] isLoading: false, isResolvingStream: false
2026-01-21 03:15:12.958 RedLemon[58317:480578] [AUTO_EXIT_CHECK] playbackFinished: false, isPlaying: true
2026-01-21 03:15:12.958 RedLemon[58317:480578] [AUTO_EXIT_CHECK] Position: 4939.647s / Duration: 5406.99s
2026-01-21 03:15:12.958 RedLemon[58317:480578] [AUTO_EXIT_CHECK] Checking EOF conditions...
2026-01-21 03:15:12.958 RedLemon[58317:480578] [AUTO_EXIT_CHECK] No exit condition met - continuing to monitor...
2026-01-21 03:15:14.002 RedLemon[58317:480578] [AUTO_EXIT_CHECK] isEventPlayback: true
2026-01-21 03:15:14.002 RedLemon[58317:480578] [AUTO_EXIT_CHECK] isLoading: false, isResolvingStream: false
2026-01-21 03:15:14.002 RedLemon[58317:480578] [AUTO_EXIT_CHECK] playbackFinished: false, isPlaying: true
2026-01-21 03:15:14.002 RedLemon[58317:480578] [AUTO_EXIT_CHECK] Position: 4940.815s / Duration: 5406.99s
2026-01-21 03:15:14.002 RedLemon[58317:480578] [AUTO_EXIT_CHECK] Checking EOF conditions...
2026-01-21 03:15:14.002 RedLemon[58317:480578] [AUTO_EXIT_CHECK] No exit condition met - continuing to monitor...
2026-01-21 03:15:15.000 RedLemon[58317:480578] [AUTO_EXIT_CHECK] isEventPlayback: true
2026-01-21 03:15:15.001 RedLemon[58317:480578] [AUTO_EXIT_CHECK] isLoading: false, isResolvingStream: false
2026-01-21 03:15:15.001 RedLemon[58317:480578] [AUTO_EXIT_CHECK] playbackFinished: false, isPlaying: true
2026-01-21 03:15:15.001 RedLemon[58317:480578] [AUTO_EXIT_CHECK] Position: 4941.691s / Duration: 5406.99s
2026-01-21 03:15:15.001 RedLemon[58317:480578] [AUTO_EXIT_CHECK] Checking EOF conditions...
2026-01-21 03:15:15.001 RedLemon[58317:480578] [AUTO_EXIT_CHECK] No exit condition met - continuing to monitor...
2026-01-21 03:15:16.085 RedLemon[58317:480578] [AUTO_EXIT_CHECK] isEventPlayback: true
2026-01-21 03:15:16.085 RedLemon[58317:480578] [AUTO_EXIT_CHECK] isLoading: false, isResolvingStream: false
2026-01-21 03:15:16.085 RedLemon[58317:480578] [AUTO_EXIT_CHECK] playbackFinished: false, isPlaying: true
2026-01-21 03:15:16.086 RedLemon[58317:480578] [AUTO_EXIT_CHECK] Position: 4942.86s / Duration: 5406.99s
2026-01-21 03:15:16.086 RedLemon[58317:480578] [AUTO_EXIT_CHECK] Checking EOF conditions...
2026-01-21 03:15:16.086 RedLemon[58317:480578] [AUTO_EXIT_CHECK] No exit condition met - continuing to monitor...
2026-01-21 03:15:16.963 RedLemon[58317:480578] [AUTO_EXIT_CHECK] isEventPlayback: true
2026-01-21 03:15:16.963 RedLemon[58317:480578] [AUTO_EXIT_CHECK] isLoading: false, isResolvingStream: false
2026-01-21 03:15:16.963 RedLemon[58317:480578] [AUTO_EXIT_CHECK] playbackFinished: false, isPlaying: true
2026-01-21 03:15:16.963 RedLemon[58317:480578] [AUTO_EXIT_CHECK] Position: 4943.735s / Duration: 5406.99s
2026-01-21 03:15:16.964 RedLemon[58317:480578] [AUTO_EXIT_CHECK] Checking EOF conditions...
2026-01-21 03:15:16.964 RedLemon[58317:480578] [AUTO_EXIT_CHECK] No exit condition met - continuing to monitor...
2026-01-21 03:15:17.963 RedLemon[58317:480578] [AUTO_EXIT_CHECK] isEventPlayback: true
2026-01-21 03:15:17.963 RedLemon[58317:480578] [AUTO_EXIT_CHECK] isLoading: false, isResolvingStream: false
2026-01-21 03:15:17.963 RedLemon[58317:480578] [AUTO_EXIT_CHECK] playbackFinished: false, isPlaying: true
2026-01-21 03:15:17.963 RedLemon[58317:480578] [AUTO_EXIT_CHECK] Position: 4944.611s / Duration: 5406.99s
2026-01-21 03:15:17.963 RedLemon[58317:480578] [AUTO_EXIT_CHECK] Checking EOF conditions...
2026-01-21 03:15:17.964 RedLemon[58317:480578] [AUTO_EXIT_CHECK] No exit condition met - continuing to monitor...
2026-01-21 03:15:18.964 RedLemon[58317:480578] [AUTO_EXIT_CHECK] isEventPlayback: true
2026-01-21 03:15:18.964 RedLemon[58317:480578] [AUTO_EXIT_CHECK] isLoading: false, isResolvingStream: false
2026-01-21 03:15:18.964 RedLemon[58317:480578] [AUTO_EXIT_CHECK] playbackFinished: false, isPlaying: true
2026-01-21 03:15:18.964 RedLemon[58317:480578] [AUTO_EXIT_CHECK] Position: 4945.7789999999995s / Duration: 5406.99s
2026-01-21 03:15:18.965 RedLemon[58317:480578] [AUTO_EXIT_CHECK] Checking EOF conditions...
2026-01-21 03:15:18.965 RedLemon[58317:480578] [AUTO_EXIT_CHECK] No exit condition met - continuing to monitor...
2026-01-21 03:15:20.047 RedLemon[58317:480578] [AUTO_EXIT_CHECK] isEventPlayback: true
2026-01-21 03:15:20.047 RedLemon[58317:480578] [AUTO_EXIT_CHECK] isLoading: false, isResolvingStream: false
2026-01-21 03:15:20.047 RedLemon[58317:480578] [AUTO_EXIT_CHECK] playbackFinished: false, isPlaying: true
2026-01-21 03:15:20.048 RedLemon[58317:480578] [AUTO_EXIT_CHECK] Position: 4946.6539999999995s / Duration: 5406.99s
2026-01-21 03:15:20.048 RedLemon[58317:480578] [AUTO_EXIT_CHECK] Checking EOF conditions...
2026-01-21 03:15:20.048 RedLemon[58317:480578] [AUTO_EXIT_CHECK] No exit condition met - continuing to monitor...
2026-01-21 03:15:20.924 RedLemon[58317:480578] [AUTO_EXIT_CHECK] isEventPlayback: true
2026-01-21 03:15:20.924 RedLemon[58317:480578] [AUTO_EXIT_CHECK] isLoading: false, isResolvingStream: false
2026-01-21 03:15:20.924 RedLemon[58317:480578] [AUTO_EXIT_CHECK] playbackFinished: false, isPlaying: true
2026-01-21 03:15:20.925 RedLemon[58317:480578] [AUTO_EXIT_CHECK] Position: 4947.53s / Duration: 5406.99s
2026-01-21 03:15:20.925 RedLemon[58317:480578] [AUTO_EXIT_CHECK] Checking EOF conditions...
2026-01-21 03:15:20.925 RedLemon[58317:480578] [AUTO_EXIT_CHECK] No exit condition met - continuing to monitor...
2026-01-21 03:15:21.926 RedLemon[58317:480578] [AUTO_EXIT_CHECK] isEventPlayback: true
2026-01-21 03:15:21.926 RedLemon[58317:480578] [AUTO_EXIT_CHECK] isLoading: false, isResolvingStream: false
2026-01-21 03:15:21.926 RedLemon[58317:480578] [AUTO_EXIT_CHECK] playbackFinished: false, isPlaying: true
2026-01-21 03:15:21.927 RedLemon[58317:480578] [AUTO_EXIT_CHECK] Position: 4948.699s / Duration: 5406.99s
2026-01-21 03:15:21.927 RedLemon[58317:480578] [AUTO_EXIT_CHECK] Checking EOF conditions...
2026-01-21 03:15:21.927 RedLemon[58317:480578] [AUTO_EXIT_CHECK] No exit condition met - continuing to monitor...
2026-01-21 03:15:22.968 RedLemon[58317:480578] [AUTO_EXIT_CHECK] isEventPlayback: true
2026-01-21 03:15:22.968 RedLemon[58317:480578] [AUTO_EXIT_CHECK] isLoading: false, isResolvingStream: false
2026-01-21 03:15:22.968 RedLemon[58317:480578] [AUTO_EXIT_CHECK] playbackFinished: false, isPlaying: true
2026-01-21 03:15:22.968 RedLemon[58317:480578] [AUTO_EXIT_CHECK] Position: 4949.575s / Duration: 5406.99s
2026-01-21 03:15:22.969 RedLemon[58317:480578] [AUTO_EXIT_CHECK] Checking EOF conditions...
2026-01-21 03:15:22.969 RedLemon[58317:480578] [AUTO_EXIT_CHECK] No exit condition met - continuing to monitor...
2026-01-21 03:15:24.010 RedLemon[58317:480578] [AUTO_EXIT_CHECK] isEventPlayback: true
2026-01-21 03:15:24.011 RedLemon[58317:480578] [AUTO_EXIT_CHECK] isLoading: false, isResolvingStream: false
2026-01-21 03:15:24.011 RedLemon[58317:480578] [AUTO_EXIT_CHECK] playbackFinished: false, isPlaying: true
2026-01-21 03:15:24.011 RedLemon[58317:480578] [AUTO_EXIT_CHECK] Position: 4950.7429999999995s / Duration: 5406.99s
2026-01-21 03:15:24.011 RedLemon[58317:480578] [AUTO_EXIT_CHECK] Checking EOF conditions...
2026-01-21 03:15:24.011 RedLemon[58317:480578] [AUTO_EXIT_CHECK] No exit condition met - continuing to monitor...
2026-01-21 03:15:24.973 RedLemon[58317:480578] [AUTO_EXIT_CHECK] isEventPlayback: true
2026-01-21 03:15:24.973 RedLemon[58317:480578] [AUTO_EXIT_CHECK] isLoading: false, isResolvingStream: false
2026-01-21 03:15:24.973 RedLemon[58317:480578] [AUTO_EXIT_CHECK] playbackFinished: false, isPlaying: true
2026-01-21 03:15:24.974 RedLemon[58317:480578] [AUTO_EXIT_CHECK] Position: 4951.619s / Duration: 5406.99s
2026-01-21 03:15:24.974 RedLemon[58317:480578] [AUTO_EXIT_CHECK] Checking EOF conditions...
2026-01-21 03:15:24.974 RedLemon[58317:480578] [AUTO_EXIT_CHECK] No exit condition met - continuing to monitor...
2026-01-21 03:15:25.929 RedLemon[58317:480578] [AUTO_EXIT_CHECK] isEventPlayback: true
2026-01-21 03:15:25.929 RedLemon[58317:480578] [AUTO_EXIT_CHECK] isLoading: false, isResolvingStream: false
2026-01-21 03:15:25.929 RedLemon[58317:480578] [AUTO_EXIT_CHECK] playbackFinished: false, isPlaying: true
2026-01-21 03:15:25.929 RedLemon[58317:480578] [AUTO_EXIT_CHECK] Position: 4952.494s / Duration: 5406.99s
2026-01-21 03:15:25.930 RedLemon[58317:480578] [AUTO_EXIT_CHECK] Checking EOF conditions...
2026-01-21 03:15:25.930 RedLemon[58317:480578] [AUTO_EXIT_CHECK] No exit condition met - continuing to monitor...
2026-01-21 03:15:26.932 RedLemon[58317:480578] [AUTO_EXIT_CHECK] isEventPlayback: true
2026-01-21 03:15:26.932 RedLemon[58317:480578] [AUTO_EXIT_CHECK] isLoading: false, isResolvingStream: false
2026-01-21 03:15:26.932 RedLemon[58317:480578] [AUTO_EXIT_CHECK] playbackFinished: false, isPlaying: true
2026-01-21 03:15:26.932 RedLemon[58317:480578] [AUTO_EXIT_CHECK] Position: 4953.661999999999s / Duration: 5406.99s
2026-01-21 03:15:26.933 RedLemon[58317:480578] [AUTO_EXIT_CHECK] Checking EOF conditions...
2026-01-21 03:15:26.933 RedLemon[58317:480578] [AUTO_EXIT_CHECK] No exit condition met - continuing to monitor...
2026-01-21 03:15:27.934 RedLemon[58317:480578] [AUTO_EXIT_CHECK] isEventPlayback: true
2026-01-21 03:15:27.934 RedLemon[58317:480578] [AUTO_EXIT_CHECK] isLoading: false, isResolvingStream: false
2026-01-21 03:15:27.934 RedLemon[58317:480578] [AUTO_EXIT_CHECK] playbackFinished: false, isPlaying: true
2026-01-21 03:15:27.934 RedLemon[58317:480578] [AUTO_EXIT_CHECK] Position: 4954.536999999999s / Duration: 5406.99s
2026-01-21 03:15:27.934 RedLemon[58317:480578] [AUTO_EXIT_CHECK] Checking EOF conditions...
2026-01-21 03:15:27.934 RedLemon[58317:480578] [AUTO_EXIT_CHECK] No exit condition met - continuing to monitor...
2026-01-21 03:15:28.683 RedLemon[58317:483524] 🔐 SupabaseClient: Signing Identity Payload: '1768983328656daa91-33b4-4688-9135-c982ea52d7c9/rpc/room_heartbeat'
2026-01-21 03:15:28.684 RedLemon[58317:483524] 🔐 Signed request to /rpc/room_heartbeat
2026-01-21 03:15:29.060 RedLemon[58317:480578] [AUTO_EXIT_CHECK] isEventPlayback: true
2026-01-21 03:15:29.060 RedLemon[58317:480578] [AUTO_EXIT_CHECK] isLoading: false, isResolvingStream: false
2026-01-21 03:15:29.060 RedLemon[58317:480578] [AUTO_EXIT_CHECK] playbackFinished: false, isPlaying: true
2026-01-21 03:15:29.060 RedLemon[58317:480578] [AUTO_EXIT_CHECK] Position: 4955.706s / Duration: 5406.99s
2026-01-21 03:15:29.060 RedLemon[58317:480578] [AUTO_EXIT_CHECK] Checking EOF conditions...
2026-01-21 03:15:29.061 RedLemon[58317:480578] [AUTO_EXIT_CHECK] No exit condition met - continuing to monitor...
2026-01-21 03:15:29.934 RedLemon[58317:480578] [AUTO_EXIT_CHECK] isEventPlayback: true
2026-01-21 03:15:29.934 RedLemon[58317:480578] [AUTO_EXIT_CHECK] isLoading: false, isResolvingStream: false
2026-01-21 03:15:29.934 RedLemon[58317:480578] [AUTO_EXIT_CHECK] playbackFinished: false, isPlaying: true
2026-01-21 03:15:29.934 RedLemon[58317:480578] [AUTO_EXIT_CHECK] Position: 4956.581999999999s / Duration: 5406.99s
2026-01-21 03:15:29.935 RedLemon[58317:480578] [AUTO_EXIT_CHECK] Checking EOF conditions...
2026-01-21 03:15:29.935 RedLemon[58317:480578] [AUTO_EXIT_CHECK] No exit condition met - continuing to monitor...
2026-01-21 03:15:30.934 RedLemon[58317:480578] [AUTO_EXIT_CHECK] isEventPlayback: true
2026-01-21 03:15:30.934 RedLemon[58317:480578] [AUTO_EXIT_CHECK] isLoading: false, isResolvingStream: false
2026-01-21 03:15:30.934 RedLemon[58317:480578] [AUTO_EXIT_CHECK] playbackFinished: false, isPlaying: true
2026-01-21 03:15:30.934 RedLemon[58317:480578] [AUTO_EXIT_CHECK] Position: 4957.749s / Duration: 5406.99s
2026-01-21 03:15:30.934 RedLemon[58317:480578] [AUTO_EXIT_CHECK] Checking EOF conditions...
2026-01-21 03:15:30.934 RedLemon[58317:480578] [AUTO_EXIT_CHECK] No exit condition met - continuing to monitor...
2026-01-21 03:15:31.935 RedLemon[58317:480578] [AUTO_EXIT_CHECK] isEventPlayback: true
2026-01-21 03:15:31.936 RedLemon[58317:480578] [AUTO_EXIT_CHECK] isLoading: false, isResolvingStream: false
2026-01-21 03:15:31.936 RedLemon[58317:480578] [AUTO_EXIT_CHECK] playbackFinished: false, isPlaying: true
2026-01-21 03:15:31.936 RedLemon[58317:480578] [AUTO_EXIT_CHECK] Position: 4958.625s / Duration: 5406.99s
2026-01-21 03:15:31.936 RedLemon[58317:480578] [AUTO_EXIT_CHECK] Checking EOF conditions...
2026-01-21 03:15:31.936 RedLemon[58317:480578] [AUTO_EXIT_CHECK] No exit condition met - continuing to monitor...
2026-01-21 03:15:32.978 RedLemon[58317:480578] [AUTO_EXIT_CHECK] isEventPlayback: true
2026-01-21 03:15:32.978 RedLemon[58317:480578] [AUTO_EXIT_CHECK] isLoading: false, isResolvingStream: false
2026-01-21 03:15:32.978 RedLemon[58317:480578] [AUTO_EXIT_CHECK] playbackFinished: false, isPlaying: true
2026-01-21 03:15:32.978 RedLemon[58317:480578] [AUTO_EXIT_CHECK] Position: 4959.793s / Duration: 5406.99s
2026-01-21 03:15:32.979 RedLemon[58317:480578] [AUTO_EXIT_CHECK] Checking EOF conditions...
2026-01-21 03:15:32.979 RedLemon[58317:480578] [AUTO_EXIT_CHECK] No exit condition met - continuing to monitor...
2026-01-21 03:15:34.021 RedLemon[58317:480578] [AUTO_EXIT_CHECK] isEventPlayback: true
2026-01-21 03:15:34.021 RedLemon[58317:480578] [AUTO_EXIT_CHECK] isLoading: false, isResolvingStream: false
2026-01-21 03:15:34.021 RedLemon[58317:480578] [AUTO_EXIT_CHECK] playbackFinished: false, isPlaying: true
2026-01-21 03:15:34.021 RedLemon[58317:480578] [AUTO_EXIT_CHECK] Position: 4960.669s / Duration: 5406.99s
2026-01-21 03:15:34.021 RedLemon[58317:480578] [AUTO_EXIT_CHECK] Checking EOF conditions...
2026-01-21 03:15:34.022 RedLemon[58317:480578] [AUTO_EXIT_CHECK] No exit condition met - continuing to monitor...
2026-01-21 03:15:34.938 RedLemon[58317:480578] [AUTO_EXIT_CHECK] isEventPlayback: true
2026-01-21 03:15:34.938 RedLemon[58317:480578] [AUTO_EXIT_CHECK] isLoading: false, isResolvingStream: false
2026-01-21 03:15:34.939 RedLemon[58317:480578] [AUTO_EXIT_CHECK] playbackFinished: false, isPlaying: true
2026-01-21 03:15:34.939 RedLemon[58317:480578] [AUTO_EXIT_CHECK] Position: 4961.545s / Duration: 5406.99s
2026-01-21 03:15:34.939 RedLemon[58317:480578] [AUTO_EXIT_CHECK] Checking EOF conditions...
2026-01-21 03:15:34.939 RedLemon[58317:480578] [AUTO_EXIT_CHECK] No exit condition met - continuing to monitor...
2026-01-21 03:15:35.942 RedLemon[58317:480578] [AUTO_EXIT_CHECK] isEventPlayback: true
2026-01-21 03:15:35.942 RedLemon[58317:480578] [AUTO_EXIT_CHECK] isLoading: false, isResolvingStream: false
2026-01-21 03:15:35.942 RedLemon[58317:480578] [AUTO_EXIT_CHECK] playbackFinished: false, isPlaying: true
2026-01-21 03:15:35.942 RedLemon[58317:480578] [AUTO_EXIT_CHECK] Position: 4962.713s / Duration: 5406.99s
2026-01-21 03:15:35.943 RedLemon[58317:480578] [AUTO_EXIT_CHECK] Checking EOF conditions...
2026-01-21 03:15:35.943 RedLemon[58317:480578] [AUTO_EXIT_CHECK] No exit condition met - continuing to monitor...
2026-01-21 03:15:36.941 RedLemon[58317:480578] [AUTO_EXIT_CHECK] isEventPlayback: true
2026-01-21 03:15:36.942 RedLemon[58317:480578] [AUTO_EXIT_CHECK] isLoading: false, isResolvingStream: false
2026-01-21 03:15:36.942 RedLemon[58317:480578] [AUTO_EXIT_CHECK] playbackFinished: false, isPlaying: true
2026-01-21 03:15:36.942 RedLemon[58317:480578] [AUTO_EXIT_CHECK] Position: 4963.589s / Duration: 5406.99s
2026-01-21 03:15:36.942 RedLemon[58317:480578] [AUTO_EXIT_CHECK] Checking EOF conditions...
2026-01-21 03:15:36.942 RedLemon[58317:480578] [AUTO_EXIT_CHECK] No exit condition met - continuing to monitor...
2026-01-21 03:15:37.983 RedLemon[58317:480578] [AUTO_EXIT_CHECK] isEventPlayback: true
2026-01-21 03:15:37.983 RedLemon[58317:480578] [AUTO_EXIT_CHECK] isLoading: false, isResolvingStream: false
2026-01-21 03:15:37.983 RedLemon[58317:480578] [AUTO_EXIT_CHECK] playbackFinished: false, isPlaying: true
2026-01-21 03:15:37.983 RedLemon[58317:480578] [AUTO_EXIT_CHECK] Position: 4964.755999999999s / Duration: 5406.99s
2026-01-21 03:15:37.984 RedLemon[58317:480578] [AUTO_EXIT_CHECK] Checking EOF conditions...
2026-01-21 03:15:37.984 RedLemon[58317:480578] [AUTO_EXIT_CHECK] No exit condition met - continuing to monitor...
2026-01-21 03:15:38.987 RedLemon[58317:480578] [AUTO_EXIT_CHECK] isEventPlayback: true
2026-01-21 03:15:38.987 RedLemon[58317:480578] [AUTO_EXIT_CHECK] isLoading: false, isResolvingStream: false
2026-01-21 03:15:38.987 RedLemon[58317:480578] [AUTO_EXIT_CHECK] playbackFinished: false, isPlaying: true
2026-01-21 03:15:38.987 RedLemon[58317:480578] [AUTO_EXIT_CHECK] Position: 4965.632s / Duration: 5406.99s
2026-01-21 03:15:38.987 RedLemon[58317:480578] [AUTO_EXIT_CHECK] Checking EOF conditions...
2026-01-21 03:15:38.988 RedLemon[58317:480578] [AUTO_EXIT_CHECK] No exit condition met - continuing to monitor...
2026-01-21 03:15:39.943 RedLemon[58317:480578] [AUTO_EXIT_CHECK] isEventPlayback: true
2026-01-21 03:15:39.943 RedLemon[58317:480578] [AUTO_EXIT_CHECK] isLoading: false, isResolvingStream: false
2026-01-21 03:15:39.943 RedLemon[58317:480578] [AUTO_EXIT_CHECK] playbackFinished: false, isPlaying: true
2026-01-21 03:15:39.944 RedLemon[58317:480578] [AUTO_EXIT_CHECK] Position: 4966.508s / Duration: 5406.99s
2026-01-21 03:15:39.944 RedLemon[58317:480578] [AUTO_EXIT_CHECK] Checking EOF conditions...
2026-01-21 03:15:39.944 RedLemon[58317:480578] [AUTO_EXIT_CHECK] No exit condition met - continuing to monitor...
2026-01-21 03:15:40.946 RedLemon[58317:480578] [AUTO_EXIT_CHECK] isEventPlayback: true
2026-01-21 03:15:40.946 RedLemon[58317:480578] [AUTO_EXIT_CHECK] isLoading: false, isResolvingStream: false
2026-01-21 03:15:40.947 RedLemon[58317:480578] [AUTO_EXIT_CHECK] playbackFinished: false, isPlaying: true
2026-01-21 03:15:40.947 RedLemon[58317:480578] [AUTO_EXIT_CHECK] Position: 4967.6759999999995s / Duration: 5406.99s
2026-01-21 03:15:40.947 RedLemon[58317:480578] [AUTO_EXIT_CHECK] Checking EOF conditions...
2026-01-21 03:15:40.947 RedLemon[58317:480578] [AUTO_EXIT_CHECK] No exit condition met - continuing to monitor...
2026-01-21 03:15:41.945 RedLemon[58317:480578] [AUTO_EXIT_CHECK] isEventPlayback: true
2026-01-21 03:15:41.946 RedLemon[58317:480578] [AUTO_EXIT_CHECK] isLoading: false, isResolvingStream: false
2026-01-21 03:15:41.947 RedLemon[58317:480578] [AUTO_EXIT_CHECK] playbackFinished: false, isPlaying: true
2026-01-21 03:15:41.948 RedLemon[58317:480578] [AUTO_EXIT_CHECK] Position: 4968.552s / Duration: 5406.99s
2026-01-21 03:15:41.949 RedLemon[58317:480578] [AUTO_EXIT_CHECK] Checking EOF conditions...
2026-01-21 03:15:41.949 RedLemon[58317:480578] [AUTO_EXIT_CHECK] No exit condition met - continuing to monitor...
2026-01-21 03:15:43.029 RedLemon[58317:480578] [AUTO_EXIT_CHECK] isEventPlayback: true
2026-01-21 03:15:43.029 RedLemon[58317:480578] [AUTO_EXIT_CHECK] isLoading: false, isResolvingStream: false
2026-01-21 03:15:43.030 RedLemon[58317:480578] [AUTO_EXIT_CHECK] playbackFinished: false, isPlaying: true
2026-01-21 03:15:43.030 RedLemon[58317:480578] [AUTO_EXIT_CHECK] Position: 4969.719s / Duration: 5406.99s
2026-01-21 03:15:43.030 RedLemon[58317:480578] [AUTO_EXIT_CHECK] Checking EOF conditions...
2026-01-21 03:15:43.030 RedLemon[58317:480578] [AUTO_EXIT_CHECK] No exit condition met - continuing to monitor...
2026-01-21 03:15:43.947 RedLemon[58317:480578] [AUTO_EXIT_CHECK] isEventPlayback: true
2026-01-21 03:15:43.948 RedLemon[58317:480578] [AUTO_EXIT_CHECK] isLoading: false, isResolvingStream: false
2026-01-21 03:15:43.948 RedLemon[58317:480578] [AUTO_EXIT_CHECK] playbackFinished: false, isPlaying: true
2026-01-21 03:15:43.948 RedLemon[58317:480578] [AUTO_EXIT_CHECK] Position: 4970.596s / Duration: 5406.99s
2026-01-21 03:15:43.948 RedLemon[58317:480578] [AUTO_EXIT_CHECK] Checking EOF conditions...
2026-01-21 03:15:43.948 RedLemon[58317:480578] [AUTO_EXIT_CHECK] No exit condition met - continuing to monitor...
2026-01-21 03:15:44.948 RedLemon[58317:480578] [AUTO_EXIT_CHECK] isEventPlayback: true
2026-01-21 03:15:44.948 RedLemon[58317:480578] [AUTO_EXIT_CHECK] isLoading: false, isResolvingStream: false
2026-01-21 03:15:44.949 RedLemon[58317:480578] [AUTO_EXIT_CHECK] playbackFinished: false, isPlaying: true
2026-01-21 03:15:44.949 RedLemon[58317:480578] [AUTO_EXIT_CHECK] Position: 4971.763s / Duration: 5406.99s
2026-01-21 03:15:44.949 RedLemon[58317:480578] [AUTO_EXIT_CHECK] Checking EOF conditions...
2026-01-21 03:15:44.949 RedLemon[58317:480578] [AUTO_EXIT_CHECK] No exit condition met - continuing to monitor...
2026-01-21 03:15:45.950 RedLemon[58317:480578] [AUTO_EXIT_CHECK] isEventPlayback: true
2026-01-21 03:15:45.950 RedLemon[58317:480578] [AUTO_EXIT_CHECK] isLoading: false, isResolvingStream: false
2026-01-21 03:15:45.950 RedLemon[58317:480578] [AUTO_EXIT_CHECK] playbackFinished: false, isPlaying: true
2026-01-21 03:15:45.950 RedLemon[58317:480578] [AUTO_EXIT_CHECK] Position: 4972.639s / Duration: 5406.99s
2026-01-21 03:15:45.950 RedLemon[58317:480578] [AUTO_EXIT_CHECK] Checking EOF conditions...
2026-01-21 03:15:45.951 RedLemon[58317:480578] [AUTO_EXIT_CHECK] No exit condition met - continuing to monitor...
2026-01-21 03:15:46.992 RedLemon[58317:480578] [AUTO_EXIT_CHECK] isEventPlayback: true
2026-01-21 03:15:46.992 RedLemon[58317:480578] [AUTO_EXIT_CHECK] isLoading: false, isResolvingStream: false
2026-01-21 03:15:46.992 RedLemon[58317:480578] [AUTO_EXIT_CHECK] playbackFinished: false, isPlaying: true
2026-01-21 03:15:46.992 RedLemon[58317:480578] [AUTO_EXIT_CHECK] Position: 4973.807s / Duration: 5406.99s
2026-01-21 03:15:46.992 RedLemon[58317:480578] [AUTO_EXIT_CHECK] Checking EOF conditions...
2026-01-21 03:15:46.992 RedLemon[58317:480578] [AUTO_EXIT_CHECK] No exit condition met - continuing to monitor...
2026-01-21 03:15:47.996 RedLemon[58317:480578] [AUTO_EXIT_CHECK] isEventPlayback: true
2026-01-21 03:15:47.996 RedLemon[58317:480578] [AUTO_EXIT_CHECK] isLoading: false, isResolvingStream: false
2026-01-21 03:15:47.996 RedLemon[58317:480578] [AUTO_EXIT_CHECK] playbackFinished: false, isPlaying: true
2026-01-21 03:15:47.996 RedLemon[58317:480578] [AUTO_EXIT_CHECK] Position: 4974.683s / Duration: 5406.99s
2026-01-21 03:15:47.997 RedLemon[58317:480578] [AUTO_EXIT_CHECK] Checking EOF conditions...
2026-01-21 03:15:47.997 RedLemon[58317:480578] [AUTO_EXIT_CHECK] No exit condition met - continuing to monitor...
2026-01-21 03:15:48.952 RedLemon[58317:480578] [AUTO_EXIT_CHECK] isEventPlayback: true
2026-01-21 03:15:48.952 RedLemon[58317:480578] [AUTO_EXIT_CHECK] isLoading: false, isResolvingStream: false
2026-01-21 03:15:48.952 RedLemon[58317:480578] [AUTO_EXIT_CHECK] playbackFinished: false, isPlaying: true
2026-01-21 03:15:48.952 RedLemon[58317:480578] [AUTO_EXIT_CHECK] Position: 4975.559s / Duration: 5406.99s
2026-01-21 03:15:48.952 RedLemon[58317:480578] [AUTO_EXIT_CHECK] Checking EOF conditions...
2026-01-21 03:15:48.953 RedLemon[58317:480578] [AUTO_EXIT_CHECK] No exit condition met - continuing to monitor...
2026-01-21 03:15:49.955 RedLemon[58317:480578] [AUTO_EXIT_CHECK] isEventPlayback: true
2026-01-21 03:15:49.955 RedLemon[58317:480578] [AUTO_EXIT_CHECK] isLoading: false, isResolvingStream: false
2026-01-21 03:15:49.956 RedLemon[58317:480578] [AUTO_EXIT_CHECK] playbackFinished: false, isPlaying: true
2026-01-21 03:15:49.956 RedLemon[58317:480578] [AUTO_EXIT_CHECK] Position: 4976.727s / Duration: 5406.99s
2026-01-21 03:15:49.956 RedLemon[58317:480578] [AUTO_EXIT_CHECK] Checking EOF conditions...
2026-01-21 03:15:49.956 RedLemon[58317:480578] [AUTO_EXIT_CHECK] No exit condition met - continuing to monitor...
2026-01-21 03:15:50.957 RedLemon[58317:480578] [AUTO_EXIT_CHECK] isEventPlayback: true
2026-01-21 03:15:50.957 RedLemon[58317:480578] [AUTO_EXIT_CHECK] isLoading: false, isResolvingStream: false
2026-01-21 03:15:50.958 RedLemon[58317:480578] [AUTO_EXIT_CHECK] playbackFinished: false, isPlaying: true
2026-01-21 03:15:50.958 RedLemon[58317:480578] [AUTO_EXIT_CHECK] Position: 4977.603s / Duration: 5406.99s
2026-01-21 03:15:50.958 RedLemon[58317:480578] [AUTO_EXIT_CHECK] Checking EOF conditions...
2026-01-21 03:15:50.958 RedLemon[58317:480578] [AUTO_EXIT_CHECK] No exit condition met - continuing to monitor...
2026-01-21 03:15:51.955 RedLemon[58317:480578] [AUTO_EXIT_CHECK] isEventPlayback: true
2026-01-21 03:15:51.955 RedLemon[58317:480578] [AUTO_EXIT_CHECK] isLoading: false, isResolvingStream: false
2026-01-21 03:15:51.955 RedLemon[58317:480578] [AUTO_EXIT_CHECK] playbackFinished: false, isPlaying: true
2026-01-21 03:15:51.956 RedLemon[58317:480578] [AUTO_EXIT_CHECK] Position: 4978.7699999999995s / Duration: 5406.99s
2026-01-21 03:15:51.956 RedLemon[58317:480578] [AUTO_EXIT_CHECK] Checking EOF conditions...
2026-01-21 03:15:51.956 RedLemon[58317:480578] [AUTO_EXIT_CHECK] No exit condition met - continuing to monitor...
2026-01-21 03:15:52.956 RedLemon[58317:480578] [AUTO_EXIT_CHECK] isEventPlayback: true
2026-01-21 03:15:52.957 RedLemon[58317:480578] [AUTO_EXIT_CHECK] isLoading: false, isResolvingStream: false
2026-01-21 03:15:52.957 RedLemon[58317:480578] [AUTO_EXIT_CHECK] playbackFinished: false, isPlaying: true
2026-01-21 03:15:52.957 RedLemon[58317:480578] [AUTO_EXIT_CHECK] Position: 4979.647s / Duration: 5406.99s
2026-01-21 03:15:52.957 RedLemon[58317:480578] [AUTO_EXIT_CHECK] Checking EOF conditions...
2026-01-21 03:15:52.957 RedLemon[58317:480578] [AUTO_EXIT_CHECK] No exit condition met - continuing to monitor...
2026-01-21 03:15:53.957 RedLemon[58317:480578] [AUTO_EXIT_CHECK] isEventPlayback: true
2026-01-21 03:15:53.957 RedLemon[58317:480578] [AUTO_EXIT_CHECK] isLoading: false, isResolvingStream: false
2026-01-21 03:15:53.957 RedLemon[58317:480578] [AUTO_EXIT_CHECK] playbackFinished: false, isPlaying: true
2026-01-21 03:15:53.957 RedLemon[58317:480578] [AUTO_EXIT_CHECK] Position: 4980.522s / Duration: 5406.99s
2026-01-21 03:15:53.957 RedLemon[58317:480578] [AUTO_EXIT_CHECK] Checking EOF conditions...
2026-01-21 03:15:53.958 RedLemon[58317:480578] [AUTO_EXIT_CHECK] No exit condition met - continuing to monitor...
2026-01-21 03:15:54.959 RedLemon[58317:480578] [AUTO_EXIT_CHECK] isEventPlayback: true
2026-01-21 03:15:54.959 RedLemon[58317:480578] [AUTO_EXIT_CHECK] isLoading: false, isResolvingStream: false
2026-01-21 03:15:54.959 RedLemon[58317:480578] [AUTO_EXIT_CHECK] playbackFinished: false, isPlaying: true
2026-01-21 03:15:54.959 RedLemon[58317:480578] [AUTO_EXIT_CHECK] Position: 4981.69s / Duration: 5406.99s
2026-01-21 03:15:54.960 RedLemon[58317:480578] [AUTO_EXIT_CHECK] Checking EOF conditions...
2026-01-21 03:15:54.960 RedLemon[58317:480578] [AUTO_EXIT_CHECK] No exit condition met - continuing to monitor...
2026-01-21 03:15:55.962 RedLemon[58317:480578] [AUTO_EXIT_CHECK] isEventPlayback: true
2026-01-21 03:15:55.962 RedLemon[58317:480578] [AUTO_EXIT_CHECK] isLoading: false, isResolvingStream: false
2026-01-21 03:15:55.963 RedLemon[58317:480578] [AUTO_EXIT_CHECK] playbackFinished: false, isPlaying: true
2026-01-21 03:15:55.963 RedLemon[58317:480578] [AUTO_EXIT_CHECK] Position: 4982.565s / Duration: 5406.99s
2026-01-21 03:15:55.963 RedLemon[58317:480578] [AUTO_EXIT_CHECK] Checking EOF conditions...
2026-01-21 03:15:55.963 RedLemon[58317:480578] [AUTO_EXIT_CHECK] No exit condition met - continuing to monitor...
2026-01-21 03:15:57.002 RedLemon[58317:480578] [AUTO_EXIT_CHECK] isEventPlayback: true
2026-01-21 03:15:57.003 RedLemon[58317:480578] [AUTO_EXIT_CHECK] isLoading: false, isResolvingStream: false
2026-01-21 03:15:57.003 RedLemon[58317:480578] [AUTO_EXIT_CHECK] playbackFinished: false, isPlaying: true
2026-01-21 03:15:57.003 RedLemon[58317:480578] [AUTO_EXIT_CHECK] Position: 4983.7339999999995s / Duration: 5406.99s
2026-01-21 03:15:57.003 RedLemon[58317:480578] [AUTO_EXIT_CHECK] Checking EOF conditions...
2026-01-21 03:15:57.003 RedLemon[58317:480578] [AUTO_EXIT_CHECK] No exit condition met - continuing to monitor...
2026-01-21 03:15:57.963 RedLemon[58317:480578] [AUTO_EXIT_CHECK] isEventPlayback: true
2026-01-21 03:15:57.963 RedLemon[58317:480578] [AUTO_EXIT_CHECK] isLoading: false, isResolvingStream: false
2026-01-21 03:15:57.964 RedLemon[58317:480578] [AUTO_EXIT_CHECK] playbackFinished: false, isPlaying: true
2026-01-21 03:15:57.964 RedLemon[58317:480578] [AUTO_EXIT_CHECK] Position: 4984.61s / Duration: 5406.99s
2026-01-21 03:15:57.964 RedLemon[58317:480578] [AUTO_EXIT_CHECK] Checking EOF conditions...
2026-01-21 03:15:57.964 RedLemon[58317:480578] [AUTO_EXIT_CHECK] No exit condition met - continuing to monitor...
2026-01-21 03:15:58.880 RedLemon[58317:483525] 🔐 SupabaseClient: Signing Identity Payload: '1768983358656daa91-33b4-4688-9135-c982ea52d7c9/rpc/room_heartbeat'
2026-01-21 03:15:58.884 RedLemon[58317:483525] 🔐 Signed request to /rpc/room_heartbeat
2026-01-21 03:15:58.922 RedLemon[58317:480578] [AUTO_EXIT_CHECK] isEventPlayback: true
2026-01-21 03:15:58.922 RedLemon[58317:480578] [AUTO_EXIT_CHECK] isLoading: false, isResolvingStream: false
2026-01-21 03:15:58.922 RedLemon[58317:480578] [AUTO_EXIT_CHECK] playbackFinished: false, isPlaying: true
2026-01-21 03:15:58.922 RedLemon[58317:480578] [AUTO_EXIT_CHECK] Position: 4985.527s / Duration: 5406.99s
2026-01-21 03:15:58.922 RedLemon[58317:480578] [AUTO_EXIT_CHECK] Checking EOF conditions...
2026-01-21 03:15:58.922 RedLemon[58317:480578] [AUTO_EXIT_CHECK] No exit condition met - continuing to monitor...
2026-01-21 03:15:59.923 RedLemon[58317:480578] [AUTO_EXIT_CHECK] isEventPlayback: true
2026-01-21 03:15:59.923 RedLemon[58317:480578] [AUTO_EXIT_CHECK] isLoading: false, isResolvingStream: false
2026-01-21 03:15:59.923 RedLemon[58317:480578] [AUTO_EXIT_CHECK] playbackFinished: false, isPlaying: true
2026-01-21 03:15:59.923 RedLemon[58317:480578] [AUTO_EXIT_CHECK] Position: 4986.695s / Duration: 5406.99s
2026-01-21 03:15:59.923 RedLemon[58317:480578] [AUTO_EXIT_CHECK] Checking EOF conditions...
2026-01-21 03:15:59.924 RedLemon[58317:480578] [AUTO_EXIT_CHECK] No exit condition met - continuing to monitor...
2026-01-21 03:16:00.964 RedLemon[58317:480578] [AUTO_EXIT_CHECK] isEventPlayback: true
2026-01-21 03:16:00.964 RedLemon[58317:480578] [AUTO_EXIT_CHECK] isLoading: false, isResolvingStream: false
2026-01-21 03:16:00.964 RedLemon[58317:480578] [AUTO_EXIT_CHECK] playbackFinished: false, isPlaying: true
2026-01-21 03:16:00.964 RedLemon[58317:480578] [AUTO_EXIT_CHECK] Position: 4987.57s / Duration: 5406.99s
2026-01-21 03:16:00.965 RedLemon[58317:480578] [AUTO_EXIT_CHECK] Checking EOF conditions...
2026-01-21 03:16:00.965 RedLemon[58317:480578] [AUTO_EXIT_CHECK] No exit condition met - continuing to monitor...
2026-01-21 03:16:01.924 RedLemon[58317:480578] [AUTO_EXIT_CHECK] isEventPlayback: true
2026-01-21 03:16:01.924 RedLemon[58317:480578] [AUTO_EXIT_CHECK] isLoading: false, isResolvingStream: false
2026-01-21 03:16:01.924 RedLemon[58317:480578] [AUTO_EXIT_CHECK] playbackFinished: false, isPlaying: true
2026-01-21 03:16:01.924 RedLemon[58317:480578] [AUTO_EXIT_CHECK] Position: 4988.737999999999s / Duration: 5406.99s
2026-01-21 03:16:01.924 RedLemon[58317:480578] [AUTO_EXIT_CHECK] Checking EOF conditions...
2026-01-21 03:16:01.925 RedLemon[58317:480578] [AUTO_EXIT_CHECK] No exit condition met - continuing to monitor...
2026-01-21 03:16:02.927 RedLemon[58317:480578] [AUTO_EXIT_CHECK] isEventPlayback: true
2026-01-21 03:16:02.927 RedLemon[58317:480578] [AUTO_EXIT_CHECK] isLoading: false, isResolvingStream: false
2026-01-21 03:16:02.927 RedLemon[58317:480578] [AUTO_EXIT_CHECK] playbackFinished: false, isPlaying: true
2026-01-21 03:16:02.927 RedLemon[58317:480578] [AUTO_EXIT_CHECK] Position: 4989.614s / Duration: 5406.99s
2026-01-21 03:16:02.927 RedLemon[58317:480578] [AUTO_EXIT_CHECK] Checking EOF conditions...
2026-01-21 03:16:02.928 RedLemon[58317:480578] [AUTO_EXIT_CHECK] No exit condition met - continuing to monitor...
2026-01-21 03:16:03.926 RedLemon[58317:480578] [AUTO_EXIT_CHECK] isEventPlayback: true
2026-01-21 03:16:03.926 RedLemon[58317:480578] [AUTO_EXIT_CHECK] isLoading: false, isResolvingStream: false
2026-01-21 03:16:03.926 RedLemon[58317:480578] [AUTO_EXIT_CHECK] playbackFinished: false, isPlaying: true
2026-01-21 03:16:03.927 RedLemon[58317:480578] [AUTO_EXIT_CHECK] Position: 4990.49s / Duration: 5406.99s
2026-01-21 03:16:03.927 RedLemon[58317:480578] [AUTO_EXIT_CHECK] Checking EOF conditions...
2026-01-21 03:16:03.927 RedLemon[58317:480578] [AUTO_EXIT_CHECK] No exit condition met - continuing to monitor...
2026-01-21 03:16:04.927 RedLemon[58317:480578] [AUTO_EXIT_CHECK] isEventPlayback: true
2026-01-21 03:16:04.927 RedLemon[58317:480578] [AUTO_EXIT_CHECK] isLoading: false, isResolvingStream: false
2026-01-21 03:16:04.927 RedLemon[58317:480578] [AUTO_EXIT_CHECK] playbackFinished: false, isPlaying: true
2026-01-21 03:16:04.927 RedLemon[58317:480578] [AUTO_EXIT_CHECK] Position: 4991.659s / Duration: 5406.99s
2026-01-21 03:16:04.928 RedLemon[58317:480578] [AUTO_EXIT_CHECK] Checking EOF conditions...
2026-01-21 03:16:04.928 RedLemon[58317:480578] [AUTO_EXIT_CHECK] No exit condition met - continuing to monitor...
2026-01-21 03:16:06.053 RedLemon[58317:480578] [AUTO_EXIT_CHECK] isEventPlayback: true
2026-01-21 03:16:06.053 RedLemon[58317:480578] [AUTO_EXIT_CHECK] isLoading: false, isResolvingStream: false
2026-01-21 03:16:06.053 RedLemon[58317:480578] [AUTO_EXIT_CHECK] playbackFinished: false, isPlaying: true
2026-01-21 03:16:06.053 RedLemon[58317:480578] [AUTO_EXIT_CHECK] Position: 4992.826s / Duration: 5406.99s
2026-01-21 03:16:06.053 RedLemon[58317:480578] [AUTO_EXIT_CHECK] Checking EOF conditions...
2026-01-21 03:16:06.053 RedLemon[58317:480578] [AUTO_EXIT_CHECK] No exit condition met - continuing to monitor...
2026-01-21 03:16:06.929 RedLemon[58317:480578] [AUTO_EXIT_CHECK] isEventPlayback: true
2026-01-21 03:16:06.930 RedLemon[58317:480578] [AUTO_EXIT_CHECK] isLoading: false, isResolvingStream: false
2026-01-21 03:16:06.930 RedLemon[58317:480578] [AUTO_EXIT_CHECK] playbackFinished: false, isPlaying: true
2026-01-21 03:16:06.930 RedLemon[58317:480578] [AUTO_EXIT_CHECK] Position: 4993.702s / Duration: 5406.99s
2026-01-21 03:16:06.930 RedLemon[58317:480578] [AUTO_EXIT_CHECK] Checking EOF conditions...
2026-01-21 03:16:06.930 RedLemon[58317:480578] [AUTO_EXIT_CHECK] No exit condition met - continuing to monitor...
2026-01-21 03:16:07.931 RedLemon[58317:480578] [AUTO_EXIT_CHECK] isEventPlayback: true
2026-01-21 03:16:07.931 RedLemon[58317:480578] [AUTO_EXIT_CHECK] isLoading: false, isResolvingStream: false
2026-01-21 03:16:07.931 RedLemon[58317:480578] [AUTO_EXIT_CHECK] playbackFinished: false, isPlaying: true
2026-01-21 03:16:07.931 RedLemon[58317:480578] [AUTO_EXIT_CHECK] Position: 4994.5779999999995s / Duration: 5406.99s
2026-01-21 03:16:07.931 RedLemon[58317:480578] [AUTO_EXIT_CHECK] Checking EOF conditions...
2026-01-21 03:16:07.932 RedLemon[58317:480578] [AUTO_EXIT_CHECK] No exit condition met - continuing to monitor...
2026-01-21 03:16:08.930 RedLemon[58317:480578] [AUTO_EXIT_CHECK] isEventPlayback: true
2026-01-21 03:16:08.930 RedLemon[58317:480578] [AUTO_EXIT_CHECK] isLoading: false, isResolvingStream: false
2026-01-21 03:16:08.930 RedLemon[58317:480578] [AUTO_EXIT_CHECK] playbackFinished: false, isPlaying: true
2026-01-21 03:16:08.930 RedLemon[58317:480578] [AUTO_EXIT_CHECK] Position: 4995.745s / Duration: 5406.99s
2026-01-21 03:16:08.931 RedLemon[58317:480578] [AUTO_EXIT_CHECK] Checking EOF conditions...
2026-01-21 03:16:08.931 RedLemon[58317:480578] [AUTO_EXIT_CHECK] No exit condition met - continuing to monitor...
2026-01-21 03:16:09.974 RedLemon[58317:480578] [AUTO_EXIT_CHECK] isEventPlayback: true
2026-01-21 03:16:09.974 RedLemon[58317:480578] [AUTO_EXIT_CHECK] isLoading: false, isResolvingStream: false
2026-01-21 03:16:09.975 RedLemon[58317:480578] [AUTO_EXIT_CHECK] playbackFinished: false, isPlaying: true
2026-01-21 03:16:09.975 RedLemon[58317:480578] [AUTO_EXIT_CHECK] Position: 4996.621999999999s / Duration: 5406.99s
2026-01-21 03:16:09.975 RedLemon[58317:480578] [AUTO_EXIT_CHECK] Checking EOF conditions...
2026-01-21 03:16:09.976 RedLemon[58317:480578] [AUTO_EXIT_CHECK] No exit condition met - continuing to monitor...
2026-01-21 03:16:10.944 RedLemon[58317:480578] [AUTO_EXIT_CHECK] isEventPlayback: true
2026-01-21 03:16:10.944 RedLemon[58317:480578] [AUTO_EXIT_CHECK] isLoading: false, isResolvingStream: false
2026-01-21 03:16:10.944 RedLemon[58317:480578] [AUTO_EXIT_CHECK] playbackFinished: false, isPlaying: true
2026-01-21 03:16:10.944 RedLemon[58317:480578] [AUTO_EXIT_CHECK] Position: 4997.789s / Duration: 5406.99s
2026-01-21 03:16:10.945 RedLemon[58317:480578] [AUTO_EXIT_CHECK] Checking EOF conditions...
2026-01-21 03:16:10.945 RedLemon[58317:480578] [AUTO_EXIT_CHECK] No exit condition met - continuing to monitor...
2026-01-21 03:16:11.935 RedLemon[58317:480578] [AUTO_EXIT_CHECK] isEventPlayback: true
2026-01-21 03:16:11.935 RedLemon[58317:480578] [AUTO_EXIT_CHECK] isLoading: false, isResolvingStream: false
2026-01-21 03:16:11.936 RedLemon[58317:480578] [AUTO_EXIT_CHECK] playbackFinished: false, isPlaying: true
2026-01-21 03:16:11.936 RedLemon[58317:480578] [AUTO_EXIT_CHECK] Position: 4998.665s / Duration: 5406.99s
2026-01-21 03:16:11.936 RedLemon[58317:480578] [AUTO_EXIT_CHECK] Checking EOF conditions...
2026-01-21 03:16:11.936 RedLemon[58317:480578] [AUTO_EXIT_CHECK] No exit condition met - continuing to monitor...
2026-01-21 03:16:12.935 RedLemon[58317:480578] [AUTO_EXIT_CHECK] isEventPlayback: true
2026-01-21 03:16:12.935 RedLemon[58317:480578] [AUTO_EXIT_CHECK] isLoading: false, isResolvingStream: false
2026-01-21 03:16:12.935 RedLemon[58317:480578] [AUTO_EXIT_CHECK] playbackFinished: false, isPlaying: true
2026-01-21 03:16:12.935 RedLemon[58317:480578] [AUTO_EXIT_CHECK] Position: 4999.541s / Duration: 5406.99s
2026-01-21 03:16:12.936 RedLemon[58317:480578] [AUTO_EXIT_CHECK] Checking EOF conditions...
2026-01-21 03:16:12.936 RedLemon[58317:480578] [AUTO_EXIT_CHECK] No exit condition met - continuing to monitor...
2026-01-21 03:16:13.980 RedLemon[58317:480578] [AUTO_EXIT_CHECK] isEventPlayback: true
2026-01-21 03:16:13.980 RedLemon[58317:480578] [AUTO_EXIT_CHECK] isLoading: false, isResolvingStream: false
2026-01-21 03:16:13.980 RedLemon[58317:480578] [AUTO_EXIT_CHECK] playbackFinished: false, isPlaying: true
2026-01-21 03:16:13.980 RedLemon[58317:480578] [AUTO_EXIT_CHECK] Position: 5000.709s / Duration: 5406.99s
2026-01-21 03:16:13.980 RedLemon[58317:480578] [AUTO_EXIT_CHECK] Checking EOF conditions...
2026-01-21 03:16:13.981 RedLemon[58317:480578] [AUTO_EXIT_CHECK] No exit condition met - continuing to monitor...
2026-01-21 03:16:14.978 RedLemon[58317:480578] [AUTO_EXIT_CHECK] isEventPlayback: true
2026-01-21 03:16:14.978 RedLemon[58317:480578] [AUTO_EXIT_CHECK] isLoading: false, isResolvingStream: false
2026-01-21 03:16:14.978 RedLemon[58317:480578] [AUTO_EXIT_CHECK] playbackFinished: false, isPlaying: true
2026-01-21 03:16:14.978 RedLemon[58317:480578] [AUTO_EXIT_CHECK] Position: 5001.585s / Duration: 5406.99s
2026-01-21 03:16:14.979 RedLemon[58317:480578] [AUTO_EXIT_CHECK] Checking EOF conditions...
2026-01-21 03:16:14.979 RedLemon[58317:480578] [AUTO_EXIT_CHECK] No exit condition met - continuing to monitor...
2026-01-21 03:16:16.023 RedLemon[58317:480578] [AUTO_EXIT_CHECK] isEventPlayback: true
2026-01-21 03:16:16.024 RedLemon[58317:480578] [AUTO_EXIT_CHECK] isLoading: false, isResolvingStream: false
2026-01-21 03:16:16.024 RedLemon[58317:480578] [AUTO_EXIT_CHECK] playbackFinished: false, isPlaying: true
2026-01-21 03:16:16.024 RedLemon[58317:480578] [AUTO_EXIT_CHECK] Position: 5002.753s / Duration: 5406.99s
2026-01-21 03:16:16.024 RedLemon[58317:480578] [AUTO_EXIT_CHECK] Checking EOF conditions...
2026-01-21 03:16:16.024 RedLemon[58317:480578] [AUTO_EXIT_CHECK] No exit condition met - continuing to monitor...
2026-01-21 03:16:16.940 RedLemon[58317:480578] [AUTO_EXIT_CHECK] isEventPlayback: true
2026-01-21 03:16:16.940 RedLemon[58317:480578] [AUTO_EXIT_CHECK] isLoading: false, isResolvingStream: false
2026-01-21 03:16:16.941 RedLemon[58317:480578] [AUTO_EXIT_CHECK] playbackFinished: false, isPlaying: true
2026-01-21 03:16:16.941 RedLemon[58317:480578] [AUTO_EXIT_CHECK] Position: 5003.628s / Duration: 5406.99s
2026-01-21 03:16:16.941 RedLemon[58317:480578] [AUTO_EXIT_CHECK] Checking EOF conditions...
2026-01-21 03:16:16.942 RedLemon[58317:480578] [AUTO_EXIT_CHECK] No exit condition met - continuing to monitor...
2026-01-21 03:16:17.939 RedLemon[58317:480578] [AUTO_EXIT_CHECK] isEventPlayback: true
2026-01-21 03:16:17.939 RedLemon[58317:480578] [AUTO_EXIT_CHECK] isLoading: false, isResolvingStream: false
2026-01-21 03:16:17.939 RedLemon[58317:480578] [AUTO_EXIT_CHECK] playbackFinished: false, isPlaying: true
2026-01-21 03:16:17.939 RedLemon[58317:480578] [AUTO_EXIT_CHECK] Position: 5004.505s / Duration: 5406.99s
2026-01-21 03:16:17.940 RedLemon[58317:480578] [AUTO_EXIT_CHECK] Checking EOF conditions...
2026-01-21 03:16:17.940 RedLemon[58317:480578] [AUTO_EXIT_CHECK] No exit condition met - continuing to monitor...
2026-01-21 03:16:19.023 RedLemon[58317:480578] [AUTO_EXIT_CHECK] isEventPlayback: true
2026-01-21 03:16:19.024 RedLemon[58317:480578] [AUTO_EXIT_CHECK] isLoading: false, isResolvingStream: false
2026-01-21 03:16:19.024 RedLemon[58317:480578] [AUTO_EXIT_CHECK] playbackFinished: false, isPlaying: true
2026-01-21 03:16:19.024 RedLemon[58317:480578] [AUTO_EXIT_CHECK] Position: 5005.672s / Duration: 5406.99s
2026-01-21 03:16:19.024 RedLemon[58317:480578] [AUTO_EXIT_CHECK] Checking EOF conditions...
2026-01-21 03:16:19.024 RedLemon[58317:480578] [AUTO_EXIT_CHECK] No exit condition met - continuing to monitor...
2026-01-21 03:16:19.983 RedLemon[58317:480578] [AUTO_EXIT_CHECK] isEventPlayback: true
2026-01-21 03:16:19.983 RedLemon[58317:480578] [AUTO_EXIT_CHECK] isLoading: false, isResolvingStream: false
2026-01-21 03:16:19.983 RedLemon[58317:480578] [AUTO_EXIT_CHECK] playbackFinished: false, isPlaying: true
2026-01-21 03:16:19.984 RedLemon[58317:480578] [AUTO_EXIT_CHECK] Position: 5006.548s / Duration: 5406.99s
2026-01-21 03:16:19.984 RedLemon[58317:480578] [AUTO_EXIT_CHECK] Checking EOF conditions...
2026-01-21 03:16:19.984 RedLemon[58317:480578] [AUTO_EXIT_CHECK] No exit condition met - continuing to monitor...
2026-01-21 03:16:20.946 RedLemon[58317:480578] [AUTO_EXIT_CHECK] isEventPlayback: true
2026-01-21 03:16:20.946 RedLemon[58317:480578] [AUTO_EXIT_CHECK] isLoading: false, isResolvingStream: false
2026-01-21 03:16:20.946 RedLemon[58317:480578] [AUTO_EXIT_CHECK] playbackFinished: false, isPlaying: true
2026-01-21 03:16:20.946 RedLemon[58317:480578] [AUTO_EXIT_CHECK] Position: 5007.715999999999s / Duration: 5406.99s
2026-01-21 03:16:20.946 RedLemon[58317:480578] [AUTO_EXIT_CHECK] Checking EOF conditions...
2026-01-21 03:16:20.947 RedLemon[58317:480578] [AUTO_EXIT_CHECK] No exit condition met - continuing to monitor...
2026-01-21 03:16:21.944 RedLemon[58317:480578] [AUTO_EXIT_CHECK] isEventPlayback: true
2026-01-21 03:16:21.944 RedLemon[58317:480578] [AUTO_EXIT_CHECK] isLoading: false, isResolvingStream: false
2026-01-21 03:16:21.944 RedLemon[58317:480578] [AUTO_EXIT_CHECK] playbackFinished: false, isPlaying: true
2026-01-21 03:16:21.944 RedLemon[58317:480578] [AUTO_EXIT_CHECK] Position: 5008.592s / Duration: 5406.99s
2026-01-21 03:16:21.944 RedLemon[58317:480578] [AUTO_EXIT_CHECK] Checking EOF conditions...
2026-01-21 03:16:21.944 RedLemon[58317:480578] [AUTO_EXIT_CHECK] No exit condition met - continuing to monitor...
2026-01-21 03:16:22.946 RedLemon[58317:480578] [AUTO_EXIT_CHECK] isEventPlayback: true
2026-01-21 03:16:22.946 RedLemon[58317:480578] [AUTO_EXIT_CHECK] isLoading: false, isResolvingStream: false
2026-01-21 03:16:22.946 RedLemon[58317:480578] [AUTO_EXIT_CHECK] playbackFinished: false, isPlaying: true
2026-01-21 03:16:22.946 RedLemon[58317:480578] [AUTO_EXIT_CHECK] Position: 5009.76s / Duration: 5406.99s
2026-01-21 03:16:22.947 RedLemon[58317:480578] [AUTO_EXIT_CHECK] Checking EOF conditions...
2026-01-21 03:16:22.947 RedLemon[58317:480578] [AUTO_EXIT_CHECK] No exit condition met - continuing to monitor...
2026-01-21 03:16:23.947 RedLemon[58317:480578] [AUTO_EXIT_CHECK] isEventPlayback: true
2026-01-21 03:16:23.947 RedLemon[58317:480578] [AUTO_EXIT_CHECK] isLoading: false, isResolvingStream: false
2026-01-21 03:16:23.947 RedLemon[58317:480578] [AUTO_EXIT_CHECK] playbackFinished: false, isPlaying: true
2026-01-21 03:16:23.947 RedLemon[58317:480578] [AUTO_EXIT_CHECK] Position: 5010.6359999999995s / Duration: 5406.99s
2026-01-21 03:16:23.947 RedLemon[58317:480578] [AUTO_EXIT_CHECK] Checking EOF conditions...
2026-01-21 03:16:23.947 RedLemon[58317:480578] [AUTO_EXIT_CHECK] No exit condition met - continuing to monitor...
2026-01-21 03:16:24.989 RedLemon[58317:480578] [AUTO_EXIT_CHECK] isEventPlayback: true
2026-01-21 03:16:24.989 RedLemon[58317:480578] [AUTO_EXIT_CHECK] isLoading: false, isResolvingStream: false
2026-01-21 03:16:24.989 RedLemon[58317:480578] [AUTO_EXIT_CHECK] playbackFinished: false, isPlaying: true
2026-01-21 03:16:24.990 RedLemon[58317:480578] [AUTO_EXIT_CHECK] Position: 5011.803s / Duration: 5406.99s
2026-01-21 03:16:24.990 RedLemon[58317:480578] [AUTO_EXIT_CHECK] Checking EOF conditions...
2026-01-21 03:16:24.990 RedLemon[58317:480578] [AUTO_EXIT_CHECK] No exit condition met - continuing to monitor...
2026-01-21 03:16:25.950 RedLemon[58317:480578] [AUTO_EXIT_CHECK] isEventPlayback: true
2026-01-21 03:16:25.950 RedLemon[58317:480578] [AUTO_EXIT_CHECK] isLoading: false, isResolvingStream: false
2026-01-21 03:16:25.950 RedLemon[58317:480578] [AUTO_EXIT_CHECK] playbackFinished: false, isPlaying: true
2026-01-21 03:16:25.950 RedLemon[58317:480578] [AUTO_EXIT_CHECK] Position: 5012.679s / Duration: 5406.99s
2026-01-21 03:16:25.951 RedLemon[58317:480578] [AUTO_EXIT_CHECK] Checking EOF conditions...
2026-01-21 03:16:25.951 RedLemon[58317:480578] [AUTO_EXIT_CHECK] No exit condition met - continuing to monitor...
2026-01-21 03:16:26.948 RedLemon[58317:480578] [AUTO_EXIT_CHECK] isEventPlayback: true
2026-01-21 03:16:26.948 RedLemon[58317:480578] [AUTO_EXIT_CHECK] isLoading: false, isResolvingStream: false
2026-01-21 03:16:26.948 RedLemon[58317:480578] [AUTO_EXIT_CHECK] playbackFinished: false, isPlaying: true
2026-01-21 03:16:26.948 RedLemon[58317:480578] [AUTO_EXIT_CHECK] Position: 5013.554999999999s / Duration: 5406.99s
2026-01-21 03:16:26.949 RedLemon[58317:480578] [AUTO_EXIT_CHECK] Checking EOF conditions...
2026-01-21 03:16:26.949 RedLemon[58317:480578] [AUTO_EXIT_CHECK] No exit condition met - continuing to monitor...
2026-01-21 03:16:27.950 RedLemon[58317:480578] [AUTO_EXIT_CHECK] isEventPlayback: true
2026-01-21 03:16:27.950 RedLemon[58317:480578] [AUTO_EXIT_CHECK] isLoading: false, isResolvingStream: false
2026-01-21 03:16:27.950 RedLemon[58317:480578] [AUTO_EXIT_CHECK] playbackFinished: false, isPlaying: true
2026-01-21 03:16:27.950 RedLemon[58317:480578] [AUTO_EXIT_CHECK] Position: 5014.723s / Duration: 5406.99s
2026-01-21 03:16:27.951 RedLemon[58317:480578] [AUTO_EXIT_CHECK] Checking EOF conditions...
2026-01-21 03:16:27.951 RedLemon[58317:480578] [AUTO_EXIT_CHECK] No exit condition met - continuing to monitor...
2026-01-21 03:16:28.992 RedLemon[58317:480578] [AUTO_EXIT_CHECK] isEventPlayback: true
2026-01-21 03:16:28.993 RedLemon[58317:480578] [AUTO_EXIT_CHECK] isLoading: false, isResolvingStream: false
2026-01-21 03:16:28.993 RedLemon[58317:480578] [AUTO_EXIT_CHECK] playbackFinished: false, isPlaying: true
2026-01-21 03:16:28.993 RedLemon[58317:480578] [AUTO_EXIT_CHECK] Position: 5015.598s / Duration: 5406.99s
2026-01-21 03:16:28.993 RedLemon[58317:480578] [AUTO_EXIT_CHECK] Checking EOF conditions...
2026-01-21 03:16:28.993 RedLemon[58317:480578] [AUTO_EXIT_CHECK] No exit condition met - continuing to monitor...
2026-01-21 03:16:29.077 RedLemon[58317:484289] 🔐 SupabaseClient: Signing Identity Payload: '1768983389656daa91-33b4-4688-9135-c982ea52d7c9/rpc/room_heartbeat'
2026-01-21 03:16:29.078 RedLemon[58317:484289] 🔐 Signed request to /rpc/room_heartbeat
2026-01-21 03:16:30.036 RedLemon[58317:480578] [AUTO_EXIT_CHECK] isEventPlayback: true
2026-01-21 03:16:30.036 RedLemon[58317:480578] [AUTO_EXIT_CHECK] isLoading: false, isResolvingStream: false
2026-01-21 03:16:30.036 RedLemon[58317:480578] [AUTO_EXIT_CHECK] playbackFinished: false, isPlaying: true
2026-01-21 03:16:30.037 RedLemon[58317:480578] [AUTO_EXIT_CHECK] Position: 5016.766s / Duration: 5406.99s
2026-01-21 03:16:30.037 RedLemon[58317:480578] [AUTO_EXIT_CHECK] Checking EOF conditions...
2026-01-21 03:16:30.037 RedLemon[58317:480578] [AUTO_EXIT_CHECK] No exit condition met - continuing to monitor...
2026-01-21 03:16:30.954 RedLemon[58317:480578] [AUTO_EXIT_CHECK] isEventPlayback: true
2026-01-21 03:16:30.954 RedLemon[58317:480578] [AUTO_EXIT_CHECK] isLoading: false, isResolvingStream: false
2026-01-21 03:16:30.954 RedLemon[58317:480578] [AUTO_EXIT_CHECK] playbackFinished: false, isPlaying: true
2026-01-21 03:16:30.954 RedLemon[58317:480578] [AUTO_EXIT_CHECK] Position: 5017.642s / Duration: 5406.99s
2026-01-21 03:16:30.954 RedLemon[58317:480578] [AUTO_EXIT_CHECK] Checking EOF conditions...
2026-01-21 03:16:30.954 RedLemon[58317:480578] [AUTO_EXIT_CHECK] No exit condition met - continuing to monitor...
2026-01-21 03:16:31.953 RedLemon[58317:480578] [AUTO_EXIT_CHECK] isEventPlayback: true
2026-01-21 03:16:31.954 RedLemon[58317:480578] [AUTO_EXIT_CHECK] isLoading: false, isResolvingStream: false
2026-01-21 03:16:31.954 RedLemon[58317:480578] [AUTO_EXIT_CHECK] playbackFinished: false, isPlaying: true
2026-01-21 03:16:31.954 RedLemon[58317:480578] [AUTO_EXIT_CHECK] Position: 5018.518s / Duration: 5406.99s
2026-01-21 03:16:31.955 RedLemon[58317:480578] [AUTO_EXIT_CHECK] Checking EOF conditions...
2026-01-21 03:16:31.955 RedLemon[58317:480578] [AUTO_EXIT_CHECK] No exit condition met - continuing to monitor...
2026-01-21 03:16:32.955 RedLemon[58317:480578] [AUTO_EXIT_CHECK] isEventPlayback: true
2026-01-21 03:16:32.955 RedLemon[58317:480578] [AUTO_EXIT_CHECK] isLoading: false, isResolvingStream: false
2026-01-21 03:16:32.955 RedLemon[58317:480578] [AUTO_EXIT_CHECK] playbackFinished: false, isPlaying: true
2026-01-21 03:16:32.956 RedLemon[58317:480578] [AUTO_EXIT_CHECK] Position: 5019.686s / Duration: 5406.99s
2026-01-21 03:16:32.956 RedLemon[58317:480578] [AUTO_EXIT_CHECK] Checking EOF conditions...
2026-01-21 03:16:32.956 RedLemon[58317:480578] [AUTO_EXIT_CHECK] No exit condition met - continuing to monitor...
2026-01-21 03:16:33.998 RedLemon[58317:480578] [AUTO_EXIT_CHECK] isEventPlayback: true
2026-01-21 03:16:33.998 RedLemon[58317:480578] [AUTO_EXIT_CHECK] isLoading: false, isResolvingStream: false
2026-01-21 03:16:33.998 RedLemon[58317:480578] [AUTO_EXIT_CHECK] playbackFinished: false, isPlaying: true
2026-01-21 03:16:33.998 RedLemon[58317:480578] [AUTO_EXIT_CHECK] Position: 5020.562s / Duration: 5406.99s
2026-01-21 03:16:33.998 RedLemon[58317:480578] [AUTO_EXIT_CHECK] Checking EOF conditions...
2026-01-21 03:16:33.998 RedLemon[58317:480578] [AUTO_EXIT_CHECK] No exit condition met - continuing to monitor...
2026-01-21 03:16:34.959 RedLemon[58317:480578] [AUTO_EXIT_CHECK] isEventPlayback: true
2026-01-21 03:16:34.959 RedLemon[58317:480578] [AUTO_EXIT_CHECK] isLoading: false, isResolvingStream: false
2026-01-21 03:16:34.959 RedLemon[58317:480578] [AUTO_EXIT_CHECK] playbackFinished: false, isPlaying: true
2026-01-21 03:16:34.959 RedLemon[58317:480578] [AUTO_EXIT_CHECK] Position: 5021.73s / Duration: 5406.99s
2026-01-21 03:16:34.959 RedLemon[58317:480578] [AUTO_EXIT_CHECK] Checking EOF conditions...
2026-01-21 03:16:34.960 RedLemon[58317:480578] [AUTO_EXIT_CHECK] No exit condition met - continuing to monitor...
2026-01-21 03:16:35.957 RedLemon[58317:480578] [AUTO_EXIT_CHECK] isEventPlayback: true
2026-01-21 03:16:35.958 RedLemon[58317:480578] [AUTO_EXIT_CHECK] isLoading: false, isResolvingStream: false
2026-01-21 03:16:35.958 RedLemon[58317:480578] [AUTO_EXIT_CHECK] playbackFinished: false, isPlaying: true
2026-01-21 03:16:35.958 RedLemon[58317:480578] [AUTO_EXIT_CHECK] Position: 5022.606s / Duration: 5406.99s
2026-01-21 03:16:35.959 RedLemon[58317:480578] [AUTO_EXIT_CHECK] Checking EOF conditions...
2026-01-21 03:16:35.959 RedLemon[58317:480578] [AUTO_EXIT_CHECK] No exit condition met - continuing to monitor...
2026-01-21 03:16:36.960 RedLemon[58317:480578] [AUTO_EXIT_CHECK] isEventPlayback: true
2026-01-21 03:16:36.960 RedLemon[58317:480578] [AUTO_EXIT_CHECK] isLoading: false, isResolvingStream: false
2026-01-21 03:16:36.960 RedLemon[58317:480578] [AUTO_EXIT_CHECK] playbackFinished: false, isPlaying: true
2026-01-21 03:16:36.960 RedLemon[58317:480578] [AUTO_EXIT_CHECK] Position: 5023.773999999999s / Duration: 5406.99s
2026-01-21 03:16:36.961 RedLemon[58317:480578] [AUTO_EXIT_CHECK] Checking EOF conditions...
2026-01-21 03:16:36.961 RedLemon[58317:480578] [AUTO_EXIT_CHECK] No exit condition met - continuing to monitor...
2026-01-21 03:16:38.002 RedLemon[58317:480578] [AUTO_EXIT_CHECK] isEventPlayback: true
2026-01-21 03:16:38.002 RedLemon[58317:480578] [AUTO_EXIT_CHECK] isLoading: false, isResolvingStream: false
2026-01-21 03:16:38.002 RedLemon[58317:480578] [AUTO_EXIT_CHECK] playbackFinished: false, isPlaying: true
2026-01-21 03:16:38.002 RedLemon[58317:480578] [AUTO_EXIT_CHECK] Position: 5024.65s / Duration: 5406.99s
2026-01-21 03:16:38.002 RedLemon[58317:480578] [AUTO_EXIT_CHECK] Checking EOF conditions...
2026-01-21 03:16:38.002 RedLemon[58317:480578] [AUTO_EXIT_CHECK] No exit condition met - continuing to monitor...
2026-01-21 03:16:39.003 RedLemon[58317:480578] [AUTO_EXIT_CHECK] isEventPlayback: true
2026-01-21 03:16:39.004 RedLemon[58317:480578] [AUTO_EXIT_CHECK] isLoading: false, isResolvingStream: false
2026-01-21 03:16:39.004 RedLemon[58317:480578] [AUTO_EXIT_CHECK] playbackFinished: false, isPlaying: true
2026-01-21 03:16:39.004 RedLemon[58317:480578] [AUTO_EXIT_CHECK] Position: 5025.817s / Duration: 5406.99s
2026-01-21 03:16:39.004 RedLemon[58317:480578] [AUTO_EXIT_CHECK] Checking EOF conditions...
2026-01-21 03:16:39.004 RedLemon[58317:480578] [AUTO_EXIT_CHECK] No exit condition met - continuing to monitor...
2026-01-21 03:16:39.964 RedLemon[58317:480578] [AUTO_EXIT_CHECK] isEventPlayback: true
2026-01-21 03:16:39.964 RedLemon[58317:480578] [AUTO_EXIT_CHECK] isLoading: false, isResolvingStream: false
2026-01-21 03:16:39.964 RedLemon[58317:480578] [AUTO_EXIT_CHECK] playbackFinished: false, isPlaying: true
2026-01-21 03:16:39.964 RedLemon[58317:480578] [AUTO_EXIT_CHECK] Position: 5026.693s / Duration: 5406.99s
2026-01-21 03:16:39.964 RedLemon[58317:480578] [AUTO_EXIT_CHECK] Checking EOF conditions...
2026-01-21 03:16:39.965 RedLemon[58317:480578] [AUTO_EXIT_CHECK] No exit condition met - continuing to monitor...
2026-01-21 03:16:40.924 RedLemon[58317:480578] [AUTO_EXIT_CHECK] isEventPlayback: true
2026-01-21 03:16:40.924 RedLemon[58317:480578] [AUTO_EXIT_CHECK] isLoading: false, isResolvingStream: false
2026-01-21 03:16:40.924 RedLemon[58317:480578] [AUTO_EXIT_CHECK] playbackFinished: false, isPlaying: true
2026-01-21 03:16:40.924 RedLemon[58317:480578] [AUTO_EXIT_CHECK] Position: 5027.5689999999995s / Duration: 5406.99s
2026-01-21 03:16:40.924 RedLemon[58317:480578] [AUTO_EXIT_CHECK] Checking EOF conditions...
2026-01-21 03:16:40.924 RedLemon[58317:480578] [AUTO_EXIT_CHECK] No exit condition met - continuing to monitor...
2026-01-21 03:16:41.925 RedLemon[58317:480578] [AUTO_EXIT_CHECK] isEventPlayback: true
2026-01-21 03:16:41.925 RedLemon[58317:480578] [AUTO_EXIT_CHECK] isLoading: false, isResolvingStream: false
2026-01-21 03:16:41.925 RedLemon[58317:480578] [AUTO_EXIT_CHECK] playbackFinished: false, isPlaying: true
2026-01-21 03:16:41.925 RedLemon[58317:480578] [AUTO_EXIT_CHECK] Position: 5028.737s / Duration: 5406.99s
2026-01-21 03:16:41.926 RedLemon[58317:480578] [AUTO_EXIT_CHECK] Checking EOF conditions...
2026-01-21 03:16:41.926 RedLemon[58317:480578] [AUTO_EXIT_CHECK] No exit condition met - continuing to monitor...
2026-01-21 03:16:42.968 RedLemon[58317:480578] [AUTO_EXIT_CHECK] isEventPlayback: true
2026-01-21 03:16:42.968 RedLemon[58317:480578] [AUTO_EXIT_CHECK] isLoading: false, isResolvingStream: false
2026-01-21 03:16:42.968 RedLemon[58317:480578] [AUTO_EXIT_CHECK] playbackFinished: false, isPlaying: true
2026-01-21 03:16:42.968 RedLemon[58317:480578] [AUTO_EXIT_CHECK] Position: 5029.612999999999s / Duration: 5406.99s
2026-01-21 03:16:42.969 RedLemon[58317:480578] [AUTO_EXIT_CHECK] Checking EOF conditions...
2026-01-21 03:16:42.969 RedLemon[58317:480578] [AUTO_EXIT_CHECK] No exit condition met - continuing to monitor...
2026-01-21 03:16:43.969 RedLemon[58317:480578] [AUTO_EXIT_CHECK] isEventPlayback: true
2026-01-21 03:16:43.969 RedLemon[58317:480578] [AUTO_EXIT_CHECK] isLoading: false, isResolvingStream: false
2026-01-21 03:16:43.969 RedLemon[58317:480578] [AUTO_EXIT_CHECK] playbackFinished: false, isPlaying: true
2026-01-21 03:16:43.969 RedLemon[58317:480578] [AUTO_EXIT_CHECK] Position: 5030.78s / Duration: 5406.99s
2026-01-21 03:16:43.969 RedLemon[58317:480578] [AUTO_EXIT_CHECK] Checking EOF conditions...
2026-01-21 03:16:43.970 RedLemon[58317:480578] [AUTO_EXIT_CHECK] No exit condition met - continuing to monitor...
2026-01-21 03:16:44.924 RedLemon[58317:480578] [AUTO_EXIT_CHECK] isEventPlayback: true
2026-01-21 03:16:44.924 RedLemon[58317:480578] [AUTO_EXIT_CHECK] isLoading: false, isResolvingStream: false
2026-01-21 03:16:44.924 RedLemon[58317:480578] [AUTO_EXIT_CHECK] playbackFinished: false, isPlaying: true
2026-01-21 03:16:44.925 RedLemon[58317:480578] [AUTO_EXIT_CHECK] Position: 5031.656s / Duration: 5406.99s
2026-01-21 03:16:44.925 RedLemon[58317:480578] [AUTO_EXIT_CHECK] Checking EOF conditions...
2026-01-21 03:16:44.925 RedLemon[58317:480578] [AUTO_EXIT_CHECK] No exit condition met - continuing to monitor...
2026-01-21 03:16:45.925 RedLemon[58317:480578] [AUTO_EXIT_CHECK] isEventPlayback: true
2026-01-21 03:16:45.925 RedLemon[58317:480578] [AUTO_EXIT_CHECK] isLoading: false, isResolvingStream: false
2026-01-21 03:16:45.925 RedLemon[58317:480578] [AUTO_EXIT_CHECK] playbackFinished: false, isPlaying: true
2026-01-21 03:16:45.925 RedLemon[58317:480578] [AUTO_EXIT_CHECK] Position: 5032.532s / Duration: 5406.99s
2026-01-21 03:16:45.926 RedLemon[58317:480578] [AUTO_EXIT_CHECK] Checking EOF conditions...
2026-01-21 03:16:45.926 RedLemon[58317:480578] [AUTO_EXIT_CHECK] No exit condition met - continuing to monitor...
2026-01-21 03:16:46.929 RedLemon[58317:480578] [AUTO_EXIT_CHECK] isEventPlayback: true
2026-01-21 03:16:46.929 RedLemon[58317:480578] [AUTO_EXIT_CHECK] isLoading: false, isResolvingStream: false
2026-01-21 03:16:46.929 RedLemon[58317:480578] [AUTO_EXIT_CHECK] playbackFinished: false, isPlaying: true
2026-01-21 03:16:46.930 RedLemon[58317:480578] [AUTO_EXIT_CHECK] Position: 5033.7s / Duration: 5406.99s
2026-01-21 03:16:46.930 RedLemon[58317:480578] [AUTO_EXIT_CHECK] Checking EOF conditions...
2026-01-21 03:16:46.931 RedLemon[58317:480578] [AUTO_EXIT_CHECK] No exit condition met - continuing to monitor...
2026-01-21 03:16:48.012 RedLemon[58317:480578] [AUTO_EXIT_CHECK] isEventPlayback: true
2026-01-21 03:16:48.012 RedLemon[58317:480578] [AUTO_EXIT_CHECK] isLoading: false, isResolvingStream: false
2026-01-21 03:16:48.013 RedLemon[58317:480578] [AUTO_EXIT_CHECK] playbackFinished: false, isPlaying: true
2026-01-21 03:16:48.013 RedLemon[58317:480578] [AUTO_EXIT_CHECK] Position: 5034.576s / Duration: 5406.99s
2026-01-21 03:16:48.013 RedLemon[58317:480578] [AUTO_EXIT_CHECK] Checking EOF conditions...
2026-01-21 03:16:48.013 RedLemon[58317:480578] [AUTO_EXIT_CHECK] No exit condition met - continuing to monitor...
2026-01-21 03:16:49.054 RedLemon[58317:480578] [AUTO_EXIT_CHECK] isEventPlayback: true
2026-01-21 03:16:49.055 RedLemon[58317:480578] [AUTO_EXIT_CHECK] isLoading: false, isResolvingStream: false
2026-01-21 03:16:49.055 RedLemon[58317:480578] [AUTO_EXIT_CHECK] playbackFinished: false, isPlaying: true
2026-01-21 03:16:49.055 RedLemon[58317:480578] [AUTO_EXIT_CHECK] Position: 5035.744s / Duration: 5406.99s
2026-01-21 03:16:49.055 RedLemon[58317:480578] [AUTO_EXIT_CHECK] Checking EOF conditions...
2026-01-21 03:16:49.055 RedLemon[58317:480578] [AUTO_EXIT_CHECK] No exit condition met - continuing to monitor...
2026-01-21 03:16:49.929 RedLemon[58317:480578] [AUTO_EXIT_CHECK] isEventPlayback: true
2026-01-21 03:16:49.929 RedLemon[58317:480578] [AUTO_EXIT_CHECK] isLoading: false, isResolvingStream: false
2026-01-21 03:16:49.930 RedLemon[58317:480578] [AUTO_EXIT_CHECK] playbackFinished: false, isPlaying: true
2026-01-21 03:16:49.930 RedLemon[58317:480578] [AUTO_EXIT_CHECK] Position: 5036.62s / Duration: 5406.99s
2026-01-21 03:16:49.930 RedLemon[58317:480578] [AUTO_EXIT_CHECK] Checking EOF conditions...
2026-01-21 03:16:49.930 RedLemon[58317:480578] [AUTO_EXIT_CHECK] No exit condition met - continuing to monitor...
2026-01-21 03:16:50.935 RedLemon[58317:480578] [AUTO_EXIT_CHECK] isEventPlayback: true
2026-01-21 03:16:50.935 RedLemon[58317:480578] [AUTO_EXIT_CHECK] isLoading: false, isResolvingStream: false
2026-01-21 03:16:50.936 RedLemon[58317:480578] [AUTO_EXIT_CHECK] playbackFinished: false, isPlaying: true
2026-01-21 03:16:50.936 RedLemon[58317:480578] [AUTO_EXIT_CHECK] Position: 5037.496s / Duration: 5406.99s
2026-01-21 03:16:50.936 RedLemon[58317:480578] [AUTO_EXIT_CHECK] Checking EOF conditions...
2026-01-21 03:16:50.936 RedLemon[58317:480578] [AUTO_EXIT_CHECK] No exit condition met - continuing to monitor...
2026-01-21 03:16:52.015 RedLemon[58317:480578] [AUTO_EXIT_CHECK] isEventPlayback: true
2026-01-21 03:16:52.015 RedLemon[58317:480578] [AUTO_EXIT_CHECK] isLoading: false, isResolvingStream: false
2026-01-21 03:16:52.016 RedLemon[58317:480578] [AUTO_EXIT_CHECK] playbackFinished: false, isPlaying: true
2026-01-21 03:16:52.016 RedLemon[58317:480578] [AUTO_EXIT_CHECK] Position: 5038.664s / Duration: 5406.99s
2026-01-21 03:16:52.016 RedLemon[58317:480578] [AUTO_EXIT_CHECK] Checking EOF conditions...
2026-01-21 03:16:52.016 RedLemon[58317:480578] [AUTO_EXIT_CHECK] No exit condition met - continuing to monitor...
2026-01-21 03:16:53.017 RedLemon[58317:480578] [AUTO_EXIT_CHECK] isEventPlayback: true
2026-01-21 03:16:53.017 RedLemon[58317:480578] [AUTO_EXIT_CHECK] isLoading: false, isResolvingStream: false
2026-01-21 03:16:53.017 RedLemon[58317:480578] [AUTO_EXIT_CHECK] playbackFinished: false, isPlaying: true
2026-01-21 03:16:53.017 RedLemon[58317:480578] [AUTO_EXIT_CHECK] Position: 5039.831s / Duration: 5406.99s
2026-01-21 03:16:53.017 RedLemon[58317:480578] [AUTO_EXIT_CHECK] Checking EOF conditions...
2026-01-21 03:16:53.018 RedLemon[58317:480578] [AUTO_EXIT_CHECK] No exit condition met - continuing to monitor...
2026-01-21 03:16:53.934 RedLemon[58317:480578] [AUTO_EXIT_CHECK] isEventPlayback: true
2026-01-21 03:16:53.934 RedLemon[58317:480578] [AUTO_EXIT_CHECK] isLoading: false, isResolvingStream: false
2026-01-21 03:16:53.934 RedLemon[58317:480578] [AUTO_EXIT_CHECK] playbackFinished: false, isPlaying: true
2026-01-21 03:16:53.935 RedLemon[58317:480578] [AUTO_EXIT_CHECK] Position: 5040.706999999999s / Duration: 5406.99s
2026-01-21 03:16:53.935 RedLemon[58317:480578] [AUTO_EXIT_CHECK] Checking EOF conditions...
2026-01-21 03:16:53.935 RedLemon[58317:480578] [AUTO_EXIT_CHECK] No exit condition met - continuing to monitor...
2026-01-21 03:16:54.935 RedLemon[58317:480578] [AUTO_EXIT_CHECK] isEventPlayback: true
2026-01-21 03:16:54.935 RedLemon[58317:480578] [AUTO_EXIT_CHECK] isLoading: false, isResolvingStream: false
2026-01-21 03:16:54.935 RedLemon[58317:480578] [AUTO_EXIT_CHECK] playbackFinished: false, isPlaying: true
2026-01-21 03:16:54.935 RedLemon[58317:480578] [AUTO_EXIT_CHECK] Position: 5041.583s / Duration: 5406.99s
2026-01-21 03:16:54.936 RedLemon[58317:480578] [AUTO_EXIT_CHECK] Checking EOF conditions...
2026-01-21 03:16:54.936 RedLemon[58317:480578] [AUTO_EXIT_CHECK] No exit condition met - continuing to monitor...
2026-01-21 03:16:55.938 RedLemon[58317:480578] [AUTO_EXIT_CHECK] isEventPlayback: true
2026-01-21 03:16:55.938 RedLemon[58317:480578] [AUTO_EXIT_CHECK] isLoading: false, isResolvingStream: false
2026-01-21 03:16:55.939 RedLemon[58317:480578] [AUTO_EXIT_CHECK] playbackFinished: false, isPlaying: true
2026-01-21 03:16:55.939 RedLemon[58317:480578] [AUTO_EXIT_CHECK] Position: 5042.751s / Duration: 5406.99s
2026-01-21 03:16:55.939 RedLemon[58317:480578] [AUTO_EXIT_CHECK] Checking EOF conditions...
2026-01-21 03:16:55.939 RedLemon[58317:480578] [AUTO_EXIT_CHECK] No exit condition met - continuing to monitor...
2026-01-21 03:16:56.981 RedLemon[58317:480578] [AUTO_EXIT_CHECK] isEventPlayback: true
2026-01-21 03:16:56.981 RedLemon[58317:480578] [AUTO_EXIT_CHECK] isLoading: false, isResolvingStream: false
2026-01-21 03:16:56.981 RedLemon[58317:480578] [AUTO_EXIT_CHECK] playbackFinished: false, isPlaying: true
2026-01-21 03:16:56.982 RedLemon[58317:480578] [AUTO_EXIT_CHECK] Position: 5043.626s / Duration: 5406.99s
2026-01-21 03:16:56.982 RedLemon[58317:480578] [AUTO_EXIT_CHECK] Checking EOF conditions...
2026-01-21 03:16:56.982 RedLemon[58317:480578] [AUTO_EXIT_CHECK] No exit condition met - continuing to monitor...
2026-01-21 03:16:58.064 RedLemon[58317:480578] [AUTO_EXIT_CHECK] isEventPlayback: true
2026-01-21 03:16:58.064 RedLemon[58317:480578] [AUTO_EXIT_CHECK] isLoading: false, isResolvingStream: false
2026-01-21 03:16:58.064 RedLemon[58317:480578] [AUTO_EXIT_CHECK] playbackFinished: false, isPlaying: true
2026-01-21 03:16:58.064 RedLemon[58317:480578] [AUTO_EXIT_CHECK] Position: 5044.794s / Duration: 5406.99s
2026-01-21 03:16:58.064 RedLemon[58317:480578] [AUTO_EXIT_CHECK] Checking EOF conditions...
2026-01-21 03:16:58.064 RedLemon[58317:480578] [AUTO_EXIT_CHECK] No exit condition met - continuing to monitor...
2026-01-21 03:16:58.939 RedLemon[58317:480578] [AUTO_EXIT_CHECK] isEventPlayback: true
2026-01-21 03:16:58.939 RedLemon[58317:480578] [AUTO_EXIT_CHECK] isLoading: false, isResolvingStream: false
2026-01-21 03:16:58.939 RedLemon[58317:480578] [AUTO_EXIT_CHECK] playbackFinished: false, isPlaying: true
2026-01-21 03:16:58.940 RedLemon[58317:480578] [AUTO_EXIT_CHECK] Position: 5045.67s / Duration: 5406.99s
2026-01-21 03:16:58.940 RedLemon[58317:480578] [AUTO_EXIT_CHECK] Checking EOF conditions...
2026-01-21 03:16:58.940 RedLemon[58317:480578] [AUTO_EXIT_CHECK] No exit condition met - continuing to monitor...
2026-01-21 03:16:59.275 RedLemon[58317:483524] 🔐 SupabaseClient: Signing Identity Payload: '1768983419656daa91-33b4-4688-9135-c982ea52d7c9/rpc/room_heartbeat'
2026-01-21 03:16:59.276 RedLemon[58317:483524] 🔐 Signed request to /rpc/room_heartbeat
2026-01-21 03:16:59.944 RedLemon[58317:480578] [AUTO_EXIT_CHECK] isEventPlayback: true
2026-01-21 03:16:59.944 RedLemon[58317:480578] [AUTO_EXIT_CHECK] isLoading: false, isResolvingStream: false
2026-01-21 03:16:59.944 RedLemon[58317:480578] [AUTO_EXIT_CHECK] playbackFinished: false, isPlaying: true
2026-01-21 03:16:59.944 RedLemon[58317:480578] [AUTO_EXIT_CHECK] Position: 5046.547s / Duration: 5406.99s
2026-01-21 03:16:59.944 RedLemon[58317:480578] [AUTO_EXIT_CHECK] Checking EOF conditions...
2026-01-21 03:16:59.945 RedLemon[58317:480578] [AUTO_EXIT_CHECK] No exit condition met - continuing to monitor...
2026-01-21 03:17:00.942 RedLemon[58317:480578] [AUTO_EXIT_CHECK] isEventPlayback: true
2026-01-21 03:17:00.943 RedLemon[58317:480578] [AUTO_EXIT_CHECK] isLoading: false, isResolvingStream: false
2026-01-21 03:17:00.943 RedLemon[58317:480578] [AUTO_EXIT_CHECK] playbackFinished: false, isPlaying: true
2026-01-21 03:17:00.943 RedLemon[58317:480578] [AUTO_EXIT_CHECK] Position: 5047.714s / Duration: 5406.99s
2026-01-21 03:17:00.943 RedLemon[58317:480578] [AUTO_EXIT_CHECK] Checking EOF conditions...
2026-01-21 03:17:00.944 RedLemon[58317:480578] [AUTO_EXIT_CHECK] No exit condition met - continuing to monitor...
2026-01-21 03:17:01.985 RedLemon[58317:480578] [AUTO_EXIT_CHECK] isEventPlayback: true
2026-01-21 03:17:01.985 RedLemon[58317:480578] [AUTO_EXIT_CHECK] isLoading: false, isResolvingStream: false
2026-01-21 03:17:01.985 RedLemon[58317:480578] [AUTO_EXIT_CHECK] playbackFinished: false, isPlaying: true
2026-01-21 03:17:01.985 RedLemon[58317:480578] [AUTO_EXIT_CHECK] Position: 5048.59s / Duration: 5406.99s
2026-01-21 03:17:01.985 RedLemon[58317:480578] [AUTO_EXIT_CHECK] Checking EOF conditions...
2026-01-21 03:17:01.985 RedLemon[58317:480578] [AUTO_EXIT_CHECK] No exit condition met - continuing to monitor...
2026-01-21 03:17:02.943 RedLemon[58317:480578] [AUTO_EXIT_CHECK] isEventPlayback: true
2026-01-21 03:17:02.944 RedLemon[58317:480578] [AUTO_EXIT_CHECK] isLoading: false, isResolvingStream: false
2026-01-21 03:17:02.944 RedLemon[58317:480578] [AUTO_EXIT_CHECK] playbackFinished: false, isPlaying: true
2026-01-21 03:17:02.944 RedLemon[58317:480578] [AUTO_EXIT_CHECK] Position: 5049.758s / Duration: 5406.99s
2026-01-21 03:17:02.944 RedLemon[58317:480578] [AUTO_EXIT_CHECK] Checking EOF conditions...
2026-01-21 03:17:02.944 RedLemon[58317:480578] [AUTO_EXIT_CHECK] No exit condition met - continuing to monitor...
2026-01-21 03:17:03.947 RedLemon[58317:480578] [AUTO_EXIT_CHECK] isEventPlayback: true
2026-01-21 03:17:03.948 RedLemon[58317:480578] [AUTO_EXIT_CHECK] isLoading: false, isResolvingStream: false
2026-01-21 03:17:03.948 RedLemon[58317:480578] [AUTO_EXIT_CHECK] playbackFinished: false, isPlaying: true
2026-01-21 03:17:03.948 RedLemon[58317:480578] [AUTO_EXIT_CHECK] Position: 5050.634s / Duration: 5406.99s
2026-01-21 03:17:03.948 RedLemon[58317:480578] [AUTO_EXIT_CHECK] Checking EOF conditions...
2026-01-21 03:17:03.948 RedLemon[58317:480578] [AUTO_EXIT_CHECK] No exit condition met - continuing to monitor...
2026-01-21 03:17:04.948 RedLemon[58317:480578] [AUTO_EXIT_CHECK] isEventPlayback: true
2026-01-21 03:17:04.948 RedLemon[58317:480578] [AUTO_EXIT_CHECK] isLoading: false, isResolvingStream: false
2026-01-21 03:17:04.948 RedLemon[58317:480578] [AUTO_EXIT_CHECK] playbackFinished: false, isPlaying: true
2026-01-21 03:17:04.949 RedLemon[58317:480578] [AUTO_EXIT_CHECK] Position: 5051.51s / Duration: 5406.99s
2026-01-21 03:17:04.949 RedLemon[58317:480578] [AUTO_EXIT_CHECK] Checking EOF conditions...
2026-01-21 03:17:04.949 RedLemon[58317:480578] [AUTO_EXIT_CHECK] No exit condition met - continuing to monitor...
2026-01-21 03:17:05.946 RedLemon[58317:480578] [AUTO_EXIT_CHECK] isEventPlayback: true
2026-01-21 03:17:05.947 RedLemon[58317:480578] [AUTO_EXIT_CHECK] isLoading: false, isResolvingStream: false
2026-01-21 03:17:05.947 RedLemon[58317:480578] [AUTO_EXIT_CHECK] playbackFinished: false, isPlaying: true
2026-01-21 03:17:05.947 RedLemon[58317:480578] [AUTO_EXIT_CHECK] Position: 5052.678s / Duration: 5406.99s
2026-01-21 03:17:05.947 RedLemon[58317:480578] [AUTO_EXIT_CHECK] Checking EOF conditions...
2026-01-21 03:17:05.947 RedLemon[58317:480578] [AUTO_EXIT_CHECK] No exit condition met - continuing to monitor...
2026-01-21 03:17:06.991 RedLemon[58317:480578] [AUTO_EXIT_CHECK] isEventPlayback: true
2026-01-21 03:17:06.991 RedLemon[58317:480578] [AUTO_EXIT_CHECK] isLoading: false, isResolvingStream: false
2026-01-21 03:17:06.992 RedLemon[58317:480578] [AUTO_EXIT_CHECK] playbackFinished: false, isPlaying: true
2026-01-21 03:17:06.992 RedLemon[58317:480578] [AUTO_EXIT_CHECK] Position: 5053.553s / Duration: 5406.99s
2026-01-21 03:17:06.992 RedLemon[58317:480578] [AUTO_EXIT_CHECK] Checking EOF conditions...
2026-01-21 03:17:06.992 RedLemon[58317:480578] [AUTO_EXIT_CHECK] No exit condition met - continuing to monitor...
2026-01-21 03:17:07.949 RedLemon[58317:480578] [AUTO_EXIT_CHECK] isEventPlayback: true
2026-01-21 03:17:07.949 RedLemon[58317:480578] [AUTO_EXIT_CHECK] isLoading: false, isResolvingStream: false
2026-01-21 03:17:07.949 RedLemon[58317:480578] [AUTO_EXIT_CHECK] playbackFinished: false, isPlaying: true
2026-01-21 03:17:07.949 RedLemon[58317:480578] [AUTO_EXIT_CHECK] Position: 5054.721s / Duration: 5406.99s
2026-01-21 03:17:07.950 RedLemon[58317:480578] [AUTO_EXIT_CHECK] Checking EOF conditions...
2026-01-21 03:17:07.950 RedLemon[58317:480578] [AUTO_EXIT_CHECK] No exit condition met - continuing to monitor...
2026-01-21 03:17:08.950 RedLemon[58317:480578] [AUTO_EXIT_CHECK] isEventPlayback: true
2026-01-21 03:17:08.950 RedLemon[58317:480578] [AUTO_EXIT_CHECK] isLoading: false, isResolvingStream: false
2026-01-21 03:17:08.951 RedLemon[58317:480578] [AUTO_EXIT_CHECK] playbackFinished: false, isPlaying: true
2026-01-21 03:17:08.951 RedLemon[58317:480578] [AUTO_EXIT_CHECK] Position: 5055.597s / Duration: 5406.99s
2026-01-21 03:17:08.951 RedLemon[58317:480578] [AUTO_EXIT_CHECK] Checking EOF conditions...
2026-01-21 03:17:08.951 RedLemon[58317:480578] [AUTO_EXIT_CHECK] No exit condition met - continuing to monitor...
2026-01-21 03:17:09.952 RedLemon[58317:480578] [AUTO_EXIT_CHECK] isEventPlayback: true
2026-01-21 03:17:09.952 RedLemon[58317:480578] [AUTO_EXIT_CHECK] isLoading: false, isResolvingStream: false
2026-01-21 03:17:09.952 RedLemon[58317:480578] [AUTO_EXIT_CHECK] playbackFinished: false, isPlaying: true
2026-01-21 03:17:09.953 RedLemon[58317:480578] [AUTO_EXIT_CHECK] Position: 5056.764999999999s / Duration: 5406.99s
2026-01-21 03:17:09.953 RedLemon[58317:480578] [AUTO_EXIT_CHECK] Checking EOF conditions...
2026-01-21 03:17:09.953 RedLemon[58317:480578] [AUTO_EXIT_CHECK] No exit condition met - continuing to monitor...
2026-01-21 03:17:10.992 RedLemon[58317:480578] [AUTO_EXIT_CHECK] isEventPlayback: true
2026-01-21 03:17:10.993 RedLemon[58317:480578] [AUTO_EXIT_CHECK] isLoading: false, isResolvingStream: false
2026-01-21 03:17:10.993 RedLemon[58317:480578] [AUTO_EXIT_CHECK] playbackFinished: false, isPlaying: true
2026-01-21 03:17:10.993 RedLemon[58317:480578] [AUTO_EXIT_CHECK] Position: 5057.641s / Duration: 5406.99s
2026-01-21 03:17:10.993 RedLemon[58317:480578] [AUTO_EXIT_CHECK] Checking EOF conditions...
2026-01-21 03:17:10.993 RedLemon[58317:480578] [AUTO_EXIT_CHECK] No exit condition met - continuing to monitor...
2026-01-21 03:17:11.995 RedLemon[58317:480578] [AUTO_EXIT_CHECK] isEventPlayback: true
2026-01-21 03:17:11.995 RedLemon[58317:480578] [AUTO_EXIT_CHECK] isLoading: false, isResolvingStream: false
2026-01-21 03:17:11.996 RedLemon[58317:480578] [AUTO_EXIT_CHECK] playbackFinished: false, isPlaying: true
2026-01-21 03:17:11.996 RedLemon[58317:480578] [AUTO_EXIT_CHECK] Position: 5058.808s / Duration: 5406.99s
2026-01-21 03:17:11.996 RedLemon[58317:480578] [AUTO_EXIT_CHECK] Checking EOF conditions...
2026-01-21 03:17:11.996 RedLemon[58317:480578] [AUTO_EXIT_CHECK] No exit condition met - continuing to monitor...
2026-01-21 03:17:12.953 RedLemon[58317:480578] [AUTO_EXIT_CHECK] isEventPlayback: true
2026-01-21 03:17:12.953 RedLemon[58317:480578] [AUTO_EXIT_CHECK] isLoading: false, isResolvingStream: false
2026-01-21 03:17:12.953 RedLemon[58317:480578] [AUTO_EXIT_CHECK] playbackFinished: false, isPlaying: true
2026-01-21 03:17:12.953 RedLemon[58317:480578] [AUTO_EXIT_CHECK] Position: 5059.684s / Duration: 5406.99s
2026-01-21 03:17:12.953 RedLemon[58317:480578] [AUTO_EXIT_CHECK] Checking EOF conditions...
2026-01-21 03:17:12.953 RedLemon[58317:480578] [AUTO_EXIT_CHECK] No exit condition met - continuing to monitor...
2026-01-21 03:17:13.958 RedLemon[58317:480578] [AUTO_EXIT_CHECK] isEventPlayback: true
2026-01-21 03:17:13.958 RedLemon[58317:480578] [AUTO_EXIT_CHECK] isLoading: false, isResolvingStream: false
2026-01-21 03:17:13.958 RedLemon[58317:480578] [AUTO_EXIT_CHECK] playbackFinished: false, isPlaying: true
2026-01-21 03:17:13.958 RedLemon[58317:480578] [AUTO_EXIT_CHECK] Position: 5060.5599999999995s / Duration: 5406.99s
2026-01-21 03:17:13.958 RedLemon[58317:480578] [AUTO_EXIT_CHECK] Checking EOF conditions...
2026-01-21 03:17:13.959 RedLemon[58317:480578] [AUTO_EXIT_CHECK] No exit condition met - continuing to monitor...
2026-01-21 03:17:14.956 RedLemon[58317:480578] [AUTO_EXIT_CHECK] isEventPlayback: true
2026-01-21 03:17:14.956 RedLemon[58317:480578] [AUTO_EXIT_CHECK] isLoading: false, isResolvingStream: false
2026-01-21 03:17:14.956 RedLemon[58317:480578] [AUTO_EXIT_CHECK] playbackFinished: false, isPlaying: true
2026-01-21 03:17:14.956 RedLemon[58317:480578] [AUTO_EXIT_CHECK] Position: 5061.728s / Duration: 5406.99s
2026-01-21 03:17:14.956 RedLemon[58317:480578] [AUTO_EXIT_CHECK] Checking EOF conditions...
2026-01-21 03:17:14.957 RedLemon[58317:480578] [AUTO_EXIT_CHECK] No exit condition met - continuing to monitor...
2026-01-21 03:17:16.040 RedLemon[58317:480578] [AUTO_EXIT_CHECK] isEventPlayback: true
2026-01-21 03:17:16.040 RedLemon[58317:480578] [AUTO_EXIT_CHECK] isLoading: false, isResolvingStream: false
2026-01-21 03:17:16.040 RedLemon[58317:480578] [AUTO_EXIT_CHECK] playbackFinished: false, isPlaying: true
2026-01-21 03:17:16.040 RedLemon[58317:480578] [AUTO_EXIT_CHECK] Position: 5062.603999999999s / Duration: 5406.99s
2026-01-21 03:17:16.040 RedLemon[58317:480578] [AUTO_EXIT_CHECK] Checking EOF conditions...
2026-01-21 03:17:16.041 RedLemon[58317:480578] [AUTO_EXIT_CHECK] No exit condition met - continuing to monitor...
2026-01-21 03:17:16.957 RedLemon[58317:480578] [AUTO_EXIT_CHECK] isEventPlayback: true
2026-01-21 03:17:16.957 RedLemon[58317:480578] [AUTO_EXIT_CHECK] isLoading: false, isResolvingStream: false
2026-01-21 03:17:16.957 RedLemon[58317:480578] [AUTO_EXIT_CHECK] playbackFinished: false, isPlaying: true
2026-01-21 03:17:16.958 RedLemon[58317:480578] [AUTO_EXIT_CHECK] Position: 5063.772s / Duration: 5406.99s
2026-01-21 03:17:16.958 RedLemon[58317:480578] [AUTO_EXIT_CHECK] Checking EOF conditions...
2026-01-21 03:17:16.958 RedLemon[58317:480578] [AUTO_EXIT_CHECK] No exit condition met - continuing to monitor...
2026-01-21 03:17:17.963 RedLemon[58317:480578] [AUTO_EXIT_CHECK] isEventPlayback: true
2026-01-21 03:17:17.963 RedLemon[58317:480578] [AUTO_EXIT_CHECK] isLoading: false, isResolvingStream: false
2026-01-21 03:17:17.963 RedLemon[58317:480578] [AUTO_EXIT_CHECK] playbackFinished: false, isPlaying: true
2026-01-21 03:17:17.963 RedLemon[58317:480578] [AUTO_EXIT_CHECK] Position: 5064.648s / Duration: 5406.99s
2026-01-21 03:17:17.963 RedLemon[58317:480578] [AUTO_EXIT_CHECK] Checking EOF conditions...
2026-01-21 03:17:17.963 RedLemon[58317:480578] [AUTO_EXIT_CHECK] No exit condition met - continuing to monitor...
2026-01-21 03:17:18.961 RedLemon[58317:480578] [AUTO_EXIT_CHECK] isEventPlayback: true
2026-01-21 03:17:18.961 RedLemon[58317:480578] [AUTO_EXIT_CHECK] isLoading: false, isResolvingStream: false
2026-01-21 03:17:18.961 RedLemon[58317:480578] [AUTO_EXIT_CHECK] playbackFinished: false, isPlaying: true
2026-01-21 03:17:18.962 RedLemon[58317:480578] [AUTO_EXIT_CHECK] Position: 5065.523999999999s / Duration: 5406.99s
2026-01-21 03:17:18.962 RedLemon[58317:480578] [AUTO_EXIT_CHECK] Checking EOF conditions...
2026-01-21 03:17:18.962 RedLemon[58317:480578] [AUTO_EXIT_CHECK] No exit condition met - continuing to monitor...
2026-01-21 03:17:20.003 RedLemon[58317:480578] [AUTO_EXIT_CHECK] isEventPlayback: true
2026-01-21 03:17:20.003 RedLemon[58317:480578] [AUTO_EXIT_CHECK] isLoading: false, isResolvingStream: false
2026-01-21 03:17:20.004 RedLemon[58317:480578] [AUTO_EXIT_CHECK] playbackFinished: false, isPlaying: true
2026-01-21 03:17:20.004 RedLemon[58317:480578] [AUTO_EXIT_CHECK] Position: 5066.691s / Duration: 5406.99s
2026-01-21 03:17:20.004 RedLemon[58317:480578] [AUTO_EXIT_CHECK] Checking EOF conditions...
2026-01-21 03:17:20.004 RedLemon[58317:480578] [AUTO_EXIT_CHECK] No exit condition met - continuing to monitor...
2026-01-21 03:17:20.962 RedLemon[58317:480578] [AUTO_EXIT_CHECK] isEventPlayback: true
2026-01-21 03:17:20.962 RedLemon[58317:480578] [AUTO_EXIT_CHECK] isLoading: false, isResolvingStream: false
2026-01-21 03:17:20.962 RedLemon[58317:480578] [AUTO_EXIT_CHECK] playbackFinished: false, isPlaying: true
2026-01-21 03:17:20.962 RedLemon[58317:480578] [AUTO_EXIT_CHECK] Position: 5067.568s / Duration: 5406.99s
2026-01-21 03:17:20.962 RedLemon[58317:480578] [AUTO_EXIT_CHECK] Checking EOF conditions...
2026-01-21 03:17:20.963 RedLemon[58317:480578] [AUTO_EXIT_CHECK] No exit condition met - continuing to monitor...
2026-01-21 03:17:21.923 RedLemon[58317:480578] [AUTO_EXIT_CHECK] isEventPlayback: true
2026-01-21 03:17:21.923 RedLemon[58317:480578] [AUTO_EXIT_CHECK] isLoading: false, isResolvingStream: false
2026-01-21 03:17:21.923 RedLemon[58317:480578] [AUTO_EXIT_CHECK] playbackFinished: false, isPlaying: true
2026-01-21 03:17:21.923 RedLemon[58317:480578] [AUTO_EXIT_CHECK] Position: 5068.735s / Duration: 5406.99s
2026-01-21 03:17:21.924 RedLemon[58317:480578] [AUTO_EXIT_CHECK] Checking EOF conditions...
2026-01-21 03:17:21.925 RedLemon[58317:480578] [AUTO_EXIT_CHECK] No exit condition met - continuing to monitor...
2026-01-21 03:17:22.964 RedLemon[58317:480578] [AUTO_EXIT_CHECK] isEventPlayback: true
2026-01-21 03:17:22.964 RedLemon[58317:480578] [AUTO_EXIT_CHECK] isLoading: false, isResolvingStream: false
2026-01-21 03:17:22.964 RedLemon[58317:480578] [AUTO_EXIT_CHECK] playbackFinished: false, isPlaying: true
2026-01-21 03:17:22.964 RedLemon[58317:480578] [AUTO_EXIT_CHECK] Position: 5069.611s / Duration: 5406.99s
2026-01-21 03:17:22.964 RedLemon[58317:480578] [AUTO_EXIT_CHECK] Checking EOF conditions...
2026-01-21 03:17:22.965 RedLemon[58317:480578] [AUTO_EXIT_CHECK] No exit condition met - continuing to monitor...
2026-01-21 03:17:23.965 RedLemon[58317:480578] [AUTO_EXIT_CHECK] isEventPlayback: true
2026-01-21 03:17:23.966 RedLemon[58317:480578] [AUTO_EXIT_CHECK] isLoading: false, isResolvingStream: false
2026-01-21 03:17:23.966 RedLemon[58317:480578] [AUTO_EXIT_CHECK] playbackFinished: false, isPlaying: true
2026-01-21 03:17:23.966 RedLemon[58317:480578] [AUTO_EXIT_CHECK] Position: 5070.7789999999995s / Duration: 5406.99s
2026-01-21 03:17:23.966 RedLemon[58317:480578] [AUTO_EXIT_CHECK] Checking EOF conditions...
2026-01-21 03:17:23.966 RedLemon[58317:480578] [AUTO_EXIT_CHECK] No exit condition met - continuing to monitor...
2026-01-21 03:17:24.966 RedLemon[58317:480578] [AUTO_EXIT_CHECK] isEventPlayback: true
2026-01-21 03:17:24.967 RedLemon[58317:480578] [AUTO_EXIT_CHECK] isLoading: false, isResolvingStream: false
2026-01-21 03:17:24.967 RedLemon[58317:480578] [AUTO_EXIT_CHECK] playbackFinished: false, isPlaying: true
2026-01-21 03:17:24.967 RedLemon[58317:480578] [AUTO_EXIT_CHECK] Position: 5071.655s / Duration: 5406.99s
2026-01-21 03:17:24.967 RedLemon[58317:480578] [AUTO_EXIT_CHECK] Checking EOF conditions...
2026-01-21 03:17:24.967 RedLemon[58317:480578] [AUTO_EXIT_CHECK] No exit condition met - continuing to monitor...
2026-01-21 03:17:25.978 RedLemon[58317:480578] [AUTO_EXIT_CHECK] isEventPlayback: true
2026-01-21 03:17:25.979 RedLemon[58317:480578] [AUTO_EXIT_CHECK] isLoading: false, isResolvingStream: false
2026-01-21 03:17:25.979 RedLemon[58317:480578] [AUTO_EXIT_CHECK] playbackFinished: false, isPlaying: true
2026-01-21 03:17:25.979 RedLemon[58317:480578] [AUTO_EXIT_CHECK] Position: 5072.822s / Duration: 5406.99s
2026-01-21 03:17:25.979 RedLemon[58317:480578] [AUTO_EXIT_CHECK] Checking EOF conditions...
2026-01-21 03:17:25.979 RedLemon[58317:480578] [AUTO_EXIT_CHECK] No exit condition met - continuing to monitor...
2026-01-21 03:17:26.927 RedLemon[58317:480578] [AUTO_EXIT_CHECK] isEventPlayback: true
2026-01-21 03:17:26.927 RedLemon[58317:480578] [AUTO_EXIT_CHECK] isLoading: false, isResolvingStream: false
2026-01-21 03:17:26.927 RedLemon[58317:480578] [AUTO_EXIT_CHECK] playbackFinished: false, isPlaying: true
2026-01-21 03:17:26.927 RedLemon[58317:480578] [AUTO_EXIT_CHECK] Position: 5073.697999999999s / Duration: 5406.99s
2026-01-21 03:17:26.928 RedLemon[58317:480578] [AUTO_EXIT_CHECK] Checking EOF conditions...
2026-01-21 03:17:26.928 RedLemon[58317:480578] [AUTO_EXIT_CHECK] No exit condition met - continuing to monitor...
2026-01-21 03:17:27.927 RedLemon[58317:480578] [AUTO_EXIT_CHECK] isEventPlayback: true
2026-01-21 03:17:27.927 RedLemon[58317:480578] [AUTO_EXIT_CHECK] isLoading: false, isResolvingStream: false
2026-01-21 03:17:27.928 RedLemon[58317:480578] [AUTO_EXIT_CHECK] playbackFinished: false, isPlaying: true
2026-01-21 03:17:27.928 RedLemon[58317:480578] [AUTO_EXIT_CHECK] Position: 5074.575s / Duration: 5406.99s
2026-01-21 03:17:27.928 RedLemon[58317:480578] [AUTO_EXIT_CHECK] Checking EOF conditions...
2026-01-21 03:17:27.928 RedLemon[58317:480578] [AUTO_EXIT_CHECK] No exit condition met - continuing to monitor...
2026-01-21 03:17:28.970 RedLemon[58317:480578] [AUTO_EXIT_CHECK] isEventPlayback: true
2026-01-21 03:17:28.970 RedLemon[58317:480578] [AUTO_EXIT_CHECK] isLoading: false, isResolvingStream: false
2026-01-21 03:17:28.970 RedLemon[58317:480578] [AUTO_EXIT_CHECK] playbackFinished: false, isPlaying: true
2026-01-21 03:17:28.971 RedLemon[58317:480578] [AUTO_EXIT_CHECK] Position: 5075.7429999999995s / Duration: 5406.99s
2026-01-21 03:17:28.971 RedLemon[58317:480578] [AUTO_EXIT_CHECK] Checking EOF conditions...
2026-01-21 03:17:28.971 RedLemon[58317:480578] [AUTO_EXIT_CHECK] No exit condition met - continuing to monitor...
2026-01-21 03:17:29.725 RedLemon[58317:484538] 🔐 SupabaseClient: Signing Identity Payload: '1768983449656daa91-33b4-4688-9135-c982ea52d7c9/rpc/room_heartbeat'
2026-01-21 03:17:29.726 RedLemon[58317:484538] 🔐 Signed request to /rpc/room_heartbeat
2026-01-21 03:17:30.014 RedLemon[58317:480578] [AUTO_EXIT_CHECK] isEventPlayback: true
2026-01-21 03:17:30.014 RedLemon[58317:480578] [AUTO_EXIT_CHECK] isLoading: false, isResolvingStream: false
2026-01-21 03:17:30.015 RedLemon[58317:480578] [AUTO_EXIT_CHECK] playbackFinished: false, isPlaying: true
2026-01-21 03:17:30.015 RedLemon[58317:480578] [AUTO_EXIT_CHECK] Position: 5076.6179999999995s / Duration: 5406.99s
2026-01-21 03:17:30.015 RedLemon[58317:480578] [AUTO_EXIT_CHECK] Checking EOF conditions...
2026-01-21 03:17:30.015 RedLemon[58317:480578] [AUTO_EXIT_CHECK] No exit condition met - continuing to monitor...
2026-01-21 03:17:30.932 RedLemon[58317:480578] [AUTO_EXIT_CHECK] isEventPlayback: true
2026-01-21 03:17:30.932 RedLemon[58317:480578] [AUTO_EXIT_CHECK] isLoading: false, isResolvingStream: false
2026-01-21 03:17:30.932 RedLemon[58317:480578] [AUTO_EXIT_CHECK] playbackFinished: false, isPlaying: true
2026-01-21 03:17:30.932 RedLemon[58317:480578] [AUTO_EXIT_CHECK] Position: 5077.494s / Duration: 5406.99s
2026-01-21 03:17:30.932 RedLemon[58317:480578] [AUTO_EXIT_CHECK] Checking EOF conditions...
2026-01-21 03:17:30.932 RedLemon[58317:480578] [AUTO_EXIT_CHECK] No exit condition met - continuing to monitor...
2026-01-21 03:17:31.931 RedLemon[58317:480578] [AUTO_EXIT_CHECK] isEventPlayback: true
2026-01-21 03:17:31.931 RedLemon[58317:480578] [AUTO_EXIT_CHECK] isLoading: false, isResolvingStream: false
2026-01-21 03:17:31.932 RedLemon[58317:480578] [AUTO_EXIT_CHECK] playbackFinished: false, isPlaying: true
2026-01-21 03:17:31.932 RedLemon[58317:480578] [AUTO_EXIT_CHECK] Position: 5078.661s / Duration: 5406.99s
2026-01-21 03:17:31.932 RedLemon[58317:480578] [AUTO_EXIT_CHECK] Checking EOF conditions...
2026-01-21 03:17:31.932 RedLemon[58317:480578] [AUTO_EXIT_CHECK] No exit condition met - continuing to monitor...
2026-01-21 03:17:32.932 RedLemon[58317:480578] [AUTO_EXIT_CHECK] isEventPlayback: true
2026-01-21 03:17:32.933 RedLemon[58317:480578] [AUTO_EXIT_CHECK] isLoading: false, isResolvingStream: false
2026-01-21 03:17:32.933 RedLemon[58317:480578] [AUTO_EXIT_CHECK] playbackFinished: false, isPlaying: true
2026-01-21 03:17:32.933 RedLemon[58317:480578] [AUTO_EXIT_CHECK] Position: 5079.536999999999s / Duration: 5406.99s
2026-01-21 03:17:32.933 RedLemon[58317:480578] [AUTO_EXIT_CHECK] Checking EOF conditions...
2026-01-21 03:17:32.934 RedLemon[58317:480578] [AUTO_EXIT_CHECK] No exit condition met - continuing to monitor...
2026-01-21 03:17:33.933 RedLemon[58317:480578] [AUTO_EXIT_CHECK] isEventPlayback: true
2026-01-21 03:17:33.933 RedLemon[58317:480578] [AUTO_EXIT_CHECK] isLoading: false, isResolvingStream: false
2026-01-21 03:17:33.933 RedLemon[58317:480578] [AUTO_EXIT_CHECK] playbackFinished: false, isPlaying: true
2026-01-21 03:17:33.933 RedLemon[58317:480578] [AUTO_EXIT_CHECK] Position: 5080.706s / Duration: 5406.99s
2026-01-21 03:17:33.934 RedLemon[58317:480578] [AUTO_EXIT_CHECK] Checking EOF conditions...
2026-01-21 03:17:33.934 RedLemon[58317:480578] [AUTO_EXIT_CHECK] No exit condition met - continuing to monitor...
2026-01-21 03:17:35.060 RedLemon[58317:480578] [AUTO_EXIT_CHECK] isEventPlayback: true
2026-01-21 03:17:35.060 RedLemon[58317:480578] [AUTO_EXIT_CHECK] isLoading: false, isResolvingStream: false
2026-01-21 03:17:35.060 RedLemon[58317:480578] [AUTO_EXIT_CHECK] playbackFinished: false, isPlaying: true
2026-01-21 03:17:35.061 RedLemon[58317:480578] [AUTO_EXIT_CHECK] Position: 5081.874s / Duration: 5406.99s
2026-01-21 03:17:35.061 RedLemon[58317:480578] [AUTO_EXIT_CHECK] Checking EOF conditions...
2026-01-21 03:17:35.061 RedLemon[58317:480578] [AUTO_EXIT_CHECK] No exit condition met - continuing to monitor...
2026-01-21 03:17:35.936 RedLemon[58317:480578] [AUTO_EXIT_CHECK] isEventPlayback: true
2026-01-21 03:17:35.936 RedLemon[58317:480578] [AUTO_EXIT_CHECK] isLoading: false, isResolvingStream: false
2026-01-21 03:17:35.936 RedLemon[58317:480578] [AUTO_EXIT_CHECK] playbackFinished: false, isPlaying: true
2026-01-21 03:17:35.936 RedLemon[58317:480578] [AUTO_EXIT_CHECK] Position: 5082.75s / Duration: 5406.99s
2026-01-21 03:17:35.937 RedLemon[58317:480578] [AUTO_EXIT_CHECK] Checking EOF conditions...
2026-01-21 03:17:35.937 RedLemon[58317:480578] [AUTO_EXIT_CHECK] No exit condition met - continuing to monitor...
2026-01-21 03:17:36.936 RedLemon[58317:480578] [AUTO_EXIT_CHECK] isEventPlayback: true
2026-01-21 03:17:36.937 RedLemon[58317:480578] [AUTO_EXIT_CHECK] isLoading: false, isResolvingStream: false
2026-01-21 03:17:36.937 RedLemon[58317:480578] [AUTO_EXIT_CHECK] playbackFinished: false, isPlaying: true
2026-01-21 03:17:36.937 RedLemon[58317:480578] [AUTO_EXIT_CHECK] Position: 5083.625s / Duration: 5406.99s
2026-01-21 03:17:36.937 RedLemon[58317:480578] [AUTO_EXIT_CHECK] Checking EOF conditions...
2026-01-21 03:17:36.938 RedLemon[58317:480578] [AUTO_EXIT_CHECK] No exit condition met - continuing to monitor...
2026-01-21 03:17:37.936 RedLemon[58317:480578] [AUTO_EXIT_CHECK] isEventPlayback: true
2026-01-21 03:17:37.937 RedLemon[58317:480578] [AUTO_EXIT_CHECK] isLoading: false, isResolvingStream: false
2026-01-21 03:17:37.937 RedLemon[58317:480578] [AUTO_EXIT_CHECK] playbackFinished: false, isPlaying: true
2026-01-21 03:17:37.937 RedLemon[58317:480578] [AUTO_EXIT_CHECK] Position: 5084.501s / Duration: 5406.99s
2026-01-21 03:17:37.937 RedLemon[58317:480578] [AUTO_EXIT_CHECK] Checking EOF conditions...
2026-01-21 03:17:37.937 RedLemon[58317:480578] [AUTO_EXIT_CHECK] No exit condition met - continuing to monitor...
2026-01-21 03:17:38.981 RedLemon[58317:480578] [AUTO_EXIT_CHECK] isEventPlayback: true
2026-01-21 03:17:38.981 RedLemon[58317:480578] [AUTO_EXIT_CHECK] isLoading: false, isResolvingStream: false
2026-01-21 03:17:38.981 RedLemon[58317:480578] [AUTO_EXIT_CHECK] playbackFinished: false, isPlaying: true
2026-01-21 03:17:38.981 RedLemon[58317:480578] [AUTO_EXIT_CHECK] Position: 5085.669s / Duration: 5406.99s
2026-01-21 03:17:38.981 RedLemon[58317:480578] [AUTO_EXIT_CHECK] Checking EOF conditions...
2026-01-21 03:17:38.981 RedLemon[58317:480578] [AUTO_EXIT_CHECK] No exit condition met - continuing to monitor...
2026-01-21 03:17:40.023 RedLemon[58317:480578] [AUTO_EXIT_CHECK] isEventPlayback: true
2026-01-21 03:17:40.023 RedLemon[58317:480578] [AUTO_EXIT_CHECK] isLoading: false, isResolvingStream: false
2026-01-21 03:17:40.024 RedLemon[58317:480578] [AUTO_EXIT_CHECK] playbackFinished: false, isPlaying: true
2026-01-21 03:17:40.024 RedLemon[58317:480578] [AUTO_EXIT_CHECK] Position: 5086.8369999999995s / Duration: 5406.99s
2026-01-21 03:17:40.024 RedLemon[58317:480578] [AUTO_EXIT_CHECK] Checking EOF conditions...
2026-01-21 03:17:40.024 RedLemon[58317:480578] [AUTO_EXIT_CHECK] No exit condition met - continuing to monitor...
2026-01-21 03:17:40.940 RedLemon[58317:480578] [AUTO_EXIT_CHECK] isEventPlayback: true
2026-01-21 03:17:40.941 RedLemon[58317:480578] [AUTO_EXIT_CHECK] isLoading: false, isResolvingStream: false
2026-01-21 03:17:40.941 RedLemon[58317:480578] [AUTO_EXIT_CHECK] playbackFinished: false, isPlaying: true
2026-01-21 03:17:40.941 RedLemon[58317:480578] [AUTO_EXIT_CHECK] Position: 5087.7119999999995s / Duration: 5406.99s
2026-01-21 03:17:40.942 RedLemon[58317:480578] [AUTO_EXIT_CHECK] Checking EOF conditions...
2026-01-21 03:17:40.942 RedLemon[58317:480578] [AUTO_EXIT_CHECK] No exit condition met - continuing to monitor...
2026-01-21 03:17:41.941 RedLemon[58317:480578] [AUTO_EXIT_CHECK] isEventPlayback: true
2026-01-21 03:17:41.942 RedLemon[58317:480578] [AUTO_EXIT_CHECK] isLoading: false, isResolvingStream: false
2026-01-21 03:17:41.942 RedLemon[58317:480578] [AUTO_EXIT_CHECK] playbackFinished: false, isPlaying: true
2026-01-21 03:17:41.942 RedLemon[58317:480578] [AUTO_EXIT_CHECK] Position: 5088.588s / Duration: 5406.99s
2026-01-21 03:17:41.942 RedLemon[58317:480578] [AUTO_EXIT_CHECK] Checking EOF conditions...
2026-01-21 03:17:41.942 RedLemon[58317:480578] [AUTO_EXIT_CHECK] No exit condition met - continuing to monitor...
2026-01-21 03:17:42.983 RedLemon[58317:480578] [AUTO_EXIT_CHECK] isEventPlayback: true
2026-01-21 03:17:42.983 RedLemon[58317:480578] [AUTO_EXIT_CHECK] isLoading: false, isResolvingStream: false
2026-01-21 03:17:42.983 RedLemon[58317:480578] [AUTO_EXIT_CHECK] playbackFinished: false, isPlaying: true
2026-01-21 03:17:42.983 RedLemon[58317:480578] [AUTO_EXIT_CHECK] Position: 5089.755999999999s / Duration: 5406.99s
2026-01-21 03:17:42.983 RedLemon[58317:480578] [AUTO_EXIT_CHECK] Checking EOF conditions...
2026-01-21 03:17:42.984 RedLemon[58317:480578] [AUTO_EXIT_CHECK] No exit condition met - continuing to monitor...
2026-01-21 03:17:44.027 RedLemon[58317:480578] [AUTO_EXIT_CHECK] isEventPlayback: true
2026-01-21 03:17:44.027 RedLemon[58317:480578] [AUTO_EXIT_CHECK] isLoading: false, isResolvingStream: false
2026-01-21 03:17:44.028 RedLemon[58317:480578] [AUTO_EXIT_CHECK] playbackFinished: false, isPlaying: true
2026-01-21 03:17:44.028 RedLemon[58317:480578] [AUTO_EXIT_CHECK] Position: 5090.632s / Duration: 5406.99s
2026-01-21 03:17:44.028 RedLemon[58317:480578] [AUTO_EXIT_CHECK] Checking EOF conditions...
2026-01-21 03:17:44.028 RedLemon[58317:480578] [AUTO_EXIT_CHECK] No exit condition met - continuing to monitor...
2026-01-21 03:17:44.945 RedLemon[58317:480578] [AUTO_EXIT_CHECK] isEventPlayback: true
2026-01-21 03:17:44.945 RedLemon[58317:480578] [AUTO_EXIT_CHECK] isLoading: false, isResolvingStream: false
2026-01-21 03:17:44.945 RedLemon[58317:480578] [AUTO_EXIT_CHECK] playbackFinished: false, isPlaying: true
2026-01-21 03:17:44.945 RedLemon[58317:480578] [AUTO_EXIT_CHECK] Position: 5091.508s / Duration: 5406.99s
2026-01-21 03:17:44.946 RedLemon[58317:480578] [AUTO_EXIT_CHECK] Checking EOF conditions...
2026-01-21 03:17:44.946 RedLemon[58317:480578] [AUTO_EXIT_CHECK] No exit condition met - continuing to monitor...
2026-01-21 03:17:45.945 RedLemon[58317:480578] [AUTO_EXIT_CHECK] isEventPlayback: true
2026-01-21 03:17:45.946 RedLemon[58317:480578] [AUTO_EXIT_CHECK] isLoading: false, isResolvingStream: false
2026-01-21 03:17:45.946 RedLemon[58317:480578] [AUTO_EXIT_CHECK] playbackFinished: false, isPlaying: true
2026-01-21 03:17:45.946 RedLemon[58317:480578] [AUTO_EXIT_CHECK] Position: 5092.6759999999995s / Duration: 5406.99s
2026-01-21 03:17:45.946 RedLemon[58317:480578] [AUTO_EXIT_CHECK] Checking EOF conditions...
2026-01-21 03:17:45.946 RedLemon[58317:480578] [AUTO_EXIT_CHECK] No exit condition met - continuing to monitor...
2026-01-21 03:17:46.946 RedLemon[58317:480578] [AUTO_EXIT_CHECK] isEventPlayback: true
2026-01-21 03:17:46.946 RedLemon[58317:480578] [AUTO_EXIT_CHECK] isLoading: false, isResolvingStream: false
2026-01-21 03:17:46.946 RedLemon[58317:480578] [AUTO_EXIT_CHECK] playbackFinished: false, isPlaying: true
2026-01-21 03:17:46.946 RedLemon[58317:480578] [AUTO_EXIT_CHECK] Position: 5093.552s / Duration: 5406.99s
2026-01-21 03:17:46.946 RedLemon[58317:480578] [AUTO_EXIT_CHECK] Checking EOF conditions...
2026-01-21 03:17:46.946 RedLemon[58317:480578] [AUTO_EXIT_CHECK] No exit condition met - continuing to monitor...
2026-01-21 03:17:47.950 RedLemon[58317:480578] [AUTO_EXIT_CHECK] isEventPlayback: true
2026-01-21 03:17:47.950 RedLemon[58317:480578] [AUTO_EXIT_CHECK] isLoading: false, isResolvingStream: false
2026-01-21 03:17:47.950 RedLemon[58317:480578] [AUTO_EXIT_CHECK] playbackFinished: false, isPlaying: true
2026-01-21 03:17:47.950 RedLemon[58317:480578] [AUTO_EXIT_CHECK] Position: 5094.719999999999s / Duration: 5406.99s
2026-01-21 03:17:47.950 RedLemon[58317:480578] [AUTO_EXIT_CHECK] Checking EOF conditions...
2026-01-21 03:17:47.951 RedLemon[58317:480578] [AUTO_EXIT_CHECK] No exit condition met - continuing to monitor...
2026-01-21 03:17:48.989 RedLemon[58317:480578] [AUTO_EXIT_CHECK] isEventPlayback: true
2026-01-21 03:17:48.989 RedLemon[58317:480578] [AUTO_EXIT_CHECK] isLoading: false, isResolvingStream: false
2026-01-21 03:17:48.989 RedLemon[58317:480578] [AUTO_EXIT_CHECK] playbackFinished: false, isPlaying: true
2026-01-21 03:17:48.989 RedLemon[58317:480578] [AUTO_EXIT_CHECK] Position: 5095.594999999999s / Duration: 5406.99s
2026-01-21 03:17:48.989 RedLemon[58317:480578] [AUTO_EXIT_CHECK] Checking EOF conditions...
2026-01-21 03:17:48.989 RedLemon[58317:480578] [AUTO_EXIT_CHECK] No exit condition met - continuing to monitor...
2026-01-21 03:17:49.949 RedLemon[58317:480578] [AUTO_EXIT_CHECK] isEventPlayback: true
2026-01-21 03:17:49.949 RedLemon[58317:480578] [AUTO_EXIT_CHECK] isLoading: false, isResolvingStream: false
2026-01-21 03:17:49.950 RedLemon[58317:480578] [AUTO_EXIT_CHECK] playbackFinished: false, isPlaying: true
2026-01-21 03:17:49.950 RedLemon[58317:480578] [AUTO_EXIT_CHECK] Position: 5096.763s / Duration: 5406.99s
2026-01-21 03:17:49.950 RedLemon[58317:480578] [AUTO_EXIT_CHECK] Checking EOF conditions...
2026-01-21 03:17:49.950 RedLemon[58317:480578] [AUTO_EXIT_CHECK] No exit condition met - continuing to monitor...
2026-01-21 03:17:50.950 RedLemon[58317:480578] [AUTO_EXIT_CHECK] isEventPlayback: true
2026-01-21 03:17:50.950 RedLemon[58317:480578] [AUTO_EXIT_CHECK] isLoading: false, isResolvingStream: false
2026-01-21 03:17:50.950 RedLemon[58317:480578] [AUTO_EXIT_CHECK] playbackFinished: false, isPlaying: true
2026-01-21 03:17:50.950 RedLemon[58317:480578] [AUTO_EXIT_CHECK] Position: 5097.639s / Duration: 5406.99s
2026-01-21 03:17:50.951 RedLemon[58317:480578] [AUTO_EXIT_CHECK] Checking EOF conditions...
2026-01-21 03:17:50.951 RedLemon[58317:480578] [AUTO_EXIT_CHECK] No exit condition met - continuing to monitor...
2026-01-21 03:17:51.951 RedLemon[58317:480578] [AUTO_EXIT_CHECK] isEventPlayback: true
2026-01-21 03:17:51.952 RedLemon[58317:480578] [AUTO_EXIT_CHECK] isLoading: false, isResolvingStream: false
2026-01-21 03:17:51.952 RedLemon[58317:480578] [AUTO_EXIT_CHECK] playbackFinished: false, isPlaying: true
2026-01-21 03:17:51.952 RedLemon[58317:480578] [AUTO_EXIT_CHECK] Position: 5098.514999999999s / Duration: 5406.99s
2026-01-21 03:17:51.952 RedLemon[58317:480578] [AUTO_EXIT_CHECK] Checking EOF conditions...
2026-01-21 03:17:51.952 RedLemon[58317:480578] [AUTO_EXIT_CHECK] No exit condition met - continuing to monitor...
2026-01-21 03:17:53.037 RedLemon[58317:480578] [AUTO_EXIT_CHECK] isEventPlayback: true
2026-01-21 03:17:53.037 RedLemon[58317:480578] [AUTO_EXIT_CHECK] isLoading: false, isResolvingStream: false
2026-01-21 03:17:53.037 RedLemon[58317:480578] [AUTO_EXIT_CHECK] playbackFinished: false, isPlaying: true
2026-01-21 03:17:53.037 RedLemon[58317:480578] [AUTO_EXIT_CHECK] Position: 5099.683s / Duration: 5406.99s
2026-01-21 03:17:53.037 RedLemon[58317:480578] [AUTO_EXIT_CHECK] Checking EOF conditions...
2026-01-21 03:17:53.037 RedLemon[58317:480578] [AUTO_EXIT_CHECK] No exit condition met - continuing to monitor...
2026-01-21 03:17:53.994 RedLemon[58317:480578] [AUTO_EXIT_CHECK] isEventPlayback: true
2026-01-21 03:17:53.994 RedLemon[58317:480578] [AUTO_EXIT_CHECK] isLoading: false, isResolvingStream: false
2026-01-21 03:17:53.994 RedLemon[58317:480578] [AUTO_EXIT_CHECK] playbackFinished: false, isPlaying: true
2026-01-21 03:17:53.994 RedLemon[58317:480578] [AUTO_EXIT_CHECK] Position: 5100.559s / Duration: 5406.99s
2026-01-21 03:17:53.994 RedLemon[58317:480578] [AUTO_EXIT_CHECK] Checking EOF conditions...
2026-01-21 03:17:53.994 RedLemon[58317:480578] [AUTO_EXIT_CHECK] No exit condition met - continuing to monitor...
2026-01-21 03:17:54.954 RedLemon[58317:480578] [AUTO_EXIT_CHECK] isEventPlayback: true
2026-01-21 03:17:54.955 RedLemon[58317:480578] [AUTO_EXIT_CHECK] isLoading: false, isResolvingStream: false
2026-01-21 03:17:54.955 RedLemon[58317:480578] [AUTO_EXIT_CHECK] playbackFinished: false, isPlaying: true
2026-01-21 03:17:54.955 RedLemon[58317:480578] [AUTO_EXIT_CHECK] Position: 5101.726s / Duration: 5406.99s
2026-01-21 03:17:54.955 RedLemon[58317:480578] [AUTO_EXIT_CHECK] Checking EOF conditions...
2026-01-21 03:17:54.955 RedLemon[58317:480578] [AUTO_EXIT_CHECK] No exit condition met - continuing to monitor...
2026-01-21 03:17:55.955 RedLemon[58317:480578] [AUTO_EXIT_CHECK] isEventPlayback: true
2026-01-21 03:17:55.956 RedLemon[58317:480578] [AUTO_EXIT_CHECK] isLoading: false, isResolvingStream: false
2026-01-21 03:17:55.956 RedLemon[58317:480578] [AUTO_EXIT_CHECK] playbackFinished: false, isPlaying: true
2026-01-21 03:17:55.956 RedLemon[58317:480578] [AUTO_EXIT_CHECK] Position: 5102.603s / Duration: 5406.99s
2026-01-21 03:17:55.956 RedLemon[58317:480578] [AUTO_EXIT_CHECK] Checking EOF conditions...
2026-01-21 03:17:55.956 RedLemon[58317:480578] [AUTO_EXIT_CHECK] No exit condition met - continuing to monitor...
2026-01-21 03:17:56.957 RedLemon[58317:480578] [AUTO_EXIT_CHECK] isEventPlayback: true
2026-01-21 03:17:56.958 RedLemon[58317:480578] [AUTO_EXIT_CHECK] isLoading: false, isResolvingStream: false
2026-01-21 03:17:56.958 RedLemon[58317:480578] [AUTO_EXIT_CHECK] playbackFinished: false, isPlaying: true
2026-01-21 03:17:56.958 RedLemon[58317:480578] [AUTO_EXIT_CHECK] Position: 5103.771s / Duration: 5406.99s
2026-01-21 03:17:56.958 RedLemon[58317:480578] [AUTO_EXIT_CHECK] Checking EOF conditions...
2026-01-21 03:17:56.958 RedLemon[58317:480578] [AUTO_EXIT_CHECK] No exit condition met - continuing to monitor...
2026-01-21 03:17:57.998 RedLemon[58317:480578] [AUTO_EXIT_CHECK] isEventPlayback: true
2026-01-21 03:17:57.999 RedLemon[58317:480578] [AUTO_EXIT_CHECK] isLoading: false, isResolvingStream: false
2026-01-21 03:17:57.999 RedLemon[58317:480578] [AUTO_EXIT_CHECK] playbackFinished: false, isPlaying: true
2026-01-21 03:17:57.999 RedLemon[58317:480578] [AUTO_EXIT_CHECK] Position: 5104.646s / Duration: 5406.99s
2026-01-21 03:17:57.999 RedLemon[58317:480578] [AUTO_EXIT_CHECK] Checking EOF conditions...
2026-01-21 03:17:58.000 RedLemon[58317:480578] [AUTO_EXIT_CHECK] No exit condition met - continuing to monitor...
2026-01-21 03:17:58.958 RedLemon[58317:480578] [AUTO_EXIT_CHECK] isEventPlayback: true
2026-01-21 03:17:58.958 RedLemon[58317:480578] [AUTO_EXIT_CHECK] isLoading: false, isResolvingStream: false
2026-01-21 03:17:58.958 RedLemon[58317:480578] [AUTO_EXIT_CHECK] playbackFinished: false, isPlaying: true
2026-01-21 03:17:58.959 RedLemon[58317:480578] [AUTO_EXIT_CHECK] Position: 5105.522s / Duration: 5406.99s
2026-01-21 03:17:58.959 RedLemon[58317:480578] [AUTO_EXIT_CHECK] Checking EOF conditions...
2026-01-21 03:17:58.959 RedLemon[58317:480578] [AUTO_EXIT_CHECK] No exit condition met - continuing to monitor...
2026-01-21 03:17:59.960 RedLemon[58317:480578] [AUTO_EXIT_CHECK] isEventPlayback: true
2026-01-21 03:17:59.960 RedLemon[58317:480578] [AUTO_EXIT_CHECK] isLoading: false, isResolvingStream: false
2026-01-21 03:17:59.960 RedLemon[58317:480578] [AUTO_EXIT_CHECK] playbackFinished: false, isPlaying: true
2026-01-21 03:17:59.961 RedLemon[58317:480578] [AUTO_EXIT_CHECK] Position: 5106.69s / Duration: 5406.99s
2026-01-21 03:17:59.961 RedLemon[58317:480578] [AUTO_EXIT_CHECK] Checking EOF conditions...
2026-01-21 03:17:59.961 RedLemon[58317:480578] [AUTO_EXIT_CHECK] No exit condition met - continuing to monitor...
2026-01-21 03:18:00.005 RedLemon[58317:484289] 🔐 SupabaseClient: Signing Identity Payload: '1768983480656daa91-33b4-4688-9135-c982ea52d7c9/rpc/room_heartbeat'
2026-01-21 03:18:00.006 RedLemon[58317:484289] 🔐 Signed request to /rpc/room_heartbeat
2026-01-21 03:18:00.962 RedLemon[58317:480578] [AUTO_EXIT_CHECK] isEventPlayback: true
2026-01-21 03:18:00.962 RedLemon[58317:480578] [AUTO_EXIT_CHECK] isLoading: false, isResolvingStream: false
2026-01-21 03:18:00.962 RedLemon[58317:480578] [AUTO_EXIT_CHECK] playbackFinished: false, isPlaying: true
2026-01-21 03:18:00.962 RedLemon[58317:480578] [AUTO_EXIT_CHECK] Position: 5107.566s / Duration: 5406.99s
2026-01-21 03:18:00.962 RedLemon[58317:480578] [AUTO_EXIT_CHECK] Checking EOF conditions...
2026-01-21 03:18:00.962 RedLemon[58317:480578] [AUTO_EXIT_CHECK] No exit condition met - continuing to monitor...
ds
📡 [EventsConfig] Checking server for movie_events config version...
📡 [EventsConfig] Checking server for movie_events config version...
✅ [EventsConfig] Fetched movie_events version 1563 with 405 movies
✅ [EventsConfig] Fetched movie_events version 1563 with 405 movies
✅ [EventsConfig] Using cached movie_events config (version 1563, 405 movies)
✅ [EventsConfig] Using cached movie_events config (version 1563, 405 movies)
✅ SocialService: Event event_tt0266915 is JOINABLE (Live or Next Up) - allowing join
✅ SocialService: Event event_tt0266915 is JOINABLE (Live or Next Up) - allowing join
📡 [EventsConfig] Checking server for movie_events config version...
📡 [EventsConfig] Checking server for movie_events config version...
✅ [EventsConfig] Fetched movie_events version 1563 with 405 movies
✅ [EventsConfig] Fetched movie_events version 1563 with 405 movies
✅ [EventsConfig] Using cached movie_events config (version 1563, 405 movies)
✅ [EventsConfig] Using cached movie_events config (version 1563, 405 movies)
✅ SocialService: Event event_tt0266915 is JOINABLE (Live or Next Up) - allowing join
✅ SocialService: Event event_tt0266915 is JOINABLE (Live or Next Up) - allowing join
📊 AppState: Polled participant counts - Active: ["tt0266915": 2]
⏰ AppState: Next schedule update set for Next Event Start: 2026-01-21 08:32:50 +0000
⏰ AppState: Scheduling update in 1108 seconds
📊 AppState: Polled participant counts - Active: ["tt0266915": 2]
⏰ AppState: Next schedule update set for Next Event Start: 2026-01-21 08:32:50 +0000
⏰ AppState: Scheduling update in 1098 seconds
📡 [EventsConfig] Checking server for movie_events config version...
📡 [EventsConfig] Checking server for movie_events config version...
✅ [EventsConfig] Fetched movie_events version 1563 with 405 movies
✅ [EventsConfig] Using cached movie_events config (version 1563, 405 movies)
✅ SocialService: Event event_tt0266915 is JOINABLE (Live or Next Up) - allowing join
✅ [EventsConfig] Fetched movie_events version 1563 with 405 movies
✅ [EventsConfig] Using cached movie_events config (version 1563, 405 movies)
✅ SocialService: Event event_tt0266915 is JOINABLE (Live or Next Up) - allowing join
📊 AppState: Polled participant counts - Active: ["tt0266915": 2]
⏰ AppState: Next schedule update set for Next Event Start: 2026-01-21 08:32:50 +0000
⏰ AppState: Scheduling update in 1088 seconds
📡 [EventsConfig] Checking server for movie_events config version...
📡 [EventsConfig] Checking server for movie_events config version...
✅ [EventsConfig] Fetched movie_events version 1563 with 405 movies
✅ [EventsConfig] Fetched movie_events version 1563 with 405 movies
✅ [EventsConfig] Using cached movie_events config (version 1563, 405 movies)
✅ [EventsConfig] Using cached movie_events config (version 1563, 405 movies)
✅ SocialService: Event event_tt0266915 is JOINABLE (Live or Next Up) - allowing join
✅ SocialService: Event event_tt0266915 is JOINABLE (Live or Next Up) - allowing join
📊 AppState: Polled participant counts - Active: ["tt0266915": 2]
⏰ AppState: Next schedule update set for Next Event Start: 2026-01-21 08:32:50 +0000
⏰ AppState: Scheduling update in 1078 seconds
📡 [EventsConfig] Checking server for movie_events config version...
✅ [EventsConfig] Fetched movie_events version 1563 with 405 movies
✅ [EventsConfig] Using cached movie_events config (version 1563, 405 movies)
📊 AppState: Polled participant counts - Active: ["tt0266915": 2]
⏰ AppState: Next schedule update set for Next Event Start: 2026-01-21 08:32:50 +0000
⏰ AppState: Scheduling update in 1068 seconds
📡 [EventsConfig] Checking server for movie_events config version...
📡 [EventsConfig] Checking server for movie_events config version...
✅ [EventsConfig] Fetched movie_events version 1563 with 405 movies
✅ [EventsConfig] Fetched movie_events version 1563 with 405 movies
✅ [EventsConfig] Using cached movie_events config (version 1563, 405 movies)
✅ [EventsConfig] Using cached movie_events config (version 1563, 405 movies)
✅ SocialService: Event event_tt0266915 is JOINABLE (Live or Next Up) - allowing join
✅ SocialService: Event event_tt0266915 is JOINABLE (Live or Next Up) - allowing join
📡 [EventsConfig] Checking server for movie_events config version...
📡 [EventsConfig] Checking server for movie_events config version...
✅ [EventsConfig] Fetched movie_events version 1563 with 405 movies
✅ [EventsConfig] Fetched movie_events version 1563 with 405 movies
✅ [EventsConfig] Using cached movie_events config (version 1563, 405 movies)
✅ [EventsConfig] Using cached movie_events config (version 1563, 405 movies)
✅ SocialService: Event event_tt0266915 is JOINABLE (Live or Next Up) - allowing join
✅ SocialService: Event event_tt0266915 is JOINABLE (Live or Next Up) - allowing join
📊 AppState: Polled participant counts - Active: ["tt0266915": 2]
⏰ AppState: Next schedule update set for Next Event Start: 2026-01-21 08:32:50 +0000
⏰ AppState: Scheduling update in 1058 seconds
📊 AppState: Polled participant counts - Active: ["tt0266915": 2]
⏰ AppState: Next schedule update set for Next Event Start: 2026-01-21 08:32:50 +0000
⏰ AppState: Scheduling update in 1048 seconds
📡 [EventsConfig] Checking server for movie_events config version...
📡 [EventsConfig] Checking server for movie_events config version...
✅ [EventsConfig] Fetched movie_events version 1563 with 405 movies
✅ [EventsConfig] Using cached movie_events config (version 1563, 405 movies)
✅ SocialService: Event event_tt0266915 is JOINABLE (Live or Next Up) - allowing join
✅ [EventsConfig] Fetched movie_events version 1563 with 405 movies
✅ [EventsConfig] Using cached movie_events config (version 1563, 405 movies)
✅ SocialService: Event event_tt0266915 is JOINABLE (Live or Next Up) - allowing join
📊 AppState: Polled participant counts - Active: ["tt0266915": 2]
⏰ AppState: Next schedule update set for Next Event Start: 2026-01-21 08:32:50 +0000
⏰ AppState: Scheduling update in 1038 seconds
📡 [EventsConfig] Checking server for movie_events config version...
📡 [EventsConfig] Checking server for movie_events config version...
✅ [EventsConfig] Fetched movie_events version 1563 with 405 movies
✅ [EventsConfig] Using cached movie_events config (version 1563, 405 movies)
✅ SocialService: Event event_tt0266915 is JOINABLE (Live or Next Up) - allowing join
✅ [EventsConfig] Fetched movie_events version 1563 with 405 movies
✅ [EventsConfig] Using cached movie_events config (version 1563, 405 movies)
✅ SocialService: Event event_tt0266915 is JOINABLE (Live or Next Up) - allowing join
📊 AppState: Polled participant counts - Active: ["tt0266915": 2]
⏰ AppState: Next schedule update set for Next Event Start: 2026-01-21 08:32:50 +0000
⏰ AppState: Scheduling update in 1028 seconds
📊 AppState: Polled participant counts - Active: ["tt0266915": 2]
⏰ AppState: Next schedule update set for Next Event Start: 2026-01-21 08:32:50 +0000
⏰ AppState: Scheduling update in 1018 seconds
📡 [EventsConfig] Checking server for movie_events config version...
📡 [EventsConfig] Checking server for movie_events config version...
✅ [EventsConfig] Fetched movie_events version 1563 with 405 movies
✅ [EventsConfig] Using cached movie_events config (version 1563, 405 movies)
✅ SocialService: Event event_tt0266915 is JOINABLE (Live or Next Up) - allowing join
✅ [EventsConfig] Fetched movie_events version 1563 with 405 movies
✅ [EventsConfig] Using cached movie_events config (version 1563, 405 movies)
✅ SocialService: Event event_tt0266915 is JOINABLE (Live or Next Up) - allowing join
📡 [EventsConfig] Checking server for movie_events config version...
📡 [EventsConfig] Checking server for movie_events config version...
📡 [EventsConfig] Checking server for movie_events config version...
✅ [EventsConfig] Fetched movie_events version 1563 with 405 movies
✅ [EventsConfig] Using cached movie_events config (version 1563, 405 movies)
✅ SocialService: Event event_tt0266915 is JOINABLE (Live or Next Up) - allowing join
✅ [EventsConfig] Fetched movie_events version 1563 with 405 movies
✅ [EventsConfig] Using cached movie_events config (version 1563, 405 movies)
✅ SocialService: Event event_tt0266915 is JOINABLE (Live or Next Up) - allowing join
✅ [EventsConfig] Fetched movie_events version 1563 with 405 movies
✅ [EventsConfig] Using cached movie_events config (version 1563, 405 movies)
📊 AppState: Polled participant counts - Active: ["tt0266915": 2]
⏰ AppState: Next schedule update set for Next Event Start: 2026-01-21 08:32:50 +0000
⏰ AppState: Scheduling update in 1008 seconds
📊 AppState: Polled participant counts - Active: ["tt0266915": 2]
⏰ AppState: Next schedule update set for Next Event Start: 2026-01-21 08:32:50 +0000
⏰ AppState: Scheduling update in 998 seconds
📡 [EventsConfig] Checking server for movie_events config version...
📡 [EventsConfig] Checking server for movie_events config version...
✅ [EventsConfig] Fetched movie_events version 1563 with 405 movies
✅ [EventsConfig] Using cached movie_events config (version 1563, 405 movies)
✅ SocialService: Event event_tt0266915 is JOINABLE (Live or Next Up) - allowing join
✅ [EventsConfig] Fetched movie_events version 1563 with 405 movies
✅ [EventsConfig] Using cached movie_events config (version 1563, 405 movies)
✅ SocialService: Event event_tt0266915 is JOINABLE (Live or Next Up) - allowing join
📊 AppState: Polled participant counts - Active: ["tt0266915": 2]
⏰ AppState: Next schedule update set for Next Event Start: 2026-01-21 08:32:50 +0000
⏰ AppState: Scheduling update in 988 seconds
📡 [EventsConfig] Checking server for movie_events config version...
📡 [EventsConfig] Checking server for movie_events config version...
✅ [EventsConfig] Fetched movie_events version 1563 with 405 movies
✅ [EventsConfig] Fetched movie_events version 1563 with 405 movies
✅ [EventsConfig] Using cached movie_events config (version 1563, 405 movies)
✅ [EventsConfig] Using cached movie_events config (version 1563, 405 movies)
✅ SocialService: Event event_tt0266915 is JOINABLE (Live or Next Up) - allowing join
✅ SocialService: Event event_tt0266915 is JOINABLE (Live or Next Up) - allowing join
📊 AppState: Polled participant counts - Active: ["tt0266915": 2]
⏰ AppState: Next schedule update set for Next Event Start: 2026-01-21 08:32:50 +0000
⏰ AppState: Scheduling update in 978 seconds
📊 AppState: Polled participant counts - Active: ["tt0266915": 2]
⏰ AppState: Next schedule update set for Next Event Start: 2026-01-21 08:32:50 +0000
⏰ AppState: Scheduling update in 968 seconds
📡 [EventsConfig] Checking server for movie_events config version...
📡 [EventsConfig] Checking server for movie_events config version...
✅ [EventsConfig] Fetched movie_events version 1563 with 405 movies
✅ [EventsConfig] Using cached movie_events config (version 1563, 405 movies)
✅ SocialService: Event event_tt0266915 is JOINABLE (Live or Next Up) - allowing join
✅ [EventsConfig] Fetched movie_events version 1563 with 405 movies
✅ [EventsConfig] Using cached movie_events config (version 1563, 405 movies)
✅ SocialService: Event event_tt0266915 is JOINABLE (Live or Next Up) - allowing join
📡 [EventsConfig] Checking server for movie_events config version...
📡 [EventsConfig] Checking server for movie_events config version...
✅ [EventsConfig] Fetched movie_events version 1563 with 405 movies
✅ [EventsConfig] Fetched movie_events version 1563 with 405 movies
✅ [EventsConfig] Using cached movie_events config (version 1563, 405 movies)
✅ [EventsConfig] Using cached movie_events config (version 1563, 405 movies)
✅ SocialService: Event event_tt0266915 is JOINABLE (Live or Next Up) - allowing join
✅ SocialService: Event event_tt0266915 is JOINABLE (Live or Next Up) - allowing join
📊 AppState: Polled participant counts - Active: ["tt0266915": 2]
⏰ AppState: Next schedule update set for Next Event Start: 2026-01-21 08:32:50 +0000
⏰ AppState: Scheduling update in 958 seconds
📡 [EventsConfig] Checking server for movie_events config version...
✅ [EventsConfig] Fetched movie_events version 1563 with 405 movies
✅ [EventsConfig] Using cached movie_events config (version 1563, 405 movies)
📊 AppState: Polled participant counts - Active: ["tt0266915": 2]
⏰ AppState: Next schedule update set for Next Event Start: 2026-01-21 08:32:50 +0000
⏰ AppState: Scheduling update in 948 seconds
📡 [EventsConfig] Checking server for movie_events config version...
📡 [EventsConfig] Checking server for movie_events config version...
✅ [EventsConfig] Fetched movie_events version 1563 with 405 movies
✅ [EventsConfig] Fetched movie_events version 1563 with 405 movies
✅ [EventsConfig] Using cached movie_events config (version 1563, 405 movies)
✅ [EventsConfig] Using cached movie_events config (version 1563, 405 movies)
✅ SocialService: Event event_tt0266915 is JOINABLE (Live or Next Up) - allowing join
✅ SocialService: Event event_tt0266915 is JOINABLE (Live or Next Up) - allowing join
📊 AppState: Polled participant counts - Active: ["tt0266915": 2]
⏰ AppState: Next schedule update set for Next Event Start: 2026-01-21 08:32:50 +0000
⏰ AppState: Scheduling update in 938 seconds
📡 [EventsConfig] Checking server for movie_events config version...
📡 [EventsConfig] Checking server for movie_events config version...
✅ [EventsConfig] Fetched movie_events version 1563 with 405 movies
✅ [EventsConfig] Using cached movie_events config (version 1563, 405 movies)
✅ SocialService: Event event_tt0266915 is JOINABLE (Live or Next Up) - allowing join
✅ [EventsConfig] Fetched movie_events version 1563 with 405 movies
✅ [EventsConfig] Using cached movie_events config (version 1563, 405 movies)
✅ SocialService: Event event_tt0266915 is JOINABLE (Live or Next Up) - allowing join
📊 AppState: Polled participant counts - Active: ["tt0266915": 2]
⏰ AppState: Next schedule update set for Next Event Start: 2026-01-21 08:32:50 +0000
⏰ AppState: Scheduling update in 928 seconds
📊 AppState: Polled participant counts - Active: ["tt0266915": 2]
⏰ AppState: Next schedule update set for Next Event Start: 2026-01-21 08:32:50 +0000
⏰ AppState: Scheduling update in 918 seconds
📡 [EventsConfig] Checking server for movie_events config version...
📡 [EventsConfig] Checking server for movie_events config version...
✅ [EventsConfig] Fetched movie_events version 1563 with 405 movies
✅ [EventsConfig] Fetched movie_events version 1563 with 405 movies
✅ [EventsConfig] Using cached movie_events config (version 1563, 405 movies)
✅ [EventsConfig] Using cached movie_events config (version 1563, 405 movies)
✅ SocialService: Event event_tt0266915 is JOINABLE (Live or Next Up) - allowing join
✅ SocialService: Event event_tt0266915 is JOINABLE (Live or Next Up) - allowing join
📡 [EventsConfig] Checking server for movie_events config version...
📡 [EventsConfig] Checking server for movie_events config version...
✅ [EventsConfig] Fetched movie_events version 1563 with 405 movies
✅ [EventsConfig] Fetched movie_events version 1563 with 405 movies
✅ [EventsConfig] Using cached movie_events config (version 1563, 405 movies)
✅ [EventsConfig] Using cached movie_events config (version 1563, 405 movies)
✅ SocialService: Event event_tt0266915 is JOINABLE (Live or Next Up) - allowing join
✅ SocialService: Event event_tt0266915 is JOINABLE (Live or Next Up) - allowing join
📊 AppState: Polled participant counts - Active: ["tt0266915": 2]
⏰ AppState: Next schedule update set for Next Event Start: 2026-01-21 08:32:50 +0000
⏰ AppState: Scheduling update in 908 seconds
📊 AppState: Polled participant counts - Active: ["tt0266915": 2]
⏰ AppState: Next schedule update set for Next Event Start: 2026-01-21 08:32:50 +0000
⏰ AppState: Scheduling update in 898 seconds
📡 [EventsConfig] Checking server for movie_events config version...
✅ [EventsConfig] Fetched movie_events version 1563 with 405 movies
✅ [EventsConfig] Using cached movie_events config (version 1563, 405 movies)
📡 [EventsConfig] Checking serve2026-01-21 03:18:01.965 RedLemon[58317:480578] [AUTO_EXIT_CHECK] isEventPlayback: true
2026-01-21 03:18:01.965 RedLemon[58317:480578] [AUTO_EXIT_CHECK] isLoading: false, isResolvingStream: false
2026-01-21 03:18:01.965 RedLemon[58317:480578] [AUTO_EXIT_CHECK] playbackFinished: false, isPlaying: true
2026-01-21 03:18:01.965 RedLemon[58317:480578] [AUTO_EXIT_CHECK] Position: 5108.733s / Duration: 5406.99s
2026-01-21 03:18:01.965 RedLemon[58317:480578] [AUTO_EXIT_CHECK] Checking EOF conditions...
2026-01-21 03:18:01.965 RedLemon[58317:480578] [AUTO_EXIT_CHECK] No exit condition met - continuing to monitor...
2026-01-21 03:18:03.006 RedLemon[58317:480578] [AUTO_EXIT_CHECK] isEventPlayback: true
2026-01-21 03:18:03.006 RedLemon[58317:480578] [AUTO_EXIT_CHECK] isLoading: false, isResolvingStream: false
2026-01-21 03:18:03.007 RedLemon[58317:480578] [AUTO_EXIT_CHECK] playbackFinished: false, isPlaying: true
2026-01-21 03:18:03.007 RedLemon[58317:480578] [AUTO_EXIT_CHECK] Position: 5109.61s / Duration: 5406.99s
2026-01-21 03:18:03.007 RedLemon[58317:480578] [AUTO_EXIT_CHECK] Checking EOF conditions...
2026-01-21 03:18:03.007 RedLemon[58317:480578] [AUTO_EXIT_CHECK] No exit condition met - continuing to monitor...
2026-01-21 03:18:03.963 RedLemon[58317:480578] [AUTO_EXIT_CHECK] isEventPlayback: true
2026-01-21 03:18:03.963 RedLemon[58317:480578] [AUTO_EXIT_CHECK] isLoading: false, isResolvingStream: false
2026-01-21 03:18:03.964 RedLemon[58317:480578] [AUTO_EXIT_CHECK] playbackFinished: false, isPlaying: true
2026-01-21 03:18:03.964 RedLemon[58317:480578] [AUTO_EXIT_CHECK] Position: 5110.777999999999s / Duration: 5406.99s
2026-01-21 03:18:03.964 RedLemon[58317:480578] [AUTO_EXIT_CHECK] Checking EOF conditions...
2026-01-21 03:18:03.964 RedLemon[58317:480578] [AUTO_EXIT_CHECK] No exit condition met - continuing to monitor...
2026-01-21 03:18:04.925 RedLemon[58317:480578] [AUTO_EXIT_CHECK] isEventPlayback: true
2026-01-21 03:18:04.925 RedLemon[58317:480578] [AUTO_EXIT_CHECK] isLoading: false, isResolvingStream: false
2026-01-21 03:18:04.925 RedLemon[58317:480578] [AUTO_EXIT_CHECK] playbackFinished: false, isPlaying: true
2026-01-21 03:18:04.926 RedLemon[58317:480578] [AUTO_EXIT_CHECK] Position: 5111.652999999999s / Duration: 5406.99s
2026-01-21 03:18:04.926 RedLemon[58317:480578] [AUTO_EXIT_CHECK] Checking EOF conditions...
2026-01-21 03:18:04.926 RedLemon[58317:480578] [AUTO_EXIT_CHECK] No exit condition met - continuing to monitor...
2026-01-21 03:18:05.924 RedLemon[58317:480578] [AUTO_EXIT_CHECK] isEventPlayback: true
2026-01-21 03:18:05.924 RedLemon[58317:480578] [AUTO_EXIT_CHECK] isLoading: false, isResolvingStream: false
2026-01-21 03:18:05.924 RedLemon[58317:480578] [AUTO_EXIT_CHECK] playbackFinished: false, isPlaying: true
2026-01-21 03:18:05.925 RedLemon[58317:480578] [AUTO_EXIT_CHECK] Position: 5112.5289999999995s / Duration: 5406.99s
2026-01-21 03:18:05.925 RedLemon[58317:480578] [AUTO_EXIT_CHECK] Checking EOF conditions...
2026-01-21 03:18:05.925 RedLemon[58317:480578] [AUTO_EXIT_CHECK] No exit condition met - continuing to monitor...
2026-01-21 03:18:07.008 RedLemon[58317:480578] [AUTO_EXIT_CHECK] isEventPlayback: true
2026-01-21 03:18:07.008 RedLemon[58317:480578] [AUTO_EXIT_CHECK] isLoading: false, isResolvingStream: false
2026-01-21 03:18:07.008 RedLemon[58317:480578] [AUTO_EXIT_CHECK] playbackFinished: false, isPlaying: true
2026-01-21 03:18:07.009 RedLemon[58317:480578] [AUTO_EXIT_CHECK] Position: 5113.697s / Duration: 5406.99s
2026-01-21 03:18:07.009 RedLemon[58317:480578] [AUTO_EXIT_CHECK] Checking EOF conditions...
2026-01-21 03:18:07.009 RedLemon[58317:480578] [AUTO_EXIT_CHECK] No exit condition met - continuing to monitor...
2026-01-21 03:18:07.967 RedLemon[58317:480578] [AUTO_EXIT_CHECK] isEventPlayback: true
2026-01-21 03:18:07.968 RedLemon[58317:480578] [AUTO_EXIT_CHECK] isLoading: false, isResolvingStream: false
2026-01-21 03:18:07.968 RedLemon[58317:480578] [AUTO_EXIT_CHECK] playbackFinished: false, isPlaying: true
2026-01-21 03:18:07.968 RedLemon[58317:480578] [AUTO_EXIT_CHECK] Position: 5114.572999999999s / Duration: 5406.99s
2026-01-21 03:18:07.968 RedLemon[58317:480578] [AUTO_EXIT_CHECK] Checking EOF conditions...
2026-01-21 03:18:07.968 RedLemon[58317:480578] [AUTO_EXIT_CHECK] No exit condition met - continuing to monitor...
2026-01-21 03:18:08.928 RedLemon[58317:480578] [AUTO_EXIT_CHECK] isEventPlayback: true
2026-01-21 03:18:08.929 RedLemon[58317:480578] [AUTO_EXIT_CHECK] isLoading: false, isResolvingStream: false
2026-01-21 03:18:08.929 RedLemon[58317:480578] [AUTO_EXIT_CHECK] playbackFinished: false, isPlaying: true
2026-01-21 03:18:08.929 RedLemon[58317:480578] [AUTO_EXIT_CHECK] Position: 5115.741s / Duration: 5406.99s
2026-01-21 03:18:08.929 RedLemon[58317:480578] [AUTO_EXIT_CHECK] Checking EOF conditions...
2026-01-21 03:18:08.929 RedLemon[58317:480578] [AUTO_EXIT_CHECK] No exit condition met - continuing to monitor...
2026-01-21 03:18:09.930 RedLemon[58317:480578] [AUTO_EXIT_CHECK] isEventPlayback: true
2026-01-21 03:18:09.930 RedLemon[58317:480578] [AUTO_EXIT_CHECK] isLoading: false, isResolvingStream: false
2026-01-21 03:18:09.930 RedLemon[58317:480578] [AUTO_EXIT_CHECK] playbackFinished: false, isPlaying: true
2026-01-21 03:18:09.930 RedLemon[58317:480578] [AUTO_EXIT_CHECK] Position: 5116.616s / Duration: 5406.99s
2026-01-21 03:18:09.930 RedLemon[58317:480578] [AUTO_EXIT_CHECK] Checking EOF conditions...
2026-01-21 03:18:09.930 RedLemon[58317:480578] [AUTO_EXIT_CHECK] No exit condition met - continuing to monitor...
2026-01-21 03:18:10.970 RedLemon[58317:480578] [AUTO_EXIT_CHECK] isEventPlayback: true
2026-01-21 03:18:10.971 RedLemon[58317:480578] [AUTO_EXIT_CHECK] isLoading: false, isResolvingStream: false
2026-01-21 03:18:10.971 RedLemon[58317:480578] [AUTO_EXIT_CHECK] playbackFinished: false, isPlaying: true
2026-01-21 03:18:10.971 RedLemon[58317:480578] [AUTO_EXIT_CHECK] Position: 5117.784s / Duration: 5406.99s
2026-01-21 03:18:10.971 RedLemon[58317:480578] [AUTO_EXIT_CHECK] Checking EOF conditions...
2026-01-21 03:18:10.972 RedLemon[58317:480578] [AUTO_EXIT_CHECK] No exit condition met - continuing to monitor...
2026-01-21 03:18:12.013 RedLemon[58317:480578] [AUTO_EXIT_CHECK] isEventPlayback: true
2026-01-21 03:18:12.013 RedLemon[58317:480578] [AUTO_EXIT_CHECK] isLoading: false, isResolvingStream: false
2026-01-21 03:18:12.013 RedLemon[58317:480578] [AUTO_EXIT_CHECK] playbackFinished: false, isPlaying: true
2026-01-21 03:18:12.013 RedLemon[58317:480578] [AUTO_EXIT_CHECK] Position: 5118.66s / Duration: 5406.99s
2026-01-21 03:18:12.014 RedLemon[58317:480578] [AUTO_EXIT_CHECK] Checking EOF conditions...
2026-01-21 03:18:12.014 RedLemon[58317:480578] [AUTO_EXIT_CHECK] No exit condition met - continuing to monitor...
2026-01-21 03:18:12.932 RedLemon[58317:480578] [AUTO_EXIT_CHECK] isEventPlayback: true
2026-01-21 03:18:12.932 RedLemon[58317:480578] [AUTO_EXIT_CHECK] isLoading: false, isResolvingStream: false
2026-01-21 03:18:12.932 RedLemon[58317:480578] [AUTO_EXIT_CHECK] playbackFinished: false, isPlaying: true
2026-01-21 03:18:12.932 RedLemon[58317:480578] [AUTO_EXIT_CHECK] Position: 5119.536s / Duration: 5406.99s
2026-01-21 03:18:12.932 RedLemon[58317:480578] [AUTO_EXIT_CHECK] Checking EOF conditions...
2026-01-21 03:18:12.932 RedLemon[58317:480578] [AUTO_EXIT_CHECK] No exit condition met - continuing to monitor...
2026-01-21 03:18:13.933 RedLemon[58317:480578] [AUTO_EXIT_CHECK] isEventPlayback: true
2026-01-21 03:18:13.933 RedLemon[58317:480578] [AUTO_EXIT_CHECK] isLoading: false, isResolvingStream: false
2026-01-21 03:18:13.933 RedLemon[58317:480578] [AUTO_EXIT_CHECK] playbackFinished: false, isPlaying: true
2026-01-21 03:18:13.933 RedLemon[58317:480578] [AUTO_EXIT_CHECK] Position: 5120.704s / Duration: 5406.99s
2026-01-21 03:18:13.933 RedLemon[58317:480578] [AUTO_EXIT_CHECK] Checking EOF conditions...
2026-01-21 03:18:13.933 RedLemon[58317:480578] [AUTO_EXIT_CHECK] No exit condition met - continuing to monitor...
2026-01-21 03:18:14.933 RedLemon[58317:480578] [AUTO_EXIT_CHECK] isEventPlayback: true
2026-01-21 03:18:14.934 RedLemon[58317:480578] [AUTO_EXIT_CHECK] isLoading: false, isResolvingStream: false
2026-01-21 03:18:14.934 RedLemon[58317:480578] [AUTO_EXIT_CHECK] playbackFinished: false, isPlaying: true
2026-01-21 03:18:14.934 RedLemon[58317:480578] [AUTO_EXIT_CHECK] Position: 5121.58s / Duration: 5406.99s
2026-01-21 03:18:14.934 RedLemon[58317:480578] [AUTO_EXIT_CHECK] Checking EOF conditions...
2026-01-21 03:18:14.934 RedLemon[58317:480578] [AUTO_EXIT_CHECK] No exit condition met - continuing to monitor...
2026-01-21 03:18:15.978 RedLemon[58317:480578] [AUTO_EXIT_CHECK] isEventPlayback: true
2026-01-21 03:18:15.978 RedLemon[58317:480578] [AUTO_EXIT_CHECK] isLoading: false, isResolvingStream: false
2026-01-21 03:18:15.979 RedLemon[58317:480578] [AUTO_EXIT_CHECK] playbackFinished: false, isPlaying: true
2026-01-21 03:18:15.979 RedLemon[58317:480578] [AUTO_EXIT_CHECK] Position: 5122.748s / Duration: 5406.99s
2026-01-21 03:18:15.979 RedLemon[58317:480578] [AUTO_EXIT_CHECK] Checking EOF conditions...
2026-01-21 03:18:15.979 RedLemon[58317:480578] [AUTO_EXIT_CHECK] No exit condition met - continuing to monitor...
2026-01-21 03:18:17.104 RedLemon[58317:480578] [AUTO_EXIT_CHECK] isEventPlayback: true
2026-01-21 03:18:17.105 RedLemon[58317:480578] [AUTO_EXIT_CHECK] isLoading: false, isResolvingStream: false
2026-01-21 03:18:17.105 RedLemon[58317:480578] [AUTO_EXIT_CHECK] playbackFinished: false, isPlaying: true
2026-01-21 03:18:17.105 RedLemon[58317:480578] [AUTO_EXIT_CHECK] Position: 5123.915s / Duration: 5406.99s
2026-01-21 03:18:17.105 RedLemon[58317:480578] [AUTO_EXIT_CHECK] Checking EOF conditions...
2026-01-21 03:18:17.105 RedLemon[58317:480578] [AUTO_EXIT_CHECK] No exit condition met - continuing to monitor...
2026-01-21 03:18:17.938 RedLemon[58317:480578] [AUTO_EXIT_CHECK] isEventPlayback: true
2026-01-21 03:18:17.938 RedLemon[58317:480578] [AUTO_EXIT_CHECK] isLoading: false, isResolvingStream: false
2026-01-21 03:18:17.938 RedLemon[58317:480578] [AUTO_EXIT_CHECK] playbackFinished: false, isPlaying: true
2026-01-21 03:18:17.938 RedLemon[58317:480578] [AUTO_EXIT_CHECK] Position: 5124.499s / Duration: 5406.99s
2026-01-21 03:18:17.938 RedLemon[58317:480578] [AUTO_EXIT_CHECK] Checking EOF conditions...
2026-01-21 03:18:17.938 RedLemon[58317:480578] [AUTO_EXIT_CHECK] No exit condition met - continuing to monitor...
2026-01-21 03:18:18.939 RedLemon[58317:480578] [AUTO_EXIT_CHECK] isEventPlayback: true
2026-01-21 03:18:18.939 RedLemon[58317:480578] [AUTO_EXIT_CHECK] isLoading: false, isResolvingStream: false
2026-01-21 03:18:18.939 RedLemon[58317:480578] [AUTO_EXIT_CHECK] playbackFinished: false, isPlaying: true
2026-01-21 03:18:18.940 RedLemon[58317:480578] [AUTO_EXIT_CHECK] Position: 5125.6669999999995s / Duration: 5406.99s
2026-01-21 03:18:18.940 RedLemon[58317:480578] [AUTO_EXIT_CHECK] Checking EOF conditions...
2026-01-21 03:18:18.940 RedLemon[58317:480578] [AUTO_EXIT_CHECK] No exit condition met - continuing to monitor...
2026-01-21 03:18:19.982 RedLemon[58317:480578] [AUTO_EXIT_CHECK] isEventPlayback: true
2026-01-21 03:18:19.982 RedLemon[58317:480578] [AUTO_EXIT_CHECK] isLoading: false, isResolvingStream: false
2026-01-21 03:18:19.983 RedLemon[58317:480578] [AUTO_EXIT_CHECK] playbackFinished: false, isPlaying: true
2026-01-21 03:18:19.983 RedLemon[58317:480578] [AUTO_EXIT_CHECK] Position: 5126.543s / Duration: 5406.99s
2026-01-21 03:18:19.983 RedLemon[58317:480578] [AUTO_EXIT_CHECK] Checking EOF conditions...
2026-01-21 03:18:19.983 RedLemon[58317:480578] [AUTO_EXIT_CHECK] No exit condition met - continuing to monitor...
2026-01-21 03:18:21.023 RedLemon[58317:480578] [AUTO_EXIT_CHECK] isEventPlayback: true
2026-01-21 03:18:21.023 RedLemon[58317:480578] [AUTO_EXIT_CHECK] isLoading: false, isResolvingStream: false
2026-01-21 03:18:21.023 RedLemon[58317:480578] [AUTO_EXIT_CHECK] playbackFinished: false, isPlaying: true
2026-01-21 03:18:21.023 RedLemon[58317:480578] [AUTO_EXIT_CHECK] Position: 5127.710999999999s / Duration: 5406.99s
2026-01-21 03:18:21.023 RedLemon[58317:480578] [AUTO_EXIT_CHECK] Checking EOF conditions...
2026-01-21 03:18:21.023 RedLemon[58317:480578] [AUTO_EXIT_CHECK] No exit condition met - continuing to monitor...
2026-01-21 03:18:21.981 RedLemon[58317:480578] [AUTO_EXIT_CHECK] isEventPlayback: true
2026-01-21 03:18:21.982 RedLemon[58317:480578] [AUTO_EXIT_CHECK] isLoading: false, isResolvingStream: false
2026-01-21 03:18:21.982 RedLemon[58317:480578] [AUTO_EXIT_CHECK] playbackFinished: false, isPlaying: true
2026-01-21 03:18:21.982 RedLemon[58317:480578] [AUTO_EXIT_CHECK] Position: 5128.5869999999995s / Duration: 5406.99s
2026-01-21 03:18:21.982 RedLemon[58317:480578] [AUTO_EXIT_CHECK] Checking EOF conditions...
2026-01-21 03:18:21.982 RedLemon[58317:480578] [AUTO_EXIT_CHECK] No exit condition met - continuing to monitor...
2026-01-21 03:18:22.942 RedLemon[58317:480578] [AUTO_EXIT_CHECK] isEventPlayback: true
2026-01-21 03:18:22.942 RedLemon[58317:480578] [AUTO_EXIT_CHECK] isLoading: false, isResolvingStream: false
2026-01-21 03:18:22.942 RedLemon[58317:480578] [AUTO_EXIT_CHECK] playbackFinished: false, isPlaying: true
2026-01-21 03:18:22.942 RedLemon[58317:480578] [AUTO_EXIT_CHECK] Position: 5129.755s / Duration: 5406.99s
2026-01-21 03:18:22.943 RedLemon[58317:480578] [AUTO_EXIT_CHECK] Checking EOF conditions...
2026-01-21 03:18:22.943 RedLemon[58317:480578] [AUTO_EXIT_CHECK] No exit condition met - continuing to monitor...
2026-01-21 03:18:23.943 RedLemon[58317:480578] [AUTO_EXIT_CHECK] isEventPlayback: true
2026-01-21 03:18:23.943 RedLemon[58317:480578] [AUTO_EXIT_CHECK] isLoading: false, isResolvingStream: false
2026-01-21 03:18:23.943 RedLemon[58317:480578] [AUTO_EXIT_CHECK] playbackFinished: false, isPlaying: true
2026-01-21 03:18:23.943 RedLemon[58317:480578] [AUTO_EXIT_CHECK] Position: 5130.63s / Duration: 5406.99s
2026-01-21 03:18:23.943 RedLemon[58317:480578] [AUTO_EXIT_CHECK] Checking EOF conditions...
2026-01-21 03:18:23.944 RedLemon[58317:480578] [AUTO_EXIT_CHECK] No exit condition met - continuing to monitor...
2026-01-21 03:18:24.988 RedLemon[58317:480578] [AUTO_EXIT_CHECK] isEventPlayback: true
2026-01-21 03:18:24.988 RedLemon[58317:480578] [AUTO_EXIT_CHECK] isLoading: false, isResolvingStream: false
2026-01-21 03:18:24.988 RedLemon[58317:480578] [AUTO_EXIT_CHECK] playbackFinished: false, isPlaying: true
2026-01-21 03:18:24.988 RedLemon[58317:480578] [AUTO_EXIT_CHECK] Position: 5131.798s / Duration: 5406.99s
2026-01-21 03:18:24.988 RedLemon[58317:480578] [AUTO_EXIT_CHECK] Checking EOF conditions...
2026-01-21 03:18:24.989 RedLemon[58317:480578] [AUTO_EXIT_CHECK] No exit condition met - continuing to monitor...
2026-01-21 03:18:25.987 RedLemon[58317:480578] [AUTO_EXIT_CHECK] isEventPlayback: true
2026-01-21 03:18:25.987 RedLemon[58317:480578] [AUTO_EXIT_CHECK] isLoading: false, isResolvingStream: false
2026-01-21 03:18:25.987 RedLemon[58317:480578] [AUTO_EXIT_CHECK] playbackFinished: false, isPlaying: true
2026-01-21 03:18:25.987 RedLemon[58317:480578] [AUTO_EXIT_CHECK] Position: 5132.674s / Duration: 5406.99s
2026-01-21 03:18:25.987 RedLemon[58317:480578] [AUTO_EXIT_CHECK] Checking EOF conditions...
2026-01-21 03:18:25.988 RedLemon[58317:480578] [AUTO_EXIT_CHECK] No exit condition met - continuing to monitor...
2026-01-21 03:18:26.944 RedLemon[58317:480578] [AUTO_EXIT_CHECK] isEventPlayback: true
2026-01-21 03:18:26.944 RedLemon[58317:480578] [AUTO_EXIT_CHECK] isLoading: false, isResolvingStream: false
2026-01-21 03:18:26.944 RedLemon[58317:480578] [AUTO_EXIT_CHECK] playbackFinished: false, isPlaying: true
2026-01-21 03:18:26.944 RedLemon[58317:480578] [AUTO_EXIT_CHECK] Position: 5133.55s / Duration: 5406.99s
2026-01-21 03:18:26.945 RedLemon[58317:480578] [AUTO_EXIT_CHECK] Checking EOF conditions...
2026-01-21 03:18:26.945 RedLemon[58317:480578] [AUTO_EXIT_CHECK] No exit condition met - continuing to monitor...
2026-01-21 03:18:27.947 RedLemon[58317:480578] [AUTO_EXIT_CHECK] isEventPlayback: true
2026-01-21 03:18:27.947 RedLemon[58317:480578] [AUTO_EXIT_CHECK] isLoading: false, isResolvingStream: false
2026-01-21 03:18:27.947 RedLemon[58317:480578] [AUTO_EXIT_CHECK] playbackFinished: false, isPlaying: true
2026-01-21 03:18:27.947 RedLemon[58317:480578] [AUTO_EXIT_CHECK] Position: 5134.718s / Duration: 5406.99s
2026-01-21 03:18:27.948 RedLemon[58317:480578] [AUTO_EXIT_CHECK] Checking EOF conditions...
2026-01-21 03:18:27.948 RedLemon[58317:480578] [AUTO_EXIT_CHECK] No exit condition met - continuing to monitor...
2026-01-21 03:18:28.988 RedLemon[58317:480578] [AUTO_EXIT_CHECK] isEventPlayback: true
2026-01-21 03:18:28.988 RedLemon[58317:480578] [AUTO_EXIT_CHECK] isLoading: false, isResolvingStream: false
2026-01-21 03:18:28.988 RedLemon[58317:480578] [AUTO_EXIT_CHECK] playbackFinished: false, isPlaying: true
2026-01-21 03:18:28.988 RedLemon[58317:480578] [AUTO_EXIT_CHECK] Position: 5135.593s / Duration: 5406.99s
2026-01-21 03:18:28.989 RedLemon[58317:480578] [AUTO_EXIT_CHECK] Checking EOF conditions...
2026-01-21 03:18:28.989 RedLemon[58317:480578] [AUTO_EXIT_CHECK] No exit condition met - continuing to monitor...
2026-01-21 03:18:29.992 RedLemon[58317:480578] [AUTO_EXIT_CHECK] isEventPlayback: true
2026-01-21 03:18:29.993 RedLemon[58317:480578] [AUTO_EXIT_CHECK] isLoading: false, isResolvingStream: false
2026-01-21 03:18:29.993 RedLemon[58317:480578] [AUTO_EXIT_CHECK] playbackFinished: false, isPlaying: true
2026-01-21 03:18:29.993 RedLemon[58317:480578] [AUTO_EXIT_CHECK] Position: 5136.7609999999995s / Duration: 5406.99s
2026-01-21 03:18:29.993 RedLemon[58317:480578] [AUTO_EXIT_CHECK] Checking EOF conditions...
2026-01-21 03:18:29.993 RedLemon[58317:480578] [AUTO_EXIT_CHECK] No exit condition met - continuing to monitor...
2026-01-21 03:18:30.450 RedLemon[58317:484838] 🔐 SupabaseClient: Signing Identity Payload: '1768983510656daa91-33b4-4688-9135-c982ea52d7c9/rpc/room_heartbeat'
2026-01-21 03:18:30.451 RedLemon[58317:484838] 🔐 Signed request to /rpc/room_heartbeat
2026-01-21 03:18:31.075 RedLemon[58317:480578] [AUTO_EXIT_CHECK] isEventPlayback: true
2026-01-21 03:18:31.075 RedLemon[58317:480578] [AUTO_EXIT_CHECK] isLoading: false, isResolvingStream: false
2026-01-21 03:18:31.075 RedLemon[58317:480578] [AUTO_EXIT_CHECK] playbackFinished: false, isPlaying: true
2026-01-21 03:18:31.075 RedLemon[58317:480578] [AUTO_EXIT_CHECK] Position: 5137.638s / Duration: 5406.99s
2026-01-21 03:18:31.075 RedLemon[58317:480578] [AUTO_EXIT_CHECK] Checking EOF conditions...
2026-01-21 03:18:31.075 RedLemon[58317:480578] [AUTO_EXIT_CHECK] No exit condition met - continuing to monitor...
2026-01-21 03:18:31.953 RedLemon[58317:480578] [AUTO_EXIT_CHECK] isEventPlayback: true
2026-01-21 03:18:31.954 RedLemon[58317:480578] [AUTO_EXIT_CHECK] isLoading: false, isResolvingStream: false
2026-01-21 03:18:31.954 RedLemon[58317:480578] [AUTO_EXIT_CHECK] playbackFinished: false, isPlaying: true
2026-01-21 03:18:31.954 RedLemon[58317:480578] [AUTO_EXIT_CHECK] Position: 5138.514s / Duration: 5406.99s
2026-01-21 03:18:31.954 RedLemon[58317:480578] [AUTO_EXIT_CHECK] Checking EOF conditions...
2026-01-21 03:18:31.954 RedLemon[58317:480578] [AUTO_EXIT_CHECK] No exit condition met - continuing to monitor...
2026-01-21 03:18:32.952 RedLemon[58317:480578] [AUTO_EXIT_CHECK] isEventPlayback: true
2026-01-21 03:18:32.953 RedLemon[58317:480578] [AUTO_EXIT_CHECK] isLoading: false, isResolvingStream: false
2026-01-21 03:18:32.953 RedLemon[58317:480578] [AUTO_EXIT_CHECK] playbackFinished: false, isPlaying: true
2026-01-21 03:18:32.953 RedLemon[58317:480578] [AUTO_EXIT_CHECK] Position: 5139.681s / Duration: 5406.99s
2026-01-21 03:18:32.953 RedLemon[58317:480578] [AUTO_EXIT_CHECK] Checking EOF conditions...
2026-01-21 03:18:32.953 RedLemon[58317:480578] [AUTO_EXIT_CHECK] No exit condition met - continuing to monitor...
2026-01-21 03:18:33.951 RedLemon[58317:480578] [AUTO_EXIT_CHECK] isEventPlayback: true
2026-01-21 03:18:33.951 RedLemon[58317:480578] [AUTO_EXIT_CHECK] isLoading: false, isResolvingStream: false
2026-01-21 03:18:33.951 RedLemon[58317:480578] [AUTO_EXIT_CHECK] playbackFinished: false, isPlaying: true
2026-01-21 03:18:33.951 RedLemon[58317:480578] [AUTO_EXIT_CHECK] Position: 5140.557s / Duration: 5406.99s
2026-01-21 03:18:33.952 RedLemon[58317:480578] [AUTO_EXIT_CHECK] Checking EOF conditions...
2026-01-21 03:18:33.952 RedLemon[58317:480578] [AUTO_EXIT_CHECK] No exit condition met - continuing to monitor...
2026-01-21 03:18:34.996 RedLemon[58317:480578] [AUTO_EXIT_CHECK] isEventPlayback: true
2026-01-21 03:18:34.996 RedLemon[58317:480578] [AUTO_EXIT_CHECK] isLoading: false, isResolvingStream: false
2026-01-21 03:18:34.996 RedLemon[58317:480578] [AUTO_EXIT_CHECK] playbackFinished: false, isPlaying: true
2026-01-21 03:18:34.996 RedLemon[58317:480578] [AUTO_EXIT_CHECK] Position: 5141.724999999999s / Duration: 5406.99s
2026-01-21 03:18:34.996 RedLemon[58317:480578] [AUTO_EXIT_CHECK] Checking EOF conditions...
2026-01-21 03:18:34.996 RedLemon[58317:480578] [AUTO_EXIT_CHECK] No exit condition met - continuing to monitor...
2026-01-21 03:18:35.997 RedLemon[58317:480578] [AUTO_EXIT_CHECK] isEventPlayback: true
2026-01-21 03:18:35.997 RedLemon[58317:480578] [AUTO_EXIT_CHECK] isLoading: false, isResolvingStream: false
2026-01-21 03:18:35.997 RedLemon[58317:480578] [AUTO_EXIT_CHECK] playbackFinished: false, isPlaying: true
2026-01-21 03:18:35.997 RedLemon[58317:480578] [AUTO_EXIT_CHECK] Position: 5142.601s / Duration: 5406.99s
2026-01-21 03:18:35.997 RedLemon[58317:480578] [AUTO_EXIT_CHECK] Checking EOF conditions...
2026-01-21 03:18:35.998 RedLemon[58317:480578] [AUTO_EXIT_CHECK] No exit condition met - continuing to monitor...
2026-01-21 03:18:36.997 RedLemon[58317:480578] [AUTO_EXIT_CHECK] isEventPlayback: true
2026-01-21 03:18:36.997 RedLemon[58317:480578] [AUTO_EXIT_CHECK] isLoading: false, isResolvingStream: false
2026-01-21 03:18:36.997 RedLemon[58317:480578] [AUTO_EXIT_CHECK] playbackFinished: false, isPlaying: true
2026-01-21 03:18:36.998 RedLemon[58317:480578] [AUTO_EXIT_CHECK] Position: 5143.768999999999s / Duration: 5406.99s
2026-01-21 03:18:36.998 RedLemon[58317:480578] [AUTO_EXIT_CHECK] Checking EOF conditions...
2026-01-21 03:18:36.998 RedLemon[58317:480578] [AUTO_EXIT_CHECK] No exit condition met - continuing to monitor...
2026-01-21 03:18:37.957 RedLemon[58317:480578] [AUTO_EXIT_CHECK] isEventPlayback: true
2026-01-21 03:18:37.957 RedLemon[58317:480578] [AUTO_EXIT_CHECK] isLoading: false, isResolvingStream: false
2026-01-21 03:18:37.958 RedLemon[58317:480578] [AUTO_EXIT_CHECK] playbackFinished: false, isPlaying: true
2026-01-21 03:18:37.959 RedLemon[58317:480578] [AUTO_EXIT_CHECK] Position: 5144.643999999999s / Duration: 5406.99s
2026-01-21 03:18:37.959 RedLemon[58317:480578] [AUTO_EXIT_CHECK] Checking EOF conditions...
2026-01-21 03:18:37.959 RedLemon[58317:480578] [AUTO_EXIT_CHECK] No exit condition met - continuing to monitor...
2026-01-21 03:18:38.957 RedLemon[58317:480578] [AUTO_EXIT_CHECK] isEventPlayback: true
2026-01-21 03:18:38.957 RedLemon[58317:480578] [AUTO_EXIT_CHECK] isLoading: false, isResolvingStream: false
2026-01-21 03:18:38.957 RedLemon[58317:480578] [AUTO_EXIT_CHECK] playbackFinished: false, isPlaying: true
2026-01-21 03:18:38.957 RedLemon[58317:480578] [AUTO_EXIT_CHECK] Position: 5145.5199999999995s / Duration: 5406.99s
2026-01-21 03:18:38.958 RedLemon[58317:480578] [AUTO_EXIT_CHECK] Checking EOF conditions...
2026-01-21 03:18:38.958 RedLemon[58317:480578] [AUTO_EXIT_CHECK] No exit condition met - continuing to monitor...
2026-01-21 03:18:39.958 RedLemon[58317:480578] [AUTO_EXIT_CHECK] isEventPlayback: true
2026-01-21 03:18:39.958 RedLemon[58317:480578] [AUTO_EXIT_CHECK] isLoading: false, isResolvingStream: false
2026-01-21 03:18:39.958 RedLemon[58317:480578] [AUTO_EXIT_CHECK] playbackFinished: false, isPlaying: true
2026-01-21 03:18:39.958 RedLemon[58317:480578] [AUTO_EXIT_CHECK] Position: 5146.688s / Duration: 5406.99s
2026-01-21 03:18:39.958 RedLemon[58317:480578] [AUTO_EXIT_CHECK] Checking EOF conditions...
2026-01-21 03:18:39.959 RedLemon[58317:480578] [AUTO_EXIT_CHECK] No exit condition met - continuing to monitor...
2026-01-21 03:18:40.963 RedLemon[58317:480578] [AUTO_EXIT_CHECK] isEventPlayback: true
2026-01-21 03:18:40.963 RedLemon[58317:480578] [AUTO_EXIT_CHECK] isLoading: false, isResolvingStream: false
2026-01-21 03:18:40.963 RedLemon[58317:480578] [AUTO_EXIT_CHECK] playbackFinished: false, isPlaying: true
2026-01-21 03:18:40.963 RedLemon[58317:480578] [AUTO_EXIT_CHECK] Position: 5147.565s / Duration: 5406.99s
2026-01-21 03:18:40.964 RedLemon[58317:480578] [AUTO_EXIT_CHECK] Checking EOF conditions...
2026-01-21 03:18:40.964 RedLemon[58317:480578] [AUTO_EXIT_CHECK] No exit condition met - continuing to monitor...
2026-01-21 03:18:41.962 RedLemon[58317:480578] [AUTO_EXIT_CHECK] isEventPlayback: true
2026-01-21 03:18:41.962 RedLemon[58317:480578] [AUTO_EXIT_CHECK] isLoading: false, isResolvingStream: false
2026-01-21 03:18:41.962 RedLemon[58317:480578] [AUTO_EXIT_CHECK] playbackFinished: false, isPlaying: true
2026-01-21 03:18:41.962 RedLemon[58317:480578] [AUTO_EXIT_CHECK] Position: 5148.732s / Duration: 5406.99s
2026-01-21 03:18:41.963 RedLemon[58317:480578] [AUTO_EXIT_CHECK] Checking EOF conditions...
2026-01-21 03:18:41.963 RedLemon[58317:480578] [AUTO_EXIT_CHECK] No exit condition met - continuing to monitor...
2026-01-21 03:18:42.961 RedLemon[58317:480578] [AUTO_EXIT_CHECK] isEventPlayback: true
2026-01-21 03:18:42.961 RedLemon[58317:480578] [AUTO_EXIT_CHECK] isLoading: false, isResolvingStream: false
2026-01-21 03:18:42.961 RedLemon[58317:480578] [AUTO_EXIT_CHECK] playbackFinished: false, isPlaying: true
2026-01-21 03:18:42.961 RedLemon[58317:480578] [AUTO_EXIT_CHECK] Position: 5149.608s / Duration: 5406.99s
2026-01-21 03:18:42.962 RedLemon[58317:480578] [AUTO_EXIT_CHECK] Checking EOF conditions...
2026-01-21 03:18:42.962 RedLemon[58317:480578] [AUTO_EXIT_CHECK] No exit condition met - continuing to monitor...
2026-01-21 03:18:43.964 RedLemon[58317:480578] [AUTO_EXIT_CHECK] isEventPlayback: true
2026-01-21 03:18:43.964 RedLemon[58317:480578] [AUTO_EXIT_CHECK] isLoading: false, isResolvingStream: false
2026-01-21 03:18:43.964 RedLemon[58317:480578] [AUTO_EXIT_CHECK] playbackFinished: false, isPlaying: true
2026-01-21 03:18:43.964 RedLemon[58317:480578] [AUTO_EXIT_CHECK] Position: 5150.776s / Duration: 5406.99s
2026-01-21 03:18:43.965 RedLemon[58317:480578] [AUTO_EXIT_CHECK] Checking EOF conditions...
2026-01-21 03:18:43.965 RedLemon[58317:480578] [AUTO_EXIT_CHECK] No exit condition met - continuing to monitor...
2026-01-21 03:18:45.005 RedLemon[58317:480578] [AUTO_EXIT_CHECK] isEventPlayback: true
2026-01-21 03:18:45.005 RedLemon[58317:480578] [AUTO_EXIT_CHECK] isLoading: false, isResolvingStream: false
2026-01-21 03:18:45.005 RedLemon[58317:480578] [AUTO_EXIT_CHECK] playbackFinished: false, isPlaying: true
2026-01-21 03:18:45.005 RedLemon[58317:480578] [AUTO_EXIT_CHECK] Position: 5151.651s / Duration: 5406.99s
2026-01-21 03:18:45.006 RedLemon[58317:480578] [AUTO_EXIT_CHECK] Checking EOF conditions...
2026-01-21 03:18:45.006 RedLemon[58317:480578] [AUTO_EXIT_CHECK] No exit condition met - continuing to monitor...
2026-01-21 03:18:46.007 RedLemon[58317:480578] [AUTO_EXIT_CHECK] isEventPlayback: true
2026-01-21 03:18:46.007 RedLemon[58317:480578] [AUTO_EXIT_CHECK] isLoading: false, isResolvingStream: false
2026-01-21 03:18:46.007 RedLemon[58317:480578] [AUTO_EXIT_CHECK] playbackFinished: false, isPlaying: true
2026-01-21 03:18:46.007 RedLemon[58317:480578] [AUTO_EXIT_CHECK] Position: 5152.82s / Duration: 5406.99s
2026-01-21 03:18:46.008 RedLemon[58317:480578] [AUTO_EXIT_CHECK] Checking EOF conditions...
2026-01-21 03:18:46.008 RedLemon[58317:480578] [AUTO_EXIT_CHECK] No exit condition met - continuing to monitor...
2026-01-21 03:18:46.923 RedLemon[58317:480578] [AUTO_EXIT_CHECK] isEventPlayback: true
2026-01-21 03:18:46.923 RedLemon[58317:480578] [AUTO_EXIT_CHECK] isLoading: false, isResolvingStream: false
2026-01-21 03:18:46.924 RedLemon[58317:480578] [AUTO_EXIT_CHECK] playbackFinished: false, isPlaying: true
2026-01-21 03:18:46.924 RedLemon[58317:480578] [AUTO_EXIT_CHECK] Position: 5153.696s / Duration: 5406.99s
2026-01-21 03:18:46.924 RedLemon[58317:480578] [AUTO_EXIT_CHECK] Checking EOF conditions...
2026-01-21 03:18:46.924 RedLemon[58317:480578] [AUTO_EXIT_CHECK] No exit condition met - continuing to monitor...
2026-01-21 03:18:47.925 RedLemon[58317:480578] [AUTO_EXIT_CHECK] isEventPlayback: true
2026-01-21 03:18:47.925 RedLemon[58317:480578] [AUTO_EXIT_CHECK] isLoading: false, isResolvingStream: false
2026-01-21 03:18:47.925 RedLemon[58317:480578] [AUTO_EXIT_CHECK] playbackFinished: false, isPlaying: true
2026-01-21 03:18:47.926 RedLemon[58317:480578] [AUTO_EXIT_CHECK] Position: 5154.571s / Duration: 5406.99s
2026-01-21 03:18:47.926 RedLemon[58317:480578] [AUTO_EXIT_CHECK] Checking EOF conditions...
2026-01-21 03:18:47.926 RedLemon[58317:480578] [AUTO_EXIT_CHECK] No exit condition met - continuing to monitor...
2026-01-21 03:18:48.928 RedLemon[58317:480578] [AUTO_EXIT_CHECK] isEventPlayback: true
2026-01-21 03:18:48.928 RedLemon[58317:480578] [AUTO_EXIT_CHECK] isLoading: false, isResolvingStream: false
2026-01-21 03:18:48.928 RedLemon[58317:480578] [AUTO_EXIT_CHECK] playbackFinished: false, isPlaying: true
2026-01-21 03:18:48.928 RedLemon[58317:480578] [AUTO_EXIT_CHECK] Position: 5155.739s / Duration: 5406.99s
2026-01-21 03:18:48.929 RedLemon[58317:480578] [AUTO_EXIT_CHECK] Checking EOF conditions...
2026-01-21 03:18:48.929 RedLemon[58317:480578] [AUTO_EXIT_CHECK] No exit condition met - continuing to monitor...
2026-01-21 03:18:49.969 RedLemon[58317:480578] [AUTO_EXIT_CHECK] isEventPlayback: true
2026-01-21 03:18:49.970 RedLemon[58317:480578] [AUTO_EXIT_CHECK] isLoading: false, isResolvingStream: false
2026-01-21 03:18:49.970 RedLemon[58317:480578] [AUTO_EXIT_CHECK] playbackFinished: false, isPlaying: true
2026-01-21 03:18:49.970 RedLemon[58317:480578] [AUTO_EXIT_CHECK] Position: 5156.615s / Duration: 5406.99s
2026-01-21 03:18:49.970 RedLemon[58317:480578] [AUTO_EXIT_CHECK] Checking EOF conditions...
2026-01-21 03:18:49.970 RedLemon[58317:480578] [AUTO_EXIT_CHECK] No exit condition met - continuing to monitor...
2026-01-21 03:18:50.928 RedLemon[58317:480578] [AUTO_EXIT_CHECK] isEventPlayback: true
2026-01-21 03:18:50.929 RedLemon[58317:480578] [AUTO_EXIT_CHECK] isLoading: false, isResolvingStream: false
2026-01-21 03:18:50.929 RedLemon[58317:480578] [AUTO_EXIT_CHECK] playbackFinished: false, isPlaying: true
2026-01-21 03:18:50.929 RedLemon[58317:480578] [AUTO_EXIT_CHECK] Position: 5157.491s / Duration: 5406.99s
2026-01-21 03:18:50.929 RedLemon[58317:480578] [AUTO_EXIT_CHECK] Checking EOF conditions...
2026-01-21 03:18:50.929 RedLemon[58317:480578] [AUTO_EXIT_CHECK] No exit condition met - continuing to monitor...
2026-01-21 03:18:51.927 RedLemon[58317:480578] [AUTO_EXIT_CHECK] isEventPlayback: true
2026-01-21 03:18:51.927 RedLemon[58317:480578] [AUTO_EXIT_CHECK] isLoading: false, isResolvingStream: false
2026-01-21 03:18:51.927 RedLemon[58317:480578] [AUTO_EXIT_CHECK] playbackFinished: false, isPlaying: true
2026-01-21 03:18:51.927 RedLemon[58317:480578] [AUTO_EXIT_CHECK] Position: 5158.657999999999s / Duration: 5406.99s
2026-01-21 03:18:51.927 RedLemon[58317:480578] [AUTO_EXIT_CHECK] Checking EOF conditions...
2026-01-21 03:18:51.927 RedLemon[58317:480578] [AUTO_EXIT_CHECK] No exit condition met - continuing to monitor...
2026-01-21 03:18:52.931 RedLemon[58317:480578] [AUTO_EXIT_CHECK] isEventPlayback: true
2026-01-21 03:18:52.932 RedLemon[58317:480578] [AUTO_EXIT_CHECK] isLoading: false, isResolvingStream: false
2026-01-21 03:18:52.932 RedLemon[58317:480578] [AUTO_EXIT_CHECK] playbackFinished: false, isPlaying: true
2026-01-21 03:18:52.932 RedLemon[58317:480578] [AUTO_EXIT_CHECK] Position: 5159.534s / Duration: 5406.99s
2026-01-21 03:18:52.933 RedLemon[58317:480578] [AUTO_EXIT_CHECK] Checking EOF conditions...
2026-01-21 03:18:52.933 RedLemon[58317:480578] [AUTO_EXIT_CHECK] No exit condition met - continuing to monitor...
2026-01-21 03:18:53.972 RedLemon[58317:480578] [AUTO_EXIT_CHECK] isEventPlayback: true
2026-01-21 03:18:53.972 RedLemon[58317:480578] [AUTO_EXIT_CHECK] isLoading: false, isResolvingStream: false
2026-01-21 03:18:53.972 RedLemon[58317:480578] [AUTO_EXIT_CHECK] playbackFinished: false, isPlaying: true
2026-01-21 03:18:53.973 RedLemon[58317:480578] [AUTO_EXIT_CHECK] Position: 5160.701999999999s / Duration: 5406.99s
2026-01-21 03:18:53.973 RedLemon[58317:480578] [AUTO_EXIT_CHECK] Checking EOF conditions...
2026-01-21 03:18:53.973 RedLemon[58317:480578] [AUTO_EXIT_CHECK] No exit condition met - continuing to monitor...
2026-01-21 03:18:54.932 RedLemon[58317:480578] [AUTO_EXIT_CHECK] isEventPlayback: true
2026-01-21 03:18:54.932 RedLemon[58317:480578] [AUTO_EXIT_CHECK] isLoading: false, isResolvingStream: false
2026-01-21 03:18:54.932 RedLemon[58317:480578] [AUTO_EXIT_CHECK] playbackFinished: false, isPlaying: true
2026-01-21 03:18:54.932 RedLemon[58317:480578] [AUTO_EXIT_CHECK] Position: 5161.5779999999995s / Duration: 5406.99s
2026-01-21 03:18:54.932 RedLemon[58317:480578] [AUTO_EXIT_CHECK] Checking EOF conditions...
2026-01-21 03:18:54.932 RedLemon[58317:480578] [AUTO_EXIT_CHECK] No exit condition met - continuing to monitor...
2026-01-21 03:18:55.933 RedLemon[58317:480578] [AUTO_EXIT_CHECK] isEventPlayback: true
2026-01-21 03:18:55.933 RedLemon[58317:480578] [AUTO_EXIT_CHECK] isLoading: false, isResolvingStream: false
2026-01-21 03:18:55.933 RedLemon[58317:480578] [AUTO_EXIT_CHECK] playbackFinished: false, isPlaying: true
2026-01-21 03:18:55.933 RedLemon[58317:480578] [AUTO_EXIT_CHECK] Position: 5162.746s / Duration: 5406.99s
2026-01-21 03:18:55.933 RedLemon[58317:480578] [AUTO_EXIT_CHECK] Checking EOF conditions...
2026-01-21 03:18:55.933 RedLemon[58317:480578] [AUTO_EXIT_CHECK] No exit condition met - continuing to monitor...
2026-01-21 03:18:56.933 RedLemon[58317:480578] [AUTO_EXIT_CHECK] isEventPlayback: true
2026-01-21 03:18:56.934 RedLemon[58317:480578] [AUTO_EXIT_CHECK] isLoading: false, isResolvingStream: false
2026-01-21 03:18:56.934 RedLemon[58317:480578] [AUTO_EXIT_CHECK] playbackFinished: false, isPlaying: true
2026-01-21 03:18:56.934 RedLemon[58317:480578] [AUTO_EXIT_CHECK] Position: 5163.621999999999s / Duration: 5406.99s
2026-01-21 03:18:56.934 RedLemon[58317:480578] [AUTO_EXIT_CHECK] Checking EOF conditions...
2026-01-21 03:18:56.934 RedLemon[58317:480578] [AUTO_EXIT_CHECK] No exit condition met - continuing to monitor...
2026-01-21 03:18:57.937 RedLemon[58317:480578] [AUTO_EXIT_CHECK] isEventPlayback: true
2026-01-21 03:18:57.937 RedLemon[58317:480578] [AUTO_EXIT_CHECK] isLoading: false, isResolvingStream: false
2026-01-21 03:18:57.938 RedLemon[58317:480578] [AUTO_EXIT_CHECK] playbackFinished: false, isPlaying: true
2026-01-21 03:18:57.938 RedLemon[58317:480578] [AUTO_EXIT_CHECK] Position: 5164.498s / Duration: 5406.99s
2026-01-21 03:18:57.938 RedLemon[58317:480578] [AUTO_EXIT_CHECK] Checking EOF conditions...
2026-01-21 03:18:57.938 RedLemon[58317:480578] [AUTO_EXIT_CHECK] No exit condition met - continuing to monitor...
2026-01-21 03:18:59.063 RedLemon[58317:480578] [AUTO_EXIT_CHECK] isEventPlayback: true
2026-01-21 03:18:59.064 RedLemon[58317:480578] [AUTO_EXIT_CHECK] isLoading: false, isResolvingStream: false
2026-01-21 03:18:59.064 RedLemon[58317:480578] [AUTO_EXIT_CHECK] playbackFinished: false, isPlaying: true
2026-01-21 03:18:59.064 RedLemon[58317:480578] [AUTO_EXIT_CHECK] Position: 5165.666s / Duration: 5406.99s
2026-01-21 03:18:59.064 RedLemon[58317:480578] [AUTO_EXIT_CHECK] Checking EOF conditions...
2026-01-21 03:18:59.064 RedLemon[58317:480578] [AUTO_EXIT_CHECK] No exit condition met - continuing to monitor...
2026-01-21 03:18:59.938 RedLemon[58317:480578] [AUTO_EXIT_CHECK] isEventPlayback: true
2026-01-21 03:18:59.938 RedLemon[58317:480578] [AUTO_EXIT_CHECK] isLoading: false, isResolvingStream: false
2026-01-21 03:18:59.939 RedLemon[58317:480578] [AUTO_EXIT_CHECK] playbackFinished: false, isPlaying: true
2026-01-21 03:18:59.939 RedLemon[58317:480578] [AUTO_EXIT_CHECK] Position: 5166.5419999999995s / Duration: 5406.99s
2026-01-21 03:18:59.939 RedLemon[58317:480578] [AUTO_EXIT_CHECK] Checking EOF conditions...
2026-01-21 03:18:59.939 RedLemon[58317:480578] [AUTO_EXIT_CHECK] No exit condition met - continuing to monitor...
2026-01-21 03:19:00.692 RedLemon[58317:484288] 🔐 SupabaseClient: Signing Identity Payload: '1768983540656daa91-33b4-4688-9135-c982ea52d7c9/rpc/room_heartbeat'
2026-01-21 03:19:00.694 RedLemon[58317:484288] 🔐 Signed request to /rpc/room_heartbeat
2026-01-21 03:19:00.938 RedLemon[58317:480578] [AUTO_EXIT_CHECK] isEventPlayback: true
2026-01-21 03:19:00.938 RedLemon[58317:480578] [AUTO_EXIT_CHECK] isLoading: false, isResolvingStream: false
2026-01-21 03:19:00.938 RedLemon[58317:480578] [AUTO_EXIT_CHECK] playbackFinished: false, isPlaying: true
2026-01-21 03:19:00.938 RedLemon[58317:480578] [AUTO_EXIT_CHECK] Position: 5167.709s / Duration: 5406.99s
2026-01-21 03:19:00.938 RedLemon[58317:480578] [AUTO_EXIT_CHECK] Checking EOF conditions...
2026-01-21 03:19:00.938 RedLemon[58317:480578] [AUTO_EXIT_CHECK] No exit condition met - continuing to monitor...
2026-01-21 03:19:01.938 RedLemon[58317:480578] [AUTO_EXIT_CHECK] isEventPlayback: true
2026-01-21 03:19:01.938 RedLemon[58317:480578] [AUTO_EXIT_CHECK] isLoading: false, isResolvingStream: false
2026-01-21 03:19:01.938 RedLemon[58317:480578] [AUTO_EXIT_CHECK] playbackFinished: false, isPlaying: true
2026-01-21 03:19:01.939 RedLemon[58317:480578] [AUTO_EXIT_CHECK] Position: 5168.585s / Duration: 5406.99s
2026-01-21 03:19:01.939 RedLemon[58317:480578] [AUTO_EXIT_CHECK] Checking EOF conditions...
2026-01-21 03:19:01.939 RedLemon[58317:480578] [AUTO_EXIT_CHECK] No exit condition met - continuing to monitor...
2026-01-21 03:19:02.941 RedLemon[58317:480578] [AUTO_EXIT_CHECK] isEventPlayback: true
2026-01-21 03:19:02.941 RedLemon[58317:480578] [AUTO_EXIT_CHECK] isLoading: false, isResolvingStream: false
2026-01-21 03:19:02.942 RedLemon[58317:480578] [AUTO_EXIT_CHECK] playbackFinished: false, isPlaying: true
2026-01-21 03:19:02.942 RedLemon[58317:480578] [AUTO_EXIT_CHECK] Position: 5169.753s / Duration: 5406.99s
2026-01-21 03:19:02.942 RedLemon[58317:480578] [AUTO_EXIT_CHECK] Checking EOF conditions...
2026-01-21 03:19:02.942 RedLemon[58317:480578] [AUTO_EXIT_CHECK] No exit condition met - continuing to monitor...
2026-01-21 03:19:04.067 RedLemon[58317:480578] [AUTO_EXIT_CHECK] isEventPlayback: true
2026-01-21 03:19:04.067 RedLemon[58317:480578] [AUTO_EXIT_CHECK] isLoading: false, isResolvingStream: false
2026-01-21 03:19:04.067 RedLemon[58317:480578] [AUTO_EXIT_CHECK] playbackFinished: false, isPlaying: true
2026-01-21 03:19:04.068 RedLemon[58317:480578] [AUTO_EXIT_CHECK] Position: 5170.629s / Duration: 5406.99s
2026-01-21 03:19:04.068 RedLemon[58317:480578] [AUTO_EXIT_CHECK] Checking EOF conditions...
2026-01-21 03:19:04.068 RedLemon[58317:480578] [AUTO_EXIT_CHECK] No exit condition met - continuing to monitor...
2026-01-21 03:19:04.941 RedLemon[58317:480578] [AUTO_EXIT_CHECK] isEventPlayback: true
2026-01-21 03:19:04.942 RedLemon[58317:480578] [AUTO_EXIT_CHECK] isLoading: false, isResolvingStream: false
2026-01-21 03:19:04.942 RedLemon[58317:480578] [AUTO_EXIT_CHECK] playbackFinished: false, isPlaying: true
2026-01-21 03:19:04.942 RedLemon[58317:480578] [AUTO_EXIT_CHECK] Position: 5171.504s / Duration: 5406.99s
2026-01-21 03:19:04.942 RedLemon[58317:480578] [AUTO_EXIT_CHECK] Checking EOF conditions...
2026-01-21 03:19:04.942 RedLemon[58317:480578] [AUTO_EXIT_CHECK] No exit condition met - continuing to monitor...
2026-01-21 03:19:05.945 RedLemon[58317:480578] [AUTO_EXIT_CHECK] isEventPlayback: true
2026-01-21 03:19:05.945 RedLemon[58317:480578] [AUTO_EXIT_CHECK] isLoading: false, isResolvingStream: false
2026-01-21 03:19:05.945 RedLemon[58317:480578] [AUTO_EXIT_CHECK] playbackFinished: false, isPlaying: true
2026-01-21 03:19:05.946 RedLemon[58317:480578] [AUTO_EXIT_CHECK] Position: 5172.673s / Duration: 5406.99s
2026-01-21 03:19:05.946 RedLemon[58317:480578] [AUTO_EXIT_CHECK] Checking EOF conditions...
2026-01-21 03:19:05.946 RedLemon[58317:480578] [AUTO_EXIT_CHECK] No exit condition met - continuing to monitor...
2026-01-21 03:19:06.946 RedLemon[58317:480578] [AUTO_EXIT_CHECK] isEventPlayback: true
2026-01-21 03:19:06.950 RedLemon[58317:480578] [AUTO_EXIT_CHECK] isLoading: false, isResolvingStream: false
2026-01-21 03:19:06.954 RedLemon[58317:480578] [AUTO_EXIT_CHECK] playbackFinished: false, isPlaying: true
2026-01-21 03:19:06.956 RedLemon[58317:480578] [AUTO_EXIT_CHECK] Position: 5173.548s / Duration: 5406.99s
2026-01-21 03:19:06.956 RedLemon[58317:480578] [AUTO_EXIT_CHECK] Checking EOF conditions...
2026-01-21 03:19:06.956 RedLemon[58317:480578] [AUTO_EXIT_CHECK] No exit condition met - continuing to monitor...
2026-01-21 03:19:08.069 RedLemon[58317:480578] [AUTO_EXIT_CHECK] isEventPlayback: true
2026-01-21 03:19:08.070 RedLemon[58317:480578] [AUTO_EXIT_CHECK] isLoading: false, isResolvingStream: false
2026-01-21 03:19:08.070 RedLemon[58317:480578] [AUTO_EXIT_CHECK] playbackFinished: false, isPlaying: true
2026-01-21 03:19:08.070 RedLemon[58317:480578] [AUTO_EXIT_CHECK] Position: 5174.715999999999s / Duration: 5406.99s
2026-01-21 03:19:08.070 RedLemon[58317:480578] [AUTO_EXIT_CHECK] Checking EOF conditions...
2026-01-21 03:19:08.070 RedLemon[58317:480578] [AUTO_EXIT_CHECK] No exit condition met - continuing to monitor...
2026-01-21 03:19:08.946 RedLemon[58317:480578] [AUTO_EXIT_CHECK] isEventPlayback: true
2026-01-21 03:19:08.947 RedLemon[58317:480578] [AUTO_EXIT_CHECK] isLoading: false, isResolvingStream: false
2026-01-21 03:19:08.947 RedLemon[58317:480578] [AUTO_EXIT_CHECK] playbackFinished: false, isPlaying: true
2026-01-21 03:19:08.947 RedLemon[58317:480578] [AUTO_EXIT_CHECK] Position: 5175.592s / Duration: 5406.99s
2026-01-21 03:19:08.947 RedLemon[58317:480578] [AUTO_EXIT_CHECK] Checking EOF conditions...
2026-01-21 03:19:08.947 RedLemon[58317:480578] [AUTO_EXIT_CHECK] No exit condition met - continuing to monitor...
2026-01-21 03:19:09.947 RedLemon[58317:480578] [AUTO_EXIT_CHECK] isEventPlayback: true
2026-01-21 03:19:09.947 RedLemon[58317:480578] [AUTO_EXIT_CHECK] isLoading: false, isResolvingStream: false
2026-01-21 03:19:09.947 RedLemon[58317:480578] [AUTO_EXIT_CHECK] playbackFinished: false, isPlaying: true
2026-01-21 03:19:09.947 RedLemon[58317:480578] [AUTO_EXIT_CHECK] Position: 5176.76s / Duration: 5406.99s
2026-01-21 03:19:09.948 RedLemon[58317:480578] [AUTO_EXIT_CHECK] Checking EOF conditions...
2026-01-21 03:19:09.949 RedLemon[58317:480578] [AUTO_EXIT_CHECK] No exit condition met - continuing to monitor...
2026-01-21 03:19:10.952 RedLemon[58317:480578] [AUTO_EXIT_CHECK] isEventPlayback: true
2026-01-21 03:19:10.952 RedLemon[58317:480578] [AUTO_EXIT_CHECK] isLoading: false, isResolvingStream: false
2026-01-21 03:19:10.952 RedLemon[58317:480578] [AUTO_EXIT_CHECK] playbackFinished: false, isPlaying: true
2026-01-21 03:19:10.952 RedLemon[58317:480578] [AUTO_EXIT_CHECK] Position: 5177.6359999999995s / Duration: 5406.99s
2026-01-21 03:19:10.952 RedLemon[58317:480578] [AUTO_EXIT_CHECK] Checking EOF conditions...
2026-01-21 03:19:10.952 RedLemon[58317:480578] [AUTO_EXIT_CHECK] No exit condition met - continuing to monitor...
2026-01-21 03:19:11.965 RedLemon[58317:480578] [AUTO_EXIT_CHECK] isEventPlayback: true
2026-01-21 03:19:11.965 RedLemon[58317:480578] [AUTO_EXIT_CHECK] isLoading: false, isResolvingStream: false
2026-01-21 03:19:11.965 RedLemon[58317:480578] [AUTO_EXIT_CHECK] playbackFinished: false, isPlaying: true
2026-01-21 03:19:11.965 RedLemon[58317:480578] [AUTO_EXIT_CHECK] Position: 5178.804s / Duration: 5406.99s
2026-01-21 03:19:11.965 RedLemon[58317:480578] [AUTO_EXIT_CHECK] Checking EOF conditions...
2026-01-21 03:19:11.965 RedLemon[58317:480578] [AUTO_EXIT_CHECK] No exit condition met - continuing to monitor...
2026-01-21 03:19:13.033 RedLemon[58317:480578] [AUTO_EXIT_CHECK] isEventPlayback: true
2026-01-21 03:19:13.034 RedLemon[58317:480578] [AUTO_EXIT_CHECK] isLoading: false, isResolvingStream: false
2026-01-21 03:19:13.034 RedLemon[58317:480578] [AUTO_EXIT_CHECK] playbackFinished: false, isPlaying: true
2026-01-21 03:19:13.034 RedLemon[58317:480578] [AUTO_EXIT_CHECK] Position: 5179.679999999999s / Duration: 5406.99s
2026-01-21 03:19:13.034 RedLemon[58317:480578] [AUTO_EXIT_CHECK] Checking EOF conditions...
2026-01-21 03:19:13.034 RedLemon[58317:480578] [AUTO_EXIT_CHECK] No exit condition met - continuing to monitor...
2026-01-21 03:19:13.950 RedLemon[58317:480578] [AUTO_EXIT_CHECK] isEventPlayback: true
2026-01-21 03:19:13.950 RedLemon[58317:480578] [AUTO_EXIT_CHECK] isLoading: false, isResolvingStream: false
2026-01-21 03:19:13.950 RedLemon[58317:480578] [AUTO_EXIT_CHECK] playbackFinished: false, isPlaying: true
2026-01-21 03:19:13.950 RedLemon[58317:480578] [AUTO_EXIT_CHECK] Position: 5180.554999999999s / Duration: 5406.99s
2026-01-21 03:19:13.950 RedLemon[58317:480578] [AUTO_EXIT_CHECK] Checking EOF conditions...
2026-01-21 03:19:13.951 RedLemon[58317:480578] [AUTO_EXIT_CHECK] No exit condition met - continuing to monitor...
2026-01-21 03:19:14.954 RedLemon[58317:480578] [AUTO_EXIT_CHECK] isEventPlayback: true
2026-01-21 03:19:14.954 RedLemon[58317:480578] [AUTO_EXIT_CHECK] isLoading: false, isResolvingStream: false
2026-01-21 03:19:14.954 RedLemon[58317:480578] [AUTO_EXIT_CHECK] playbackFinished: false, isPlaying: true
2026-01-21 03:19:14.954 RedLemon[58317:480578] [AUTO_EXIT_CHECK] Position: 5181.724s / Duration: 5406.99s
2026-01-21 03:19:14.954 RedLemon[58317:480578] [AUTO_EXIT_CHECK] Checking EOF conditions...
2026-01-21 03:19:14.954 RedLemon[58317:480578] [AUTO_EXIT_CHECK] No exit condition met - continuing to monitor...
2026-01-21 03:19:15.956 RedLemon[58317:480578] [AUTO_EXIT_CHECK] isEventPlayback: true
2026-01-21 03:19:15.956 RedLemon[58317:480578] [AUTO_EXIT_CHECK] isLoading: false, isResolvingStream: false
2026-01-21 03:19:15.956 RedLemon[58317:480578] [AUTO_EXIT_CHECK] playbackFinished: false, isPlaying: true
2026-01-21 03:19:15.956 RedLemon[58317:480578] [AUTO_EXIT_CHECK] Position: 5182.599s / Duration: 5406.99s
2026-01-21 03:19:15.957 RedLemon[58317:480578] [AUTO_EXIT_CHECK] Checking EOF conditions...
2026-01-21 03:19:15.957 RedLemon[58317:480578] [AUTO_EXIT_CHECK] No exit condition met - continuing to monitor...
2026-01-21 03:19:16.954 RedLemon[58317:480578] [AUTO_EXIT_CHECK] isEventPlayback: true
2026-01-21 03:19:16.954 RedLemon[58317:480578] [AUTO_EXIT_CHECK] isLoading: false, isResolvingStream: false
2026-01-21 03:19:16.954 RedLemon[58317:480578] [AUTO_EXIT_CHECK] playbackFinished: false, isPlaying: true
2026-01-21 03:19:16.954 RedLemon[58317:480578] [AUTO_EXIT_CHECK] Position: 5183.767s / Duration: 5406.99s
2026-01-21 03:19:16.954 RedLemon[58317:480578] [AUTO_EXIT_CHECK] Checking EOF conditions...
2026-01-21 03:19:16.954 RedLemon[58317:480578] [AUTO_EXIT_CHECK] No exit condition met - continuing to monitor...
2026-01-21 03:19:18.164 RedLemon[58317:480578] [AUTO_EXIT_CHECK] isEventPlayback: true
2026-01-21 03:19:18.164 RedLemon[58317:480578] [AUTO_EXIT_CHECK] isLoading: false, isResolvingStream: false
2026-01-21 03:19:18.165 RedLemon[58317:480578] [AUTO_EXIT_CHECK] playbackFinished: false, isPlaying: true
2026-01-21 03:19:18.166 RedLemon[58317:480578] [AUTO_EXIT_CHECK] Position: 5184.9349999999995s / Duration: 5406.99s
2026-01-21 03:19:18.166 RedLemon[58317:480578] [AUTO_EXIT_CHECK] Checking EOF conditions...
2026-01-21 03:19:18.166 RedLemon[58317:480578] [AUTO_EXIT_CHECK] No exit condition met - continuing to monitor...
2026-01-21 03:19:18.956 RedLemon[58317:480578] [AUTO_EXIT_CHECK] isEventPlayback: true
2026-01-21 03:19:18.956 RedLemon[58317:480578] [AUTO_EXIT_CHECK] isLoading: false, isResolvingStream: false
2026-01-21 03:19:18.956 RedLemon[58317:480578] [AUTO_EXIT_CHECK] playbackFinished: false, isPlaying: true
2026-01-21 03:19:18.956 RedLemon[58317:480578] [AUTO_EXIT_CHECK] Position: 5185.518999999999s / Duration: 5406.99s
2026-01-21 03:19:18.956 RedLemon[58317:480578] [AUTO_EXIT_CHECK] Checking EOF conditions...
2026-01-21 03:19:18.956 RedLemon[58317:480578] [AUTO_EXIT_CHECK] No exit condition met - continuing to monitor...
2026-01-21 03:19:19.960 RedLemon[58317:480578] [AUTO_EXIT_CHECK] isEventPlayback: true
2026-01-21 03:19:19.960 RedLemon[58317:480578] [AUTO_EXIT_CHECK] isLoading: false, isResolvingStream: false
2026-01-21 03:19:19.960 RedLemon[58317:480578] [AUTO_EXIT_CHECK] playbackFinished: false, isPlaying: true
2026-01-21 03:19:19.960 RedLemon[58317:480578] [AUTO_EXIT_CHECK] Position: 5186.687s / Duration: 5406.99s
2026-01-21 03:19:19.960 RedLemon[58317:480578] [AUTO_EXIT_CHECK] Checking EOF conditions...
2026-01-21 03:19:19.960 RedLemon[58317:480578] [AUTO_EXIT_CHECK] No exit condition met - continuing to monitor...
2026-01-21 03:19:21.083 RedLemon[58317:480578] [AUTO_EXIT_CHECK] isEventPlayback: true
2026-01-21 03:19:21.083 RedLemon[58317:480578] [AUTO_EXIT_CHECK] isLoading: false, isResolvingStream: false
2026-01-21 03:19:21.083 RedLemon[58317:480578] [AUTO_EXIT_CHECK] playbackFinished: false, isPlaying: true
2026-01-21 03:19:21.083 RedLemon[58317:480578] [AUTO_EXIT_CHECK] Position: 5187.855s / Duration: 5406.99s
2026-01-21 03:19:21.084 RedLemon[58317:480578] [AUTO_EXIT_CHECK] Checking EOF conditions...
2026-01-21 03:19:21.084 RedLemon[58317:480578] [AUTO_EXIT_CHECK] No exit condition met - continuing to monitor...
2026-01-21 03:19:22.042 RedLemon[58317:480578] [AUTO_EXIT_CHECK] isEventPlayback: true
2026-01-21 03:19:22.042 RedLemon[58317:480578] [AUTO_EXIT_CHECK] isLoading: false, isResolvingStream: false
2026-01-21 03:19:22.042 RedLemon[58317:480578] [AUTO_EXIT_CHECK] playbackFinished: false, isPlaying: true
2026-01-21 03:19:22.042 RedLemon[58317:480578] [AUTO_EXIT_CHECK] Position: 5188.73s / Duration: 5406.99s
2026-01-21 03:19:22.042 RedLemon[58317:480578] [AUTO_EXIT_CHECK] Checking EOF conditions...
2026-01-21 03:19:22.042 RedLemon[58317:480578] [AUTO_EXIT_CHECK] No exit condition met - continuing to monitor...
2026-01-21 03:19:22.961 RedLemon[58317:480578] [AUTO_EXIT_CHECK] isEventPlayback: true
2026-01-21 03:19:22.961 RedLemon[58317:480578] [AUTO_EXIT_CHECK] isLoading: false, isResolvingStream: false
2026-01-21 03:19:22.961 RedLemon[58317:480578] [AUTO_EXIT_CHECK] playbackFinished: false, isPlaying: true
2026-01-21 03:19:22.961 RedLemon[58317:480578] [AUTO_EXIT_CHECK] Position: 5189.606s / Duration: 5406.99s
2026-01-21 03:19:22.961 RedLemon[58317:480578] [AUTO_EXIT_CHECK] Checking EOF conditions...
2026-01-21 03:19:22.961 RedLemon[58317:480578] [AUTO_EXIT_CHECK] No exit condition met - continuing to monitor...
2026-01-21 03:19:23.960 RedLemon[58317:480578] [AUTO_EXIT_CHECK] isEventPlayback: true
2026-01-21 03:19:23.960 RedLemon[58317:480578] [AUTO_EXIT_CHECK] isLoading: false, isResolvingStream: false
2026-01-21 03:19:23.960 RedLemon[58317:480578] [AUTO_EXIT_CHECK] playbackFinished: false, isPlaying: true
2026-01-21 03:19:23.961 RedLemon[58317:480578] [AUTO_EXIT_CHECK] Position: 5190.773999999999s / Duration: 5406.99s
2026-01-21 03:19:23.961 RedLemon[58317:480578] [AUTO_EXIT_CHECK] Checking EOF conditions...
2026-01-21 03:19:23.961 RedLemon[58317:480578] [AUTO_EXIT_CHECK] No exit condition met - continuing to monitor...
2026-01-21 03:19:24.962 RedLemon[58317:480578] [AUTO_EXIT_CHECK] isEventPlayback: true
2026-01-21 03:19:24.963 RedLemon[58317:480578] [AUTO_EXIT_CHECK] isLoading: false, isResolvingStream: false
2026-01-21 03:19:24.963 RedLemon[58317:480578] [AUTO_EXIT_CHECK] playbackFinished: false, isPlaying: true
2026-01-21 03:19:24.963 RedLemon[58317:480578] [AUTO_EXIT_CHECK] Position: 5191.65s / Duration: 5406.99s
2026-01-21 03:19:24.963 RedLemon[58317:480578] [AUTO_EXIT_CHECK] Checking EOF conditions...
2026-01-21 03:19:24.963 RedLemon[58317:480578] [AUTO_EXIT_CHECK] No exit condition met - continuing to monitor...
2026-01-21 03:19:26.004 RedLemon[58317:480578] [AUTO_EXIT_CHECK] isEventPlayback: true
2026-01-21 03:19:26.005 RedLemon[58317:480578] [AUTO_EXIT_CHECK] isLoading: false, isResolvingStream: false
2026-01-21 03:19:26.005 RedLemon[58317:480578] [AUTO_EXIT_CHECK] playbackFinished: false, isPlaying: true
2026-01-21 03:19:26.005 RedLemon[58317:480578] [AUTO_EXIT_CHECK] Position: 5192.818s / Duration: 5406.99s
2026-01-21 03:19:26.005 RedLemon[58317:480578] [AUTO_EXIT_CHECK] Checking EOF conditions...
2026-01-21 03:19:26.005 RedLemon[58317:480578] [AUTO_EXIT_CHECK] No exit condition met - continuing to monitor...
2026-01-21 03:19:27.009 RedLemon[58317:480578] [AUTO_EXIT_CHECK] isEventPlayback: true
2026-01-21 03:19:27.009 RedLemon[58317:480578] [AUTO_EXIT_CHECK] isLoading: false, isResolvingStream: false
2026-01-21 03:19:27.009 RedLemon[58317:480578] [AUTO_EXIT_CHECK] playbackFinished: false, isPlaying: true
2026-01-21 03:19:27.009 RedLemon[58317:480578] [AUTO_EXIT_CHECK] Position: 5193.6939999999995s / Duration: 5406.99s
2026-01-21 03:19:27.009 RedLemon[58317:480578] [AUTO_EXIT_CHECK] Checking EOF conditions...
2026-01-21 03:19:27.010 RedLemon[58317:480578] [AUTO_EXIT_CHECK] No exit condition met - continuing to monitor...
2026-01-21 03:19:27.926 RedLemon[58317:480578] [AUTO_EXIT_CHECK] isEventPlayback: true
2026-01-21 03:19:27.926 RedLemon[58317:480578] [AUTO_EXIT_CHECK] isLoading: false, isResolvingStream: false
2026-01-21 03:19:27.926 RedLemon[58317:480578] [AUTO_EXIT_CHECK] playbackFinished: false, isPlaying: true
2026-01-21 03:19:27.926 RedLemon[58317:480578] [AUTO_EXIT_CHECK] Position: 5194.57s / Duration: 5406.99s
2026-01-21 03:19:27.926 RedLemon[58317:480578] [AUTO_EXIT_CHECK] Checking EOF conditions...
2026-01-21 03:19:27.926 RedLemon[58317:480578] [AUTO_EXIT_CHECK] No exit condition met - continuing to monitor...
2026-01-21 03:19:28.925 RedLemon[58317:480578] [AUTO_EXIT_CHECK] isEventPlayback: true
2026-01-21 03:19:28.925 RedLemon[58317:480578] [AUTO_EXIT_CHECK] isLoading: false, isResolvingStream: false
2026-01-21 03:19:28.925 RedLemon[58317:480578] [AUTO_EXIT_CHECK] playbackFinished: false, isPlaying: true
2026-01-21 03:19:28.925 RedLemon[58317:480578] [AUTO_EXIT_CHECK] Position: 5195.737999999999s / Duration: 5406.99s
2026-01-21 03:19:28.925 RedLemon[58317:480578] [AUTO_EXIT_CHECK] Checking EOF conditions...
2026-01-21 03:19:28.925 RedLemon[58317:480578] [AUTO_EXIT_CHECK] No exit condition met - continuing to monitor...
2026-01-21 03:19:29.970 RedLemon[58317:480578] [AUTO_EXIT_CHECK] isEventPlayback: true
2026-01-21 03:19:29.970 RedLemon[58317:480578] [AUTO_EXIT_CHECK] isLoading: false, isResolvingStream: false
2026-01-21 03:19:29.970 RedLemon[58317:480578] [AUTO_EXIT_CHECK] playbackFinished: false, isPlaying: true
2026-01-21 03:19:29.970 RedLemon[58317:480578] [AUTO_EXIT_CHECK] Position: 5196.614s / Duration: 5406.99s
2026-01-21 03:19:29.970 RedLemon[58317:480578] [AUTO_EXIT_CHECK] Checking EOF conditions...
2026-01-21 03:19:29.970 RedLemon[58317:480578] [AUTO_EXIT_CHECK] No exit condition met - continuing to monitor...
2026-01-21 03:19:30.926 RedLemon[58317:480578] [AUTO_EXIT_CHECK] isEventPlayback: true
2026-01-21 03:19:30.926 RedLemon[58317:480578] [AUTO_EXIT_CHECK] isLoading: false, isResolvingStream: false
2026-01-21 03:19:30.926 RedLemon[58317:480578] [AUTO_EXIT_CHECK] playbackFinished: false, isPlaying: true
2026-01-21 03:19:30.927 RedLemon[58317:480578] [AUTO_EXIT_CHECK] Position: 5197.489s / Duration: 5406.99s
2026-01-21 03:19:30.927 RedLemon[58317:480578] [AUTO_EXIT_CHECK] Checking EOF conditions...
2026-01-21 03:19:30.927 RedLemon[58317:480578] [AUTO_EXIT_CHECK] No exit condition met - continuing to monitor...
2026-01-21 03:19:31.009 RedLemon[58317:485009] 🔐 SupabaseClient: Signing Identity Payload: '1768983571656daa91-33b4-4688-9135-c982ea52d7c9/rpc/room_heartbeat'
2026-01-21 03:19:31.010 RedLemon[58317:485009] 🔐 Signed request to /rpc/room_heartbeat
2026-01-21 03:19:31.969 RedLemon[58317:480578] [AUTO_EXIT_CHECK] isEventPlayback: true
2026-01-21 03:19:31.969 RedLemon[58317:480578] [AUTO_EXIT_CHECK] isLoading: false, isResolvingStream: false
2026-01-21 03:19:31.969 RedLemon[58317:480578] [AUTO_EXIT_CHECK] playbackFinished: false, isPlaying: true
2026-01-21 03:19:31.969 RedLemon[58317:480578] [AUTO_EXIT_CHECK] Position: 5198.657s / Duration: 5406.99s
2026-01-21 03:19:31.969 RedLemon[58317:480578] [AUTO_EXIT_CHECK] Checking EOF conditions...
2026-01-21 03:19:31.969 RedLemon[58317:480578] [AUTO_EXIT_CHECK] No exit condition met - continuing to monitor...
2026-01-21 03:19:32.929 RedLemon[58317:480578] [AUTO_EXIT_CHECK] isEventPlayback: true
2026-01-21 03:19:32.930 RedLemon[58317:480578] [AUTO_EXIT_CHECK] isLoading: false, isResolvingStream: false
2026-01-21 03:19:32.930 RedLemon[58317:480578] [AUTO_EXIT_CHECK] playbackFinished: false, isPlaying: true
2026-01-21 03:19:32.930 RedLemon[58317:480578] [AUTO_EXIT_CHECK] Position: 5199.532s / Duration: 5406.99s
2026-01-21 03:19:32.931 RedLemon[58317:480578] [AUTO_EXIT_CHECK] Checking EOF conditions...
2026-01-21 03:19:32.931 RedLemon[58317:480578] [AUTO_EXIT_CHECK] No exit condition met - continuing to monitor...
2026-01-21 03:19:33.929 RedLemon[58317:480578] [AUTO_EXIT_CHECK] isEventPlayback: true
2026-01-21 03:19:33.929 RedLemon[58317:480578] [AUTO_EXIT_CHECK] isLoading: false, isResolvingStream: false
2026-01-21 03:19:33.929 RedLemon[58317:480578] [AUTO_EXIT_CHECK] playbackFinished: false, isPlaying: true
2026-01-21 03:19:33.929 RedLemon[58317:480578] [AUTO_EXIT_CHECK] Position: 5200.701s / Duration: 5406.99s
2026-01-21 03:19:33.930 RedLemon[58317:480578] [AUTO_EXIT_CHECK] Checking EOF conditions...
2026-01-21 03:19:33.930 RedLemon[58317:480578] [AUTO_EXIT_CHECK] No exit condition met - continuing to monitor...
2026-01-21 03:19:34.931 RedLemon[58317:480578] [AUTO_EXIT_CHECK] isEventPlayback: true
2026-01-21 03:19:34.931 RedLemon[58317:480578] [AUTO_EXIT_CHECK] isLoading: false, isResolvingStream: false
2026-01-21 03:19:34.931 RedLemon[58317:480578] [AUTO_EXIT_CHECK] playbackFinished: false, isPlaying: true
2026-01-21 03:19:34.931 RedLemon[58317:480578] [AUTO_EXIT_CHECK] Position: 5201.576999999999s / Duration: 5406.99s
2026-01-21 03:19:34.931 RedLemon[58317:480578] [AUTO_EXIT_CHECK] Checking EOF conditions...
2026-01-21 03:19:34.931 RedLemon[58317:480578] [AUTO_EXIT_CHECK] No exit condition met - continuing to monitor...
2026-01-21 03:19:36.058 RedLemon[58317:480578] [AUTO_EXIT_CHECK] isEventPlayback: true
2026-01-21 03:19:36.058 RedLemon[58317:480578] [AUTO_EXIT_CHECK] isLoading: false, isResolvingStream: false
2026-01-21 03:19:36.058 RedLemon[58317:480578] [AUTO_EXIT_CHECK] playbackFinished: false, isPlaying: true
2026-01-21 03:19:36.059 RedLemon[58317:480578] [AUTO_EXIT_CHECK] Position: 5202.745s / Duration: 5406.99s
2026-01-21 03:19:36.059 RedLemon[58317:480578] [AUTO_EXIT_CHECK] Checking EOF conditions...
2026-01-21 03:19:36.059 RedLemon[58317:480578] [AUTO_EXIT_CHECK] No exit condition met - continuing to monitor...
2026-01-21 03:19:36.973 RedLemon[58317:480578] [AUTO_EXIT_CHECK] isEventPlayback: true
2026-01-21 03:19:36.973 RedLemon[58317:480578] [AUTO_EXIT_CHECK] isLoading: false, isResolvingStream: false
2026-01-21 03:19:36.973 RedLemon[58317:480578] [AUTO_EXIT_CHECK] playbackFinished: false, isPlaying: true
2026-01-21 03:19:36.973 RedLemon[58317:480578] [AUTO_EXIT_CHECK] Position: 5203.62s / Duration: 5406.99s
2026-01-21 03:19:36.973 RedLemon[58317:480578] [AUTO_EXIT_CHECK] Checking EOF conditions...
2026-01-21 03:19:36.974 RedLemon[58317:480578] [AUTO_EXIT_CHECK] No exit condition met - continuing to monitor...
2026-01-21 03:19:37.934 RedLemon[58317:480578] [AUTO_EXIT_CHECK] isEventPlayback: true
2026-01-21 03:19:37.934 RedLemon[58317:480578] [AUTO_EXIT_CHECK] isLoading: false, isResolvingStream: false
2026-01-21 03:19:37.934 RedLemon[58317:480578] [AUTO_EXIT_CHECK] playbackFinished: false, isPlaying: true
2026-01-21 03:19:37.934 RedLemon[58317:480578] [AUTO_EXIT_CHECK] Position: 5204.496999999999s / Duration: 5406.99s
2026-01-21 03:19:37.935 RedLemon[58317:480578] [AUTO_EXIT_CHECK] Checking EOF conditions...
2026-01-21 03:19:37.935 RedLemon[58317:480578] [AUTO_EXIT_CHECK] No exit condition met - continuing to monitor...
2026-01-21 03:19:38.935 RedLemon[58317:480578] [AUTO_EXIT_CHECK] isEventPlayback: true
2026-01-21 03:19:38.935 RedLemon[58317:480578] [AUTO_EXIT_CHECK] isLoading: false, isResolvingStream: false
2026-01-21 03:19:38.935 RedLemon[58317:480578] [AUTO_EXIT_CHECK] playbackFinished: false, isPlaying: true
2026-01-21 03:19:38.936 RedLemon[58317:480578] [AUTO_EXIT_CHECK] Position: 5205.664s / Duration: 5406.99s
2026-01-21 03:19:38.937 RedLemon[58317:480578] [AUTO_EXIT_CHECK] Checking EOF conditions...
2026-01-21 03:19:38.937 RedLemon[58317:480578] [AUTO_EXIT_CHECK] No exit condition met - continuing to monitor...
2026-01-21 03:19:39.935 RedLemon[58317:480578] [AUTO_EXIT_CHECK] isEventPlayback: true
2026-01-21 03:19:39.935 RedLemon[58317:480578] [AUTO_EXIT_CHECK] isLoading: false, isResolvingStream: false
2026-01-21 03:19:39.935 RedLemon[58317:480578] [AUTO_EXIT_CHECK] playbackFinished: false, isPlaying: true
2026-01-21 03:19:39.935 RedLemon[58317:480578] [AUTO_EXIT_CHECK] Position: 5206.54s / Duration: 5406.99s
2026-01-21 03:19:39.935 RedLemon[58317:480578] [AUTO_EXIT_CHECK] Checking EOF conditions...
2026-01-21 03:19:39.936 RedLemon[58317:480578] [AUTO_EXIT_CHECK] No exit condition met - continuing to monitor...
2026-01-21 03:19:41.061 RedLemon[58317:480578] [AUTO_EXIT_CHECK] isEventPlayback: true
2026-01-21 03:19:41.062 RedLemon[58317:480578] [AUTO_EXIT_CHECK] isLoading: false, isResolvingStream: false
2026-01-21 03:19:41.062 RedLemon[58317:480578] [AUTO_EXIT_CHECK] playbackFinished: false, isPlaying: true
2026-01-21 03:19:41.062 RedLemon[58317:480578] [AUTO_EXIT_CHECK] Position: 5207.708s / Duration: 5406.99s
2026-01-21 03:19:41.063 RedLemon[58317:480578] [AUTO_EXIT_CHECK] Checking EOF conditions...
2026-01-21 03:19:41.063 RedLemon[58317:480578] [AUTO_EXIT_CHECK] No exit condition met - continuing to monitor...
2026-01-21 03:19:41.939 RedLemon[58317:480578] [AUTO_EXIT_CHECK] isEventPlayback: true
2026-01-21 03:19:41.939 RedLemon[58317:480578] [AUTO_EXIT_CHECK] isLoading: false, isResolvingStream: false
2026-01-21 03:19:41.940 RedLemon[58317:480578] [AUTO_EXIT_CHECK] playbackFinished: false, isPlaying: true
2026-01-21 03:19:41.940 RedLemon[58317:480578] [AUTO_EXIT_CHECK] Position: 5208.584s / Duration: 5406.99s
2026-01-21 03:19:41.940 RedLemon[58317:480578] [AUTO_EXIT_CHECK] Checking EOF conditions...
2026-01-21 03:19:41.940 RedLemon[58317:480578] [AUTO_EXIT_CHECK] No exit condition met - continuing to monitor...
2026-01-21 03:19:42.938 RedLemon[58317:480578] [AUTO_EXIT_CHECK] isEventPlayback: true
2026-01-21 03:19:42.938 RedLemon[58317:480578] [AUTO_EXIT_CHECK] isLoading: false, isResolvingStream: false
2026-01-21 03:19:42.938 RedLemon[58317:480578] [AUTO_EXIT_CHECK] playbackFinished: false, isPlaying: true
2026-01-21 03:19:42.938 RedLemon[58317:480578] [AUTO_EXIT_CHECK] Position: 5209.7519999999995s / Duration: 5406.99s
2026-01-21 03:19:42.938 RedLemon[58317:480578] [AUTO_EXIT_CHECK] Checking EOF conditions...
2026-01-21 03:19:42.939 RedLemon[58317:480578] [AUTO_EXIT_CHECK] No exit condition met - continuing to monitor...
2026-01-21 03:19:43.983 RedLemon[58317:480578] [AUTO_EXIT_CHECK] isEventPlayback: true
2026-01-21 03:19:43.983 RedLemon[58317:480578] [AUTO_EXIT_CHECK] isLoading: false, isResolvingStream: false
2026-01-21 03:19:43.983 RedLemon[58317:480578] [AUTO_EXIT_CHECK] playbackFinished: false, isPlaying: true
2026-01-21 03:19:43.983 RedLemon[58317:480578] [AUTO_EXIT_CHECK] Position: 5210.628s / Duration: 5406.99s
2026-01-21 03:19:43.984 RedLemon[58317:480578] [AUTO_EXIT_CHECK] Checking EOF conditions...
2026-01-21 03:19:43.984 RedLemon[58317:480578] [AUTO_EXIT_CHECK] No exit condition met - continuing to monitor...
2026-01-21 03:19:45.023 RedLemon[58317:480578] [AUTO_EXIT_CHECK] isEventPlayback: true
2026-01-21 03:19:45.023 RedLemon[58317:480578] [AUTO_EXIT_CHECK] isLoading: false, isResolvingStream: false
2026-01-21 03:19:45.023 RedLemon[58317:480578] [AUTO_EXIT_CHECK] playbackFinished: false, isPlaying: true
2026-01-21 03:19:45.023 RedLemon[58317:480578] [AUTO_EXIT_CHECK] Position: 5211.795s / Duration: 5406.99s
2026-01-21 03:19:45.024 RedLemon[58317:480578] [AUTO_EXIT_CHECK] Checking EOF conditions...
2026-01-21 03:19:45.024 RedLemon[58317:480578] [AUTO_EXIT_CHECK] No exit condition met - continuing to monitor...
2026-01-21 03:19:46.067 RedLemon[58317:480578] [AUTO_EXIT_CHECK] isEventPlayback: true
2026-01-21 03:19:46.067 RedLemon[58317:480578] [AUTO_EXIT_CHECK] isLoading: false, isResolvingStream: false
2026-01-21 03:19:46.067 RedLemon[58317:480578] [AUTO_EXIT_CHECK] playbackFinished: false, isPlaying: true
2026-01-21 03:19:46.068 RedLemon[58317:480578] [AUTO_EXIT_CHECK] Position: 5212.670999999999s / Duration: 5406.99s
2026-01-21 03:19:46.068 RedLemon[58317:480578] [AUTO_EXIT_CHECK] Checking EOF conditions...
2026-01-21 03:19:46.068 RedLemon[58317:480578] [AUTO_EXIT_CHECK] No exit condition met - continuing to monitor...
2026-01-21 03:19:46.943 RedLemon[58317:480578] [AUTO_EXIT_CHECK] isEventPlayback: true
2026-01-21 03:19:46.943 RedLemon[58317:480578] [AUTO_EXIT_CHECK] isLoading: false, isResolvingStream: false
2026-01-21 03:19:46.944 RedLemon[58317:480578] [AUTO_EXIT_CHECK] playbackFinished: false, isPlaying: true
2026-01-21 03:19:46.944 RedLemon[58317:480578] [AUTO_EXIT_CHECK] Position: 5213.547s / Duration: 5406.99s
2026-01-21 03:19:46.944 RedLemon[58317:480578] [AUTO_EXIT_CHECK] Checking EOF conditions...
2026-01-21 03:19:46.944 RedLemon[58317:480578] [AUTO_EXIT_CHECK] No exit condition met - continuing to monitor...
2026-01-21 03:19:47.943 RedLemon[58317:480578] [AUTO_EXIT_CHECK] isEventPlayback: true
2026-01-21 03:19:47.943 RedLemon[58317:480578] [AUTO_EXIT_CHECK] isLoading: false, isResolvingStream: false
2026-01-21 03:19:47.944 RedLemon[58317:480578] [AUTO_EXIT_CHECK] playbackFinished: false, isPlaying: true
2026-01-21 03:19:47.944 RedLemon[58317:480578] [AUTO_EXIT_CHECK] Position: 5214.714s / Duration: 5406.99s
2026-01-21 03:19:47.944 RedLemon[58317:480578] [AUTO_EXIT_CHECK] Checking EOF conditions...
2026-01-21 03:19:47.944 RedLemon[58317:480578] [AUTO_EXIT_CHECK] No exit condition met - continuing to monitor...
2026-01-21 03:19:48.945 RedLemon[58317:480578] [AUTO_EXIT_CHECK] isEventPlayback: true
2026-01-21 03:19:48.945 RedLemon[58317:480578] [AUTO_EXIT_CHECK] isLoading: false, isResolvingStream: false
2026-01-21 03:19:48.946 RedLemon[58317:480578] [AUTO_EXIT_CHECK] playbackFinished: false, isPlaying: true
2026-01-21 03:19:48.946 RedLemon[58317:480578] [AUTO_EXIT_CHECK] Position: 5215.59s / Duration: 5406.99s
2026-01-21 03:19:48.946 RedLemon[58317:480578] [AUTO_EXIT_CHECK] Checking EOF conditions...
2026-01-21 03:19:48.946 RedLemon[58317:480578] [AUTO_EXIT_CHECK] No exit condition met - continuing to monitor...
2026-01-21 03:19:50.032 RedLemon[58317:480578] [AUTO_EXIT_CHECK] isEventPlayback: true
2026-01-21 03:19:50.032 RedLemon[58317:480578] [AUTO_EXIT_CHECK] isLoading: false, isResolvingStream: false
2026-01-21 03:19:50.032 RedLemon[58317:480578] [AUTO_EXIT_CHECK] playbackFinished: false, isPlaying: true
2026-01-21 03:19:50.032 RedLemon[58317:480578] [AUTO_EXIT_CHECK] Position: 5216.758s / Duration: 5406.99s
2026-01-21 03:19:50.033 RedLemon[58317:480578] [AUTO_EXIT_CHECK] Checking EOF conditions...
2026-01-21 03:19:50.033 RedLemon[58317:480578] [AUTO_EXIT_CHECK] No exit condition met - continuing to monitor...
2026-01-21 03:19:51.071 RedLemon[58317:480578] [AUTO_EXIT_CHECK] isEventPlayback: true
2026-01-21 03:19:51.071 RedLemon[58317:480578] [AUTO_EXIT_CHECK] isLoading: false, isResolvingStream: false
2026-01-21 03:19:51.072 RedLemon[58317:480578] [AUTO_EXIT_CHECK] playbackFinished: false, isPlaying: true
2026-01-21 03:19:51.072 RedLemon[58317:480578] [AUTO_EXIT_CHECK] Position: 5217.634s / Duration: 5406.99s
2026-01-21 03:19:51.072 RedLemon[58317:480578] [AUTO_EXIT_CHECK] Checking EOF conditions...
2026-01-21 03:19:51.072 RedLemon[58317:480578] [AUTO_EXIT_CHECK] No exit condition met - continuing to monitor...
2026-01-21 03:19:51.947 RedLemon[58317:480578] [AUTO_EXIT_CHECK] isEventPlayback: true
2026-01-21 03:19:51.947 RedLemon[58317:480578] [AUTO_EXIT_CHECK] isLoading: false, isResolvingStream: false
2026-01-21 03:19:51.947 RedLemon[58317:480578] [AUTO_EXIT_CHECK] playbackFinished: false, isPlaying: true
2026-01-21 03:19:51.948 RedLemon[58317:480578] [AUTO_EXIT_CHECK] Position: 5218.51s / Duration: 5406.99s
2026-01-21 03:19:51.948 RedLemon[58317:480578] [AUTO_EXIT_CHECK] Checking EOF conditions...
2026-01-21 03:19:51.948 RedLemon[58317:480578] [AUTO_EXIT_CHECK] No exit condition met - continuing to monitor...
2026-01-21 03:19:52.949 RedLemon[58317:480578] [AUTO_EXIT_CHECK] isEventPlayback: true
2026-01-21 03:19:52.949 RedLemon[58317:480578] [AUTO_EXIT_CHECK] isLoading: false, isResolvingStream: false
2026-01-21 03:19:52.949 RedLemon[58317:480578] [AUTO_EXIT_CHECK] playbackFinished: false, isPlaying: true
2026-01-21 03:19:52.949 RedLemon[58317:480578] [AUTO_EXIT_CHECK] Position: 5219.678s / Duration: 5406.99s
2026-01-21 03:19:52.950 RedLemon[58317:480578] [AUTO_EXIT_CHECK] Checking EOF conditions...
2026-01-21 03:19:52.950 RedLemon[58317:480578] [AUTO_EXIT_CHECK] No exit condition met - continuing to monitor...
2026-01-21 03:19:53.949 RedLemon[58317:480578] [AUTO_EXIT_CHECK] isEventPlayback: true
2026-01-21 03:19:53.950 RedLemon[58317:480578] [AUTO_EXIT_CHECK] isLoading: false, isResolvingStream: false
2026-01-21 03:19:53.950 RedLemon[58317:480578] [AUTO_EXIT_CHECK] playbackFinished: false, isPlaying: true
2026-01-21 03:19:53.950 RedLemon[58317:480578] [AUTO_EXIT_CHECK] Position: 5220.554s / Duration: 5406.99s
2026-01-21 03:19:53.950 RedLemon[58317:480578] [AUTO_EXIT_CHECK] Checking EOF conditions...
2026-01-21 03:19:53.950 RedLemon[58317:480578] [AUTO_EXIT_CHECK] No exit condition met - continuing to monitor...
2026-01-21 03:19:54.992 RedLemon[58317:480578] [AUTO_EXIT_CHECK] isEventPlayback: true
2026-01-21 03:19:54.992 RedLemon[58317:480578] [AUTO_EXIT_CHECK] isLoading: false, isResolvingStream: false
2026-01-21 03:19:54.992 RedLemon[58317:480578] [AUTO_EXIT_CHECK] playbackFinished: false, isPlaying: true
2026-01-21 03:19:54.992 RedLemon[58317:480578] [AUTO_EXIT_CHECK] Position: 5221.721s / Duration: 5406.99s
2026-01-21 03:19:54.993 RedLemon[58317:480578] [AUTO_EXIT_CHECK] Checking EOF conditions...
2026-01-21 03:19:54.993 RedLemon[58317:480578] [AUTO_EXIT_CHECK] No exit condition met - continuing to monitor...
2026-01-21 03:19:55.953 RedLemon[58317:480578] [AUTO_EXIT_CHECK] isEventPlayback: true
2026-01-21 03:19:55.953 RedLemon[58317:480578] [AUTO_EXIT_CHECK] isLoading: false, isResolvingStream: false
2026-01-21 03:19:55.953 RedLemon[58317:480578] [AUTO_EXIT_CHECK] playbackFinished: false, isPlaying: true
2026-01-21 03:19:55.953 RedLemon[58317:480578] [AUTO_EXIT_CHECK] Position: 5222.597s / Duration: 5406.99s
2026-01-21 03:19:55.954 RedLemon[58317:480578] [AUTO_EXIT_CHECK] Checking EOF conditions...
2026-01-21 03:19:55.954 RedLemon[58317:480578] [AUTO_EXIT_CHECK] No exit condition met - continuing to monitor...
2026-01-21 03:19:56.952 RedLemon[58317:480578] [AUTO_EXIT_CHECK] isEventPlayback: true
2026-01-21 03:19:56.952 RedLemon[58317:480578] [AUTO_EXIT_CHECK] isLoading: false, isResolvingStream: false
2026-01-21 03:19:56.952 RedLemon[58317:480578] [AUTO_EXIT_CHECK] playbackFinished: false, isPlaying: true
2026-01-21 03:19:56.952 RedLemon[58317:480578] [AUTO_EXIT_CHECK] Position: 5223.764999999999s / Duration: 5406.99s
2026-01-21 03:19:56.953 RedLemon[58317:480578] [AUTO_EXIT_CHECK] Checking EOF conditions...
2026-01-21 03:19:56.953 RedLemon[58317:480578] [AUTO_EXIT_CHECK] No exit condition met - continuing to monitor...
2026-01-21 03:19:57.954 RedLemon[58317:480578] [AUTO_EXIT_CHECK] isEventPlayback: true
2026-01-21 03:19:57.954 RedLemon[58317:480578] [AUTO_EXIT_CHECK] isLoading: false, isResolvingStream: false
2026-01-21 03:19:57.954 RedLemon[58317:480578] [AUTO_EXIT_CHECK] playbackFinished: false, isPlaying: true
2026-01-21 03:19:57.954 RedLemon[58317:480578] [AUTO_EXIT_CHECK] Position: 5224.641s / Duration: 5406.99s
2026-01-21 03:19:57.954 RedLemon[58317:480578] [AUTO_EXIT_CHECK] Checking EOF conditions...
2026-01-21 03:19:57.954 RedLemon[58317:480578] [AUTO_EXIT_CHECK] No exit condition met - continuing to monitor...
2026-01-21 03:19:58.959 RedLemon[58317:480578] [AUTO_EXIT_CHECK] isEventPlayback: true
2026-01-21 03:19:58.959 RedLemon[58317:480578] [AUTO_EXIT_CHECK] isLoading: false, isResolvingStream: false
2026-01-21 03:19:58.959 RedLemon[58317:480578] [AUTO_EXIT_CHECK] playbackFinished: false, isPlaying: true
2026-01-21 03:19:58.959 RedLemon[58317:480578] [AUTO_EXIT_CHECK] Position: 5225.8099999999995s / Duration: 5406.99s
2026-01-21 03:19:58.959 RedLemon[58317:480578] [AUTO_EXIT_CHECK] Checking EOF conditions...
2026-01-21 03:19:58.959 RedLemon[58317:480578] [AUTO_EXIT_CHECK] No exit condition met - continuing to monitor...
2026-01-21 03:20:00.080 RedLemon[58317:480578] [AUTO_EXIT_CHECK] isEventPlayback: true
2026-01-21 03:20:00.080 RedLemon[58317:480578] [AUTO_EXIT_CHECK] isLoading: false, isResolvingStream: false
2026-01-21 03:20:00.080 RedLemon[58317:480578] [AUTO_EXIT_CHECK] playbackFinished: false, isPlaying: true
2026-01-21 03:20:00.080 RedLemon[58317:480578] [AUTO_EXIT_CHECK] Position: 5226.686s / Duration: 5406.99s
2026-01-21 03:20:00.080 RedLemon[58317:480578] [AUTO_EXIT_CHECK] Checking EOF conditions...
2026-01-21 03:20:00.081 RedLemon[58317:480578] [AUTO_EXIT_CHECK] No exit condition met - continuing to monitor...
2026-01-21 03:20:00.957 RedLemon[58317:480578] [AUTO_EXIT_CHECK] isEventPlayback: true
2026-01-21 03:20:00.957 RedLemon[58317:480578] [AUTO_EXIT_CHECK] isLoading: false, isResolvingStream: false
2026-01-21 03:20:00.957 RedLemon[58317:480578] [AUTO_EXIT_CHECK] playbackFinished: false, isPlaying: true
2026-01-21 03:20:00.957 RedLemon[58317:480578] [AUTO_EXIT_CHECK] Position: 5227.561s / Duration: 5406.99s
2026-01-21 03:20:00.958 RedLemon[58317:480578] [AUTO_EXIT_CHECK] Checking EOF conditions...
2026-01-21 03:20:00.958 RedLemon[58317:480578] [AUTO_EXIT_CHECK] No exit condition met - continuing to monitor...
2026-01-21 03:20:01.250 RedLemon[58317:483368] 🔐 SupabaseClient: Signing Identity Payload: '1768983601656daa91-33b4-4688-9135-c982ea52d7c9/rpc/room_heartbeat'
2026-01-21 03:20:01.251 RedLemon[58317:483368] 🔐 Signed request to /rpc/room_heartbeat
2026-01-21 03:20:01.958 RedLemon[58317:480578] [AUTO_EXIT_CHECK] isEventPlayback: true
2026-01-21 03:20:01.958 RedLemon[58317:480578] [AUTO_EXIT_CHECK] isLoading: false, isResolvingStream: false
2026-01-21 03:20:01.958 RedLemon[58317:480578] [AUTO_EXIT_CHECK] playbackFinished: false, isPlaying: true
2026-01-21 03:20:01.958 RedLemon[58317:480578] [AUTO_EXIT_CHECK] Position: 5228.728s / Duration: 5406.99s
2026-01-21 03:20:01.958 RedLemon[58317:480578] [AUTO_EXIT_CHECK] Checking EOF conditions...
2026-01-21 03:20:01.959 RedLemon[58317:480578] [AUTO_EXIT_CHECK] No exit condition met - continuing to monitor...
2026-01-21 03:20:02.958 RedLemon[58317:480578] [AUTO_EXIT_CHECK] isEventPlayback: true
2026-01-21 03:20:02.959 RedLemon[58317:480578] [AUTO_EXIT_CHECK] isLoading: false, isResolvingStream: false
2026-01-21 03:20:02.959 RedLemon[58317:480578] [AUTO_EXIT_CHECK] playbackFinished: false, isPlaying: true
2026-01-21 03:20:02.959 RedLemon[58317:480578] [AUTO_EXIT_CHECK] Position: 5229.603999999999s / Duration: 5406.99s
2026-01-21 03:20:02.959 RedLemon[58317:480578] [AUTO_EXIT_CHECK] Checking EOF conditions...
2026-01-21 03:20:02.959 RedLemon[58317:480578] [AUTO_EXIT_CHECK] No exit condition met - continuing to monitor...
2026-01-21 03:20:04.043 RedLemon[58317:480578] [AUTO_EXIT_CHECK] isEventPlayback: true
2026-01-21 03:20:04.044 RedLemon[58317:480578] [AUTO_EXIT_CHECK] isLoading: false, isResolvingStream: false
2026-01-21 03:20:04.044 RedLemon[58317:480578] [AUTO_EXIT_CHECK] playbackFinished: false, isPlaying: true
2026-01-21 03:20:04.044 RedLemon[58317:480578] [AUTO_EXIT_CHECK] Position: 5230.773s / Duration: 5406.99s
2026-01-21 03:20:04.044 RedLemon[58317:480578] [AUTO_EXIT_CHECK] Checking EOF conditions...
2026-01-21 03:20:04.044 RedLemon[58317:480578] [AUTO_EXIT_CHECK] No exit condition met - continuing to monitor...
2026-01-21 03:20:04.962 RedLemon[58317:480578] [AUTO_EXIT_CHECK] isEventPlayback: true
2026-01-21 03:20:04.962 RedLemon[58317:480578] [AUTO_EXIT_CHECK] isLoading: false, isResolvingStream: false
2026-01-21 03:20:04.963 RedLemon[58317:480578] [AUTO_EXIT_CHECK] playbackFinished: false, isPlaying: true
2026-01-21 03:20:04.963 RedLemon[58317:480578] [AUTO_EXIT_CHECK] Position: 5231.648999999999s / Duration: 5406.99s
2026-01-21 03:20:04.963 RedLemon[58317:480578] [AUTO_EXIT_CHECK] Checking EOF conditions...
2026-01-21 03:20:04.963 RedLemon[58317:480578] [AUTO_EXIT_CHECK] No exit condition met - continuing to monitor...
2026-01-21 03:20:05.961 RedLemon[58317:480578] [AUTO_EXIT_CHECK] isEventPlayback: true
2026-01-21 03:20:05.961 RedLemon[58317:480578] [AUTO_EXIT_CHECK] isLoading: false, isResolvingStream: false
2026-01-21 03:20:05.961 RedLemon[58317:480578] [AUTO_EXIT_CHECK] playbackFinished: false, isPlaying: true
2026-01-21 03:20:05.961 RedLemon[58317:480578] [AUTO_EXIT_CHECK] Position: 5232.523999999999s / Duration: 5406.99s
2026-01-21 03:20:05.961 RedLemon[58317:480578] [AUTO_EXIT_CHECK] Checking EOF conditions...
2026-01-21 03:20:05.962 RedLemon[58317:480578] [AUTO_EXIT_CHECK] No exit condition met - continuing to monitor...
2026-01-21 03:20:06.963 RedLemon[58317:480578] [AUTO_EXIT_CHECK] isEventPlayback: true
2026-01-21 03:20:06.963 RedLemon[58317:480578] [AUTO_EXIT_CHECK] isLoading: false, isResolvingStream: false
2026-01-21 03:20:06.963 RedLemon[58317:480578] [AUTO_EXIT_CHECK] playbackFinished: false, isPlaying: true
2026-01-21 03:20:06.963 RedLemon[58317:480578] [AUTO_EXIT_CHECK] Position: 5233.692s / Duration: 5406.99s
2026-01-21 03:20:06.963 RedLemon[58317:480578] [AUTO_EXIT_CHECK] Checking EOF conditions...
2026-01-21 03:20:06.964 RedLemon[58317:480578] [AUTO_EXIT_CHECK] No exit condition met - continuing to monitor...
2026-01-21 03:20:08.005 RedLemon[58317:480578] [AUTO_EXIT_CHECK] isEventPlayback: true
2026-01-21 03:20:08.005 RedLemon[58317:480578] [AUTO_EXIT_CHECK] isLoading: false, isResolvingStream: false
2026-01-21 03:20:08.005 RedLemon[58317:480578] [AUTO_EXIT_CHECK] playbackFinished: false, isPlaying: true
2026-01-21 03:20:08.005 RedLemon[58317:480578] [AUTO_EXIT_CHECK] Position: 5234.568s / Duration: 5406.99s
2026-01-21 03:20:08.005 RedLemon[58317:480578] [AUTO_EXIT_CHECK] Checking EOF conditions...
2026-01-21 03:20:08.006 RedLemon[58317:480578] [AUTO_EXIT_CHECK] No exit condition met - continuing to monitor...
2026-01-21 03:20:08.923 RedLemon[58317:480578] [AUTO_EXIT_CHECK] isEventPlayback: true
2026-01-21 03:20:08.923 RedLemon[58317:480578] [AUTO_EXIT_CHECK] isLoading: false, isResolvingStream: false
2026-01-21 03:20:08.923 RedLemon[58317:480578] [AUTO_EXIT_CHECK] playbackFinished: false, isPlaying: true
2026-01-21 03:20:08.923 RedLemon[58317:480578] [AUTO_EXIT_CHECK] Position: 5235.736s / Duration: 5406.99s
2026-01-21 03:20:08.923 RedLemon[58317:480578] [AUTO_EXIT_CHECK] Checking EOF conditions...
2026-01-21 03:20:08.923 RedLemon[58317:480578] [AUTO_EXIT_CHECK] No exit condition met - continuing to monitor...
2026-01-21 03:20:09.966 RedLemon[58317:480578] [AUTO_EXIT_CHECK] isEventPlayback: true
2026-01-21 03:20:09.966 RedLemon[58317:480578] [AUTO_EXIT_CHECK] isLoading: false, isResolvingStream: false
2026-01-21 03:20:09.966 RedLemon[58317:480578] [AUTO_EXIT_CHECK] playbackFinished: false, isPlaying: true
2026-01-21 03:20:09.966 RedLemon[58317:480578] [AUTO_EXIT_CHECK] Position: 5236.612s / Duration: 5406.99s
2026-01-21 03:20:09.967 RedLemon[58317:480578] [AUTO_EXIT_CHECK] Checking EOF conditions...
2026-01-21 03:20:09.967 RedLemon[58317:480578] [AUTO_EXIT_CHECK] No exit condition met - continuing to monitor...
2026-01-21 03:20:10.927 RedLemon[58317:480578] [AUTO_EXIT_CHECK] isEventPlayback: true
2026-01-21 03:20:10.927 RedLemon[58317:480578] [AUTO_EXIT_CHECK] isLoading: false, isResolvingStream: false
2026-01-21 03:20:10.927 RedLemon[58317:480578] [AUTO_EXIT_CHECK] playbackFinished: false, isPlaying: true
2026-01-21 03:20:10.927 RedLemon[58317:480578] [AUTO_EXIT_CHECK] Position: 5237.487s / Duration: 5406.99s
2026-01-21 03:20:10.927 RedLemon[58317:480578] [AUTO_EXIT_CHECK] Checking EOF conditions...
2026-01-21 03:20:10.927 RedLemon[58317:480578] [AUTO_EXIT_CHECK] No exit condition met - continuing to monitor...
2026-01-21 03:20:11.926 RedLemon[58317:480578] [AUTO_EXIT_CHECK] isEventPlayback: true
2026-01-21 03:20:11.926 RedLemon[58317:480578] [AUTO_EXIT_CHECK] isLoading: false, isResolvingStream: false
2026-01-21 03:20:11.926 RedLemon[58317:480578] [AUTO_EXIT_CHECK] playbackFinished: false, isPlaying: true
2026-01-21 03:20:11.926 RedLemon[58317:480578] [AUTO_EXIT_CHECK] Position: 5238.655s / Duration: 5406.99s
2026-01-21 03:20:11.926 RedLemon[58317:480578] [AUTO_EXIT_CHECK] Checking EOF conditions...
2026-01-21 03:20:11.926 RedLemon[58317:480578] [AUTO_EXIT_CHECK] No exit condition met - continuing to monitor...
2026-01-21 03:20:12.970 RedLemon[58317:480578] [AUTO_EXIT_CHECK] isEventPlayback: true
2026-01-21 03:20:12.970 RedLemon[58317:480578] [AUTO_EXIT_CHECK] isLoading: false, isResolvingStream: false
2026-01-21 03:20:12.970 RedLemon[58317:480578] [AUTO_EXIT_CHECK] playbackFinished: false, isPlaying: true
2026-01-21 03:20:12.970 RedLemon[58317:480578] [AUTO_EXIT_CHECK] Position: 5239.531s / Duration: 5406.99s
2026-01-21 03:20:12.970 RedLemon[58317:480578] [AUTO_EXIT_CHECK] Checking EOF conditions...
2026-01-21 03:20:12.971 RedLemon[58317:480578] [AUTO_EXIT_CHECK] No exit condition met - continuing to monitor...
2026-01-21 03:20:14.053 RedLemon[58317:480578] [AUTO_EXIT_CHECK] isEventPlayback: true
2026-01-21 03:20:14.053 RedLemon[58317:480578] [AUTO_EXIT_CHECK] isLoading: false, isResolvingStream: false
2026-01-21 03:20:14.053 RedLemon[58317:480578] [AUTO_EXIT_CHECK] playbackFinished: false, isPlaying: true
2026-01-21 03:20:14.053 RedLemon[58317:480578] [AUTO_EXIT_CHECK] Position: 5240.697999999999s / Duration: 5406.99s
2026-01-21 03:20:14.053 RedLemon[58317:480578] [AUTO_EXIT_CHECK] Checking EOF conditions...
2026-01-21 03:20:14.053 RedLemon[58317:480578] [AUTO_EXIT_CHECK] No exit condition met - continuing to monitor...
2026-01-21 03:20:14.930 RedLemon[58317:480578] [AUTO_EXIT_CHECK] isEventPlayback: true
2026-01-21 03:20:14.930 RedLemon[58317:480578] [AUTO_EXIT_CHECK] isLoading: false, isResolvingStream: false
2026-01-21 03:20:14.930 RedLemon[58317:480578] [AUTO_EXIT_CHECK] playbackFinished: false, isPlaying: true
2026-01-21 03:20:14.930 RedLemon[58317:480578] [AUTO_EXIT_CHECK] Position: 5241.574s / Duration: 5406.99s
2026-01-21 03:20:14.930 RedLemon[58317:480578] [AUTO_EXIT_CHECK] Checking EOF conditions...
2026-01-21 03:20:14.930 RedLemon[58317:480578] [AUTO_EXIT_CHECK] No exit condition met - continuing to monitor...
2026-01-21 03:20:15.934 RedLemon[58317:480578] [AUTO_EXIT_CHECK] isEventPlayback: true
2026-01-21 03:20:15.934 RedLemon[58317:480578] [AUTO_EXIT_CHECK] isLoading: false, isResolvingStream: false
2026-01-21 03:20:15.934 RedLemon[58317:480578] [AUTO_EXIT_CHECK] playbackFinished: false, isPlaying: true
2026-01-21 03:20:15.934 RedLemon[58317:480578] [AUTO_EXIT_CHECK] Position: 5242.7429999999995s / Duration: 5406.99s
2026-01-21 03:20:15.935 RedLemon[58317:480578] [AUTO_EXIT_CHECK] Checking EOF conditions...
2026-01-21 03:20:15.935 RedLemon[58317:480578] [AUTO_EXIT_CHECK] No exit condition met - continuing to monitor...
2026-01-21 03:20:16.932 RedLemon[58317:480578] [AUTO_EXIT_CHECK] isEventPlayback: true
2026-01-21 03:20:16.932 RedLemon[58317:480578] [AUTO_EXIT_CHECK] isLoading: false, isResolvingStream: false
2026-01-21 03:20:16.932 RedLemon[58317:480578] [AUTO_EXIT_CHECK] playbackFinished: false, isPlaying: true
2026-01-21 03:20:16.933 RedLemon[58317:480578] [AUTO_EXIT_CHECK] Position: 5243.6179999999995s / Duration: 5406.99s
2026-01-21 03:20:16.933 RedLemon[58317:480578] [AUTO_EXIT_CHECK] Checking EOF conditions...
2026-01-21 03:20:16.933 RedLemon[58317:480578] [AUTO_EXIT_CHECK] No exit condition met - continuing to monitor...
2026-01-21 03:20:17.977 RedLemon[58317:480578] [AUTO_EXIT_CHECK] isEventPlayback: true
2026-01-21 03:20:17.977 RedLemon[58317:480578] [AUTO_EXIT_CHECK] isLoading: false, isResolvingStream: false
2026-01-21 03:20:17.977 RedLemon[58317:480578] [AUTO_EXIT_CHECK] playbackFinished: false, isPlaying: true
2026-01-21 03:20:17.977 RedLemon[58317:480578] [AUTO_EXIT_CHECK] Position: 5244.786s / Duration: 5406.99s
2026-01-21 03:20:17.978 RedLemon[58317:480578] [AUTO_EXIT_CHECK] Checking EOF conditions...
2026-01-21 03:20:17.978 RedLemon[58317:480578] [AUTO_EXIT_CHECK] No exit condition met - continuing to monitor...
2026-01-21 03:20:18.934 RedLemon[58317:480578] [AUTO_EXIT_CHECK] isEventPlayback: true
2026-01-21 03:20:18.934 RedLemon[58317:480578] [AUTO_EXIT_CHECK] isLoading: false, isResolvingStream: false
2026-01-21 03:20:18.934 RedLemon[58317:480578] [AUTO_EXIT_CHECK] playbackFinished: false, isPlaying: true
2026-01-21 03:20:18.934 RedLemon[58317:480578] [AUTO_EXIT_CHECK] Position: 5245.661999999999s / Duration: 5406.99s
2026-01-21 03:20:18.935 RedLemon[58317:480578] [AUTO_EXIT_CHECK] Checking EOF conditions...
2026-01-21 03:20:18.935 RedLemon[58317:480578] [AUTO_EXIT_CHECK] No exit condition met - continuing to monitor...
2026-01-21 03:20:19.937 RedLemon[58317:480578] [AUTO_EXIT_CHECK] isEventPlayback: true
2026-01-21 03:20:19.937 RedLemon[58317:480578] [AUTO_EXIT_CHECK] isLoading: false, isResolvingStream: false
2026-01-21 03:20:19.937 RedLemon[58317:480578] [AUTO_EXIT_CHECK] playbackFinished: false, isPlaying: true
2026-01-21 03:20:19.937 RedLemon[58317:480578] [AUTO_EXIT_CHECK] Position: 5246.539s / Duration: 5406.99s
2026-01-21 03:20:19.937 RedLemon[58317:480578] [AUTO_EXIT_CHECK] Checking EOF conditions...
2026-01-21 03:20:19.937 RedLemon[58317:480578] [AUTO_EXIT_CHECK] No exit condition met - continuing to monitor...
2026-01-21 03:20:20.937 RedLemon[58317:480578] [AUTO_EXIT_CHECK] isEventPlayback: true
2026-01-21 03:20:20.937 RedLemon[58317:480578] [AUTO_EXIT_CHECK] isLoading: false, isResolvingStream: false
2026-01-21 03:20:20.937 RedLemon[58317:480578] [AUTO_EXIT_CHECK] playbackFinished: false, isPlaying: true
2026-01-21 03:20:20.937 RedLemon[58317:480578] [AUTO_EXIT_CHECK] Position: 5247.706s / Duration: 5406.99s
2026-01-21 03:20:20.937 RedLemon[58317:480578] [AUTO_EXIT_CHECK] Checking EOF conditions...
2026-01-21 03:20:20.938 RedLemon[58317:480578] [AUTO_EXIT_CHECK] No exit condition met - continuing to monitor...
2026-01-21 03:20:21.936 RedLemon[58317:480578] [AUTO_EXIT_CHECK] isEventPlayback: true
2026-01-21 03:20:21.937 RedLemon[58317:480578] [AUTO_EXIT_CHECK] isLoading: false, isResolvingStream: false
2026-01-21 03:20:21.937 RedLemon[58317:480578] [AUTO_EXIT_CHECK] playbackFinished: false, isPlaying: true
2026-01-21 03:20:21.938 RedLemon[58317:480578] [AUTO_EXIT_CHECK] Position: 5248.581999999999s / Duration: 5406.99s
2026-01-21 03:20:21.938 RedLemon[58317:480578] [AUTO_EXIT_CHECK] Checking EOF conditions...
2026-01-21 03:20:21.939 RedLemon[58317:480578] [AUTO_EXIT_CHECK] No exit condition met - continuing to monitor...
2026-01-21 03:20:23.063 RedLemon[58317:480578] [AUTO_EXIT_CHECK] isEventPlayback: true
2026-01-21 03:20:23.063 RedLemon[58317:480578] [AUTO_EXIT_CHECK] isLoading: false, isResolvingStream: false
2026-01-21 03:20:23.063 RedLemon[58317:480578] [AUTO_EXIT_CHECK] playbackFinished: false, isPlaying: true
2026-01-21 03:20:23.063 RedLemon[58317:480578] [AUTO_EXIT_CHECK] Position: 5249.75s / Duration: 5406.99s
2026-01-21 03:20:23.063 RedLemon[58317:480578] [AUTO_EXIT_CHECK] Checking EOF conditions...
2026-01-21 03:20:23.063 RedLemon[58317:480578] [AUTO_EXIT_CHECK] No exit condition met - continuing to monitor...
2026-01-21 03:20:23.938 RedLemon[58317:480578] [AUTO_EXIT_CHECK] isEventPlayback: true
2026-01-21 03:20:23.938 RedLemon[58317:480578] [AUTO_EXIT_CHECK] isLoading: false, isResolvingStream: false
2026-01-21 03:20:23.938 RedLemon[58317:480578] [AUTO_EXIT_CHECK] playbackFinished: false, isPlaying: true
2026-01-21 03:20:23.938 RedLemon[58317:480578] [AUTO_EXIT_CHECK] Position: 5250.626s / Duration: 5406.99s
2026-01-21 03:20:23.938 RedLemon[58317:480578] [AUTO_EXIT_CHECK] Checking EOF conditions...
2026-01-21 03:20:23.938 RedLemon[58317:480578] [AUTO_EXIT_CHECK] No exit condition met - continuing to monitor...
2026-01-21 03:20:24.941 RedLemon[58317:480578] [AUTO_EXIT_CHECK] isEventPlayback: true
2026-01-21 03:20:24.942 RedLemon[58317:480578] [AUTO_EXIT_CHECK] isLoading: false, isResolvingStream: false
2026-01-21 03:20:24.942 RedLemon[58317:480578] [AUTO_EXIT_CHECK] playbackFinished: false, isPlaying: true
2026-01-21 03:20:24.942 RedLemon[58317:480578] [AUTO_EXIT_CHECK] Position: 5251.501s / Duration: 5406.99s
2026-01-21 03:20:24.942 RedLemon[58317:480578] [AUTO_EXIT_CHECK] Checking EOF conditions...
2026-01-21 03:20:24.942 RedLemon[58317:480578] [AUTO_EXIT_CHECK] No exit condition met - continuing to monitor...
2026-01-21 03:20:25.941 RedLemon[58317:480578] [AUTO_EXIT_CHECK] isEventPlayback: true
2026-01-21 03:20:25.942 RedLemon[58317:480578] [AUTO_EXIT_CHECK] isLoading: false, isResolvingStream: false
2026-01-21 03:20:25.942 RedLemon[58317:480578] [AUTO_EXIT_CHECK] playbackFinished: false, isPlaying: true
2026-01-21 03:20:25.942 RedLemon[58317:480578] [AUTO_EXIT_CHECK] Position: 5252.669s / Duration: 5406.99s
2026-01-21 03:20:25.942 RedLemon[58317:480578] [AUTO_EXIT_CHECK] Checking EOF conditions...
2026-01-21 03:20:25.942 RedLemon[58317:480578] [AUTO_EXIT_CHECK] No exit condition met - continuing to monitor...
2026-01-21 03:20:27.024 RedLemon[58317:480578] [AUTO_EXIT_CHECK] isEventPlayback: true
2026-01-21 03:20:27.024 RedLemon[58317:480578] [AUTO_EXIT_CHECK] isLoading: false, isResolvingStream: false
2026-01-21 03:20:27.024 RedLemon[58317:480578] [AUTO_EXIT_CHECK] playbackFinished: false, isPlaying: true
2026-01-21 03:20:27.024 RedLemon[58317:480578] [AUTO_EXIT_CHECK] Position: 5253.8369999999995s / Duration: 5406.99s
2026-01-21 03:20:27.025 RedLemon[58317:480578] [AUTO_EXIT_CHECK] Checking EOF conditions...
2026-01-21 03:20:27.025 RedLemon[58317:480578] [AUTO_EXIT_CHECK] No exit condition met - continuing to monitor...
2026-01-21 03:20:27.985 RedLemon[58317:480578] [AUTO_EXIT_CHECK] isEventPlayback: true
2026-01-21 03:20:27.985 RedLemon[58317:480578] [AUTO_EXIT_CHECK] isLoading: false, isResolvingStream: false
2026-01-21 03:20:27.985 RedLemon[58317:480578] [AUTO_EXIT_CHECK] playbackFinished: false, isPlaying: true
2026-01-21 03:20:27.985 RedLemon[58317:480578] [AUTO_EXIT_CHECK] Position: 5254.713s / Duration: 5406.99s
2026-01-21 03:20:27.986 RedLemon[58317:480578] [AUTO_EXIT_CHECK] Checking EOF conditions...
2026-01-21 03:20:27.986 RedLemon[58317:480578] [AUTO_EXIT_CHECK] No exit condition met - continuing to monitor...
2026-01-21 03:20:28.943 RedLemon[58317:480578] [AUTO_EXIT_CHECK] isEventPlayback: true
2026-01-21 03:20:28.943 RedLemon[58317:480578] [AUTO_EXIT_CHECK] isLoading: false, isResolvingStream: false
2026-01-21 03:20:28.943 RedLemon[58317:480578] [AUTO_EXIT_CHECK] playbackFinished: false, isPlaying: true
2026-01-21 03:20:28.943 RedLemon[58317:480578] [AUTO_EXIT_CHECK] Position: 5255.589s / Duration: 5406.99s
2026-01-21 03:20:28.944 RedLemon[58317:480578] [AUTO_EXIT_CHECK] Checking EOF conditions...
2026-01-21 03:20:28.944 RedLemon[58317:480578] [AUTO_EXIT_CHECK] No exit condition met - continuing to monitor...
2026-01-21 03:20:29.947 RedLemon[58317:480578] [AUTO_EXIT_CHECK] isEventPlayback: true
2026-01-21 03:20:29.947 RedLemon[58317:480578] [AUTO_EXIT_CHECK] isLoading: false, isResolvingStream: false
2026-01-21 03:20:29.947 RedLemon[58317:480578] [AUTO_EXIT_CHECK] playbackFinished: false, isPlaying: true
2026-01-21 03:20:29.947 RedLemon[58317:480578] [AUTO_EXIT_CHECK] Position: 5256.757s / Duration: 5406.99s
2026-01-21 03:20:29.948 RedLemon[58317:480578] [AUTO_EXIT_CHECK] Checking EOF conditions...
2026-01-21 03:20:29.948 RedLemon[58317:480578] [AUTO_EXIT_CHECK] No exit condition met - continuing to monitor...
2026-01-21 03:20:30.946 RedLemon[58317:480578] [AUTO_EXIT_CHECK] isEventPlayback: true
2026-01-21 03:20:30.946 RedLemon[58317:480578] [AUTO_EXIT_CHECK] isLoading: false, isResolvingStream: false
2026-01-21 03:20:30.946 RedLemon[58317:480578] [AUTO_EXIT_CHECK] playbackFinished: false, isPlaying: true
2026-01-21 03:20:30.946 RedLemon[58317:480578] [AUTO_EXIT_CHECK] Position: 5257.633s / Duration: 5406.99s
2026-01-21 03:20:30.946 RedLemon[58317:480578] [AUTO_EXIT_CHECK] Checking EOF conditions...
2026-01-21 03:20:30.947 RedLemon[58317:480578] [AUTO_EXIT_CHECK] No exit condition met - continuing to monitor...
2026-01-21 03:20:31.531 RedLemon[58317:485009] 🔐 SupabaseClient: Signing Identity Payload: '1768983631656daa91-33b4-4688-9135-c982ea52d7c9/rpc/room_heartbeat'
2026-01-21 03:20:31.532 RedLemon[58317:485009] 🔐 Signed request to /rpc/room_heartbeat
2026-01-21 03:20:31.991 RedLemon[58317:480578] [AUTO_EXIT_CHECK] isEventPlayback: true
2026-01-21 03:20:31.991 RedLemon[58317:480578] [AUTO_EXIT_CHECK] isLoading: false, isResolvingStream: false
2026-01-21 03:20:31.991 RedLemon[58317:480578] [AUTO_EXIT_CHECK] playbackFinished: false, isPlaying: true
2026-01-21 03:20:31.991 RedLemon[58317:480578] [AUTO_EXIT_CHECK] Position: 5258.8009999999995s / Duration: 5406.99s
2026-01-21 03:20:31.992 RedLemon[58317:480578] [AUTO_EXIT_CHECK] Checking EOF conditions...
2026-01-21 03:20:31.992 RedLemon[58317:480578] [AUTO_EXIT_CHECK] No exit condition met - continuing to monitor...
2026-01-21 03:20:32.948 RedLemon[58317:480578] [AUTO_EXIT_CHECK] isEventPlayback: true
2026-01-21 03:20:32.949 RedLemon[58317:480578] [AUTO_EXIT_CHECK] isLoading: false, isResolvingStream: false
2026-01-21 03:20:32.950 RedLemon[58317:480578] [AUTO_EXIT_CHECK] playbackFinished: false, isPlaying: true
2026-01-21 03:20:32.950 RedLemon[58317:480578] [AUTO_EXIT_CHECK] Position: 5259.6759999999995s / Duration: 5406.99s
2026-01-21 03:20:32.950 RedLemon[58317:480578] [AUTO_EXIT_CHECK] Checking EOF conditions...
2026-01-21 03:20:32.950 RedLemon[58317:480578] [AUTO_EXIT_CHECK] No exit condition met - continuing to monitor...
2026-01-21 03:20:33.948 RedLemon[58317:480578] [AUTO_EXIT_CHECK] isEventPlayback: true
2026-01-21 03:20:33.948 RedLemon[58317:480578] [AUTO_EXIT_CHECK] isLoading: false, isResolvingStream: false
2026-01-21 03:20:33.948 RedLemon[58317:480578] [AUTO_EXIT_CHECK] playbackFinished: false, isPlaying: true
2026-01-21 03:20:33.948 RedLemon[58317:480578] [AUTO_EXIT_CHECK] Position: 5260.553s / Duration: 5406.99s
2026-01-21 03:20:33.949 RedLemon[58317:480578] [AUTO_EXIT_CHECK] Checking EOF conditions...
2026-01-21 03:20:33.949 RedLemon[58317:480578] [AUTO_EXIT_CHECK] No exit condition met - continuing to monitor...
2026-01-21 03:20:34.952 RedLemon[58317:480578] [AUTO_EXIT_CHECK] isEventPlayback: true
2026-01-21 03:20:34.952 RedLemon[58317:480578] [AUTO_EXIT_CHECK] isLoading: false, isResolvingStream: false
2026-01-21 03:20:34.952 RedLemon[58317:480578] [AUTO_EXIT_CHECK] playbackFinished: false, isPlaying: true
2026-01-21 03:20:34.952 RedLemon[58317:480578] [AUTO_EXIT_CHECK] Position: 5261.721s / Duration: 5406.99s
2026-01-21 03:20:34.953 RedLemon[58317:480578] [AUTO_EXIT_CHECK] Checking EOF conditions...
2026-01-21 03:20:34.953 RedLemon[58317:480578] [AUTO_EXIT_CHECK] No exit condition met - continuing to monitor...
2026-01-21 03:20:35.996 RedLemon[58317:480578] [AUTO_EXIT_CHECK] isEventPlayback: true
2026-01-21 03:20:35.996 RedLemon[58317:480578] [AUTO_EXIT_CHECK] isLoading: false, isResolvingStream: false
2026-01-21 03:20:35.996 RedLemon[58317:480578] [AUTO_EXIT_CHECK] playbackFinished: false, isPlaying: true
2026-01-21 03:20:35.996 RedLemon[58317:480578] [AUTO_EXIT_CHECK] Position: 5262.596s / Duration: 5406.99s
2026-01-21 03:20:35.997 RedLemon[58317:480578] [AUTO_EXIT_CHECK] Checking EOF conditions...
2026-01-21 03:20:35.997 RedLemon[58317:480578] [AUTO_EXIT_CHECK] No exit condition met - continuing to monitor...
2026-01-21 03:20:36.996 RedLemon[58317:480578] [AUTO_EXIT_CHECK] isEventPlayback: true
2026-01-21 03:20:36.997 RedLemon[58317:480578] [AUTO_EXIT_CHECK] isLoading: false, isResolvingStream: false
2026-01-21 03:20:36.997 RedLemon[58317:480578] [AUTO_EXIT_CHECK] playbackFinished: false, isPlaying: true
2026-01-21 03:20:36.997 RedLemon[58317:480578] [AUTO_EXIT_CHECK] Position: 5263.763s / Duration: 5406.99s
2026-01-21 03:20:36.997 RedLemon[58317:480578] [AUTO_EXIT_CHECK] Checking EOF conditions...
2026-01-21 03:20:36.998 RedLemon[58317:480578] [AUTO_EXIT_CHECK] No exit condition met - continuing to monitor...
2026-01-21 03:20:37.952 RedLemon[58317:480578] [AUTO_EXIT_CHECK] isEventPlayback: true
2026-01-21 03:20:37.952 RedLemon[58317:480578] [AUTO_EXIT_CHECK] isLoading: false, isResolvingStream: false
2026-01-21 03:20:37.952 RedLemon[58317:480578] [AUTO_EXIT_CHECK] playbackFinished: false, isPlaying: true
2026-01-21 03:20:37.952 RedLemon[58317:480578] [AUTO_EXIT_CHECK] Position: 5264.639s / Duration: 5406.99s
2026-01-21 03:20:37.952 RedLemon[58317:480578] [AUTO_EXIT_CHECK] Checking EOF conditions...
2026-01-21 03:20:37.952 RedLemon[58317:480578] [AUTO_EXIT_CHECK] No exit condition met - continuing to monitor...
2026-01-21 03:20:38.954 RedLemon[58317:480578] [AUTO_EXIT_CHECK] isEventPlayback: true
2026-01-21 03:20:38.954 RedLemon[58317:480578] [AUTO_EXIT_CHECK] isLoading: false, isResolvingStream: false
2026-01-21 03:20:38.954 RedLemon[58317:480578] [AUTO_EXIT_CHECK] playbackFinished: false, isPlaying: true
2026-01-21 03:20:38.955 RedLemon[58317:480578] [AUTO_EXIT_CHECK] Position: 5265.516s / Duration: 5406.99s
2026-01-21 03:20:38.955 RedLemon[58317:480578] [AUTO_EXIT_CHECK] Checking EOF conditions...
2026-01-21 03:20:38.955 RedLemon[58317:480578] [AUTO_EXIT_CHECK] No exit condition met - continuing to monitor...
2026-01-21 03:20:39.955 RedLemon[58317:480578] [AUTO_EXIT_CHECK] isEventPlayback: true
2026-01-21 03:20:39.955 RedLemon[58317:480578] [AUTO_EXIT_CHECK] isLoading: false, isResolvingStream: false
2026-01-21 03:20:39.955 RedLemon[58317:480578] [AUTO_EXIT_CHECK] playbackFinished: false, isPlaying: true
2026-01-21 03:20:39.956 RedLemon[58317:480578] [AUTO_EXIT_CHECK] Position: 5266.683s / Duration: 5406.99s
2026-01-21 03:20:39.956 RedLemon[58317:480578] [AUTO_EXIT_CHECK] Checking EOF conditions...
2026-01-21 03:20:39.956 RedLemon[58317:480578] [AUTO_EXIT_CHECK] No exit condition met - continuing to monitor...
2026-01-21 03:20:40.969 RedLemon[58317:480578] [AUTO_EXIT_CHECK] isEventPlayback: true
2026-01-21 03:20:40.969 RedLemon[58317:480578] [AUTO_EXIT_CHECK] isLoading: false, isResolvingStream: false
2026-01-21 03:20:40.969 RedLemon[58317:480578] [AUTO_EXIT_CHECK] playbackFinished: false, isPlaying: true
2026-01-21 03:20:40.969 RedLemon[58317:480578] [AUTO_EXIT_CHECK] Position: 5267.559s / Duration: 5406.99s
2026-01-21 03:20:40.969 RedLemon[58317:480578] [AUTO_EXIT_CHECK] Checking EOF conditions...
2026-01-21 03:20:40.969 RedLemon[58317:480578] [AUTO_EXIT_CHECK] No exit condition met - continuing to monitor...
2026-01-21 03:20:41.998 RedLemon[58317:480578] [AUTO_EXIT_CHECK] isEventPlayback: true
2026-01-21 03:20:41.998 RedLemon[58317:480578] [AUTO_EXIT_CHECK] isLoading: false, isResolvingStream: false
2026-01-21 03:20:41.998 RedLemon[58317:480578] [AUTO_EXIT_CHECK] playbackFinished: false, isPlaying: true
2026-01-21 03:20:41.999 RedLemon[58317:480578] [AUTO_EXIT_CHECK] Position: 5268.727s / Duration: 5406.99s
2026-01-21 03:20:41.999 RedLemon[58317:480578] [AUTO_EXIT_CHECK] Checking EOF conditions...
2026-01-21 03:20:41.999 RedLemon[58317:480578] [AUTO_EXIT_CHECK] No exit condition met - continuing to monitor...
2026-01-21 03:20:42.957 RedLemon[58317:480578] [AUTO_EXIT_CHECK] isEventPlayback: true
2026-01-21 03:20:42.957 RedLemon[58317:480578] [AUTO_EXIT_CHECK] isLoading: false, isResolvingStream: false
2026-01-21 03:20:42.957 RedLemon[58317:480578] [AUTO_EXIT_CHECK] playbackFinished: false, isPlaying: true
2026-01-21 03:20:42.957 RedLemon[58317:480578] [AUTO_EXIT_CHECK] Position: 5269.603s / Duration: 5406.99s
2026-01-21 03:20:42.958 RedLemon[58317:480578] [AUTO_EXIT_CHECK] Checking EOF conditions...
2026-01-21 03:20:42.958 RedLemon[58317:480578] [AUTO_EXIT_CHECK] No exit condition met - continuing to monitor...
2026-01-21 03:20:43.961 RedLemon[58317:480578] [AUTO_EXIT_CHECK] isEventPlayback: true
2026-01-21 03:20:43.961 RedLemon[58317:480578] [AUTO_EXIT_CHECK] isLoading: false, isResolvingStream: false
2026-01-21 03:20:43.961 RedLemon[58317:480578] [AUTO_EXIT_CHECK] playbackFinished: false, isPlaying: true
2026-01-21 03:20:43.961 RedLemon[58317:480578] [AUTO_EXIT_CHECK] Position: 5270.771s / Duration: 5406.99s
2026-01-21 03:20:43.961 RedLemon[58317:480578] [AUTO_EXIT_CHECK] Checking EOF conditions...
2026-01-21 03:20:43.961 RedLemon[58317:480578] [AUTO_EXIT_CHECK] No exit condition met - continuing to monitor...
2026-01-21 03:20:45.002 RedLemon[58317:480578] [AUTO_EXIT_CHECK] isEventPlayback: true
2026-01-21 03:20:45.003 RedLemon[58317:480578] [AUTO_EXIT_CHECK] isLoading: false, isResolvingStream: false
2026-01-21 03:20:45.003 RedLemon[58317:480578] [AUTO_EXIT_CHECK] playbackFinished: false, isPlaying: true
2026-01-21 03:20:45.003 RedLemon[58317:480578] [AUTO_EXIT_CHECK] Position: 5271.647s / Duration: 5406.99s
2026-01-21 03:20:45.003 RedLemon[58317:480578] [AUTO_EXIT_CHECK] Checking EOF conditions...
2026-01-21 03:20:45.003 RedLemon[58317:480578] [AUTO_EXIT_CHECK] No exit condition met - continuing to monitor...
2026-01-21 03:20:45.961 RedLemon[58317:480578] [AUTO_EXIT_CHECK] isEventPlayback: true
2026-01-21 03:20:45.961 RedLemon[58317:480578] [AUTO_EXIT_CHECK] isLoading: false, isResolvingStream: false
2026-01-21 03:20:45.961 RedLemon[58317:480578] [AUTO_EXIT_CHECK] playbackFinished: false, isPlaying: true
2026-01-21 03:20:45.961 RedLemon[58317:480578] [AUTO_EXIT_CHECK] Position: 5272.523s / Duration: 5406.99s
2026-01-21 03:20:45.961 RedLemon[58317:480578] [AUTO_EXIT_CHECK] Checking EOF conditions...
2026-01-21 03:20:45.961 RedLemon[58317:480578] [AUTO_EXIT_CHECK] No exit condition met - continuing to monitor...
2026-01-21 03:20:46.961 RedLemon[58317:480578] [AUTO_EXIT_CHECK] isEventPlayback: true
2026-01-21 03:20:46.962 RedLemon[58317:480578] [AUTO_EXIT_CHECK] isLoading: false, isResolvingStream: false
2026-01-21 03:20:46.962 RedLemon[58317:480578] [AUTO_EXIT_CHECK] playbackFinished: false, isPlaying: true
2026-01-21 03:20:46.962 RedLemon[58317:480578] [AUTO_EXIT_CHECK] Position: 5273.69s / Duration: 5406.99s
2026-01-21 03:20:46.962 RedLemon[58317:480578] [AUTO_EXIT_CHECK] Checking EOF conditions...
2026-01-21 03:20:46.963 RedLemon[58317:480578] [AUTO_EXIT_CHECK] No exit condition met - continuing to monitor...
2026-01-21 03:20:47.965 RedLemon[58317:480578] [AUTO_EXIT_CHECK] isEventPlayback: true
2026-01-21 03:20:47.965 RedLemon[58317:480578] [AUTO_EXIT_CHECK] isLoading: false, isResolvingStream: false
2026-01-21 03:20:47.965 RedLemon[58317:480578] [AUTO_EXIT_CHECK] playbackFinished: false, isPlaying: true
2026-01-21 03:20:47.965 RedLemon[58317:480578] [AUTO_EXIT_CHECK] Position: 5274.566s / Duration: 5406.99s
2026-01-21 03:20:47.965 RedLemon[58317:480578] [AUTO_EXIT_CHECK] Checking EOF conditions...
2026-01-21 03:20:47.966 RedLemon[58317:480578] [AUTO_EXIT_CHECK] No exit condition met - continuing to monitor...
2026-01-21 03:20:48.964 RedLemon[58317:480578] [AUTO_EXIT_CHECK] isEventPlayback: true
2026-01-21 03:20:48.964 RedLemon[58317:480578] [AUTO_EXIT_CHECK] isLoading: false, isResolvingStream: false
2026-01-21 03:20:48.965 RedLemon[58317:480578] [AUTO_EXIT_CHECK] playbackFinished: false, isPlaying: true
2026-01-21 03:20:48.965 RedLemon[58317:480578] [AUTO_EXIT_CHECK] Position: 5275.7339999999995s / Duration: 5406.99s
2026-01-21 03:20:48.965 RedLemon[58317:480578] [AUTO_EXIT_CHECK] Checking EOF conditions...
2026-01-21 03:20:48.966 RedLemon[58317:480578] [AUTO_EXIT_CHECK] No exit condition met - continuing to monitor...
2026-01-21 03:20:50.007 RedLemon[58317:480578] [AUTO_EXIT_CHECK] isEventPlayback: true
2026-01-21 03:20:50.007 RedLemon[58317:480578] [AUTO_EXIT_CHECK] isLoading: false, isResolvingStream: false
2026-01-21 03:20:50.007 RedLemon[58317:480578] [AUTO_EXIT_CHECK] playbackFinished: false, isPlaying: true
2026-01-21 03:20:50.007 RedLemon[58317:480578] [AUTO_EXIT_CHECK] Position: 5276.6089999999995s / Duration: 5406.99s
2026-01-21 03:20:50.007 RedLemon[58317:480578] [AUTO_EXIT_CHECK] Checking EOF conditions...
2026-01-21 03:20:50.007 RedLemon[58317:480578] [AUTO_EXIT_CHECK] No exit condition met - continuing to monitor...
2026-01-21 03:20:50.966 RedLemon[58317:480578] [AUTO_EXIT_CHECK] isEventPlayback: true
2026-01-21 03:20:50.967 RedLemon[58317:480578] [AUTO_EXIT_CHECK] isLoading: false, isResolvingStream: false
2026-01-21 03:20:50.967 RedLemon[58317:480578] [AUTO_EXIT_CHECK] playbackFinished: false, isPlaying: true
2026-01-21 03:20:50.967 RedLemon[58317:480578] [AUTO_EXIT_CHECK] Position: 5277.777999999999s / Duration: 5406.99s
2026-01-21 03:20:50.967 RedLemon[58317:480578] [AUTO_EXIT_CHECK] Checking EOF conditions...
2026-01-21 03:20:50.967 RedLemon[58317:480578] [AUTO_EXIT_CHECK] No exit condition met - continuing to monitor...
2026-01-21 03:20:51.925 RedLemon[58317:480578] [AUTO_EXIT_CHECK] isEventPlayback: true
2026-01-21 03:20:51.925 RedLemon[58317:480578] [AUTO_EXIT_CHECK] isLoading: false, isResolvingStream: false
2026-01-21 03:20:51.925 RedLemon[58317:480578] [AUTO_EXIT_CHECK] playbackFinished: false, isPlaying: true
2026-01-21 03:20:51.925 RedLemon[58317:480578] [AUTO_EXIT_CHECK] Position: 5278.6539999999995s / Duration: 5406.99s
2026-01-21 03:20:51.926 RedLemon[58317:480578] [AUTO_EXIT_CHECK] Checking EOF conditions...
2026-01-21 03:20:51.926 RedLemon[58317:480578] [AUTO_EXIT_CHECK] No exit condition met - continuing to monitor...
2026-01-21 03:20:52.926 RedLemon[58317:480578] [AUTO_EXIT_CHECK] isEventPlayback: true
2026-01-21 03:20:52.926 RedLemon[58317:480578] [AUTO_EXIT_CHECK] isLoading: false, isResolvingStream: false
2026-01-21 03:20:52.927 RedLemon[58317:480578] [AUTO_EXIT_CHECK] playbackFinished: false, isPlaying: true
2026-01-21 03:20:52.927 RedLemon[58317:480578] [AUTO_EXIT_CHECK] Position: 5279.5289999999995s / Duration: 5406.99s
2026-01-21 03:20:52.927 RedLemon[58317:480578] [AUTO_EXIT_CHECK] Checking EOF conditions...
2026-01-21 03:20:52.927 RedLemon[58317:480578] [AUTO_EXIT_CHECK] No exit condition met - continuing to monitor...
2026-01-21 03:20:53.927 RedLemon[58317:480578] [AUTO_EXIT_CHECK] isEventPlayback: true
2026-01-21 03:20:53.927 RedLemon[58317:480578] [AUTO_EXIT_CHECK] isLoading: false, isResolvingStream: false
2026-01-21 03:20:53.927 RedLemon[58317:480578] [AUTO_EXIT_CHECK] playbackFinished: false, isPlaying: true
2026-01-21 03:20:53.927 RedLemon[58317:480578] [AUTO_EXIT_CHECK] Position: 5280.697s / Duration: 5406.99s
2026-01-21 03:20:53.927 RedLemon[58317:480578] [AUTO_EXIT_CHECK] Checking EOF conditions...
2026-01-21 03:20:53.928 RedLemon[58317:480578] [AUTO_EXIT_CHECK] No exit condition met - continuing to monitor...
2026-01-21 03:20:55.013 RedLemon[58317:480578] [AUTO_EXIT_CHECK] isEventPlayback: true
2026-01-21 03:20:55.013 RedLemon[58317:480578] [AUTO_EXIT_CHECK] isLoading: false, isResolvingStream: false
2026-01-21 03:20:55.013 RedLemon[58317:480578] [AUTO_EXIT_CHECK] playbackFinished: false, isPlaying: true
2026-01-21 03:20:55.013 RedLemon[58317:480578] [AUTO_EXIT_CHECK] Position: 5281.572999999999s / Duration: 5406.99s
2026-01-21 03:20:55.014 RedLemon[58317:480578] [AUTO_EXIT_CHECK] Checking EOF conditions...
2026-01-21 03:20:55.014 RedLemon[58317:480578] [AUTO_EXIT_CHECK] No exit condition met - continuing to monitor...
2026-01-21 03:20:56.055 RedLemon[58317:480578] [AUTO_EXIT_CHECK] isEventPlayback: true
2026-01-21 03:20:56.055 RedLemon[58317:480578] [AUTO_EXIT_CHECK] isLoading: false, isResolvingStream: false
2026-01-21 03:20:56.055 RedLemon[58317:480578] [AUTO_EXIT_CHECK] playbackFinished: false, isPlaying: true
2026-01-21 03:20:56.055 RedLemon[58317:480578] [AUTO_EXIT_CHECK] Position: 5282.741s / Duration: 5406.99s
2026-01-21 03:20:56.056 RedLemon[58317:480578] [AUTO_EXIT_CHECK] Checking EOF conditions...
2026-01-21 03:20:56.056 RedLemon[58317:480578] [AUTO_EXIT_CHECK] No exit condition met - continuing to monitor...
2026-01-21 03:20:56.930 RedLemon[58317:480578] [AUTO_EXIT_CHECK] isEventPlayback: true
2026-01-21 03:20:56.930 RedLemon[58317:480578] [AUTO_EXIT_CHECK] isLoading: false, isResolvingStream: false
2026-01-21 03:20:56.930 RedLemon[58317:480578] [AUTO_EXIT_CHECK] playbackFinished: false, isPlaying: true
2026-01-21 03:20:56.931 RedLemon[58317:480578] [AUTO_EXIT_CHECK] Position: 5283.617s / Duration: 5406.99s
2026-01-21 03:20:56.931 RedLemon[58317:480578] [AUTO_EXIT_CHECK] Checking EOF conditions...
2026-01-21 03:20:56.931 RedLemon[58317:480578] [AUTO_EXIT_CHECK] No exit condition met - continuing to monitor...
2026-01-21 03:20:57.932 RedLemon[58317:480578] [AUTO_EXIT_CHECK] isEventPlayback: true
2026-01-21 03:20:57.933 RedLemon[58317:480578] [AUTO_EXIT_CHECK] isLoading: false, isResolvingStream: false
2026-01-21 03:20:57.933 RedLemon[58317:480578] [AUTO_EXIT_CHECK] playbackFinished: false, isPlaying: true
2026-01-21 03:20:57.933 RedLemon[58317:480578] [AUTO_EXIT_CHECK] Position: 5284.4929999999995s / Duration: 5406.99s
2026-01-21 03:20:57.934 RedLemon[58317:480578] [AUTO_EXIT_CHECK] Checking EOF conditions...
2026-01-21 03:20:57.934 RedLemon[58317:480578] [AUTO_EXIT_CHECK] No exit condition met - continuing to monitor...
2026-01-21 03:20:58.934 RedLemon[58317:480578] [AUTO_EXIT_CHECK] isEventPlayback: true
2026-01-21 03:20:58.934 RedLemon[58317:480578] [AUTO_EXIT_CHECK] isLoading: false, isResolvingStream: false
2026-01-21 03:20:58.934 RedLemon[58317:480578] [AUTO_EXIT_CHECK] playbackFinished: false, isPlaying: true
2026-01-21 03:20:58.935 RedLemon[58317:480578] [AUTO_EXIT_CHECK] Position: 5285.66s / Duration: 5406.99s
2026-01-21 03:20:58.935 RedLemon[58317:480578] [AUTO_EXIT_CHECK] Checking EOF conditions...
2026-01-21 03:20:58.935 RedLemon[58317:480578] [AUTO_EXIT_CHECK] No exit condition met - continuing to monitor...
2026-01-21 03:21:00.017 RedLemon[58317:480578] [AUTO_EXIT_CHECK] isEventPlayback: true
2026-01-21 03:21:00.017 RedLemon[58317:480578] [AUTO_EXIT_CHECK] isLoading: false, isResolvingStream: false
2026-01-21 03:21:00.017 RedLemon[58317:480578] [AUTO_EXIT_CHECK] playbackFinished: false, isPlaying: true
2026-01-21 03:21:00.018 RedLemon[58317:480578] [AUTO_EXIT_CHECK] Position: 5286.829s / Duration: 5406.99s
2026-01-21 03:21:00.018 RedLemon[58317:480578] [AUTO_EXIT_CHECK] Checking EOF conditions...
2026-01-21 03:21:00.018 RedLemon[58317:480578] [AUTO_EXIT_CHECK] No exit condition met - continuing to monitor...
2026-01-21 03:21:00.934 RedLemon[58317:480578] [AUTO_EXIT_CHECK] isEventPlayback: true
2026-01-21 03:21:00.934 RedLemon[58317:480578] [AUTO_EXIT_CHECK] isLoading: false, isResolvingStream: false
2026-01-21 03:21:00.934 RedLemon[58317:480578] [AUTO_EXIT_CHECK] playbackFinished: false, isPlaying: true
2026-01-21 03:21:00.934 RedLemon[58317:480578] [AUTO_EXIT_CHECK] Position: 5287.705s / Duration: 5406.99s
2026-01-21 03:21:00.934 RedLemon[58317:480578] [AUTO_EXIT_CHECK] Checking EOF conditions...
2026-01-21 03:21:00.935 RedLemon[58317:480578] [AUTO_EXIT_CHECK] No exit condition met - continuing to monitor...
2026-01-21 03:21:01.771 RedLemon[58317:485477] 🔐 SupabaseClient: Signing Identity Payload: '1768983661656daa91-33b4-4688-9135-c982ea52d7c9/rpc/room_heartbeat'
2026-01-21 03:21:01.772 RedLemon[58317:485477] 🔐 Signed request to /rpc/room_heartbeat
2026-01-21 03:21:01.935 RedLemon[58317:480578] [AUTO_EXIT_CHECK] isEventPlayback: true
2026-01-21 03:21:01.935 RedLemon[58317:480578] [AUTO_EXIT_CHECK] isLoading: false, isResolvingStream: false
2026-01-21 03:21:01.935 RedLemon[58317:480578] [AUTO_EXIT_CHECK] playbackFinished: false, isPlaying: true
2026-01-21 03:21:01.935 RedLemon[58317:480578] [AUTO_EXIT_CHECK] Position: 5288.58s / Duration: 5406.99s
2026-01-21 03:21:01.935 RedLemon[58317:480578] [AUTO_EXIT_CHECK] Checking EOF conditions...
2026-01-21 03:21:01.935 RedLemon[58317:480578] [AUTO_EXIT_CHECK] No exit condition met - continuing to monitor...
2026-01-21 03:21:02.936 RedLemon[58317:480578] [AUTO_EXIT_CHECK] isEventPlayback: true
2026-01-21 03:21:02.936 RedLemon[58317:480578] [AUTO_EXIT_CHECK] isLoading: false, isResolvingStream: false
2026-01-21 03:21:02.936 RedLemon[58317:480578] [AUTO_EXIT_CHECK] playbackFinished: false, isPlaying: true
2026-01-21 03:21:02.936 RedLemon[58317:480578] [AUTO_EXIT_CHECK] Position: 5289.748s / Duration: 5406.99s
2026-01-21 03:21:02.936 RedLemon[58317:480578] [AUTO_EXIT_CHECK] Checking EOF conditions...
2026-01-21 03:21:02.937 RedLemon[58317:480578] [AUTO_EXIT_CHECK] No exit condition met - continuing to monitor...
2026-01-21 03:21:03.978 RedLemon[58317:480578] [AUTO_EXIT_CHECK] isEventPlayback: true
2026-01-21 03:21:03.978 RedLemon[58317:480578] [AUTO_EXIT_CHECK] isLoading: false, isResolvingStream: false
2026-01-21 03:21:03.978 RedLemon[58317:480578] [AUTO_EXIT_CHECK] playbackFinished: false, isPlaying: true
2026-01-21 03:21:03.978 RedLemon[58317:480578] [AUTO_EXIT_CHECK] Position: 5290.624s / Duration: 5406.99s
2026-01-21 03:21:03.978 RedLemon[58317:480578] [AUTO_EXIT_CHECK] Checking EOF conditions...
2026-01-21 03:21:03.978 RedLemon[58317:480578] [AUTO_EXIT_CHECK] No exit condition met - continuing to monitor...
2026-01-21 03:21:05.063 RedLemon[58317:480578] [AUTO_EXIT_CHECK] isEventPlayback: true
2026-01-21 03:21:05.063 RedLemon[58317:480578] [AUTO_EXIT_CHECK] isLoading: false, isResolvingStream: false
2026-01-21 03:21:05.063 RedLemon[58317:480578] [AUTO_EXIT_CHECK] playbackFinished: false, isPlaying: true
2026-01-21 03:21:05.063 RedLemon[58317:480578] [AUTO_EXIT_CHECK] Position: 5291.7919999999995s / Duration: 5406.99s
2026-01-21 03:21:05.063 RedLemon[58317:480578] [AUTO_EXIT_CHECK] Checking EOF conditions...
2026-01-21 03:21:05.063 RedLemon[58317:480578] [AUTO_EXIT_CHECK] No exit condition met - continuing to monitor...
2026-01-21 03:21:05.938 RedLemon[58317:480578] [AUTO_EXIT_CHECK] isEventPlayback: true
2026-01-21 03:21:05.938 RedLemon[58317:480578] [AUTO_EXIT_CHECK] isLoading: false, isResolvingStream: false
2026-01-21 03:21:05.939 RedLemon[58317:480578] [AUTO_EXIT_CHECK] playbackFinished: false, isPlaying: true
2026-01-21 03:21:05.939 RedLemon[58317:480578] [AUTO_EXIT_CHECK] Position: 5292.668s / Duration: 5406.99s
2026-01-21 03:21:05.939 RedLemon[58317:480578] [AUTO_EXIT_CHECK] Checking EOF conditions...
2026-01-21 03:21:05.939 RedLemon[58317:480578] [AUTO_EXIT_CHECK] No exit condition met - continuing to monitor...
2026-01-21 03:21:06.941 RedLemon[58317:480578] [AUTO_EXIT_CHECK] isEventPlayback: true
2026-01-21 03:21:06.941 RedLemon[58317:480578] [AUTO_EXIT_CHECK] isLoading: false, isResolvingStream: false
2026-01-21 03:21:06.941 RedLemon[58317:480578] [AUTO_EXIT_CHECK] playbackFinished: false, isPlaying: true
2026-01-21 03:21:06.941 RedLemon[58317:480578] [AUTO_EXIT_CHECK] Position: 5293.544s / Duration: 5406.99s
2026-01-21 03:21:06.941 RedLemon[58317:480578] [AUTO_EXIT_CHECK] Checking EOF conditions...
2026-01-21 03:21:06.941 RedLemon[58317:480578] [AUTO_EXIT_CHECK] No exit condition met - continuing to monitor...
2026-01-21 03:21:07.940 RedLemon[58317:480578] [AUTO_EXIT_CHECK] isEventPlayback: true
2026-01-21 03:21:07.940 RedLemon[58317:480578] [AUTO_EXIT_CHECK] isLoading: false, isResolvingStream: false
2026-01-21 03:21:07.941 RedLemon[58317:480578] [AUTO_EXIT_CHECK] playbackFinished: false, isPlaying: true
2026-01-21 03:21:07.941 RedLemon[58317:480578] [AUTO_EXIT_CHECK] Position: 5294.710999999999s / Duration: 5406.99s
2026-01-21 03:21:07.941 RedLemon[58317:480578] [AUTO_EXIT_CHECK] Checking EOF conditions...
2026-01-21 03:21:07.941 RedLemon[58317:480578] [AUTO_EXIT_CHECK] No exit condition met - continuing to monitor...
2026-01-21 03:21:08.984 RedLemon[58317:480578] [AUTO_EXIT_CHECK] isEventPlayback: true
2026-01-21 03:21:08.984 RedLemon[58317:480578] [AUTO_EXIT_CHECK] isLoading: false, isResolvingStream: false
2026-01-21 03:21:08.984 RedLemon[58317:480578] [AUTO_EXIT_CHECK] playbackFinished: false, isPlaying: true
2026-01-21 03:21:08.984 RedLemon[58317:480578] [AUTO_EXIT_CHECK] Position: 5295.5869999999995s / Duration: 5406.99s
2026-01-21 03:21:08.984 RedLemon[58317:480578] [AUTO_EXIT_CHECK] Checking EOF conditions...
2026-01-21 03:21:08.984 RedLemon[58317:480578] [AUTO_EXIT_CHECK] No exit condition met - continuing to monitor...
2026-01-21 03:21:09.984 RedLemon[58317:480578] [AUTO_EXIT_CHECK] isEventPlayback: true
2026-01-21 03:21:09.984 RedLemon[58317:480578] [AUTO_EXIT_CHECK] isLoading: false, isResolvingStream: false
2026-01-21 03:21:09.984 RedLemon[58317:480578] [AUTO_EXIT_CHECK] playbackFinished: false, isPlaying: true
2026-01-21 03:21:09.985 RedLemon[58317:480578] [AUTO_EXIT_CHECK] Position: 5296.755s / Duration: 5406.99s
2026-01-21 03:21:09.985 RedLemon[58317:480578] [AUTO_EXIT_CHECK] Checking EOF conditions...
2026-01-21 03:21:09.985 RedLemon[58317:480578] [AUTO_EXIT_CHECK] No exit condition met - continuing to monitor...
2026-01-21 03:21:10.943 RedLemon[58317:480578] [AUTO_EXIT_CHECK] isEventPlayback: true
2026-01-21 03:21:10.943 RedLemon[58317:480578] [AUTO_EXIT_CHECK] isLoading: false, isResolvingStream: false
2026-01-21 03:21:10.943 RedLemon[58317:480578] [AUTO_EXIT_CHECK] playbackFinished: false, isPlaying: true
2026-01-21 03:21:10.943 RedLemon[58317:480578] [AUTO_EXIT_CHECK] Position: 5297.630999999999s / Duration: 5406.99s
2026-01-21 03:21:10.943 RedLemon[58317:480578] [AUTO_EXIT_CHECK] Checking EOF conditions...
2026-01-21 03:21:10.943 RedLemon[58317:480578] [AUTO_EXIT_CHECK] No exit condition met - continuing to monitor...
2026-01-21 03:21:11.945 RedLemon[58317:480578] [AUTO_EXIT_CHECK] isEventPlayback: true
2026-01-21 03:21:11.945 RedLemon[58317:480578] [AUTO_EXIT_CHECK] isLoading: false, isResolvingStream: false
2026-01-21 03:21:11.945 RedLemon[58317:480578] [AUTO_EXIT_CHECK] playbackFinished: false, isPlaying: true
2026-01-21 03:21:11.946 RedLemon[58317:480578] [AUTO_EXIT_CHECK] Position: 5298.505999999999s / Duration: 5406.99s
2026-01-21 03:21:11.946 RedLemon[58317:480578] [AUTO_EXIT_CHECK] Checking EOF conditions...
2026-01-21 03:21:11.946 RedLemon[58317:480578] [AUTO_EXIT_CHECK] No exit condition met - continuing to monitor...
2026-01-21 03:21:13.032 RedLemon[58317:480578] [AUTO_EXIT_CHECK] isEventPlayback: true
2026-01-21 03:21:13.032 RedLemon[58317:480578] [AUTO_EXIT_CHECK] isLoading: false, isResolvingStream: false
2026-01-21 03:21:13.032 RedLemon[58317:480578] [AUTO_EXIT_CHECK] playbackFinished: false, isPlaying: true
2026-01-21 03:21:13.033 RedLemon[58317:480578] [AUTO_EXIT_CHECK] Position: 5299.675s / Duration: 5406.99s
2026-01-21 03:21:13.033 RedLemon[58317:480578] [AUTO_EXIT_CHECK] Checking EOF conditions...
2026-01-21 03:21:13.033 RedLemon[58317:480578] [AUTO_EXIT_CHECK] No exit condition met - continuing to monitor...
2026-01-21 03:21:14.031 RedLemon[58317:480578] [AUTO_EXIT_CHECK] isEventPlayback: true
2026-01-21 03:21:14.031 RedLemon[58317:480578] [AUTO_EXIT_CHECK] isLoading: false, isResolvingStream: false
2026-01-21 03:21:14.031 RedLemon[58317:480578] [AUTO_EXIT_CHECK] playbackFinished: false, isPlaying: true
2026-01-21 03:21:14.031 RedLemon[58317:480578] [AUTO_EXIT_CHECK] Position: 5300.842s / Duration: 5406.99s
2026-01-21 03:21:14.032 RedLemon[58317:480578] [AUTO_EXIT_CHECK] Checking EOF conditions...
2026-01-21 03:21:14.032 RedLemon[58317:480578] [AUTO_EXIT_CHECK] No exit condition met - continuing to monitor...
2026-01-21 03:21:14.989 RedLemon[58317:480578] [AUTO_EXIT_CHECK] isEventPlayback: true
2026-01-21 03:21:14.989 RedLemon[58317:480578] [AUTO_EXIT_CHECK] isLoading: false, isResolvingStream: false
2026-01-21 03:21:14.989 RedLemon[58317:480578] [AUTO_EXIT_CHECK] playbackFinished: false, isPlaying: true
2026-01-21 03:21:14.989 RedLemon[58317:480578] [AUTO_EXIT_CHECK] Position: 5301.718s / Duration: 5406.99s
2026-01-21 03:21:14.989 RedLemon[58317:480578] [AUTO_EXIT_CHECK] Checking EOF conditions...
2026-01-21 03:21:14.990 RedLemon[58317:480578] [AUTO_EXIT_CHECK] No exit condition met - continuing to monitor...
2026-01-21 03:21:15.948 RedLemon[58317:480578] [AUTO_EXIT_CHECK] isEventPlayback: true
2026-01-21 03:21:15.948 RedLemon[58317:480578] [AUTO_EXIT_CHECK] isLoading: false, isResolvingStream: false
2026-01-21 03:21:15.948 RedLemon[58317:480578] [AUTO_EXIT_CHECK] playbackFinished: false, isPlaying: true
2026-01-21 03:21:15.949 RedLemon[58317:480578] [AUTO_EXIT_CHECK] Position: 5302.594s / Duration: 5406.99s
2026-01-21 03:21:15.949 RedLemon[58317:480578] [AUTO_EXIT_CHECK] Checking EOF conditions...
2026-01-21 03:21:15.949 RedLemon[58317:480578] [AUTO_EXIT_CHECK] No exit condition met - continuing to monitor...
2026-01-21 03:21:16.950 RedLemon[58317:480578] [AUTO_EXIT_CHECK] isEventPlayback: true
2026-01-21 03:21:16.950 RedLemon[58317:480578] [AUTO_EXIT_CHECK] isLoading: false, isResolvingStream: false
2026-01-21 03:21:16.950 RedLemon[58317:480578] [AUTO_EXIT_CHECK] playbackFinished: false, isPlaying: true
2026-01-21 03:21:16.950 RedLemon[58317:480578] [AUTO_EXIT_CHECK] Position: 5303.762s / Duration: 5406.99s
2026-01-21 03:21:16.950 RedLemon[58317:480578] [AUTO_EXIT_CHECK] Checking EOF conditions...
2026-01-21 03:21:16.951 RedLemon[58317:480578] [AUTO_EXIT_CHECK] No exit condition met - continuing to monitor...
2026-01-21 03:21:17.954 RedLemon[58317:480578] [AUTO_EXIT_CHECK] isEventPlayback: true
2026-01-21 03:21:17.954 RedLemon[58317:480578] [AUTO_EXIT_CHECK] isLoading: false, isResolvingStream: false
2026-01-21 03:21:17.954 RedLemon[58317:480578] [AUTO_EXIT_CHECK] playbackFinished: false, isPlaying: true
2026-01-21 03:21:17.955 RedLemon[58317:480578] [AUTO_EXIT_CHECK] Position: 5304.638s / Duration: 5406.99s
2026-01-21 03:21:17.955 RedLemon[58317:480578] [AUTO_EXIT_CHECK] Checking EOF conditions...
2026-01-21 03:21:17.955 RedLemon[58317:480578] [AUTO_EXIT_CHECK] No exit condition met - continuing to monitor...
2026-01-21 03:21:18.994 RedLemon[58317:480578] [AUTO_EXIT_CHECK] isEventPlayback: true
2026-01-21 03:21:18.994 RedLemon[58317:480578] [AUTO_EXIT_CHECK] isLoading: false, isResolvingStream: false
2026-01-21 03:21:18.994 RedLemon[58317:480578] [AUTO_EXIT_CHECK] playbackFinished: false, isPlaying: true
2026-01-21 03:21:18.994 RedLemon[58317:480578] [AUTO_EXIT_CHECK] Position: 5305.806s / Duration: 5406.99s
2026-01-21 03:21:18.994 RedLemon[58317:480578] [AUTO_EXIT_CHECK] Checking EOF conditions...
2026-01-21 03:21:18.995 RedLemon[58317:480578] [AUTO_EXIT_CHECK] No exit condition met - continuing to monitor...
2026-01-21 03:21:19.953 RedLemon[58317:480578] [AUTO_EXIT_CHECK] isEventPlayback: true
2026-01-21 03:21:19.953 RedLemon[58317:480578] [AUTO_EXIT_CHECK] isLoading: false, isResolvingStream: false
2026-01-21 03:21:19.954 RedLemon[58317:480578] [AUTO_EXIT_CHECK] playbackFinished: false, isPlaying: true
2026-01-21 03:21:19.954 RedLemon[58317:480578] [AUTO_EXIT_CHECK] Position: 5306.682s / Duration: 5406.99s
2026-01-21 03:21:19.954 RedLemon[58317:480578] [AUTO_EXIT_CHECK] Checking EOF conditions...
2026-01-21 03:21:19.954 RedLemon[58317:480578] [AUTO_EXIT_CHECK] No exit condition met - continuing to monitor...
2026-01-21 03:21:20.955 RedLemon[58317:480578] [AUTO_EXIT_CHECK] isEventPlayback: true
2026-01-21 03:21:20.956 RedLemon[58317:480578] [AUTO_EXIT_CHECK] isLoading: false, isResolvingStream: false
2026-01-21 03:21:20.956 RedLemon[58317:480578] [AUTO_EXIT_CHECK] playbackFinished: false, isPlaying: true
2026-01-21 03:21:20.956 RedLemon[58317:480578] [AUTO_EXIT_CHECK] Position: 5307.558s / Duration: 5406.99s
2026-01-21 03:21:20.956 RedLemon[58317:480578] [AUTO_EXIT_CHECK] Checking EOF conditions...
2026-01-21 03:21:20.956 RedLemon[58317:480578] [AUTO_EXIT_CHECK] No exit condition met - continuing to monitor...
2026-01-21 03:21:21.955 RedLemon[58317:480578] [AUTO_EXIT_CHECK] isEventPlayback: true
2026-01-21 03:21:21.955 RedLemon[58317:480578] [AUTO_EXIT_CHECK] isLoading: false, isResolvingStream: false
2026-01-21 03:21:21.955 RedLemon[58317:480578] [AUTO_EXIT_CHECK] playbackFinished: false, isPlaying: true
2026-01-21 03:21:21.955 RedLemon[58317:480578] [AUTO_EXIT_CHECK] Position: 5308.724999999999s / Duration: 5406.99s
2026-01-21 03:21:21.955 RedLemon[58317:480578] [AUTO_EXIT_CHECK] Checking EOF conditions...
2026-01-21 03:21:21.955 RedLemon[58317:480578] [AUTO_EXIT_CHECK] No exit condition met - continuing to monitor...
2026-01-21 03:21:22.957 RedLemon[58317:480578] [AUTO_EXIT_CHECK] isEventPlayback: true
2026-01-21 03:21:22.957 RedLemon[58317:480578] [AUTO_EXIT_CHECK] isLoading: false, isResolvingStream: false
2026-01-21 03:21:22.957 RedLemon[58317:480578] [AUTO_EXIT_CHECK] playbackFinished: false, isPlaying: true
2026-01-21 03:21:22.957 RedLemon[58317:480578] [AUTO_EXIT_CHECK] Position: 5309.601s / Duration: 5406.99s
2026-01-21 03:21:22.957 RedLemon[58317:480578] [AUTO_EXIT_CHECK] Checking EOF conditions...
2026-01-21 03:21:22.957 RedLemon[58317:480578] [AUTO_EXIT_CHECK] No exit condition met - continuing to monitor...
2026-01-21 03:21:23.998 RedLemon[58317:480578] [AUTO_EXIT_CHECK] isEventPlayback: true
2026-01-21 03:21:23.998 RedLemon[58317:480578] [AUTO_EXIT_CHECK] isLoading: false, isResolvingStream: false
2026-01-21 03:21:23.999 RedLemon[58317:480578] [AUTO_EXIT_CHECK] playbackFinished: false, isPlaying: true
2026-01-21 03:21:23.999 RedLemon[58317:480578] [AUTO_EXIT_CHECK] Position: 5310.768999999999s / Duration: 5406.99s
2026-01-21 03:21:23.999 RedLemon[58317:480578] [AUTO_EXIT_CHECK] Checking EOF conditions...
2026-01-21 03:21:23.999 RedLemon[58317:480578] [AUTO_EXIT_CHECK] No exit condition met - continuing to monitor...
2026-01-21 03:21:24.959 RedLemon[58317:480578] [AUTO_EXIT_CHECK] isEventPlayback: true
2026-01-21 03:21:24.959 RedLemon[58317:480578] [AUTO_EXIT_CHECK] isLoading: false, isResolvingStream: false
2026-01-21 03:21:24.959 RedLemon[58317:480578] [AUTO_EXIT_CHECK] playbackFinished: false, isPlaying: true
2026-01-21 03:21:24.959 RedLemon[58317:480578] [AUTO_EXIT_CHECK] Position: 5311.6449999999995s / Duration: 5406.99s
2026-01-21 03:21:24.959 RedLemon[58317:480578] [AUTO_EXIT_CHECK] Checking EOF conditions...
2026-01-21 03:21:24.959 RedLemon[58317:480578] [AUTO_EXIT_CHECK] No exit condition met - continuing to monitor...
2026-01-21 03:21:25.934 RedLemon[58317:480578] [AUTO_EXIT_CHECK] isEventPlayback: true
2026-01-21 03:21:25.934 RedLemon[58317:480578] [AUTO_EXIT_CHECK] isLoading: false, isResolvingStream: false
2026-01-21 03:21:25.934 RedLemon[58317:480578] [AUTO_EXIT_CHECK] playbackFinished: false, isPlaying: true
2026-01-21 03:21:25.934 RedLemon[58317:480578] [AUTO_EXIT_CHECK] Position: 5312.813s / Duration: 5406.99s
2026-01-21 03:21:25.935 RedLemon[58317:480578] [AUTO_EXIT_CHECK] Checking EOF conditions...
2026-01-21 03:21:25.936 RedLemon[58317:480578] [AUTO_EXIT_CHECK] No exit condition met - continuing to monitor...
2026-01-21 03:21:26.961 RedLemon[58317:480578] [AUTO_EXIT_CHECK] isEventPlayback: true
2026-01-21 03:21:26.962 RedLemon[58317:480578] [AUTO_EXIT_CHECK] isLoading: false, isResolvingStream: false
2026-01-21 03:21:26.962 RedLemon[58317:480578] [AUTO_EXIT_CHECK] playbackFinished: false, isPlaying: true
2026-01-21 03:21:26.962 RedLemon[58317:480578] [AUTO_EXIT_CHECK] Position: 5313.688999999999s / Duration: 5406.99s
2026-01-21 03:21:26.962 RedLemon[58317:480578] [AUTO_EXIT_CHECK] Checking EOF conditions...
2026-01-21 03:21:26.963 RedLemon[58317:480578] [AUTO_EXIT_CHECK] No exit condition met - continuing to monitor...
2026-01-21 03:21:27.962 RedLemon[58317:480578] [AUTO_EXIT_CHECK] isEventPlayback: true
2026-01-21 03:21:27.962 RedLemon[58317:480578] [AUTO_EXIT_CHECK] isLoading: false, isResolvingStream: false
2026-01-21 03:21:27.962 RedLemon[58317:480578] [AUTO_EXIT_CHECK] playbackFinished: false, isPlaying: true
2026-01-21 03:21:27.962 RedLemon[58317:480578] [AUTO_EXIT_CHECK] Position: 5314.565s / Duration: 5406.99s
2026-01-21 03:21:27.962 RedLemon[58317:480578] [AUTO_EXIT_CHECK] Checking EOF conditions...
2026-01-21 03:21:27.963 RedLemon[58317:480578] [AUTO_EXIT_CHECK] No exit condition met - continuing to monitor...
2026-01-21 03:21:28.963 RedLemon[58317:480578] [AUTO_EXIT_CHECK] isEventPlayback: true
2026-01-21 03:21:28.963 RedLemon[58317:480578] [AUTO_EXIT_CHECK] isLoading: false, isResolvingStream: false
2026-01-21 03:21:28.963 RedLemon[58317:480578] [AUTO_EXIT_CHECK] playbackFinished: false, isPlaying: true
2026-01-21 03:21:28.963 RedLemon[58317:480578] [AUTO_EXIT_CHECK] Position: 5315.732s / Duration: 5406.99s
2026-01-21 03:21:28.963 RedLemon[58317:480578] [AUTO_EXIT_CHECK] Checking EOF conditions...
2026-01-21 03:21:28.964 RedLemon[58317:480578] [AUTO_EXIT_CHECK] No exit condition met - continuing to monitor...
2026-01-21 03:21:29.964 RedLemon[58317:480578] [AUTO_EXIT_CHECK] isEventPlayback: true
2026-01-21 03:21:29.964 RedLemon[58317:480578] [AUTO_EXIT_CHECK] isLoading: false, isResolvingStream: false
2026-01-21 03:21:29.964 RedLemon[58317:480578] [AUTO_EXIT_CHECK] playbackFinished: false, isPlaying: true
2026-01-21 03:21:29.965 RedLemon[58317:480578] [AUTO_EXIT_CHECK] Position: 5316.608s / Duration: 5406.99s
2026-01-21 03:21:29.965 RedLemon[58317:480578] [AUTO_EXIT_CHECK] Checking EOF conditions...
2026-01-21 03:21:29.965 RedLemon[58317:480578] [AUTO_EXIT_CHECK] No exit condition met - continuing to monitor...
2026-01-21 03:21:30.964 RedLemon[58317:480578] [AUTO_EXIT_CHECK] isEventPlayback: true
2026-01-21 03:21:30.964 RedLemon[58317:480578] [AUTO_EXIT_CHECK] isLoading: false, isResolvingStream: false
2026-01-21 03:21:30.964 RedLemon[58317:480578] [AUTO_EXIT_CHECK] playbackFinished: false, isPlaying: true
2026-01-21 03:21:30.964 RedLemon[58317:480578] [AUTO_EXIT_CHECK] Position: 5317.776s / Duration: 5406.99s
2026-01-21 03:21:30.964 RedLemon[58317:480578] [AUTO_EXIT_CHECK] Checking EOF conditions...
2026-01-21 03:21:30.965 RedLemon[58317:480578] [AUTO_EXIT_CHECK] No exit condition met - continuing to monitor...
2026-01-21 03:21:31.967 RedLemon[58317:480578] [AUTO_EXIT_CHECK] isEventPlayback: true
2026-01-21 03:21:31.968 RedLemon[58317:480578] [AUTO_EXIT_CHECK] isLoading: false, isResolvingStream: false
2026-01-21 03:21:31.968 RedLemon[58317:480578] [AUTO_EXIT_CHECK] playbackFinished: false, isPlaying: true
2026-01-21 03:21:31.968 RedLemon[58317:480578] [AUTO_EXIT_CHECK] Position: 5318.652s / Duration: 5406.99s
2026-01-21 03:21:31.968 RedLemon[58317:480578] [AUTO_EXIT_CHECK] Checking EOF conditions...
2026-01-21 03:21:31.968 RedLemon[58317:480578] [AUTO_EXIT_CHECK] No exit condition met - continuing to monitor...
2026-01-21 03:21:32.008 RedLemon[58317:485009] 🔐 SupabaseClient: Signing Identity Payload: '1768983692656daa91-33b4-4688-9135-c982ea52d7c9/rpc/room_heartbeat'
2026-01-21 03:21:32.008 RedLemon[58317:485009] 🔐 Signed request to /rpc/room_heartbeat
2026-01-21 03:21:33.051 RedLemon[58317:480578] [AUTO_EXIT_CHECK] isEventPlayback: true
2026-01-21 03:21:33.051 RedLemon[58317:480578] [AUTO_EXIT_CHECK] isLoading: false, isResolvingStream: false
2026-01-21 03:21:33.051 RedLemon[58317:480578] [AUTO_EXIT_CHECK] playbackFinished: false, isPlaying: true
2026-01-21 03:21:33.051 RedLemon[58317:480578] [AUTO_EXIT_CHECK] Position: 5319.82s / Duration: 5406.99s
2026-01-21 03:21:33.051 RedLemon[58317:480578] [AUTO_EXIT_CHECK] Checking EOF conditions...
2026-01-21 03:21:33.051 RedLemon[58317:480578] [AUTO_EXIT_CHECK] No exit condition met - continuing to monitor...
2026-01-21 03:21:33.927 RedLemon[58317:480578] [AUTO_EXIT_CHECK] isEventPlayback: true
2026-01-21 03:21:33.928 RedLemon[58317:480578] [AUTO_EXIT_CHECK] isLoading: false, isResolvingStream: false
2026-01-21 03:21:33.928 RedLemon[58317:480578] [AUTO_EXIT_CHECK] playbackFinished: false, isPlaying: true
2026-01-21 03:21:33.928 RedLemon[58317:480578] [AUTO_EXIT_CHECK] Position: 5320.696s / Duration: 5406.99s
2026-01-21 03:21:33.928 RedLemon[58317:480578] [AUTO_EXIT_CHECK] Checking EOF conditions...
2026-01-21 03:21:33.928 RedLemon[58317:480578] [AUTO_EXIT_CHECK] No exit condition met - continuing to monitor...
2026-01-21 03:21:34.927 RedLemon[58317:480578] [AUTO_EXIT_CHECK] isEventPlayback: true
2026-01-21 03:21:34.927 RedLemon[58317:480578] [AUTO_EXIT_CHECK] isLoading: false, isResolvingStream: false
2026-01-21 03:21:34.927 RedLemon[58317:480578] [AUTO_EXIT_CHECK] playbackFinished: false, isPlaying: true
2026-01-21 03:21:34.927 RedLemon[58317:480578] [AUTO_EXIT_CHECK] Position: 5321.572s / Duration: 5406.99s
2026-01-21 03:21:34.927 RedLemon[58317:480578] [AUTO_EXIT_CHECK] Checking EOF conditions...
2026-01-21 03:21:34.927 RedLemon[58317:480578] [AUTO_EXIT_CHECK] No exit condition met - continuing to monitor...
2026-01-21 03:21:35.927 RedLemon[58317:480578] [AUTO_EXIT_CHECK] isEventPlayback: true
2026-01-21 03:21:35.927 RedLemon[58317:480578] [AUTO_EXIT_CHECK] isLoading: false, isResolvingStream: false
2026-01-21 03:21:35.927 RedLemon[58317:480578] [AUTO_EXIT_CHECK] playbackFinished: false, isPlaying: true
2026-01-21 03:21:35.928 RedLemon[58317:480578] [AUTO_EXIT_CHECK] Position: 5322.739s / Duration: 5406.99s
2026-01-21 03:21:35.928 RedLemon[58317:480578] [AUTO_EXIT_CHECK] Checking EOF conditions...
2026-01-21 03:21:35.928 RedLemon[58317:480578] [AUTO_EXIT_CHECK] No exit condition met - continuing to monitor...
2026-01-21 03:21:36.972 RedLemon[58317:480578] [AUTO_EXIT_CHECK] isEventPlayback: true
2026-01-21 03:21:36.974 RedLemon[58317:480578] [AUTO_EXIT_CHECK] isLoading: false, isResolvingStream: false
2026-01-21 03:21:36.974 RedLemon[58317:480578] [AUTO_EXIT_CHECK] playbackFinished: false, isPlaying: true
2026-01-21 03:21:36.974 RedLemon[58317:480578] [AUTO_EXIT_CHECK] Position: 5323.615s / Duration: 5406.99s
2026-01-21 03:21:36.975 RedLemon[58317:480578] [AUTO_EXIT_CHECK] Checking EOF conditions...
2026-01-21 03:21:36.975 RedLemon[58317:480578] [AUTO_EXIT_CHECK] No exit condition met - continuing to monitor...
2026-01-21 03:21:38.098 RedLemon[58317:480578] [AUTO_EXIT_CHECK] isEventPlayback: true
2026-01-21 03:21:38.098 RedLemon[58317:480578] [AUTO_EXIT_CHECK] isLoading: false, isResolvingStream: false
2026-01-21 03:21:38.099 RedLemon[58317:480578] [AUTO_EXIT_CHECK] playbackFinished: false, isPlaying: true
2026-01-21 03:21:38.101 RedLemon[58317:480578] [AUTO_EXIT_CHECK] Position: 5324.782999999999s / Duration: 5406.99s
2026-01-21 03:21:38.103 RedLemon[58317:480578] [AUTO_EXIT_CHECK] Checking EOF conditions...
2026-01-21 03:21:38.104 RedLemon[58317:480578] [AUTO_EXIT_CHECK] No exit condition met - continuing to monitor...
2026-01-21 03:21:38.933 RedLemon[58317:480578] [AUTO_EXIT_CHECK] isEventPlayback: true
2026-01-21 03:21:38.934 RedLemon[58317:480578] [AUTO_EXIT_CHECK] isLoading: false, isResolvingStream: false
2026-01-21 03:21:38.936 RedLemon[58317:480578] [AUTO_EXIT_CHECK] playbackFinished: false, isPlaying: true
2026-01-21 03:21:38.936 RedLemon[58317:480578] [AUTO_EXIT_CHECK] Position: 5325.659s / Duration: 5406.99s
2026-01-21 03:21:38.936 RedLemon[58317:480578] [AUTO_EXIT_CHECK] Checking EOF conditions...
2026-01-21 03:21:38.937 RedLemon[58317:480578] [AUTO_EXIT_CHECK] No exit condition met - continuing to monitor...
2026-01-21 03:21:39.933 RedLemon[58317:480578] [AUTO_EXIT_CHECK] isEventPlayback: true
2026-01-21 03:21:39.933 RedLemon[58317:480578] [AUTO_EXIT_CHECK] isLoading: false, isResolvingStream: false
2026-01-21 03:21:39.933 RedLemon[58317:480578] [AUTO_EXIT_CHECK] playbackFinished: false, isPlaying: true
2026-01-21 03:21:39.933 RedLemon[58317:480578] [AUTO_EXIT_CHECK] Position: 5326.535s / Duration: 5406.99s
2026-01-21 03:21:39.933 RedLemon[58317:480578] [AUTO_EXIT_CHECK] Checking EOF conditions...
2026-01-21 03:21:39.933 RedLemon[58317:480578] [AUTO_EXIT_CHECK] No exit condition met - continuing to monitor...
2026-01-21 03:21:40.932 RedLemon[58317:480578] [AUTO_EXIT_CHECK] isEventPlayback: true
2026-01-21 03:21:40.932 RedLemon[58317:480578] [AUTO_EXIT_CHECK] isLoading: false, isResolvingStream: false
2026-01-21 03:21:40.932 RedLemon[58317:480578] [AUTO_EXIT_CHECK] playbackFinished: false, isPlaying: true
2026-01-21 03:21:40.933 RedLemon[58317:480578] [AUTO_EXIT_CHECK] Position: 5327.701999999999s / Duration: 5406.99s
2026-01-21 03:21:40.933 RedLemon[58317:480578] [AUTO_EXIT_CHECK] Checking EOF conditions...
2026-01-21 03:21:40.933 RedLemon[58317:480578] [AUTO_EXIT_CHECK] No exit condition met - continuing to monitor...
2026-01-21 03:21:42.019 RedLemon[58317:480578] [AUTO_EXIT_CHECK] isEventPlayback: true
2026-01-21 03:21:42.019 RedLemon[58317:480578] [AUTO_EXIT_CHECK] isLoading: false, isResolvingStream: false
2026-01-21 03:21:42.019 RedLemon[58317:480578] [AUTO_EXIT_CHECK] playbackFinished: false, isPlaying: true
2026-01-21 03:21:42.019 RedLemon[58317:480578] [AUTO_EXIT_CHECK] Position: 5328.871s / Duration: 5406.99s
2026-01-21 03:21:42.019 RedLemon[58317:480578] [AUTO_EXIT_CHECK] Checking EOF conditions...
2026-01-21 03:21:42.019 RedLemon[58317:480578] [AUTO_EXIT_CHECK] No exit condition met - continuing to monitor...
2026-01-21 03:21:42.937 RedLemon[58317:480578] [AUTO_EXIT_CHECK] isEventPlayback: true
2026-01-21 03:21:42.937 RedLemon[58317:480578] [AUTO_EXIT_CHECK] isLoading: false, isResolvingStream: false
2026-01-21 03:21:42.937 RedLemon[58317:480578] [AUTO_EXIT_CHECK] playbackFinished: false, isPlaying: true
2026-01-21 03:21:42.937 RedLemon[58317:480578] [AUTO_EXIT_CHECK] Position: 5329.746s / Duration: 5406.99s
2026-01-21 03:21:42.937 RedLemon[58317:480578] [AUTO_EXIT_CHECK] Checking EOF conditions...
2026-01-21 03:21:42.937 RedLemon[58317:480578] [AUTO_EXIT_CHECK] No exit condition met - continuing to monitor...
2026-01-21 03:21:43.937 RedLemon[58317:480578] [AUTO_EXIT_CHECK] isEventPlayback: true
2026-01-21 03:21:43.938 RedLemon[58317:480578] [AUTO_EXIT_CHECK] isLoading: false, isResolvingStream: false
2026-01-21 03:21:43.938 RedLemon[58317:480578] [AUTO_EXIT_CHECK] playbackFinished: false, isPlaying: true
2026-01-21 03:21:43.938 RedLemon[58317:480578] [AUTO_EXIT_CHECK] Position: 5330.621999999999s / Duration: 5406.99s
2026-01-21 03:21:43.938 RedLemon[58317:480578] [AUTO_EXIT_CHECK] Checking EOF conditions...
2026-01-21 03:21:43.939 RedLemon[58317:480578] [AUTO_EXIT_CHECK] No exit condition met - continuing to monitor...
2026-01-21 03:21:44.936 RedLemon[58317:480578] [AUTO_EXIT_CHECK] isEventPlayback: true
2026-01-21 03:21:44.937 RedLemon[58317:480578] [AUTO_EXIT_CHECK] isLoading: false, isResolvingStream: false
2026-01-21 03:21:44.937 RedLemon[58317:480578] [AUTO_EXIT_CHECK] playbackFinished: false, isPlaying: true
2026-01-21 03:21:44.937 RedLemon[58317:480578] [AUTO_EXIT_CHECK] Position: 5331.498s / Duration: 5406.99s
2026-01-21 03:21:44.937 RedLemon[58317:480578] [AUTO_EXIT_CHECK] Checking EOF conditions...
2026-01-21 03:21:44.937 RedLemon[58317:480578] [AUTO_EXIT_CHECK] No exit condition met - continuing to monitor...
2026-01-21 03:21:45.981 RedLemon[58317:480578] [AUTO_EXIT_CHECK] isEventPlayback: true
2026-01-21 03:21:45.982 RedLemon[58317:480578] [AUTO_EXIT_CHECK] isLoading: false, isResolvingStream: false
2026-01-21 03:21:45.982 RedLemon[58317:480578] [AUTO_EXIT_CHECK] playbackFinished: false, isPlaying: true
2026-01-21 03:21:45.982 RedLemon[58317:480578] [AUTO_EXIT_CHECK] Position: 5332.666s / Duration: 5406.99s
2026-01-21 03:21:45.982 RedLemon[58317:480578] [AUTO_EXIT_CHECK] Checking EOF conditions...
2026-01-21 03:21:45.983 RedLemon[58317:480578] [AUTO_EXIT_CHECK] No exit condition met - continuing to monitor...
2026-01-21 03:21:46.980 RedLemon[58317:480578] [AUTO_EXIT_CHECK] isEventPlayback: true
2026-01-21 03:21:46.981 RedLemon[58317:480578] [AUTO_EXIT_CHECK] isLoading: false, isResolvingStream: false
2026-01-21 03:21:46.981 RedLemon[58317:480578] [AUTO_EXIT_CHECK] playbackFinished: false, isPlaying: true
2026-01-21 03:21:46.981 RedLemon[58317:480578] [AUTO_EXIT_CHECK] Position: 5333.5419999999995s / Duration: 5406.99s
2026-01-21 03:21:46.981 RedLemon[58317:480578] [AUTO_EXIT_CHECK] Checking EOF conditions...
2026-01-21 03:21:46.981 RedLemon[58317:480578] [AUTO_EXIT_CHECK] No exit condition met - continuing to monitor...
2026-01-21 03:21:47.943 RedLemon[58317:480578] [AUTO_EXIT_CHECK] isEventPlayback: true
2026-01-21 03:21:47.943 RedLemon[58317:480578] [AUTO_EXIT_CHECK] isLoading: false, isResolvingStream: false
2026-01-21 03:21:47.943 RedLemon[58317:480578] [AUTO_EXIT_CHECK] playbackFinished: false, isPlaying: true
2026-01-21 03:21:47.943 RedLemon[58317:480578] [AUTO_EXIT_CHECK] Position: 5334.71s / Duration: 5406.99s
2026-01-21 03:21:47.943 RedLemon[58317:480578] [AUTO_EXIT_CHECK] Checking EOF conditions...
2026-01-21 03:21:47.943 RedLemon[58317:480578] [AUTO_EXIT_CHECK] No exit condition met - continuing to monitor...
r for movie_events config version...
📡 [EventsConfig] Checking server for movie_events config version...
✅ [EventsConfig] Fetched movie_events version 1563 with 405 movies
✅ [EventsConfig] Using cached movie_events config (version 1563, 405 movies)
✅ SocialService: Event event_tt0266915 is JOINABLE (Live or Next Up) - allowing join
✅ [EventsConfig] Fetched movie_events version 1563 with 405 movies
✅ [EventsConfig] Using cached movie_events config (version 1563, 405 movies)
✅ SocialService: Event event_tt0266915 is JOINABLE (Live or Next Up) - allowing join
📊 AppState: Polled participant counts - Active: ["tt0266915": 2]
⏰ AppState: Next schedule update set for Next Event Start: 2026-01-21 08:32:50 +0000
⏰ AppState: Scheduling update in 888 seconds
📡 [EventsConfig] Checking server for movie_events config version...
📡 [EventsConfig] Checking server for movie_events config version...
✅ [EventsConfig] Fetched movie_events version 1563 with 405 movies
✅ [EventsConfig] Fetched movie_events version 1563 with 405 movies
✅ [EventsConfig] Using cached movie_events config (version 1563, 405 movies)
✅ [EventsConfig] Using cached movie_events config (version 1563, 405 movies)
✅ SocialService: Event event_tt0266915 is JOINABLE (Live or Next Up) - allowing join
✅ SocialService: Event event_tt0266915 is JOINABLE (Live or Next Up) - allowing join
📊 AppState: Polled participant counts - Active: ["tt0266915": 2]
⏰ AppState: Next schedule update set for Next Event Start: 2026-01-21 08:32:50 +0000
⏰ AppState: Scheduling update in 878 seconds
📊 AppState: Polled participant counts - Active: ["tt0266915": 2]
⏰ AppState: Next schedule update set for Next Event Start: 2026-01-21 08:32:50 +0000
⏰ AppState: Scheduling update in 868 seconds
📡 [EventsConfig] Checking server for movie_events config version...
📡 [EventsConfig] Checking server for movie_events config version...
✅ [EventsConfig] Fetched movie_events version 1563 with 405 movies
✅ [EventsConfig] Fetched movie_events version 1563 with 405 movies
✅ [EventsConfig] Using cached movie_events config (version 1563, 405 movies)
✅ [EventsConfig] Using cached movie_events config (version 1563, 405 movies)
✅ SocialService: Event event_tt0266915 is JOINABLE (Live or Next Up) - allowing join
✅ SocialService: Event event_tt0266915 is JOINABLE (Live or Next Up) - allowing join
📡 [EventsConfig] Checking server for movie_events config version...
📡 [EventsConfig] Checking server for movie_events config version...
✅ [EventsConfig] Fetched movie_events version 1563 with 405 movies
✅ [EventsConfig] Fetched movie_events version 1563 with 405 movies
✅ [EventsConfig] Using cached movie_events config (version 1563, 405 movies)
✅ [EventsConfig] Using cached movie_events config (version 1563, 405 movies)
✅ SocialService: Event event_tt0266915 is JOINABLE (Live or Next Up) - allowing join
✅ SocialService: Event event_tt0266915 is JOINABLE (Live or Next Up) - allowing join
📊 AppState: Polled participant counts - Active: ["tt0266915": 2]
⏰ AppState: Next schedule update set for Next Event Start: 2026-01-21 08:32:50 +0000
⏰ AppState: Scheduling update in 858 seconds
📊 AppState: Polled participant counts - Active: ["tt0266915": 2]
⏰ AppState: Next schedule update set for Next Event Start: 2026-01-21 08:32:50 +0000
⏰ AppState: Scheduling update in 848 seconds
📡 [EventsConfig] Checking server for movie_events config version...
📡 [EventsConfig] Checking server for movie_events config version...
✅ [EventsConfig] Fetched movie_events version 1563 with 405 movies
✅ [EventsConfig] Using cached movie_events config (version 1563, 405 movies)
✅ SocialService: Event event_tt0266915 is JOINABLE (Live or Next Up) - allowing join
✅ [EventsConfig] Fetched movie_events version 1563 with 405 movies
✅ [EventsConfig] Using cached movie_events config (version 1563, 405 movies)
✅ SocialService: Event event_tt0266915 is JOINABLE (Live or Next Up) - allowing join
📊 AppState: Polled participant counts - Active: ["tt0266915": 2]
⏰ AppState: Next schedule update set for Next Event Start: 2026-01-21 08:32:50 +0000
⏰ AppState: Scheduling update in 838 seconds
📡 [EventsConfig] Checking server for movie_events config version...
📡 [EventsConfig] Checking server for movie_events config version...
✅ [EventsConfig] Fetched movie_events version 1563 with 405 movies
✅ [EventsConfig] Using cached movie_events config (version 1563, 405 movies)
✅ SocialService: Event event_tt0266915 is JOINABLE (Live or Next Up) - allowing join
✅ [EventsConfig] Fetched movie_events version 1563 with 405 movies
✅ [EventsConfig] Using cached movie_events config (version 1563, 405 movies)
✅ SocialService: Event event_tt0266915 is JOINABLE (Live or Next Up) - allowing join
📡 [EventsConfig] Checking server for movie_events config version...
✅ [EventsConfig] Fetched movie_events version 1563 with 405 movies
✅ [EventsConfig] Using cached movie_events config (version 1563, 405 movies)
📊 AppState: Polled participant counts - Active: ["tt0266915": 2]
⏰ AppState: Next schedule update set for Next Event Start: 2026-01-21 08:32:50 +0000
⏰ AppState: Scheduling update in 828 seconds
📊 AppState: Polled participant counts - Active: ["tt0266915": 2]
⏰ AppState: Next schedule update set for Next Event Start: 2026-01-21 08:32:50 +0000
⏰ AppState: Scheduling update in 818 seconds
📡 [EventsConfig] Checking server for movie_events config version...
📡 [EventsConfig] Checking server for movie_events config version...
✅ [EventsConfig] Fetched movie_events version 1563 with 405 movies
✅ [EventsConfig] Fetched movie_events version 1563 with 405 movies
✅ [EventsConfig] Using cached movie_events config (version 1563, 405 movies)
✅ [EventsConfig] Using cached movie_events config (version 1563, 405 movies)
✅ SocialService: Event event_tt0266915 is JOINABLE (Live or Next Up) - allowing join
✅ SocialService: Event event_tt0266915 is JOINABLE (Live or Next Up) - allowing join
📡 [EventsConfig] Checking server for movie_events config version...
📡 [EventsConfig] Checking server for movie_events config version...
✅ [EventsConfig] Fetched movie_events version 1563 with 405 movies
✅ [EventsConfig] Using cached movie_events config (version 1563, 405 movies)
✅ SocialService: Event event_tt0266915 is JOINABLE (Live or Next Up) - allowing join
✅ [EventsConfig] Fetched movie_events version 1563 with 405 movies
✅ [EventsConfig] Using cached movie_events config (version 1563, 405 movies)
✅ SocialService: Event event_tt0266915 is JOINABLE (Live or Next Up) - allowing join
📊 AppState: Polled participant counts - Active: ["tt0266915": 2]
⏰ AppState: Next schedule update set for Next Event Start: 2026-01-21 08:32:50 +0000
⏰ AppState: Scheduling update in 808 seconds
📊 AppState: Polled participant counts - Active: ["tt0266915": 2]
⏰ AppState: Next schedule update set for Next Event Start: 2026-01-21 08:32:50 +0000
⏰ AppState: Scheduling update in 798 seconds
📡 [EventsConfig] Checking server for movie_events config version...
📡 [EventsConfig] Checking server for movie_events config version...
✅ [EventsConfig] Fetched movie_events version 1563 with 405 movies
✅ [EventsConfig] Using cached movie_events config (version 1563, 405 movies)
✅ SocialService: Event event_tt0266915 is JOINABLE (Live or Next Up) - allowing join
✅ [EventsConfig] Fetched movie_events version 1563 with 405 movies
📊 AppState: Polled participant counts - Active: ["tt0266915": 2]
⏰ AppState: Next schedule update set for Next Event Start: 2026-01-21 08:32:50 +0000
⏰ AppState: Scheduling update in 788 seconds
✅ [EventsConfig] Using cached movie_events config (version 1563, 405 movies)
✅ SocialService: Event event_tt0266915 is JOINABLE (Live or Next Up) - allowing join
📉 SocialService: User 656daa91-33b4-4688-9135-c982ea52d7c9 went offline (No active refs)
📈 SocialService: User 656daa91-33b4-4688-9135-c982ea52d7c9 came online
📡 [EventsConfig] Checking server for movie_events config version...
✅ [EventsConfig] Fetched movie_events version 1563 with 405 movies
✅ [EventsConfig] Using cached movie_events config (version 1563, 405 movies)
✅ SocialService: Event event_tt0266915 is JOINABLE (Live or Next Up) - allowing join
📊 AppState: Polled participant counts - Active: ["tt0266915": 2]
⏰ AppState: Next schedule update set for Next Event Start: 2026-01-21 08:32:50 +0000
⏰ AppState: Scheduling update in 778 seconds
📡 [EventsConfig] Checking server for movie_events config version...
✅ [EventsConfig] Fetched movie_events version 1563 with 405 movies
✅ [EventsConfig] Using cached movie_events config (version 1563, 405 movies)
📊 AppState: Polled participant counts - Active: ["tt0266915": 2]
⏰ AppState: Next schedule update set for Next Event Start: 2026-01-21 08:32:50 +0000
⏰ AppState: Scheduling update in 768 seconds
📡 [EventsConfig] Checking server for movie_events config version...
📡 [EventsConfig] Checking server for movie_events config version...
✅ [EventsConfig] Fetched movie_events version 1563 with 405 movies
✅ [EventsConfig] Using cached movie_events config (version 1563, 405 movies)
✅ SocialService: Event event_tt0266915 is JOINABLE (Live or Next Up) - allowing join
✅ [EventsConfig] Fetched movie_events version 1563 with 405 movies
✅ [EventsConfig] Using cached movie_events config (version 1563, 405 movies)
✅ SocialService: Event event_tt0266915 is JOINABLE (Live or Next Up) - allowing join
📡 [EventsConfig] Checking server for movie_events config version...
📡 [EventsConfig] Checking server for movie_events config version...
✅ [EventsConfig] Fetched movie_events version 1563 with 405 movies
✅ [EventsConfig] Fetched movie_events version 1563 with 405 movies
✅ [EventsConfig] Using cached movie_events config (version 1563, 405 movies)
✅ [EventsConfig] Using cached movie_events config (version 1563, 405 movies)
✅ SocialService: Event event_tt0266915 is JOINABLE (Live or Next Up) - allowing join
✅ SocialService: Event event_tt0266915 is JOINABLE (Live or Next Up) - allowing join
📊 AppState: Polled participant counts - Active: ["tt0266915": 2]
⏰ AppState: Next schedule update set for Next Event Start: 2026-01-21 08:32:50 +0000
⏰ AppState: Scheduling update in 758 seconds
📊 AppState: Polled participant counts - Active: ["tt0266915": 2]
⏰ AppState: Next schedule update set for Next Event Start: 2026-01-21 08:32:50 +0000
⏰ AppState: Scheduling update in 748 seconds
📡 [EventsConfig] Checking server for movie_events config version...
📡 [EventsConfig] Checking server for movie_events config version...
📊 AppState: Polled participant counts - Active: ["tt0266915": 2]
✅ [EventsConfig] Fetched movie_events version 1563 with 405 movies
⏰ AppState: Next schedule update set for Next Event Start: 2026-01-21 08:32:50 +0000
⏰ AppState: Scheduling update in 738 seconds
✅ [EventsConfig] Fetched movie_events version 1563 with 405 movies
✅ [EventsConfig] Using cached movie_events config (version 1563, 405 movies)
✅ [EventsConfig] Using cached movie_events config (version 1563, 405 movies)
✅ SocialService: Event event_tt0266915 is JOINABLE (Live or Next Up) - allowing join
✅ SocialService: Event event_tt0266915 is JOINABLE (Live or Next Up) - allowing join
📡 [EventsConfig] Checking server for movie_events config version...
📡 [EventsConfig] Checking server for movie_events config version...
✅ [EventsConfig] Fetched movie_events version 1563 with 405 movies
✅ [EventsConfig] Fetched movie_events version 1563 with 405 movies
✅ [EventsConfig] Using cached movie_events config (version 1563, 405 movies)
✅ [EventsConfig] Using cached movie_events config (version 1563, 405 movies)
✅ SocialService: Event event_tt0266915 is JOINABLE (Live or Next Up) - allowing join
✅ SocialService: Event event_tt0266915 is JOINABLE (Live or Next Up) - allowing join
📊 AppState: Polled participant counts - Active: ["tt0266915": 2]
⏰ AppState: Next schedule update set for Next Event Start: 2026-01-21 08:32:50 +0000
⏰ AppState: Scheduling update in 728 seconds
📊 AppState: Polled participant counts - Active: ["tt0266915": 2]
⏰ AppState: Next schedule update set for Next Event Start: 2026-01-21 08:32:50 +0000
⏰ AppState: Scheduling update in 718 seconds
📡 [EventsConfig] Checking server for movie_events config version...
📡 [EventsConfig] Checking server for movie_events config version...
✅ [EventsConfig] Fetched movie_events version 1563 with 405 movies
✅ [EventsConfig] Fetched movie_events version 1563 with 405 movies
✅ [EventsConfig] Using cached movie_events config (version 1563, 405 movies)
✅ [EventsConfig] Using cached movie_events config (version 1563, 405 movies)
✅ SocialService: Event event_tt0266915 is JOINABLE (Live or Next Up) - allowing join
✅ SocialService: Event event_tt0266915 is JOINABLE (Live or Next Up) - allowing join
📡 [EventsConfig] Checking server for movie_events config version...
✅ [EventsConfig] Fetched movie_events version 1563 with 405 movies
✅ [EventsConfig] Using cached movie_events config (version 1563, 405 movies)
📡 [EventsConfig] Checking server for movie_events config version...
📡 [EventsConfig] Checking server for movie_events config version...
✅ [EventsConfig] Fetched movie_events version 1563 with 405 movies
✅ [EventsConfig] Using cached movie_events config (version 1563, 405 movies)
✅ SocialService: Event event_tt0266915 is JOINABLE (Live or Next Up) - allowing join
✅ [EventsConfig] Fetched movie_events version 1563 with 405 movies
✅ [EventsConfig] Using cached movie_events config (version 1563, 405 movies)
✅ SocialService: Event event_tt0266915 is JOINABLE (Live or Next Up) - allowing join
📊 AppState: Polled participant counts - Active: ["tt0266915": 2]
⏰ AppState: Next schedule update set for Next Event Start: 2026-01-21 08:32:50 +0000
⏰ AppState: Scheduling update in 708 seconds
📊 AppState: Polled participant counts - Active: ["tt0266915": 2]
⏰ AppState: Next schedule update set for Next Event Start: 2026-01-21 08:32:50 +0000
⏰ AppState: Scheduling update in 698 seconds
📊 AppState: Polled participant counts - Active: ["tt0266915": 2]
⏰ AppState: Next schedule update set for Next Event Start: 2026-01-21 08:32:50 +0000
⏰ AppState: Scheduling update in 688 seconds
📡 [EventsConfig] Checking server for movie_events config version...
📡 [EventsConfig] Checking server for movie_events config version...
✅ [EventsConfig] Fetched movie_events version 1563 with 405 movies
✅ [EventsConfig] Using cached movie_events config (version 1563, 405 movies)
✅ SocialService: Event event_tt0266915 is JOINABLE (Live or Next Up) - allowing join
✅ [EventsConfig] Fetched movie_events version 1563 with 405 movies
✅ [EventsConfig] Using cached movie_events config (version 1563, 405 movies)
✅ SocialService: Event event_tt0266915 is JOINABLE (Live or Next Up) - allowing join
📡 [EventsConfig] Checking server for movie_events config version...
📡 [EventsConfig] Checking server for movie_events config version...
✅ [EventsConfig] Fetched movie_events version 1563 with 405 movies
✅ [EventsConfig] Fetched movie_events version 1563 with 405 movies
✅ [EventsConfig] Using cached movie_events config (version 1563, 405 movies)
✅ [EventsConfig] Using cached movie_events config (version 1563, 405 movies)
✅ SocialService: Event event_tt0266915 is JOINABLE (Live or Next Up) - allowing join
✅ SocialService: Event event_tt0266915 is JOINABLE (Live or Next Up) - allowing join
📊 AppState: Polled participant counts - Active: ["tt0266915": 2]
⏰ AppState: Next schedule update set for Next Event Start: 2026-01-21 08:32:50 +0000
⏰ AppState: Scheduling update in 678 seconds
📊 AppState: Polled participant counts - Active: ["tt0266915": 2]
⏰ AppState: Next schedule update set for Next Event Start: 2026-01-21 08:32:50 +0000
⏰ AppState: Scheduling update in 668 seconds
📡 [EventsConfig] Checking server for movie_events config version...
📡 [EventsConfig] Checking server for movie_events config version...
✅ [EventsConfig] Fetched movie_events version 1563 with 405 movies
✅ [EventsConfig] Fetched m2026-01-21 03:21:48.942 RedLemon[58317:480578] [AUTO_EXIT_CHECK] isEventPlayback: true
2026-01-21 03:21:48.942 RedLemon[58317:480578] [AUTO_EXIT_CHECK] isLoading: false, isResolvingStream: false
2026-01-21 03:21:48.942 RedLemon[58317:480578] [AUTO_EXIT_CHECK] playbackFinished: false, isPlaying: true
2026-01-21 03:21:48.942 RedLemon[58317:480578] [AUTO_EXIT_CHECK] Position: 5335.585s / Duration: 5406.99s
2026-01-21 03:21:48.943 RedLemon[58317:480578] [AUTO_EXIT_CHECK] Checking EOF conditions...
2026-01-21 03:21:48.943 RedLemon[58317:480578] [AUTO_EXIT_CHECK] No exit condition met - continuing to monitor...
2026-01-21 03:21:49.941 RedLemon[58317:480578] [AUTO_EXIT_CHECK] isEventPlayback: true
2026-01-21 03:21:49.941 RedLemon[58317:480578] [AUTO_EXIT_CHECK] isLoading: false, isResolvingStream: false
2026-01-21 03:21:49.941 RedLemon[58317:480578] [AUTO_EXIT_CHECK] playbackFinished: false, isPlaying: true
2026-01-21 03:21:49.942 RedLemon[58317:480578] [AUTO_EXIT_CHECK] Position: 5336.753s / Duration: 5406.99s
2026-01-21 03:21:49.942 RedLemon[58317:480578] [AUTO_EXIT_CHECK] Checking EOF conditions...
2026-01-21 03:21:49.942 RedLemon[58317:480578] [AUTO_EXIT_CHECK] No exit condition met - continuing to monitor...
2026-01-21 03:21:50.985 RedLemon[58317:480578] [AUTO_EXIT_CHECK] isEventPlayback: true
2026-01-21 03:21:50.986 RedLemon[58317:480578] [AUTO_EXIT_CHECK] isLoading: false, isResolvingStream: false
2026-01-21 03:21:50.986 RedLemon[58317:480578] [AUTO_EXIT_CHECK] playbackFinished: false, isPlaying: true
2026-01-21 03:21:50.986 RedLemon[58317:480578] [AUTO_EXIT_CHECK] Position: 5337.629s / Duration: 5406.99s
2026-01-21 03:21:50.986 RedLemon[58317:480578] [AUTO_EXIT_CHECK] Checking EOF conditions...
2026-01-21 03:21:50.986 RedLemon[58317:480578] [AUTO_EXIT_CHECK] No exit condition met - continuing to monitor...
2026-01-21 03:21:51.985 RedLemon[58317:480578] [AUTO_EXIT_CHECK] isEventPlayback: true
2026-01-21 03:21:51.985 RedLemon[58317:480578] [AUTO_EXIT_CHECK] isLoading: false, isResolvingStream: false
2026-01-21 03:21:51.986 RedLemon[58317:480578] [AUTO_EXIT_CHECK] playbackFinished: false, isPlaying: true
2026-01-21 03:21:51.986 RedLemon[58317:480578] [AUTO_EXIT_CHECK] Position: 5338.797s / Duration: 5406.99s
2026-01-21 03:21:51.986 RedLemon[58317:480578] [AUTO_EXIT_CHECK] Checking EOF conditions...
2026-01-21 03:21:51.986 RedLemon[58317:480578] [AUTO_EXIT_CHECK] No exit condition met - continuing to monitor...
2026-01-21 03:21:52.947 RedLemon[58317:480578] [AUTO_EXIT_CHECK] isEventPlayback: true
2026-01-21 03:21:52.948 RedLemon[58317:480578] [AUTO_EXIT_CHECK] isLoading: false, isResolvingStream: false
2026-01-21 03:21:52.948 RedLemon[58317:480578] [AUTO_EXIT_CHECK] playbackFinished: false, isPlaying: true
2026-01-21 03:21:52.948 RedLemon[58317:480578] [AUTO_EXIT_CHECK] Position: 5339.673s / Duration: 5406.99s
2026-01-21 03:21:52.948 RedLemon[58317:480578] [AUTO_EXIT_CHECK] Checking EOF conditions...
2026-01-21 03:21:52.948 RedLemon[58317:480578] [AUTO_EXIT_CHECK] No exit condition met - continuing to monitor...
2026-01-21 03:21:53.946 RedLemon[58317:480578] [AUTO_EXIT_CHECK] isEventPlayback: true
2026-01-21 03:21:53.946 RedLemon[58317:480578] [AUTO_EXIT_CHECK] isLoading: false, isResolvingStream: false
2026-01-21 03:21:53.946 RedLemon[58317:480578] [AUTO_EXIT_CHECK] playbackFinished: false, isPlaying: true
2026-01-21 03:21:53.947 RedLemon[58317:480578] [AUTO_EXIT_CHECK] Position: 5340.549s / Duration: 5406.99s
2026-01-21 03:21:53.947 RedLemon[58317:480578] [AUTO_EXIT_CHECK] Checking EOF conditions...
2026-01-21 03:21:53.947 RedLemon[58317:480578] [AUTO_EXIT_CHECK] No exit condition met - continuing to monitor...
2026-01-21 03:21:54.948 RedLemon[58317:480578] [AUTO_EXIT_CHECK] isEventPlayback: true
2026-01-21 03:21:54.948 RedLemon[58317:480578] [AUTO_EXIT_CHECK] isLoading: false, isResolvingStream: false
2026-01-21 03:21:54.948 RedLemon[58317:480578] [AUTO_EXIT_CHECK] playbackFinished: false, isPlaying: true
2026-01-21 03:21:54.948 RedLemon[58317:480578] [AUTO_EXIT_CHECK] Position: 5341.717s / Duration: 5406.99s
2026-01-21 03:21:54.949 RedLemon[58317:480578] [AUTO_EXIT_CHECK] Checking EOF conditions...
2026-01-21 03:21:54.949 RedLemon[58317:480578] [AUTO_EXIT_CHECK] No exit condition met - continuing to monitor...
2026-01-21 03:21:55.989 RedLemon[58317:480578] [AUTO_EXIT_CHECK] isEventPlayback: true
2026-01-21 03:21:55.990 RedLemon[58317:480578] [AUTO_EXIT_CHECK] isLoading: false, isResolvingStream: false
2026-01-21 03:21:55.990 RedLemon[58317:480578] [AUTO_EXIT_CHECK] playbackFinished: false, isPlaying: true
2026-01-21 03:21:55.990 RedLemon[58317:480578] [AUTO_EXIT_CHECK] Position: 5342.593s / Duration: 5406.99s
2026-01-21 03:21:55.990 RedLemon[58317:480578] [AUTO_EXIT_CHECK] Checking EOF conditions...
2026-01-21 03:21:55.990 RedLemon[58317:480578] [AUTO_EXIT_CHECK] No exit condition met - continuing to monitor...
2026-01-21 03:21:56.951 RedLemon[58317:480578] [AUTO_EXIT_CHECK] isEventPlayback: true
2026-01-21 03:21:56.951 RedLemon[58317:480578] [AUTO_EXIT_CHECK] isLoading: false, isResolvingStream: false
2026-01-21 03:21:56.951 RedLemon[58317:480578] [AUTO_EXIT_CHECK] playbackFinished: false, isPlaying: true
2026-01-21 03:21:56.952 RedLemon[58317:480578] [AUTO_EXIT_CHECK] Position: 5343.7609999999995s / Duration: 5406.99s
2026-01-21 03:21:56.952 RedLemon[58317:480578] [AUTO_EXIT_CHECK] Checking EOF conditions...
2026-01-21 03:21:56.952 RedLemon[58317:480578] [AUTO_EXIT_CHECK] No exit condition met - continuing to monitor...
2026-01-21 03:21:57.952 RedLemon[58317:480578] [AUTO_EXIT_CHECK] isEventPlayback: true
2026-01-21 03:21:57.952 RedLemon[58317:480578] [AUTO_EXIT_CHECK] isLoading: false, isResolvingStream: false
2026-01-21 03:21:57.952 RedLemon[58317:480578] [AUTO_EXIT_CHECK] playbackFinished: false, isPlaying: true
2026-01-21 03:21:57.952 RedLemon[58317:480578] [AUTO_EXIT_CHECK] Position: 5344.6359999999995s / Duration: 5406.99s
2026-01-21 03:21:57.952 RedLemon[58317:480578] [AUTO_EXIT_CHECK] Checking EOF conditions...
2026-01-21 03:21:57.952 RedLemon[58317:480578] [AUTO_EXIT_CHECK] No exit condition met - continuing to monitor...
2026-01-21 03:21:58.951 RedLemon[58317:480578] [AUTO_EXIT_CHECK] isEventPlayback: true
2026-01-21 03:21:58.951 RedLemon[58317:480578] [AUTO_EXIT_CHECK] isLoading: false, isResolvingStream: false
2026-01-21 03:21:58.951 RedLemon[58317:480578] [AUTO_EXIT_CHECK] playbackFinished: false, isPlaying: true
2026-01-21 03:21:58.951 RedLemon[58317:480578] [AUTO_EXIT_CHECK] Position: 5345.513s / Duration: 5406.99s
2026-01-21 03:21:58.952 RedLemon[58317:480578] [AUTO_EXIT_CHECK] Checking EOF conditions...
2026-01-21 03:21:58.952 RedLemon[58317:480578] [AUTO_EXIT_CHECK] No exit condition met - continuing to monitor...
2026-01-21 03:21:59.953 RedLemon[58317:480578] [AUTO_EXIT_CHECK] isEventPlayback: true
2026-01-21 03:21:59.953 RedLemon[58317:480578] [AUTO_EXIT_CHECK] isLoading: false, isResolvingStream: false
2026-01-21 03:21:59.953 RedLemon[58317:480578] [AUTO_EXIT_CHECK] playbackFinished: false, isPlaying: true
2026-01-21 03:21:59.953 RedLemon[58317:480578] [AUTO_EXIT_CHECK] Position: 5346.639s / Duration: 5407.0496666690005s
2026-01-21 03:21:59.953 RedLemon[58317:480578] [AUTO_EXIT_CHECK] Checking EOF conditions...
2026-01-21 03:21:59.953 RedLemon[58317:480578] [AUTO_EXIT_CHECK] No exit condition met - continuing to monitor...
2026-01-21 03:22:00.994 RedLemon[58317:480578] [AUTO_EXIT_CHECK] isEventPlayback: true
2026-01-21 03:22:00.994 RedLemon[58317:480578] [AUTO_EXIT_CHECK] isLoading: false, isResolvingStream: false
2026-01-21 03:22:00.994 RedLemon[58317:480578] [AUTO_EXIT_CHECK] playbackFinished: false, isPlaying: true
2026-01-21 03:22:00.994 RedLemon[58317:480578] [AUTO_EXIT_CHECK] Position: 5347.806s / Duration: 5407.0496666690005s
2026-01-21 03:22:00.994 RedLemon[58317:480578] [AUTO_EXIT_CHECK] Checking EOF conditions...
2026-01-21 03:22:00.995 RedLemon[58317:480578] [AUTO_EXIT_CHECK] No exit condition met - continuing to monitor...
2026-01-21 03:22:01.955 RedLemon[58317:480578] [AUTO_EXIT_CHECK] isEventPlayback: true
2026-01-21 03:22:01.955 RedLemon[58317:480578] [AUTO_EXIT_CHECK] isLoading: false, isResolvingStream: false
2026-01-21 03:22:01.955 RedLemon[58317:480578] [AUTO_EXIT_CHECK] playbackFinished: false, isPlaying: true
2026-01-21 03:22:01.955 RedLemon[58317:480578] [AUTO_EXIT_CHECK] Position: 5348.682s / Duration: 5407.0496666690005s
2026-01-21 03:22:01.955 RedLemon[58317:480578] [AUTO_EXIT_CHECK] Checking EOF conditions...
2026-01-21 03:22:01.955 RedLemon[58317:480578] [AUTO_EXIT_CHECK] No exit condition met - continuing to monitor...
2026-01-21 03:22:02.213 RedLemon[58317:483368] 🔐 SupabaseClient: Signing Identity Payload: '1768983722656daa91-33b4-4688-9135-c982ea52d7c9/rpc/room_heartbeat'
2026-01-21 03:22:02.214 RedLemon[58317:483368] 🔐 Signed request to /rpc/room_heartbeat
2026-01-21 03:22:02.955 RedLemon[58317:480578] [AUTO_EXIT_CHECK] isEventPlayback: true
2026-01-21 03:22:02.956 RedLemon[58317:480578] [AUTO_EXIT_CHECK] isLoading: false, isResolvingStream: false
2026-01-21 03:22:02.956 RedLemon[58317:480578] [AUTO_EXIT_CHECK] playbackFinished: false, isPlaying: true
2026-01-21 03:22:02.956 RedLemon[58317:480578] [AUTO_EXIT_CHECK] Position: 5349.558s / Duration: 5407.0496666690005s
2026-01-21 03:22:02.956 RedLemon[58317:480578] [AUTO_EXIT_CHECK] Checking EOF conditions...
2026-01-21 03:22:02.956 RedLemon[58317:480578] [AUTO_EXIT_CHECK] No exit condition met - continuing to monitor...
2026-01-21 03:22:03.955 RedLemon[58317:480578] [AUTO_EXIT_CHECK] isEventPlayback: true
2026-01-21 03:22:03.956 RedLemon[58317:480578] [AUTO_EXIT_CHECK] isLoading: false, isResolvingStream: false
2026-01-21 03:22:03.956 RedLemon[58317:480578] [AUTO_EXIT_CHECK] playbackFinished: false, isPlaying: true
2026-01-21 03:22:03.956 RedLemon[58317:480578] [AUTO_EXIT_CHECK] Position: 5350.726s / Duration: 5407.0496666690005s
2026-01-21 03:22:03.956 RedLemon[58317:480578] [AUTO_EXIT_CHECK] Checking EOF conditions...
2026-01-21 03:22:03.956 RedLemon[58317:480578] [AUTO_EXIT_CHECK] No exit condition met - continuing to monitor...
2026-01-21 03:22:04.999 RedLemon[58317:480578] [AUTO_EXIT_CHECK] isEventPlayback: true
2026-01-21 03:22:04.999 RedLemon[58317:480578] [AUTO_EXIT_CHECK] isLoading: false, isResolvingStream: false
2026-01-21 03:22:04.999 RedLemon[58317:480578] [AUTO_EXIT_CHECK] playbackFinished: false, isPlaying: true
2026-01-21 03:22:05.000 RedLemon[58317:480578] [AUTO_EXIT_CHECK] Position: 5351.601s / Duration: 5407.0496666690005s
2026-01-21 03:22:05.000 RedLemon[58317:480578] [AUTO_EXIT_CHECK] Checking EOF conditions...
2026-01-21 03:22:05.000 RedLemon[58317:480578] [AUTO_EXIT_CHECK] No exit condition met - continuing to monitor...
2026-01-21 03:22:06.044 RedLemon[58317:480578] [AUTO_EXIT_CHECK] isEventPlayback: true
2026-01-21 03:22:06.044 RedLemon[58317:480578] [AUTO_EXIT_CHECK] isLoading: false, isResolvingStream: false
2026-01-21 03:22:06.044 RedLemon[58317:480578] [AUTO_EXIT_CHECK] playbackFinished: false, isPlaying: true
2026-01-21 03:22:06.044 RedLemon[58317:480578] [AUTO_EXIT_CHECK] Position: 5352.7699999999995s / Duration: 5407.0496666690005s
2026-01-21 03:22:06.044 RedLemon[58317:480578] [AUTO_EXIT_CHECK] Checking EOF conditions...
2026-01-21 03:22:06.044 RedLemon[58317:480578] [AUTO_EXIT_CHECK] No exit condition met - continuing to monitor...
2026-01-21 03:22:06.962 RedLemon[58317:480578] [AUTO_EXIT_CHECK] isEventPlayback: true
2026-01-21 03:22:06.962 RedLemon[58317:480578] [AUTO_EXIT_CHECK] isLoading: false, isResolvingStream: false
2026-01-21 03:22:06.962 RedLemon[58317:480578] [AUTO_EXIT_CHECK] playbackFinished: false, isPlaying: true
2026-01-21 03:22:06.962 RedLemon[58317:480578] [AUTO_EXIT_CHECK] Position: 5353.6449999999995s / Duration: 5407.0496666690005s
2026-01-21 03:22:06.963 RedLemon[58317:480578] [AUTO_EXIT_CHECK] Checking EOF conditions...
2026-01-21 03:22:06.963 RedLemon[58317:480578] [AUTO_EXIT_CHECK] No exit condition met - continuing to monitor...
2026-01-21 03:22:07.959 RedLemon[58317:480578] [AUTO_EXIT_CHECK] isEventPlayback: true
2026-01-21 03:22:07.960 RedLemon[58317:480578] [AUTO_EXIT_CHECK] isLoading: false, isResolvingStream: false
2026-01-21 03:22:07.960 RedLemon[58317:480578] [AUTO_EXIT_CHECK] playbackFinished: false, isPlaying: true
2026-01-21 03:22:07.960 RedLemon[58317:480578] [AUTO_EXIT_CHECK] Position: 5354.521s / Duration: 5407.0496666690005s
2026-01-21 03:22:07.960 RedLemon[58317:480578] [AUTO_EXIT_CHECK] Checking EOF conditions...
2026-01-21 03:22:07.961 RedLemon[58317:480578] [AUTO_EXIT_CHECK] No exit condition met - continuing to monitor...
2026-01-21 03:22:08.961 RedLemon[58317:480578] [AUTO_EXIT_CHECK] isEventPlayback: true
2026-01-21 03:22:08.961 RedLemon[58317:480578] [AUTO_EXIT_CHECK] isLoading: false, isResolvingStream: false
2026-01-21 03:22:08.961 RedLemon[58317:480578] [AUTO_EXIT_CHECK] playbackFinished: false, isPlaying: true
2026-01-21 03:22:08.962 RedLemon[58317:480578] [AUTO_EXIT_CHECK] Position: 5355.688999999999s / Duration: 5407.0496666690005s
2026-01-21 03:22:08.962 RedLemon[58317:480578] [AUTO_EXIT_CHECK] Checking EOF conditions...
2026-01-21 03:22:08.962 RedLemon[58317:480578] [AUTO_EXIT_CHECK] No exit condition met - continuing to monitor...
2026-01-21 03:22:09.961 RedLemon[58317:480578] [AUTO_EXIT_CHECK] isEventPlayback: true
2026-01-21 03:22:09.962 RedLemon[58317:480578] [AUTO_EXIT_CHECK] isLoading: false, isResolvingStream: false
2026-01-21 03:22:09.962 RedLemon[58317:480578] [AUTO_EXIT_CHECK] playbackFinished: false, isPlaying: true
2026-01-21 03:22:09.962 RedLemon[58317:480578] [AUTO_EXIT_CHECK] Position: 5356.565s / Duration: 5407.0496666690005s
2026-01-21 03:22:09.962 RedLemon[58317:480578] [AUTO_EXIT_CHECK] Checking EOF conditions...
2026-01-21 03:22:09.962 RedLemon[58317:480578] [AUTO_EXIT_CHECK] No exit condition met - continuing to monitor...
2026-01-21 03:22:10.966 RedLemon[58317:480578] [AUTO_EXIT_CHECK] isEventPlayback: true
2026-01-21 03:22:10.966 RedLemon[58317:480578] [AUTO_EXIT_CHECK] isLoading: false, isResolvingStream: false
2026-01-21 03:22:10.966 RedLemon[58317:480578] [AUTO_EXIT_CHECK] playbackFinished: false, isPlaying: true
2026-01-21 03:22:10.966 RedLemon[58317:480578] [AUTO_EXIT_CHECK] Position: 5357.733s / Duration: 5407.0496666690005s
2026-01-21 03:22:10.966 RedLemon[58317:480578] [AUTO_EXIT_CHECK] Checking EOF conditions...
2026-01-21 03:22:10.966 RedLemon[58317:480578] [AUTO_EXIT_CHECK] No exit condition met - continuing to monitor...
2026-01-21 03:22:11.965 RedLemon[58317:480578] [AUTO_EXIT_CHECK] isEventPlayback: true
2026-01-21 03:22:11.965 RedLemon[58317:480578] [AUTO_EXIT_CHECK] isLoading: false, isResolvingStream: false
2026-01-21 03:22:11.965 RedLemon[58317:480578] [AUTO_EXIT_CHECK] playbackFinished: false, isPlaying: true
2026-01-21 03:22:11.965 RedLemon[58317:480578] [AUTO_EXIT_CHECK] Position: 5358.6089999999995s / Duration: 5407.0496666690005s
2026-01-21 03:22:11.966 RedLemon[58317:480578] [AUTO_EXIT_CHECK] Checking EOF conditions...
2026-01-21 03:22:11.966 RedLemon[58317:480578] [AUTO_EXIT_CHECK] No exit condition met - continuing to monitor...
2026-01-21 03:22:12.965 RedLemon[58317:480578] [AUTO_EXIT_CHECK] isEventPlayback: true
2026-01-21 03:22:12.965 RedLemon[58317:480578] [AUTO_EXIT_CHECK] isLoading: false, isResolvingStream: false
2026-01-21 03:22:12.965 RedLemon[58317:480578] [AUTO_EXIT_CHECK] playbackFinished: false, isPlaying: true
2026-01-21 03:22:12.965 RedLemon[58317:480578] [AUTO_EXIT_CHECK] Position: 5359.777s / Duration: 5407.0496666690005s
2026-01-21 03:22:12.965 RedLemon[58317:480578] [AUTO_EXIT_CHECK] Checking EOF conditions...
2026-01-21 03:22:12.965 RedLemon[58317:480578] [AUTO_EXIT_CHECK] No exit condition met - continuing to monitor...
2026-01-21 03:22:13.927 RedLemon[58317:480578] [AUTO_EXIT_CHECK] isEventPlayback: true
2026-01-21 03:22:13.928 RedLemon[58317:480578] [AUTO_EXIT_CHECK] isLoading: false, isResolvingStream: false
2026-01-21 03:22:13.928 RedLemon[58317:480578] [AUTO_EXIT_CHECK] playbackFinished: false, isPlaying: true
2026-01-21 03:22:13.928 RedLemon[58317:480578] [AUTO_EXIT_CHECK] Position: 5360.652999999999s / Duration: 5407.0496666690005s
2026-01-21 03:22:13.928 RedLemon[58317:480578] [AUTO_EXIT_CHECK] Checking EOF conditions...
2026-01-21 03:22:13.929 RedLemon[58317:480578] [AUTO_EXIT_CHECK] No exit condition met - continuing to monitor...
2026-01-21 03:22:14.942 RedLemon[58317:480578] [AUTO_EXIT_CHECK] isEventPlayback: true
2026-01-21 03:22:14.942 RedLemon[58317:480578] [AUTO_EXIT_CHECK] isLoading: false, isResolvingStream: false
2026-01-21 03:22:14.942 RedLemon[58317:480578] [AUTO_EXIT_CHECK] playbackFinished: false, isPlaying: true
2026-01-21 03:22:14.942 RedLemon[58317:480578] [AUTO_EXIT_CHECK] Position: 5361.82s / Duration: 5407.0496666690005s
2026-01-21 03:22:14.942 RedLemon[58317:480578] [AUTO_EXIT_CHECK] Checking EOF conditions...
2026-01-21 03:22:14.942 RedLemon[58317:480578] [AUTO_EXIT_CHECK] No exit condition met - continuing to monitor...
2026-01-21 03:22:15.926 RedLemon[58317:480578] [AUTO_EXIT_CHECK] isEventPlayback: true
2026-01-21 03:22:15.926 RedLemon[58317:480578] [AUTO_EXIT_CHECK] isLoading: false, isResolvingStream: false
2026-01-21 03:22:15.926 RedLemon[58317:480578] [AUTO_EXIT_CHECK] playbackFinished: false, isPlaying: true
2026-01-21 03:22:15.926 RedLemon[58317:480578] [AUTO_EXIT_CHECK] Position: 5362.696s / Duration: 5407.0496666690005s
2026-01-21 03:22:15.926 RedLemon[58317:480578] [AUTO_EXIT_CHECK] Checking EOF conditions...
2026-01-21 03:22:15.927 RedLemon[58317:480578] [AUTO_EXIT_CHECK] No exit condition met - continuing to monitor...
2026-01-21 03:22:16.926 RedLemon[58317:480578] [AUTO_EXIT_CHECK] isEventPlayback: true
2026-01-21 03:22:16.926 RedLemon[58317:480578] [AUTO_EXIT_CHECK] isLoading: false, isResolvingStream: false
2026-01-21 03:22:16.927 RedLemon[58317:480578] [AUTO_EXIT_CHECK] playbackFinished: false, isPlaying: true
2026-01-21 03:22:16.927 RedLemon[58317:480578] [AUTO_EXIT_CHECK] Position: 5363.572s / Duration: 5407.0496666690005s
2026-01-21 03:22:16.927 RedLemon[58317:480578] [AUTO_EXIT_CHECK] Checking EOF conditions...
2026-01-21 03:22:16.927 RedLemon[58317:480578] [AUTO_EXIT_CHECK] No exit condition met - continuing to monitor...
2026-01-21 03:22:17.927 RedLemon[58317:480578] [AUTO_EXIT_CHECK] isEventPlayback: true
2026-01-21 03:22:17.927 RedLemon[58317:480578] [AUTO_EXIT_CHECK] isLoading: false, isResolvingStream: false
2026-01-21 03:22:17.928 RedLemon[58317:480578] [AUTO_EXIT_CHECK] playbackFinished: false, isPlaying: true
2026-01-21 03:22:17.928 RedLemon[58317:480578] [AUTO_EXIT_CHECK] Position: 5364.739s / Duration: 5407.0496666690005s
2026-01-21 03:22:17.928 RedLemon[58317:480578] [AUTO_EXIT_CHECK] Checking EOF conditions...
2026-01-21 03:22:17.928 RedLemon[58317:480578] [AUTO_EXIT_CHECK] No exit condition met - continuing to monitor...
2026-01-21 03:22:18.931 RedLemon[58317:480578] [AUTO_EXIT_CHECK] isEventPlayback: true
2026-01-21 03:22:18.931 RedLemon[58317:480578] [AUTO_EXIT_CHECK] isLoading: false, isResolvingStream: false
2026-01-21 03:22:18.931 RedLemon[58317:480578] [AUTO_EXIT_CHECK] playbackFinished: false, isPlaying: true
2026-01-21 03:22:18.931 RedLemon[58317:480578] [AUTO_EXIT_CHECK] Position: 5365.615s / Duration: 5407.0496666690005s
2026-01-21 03:22:18.931 RedLemon[58317:480578] [AUTO_EXIT_CHECK] Checking EOF conditions...
2026-01-21 03:22:18.931 RedLemon[58317:480578] [AUTO_EXIT_CHECK] No exit condition met - continuing to monitor...
2026-01-21 03:22:20.096 RedLemon[58317:480578] [AUTO_EXIT_CHECK] isEventPlayback: true
2026-01-21 03:22:20.097 RedLemon[58317:480578] [AUTO_EXIT_CHECK] isLoading: false, isResolvingStream: false
2026-01-21 03:22:20.097 RedLemon[58317:480578] [AUTO_EXIT_CHECK] playbackFinished: false, isPlaying: true
2026-01-21 03:22:20.097 RedLemon[58317:480578] [AUTO_EXIT_CHECK] Position: 5366.782999999999s / Duration: 5407.0496666690005s
2026-01-21 03:22:20.097 RedLemon[58317:480578] [AUTO_EXIT_CHECK] Checking EOF conditions...
2026-01-21 03:22:20.097 RedLemon[58317:480578] [AUTO_EXIT_CHECK] No exit condition met - continuing to monitor...
2026-01-21 03:22:20.932 RedLemon[58317:480578] [AUTO_EXIT_CHECK] isEventPlayback: true
2026-01-21 03:22:20.932 RedLemon[58317:480578] [AUTO_EXIT_CHECK] isLoading: false, isResolvingStream: false
2026-01-21 03:22:20.932 RedLemon[58317:480578] [AUTO_EXIT_CHECK] playbackFinished: false, isPlaying: true
2026-01-21 03:22:20.933 RedLemon[58317:480578] [AUTO_EXIT_CHECK] Position: 5367.659s / Duration: 5407.0496666690005s
2026-01-21 03:22:20.933 RedLemon[58317:480578] [AUTO_EXIT_CHECK] Checking EOF conditions...
2026-01-21 03:22:20.933 RedLemon[58317:480578] [AUTO_EXIT_CHECK] No exit condition met - continuing to monitor...
2026-01-21 03:22:21.932 RedLemon[58317:480578] [AUTO_EXIT_CHECK] isEventPlayback: true
2026-01-21 03:22:21.933 RedLemon[58317:480578] [AUTO_EXIT_CHECK] isLoading: false, isResolvingStream: false
2026-01-21 03:22:21.933 RedLemon[58317:480578] [AUTO_EXIT_CHECK] playbackFinished: false, isPlaying: true
2026-01-21 03:22:21.933 RedLemon[58317:480578] [AUTO_EXIT_CHECK] Position: 5368.535s / Duration: 5407.0496666690005s
2026-01-21 03:22:21.933 RedLemon[58317:480578] [AUTO_EXIT_CHECK] Checking EOF conditions...
2026-01-21 03:22:21.933 RedLemon[58317:480578] [AUTO_EXIT_CHECK] No exit condition met - continuing to monitor...
2026-01-21 03:22:22.934 RedLemon[58317:480578] [AUTO_EXIT_CHECK] isEventPlayback: true
2026-01-21 03:22:22.934 RedLemon[58317:480578] [AUTO_EXIT_CHECK] isLoading: false, isResolvingStream: false
2026-01-21 03:22:22.934 RedLemon[58317:480578] [AUTO_EXIT_CHECK] playbackFinished: false, isPlaying: true
2026-01-21 03:22:22.935 RedLemon[58317:480578] [AUTO_EXIT_CHECK] Position: 5369.7029999999995s / Duration: 5407.0496666690005s
2026-01-21 03:22:22.935 RedLemon[58317:480578] [AUTO_EXIT_CHECK] Checking EOF conditions...
2026-01-21 03:22:22.935 RedLemon[58317:480578] [AUTO_EXIT_CHECK] No exit condition met - continuing to monitor...
2026-01-21 03:22:23.935 RedLemon[58317:480578] [AUTO_EXIT_CHECK] isEventPlayback: true
2026-01-21 03:22:23.935 RedLemon[58317:480578] [AUTO_EXIT_CHECK] isLoading: false, isResolvingStream: false
2026-01-21 03:22:23.935 RedLemon[58317:480578] [AUTO_EXIT_CHECK] playbackFinished: false, isPlaying: true
2026-01-21 03:22:23.936 RedLemon[58317:480578] [AUTO_EXIT_CHECK] Position: 5370.579s / Duration: 5407.0496666690005s
2026-01-21 03:22:23.936 RedLemon[58317:480578] [AUTO_EXIT_CHECK] Checking EOF conditions...
2026-01-21 03:22:23.936 RedLemon[58317:480578] [AUTO_EXIT_CHECK] No exit condition met - continuing to monitor...
2026-01-21 03:22:24.935 RedLemon[58317:480578] [AUTO_EXIT_CHECK] isEventPlayback: true
2026-01-21 03:22:24.935 RedLemon[58317:480578] [AUTO_EXIT_CHECK] isLoading: false, isResolvingStream: false
2026-01-21 03:22:24.935 RedLemon[58317:480578] [AUTO_EXIT_CHECK] playbackFinished: false, isPlaying: true
2026-01-21 03:22:24.935 RedLemon[58317:480578] [AUTO_EXIT_CHECK] Position: 5371.746999999999s / Duration: 5407.0496666690005s
2026-01-21 03:22:24.935 RedLemon[58317:480578] [AUTO_EXIT_CHECK] Checking EOF conditions...
2026-01-21 03:22:24.935 RedLemon[58317:480578] [AUTO_EXIT_CHECK] No exit condition met - continuing to monitor...
2026-01-21 03:22:25.937 RedLemon[58317:480578] [AUTO_EXIT_CHECK] isEventPlayback: true
2026-01-21 03:22:25.937 RedLemon[58317:480578] [AUTO_EXIT_CHECK] isLoading: false, isResolvingStream: false
2026-01-21 03:22:25.938 RedLemon[58317:480578] [AUTO_EXIT_CHECK] playbackFinished: false, isPlaying: true
2026-01-21 03:22:25.938 RedLemon[58317:480578] [AUTO_EXIT_CHECK] Position: 5372.623s / Duration: 5407.0496666690005s
2026-01-21 03:22:25.938 RedLemon[58317:480578] [AUTO_EXIT_CHECK] Checking EOF conditions...
2026-01-21 03:22:25.938 RedLemon[58317:480578] [AUTO_EXIT_CHECK] No exit condition met - continuing to monitor...
2026-01-21 03:22:26.937 RedLemon[58317:480578] [AUTO_EXIT_CHECK] isEventPlayback: true
2026-01-21 03:22:26.937 RedLemon[58317:480578] [AUTO_EXIT_CHECK] isLoading: false, isResolvingStream: false
2026-01-21 03:22:26.937 RedLemon[58317:480578] [AUTO_EXIT_CHECK] playbackFinished: false, isPlaying: true
2026-01-21 03:22:26.937 RedLemon[58317:480578] [AUTO_EXIT_CHECK] Position: 5373.498s / Duration: 5407.0496666690005s
2026-01-21 03:22:26.937 RedLemon[58317:480578] [AUTO_EXIT_CHECK] Checking EOF conditions...
2026-01-21 03:22:26.937 RedLemon[58317:480578] [AUTO_EXIT_CHECK] No exit condition met - continuing to monitor...
2026-01-21 03:22:27.940 RedLemon[58317:480578] [AUTO_EXIT_CHECK] isEventPlayback: true
2026-01-21 03:22:27.940 RedLemon[58317:480578] [AUTO_EXIT_CHECK] isLoading: false, isResolvingStream: false
2026-01-21 03:22:27.940 RedLemon[58317:480578] [AUTO_EXIT_CHECK] playbackFinished: false, isPlaying: true
2026-01-21 03:22:27.941 RedLemon[58317:480578] [AUTO_EXIT_CHECK] Position: 5374.666s / Duration: 5407.0496666690005s
2026-01-21 03:22:27.941 RedLemon[58317:480578] [AUTO_EXIT_CHECK] Checking EOF conditions...
2026-01-21 03:22:27.941 RedLemon[58317:480578] [AUTO_EXIT_CHECK] No exit condition met - continuing to monitor...
2026-01-21 03:22:28.984 RedLemon[58317:480578] [AUTO_EXIT_CHECK] isEventPlayback: true
2026-01-21 03:22:28.984 RedLemon[58317:480578] [AUTO_EXIT_CHECK] isLoading: false, isResolvingStream: false
2026-01-21 03:22:28.984 RedLemon[58317:480578] [AUTO_EXIT_CHECK] playbackFinished: false, isPlaying: true
2026-01-21 03:22:28.984 RedLemon[58317:480578] [AUTO_EXIT_CHECK] Position: 5375.834s / Duration: 5407.0496666690005s
2026-01-21 03:22:28.984 RedLemon[58317:480578] [AUTO_EXIT_CHECK] Checking EOF conditions...
2026-01-21 03:22:28.985 RedLemon[58317:480578] [AUTO_EXIT_CHECK] No exit condition met - continuing to monitor...
2026-01-21 03:22:29.940 RedLemon[58317:480578] [AUTO_EXIT_CHECK] isEventPlayback: true
2026-01-21 03:22:29.940 RedLemon[58317:480578] [AUTO_EXIT_CHECK] isLoading: false, isResolvingStream: false
2026-01-21 03:22:29.941 RedLemon[58317:480578] [AUTO_EXIT_CHECK] playbackFinished: false, isPlaying: true
2026-01-21 03:22:29.941 RedLemon[58317:480578] [AUTO_EXIT_CHECK] Position: 5376.71s / Duration: 5407.0496666690005s
2026-01-21 03:22:29.941 RedLemon[58317:480578] [AUTO_EXIT_CHECK] Checking EOF conditions...
2026-01-21 03:22:29.941 RedLemon[58317:480578] [AUTO_EXIT_CHECK] No exit condition met - continuing to monitor...
2026-01-21 03:22:30.940 RedLemon[58317:480578] [AUTO_EXIT_CHECK] isEventPlayback: true
2026-01-21 03:22:30.941 RedLemon[58317:480578] [AUTO_EXIT_CHECK] isLoading: false, isResolvingStream: false
2026-01-21 03:22:30.941 RedLemon[58317:480578] [AUTO_EXIT_CHECK] playbackFinished: false, isPlaying: true
2026-01-21 03:22:30.941 RedLemon[58317:480578] [AUTO_EXIT_CHECK] Position: 5377.585999999999s / Duration: 5407.0496666690005s
2026-01-21 03:22:30.941 RedLemon[58317:480578] [AUTO_EXIT_CHECK] Checking EOF conditions...
2026-01-21 03:22:30.941 RedLemon[58317:480578] [AUTO_EXIT_CHECK] No exit condition met - continuing to monitor...
2026-01-21 03:22:31.946 RedLemon[58317:480578] [AUTO_EXIT_CHECK] isEventPlayback: true
2026-01-21 03:22:31.946 RedLemon[58317:480578] [AUTO_EXIT_CHECK] isLoading: false, isResolvingStream: false
2026-01-21 03:22:31.946 RedLemon[58317:480578] [AUTO_EXIT_CHECK] playbackFinished: false, isPlaying: true
2026-01-21 03:22:31.946 RedLemon[58317:480578] [AUTO_EXIT_CHECK] Position: 5378.754s / Duration: 5407.0496666690005s
2026-01-21 03:22:31.946 RedLemon[58317:480578] [AUTO_EXIT_CHECK] Checking EOF conditions...
2026-01-21 03:22:31.947 RedLemon[58317:480578] [AUTO_EXIT_CHECK] No exit condition met - continuing to monitor...
2026-01-21 03:22:32.404 RedLemon[58317:483368] 🔐 SupabaseClient: Signing Identity Payload: '1768983752656daa91-33b4-4688-9135-c982ea52d7c9/rpc/room_heartbeat'
2026-01-21 03:22:32.405 RedLemon[58317:483368] 🔐 Signed request to /rpc/room_heartbeat
2026-01-21 03:22:32.945 RedLemon[58317:480578] [AUTO_EXIT_CHECK] isEventPlayback: true
2026-01-21 03:22:32.945 RedLemon[58317:480578] [AUTO_EXIT_CHECK] isLoading: false, isResolvingStream: false
2026-01-21 03:22:32.945 RedLemon[58317:480578] [AUTO_EXIT_CHECK] playbackFinished: false, isPlaying: true
2026-01-21 03:22:32.945 RedLemon[58317:480578] [AUTO_EXIT_CHECK] Position: 5379.63s / Duration: 5407.0496666690005s
2026-01-21 03:22:32.945 RedLemon[58317:480578] [AUTO_EXIT_CHECK] Checking EOF conditions...
2026-01-21 03:22:32.945 RedLemon[58317:480578] [AUTO_EXIT_CHECK] No exit condition met - continuing to monitor...
2026-01-21 03:22:33.943 RedLemon[58317:480578] [AUTO_EXIT_CHECK] isEventPlayback: true
2026-01-21 03:22:33.944 RedLemon[58317:480578] [AUTO_EXIT_CHECK] isLoading: false, isResolvingStream: false
2026-01-21 03:22:33.944 RedLemon[58317:480578] [AUTO_EXIT_CHECK] playbackFinished: false, isPlaying: true
2026-01-21 03:22:33.944 RedLemon[58317:480578] [AUTO_EXIT_CHECK] Position: 5380.797s / Duration: 5407.0496666690005s
2026-01-21 03:22:33.944 RedLemon[58317:480578] [AUTO_EXIT_CHECK] Checking EOF conditions...
2026-01-21 03:22:33.944 RedLemon[58317:480578] [AUTO_EXIT_CHECK] No exit condition met - continuing to monitor...
2026-01-21 03:22:34.945 RedLemon[58317:480578] [AUTO_EXIT_CHECK] isEventPlayback: true
2026-01-21 03:22:34.946 RedLemon[58317:480578] [AUTO_EXIT_CHECK] isLoading: false, isResolvingStream: false
2026-01-21 03:22:34.946 RedLemon[58317:480578] [AUTO_EXIT_CHECK] playbackFinished: false, isPlaying: true
2026-01-21 03:22:34.946 RedLemon[58317:480578] [AUTO_EXIT_CHECK] Position: 5381.673s / Duration: 5407.0496666690005s
2026-01-21 03:22:34.946 RedLemon[58317:480578] [AUTO_EXIT_CHECK] Checking EOF conditions...
2026-01-21 03:22:34.946 RedLemon[58317:480578] [AUTO_EXIT_CHECK] No exit condition met - continuing to monitor...
2026-01-21 03:22:35.946 RedLemon[58317:480578] [AUTO_EXIT_CHECK] isEventPlayback: true
2026-01-21 03:22:35.946 RedLemon[58317:480578] [AUTO_EXIT_CHECK] isLoading: false, isResolvingStream: false
2026-01-21 03:22:35.946 RedLemon[58317:480578] [AUTO_EXIT_CHECK] playbackFinished: false, isPlaying: true
2026-01-21 03:22:35.946 RedLemon[58317:480578] [AUTO_EXIT_CHECK] Position: 5382.549s / Duration: 5407.0496666690005s
2026-01-21 03:22:35.946 RedLemon[58317:480578] [AUTO_EXIT_CHECK] Checking EOF conditions...
2026-01-21 03:22:35.946 RedLemon[58317:480578] [AUTO_EXIT_CHECK] No exit condition met - continuing to monitor...
2026-01-21 03:22:36.950 RedLemon[58317:480578] [AUTO_EXIT_CHECK] isEventPlayback: true
2026-01-21 03:22:36.952 RedLemon[58317:480578] [AUTO_EXIT_CHECK] isLoading: false, isResolvingStream: false
2026-01-21 03:22:36.952 RedLemon[58317:480578] [AUTO_EXIT_CHECK] playbackFinished: false, isPlaying: true
2026-01-21 03:22:36.953 RedLemon[58317:480578] [AUTO_EXIT_CHECK] Position: 5383.717s / Duration: 5407.0496666690005s
2026-01-21 03:22:36.953 RedLemon[58317:480578] [AUTO_EXIT_CHECK] Checking EOF conditions...
2026-01-21 03:22:36.953 RedLemon[58317:480578] [AUTO_EXIT_CHECK] No exit condition met - continuing to monitor...
2026-01-21 03:22:37.991 RedLemon[58317:480578] [AUTO_EXIT_CHECK] isEventPlayback: true
2026-01-21 03:22:37.991 RedLemon[58317:480578] [AUTO_EXIT_CHECK] isLoading: false, isResolvingStream: false
2026-01-21 03:22:37.991 RedLemon[58317:480578] [AUTO_EXIT_CHECK] playbackFinished: false, isPlaying: true
2026-01-21 03:22:37.991 RedLemon[58317:480578] [AUTO_EXIT_CHECK] Position: 5384.593s / Duration: 5407.0496666690005s
2026-01-21 03:22:37.992 RedLemon[58317:480578] [AUTO_EXIT_CHECK] Checking EOF conditions...
2026-01-21 03:22:37.992 RedLemon[58317:480578] [AUTO_EXIT_CHECK] No exit condition met - continuing to monitor...
2026-01-21 03:22:38.949 RedLemon[58317:480578] [AUTO_EXIT_CHECK] isEventPlayback: true
2026-01-21 03:22:38.949 RedLemon[58317:480578] [AUTO_EXIT_CHECK] isLoading: false, isResolvingStream: false
2026-01-21 03:22:38.950 RedLemon[58317:480578] [AUTO_EXIT_CHECK] playbackFinished: false, isPlaying: true
2026-01-21 03:22:38.950 RedLemon[58317:480578] [AUTO_EXIT_CHECK] Position: 5385.759999999999s / Duration: 5407.0496666690005s
2026-01-21 03:22:38.950 RedLemon[58317:480578] [AUTO_EXIT_CHECK] Checking EOF conditions...
2026-01-21 03:22:38.950 RedLemon[58317:480578] [AUTO_EXIT_CHECK] No exit condition met - continuing to monitor...
2026-01-21 03:22:39.952 RedLemon[58317:480578] [AUTO_EXIT_CHECK] isEventPlayback: true
2026-01-21 03:22:39.952 RedLemon[58317:480578] [AUTO_EXIT_CHECK] isLoading: false, isResolvingStream: false
2026-01-21 03:22:39.953 RedLemon[58317:480578] [AUTO_EXIT_CHECK] playbackFinished: false, isPlaying: true
2026-01-21 03:22:39.953 RedLemon[58317:480578] [AUTO_EXIT_CHECK] Position: 5386.637s / Duration: 5407.0496666690005s
2026-01-21 03:22:39.953 RedLemon[58317:480578] [AUTO_EXIT_CHECK] Checking EOF conditions...
2026-01-21 03:22:39.953 RedLemon[58317:480578] [AUTO_EXIT_CHECK] No exit condition met - continuing to monitor...
2026-01-21 03:22:40.955 RedLemon[58317:480578] [AUTO_EXIT_CHECK] isEventPlayback: true
2026-01-21 03:22:40.955 RedLemon[58317:480578] [AUTO_EXIT_CHECK] isLoading: false, isResolvingStream: false
2026-01-21 03:22:40.955 RedLemon[58317:480578] [AUTO_EXIT_CHECK] playbackFinished: false, isPlaying: true
2026-01-21 03:22:40.955 RedLemon[58317:480578] [AUTO_EXIT_CHECK] Position: 5387.513s / Duration: 5407.0496666690005s
2026-01-21 03:22:40.955 RedLemon[58317:480578] [AUTO_EXIT_CHECK] Checking EOF conditions...
2026-01-21 03:22:40.955 RedLemon[58317:480578] [AUTO_EXIT_CHECK] No exit condition met - continuing to monitor...
2026-01-21 03:22:41.953 RedLemon[58317:480578] [AUTO_EXIT_CHECK] isEventPlayback: true
2026-01-21 03:22:41.953 RedLemon[58317:480578] [AUTO_EXIT_CHECK] isLoading: false, isResolvingStream: false
2026-01-21 03:22:41.953 RedLemon[58317:480578] [AUTO_EXIT_CHECK] playbackFinished: false, isPlaying: true
2026-01-21 03:22:41.954 RedLemon[58317:480578] [AUTO_EXIT_CHECK] Position: 5388.679999999999s / Duration: 5407.0496666690005s
2026-01-21 03:22:41.954 RedLemon[58317:480578] [AUTO_EXIT_CHECK] Checking EOF conditions...
2026-01-21 03:22:41.954 RedLemon[58317:480578] [AUTO_EXIT_CHECK] No exit condition met - continuing to monitor...
2026-01-21 03:22:42.998 RedLemon[58317:480578] [AUTO_EXIT_CHECK] isEventPlayback: true
2026-01-21 03:22:42.998 RedLemon[58317:480578] [AUTO_EXIT_CHECK] isLoading: false, isResolvingStream: false
2026-01-21 03:22:42.998 RedLemon[58317:480578] [AUTO_EXIT_CHECK] playbackFinished: false, isPlaying: true
2026-01-21 03:22:42.998 RedLemon[58317:480578] [AUTO_EXIT_CHECK] Position: 5389.556s / Duration: 5407.0496666690005s
2026-01-21 03:22:42.998 RedLemon[58317:480578] [AUTO_EXIT_CHECK] Checking EOF conditions...
2026-01-21 03:22:42.998 RedLemon[58317:480578] [AUTO_EXIT_CHECK] No exit condition met - continuing to monitor...
2026-01-21 03:22:43.954 RedLemon[58317:480578] [AUTO_EXIT_CHECK] isEventPlayback: true
2026-01-21 03:22:43.954 RedLemon[58317:480578] [AUTO_EXIT_CHECK] isLoading: false, isResolvingStream: false
2026-01-21 03:22:43.954 RedLemon[58317:480578] [AUTO_EXIT_CHECK] playbackFinished: false, isPlaying: true
2026-01-21 03:22:43.954 RedLemon[58317:480578] [AUTO_EXIT_CHECK] Position: 5390.724s / Duration: 5407.0496666690005s
2026-01-21 03:22:43.955 RedLemon[58317:480578] [AUTO_EXIT_CHECK] Checking EOF conditions...
2026-01-21 03:22:43.955 RedLemon[58317:480578] [AUTO_EXIT_CHECK] No exit condition met - continuing to monitor...
2026-01-21 03:22:44.956 RedLemon[58317:480578] [AUTO_EXIT_CHECK] isEventPlayback: true
2026-01-21 03:22:44.956 RedLemon[58317:480578] [AUTO_EXIT_CHECK] isLoading: false, isResolvingStream: false
2026-01-21 03:22:44.956 RedLemon[58317:480578] [AUTO_EXIT_CHECK] playbackFinished: false, isPlaying: true
2026-01-21 03:22:44.956 RedLemon[58317:480578] [AUTO_EXIT_CHECK] Position: 5391.599999999999s / Duration: 5407.0496666690005s
2026-01-21 03:22:44.957 RedLemon[58317:480578] [AUTO_EXIT_CHECK] Checking EOF conditions...
2026-01-21 03:22:44.957 RedLemon[58317:480578] [AUTO_EXIT_CHECK] No exit condition met - continuing to monitor...
2026-01-21 03:22:45.958 RedLemon[58317:480578] [AUTO_EXIT_CHECK] isEventPlayback: true
2026-01-21 03:22:45.959 RedLemon[58317:480578] [AUTO_EXIT_CHECK] isLoading: false, isResolvingStream: false
2026-01-21 03:22:45.959 RedLemon[58317:480578] [AUTO_EXIT_CHECK] playbackFinished: false, isPlaying: true
2026-01-21 03:22:45.959 RedLemon[58317:480578] [AUTO_EXIT_CHECK] Position: 5392.768s / Duration: 5407.0496666690005s
2026-01-21 03:22:45.959 RedLemon[58317:480578] [AUTO_EXIT_CHECK] Checking EOF conditions...
2026-01-21 03:22:45.959 RedLemon[58317:480578] [AUTO_EXIT_CHECK] No exit condition met - continuing to monitor...
2026-01-21 03:22:46.957 RedLemon[58317:480578] [AUTO_EXIT_CHECK] isEventPlayback: true
2026-01-21 03:22:46.957 RedLemon[58317:480578] [AUTO_EXIT_CHECK] isLoading: false, isResolvingStream: false
2026-01-21 03:22:46.957 RedLemon[58317:480578] [AUTO_EXIT_CHECK] playbackFinished: false, isPlaying: true
2026-01-21 03:22:46.957 RedLemon[58317:480578] [AUTO_EXIT_CHECK] Position: 5393.643s / Duration: 5407.0496666690005s
2026-01-21 03:22:46.958 RedLemon[58317:480578] [AUTO_EXIT_CHECK] Checking EOF conditions...
2026-01-21 03:22:46.958 RedLemon[58317:480578] [AUTO_EXIT_CHECK] No exit condition met - continuing to monitor...
2026-01-21 03:22:48.002 RedLemon[58317:480578] [AUTO_EXIT_CHECK] isEventPlayback: true
2026-01-21 03:22:48.002 RedLemon[58317:480578] [AUTO_EXIT_CHECK] isLoading: false, isResolvingStream: false
2026-01-21 03:22:48.002 RedLemon[58317:480578] [AUTO_EXIT_CHECK] playbackFinished: false, isPlaying: true
2026-01-21 03:22:48.003 RedLemon[58317:480578] [AUTO_EXIT_CHECK] Position: 5394.811s / Duration: 5407.0496666690005s
2026-01-21 03:22:48.003 RedLemon[58317:480578] [AUTO_EXIT_CHECK] Checking EOF conditions...
2026-01-21 03:22:48.003 RedLemon[58317:480578] [AUTO_EXIT_CHECK] No exit condition met - continuing to monitor...
2026-01-21 03:22:48.959 RedLemon[58317:480578] [AUTO_EXIT_CHECK] isEventPlayback: true
2026-01-21 03:22:48.959 RedLemon[58317:480578] [AUTO_EXIT_CHECK] isLoading: false, isResolvingStream: false
2026-01-21 03:22:48.959 RedLemon[58317:480578] [AUTO_EXIT_CHECK] playbackFinished: false, isPlaying: true
2026-01-21 03:22:48.959 RedLemon[58317:480578] [AUTO_EXIT_CHECK] Position: 5395.688s / Duration: 5407.0496666690005s
2026-01-21 03:22:48.959 RedLemon[58317:480578] [AUTO_EXIT_CHECK] Checking EOF conditions...
2026-01-21 03:22:48.959 RedLemon[58317:480578] [AUTO_EXIT_CHECK] No exit condition met - continuing to monitor...
2026-01-21 03:22:49.961 RedLemon[58317:480578] [AUTO_EXIT_CHECK] isEventPlayback: true
2026-01-21 03:22:49.961 RedLemon[58317:480578] [AUTO_EXIT_CHECK] isLoading: false, isResolvingStream: false
2026-01-21 03:22:49.962 RedLemon[58317:480578] [AUTO_EXIT_CHECK] playbackFinished: false, isPlaying: true
2026-01-21 03:22:49.962 RedLemon[58317:480578] [AUTO_EXIT_CHECK] Position: 5396.563999999999s / Duration: 5407.0496666690005s
2026-01-21 03:22:49.962 RedLemon[58317:480578] [AUTO_EXIT_CHECK] Checking EOF conditions...
2026-01-21 03:22:49.962 RedLemon[58317:480578] [AUTO_EXIT_CHECK] No exit condition met - continuing to monitor...
2026-01-21 03:22:50.962 RedLemon[58317:480578] [AUTO_EXIT_CHECK] isEventPlayback: true
2026-01-21 03:22:50.962 RedLemon[58317:480578] [AUTO_EXIT_CHECK] isLoading: false, isResolvingStream: false
2026-01-21 03:22:50.962 RedLemon[58317:480578] [AUTO_EXIT_CHECK] playbackFinished: false, isPlaying: true
2026-01-21 03:22:50.963 RedLemon[58317:480578] [AUTO_EXIT_CHECK] Position: 5397.731s / Duration: 5407.0496666690005s
2026-01-21 03:22:50.963 RedLemon[58317:480578] [AUTO_EXIT_CHECK] Checking EOF conditions...
2026-01-21 03:22:50.963 RedLemon[58317:480578] [AUTO_EXIT_CHECK] No exit condition met - continuing to monitor...
2026-01-21 03:22:51.961 RedLemon[58317:480578] [AUTO_EXIT_CHECK] isEventPlayback: true
2026-01-21 03:22:51.961 RedLemon[58317:480578] [AUTO_EXIT_CHECK] isLoading: false, isResolvingStream: false
2026-01-21 03:22:51.961 RedLemon[58317:480578] [AUTO_EXIT_CHECK] playbackFinished: false, isPlaying: true
2026-01-21 03:22:51.961 RedLemon[58317:480578] [AUTO_EXIT_CHECK] Position: 5398.607s / Duration: 5407.0496666690005s
2026-01-21 03:22:51.961 RedLemon[58317:480578] [AUTO_EXIT_CHECK] Checking EOF conditions...
2026-01-21 03:22:51.961 RedLemon[58317:480578] [AUTO_EXIT_CHECK] No exit condition met - continuing to monitor...
2026-01-21 03:22:53.005 RedLemon[58317:480578] [AUTO_EXIT_CHECK] isEventPlayback: true
2026-01-21 03:22:53.006 RedLemon[58317:480578] [AUTO_EXIT_CHECK] isLoading: false, isResolvingStream: false
2026-01-21 03:22:53.006 RedLemon[58317:480578] [AUTO_EXIT_CHECK] playbackFinished: false, isPlaying: true
2026-01-21 03:22:53.006 RedLemon[58317:480578] [AUTO_EXIT_CHECK] Position: 5399.775s / Duration: 5407.0496666690005s
2026-01-21 03:22:53.006 RedLemon[58317:480578] [AUTO_EXIT_CHECK] Checking EOF conditions...
2026-01-21 03:22:53.006 RedLemon[58317:480578] [AUTO_EXIT_CHECK] No exit condition met - continuing to monitor...
2026-01-21 03:22:53.962 RedLemon[58317:480578] [AUTO_EXIT_CHECK] isEventPlayback: true
2026-01-21 03:22:53.963 RedLemon[58317:480578] [AUTO_EXIT_CHECK] isLoading: false, isResolvingStream: false
2026-01-21 03:22:53.963 RedLemon[58317:480578] [AUTO_EXIT_CHECK] playbackFinished: false, isPlaying: true
2026-01-21 03:22:53.963 RedLemon[58317:480578] [AUTO_EXIT_CHECK] Position: 5400.65s / Duration: 5407.0496666690005s
2026-01-21 03:22:53.963 RedLemon[58317:480578] [AUTO_EXIT_CHECK] Checking EOF conditions...
2026-01-21 03:22:53.963 RedLemon[58317:480578] [AUTO_EXIT_CHECK] No exit condition met - continuing to monitor...
2026-01-21 03:22:54.967 RedLemon[58317:480578] [AUTO_EXIT_CHECK] isEventPlayback: true
2026-01-21 03:22:54.968 RedLemon[58317:480578] [AUTO_EXIT_CHECK] isLoading: false, isResolvingStream: false
2026-01-21 03:22:54.968 RedLemon[58317:480578] [AUTO_EXIT_CHECK] playbackFinished: false, isPlaying: true
2026-01-21 03:22:54.968 RedLemon[58317:480578] [AUTO_EXIT_CHECK] Position: 5401.526s / Duration: 5407.0496666690005s
2026-01-21 03:22:54.968 RedLemon[58317:480578] [AUTO_EXIT_CHECK] Checking EOF conditions...
2026-01-21 03:22:54.968 RedLemon[58317:480578] [AUTO_EXIT_CHECK] No exit condition met - continuing to monitor...
2026-01-21 03:22:56.006 RedLemon[58317:480578] [AUTO_EXIT_CHECK] isEventPlayback: true
2026-01-21 03:22:56.006 RedLemon[58317:480578] [AUTO_EXIT_CHECK] isLoading: false, isResolvingStream: false
2026-01-21 03:22:56.006 RedLemon[58317:480578] [AUTO_EXIT_CHECK] playbackFinished: false, isPlaying: true
2026-01-21 03:22:56.006 RedLemon[58317:480578] [AUTO_EXIT_CHECK] Position: 5402.6939999999995s / Duration: 5407.0496666690005s
2026-01-21 03:22:56.006 RedLemon[58317:480578] [AUTO_EXIT_CHECK] Checking EOF conditions...
2026-01-21 03:22:56.007 RedLemon[58317:480578] [AUTO_EXIT_CHECK] No exit condition met - continuing to monitor...
2026-01-21 03:22:57.012 RedLemon[58317:480578] [AUTO_EXIT_CHECK] isEventPlayback: true
2026-01-21 03:22:57.012 RedLemon[58317:480578] [AUTO_EXIT_CHECK] isLoading: false, isResolvingStream: false
2026-01-21 03:22:57.013 RedLemon[58317:480578] [AUTO_EXIT_CHECK] playbackFinished: false, isPlaying: true
2026-01-21 03:22:57.013 RedLemon[58317:480578] [AUTO_EXIT_CHECK] Position: 5403.57s / Duration: 5407.0496666690005s
2026-01-21 03:22:57.013 RedLemon[58317:480578] [AUTO_EXIT_CHECK] Checking EOF conditions...
2026-01-21 03:22:57.013 RedLemon[58317:480578] [AUTO_EXIT_CHECK] No exit condition met - continuing to monitor...
2026-01-21 03:22:57.928 RedLemon[58317:480578] [AUTO_EXIT_CHECK] isEventPlayback: true
2026-01-21 03:22:57.928 RedLemon[58317:480578] [AUTO_EXIT_CHECK] isLoading: false, isResolvingStream: false
2026-01-21 03:22:57.928 RedLemon[58317:480578] [AUTO_EXIT_CHECK] playbackFinished: false, isPlaying: true
2026-01-21 03:22:57.928 RedLemon[58317:480578] [AUTO_EXIT_CHECK] Position: 5404.737999999999s / Duration: 5407.0496666690005s
2026-01-21 03:22:57.928 RedLemon[58317:480578] [AUTO_EXIT_CHECK] Checking EOF conditions...
2026-01-21 03:22:57.928 RedLemon[58317:480578] [AUTO_EXIT_CHECK] No exit condition met - continuing to monitor...
2026-01-21 03:22:58.928 RedLemon[58317:480578] [AUTO_EXIT_CHECK] isEventPlayback: true
2026-01-21 03:22:58.928 RedLemon[58317:480578] [AUTO_EXIT_CHECK] isLoading: false, isResolvingStream: false
2026-01-21 03:22:58.928 RedLemon[58317:480578] [AUTO_EXIT_CHECK] playbackFinished: false, isPlaying: true
2026-01-21 03:22:58.928 RedLemon[58317:480578] [AUTO_EXIT_CHECK] Position: 5405.614s / Duration: 5407.0496666690005s
2026-01-21 03:22:58.928 RedLemon[58317:480578] [AUTO_EXIT_CHECK] Checking EOF conditions...
2026-01-21 03:22:58.928 RedLemon[58317:480578] [AUTO_EXIT_CHECK] No exit condition met - continuing to monitor...
2026-01-21 03:22:59.927 RedLemon[58317:480578] [AUTO_EXIT_CHECK] isEventPlayback: true
2026-01-21 03:22:59.927 RedLemon[58317:480578] [AUTO_EXIT_CHECK] isLoading: false, isResolvingStream: false
2026-01-21 03:22:59.927 RedLemon[58317:480578] [AUTO_EXIT_CHECK] playbackFinished: false, isPlaying: true
2026-01-21 03:22:59.927 RedLemon[58317:480578] [AUTO_EXIT_CHECK] Position: 5406.781s / Duration: 5407.0496666690005s
2026-01-21 03:22:59.927 RedLemon[58317:480578] [AUTO_EXIT_CHECK] Checking EOF conditions...
2026-01-21 03:22:59.928 RedLemon[58317:480578] [AUTO_EXIT_CHECK] No exit condition met - continuing to monitor...
2026-01-21 03:23:00.532 RedLemon[58317:486166] 📝 [PLAYER] Playback Finished (EOF)
2026-01-21 03:23:00.546 RedLemon[58317:483368] 📝 [PLAYER] Playback State Changed ["state": "Paused"]
2026-01-21 03:23:00.924 RedLemon[58317:480578] [AUTO_EXIT_CHECK] isEventPlayback: true
2026-01-21 03:23:00.924 RedLemon[58317:480578] [AUTO_EXIT_CHECK] isLoading: false, isResolvingStream: false
2026-01-21 03:23:00.924 RedLemon[58317:480578] [AUTO_EXIT_CHECK] playbackFinished: true, isPlaying: false
2026-01-21 03:23:00.924 RedLemon[58317:480578] [AUTO_EXIT_CHECK] Position: 0.0s / Duration: 0.0s
2026-01-21 03:23:00.924 RedLemon[58317:480578] [AUTO_EXIT_CHECK] Checking EOF conditions...
2026-01-21 03:23:01.278 RedLemon[58317:480578] ⚠️ PlayerVM: currentWatchPartyRoom set to NIL. Stack Trace unavailable, but check recent logs.
2026-01-21 03:23:01.631 RedLemon[58317:480578] ⚠️ PlayerVM: currentWatchPartyRoom set to NIL. Stack Trace unavailable, but check recent logs.
2026-01-21 03:23:01.934 RedLemon[58317:480578] ⚠️ PlayerVM: currentWatchPartyRoom set to NIL. Stack Trace unavailable, but check recent logs.
2026-01-21 03:23:01.937 RedLemon[58317:483368] 📝 [APP] 🎟️ Joining event: Hall Pass (Live: false) ["file": "EventsView.swift", "level": "INFO", "line": "253"]
2026-01-21 03:23:02.150 RedLemon[58317:480578] ⚠️ PlayerVM: currentWatchPartyRoom set to NIL. Stack Trace unavailable, but check recent logs.
2026-01-21 03:23:02.151 RedLemon[58317:480578] ✅ PlayerVM: currentWatchPartyRoom set to event_tt0266915
2026-01-21 03:23:02.151 RedLemon[58317:485009] 📡 StreamService: Fetching metadata for tt0480687...
2026-01-21 03:23:02.152 RedLemon[58317:486166] 📝 [APP] 🎬 StreamService: Starting resolution for: Hall Pass ["file": "StreamService.swift", "level": "INFO", "line": "104"]
ovie_events version 1563 with 405 movies
✅ [EventsConfig] Using cached movie_events config (version 1563, 405 movies)
✅ [EventsConfig] Using cached movie_events config (version 1563, 405 movies)
✅ SocialService: Event event_tt0266915 is JOINABLE (Live or Next Up) - allowing join
✅ SocialService: Event event_tt0266915 is JOINABLE (Live or Next Up) - allowing join
📡 [EventsConfig] Checking server for movie_events config version...
📡 [EventsConfig] Checking server for movie_events config version...
✅ [EventsConfig] Fetched movie_events version 1563 with 405 movies
✅ [EventsConfig] Using cached movie_events config (version 1563, 405 movies)
✅ SocialService: Event event_tt0266915 is JOINABLE (Live or Next Up) - allowing join
✅ [EventsConfig] Fetched movie_events version 1563 with 405 movies
✅ [EventsConfig] Using cached movie_events config (version 1563, 405 movies)
✅ SocialService: Event event_tt0266915 is JOINABLE (Live or Next Up) - allowing join
📊 AppState: Polled participant counts - Active: ["tt0266915": 2]
⏰ AppState: Next schedule update set for Next Event Start: 2026-01-21 08:32:50 +0000
⏰ AppState: Scheduling update in 658 seconds
📡 [EventsConfig] Checking server for movie_events config version...
✅ [EventsConfig] Fetched movie_events version 1563 with 405 movies
✅ [EventsConfig] Using cached movie_events config (version 1563, 405 movies)
📊 AppState: Polled participant counts - Active: ["tt0266915": 2]
⏰ AppState: Next schedule update set for Next Event Start: 2026-01-21 08:32:50 +0000
⏰ AppState: Scheduling update in 648 seconds
📊 AppState: Polled participant counts - Active: ["tt0266915": 2]
⏰ AppState: Next schedule update set for Next Event Start: 2026-01-21 08:32:50 +0000
⏰ AppState: Scheduling update in 638 seconds
📡 [EventsConfig] Checking server for movie_events config version...
📡 [EventsConfig] Checking server for movie_events config version...
✅ [EventsConfig] Fetched movie_events version 1563 with 405 movies
✅ [EventsConfig] Using cached movie_events config (version 1563, 405 movies)
✅ SocialService: Event event_tt0266915 is JOINABLE (Live or Next Up) - allowing join
✅ [EventsConfig] Fetched movie_events version 1563 with 405 movies
✅ [EventsConfig] Using cached movie_events config (version 1563, 405 movies)
✅ SocialService: Event event_tt0266915 is JOINABLE (Live or Next Up) - allowing join
📡 [EventsConfig] Checking server for movie_events config version...
📡 [EventsConfig] Checking server for movie_events config version...
✅ [EventsConfig] Fetched movie_events version 1563 with 405 movies
✅ [EventsConfig] Using cached movie_events config (version 1563, 405 movies)
✅ SocialService: Event event_tt0266915 is JOINABLE (Live or Next Up) - allowing join
✅ [EventsConfig] Fetched movie_events version 1563 with 405 movies
✅ [EventsConfig] Using cached movie_events config (version 1563, 405 movies)
✅ SocialService: Event event_tt0266915 is JOINABLE (Live or Next Up) - allowing join
📊 AppState: Polled participant counts - Active: ["tt0266915": 2]
⏰ AppState: Next schedule update set for Next Event Start: 2026-01-21 08:32:50 +0000
⏰ AppState: Scheduling update in 628 seconds
📊 AppState: Polled participant counts - Active: ["tt0266915": 2]
⏰ AppState: Next schedule update set for Next Event Start: 2026-01-21 08:32:50 +0000
⏰ AppState: Scheduling update in 618 seconds
📡 [EventsConfig] Checking server for movie_events config version...
📡 [EventsConfig] Checking server for movie_events config version...
✅ [EventsConfig] Fetched movie_events version 1563 with 405 movies
✅ [EventsConfig] Fetched movie_events version 1563 with 405 movies
✅ [EventsConfig] Using cached movie_events config (version 1563, 405 movies)
✅ [EventsConfig] Using cached movie_events config (version 1563, 405 movies)
✅ SocialService: Event event_tt0266915 is JOINABLE (Live or Next Up) - allowing join
✅ SocialService: Event event_tt0266915 is JOINABLE (Live or Next Up) - allowing join
📡 [EventsConfig] Checking server for movie_events config version...
📡 [EventsConfig] Checking server for movie_events config version...
✅ [EventsConfig] Fetched movie_events version 1563 with 405 movies
✅ [EventsConfig] Using cached movie_events config (version 1563, 405 movies)
✅ SocialService: Event event_tt0266915 is JOINABLE (Live or Next Up) - allowing join
✅ [EventsConfig] Fetched movie_events version 1563 with 405 movies
✅ [EventsConfig] Using cached movie_events config (version 1563, 405 movies)
✅ SocialService: Event event_tt0266915 is JOINABLE (Live or Next Up) - allowing join
📊 AppState: Polled participant counts - Active: ["tt0266915": 2]
⏰ AppState: Next schedule update set for Next Event Start: 2026-01-21 08:32:50 +0000
⏰ AppState: Scheduling update in 608 seconds
📊 AppState: Polled participant counts - Active: ["tt0266915": 2]
⏰ AppState: Next schedule update set for Next Event Start: 2026-01-21 08:32:50 +0000
⏰ AppState: Scheduling update in 598 seconds
!!! MPV EOF DETECTED !!! Duration: 5407.0496666690005, CurrentTime: 0.0, LastKnownGood: 5406.781, EffectivePos: 5406.781, TimeRemaining: 0.268666669000595, Progress: 0.9999503117808115
📡 [EventsConfig] Checking server for movie_events config version...
✅ [EventsConfig] Fetched movie_events version 1563 with 405 movies
✅ [EventsConfig] Using cached movie_events config (version 1563, 405 movies)
📅 EventsView appeared
🔄 EventsView: Attempting Auto-Join...
🚀 Auto-joining NEXT event lobby: Hall Pass (index: 1)
📡 SocialService: Updated status - Browsing Events: 
[2026-01-21T08:23:01Z] [INFO] [EventsView.swift:253] 🎟️ Joining event: Hall Pass (Live: false)
   Event start time: 2026-01-21 08:32:50 +0000
   Event duration: 6900.0s
   Current time: 2026-01-21 08:23:02 +0000
   Is Live: false
   Is In Lobby: true
✅ Event room already exists: event_tt0480687

✅ [SYNC VERIFICATION] FOUND SERVER KEY - Re-unlocking for fresh URL 🔑
   Stored Hash: 8def6e7d4180dab0cb77174bca8868c67adc08e8
   Cached URL: https://chi9-4.download.real-d...
[2026-01-21T08:23:02Z] [INFO] [StreamService.swift:104] 🎬 StreamService: Starting resolution for: Hall Pass
[ INFO ] GET /api/metadata/meta/movie/tt0480687 [request-id: 3855F52C-8222-468B-8340-AEFF4461D917]
2026-01-21 03:23:02.343 RedLemon[58317:485477] 📦 Decoded CinemetaMeta - videos count: 0
2026-01-21 03:23:02.343 RedLemon[58317:485477] ✅ StreamService: Metadata loaded: Hall Pass
2026-01-21 03:23:02.344 RedLemon[58317:485477] ⚡️ StreamService: Resolving streams via StreamResolver (Bypassing HTTP)...
2026-01-21 03:23:02.344 RedLemon[58317:485477] ⚡️ StreamResolver: Resolving streams for tt0480687 (S0E0)
2026-01-21 03:23:02.344 RedLemon[58317:485477] 📝 [APP] New Session Started ["app_version": "1.0.124", "build": "124", "session_id": "2359E182-C9FB-4AB1-8716-7D7A4EF7561B", "trigger_source": "manual", "user_id": "656DAA91-33B4-4688-9135-C982EA52D7C9"]
2026-01-21 03:23:02.344 RedLemon[58317:485477] 📝 [APP] Target Content Set ["imdb_id": "tt0480687"]
2026-01-21 03:23:02.345 RedLemon[58317:485477] 📝 [RESOLVER] Started Resolution ["episode": "0", "season": "0", "type": "movie"]
2026-01-21 03:23:02.474 RedLemon[58317:483368]    📅 Filtering by year: 2011
2026-01-21 03:23:02.608 RedLemon[58317:486497] 📝 [RESOLVER] Found Verified Stream ["hash": "8def6e7d4180dab0cb77174bca8868c67adc08e8", "vote_count": "10"]
2026-01-21 03:23:02.642 RedLemon[58317:485477] 📝 Realtime: Unregistered observer 'player'
DEBUG: MPVPlayerViewModel.cleanup called - forcing cleanup. Reason: VIEW_DISAPPEAR
📡 SocialService: Updated status - Browsing: 
💾 Cache SET: Metadata[meta_movie_tt0480687]
🎬 StreamService: Resolving movie - trusted pack filtering will be applied server-side
🧹 Cleaning up Realtime channel for room: event_tt0266915
🔄 Untracking presence on realtime:watch-party:event_tt0266915...
✅ Presence untracked
🔄 Leaving channel realtime:watch-party:event_tt0266915...
📡 Left channel: realtime:watch-party:event_tt0266915
✅ Channel left
🛡️ StreamResolver: Loaded 7 blocked streams from blacklist
📨 Unknown event: phx_close on realtime:watch-party:event_tt0266915
⚡️ StreamResolver: Found Community Verified stream with 10 votes!
   ℹ️ Hash: 8def6e7d4180dab0cb77174bca8868c67adc08e8
   ℹ️ Last Verified: 2026-01-21 03:13:29 +0000
🔍 Searching SubDL: tt0480687 (movie)
ℹ️ Keeping WebSocket connected (disconnectClient=false)
📡 Connection state: disconnected
✅ Realtime channel cleanup complete
♻️ RealtimeChannelManager deinitialized
✅ Found 10 subtitles from SubDL (Primary)
✅ StreamResolver: Processed subtitles for 1 streams (Attached to 1)
⚡️ StreamResolver: SHORT CIRCUIT - Returning verified stream immediately.
⚡️ StreamService: Testing verified stream viability...
🔓 StreamService: Unlocking with infoHash: 8def6e7d4180...
[ INFO ] POST /api/streams/unlock [request-id: 0349610F-AAC5-4327-84DE-4CE5BA53C663]
2026-01-21 03:23:02.834 RedLemon[58317:486166] 🔓 Unlock request: infoHash=8def6e7d4180..., fileIdx=0
2026-01-21 03:23:02.834 RedLemon[58317:486166] ✅ Token found, attempting unlock...
2026-01-21 03:23:02.994 RedLemon[58317:486166] 📝 [APP] 🎟️ Joining event: Hall Pass (Live: false) ["file": "EventsView.swift", "level": "INFO", "line": "253"]
2026-01-21 03:23:03.121 RedLemon[58317:486166] 📡 StreamService: Fetching metadata for tt0480687...
2026-01-21 03:23:03.122 RedLemon[58317:486166] ✅ StreamService: Metadata loaded: Hall Pass
2026-01-21 03:23:03.122 RedLemon[58317:486165] 📝 [APP] 🎬 StreamService: Starting resolution for: Hall Pass ["file": "StreamService.swift", "level": "INFO", "line": "104"]
2026-01-21 03:23:03.122 RedLemon[58317:486166] ⚡️ StreamService: Resolving streams via StreamResolver (Bypassing HTTP)...
2026-01-21 03:23:03.122 RedLemon[58317:486166] ⚡️ StreamResolver: Resolving streams for tt0480687 (S0E0)
2026-01-21 03:23:03.122 RedLemon[58317:486166] 📝 [APP] New Session Started ["app_version": "1.0.124", "build": "124", "session_id": "8425AD5F-06F7-4D27-BB31-9E3F911575E8", "trigger_source": "manual", "user_id": "656DAA91-33B4-4688-9135-C982EA52D7C9"]
2026-01-21 03:23:03.123 RedLemon[58317:486166] 📝 [APP] Target Content Set ["imdb_id": "tt0480687"]
2026-01-21 03:23:03.123 RedLemon[58317:486166] 📝 [RESOLVER] Started Resolution ["episode": "0", "season": "0", "type": "movie"]
2026-01-21 03:23:03.255 RedLemon[58317:486165]    📅 Filtering by year: 2011
2026-01-21 03:23:03.380 RedLemon[58317:486165] 📝 [RESOLVER] Found Verified Stream ["hash": "8def6e7d4180dab0cb77174bca8868c67adc08e8", "vote_count": "10"]
📊 AppState: Polled participant counts - Active: ["tt0266915": 1]
⏰ AppState: Next schedule update set for Next Event Start: 2026-01-21 08:32:50 +0000
⏰ AppState: Scheduling update in 587 seconds
🔄 EventsView: Attempting Auto-Join...
🚀 Auto-joining NEXT event lobby: Hall Pass (index: 1)
[2026-01-21T08:23:02Z] [INFO] [EventsView.swift:253] 🎟️ Joining event: Hall Pass (Live: false)
   Event start time: 2026-01-21 08:32:50 +0000
   Event duration: 6900.0s
   Current time: 2026-01-21 08:23:03 +0000
   Is Live: false
   Is In Lobby: true
✅ Event room already exists: event_tt0480687

✅ [SYNC VERIFICATION] FOUND SERVER KEY - Re-unlocking for fresh URL 🔑
   Stored Hash: 8def6e7d4180dab0cb77174bca8868c67adc08e8
   Cached URL: https://chi9-4.download.real-d...
[2026-01-21T08:23:03Z] [INFO] [StreamService.swift:104] 🎬 StreamService: Starting resolution for: Hall Pass
✅ Cache HIT: Metadata[meta_movie_tt0480687]
🎬 StreamService: Resolving movie - trusted pack filtering will be applied server-side
🛡️ StreamResolver: Loaded 7 blocked streams from blacklist
✅ RD addMagnet: 4ECY3TVYHVUG4
⚡️ StreamResolver: Found Community Verified stream with 10 votes!
   ℹ️ Hash: 8def6e7d4180dab0cb77174bca8868c67adc08e8
   ℹ️ Last Verified: 2026-01-21 03:13:29 +0000
🔍 Searching SubDL: tt0480687 (movie)
🎬 Movie: Found matching file for title 'Hall Pass': /Hall.Pass.2011.EXTENDED.CUT.1080p.BluRay.H264.AAC-RARBG.mp4
📝 RD: Selecting file ID 1 for torrent 4ECY3TVYHVUG4
✅ Found 10 subtitles from SubDL (Primary)
✅ StreamResolver: Processed subtitles for 1 streams (Attached to 1)
⚡️ StreamResolver: SHORT CIRCUIT - Returning verified stream immediately.
⚡️ StreamService: Testing verified stream viability...
🔓 StreamService: Unlocking with infoHash: 8def6e7d4180...
[ INFO ] POST /api/streams/unlock [request-id: 7CF5BE8B-ADD8-4F57-863A-23BFC378D03A]
2026-01-21 03:23:03.873 RedLemon[58317:486165] 🔓 Unlock request: infoHash=8def6e7d4180..., fileIdx=0
2026-01-21 03:23:03.873 RedLemon[58317:486165] ✅ Token found, attempting unlock...
2026-01-21 03:23:04.243 RedLemon[58317:486166] ✅ Unlocked successfully: Hall.Pass.2011.EXTENDED.CUT.1080p.BluRay.H264.AAC-RARBG.mp4
2026-01-21 03:23:04.243 RedLemon[58317:486497] ✅ Unlocked successfully: Hall.Pass.2011.EXTENDED.CUT.1080p.BluRay.H264.AAC-RARBG.mp4
2026-01-21 03:23:04.246 RedLemon[58317:483368] 📝 [RESOLVER] Stream Unlocked ["filename": "Hall.Pass.2011.EXTENDED.CUT.1080p.BluRay.H264.AAC-RARBG.mp4", "is_generic": "false", "original_title": "Community Verified Stream (1080p)", "url_host": "chi9-4.download.real-debrid.com"]
2026-01-21 03:23:04.246 RedLemon[58317:483368] 📥 StreamService: Pre-downloading 5 (capped from 10) subtitles...
2026-01-21 03:23:04.246 RedLemon[58317:483368] 🐛 StreamService: downloadSubtitlesInParallel called. Season: nil, Episode: nil, Count: 5
2026-01-21 03:23:04.246 RedLemon[58317:486166] 📝 [RESOLVER] Stream Unlocked ["filename": "Hall.Pass.2011.EXTENDED.CUT.1080p.BluRay.H264.AAC-RARBG.mp4", "is_generic": "false", "original_title": "Community Verified Stream (1080p)", "url_host": "chi9-4.download.real-debrid.com"]
2026-01-21 03:23:04.247 RedLemon[58317:486166] 🔍 DEBUG: Processing subtitle URL: /subtitle/3536921-8458847.zip
2026-01-21 03:23:04.247 RedLemon[58317:483368] 🔍 DEBUG: Processing subtitle URL: /subtitle/3536917-8458846.zip
2026-01-21 03:23:04.247 RedLemon[58317:486166] ✅ DEBUG: Raw SubDL URL detected, converting to proxy URL
2026-01-21 03:23:04.247 RedLemon[58317:485009] 🔍 DEBUG: Processing subtitle URL: /subtitle/628616-547834.zip
2026-01-21 03:23:04.247 RedLemon[58317:483368] ✅ DEBUG: Raw SubDL URL detected, converting to proxy URL
2026-01-21 03:23:04.247 RedLemon[58317:485477] 🔍 DEBUG: Processing subtitle URL: /subtitle/628606-441925.zip
2026-01-21 03:23:04.247 RedLemon[58317:485009] ✅ DEBUG: Raw SubDL URL detected, converting to proxy URL
2026-01-21 03:23:04.247 RedLemon[58317:485477] ✅ DEBUG: Raw SubDL URL detected, converting to proxy URL
2026-01-21 03:23:04.247 RedLemon[58317:486166] 🔍 DEBUG: Processing subtitle URL: /subtitle/628612-615054.zip
2026-01-21 03:23:04.247 RedLemon[58317:486166] ✅ DEBUG: Raw SubDL URL detected, converting to proxy URL
2026-01-21 03:23:04.248 RedLemon[58317:483368] 📥 StreamService: Pre-downloading 5 (capped from 10) subtitles...
2026-01-21 03:23:04.248 RedLemon[58317:483368] 🐛 StreamService: downloadSubtitlesInParallel called. Season: nil, Episode: nil, Count: 5
2026-01-21 03:23:04.249 RedLemon[58317:486166] 🔍 DEBUG: Processing subtitle URL: /subtitle/3536921-8458847.zip
2026-01-21 03:23:04.249 RedLemon[58317:486166] ✅ DEBUG: Raw SubDL URL detected, converting to proxy URL
2026-01-21 03:23:04.249 RedLemon[58317:486165] 🔍 DEBUG: Processing subtitle URL: /subtitle/628616-547834.zip
2026-01-21 03:23:04.250 RedLemon[58317:483368] 🔍 DEBUG: Processing subtitle URL: /subtitle/628606-441925.zip
2026-01-21 03:23:04.250 RedLemon[58317:483368] ✅ DEBUG: Raw SubDL URL detected, converting to proxy URL
2026-01-21 03:23:04.250 RedLemon[58317:485009] 🔍 DEBUG: Processing subtitle URL: /subtitle/3536917-8458846.zip
2026-01-21 03:23:04.250 RedLemon[58317:485009] ✅ DEBUG: Raw SubDL URL detected, converting to proxy URL
2026-01-21 03:23:04.251 RedLemon[58317:486165] ✅ DEBUG: Raw SubDL URL detected, converting to proxy URL
2026-01-21 03:23:04.250 RedLemon[58317:486166] 🔍 DEBUG: Processing subtitle URL: /subtitle/628612-615054.zip
2026-01-21 03:23:04.251 RedLemon[58317:486166] ✅ DEBUG: Raw SubDL URL detected, converting to proxy URL
2026-01-21 03:23:04.396 RedLemon[58317:483368] ✅ Persisted stream selection to room event_tt0480687
2026-01-21 03:23:04.410 RedLemon[58317:486165] ✅ Persisted stream selection to room event_tt0480687
2026-01-21 03:23:04.544 RedLemon[58317:483368] ❌ [03:23:04.544] [NETWORK] [SupabaseClient.swift:363] Supabase API Error: duplicate key value violates unique constraint "room_participants_pkey"
2026-01-21 03:23:04.544 RedLemon[58317:483368] ⚠️ SupabaseClient: User already in room (Caught: duplicate key value violates unique constraint "room_participants_pkey"), proceeding...
2026-01-21 03:23:04.752 RedLemon[58317:480578] [LOBBY_VIEW] onAppear: shouldAutoJoinLobby=true, room=event_tt0480687, timeUntilStart=0
2026-01-21 03:23:04.752 RedLemon[58317:480578] [LOBBY_VIEW] Showing overlay (timeUntilStart=0)
⏳ Waiting for in-flight request: 8def6e7d4180
📊 RD poll 1/2: status=downloaded, links=1
🔗 Unrestricting link: https://real-debrid.com/d/WGL2LQ6QNUFPM65B
✅ StreamService: Stream unlocked successfully!
✅ StreamService: Stream unlocked successfully!
✅ StreamService: Verified stream is VIABLE. Returning immediately.
   ✅ Fresh URL obtained: https://chi9-4.download.real-debrid.com/...
✅ StreamService: Verified stream is VIABLE. Returning immediately.
   ✅ Fresh URL obtained: https://chi9-4.download.real-debrid.com/...
   ✅ Database updated with fresh URL

   ✅ Database updated with fresh URL

🎭 Upcoming event - position: 0
   Room createdAt: 2026-01-21 08:32:50 +0000
   Room state: lobby
🎭 Upcoming event - going to lobby
🎭 Lobby: Connecting to room event_tt0480687...
🚦 Lobby State: connecting
🚀 Lobby: Enabling INSTANT JOIN (Late Joiner detected)
🎭 Upcoming event - position: 0
   Room createdAt: 2026-01-21 08:32:50 +0000
   Room state: lobby
🎭 Upcoming event - going to lobby
🔄 Lobby: Fetching fresh room state from Supabase...
🔄 Lobby: Fetching fresh room state from Supabase...
[ INFO ] GET /api/metadata/meta/movie/tt0480687 [request-id: C4038D2E-DDCC-435F-B3E7-861A1E84228C]
[ INFO ] GET /api/metadata/meta/movie/tt0480687 [request-id: 2EC54F7D-2E5B-40E6-9519-8720F72E246D]
2026-01-21 03:23:04.876 RedLemon[58317:480578] [LOBBY_VIEW] onAppear: shouldAutoJoinLobby=false, room=event_tt0480687, timeUntilStart=0
2026-01-21 03:23:04.909 RedLemon[58317:485477] 📝 Realtime: Registered observer 'lobby' (Presence: YES, Sync: NO, Status: NO)
2026-01-21 03:23:04.909 RedLemon[58317:485477] 📝 Realtime: Registered observer 'lobby' (Presence: YES, Sync: NO, Status: NO)
2026-01-21 03:23:04.927 RedLemon[58317:486165] 📝 Realtime: Registered observer 'lobby' (Presence: NO, Sync: YES, Status: NO)
2026-01-21 03:23:04.927 RedLemon[58317:486497] 📝 Realtime: Registered observer 'lobby' (Presence: NO, Sync: YES, Status: NO)
2026-01-21 03:23:04.963 RedLemon[58317:485009] ❌ [03:23:04.963] [NETWORK] [SupabaseClient.swift:363] Supabase API Error: duplicate key value violates unique constraint "room_participants_pkey"
2026-01-21 03:23:04.963 RedLemon[58317:485009] ⚠️ SupabaseClient: User already in room (Caught: duplicate key value violates unique constraint "room_participants_pkey"), proceeding...
2026-01-21 03:23:04.963 RedLemon[58317:480578] ✅ Guest joined room event_tt0480687 in database
2026-01-21 03:23:05.588 RedLemon[58317:480578] [COUNTDOWN] timeUntilStart set to 584s - UI should show countdown
2026-01-21 03:23:05.589 RedLemon[58317:485009] 📝 Realtime: Registered observer 'lobby' (Presence: YES, Sync: NO, Status: NO)
2026-01-21 03:23:05.589 RedLemon[58317:486166] 📝 Realtime: Registered observer 'lobby' (Presence: NO, Sync: YES, Status: NO)
2026-01-21 03:23:05.591 RedLemon[58317:486166] 📤 Realtime: Sending message type: chat, sender: 656daa91-33b4-4688-9135-c982ea52d7c9
2026-01-21 03:23:05.592 RedLemon[58317:486166]    Payload keys: chatUsername, senderId, type, chatText, timestamp, position
2026-01-21 03:23:05.593 RedLemon[58317:483368] ✅ Realtime: Message broadcast complete
2026-01-21 03:23:05.598 RedLemon[58317:483368] 🔐 SupabaseClient: Signing Identity Payload: '1768983785656daa91-33b4-4688-9135-c982ea52d7c9/rpc/room_heartbeat'
2026-01-21 03:23:05.598 RedLemon[58317:483368] 🔐 Signed request to /rpc/room_heartbeat
2026-01-21 03:23:05.731 RedLemon[58317:485009] 📨 Realtime: Received broadcast message
2026-01-21 03:23:05.731 RedLemon[58317:483368] 📨 Realtime: Received broadcast message
2026-01-21 03:23:05.731 RedLemon[58317:485009]    Payload keys: timestamp, senderId, chatUsername, type, chatText, position
2026-01-21 03:23:05.731 RedLemon[58317:483368]    Payload keys: timestamp, senderId, chatUsername, type, chatText, position
2026-01-21 03:23:05.731 RedLemon[58317:483368] ✅ Realtime: Decoded message type: chat, sender: 656daa91-33b4-4688-9135-c982ea52d7c9
2026-01-21 03:23:05.731 RedLemon[58317:485009] ✅ Realtime: Decoded message type: chat, sender: 656daa91-33b4-4688-9135-c982ea52d7c9
2026-01-21 03:23:05.732 RedLemon[58317:480578] 👋 Received: Guest 'ursinho' joined room event_tt0480687
2026-01-21 03:23:05.732 RedLemon[58317:480578] 👋 Received: Guest 'ursinho' joined room event_tt0480687
2026-01-21 03:23:05.742 RedLemon[58317:480578] 📨 Lobby: Received Room UPDATE from Realtime
2026-01-21 03:23:05.742 RedLemon[58317:480578] 📨 Lobby: Received Room UPDATE from Realtime
2026-01-21 03:23:05.981 RedLemon[58317:480578] 📨 Lobby: Received Room UPDATE from Realtime
2026-01-21 03:23:05.981 RedLemon[58317:480578] 📨 Lobby: Received Room UPDATE from Realtime
2026-01-21 03:23:06.386 RedLemon[58317:480578] ✅ Updated local participant ready state for ursinho
2026-01-21 03:23:06.387 RedLemon[58317:485009] 📤 Realtime: Sending message type: chat, sender: 656daa91-33b4-4688-9135-c982ea52d7c9
2026-01-21 03:23:06.387 RedLemon[58317:485009]    Payload keys: chatUsername, position, timestamp, chatText, type, senderId
2026-01-21 03:23:06.388 RedLemon[58317:486165] ✅ Realtime: Message broadcast complete
2026-01-21 03:23:06.388 RedLemon[58317:480578] 📡 Successfully broadcasted READY state via Realtime to room event_tt0480687
2026-01-21 03:23:06.389 RedLemon[58317:480578] 👥 Room ready status updated: 1/4 participants ready
2026-01-21 03:23:06.516 RedLemon[58317:486165] 📨 Realtime: Received broadcast message
2026-01-21 03:23:06.517 RedLemon[58317:486166] 📨 Realtime: Received broadcast message
2026-01-21 03:23:06.517 RedLemon[58317:486166]    Payload keys: chatText, position, type, timestamp, chatUsername, senderId
2026-01-21 03:23:06.517 RedLemon[58317:486165]    Payload keys: chatText, position, type, timestamp, chatUsername, senderId
2026-01-21 03:23:06.517 RedLemon[58317:486165] ✅ Realtime: Decoded message type: chat, sender: 656daa91-33b4-4688-9135-c982ea52d7c9
2026-01-21 03:23:06.517 RedLemon[58317:486166] ✅ Realtime: Decoded message type: chat, sender: 656daa91-33b4-4688-9135-c982ea52d7c9
2026-01-21 03:23:06.518 RedLemon[58317:480578] 📡 Guest received: 'ursinho' marked as READY via Realtime
2026-01-21 03:23:06.518 RedLemon[58317:480578]    Sender ID: 656daa91-33b4-4688-9135-c982ea52d7c9, Room: event_tt0480687
2026-01-21 03:23:06.518 RedLemon[58317:480578] 👥 Room ready status updated: 1/4 participants ready
2026-01-21 03:23:06.950 RedLemon[58317:485477] 📨 Realtime: Received broadcast message
2026-01-21 03:23:06.950 RedLemon[58317:486165] 📨 Realtime: Received broadcast message
2026-01-21 03:23:06.950 RedLemon[58317:485477]    Payload keys: senderId, timestamp, chatUsername, chatText, position, type
2026-01-21 03:23:06.950 RedLemon[58317:486165]    Payload keys: senderId, timestamp, chatUsername, chatText, position, type
2026-01-21 03:23:06.951 RedLemon[58317:486165] ✅ Realtime: Decoded message type: chat, sender: 96e01cdb-36c0-4228-a6e4-a29a3c66bc8e
2026-01-21 03:23:06.951 RedLemon[58317:485477] ✅ Realtime: Decoded message type: chat, sender: 96e01cdb-36c0-4228-a6e4-a29a3c66bc8e
2026-01-21 03:23:06.951 RedLemon[58317:480578] 📡 Guest received: 'lemontom' marked as READY via Realtime
2026-01-21 03:23:06.951 RedLemon[58317:480578]    Sender ID: 96e01cdb-36c0-4228-a6e4-a29a3c66bc8e, Room: event_tt0480687
2026-01-21 03:23:06.951 RedLemon[58317:480578] 👥 Room ready status updated: 2/4 participants ready
2026-01-21 03:23:06.952 RedLemon[58317:480578] 📡 Guest received: 'lemontom' marked as READY via Realtime
2026-01-21 03:23:06.952 RedLemon[58317:480578]    Sender ID: 96e01cdb-36c0-4228-a6e4-a29a3c66bc8e, Room: event_tt0480687
2026-01-21 03:23:06.952 RedLemon[58317:480578] 👥 Room ready status updated: 2/4 participants ready
2026-01-21 03:23:09.724 RedLemon[58317:480578] [COUNTDOWN] Updated to 580s
2026-01-21 03:23:10.230 RedLemon[58317:480578] [LOBBY_VIEW] Overlay hidden, timeUntilStart=580
2026-01-21 03:23:10.846 RedLemon[58317:486165] 📨 Realtime: Received broadcast message
2026-01-21 03:23:10.846 RedLemon[58317:486566] 📨 Realtime: Received broadcast message
2026-01-21 03:23:10.846 RedLemon[58317:486165]    Payload keys: timestamp, chatUsername, senderId, chatText, position, type
2026-01-21 03:23:10.846 RedLemon[58317:486566]    Payload keys: timestamp, chatUsername, senderId, chatText, position, type
2026-01-21 03:23:10.846 RedLemon[58317:486165] ✅ Realtime: Decoded message type: chat, sender: 96e01cdb-36c0-4228-a6e4-a29a3c66bc8e
2026-01-21 03:23:10.846 RedLemon[58317:486566] ✅ Realtime: Decoded message type: chat, sender: 96e01cdb-36c0-4228-a6e4-a29a3c66bc8e
2026-01-21 03:23:10.847 RedLemon[58317:480578] 👋 Received: Guest 'lemontom' joined room event_tt0480687
2026-01-21 03:23:10.847 RedLemon[58317:480578] 👋 Received: Guest 'lemontom' joined room event_tt0480687
2026-01-21 03:23:11.173 RedLemon[58317:480578] 📨 Lobby: Received Room UPDATE from Realtime
2026-01-21 03:23:11.174 RedLemon[58317:480578] 📨 Lobby: Received Room UPDATE from Realtime
2026-01-21 03:23:17.388 RedLemon[58317:480578] 👋 ursinho left room (confirmed by DB polling - Zombie Cleanup)
2026-01-21 03:23:17.389 RedLemon[58317:480578] 👋 lemontom left room (confirmed by DB polling - Zombie Cleanup)
2026-01-21 03:23:19.189 RedLemon[58317:480578] [COUNTDOWN] Updated to 570s
⚠️ Lobby: Connection already in progress - skipping duplicate connect call
📡 SocialService: Updated status - In Lobby: Hall Pass: Hall Pass
✅ Lobby: Loaded metadata for Hall Pass
🔌 Setting up Realtime channel: watch-party:event_tt0480687
📡 SocialService: Updated status - In Lobby: Hall Pass: Hall Pass
   Role: Guest
   User ID: 787b32a0-22e8-42c4-ae84-cf33501c814c
🔌 Setting up Realtime channel: watch-party:event_tt0480687
   Role: Guest
   User ID: 656daa91-33b4-4688-9135-c982ea52d7c9
📡 Connection state: connected
📡 Connection state: connected
📡 Connection state: connecting
📡 Connection state: connecting
📡 Topic realtime:watch-party:event_tt0480687 already joined (interest count: 2), skipping phx_join
📡 Joined channel: realtime:watch-party:event_tt0480687 (interest count: 1)
📡 Connection state: connected
✅ Realtime channel setup complete
📡 Connection state: connected
✅ Realtime channel setup complete
✅ Lobby: Connected to Realtime
✅ Lobby: Connected to Realtime
✅ Lobby: Loaded metadata for Hall Pass
📡 [EventsConfig] Checking server for movie_events config version...
📡 [EventsConfig] Checking server for movie_events config version...
✅ Lobby: Synced CLEAN stream info, metadata & playlist to AppState
✅ Lobby: Synced CLEAN stream info, metadata & playlist to AppState
📡 [EventsConfig] Checking server for movie_events config version...
📡 [EventsConfig] Checking server for movie_events config version...
📡 [EventsConfig] Checking server for movie_events config version...
📡 [EventsConfig] Checking server for movie_events config version...
📡 [EventsConfig] Checking server for movie_events config version...
📡 [EventsConfig] Checking server for movie_events config version...
✅ Lobby: Refreshed room state. isPlaying: false
🛡️ Lobby: Ensuring local media state is fresh before auto-start check...
⏳ Lobby: Event start time from local room. Time until start: 584.4123630523682
🎬 Event room detected - auto-starting playback
🤖 Lobby: Checking auto-start for system event
🕐 DEBUG: room.createdAt = 2026-01-21 08:32:50 +0000
🕐 DEBUG: now = 2026-01-21 08:23:05 +0000
🕐 DEBUG: timeUntilStart = 584s
🕐 DEBUG: Event start time is 584s in the future
🕐 DEBUG: dwellTime = 0s, minDwellTime = 10s
⏳ Lobby: Event starts in 584s. Waiting...
ℹ️ RealtimeChannelManager: Already setup for room event_tt0480687, filtering duplicate setup call.
📡 Connection state: connected
✅ Lobby: Connected to Realtime
🚦 Lobby State: connected
🔄 Lobby: Starting database polling for participants and room state...
💓 Lobby: Starting heartbeat loop...
🔄 LobbyDatabase: Starting room state polling for guests...
✅ [EventsConfig] Fetched movie_events version 1563 with 405 movies
✅ [EventsConfig] Using cached movie_events config (version 1563, 405 movies)
✅ SocialService: Event event_tt0480687 is JOINABLE (Live or Next Up) - allowing join
🔄 Lobby: Fetching fresh room state from Supabase...
🔄 Lobby: Fetching fresh room state from Supabase...
✅ [EventsConfig] Fetched movie_events version 1563 with 405 movies
✅ [EventsConfig] Fetched movie_events version 1563 with 405 movies
✅ [EventsConfig] Using cached movie_events config (version 1563, 405 movies)
✅ SocialService: Event event_tt0480687 is JOINABLE (Live or Next Up) - allowing join
✅ [EventsConfig] Using cached movie_events config (version 1563, 405 movies)
✅ SocialService: Event event_tt0480687 is JOINABLE (Live or Next Up) - allowing join
✅ [EventsConfig] Fetched movie_events version 1563 with 405 movies
✅ [EventsConfig] Fetched movie_events version 1563 with 405 movies
✅ [EventsConfig] Fetched movie_events version 1563 with 405 movies
✅ [EventsConfig] Using cached movie_events config (version 1563, 405 movies)
✅ [EventsConfig] Using cached movie_events config (version 1563, 405 movies)
✅ SocialService: Event event_tt0480687 is JOINABLE (Live or Next Up) - allowing join
✅ [EventsConfig] Using cached movie_events config (version 1563, 405 movies)
✅ SocialService: Event event_tt0480687 is JOINABLE (Live or Next Up) - allowing join
✅ SocialService: Event event_tt0480687 is JOINABLE (Live or Next Up) - allowing join
🔄 Lobby: Fetching fresh room state from Supabase...
🔄 Lobby: Fetching fresh room state from Supabase...
✅ Lobby: Synced CLEAN stream info, metadata & playlist to AppState
✅ Lobby: Synced CLEAN stream info, metadata & playlist to AppState
✅ [EventsConfig] Fetched movie_events version 1563 with 405 movies
✅ [EventsConfig] Fetched movie_events version 1563 with 405 movies
✅ [EventsConfig] Using cached movie_events config (version 1563, 405 movies)
✅ SocialService: Event event_tt0480687 is JOINABLE (Live or Next Up) - allowing join
✅ [EventsConfig] Using cached movie_events config (version 1563, 405 movies)
✅ SocialService: Event event_tt0480687 is JOINABLE (Live or Next Up) - allowing join
✅ Lobby: Synced CLEAN stream info, metadata & playlist to AppState
✅ Lobby: Synced CLEAN stream info, metadata & playlist to AppState
✓ Lobby: ursinho toggled ready to true
📡 [EventsConfig] Checking server for movie_events config version...
📡 [EventsConfig] Checking server for movie_events config version...
✅ [EventsConfig] Fetched movie_events version 1563 with 405 movies
✅ [EventsConfig] Fetched movie_events version 1563 with 405 movies
✅ [EventsConfig] Using cached movie_events config (version 1563, 405 movies)
✅ [EventsConfig] Using cached movie_events config (version 1563, 405 movies)
✅ SocialService: Event event_tt0480687 is JOINABLE (Live or Next Up) - allowing join
✅ SocialService: Event event_tt0480687 is JOINABLE (Live or Next Up) - allowing join
🔄 Lobby: Fetching fresh room state from Supabase...
🔄 Lobby: Fetching fresh room state from Supabase...
✅ Lobby: Synced CLEAN stream info, metadata & playlist to AppState
✅ Lobby: Synced CLEAN stream info, metadata & playlist to AppState
📊 AppState: Polled participant counts - Active: ["tt0480687": 2]
⏰ AppState: Next schedule update set for Next Event Start: 2026-01-21 08:32:50 +0000
⏰ AppState: Scheduling update in 578 seconds
🛡️ Lobby: Auto-Join safety delay passed (8s). Enabled for late joiners.
🛡️ Lobby: Auto-Join safety delay passed (8s). Enabled for late joiners.
📊 AppState: Polled participant counts - Active: ["tt0480687": 2]
⏰ AppState: Next schedule update set for Next Event Start: 2026-01-21 08:32:50 +0000
⏰ AppState: Scheduling update in 568 seconds
