2025-12-23 11:55:03.859 RedLemon[7693:68193] 🪟 Set initial window to expanded size: (0.0, 150.0, 1366.0, 593.0)
2025-12-23 11:55:03.859 RedLemon[7693:68193] ✅ Cache cleanup timer started (runs every 30 minutes)
2025-12-23 11:55:03.966 RedLemon[7693:68193] 🔄 Resetting playback state to prevent auto-selection...
2025-12-23 11:55:03.969 RedLemon[7693:68259] 🔍 KeychainManager: Retrieved username 'ursinho' from UserDefaults
2025-12-23 11:55:04.010 RedLemon[7693:68193] ✅ Playback state reset complete - starting in browse view
2025-12-23 11:55:04.010 RedLemon[7693:68193] 🔐 APP STARTUP: Loading stored user credentials...
2025-12-23 11:55:04.010 RedLemon[7693:68193] 🧪 Testing Profile: debug
2025-12-23 11:55:04.033 RedLemon[7693:68259] 🔍 KeychainManager: Retrieved username 'ursinho' from UserDefaults
2025-12-23 11:55:04.060 RedLemon[7693:68193] ✅ Keychain: Found stored username: ursinho
2025-12-23 11:55:04.060 RedLemon[7693:68193] 🔍 Supabase: Looking up user 'ursinho' in database...
2025-12-23 11:55:04.061 RedLemon[7693:68260] 🔍 SupabaseClient: Looking up user by username 'ursinho'
2025-12-23 11:55:04.176 RedLemon[7693:68261] 📡 SupabaseClient: User lookup response received (340 bytes)
2025-12-23 11:55:04.190 RedLemon[7693:68193] ✅ Loaded user: ursinho (ID: 656DAA91-33B4-4688-9135-C982EA52D7C9)
2025-12-23 11:55:04.191 RedLemon[7693:68261] ✅ SupabaseClient: Decoded 1 users from response
2025-12-23 11:55:04.191 RedLemon[7693:68261] 👤 SupabaseClient: Found user - ursinho (ID: 656DAA91-33B4-4688-9135-C982EA52D7C9)
2025-12-23 11:55:04.242 RedLemon[7693:68193] ✅ AUTH SUCCESS: User authenticated - ursinho (ID: 656DAA91-33B4-4688-9135-C982EA52D7C9)
2025-12-23 11:55:04.242 RedLemon[7693:68193] 🎯 AppState: currentUsername=ursinho, currentUserId=656DAA91-33B4-4688-9135-C982EA52D7C9
2025-12-23 11:55:04.242 RedLemon[7693:68193] 🏁 AUTH COMPLETE: Final state - username=ursinho, userId=656DAA91-33B4-4688-9135-C982EA52D7C9
2025-12-23 11:55:04.242 RedLemon[7693:68193] 🚀 RedLemon: Starting HTTP server...
2025-12-23 11:55:04.242 RedLemon[7693:68193] 📋 RedLemon: Current directory: /Users/danielnoble/Desktop/Redlemon
2025-12-23 11:55:04.263 RedLemon[7693:68193] ✅ RedLemon: HTTPServer instance created
2025-12-23 11:55:04.264 RedLemon[7693:68278] 📡 RedLemon: Server starting on port 47253...
2025-12-23 11:55:04.264 RedLemon[7693:68278] ✨ Using Auto-Generated Torrentio Config (realdebrid/KEY)
⏲️ [EventsConfig] Starting polling fallback (every 60s)
🔌 Connecting to Supabase Realtime: wss://nhvsojszwfvcinkyvzmf.supabase.co/realtime/v1/websocket
✅ Connected to Supabase Realtime
✅ Sparkle configured (manual only, no auto-checks)
   Appcast URL: https://raw.githubusercontent.com/orangeapple1272/Redlemon/main/appcast.xml
   Can check: false
📅 EventsView appeared
📡 Joined channel: realtime:events_config_updates
✅ [EventsConfig] Subscribed to realtime schedule updates
📨 Received: {"ref":"ABB14BE2-BB1B-4283-8E7F-EB533707B3D2","event":"phx_reply","payload":{"status":"ok","response":{"postgres_changes":[{"id":53636278,"event":"INSERT","filter":"config_type=eq.movie_events","schema":"public","table":"events_config"}]}},"topic":"realtime:events_config_updates"}
📨 Received: {"ref":null,"event":"system","payload":{"message":"Subscribed to PostgreSQL","status":"ok","extension":"postgres_changes","channel":"events_config_updates"},"topic":"realtime:events_config_updates"}
📨 Received: {"ref":null,"event":"presence_state","payload":{},"topic":"realtime:events_config_updates"}
🎬 [EventsView] Fetching movie events from centralized config...
📡 [EventsConfig] Checking server for movie_events config version...
🔍 Memory pressure monitoring enabled (safe mode)
🔍 Silent update check (custom implementation)...
🖥️ CacheManager initialized with fixed conservative limits
   Image cache limit: 30 items
📂 Loaded 3 credential(s) from cache
✅ Token routes registered:
   POST /tokens/save
   POST /tokens/delete
   GET  /tokens/list
✅ Unlock routes registered:
   POST /api/streams/unlock
✅ Stream routes registered:
   POST /api/streams/resolve
   GET  /api/streams/resolveByQuality
   GET  /api/streams/resolveAll
✅ Proxy routes registered:
   GET /play/rd/:infoHash/:fileIdx
   GET /play/rd/:infoHash
✅ Subtitle routes registered:
   GET /subtitles/search?imdbId=&type=
   GET /subtitles/subdl/:encodedPath
✅ All routes registered
✅ HTTP Server configured on http://127.0.0.1:47253
🚀 Starting HTTP server...
✅ Providers initialized: torrentio, comet, zilean, mediafusion, debridsearch
[ NOTICE ] Server started on http://127.0.0.1:47253
2025-12-23 11:55:06.280 RedLemon[7693:68193] ✅ RedLemon: Server marked as ready
2025-12-23 11:55:06.313 RedLemon[7693:68193] ✅ RedLemon: Server should be running on http://127.0.0.1:47253
2025-12-23 11:55:06.313 RedLemon[7693:68193] 🔍 Performing startup checks...
2025-12-23 11:55:06.313 RedLemon[7693:68193] ✅ Username-based authentication ready
2025-12-23 11:55:08.046 RedLemon[7693:68193] 🔍 Performing startup checks...
2025-12-23 11:55:08.046 RedLemon[7693:68193] ✅ Username-based authentication ready
2025-12-23 11:55:09.415 RedLemon[7693:68193] 🔄 Checking for app updates...
2025-12-23 11:56:26.680 RedLemon[7693:68718] 📡 StreamService: Fetching metadata for tt1663662...
✅ HTTP server running on http://127.0.0.1:47253

🔗 Available endpoints:
   http://127.0.0.1:47253/health
   http://127.0.0.1:47253/status
   http://127.0.0.1:47253/api/health

✅ [EventsConfig] Fetched movie_events version 1432 with 445 movies
✅ [EventsConfig] Using cached movie_events config (version 1432, 445 movies)
✅ [EventsView] Loaded 445 movies from config version 1432
🗓 AppState: Updated schedule epoch to 2025-12-23 06:43:55 +0000
⏰ AppState: Next schedule update set for Event End: 2025-12-23 18:56:55 +0000
⏰ AppState: Scheduling update in 7311 seconds
🖼️ [CACHE] Cached image data for key: https://images.metahub.space/background/medium/tt1663662/img (784642 bytes)
🔍 Supabase Response for /rooms: []
🔍 Supabase Response for /rooms: []
🔍 Supabase Response for /rooms: []
🔍 Supabase Response for /rooms: []
❌ Supabase error (404): {"code":"PGRST205","details":null,"hint":"Perhaps you meant the table 'public.users'","message":"Could not find the table 'public.user_blocks' in the schema cache"}
⚠️ Failed to load blocked users: httpError(404, "{\"code\":\"PGRST205\",\"details\":null,\"hint\":\"Perhaps you meant the table \'public.users\'\",\"message\":\"Could not find the table \'public.user_blocks\' in the schema cache\"}")
🔍 Supabase Response for /rooms: []
❌ Supabase error (404): {"code":"PGRST205","details":null,"hint":"Perhaps you meant the table 'public.users'","message":"Could not find the table 'public.user_blocks' in the schema cache"}
⚠️ Failed to load blocked users: httpError(404, "{\"code\":\"PGRST205\",\"details\":null,\"hint\":\"Perhaps you meant the table \'public.users\'\",\"message\":\"Could not find the table \'public.user_blocks\' in the schema cache\"}")
🔌 SocialService: Connecting to global presence...
🔌 Connecting to Supabase Realtime: wss://nhvsojszwfvcinkyvzmf.supabase.co/realtime/v1/websocket
✅ Connected to Supabase Realtime
✅ SocialService: Presence connected
📡 Joined channel: realtime:global-presence
✅ SocialService: Connected to global presence
🔌 SocialService: Connecting to DM channel...
🔌 Connecting to Supabase Realtime: wss://nhvsojszwfvcinkyvzmf.supabase.co/realtime/v1/websocket
✅ Connected to Supabase Realtime
✅ SocialService: DM channel connected
📨 Received: {"ref":"675886BB-3514-42AD-B597-C91B7981E652","event":"phx_reply","payload":{"status":"ok","response":{"postgres_changes":[]}},"topic":"realtime:global-presence"}
📨 Received: {"ref":null,"event":"presence_state","payload":{"cad02b74-e01f-11f0-bae9-0a58a9feac02":{"metas":[{"phx_ref":"GIPmfDP45qArgRWI","phx_ref_prev":"GIPmd4swX38rgYkC","last_seen":"2025-12-23T16:54:59.807Z","status":"online","user_id":"96e01cdb-36c0-4228-a6e4-a29a3c66bc8e","username":"lemontom"}]}},"topic":"realtime:global-presence"}
📨 Received: {"ref":"1","event":"phx_reply","payload":{"status":"ok","response":{}},"topic":"realtime:global-presence"}
📈 SocialService: User 96e01cdb-36c0-4228-a6e4-a29a3c66bc8e came online
📨 Received: {"ref":null,"event":"presence_diff","payload":{"joins":{"2151249e-e020-11f0-a0a1-0a58a9feac02":{"metas":[{"phx_ref":"GIPmfWU6rAgQ-AbN","last_seen":"2025-12-23T16:55:04.967Z","status":"online","user_id":"656DAA91-33B4-4688-9135-C982EA52D7C9","username":"ursinho"}]}},"leaves":{}},"topic":"realtime:global-presence"}
📈 SocialService: User 656daa91-33b4-4688-9135-c982ea52d7c9 came online
📡 Joined channel: realtime:direct_messages
✅ SocialService: Connected to DM channel
📨 Received: {"ref":"17CEBD79-A7A9-4E26-914B-64050116A596","event":"phx_reply","payload":{"status":"ok","response":{"postgres_changes":[{"id":44215242,"event":"INSERT","filter":"receiver_id=eq.656daa91-33b4-4688-9135-c982ea52d7c9","schema":"public","table":"direct_messages"},{"id":13418599,"event":"INSERT","filter":"sender_id=eq.656daa91-33b4-4688-9135-c982ea52d7c9","schema":"public","table":"direct_messages"}]}},"topic":"realtime:direct_messages"}
📬 SocialService: Fetched 0 unread messages
📨 Received: {"ref":null,"event":"system","payload":{"message":"Subscribed to PostgreSQL","status":"ok","extension":"postgres_changes","channel":"direct_messages"},"topic":"realtime:direct_messages"}
📨 Received: {"ref":null,"event":"presence_state","payload":{},"topic":"realtime:direct_messages"}
🔄 SocialService: Syncing 50 items to cloud...
🔄 SocialService: Syncing 50 items to cloud (serial)...
💰 LicenseManager: Checking for background crypto payments...
💰 Check Payment Response: {"success":false,"message":"No new payments detected","debug":{"checked_count":1,"assets_found":[{"chain":"base","currency":"ETH","amount":66191878437,"amountFloat":6.6191878437e-8}],"prices":{"btc":87877,"eth":2958.485},"logs":[],"rpc_logs":["Scanning evm address: 0xde969b58087D2B2C4C79C2234dE8A9E2A503E1FD","arb eth_getBalance: 0x0","base eth_getBalance: 0xf6957e925","poly eth_getBalance: undefined","eth eth_getBalance: undefined","opt eth_getBalance: undefined"]}}
🚫 Subscription revoked or inactive.
💰 LicenseManager: Checking for background crypto payments...
💰 Check Payment Response: {"success":false,"message":"No new payments detected","debug":{"checked_count":1,"assets_found":[{"chain":"base","currency":"ETH","amount":66191878437,"amountFloat":6.6191878437e-8}],"prices":{"btc":87877,"eth":2959.135},"logs":[],"rpc_logs":["Scanning evm address: 0xde969b58087D2B2C4C79C2234dE8A9E2A503E1FD","arb eth_getBalance: 0x0","base eth_getBalance: 0xf6957e925","eth eth_getBalance: undefined","opt eth_getBalance: undefined","poly eth_getBalance: undefined"]}}
🚫 Subscription revoked or inactive.
🔍 Manual update check requested...
⏰ TimeService: Synchronizing clock with server...
✅ TimeService: Synced! Offset: 0.045s (RTT: 199ms)
   Local:  2025-12-23 16:55:09 +0000
   Server: 2025-12-23 16:55:09 +0000
⏰ Time synced with server! AppState should automatically recalculate.
📨 Received: {"ref":null,"event":"presence_diff","payload":{"joins":{"cad02b74-e01f-11f0-bae9-0a58a9feac02":{"metas":[{"phx_ref":"GIPmgNuLoxYrgXHI","phx_ref_prev":"GIPmfDP45qArgRWI","last_seen":"2025-12-23T16:55:19.807Z","status":"online","user_id":"96e01cdb-36c0-4228-a6e4-a29a3c66bc8e","username":"lemontom"}]}},"leaves":{"cad02b74-e01f-11f0-bae9-0a58a9feac02":{"metas":[{"phx_ref":"GIPmfDP45qArgRWI","phx_ref_prev":"GIPmd4swX38rgYkC","last_seen":"2025-12-23T16:54:59.807Z","status":"online","user_id":"96e01cdb-36c0-4228-a6e4-a29a3c66bc8e","username":"lemontom"}]}}},"topic":"realtime:global-presence"}
📨 Received: {"ref":"2","event":"phx_reply","payload":{"status":"ok","response":{}},"topic":"realtime:global-presence"}
📨 Received: {"ref":null,"event":"presence_diff","payload":{"joins":{"2151249e-e020-11f0-a0a1-0a58a9feac02":{"metas":[{"phx_ref":"GIPmgg4TA1sQ-FOC","phx_ref_prev":"GIPmfWU6rAgQ-AbN","last_seen":"2025-12-23T16:55:24.969Z","status":"online","user_id":"656daa91-33b4-4688-9135-c982ea52d7c9","username":"ursinho"}]}},"leaves":{"2151249e-e020-11f0-a0a1-0a58a9feac02":{"metas":[{"phx_ref":"GIPmfWU6rAgQ-AbN","last_seen":"2025-12-23T16:55:04.967Z","status":"online","user_id":"656DAA91-33B4-4688-9135-C982EA52D7C9","username":"ursinho"}]}}},"topic":"realtime:global-presence"}
💓 Heartbeat sent
📨 Received: {"ref":"1","event":"phx_reply","payload":{"status":"ok","response":{}},"topic":"phoenix"}
💓 Heartbeat sent
💓 Heartbeat sent
📨 Received: {"ref":"3","event":"phx_reply","payload":{"status":"ok","response":{}},"topic":"phoenix"}
📨 Received: {"ref":"1","event":"phx_reply","payload":{"status":"ok","response":{}},"topic":"phoenix"}
📨 Received: {"ref":null,"event":"presence_diff","payload":{"joins":{"cad02b74-e01f-11f0-bae9-0a58a9feac02":{"metas":[{"phx_ref":"GIPmhYPP8MwrgciF","phx_ref_prev":"GIPmgNuLoxYrgXHI","last_seen":"2025-12-23T16:55:39.807Z","status":"online","user_id":"96e01cdb-36c0-4228-a6e4-a29a3c66bc8e","username":"lemontom"}]}},"leaves":{"cad02b74-e01f-11f0-bae9-0a58a9feac02":{"metas":[{"phx_ref":"GIPmgNuLoxYrgXHI","phx_ref_prev":"GIPmfDP45qArgRWI","last_seen":"2025-12-23T16:55:19.807Z","status":"online","user_id":"96e01cdb-36c0-4228-a6e4-a29a3c66bc8e","username":"lemontom"}]}}},"topic":"realtime:global-presence"}
📨 Received: {"ref":null,"event":"presence_diff","payload":{"joins":{"2151249e-e020-11f0-a0a1-0a58a9feac02":{"metas":[{"phx_ref":"GIPmhrV5i-0Q-AYG","phx_ref_prev":"GIPmgg4TA1sQ-FOC","last_seen":"2025-12-23T16:55:44.970Z","status":"online","user_id":"656daa91-33b4-4688-9135-c982ea52d7c9","username":"ursinho"}]}},"leaves":{"2151249e-e020-11f0-a0a1-0a58a9feac02":{"metas":[{"phx_ref":"GIPmgg4TA1sQ-FOC","phx_ref_prev":"GIPmfWU6rAgQ-AbN","last_seen":"2025-12-23T16:55:24.969Z","status":"online","user_id":"656daa91-33b4-4688-9135-c982ea52d7c9","username":"ursinho"}]}}},"topic":"realtime:global-presence"}
📨 Received: {"ref":"4","event":"phx_reply","payload":{"status":"ok","response":{}},"topic":"realtime:global-presence"}
📨 Received: {"ref":null,"event":"presence_diff","payload":{"joins":{"cad02b74-e01f-11f0-bae9-0a58a9feac02":{"metas":[{"phx_ref":"GIPmiiyKgsMrgc1M","phx_ref_prev":"GIPmhYPP8MwrgciF","last_seen":"2025-12-23T16:55:59.808Z","status":"online","user_id":"96e01cdb-36c0-4228-a6e4-a29a3c66bc8e","username":"lemontom"}]}},"leaves":{"cad02b74-e01f-11f0-bae9-0a58a9feac02":{"metas":[{"phx_ref":"GIPmhYPP8MwrgciF","phx_ref_prev":"GIPmgNuLoxYrgXHI","last_seen":"2025-12-23T16:55:39.807Z","status":"online","user_id":"96e01cdb-36c0-4228-a6e4-a29a3c66bc8e","username":"lemontom"}]}}},"topic":"realtime:global-presence"}
📡 [EventsConfig] Checking server for movie_events config version...
✅ [EventsConfig] Fetched movie_events version 1432 with 445 movies
✅ [EventsConfig] Using cached movie_events config (version 1432, 445 movies)
📨 Received: {"ref":"5","event":"phx_reply","payload":{"status":"ok","response":{}},"topic":"realtime:global-presence"}
📨 Received: {"ref":null,"event":"presence_diff","payload":{"joins":{"2151249e-e020-11f0-a0a1-0a58a9feac02":{"metas":[{"phx_ref":"GIPmi15M93QQ-OmC","phx_ref_prev":"GIPmhrV5i-0Q-AYG","last_seen":"2025-12-23T16:56:04.971Z","status":"online","user_id":"656daa91-33b4-4688-9135-c982ea52d7c9","username":"ursinho"}]}},"leaves":{"2151249e-e020-11f0-a0a1-0a58a9feac02":{"metas":[{"phx_ref":"GIPmhrV5i-0Q-AYG","phx_ref_prev":"GIPmgg4TA1sQ-FOC","last_seen":"2025-12-23T16:55:44.970Z","status":"online","user_id":"656daa91-33b4-4688-9135-c982ea52d7c9","username":"ursinho"}]}}},"topic":"realtime:global-presence"}
💓 Heartbeat sent
📨 Received: {"ref":"2","event":"phx_reply","payload":{"status":"ok","response":{}},"topic":"phoenix"}
💓 Heartbeat sent
💓 Heartbeat sent
📨 Received: {"ref":"6","event":"phx_reply","payload":{"status":"ok","response":{}},"topic":"phoenix"}
📨 Received: {"ref":"2","event":"phx_reply","payload":{"status":"ok","response":{}},"topic":"phoenix"}
📨 Received: {"ref":null,"event":"presence_diff","payload":{"joins":{"cad02b74-e01f-11f0-bae9-0a58a9feac02":{"metas":[{"phx_ref":"GIPmjtQiD38rgaMC","phx_ref_prev":"GIPmiiyKgsMrgc1M","last_seen":"2025-12-23T16:56:19.808Z","status":"online","user_id":"96e01cdb-36c0-4228-a6e4-a29a3c66bc8e","username":"lemontom"}]}},"leaves":{"cad02b74-e01f-11f0-bae9-0a58a9feac02":{"metas":[{"phx_ref":"GIPmiiyKgsMrgc1M","phx_ref_prev":"GIPmhYPP8MwrgciF","last_seen":"2025-12-23T16:55:59.808Z","status":"online","user_id":"96e01cdb-36c0-4228-a6e4-a29a3c66bc8e","username":"lemontom"}]}}},"topic":"realtime:global-presence"}
📨 Received: {"ref":"7","event":"phx_reply","payload":{"status":"ok","response":{}},"topic":"realtime:global-presence"}
📨 Received: {"ref":null,"event":"presence_diff","payload":{"joins":{"2151249e-e020-11f0-a0a1-0a58a9feac02":{"metas":[{"phx_ref":"GIPmkAYlQmEQ-EwM","phx_ref_prev":"GIPmi15M93QQ-OmC","last_seen":"2025-12-23T16:56:24.971Z","status":"online","user_id":"656daa91-33b4-4688-9135-c982ea52d7c9","username":"ursinho"}]}},"leaves":{"2151249e-e020-11f0-a0a1-0a58a9feac02":{"metas":[{"phx_ref":"GIPmi15M93QQ-OmC","phx_ref_prev":"GIPmhrV5i-0Q-AYG","last_seen":"2025-12-23T16:56:04.971Z","status":"online","user_id":"656daa91-33b4-4688-9135-c982ea52d7c9","username":"ursinho"}]}}},"topic":"realtime:global-presence"}
[2025-12-23T16:56:26Z] [INFO] [EventsView.swift:253] 🎟️ Joining event: Pacific Rim (Live: true)
   Event start time: 2025-12-23 16:35:55 +0000
   Event duration: 8460.0s
   Current time: 2025-12-23 16:56:26 +0000
   Is Live: true
   Is In Lobby: false
🔍 Supabase Response for /rooms: []
📝 Creating new event room: event_tt1663662
⚡️ Resolving stream for system event creation...
[2025-12-23T16:56:26Z] [INFO] [StreamService.swift:47] 🎬 StreamService: Starting resolution for: Pacific Rim
[ INFO ] GET /api/metadata/meta/movie/tt1663662 [request-id: D78C48FC-75A7-41F7-980B-1B0E4DA0FFA7]
2025-12-23 11:56:26.874 RedLemon[7693:69055] 📦 Decoded CinemetaMeta - videos count: -1
2025-12-23 11:56:26.875 RedLemon[7693:69055] ✅ StreamService: Metadata loaded: Pacific Rim
2025-12-23 11:56:26.875 RedLemon[7693:69055] ⚡️ StreamService: Resolving streams via StreamResolver (Bypassing HTTP)...
2025-12-23 11:56:26.876 RedLemon[7693:69055] ⚡️ StreamResolver: Resolving streams for tt1663662 (S0E0)
2025-12-23 11:56:26.876 RedLemon[7693:69055]    📅 Filtering by year: 2013
💾 Cache SET: Metadata[meta_movie_tt1663662]
🎬 StreamService: Resolving movie - trusted pack filtering will be applied server-side
⚡️ StreamResolver: Found Community Verified stream with 1 votes!
   ℹ️ Hash: 0d41e65140462dacede11bb87629d52b3c512088
   ℹ️ Last Verified: 2025-12-16 18:03:02 +0000
✅ SubDLClient initialized
🔍 Searching SubDL: tt1663662 (movie)
✅ Found 10 subtitles from SubDL (Final)
🧹 Filtered out 1 mismatched episodes
✅ StreamResolver: Attached best sub for 'Community Verified Stream (108...': Pacific Rim.2013.Bluray-1080p-...
⚡️ StreamResolver: SHORT CIRCUIT - Returning verified stream immediately.
⚡️ StreamService: Testing verified stream viability...
🔓 StreamService: Unlocking with infoHash: 0d41e6514046...
[ INFO ] POST /api/streams/unlock [request-id: 585BD989-A37A-4BCE-B5CA-ACA9CBB50541]
2025-12-23 11:56:27.228 RedLemon[7693:69144] 🔓 Unlock request: infoHash=0d41e6514046..., fileIdx=0
2025-12-23 11:56:27.228 RedLemon[7693:69144] ✅ Token found, attempting unlock...
2025-12-23 11:56:28.909 RedLemon[7693:68769] ✅ Unlocked successfully: Pacific.Rim.2013.1080p.BluRay.H264.AAC-RARBG.mp4
2025-12-23 11:56:28.912 RedLemon[7693:68593] 📥 StreamService: Pre-downloading 5 (capped from 9) subtitles...
2025-12-23 11:56:28.912 RedLemon[7693:68593] 🐛 StreamService: downloadSubtitlesInParallel called. Season: nil, Episode: nil, Count: 5
2025-12-23 11:56:28.913 RedLemon[7693:68593] 🔍 DEBUG: Processing subtitle URL: /subtitle/3514797-8437410.zip
2025-12-23 11:56:28.913 RedLemon[7693:69144] 🔍 DEBUG: Processing subtitle URL: /subtitle/44877-794705.zip
2025-12-23 11:56:28.913 RedLemon[7693:68769] 🔍 DEBUG: Processing subtitle URL: /subtitle/44881-801985.zip
2025-12-23 11:56:28.913 RedLemon[7693:69055] 🔍 DEBUG: Processing subtitle URL: /subtitle/44862-1165965.zip
2025-12-23 11:56:28.914 RedLemon[7693:68593] ✅ DEBUG: Raw SubDL URL detected, converting to proxy URL
2025-12-23 11:56:28.914 RedLemon[7693:69144] ✅ DEBUG: Raw SubDL URL detected, converting to proxy URL
2025-12-23 11:56:28.914 RedLemon[7693:69055] ✅ DEBUG: Raw SubDL URL detected, converting to proxy URL
2025-12-23 11:56:28.914 RedLemon[7693:68769] ✅ DEBUG: Raw SubDL URL detected, converting to proxy URL
2025-12-23 11:56:28.916 RedLemon[7693:69144] 🐛 StreamService: Constructed Proxy URL: http://127.0.0.1:47253/subtitles/subdl/L3N1YnRpdGxlLzQ0ODc3LTc5NDcwNS56aXA=?token=FD14A4CF-1F2E-4AE4-A598-4C490441E8AA
2025-12-23 11:56:28.916 RedLemon[7693:68769] 🐛 StreamService: Constructed Proxy URL: http://127.0.0.1:47253/subtitles/subdl/L3N1YnRpdGxlLzQ0ODgxLTgwMTk4NS56aXA=?token=FD14A4CF-1F2E-4AE4-A598-4C490441E8AA
2025-12-23 11:56:28.916 RedLemon[7693:69144] 🔍 DEBUG: Processing subtitle URL: /subtitle/44846-798041.zip
2025-12-23 11:56:28.916 RedLemon[7693:69144] ✅ DEBUG: Raw SubDL URL detected, converting to proxy URL
2025-12-23 11:56:28.917 RedLemon[7693:69055] 🐛 StreamService: Constructed Proxy URL: http://127.0.0.1:47253/subtitles/subdl/L3N1YnRpdGxlLzQ0ODYyLTExNjU5NjUuemlw?token=FD14A4CF-1F2E-4AE4-A598-4C490441E8AA
2025-12-23 11:56:28.917 RedLemon[7693:69144] 🐛 StreamService: Constructed Proxy URL: http://127.0.0.1:47253/subtitles/subdl/L3N1YnRpdGxlLzQ0ODQ2LTc5ODA0MS56aXA=?token=FD14A4CF-1F2E-4AE4-A598-4C490441E8AA
2025-12-23 11:56:28.917 RedLemon[7693:68593] 🐛 StreamService: Constructed Proxy URL: http://127.0.0.1:47253/subtitles/subdl/L3N1YnRpdGxlLzM1MTQ3OTctODQzNzQxMC56aXA=?token=FD14A4CF-1F2E-4AE4-A598-4C490441E8AA
2025-12-23 11:56:28.919 RedLemon[7693:68593] 🎬 SupabaseClient: createRoom called for id: event_tt1663662 - ENTRY
2025-12-23 11:56:28.921 RedLemon[7693:68593] 🎬 SupabaseClient: Creating room 'event_tt1663662' for host 'RedLemon Events'...
2025-12-23 11:56:29.129 RedLemon[7693:68769] ✅ SupabaseClient: Room creation request completed (received response)
2025-12-23 11:56:29.377 RedLemon[7693:68193] 🖼️ Loading background art: https://images.metahub.space/background/medium/tt1663662/img
2025-12-23 11:56:29.378 RedLemon[7693:68193] ⏳ Background art loading...
2025-12-23 11:56:29.378 RedLemon[7693:68193] 🎨 Loading logo: https://images.metahub.space/logo/medium/tt1663662/img
2025-12-23 11:56:29.378 RedLemon[7693:68193] ⏳ Logo loading...
2025-12-23 11:56:29.440 RedLemon[7693:68193] ✅ Background art loaded successfully
2025-12-23 11:56:29.442 RedLemon[7693:68193]    Quality: 1080p
2025-12-23 11:56:29.442 RedLemon[7693:68193]    Mode: watchParty
2025-12-23 11:56:29.442 RedLemon[7693:68193] 📡 Fetching metadata for tt1663662...
2025-12-23 11:56:29.531 RedLemon[7693:68593] ✅ StreamService: Using provided metadata: Pacific Rim
2025-12-23 11:56:29.531 RedLemon[7693:68593] ⚡️ StreamService: Resolving streams via StreamResolver (Bypassing HTTP)...
2025-12-23 11:56:29.531 RedLemon[7693:68593] ⚡️ StreamResolver: Resolving streams for tt1663662 (S0E0)
2025-12-23 11:56:29.532 RedLemon[7693:68593]    📅 Filtering by year: 2013
2025-12-23 11:56:29.584 RedLemon[7693:68193] ✅ Logo loaded successfully
✅ RD addMagnet: BYHF5IPO4S2YM
🎬 Movie: Found matching file for title 'Pacific Rim': /Pacific.Rim.2013.1080p.BluRay.H264.AAC-RARBG.mp4
📝 RD: Selecting file ID 1 for torrent BYHF5IPO4S2YM
📊 RD poll 1/2: status=downloaded, links=1
🔗 Unrestricting link: https://real-debrid.com/d/R5BTHLJH73Z2CA7A
✅ StreamService: Stream unlocked successfully!
✅ StreamService: Verified stream is VIABLE. Returning immediately.
✅ Selected seed subtitle: http://127.0.0.1:47253/subtitles/subdl/L3N1YnRpdGxlLzQ0ODc3LTc5NDcwNS56aXA=?token=FD14A4CF-1F2E-4AE4-A598-4C490441E8AA
✅ Stream resolved for system event: Pacific.Rim.2013.1080p.BluRay.H264.AAC-RARBG.mp4
   Hash: 0d41e65140462dacede11bb87629d52b3c512088
   URL: https://chi3-4.download.real-d...
🔍 Supabase Response for /rooms: [{"id":"event_tt1663662","name":"Pacific Rim","host_user_id":"656daa91-33b4-4688-9135-c982ea52d7c9","host_username":"RedLemon Events","stream_hash":"0d41e65140462dacede11bb87629d52b3c512088","imdb_id":"tt1663662","poster_url":"https://images.metahub.space/poster/small/tt1663662/img","backdrop_url":"https://images.metahub.space/background/medium/tt1663662/img","playback_position":0,"is_playing":false,"participants_count":1,"max_participants":50,"is_public":true,"created_at":"2025-12-23T16:56:29.200956","last_activity":"2025-12-23T16:56:28","season":null,"episode":null,"selected_quality":null,"selected_file_idx":null,"unlocked_stream_url":"https://chi3-4.download.real-debrid.com/d/MV4KBP42Q64KE124/Pacific.Rim.2013.1080p.BluRay.H264.AAC-RARBG.mp4","description":null,"current_playlist_index":0,"playlist":[],"subtitle_url":"http://127.0.0.1:47253/subtitles/subdl/L3N1YnRpdGxlLzQ0ODc3LTc5NDcwNS56aXA=?token=FD14A4CF-1F2E-4AE4-A598-4C490441E8AA"}]
🔍 Supabase Response for /rooms: [{"id":"event_tt1663662","name":"Pacific Rim","host_user_id":"656daa91-33b4-4688-9135-c982ea52d7c9","host_username":"RedLemon Events","stream_hash":"0d41e65140462dacede11bb87629d52b3c512088","imdb_id":"tt1663662","poster_url":"https://images.metahub.space/poster/small/tt1663662/img","backdrop_url":"https://images.metahub.space/background/medium/tt1663662/img","playback_position":0,"is_playing":false,"participants_count":1,"max_participants":50,"is_public":true,"created_at":"2025-12-23T16:56:29.200956","last_activity":"2025-12-23T16:56:29.292903","season":null,"episode":null,"selected_quality":null,"selected_file_idx":null,"unlocked_stream_url":"https://chi3-4.download.real-debrid.com/d/MV4KBP42Q64KE124/Pacific.Rim.2013.1080p.BluRay.H264.AAC-RARBG.mp4","description":null,"current_playlist_index":0,"playlist":[],"subtitle_url":"http://127.0.0.1:47253/subtitles/subdl/L3N1YnRpdGxlLzQ0ODc3LTc5NDcwNS56aXA=?token=FD14A4CF-1F2E-4AE4-A598-4C490441E8AA"}]
🎬 Live event - calculating position: 1234.3438656330109 seconds
   Event start time: 2025-12-23 16:35:55 +0000
   Current time: 2025-12-23 16:56:29 +0000
   Room createdAt: 2025-12-23 16:35:55 +0000
   Room state: playing
   Setting resumeFromTimestamp to: 1234.3438656330109
🎬 Live event - starting playback immediately (no lobby)
🎬 PlayerVM: Starting playback for: Pacific Rim
✅ Cache HIT: Metadata[meta_movie_tt1663662]


✅ [SYNC VERIFICATION] LOCKING TO SHARED STREAM (HASH ONLY) 🔒
[2025-12-23T16:56:29Z] [INFO] [StreamService.swift:47] 🎬 StreamService: Starting resolution for: Pacific Rim
🎬 StreamService: Resolving movie - trusted pack filtering will be applied server-side
⚡️ StreamResolver: Found Community Verified stream with 1 votes!
   ℹ️ Hash: 0d41e65140462dacede11bb87629d52b3c512088
   ℹ️ Last Verified: 2025-12-16 18:03:02 +0000
🔍 Searching SubDL: tt1663662 (movie)
✅ Found 10 subtitles from SubDL (Final)
🧹 Filtered out 1 mismatched episodes
✅ StreamResolver: Attached best sub for 'Community Verified Stream (108...': Pacific Rim.2013.Bluray-1080p-...
⚡️ StreamResolver: SHORT CIRCUIT - Returning verified stream immediately.
⚡️ StreamService: Testing verified stream viability...
🔓 StreamService: Unlocking with infoHash: 0d41e6514046...
[ INFO ] POST /api/streams/unlock [request-id: 0B0D57EB-C0F7-4BD8-A86A-F05C4BD85F71]
2025-12-23 11:56:29.785 RedLemon[7693:69144] 🔓 Unlock request: infoHash=0d41e6514046..., fileIdx=0
2025-12-23 11:56:29.785 RedLemon[7693:69144] ✅ Token found, attempting unlock...
2025-12-23 11:56:29.785 RedLemon[7693:69144] ✅ Unlocked successfully: Pacific.Rim.2013.1080p.BluRay.H264.AAC-RARBG.mp4
2025-12-23 11:56:29.787 RedLemon[7693:69055] 📥 StreamService: Pre-downloading 5 (capped from 9) subtitles...
2025-12-23 11:56:29.787 RedLemon[7693:69055] 🐛 StreamService: downloadSubtitlesInParallel called. Season: nil, Episode: nil, Count: 5
2025-12-23 11:56:29.787 RedLemon[7693:69055] 🔍 DEBUG: Processing subtitle URL: /subtitle/44877-794705.zip
2025-12-23 11:56:29.787 RedLemon[7693:68593] 🔍 DEBUG: Processing subtitle URL: /subtitle/3514797-8437410.zip
2025-12-23 11:56:29.787 RedLemon[7693:69055] ✅ DEBUG: Raw SubDL URL detected, converting to proxy URL
2025-12-23 11:56:29.787 RedLemon[7693:68769] 🔍 DEBUG: Processing subtitle URL: /subtitle/44862-1165965.zip
2025-12-23 11:56:29.787 RedLemon[7693:68718] 🔍 DEBUG: Processing subtitle URL: /subtitle/44881-801985.zip
2025-12-23 11:56:29.787 RedLemon[7693:68593] ✅ DEBUG: Raw SubDL URL detected, converting to proxy URL
2025-12-23 11:56:29.787 RedLemon[7693:68769] ✅ DEBUG: Raw SubDL URL detected, converting to proxy URL
2025-12-23 11:56:29.787 RedLemon[7693:68718] ✅ DEBUG: Raw SubDL URL detected, converting to proxy URL
2025-12-23 11:56:29.787 RedLemon[7693:69055] 🐛 StreamService: Constructed Proxy URL: http://127.0.0.1:47253/subtitles/subdl/L3N1YnRpdGxlLzQ0ODc3LTc5NDcwNS56aXA=?token=FD14A4CF-1F2E-4AE4-A598-4C490441E8AA
2025-12-23 11:56:29.787 RedLemon[7693:68769] 🐛 StreamService: Constructed Proxy URL: http://127.0.0.1:47253/subtitles/subdl/L3N1YnRpdGxlLzQ0ODYyLTExNjU5NjUuemlw?token=FD14A4CF-1F2E-4AE4-A598-4C490441E8AA
2025-12-23 11:56:29.787 RedLemon[7693:68593] 🐛 StreamService: Constructed Proxy URL: http://127.0.0.1:47253/subtitles/subdl/L3N1YnRpdGxlLzM1MTQ3OTctODQzNzQxMC56aXA=?token=FD14A4CF-1F2E-4AE4-A598-4C490441E8AA
2025-12-23 11:56:29.787 RedLemon[7693:69055] 🔍 DEBUG: Processing subtitle URL: /subtitle/44846-798041.zip
2025-12-23 11:56:29.787 RedLemon[7693:68718] 🐛 StreamService: Constructed Proxy URL: http://127.0.0.1:47253/subtitles/subdl/L3N1YnRpdGxlLzQ0ODgxLTgwMTk4NS56aXA=?token=FD14A4CF-1F2E-4AE4-A598-4C490441E8AA
2025-12-23 11:56:29.787 RedLemon[7693:69055] ✅ DEBUG: Raw SubDL URL detected, converting to proxy URL
2025-12-23 11:56:29.788 RedLemon[7693:69055] 🐛 StreamService: Constructed Proxy URL: http://127.0.0.1:47253/subtitles/subdl/L3N1YnRpdGxlLzQ0ODQ2LTc5ODA0MS56aXA=?token=FD14A4CF-1F2E-4AE4-A598-4C490441E8AA
2025-12-23 11:56:29.796 RedLemon[7693:68193] 🎬🎬🎬 MPVPlayerView INIT called - streamURL: https://chi3-4.download.real-debrid.com/d/MV4KBP42Q64KE124/P, subtitles: 5
2025-12-23 11:56:29.875 RedLemon[7693:68193] ✅ Stream ready, starting playback...
2025-12-23 11:56:29.875 RedLemon[7693:68193] 🖥️ WindowManager: enterFullscreen() called
2025-12-23 11:56:29.875 RedLemon[7693:68193]    Window: <SwiftUI.SwiftUIWindow: 0x7feea23664a0>
2025-12-23 11:56:29.876 RedLemon[7693:68193]    Is fullscreen: 0
2025-12-23 11:56:29.876 RedLemon[7693:68193]    ✅ WindowManager: Toggling fullscreen ON
2025-12-23 11:56:29.979 RedLemon[7693:68193] 🖼️ Setting up MPV with native macOS video output...
2025-12-23 11:56:29.985 RedLemon[7693:68193] ✅ MPV initialized with native GPU rendering
2025-12-23 11:56:29.993 RedLemon[7693:68193] 🎬🎬🎬 MPVPlayerView .task starting
2025-12-23 11:56:29.993 RedLemon[7693:68193] 🎉 Starting watch party sync - Room: event_tt1663662, Host: NO
2025-12-23 11:56:29.994 RedLemon[7693:68193] 🎉 Watch Party Mode ENABLED. isInWatchParty = YES
2025-12-23 11:56:30.083 RedLemon[7693:68193] 🔄 Starting chat polling for room: event_tt1663662
2025-12-23 11:56:30.083 RedLemon[7693:68193] ✅ Watch party sync started successfully - isInWatchParty is now TRUE
2025-12-23 11:56:30.083 RedLemon[7693:68193] 🎬🎬🎬 About to call loadStream - isInWatchParty: YES
2025-12-23 11:56:30.083 RedLemon[7693:68193] 🎬🎬🎬 Subtitles: 5
2025-12-23 11:56:30.084 RedLemon[7693:68193] 🎬🎬🎬 LOADSTREAM CALLED - streamTitle: Pacific Rim
2025-12-23 11:56:30.085 RedLemon[7693:68193] 🎬🎬🎬 streamURL: https://chi3-4.download.real-debrid.com/d/MV4KBP42Q64KE124/P
2025-12-23 11:56:30.085 RedLemon[7693:68193] 🎬🎬🎬 subtitles: 5
2025-12-23 11:56:30.086 RedLemon[7693:68193] 🎬🎬🎬 MPVPlayerView .task completed
2025-12-23 11:56:30.094 RedLemon[7693:69055] ℹ️ SubDL subtitles detected - downloading to local files in background...
2025-12-23 11:56:30.094 RedLemon[7693:68593] 🎬 MPV: Current video filename set to: Pacific.Rim.2013.1080p.BluRay.H264.AAC-RARBG.mp4
2025-12-23 11:56:30.094 RedLemon[7693:69055] 🔍 SubtitleService: Downloading http://127.0.0.1:47253/subtitles/subdl/L3N1YnRpdGxlLzQ0ODc3LTc5NDcwNS56aXA=?token=FD14A4CF-1F2E-4AE4-A598-4C490441E8AA
2025-12-23 11:56:30.095 RedLemon[7693:68593] 🎬 MPV loadVideo called with URL: https://chi3-4.download.real-debrid.com/d/MV4KBP42Q64KE124/Pacific.Rim.2013.1080p.BluRay.H264.AAC-RA, autoplay: true, expectedSubs: 3
2025-12-23 11:56:30.095 RedLemon[7693:68593] 🎬 MPV executing: loadfile "https://chi3-4.download.real-debrid.com/d/MV4KBP42Q64KE124/Pacific.Rim.2013.1080p.BluRay.H264.AAC-RARBG.mp4"
2025-12-23 11:56:30.095 RedLemon[7693:68593] ✅ MPV loadfile succeeded (Started Paused, waiting for Smart Load)
✅ RD cache hit: 0d41e6514046
✅ StreamService: Stream unlocked successfully!
✅ StreamService: Verified stream is VIABLE. Returning immediately.
🎬 RedLemon: Creating MPVPlayerView
   Stream URL: https://chi3-4.download.real-debrid.com/d/MV4KBP42Q64KE124/P
   Display Title: Pacific Rim
   Subtitle URLs: 5
      [0] Pacific.Rim.2013.720p.Bluray.X264.Yify
      [1] Pacific.Rim.2013.720p.BluRay.x264.YIFY
      [2] Pacific Rim.2013.Bluray-1080p-RMXTRAS.en
      [3] Pacific.Rim.2013.3D.BluRay.1080p.AVC.DTS-HD.MA7.1-CHD
      [4] Pacific.Rim.2013.720p.BluRay.x264.YIFY
🎬 MPVWrapper: Creating embedded MPV with render context...
✅ MPV handle created
🎬 MPVLayerHostView initialized
🎬 Event playback detected - starting auto-exit monitor
🧠 StreamService: Marked hash 0d41e651 as attempted for tt1663662
🎬 Created CGL pixel format (Core Profile 3.2)
🎬 Created CGL context with vsync enabled
🎬 MPVViewLayer initialized with async rendering
🎬 Video layer assigned to host view
🎬 Creating MPV render context with OpenGL (IINA method)...
🎬 MPV: Frame ready! Calling layer.update() (throttled)
✅ Render context created successfully (IINA method)
🎬 Layer.update() called - forceDraw:false needsFlip:true (throttled)
🎬 CVDisplayLink started
🎉 Starting watch party: roomId=event_tt1663662, isHost=false
🎬 DisplayLink: reportSwap() (throttled)
🔌 Setting up Realtime channel: watch-party:event_tt1663662
   Role: Guest
   User ID: 656DAA91-33B4-4688-9135-C982EA52D7C9
📡 Connection state: connecting
⏯️ MPV: Pause state changed to false -> isPlaying = true
⚡️ PlaybackService: creating sleep assertion (preventing idle sleep)
📡 Joined channel: realtime:watch-party:event_tt1663662
📡 Connection state: connected
✅ Realtime channel setup complete
✅ Video ready - hiding poster
🎉 EVENT: Recalculating seek time at video ready
   Event started at: 2025-12-23 16:35:55 +0000
   Current time: 2025-12-23 16:56:30 +0000
   Elapsed: 1235s
   Seeking to: 1235s
🎯 IMMEDIATE RESUME: Seeking to 1235s without delay
📝 Started watch history tracking
✅ Watch party sync initialized with Realtime
🎬 Loading stream: Pacific Rim
   IMDB: tt1663662
   URL: https://chi3-4.download.real-debrid.com/d/MV4KBP42Q64KE124/P...
   Hash: 0d41e651...
   Source: BluRay
💬 Added mock chat messages for testing
🎉 EVENT MODE: Autoplaying immediately (ignoring watch party gates)
⚠️ MPVPlayerViewModel: Buffering finished during Event Blind Seek (Duration 0) - Ignoring Error Trigger
📡 Fetching metadata for tt1663662 as movie...
⚡️ PlaybackService: releasing sleep assertion
📝 Pre-loading external subtitles (Top 3)...
✅ Cache HIT: Metadata[meta_movie_tt1663662]
[ INFO ] GET /subtitles/subdl/L3N1YnRpdGxlLzQ0ODc3LTc5NDcwNS56aXA= [request-id: 708018E6-1010-4748-91E2-7579B6A20981]
2025-12-23 11:56:30.462 RedLemon[7693:68193] 👥 MPVPlayer: Updated participants list via polling: 1
2025-12-23 11:56:30.584 RedLemon[7693:69144] ✅ Subtitle 1 downloaded to: /var/folders/3v/s3d75ntd4v90_pg0mb6rmlz40000gn/T/sub_09336A4D-82C3-4397-8425-208804FD81AC.vtt
2025-12-23 11:56:30.584 RedLemon[7693:69144] 📝 Loading subtitle from: /var/folders/3v/s3d75ntd4v90_pg0mb6rmlz40000gn/T/sub_09336A4D-82C3-4397-8425-208
2025-12-23 11:56:30.592 RedLemon[7693:69055] ⏳ MPV: File not fully loaded yet. Queueing PENDING SEEK to 1235.1s
2025-12-23 11:56:30.609 RedLemon[7693:69144] ✅ External subtitle added to track list (not auto-selected)
2025-12-23 11:56:30.609 RedLemon[7693:69144] 🔍 SubtitleService: Downloading http://127.0.0.1:47253/subtitles/subdl/L3N1YnRpdGxlLzQ0ODYyLTExNjU5NjUuemlw?token=FD14A4CF-1F2E-4AE4-A598-4C490441E8AA
📄 Subtitle request: L3N1YnRpdGxlLzQ0ODc3... (offset: 0ms)
📥 Downloading subtitle from SubDL CDN: /subtitle/44877-794705.zip
📨 Received: {"ref":"903FEC7E-5A03-4341-857B-BD442513A82F","event":"phx_reply","payload":{"status":"ok","response":{"postgres_changes":[]}},"topic":"realtime:watch-party:event_tt1663662"}
📨 Received: {"ref":null,"event":"presence_state","payload":{},"topic":"realtime:watch-party:event_tt1663662"}
📨 Received: {"ref":"3","event":"phx_reply","payload":{"status":"ok","response":{}},"topic":"realtime:watch-party:event_tt1663662"}
📨 Received: {"ref":null,"event":"presence_diff","payload":{"joins":{"540a953c-e020-11f0-9018-0a58a9feac02":{"metas":[{"phx_ref":"GIPmkTW4unD9hNgP","is_host":false,"joined_at":1766508990.077441,"user_id":"656DAA91-33B4-4688-9135-C982EA52D7C9","username":"ursinho"}]}},"leaves":{}},"topic":"realtime:watch-party:event_tt1663662"}
📨 Received: {"ref":"8","event":"phx_reply","payload":{"status":"ok","response":{}},"topic":"realtime:global-presence"}
📨 Received: {"ref":null,"event":"presence_diff","payload":{"joins":{"2151249e-e020-11f0-a0a1-0a58a9feac02":{"metas":[{"phx_ref":"GIPmkTa1uCsQ-D-K","phx_ref_prev":"GIPmkAYlQmEQ-EwM","last_seen":"2025-12-23T16:56:30.094Z","room_id":"event_tt1663662","started_at":"2025-12-23T16:56:30.094Z","status":"online","user_id":"656daa91-33b4-4688-9135-c982ea52d7c9","username":"ursinho","watching_id":"tt1663662","watching_title":"Pacific Rim","watching_type":"movie"}]}},"leaves":{"2151249e-e020-11f0-a0a1-0a58a9feac02":{"metas":[{"phx_ref":"GIPmkAYlQmEQ-EwM","phx_ref_prev":"GIPmi15M93QQ-OmC","last_seen":"2025-12-23T16:56:24.971Z","status":"online","user_id":"656daa91-33b4-4688-9135-c982ea52d7c9","username":"ursinho"}]}}},"topic":"realtime:global-presence"}
👁️ ChatOverlayView appeared - UI UPDATE ROUND 6
⌨️ ChatOverlayView: Triggering input focus (showChat=true)
✅ Got background: https://images.metahub.space/background/medium/tt1663662/img...
✅ Got poster URL: https://images.metahub.space/poster/small/tt1663662/img...
✅ Got logo: https://images.metahub.space/logo/medium/tt1663662/img...
📡 SocialService: Updated status - online: Pacific Rim
➕ Added new participant 656daa91-33b4-4688-9135-c982ea52d7c9 (Ref: GIPmkTW4unD9hNgP)
⏰ AppState: Next schedule update set for Event End: 2025-12-23 18:56:55 +0000
⏰ AppState: Scheduling update in 7225 seconds
⏳ MPVPlayerViewModel: Enhancing UI - Buffering started (show spinner)
✅ Download complete: 43537 bytes
📦 Detected ZIP archive, extracting...
⚠️ No specific episode match found, using first file: Pacific.Rim.2013.720p.BluRay.x264.YIFY.srt
📦 Extracting specific file: Pacific.Rim.2013.720p.BluRay.x264.YIFY.srt
✅ Extraction successful
🔍 Supabase Response for /rooms: [{"id":"event_tt1663662","name":"Pacific Rim","host_user_id":"656daa91-33b4-4688-9135-c982ea52d7c9","host_username":"RedLemon Events","stream_hash":"0d41e65140462dacede11bb87629d52b3c512088","imdb_id":"tt1663662","poster_url":"https://images.metahub.space/poster/small/tt1663662/img","backdrop_url":"https://images.metahub.space/background/medium/tt1663662/img","playback_position":0,"is_playing":false,"participants_count":1,"max_participants":50,"is_public":true,"created_at":"2025-12-23T16:56:29.200956","last_activity":"2025-12-23T16:56:29.292903","season":null,"episode":null,"selected_quality":null,"selected_file_idx":null,"unlocked_stream_url":"https://chi3-4.download.real-debrid.com/d/MV4KBP42Q64KE124/Pacific.Rim.2013.1080p.BluRay.H264.AAC-RARBG.mp4","description":null,"current_playlist_index":0,"playlist":[],"subtitle_url":"http://127.0.0.1:47253/subtitles/subdl/L3N1YnRpdGxlLzQ0ODc3LTc5NDcwNS56aXA=?token=FD14A4CF-1F2E-4AE4-A598-4C490441E8AA"}]
🔍 Supabase Response for /rooms: []
✅ Subtitle downloaded and converted to VTT
⚠️ Video duration not available yet (0.0s), performing BLIND SEEK to 1235s...
🎯 Executing immediate seek to 1235s...
🔍 Supabase Response for /rooms: []
[ INFO ] GET /subtitles/subdl/L3N1YnRpdGxlLzQ0ODYyLTExNjU5NjUuemlw [request-id: A86C845F-071D-4429-9052-DE58A0E2949A]
2025-12-23 11:56:30.819 RedLemon[7693:68193] 👋 Watch Party: Sending INITIAL READY signal and starting loop
2025-12-23 11:56:30.856 RedLemon[7693:69196] 📤 Realtime: Sending message type: ready, sender: 656DAA91-33B4-4688-9135-C982EA52D7C9
2025-12-23 11:56:30.857 RedLemon[7693:69196]    Payload keys: position, senderId, isPlaying, timestamp, type
2025-12-23 11:56:30.857 RedLemon[7693:68593] ✅ Realtime: Message broadcast complete
2025-12-23 11:56:30.857 RedLemon[7693:68193] ✅ Watch Party: READY signal sent successfully
2025-12-23 11:56:30.903 RedLemon[7693:69055] 📨 Realtime: Received broadcast message
2025-12-23 11:56:30.903 RedLemon[7693:69055]    Payload keys: position, isPlaying, type, timestamp, senderId
2025-12-23 11:56:30.904 RedLemon[7693:69055] ✅ Realtime: Decoded message type: ready, sender: 656DAA91-33B4-4688-9135-C982EA52D7C9
2025-12-23 11:56:30.904 RedLemon[7693:69055] 📞 Realtime: Invoking syncCallback for message type: ready
2025-12-23 11:56:30.904 RedLemon[7693:69055] ✅ Realtime: syncCallback invoked successfully
2025-12-23 11:56:30.905 RedLemon[7693:68193] 🔍 DEBUG: Received sync message - type: ready, sender: 656DAA91-33B4-4688-9135-C982EA52D7C9
2025-12-23 11:56:30.905 RedLemon[7693:68193] ✅ Received READY signal from 656DAA91-33B4-4688-9135-C982EA52D7C9
2025-12-23 11:56:31.151 RedLemon[7693:69055] ✅ Subtitle 2 downloaded to: /var/folders/3v/s3d75ntd4v90_pg0mb6rmlz40000gn/T/sub_FC66537D-BC01-41E3-9FAE-B12DFB6DA82D.vtt
2025-12-23 11:56:31.151 RedLemon[7693:69055] 📝 Loading subtitle from: /var/folders/3v/s3d75ntd4v90_pg0mb6rmlz40000gn/T/sub_FC66537D-BC01-41E3-9FAE-B12
2025-12-23 11:56:31.169 RedLemon[7693:69055] ✅ External subtitle added to track list (not auto-selected)
2025-12-23 11:56:31.169 RedLemon[7693:69055] 🔍 SubtitleService: Downloading http://127.0.0.1:47253/subtitles/subdl/L3N1YnRpdGxlLzM1MTQ3OTctODQzNzQxMC56aXA=?token=FD14A4CF-1F2E-4AE4-A598-4C490441E8AA
📄 Subtitle request: L3N1YnRpdGxlLzQ0ODYy... (offset: 0ms)
📥 Downloading subtitle from SubDL CDN: /subtitle/44862-1165965.zip
🔍 Supabase Response for /rooms: []
🔍 Supabase Response for /rooms: []
⚡️ PlaybackService: creating sleep assertion (preventing idle sleep)
✅ Resumed playback after seek to 1235s
✅ Video ready - hiding poster
👋 Watch Party: Video ready (playing), sending READY signal as fallback
📝 Started watch history tracking
📨 Received: {"ref":null,"event":"broadcast","payload":{"event":"sync","payload":{"isPlaying":false,"position":0,"senderId":"656DAA91-33B4-4688-9135-C982EA52D7C9","timestamp":1766508990.819411,"type":"ready"},"type":"broadcast"},"topic":"realtime:watch-party:event_tt1663662"}
✅ Download complete: 43483 bytes
📦 Detected ZIP archive, extracting...
⚠️ No specific episode match found, using first file: Pacific.Rim.2013.720p.BluRay.x264.YIFY.srt
📦 Extracting specific file: Pacific.Rim.2013.720p.BluRay.x264.YIFY.srt
✅ Extraction successful
🎬 DisplayLink: reportSwap() (throttled)
✅ Subtitle downloaded and converted to VTT
[ INFO ] GET /subtitles/subdl/L3N1YnRpdGxlLzM1MTQ3OTctODQzNzQxMC56aXA= [request-id: E4E7C76F-2083-4E7F-8CEB-FC366F73F6E2]
2025-12-23 11:56:31.608 RedLemon[7693:68593] ✅ Subtitle 3 downloaded to: /var/folders/3v/s3d75ntd4v90_pg0mb6rmlz40000gn/T/sub_2A614C0F-0671-4635-81F1-B597831EBAE1.vtt
2025-12-23 11:56:31.609 RedLemon[7693:68593] 📝 Loading subtitle from: /var/folders/3v/s3d75ntd4v90_pg0mb6rmlz40000gn/T/sub_2A614C0F-0671-4635-81F1-B59
2025-12-23 11:56:31.620 RedLemon[7693:68593] ✅ External subtitle added to track list (not auto-selected)
2025-12-23 11:56:31.620 RedLemon[7693:68593] 🔍 MPV track-list/count: 3
2025-12-23 11:56:31.620 RedLemon[7693:68593] 🔍 Track 0 type: sub
2025-12-23 11:56:31.620 RedLemon[7693:68593] ✅ Found subtitle track: ID=1, lang=en, title=Pacific.Rim.2013.720p.Bluray.X264.Yify, external=1
2025-12-23 11:56:31.620 RedLemon[7693:68593] 🔍 Track 1 type: sub
2025-12-23 11:56:31.621 RedLemon[7693:68593] ✅ Found subtitle track: ID=2, lang=en, title=Pacific.Rim.2013.720p.BluRay.x264.YIFY, external=1
2025-12-23 11:56:31.621 RedLemon[7693:68593] 🔍 Track 2 type: sub
2025-12-23 11:56:31.621 RedLemon[7693:68593] ✅ Found subtitle track: ID=3, lang=en, title=Pacific Rim.2013.Bluray-1080p-RMXTRAS.en, external=1
2025-12-23 11:56:31.621 RedLemon[7693:68593] 📊 Total subtitle tracks found: 4 (including Off if needed)
2025-12-23 11:56:31.621 RedLemon[7693:68593]    Start[0]: ID=0, Title='Off', Lang='nil', Ext=0
2025-12-23 11:56:31.621 RedLemon[7693:68593]    Start[1]: ID=1, Title='Pacific.Rim.2013.720p.Bluray.X264.Yify', Lang='en', Ext=1
2025-12-23 11:56:31.621 RedLemon[7693:68593]    Start[2]: ID=2, Title='Pacific.Rim.2013.720p.BluRay.x264.YIFY', Lang='en', Ext=1
2025-12-23 11:56:31.621 RedLemon[7693:68593]    Start[3]: ID=3, Title='Pacific Rim.2013.Bluray-1080p-RMXTRAS.en', Lang='en', Ext=1
2025-12-23 11:56:31.622 RedLemon[7693:68593] ✅ SubtitleService: Scanned 4 tracks (Attempt 1/5)
2025-12-23 11:56:31.622 RedLemon[7693:68593]    Track: ID=0, Title=Off, External=0
2025-12-23 11:56:31.622 RedLemon[7693:68593]    Track: ID=1, Title=Pacific.Rim.2013.720p.Bluray.X264.Yify, External=1
2025-12-23 11:56:31.623 RedLemon[7693:68593]    Track: ID=2, Title=Pacific.Rim.2013.720p.BluRay.x264.YIFY, External=1
2025-12-23 11:56:31.623 RedLemon[7693:68593]    Track: ID=3, Title=Pacific Rim.2013.Bluray-1080p-RMXTRAS.en, External=1
2025-12-23 11:56:32.598 RedLemon[7693:68193] 🔄 MPV: Executing PENDING SEEK to 1235.1s (Smart Load)
2025-12-23 11:56:32.635 RedLemon[7693:69196] 🔍 MPV track-list/count: 5
2025-12-23 11:56:32.635 RedLemon[7693:69196] 🔍 Track 0 type: sub
2025-12-23 11:56:32.636 RedLemon[7693:69196] ✅ Found subtitle track: ID=1, lang=en, title=Pacific.Rim.2013.720p.Bluray.X264.Yify, external=1
2025-12-23 11:56:32.636 RedLemon[7693:69196] 🔍 Track 1 type: sub
2025-12-23 11:56:32.636 RedLemon[7693:69196] ✅ Found subtitle track: ID=2, lang=en, title=Pacific.Rim.2013.720p.BluRay.x264.YIFY, external=1
2025-12-23 11:56:32.636 RedLemon[7693:69196] 🔍 Track 2 type: sub
2025-12-23 11:56:32.637 RedLemon[7693:69196] ✅ Found subtitle track: ID=3, lang=en, title=Pacific Rim.2013.Bluray-1080p-RMXTRAS.en, external=1
2025-12-23 11:56:32.637 RedLemon[7693:69196] 🔍 Track 3 type: video
2025-12-23 11:56:32.637 RedLemon[7693:69196] 🔍 Track 4 type: audio
2025-12-23 11:56:32.637 RedLemon[7693:69196] 📊 Total subtitle tracks found: 4 (including Off if needed)
2025-12-23 11:56:32.637 RedLemon[7693:69196]    Start[0]: ID=0, Title='Off', Lang='nil', Ext=0
2025-12-23 11:56:32.637 RedLemon[7693:69196]    Start[1]: ID=1, Title='Pacific.Rim.2013.720p.Bluray.X264.Yify', Lang='en', Ext=1
2025-12-23 11:56:32.637 RedLemon[7693:69196]    Start[2]: ID=2, Title='Pacific.Rim.2013.720p.BluRay.x264.YIFY', Lang='en', Ext=1
2025-12-23 11:56:32.638 RedLemon[7693:69196]    Start[3]: ID=3, Title='Pacific Rim.2013.Bluray-1080p-RMXTRAS.en', Lang='en', Ext=1
2025-12-23 11:56:32.638 RedLemon[7693:69196] ✅ SubtitleService: Scanned 4 tracks (Attempt 2/5)
2025-12-23 11:56:32.638 RedLemon[7693:69196]    Track: ID=0, Title=Off, External=0
2025-12-23 11:56:32.639 RedLemon[7693:69196]    Track: ID=1, Title=Pacific.Rim.2013.720p.Bluray.X264.Yify, External=1
2025-12-23 11:56:32.639 RedLemon[7693:69196]    Track: ID=2, Title=Pacific.Rim.2013.720p.BluRay.x264.YIFY, External=1
2025-12-23 11:56:32.640 RedLemon[7693:69196]    Track: ID=3, Title=Pacific Rim.2013.Bluray-1080p-RMXTRAS.en, External=1
2025-12-23 11:56:33.698 RedLemon[7693:68769] 🔍 MPV track-list/count: 5
2025-12-23 11:56:33.698 RedLemon[7693:68769] 🔍 Track 0 type: sub
2025-12-23 11:56:33.699 RedLemon[7693:68769] ✅ Found subtitle track: ID=1, lang=en, title=Pacific.Rim.2013.720p.Bluray.X264.Yify, external=1
2025-12-23 11:56:33.699 RedLemon[7693:68769] 🔍 Track 1 type: sub
2025-12-23 11:56:33.699 RedLemon[7693:68769] ✅ Found subtitle track: ID=2, lang=en, title=Pacific.Rim.2013.720p.BluRay.x264.YIFY, external=1
2025-12-23 11:56:33.699 RedLemon[7693:68769] 🔍 Track 2 type: sub
2025-12-23 11:56:33.699 RedLemon[7693:68769] ✅ Found subtitle track: ID=3, lang=en, title=Pacific Rim.2013.Bluray-1080p-RMXTRAS.en, external=1
2025-12-23 11:56:33.699 RedLemon[7693:68769] 🔍 Track 3 type: video
2025-12-23 11:56:33.700 RedLemon[7693:68769] 🔍 Track 4 type: audio
2025-12-23 11:56:33.700 RedLemon[7693:68769] 📊 Total subtitle tracks found: 4 (including Off if needed)
2025-12-23 11:56:33.700 RedLemon[7693:68769]    Start[0]: ID=0, Title='Off', Lang='nil', Ext=0
2025-12-23 11:56:33.700 RedLemon[7693:68769]    Start[1]: ID=1, Title='Pacific.Rim.2013.720p.Bluray.X264.Yify', Lang='en', Ext=1
2025-12-23 11:56:33.700 RedLemon[7693:68769]    Start[2]: ID=2, Title='Pacific.Rim.2013.720p.BluRay.x264.YIFY', Lang='en', Ext=1
2025-12-23 11:56:33.700 RedLemon[7693:68769]    Start[3]: ID=3, Title='Pacific Rim.2013.Bluray-1080p-RMXTRAS.en', Lang='en', Ext=1
2025-12-23 11:56:33.701 RedLemon[7693:68769] ✅ SubtitleService: Scanned 4 tracks (Attempt 3/5)
2025-12-23 11:56:33.701 RedLemon[7693:68769]    Track: ID=0, Title=Off, External=0
2025-12-23 11:56:33.701 RedLemon[7693:68769]    Track: ID=1, Title=Pacific.Rim.2013.720p.Bluray.X264.Yify, External=1
2025-12-23 11:56:33.702 RedLemon[7693:68769]    Track: ID=2, Title=Pacific.Rim.2013.720p.BluRay.x264.YIFY, External=1
2025-12-23 11:56:33.702 RedLemon[7693:68769]    Track: ID=3, Title=Pacific Rim.2013.Bluray-1080p-RMXTRAS.en, External=1
2025-12-23 11:56:33.883 RedLemon[7693:69055] 📨 Realtime: Received broadcast message
2025-12-23 11:56:33.883 RedLemon[7693:69055]    Payload keys: timestamp, type, senderId, position, isPlaying
2025-12-23 11:56:33.884 RedLemon[7693:69055] ✅ Realtime: Decoded message type: ready, sender: 96E01CDB-36C0-4228-A6E4-A29A3C66BC8E
2025-12-23 11:56:33.884 RedLemon[7693:69055] 📞 Realtime: Invoking syncCallback for message type: ready
2025-12-23 11:56:33.884 RedLemon[7693:69055] ✅ Realtime: syncCallback invoked successfully
2025-12-23 11:56:33.884 RedLemon[7693:68193] 🔍 DEBUG: Received sync message - type: ready, sender: 96E01CDB-36C0-4228-A6E4-A29A3C66BC8E
2025-12-23 11:56:33.885 RedLemon[7693:68193] ✅ Received READY signal from 96E01CDB-36C0-4228-A6E4-A29A3C66BC8E
2025-12-23 11:56:33.885 RedLemon[7693:68193] ⚠️ Adding 96E01CDB-36C0-4228-A6E4-A29A3C66BC8E to connectedGuestIds (presence fallback)
2025-12-23 11:56:34.774 RedLemon[7693:68769] 🔍 MPV track-list/count: 5
2025-12-23 11:56:34.774 RedLemon[7693:68769] 🔍 Track 0 type: sub
2025-12-23 11:56:34.774 RedLemon[7693:68769] ✅ Found subtitle track: ID=1, lang=en, title=Pacific.Rim.2013.720p.Bluray.X264.Yify, external=1
2025-12-23 11:56:34.774 RedLemon[7693:68769] 🔍 Track 1 type: sub
2025-12-23 11:56:34.775 RedLemon[7693:68769] ✅ Found subtitle track: ID=2, lang=en, title=Pacific.Rim.2013.720p.BluRay.x264.YIFY, external=1
2025-12-23 11:56:34.775 RedLemon[7693:68769] 🔍 Track 2 type: sub
2025-12-23 11:56:34.775 RedLemon[7693:68769] ✅ Found subtitle track: ID=3, lang=en, title=Pacific Rim.2013.Bluray-1080p-RMXTRAS.en, external=1
2025-12-23 11:56:34.775 RedLemon[7693:68769] 🔍 Track 3 type: video
2025-12-23 11:56:34.775 RedLemon[7693:68769] 🔍 Track 4 type: audio
2025-12-23 11:56:34.775 RedLemon[7693:68769] 📊 Total subtitle tracks found: 4 (including Off if needed)
2025-12-23 11:56:34.775 RedLemon[7693:68769]    Start[0]: ID=0, Title='Off', Lang='nil', Ext=0
2025-12-23 11:56:34.775 RedLemon[7693:68769]    Start[1]: ID=1, Title='Pacific.Rim.2013.720p.Bluray.X264.Yify', Lang='en', Ext=1
2025-12-23 11:56:34.775 RedLemon[7693:68769]    Start[2]: ID=2, Title='Pacific.Rim.2013.720p.BluRay.x264.YIFY', Lang='en', Ext=1
2025-12-23 11:56:34.775 RedLemon[7693:68769]    Start[3]: ID=3, Title='Pacific Rim.2013.Bluray-1080p-RMXTRAS.en', Lang='en', Ext=1
2025-12-23 11:56:34.776 RedLemon[7693:68769] ✅ SubtitleService: Scanned 4 tracks (Attempt 4/5)
2025-12-23 11:56:34.776 RedLemon[7693:68769]    Track: ID=0, Title=Off, External=0
2025-12-23 11:56:34.777 RedLemon[7693:68769]    Track: ID=1, Title=Pacific.Rim.2013.720p.Bluray.X264.Yify, External=1
2025-12-23 11:56:34.777 RedLemon[7693:68769]    Track: ID=2, Title=Pacific.Rim.2013.720p.BluRay.x264.YIFY, External=1
2025-12-23 11:56:34.777 RedLemon[7693:68769]    Track: ID=3, Title=Pacific Rim.2013.Bluray-1080p-RMXTRAS.en, External=1
2025-12-23 11:56:35.837 RedLemon[7693:68593] 🔍 MPV track-list/count: 5
2025-12-23 11:56:35.838 RedLemon[7693:68593] 🔍 Track 0 type: sub
2025-12-23 11:56:35.848 RedLemon[7693:68593] ✅ Found subtitle track: ID=1, lang=en, title=Pacific.Rim.2013.720p.Bluray.X264.Yify, external=1
2025-12-23 11:56:35.849 RedLemon[7693:68593] 🔍 Track 1 type: sub
2025-12-23 11:56:35.849 RedLemon[7693:68593] ✅ Found subtitle track: ID=2, lang=en, title=Pacific.Rim.2013.720p.BluRay.x264.YIFY, external=1
2025-12-23 11:56:35.850 RedLemon[7693:68593] 🔍 Track 2 type: sub
2025-12-23 11:56:35.852 RedLemon[7693:68593] ✅ Found subtitle track: ID=3, lang=en, title=Pacific Rim.2013.Bluray-1080p-RMXTRAS.en, external=1
2025-12-23 11:56:35.854 RedLemon[7693:68593] 🔍 Track 3 type: video
2025-12-23 11:56:35.856 RedLemon[7693:68593] 🔍 Track 4 type: audio
2025-12-23 11:56:35.856 RedLemon[7693:68593] 📊 Total subtitle tracks found: 4 (including Off if needed)
2025-12-23 11:56:35.857 RedLemon[7693:68593]    Start[0]: ID=0, Title='Off', Lang='nil', Ext=0
2025-12-23 11:56:35.857 RedLemon[7693:68593]    Start[1]: ID=1, Title='Pacific.Rim.2013.720p.Bluray.X264.Yify', Lang='en', Ext=1
2025-12-23 11:56:35.857 RedLemon[7693:68593]    Start[2]: ID=2, Title='Pacific.Rim.2013.720p.BluRay.x264.YIFY', Lang='en', Ext=1
2025-12-23 11:56:35.857 RedLemon[7693:68593]    Start[3]: ID=3, Title='Pacific Rim.2013.Bluray-1080p-RMXTRAS.en', Lang='en', Ext=1
2025-12-23 11:56:35.857 RedLemon[7693:68593] ✅ SubtitleService: Scanned 4 tracks (Attempt 5/5)
2025-12-23 11:56:35.858 RedLemon[7693:68593]    Track: ID=0, Title=Off, External=0
2025-12-23 11:56:35.858 RedLemon[7693:68593]    Track: ID=1, Title=Pacific.Rim.2013.720p.Bluray.X264.Yify, External=1
2025-12-23 11:56:35.858 RedLemon[7693:68593]    Track: ID=2, Title=Pacific.Rim.2013.720p.BluRay.x264.YIFY, External=1
2025-12-23 11:56:35.858 RedLemon[7693:68593]    Track: ID=3, Title=Pacific Rim.2013.Bluray-1080p-RMXTRAS.en, External=1
2025-12-23 11:56:40.602 RedLemon[7693:68193] 👥 MPVPlayer: Updated participants list via polling: 2
2025-12-23 11:56:47.777 RedLemon[7693:68193] 🖱️ Mouse: x=533/1366 y=98/768 | Exit: 0 Controls: 1 Chat: 0
2025-12-23 11:56:50.281 RedLemon[7693:69055] 🔍 MPV track-list/count: 5
2025-12-23 11:56:50.282 RedLemon[7693:69055] 🔍 Track 0 type: sub
2025-12-23 11:56:50.282 RedLemon[7693:69055] ✅ Found subtitle track: ID=1, lang=en, title=Pacific.Rim.2013.720p.Bluray.X264.Yify, external=1
2025-12-23 11:56:50.282 RedLemon[7693:69055] 🔍 Track 1 type: sub
2025-12-23 11:56:50.283 RedLemon[7693:69055] ✅ Found subtitle track: ID=2, lang=en, title=Pacific.Rim.2013.720p.BluRay.x264.YIFY, external=1
2025-12-23 11:56:50.283 RedLemon[7693:69055] 🔍 Track 2 type: sub
2025-12-23 11:56:50.283 RedLemon[7693:69055] ✅ Found subtitle track: ID=3, lang=en, title=Pacific Rim.2013.Bluray-1080p-RMXTRAS.en, external=1
2025-12-23 11:56:50.284 RedLemon[7693:69055] 🔍 Track 3 type: video
2025-12-23 11:56:50.284 RedLemon[7693:69055] 🔍 Track 4 type: audio
2025-12-23 11:56:50.284 RedLemon[7693:69055] 📊 Total subtitle tracks found: 4 (including Off if needed)
2025-12-23 11:56:50.284 RedLemon[7693:69055]    Start[0]: ID=0, Title='Off', Lang='nil', Ext=0
2025-12-23 11:56:50.284 RedLemon[7693:69055]    Start[1]: ID=1, Title='Pacific.Rim.2013.720p.Bluray.X264.Yify', Lang='en', Ext=1
2025-12-23 11:56:50.284 RedLemon[7693:69055]    Start[2]: ID=2, Title='Pacific.Rim.2013.720p.BluRay.x264.YIFY', Lang='en', Ext=1
2025-12-23 11:56:50.285 RedLemon[7693:69055]    Start[3]: ID=3, Title='Pacific Rim.2013.Bluray-1080p-RMXTRAS.en', Lang='en', Ext=1
2025-12-23 11:56:50.285 RedLemon[7693:69055] ✅ SubtitleService: Scanned 4 tracks (Attempt 1/5)
2025-12-23 11:56:50.285 RedLemon[7693:69055]    Track: ID=0, Title=Off, External=0
2025-12-23 11:56:50.286 RedLemon[7693:69055]    Track: ID=1, Title=Pacific.Rim.2013.720p.Bluray.X264.Yify, External=1
2025-12-23 11:56:50.286 RedLemon[7693:69055]    Track: ID=2, Title=Pacific.Rim.2013.720p.BluRay.x264.YIFY, External=1
2025-12-23 11:56:50.290 RedLemon[7693:69055]    Track: ID=3, Title=Pacific Rim.2013.Bluray-1080p-RMXTRAS.en, External=1
2025-12-23 11:56:51.075 RedLemon[7693:68193] 🖱️ Mouse: x=706/1366 y=326/768 | Exit: 0 Controls: 0 Chat: 0
2025-12-23 11:56:51.294 RedLemon[7693:69055] 🔍 MPV track-list/count: 5
2025-12-23 11:56:51.295 RedLemon[7693:69055] 🔍 Track 0 type: sub
2025-12-23 11:56:51.295 RedLemon[7693:69055] ✅ Found subtitle track: ID=1, lang=en, title=Pacific.Rim.2013.720p.Bluray.X264.Yify, external=1
2025-12-23 11:56:51.295 RedLemon[7693:69055] 🔍 Track 1 type: sub
2025-12-23 11:56:51.295 RedLemon[7693:69055] ✅ Found subtitle track: ID=2, lang=en, title=Pacific.Rim.2013.720p.BluRay.x264.YIFY, external=1
2025-12-23 11:56:51.296 RedLemon[7693:69055] 🔍 Track 2 type: sub
2025-12-23 11:56:51.296 RedLemon[7693:69055] ✅ Found subtitle track: ID=3, lang=en, title=Pacific Rim.2013.Bluray-1080p-RMXTRAS.en, external=1
2025-12-23 11:56:51.296 RedLemon[7693:69055] 🔍 Track 3 type: video
2025-12-23 11:56:51.296 RedLemon[7693:69055] 🔍 Track 4 type: audio
2025-12-23 11:56:51.297 RedLemon[7693:69055] 📊 Total subtitle tracks found: 4 (including Off if needed)
2025-12-23 11:56:51.297 RedLemon[7693:69055]    Start[0]: ID=0, Title='Off', Lang='nil', Ext=0
2025-12-23 11:56:51.297 RedLemon[7693:69055]    Start[1]: ID=1, Title='Pacific.Rim.2013.720p.Bluray.X264.Yify', Lang='en', Ext=1
2025-12-23 11:56:51.297 RedLemon[7693:69055]    Start[2]: ID=2, Title='Pacific.Rim.2013.720p.BluRay.x264.YIFY', Lang='en', Ext=1
2025-12-23 11:56:51.297 RedLemon[7693:69055]    Start[3]: ID=3, Title='Pacific Rim.2013.Bluray-1080p-RMXTRAS.en', Lang='en', Ext=1
2025-12-23 11:56:51.297 RedLemon[7693:69055] ✅ SubtitleService: Scanned 4 tracks (Attempt 2/5)
2025-12-23 11:56:51.297 RedLemon[7693:69055]    Track: ID=0, Title=Off, External=0
2025-12-23 11:56:51.298 RedLemon[7693:69055]    Track: ID=1, Title=Pacific.Rim.2013.720p.Bluray.X264.Yify, External=1
2025-12-23 11:56:51.298 RedLemon[7693:69055]    Track: ID=2, Title=Pacific.Rim.2013.720p.BluRay.x264.YIFY, External=1
2025-12-23 11:56:51.298 RedLemon[7693:69055]    Track: ID=3, Title=Pacific Rim.2013.Bluray-1080p-RMXTRAS.en, External=1
2025-12-23 11:56:52.392 RedLemon[7693:69144] 🔍 MPV track-list/count: 5
2025-12-23 11:56:52.392 RedLemon[7693:69144] 🔍 Track 0 type: sub
2025-12-23 11:56:52.392 RedLemon[7693:69144] ✅ Found subtitle track: ID=1, lang=en, title=Pacific.Rim.2013.720p.Bluray.X264.Yify, external=1
2025-12-23 11:56:52.392 RedLemon[7693:69144] 🔍 Track 1 type: sub
2025-12-23 11:56:52.393 RedLemon[7693:69144] ✅ Found subtitle track: ID=2, lang=en, title=Pacific.Rim.2013.720p.BluRay.x264.YIFY, external=1
2025-12-23 11:56:52.393 RedLemon[7693:69144] 🔍 Track 2 type: sub
2025-12-23 11:56:52.393 RedLemon[7693:69144] ✅ Found subtitle track: ID=3, lang=en, title=Pacific Rim.2013.Bluray-1080p-RMXTRAS.en, external=1
2025-12-23 11:56:52.394 RedLemon[7693:69144] 🔍 Track 3 type: video
2025-12-23 11:56:52.394 RedLemon[7693:69144] 🔍 Track 4 type: audio
2025-12-23 11:56:52.394 RedLemon[7693:69144] 📊 Total subtitle tracks found: 4 (including Off if needed)
2025-12-23 11:56:52.394 RedLemon[7693:69144]    Start[0]: ID=0, Title='Off', Lang='nil', Ext=0
2025-12-23 11:56:52.395 RedLemon[7693:69144]    Start[1]: ID=1, Title='Pacific.Rim.2013.720p.Bluray.X264.Yify', Lang='en', Ext=1
2025-12-23 11:56:52.395 RedLemon[7693:69144]    Start[2]: ID=2, Title='Pacific.Rim.2013.720p.BluRay.x264.YIFY', Lang='en', Ext=1
2025-12-23 11:56:52.395 RedLemon[7693:69144]    Start[3]: ID=3, Title='Pacific Rim.2013.Bluray-1080p-RMXTRAS.en', Lang='en', Ext=1
2025-12-23 11:56:52.395 RedLemon[7693:69144] ✅ SubtitleService: Scanned 4 tracks (Attempt 3/5)
2025-12-23 11:56:52.395 RedLemon[7693:69144]    Track: ID=0, Title=Off, External=0
2025-12-23 11:56:52.396 RedLemon[7693:69144]    Track: ID=1, Title=Pacific.Rim.2013.720p.Bluray.X264.Yify, External=1
2025-12-23 11:56:52.396 RedLemon[7693:69144]    Track: ID=2, Title=Pacific.Rim.2013.720p.BluRay.x264.YIFY, External=1
2025-12-23 11:56:52.396 RedLemon[7693:69144]    Track: ID=3, Title=Pacific Rim.2013.Bluray-1080p-RMXTRAS.en, External=1
2025-12-23 11:56:53.424 RedLemon[7693:69055] 🔍 MPV track-list/count: 5
2025-12-23 11:56:53.424 RedLemon[7693:69055] 🔍 Track 0 type: sub
2025-12-23 11:56:53.424 RedLemon[7693:69055] ✅ Found subtitle track: ID=1, lang=en, title=Pacific.Rim.2013.720p.Bluray.X264.Yify, external=1
2025-12-23 11:56:53.424 RedLemon[7693:69055] 🔍 Track 1 type: sub
2025-12-23 11:56:53.425 RedLemon[7693:69055] ✅ Found subtitle track: ID=2, lang=en, title=Pacific.Rim.2013.720p.BluRay.x264.YIFY, external=1
2025-12-23 11:56:53.425 RedLemon[7693:69055] 🔍 Track 2 type: sub
2025-12-23 11:56:53.425 RedLemon[7693:69055] ✅ Found subtitle track: ID=3, lang=en, title=Pacific Rim.2013.Bluray-1080p-RMXTRAS.en, external=1
2025-12-23 11:56:53.425 RedLemon[7693:69055] 🔍 Track 3 type: video
2025-12-23 11:56:53.425 RedLemon[7693:69055] 🔍 Track 4 type: audio
2025-12-23 11:56:53.426 RedLemon[7693:69055] 📊 Total subtitle tracks found: 4 (including Off if needed)
2025-12-23 11:56:53.426 RedLemon[7693:69055]    Start[0]: ID=0, Title='Off', Lang='nil', Ext=0
2025-12-23 11:56:53.426 RedLemon[7693:69055]    Start[1]: ID=1, Title='Pacific.Rim.2013.720p.Bluray.X264.Yify', Lang='en', Ext=1
2025-12-23 11:56:53.426 RedLemon[7693:69055]    Start[2]: ID=2, Title='Pacific.Rim.2013.720p.BluRay.x264.YIFY', Lang='en', Ext=1
2025-12-23 11:56:53.426 RedLemon[7693:69055]    Start[3]: ID=3, Title='Pacific Rim.2013.Bluray-1080p-RMXTRAS.en', Lang='en', Ext=1
2025-12-23 11:56:53.426 RedLemon[7693:69055] ✅ SubtitleService: Scanned 4 tracks (Attempt 4/5)
2025-12-23 11:56:53.427 RedLemon[7693:69055]    Track: ID=0, Title=Off, External=0
2025-12-23 11:56:53.427 RedLemon[7693:69055]    Track: ID=1, Title=Pacific.Rim.2013.720p.Bluray.X264.Yify, External=1
2025-12-23 11:56:53.427 RedLemon[7693:69055]    Track: ID=2, Title=Pacific.Rim.2013.720p.BluRay.x264.YIFY, External=1
2025-12-23 11:56:53.427 RedLemon[7693:69055]    Track: ID=3, Title=Pacific Rim.2013.Bluray-1080p-RMXTRAS.en, External=1
2025-12-23 11:56:54.517 RedLemon[7693:69055] 🔍 MPV track-list/count: 5
2025-12-23 11:56:54.517 RedLemon[7693:69055] 🔍 Track 0 type: sub
2025-12-23 11:56:54.517 RedLemon[7693:69055] ✅ Found subtitle track: ID=1, lang=en, title=Pacific.Rim.2013.720p.Bluray.X264.Yify, external=1
2025-12-23 11:56:54.517 RedLemon[7693:69055] 🔍 Track 1 type: sub
2025-12-23 11:56:54.518 RedLemon[7693:69055] ✅ Found subtitle track: ID=2, lang=en, title=Pacific.Rim.2013.720p.BluRay.x264.YIFY, external=1
2025-12-23 11:56:54.518 RedLemon[7693:69055] 🔍 Track 2 type: sub
2025-12-23 11:56:54.518 RedLemon[7693:69055] ✅ Found subtitle track: ID=3, lang=en, title=Pacific Rim.2013.Bluray-1080p-RMXTRAS.en, external=1
2025-12-23 11:56:54.519 RedLemon[7693:69055] 🔍 Track 3 type: video
2025-12-23 11:56:54.519 RedLemon[7693:69055] 🔍 Track 4 type: audio
2025-12-23 11:56:54.519 RedLemon[7693:69055] 📊 Total subtitle tracks found: 4 (including Off if needed)
2025-12-23 11:56:54.519 RedLemon[7693:69055]    Start[0]: ID=0, Title='Off', Lang='nil', Ext=0
2025-12-23 11:56:54.519 RedLemon[7693:69055]    Start[1]: ID=1, Title='Pacific.Rim.2013.720p.Bluray.X264.Yify', Lang='en', Ext=1
2025-12-23 11:56:54.519 RedLemon[7693:69055]    Start[2]: ID=2, Title='Pacific.Rim.2013.720p.BluRay.x264.YIFY', Lang='en', Ext=1
2025-12-23 11:56:54.519 RedLemon[7693:69055]    Start[3]: ID=3, Title='Pacific Rim.2013.Bluray-1080p-RMXTRAS.en', Lang='en', Ext=1
2025-12-23 11:56:54.520 RedLemon[7693:69055] ✅ SubtitleService: Scanned 4 tracks (Attempt 5/5)
2025-12-23 11:56:54.520 RedLemon[7693:69055]    Track: ID=0, Title=Off, External=0
2025-12-23 11:56:54.520 RedLemon[7693:69055]    Track: ID=1, Title=Pacific.Rim.2013.720p.Bluray.X264.Yify, External=1
2025-12-23 11:56:54.520 RedLemon[7693:69055]    Track: ID=2, Title=Pacific.Rim.2013.720p.BluRay.x264.YIFY, External=1
2025-12-23 11:56:54.521 RedLemon[7693:69055]    Track: ID=3, Title=Pacific Rim.2013.Bluray-1080p-RMXTRAS.en, External=1
2025-12-23 11:56:58.928 RedLemon[7693:68193] ✅ Exit button triggered! x=91 <= 342, y=578 >= 576
2025-12-23 11:56:58.941 RedLemon[7693:68193] ✅ Exit button triggered! x=87 <= 342, y=579 >= 576
2025-12-23 11:56:58.944 RedLemon[7693:68193] ✅ Exit button triggered! x=81 <= 342, y=581 >= 576
2025-12-23 11:56:58.998 RedLemon[7693:68193] ✅ Exit button triggered! x=70 <= 342, y=584 >= 576
2025-12-23 11:56:59.164 RedLemon[7693:68193] ✅ Exit button triggered! x=70 <= 342, y=601 >= 576
2025-12-23 11:56:59.180 RedLemon[7693:68193] ✅ Exit button triggered! x=69 <= 342, y=607 >= 576
2025-12-23 11:56:59.181 RedLemon[7693:68193] ✅ Exit button triggered! x=69 <= 342, y=613 >= 576
2025-12-23 11:56:59.206 RedLemon[7693:68193] ✅ Exit button triggered! x=68 <= 342, y=618 >= 576
2025-12-23 11:56:59.209 RedLemon[7693:68193] ✅ Exit button triggered! x=67 <= 342, y=631 >= 576
2025-12-23 11:56:59.213 RedLemon[7693:68193] 🖱️ Mouse: x=67/1366 y=640/768 | Exit: 1 Controls: 0 Chat: 0
2025-12-23 11:56:59.213 RedLemon[7693:68193] ✅ Exit button triggered! x=67 <= 342, y=640 >= 576
2025-12-23 11:56:59.220 RedLemon[7693:68193] ✅ Exit button triggered! x=67 <= 342, y=646 >= 576
2025-12-23 11:56:59.224 RedLemon[7693:68193] ✅ Exit button triggered! x=67 <= 342, y=652 >= 576
2025-12-23 11:56:59.233 RedLemon[7693:68193] ✅ Exit button triggered! x=67 <= 342, y=657 >= 576
2025-12-23 11:56:59.289 RedLemon[7693:68193] ✅ Exit button triggered! x=79 <= 342, y=674 >= 576
2025-12-23 11:56:59.497 RedLemon[7693:68193] ✅ Exit button triggered! x=79 <= 342, y=680 >= 576
2025-12-23 11:56:59.501 RedLemon[7693:68193] ✅ Exit button triggered! x=79 <= 342, y=683 >= 576
2025-12-23 11:56:59.508 RedLemon[7693:68193] ✅ Exit button triggered! x=79 <= 342, y=688 >= 576
2025-12-23 11:56:59.513 RedLemon[7693:68193] ✅ Exit button triggered! x=79 <= 342, y=694 >= 576
2025-12-23 11:56:59.583 RedLemon[7693:68193] ✅ Exit button triggered! x=78 <= 342, y=715 >= 576
2025-12-23 11:56:59.623 RedLemon[7693:68193] ✅ Exit button triggered! x=78 <= 342, y=716 >= 576
2025-12-23 11:57:00.039 RedLemon[7693:68193] ✅ Exit button triggered! x=76 <= 342, y=720 >= 576
2025-12-23 11:57:00.081 RedLemon[7693:68193] ✅ Exit button triggered! x=75 <= 342, y=723 >= 576
2025-12-23 11:57:00.083 RedLemon[7693:68193] ✅ Exit button triggered! x=75 <= 342, y=723 >= 576
2025-12-23 11:57:00.165 RedLemon[7693:68193] ✅ Exit button triggered! x=74 <= 342, y=725 >= 576
2025-12-23 11:57:00.208 RedLemon[7693:68193] ✅ Exit button triggered! x=73 <= 342, y=726 >= 576
2025-12-23 11:57:00.212 RedLemon[7693:68193] ✅ Exit button triggered! x=73 <= 342, y=726 >= 576
2025-12-23 11:57:00.248 RedLemon[7693:68193] ✅ Exit button triggered! x=73 <= 342, y=727 >= 576
2025-12-23 11:57:00.251 RedLemon[7693:68193] ✅ Exit button triggered! x=72 <= 342, y=729 >= 576
2025-12-23 11:57:00.300 RedLemon[7693:68193] ✅ Exit button triggered! x=71 <= 342, y=730 >= 576
2025-12-23 11:57:00.301 RedLemon[7693:68193] ✅ Exit button triggered! x=71 <= 342, y=731 >= 576
2025-12-23 11:57:00.333 RedLemon[7693:68193] ✅ Exit button triggered! x=71 <= 342, y=731 >= 576
2025-12-23 11:57:00.373 RedLemon[7693:68193] ✅ Exit button triggered! x=70 <= 342, y=731 >= 576
2025-12-23 11:57:00.458 RedLemon[7693:68193] ✅ Exit button triggered! x=70 <= 342, y=732 >= 576
2025-12-23 11:57:00.874 RedLemon[7693:68193] ✅ Exit button triggered! x=70 <= 342, y=733 >= 576
2025-12-23 11:57:00.877 RedLemon[7693:68193] ✅ Exit button triggered! x=70 <= 342, y=734 >= 576
2025-12-23 11:57:00.917 RedLemon[7693:68193] ✅ Exit button triggered! x=70 <= 342, y=735 >= 576
2025-12-23 11:57:00.919 RedLemon[7693:68193] ✅ Exit button triggered! x=70 <= 342, y=735 >= 576
2025-12-23 11:57:00.923 RedLemon[7693:68193] ✅ Exit button triggered! x=70 <= 342, y=736 >= 576
2025-12-23 11:57:00.931 RedLemon[7693:68193] ✅ Exit button triggered! x=70 <= 342, y=736 >= 576
2025-12-23 11:57:00.999 RedLemon[7693:68193] ✅ Exit button triggered! x=70 <= 342, y=738 >= 576
2025-12-23 11:57:01.042 RedLemon[7693:68193] ✅ Exit button triggered! x=70 <= 342, y=738 >= 576
2025-12-23 11:57:01.124 RedLemon[7693:68193] ✅ Exit button triggered! x=70 <= 342, y=738 >= 576
2025-12-23 11:57:01.127 RedLemon[7693:68193] ✅ Exit button triggered! x=70 <= 342, y=738 >= 576
2025-12-23 11:57:01.166 RedLemon[7693:68193] ✅ Exit button triggered! x=70 <= 342, y=739 >= 576
2025-12-23 11:57:01.250 RedLemon[7693:68193] ✅ Exit button triggered! x=69 <= 342, y=740 >= 576
2025-12-23 11:57:01.792 RedLemon[7693:68193] ✅ Exit button triggered! x=71 <= 342, y=733 >= 576
2025-12-23 11:57:01.797 RedLemon[7693:68193] 🖱️ Mouse: x=75/1366 y=726/768 | Exit: 1 Controls: 0 Chat: 0
2025-12-23 11:57:01.797 RedLemon[7693:68193] ✅ Exit button triggered! x=75 <= 342, y=726 >= 576
2025-12-23 11:57:02.277 RedLemon[7693:68193] 🖱️ Mouse: x=163/1366 y=118/768 | Exit: 1 Controls: 1 Chat: 0
2025-12-23 11:57:02.918 RedLemon[7693:68193] 🖱️ Mouse: x=170/1366 y=54/768 | Exit: 1 Controls: 1 Chat: 0
2025-12-23 11:57:06.464 RedLemon[7693:68193] 🖱️ Mouse: x=303/1366 y=215/768 | Exit: 0 Controls: 1 Chat: 0
2025-12-23 11:57:06.969 RedLemon[7693:69144] 🔍 MPV track-list/count: 5
2025-12-23 11:57:06.982 RedLemon[7693:69144] 🔍 Track 0 type: sub
2025-12-23 11:57:06.982 RedLemon[7693:69144] ✅ Found subtitle track: ID=1, lang=en, title=Pacific.Rim.2013.720p.Bluray.X264.Yify, external=1
2025-12-23 11:57:06.982 RedLemon[7693:69144] 🔍 Track 1 type: sub
2025-12-23 11:57:06.982 RedLemon[7693:69144] ✅ Found subtitle track: ID=2, lang=en, title=Pacific.Rim.2013.720p.BluRay.x264.YIFY, external=1
2025-12-23 11:57:06.982 RedLemon[7693:69144] 🔍 Track 2 type: sub
2025-12-23 11:57:06.983 RedLemon[7693:69144] ✅ Found subtitle track: ID=3, lang=en, title=Pacific Rim.2013.Bluray-1080p-RMXTRAS.en, external=1
2025-12-23 11:57:06.983 RedLemon[7693:69144] 🔍 Track 3 type: video
2025-12-23 11:57:06.983 RedLemon[7693:69144] 🔍 Track 4 type: audio
2025-12-23 11:57:06.983 RedLemon[7693:69144] 📊 Total subtitle tracks found: 4 (including Off if needed)
2025-12-23 11:57:06.983 RedLemon[7693:69144]    Start[0]: ID=0, Title='Off', Lang='nil', Ext=0
2025-12-23 11:57:06.984 RedLemon[7693:69144]    Start[1]: ID=1, Title='Pacific.Rim.2013.720p.Bluray.X264.Yify', Lang='en', Ext=1
2025-12-23 11:57:06.984 RedLemon[7693:69144]    Start[2]: ID=2, Title='Pacific.Rim.2013.720p.BluRay.x264.YIFY', Lang='en', Ext=1
2025-12-23 11:57:06.984 RedLemon[7693:69144]    Start[3]: ID=3, Title='Pacific Rim.2013.Bluray-1080p-RMXTRAS.en', Lang='en', Ext=1
2025-12-23 11:57:06.984 RedLemon[7693:69144] ✅ SubtitleService: Scanned 4 tracks (Attempt 1/5)
2025-12-23 11:57:06.984 RedLemon[7693:69144]    Track: ID=0, Title=Off, External=0
2025-12-23 11:57:06.984 RedLemon[7693:69144]    Track: ID=1, Title=Pacific.Rim.2013.720p.Bluray.X264.Yify, External=1
2025-12-23 11:57:06.984 RedLemon[7693:69144]    Track: ID=2, Title=Pacific.Rim.2013.720p.BluRay.x264.YIFY, External=1
2025-12-23 11:57:06.985 RedLemon[7693:69144]    Track: ID=3, Title=Pacific Rim.2013.Bluray-1080p-RMXTRAS.en, External=1
2025-12-23 11:57:07.714 RedLemon[7693:68193] 🖱️ Mouse: x=725/1366 y=333/768 | Exit: 0 Controls: 0 Chat: 0
2025-12-23 11:57:07.998 RedLemon[7693:68593] 🔍 MPV track-list/count: 5
2025-12-23 11:57:08.005 RedLemon[7693:68593] 🔍 Track 0 type: sub
2025-12-23 11:57:08.006 RedLemon[7693:68593] ✅ Found subtitle track: ID=1, lang=en, title=Pacific.Rim.2013.720p.Bluray.X264.Yify, external=1
2025-12-23 11:57:08.006 RedLemon[7693:68593] 🔍 Track 1 type: sub
2025-12-23 11:57:08.006 RedLemon[7693:68593] ✅ Found subtitle track: ID=2, lang=en, title=Pacific.Rim.2013.720p.BluRay.x264.YIFY, external=1
2025-12-23 11:57:08.006 RedLemon[7693:68593] 🔍 Track 2 type: sub
2025-12-23 11:57:08.006 RedLemon[7693:68593] ✅ Found subtitle track: ID=3, lang=en, title=Pacific Rim.2013.Bluray-1080p-RMXTRAS.en, external=1
2025-12-23 11:57:08.006 RedLemon[7693:68593] 🔍 Track 3 type: video
2025-12-23 11:57:08.007 RedLemon[7693:68593] 🔍 Track 4 type: audio
2025-12-23 11:57:08.007 RedLemon[7693:68593] 📊 Total subtitle tracks found: 4 (including Off if needed)
2025-12-23 11:57:08.007 RedLemon[7693:68593]    Start[0]: ID=0, Title='Off', Lang='nil', Ext=0
2025-12-23 11:57:08.007 RedLemon[7693:68593]    Start[1]: ID=1, Title='Pacific.Rim.2013.720p.Bluray.X264.Yify', Lang='en', Ext=1
2025-12-23 11:57:08.007 RedLemon[7693:68593]    Start[2]: ID=2, Title='Pacific.Rim.2013.720p.BluRay.x264.YIFY', Lang='en', Ext=1
2025-12-23 11:57:08.007 RedLemon[7693:68593]    Start[3]: ID=3, Title='Pacific Rim.2013.Bluray-1080p-RMXTRAS.en', Lang='en', Ext=1
2025-12-23 11:57:08.007 RedLemon[7693:68593] ✅ SubtitleService: Scanned 4 tracks (Attempt 2/5)
2025-12-23 11:57:08.007 RedLemon[7693:68593]    Track: ID=0, Title=Off, External=0
2025-12-23 11:57:08.008 RedLemon[7693:68593]    Track: ID=1, Title=Pacific.Rim.2013.720p.Bluray.X264.Yify, External=1
2025-12-23 11:57:08.008 RedLemon[7693:68593]    Track: ID=2, Title=Pacific.Rim.2013.720p.BluRay.x264.YIFY, External=1
2025-12-23 11:57:08.008 RedLemon[7693:68593]    Track: ID=3, Title=Pacific Rim.2013.Bluray-1080p-RMXTRAS.en, External=1
2025-12-23 11:57:09.008 RedLemon[7693:68593] 🔍 MPV track-list/count: 5
2025-12-23 11:57:09.009 RedLemon[7693:68593] 🔍 Track 0 type: sub
2025-12-23 11:57:09.009 RedLemon[7693:68593] ✅ Found subtitle track: ID=1, lang=en, title=Pacific.Rim.2013.720p.Bluray.X264.Yify, external=1
2025-12-23 11:57:09.009 RedLemon[7693:68593] 🔍 Track 1 type: sub
2025-12-23 11:57:09.009 RedLemon[7693:68593] ✅ Found subtitle track: ID=2, lang=en, title=Pacific.Rim.2013.720p.BluRay.x264.YIFY, external=1
2025-12-23 11:57:09.010 RedLemon[7693:68593] 🔍 Track 2 type: sub
2025-12-23 11:57:09.010 RedLemon[7693:68593] ✅ Found subtitle track: ID=3, lang=en, title=Pacific Rim.2013.Bluray-1080p-RMXTRAS.en, external=1
2025-12-23 11:57:09.010 RedLemon[7693:68593] 🔍 Track 3 type: video
2025-12-23 11:57:09.010 RedLemon[7693:68593] 🔍 Track 4 type: audio
2025-12-23 11:57:09.011 RedLemon[7693:68593] 📊 Total subtitle tracks found: 4 (including Off if needed)
2025-12-23 11:57:09.011 RedLemon[7693:68593]    Start[0]: ID=0, Title='Off', Lang='nil', Ext=0
2025-12-23 11:57:09.011 RedLemon[7693:68593]    Start[1]: ID=1, Title='Pacific.Rim.2013.720p.Bluray.X264.Yify', Lang='en', Ext=1
2025-12-23 11:57:09.011 RedLemon[7693:68593]    Start[2]: ID=2, Title='Pacific.Rim.2013.720p.BluRay.x264.YIFY', Lang='en', Ext=1
2025-12-23 11:57:09.011 RedLemon[7693:68593]    Start[3]: ID=3, Title='Pacific Rim.2013.Bluray-1080p-RMXTRAS.en', Lang='en', Ext=1
2025-12-23 11:57:09.012 RedLemon[7693:68593] ✅ SubtitleService: Scanned 4 tracks (Attempt 3/5)
2025-12-23 11:57:09.012 RedLemon[7693:68593]    Track: ID=0, Title=Off, External=0
2025-12-23 11:57:09.012 RedLemon[7693:68593]    Track: ID=1, Title=Pacific.Rim.2013.720p.Bluray.X264.Yify, External=1
2025-12-23 11:57:09.012 RedLemon[7693:68593]    Track: ID=2, Title=Pacific.Rim.2013.720p.BluRay.x264.YIFY, External=1
2025-12-23 11:57:09.013 RedLemon[7693:68593]    Track: ID=3, Title=Pacific Rim.2013.Bluray-1080p-RMXTRAS.en, External=1
📄 Subtitle request: L3N1YnRpdGxlLzM1MTQ3... (offset: 0ms)
📥 Downloading subtitle from SubDL CDN: /subtitle/3514797-8437410.zip
✅ Download complete: 42245 bytes
📦 Detected ZIP archive, extracting...
⚠️ No specific episode match found, using first file: Pacific Rim.2013.Bluray-1080p-RMXTRAS.en.srt
📦 Extracting specific file: Pacific Rim.2013.Bluray-1080p-RMXTRAS.en.srt
✅ Extraction successful
✅ Subtitle downloaded and converted to VTT
🔍 SubtitleService: Starting embedded track scan (polling 5s)...
📊 Current subtitle track: 3
🎬 DisplayLink: reportSwap() (throttled)
📨 Received: {"ref":null,"event":"presence_diff","payload":{"joins":{"54f3f59c-e020-11f0-bd7b-0a58a9feac02":{"metas":[{"phx_ref":"GIPmkZDVGXc7CuPI","is_host":false,"joined_at":1766508991.554841,"user_id":"96E01CDB-36C0-4228-A6E4-A29A3C66BC8E","username":"lemontom"}]}},"leaves":{}},"topic":"realtime:watch-party:event_tt1663662"}
➕ Added new participant 96e01cdb-36c0-4228-a6e4-a29a3c66bc8e (Ref: GIPmkZDVGXc7CuPI)
⚠️ Self (656daa91-33b4-4688-9135-c982ea52d7c9) was missing from list - restoring.
📨 Received: {"ref":null,"event":"presence_diff","payload":{"joins":{"cad02b74-e01f-11f0-bae9-0a58a9feac02":{"metas":[{"phx_ref":"GIPmkZF_zYwrgVyQ","phx_ref_prev":"GIPmjtQiD38rgaMC","last_seen":"2025-12-23T16:56:31.570Z","room_id":"event_tt1663662","started_at":"2025-12-23T16:56:31.570Z","status":"online","user_id":"96e01cdb-36c0-4228-a6e4-a29a3c66bc8e","username":"lemontom","watching_id":"tt1663662","watching_title":"Pacific Rim","watching_type":"movie"}]}},"leaves":{"cad02b74-e01f-11f0-bae9-0a58a9feac02":{"metas":[{"phx_ref":"GIPmjtQiD38rgaMC","phx_ref_prev":"GIPmiiyKgsMrgc1M","last_seen":"2025-12-23T16:56:19.808Z","status":"online","user_id":"96e01cdb-36c0-4228-a6e4-a29a3c66bc8e","username":"lemontom"}]}}},"topic":"realtime:global-presence"}
[MPV] (+) Video --vid=1 (*) (h264 1920x1080 23.976fps)
[MPV] (+) Audio --aid=1 --alang=eng (*) (aac 6ch 48000Hz)
[MPV] Subs  --sid=1 --slang=en 'Pacific.Rim.2013.720p.Bluray.X264.Yify' (webvtt) (external)
[MPV] Subs  --sid=2 --slang=en 'Pacific.Rim.2013.720p.BluRay.x264.YIFY' (webvtt) (external)
[MPV] (+) Subs  --sid=3 --slang=en 'Pacific Rim.2013.Bluray-1080p-RMXTRAS.en' (webvtt) (external)
[MPV] File tags:
[MPV] Comment: Pacific.Rim.2013.1080p.BluRay.H264.AAC-RARBG
[MPV] Title: Pacific.Rim.2013.1080p.BluRay.H264.AAC-RARBG
 MPV Event: 18
 MPV Event: 18
🔍 SMART-LOAD: Starting track polling loop...
🔍 SMART-LOAD: Expecting 3 external subtitles to prevent race condition
✅ MPVPlayerViewModel: Enhancing UI - Buffering finished (hide spinner) [File Loaded]
✅ SMART-LOAD: Found 5 tracks including 3/3 external subs.
✅ SMART-LOAD: All tracks ready! Proceeding to selection.
🔍 AUDIO AUTO-SELECT: Starting smart audio track scan
🔍 Track 1: eng | 6ch | English: true | Commentary: false -> Score: 1065
🏆 Selected best audio track: eng (ID: 1, Score: 1065)
🔍 AUDIO AUTO-SELECT: Starting smart audio track scan
🔍 Track 1: eng | 6ch | English: true | Commentary: false -> Score: 1065
🏆 Selected best audio track: eng (ID: 1, Score: 1065)
🔍 AUTO-SELECT: Starting subtitle scan & selection refresh
🔍 AUTO-SELECT: Found 5 total tracks
🔍 AUTO-SELECT: Track 0 - ID: 1, lang: 'en', title: 'Pacific.Rim.2013.720p.Bluray.X264.Yify', forced: false, default: false, HI: false, Ext: true
🔍 AUTO-SELECT: Track 1 - ID: 2, lang: 'en', title: 'Pacific.Rim.2013.720p.BluRay.x264.YIFY', forced: false, default: false, HI: false, Ext: true
🔍 AUTO-SELECT: Track 2 - ID: 3, lang: 'en', title: 'Pacific Rim.2013.Bluray-1080p-RMXTRAS.en', forced: false, default: false, HI: false, Ext: true
✅ Auto-selecting BEST English subtitle: Pacific Rim.2013.Bluray-1080p-RMXTRAS.en (ID: 3) [External: true, Forced: false, Default: false, HI: false]
   🏆 Final Score: 600 (Embedded: 0, Match: 600, Clean: 0, SDH: 0)
[MPV] Track switched:
[MPV] (+) Video --vid=1 (*) (h264 1920x1080 23.976fps)
[MPV] (+) Audio --aid=1 --alang=eng (*) (aac 6ch 48000Hz)
[MPV] Subs  --sid=1 --slang=en 'Pacific.Rim.2013.720p.Bluray.X264.Yify' (webvtt) (external)
[MPV] Subs  --sid=2 --slang=en 'Pacific.Rim.2013.720p.BluRay.x264.YIFY' (webvtt) (external)
[MPV] (+) Subs  --sid=3 --slang=en 'Pacific Rim.2013.Bluray-1080p-RMXTRAS.en' (webvtt) (external)
▶️ SMART-LOAD: Resuming playback (Autoplay requested)
 MPV Event: 20
📊 Current subtitle track: 3
🎬 DisplayLink: reportSwap() (throttled)
📊 Current subtitle track: 3
📨 Received: {"ref":null,"event":"broadcast","payload":{"event":"sync","payload":{"isPlaying":false,"position":0,"senderId":"96E01CDB-36C0-4228-A6E4-A29A3C66BC8E","timestamp":1766508993.8035522,"type":"ready"},"type":"broadcast"},"topic":"realtime:watch-party:event_tt1663662"}
🎬 DisplayLink: reportSwap() (throttled)
 MPV Event: 17
[MPV] Using hardware decoding (videotoolbox).
[MPV] VO: [libmpv] 1920x1080 videotoolbox[nv12]
 MPV Event: 17
🎬 MPV: Frame ready! Calling layer.update() (throttled)
🎬 Layer.update() called - forceDraw:false needsFlip:true (throttled)
🎬 canDraw() = true (forceDraw:false, hasFrame:true) (throttled)
🎬 draw() - Rendering frame! (throttled)
[MPV] AO: [coreaudio] 48000Hz stereo 2ch floatp
 MPV Event: 18
✅ MPVPlayerViewModel: Enhancing UI - Buffering finished (hide spinner) [File Loaded]
📊 Current subtitle track: 3
🎬 DisplayLink: reportSwap() (throttled)
💓 Heartbeat sent
📨 Received: {"ref":"5","event":"phx_reply","payload":{"status":"ok","response":{}},"topic":"phoenix"}
📊 Current subtitle track: 3
🔍 AUTO-SELECT: Starting subtitle scan & selection refresh
🔍 AUTO-SELECT: Found 5 total tracks
🔍 AUTO-SELECT: Track 0 - ID: 1, lang: 'en', title: 'Pacific.Rim.2013.720p.Bluray.X264.Yify', forced: false, default: false, HI: false, Ext: true
🔍 AUTO-SELECT: Track 1 - ID: 2, lang: 'en', title: 'Pacific.Rim.2013.720p.BluRay.x264.YIFY', forced: false, default: false, HI: false, Ext: true
🔍 AUTO-SELECT: Track 2 - ID: 3, lang: 'en', title: 'Pacific Rim.2013.Bluray-1080p-RMXTRAS.en', forced: false, default: false, HI: false, Ext: true
✅ Auto-selecting BEST English subtitle: Pacific Rim.2013.Bluray-1080p-RMXTRAS.en (ID: 3) [External: true, Forced: false, Default: false, HI: false]
   🏆 Final Score: 600 (Embedded: 0, Match: 600, Clean: 0, SDH: 0)
🎬 DisplayLink: reportSwap() (throttled)
🎬 MPV: Frame ready! Calling layer.update() (throttled)
🎬 DisplayLink: reportSwap() (throttled)
🎬 Layer.update() called - forceDraw:false needsFlip:true (throttled)
🎬 DisplayLink: reportSwap() (throttled)
🎬 MPV: Frame ready! Calling layer.update() (throttled)
💓 Heartbeat sent
💓 Heartbeat sent
📨 Received: {"ref":"9","event":"phx_reply","payload":{"status":"ok","response":{}},"topic":"phoenix"}
📨 Received: {"ref":"3","event":"phx_reply","payload":{"status":"ok","response":{}},"topic":"phoenix"}
🎬 DisplayLink: reportSwap() (throttled)
🎬 canDraw() = true (forceDraw:false, hasFrame:true) (throttled)
🎬 draw() - Rendering frame! (throttled)
📨 Received: {"ref":null,"event":"presence_diff","payload":{"joins":{"cad02b74-e01f-11f0-bae9-0a58a9feac02":{"metas":[{"phx_ref":"GIPmk34fyq4rgf-O","phx_ref_prev":"GIPmkZF_zYwrgVyQ","last_seen":"2025-12-23T16:56:39.832Z","room_id":"event_tt1663662","started_at":"2025-12-23T16:56:31.570Z","status":"online","user_id":"96e01cdb-36c0-4228-a6e4-a29a3c66bc8e","username":"lemontom","watching_id":"tt1663662","watching_title":"Pacific Rim","watching_type":"movie"}]}},"leaves":{"cad02b74-e01f-11f0-bae9-0a58a9feac02":{"metas":[{"phx_ref":"GIPmkZF_zYwrgVyQ","phx_ref_prev":"GIPmjtQiD38rgaMC","last_seen":"2025-12-23T16:56:31.570Z","room_id":"event_tt1663662","started_at":"2025-12-23T16:56:31.570Z","status":"online","user_id":"96e01cdb-36c0-4228-a6e4-a29a3c66bc8e","username":"lemontom","watching_id":"tt1663662","watching_title":"Pacific Rim","watching_type":"movie"}]}}},"topic":"realtime:global-presence"}
🎬 DisplayLink: reportSwap() (throttled)
🎬 MPV: Frame ready! Calling layer.update() (throttled)
🎬 Layer.update() called - forceDraw:false needsFlip:true (throttled)
🎬 DisplayLink: reportSwap() (throttled)
🎬 DisplayLink: reportSwap() (throttled)
🎬 MPV: Frame ready! Calling layer.update() (throttled)
🎬 DisplayLink: reportSwap() (throttled)
🎬 Layer.update() called - forceDraw:false needsFlip:true (throttled)
🎬 DisplayLink: reportSwap() (throttled)
🎬 MPV: Frame ready! Calling layer.update() (throttled)
🎬 canDraw() = true (forceDraw:false, hasFrame:true) (throttled)
🎬 draw() - Rendering frame! (throttled)
🎬 DisplayLink: reportSwap() (throttled)
📨 Received: {"ref":"10","event":"phx_reply","payload":{"status":"ok","response":{}},"topic":"realtime:global-presence"}
📨 Received: {"ref":null,"event":"presence_diff","payload":{"joins":{"2151249e-e020-11f0-a0a1-0a58a9feac02":{"metas":[{"phx_ref":"GIPmlLlCHo4Q-MHC","phx_ref_prev":"GIPmkTa1uCsQ-D-K","last_seen":"2025-12-23T16:56:45.150Z","room_id":"event_tt1663662","started_at":"2025-12-23T16:56:30.094Z","status":"online","user_id":"656daa91-33b4-4688-9135-c982ea52d7c9","username":"ursinho","watching_id":"tt1663662","watching_title":"Pacific Rim","watching_type":"movie"}]}},"leaves":{"2151249e-e020-11f0-a0a1-0a58a9feac02":{"metas":[{"phx_ref":"GIPmkTa1uCsQ-D-K","phx_ref_prev":"GIPmkAYlQmEQ-EwM","last_seen":"2025-12-23T16:56:30.094Z","room_id":"event_tt1663662","started_at":"2025-12-23T16:56:30.094Z","status":"online","user_id":"656daa91-33b4-4688-9135-c982ea52d7c9","username":"ursinho","watching_id":"tt1663662","watching_title":"Pacific Rim","watching_type":"movie"}]}}},"topic":"realtime:global-presence"}
🎬 DisplayLink: reportSwap() (throttled)
🎬 Layer.update() called - forceDraw:false needsFlip:true (throttled)
🎬 MPV: Frame ready! Calling layer.update() (throttled)
🎬 DisplayLink: reportSwap() (throttled)
🎬 DisplayLink: reportSwap() (throttled)
🎬 MPV: Frame ready! Calling layer.update() (throttled)
🎬 DisplayLink: reportSwap() (throttled)
🎬 Layer.update() called - forceDraw:false needsFlip:true (throttled)
🎬 canDraw() = true (forceDraw:false, hasFrame:true) (throttled)
🎬 draw() - Rendering frame! (throttled)
🎬 DisplayLink: reportSwap() (throttled)
📝 Set subtitle track to: 1 (async, visibility enabled)
[MPV] Track switched:
[MPV] (+) Video --vid=1 (*) (h264 [High] 1920x1080 23.976fps)
🔍 SubtitleService: Starting embedded track scan (polling 5s)...
📊 Current subtitle track: 1
[MPV] (+) Audio --aid=1 --alang=eng (*) (aac [LC] 6ch 48000Hz)
[MPV] (+) Subs  --sid=1 --slang=en 'Pacific.Rim.2013.720p.Bluray.X264.Yify' (webvtt) (external)
[MPV] Subs  --sid=2 --slang=en 'Pacific.Rim.2013.720p.BluRay.x264.YIFY' (webvtt) (external)
[MPV] Subs  --sid=3 --slang=en 'Pacific Rim.2013.Bluray-1080p-RMXTRAS.en' (webvtt) (external)
🎬 MPV: Frame ready! Calling layer.update() (throttled)
🎬 DisplayLink: reportSwap() (throttled)
📊 Current subtitle track: 1
🎬 DisplayLink: reportSwap() (throttled)
📊 Current subtitle track: 1
🎬 Layer.update() called - forceDraw:false needsFlip:true (throttled)
🎬 MPV: Frame ready! Calling layer.update() (throttled)
🎬 DisplayLink: reportSwap() (throttled)
📊 Current subtitle track: 1
🎬 DisplayLink: reportSwap() (throttled)
🎬 canDraw() = true (forceDraw:false, hasFrame:true) (throttled)
🎬 draw() - Rendering frame! (throttled)
📊 Current subtitle track: 1
🎬 MPV: Frame ready! Calling layer.update() (throttled)
🎬 DisplayLink: reportSwap() (throttled)
🎬 Layer.update() called - forceDraw:false needsFlip:true (throttled)
🎬 DisplayLink: reportSwap() (throttled)
🎬 MPV: Frame ready! Calling layer.update() (throttled)
🎬 DisplayLink: reportSwap() (throttled)
🎬 DisplayLink: reportSwap() (throttled)
🎬 Layer.update() called - forceDraw:false needsFlip:true (throttled)
🎬 MPV: Frame ready! Calling layer.update() (throttled)
🎬 DisplayLink: reportSwap() (throttled)
🎬 canDraw() = true (forceDraw:false, hasFrame:true) (throttled)
🎬 draw() - Rendering frame! (throttled)
🎬 DisplayLink: reportSwap() (throttled)
🎬 MPV: Frame ready! Calling layer.update() (throttled)
💾 Saved to watch history: Pacific Rim at 1261s
📨 Received: {"ref":null,"event":"presence_diff","payload":{"joins":{"cad02b74-e01f-11f0-bae9-0a58a9feac02":{"metas":[{"phx_ref":"GIPmmDCwUikrgQlF","phx_ref_prev":"GIPmk34fyq4rgf-O","last_seen":"2025-12-23T16:57:00.015Z","room_id":"event_tt1663662","started_at":"2025-12-23T16:56:31.570Z","status":"online","user_id":"96e01cdb-36c0-4228-a6e4-a29a3c66bc8e","username":"lemontom","watching_id":"tt1663662","watching_title":"Pacific Rim","watching_type":"movie"}]}},"leaves":{"cad02b74-e01f-11f0-bae9-0a58a9feac02":{"metas":[{"phx_ref":"GIPmk34fyq4rgf-O","phx_ref_prev":"GIPmkZF_zYwrgVyQ","last_seen":"2025-12-23T16:56:39.832Z","room_id":"event_tt1663662","started_at":"2025-12-23T16:56:31.570Z","status":"online","user_id":"96e01cdb-36c0-4228-a6e4-a29a3c66bc8e","username":"lemontom","watching_id":"tt1663662","watching_title":"Pacific Rim","watching_type":"movie"}]}}},"topic":"realtime:global-presence"}
🎬 DisplayLink: reportSwap() (throttled)
🎬 Layer.update() called - forceDraw:false needsFlip:true (throttled)
🎬 DisplayLink: reportSwap() (throttled)
🎬 MPV: Frame ready! Calling layer.update() (throttled)
🎬 DisplayLink: reportSwap() (throttled)
📡 [EventsConfig] Checking server for movie_events config version...
✅ [EventsConfig] Fetched movie_events version 1432 with 445 movies
✅ [EventsConfig] Using cached movie_events config (version 1432, 445 movies)
🎬 DisplayLink: reportSwap() (throttled)
🎬 Layer.update() called - forceDraw:false needsFlip:true (throttled)
🎬 canDraw() = true (forceDraw:false, hasFrame:true) (throttled)
🎬 draw() - Rendering frame! (throttled)
🎬 MPV: Frame ready! Calling layer.update() (throttled)
📨 Received: {"ref":"11","event":"phx_reply","payload":{"status":"ok","response":{}},"topic":"realtime:global-presence"}
📨 Received: {"ref":null,"event":"presence_diff","payload":{"joins":{"2151249e-e020-11f0-a0a1-0a58a9feac02":{"metas":[{"phx_ref":"GIPmmVr5iuMQ-CKM","phx_ref_prev":"GIPmlLlCHo4Q-MHC","last_seen":"2025-12-23T16:57:05.047Z","room_id":"event_tt1663662","started_at":"2025-12-23T16:56:30.094Z","status":"online","user_id":"656daa91-33b4-4688-9135-c982ea52d7c9","username":"ursinho","watching_id":"tt1663662","watching_title":"Pacific Rim","watching_type":"movie"}]}},"leaves":{"2151249e-e020-11f0-a0a1-0a58a9feac02":{"metas":[{"phx_ref":"GIPmlLlCHo4Q-MHC","phx_ref_prev":"GIPmkTa1uCsQ-D-K","last_seen":"2025-12-23T16:56:45.150Z","room_id":"event_tt1663662","started_at":"2025-12-23T16:56:30.094Z","status":"online","user_id":"656daa91-33b4-4688-9135-c982ea52d7c9","username":"ursinho","watching_id":"tt1663662","watching_title":"Pacific Rim","watching_type":"movie"}]}}},"topic":"realtime:global-presence"}
🎬 DisplayLink: reportSwap() (throttled)
💓 Heartbeat sent
📨 Received: {"ref":"6","event":"phx_reply","payload":{"status":"ok","response":{}},"topic":"phoenix"}
🎬 DisplayLink: reportSwap() (throttled)
🎬 MPV: Frame ready! Calling layer.update() (throttled)
[MPV] Track switched:
📝 Set subtitle track to: 2 (async, visibility enabled)
[MPV] (+) Video --vid=1 (*) (h264 [High] 1920x1080 23.976fps)
🔍 SubtitleService: Starting embedded track scan (polling 5s)...
[MPV] (+) Audio --aid=1 --alang=eng (*) (aac [LC] 6ch 48000Hz)
[MPV] Subs  --sid=1 --slang=en 'Pacific.Rim.2013.720p.Bluray.X264.Yify' (webvtt) (external)
[MPV] (+) Subs  --sid=2 --slang=en 'Pacific.Rim.2013.720p.BluRay.x264.YIFY' (webvtt) (external)
[MPV] Subs  --sid=3 --slang=en 'Pacific Rim.2013.Bluray-1080p-RMXTRAS.en' (webvtt) (external)
📊 Current subtitle track: 2
🎬 DisplayLink: reportSwap() (throttled)
🎬 Layer.update() called - forceDraw:false needsFlip:true (throttled)
📊 Current subtitle track: 2
🎬 DisplayLink: reportSwap() (throttled)
🎬 MPV: Frame ready! Calling layer.update() (throttled)
💓 Heartbeat sent
💓 Heartbeat sent
📨 Received: {"ref":"4","event":"phx_reply","payload":{"status":"ok","response":{}},"topic":"phoenix"}
📨 Received: {"ref":"12","event":"phx_reply","payload":{"status":"ok","response":{}},"topic":"phoenix"}
📊 Current subtitle track: 2
🎬 DisplayLink: reportSwap() (throttled)
🎬 canDraw() = true (forceDraw:false, hasFrame:2025-12-23 11:57:10.023 RedLemon[7693:69197] 🔍 MPV track-list/count: 5
2025-12-23 11:57:10.023 RedLemon[7693:69197] 🔍 Track 0 type: sub
2025-12-23 11:57:10.023 RedLemon[7693:69197] ✅ Found subtitle track: ID=1, lang=en, title=Pacific.Rim.2013.720p.Bluray.X264.Yify, external=1
2025-12-23 11:57:10.023 RedLemon[7693:69197] 🔍 Track 1 type: sub
2025-12-23 11:57:10.023 RedLemon[7693:69197] ✅ Found subtitle track: ID=2, lang=en, title=Pacific.Rim.2013.720p.BluRay.x264.YIFY, external=1
2025-12-23 11:57:10.024 RedLemon[7693:69197] 🔍 Track 2 type: sub
2025-12-23 11:57:10.024 RedLemon[7693:69197] ✅ Found subtitle track: ID=3, lang=en, title=Pacific Rim.2013.Bluray-1080p-RMXTRAS.en, external=1
2025-12-23 11:57:10.024 RedLemon[7693:69197] 🔍 Track 3 type: video
2025-12-23 11:57:10.024 RedLemon[7693:69197] 🔍 Track 4 type: audio
2025-12-23 11:57:10.024 RedLemon[7693:69197] 📊 Total subtitle tracks found: 4 (including Off if needed)
2025-12-23 11:57:10.024 RedLemon[7693:69197]    Start[0]: ID=0, Title='Off', Lang='nil', Ext=0
2025-12-23 11:57:10.024 RedLemon[7693:69197]    Start[1]: ID=1, Title='Pacific.Rim.2013.720p.Bluray.X264.Yify', Lang='en', Ext=1
2025-12-23 11:57:10.024 RedLemon[7693:69197]    Start[2]: ID=2, Title='Pacific.Rim.2013.720p.BluRay.x264.YIFY', Lang='en', Ext=1
2025-12-23 11:57:10.024 RedLemon[7693:69197]    Start[3]: ID=3, Title='Pacific Rim.2013.Bluray-1080p-RMXTRAS.en', Lang='en', Ext=1
2025-12-23 11:57:10.025 RedLemon[7693:69197] ✅ SubtitleService: Scanned 4 tracks (Attempt 4/5)
2025-12-23 11:57:10.025 RedLemon[7693:69197]    Track: ID=0, Title=Off, External=0
2025-12-23 11:57:10.025 RedLemon[7693:69197]    Track: ID=1, Title=Pacific.Rim.2013.720p.Bluray.X264.Yify, External=1
2025-12-23 11:57:10.025 RedLemon[7693:69197]    Track: ID=2, Title=Pacific.Rim.2013.720p.BluRay.x264.YIFY, External=1
2025-12-23 11:57:10.025 RedLemon[7693:69197]    Track: ID=3, Title=Pacific Rim.2013.Bluray-1080p-RMXTRAS.en, External=1
2025-12-23 11:57:11.026 RedLemon[7693:69197] 🔍 MPV track-list/count: 5
2025-12-23 11:57:11.026 RedLemon[7693:69197] 🔍 Track 0 type: sub
2025-12-23 11:57:11.026 RedLemon[7693:69197] ✅ Found subtitle track: ID=1, lang=en, title=Pacific.Rim.2013.720p.Bluray.X264.Yify, external=1
2025-12-23 11:57:11.026 RedLemon[7693:69197] 🔍 Track 1 type: sub
2025-12-23 11:57:11.026 RedLemon[7693:69197] ✅ Found subtitle track: ID=2, lang=en, title=Pacific.Rim.2013.720p.BluRay.x264.YIFY, external=1
2025-12-23 11:57:11.026 RedLemon[7693:69197] 🔍 Track 2 type: sub
2025-12-23 11:57:11.026 RedLemon[7693:69197] ✅ Found subtitle track: ID=3, lang=en, title=Pacific Rim.2013.Bluray-1080p-RMXTRAS.en, external=1
2025-12-23 11:57:11.027 RedLemon[7693:69197] 🔍 Track 3 type: video
2025-12-23 11:57:11.027 RedLemon[7693:69197] 🔍 Track 4 type: audio
2025-12-23 11:57:11.027 RedLemon[7693:69197] 📊 Total subtitle tracks found: 4 (including Off if needed)
2025-12-23 11:57:11.027 RedLemon[7693:69197]    Start[0]: ID=0, Title='Off', Lang='nil', Ext=0
2025-12-23 11:57:11.027 RedLemon[7693:69197]    Start[1]: ID=1, Title='Pacific.Rim.2013.720p.Bluray.X264.Yify', Lang='en', Ext=1
2025-12-23 11:57:11.027 RedLemon[7693:69197]    Start[2]: ID=2, Title='Pacific.Rim.2013.720p.BluRay.x264.YIFY', Lang='en', Ext=1
2025-12-23 11:57:11.027 RedLemon[7693:69197]    Start[3]: ID=3, Title='Pacific Rim.2013.Bluray-1080p-RMXTRAS.en', Lang='en', Ext=1
2025-12-23 11:57:11.027 RedLemon[7693:69197] ✅ SubtitleService: Scanned 4 tracks (Attempt 5/5)
2025-12-23 11:57:11.027 RedLemon[7693:69197]    Track: ID=0, Title=Off, External=0
2025-12-23 11:57:11.028 RedLemon[7693:69197]    Track: ID=1, Title=Pacific.Rim.2013.720p.Bluray.X264.Yify, External=1
2025-12-23 11:57:11.028 RedLemon[7693:69197]    Track: ID=2, Title=Pacific.Rim.2013.720p.BluRay.x264.YIFY, External=1
2025-12-23 11:57:11.028 RedLemon[7693:69197]    Track: ID=3, Title=Pacific Rim.2013.Bluray-1080p-RMXTRAS.en, External=1
2025-12-23 11:57:27.445 RedLemon[7693:68193] ✅ Exit button triggered! x=210 <= 342, y=583 >= 576
2025-12-23 11:57:27.485 RedLemon[7693:68193] ✅ Exit button triggered! x=208 <= 342, y=586 >= 576
2025-12-23 11:57:27.487 RedLemon[7693:68193] ✅ Exit button triggered! x=208 <= 342, y=586 >= 576
2025-12-23 11:57:27.651 RedLemon[7693:68193] ✅ Exit button triggered! x=174 <= 342, y=611 >= 576
2025-12-23 11:57:27.662 RedLemon[7693:68193] ✅ Exit button triggered! x=166 <= 342, y=619 >= 576
2025-12-23 11:57:27.665 RedLemon[7693:68193] ✅ Exit button triggered! x=158 <= 342, y=627 >= 576
2025-12-23 11:57:27.695 RedLemon[7693:68193] ✅ Exit button triggered! x=152 <= 342, y=633 >= 576
2025-12-23 11:57:27.697 RedLemon[7693:68193] ✅ Exit button triggered! x=136 <= 342, y=655 >= 576
2025-12-23 11:57:27.777 RedLemon[7693:68193] ✅ Exit button triggered! x=125 <= 342, y=680 >= 576
2025-12-23 11:57:27.943 RedLemon[7693:68193] ✅ Exit button triggered! x=121 <= 342, y=684 >= 576
2025-12-23 11:57:27.947 RedLemon[7693:68193] ✅ Exit button triggered! x=117 <= 342, y=689 >= 576
2025-12-23 11:57:27.985 RedLemon[7693:68193] ✅ Exit button triggered! x=110 <= 342, y=697 >= 576
2025-12-23 11:57:27.988 RedLemon[7693:68193] ✅ Exit button triggered! x=97 <= 342, y=710 >= 576
2025-12-23 11:57:27.996 RedLemon[7693:68193] ✅ Exit button triggered! x=92 <= 342, y=715 >= 576
2025-12-23 11:57:27.999 RedLemon[7693:68193] ✅ Exit button triggered! x=88 <= 342, y=720 >= 576
2025-12-23 11:57:28.071 RedLemon[7693:68193] ✅ Exit button triggered! x=78 <= 342, y=733 >= 576
2025-12-23 11:57:28.073 RedLemon[7693:68193] ✅ Exit button triggered! x=78 <= 342, y=734 >= 576
2025-12-23 11:57:28.110 RedLemon[7693:68193] ✅ Exit button triggered! x=78 <= 342, y=734 >= 576
2025-12-23 11:57:28.277 RedLemon[7693:68193] ✅ Exit button triggered! x=78 <= 342, y=736 >= 576
2025-12-23 11:57:28.279 RedLemon[7693:68193] ✅ Exit button triggered! x=78 <= 342, y=740 >= 576
2025-12-23 11:57:28.282 RedLemon[7693:68193] ✅ Exit button triggered! x=78 <= 342, y=741 >= 576
2025-12-23 11:57:28.319 RedLemon[7693:68193] ✅ Exit button triggered! x=78 <= 342, y=743 >= 576
2025-12-23 11:57:28.487 RedLemon[7693:68193] 🖥️ WindowManager: exitFullscreen() called
2025-12-23 11:57:28.487 RedLemon[7693:68193]    ✅ WindowManager: Toggling fullscreen OFF
2025-12-23 11:57:28.582 RedLemon[7693:68193] 🪟 WindowManager: restoreWindowSize() called - restoring to expanded size
2025-12-23 11:57:28.582 RedLemon[7693:68193]    📐 WindowManager: Restoring to expanded size: (0.0, 0.0, 1366.0, 743.0)
2025-12-23 11:57:28.892 RedLemon[7693:68193]    ✅ WindowManager: Window restored to expanded size
true) (throttled)
🎬 draw() - Rendering frame! (throttled)
📊 Current subtitle track: 2
🎬 DisplayLink: reportSwap() (throttled)
🎬 Layer.update() called - forceDraw:false needsFlip:true (throttled)
🎬 MPV: Frame ready! Calling layer.update() (throttled)
📊 Current subtitle track: 2
🎬 DisplayLink: reportSwap() (throttled)
🎬 DisplayLink: reportSwap() (throttled)
🎬 MPV: Frame ready! Calling layer.update() (throttled)
🎬 DisplayLink: reportSwap() (throttled)
🎬 Layer.update() called - forceDraw:false needsFlip:true (throttled)
🎬 DisplayLink: reportSwap() (throttled)
🎬 canDraw() = true (forceDraw:false, hasFrame:true) (throttled)
🎬 draw() - Rendering frame! (throttled)
🎬 MPV: Frame ready! Calling layer.update() (throttled)
🎬 DisplayLink: reportSwap() (throttled)
🎬 DisplayLink: reportSwap() (throttled)
🎬 Layer.update() called - forceDraw:false needsFlip:true (throttled)
🎬 MPV: Frame ready! Calling layer.update() (throttled)
🎬 DisplayLink: reportSwap() (throttled)
🎬 DisplayLink: reportSwap() (throttled)
🎬 MPV: Frame ready! Calling layer.update() (throttled)
🎬 Layer.update() called - forceDraw:false needsFlip:true (throttled)
🎬 canDraw() = true (forceDraw:false, hasFrame:true) (throttled)
🎬 draw() - Rendering frame! (throttled)
🎬 DisplayLink: reportSwap() (throttled)
🎬 DisplayLink: reportSwap() (throttled)
📨 Received: {"ref":null,"event":"presence_diff","payload":{"joins":{"cad02b74-e01f-11f0-bae9-0a58a9feac02":{"metas":[{"phx_ref":"GIPmnM5ob1IrgTOK","phx_ref_prev":"GIPmmDCwUikrgQlF","last_seen":"2025-12-23T16:57:19.833Z","room_id":"event_tt1663662","started_at":"2025-12-23T16:56:31.570Z","status":"online","user_id":"96e01cdb-36c0-4228-a6e4-a29a3c66bc8e","username":"lemontom","watching_id":"tt1663662","watching_title":"Pacific Rim","watching_type":"movie"}]}},"leaves":{"cad02b74-e01f-11f0-bae9-0a58a9feac02":{"metas":[{"phx_ref":"GIPmmDCwUikrgQlF","phx_ref_prev":"GIPmk34fyq4rgf-O","last_seen":"2025-12-23T16:57:00.015Z","room_id":"event_tt1663662","started_at":"2025-12-23T16:56:31.570Z","status":"online","user_id":"96e01cdb-36c0-4228-a6e4-a29a3c66bc8e","username":"lemontom","watching_id":"tt1663662","watching_title":"Pacific Rim","watching_type":"movie"}]}}},"topic":"realtime:global-presence"}
🎬 MPV: Frame ready! Calling layer.update() (throttled)
🎬 DisplayLink: reportSwap() (throttled)
🎬 Layer.update() called - forceDraw:false needsFlip:true (throttled)
🎬 DisplayLink: reportSwap() (throttled)
🎬 MPV: Frame ready! Calling layer.update() (throttled)
🎬 DisplayLink: reportSwap() (throttled)
🎬 canDraw() = true (forceDraw:false, hasFrame:true) (throttled)
🎬 draw() - Rendering frame! (throttled)
🎬 DisplayLink: reportSwap() (throttled)
🎬 MPV: Frame ready! Calling layer.update() (throttled)
📨 Received: {"ref":"13","event":"phx_reply","payload":{"status":"ok","response":{}},"topic":"realtime:global-presence"}
📨 Received: {"ref":null,"event":"presence_diff","payload":{"joins":{"2151249e-e020-11f0-a0a1-0a58a9feac02":{"metas":[{"phx_ref":"GIPmngD6s1kQ-ITL","phx_ref_prev":"GIPmmVr5iuMQ-CKM","last_seen":"2025-12-23T16:57:25.024Z","room_id":"event_tt1663662","started_at":"2025-12-23T16:56:30.094Z","status":"online","user_id":"656daa91-33b4-4688-9135-c982ea52d7c9","username":"ursinho","watching_id":"tt1663662","watching_title":"Pacific Rim","watching_type":"movie"}]}},"leaves":{"2151249e-e020-11f0-a0a1-0a58a9feac02":{"metas":[{"phx_ref":"GIPmmVr5iuMQ-CKM","phx_ref_prev":"GIPmlLlCHo4Q-MHC","last_seen":"2025-12-23T16:57:05.047Z","room_id":"event_tt1663662","started_at":"2025-12-23T16:56:30.094Z","status":"online","user_id":"656daa91-33b4-4688-9135-c982ea52d7c9","username":"ursinho","watching_id":"tt1663662","watching_title":"Pacific Rim","watching_type":"movie"}]}}},"topic":"realtime:global-presence"}
🎬 Layer.update() called - forceDraw:false needsFlip:true (throttled)
🎬 DisplayLink: reportSwap() (throttled)
🎬 DisplayLink: reportSwap() (throttled)
🎬 MPV: Frame ready! Calling layer.update() (throttled)
🎬 DisplayLink: reportSwap() (throttled)
📨 Received: {"ref":null,"event":"presence_diff","payload":{"joins":{},"leaves":{"54f3f59c-e020-11f0-bd7b-0a58a9feac02":{"metas":[{"phx_ref":"GIPmkZDVGXc7CuPI","is_host":false,"joined_at":1766508991.554841,"user_id":"96E01CDB-36C0-4228-A6E4-A29A3C66BC8E","username":"lemontom"}]}}},"topic":"realtime:watch-party:event_tt1663662"}
⏳ Participant leaving (grace period started): 96e01cdb-36c0-4228-a6e4-a29a3c66bc8e
📨 Received: {"ref":null,"event":"presence_diff","payload":{"joins":{"cad02b74-e01f-11f0-bae9-0a58a9feac02":{"metas":[{"phx_ref":"GIPmnlugu-orge6N","phx_ref_prev":"GIPmnlueNmorgVrL","last_seen":"2025-12-23T16:57:26.507Z","status":"Browsing","user_id":"96e01cdb-36c0-4228-a6e4-a29a3c66bc8e","username":"lemontom"}]}},"leaves":{"cad02b74-e01f-11f0-bae9-0a58a9feac02":{"metas":[{"phx_ref":"GIPmnM5ob1IrgTOK","phx_ref_prev":"GIPmmDCwUikrgQlF","last_seen":"2025-12-23T16:57:19.833Z","room_id":"event_tt1663662","started_at":"2025-12-23T16:56:31.570Z","status":"online","user_id":"96e01cdb-36c0-4228-a6e4-a29a3c66bc8e","username":"lemontom","watching_id":"tt1663662","watching_title":"Pacific Rim","watching_type":"movie"}]}}},"topic":"realtime:global-presence"}
👋 Leaving room: event_tt1663662
🎬 Layer.update() called - forceDraw:false needsFlip:true (throttled)
🎬 DisplayLink: reportSwap() (throttled)
❌ RedLemon: NOT showing MPVPlayerView
   isResolvingStream: false
   streamError: nil
   selectedStream: NIL
📅 EventsView appeared
🎬 Stopping CVDisplayLink...
🎬 CVDisplayLink stopped and released
🎬 MPVViewLayer uniniting...
🧹 Freeing render context on OpenGL thread...
🎬 MPVViewLayer cleanup complete
📝 Stopped watch history tracking
⏱️ Invalidating all active timers
🎬 MPVLayerHostView deinit
🖼️ [CACHE] Cached image data for key: https://images.metahub.space/background/medium/tt0241527/img (799080 bytes)
🖼️ [CACHE] Cached image data for key: https://images.metahub.space/background/medium/tt26581740/img (117146 bytes)
 MPV Event: 17
🧹 Cleaning up MPV player...
 MPV Event: 17
📡 SocialService: Updated status - Browsing Events: 
📡 SocialService: Updated status - Browsing: 
[MPV] Video: no video
🗑️ Invalidated all active timers
🧹 Cleaning up Realtime channel for room: event_tt1663662
🔄 Untracking presence...
✅ Presence untracked
🔄 Leaving channel...
✅ Channel left
ℹ️ Keeping WebSocket connected (disconnectClient=false)
✅ Realtime channel cleanup complete
✅ Realtime manager channel left (client connection preserved)
🛑 Stopping MPV playback...
🛑 Stopping MPV playback...
🗑️ MPVPlayerViewModel deinit
⚡️ PlaybackService: releasing sleep assertion
🛑 Event polling task cancelled cleanly
🗑️ MPVWrapper deinit - cleaning up...
✅ MPVWrapper cleanup complete
🗑️ Terminating MPV instance (background)...
📨 Received: {"ref":null,"event":"presence_diff","payload":{"joins":{"2151249e-e020-11f0-a0a1-0a58a9feac02":{"metas":[{"phx_ref":"GIPmnvBkp4wQ-FyB","phx_ref_prev":"GIPmngD6s1kQ-ITL","last_seen":"2025-12-23T16:57:29.028Z","status":"Browsing Events","user_id":"656daa91-33b4-4688-9135-c982ea52d7c9","username":"ursinho"}]}},"leaves":{"2151249e-e020-11f0-a0a1-0a58a9feac02":{"metas":[{"phx_ref":"GIPmngD6s1kQ-ITL","phx_ref_prev":"GIPmmVr5iuMQ-CKM","last_seen":"2025-12-23T16:57:25.024Z","room_id":"event_tt1663662","started_at":"2025-12-23T16:56:30.094Z","status":"online","user_id":"656daa91-33b4-4688-9135-c982ea52d7c9","username":"ursinho","watching_id":"tt1663662","watching_title":"Pacific Rim","watching_type":"movie"}]}}},"topic":"realtime:global-presence"}
📨 Received: {"ref":"14","event":"phx_reply","payload":{"status":"ok","response":{}},"topic":"realtime:global-presence"}
📨 Received: {"ref":"15","event":"phx_reply","payload":{"status":"ok","response":{}},"topic":"realtime:global-presence"}
📨 Received: {"ref":null,"event":"presence_diff","payload":{"joins":{"2151249e-e020-11f0-a0a1-0a58a9feac02":{"metas":[{"phx_ref":"GIPmnvBoGyYQ-CWM","phx_ref_prev":"GIPmnvBkp4wQ-FyB","last_seen":"2025-12-23T16:57:29.028Z","status":"Browsing","user_id":"656daa91-33b4-4688-9135-c982ea52d7c9","username":"ursinho"}]}},"leaves":{"2151249e-e020-11f0-a0a1-0a58a9feac02":{"metas":[{"phx_ref":"GIPmnvBkp4wQ-FyB","phx_ref_prev":"GIPmngD6s1kQ-ITL","last_seen":"2025-12-23T16:57:29.028Z","status":"Browsing Events","user_id":"656daa91-33b4-4688-9135-c982ea52d7c9","username":"ursinho"}]}}},"topic":"realtime:global-presence"}
📨 Received: {"ref":"7","event":"phx_reply","payload":{"status":"ok","response":{}},"topic":"realtime:watch-party:event_tt1663662"}
📨 Received: {"ref":null,"event":"presence_diff","payload":{"joins":{},"leaves":{"540a953c-e020-11f0-9018-0a58a9feac02":{"metas":[{"phx_ref":"GIPmkTW4unD9hNgP","is_host":false,"joined_at":1766508990.077441,"user_id":"656DAA91-33B4-4688-9135-C982EA52D7C9","username":"ursinho"}]}}},"topic":"realtime:watch-party:event_tt1663662"}
📨 Received: {"ref":"8","event":"phx_reply","payload":{"status":"ok","response":{}},"topic":"realtime:watch-party:event_tt1663662"}
📨 Received: {"ref":null,"event":"phx_close","payload":{},"topic":"realtime:watch-party:event_tt1663662"}
📨 Unknown event: phx_close
✅ MPV instance destroyed
✅ MPV stop completed with clean event loop exit
✅ BrowseView: Server is ready, loading content...
🔍 BrowseView: Loading content for tab: Movies
🗑️ Cleared all streaming catalogs
📽️ Fetching popular movies...
[ INFO ] GET /api/metadata/catalog/movie/popular [request-id: E8522E03-E270-4A28-A4F9-65C4F46B0E18]
🔍 [Server] Proxying catalog request to: https://v3-cinemeta.strem.io/catalog/movie/popular.json
📡 SocialService: Updated status - Browsing: 
📨 Received: {"ref":"16","event":"phx_reply","payload":{"status":"ok","response":{}},"topic":"realtime:global-presence"}
📨 Received: {"ref":null,"event":"presence_diff","payload":{"joins":{"2151249e-e020-11f0-a0a1-0a58a9feac02":{"metas":[{"phx_ref":"GIPmn5gU5bIQ-IgQ","phx_ref_prev":"GIPmnvBoGyYQ-CWM","last_seen":"2025-12-23T16:57:31.831Z","status":"Browsing","user_id":"656daa91-33b4-4688-9135-c982ea52d7c9","username":"ursinho"}]}},"leaves":{"2151249e-e020-11f0-a0a1-0a58a9feac02":{"metas":[{"phx_ref":"GIPmnvBoGyYQ-CWM","phx_ref_prev":"GIPmnvBkp4wQ-FyB","last_seen":"2025-12-23T16:57:29.028Z","status":"Browsing","user_id":"656daa91-33b4-4688-9135-c982ea52d7c9","username":"ursinho"}]}}},"topic":"realtime:global-presence"}
💾 Cache SET: Catalog[quick_movie_sst.json_7] (7 items)
💾 Cache SET: Catalog[quick_movie_pmp.json_7] (7 items)
💾 Cache SET: Catalog[quick_movie_atp.json_7] (7 items)
💾 Cache SET: Catalog[quick_movie_hbm.json_7] (7 items)
💾 Cache SET: Catalog[quick_movie_stz.json_7] (7 items)
💾 Cache SET: Catalog[quick_movie_dnp.json_7] (7 items)
💾 Cache SET: Catalog[quick_movie_amp.json_7] (7 items)
💾 Cache SET: Catalog[quick_movie_nfx.json_7] (7 items)
💾 Cache SET: Catalog[quick_movie_hlu.json_7] (7 items)
💾 Cache SET: Catalog[quick_movie_pcp.json_7] (7 items)
🚀 Quick batch loaded: 7 items for showtime
🔍 Starting catalog fetch for showtime from: https://7a82163c306e-stremio-netflix-catalog-addon.baby-beamup.club/bmZ4LGRucCxhbXAsYXRwLGhibSxwbXAscGNwLGhsdSxjcnUsZHBlLHN0eixzc3Q6OjoxNzYzMjQxMzc5ODky/catalog/movie/sst.json
🔄 Attempt 1/3 for showtime
🚀 Quick batch loaded: 7 items for paramount
🔍 Starting catalog fetch for paramount from: https://7a82163c306e-stremio-netflix-catalog-addon.baby-beamup.club/bmZ4LGRucCxhbXAsYXRwLGhibSxwbXAscGNwLGhsdSxjcnUsZHBlLHN0eixzc3Q6OjoxNzYzMjQxMzc5ODky/catalog/movie/pmp.json
🔄 Attempt 1/3 for paramount
🚀 Quick batch loaded: 7 items for appleTv
🔍 Starting catalog fetch for appleTv from: https://7a82163c306e-stremio-netflix-catalog-addon.baby-beamup.club/bmZ4LGRucCxhbXAsYXRwLGhibSxwbXAscGNwLGhsdSxjcnUsZHBlLHN0eixzc3Q6OjoxNzYzMjQxMzc5ODky/catalog/movie/atp.json
🔄 Attempt 1/3 for appleTv
🚀 Quick batch loaded: 7 items for hbo
🔍 Starting catalog fetch for hbo from: https://7a82163c306e-stremio-netflix-catalog-addon.baby-beamup.club/bmZ4LGRucCxhbXAsYXRwLGhibSxwbXAscGNwLGhsdSxjcnUsZHBlLHN0eixzc3Q6OjoxNzYzMjQxMzc5ODky/catalog/movie/hbm.json
🔄 Attempt 1/3 for hbo
🚀 Quick batch loaded: 7 items for starz
🔍 Starting catalog fetch for starz from: https://7a82163c306e-stremio-netflix-catalog-addon.baby-beamup.club/bmZ4LGRucCxhbXAsYXRwLGhibSxwbXAscGNwLGhsdSxjcnUsZHBlLHN0eixzc3Q6OjoxNzYzMjQxMzc5ODky/catalog/movie/stz.json
🔄 Attempt 1/3 for starz
🚀 Quick batch loaded: 7 items for disney
🔍 Starting catalog fetch for disney from: https://7a82163c306e-stremio-netflix-catalog-addon.baby-beamup.club/bmZ4LGRucCxhbXAsYXRwLGhibSxwbXAscGNwLGhsdSxjcnUsZHBlLHN0eixzc3Q6OjoxNzYzMjQxMzc5ODky/catalog/movie/dnp.json
🔄 Attempt 1/3 for disney
🔍 [DEBUG] Creating MediaItem from CinemetaSearchResult
🔍 [DEBUG] result.id: tt4712810
🔍 [DEBUG] result.type: movie
🔍 [DEBUG] result.name: Now You See Me: Now You Don't
🔍 [DEBUG] Successfully created MediaItem: Now You See Me: Now You Don't
🔍 [DEBUG] Creating MediaItem from CinemetaSearchResult
🔍 [DEBUG] result.id: tt31844586
🔍 [DEBUG] result.type: movie
🔍 [DEBUG] result.name: Sisu: Road to Revenge
🔍 [DEBUG] Successfully created MediaItem: Sisu: Road to Revenge
🔍 [DEBUG] Creating MediaItem from CinemetaSearchResult
🔍 [DEBUG] result.id: tt14107334
🔍 [DEBUG] result.type: movie
🔍 [DEBUG] result.name: The Running Man
🔍 [DEBUG] Successfully created MediaItem: The Running Man
🔍 [DEBUG] Creating MediaItem from CinemetaSearchResult
🔍 [DEBUG] result.id: tt26443597
🔍 [DEBUG] result.type: movie
🔍 [DEBUG] result.name: Zootopia 2
🔍 [DEBUG] Successfully created MediaItem: Zootopia 2
🔍 [DEBUG] Creating MediaItem from CinemetaSearchResult
🔍 [DEBUG] result.id: tt1757678
🔍 [DEBUG] result.type: movie
🔍 [DEBUG] result.name: Avatar: Fire and Ash
🔍 [DEBUG] Successfully created MediaItem: Avatar: Fire and Ash
🔍 [DEBUG] Creating MediaItem from CinemetaSearchResult
🔍 [DEBUG] result.id: tt14264694
🔍 [DEBUG] result.type: movie
🔍 [DEBUG] result.name: World-Breaker
🔍 [DEBUG] Successfully created MediaItem: World-Breaker
🔍 [DEBUG] Creating MediaItem from CinemetaSearchResult
🔍 [DEBUG] result.id: tt30274401
🔍 [DEBUG] result.type: movie
🔍 [DEBUG] result.name: Five Nights at Freddy's 2
🔍 [DEBUG] Successfully created MediaItem: Five Nights at Freddy's 2
🔍 [DEBUG] Creating MediaItem from CinemetaSearchResult
🔍 [DEBUG] result.id: tt14364480
🔍 [DEBUG] result.type: movie
🔍 [DEBUG] result.name: Wake Up Dead Man: A Knives Out Mystery
🔍 [DEBUG] Successfully created MediaItem: Wake Up Dead Man: A Knives Out Mystery
🔍 [DEBUG] Creating MediaItem from CinemetaSearchResult
🔍 [DEBUG] result.id: tt13186306
🔍 [DEBUG] result.type: movie
🔍 [DEBUG] result.name: War of the Worlds
🔍 [DEBUG] Successfully created MediaItem: War of the Worlds
🔍 [DEBUG] Creating MediaItem from CinemetaSearchResult
🔍 [DEBUG] result.id: tt27829510
🔍 [DEBUG] result.type: movie
🔍 [DEBUG] result.name: High Rollers
🔍 [DEBUG] Successfully created MediaItem: High Rollers
🔍 [DEBUG] Creating MediaItem from CinemetaSearchResult
🔍 [DEBUG] result.id: tt32537226
🔍 [DEBUG] result.type: movie
🔍 [DEBUG] result.name: Hunting Season
🔍 [DEBUG] Successfully created MediaItem: Hunting Season
🔍 [DEBUG] Creating MediaItem from CinemetaSearchResult
🔍 [DEBUG] result.id: tt6604188
🔍 [DEBUG] result.type: movie
🔍 [DEBUG] result.name: Tron: Ares
🔍 [DEBUG] Successfully created MediaItem: Tron: Ares
🔍 [DEBUG] Creating MediaItem from CinemetaSearchResult
🔍 [DEBUG] result.id: tt34610311
🔍 [DEBUG] result.type: movie
🔍 [DEBUG] result.name: The Shadow's Edge
🔍 [DEBUG] Successfully created MediaItem: The Shadow's Edge
🔍 [DEBUG] Creating MediaItem from CinemetaSearchResult
🔍 [DEBUG] result.id: tt37961727
🔍 [DEBUG] result.type: movie
🔍 [DEBUG] result.name: La hora de los valientes
🔍 [DEBUG] Successfully created MediaItem: La hora de los valientes
🔍 [DEBUG] Creating MediaItem from CinemetaSearchResult
🔍 [DEBUG] result.id: tt34434461
🔍 [DEBUG] result.type: movie
🔍 [DEBUG] result.name: Dímelo bajito
🔍 [DEBUG] Successfully created MediaItem: Dímelo bajito
📊 Using fixed catalog size: 15 items
💾 Cache SET: Catalog[popular_movies_fixed] (15 items)
🚀 Quick batch loaded: 7 items for prime
🔍 Starting catalog fetch for prime from: https://7a82163c306e-stremio-netflix-catalog-addon.baby-beamup.club/bmZ4LGRucCxhbXAsYXRwLGhibSxwbXAscGNwLGhsdSxjcnUsZHBlLHN0eixzc3Q6OjoxNzYzMjQxMzc5ODky/catalog/movie/amp.json
🔄 Attempt 1/3 for prime
🚀 Quick batch loaded: 7 items for netflix
🔍 Starting catalog fetch for netflix from: https://7a82163c306e-stremio-netflix-catalog-addon.baby-beamup.club/bmZ4LGRucCxhbXAsYXRwLGhibSxwbXAscGNwLGhsdSxjcnUsZHBlLHN0eixzc3Q6OjoxNzYzMjQxMzc5ODky/catalog/movie/nfx.json
🔄 Attempt 1/3 for netflix
💾 Cache SET: Catalog[quick_movie_top.json_7] (7 items)
🚀 Quick batch loaded: 7 items for hulu
🔍 Starting catalog fetch for hulu from: https://7a82163c306e-stremio-netflix-catalog-addon.baby-beamup.club/bmZ4LGRucCxhbXAsYXRwLGhibSxwbXAscGNwLGhsdSxjcnUsZHBlLHN0eixzc3Q6OjoxNzYzMjQxMzc5ODky/catalog/movie/hlu.json
🔄 Attempt 1/3 for hulu
🚀 Quick batch loaded: 7 items for peacock
🔍 Starting catalog fetch for peacock from: https://7a82163c306e-stremio-netflix-catalog-addon.baby-beamup.club/bmZ4LGRucCxhbXAsYXRwLGhibSxwbXAscGNwLGhsdSxjcnUsZHBlLHN0eixzc3Q6OjoxNzYzMjQxMzc5ODky/catalog/movie/pcp.json
🔄 Attempt 1/3 for peacock
✅ Loaded 15 movies
🧹 Deduplication: 50 → 49 items
🚀 Quick batch loaded: 7 items for trending
🖼️ [CACHE] Cached image data for key: https://images.metahub.space/poster/small/tt0453467/img (36318 bytes)
🖼️ [CACHE] Cached image data for key: https://images.metahub.space/poster/small/tt1798684/img (24844 bytes)
🖼️ [CACHE] Cached image data for key: https://images.metahub.space/poster/small/tt3359350/img (25156 bytes)
🖼️ [CACHE] Cached image data for key: https://images.metahub.space/poster/small/tt15474916/img (21836 bytes)
🖼️ [CACHE] Cached image data for key: https://images.metahub.space/poster/small/tt2709692/img (19768 bytes)
🖼️ [CACHE] Cached image data for key: https://images.metahub.space/poster/small/tt0381061/img (17232 bytes)
🖼️ [CACHE] Cached image data for key: https://images.metahub.space/poster/small/tt16311594/img (19209 bytes)
🖼️ [CACHE] Cached image data for key: https://images.metahub.space/poster/small/tt1276104/img (29862 bytes)
🖼️ [CACHE] Cached image data for key: https://images.justwatch.com/poster/66901085/s332/img (47457 bytes)
🖼️ [CACHE] Cached image data for key: https://images.metahub.space/poster/small/tt1396484/img (14825 bytes)
🖼️ [CACHE] Cached image data for key: https://images.metahub.space/poster/small/tt14264694/img (28879 bytes)
🖼️ [CACHE] Cached image data for key: https://images.metahub.space/poster/small/tt15799866/img (31998 bytes)
🖼️ [CACHE] Cached image data for key: https://images.metahub.space/poster/small/tt1757678/img (38642 bytes)
🖼️ [CACHE] Cached image data for key: https://images.metahub.space/poster/small/tt26443597/img (34496 bytes)
🖼️ [CACHE] Cached image data for key: https://images.metahub.space/poster/small/tt31844586/img (59423 bytes)
🖼️ [CACHE] Cached image data for key: https://images.metahub.space/poster/small/tt4712810/img (37396 bytes)
🖼️ [CACHE] Cached image data for key: https://images.metahub.space/poster/small/tt30274401/img (24809 bytes)
🖼️ [CACHE] Cached image data for key: https://images.metahub.space/poster/small/tt14107334/img (28784 bytes)
🖼️ [CACHE] Cached image data for key: https://images.metahub.space/poster/small/tt1663662/img (35899 bytes)
🖼️ [CACHE] Cached image data for key: https://images.metahub.space/poster/small/tt0195714/img (15790 bytes)
💾 Cache SET: Catalog[catalog_movie_sst.json] (15 items)
💾 Cache SET: Catalog[catalog_movie_pmp.json] (15 items)
💾 Cache SET: Catalog[catalog_movie_atp.json] (15 items)
💾 Cache SET: Catalog[catalog_movie_hbm.json] (15 items)
💾 Cache SET: Catalog[catalog_movie_stz.json] (15 items)
💾 Cache SET: Catalog[catalog_movie_dnp.json] (15 items)
💾 Cache SET: Catalog[catalog_movie_amp.json] (15 items)
💾 Cache SET: Catalog[catalog_movie_nfx.json] (15 items)
🗑️ Cache evicted 6 items
💾 Cache SET: Catalog[catalog_movie_hlu.json] (15 items)
💾 Cache SET: Catalog[catalog_movie_pcp.json] (15 items)
📊 Using fixed catalog size: 15 items
✅ Attempt 1 successful for showtime
✅ Successfully fetched 15 items for showtime from primary service
📦 Full batch loaded: 15 items for showtime
✅ Progressive loading completed for showtime
📊 Using fixed catalog size: 15 items
✅ Attempt 1 successful for paramount
✅ Successfully fetched 15 items for paramount from primary service
📦 Full batch loaded: 15 items for paramount
✅ Progressive loading completed for paramount
📊 Using fixed catalog size: 15 items
✅ Attempt 1 successful for appleTv
✅ Successfully fetched 15 items for appleTv from primary service
📦 Full batch loaded: 15 items for appleTv
✅ Progressive loading completed for appleTv
📊 Using fixed catalog size: 15 items
✅ Attempt 1 successful for hbo
✅ Successfully fetched 15 items for hbo from primary service
📦 Full batch loaded: 15 items for hbo
✅ Progressive loading completed for hbo
📊 Using fixed catalog size: 15 items
✅ Attempt 1 successful for starz
✅ Successfully fetched 15 items for starz from primary service
📦 Full batch loaded: 15 items for starz
✅ Progressive loading completed for starz
📊 Using fixed catalog size: 15 items
✅ Attempt 1 successful for disney
✅ Successfully fetched 15 items for disney from primary service
📦 Full batch loaded: 15 items for disney
✅ Progressive loading completed for disney
📊 Using fixed catalog size: 15 items
✅ Attempt 1 successful for prime
✅ Successfully fetched 15 items for prime from primary service
📦 Full batch loaded: 15 items for prime
✅ Progressive loading completed for prime
📊 Using fixed catalog size: 15 items
✅ Attempt 1 successful for netflix
✅ Successfully fetched 15 items for netflix from primary service
📦 Full batch loaded: 15 items for netflix
✅ Progressive loading completed for netflix
📊 Using fixed catalog size: 15 items
✅ Attempt 1 successful for hulu
✅ Successfully fetched 15 items for hulu from primary service
📦 Full batch loaded: 15 items for hulu
✅ Progressive loading completed for hulu
📊 Using fixed catalog size: 15 items
✅ Attempt 1 successful for peacock
✅ Successfully fetched 15 items for peacock from primary service
📦 Full batch loaded: 15 items for peacock
✅ Progressive loading completed for peacock
💾 Cache SET: Catalog[catalog_movie_top.json] (15 items)
🖼️ [CACHE] Cached image data for key: https://images.justwatch.com/poster/101462527/s332/img (48777 bytes)
🖼️ [CACHE] Cached image data for key: https://images.justwatch.com/poster/327009156/s332/img (61426 bytes)
🖼️ [CACHE] Cached image data for key: https://images.justwatch.com/poster/215523604/s332/img (61037 bytes)
🖼️ [CACHE] Cached image data for key: https://images.justwatch.com/poster/330535890/s332/img (69017 bytes)
🖼️ [CACHE] Cached image data for key: https://images.justwatch.com/poster/82774854/s332/img (70010 bytes)
🖼️ [CACHE] Cached image data for key: https://images.justwatch.com/poster/331701827/s332/img (59722 bytes)
🖼️ [CACHE] Cached image data for key: https://images.justwatch.com/poster/300177312/s332/img (74244 bytes)
🗑️ Cache evicted 10 items
🖼️ [CACHE] Cached image data for key: https://images.justwatch.com/poster/322709571/s332/img (58026 bytes)
🖼️ [CACHE] Cached image data for key: https://images.justwatch.com/poster/302976085/s332/img (50443 bytes)
🖼️ [CACHE] Cached image data for key: https://images.justwatch.com/poster/322412111/s332/img (57515 bytes)
🖼️ [CACHE] Cached image data for key: https://images.justwatch.com/poster/250757744/s332/img (35420 bytes)
🖼️ [CACHE] Cached image data for key: https://images.justwatch.com/poster/181836574/s332/img (40679 bytes)
🖼️ [CACHE] Cached image data for key: https://images.justwatch.com/poster/309925724/s332/img (65104 bytes)
🖼️ [CACHE] Cached image data for key: https://images.justwatch.com/poster/107996333/s332/img (40620 bytes)
🖼️ [CACHE] Cached image data for key: https://images.justwatch.com/poster/329121868/s332/img (53946 bytes)
🖼️ [CACHE] Cached image data for key: https://images.justwatch.com/poster/90379677/s332/img (56639 bytes)
🖼️ [CACHE] Cached image data for key: https://images.justwatch.com/poster/35006170/s332/img (61678 bytes)
🗑️ Cache evicted 10 items
🖼️ [CACHE] Cached image data for key: https://images.justwatch.com/poster/34041780/s332/img (42193 bytes)
🖼️ [CACHE] Cached image data for key: https://images.justwatch.com/poster/82774854/s332/img (70010 bytes)
🖼️ [CACHE] Cached image data for key: https://images.justwatch.com/poster/215523604/s332/img (61037 bytes)
🖼️ [CACHE] Cached image data for key: https://images.justwatch.com/poster/334220721/s332/img (40321 bytes)
🖼️ [CACHE] Cached image data for key: https://images.justwatch.com/poster/107996333/s332/img (40620 bytes)
🖼️ [CACHE] Cached image data for key: https://images.justwatch.com/poster/190111218/s332/img (57062 bytes)
🖼️ [CACHE] Cached image data for key: https://images.justwatch.com/poster/263107555/s332/img (59835 bytes)
🖼️ [CACHE] Cached image data for key: https://images.justwatch.com/poster/271349733/s332/img (77031 bytes)
🖼️ [CACHE] Cached image data for key: https://images.justwatch.com/poster/181716130/s332/img (52865 bytes)
🖼️ [CACHE] Cached image data for key: https://images.justwatch.com/poster/178152676/s332/img (52860 bytes)
🖼️ [CACHE] Cached image data for key: https://images.justwatch.com/poster/238965112/s332/img (63309 bytes)
🖼️ [CACHE] Cached image data for key: https://images.justwatch.com/poster/181559139/s332/img (56578 bytes)
🖼️ [CACHE] Cached image data for key: https://images.justwatch.com/poster/129198929/s332/img (60050 bytes)
🗑️ Cache evicted 10 items
🖼️ [CACHE] Cached image data for key: https://images.justwatch.com/poster/340363965/s332/img (50506 bytes)
🖼️ [CACHE] Cached image data for key: https://images.justwatch.com/poster/332527038/s332/img (28010 bytes)
🖼️ [CACHE] Cached image data for key: https://images.justwatch.com/poster/15605912/s332/img (81082 bytes)
🖼️ [CACHE] Cached image data for key: https://images.justwatch.com/poster/57711426/s332/img (36912 bytes)
🖼️ [CACHE] Cached image data for key: https://images.justwatch.com/poster/323056248/s332/img (64256 bytes)
🖼️ [CACHE] Cached image data for key: https://images.justwatch.com/poster/331474196/s332/img (49409 bytes)
🖼️ [CACHE] Cached image data for key: https://images.justwatch.com/poster/322729101/s332/img (28143 bytes)
🖼️ [CACHE] Cached image data for key: https://images.justwatch.com/poster/301298992/s332/img (50065 bytes)
🖼️ [CACHE] Cached image data for key: https://images.justwatch.com/poster/330575949/s332/img (33224 bytes)
🖼️ [CACHE] Cached image data for key: https://images.justwatch.com/poster/336298604/s332/img (33569 bytes)
🗑️ Cache evicted 10 items
🖼️ [CACHE] Cached image data for key: https://images.justwatch.com/poster/307275790/s332/img (54708 bytes)
🖼️ [CACHE] Cached image data for key: https://images.justwatch.com/poster/256784897/s332/img (48660 bytes)
🖼️ [CACHE] Cached image data for key: https://images.justwatch.com/poster/302449148/s332/img (66514 bytes)
🖼️ [CACHE] Cached image data for key: https://images.justwatch.com/poster/8731868/s332/img (56932 bytes)
🖼️ [CACHE] Cached image data for key: https://images.justwatch.com/poster/76385127/s332/img (66768 bytes)
🖼️ [CACHE] Cached image data for key: https://images.justwatch.com/poster/154373248/s332/img (63627 bytes)
🖼️ [CACHE] Cached image data for key: https://images.justwatch.com/poster/30730782/s332/img (52234 bytes)
🖼️ [CACHE] Cached image data for key: https://images.justwatch.com/poster/87608067/s332/img (61832 bytes)
🖼️ [CACHE] Cached image data for key: https://images.justwatch.com/poster/309772554/s332/img (75756 bytes)
🖼️ [CACHE] Cached image data for key: https://images.justwatch.com/poster/215523604/s332/img (61037 bytes)
🗑️ Cache evicted 10 items
🖼️ [CACHE] Cached image data for key: https://images.justwatch.com/poster/301592778/s332/img (49084 bytes)
🖼️ [CACHE] Cached image data for key: https://images.justwatch.com/poster/101462527/s332/img (48777 bytes)
🖼️ [CACHE] Cached image data for key: https://images.justwatch.com/poster/107996333/s332/img (40620 bytes)
🖼️ [CACHE] Cached image data for key: https://images.justwatch.com/poster/206714476/s332/img (52991 bytes)
🖼️ [CACHE] Cached image data for key: https://images.justwatch.com/poster/240241908/s332/img (80230 bytes)
🖼️ [CACHE] Cached image data for key: https://images.justwatch.com/poster/215523604/s332/img (61037 bytes)
🖼️ [CACHE] Cached image data for key: https://images.justwatch.com/poster/263107555/s332/img (59835 bytes)
🖼️ [CACHE] Cached image data for key: https://images.justwatch.com/poster/57711426/s332/img (36912 bytes)
🖼️ [CACHE] Cached image data for key: https://images.justwatch.com/poster/21653281/s332/img (35111 bytes)
🖼️ [CACHE] Cached image data for key: https://images.justwatch.com/poster/90379677/s332/img (56639 bytes)
🖼️ [CACHE] Cached image data for key: https://images.justwatch.com/poster/8671419/s332/img (69026 bytes)
🖼️ [CACHE] Cached image data for key: https://images.justwatch.com/poster/107996333/s332/img (40620 bytes)
🖼️ [CACHE] Cached image data for key: https://images.justwatch.com/poster/309896363/s332/img (42659 bytes)
🗑️ Cache evicted 10 items
🖼️ [CACHE] Cached image data for key: https://images.justwatch.com/poster/154373248/s332/img (63627 bytes)
🖼️ [CACHE] Cached image data for key: https://images.justwatch.com/poster/90379677/s332/img (56639 bytes)
🖼️ [CACHE] Cached image data for key: https://images.justwatch.com/poster/82774854/s332/img (70010 bytes)
🖼️ [CACHE] Cached image data for key: https://images.justwatch.com/poster/101462527/s332/img (48777 bytes)
🖼️ [CACHE] Cached image data for key: https://images.justwatch.com/poster/335474178/s332/img (42733 bytes)
🖼️ [CACHE] Cached image data for key: https://images.justwatch.com/poster/215523604/s332/img (61037 bytes)
🖼️ [CACHE] Cached image data for key: https://images.justwatch.com/poster/340369492/s332/img (63536 bytes)
📊 Using fixed catalog size: 15 items
📦 Full batch loaded: 15 items for trending
✅ Progressive loading completed for trending
🖼️ [CACHE] Cached image data for key: https://images.metahub.space/poster/small/tt32916440/img (14872 bytes)
🖼️ [CACHE] Cached image data for key: https://images.metahub.space/poster/small/tt4712810/img (37396 bytes)
🖼️ [CACHE] Cached image data for key: https://images.metahub.space/poster/small/tt14364480/img (19894 bytes)
🖼️ [CACHE] Cached image data for key: https://images.metahub.space/poster/small/tt0499549/img (23095 bytes)
🖼️ [CACHE] Cached image data for key: https://images.metahub.space/poster/small/tt0314331/img (25810 bytes)
🖼️ [CACHE] Cached image data for key: https://images.metahub.space/poster/small/tt1630029/img (28025 bytes)
🖼️ [CACHE] Cached image data for key: https://images.metahub.space/poster/small/tt30144839/img (16512 bytes)
🗑️ Cache evicted 10 items
🖼️ [CACHE] Cached image data for key: https://images.metahub.space/poster/small/tt0903747/img (35371 bytes)
🖼️ [CACHE] Cached image data for key: https://images.metahub.space/poster/small/tt0773262/img (33914 bytes)
🖼️ [CACHE] Cached image data for key: https://images.metahub.space/poster/small/tt0903747/img (35371 bytes)
🖼️ [CACHE] Cached image data for key: https://images.metahub.space/poster/small/tt0903747/img (35371 bytes)
🖼️ [CACHE] Cached image data for key: https://images.metahub.space/poster/small/tt4574334/img (39579 bytes)
🖼️ [CACHE] Cached image data for key: https://images.metahub.space/poster/small/tt0773262/img (33914 bytes)
🖼️ [CACHE] Cached image data for key: https://images.metahub.space/poster/small/tt0773262/img (33914 bytes)
🔍 BrowseView: Loading content for tab: TV Shows
🗑️ Cleared all streaming catalogs
📺 Fetching popular shows...
[ INFO ] GET /api/metadata/catalog/series/popular [request-id: 354FD681-2312-4303-8ACA-48FDB7B61E26]
🔍 [Server] Proxying catalog request to: https://v3-cinemeta.strem.io/catalog/series/popular.json
🔍 [DEBUG] Creating MediaItem from CinemetaSearchResult
🔍 [DEBUG] result.id: tt4574334
🔍 [DEBUG] result.type: series
🔍 [DEBUG] result.name: Stranger Things
🔍 [DEBUG] Successfully created MediaItem: Stranger Things
🔍 [DEBUG] Creating MediaItem from CinemetaSearchResult
🔍 [DEBUG] result.id: tt10394706
🔍 [DEBUG] result.type: series
🔍 [DEBUG] result.name: Deathstroke: Knights & Dragons
🔍 [DEBUG] Successfully created MediaItem: Deathstroke: Knights & Dragons
🔍 [DEBUG] Creating MediaItem from CinemetaSearchResult
🔍 [DEBUG] result.id: tt19244304
🔍 [DEBUG] result.type: series
🔍 [DEBUG] result.name: IT: Welcome to Derry
🔍 [DEBUG] Successfully created MediaItem: IT: Welcome to Derry
🔍 [DEBUG] Creating MediaItem from CinemetaSearchResult
🔍 [DEBUG] result.id: tt12637874
🔍 [DEBUG] result.type: series
🔍 [DEBUG] result.name: Fallout
🔍 [DEBUG] Successfully created MediaItem: Fallout
🔍 [DEBUG] Creating MediaItem from CinemetaSearchResult
🔍 [DEBUG] result.id: tt0460681
🔍 [DEBUG] result.type: series
🔍 [DEBUG] result.name: Supernatural
🔍 [DEBUG] Successfully created MediaItem: Supernatural
🔍 [DEBUG] Creating MediaItem from CinemetaSearchResult
🔍 [DEBUG] result.id: tt0413573
🔍 [DEBUG] result.type: series
🔍 [DEBUG] result.name: Grey's Anatomy
🔍 [DEBUG] Successfully created MediaItem: Grey's Anatomy
🔍 [DEBUG] Creating MediaItem from CinemetaSearchResult
🔍 [DEBUG] result.id: tt0903747
🔍 [DEBUG] result.type: series
🔍 [DEBUG] result.name: Breaking Bad
🔍 [DEBUG] Successfully created MediaItem: Breaking Bad
🔍 [DEBUG] Creating MediaItem from CinemetaSearchResult
🔍 [DEBUG] result.id: tt29921437
🔍 [DEBUG] result.type: series
🔍 [DEBUG] result.name: Spartacus: House of Ashur
🔍 [DEBUG] Successfully created MediaItem: Spartacus: House of Ashur
🔍 [DEBUG] Creating MediaItem from CinemetaSearchResult
🔍 [DEBUG] result.id: tt0096697
🔍 [DEBUG] result.type: series
🔍 [DEBUG] result.name: The Simpsons
🔍 [DEBUG] Successfully created MediaItem: The Simpsons
🔍 [DEBUG] Creating MediaItem from CinemetaSearchResult
🔍 [DEBUG] result.id: tt0118933
🔍 [DEBUG] result.type: series
🔍 [DEBUG] result.name: David
🔍 [DEBUG] Successfully created MediaItem: David
🔍 [DEBUG] Creating MediaItem from CinemetaSearchResult
🔍 [DEBUG] result.id: tt0203259
🔍 [DEBUG] result.type: series
🔍 [DEBUG] result.name: Law & Order: Special Victims Unit
🔍 [DEBUG] Successfully created MediaItem: Law & Order: Special Victims Unit
🔍 [DEBUG] Creating MediaItem from CinemetaSearchResult
🔍 [DEBUG] result.id: tt2565520
🔍 [DEBUG] result.type: series
🔍 [DEBUG] result.name: Dragon Ball Absalon
🔍 [DEBUG] Successfully created MediaItem: Dragon Ball Absalon
🔍 [DEBUG] Creating MediaItem from CinemetaSearchResult
🔍 [DEBUG] result.id: tt7587890
🔍 [DEBUG] result.type: series
🔍 [DEBUG] result.name: The Rookie
🔍 [DEBUG] Successfully created MediaItem: The Rookie
🔍 [DEBUG] Creating MediaItem from CinemetaSearchResult
🔍 [DEBUG] result.id: tt0412142
🔍 [DEBUG] result.type: series
🔍 [DEBUG] result.name: House
🔍 [DEBUG] Successfully created MediaItem: House
🔍 [DEBUG] Creating MediaItem from CinemetaSearchResult
🔍 [DEBUG] result.id: tt22202452
🔍 [DEBUG] result.type: series
🔍 [DEBUG] result.name: Pluribus
🔍 [DEBUG] Successfully created MediaItem: Pluribus
📊 Using fixed catalog size: 15 items
💾 Cache SET: Catalog[popular_shows_fixed] (15 items)
💾 Cache SET: Catalog[quick_series_dpe.json_7] (7 items)
✅ Loaded 15 shows
🧠 Smart reload checking streaming services for tab: TV Shows
🔄 netflix needs reload
🔄 prime needs reload
🔄 disney needs reload
🔄 hbo needs reload
🔄 appleTv needs reload
🔄 paramount needs reload
🔄 hulu needs reload
🔄 peacock needs reload
🔄 starz needs reload
🔄 showtime needs reload
🔄 discovery needs reload
🔄 Smart reloading 11 services: netflix, prime, disney, hbo, appleTv, paramount, hulu, peacock, starz, showtime, discovery
🖼️ [CACHE] Cached image data for key: https://images.metahub.space/poster/small/tt12637874/img (25872 bytes)
🖼️ [CACHE] Cached image data for key: https://images.metahub.space/poster/small/tt19244304/img (26249 bytes)
🖼️ [CACHE] Cached image data for key: https://images.metahub.space/poster/small/tt0413573/img (29264 bytes)
🖼️ [CACHE] Cached image data for key: https://images.metahub.space/poster/small/tt0460681/img (26806 bytes)
🖼️ [CACHE] Cached image data for key: https://images.metahub.space/poster/small/tt10394706/img (32633 bytes)
🚀 Quick batch loaded: 7 items for discovery
🔍 Starting catalog fetch for discovery from: https://7a82163c306e-stremio-netflix-catalog-addon.baby-beamup.club/bmZ4LGRucCxhbXAsYXRwLGhibSxwbXAscGNwLGhsdSxjcnUsZHBlLHN0eixzc3Q6OjoxNzYzMjQxMzc5ODky/catalog/series/dpe.json
🔄 Attempt 1/3 for discovery
⏭️ Skipping load for discovery - already loaded 7 items
💾 Cache SET: Catalog[catalog_series_dpe.json] (15 items)
📊 Using fixed catalog size: 15 items
✅ Attempt 1 successful for discovery
✅ Successfully fetched 15 items for discovery from primary service
📦 Full batch loaded: 15 items for discovery
✅ Progressive loading completed for discovery
💓 Heartbeat sent
📨 Received: {"ref":"9","event":"phx_reply","payload":{"status":"ok","response":{}},"topic":"phoenix"}
🖼️ [CACHE] Cached image data for key: https://images.justwatch.com/poster/143524209/s332/img (20727 bytes)
🗑️ Cache evicted 6 items
💾 Cache SET: Catalog[quick_series_stz.json_7] (7 items)
🖼️ [CACHE] Cached image data for key: https://images.justwatch.com/poster/338521628/s332/img (57689 bytes)
🗑️ Cache evicted 10 items
🖼️ [CACHE] Cached image data for key: https://images.justwatch.com/poster/311621194/s332/img (41661 bytes)
🖼️ [CACHE] Cached image data for key: https://images.justwatch.com/poster/323204958/s332/img (51833 bytes)
🖼️ [CACHE] Cached image data for key: https://images.justwatch.com/poster/312664141/s332/img (62927 bytes)
🖼️ [CACHE] Cached image data for key: https://images.justwatch.com/poster/161482449/s332/img (60890 bytes)
🖼️ [CACHE] Cached image data for key: https://images.justwatch.com/poster/320519859/s332/img (56856 bytes)
🚀 Quick batch loaded: 7 items for starz
🔍 Starting catalog fetch for starz from: https://7a82163c306e-stremio-netflix-catalog-addon.baby-beamup.club/bmZ4LGRucCxhbXAsYXRwLGhibSxwbXAscGNwLGhsdSxjcnUsZHBlLHN0eixzc3Q6OjoxNzYzMjQxMzc5ODky/catalog/series/stz.json
🔄 Attempt 1/3 for starz
💾 Cache SET: Catalog[quick_series_hlu.json_7] (7 items)
💾 Cache SET: Catalog[quick_series_dnp.json_7] (7 items)
💾 Cache SET: Catalog[quick_series_atp.json_7] (7 items)
💾 Cache SET: Catalog[quick_series_pcp.json_7] (7 items)
💾 Cache SET: Catalog[quick_series_amp.json_7] (7 items)
🗑️ Cache evicted 6 items
💾 Cache SET: Catalog[quick_series_sst.json_7] (7 items)
💾 Cache SET: Catalog[quick_series_hbm.json_7] (7 items)
💾 Cache SET: Catalog[quick_series_pmp.json_7] (7 items)
💾 Cache SET: Catalog[quick_series_nfx.json_7] (7 items)
💾 Cache SET: Catalog[catalog_series_stz.json] (15 items)
🚀 Quick batch loaded: 7 items for hulu
🔍 Starting catalog fetch for hulu from: https://7a82163c306e-stremio-netflix-catalog-addon.baby-beamup.club/bmZ4LGRucCxhbXAsYXRwLGhibSxwbXAscGNwLGhsdSxjcnUsZHBlLHN0eixzc3Q6OjoxNzYzMjQxMzc5ODky/catalog/series/hlu.json
🔄 Attempt 1/3 for hulu
🚀 Quick batch loaded: 7 items for disney
🔍 Starting catalog fetch for disney from: https://7a82163c306e-stremio-netflix-catalog-addon.baby-beamup.club/bmZ4LGRucCxhbXAsYXRwLGhibSxwbXAscGNwLGhsdSxjcnUsZHBlLHN0eixzc3Q6OjoxNzYzMjQxMzc5ODky/catalog/series/dnp.json
🔄 Attempt 1/3 for disney
💾 Cache SET: Catalog[quick_series_top.json_7] (7 items)
🚀 Quick batch loaded: 7 items for appleTv
🔍 Starting catalog fetch for appleTv from: https://7a82163c306e-stremio-netflix-catalog-addon.baby-beamup.club/bmZ4LGRucCxhbXAsYXRwLGhibSxwbXAscGNwLGhsdSxjcnUsZHBlLHN0eixzc3Q6OjoxNzYzMjQxMzc5ODky/catalog/series/atp.json
🔄 Attempt 1/3 for appleTv
🚀 Quick batch loaded: 7 items for peacock
🔍 Starting catalog fetch for peacock from: https://7a82163c306e-stremio-netflix-catalog-addon.baby-beamup.club/bmZ4LGRucCxhbXAsYXRwLGhibSxwbXAscGNwLGhsdSxjcnUsZHBlLHN0eixzc3Q6OjoxNzYzMjQxMzc5ODky/catalog/series/pcp.json
🔄 Attempt 1/3 for peacock
🚀 Quick batch loaded: 7 items for prime
🔍 Starting catalog fetch for prime from: https://7a82163c306e-stremio-netflix-catalog-addon.baby-beamup.club/bmZ4LGRucCxhbXAsYXRwLGhibSxwbXAscGNwLGhsdSxjcnUsZHBlLHN0eixzc3Q6OjoxNzYzMjQxMzc5ODky/catalog/series/amp.json
🔄 Attempt 1/3 for prime
🚀 Quick batch loaded: 7 items for showtime
🔍 Starting catalog fetch for showtime from: https://7a82163c306e-stremio-netflix-catalog-addon.baby-beamup.club/bmZ4LGRucCxhbXAsYXRwLGhibSxwbXAscGNwLGhsdSxjcnUsZHBlLHN0eixzc3Q6OjoxNzYzMjQxMzc5ODky/catalog/series/sst.json
🔄 Attempt 1/3 for showtime
🚀 Quick batch loaded: 7 items for hbo
🔍 Starting catalog fetch for hbo from: https://7a82163c306e-stremio-netflix-catalog-addon.baby-beamup.club/bmZ4LGRucCxhbXAsYXRwLGhibSxwbXAscGNwLGhsdSxjcnUsZHBlLHN0eixzc3Q6OjoxNzYzMjQxMzc5ODky/catalog/series/hbm.json
🔄 Attempt 1/3 for hbo
🚀 Quick batch loaded: 7 items for paramount
🔍 Starting catalog fetch for paramount from: https://7a82163c306e-stremio-netflix-catalog-addon.baby-beamup.club/bmZ4LGRucCxhbXAsYXRwLGhibSxwbXAscGNwLGhsdSxjcnUsZHBlLHN0eixzc3Q6OjoxNzYzMjQxMzc5ODky/catalog/series/pmp.json
🔄 Attempt 1/3 for paramount
🚀 Quick batch loaded: 7 items for netflix
🔍 Starting catalog fetch for netflix from: https://7a82163c306e-stremio-netflix-catalog-addon.baby-beamup.club/bmZ4LGRucCxhbXAsYXRwLGhibSxwbXAscGNwLGhsdSxjcnUsZHBlLHN0eixzc3Q6OjoxNzYzMjQxMzc5ODky/catalog/series/nfx.json
🔄 Attempt 1/3 for netflix
📊 Using fixed catalog size: 15 items
✅ Attempt 1 successful for starz
✅ Successfully fetched 15 items for starz from primary service
📦 Full batch loaded: 15 items for starz
✅ Progressive loading completed for starz
🚀 Quick batch loaded: 7 items for trending
🗑️ Cache evicted 6 items
💾 Cache SET: Catalog[catalog_series_hlu.json] (15 items)
💾 Cache SET: Catalog[catalog_series_dnp.json] (15 items)
💾 Cache SET: Catalog[catalog_series_atp.json] (15 items)
💾 Cache SET: Catalog[catalog_series_pcp.json] (15 items)
💾 Cache SET: Catalog[catalog_series_amp.json] (15 items)
💾 Cache SET: Catalog[catalog_series_sst.json] (15 items)
🗑️ Cache evicted 6 items
💾 Cache SET: Catalog[catalog_series_hbm.json] (15 items)
💾 Cache SET: Catalog[catalog_series_pmp.json] (15 items)
💾 Cache SET: Catalog[catalog_series_nfx.json] (15 items)
🖼️ [CACHE] Cached image data for key: https://images.justwatch.com/poster/253355386/s332/img (40400 bytes)
📊 Using fixed catalog size: 15 items
✅ Attempt 1 successful for hulu
✅ Successfully fetched 15 items for hulu from primary service
📦 Full batch loaded: 15 items for hulu
✅ Progressive loading completed for hulu
📊 Using fixed catalog size: 15 items
✅ Attempt 1 successful for disney
✅ Successfully fetched 15 items for disney from primary service
📦 Full batch loaded: 15 items for disney
✅ Progressive loading completed for disney
🖼️ [CACHE] Cached image data for key: https://images.justwatch.com/poster/321537502/s332/img (37499 bytes)
📊 Using fixed catalog size: 15 items
💾 Cache SET: Catalog[catalog_series_top.json] (15 items)
✅ Attempt 1 successful for appleTv
✅ Successfully fetched 15 items for appleTv from primary service
📦 Full batch loaded: 15 items for appleTv
✅ Progressive loading completed for appleTv
📊 Using fixed catalog size: 15 items
✅ Attempt 1 successful for peacock
✅ Successfully fetched 15 items for peacock from primary service
📦 Full batch loaded: 15 items for peacock
✅ Progressive loading completed for peacock
📊 Using fixed catalog size: 15 items
✅ Attempt 1 successful for prime
✅ Successfully fetched 15 items for prime from primary service
📦 Full batch loaded: 15 items for prime
✅ Progressive loading completed for prime
📊 Using fixed catalog size: 15 items
✅ Attempt 1 successful for showtime
✅ Successfully fetched 15 items for showtime from primary service
📦 Full batch loaded: 15 items for showtime
✅ Progressive loading completed for showtime
📊 Using fixed catalog size: 15 items
✅ Attempt 1 successful for hbo
✅ Successfully fetched 15 items for hbo from primary service
📦 Full batch loaded: 15 items for hbo
✅ Progressive loading completed for hbo
📊 Using fixed catalog size: 15 items
✅ Attempt 1 successful for paramount
✅ Successfully fetched 15 items for paramount from primary service
📦 Full batch loaded: 15 items for paramount
✅ Progressive loading completed for paramount
📊 Using fixed catalog size: 15 items
✅ Attempt 1 successful for netflix
✅ Successfully fetched 15 items for netflix from primary service
📦 Full batch loaded: 15 items for netflix
✅ Progressive loading completed for netflix
🖼️ [CACHE] Cached image data for key: https://images.justwatch.com/poster/306867311/s332/img (42884 bytes)
🖼️ [CACHE] Cached image data for key: https://images.justwatch.com/poster/176075761/s332/img (55435 bytes)
🖼️ [CACHE] Cached image data for key: https://images.justwatch.com/poster/304408237/s332/img (62352 bytes)
🗑️ Cache evicted 10 items
🖼️ [CACHE] Cached image data for key: https://images.justwatch.com/poster/338378015/s332/img (56397 bytes)
🖼️ [CACHE] Cached image data for key: https://images.justwatch.com/poster/338473116/s332/img (57174 bytes)
📊 Using fixed catalog size: 15 items
📦 Full batch loaded: 15 items for trending
✅ Progressive loading completed for trending
⏭️ Skipping load for paramount - already loaded 15 items
🖼️ [CACHE] Cached image data for key: https://images.justwatch.com/poster/259327319/s332/img (56599 bytes)
🖼️ [CACHE] Cached image data for key: https://images.justwatch.com/poster/326902644/s332/img (24964 bytes)
🖼️ [CACHE] Cached image data for key: https://images.justwatch.com/poster/336789164/s332/img (34421 bytes)
🖼️ [CACHE] Cached image data for key: https://images.justwatch.com/poster/335509310/s332/img (42276 bytes)
🖼️ [CACHE] Cached image data for key: https://images.justwatch.com/poster/327435051/s332/img (46694 bytes)
⏭️ Skipping load for hulu - already loaded 15 items
🖼️ [CACHE] Cached image data for key: https://images.justwatch.com/poster/336772986/s332/img (46193 bytes)
🖼️ [CACHE] Cached image data for key: https://images.justwatch.com/poster/335648278/s332/img (32406 bytes)
🖼️ [CACHE] Cached image data for key: https://images.justwatch.com/poster/301432214/s332/img (56997 bytes)
🗑️ Cache evicted 10 items
🖼️ [CACHE] Cached image data for key: https://images.justwatch.com/poster/177879598/s332/img (48521 bytes)
🖼️ [CACHE] Cached image data for key: https://images.justwatch.com/poster/301988362/s332/img (46214 bytes)
🖼️ [CACHE] Cached image data for key: https://images.justwatch.com/poster/311327470/s332/img (39175 bytes)
🖼️ [CACHE] Cached image data for key: https://images.justwatch.com/poster/151579076/s332/img (40392 bytes)
🖼️ [CACHE] Cached image data for key: https://images.justwatch.com/poster/320893741/s332/img (36785 bytes)
🖼️ [CACHE] Cached image data for key: https://images.justwatch.com/poster/334446203/s332/img (35852 bytes)
🖼️ [CACHE] Cached image data for key: https://images.justwatch.com/poster/338958118/s332/img (55678 bytes)
🖼️ [CACHE] Cached image data for key: https://images.justwatch.com/poster/336576552/s332/img (49934 bytes)
🖼️ [CACHE] Cached image data for key: https://images.justwatch.com/poster/321593477/s332/img (49675 bytes)
🖼️ [CACHE] Cached image data for key: https://images.justwatch.com/poster/311327470/s332/img (39175 bytes)
🖼️ [CACHE] Cached image data for key: https://images.justwatch.com/poster/338958118/s332/img (55678 bytes)
🖼️ [CACHE] Cached image data for key: https://images.justwatch.com/poster/320215987/s332/img (43344 bytes)
🗑️ Cache evicted 10 items
🖼️ [CACHE] Cached image data for key: https://images.justwatch.com/poster/337956403/s332/img (48842 bytes)
🖼️ [CACHE] Cached image data for key: https://images.justwatch.com/poster/338092074/s332/img (38217 bytes)
🖼️ [CACHE] Cached image data for key: https://images.justwatch.com/poster/337328350/s332/img (49236 bytes)
🖼️ [CACHE] Cached image data for key: https://images.justwatch.com/poster/336692513/s332/img (32563 bytes)
🖼️ [CACHE] Cached image data for key: https://images.justwatch.com/poster/322704040/s332/img (31597 bytes)
🖼️ [CACHE] Cached image data for key: https://images.justwatch.com/poster/339014630/s332/img (36290 bytes)
🖼️ [CACHE] Cached image data for key: https://images.justwatch.com/poster/162759783/s332/img (46109 bytes)
🖼️ [CACHE] Cached image data for key: https://images.justwatch.com/poster/176049752/s332/img (33637 bytes)
🖼️ [CACHE] Cached image data for key: https://images.justwatch.com/poster/309999241/s332/img (49875 bytes)
🖼️ [CACHE] Cached image data for key: https://images.justwatch.com/poster/243933917/s332/img (33882 bytes)
🗑️ Cache evicted 10 items
🖼️ [CACHE] Cached image data for key: https://images.justwatch.com/poster/334446203/s332/img (35852 bytes)
🖼️ [CACHE] Cached image data for key: https://images.justwatch.com/poster/322602297/s332/img (33251 bytes)
🖼️ [CACHE] Cached image data for key: https://images.justwatch.com/poster/307709934/s332/img (31284 bytes)
🖼️ [CACHE] Cached image data for key: https://images.justwatch.com/poster/176952715/s332/img (44100 bytes)
🖼️ [CACHE] Cached image data for key: https://images.justwatch.com/poster/338975332/s332/img (49045 bytes)
🖼️ [CACHE] Cached image data for key: https://images.justwatch.com/poster/339834760/s332/img (42669 bytes)
🖼️ [CACHE] Cached image data for key: https://images.justwatch.com/poster/338092074/s332/img (38217 bytes)
🖼️ [CACHE] Cached image data for key: https://images.justwatch.com/poster/340331087/s332/img (56044 bytes)
🖼️ [CACHE] Cached image data for key: https://images.justwatch.com/poster/334848715/s332/img (40783 bytes)
🖼️ [CACHE] Cached image data for key: https://images.justwatch.com/poster/333986989/s332/img (39860 bytes)
🖼️ [CACHE] Cached image data for key: https://images.justwatch.com/poster/244244939/s332/img (57862 bytes)
🖼️ [CACHE] Cached image data for key: https://images.justwatch.com/poster/285361370/s332/img (43469 bytes)
🗑️ Cache evicted 10 items
🖼️ [CACHE] Cached image data for key: https://images.justwatch.com/poster/340313716/s332/img (55259 bytes)
🖼️ [CACHE] Cached image data for key: https://images.justwatch.com/poster/336772986/s332/img (46193 bytes)
🖼️ [CACHE] Cached image data for key: https://images.justwatch.com/poster/335563570/s332/img (58012 bytes)
🖼️ [CACHE] Cached image data for key: https://images.justwatch.com/poster/309999241/s332/img (49875 bytes)
🖼️ [CACHE] Cached image data for key: https://images.justwatch.com/poster/312155183/s332/img (72190 bytes)
🖼️ [CACHE] Cached image data for key: https://images.justwatch.com/poster/134630249/s332/img (60512 bytes)
🖼️ [CACHE] Cached image data for key: https://images.justwatch.com/poster/338542807/s332/img (51731 bytes)
🖼️ [CACHE] Cached image data for key: https://images.justwatch.com/poster/306986191/s332/img (41759 bytes)
🖼️ [CACHE] Cached image data for key: https://images.justwatch.com/poster/177294807/s332/img (48851 bytes)
🖼️ [CACHE] Cached image data for key: https://images.justwatch.com/poster/337637518/s332/img (50290 bytes)
🖼️ [CACHE] Cached image data for key: https://images.justwatch.com/poster/307016151/s332/img (56678 bytes)
🗑️ Cache evicted 10 items
🖼️ [CACHE] Cached image data for key: https://images.justwatch.com/poster/177971916/s332/img (60808 bytes)
🖼️ [CACHE] Cached image data for key: https://images.justwatch.com/poster/335510962/s332/img (62199 bytes)
🖼️ [CACHE] Cached image data for key: https://images.justwatch.com/poster/338428328/s332/img (54148 bytes)
🖼️ [CACHE] Cached image data for key: https://images.justwatch.com/poster/20119645/s332/img (65966 bytes)
🖼️ [CACHE] Cached image data for key: https://images.metahub.space/poster/small/tt4574334/img (39579 bytes)
🖼️ [CACHE] Cached image data for key: https://images.metahub.space/poster/small/tt12637874/img (25872 bytes)
🖼️ [CACHE] Cached image data for key: https://images.metahub.space/poster/small/tt19244304/img (26249 bytes)
🖼️ [CACHE] Cached image data for key: https://images.justwatch.com/poster/177668283/s332/img (35765 bytes)
🖼️ [CACHE] Cached image data for key: https://images.justwatch.com/poster/301432214/s332/img (56997 bytes)
🖼️ [CACHE] Cached image data for key: https://images.justwatch.com/poster/313866771/s332/img (63131 bytes)
🗑️ Cache evicted 10 items
🖼️ [CACHE] Cached image data for key: https://images.justwatch.com/poster/199750248/s332/img (71385 bytes)
🖼️ [CACHE] Cached image data for key: https://images.justwatch.com/poster/338229669/s332/img (65920 bytes)
🖼️ [CACHE] Cached image data for key: https://images.justwatch.com/poster/247944420/s332/img (47785 bytes)
🖼️ [CACHE] Cached image data for key: https://images.metahub.space/poster/small/tt35495073/img (35960 bytes)
🖼️ [CACHE] Cached image data for key: https://images.metahub.space/poster/small/tt8962124/img (37781 bytes)
🖼️ [CACHE] Cached image data for key: https://images.metahub.space/poster/small/tt14186672/img (26538 bytes)
🖼️ [CACHE] Cached image data for key: https://images.metahub.space/poster/small/tt22202452/img (22451 bytes)
⏭️ Skipping load for peacock - already loaded 15 items
⏭️ Skipping load for starz - already loaded 15 items
⏭️ Skipping load for showtime - already loaded 15 items
⏭️ Skipping load for discovery - already loaded 15 items
✅ Smart reload completed
🛑 BrowseView disappeared - cancelled all ongoing tasks
💓 Heartbeat sent
💓 Heartbeat sent
📨 Received: {"ref":"5","event":"phx_reply","payload":{"status":"ok","response":{}},"topic":"phoenix"}
📨 Received: {"ref":"17","event":"phx_reply","payload":{"status":"ok","response":{}},"topic":"phoenix"}
🔍 Loading metadata for: Dexter (type: series, id: tt0773262)
[ INFO ] GET /api/metadata/meta/series/tt0773262 [request-id: EC9A58E2-99AF-449E-B297-DD75FB84907A]
2025-12-23 11:57:39.191 RedLemon[7693:69505] 📦 Decoded CinemetaMeta - videos count: 125
2025-12-23 11:57:39.192 RedLemon[7693:68193] ✅ Metadata loaded successfully
2025-12-23 11:57:39.192 RedLemon[7693:68193]    Type: series
2025-12-23 11:57:39.192 RedLemon[7693:68193]    Background URL: https://images.metahub.space/background/medium/tt0773262/img
2025-12-23 11:57:39.192 RedLemon[7693:68193]    Poster URL: https://images.metahub.space/poster/small/tt0773262/img
2025-12-23 11:57:39.192 RedLemon[7693:68193]    Videos array: 125 episodes
2025-12-23 11:57:39.193 RedLemon[7693:68193]    - S1E1: Dexter
2025-12-23 11:57:39.193 RedLemon[7693:68193]    - S1E2: Crocodile
2025-12-23 11:57:39.193 RedLemon[7693:68193]    - S1E3: Popping Cherry
2025-12-23 11:57:39.193 RedLemon[7693:68193]    - S1E4: Let's Give the Boy a Hand
2025-12-23 11:57:39.193 RedLemon[7693:68193]    - S1E5: Love American Style
2025-12-23 11:57:39.194 RedLemon[7693:68193] 📺 Found 8 seasons with 125 total episodes
2025-12-23 11:57:46.534 RedLemon[7693:68193] 🎬 Creating Watch Party for: Dexter
2025-12-23 11:57:46.535 RedLemon[7693:69631] Background: ⏳ Starting room creation (Unstructured Race)...
2025-12-23 11:57:46.535 RedLemon[7693:68593] Background: ▶️ createRoom task started (Direct Singleton Access)
2025-12-23 11:57:46.536 RedLemon[7693:68593] 🎬 SupabaseClient: createRoom called for id: LGG3 - ENTRY
2025-12-23 11:57:46.537 RedLemon[7693:68593] 🎬 SupabaseClient: Creating room 'LGG3' for host 'ursinho'...
2025-12-23 11:57:46.693 RedLemon[7693:69631] ✅ SupabaseClient: Room creation request completed (received response)
2025-12-23 11:57:46.694 RedLemon[7693:69631] Background: ✅ createRoom task finished
💾 Cache SET: Metadata[meta_series_tt0773262]
📺 Season 1 has 12 episodes
📨 Received: {"ref":null,"event":"presence_diff","payload":{"joins":{"cad02b74-e01f-11f0-bae9-0a58a9feac02":{"metas":[{"phx_ref":"GIPmoXT_zQgrgfNO","phx_ref_prev":"GIPmnlugu-orge6N","last_seen":"2025-12-23T16:57:39.809Z","status":"Browsing","user_id":"96e01cdb-36c0-4228-a6e4-a29a3c66bc8e","username":"lemontom"}]}},"leaves":{"cad02b74-e01f-11f0-bae9-0a58a9feac02":{"metas":[{"phx_ref":"GIPmnlugu-orge6N","phx_ref_prev":"GIPmnlueNmorgVrL","last_seen":"2025-12-23T16:57:26.507Z","status":"Browsing","user_id":"96e01cdb-36c0-4228-a6e4-a29a3c66bc8e","username":"lemontom"}]}}},"topic":"realtime:global-presence"}
📺 Season 5 has 12 episodes
📨 Received: {"ref":"18","event":"phx_reply","payload":{"status":"ok","response":{}},"topic":"realtime:global-presence"}
📨 Received: {"ref":null,"event":"presence_diff","payload":{"joins":{"2151249e-e020-11f0-a0a1-0a58a9feac02":{"metas":[{"phx_ref":"GIPmoqYhZkkQ-GxC","phx_ref_prev":"GIPmn5gU5bIQ-IgQ","last_seen":"2025-12-23T16:57:44.974Z","status":"Browsing","user_id":"656daa91-33b4-4688-9135-c982ea52d7c9","username":"ursinho"}]}},"leaves":{"2151249e-e020-11f0-a0a1-0a58a9feac02":{"metas":[{"phx_ref":"GIPmn5gU5bIQ-IgQ","phx_ref_prev":"GIPmnvBoGyYQ-CWM","last_seen":"2025-12-23T16:57:31.831Z","status":"Browsing","user_id":"656daa91-33b4-4688-9135-c982ea52d7c9","username":"ursinho"}]}}},"topic":"realtime:global-presence"}
🔍 Supabase Response for /rooms: [{"id":"LGG3","name":"Dexter","host_user_id":"656daa91-33b4-4688-9135-c982ea52d7c9","host_username":"ursinho","stream_hash":null,"imdb_id":"tt0773262","poster_url":"https://images.metahub.space/poster/small/tt0773262/img","backdrop_url":"https://images.metahub.space/background/medium/tt0773262/img","playback_position":0,"is_playing":false,"participants_count":1,"max_participants":50,"is_public":true,"created_at":"2025-12-23T16:57:46.773918","last_activity":"2025-12-23T16:57:46","season":5,"episode":1,"selected_quality":null,"selected_file_idx":null,"unlocked_stream_url":null,"description":null,"current_playlist_index":0,"playlist":[],"subtitle_url":null}]
🎭 Lobby: Connecting to room LGG3...
🚦 Lobby State: connecting
✅ Cache HIT: Metadata[meta_series_tt0773262]
🔄 Lobby: Fetching fresh room state from Supabase...
🛑 Lobby: Host explicitly clearing playback state in DB to prevent autoplay loop
[ INFO ] GET /api/metadata/meta/series/tt0773262 [request-id: 33784CD3-C367-4E45-A689-C0920A52C2CC]
2025-12-23 11:57:47.081 RedLemon[7693:68593] ⚠️ SupabaseClient: User already in room (409), proceeding...
2025-12-23 11:57:47.084 RedLemon[7693:69055] 📡 SupabaseClient: updateRoomPlaylist called for room LGG3 with 1 items, index: 0
2025-12-23 11:57:47.085 RedLemon[7693:68193] ✅ Host re-joined room LGG3 in database (refreshing presence)
2025-12-23 11:57:47.131 RedLemon[7693:68193] 📨 Lobby: Received Room UPDATE from Realtime
2025-12-23 11:57:47.131 RedLemon[7693:68193] 📨 Lobby: Received Room UPDATE from Realtime
2025-12-23 11:57:47.156 RedLemon[7693:68593] ✅ SupabaseClient: Playlist updated successfully
2025-12-23 11:57:47.276 RedLemon[7693:68193] 📨 Lobby: Received Room UPDATE from Realtime
2025-12-23 11:57:47.276 RedLemon[7693:68193] 📨 Lobby: Received Room UPDATE from Realtime
📨 Received: {"ref":"19","event":"phx_reply","payload":{"status":"ok","response":{}},"topic":"realtime:global-presence"}
📨 Received: {"ref":null,"event":"presence_diff","payload":{"joins":{"2151249e-e020-11f0-a0a1-0a58a9feac02":{"metas":[{"phx_ref":"GIPmoxwBRLgQ-BrD","phx_ref_prev":"GIPmoqYhZkkQ-GxC","last_seen":"2025-12-23T16:57:46.946Z","room_id":"LGG3","started_at":"2025-12-23T16:57:46.946Z","status":"In Lobby: Dexter","user_id":"656daa91-33b4-4688-9135-c982ea52d7c9","username":"ursinho","watching_id":"tt0773262","watching_title":"Dexter","watching_type":"series"}]}},"leaves":{"2151249e-e020-11f0-a0a1-0a58a9feac02":{"metas":[{"phx_ref":"GIPmoqYhZkkQ-GxC","phx_ref_prev":"GIPmn5gU5bIQ-IgQ","last_seen":"2025-12-23T16:57:44.974Z","status":"Browsing","user_id":"656daa91-33b4-4688-9135-c982ea52d7c9","username":"ursinho"}]}}},"topic":"realtime:global-presence"}
📡 SocialService: Updated status - In Lobby: Dexter: Dexter
🔌 Setting up Realtime channel: watch-party:LGG3
   Role: Host
   User ID: 656daa91-33b4-4688-9135-c982ea52d7c9
📡 Connection state: connecting
📡 Joined channel: realtime:watch-party:LGG3
📡 Connection state: connected
✅ Realtime channel setup complete
✅ Lobby: Connected to Realtime
🔍 Supabase Response for /rooms: [{"id":"LGG3","name":"Dexter","host_user_id":"656daa91-33b4-4688-9135-c982ea52d7c9","host_username":"ursinho","stream_hash":null,"imdb_id":"tt0773262","poster_url":"https://images.metahub.space/poster/small/tt0773262/img","backdrop_url":"https://images.metahub.space/background/medium/tt0773262/img","playback_position":0,"is_playing":false,"participants_count":1,"max_participants":50,"is_public":true,"created_at":"2025-12-23T16:57:46.773918","last_activity":"2025-12-23T16:57:46.858793","season":5,"episode":1,"selected_quality":null,"selected_file_idx":null,"unlocked_stream_url":null,"description":null,"current_playlist_index":0,"playlist":[],"subtitle_url":null}]
✅ Lobby: Synced playlist with 0 items
✅ Lobby: Synced playlist index to 0
✅ Lobby: Synced stream info & playlist to AppState
🆕 Lobby: Auto-adding initial item to playlist: Dexter
📨 Received: {"ref":"499A507E-5C95-41E3-B8BD-FCA7EB025897","event":"phx_reply","payload":{"status":"ok","response":{"postgres_changes":[{"id":67457933,"event":"*","filter":"id=eq.LGG3","schema":"public","table":"rooms"}]}},"topic":"realtime:watch-party:LGG3"}
📨 Received: {"ref":null,"event":"system","payload":{"message":"Subscribed to PostgreSQL","status":"ok","extension":"postgres_changes","channel":"watch-party:LGG3"},"topic":"realtime:watch-party:LGG3"}
📨 Received: {"ref":null,"event":"presence_state","payload":{},"topic":"realtime:watch-party:LGG3"}
📨 Received: {"ref":"10","event":"phx_reply","payload":{"status":"ok","response":{}},"topic":"realtime:watch-party:LGG3"}
📨 Received: {"ref":null,"event":"presence_diff","payload":{"joins":{"81e5b504-e020-11f0-9501-0a58a9feac02":{"metas":[{"phx_ref":"GIPmoyA2db18VpRI","is_host":true,"joined_at":1766509066.997272,"user_id":"656daa91-33b4-4688-9135-c982ea52d7c9","username":"ursinho"}]}},"leaves":{}},"topic":"realtime:watch-party:LGG3"}
❌ Supabase error (409): {"code":"23505","details":null,"hint":null,"message":"duplicate key value violates unique constraint \"room_participants_pkey\""}
🔍 Supabase Response for /rooms: [{"id":"LGG3","name":"Dexter","host_user_id":"656daa91-33b4-4688-9135-c982ea52d7c9","host_username":"ursinho","stream_hash":null,"imdb_id":"tt0773262","poster_url":"https://images.metahub.space/poster/small/tt0773262/img","backdrop_url":"https://images.metahub.space/background/medium/tt0773262/img","playback_position":0,"is_playing":false,"participants_count":1,"max_participants":50,"is_public":true,"created_at":"2025-12-23T16:57:46.773918","last_activity":"2025-12-23T16:57:46","season":5,"episode":1,"selected_quality":null,"selected_file_idx":null,"unlocked_stream_url":null,"description":null,"current_playlist_index":0,"playlist":[],"subtitle_url":null}]
🔌 Setting up Realtime channel: watch-party:LGG3
   Role: Host
   User ID: 656daa91-33b4-4688-9135-c982ea52d7c9
📡 Connection state: connecting
ℹ️ Already joined channel watch-party:LGG3, skipping join
📡 Connection state: connected
✅ Realtime channel setup complete
✅ Lobby: Connected to Realtime
📨 Received: {"ref":null,"event":"postgres_changes","payload":{"data":{"table":"rooms","type":"UPDATE","record":{"id": "LGG3", "name": "Dexter", "season": 5, "episode": 1, "imdb_id": "tt0773262", "playlist": [], "is_public": true, "created_at": "2025-12-23T16:57:46.773918", "is_playing": false, "poster_url": "https://images.metahub.space/poster/small/tt0773262/img", "description": null, "stream_hash": null, "backdrop_url": "https://images.metahub.space/background/medium/tt0773262/img", "host_user_id": "656daa91-33b4-4688-9135-c982ea52d7c9", "subtitle_url": null, "host_username": "ursinho", "last_activity": "2025-12-23T16:57:46", "max_participants": 50, "selected_quality": null, "playback_position": 0, "selected_file_idx": null, "participants_count": 1, "unlocked_stream_url": null, "current_playlist_index": 0},"columns":[{"name": "id", "type": "text"}, {"name": "name", "type": "text"}, {"name": "host_user_id", "type": "uuid"}, {"name": "host_username", "type": "text"}, {"name": "stream_hash", "type": "text"}, {"name": "imdb_id", "type": "text"}, {"name": "poster_url", "type": "text"}, {"name": "backdrop_url", "type": "text"}, {"name": "playback_position", "type": "int4"}, {"name": "is_playing", "type": "bool"}, {"name": "participants_count", "type": "int4"}, {"name": "max_participants", "type": "int4"}, {"name": "is_public", "type": "bool"}, {"name": "created_at", "type": "timestamp"}, {"name": "last_activity", "type": "timestamp"}, {"name": "season", "type": "int4"}, {"name": "episode", "type": "int4"}, {"name": "selected_quality", "type": "text"}, {"name": "selected_file_idx", "type": "int4"}, {"name": "unlocked_stream_url", "type": "text"}, {"name": "description", "type": "text"}, {"name": "current_playlist_index", "type": "int4"}, {"name": "playlist", "type": "jsonb"}, {"name": "subtitle_url", "type": "text"}],"errors":null,"schema":"public","commit_timestamp":"2025-12-23T16:57:47.176Z","old_record":{"id": "LGG3"}},"ids":[67457933]},"topic":"realtime:watch-party:LGG3"}
🚦 Lobby State: connected
🔄 Lobby: Fetching fresh room state from Supabase...
🔄 Lobby: Fetching fresh room state from Supabase...
🔍 [DEBUG] Creating MediaItem from CinemetaMeta
🔍 [DEBUG] meta.itemId: tt0773262
🔍 [DEBUG] meta.type: series
🔍 [DEBUG] meta.name: Dexter
🔍 [DEBUG] Successfully created MediaItem from meta: Dexter
🔄 Lobby: Starting database polling for participants and room state...
💓 Lobby: Starting heartbeat loop...
📨 Received: {"ref":"11","event":"phx_reply","payload":{"status":"ok","response":{}},"topic":"realtime:watch-party:LGG3"}
📨 Received: {"ref":null,"event":"presence_diff","payload":{"joins":{"81e5b504-e020-11f0-9501-0a58a9feac02":{"metas":[{"phx_ref":"GIPmoyUryCF8VmYK","phx_ref_prev":"GIPmoyA2db18VpRI","is_host":true,"joined_at":1766509067.100565,"user_id":"656daa91-33b4-4688-9135-c982ea52d7c9","username":"ursinho"}]}},"leaves":{"81e5b504-e020-11f0-9501-0a58a9feac02":{"metas":[{"phx_ref":"GIPmoyA2db18VpRI","is_host":true,"joined_at":1766509066.997272,"user_id":"656daa91-33b4-4688-9135-c982ea52d7c9","username":"ursinho"}]}}},"topic":"realtime:watch-party:LGG3"}
🔍 Supabase Response for /rooms: [{"id":"LGG3","name":"Dexter","host_user_id":"656daa91-33b4-4688-9135-c982ea52d7c9","host_username":"ursinho","stream_hash":null,"imdb_id":"tt0773262","poster_url":"https://images.metahub.space/poster/small/tt0773262/img","backdrop_url":"https://images.metahub.space/background/medium/tt0773262/img","playback_position":0,"is_playing":false,"participants_count":1,"max_participants":50,"is_public":true,"created_at":"2025-12-23T16:57:46.773918","last_activity":"2025-12-23T16:57:46","season":5,"episode":1,"selected_quality":null,"selected_file_idx":null,"unlocked_stream_url":null,"description":null,"current_playlist_index":0,"playlist":[{"id": "55EB824E-268B-438A-BB0B-368078D3E3F3", "season": 5, "episode": 1, "mediaItem": {"id": "tt0773262", "logo": "https://images.metahub.space/logo/medium/tt0773262/img", "name": "Dexter", "type": "series", "year": "2006–2013", "genres": ["Crime", "Drama", "Mystery"], "poster": "https://images.metahub.space/poster/small/tt0773262/img", "runtime": "53 min", "background": "https://images.metahub.space/background/medium/tt0773262/img", "imdbRating": "8.6", "description": "He's smart. He's lovable. He's Dexter Morgan, America's favorite serial killer, who spends his days solving crimes and his nights committing them.", "releaseInfo": "2006–2013"}}],"subtitle_url":null}]
✅ Lobby: Loaded metadata for Dexter
✅ Lobby: Persisted initial playlist item
🔍 Supabase Response for /rooms: [{"id":"LGG3","name":"Dexter","host_user_id":"656daa91-33b4-4688-9135-c982ea52d7c9","host_username":"ursinho","stream_hash":null,"imdb_id":"tt0773262","poster_url":"https://images.metahub.space/poster/small/tt0773262/img","backdrop_url":"https://images.metahub.space/background/medium/tt0773262/img","playback_position":0,"is_playing":false,"participants_count":1,"max_participants":50,"is_public":true,"created_at":"2025-12-23T16:57:46.773918","last_activity":"2025-12-23T16:57:46","season":5,"episode":1,"selected_quality":null,"selected_file_idx":null,"unlocked_stream_url":null,"description":null,"current_playlist_index":0,"playlist":[{"id": "55EB824E-268B-438A-BB0B-368078D3E3F3", "season": 5, "episode": 1, "mediaItem": {"id": "tt0773262", "logo": "https://images.metahub.space/logo/medium/tt0773262/img", "name": "Dexter", "type": "series", "year": "2006–2013", "genres": ["Crime", "Drama", "Mystery"], "poster": "https://images.metahub.space/poster/small/tt0773262/img", "runtime": "53 min", "background": "https://images.metahub.space/background/medium/tt0773262/img", "imdbRating": "8.6", "description": "He's smart. He's lovable. He's Dexter Morgan, America's favorite serial killer, who spends his days solving crimes and his nights committing them.", "releaseInfo": "2006–2013"}}],"subtitle_url":null}]
🔍 Supabase Response for /rooms: [{"id":"LGG3","name":"Dexter","host_user_id":"656daa91-33b4-4688-9135-c982ea52d7c9","host_username":"ursinho","stream_hash":null,"imdb_id":"tt0773262","poster_url":"https://images.metahub.space/poster/small/tt0773262/img","backdrop_url":"https://images.metahub.space/background/medium/tt0773262/img","playback_position":0,"is_playing":false,"participants_count":1,"max_participants":50,"is_public":true,"created_at":"2025-12-23T16:57:46.773918","last_activity":"2025-12-23T16:57:46","season":5,"episode":1,"selected_quality":null,"selected_file_idx":null,"unlocked_stream_url":null,"description":null,"current_playlist_index":0,"playlist":[{"id": "55EB824E-268B-438A-BB0B-368078D3E3F3", "season": 5, "episode": 1, "mediaItem": {"id": "tt0773262", "logo": "https://images.metahub.space/logo/medium/tt0773262/img", "name": "Dexter", "type": "series", "year": "2006–2013", "genres": ["Crime", "Drama", "Mystery"], "poster": "https://images.metahub.space/poster/small/tt0773262/img", "runtime": "53 min", "background": "https://images.metahub.space/background/medium/tt0773262/img", "imdbRating": "8.6", "description": "He's smart. He's lovable. He's Dexter Morgan, America's favorite serial killer, who spends his days solving crimes and his nights committing them.", "releaseInfo": "2006–2013"}}],"subtitle_url":null}]
✅ Lobby: Synced playlist with 1 items
✅ Lobby: Synced playlist index to 0
✅ Lobby: Synced stream info & playlist to AppState
✅ Lobby: Synced playlist with 1 items
✅ Lobby: Synced playlist index to 0
✅ Lobby: Synced stream info & playlist to AppState
📨 Received: {"ref":null,"event":"postgres_changes","payload":{"data":{"table":"rooms","type":"UPDATE","record":{"id": "LGG3", "name": "Dexter", "season": 5, "episode": 1, "imdb_id": "tt0773262", "playlist": [{"id": "55EB824E-268B-438A-BB0B-368078D3E3F3", "season": 5, "episode": 1, "mediaItem": {"id": "tt0773262", "logo": "https://images.metahub.space/logo/medium/tt0773262/img", "name": "Dexter", "type": "series", "year": "2006–2013", "genres": ["Crime", "Drama", "Mystery"], "poster": "https://images.metahub.space/poster/small/tt0773262/img", "runtime": "53 min", "background": "https://images.metahub.space/background/medium/tt0773262/img", "imdbRating": "8.6", "description": "He's smart. He's lovable. He's Dexter Morgan, America's favorite serial killer, who spends his days solving crimes and his nights committing them.", "releaseInfo": "2006–2013"}}], "is_public": true, "created_at": "2025-12-23T16:57:46.773918", "is_playing": false, "poster_url": "https://images.metahub.space/poster/small/tt0773262/img", "description": null, "stream_hash": null, "backdrop_url": "https://images.metahub.space/background/medium/tt0773262/img", "host_user_id": "656daa91-33b4-4688-9135-c982ea52d7c9", "subtitle_url": null, "host_username": "ursinho", "last_activity": "2025-12-23T16:57:46", "max_participants": 50, "selected_quality": null, "playback_position": 0, "selected_file_idx": null, "participants_count": 1, "unlocked_stream_url": null, "current_playlist_index": 0},"columns":[{"name": "id", "type": "text"}, {"name": "name", "type": "text"}, {"name": "host_user_id", "type": "uuid"}, {"name": "host_username", "type": "text"}, {"name": "stream_hash", "type": "text"}, {"name": "imdb_id", "type": "text"}, {"name": "poster_url", "type": "text"}, {"name": "backdrop_url", "type": "text"}, {"name": "playback_position", "type": "int4"}, {"name": "is_playing", "type": "bool"}, {"name": "participants_count", "type": "int4"}, {"name": "max_participants", "type": "int4"}, {"name": "is_public", "type": "bool"}, {"name": "created_at", "type": "timestamp"}, {"name": "last_activity", "type": "timestamp"}, {"name": "season", "type": "int4"}, {"name": "episode", "type": "int4"}, {"name": "selected_quality", "type": "text"}, {"name": "selected_file_idx", "type": "int4"}, {"name": "unlocked_stream_url", "type": "text"}, {"name": "description", "type": "text"}, {"name": "current_playlist_index", "type": "int4"}, {"name": "playlist", "type": "jsonb"}, {"name": "subtitle_url", "type": "text"}],"errors":null,"schema":"public","commit_timestamp":"2025-12-23T16:57:47.244Z","old_record":{"id": "LGG3"}},"ids":[67457933]},"topic":"realtime:watch-party:LGG3"}
🔄 Lobby: Fetching fresh room state from Supabase...
🔄 Lobby: Fetching fresh room state from Supabase...
🔍 Supabase Response for /rooms: [{"id":"LGG3","name":"Dexter","host_user_id":"656daa91-33b4-4688-9135-c982ea52d7c9","host_username":"ursinho","stream_hash":null,"imdb_id":"tt0773262","poster_url":"https://images.metahub.space/poster/small/tt0773262/img","backdrop_url":"https://images.metahub.space/background/medium/tt0773262/img","playback_position":0,"is_playing":false,"participants_count":1,"max_participants":50,"is_public":true,"created_at":"2025-12-23T16:57:46.773918","last_activity":"2025-12-23T16:57:46","season":5,"episode":1,"selected_quality":null,"selected_file_idx":null,"unlocked_stream_url":null,"description":null,"current_playlist_index":0,"playlist":[{"id": "55EB824E-268B-438A-BB0B-368078D3E3F3", "season": 5, "episode": 1, "mediaItem": {"id": "tt0773262", "logo": "https://images.metahub.space/logo/medium/tt0773262/img", "name": "Dexter", "type": "series", "year": "2006–2013", "genres": ["Crime", "Drama", "Mystery"], "poster": "https://images.metahub.space/poster/small/tt0773262/img", "runtime": "53 min", "background": "https://images.metahub.space/background/medium/tt0773262/img", "imdbRating": "8.6", "description": "He's smart. He's lovable. He's Dexter Morgan, America's favorite serial killer, who spends his days solving crimes and his nights committing them.", "releaseInfo": "2006–2013"}}],"subtitle_url":null}]
🔍 Supabase Response for /rooms: [{"id":"LGG3","name":"Dexter","host_user_id":"656daa91-33b4-4688-9135-c982ea52d7c9","host_username":"ursinho","stream_hash":null,"imdb_id":"tt0773262","poster_url":"https://images.metahub.space/poster/small/tt0773262/img","backdrop_url":"https://images.metahub.space/background/medium/tt0773262/img","playback_position":0,"is_playing":false,"participants_cou=== AttributeGraph: cycle detected through attribute 200824 ===
nt":1,"max_participants":50,"is_public":true,"created_at":"2025-12-23T16:57:46.773918","last_activity":"2025-12-23T16:57:46","season":5,"episode":1,"selected_quality":null,"selected_file_idx":null,"unlocked_stream_url":null,"description":null,"current_playlist_index":0,"playlist":[{"id": "55EB824E-268B-438A-BB0B-368078D3E3F3", "season": 5, "episode": 1, "mediaItem": {"id": "tt0773262", "logo": "https://images.metahub.space/logo/medium/tt0773262/img", "name": "Dexter", "type": "series", "year": "2006–2013", "genres": ["Crime", "Drama", "Mystery"], "poster": "https://images.metahub.space/poster/small/tt0773262/img", "runtime": "53 min", "background": "https://images.metahub.space/background/medium/tt0773262/img", "imdbRating": "8.6", "description": "He's smart. He's lovable. He's Dexter Morgan, America's favorite serial killer, who spends his days solving crimes and his nights committing them.", "releaseInfo": "2006–2013"}}],"subtitle_url":null}]
✅ Lobby: Synced playlist with 1 items
✅ Lobby: Synced playlist index to 0
✅ Lobby: Synced stream info & playlist to AppState
✅ Lobby: Synced playlist with 1 items
✅ Lobby: Synced playlist index to 0
✅ Lobby: Synced stream info & playlist to AppState
🔍 [DEBUG] searchMedia called with query: 'the', type: 'movie'
  API: GET http://127.0.0.1:47253/api/metadata/search?query=the&type=movie
[ INFO ] GET /api/metadata/search [request-id: F78E83AE-B77D-4A71-9CF0-FEC09918D581]
🔍 [DEBUG] Received 51948 bytes of data
  API: Response status 200
🔍 [DEBUG] Response preview: {"query":"the","rank":16.798220298220294,"cacheMaxAge":86400,"metas":[{"id":"tt27543632","imdb_id":"tt27543632","type":"movie","name":"The Housemaid","poster":"https://m.media-amazon.com/images/M/MV5B
🔍 [DEBUG] Primary JSON decoding successful
🔍 [DEBUG] Creating MediaItem from CinemetaSearchResult
🔍 [DEBUG] result.id: tt27543632
🔍 [DEBUG] result.type: movie
🔍 [DEBUG] result.name: The Housemaid
🔍 [DEBUG] Successfully created MediaItem: The Housemaid
🔍 [DEBUG] Creating MediaItem from CinemetaSearchResult
🔍 [DEBUG] result.id: tt29927663
🔍 [DEBUG] result.type: movie
🔍 [DEBUG] result.name: The Great Flood
🔍 [DEBUG] Successfully created MediaItem: The Great Flood
🔍 [DEBUG] Creating MediaItem from CinemetaSearchResult
🔍 [DEBUG] result.id: tt14107334
🔍 [DEBUG] result.type: movie
🔍 [DEBUG] result.name: The Running Man
🔍 [DEBUG] Successfully created MediaItem: The Running Man
🔍 [DEBUG] Creating MediaItem from CinemetaSearchResult
🔍 [DEBUG] result.id: tt2709692
🔍 [DEBUG] result.type: movie
🔍 [DEBUG] result.name: The Grinch
🔍 [DEBUG] Successfully created MediaItem: The Grinch
🔍 [DEBUG] Creating MediaItem from CinemetaSearchResult
🔍 [DEBUG] result.id: tt33764258
🔍 [DEBUG] result.type: movie
🔍 [DEBUG] result.name: The Odyssey
🔍 [DEBUG] Successfully created MediaItem: The Odyssey
🔍 [DEBUG] Creating MediaItem from CinemetaSearchResult
🔍 [DEBUG] result.id: tt0457939
🔍 [DEBUG] result.type: movie
🔍 [DEBUG] result.name: The Holiday
🔍 [DEBUG] Successfully created MediaItem: The Holiday
🔍 [DEBUG] Creating MediaItem from CinemetaSearchResult
🔍 [DEBUG] result.id: tt0111070
🔍 [DEBUG] result.type: movie
🔍 [DEBUG] result.name: The Santa Clause
🔍 [DEBUG] Successfully created MediaItem: The Santa Clause
🔍 [DEBUG] Creating MediaItem from CinemetaSearchResult
🔍 [DEBUG] result.id: tt23572848
🔍 [DEBUG] result.type: movie
🔍 [DEBUG] result.name: The SpongeBob Movie: Search for SquarePants
🔍 [DEBUG] Successfully created MediaItem: The SpongeBob Movie: Search for SquarePants
🔍 [DEBUG] Creating MediaItem from CinemetaSearchResult
🔍 [DEBUG] result.id: tt0338348
🔍 [DEBUG] result.type: movie
🔍 [DEBUG] result.name: The Polar Express
🔍 [DEBUG] Successfully created MediaItem: The Polar Express
🔍 [DEBUG] Creating MediaItem from CinemetaSearchResult
🔍 [DEBUG] result.id: tt32565993
🔍 [DEBUG] result.type: movie
🔍 [DEBUG] result.name: The Sheep Detectives
🔍 [DEBUG] Successfully created MediaItem: The Sheep Detectives
🔍 [DEBUG] Creating MediaItem from CinemetaSearchResult
🔍 [DEBUG] result.id: tt0093779
🔍 [DEBUG] result.type: movie
🔍 [DEBUG] result.name: The Princess Bride
🔍 [DEBUG] Successfully created MediaItem: The Princess Bride
🔍 [DEBUG] Creating MediaItem from CinemetaSearchResult
🔍 [DEBUG] result.id: tt1839648
🔍 [DEBUG] result.type: movie
🔍 [DEBUG] result.name: The Pee-Wee Herman Show on Broadway
🔍 [DEBUG] Successfully created MediaItem: The Pee-Wee Herman Show on Broadway
🔍 [DEBUG] Creating MediaItem from CinemetaSearchResult
🔍 [DEBUG] result.id: tt0049833
🔍 [DEBUG] result.type: movie
🔍 [DEBUG] result.name: The Ten Commandments
🔍 [DEBUG] Successfully created MediaItem: The Ten Commandments
🔍 [DEBUG] Creating MediaItem from CinemetaSearchResult
🔍 [DEBUG] result.id: tt0059742
🔍 [DEBUG] result.type: movie
🔍 [DEBUG] result.name: The Sound of Music
🔍 [DEBUG] Successfully created MediaItem: The Sound of Music
🔍 [DEBUG] Creating MediaItem from CinemetaSearchResult
🔍 [DEBUG] result.id: tt0052738
🔍 [DEBUG] result.type: movie
🔍 [DEBUG] result.name: The Diary of Anne Frank
🔍 [DEBUG] Successfully created MediaItem: The Diary of Anne Frank
🔍 [DEBUG] Creating MediaItem from CinemetaSearchResult
🔍 [DEBUG] result.id: tt0393735
🔍 [DEBUG] result.type: movie
🔍 [DEBUG] result.name: The Shaggy Dog
🔍 [DEBUG] Successfully created MediaItem: The Shaggy Dog
🔍 [DEBUG] Creating MediaItem from CinemetaSearchResult
🔍 [DEBUG] result.id: tt2404435
🔍 [DEBUG] result.type: movie
🔍 [DEBUG] result.name: The Magnificent Seven
🔍 [DEBUG] Successfully created MediaItem: The Magnificent Seven
🔍 [DEBUG] Creating MediaItem from CinemetaSearchResult
🔍 [DEBUG] result.id: tt0055277
🔍 [DEBUG] result.type: movie
🔍 [DEBUG] result.name: The Parent Trap
🔍 [DEBUG] Successfully created MediaItem: The Parent Trap
🔍 [DEBUG] Creating MediaItem from CinemetaSearchResult
🔍 [DEBUG] result.id: tt0047537
🔍 [DEBUG] result.type: movie
🔍 [DEBUG] result.name: The Student Prince
🔍 [DEBUG] Successfully created MediaItem: The Student Prince
🔍 [DEBUG] Creating MediaItem from CinemetaSearchResult
🔍 [DEBUG] result.id: tt4118606
🔍 [DEBUG] result.type: movie
🔍 [DEBUG] result.name: The Curse of Sleeping Beauty
🔍 [DEBUG] Successfully created MediaItem: The Curse of Sleeping Beauty
🔍 [DEBUG] Creating MediaItem from CinemetaSearchResult
🔍 [DEBUG] result.id: tt0041452
🔍 [DEBUG] result.type: movie
🔍 [DEBUG] result.name: The Heiress
🔍 [DEBUG] Successfully created MediaItem: The Heiress
🔍 [DEBUG] Creating MediaItem from CinemetaSearchResult
🔍 [DEBUG] result.id: tt0058631
🔍 [DEBUG] result.type: movie
🔍 [DEBUG] result.name: The T.A.M.I. Show
🔍 [DEBUG] Successfully created MediaItem: The T.A.M.I. Show
🔍 [DEBUG] Creating MediaItem from CinemetaSearchResult
🔍 [DEBUG] result.id: tt12363162
🔍 [DEBUG] result.type: movie
🔍 [DEBUG] result.name: My People, My Homeland
🔍 [DEBUG] Successfully created MediaItem: My People, My Homeland
🔍 [DEBUG] Creating MediaItem from CinemetaSearchResult
🔍 [DEBUG] result.id: tt1587310
🔍 [DEBUG] result.type: movie
🔍 [DEBUG] result.name: Maleficent
🔍 [DEBUG] Successfully created MediaItem: Maleficent
🔍 [DEBUG] Creating MediaItem from CinemetaSearchResult
🔍 [DEBUG] result.id: tt0043265
🔍 [DEBUG] result.type: movie
🔍 [DEBUG] result.name: The African Queen
🔍 [DEBUG] Successfully created MediaItem: The African Queen
🔍 [DEBUG] Creating MediaItem from CinemetaSearchResult
🔍 [DEBUG] result.id: tt7547410
🔍 [DEBUG] result.type: movie
🔍 [DEBUG] result.name: Dora and the Lost City of Gold
🔍 [DEBUG] Successfully created MediaItem: Dora and the Lost City of Gold
🔍 [DEBUG] Creating MediaItem from CinemetaSearchResult
🔍 [DEBUG] result.id: tt0052902
🔍 [DEBUG] result.type: movie
🔍 [DEBUG] result.name: The Horse Soldiers
🔍 [DEBUG] Successfully created MediaItem: The Horse Soldiers
🔍 [DEBUG] Creating MediaItem from CinemetaSearchResult
🔍 [DEBUG] result.id: tt0429493
🔍 [DEBUG] result.type: movie
🔍 [DEBUG] result.name: The A-Team
🔍 [DEBUG] Successfully created MediaItem: The A-Team
🔍 [DEBUG] Creating MediaItem from CinemetaSearchResult
🔍 [DEBUG] result.id: tt0236388
🔍 [DEBUG] result.type: movie
🔍 [DEBUG] result.name: The Original Kings of Comedy
🔍 [DEBUG] Successfully created MediaItem: The Original Kings of Comedy
🔍 [DEBUG] Creating MediaItem from CinemetaSearchResult
🔍 [DEBUG] result.id: tt0061204
🔍 [DEBUG] result.type: movie
🔍 [DEBUG] result.name: The Wrong Box
🔍 [DEBUG] Successfully created MediaItem: The Wrong Box
🔍 [DEBUG] Successfully created 30 MediaItem objects
🔍 [DEBUG] searchMedia called with query: 'dexter', type: 'series'
🔍 [DEBUG] searchMedia called with query: 'dexter', type: 'movie'
  API: GET http://127.0.0.1:47253/api/metadata/search?query=dexter&type=series
  API: GET http://127.0.0.1:47253/api/metadata/search?query=dexter&type=movie
[ INFO ] GET /api/metadata/search [request-id: 74643FBD-6D91-4FC5-B486-ACB67C0B7175]
[ INFO ] GET /api/metadata/search [request-id: D5FD8892-70DF-4BF9-AE1E-3699F4EDBD6B]
2025-12-23 11:57:54.558 RedLemon[7693:69505] Background: ⏰ Timeout fired! Attempting to fail continuation...
2025-12-23 11:58:03.516 RedLemon[7693:69631] 📡 SupabaseClient: updateRoomPlaylist called for room LGG3 with 12 items, index: 0
2025-12-23 11:58:03.635 RedLemon[7693:69837] ✅ SupabaseClient: Playlist updated successfully
🔍 [DEBUG] Received 36362 bytes of data
  API: Response status 200
🔍 [DEBUG] Response preview: {"query":"dexter","rank":2.5,"cacheMaxAge":86400,"metas":[{"id":"tt35518994","imdb_id":"tt35518994","type":"movie","name":"Dexter","poster":"https://m.media-amazon.com/images/M/MV5BMmY3NGJlNjMtYzM3ZS0
🔍 [DEBUG] Primary JSON decoding successful
🔍 [DEBUG] Creating MediaItem from CinemetaSearchResult
🔍 [DEBUG] result.id: tt35518994
🔍 [DEBUG] result.type: movie
🔍 [DEBUG] result.name: Dexter
🔍 [DEBUG] Successfully created MediaItem: Dexter
🔍 [DEBUG] Creating MediaItem from CinemetaSearchResult
🔍 [DEBUG] result.id: tt0188404
🔍 [DEBUG] result.type: movie
🔍 [DEBUG] result.name: Als je begrijpt wat ik bedoel
🔍 [DEBUG] Successfully created MediaItem: Als je begrijpt wat ik bedoel
🔍 [DEBUG] Creating MediaItem from CinemetaSearchResult
🔍 [DEBUG] result.id: tt15326988
🔍 [DEBUG] result.type: movie
🔍 [DEBUG] result.name: Ghosted
🔍 [DEBUG] Successfully created MediaItem: Ghosted
🔍 [DEBUG] Creating MediaItem from CinemetaSearchResult
🔍 [DEBUG] result.id: tt0477187
🔍 [DEBUG] result.type: movie
🔍 [DEBUG] result.name: The Offspring Complete Music Video Collection
🔍 [DEBUG] Successfully created MediaItem: The Offspring Complete Music Video Collection
🔍 [DEBUG] Creating MediaItem from CinemetaSearchResult
🔍 [DEBUG] result.id: tt0117107
🔍 [DEBUG] result.type: movie
🔍 [DEBUG] result.name: Mulholland Falls
🔍 [DEBUG] Successfully created MediaItem: Mulholland Falls
🔍 [DEBUG] Creating MediaItem from CinemetaSearchResult
🔍 [DEBUG] result.id: tt1795702
🔍 [DEBUG] result.type: movie
🔍 [DEBUG] result.name: Wild Bill
🔍 [DEBUG] Successfully created MediaItem: Wild Bill
🔍 [DEBUG] Creating MediaItem from CinemetaSearchResult
🔍 [DEBUG] result.id: tt1496422
🔍 [DEBUG] result.type: movie
🔍 [DEBUG] result.name: The Paperboy
🔍 [DEBUG] Successfully created MediaItem: The Paperboy
🔍 [DEBUG] Creating MediaItem from CinemetaSearchResult
🔍 [DEBUG] result.id: tt0427312
🔍 [DEBUG] result.type: movie
🔍 [DEBUG] result.name: Grizzly Man
🔍 [DEBUG] Successfully created MediaItem: Grizzly Man
🔍 [DEBUG] Creating MediaItem from CinemetaSearchResult
🔍 [DEBUG] result.id: tt3338098
🔍 [DEBUG] result.type: movie
🔍 [DEBUG] result.name: Respect: A Felix Dexter Special
🔍 [DEBUG] Successfully created MediaItem: Respect: A Felix Dexter Special
🔍 [DEBUG] Creating MediaItem from CinemetaSearchResult
🔍 [DEBUG] result.id: tt2481198
🔍 [DEBUG] result.type: movie
🔍 [DEBUG] result.name: Sunshine on Leith
🔍 [DEBUG] Successfully created MediaItem: Sunshine on Leith
🔍 [DEBUG] Creating MediaItem from CinemetaSearchResult
🔍 [DEBUG] result.id: tt0263265
🔍 [DEBUG] result.type: movie
🔍 [DEBUG] result.name: Shortcut to Happiness
🔍 [DEBUG] Successfully created MediaItem: Shortcut to Happiness
🔍 [DEBUG] Creating MediaItem from CinemetaSearchResult
🔍 [DEBUG] result.id: tt0102638
🔍 [DEBUG] result.type: movie
🔍 [DEBUG] result.name: Paris Trout
🔍 [DEBUG] Successfully created MediaItem: Paris Trout
🔍 [DEBUG] Creating MediaItem from CinemetaSearchResult
🔍 [DEBUG] result.id: tt1083452
🔍 [DEBUG] result.type: movie
🔍 [DEBUG] result.name: Eddie the Eagle
🔍 [DEBUG] Successfully created MediaItem: Eddie the Eagle
🔍 [DEBUG] Creating MediaItem from CinemetaSearchResult
🔍 [DEBUG] result.id: tt0117038
🔍 [DEBUG] result.type: movie
🔍 [DEBUG] result.name: Michael
🔍 [DEBUG] Successfully created MediaItem: Michael
🔍 [DEBUG] Creating MediaItem from CinemetaSearchResult
🔍 [DEBUG] result.id: tt2066051
🔍 [DEBUG] result.type: movie
🔍 [DEBUG] result.name: Rocketman
🔍 [DEBUG] Successfully created MediaItem: Rocketman
🔍 [DEBUG] Creating MediaItem from CinemetaSearchResult
🔍 [DEBUG] result.id: tt0063281
🔍 [DEBUG] result.type: movie
🔍 [DEBUG] result.name: Maryjane
🔍 [DEBUG] Successfully created MediaItem: Maryjane
🔍 [DEBUG] Successfully created 16 MediaItem objects
🔍 [DEBUG] Received 4568 bytes of data
  API: Response status 200
🔍 [DEBUG] Response preview: {"query":"dexter","rank":7.5,"cacheMaxAge":86400,"metas":[{"id":"tt0773262","imdb_id":"tt0773262","type":"series","name":"Dexter","poster":"https://m.media-amazon.com/images/M/MV5BMTQ3YmQ4YzMtOTkyZC00
🔍 [DEBUG] Primary JSON decoding successful
🔍 [DEBUG] Creating MediaItem from CinemetaSearchResult
🔍 [DEBUG] result.id: tt0773262
🔍 [DEBUG] result.type: series
🔍 [DEBUG] result.name: Dexter
🔍 [DEBUG] Successfully created MediaItem: Dexter
🔍 [DEBUG] Creating MediaItem from CinemetaSearchResult
🔍 [DEBUG] result.id: tt33043892
🔍 [DEBUG] result.type: series
🔍 [DEBUG] result.name: Dexter: Resurrection
🔍 [DEBUG] Successfully created MediaItem: Dexter: Resurrection
🔍 [DEBUG] Creating MediaItem from CinemetaSearchResult
🔍 [DEBUG] result.id: tt14164730
🔍 [DEBUG] result.type: series
🔍 [DEBUG] result.name: Dexter: New Blood
🔍 [DEBUG] Successfully created MediaItem: Dexter: New Blood
🔍 [DEBUG] Creating MediaItem from CinemetaSearchResult
🔍 [DEBUG] result.id: tt32252772
🔍 [DEBUG] result.type: series
🔍 [DEBUG] result.name: Dexter: Original Sin
🔍 [DEBUG] Successfully created MediaItem: Dexter: Original Sin
🔍 [DEBUG] Creating MediaItem from CinemetaSearchResult
🔍 [DEBUG] result.id: tt1595870
🔍 [DEBUG] result.type: series
🔍 [DEBUG] result.name: Dexter: Early Cuts
🔍 [DEBUG] Successfully created MediaItem: Dexter: Early Cuts
🔍 [DEBUG] Creating MediaItem from CinemetaSearchResult
🔍 [DEBUG] result.id: tt1470992
🔍 [DEBUG] result.type: series
🔍 [DEBUG] result.name: Dexter: Blood Spatter
🔍 [DEBUG] Successfully created MediaItem: Dexter: Blood Spatter
🔍 [DEBUG] Creating MediaItem from CinemetaSearchResult
🔍 [DEBUG] result.id: tt37974449
🔍 [DEBUG] result.type: series
🔍 [DEBUG] result.name: Dexter Procter: The 10-Year-Old Doctor
🔍 [DEBUG] Successfully created MediaItem: Dexter Procter: The 10-Year-Old Doctor
🔍 [DEBUG] Creating MediaItem from CinemetaSearchResult
🔍 [DEBUG] result.id: tt0115157
🔍 [DEBUG] result.type: series
🔍 [DEBUG] result.name: Dexter's Laboratory
🔍 [DEBUG] Successfully created MediaItem: Dexter's Laboratory
🔍 [DEBUG] Creating MediaItem from CinemetaSearchResult
🔍 [DEBUG] result.id: tt1842178
🔍 [DEBUG] result.type: series
🔍 [DEBUG] result.name: Stupid for Dexter
🔍 [DEBUG] Successfully created MediaItem: Stupid for Dexter
🔍 [DEBUG] Creating MediaItem from CinemetaSearchResult
🔍 [DEBUG] result.id: tt5466094
🔍 [DEBUG] result.type: series
🔍 [DEBUG] result.name: Amby & Dexter
🔍 [DEBUG] Successfully created MediaItem: Amby & Dexter
🔍 [DEBUG] Creating MediaItem from CinemetaSearchResult
🔍 [DEBUG] result.id: tt35429558
🔍 [DEBUG] result.type: series
🔍 [DEBUG] result.name: Dexter: Final Cut
🔍 [DEBUG] Successfully created MediaItem: Dexter: Final Cut
🔍 [DEBUG] Creating MediaItem from CinemetaSearchResult
🔍 [DEBUG] result.id: tt0168313
🔍 [DEBUG] result.type: series
🔍 [DEBUG] result.name: Cliff Dexter
🔍 [DEBUG] Successfully created MediaItem: Cliff Dexter
🔍 [DEBUG] Successfully created 12 MediaItem objects
🛡️ Lobby: Auto-Join safety delay passed (8s). Enabled for late joiners.
✅ Cache HIT: Metadata[meta_series_tt0773262]
📨 Received: {"ref":null,"event":"presence_diff","payload":{"joins":{"cad02b74-e01f-11f0-bae9-0a58a9feac02":{"metas":[{"phx_ref":"GIPmphzDStErgfhO","phx_ref_prev":"GIPmoXT_zQgrgfNO","last_seen":"2025-12-23T16:57:59.810Z","status":"Browsing","user_id":"96e01cdb-36c0-4228-a6e4-a29a3c66bc8e","username":"lemontom"}]}},"leaves":{"cad02b74-e01f-11f0-bae9-0a58a9feac02":{"metas":[{"phx_ref":"GIPmoXT_zQgrgfNO","phx_ref_prev":"GIPmnlugu-orge6N","last_seen":"2025-12-23T16:57:39.809Z","status":"Browsing","user_id":"96e01cdb-36c0-4228-a6e4-a29a3c66bc8e","username":"lemontom"}]}}},"topic":"realtime:global-presence"}
🔍 Supabase Response for /rooms: [{"id":"LGG3","name":"Dexter","host_user_id":"656daa91-33b4-4688-9135-c982ea52d7c9","host_username":"ursinho","stream_hash":null,"imdb_id":"tt0773262","poster_url":"https://images.metahub.space/poster/small/tt0773262/img","backdrop_url":"https://images.metahub.space/background/medium/tt0773262/img","playback_position":0,"is_playing":false,"participants_count":1,"max_participants":50,"is_public":true,"created_at":"2025-12-23T16:57:46.773918","last_activity":"2025-12-23T16:57:46","season":5,"episode":1,"selected_quality":null,"selected_file_idx":null,"unlocked_stream_url":null,"description":null,"current_playlist_index":0,"playlist":[{"id": "55EB824E-268B-438A-BB0B-368078D3E3F3", "season": 5, "episode": 1, "mediaItem": {"id": "tt0773262", "logo": "https://images.metahub.space/logo/medium/tt0773262/img", "name": "Dexter", "type": "series", "year": "2006–2013", "genres": ["Crime", "Drama", "Mystery"], "poster": "https://images.metahub.space/poster/small/tt0773262/img", "runtime": "53 min", "background": "https://images.metahub.space/background/medium/tt0773262/img", "imdbRating": "8.6", "description": "He's smart. He's lovable. He's Dexter Morgan, America's favorite serial killer, who spends his days solving crimes and his nights committing them.", "releaseInfo": "2006–2013"}}, {"id": "6C2916D8-5983-48A8-879A-F4A01DFB1A13", "season": 5, "episode": 2, "mediaItem": {"id": "tt0773262", "name": "Dexter", "type": "series", "poster": "https://m.media-amazon.com/images/M/MV5BMTQ3YmQ4YzMtOTkyZC00YmM5LThhZjEtM2E0MjFkNTc0OGJhXkEyXkFqcGc@._V1_SX250.jpg"}}, {"id": "95A0B67E-472C-4CB6-B646-ECEA69FCF911", "season": 5, "episode": 3, "mediaItem": {"id": "tt0773262", "name": "Dexter", "type": "series", "poster": "https://m.media-amazon.com/images/M/MV5BMTQ3YmQ4YzMtOTkyZC00YmM5LThhZjEtM2E0MjFkNTc0OGJhXkEyXkFqcGc@._V1_SX250.jpg"}}, {"id": "26796E09-432C-419B-AA7C-C2EBA213D96E", "season": 5, "episode": 4, "mediaItem": {"id": "tt0773262", "name": "Dexter", "type": "series", "poster": "https://m.media-amazon.com/images/M/MV5BMTQ3YmQ4YzMtOTkyZC00YmM5LThhZjEtM2E0MjFkNTc0OGJhXkEyXkFqcGc@._V1_SX250.jpg"}}, {"id": "31808A62-8C0B-4DF3-B1BF-860FC4B73C9B", "season": 5, "episode": 5, "mediaItem": {"id": "tt0773262", "name": "Dexter", "type": "series", "poster": "https://m.media-amazon.com/images/M/MV5BMTQ3YmQ4YzMtOTkyZC00YmM5LThhZjEtM2E0MjFkNTc0OGJhXkEyXkFqcGc@._V1_SX250.jpg"}}, {"id": "CDBC9894-74AD-480C-BBEC-D87350BA0704", "season": 5, "episode": 6, "mediaItem": {"id": "tt0773262", "name": "Dexter", "type": "series", "poster": "https://m.media-amazon.com/images/M/MV5BMTQ3YmQ4YzMtOTkyZC00YmM5LThhZjEtM2E0MjFkNTc0OGJhXkEyXkFqcGc@._V1_SX250.jpg"}}, {"id": "85A03E82-56A7-436C-B584-3A62258F9B67", "season": 5, "episode": 7, "mediaItem": {"id": "tt0773262", "name": "Dexter", "type": "series", "poster": "https://m.media-amazon.com/images/M/MV5BMTQ3YmQ4YzMtOTkyZC00YmM5LThhZjEtM2E0MjFkNTc0OGJhXkEyXkFqcGc@._V1_SX250.jpg"}}, {"id": "5DC64A9B-1E1F-44E4-AC94-8C897E227D29", "season": 5, "episode": 8, "mediaItem": {"id": "tt0773262", "name": "Dexter", "type": "series", "poster": "https://m.media-amazon.com/images/M/MV5BMTQ3YmQ4YzMtOTkyZC00YmM5LThhZjEtM2E0MjFkNTc0OGJhXkEyXkFqcGc@._V1_SX250.jpg"}}, {"id": "F4562D42-3275-4379-9F76-D6FB908BE84F", "season": 5, "episode": 9, "mediaItem": {"id": "tt0773262", "name": "Dexter", "type": "series", "poster": "https://m.media-amazon.com/images/M/MV5BMTQ3YmQ4YzMtOTkyZC00YmM5LThhZjEtM2E0MjFkNTc0OGJhXkEyXkFqcGc@._V1_SX250.jpg"}}, {"id": "765BEFEF-AEB6-4BFE-8C62-77E9DB8D4040", "season": 5, "episode": 10, "mediaItem": {"id": "tt0773262", "name": "Dexter", "type": "series", "poster": "https://m.media-amazon.com/images/M/MV5BMTQ3YmQ4YzMtOTkyZC00YmM5LThhZjEtM2E0MjFkNTc0OGJhXkEyXkFqcGc@._V1_SX250.jpg"}}, {"id": "323F5080-C926-4842-B88E-167D5785FC32", "season": 5, "episode": 11, "mediaItem": {"id": "tt0773262", "name": "Dexter", "type": "series", "poster": "https://m.media-amazon.com/images/M/MV5BMTQ3YmQ4YzMtOTkyZC00YmM5LThhZjEtM2E0MjFkNTc0OGJhXkEyXkFqcGc@._V1_SX250.jpg"}}, {"id": "474B73D2-FB6B-4C07-B30B-B4654124436B", "season": 5, "episode": 12, "mediaItem": {"id": "tt0773262", "name": "Dexter", "type": "series", "poster": "https://m.media-amazon.com/images/M/MV5BMTQ3YmQ4YzMtOTkyZC00YmM5LThhZjEtM2E0MjFkNTc0OGJhXkEyXkFqcGc@._V1_SX250.jpg"}}],"subtitle_url":null}]
✅ LobbyViewModel: updateRoomPlaylist returned successfully
📨 Received: {"ref":null,"event":"postgres_changes","payload":{"data":{"table":"rooms","type":"UPDATE","record":{"id": "LGG3", "name": "Dexter", "season": 5, "episode": 1, "imdb_id": "tt0773262", "playlist": [{"id": "55EB824E-268B-438A-BB0B-368078D3E3F3", "season": 5, "episode": 1, "mediaItem": {"id": "tt0773262", "logo": "https://images.metahub.space/logo/medium/tt0773262/img", "name": "Dexter", "type": "series", "year": "2006–2013", "genres": ["Crime", "Drama", "Mystery"], "poster": "https://images.metahub.space/poster/small/tt0773262/img", "runtime": "53 min", "background": "https://images.metahub.space/background/medium/tt0773262/img", "imdbRating": "8.6", "description": "He's smart. He's lovable. He's Dexter Morgan, America's favorite serial killer, who spends his days solving crimes and his nights committing them.", "releaseInfo": "2006–2013"}}, {"id": "6C2916D8-5983-48A8-879A-F4A01DFB1A13", "season": 5, "episode": 2, "mediaItem": {"id": "tt0773262", "name": "Dexter", "type": "series", "poster": "https://m.media-amazon.com/images/M/MV5BMTQ3YmQ4YzMtOTkyZC00YmM5LThhZjEtM2E0MjFkNTc0OGJhXkEyXkFqcGc@._V1_SX250.jpg"}}, {"id": "95A0B67E-472C-4CB6-B646-ECEA69FCF911", "season": 5, "episode": 3, "mediaItem": {"id": "tt0773262", "name": "Dexter", "type": "series", "poster": "https://m.media-amazon.com/images/M/MV5BMTQ3YmQ4YzMtOTkyZC00YmM5LThhZjEtM2E0MjFkNTc0OGJhXkEyXkFqcGc@._V1_SX250.jpg"}}, {"id": "26796E09-432C-419B-AA7C-C2EBA213D96E", "season": 5, "episode": 4, "mediaItem": {"id": "tt0773262", "name": "Dexter", "type": "series", "poster": "https://m.media-amazon.com/images/M/MV5BMTQ3YmQ4YzMtOTkyZC00YmM5LThhZjEtM2E0MjFkNTc0OGJhXkEyXkFqcGc@._V1_SX250.jpg"}}, {"id": "31808A62-8C0B-4DF3-B1BF-860FC4B73C9B", "season": 5, "episode": 5, "mediaItem": {"id": "tt0773262", "name": "Dexter", "type": "series", "poster": "https://m.media-amazon.com/images/M/MV5BMTQ3YmQ4YzMtOTkyZC00YmM5LThhZjEtM2E0MjFkNTc0OGJhXkEyXkFqcGc@._V1_SX250.jpg"}}, {"id": "CDBC9894-74AD-480C-BBEC-D87350BA0704", "season": 5, "episode": 6, "mediaItem": {"id": "tt0773262", "name": "Dexter", "type": "series", "poster": "https://m.media-amazon.com/images/M/MV5BMTQ3YmQ4YzMtOTkyZC00YmM5LThhZjEtM2E0MjFkNTc0OGJhXkEyXkFqcGc@._V1_SX250.jpg"}}, {"id": "85A03E82-56A7-436C-B584-3A62258F9B67", "season": 5, "episode": 7, "mediaItem": {"id": "tt0773262", "name": "Dexter", "type": "series", "poster": "https://m.media-amazon.com/images/M/MV5BMTQ3YmQ4YzMtOTkyZC00YmM5LThhZjEtM2E0MjFkNTc0OGJhXkEyXkFqcGc@._V1_SX250.jpg"}}, {"id": "5DC64A9B-1E1F-44E4-AC94-8C897E227D29", "season": 5, "episode": 8, "mediaItem": {"id": "tt0773262", "name": "Dexter", "type": "series", "poster": "https://m.media-amazon.com/images/M/MV5BMTQ3YmQ4YzMtOTkyZC00YmM5LThhZjEtM2E0MjFkNTc0OGJhXkEyXkFqcGc@._V1_SX250.jpg"}}, {"id": "F4562D42-3275-4379-9F76-D6FB908BE84F", "season": 5, "episode": 9, "mediaItem": {"id": "tt0773262", "name": "Dexter", "type": "series", "poster": "https://m.media-amazon.com/images/M/MV5BMTQ3YmQ4YzMtOTkyZC00YmM5LThhZjEtM2E0MjFkNTc0OGJhXkEyXkFqcGc@._V1_SX250.jpg"}}, {"id": "765BEFEF-AEB6-4BFE-8C62-77E9DB8D4040", "season": 5, "episode": 10, "mediaItem": {"id": "tt0773262", "name": "Dexter", "type": "series", "poster": "https://m.media-amazon.com/images/M/MV5BMTQ3YmQ4YzMtOTkyZC00YmM5LThhZjEtM2E0MjFkNTc0OGJhXkEyXkFqcGc@._V1_SX250.jpg"}}, {"id": "323F5080-C926-4842-B88E-167D5785FC32", "season": 5, "episode": 11, "mediaItem": {"id": "tt0773262", "name": "Dexter", "type": "series", "poster": "https://m.media-amazon.com/images/M/MV5BMTQ3YmQ4YzMtOTkyZC00YmM5LThhZjEtM2E0MjFkNTc0OGJhXkEyXkFqcGc@._V1_SX250.jpg"}}, {"id": "474B73D2-FB6B-4C07-B30B-B4654124436B", "season": 5, "episode": 12, "mediaItem": {"id": "tt0773262", "name": "Dexter", "type": "series", "poster": "https://m.media-amazon.com/images/M/MV5BMTQ3YmQ4YzMtOTkyZC00YmM5LThhZjEtM2E0MjFkNTc0OGJhXkEyXkFqcGc@._V1_SX250.jpg"}}], "is_public": true, "created_at": "2025-12-23T16:57:46.773918", "is2025-12-23 11:58:03.723 RedLemon[7693:68193] 📨 Lobby: Received Room UPDATE from Realtime
2025-12-23 11:58:03.723 RedLemon[7693:68193] 📨 Lobby: Received Room UPDATE from Realtime
_playing": false, "poster_url": "https://images.metahub.space/poster/small/tt0773262/img", "description": null, "stream_hash": null, "backdrop_url": "https://images.metahub.space/background/medium/tt0773262/img", "host_user_id": "656daa91-33b4-4688-9135-c982ea52d7c9", "subtitle_url": null, "host_username": "ursinho", "last_activity": "2025-12-23T16:57:46", "max_participants": 50, "selected_quality": null, "playback_position": 0, "selected_file_idx": null, "participants_count": 1, "unlocked_stream_url": null, "current_playlist_index": 0},"columns":[{"name": "id", "type": "text"}, {"name": "name", "type": "text"}, {"name": "host_user_id", "type": "uuid"}, {"name": "host_username", "type": "text"}, {"name": "stream_hash", "type": "text"}, {"name": "imdb_id", "type": "text"}, {"name": "poster_url", "type": "text"}, {"name": "backdrop_url", "type": "text"}, {"name": "playback_position", "type": "int4"}, {"name": "is_playing", "type": "bool"}, {"name": "participants_count", "type": "int4"}, {"name": "max_participants", "type": "int4"}, {"name": "is_public", "type": "bool"}, {"name": "created_at", "type": "timestamp"}, {"name": "last_activity", "type": "timestamp"}, {"name": "season", "type": "int4"}, {"name": "episode", "type": "int4"}, {"name": "selected_quality", "type": "text"}, {"name": "selected_file_idx", "type": "int4"}, {"name": "unlocked_stream_url", "type": "text"}, {"name": "description", "type": "text"}, {"name": "current_playlist_index", "type": "int4"}, {"name": "playlist", "type": "jsonb"}, {"name": "subtitle_url", "type": "text"}],"errors":null,"schema":"public","commit_timestamp":"2025-12-23T16:58:03.716Z","old_record":{"id": "LGG3"}},"ids":[67457933]},"topic":"realtime:watch-party:LGG3"}
🔄 Lobby: Fetching fresh room state from Supabase...
🔄 Lobby: Fetching fresh room state from Supabase...
🔍 Supabase Response for /rooms: [{"id":"LGG3","name":"Dexter","host_user_id":"656daa91-33b4-4688-9135-c982ea52d7c9","host_username":"ursinho","stream_hash":null,"imdb_id":"tt0773262","poster_url":"https://images.metahub.space/poster/small/tt0773262/img","backdrop_url":"https://images.metahub.space/background/medium/tt0773262/img","playback_position":0,"is_playing":false,"participants_count":1,"max_participants":50,"is_public":true,"created_at":"2025-12-23T16:57:46.773918","last_activity":"2025-12-23T16:57:46","season":5,"episode":1,"selected_quality":null,"selected_file_idx":null,"unlocked_stream_url":null,"description":null,"current_playlist_index":0,"playlist":[{"id": "55EB824E-268B-438A-BB0B-368078D3E3F3", "season": 5, "episode": 1, "mediaItem": {"id": "tt0773262", "logo": "https://images.metahub.space/logo/medium/tt0773262/img", "name": "Dexter", "type": "series", "year": "2006–2013", "genres": ["Crime", "Drama", "Mystery"], "poster": "https://images.metahub.space/poster/small/tt0773262/img", "runtime": "53 min", "background": "https://images.metahub.space/background/medium/tt0773262/img", "imdbRating": "8.6", "description": "He's smart. He's lovable. He's Dexter Morgan, America's favorite serial killer, who spends his days solving crimes and his nights committing them.", "releaseInfo": "2006–2013"}}, {"id": "6C2916D8-5983-48A8-879A-F4A01DFB1A13", "season": 5, "episode": 2, "mediaItem": {"id": "tt0773262", "name": "Dexter", "type": "series", "poster": "https://m.media-amazon.com/images/M/MV5BMTQ3YmQ4YzMtOTkyZC00YmM5LThhZjEtM2E0MjFkNTc0OGJhXkEyXkFqcGc@._V1_SX250.jpg"}}, {"id": "95A0B67E-472C-4CB6-B646-ECEA69FCF911", "season": 5, "episode": 3, "mediaItem": {"id": "tt0773262", "name": "Dexter", "type": "series", "poster": "https://m.media-amazon.com/images/M/MV5BMTQ3YmQ4YzMtOTkyZC00YmM5LThhZjEtM2E0MjFkNTc0OGJhXkEyXkFqcGc@._V1_SX250.jpg"}}, {"id": "26796E09-432C-419B-AA7C-C2EBA213D96E", "season": 5, "episode": 4, "mediaItem": {"id": "tt0773262", "name": "Dexter", "type": "series", "poster": "https://m.media-amazon.com/images/M/MV5BMTQ3YmQ4YzMtOTkyZC00YmM5LThhZjEtM2E0MjFkNTc0OGJhXkEyXkFqcGc@._V1_SX250.jpg"}}, {"id": "31808A62-8C0B-4DF3-B1BF-860FC4B73C9B", "season": 5, "episode": 5, "mediaItem": {"id": "tt0773262", "name": "Dexter", "type": "series", "poster": "https://m.media-amazon.com/images/M/MV5BMTQ3YmQ4YzMtOTkyZC00YmM5LThhZjEtM2E0MjFkNTc0OGJhXkEyXkFqcGc@._V1_SX250.jpg"}}, {"id": "CDBC9894-74AD-480C-BBEC-D87350BA0704", "season": 5, "episode": 6, "mediaItem": {"id": "tt0773262", "name": "Dexter", "type": "series", "poster": "https://m.media-amazon.com/images/M/MV5BMTQ3YmQ4YzMtOTkyZC00YmM5LThhZjEtM2E0MjFkNTc0OGJhXkEyXkFqcGc@._V1_SX250.jpg"}}, {"id": "85A03E82-56A7-436C-B584-3A62258F9B67", "season": 5, "episode": 7, "mediaItem": {"id": "tt0773262", "name": "Dexter", "type": "series", "poster": "https://m.media-amazon.com/images/M/MV5BMTQ3YmQ4YzMtOTkyZC00YmM5LThhZjEtM2E0MjFkNTc0OGJhXkEyXkFqcGc@._V1_SX250.jpg"}}, {"id": "5DC64A9B-1E1F-44E4-AC94-8C897E227D29", "season": 5, "episode": 8, "mediaItem": {"id": "tt0773262", "name": "Dexter", "type": "series", "poster": "https://m.media-amazon.com/images/M/MV5BMTQ3YmQ4YzMtOTkyZC00YmM5LThhZjEtM2E0MjFkNTc0OGJhXkEyXkFqcGc@._V1_SX250.jpg"}}, {"id": "F4562D42-3275-4379-9F76-D6FB908BE84F", "season": 5, "episode": 9, "mediaItem": {"id": "tt0773262", "name": "Dexter", "type": "series", "poster": "https://m.media-amazon.com/images/M/MV5BMTQ3YmQ4YzMtOTkyZC00YmM5LThhZjEtM2E0MjFkNTc0OGJhXkEyXkFqcGc@._V1_SX250.jpg"}}, {"id": "765BEFEF-AEB6-4BFE-8C62-77E9DB8D4040", "season": 5, "episode": 10, "mediaItem": {"id": "tt0773262", "name": "Dexter", "type": "series", "poster": "https://m.media-amazon.com/images/M/MV5BMTQ3YmQ4YzMtOTkyZC00YmM5LThhZjEtM2E0MjFkNTc0OGJhXkEyXkFqcGc@._V1_SX250.jpg"}}, {"id": "323F5080-C926-4842-B88E-167D5785FC32", "season": 5, "episode": 11, "mediaItem": {"id": "tt0773262", "name": "Dexter", "type": "series", "poster": "https://m.media-amazon.com/images/M/MV5BMTQ3YmQ4YzMtOTkyZC00YmM5LThhZjEtM2E0MjFkNTc0OGJhXkEyXkFqcGc@._V1_SX250.jpg"}}, {"id": "474B73D2-FB6B-4C07-B30B-B4654124436B", "season": 5, "episode": 12, "mediaItem": {"id": "tt0773262", "name": "Dexter", "type": "series", "poster": "https://m.media-amazon.com/images/M/MV5BMTQ3YmQ4YzMtOTkyZC00YmM5LThhZjEtM2E0MjFkNTc0OGJhXkEyXkFqcGc@._V1_SX250.jpg"}}],"subtitle_url":null}]
🔍 Supabase Response for /rooms: [{"id":"LGG3","name":"Dexter","host_user_id":"656daa91-33b4-4688-9135-c982ea52d7c9","host_username":"ursinho","stream_hash":null,"imdb_id":"tt0773262","poster_url":"https://images.metahub.space/poster/small/tt0773262/img","backdrop_url":"https://images.metahub.space/background/medium/tt0773262/img","playback_position":0,"is_playing":false,"participants_count":1,"max_participants":50,"is_public":true,"created_at":"2025-12-23T16:57:46.773918","last_activity":"2025-12-23T16:57:46","season":5,"episode":1,"selected_quality":null,"selected_file_idx":null,"unlocked_stream_url":null,"description":null,"current_playlist_index":0,"playlist":[{"id": "55EB824E-268B-438A-BB0B-368078D3E3F3", "season": 5, "episode": 1, "mediaItem": {"id": "tt0773262", "logo": "https://images.metahub.space/logo/medium/tt0773262/img", "name": "Dexter", "type": "series", "year": "2006–2013", "genres": ["Crime", "Drama", "Mystery"], "poster": "https://images.metahub.space/poster/small/tt0773262/img", "runtime": "53 min", "background": "https://images.metahub.space/background/medium/tt0773262/img", "imdbRating": "8.6", "description": "He's smart. He's lovable. He's Dexter Morgan, America's favorite serial killer, who spends his days solving crimes and his nights committing them.", "releaseInfo": "2006–2013"}}, {"id": "6C2916D8-5983-48A8-879A-F4A01DFB1A13", "season": 5, "episode": 2, "mediaItem": {"id": "tt0773262", "name": "Dexter", "type": "series", "poster": "https://m.media-amazon.com/images/M/MV5BMTQ3YmQ4YzMtOTkyZC00YmM5LThhZjEtM2E0MjFkNTc0OGJhXkEyXkFqcGc@._V1_SX250.jpg"}}, {"id": "95A0B67E-472C-4CB6-B646-ECEA69FCF911", "season": 5, "episode": 3, "mediaItem": {"id": "tt0773262", "name": "Dexter", "type": "series", "poster": "https://m.media-amazon.com/images/M/MV5BMTQ3YmQ4YzMtOTkyZC00YmM5LThhZjEtM2E0MjFkNTc0OGJhXkEyXkFqcGc@._V1_SX250.jpg"}}, {"id": "26796E09-432C-419B-AA7C-C2EBA213D96E", "season": 5, "episode": 4, "mediaItem": {"id": "tt0773262", "name": "Dexter", "type": "series", "poster": "https://m.media-amazon.com/images/M/MV5BMTQ3YmQ4YzMtOTkyZC00YmM5LThhZjEtM2E0MjFkNTc0OGJhXkEyXkFqcGc@._V1_SX250.jpg"}}, {"id": "31808A62-8C0B-4DF3-B1BF-860FC4B73C9B", "season": 5, "episode": 5, "mediaItem": {"id": "tt0773262", "name": "Dexter", "type": "series", "poster": "https://m.media-amazon.com/images/M/MV5BMTQ3YmQ4YzMtOTkyZC00YmM5LThhZjEtM2E0MjFkNTc0OGJhXkEyXkFqcGc@._V1_SX250.jpg"}}, {"id": "CDBC9894-74AD-480C-BBEC-D87350BA0704", "season": 5, "episode": 6, "mediaItem": {"id": "tt0773262", "name": "Dexter", "type": "series", "poster": "https://m.media-amazon.com/images/M/MV5BMTQ3YmQ4YzMtOTkyZC00YmM5LThhZjEtM2E0MjFkNTc0OGJhXkEyXkFqcGc@._V1_SX250.jpg"}}, {"id": "85A03E82-56A7-436C-B584-3A62258F9B67", "season": 5, "episode": 7, "mediaItem": {"id": "tt0773262", "name": "Dexter", "type": "series", "poster": "https://m.media-amazon.com/images/M/MV5BMTQ3YmQ4YzMtOTkyZC00YmM5LThhZjEtM2E0MjFkNTc0OGJhXkEyXkFqcGc@._V1_SX250.jpg"}}, {"id": "5DC64A9B-1E1F-44E4-AC94-8C897E227D29", "season": 5, "episode": 8, "mediaItem": {"id": "tt0773262", "name": "Dexter", "type": "series", "poster": "https://m.media-amazon.com/images/M/MV5BMTQ3YmQ4YzMtOTkyZC00YmM5LThhZjEtM2E0MjFkNTc0OGJhXkEyXkFqcGc@._V1_SX250.jpg"}}, {"id": "F4562D42-3275-4379-9F76-D6FB908BE84F", "season": 5, "episode": 9, "mediaItem": {"id": "tt0773262", "name": "Dexter", "type": "series", "poster": "https://m.media-amazon.com/images/M/MV5BMTQ3YmQ4YzMtOTkyZC00YmM5LThhZjEtM2E0MjFkNTc0OGJhXkEyXkFqcGc@._V1_SX250.jpg"}}, {"id": "765BEFEF-AEB6-4BFE-8C62-77E9DB8D4040", "season": 5, "episode": 10, "mediaItem": {"id": "tt0773262", "name": "Dexter", "type": "series", "poster": "https://m.media-amazon.com/images/M/MV5BMTQ3YmQ4YzMtOTkyZC00YmM5LThhZjEtM2E0MjFkNTc0OGJhXkEyXkFqcGc@._V1_SX250.jpg"}}, {"id": "323F5080-C926-4842-B88E-167D5785FC32", "season": 5, "episode": 11, "mediaItem": {"id": "tt0773262", "name": "Dexter", "type": "series", "poster": "https://m.media-amazon.com/images/M/MV5BMTQ3YmQ4YzMtOTkyZC00YmM5LThhZjEtM2E0MjFkNTc0OGJhXkEyXkFqcGc@._V1_SX250.jpg"}}, {"id": "474B73D2-FB6B-4C07-B30B-B4654124436B", "season": 5, "episode": 12, "mediaItem": {"id": "tt0773262", "name": "Dexter", "type": "series", "poster": "https://m.media-amazon.com/images/M/MV5BMTQ3YmQ4YzMtOTkyZC00YmM5LThhZjEtM2E0MjFkNTc0OGJhXkEyXkFqcGc@._V1_SX250.jpg"}}],"subtitle_url":null}]
✅ Lobby: Synced playlist with 12 items
✅ Lobby: Synced playlist index to 0
✅ Lobby: Synced stream info & playlist to AppState
✅ Lobby: Synced playlist with 12 items
✅ Lobby: Synced playlist index to 0
✅ Lobby: Synced stream info & playlist to AppState
📡 [EventsConfig] Checking server for movie_events config version...
✅ [EventsConfig] Fetched movie_events version 1432 with 445 movies
✅ [EventsConfig] Using cached movie_events config (version 1432, 445 movies)
📨 Received: {"ref":"20","event":"phx_reply","payload":{"status":"ok","response":{}},"topic":"realtime:global-presence"}
📨 Received: {"ref":null,"event":"presence_diff","payload":{"joins":{"2151249e-e020-11f0-a0a1-0a58a9feac02":{"metas":[{"phx_ref":"GIPmp05mBb0Q-DaP","phx_ref_prev":"GIPmoxwBRLgQ-BrD","last_seen":"2025-12-23T16:58:04.974Z","room_id":"LGG3","started_at":"2025-12-23T16:57:46.946Z","status":"In Lobby: Dexter","user_id":"656daa91-33b4-4688-9135-c982ea52d7c9","username":"ursinho","watching_id":"tt0773262","watching_title":"Dexter","watching_type":"series"}]}},"leaves":{"2151249e-e020-11f0-a0a1-0a58a9feac02":{"metas":[{"phx_ref":"GIPmoxwBRLgQ-BrD","phx_ref_prev":"GIPmoqYhZkkQ-GxC","last_seen":"2025-12-23T16:57:46.946Z","room_id":"LGG3","started_at":"2025-12-23T16:57:46.946Z","status":"In Lobby: Dexter","user_id":"656daa91-33b4-4688-9135-c982ea52d7c9","username":"ursinho","watching_id":"tt0773262","watching_title":"Dexter","watching_type":"series"}]}}},"topic":"realtime:global-presence"}
💓 Heartbeat sent
📨 Received: {"ref":"12","event":"phx_reply","payload":{"status":"ok","response":{}},"topic":"phoenix"}
📨 Received: {"ref":null,"event":"postgres_changes","payload":{"data":{"table":"rooms","type":"UPDATE","record":{"id": "LGG3", "name": "Dexter", "season": 5, "episode": 1, "imdb_id": "tt0773262", "playlist": [{"id": "55EB824E-268B-438A-BB0B-368078D3E3F3", "season": 5, "episode": 1, "mediaItem": {"id": "tt0773262", "logo": "https://images.metahub.space/logo/medium/tt0773262/img", "name": "Dexter", "type": "series", "year": "2006–2013", "genres": ["Crime", "Drama", "Mystery"], "poster": "https://images.metahub.space/poster/small/tt0773262/img", "runtime": "53 min", "background": "https://images.metahub.space/background/medium/tt0773262/img", "imdbRating": "8.6", "description": "He's smart. He's lovable. He's Dexter Morgan, America's favorite serial killer, who spends his days solving crimes and his nights committing them.", "releaseInfo": "2006–2013"}}, {"id": "6C2916D8-5983-48A8-879A-F4A01DFB1A13", "season": 5, "episode": 2, "mediaItem": {"id": "tt0773262", "name": "Dexter", "type": "series", "poster": "https://m.media-amazon.com/images/M/MV5BMTQ3YmQ4YzMtOTkyZC00YmM5LThhZjEtM2E0MjFkNTc0OGJhXkEyXkFqcGc@._V1_SX250.jpg"}}, {"id": "95A0B67E-472C-4CB6-B646-ECEA69FCF911", "season": 5, "episode": 3, "mediaItem": {"id": "tt0773262", "name": "Dexter", "type": "series", "poster": "https://m.media-amazon.com/images/M/MV5BMTQ3YmQ4YzMtOTkyZC00YmM5LThhZjEtM2E0MjFkNTc0OGJhXkEyXkFqcGc@._V1_SX250.jpg"}}, {"id": "26796E09-432C-419B-AA7C-C2EBA213D96E", "season": 5, "episode": 4, "mediaItem": {"id": "tt0773262", "name": "Dexter", "type": "series", "poster": "https://m.media-amazon.com/images/M/MV5BMTQ3YmQ4YzMtOTkyZC00YmM5LThhZjEtM2E0MjFkNTc0OGJhXkEyXkFqcGc@._V1_SX250.jpg"}}, {"id": "31808A62-8C0B-4DF3-B1BF-860FC4B73C9B", "season": 5, "episode": 5, "mediaItem": {"id": "tt0773262", "name": "Dexter", "type": "series", "poster": "https://m.media-amazon.com/images/M/MV5BMTQ3YmQ4YzMtOTkyZC00YmM5LThhZjEtM2E0MjFkNTc0OGJhXkEyXkFqcGc@._V1_SX250.jpg"}}, {"id": "CDBC9894-74AD-480C-BBEC-D87350BA0704", "season": 5, "episode": 6, "mediaItem": {"id": "tt0773262", "name": "Dexter", "type": "series", "poster": "https://m.media-amazon.com/images/M/MV5BMTQ3YmQ4YzMtOTkyZC00YmM5LThhZjEtM2E0MjFkNTc0OGJhXkEyXkFqcGc@._V1_SX250.jpg"}}, {"id": "85A03E82-56A7-436C-B584-3A62258F9B67", "season": 5, "episode": 7, "mediaItem": {"id": "tt0773262", "name": "Dexter", "type": "series", "poster": "https://m.media-amazon.com/images/M/MV5BMTQ3YmQ4YzMtOTkyZC00YmM5LThhZjEtM2E0MjFkNTc0OGJhXkEyXkFqcGc@._V1_SX250.jpg"}}, {"id": "5DC64A9B-1E1F-44E4-AC94-8C897E227D29", "season": 5, "episode": 8, "mediaItem": {"id": "tt0773262", "name": "Dexter", "type": "series", "poster": "https://m.media-amazon.com/images/M/MV5BMTQ3YmQ4YzMtOTkyZC00YmM5LThhZjEtM2E0MjFkNTc0OGJhXkEyXkFqcGc@._V1_SX250.jpg"}}, {"id": "F4562D42-3275-4379-9F76-D6FB908BE84F", "season": 5, "episode": 9, "mediaItem": {"id": "tt0773262", "name": "Dexter", "type": "series", "poster": "https://m.media-amazon.com/images/M/MV5BMTQ3YmQ4YzMtOTkyZC00YmM5LThhZjEtM2E0MjFkNTc0OGJhXkEyXkFqcGc@._V1_SX250.jpg"}}, {"id": "765BEFEF-AEB6-4BFE-8C62-77E9DB8D4040", "season": 5, "episode": 10, "mediaItem": {"id": "tt0773262", "name": "Dexter", "type": "series", "poster": "https://m.media-amazon.com/images/M/MV5BMTQ3YmQ4YzMtOTkyZC00YmM5LThhZjEtM2E0MjFkNTc0OGJhXkEyXkFqcGc@._V1_SX250.jpg"}}, {"id": "323F5080-C926-4842-B88E-167D5785FC32", "season": 5, "episode": 11, "mediaItem": {"id": "tt0773262", "name": "Dexter", "type": "series", "poster": "https://m.media-amazon.com/images/M/MV5BMTQ3YmQ4YzMtOTkyZC00YmM5LThhZjEtM2E0MjFkNTc0OGJhXkEyXkFqcGc@._V1_SX250.jpg"}}, {"id": "474B73D2-FB6B-4C07-B30B-B4654124436B", "season": 5, "episode": 12, "mediaItem": {"id": "tt0773262", "name": "Dexter", "type": "series", "poster": "https://m.media-amazon.com/images/M/MV5BMTQ3YmQ4YzMtOTkyZC00YmM5LThhZjEtM2E0MjFkNTc0OGJhXkEyXkFqcGc@._V1_SX250.jpg"}}], "is_public": true, "created_at": "2025-12-23T16:57:46.773918", "is_playing": false, "poster_url": "https://images.metahub.space/poster/small/tt0773262/img", "description": null, "stream_hash": null, "backdrop_url": "https://images.metahub.space/background/medium/tt0773262/img", "host_user_id": "656daa91-33b4-4688-9132025-12-23 11:58:08.791 RedLemon[7693:68193] 📨 Lobby: Received Room UPDATE from Realtime
2025-12-23 11:58:08.791 RedLemon[7693:68193] 📨 Lobby: Received Room UPDATE from Realtime
2025-12-23 11:58:09.087 RedLemon[7693:69505] 📨 Realtime: Received broadcast message
2025-12-23 11:58:09.087 RedLemon[7693:69505]    Payload keys: senderId, chatText, chatUsername, timestamp, position, type
2025-12-23 11:58:09.088 RedLemon[7693:69505] ✅ Realtime: Decoded message type: chat, sender: 96e01cdb-36c0-4228-a6e4-a29a3c66bc8e
2025-12-23 11:58:09.088 RedLemon[7693:69505] 📞 Realtime: Invoking syncCallback for message type: chat
2025-12-23 11:58:09.088 RedLemon[7693:69505] ✅ Realtime: syncCallback invoked successfully
2025-12-23 11:58:09.118 RedLemon[7693:68193] 👋 Host received: Guest 'lemontom' joined room LGG3
2025-12-23 11:58:09.118 RedLemon[7693:68193]    Guest ID: 96e01cdb-36c0-4228-a6e4-a29a3c66bc8e, Total participants: 3
2025-12-23 11:58:09.118 RedLemon[7693:68193] 👥 Room status after join: 3 participants, 0 ready
5-c982ea52d7c9", "subtitle_url": null, "host_username": "ursinho", "last_activity": "2025-12-23T16:58:08.845542", "max_participants": 50, "selected_quality": null, "playback_position": 0, "selected_file_idx": null, "participants_count": 2, "unlocked_stream_url": null, "current_playlist_index": 0},"columns":[{"name": "id", "type": "text"}, {"name": "name", "type": "text"}, {"name": "host_user_id", "type": "uuid"}, {"name": "host_username", "type": "text"}, {"name": "stream_hash", "type": "text"}, {"name": "imdb_id", "type": "text"}, {"name": "poster_url", "type": "text"}, {"name": "backdrop_url", "type": "text"}, {"name": "playback_position", "type": "int4"}, {"name": "is_playing", "type": "bool"}, {"name": "participants_count", "type": "int4"}, {"name": "max_participants", "type": "int4"}, {"name": "is_public", "type": "bool"}, {"name": "created_at", "type": "timestamp"}, {"name": "last_activity", "type": "timestamp"}, {"name": "season", "type": "int4"}, {"name": "episode", "type": "int4"}, {"name": "selected_quality", "type": "text"}, {"name": "selected_file_idx", "type": "int4"}, {"name": "unlocked_stream_url", "type": "text"}, {"name": "description", "type": "text"}, {"name": "current_playlist_index", "type": "int4"}, {"name": "playlist", "type": "jsonb"}, {"name": "subtitle_url", "type": "text"}],"errors":null,"schema":"public","commit_timestamp":"2025-12-23T16:58:08.849Z","old_record":{"id": "LGG3"}},"ids":[67457933]},"topic":"realtime:watch-party:LGG3"}
🔄 Lobby: Fetching fresh room state from Supabase...
🔄 Lobby: Fetching fresh room state from Supabase...
💓 Heartbeat sent
💓 Heartbeat sent
📨 Received: {"ref":"6","event":"phx_reply","payload":{"status":"ok","response":{}},"topic":"phoenix"}
📨 Received: {"ref":"21","event":"phx_reply","payload":{"status":"ok","response":{}},"topic":"phoenix"}
🔍 Supabase Response for /rooms: [{"id":"LGG3","name":"Dexter","host_user_id":"656daa91-33b4-4688-9135-c982ea52d7c9","host_username":"ursinho","stream_hash":null,"imdb_id":"tt0773262","poster_url":"https://images.metahub.space/poster/small/tt0773262/img","backdrop_url":"https://images.metahub.space/background/medium/tt0773262/img","playback_position":0,"is_playing":false,"participants_count":2,"max_participants":50,"is_public":true,"created_at":"2025-12-23T16:57:46.773918","last_activity":"2025-12-23T16:58:08.845542","season":5,"episode":1,"selected_quality":null,"selected_file_idx":null,"unlocked_stream_url":null,"description":null,"current_playlist_index":0,"playlist":[{"id": "55EB824E-268B-438A-BB0B-368078D3E3F3", "season": 5, "episode": 1, "mediaItem": {"id": "tt0773262", "logo": "https://images.metahub.space/logo/medium/tt0773262/img", "name": "Dexter", "type": "series", "year": "2006–2013", "genres": ["Crime", "Drama", "Mystery"], "poster": "https://images.metahub.space/poster/small/tt0773262/img", "runtime": "53 min", "background": "https://images.metahub.space/background/medium/tt0773262/img", "imdbRating": "8.6", "description": "He's smart. He's lovable. He's Dexter Morgan, America's favorite serial killer, who spends his days solving crimes and his nights committing them.", "releaseInfo": "2006–2013"}}, {"id": "6C2916D8-5983-48A8-879A-F4A01DFB1A13", "season": 5, "episode": 2, "mediaItem": {"id": "tt0773262", "name": "Dexter", "type": "series", "poster": "https://m.media-amazon.com/images/M/MV5BMTQ3YmQ4YzMtOTkyZC00YmM5LThhZjEtM2E0MjFkNTc0OGJhXkEyXkFqcGc@._V1_SX250.jpg"}}, {"id": "95A0B67E-472C-4CB6-B646-ECEA69FCF911", "season": 5, "episode": 3, "mediaItem": {"id": "tt0773262", "name": "Dexter", "type": "series", "poster": "https://m.media-amazon.com/images/M/MV5BMTQ3YmQ4YzMtOTkyZC00YmM5LThhZjEtM2E0MjFkNTc0OGJhXkEyXkFqcGc@._V1_SX250.jpg"}}, {"id": "26796E09-432C-419B-AA7C-C2EBA213D96E", "season": 5, "episode": 4, "mediaItem": {"id": "tt0773262", "name": "Dexter", "type": "series", "poster": "https://m.media-amazon.com/images/M/MV5BMTQ3YmQ4YzMtOTkyZC00YmM5LThhZjEtM2E0MjFkNTc0OGJhXkEyXkFqcGc@._V1_SX250.jpg"}}, {"id": "31808A62-8C0B-4DF3-B1BF-860FC4B73C9B", "season": 5, "episode": 5, "mediaItem": {"id": "tt0773262", "name": "Dexter", "type": "series", "poster": "https://m.media-amazon.com/images/M/MV5BMTQ3YmQ4YzMtOTkyZC00YmM5LThhZjEtM2E0MjFkNTc0OGJhXkEyXkFqcGc@._V1_SX250.jpg"}}, {"id": "CDBC9894-74AD-480C-BBEC-D87350BA0704", "season": 5, "episode": 6, "mediaItem": {"id": "tt0773262", "name": "Dexter", "type": "series", "poster": "https://m.media-amazon.com/images/M/MV5BMTQ3YmQ4YzMtOTkyZC00YmM5LThhZjEtM2E0MjFkNTc0OGJhXkEyXkFqcGc@._V1_SX250.jpg"}}, {"id": "85A03E82-56A7-436C-B584-3A62258F9B67", "season": 5, "episode": 7, "mediaItem": {"id": "tt0773262", "name": "Dexter", "type": "series", "poster": "https://m.media-amazon.com/images/M/MV5BMTQ3YmQ4YzMtOTkyZC00YmM5LThhZjEtM2E0MjFkNTc0OGJhXkEyXkFqcGc@._V1_SX250.jpg"}}, {"id": "5DC64A9B-1E1F-44E4-AC94-8C897E227D29", "season": 5, "episode": 8, "mediaItem": {"id": "tt0773262", "name": "Dexter", "type": "series", "poster": "https://m.media-amazon.com/images/M/MV5BMTQ3YmQ4YzMtOTkyZC00YmM5LThhZjEtM2E0MjFkNTc0OGJhXkEyXkFqcGc@._V1_SX250.jpg"}}, {"id": "F4562D42-3275-4379-9F76-D6FB908BE84F", "season": 5, "episode": 9, "mediaItem": {"id": "tt0773262", "name": "Dexter", "type": "series", "poster": "https://m.media-amazon.com/images/M/MV5BMTQ3YmQ4YzMtOTkyZC00YmM5LThhZjEtM2E0MjFkNTc0OGJhXkEyXkFqcGc@._V1_SX250.jpg"}}, {"id": "765BEFEF-AEB6-4BFE-8C62-77E9DB8D4040", "season": 5, "episode": 10, "mediaItem": {"id": "tt0773262", "name": "Dexter", "type": "series", "poster": "https://m.media-amazon.com/images/M/MV5BMTQ3YmQ4YzMtOTkyZC00YmM5LThhZjEtM2E0MjFkNTc0OGJhXkEyXkFqcGc@._V1_SX250.jpg"}}, {"id": "323F5080-C926-4842-B88E-167D5785FC32", "season": 5, "episode": 11, "mediaItem": {"id": "tt0773262", "name": "Dexter", "type": "series", "poster": "https://m.media-amazon.com/images/M/MV5BMTQ3YmQ4YzMtOTkyZC00YmM5LThhZjEtM2E0MjFkNTc0OGJhXkEyXkFqcGc@._V1_SX250.jpg"}}, {"id": "474B73D2-FB6B-4C07-B30B-B4654124436B", "season": 5, "episode": 12, "mediaItem": {"id": "tt0773262", "name": "Dexter", "type": "series", "poster": "https://m.media-amazon.com/images/M/MV5BMTQ3YmQ4YzMtOTkyZC00YmM5LThhZjEtM2E0MjFkNTc0OGJhXkEyXkFqcGc@._V1_SX250.jpg"}}],"subtitle_url":null}]
✅ Lobby: Synced playlist with 12 items
✅ Lobby: Synced playlist index to 0
✅ Lobby: Synced stream info & playlist to AppState
🔍 Supabase Response for /rooms: [{"id":"LGG3","name":"Dexter","host_user_id":"656daa91-33b4-4688-9135-c982ea52d7c9","host_username":"ursinho","stream_hash":null,"imdb_id":"tt0773262","poster_url":"https://images.metahub.space/poster/small/tt0773262/img","backdrop_url":"https://images.metahub.space/background/medium/tt0773262/img","playback_position":0,"is_playing":false,"participants_count":2,"max_participants":50,"is_public":true,"created_at":"2025-12-23T16:57:46.773918","last_activity":"2025-12-23T16:58:08.845542","season":5,"episode":1,"selected_quality":null,"selected_file_idx":null,"unlocked_stream_url":null,"description":null,"current_playlist_index":0,"playlist":[{"id": "55EB824E-268B-438A-BB0B-368078D3E3F3", "season": 5, "episode": 1, "mediaItem": {"id": "tt0773262", "logo": "https://images.metahub.space/logo/medium/tt0773262/img", "name": "Dexter", "type": "series", "year": "2006–2013", "genres": ["Crime", "Drama", "Mystery"], "poster": "https://images.metahub.space/poster/small/tt0773262/img", "runtime": "53 min", "background": "https://images.metahub.space/background/medium/tt0773262/img", "imdbRating": "8.6", "description": "He's smart. He's lovable. He's Dexter Morgan, America's favorite serial killer, who spends his days solving crimes and his nights committing them.", "releaseInfo": "2006–2013"}}, {"id": "6C2916D8-5983-48A8-879A-F4A01DFB1A13", "season": 5, "episode": 2, "mediaItem": {"id": "tt0773262", "name": "Dexter", "type": "series", "poster": "https://m.media-amazon.com/images/M/MV5BMTQ3YmQ4YzMtOTkyZC00YmM5LThhZjEtM2E0MjFkNTc0OGJhXkEyXkFqcGc@._V1_SX250.jpg"}}, {"id": "95A0B67E-472C-4CB6-B646-ECEA69FCF911", "season": 5, "episode": 3, "mediaItem": {"id": "tt0773262", "name": "Dexter", "type": "series", "poster": "https://m.media-amazon.com/images/M/MV5BMTQ3YmQ4YzMtOTkyZC00YmM5LThhZjEtM2E0MjFkNTc0OGJhXkEyXkFqcGc@._V1_SX250.jpg"}}, {"id": "26796E09-432C-419B-AA7C-C2EBA213D96E", "season": 5, "episode": 4, "mediaItem": {"id": "tt0773262", "name": "Dexter", "type": "series", "poster": "https://m.media-amazon.com/images/M/MV5BMTQ3YmQ4YzMtOTkyZC00YmM5LThhZjEtM2E0MjFkNTc0OGJhXkEyXkFqcGc@._V1_SX250.jpg"}}, {"id": "31808A62-8C0B-4DF3-B1BF-860FC4B73C9B", "season": 5, "episode": 5, "mediaItem": {"id": "tt0773262", "name": "Dexter", "type": "series", "poster": "https://m.media-amazon.com/images/M/MV5BMTQ3YmQ4YzMtOTkyZC00YmM5LThhZjEtM2E0MjFkNTc0OGJhXkEyXkFqcGc@._V1_SX250.jpg"}}, {"id": "CDBC9894-74AD-480C-BBEC-D87350BA0704", "season": 5, "episode": 6, "mediaItem": {"id": "tt0773262", "name": "Dexter", "type": "series", "poster": "https://m.media-amazon.com/images/M/MV5BMTQ3YmQ4YzMtOTkyZC00YmM5LThhZjEtM2E0MjFkNTc0OGJhXkEyXkFqcGc@._V1_SX250.jpg"}}, {"id": "85A03E82-56A7-436C-B584-3A62258F9B67", "season": 5, "episode": 7, "mediaItem": {"id": "tt0773262", "name": "Dexter", "type": "series", "poster": "https://m.media-amazon.com/images/M/MV5BMTQ3YmQ4YzMtOTkyZC00YmM5LThhZjEtM2E0MjFkNTc0OGJhXkEyXkFqcGc@._V1_SX250.jpg"}}, {"id": "5DC64A9B-1E1F-44E4-AC94-8C897E227D29", "season": 5, "episode": 8, "mediaItem": {"id": "tt0773262", "name": "Dexter", "type": "series", "poster": "https://m.media-amazon.com/images/M/MV5BMTQ3YmQ4YzMtOTkyZC00YmM5LThhZjEtM2E0MjFkNTc0OGJhXkEyXkFqcGc@._V1_SX250.jpg"}}, {"id": "F4562D42-3275-4379-9F76-D6FB908BE84F", "season": 5, "episode": 9, "mediaItem": {"id": "tt0773262", "name": "Dexter", "type": "series", "poster": "https://m.media-amazon.com/images/M/MV5BMTQ3YmQ4YzMtOTkyZC00YmM5LThhZjEtM2E0MjFkNTc0OGJhXkEyXkFqcGc@._V1_SX250.jpg"}}, {"id": "765BEFEF-AEB6-4BFE-8C62-77E9DB8D4040", "season": 5, "episode": 10, "mediaItem": {"id": "tt0773262", "name": "Dexter", "type": "series", "poster": "https://m.media-amazon.com/images/M/MV5BMTQ3YmQ4YzMtOTkyZC00YmM5LThhZjEtM2E0MjFkNTc0OGJhXkEyXkFqcGc@._V1_SX250.jpg"}}, {"id": "323F5080-C926-4842-B88E-167D5785FC32", "season": 5, "episode": 11, "mediaItem": {"id": "tt0773262", "name": "Dexter", "type": "series", "poster": "https://m.media-amazon.com/images/M/MV5BMTQ3YmQ4YzMtOTkyZC00YmM5LThhZjEtM2E0MjFkNTc0OGJhXkEyXkFqcGc@._V1_SX250.jpg"}}, {"id": "474B73D2-FB6B-4C07-B30B-B4654124436B", "season": 5, "episode": 12, "mediaItem": {"id": "tt0773262", "name": "Dexter", "type": "series", "poster": "https://m.media-amazon.com/images/M/MV5BMTQ3YmQ4YzMtOTkyZC00YmM5LThhZjEtM2E0MjFkNTc0OGJhXkEyXkFqcGc@._V1_SX250.jpg"}}],"subtitle_url":null}]
✅ Lobby: Synced playlist with 12 items
✅ Lobby: Synced playlist index to 0
✅ Lobby: Synced stream info & playlist to AppState
📨 Received: {"ref":null,"event":"presence_diff","payload":{"joins":{"8ed25fd8-e020-11f0-afa1-0a58a9feac02":{"metas":[{"phx_ref":"GIPmqD1b7BGEIo9G","phx_ref_prev":"GIPmqCxznAKEIvfC","is_host":false,"joined_at":1766509088.947921,"user_id":"96e01cdb-36c0-4228-a6e4-a29a3c66bc8e","username":"lemontom"}]}},"leaves":{}},"topic":"realtime:watch-party:LGG3"}
📨 Received: {"ref":null,"event":"broadcast","payload":{"event":"sync","payload":{"chatText":"LOBBY_JOIN","chatUsername":"lemontom","position":0,"senderId":"96e01cdb-36c0-4228-a6e4-a29a3c66bc8e","timestamp":0,"type":"chat"},"type":"broadcast"},"topic":"realtime:watch-party:LGG3"}
ForEach<Array<Participant>, String, ParticipantRow>: the ID 96e01cdb-36c0-4228-a6e4-a29a3c66bc8e occurs multiple times within the collection, this will give undefined results!
📨 Received: {"ref":null,"event":"presence_diff","payload":{"joins":{"cad02b74-e01f-11f0-bae9-0a58a9feac02":{"metas":[{"phx_ref":"GIPmqCsxJXwrgbPB","phx_ref_prev":"GIPmphzDStErgfhO","last_seen":"2025-12-23T16:58:08.641Z","room_id":"LGG3","started_at":"2025-12-23T16:58:08.641Z","status":"In Lobby: Dexter","user_id":"96e01cdb-36c0-4228-a6e4-a29a3c66bc8e","username":"lemontom","watching_id":"tt0773262","watching_title":"Dexter","watching_type":"series"}]}},"leaves":{"cad02b74-e01f-11f0-bae9-0a58a9feac02":{"metas":[{"phx_ref":"GIPmphzDStErgfhO","phx_ref_prev":"GIPmoXT_zQgrgfNO","last_seen":"2025-12-23T16:57:59.810Z","status":"Browsing","user_id":"96e01cdb-36c0-4228-a6e4-a29a3c66bc8e","username":"lemontom"}]}}},"topic":"realtime:global-presence"}
📨 Received: {"ref":null,"event":"postgres_changes","payload":{"data":{"table":"direct_messages","type":"UPDATE","record":{"id": "387e9db4-7977-4cac-8c8e-f43db291a5b5", "content": "hey", "is_read": true, "sender_id": "96e01cdb-36c0-4228-a6e4-a29a3c66bc8e", "created_at": "2025-12-23T04:15:59.681039+00:00", "receiver_id": "656daa91-33b4-4688-9135-c982ea52d7c9"},"columns":[{"name": "id", "type": "uuid"}, {"name": "sender_id", "type": "uuid"}, {"name": "receiver_id", "type": "uuid"}, {"name": "content", "type": "text"}, {"name": "is_read", "type": "bool"}, {"name": "created_at", "type": "timestamptz"}],"errors":null,"schema":"public","commit_timestamp":"2025-12-23T16:58:16.438Z","old_record":{"id": "387e9db4-7977-4cac-8c8e-f43db291a5b5"}},"ids":[44215242]},"topic":"realtime:direct_messages"}
📨 Received: {"ref":null,"event":"postgres_changes","payload":{"data":{"table":"direct_messages","type":"UPDATE","record":{"id": "edb25c70-d396-4435-8762-7dfedaa102b2", "content": "hey", "is_read": true, "sender_id": "96e01cdb-36c0-4228-a6e4-a29a3c66bc8e", "created_at": "2025-12-23T04:15:11.28162+00:00", "receiver_id": "656daa91-33b4-4688-9135-c982ea52d7c9"},"columns":[{"name": "id", "type": "uuid"}, {"name": "sender_id", "type": "uuid"}, {"name": "receiver_id", "type": "uuid"}, {"name": "content", "type": "text"}, {"name": "is_read", "type": "bool"}, {"name": "created_at", "type": "timestamptz"}],"errors":null,"schema":"public","commit_timestamp":"2025-12-23T16:58:16.438Z","old_record":{"id": "edb25c70-d396-4435-8762-7dfedaa102b2"}},"ids":[44215242]},"topic":"realtime:direct_messages"}
📨 Received: {"ref":null,"event":"postgres_changes","payload":{"data":{"table":"direct_messages","type":"UPDATE","record":{"id": "342654ad-7029-4278-84e2-da6ce372fb88", "content": "INVITE|event_tt29268110|Smile 2", "is_read": true, "sender_id": "96e01cdb-36c0-4228-a6e4-a29a3c66bc8e", "created_at": "2025-12-22T18:12:13.144158+00:00", "receiver_id": "656daa91-33b4-4688-9135-c982ea52d7c9"},"columns":[{"name": "id", "type": "uuid"}, {"name": "sender_id", "type": "uuid"}, {"name": "receiver_id", "type": "uuid"}, {"name": "content", "type": "text"}, {"name": "is_read", "type": "bool"}, {"name": "created_at", "type": "timestamptz"}],"errors":null,"schema":"public","commit_timestamp":"2025-12-23T16:58:16.438Z","old_record":{"id": "342654ad-7029-4278-84e2-da6ce372fb88"}},"ids":[44215242]},"topic":"realtime:direct_messages"}
📨 Received: {"ref":null,"event":"postgres_changes","payload":{"data":{"table":"direct_messages","type":"UPDATE","record":{"id": "3c57c04d-1bca-483c-b0f2-84b8d77fe595", "content": "hi", "is_read": true, "sender_id": "96e01cdb-36c0-4228-a6e4-a29a3c66bc8e", "created_at": "2025-12-19T23:16:42.794066+00:00", "receiver_id": "656daa91-33b4-4688-9135-c982ea52d7c9"},"columns":[{"name": "id", "type": "uuid"}, {"name": "sender_id", "type": "uuid"}, {"name": "receiver_id", "type": "uuid"}, {"name": "content", "type": "text"}, {"name": "is_read", "type": "bool"}, {"name": "created_at", "type": "timestamptz"}],"errors":null,"schema":"public","commit_timestamp":"2025-12-23T16:58:16.438Z","old_record":{"id": "3c57c04d-1bca-483c-b0f2-84b8d77fe595"}},"ids":[44215242]},"topic":"realtime:direct_messages"}
📨 Received: {"ref":null,"event":"postgres_changes","payload":{"data":{"table":"direct_messages","type":"UPDATE","record":{"id": "840d7fd2-892f-4db0-a25d-31a637c9a24a", "content": "INVITE|HBER|F1: The Movie", "is_read": true, "sender_id": "96e01cdb-36c0-4228-a6e4-a29a3c66bc8e", "created_at": "2025-12-22T01:30:05.174366+00:00", "receiver_id": "656daa91-33b4-4688-9135-c982ea52d7c9"},"columns":[{"name": "id", "type": "uuid"}, {"name": "sender_id", "type": "uuid"}, {"name": "receiver_id", "type": "uuid"}, {"name": "content", "type": "text"}, {"name": "is_read", "type": "bool"}, {"name": "created_at", "type": "timestamptz"}],"errors":null,"schema":"public","commit_timestamp":"2025-12-23T16:58:16.438Z","old_record":{"id": "840d7fd2-892f-4db0-a25d-31a637c9a24a"}},"ids":[44215242]},"topic":"realtime:direct_messages"}
📨 Received: {"ref":null,"event":"postgres_changes","payload":{"data":{"table":"direct_messages","type":"UPDATE","record":{"id": "495eae5a-19e1-4d7f-8ef6-96fdf6e81cef", "content": "INVITE|J79J|F1: The Movie", "is_read": true, "sender_id": "96e01cdb-36c0-4228-a6e4-a29a3c66bc8e", "created_at": "2025-12-23T00:53:36.532257+00:00", "receiver_id": "656daa91-33b4-4688-9135-c982ea52d7c9"},"columns":[{"name": "id", "type": "uuid"}, {"name": "sender_id", "type": "uuid"}, {"name": "receiver_id", "type": "uuid"}, {"name": "content", "type": "text"}, {"name": "is_read", "type": "bool"}, {"name": "created_at", "type": "timestamptz"}],"errors":null,"schema":"public","commit_timestamp":"2025-12-23T16:58:16.438Z","old_record":{"id": "495eae5a-19e1-4d7f-8ef6-96fdf6e81cef"}},"ids":[44215242]},"topic":"realtime:direct_messages"}
📨 Received: {"ref":null,"event":"postgres_changes","payload":{"data":{"table":"direct_messages","type":"UPDATE","record":{"id": "8945618e-331c-4562-ad8f-e16c156656bb", "content": "INVITE|S4PN|F1: The Movie", "is_read": true, "sender_id": "96e01cdb-36c0-4228-a6e4-a29a3c66bc8e", "created_at": "2025-12-23T01:35:25.655351+00:00", "receiver_id": "656daa91-33b4-4688-9135-c982ea52d7c9"},"columns":[{"name": "id", "type": "uuid"}, {"name": "sender_id", "type": "uuid"}, {"name": "receiver_id", "type": "uuid"}, {"name": "content", "type": "text"}, {"name": "is_read", "type": "bool"}, {"name": "created_at", "type": "timestamptz"}],"errors":null,"schema":"public","commit_timestamp":"2025-12-23T16:58:16.438Z","old_record":{"id": "8945618e-331c-4562-ad8f-e16c156656bb"}},"ids":[44215242]},"topic":"realtime:direct_messages"}
📨 Received: {"ref":null,"event":"postgres_changes","payload":{"data":{"table":"direct_messages","type":"UPDATE","record":{"id": "f4d447a9-80ae-47ea-a7c0-4887bf9e1a33", "content": "hi", "is_read": true, "sender_id": "96e01cdb-36c0-4228-a6e4-a29a3c66bc8e", "created_at": "2025-12-23T03:21:25.12585+00:00", "receiver_id": "656daa91-33b4-4688-9135-c982ea52d7c9"},"columns":[{"name": "id", "type": "uuid"}, {"name": "sender_id", "type": "uuid"}, {"name": "receiver_id", "type": "uuid"}, {"name": "content", "type": "text"}, {"name": "is_read", "type": "bool"}, {"name": "created_at", "type": "timestamptz"}],"errors":null,"schema":"public","commit_timestamp":"2025-12-23T16:58:16.438Z","old_record":{"id": "f4d447a9-80ae-47ea-a7c0-4887bf9e1a33"}},"ids":[44215242]},"topic":"realtime:direct_messages"}
📨 Received: {"ref":null,"event":"postgres_changes","payload":{"data":{"table":"direct_messages","type":"UPDATE","record":{"id": "999ce127-a053-4f54-9347-5bbb43fbf5dc", "content": "whatsup", "is_read": true, "sender_id": "96e01cdb-36c0-4228-a6e4-a29a3c66bc8e", "created_at": "2025-12-23T03:21:45.268339+00:00", "receiver_id": "656daa91-33b4-4688-9135-c982ea52d7c9"},"columns":[{"name": "id", "type": "uuid"}, {"name": "sender_id", "type": "uuid"}, {"name": "receiver_id", "type": "uuid"}, {"name": "content", "type": "text"}, {"name": "is_read", "type": "bool"}, {"name": "created_at", "type": "timestamptz"}],"errors":null,"schema":"public","commit_timestamp":"2025-12-23T16:58:16.438Z","old_record":{"id": "999ce127-a053-4f54-9347-5bbb43fbf5dc"}},"ids":[44215242]},"topic":"realtime:direct_messages"}
📨 Received: {"ref":null,"event":"postgres_changes","payload":{"data":{"table":"direct_messages","type":"UPDATE","record":{"id": "e8061367-0775-43f3-b044-345cd2253732", "content": "hi", "is_read": true, "sender_id": "96e01cdb-36c0-4228-a6e4-a29a3c66bc8e", "created_at": "2025-12-23T16:28:06.840947+00:00", "receiver_id": "656daa91-33b4-4688-9135-c982ea52d7c9"},"columns":[{"name": "id", "type": "uuid"}, {"name": "sender_id", "type": "uuid"}, {"name": "receiver_id", "type": "uuid"}, {"name": "content", "type": "text"}, {"name": "is_read", "type": "bool"}, {"name": "created_at", "type": "timestamptz"}],"errors":null,"schema":"public","commit_timestamp":"2025-12-23T16:58:16.438Z","old_record":{"id": "e8061367-0775-43f3-b044-345cd2253732"}},"ids":[44215242]},"topic":"realtime:direct_messages"}
📨 Received: {"ref":null,"event":"postgres_changes","payload":{"data":{"table":"direct_messages","type":"UPDATE","record":{"id": "387e9db4-7977-4cac-8c8e-f43db291a5b5", "content": "hey", "is_read": true, "sender_id": "96e01cdb-36c0-4228-a6e4-a29a3c66bc8e", "created_at": "2025-12-23T04:15:59.681039+00:00", "receiver_id": "656daa91-33b4-4688-9135-c982ea52d7c9"},"columns":[{"name": "id", "type": "uuid"}, {"name": "sender_id", "type": "uuid"}, {"name": "receiver_id", "type": "uuid"}, {"name": "content", "type": "text"}, {"name": "is_read", "type": "bool"}, {"name": "created_at", "type": "timestamptz"}],"errors":null,"schema":"public","commit_timestamp":"2025-12-23T16:58:16.573Z","old_record":{"id": "387e9db4-7977-4cac-8c8e-f43db291a5b5"}},"ids":[44215242]},"topic":"realtime:direct_messages"}
📨 Received: {"ref":null,"event":"postgres_changes","payload":{"data":{"table":"direct_messages","type":"UPDATE","record":{"id": "edb25c70-d396-4435-8762-7dfedaa102b2", "content": "hey", "is_read": true, "sender_id": "96e01cdb-36c0-4228-a6e4-a29a3c66bc8e", "created_at": "2025-12-23T04:15:11.28162+00:00", "receiver_id": "656daa91-33b4-4688-9135-c982ea52d7c9"},"columns":[{"name": "id", "type": "uuid"}, {"name": "sender_id", "type": "uuid"}, {"name": "receiver_id", "type": "uuid"}, {"name": "content", "type": "text"}, {"name": "is_read", "type": "bool"}, {"name": "created_at", "type": "timestamptz"}],"errors":null,"schema":"public","commit_timestamp":"2025-12-23T16:58:16.573Z","old_record":{"id": "edb25c70-d396-4435-8762-7dfedaa102b2"}},"ids":[44215242]},"topic":"realtime:direct_messages"}
📨 Received: {"ref":null,"event":"postgres_changes","payload":{"data":{"table":"direct_messages","type":"UPDATE","record":{"id": "342654ad-7029-4278-84e2-da6ce372fb88", "content": "INVITE|event_tt29268110|Smile 2", "is_read": true, "sender_id": "96e01cdb-36c0-4228-a6e4-a29a3c66bc8e", "created_at": "2025-12-22T18:12:13.144158+00:00", "receiver_id": "656daa91-33b4-4688-9135-c982ea52d7c9"},"columns":[{"name": "id", "type": "uuid"}, {"name": "sender_id", "type": "uuid"}, {"name": "receiver_id", "type": "uuid"}, {"name": "content", "type": "text"}, {"name": "is_read", "type": "bool"}, {"name": "created_at", "type": "timestamptz"}],"errors":null,"schema":"public","commit_timestamp":"2025-12-23T16:58:16.573Z","old_record":{"id": "342654ad-7029-4278-84e2-da6ce372fb88"}},"ids":[44215242]},"topic":"realtime:direct_messages"}
📨 Received: {"ref":null,"event":"postgres_changes","payload":{"data":{"table":"direct_messages","type":"UPDATE","record":{"id": "3c57c04d-1bca-483c-b0f2-84b8d77fe595", "content": "hi", "is_read": true, "sender_id": "96e01cdb-36c0-4228-a6e4-a29a3c66bc8e", "created_at": "2025-12-19T23:16:42.794066+00:00", "receiver_id": "656daa91-33b4-4688-9135-c982ea52d7c9"},"columns":[{"name": "id", "type": "uuid"}, {"name": "sender_id", "type": "uuid"}, {"name": "receiver_id", "type": "uuid"}, {"name": "content", "type": "text"}, {"name": "is_read", "type": "bool"}, {"name": "created_at", "type": "timestamptz"}],"errors":null,"schema":"public","commit_timestamp":"2025-12-23T16:58:16.573Z","old_record":{"id": "3c57c04d-1bca-483c-b0f2-84b8d77fe595"}},"ids":[44215242]},"topic":"realtime:direct_messages"}
📨 Received: {"ref":null,"event":"postgres_changes","payload":{"data":{"table":"direct_messages","type":"UPDATE","record":{"id": "840d7fd2-892f-4db0-a25d-31a637c9a24a", "content": "INVITE|HBER|F1: The Movie", "is_read": true, "sender_id": "96e01cdb-36c0-4228-a6e4-a29a3c66bc8e", "created_at": "2025-12-22T01:30:05.174366+00:00", "receiver_id": "656daa91-33b4-4688-9135-c982ea52d7c9"},"columns":[{"name": "id", "type": "uuid"}, {"name": "sender_id", "type": "uuid"}, {"name": "receiver_id", "type": "uuid"}, {"name": "content", "type": "text"}, {"name": "is_read", "type": "bool"}, {"name": "created_at", "type": "timestamptz"}],"errors":null,"schema":"public","commit_timestamp":"2025-12-23T16:58:16.573Z","old_record":{"id": "840d7fd2-892f-4db0-a25d-31a637c9a24a"}},"ids":[44215242]},"topic":"realtime:direct_messages"}
📨 Received: {"ref":null,"event":"postgres_changes","payload":{"data":{"table":"direct_messages","type":"UPDATE","record":{"id": "495eae5a-19e1-4d7f-8ef6-96fdf6e81cef", "content": "INVITE|J79J|F1: The Movie", "is_read": true, "sender_id": "96e01cdb-36c0-4228-a6e4-a29a3c66bc8e", "created_at": "2025-12-23T00:53:36.532257+00:00", "receiver_id": "656daa91-33b4-4688-9135-c982ea52d7c9"},"columns":[{"name": "id", "type": "uuid"}, {"name": "sender_id", "type": "uuid"}, {"name": "receiver_id", "type": "uuid"}, {"name": "content", "type": "text"}, {"name": "is_read", "type": "bool"}, {"name": "created_at", "type": "timestamptz"}],"errors":null,"schema":"public","commit_timestamp":"2025-12-23T16:58:16.573Z","old_record":{"id": "495eae5a-19e1-4d7f-8ef6-96fdf6e81cef"}},"ids":[44215242]},"topic":"realtime:direct_messages"}
📨 Received: {"ref":null,"event":"postgres_changes","payload":{"data":{"table":"direct_messages","type":"UPDATE","record":{"id": "8945618e-331c-4562-ad8f-e16c156656bb", "content": "INVITE|S4PN|F1: The Movie", "is_read": true, "sender_id": "96e01cdb-36c0-4228-a6e4-a29a3c66bc8e", "created_at": "2025-12-23T01:35:25.655351+00:00", "receiver_id": "656daa91-33b4-4688-9135-c982ea52d7c9"},"columns":[{"name": "id", "type": "uuid"}, {"name": "sender_id", "type": "uuid"}, {"name": "receiver_id", "type": "uuid"}, {"name": "content", "type": "text"}, {"name": "is_read", "type": "bool"}, {"name": "created_at", "type": "timestamptz"}],"errors":null,"schema":"public","commit_timestamp":"2025-12-23T16:58:16.573Z","old_record":{"id": "8945618e-331c-4562-ad8f-e16c156656bb"}},"ids":[44215242]},"topic":"realtime:direct_messages"}
📨 Received: {"ref":null,"event":"postgres_changes","payload":{"data":{"table":"direct_messages","type":"UPDATE","record":{"id": "f4d447a9-80ae-47ea-a7c0-4887bf9e1a33", "content": "hi", "is_read": true, "sender_id": "96e01cdb-36c0-4228-a6e4-a29a3c66bc8e", "created_at": "2025-12-23T03:21:25.12585+00:00", "receiver_id": "656daa91-33b4-4688-9135-c982ea52d7c9"},"columns":[{"name": "id", "type": "uuid"}, {"name": "sender_id", "type": "uuid"}, {"name": "receiver_id", "type": "uuid"}, {"name": "content", "type": "text"}, {"name": "is_read", "type": "bool"}, {"name": "created_at", "type": "timestamptz"}],"errors":null,"schema":"public","commit_timestamp":"2025-12-23T16:58:16.573Z","old_record":{"id": "f4d447a9-80ae-47ea-a7c0-4887bf9e1a33"}},"ids":[44215242]},"topic":"realtime:direct_messages"}
📨 Received: {"ref":null,"event":"postgres_changes","payload":{"data":{"table":"direct_messages","type":"UPDATE","record":{"id": "999ce127-a053-4f54-9347-5bbb43fbf5dc", "content": "whatsup", "is_read": true, "sender_id": "96e01cdb-36c0-4228-a6e4-a29a3c66bc8e", "created_at": "2025-12-23T03:21:45.268339+00:00", "receiver_id": "656daa91-33b4-4688-9135-c982ea52d7c9"},"columns":[{"name": "id", "type": "uuid"}, {"name": "sender_id", "type": "uuid"}, {"name": "receiver_id", "type": "uuid"}, {"name": "content", "type": "text"}, {"name": "is_read", "type": "bool"}, {"name": "created_at", "type": "timestamptz"}],"errors":null,"schema":"public","commit_timestamp":"2025-12-23T16:58:16.573Z","old_record":{"id": "999ce127-a053-4f54-9347-5bbb43fbf5dc"}},"ids":[44215242]},"topic":"realtime:direct_messages"}
📨 Received: {"ref":null,"event":"postgres_changes","payload":{"data":{"table":"direct_messages","type":"UPDATE","record":{"id": "e8061367-0775-43f3-b044-345cd2253732", "content": "hi", "is_read": true, "sender_id": "96e01cdb-36c0-4228-a6e4-a29a3c66bc8e", "created_at": "2025-12-23T16:28:06.840947+00:00", "receiver_id": "656daa91-33b4-4688-9135-c982ea52d7c9"},"columns":[{"name": "id", "type": "uuid"}, {"name": "sender_id", "type": "uuid"}, {"name": "receiver_id", "type": "uuid"}, {"name": "content", "type": "text"}, {"name": "is_read", "type": "bool"}, {"name": "created_at", "type": "timestamptz"}],"errors":null,"schema":"public","commit_timestamp":"2025-12-23T16:58:16.573Z","old_record":{"id": "e8061367-0775-43f3-b044-345cd2253732"}},"ids":[44215242]},"topic":"realtime:direct_messages"}
📨 Received: {"ref":null,"event":"postgres_changes","payload":{"data":{"table":"direct_messages","type":"UPDATE","record":{"id": "387e9db4-7977-4cac-8c8e-f43db291a5b5", "content": "hey", "is_read": true, "sender_id": "96e01cdb-36c0-4228-a6e4-a29a3c66bc8e", "created_at": "2025-12-23T04:15:59.681039+00:00", "receiver_id": "656daa91-33b4-4688-9135-c982ea52d7c9"},"columns":[{"name": "id", "type": "uuid"}, {"name": "sender_id", "type": "uuid"}, {"name": "receiver_id", "type": "uuid"}, {"name": "content", "type": "text"}, {"name": "is_read", "type": "bool"}, {"name": "created_at", "type": "timestamptz"}],"errors":null,"schema":"public","commit_timestamp":"2025-12-23T16:58:16.606Z","old_record":{"id": "387e9db4-7977-4cac-8c8e-f43db291a5b5"}},"ids":[44215242]},"topic":"realtime:direct_messages"}
📨 Received: {"ref":null,"event":"postgres_changes","payload":{"data":{"table":"direct_messages","type":"UPDATE","record":{"id": "edb25c70-d396-4435-8762-7dfedaa102b2", "content": "hey", "is_read": true, "sender_id": "96e01cdb-36c0-4228-a6e4-a29a3c66bc8e", "created_at": "2025-12-23T04:15:11.28162+00:00", "receiver_id": "656daa91-33b4-4688-9135-c982ea52d7c9"},"columns":[{"name": "id", "type": "uuid"}, {"name": "sender_id", "type": "uuid"}, {"name": "receiver_id", "type": "uuid"}, {"name": "content", "type": "text"}, {"name": "is_read", "type": "bool"}, {"name": "created_at", "type": "timestamptz"}],"errors":null,"schema":"public","commit_timestamp":"2025-12-23T16:58:16.606Z","old_record":{"id": "edb25c70-d396-4435-8762-7dfedaa102b2"}},"ids":[44215242]},"topic":"realtime:direct_messages"}
📨 Received: {"ref":null,"event":"postgres_changes","payload":{"data":{"table":"direct_messages","type":"UPDATE","record":{"id": "342654ad-7029-4278-84e2-da6ce372fb88", "content": "INVITE|event_tt29268110|Smile 2", "is_read": true, "sender_id": "96e01cdb-36c0-4228-a6e4-a29a3c66bc8e", "created_at": "2025-12-22T18:12:13.144158+00:00", "receiver_id": "656daa91-33b4-4688-9135-c982ea52d7c9"},"columns":[{"name": "id", "type": "uuid"}, {"name": "sender_id", "type": "uuid"}, {"name": "receiver_id", "type": "uuid"}, {"name": "content", "type": "text"}, {"name": "is_read", "type": "bool"}, {"name": "created_at", "type": "timestamptz"}],"errors":null,"schema":"public","commit_timestamp":"2025-12-23T16:58:16.606Z","old_record":{"id": "342654ad-7029-4278-84e2-da6ce372fb88"}},"ids":[44215242]},"topic":"realtime:direct_messages"}
📨 Received: {"ref":null,"event":"postgres_changes","payload":{"data":{"table":"direct_messages","type":"UPDATE","record":{"id": "3c57c04d-1bca-483c-b0f2-84b8d77fe595", "content": "hi", "is_read": true, "sender_id": "96e01cdb-36c0-4228-a6e4-a29a3c66bc8e", "created_at": "2025-12-19T23:16:42.794066+00:00", "receiver_id": "656daa91-33b4-4688-9135-c982ea52d7c9"},"columns":[{"name": "id", "type": "uuid"}, {"name": "sender_id", "type": "uuid"}, {"name": "receiver_id", "type": "uuid"}, {"name": "content", "type": "text"}, {"name": "is_read", "type": "bool"}, {"name": "created_at", "type": "timestamptz"}],"errors":null,"schema":"public","commit_timestamp":"2025-12-23T16:58:16.606Z","old_record":{"id": "3c57c04d-1bca-483c-b0f2-84b8d77fe595"}},"ids":[44215242]},"topic":"realtime:direct_messages"}
📨 Received: {"ref":null,"event":"postgres_changes","payload":{"data":{"table":"direct_messages","type":"UPDATE","record":{"id": "840d7fd2-892f-4db0-a25d-31a637c9a24a", "content": "INVITE|HBER|F1: The Movie", "is_read": true, "sender_id": "96e01cdb-36c0-4228-a6e4-a29a3c66bc8e", "created_at": "2025-12-22T01:30:05.174366+00:00", "receiver_id": "656daa91-33b4-4688-9135-c982ea52d7c9"},"columns":[{"name": "id", "type": "uuid"}, {"name": "sender_id", "type": "uuid"}, {"name": "receiver_id", "type": "uuid"}, {"name": "content", "type": "text"}, {"name": "is_read", "type": "bool"}, {"name": "created_at", "type": "timestamptz"}],"errors":null,"schema":"public","commit_timestamp":"2025-12-23T16:58:16.606Z","old_record":{"id": "840d7fd2-892f-4db0-a25d-31a637c9a24a"}},"ids":[44215242]},"topic":"realtime:direct_messages"}
📨 Received: {"ref":null,"event":"postgres_changes","payload":{"data":{"table":"direct_messages","type":"UPDATE","record":{"id": "495eae5a-19e1-4d7f-8ef6-96fdf6e81cef", "content": "INVITE|J79J|F1: The Movie", "is_read": true, "sender_id": "96e01cdb-36c0-4228-a6e4-a29a3c66bc8e", "created_at": "2025-12-23T00:53:36.532257+00:00", "receiver_id": "656daa91-33b4-4688-9135-c982ea52d7c9"},"columns":[{"name": "id", "type": "uuid"}, {"name": "sender_id", "type": "uuid"}, {"name": "receiver_id", "type": "uuid"}, {"name": "content", "type": "text"}, {"name": "is_read", "type": "bool"}, {"name": "created_at", "type": "timestamptz"}],"errors":null,"schema":"public","commit_timestamp":"2025-12-23T16:58:16.606Z","old_record":{"id": "495eae5a-19e1-4d7f-8ef6-96fdf6e81cef"}},"ids":[44215242]},"topic":"realtime:direct_messages"}
📨 Received: {"ref":null,"event":"postgres_changes","payload":{"data":{"table":"direct_messages","type":"UPDATE","record":{"id": "8945618e-331c-4562-ad8f-e16c156656bb", "content": "INVITE|S4PN|F1: The Movie", "is_read": true, "sender_id": "96e01cdb-36c0-4228-a6e4-a29a3c66bc8e", "created_at": "2025-12-23T01:35:25.655351+00:00", "receiver_id": "656daa91-33b4-4688-9135-c982ea52d7c9"},"columns":[{"name": "id", "type": "uuid"}, {"name": "sender_id", "type": "uuid"}, {"name": "receiver_id", "type": "uuid"}, {"name": "content", "type": "text"}, {"name": "is_read", "type": "bool"}, {"name": "created_at", "type": "timestamptz"}],"errors":null,"schema":"public","commit_timestamp":"2025-12-23T16:58:16.606Z","old_record":{"id": "8945618e-331c-4562-ad8f-e16c156656bb"}},"ids":[44215242]},"topic":"realtime:direct_messages"}
📨 Received: {"ref":null,"event":"postgres_changes","payload":{"data":{"table":"direct_messages","type":"UPDATE","record":{"id": "f4d447a9-80ae-47ea-a7c0-4887bf9e1a33", "content": "hi", "is_read": true, "sender_id": "96e01cdb-36c0-4228-a6e4-a29a3c66bc8e", "created_at": "2025-12-23T03:21:25.12585+00:00", "receiver_id": "656daa91-33b4-4688-9135-c982ea52d7c9"},"columns":[{"name": "id", "type": "uuid"}, {"name": "sender_id", "type": "uuid"}, {"name": "receiver_id", "type": "uuid"}, {"name": "content", "type": "text"}, {"name": "is_read", "type": "bool"}, {"name": "created_at", "type": "timestamptz"}],"errors":null,"schema":"public","commit_timestamp":"2025-12-23T16:58:16.606Z","old_record":{"id": "f4d447a9-80ae-47ea-a7c0-4887bf9e1a33"}},"ids":[44215242]},"topic":"realtime:direct_messages"}
📨 Received: {"ref":null,"event":"postgres_changes","payload":{"data":{"table":"direct_messages","type":"UPDATE","record":{"id": "999ce127-a053-4f54-9347-5bbb43fbf5dc", "content": "whatsup", "is_read": true, "sender_id": "96e01cdb-36c0-4228-a6e4-a29a3c66bc8e", "created_at": "2025-12-23T03:21:45.268339+00:00", "receiver_id": "656daa91-33b4-4688-9135-c982ea52d7c9"},"columns":[{"name": "id", "type": "uuid"}, {"name": "sender_id", "type": "uuid"}, {"name": "receiver_id", "type": "uuid"}, {"name": "content", "type": "text"}, {"name": "is_read", "type": "bool"}, {"name": "created_at", "type": "timestamptz"}],"errors":null,"schema":"public","commit_timestamp":"2025-12-23T16:58:16.606Z","old_record":{"id": "999ce127-a053-4f54-9347-5bbb43fbf5dc"}},"ids":[44215242]},"topic":"realtime:direct_messages"}
📨 Received: {"ref":null,"event":"postgres_changes","payload":{"data":{"table":"direct_messages","type":"UPDATE","record":{"id": "e8061367-0775-43f3-b044-345cd2253732", "content": "hi", "is_read": true, "sender_id": "96e01cdb-36c0-4228-a6e4-a29a3c66bc8e", "created_at": "2025-12-23T16:28:06.840947+00:00", "receiver_id": "656daa91-33b4-4688-9135-c982ea52d7c9"},"columns":[{"name": "id", "type": "uuid"}, {"name": "sender_id", "type": "uuid"}, {"name": "receiver_id", "type": "uuid"}, {"name": "content", "type": "text"}, {"name": "is_read", "type": "bool"}, {"name": "created_at", "type": "timestamptz"}],"errors":null,"schema":"public","commit_timestamp":"2025-12-23T16:58:16.606Z","old_record":{"id": "e8061367-0775-43f3-b044-345cd2253732"}},"ids":[44215242]},"topic":"realtime:direct_messages"}
📨 Received: {"ref":null,"event":"postgres_changes","payload":{"data":{"table":"direct_messages","type":"INSERT","record":{"id": "7bbc5d2f-a806-4f8b-a9b9-a3da109597f8", "content": "hi", "is_read": false, "sender_id": "656daa91-33b4-4688-9135-c982ea52d7c9", "created_at": "2025-12-23T16:58:19.273446+00:00", "receiver_id": "96e01cdb-36c0-4228-a6e4-a29a3c66bc8e"},"columns":[{"name": "id", "type": "uuid"}, {"name": "sender_id", "type": "uuid"}, {"name": "receiver_id", "type": "uuid"}, {"name": "content", "type": "text"}, {"name": "is_read", "type": "bool"}, {"name": "created_at", "type": "timestamptz"}],"errors":null,"schema":"public","commit_timestamp":"2025-12-23T16:58:19.277Z"},"ids":[13418599]},"topic":"realtime:direct_messages"}
🧹 SocialService: Replacing optimistic message
📨 SocialService: New message from/to 96e01cdb-36c0-4228-a6e4-a29a3c66bc8e
📨 Received: {"ref":null,"event":"postgres_changes","payload":{"data":{"table":"direct_messages","type":"UPDATE","record":{"id": "387e9db4-7977-4cac-8c8e-f43db291a5b5", "content": "hey", "is_read": true, "sender_id": "96e01cdb-36c0-4228-a6e4-a29a3c66bc8e", "created_at": "2025-12-23T04:15:59.681039+00:00", "receiver_id": "656daa91-33b4-4688-9135-c982ea52d7c9"},"columns":[{"name": "id", "type": "uuid"}, {"name": "sender_id", "type": "uuid"}, {"name": "receiver_id", "type": "uuid"}, {"name": "content", "type": "text"}, {"name": "is_read", "type": "bool"}, {"name": "created_at", "type": "timestamptz"}],"errors":null,"schema":"public","commit_timestamp":"2025-12-23T16:58:19.299Z","old_record":{"id": "387e9db4-7977-4cac-8c8e-f43db291a5b5"}},"ids":[44215242]},"topic":"realtime:direct_messages"}
📨 Received: {"ref":null,"event":"postgres_changes","payload":{"data":{"table":"direct_messages","type":"UPDATE","record":{"id": "edb25c70-d396-4435-8762-7dfedaa102b2", "content": "hey", "is_read": true, "sender_id": "96e01cdb-36c0-4228-a6e4-a29a3c66bc8e", "created_at": "2025-12-23T04:15:11.28162+00:00", "receiver_id": "656daa91-33b4-4688-9135-c982ea52d7c9"},"columns":[{"name": "id", "type": "uuid"}, {"name": "sender_id", "type": "uuid"}, {"name": "receiver_id", "type": "uuid"}, {"name": "content", "type": "text"}, {"name": "is_read", "type": "bool"}, {"name": "created_at", "type": "timestamptz"}],"errors":null,"schema":"public","commit_timestamp":"2025-12-23T16:58:19.299Z","old_record":{"id": "edb25c70-d396-4435-8762-7dfedaa102b2"}},"ids":[44215242]},"topic":"realtime:direct_messages"}
📨 Received: {"ref":null,"event":"postgres_changes","payload":{"data":{"table":"direct_messages","type":"UPDATE","record":{"id": "342654ad-7029-4278-84e2-da6ce372fb88", "content": "INVITE|event_tt29268110|Smile 2", "is_read": true, "sender_id": "96e01cdb-36c0-4228-a6e4-a29a3c66bc8e", "created_at": "2025-12-22T18:12:13.144158+00:00", "receiver_id": "656daa91-33b4-4688-9135-c982ea52d7c9"},"columns":[{"name": "id", "type": "uuid"}, {"name": "sender_id", "type": "uuid"}, {"name": "receiver_id", "type": "uuid"}, {"name": "content", "type": "text"}, {"name": "is_read", "type": "bool"}, {"name": "created_at", "type": "timestamptz"}],"errors":null,"schema":"public","commit_timestamp":"2025-12-23T16:58:19.299Z","old_record":{"id": "342654ad-7029-4278-84e2-da6ce372fb88"}},"ids":[44215242]},"topic":"realtime:direct_messages"}
📨 Received: {"ref":null,"event":"postgres_changes","payload":{"data":{"table":"direct_messages","type":"UPDATE","record":{"id": "3c57c04d-1bca-483c-b0f2-84b8d77fe595", "content": "hi", "is_read": true, "sender_id": "96e01cdb-36c0-4228-a6e4-a29a3c66bc8e", "created_at": "2025-12-19T23:16:42.794066+00:00", "receiver_id": "656daa91-33b4-4688-9135-c982ea52d7c9"},"columns":[{"name": "id", "type": "uuid"}, {"name": "sender_id", "type": "uuid"}, {"name": "receiver_id", "type": "uuid"}, {"name": "content", "type": "text"}, {"name": "is_read", "type": "bool"}, {"name": "created_at", "type": "timestamptz"}],"errors":null,"schema":"public","commit_timestamp":"2025-12-23T16:58:19.299Z","old_record":{"id": "3c57c04d-1bca-483c-b0f2-84b8d77fe595"}},"ids":[44215242]},"topic":"realtime:direct_messages"}
📨 Received: {"ref":null,"event":"postgres_changes","payload":{"data":{"table":"direct_messages","type":"UPDATE","record":{"id": "840d7fd2-892f-4db0-a25d-31a637c9a24a", "content": "INVITE|HBER|F1: The Movie", "is_read": true, "sender_id": "96e01cdb-36c0-4228-a6e4-a29a3c66bc8e", "created_at": "2025-12-22T01:30:05.174366+00:00", "receiver_id": "656daa91-33b4-4688-9135-c982ea52d7c9"},"columns":[{"name": "id", "type": "uuid"}, {"name": "sender_id", "type": "uuid"}, {"name": "receiver_id", "type": "uuid"}, {"name": "content", "type": "text"}, {"name": "is_read", "type": "bool"}, {"name": "created_at", "type": "timestamptz"}],"errors":null,"schema":"public","commit_timestamp":"2025-12-23T16:58:19.299Z","old_record":{"id": "840d7fd2-892f-4db0-a25d-31a637c9a24a"}},"ids":[44215242]},"topic":"realtime:direct_messages"}
📨 Received: {"ref":null,"event":"postgres_changes","payload":{"data":{"table":"direct_messages","type":"UPDATE","record":{"id": "495eae5a-19e1-4d7f-8ef6-96fdf6e81cef", "content": "INVITE|J79J|F1: The Movie", "is_read": true, "sender_id": "96e01cdb-36c0-4228-a6e4-a29a3c66bc8e", "created_at": "2025-12-23T00:53:36.532257+00:00", "receiver_id": "656daa91-33b4-4688-9135-c982ea52d7c9"},"columns":[{"name": "id", "type": "uuid"}, {"name": "sender_id", "type": "uuid"}, {"name": "receiver_id", "type": "uuid"}, {"name": "content", "type": "text"}, {"name": "is_read", "type": "bool"}, {"name": "created_at", "type": "timestamptz"}],"errors":null,"schema":"public","commit_timestamp":"2025-12-23T16:58:19.299Z","old_record":{"id": "495eae5a-19e1-4d7f-8ef6-96fdf6e81cef"}},"ids":[44215242]},"topic":"realtime:direct_messages"}
📨 Received: {"ref":null,"event":"postgres_changes","payload":{"data":{"table":"direct_messages","type":"UPDATE","record":{"id": "8945618e-331c-4562-ad8f-e16c156656bb", "content": "INVITE|S4PN|F1: The Movie", "is_read": true, "sender_id": "96e01cdb-36c0-4228-a6e4-a29a3c66bc8e", "created_at": "2025-12-23T01:35:25.655351+00:00", "receiver_id": "656daa91-33b4-4688-9135-c982ea52d7c9"},"columns":[{"name": "id", "type": "uuid"}, {"name": "sender_id", "type": "uuid"}, {"name": "receiver_id", "type": "uuid"}, {"name": "content", "type": "text"}, {"name": "is_read", "type": "bool"}, {"name": "created_at", "type": "timestamptz"}],"errors":null,"schema":"public","commit_timestamp":"2025-12-23T16:58:19.299Z","old_record":{"id": "8945618e-331c-4562-ad8f-e16c156656bb"}},"ids":[44215242]},"topic":"realtime:direct_messages"}
📨 Received: {"ref":null,"event":"postgres_changes","payload":{"data":{"table":"direct_messages","type":"UPDATE","record":{"id": "f4d447a9-80ae-47ea-a7c0-4887bf9e1a33", "content": "hi", "is_read": true, "sender_id": "96e01cdb-36c0-4228-a6e4-a29a3c66bc8e", "created_at": "2025-12-23T03:21:25.12585+00:00", "receiver_id": "656daa91-33b4-4688-9135-c982ea52d7c9"},"columns":[{"name": "id", "type": "uuid"}, {"name": "sender_id", "type": "uuid"}, {"name": "receiver_id", "type": "uuid"}, {"name": "content", "type": "text"}, {"name": "is_read", "type": "bool"}, {"name": "created_at", "type": "timestamptz"}],"errors":null,"schema":"public","commit_timestamp":"2025-12-23T16:58:19.299Z","old_record":{"id": "f4d447a9-80ae-47ea-a7c0-4887bf9e1a33"}},"ids":[44215242]},"topic":"realtime:direct_messages"}
📨 Received: {"ref":null,"event":"postgres_changes","payload":{"data":{"table":"direct_messages","type":"UPDATE","record":{"id": "999ce127-a053-4f54-9347-5bbb43fbf5dc", "content": "whatsup", "is_read": true, "sender_id": "96e01cdb-36c0-4228-a6e4-a29a3c66bc8e", "created_at": "2025-12-23T03:21:45.268339+00:00", "receiver_id": "656daa91-33b4-4688-9135-c982ea52d7c9"},"columns":[{"name": "id", "type": "uuid"}, {"name": "sender_id", "type": "uuid"}, {"name": "receiver_id", "type": "uuid"}, {"name": "content", "type": "text"}, {"name": "is_read", "type": "bool"}, {"name": "created_at", "type": "timestamptz"}],"errors":null,"schema":"public","commit_timestamp":"2025-12-23T16:58:19.299Z","old_record":{"id": "999ce127-a053-4f54-9347-5bbb43fbf5dc"}},"ids":[44215242]},"topic":"realtime:direct_messages"}
📨 Received: {"ref":null,"event":"postgres_changes","payload":{"data":{"table":"direct_messages","type":"UPDATE","record":{"id": "e8061367-0775-43f3-b044-345cd2253732", "content": "hi", "is_read": true, "sender_id": "96e01cdb-36c0-4228-a6e4-a29a3c66bc8e", "created_at": "2025-12-23T16:28:06.840947+00:00", "receiver_id": "656daa91-33b4-4688-9135-c982ea52d7c9"},"columns":[{"name": "id", "type": "uuid"}, {"name": "sender_id", "type": "uuid"}, {"name": "receiver_id", "type": "uuid"}, {"name": "content", "type": "text"}, {"name": "is_read", "type": "bool"}, {"name": "created_at", "type": "timestamptz"}],"errors":null,"schema":"public","commit_timestamp":"2025-12-23T16:58:19.299Z","old_record":{"id": "e8061367-0775-43f3-b044-345cd2253732"}},"ids":[44215242]},"topic":"realtime:direct_messages"}
📨 Received: {"ref":null,"event":"presence_diff","payload":{"joins":{"cad02b74-e01f-11f0-bae9-0a58a9feac02":{"metas":[{"phx_ref":"GIPmqsU_hJwrgWYN","phx_ref_prev":"GIPmqCsxJXwrgbPB","last_seen":"2025-12-23T16:58:19.811Z","room_id":"LGG3","started_at":"2025-12-23T16:58:08.641Z","status":"In Lobby: Dexter","user_id":"96e01cdb-36c0-4228-a6e4-a29a3c66bc8e","username":"lemontom","watching_id":"tt0773262","watching_title":"Dexter","watching_type":"series"}]}},"leaves":{"cad02b74-e01f-11f0-bae9-0a58a9feac02":{"metas":[{"phx_ref":"GIPmqCsxJXwrgbPB","phx_ref_prev":"GIPmphzDStErgfhO","last_seen":"2025-12-23T16:58:08.641Z","room_id":"LGG3","started_at":"2025-12-23T16:58:08.641Z","status":"In Lobby: Dexter","user_id":"96e01cdb-36c0-4228-a6e4-a29a3c66bc8e","username":"lemontom","watching_id":"tt0773262","watching_title":"Dexter","watching_type":"series"}]}}},"topic":"realtime:global-presence"}
📨 Received: {"ref":"22","event":"phx_reply","payload":{"status":"ok","response":{}},"topic":"realtime:global-presence"}
📨 Received: {"ref":null,"event":"presence_diff","payload":{"joins":{"2151249e-e020-11f0-a0a1-0a58a9feac02":{"metas":[{"phx_ref":"GIPmq_Zo0kUQ-LdC","phx_ref_prev":"GIPmp05mBb0Q-DaP","last_seen":"2025-12-23T16:58:24.975Z","room_id":"LGG3","started_at":"2025-12-23T16:57:46.946Z","status":"In Lobby: Dexter","user_id":"656daa91-33b4-4688-9135-c982ea52d7c9","username":"ursinho","watching_id":"tt0773262","watching_title":"Dexter","watching_type":"series"}]}},"leaves":{"2151249e-e020-11f0-a0a1-0a58a9feac02":{"metas":[{"phx_ref":"GIPmp05mBb0Q-DaP","phx_ref_prev":"GIPmoxwBRLgQ-BrD","last_seen":"2025-12-23T16:58:04.974Z","room_id":"LGG3","started_at":"2025-12-23T16:57:46.946Z","status":"In Lobby: Dexter","user_id":"656daa91-33b4-4688-9135-c982ea52d7c9","username":"ursinho","watching_id":"tt0773262","watching_title":"Dexter","watching_type":"series"}]}}},"topic":"realtime:global-presence"}
📨 Received: {"ref":null,"event":"postgres_changes","payload":{"data":{"table":"direct_messages","type":"UPDATE","record":{"id": "e1b4edf1-3bb8-4e17-be3b-eb28a25a632c", "content": "hey", "is_read": true, "sender_id": "656daa91-33b4-4688-9135-c982ea52d7c9", "created_at": "2025-12-23T03:21:33.215438+00:00", "receiver_id": "96e01cdb-36c0-4228-a6e4-a29a3c66bc8e"},"columns":[{"name": "id", "type": "uuid"}, {"name": "sender_id", "type": "uuid"}, {"name": "receiver_id", "type": "uuid"}, {"name": "content", "type": "text"}, {"name": "is_read", "type": "bool"}, {"name": "created_at", "type": "timestamptz"}],"errors":null,"schema":"public","commit_timestamp":"2025-12-23T16:58:26.985Z","old_record":{"id": "e1b4edf1-3bb8-4e17-be3b-eb28a25a632c"}},"ids":[13418599]},"topic":"realtime:direct_messages"}
📨 Received: {"ref":null,"event":"postgres_changes","payload":{"data":{"table":"direct_messages","type":"UPDATE","record":{"id": "84eed35d-523e-4c2f-9f11-b9af6c7d2e36", "content": "hi", "is_read": true, "sender_id": "656daa91-33b4-4688-9135-c982ea52d7c9", "created_at": "2025-12-19T23:16:25.157405+00:00", "receiver_id": "96e01cdb-36c0-4228-a6e4-a29a3c66bc8e"},"columns":[{"name": "id", "type": "uuid"}, {"name": "sender_id", "type": "uuid"}, {"name": "receiver_id", "type": "uuid"}, {"name": "content", "type": "text"}, {"name": "is_read", "type": "bool"}, {"name": "created_at", "type": "timestamptz"}],"errors":null,"schema":"public","commit_timestamp":"2025-12-23T16:58:26.985Z","old_record":{"id": "84eed35d-523e-4c2f-9f11-b9af6c7d2e36"}},"ids":[13418599]},"topic":"realtime:direct_messages"}
📨 Received: {"ref":null,"event":"postgres_changes","payload":{"data":{"table":"direct_messages","type":"UPDATE","record":{"id": "cc71c356-993a-41cf-a32e-c8ca4611e2bf", "content": "INVITE|event_tt0110413|Léon: The Professional", "is_read": true, "sender_id": "656daa91-33b4-4688-9135-c982ea52d7c9", "created_at": "2025-12-20T23:02:15.872174+00:00", "receiver_id": "96e01cdb-36c0-4228-a6e4-a29a3c66bc8e"},"columns":[{"name": "id", "type": "uuid"}, {"name": "sender_id", "type": "uuid"}, {"name": "receiver_id", "type": "uuid"}, {"name": "content", "type": "text"}, {"name": "is_read", "type": "bool"}, {"name": "created_at", "type": "timestamptz"}],"errors":null,"schema":"public","commit_timestamp":"2025-12-23T16:58:26.985Z","old_record":{"id": "cc71c356-993a-41cf-a32e-c8ca4611e2bf"}},"ids":[13418599]},"topic":"realtime:direct_messages"}
📨 Received: {"ref":null,"event":"postgres_changes","payload":{"data":{"table":"direct_messages","type":"UPDATE","record":{"id": "99ec3d0d-450a-4912-95de-6017967ba202", "content": "INVITE|3L66|Bugonia", "is_read": true, "sender_id": "656daa91-33b4-4688-9135-c982ea52d7c9", "created_at": "2025-12-20T23:23:15.079396+00:00", "receiver_id": "96e01cdb-36c0-4228-a6e4-a29a3c66bc8e"},"columns":[{"name": "id", "type": "uuid"}, {"name": "sender_id", "type": "uuid"}, {"name": "receiver_id", "type": "uuid"}, {"name": "content", "type": "text"}, {"name": "is_read", "type": "bool"}, {"name": "created_at", "type": "timestamptz"}],"errors":null,"schema":"public","commit_timestamp":"2025-12-23T16:58:26.985Z","old_record":{"id": "99ec3d0d-450a-4912-95de-6017967ba202"}},"ids":[13418599]},"topic":"realtime:direct_messages"}
📨 Received: {"ref":null,"event":"postgres_changes","payload":{"data":{"table":"direct_messages","type":"UPDATE","record":{"id": "db9c8316-416e-4bd3-ba37-6e885dd0404f", "content": "hi", "is_read": true, "sender_id": "656daa91-33b4-4688-9135-c982ea52d7c9", "created_at": "2025-12-23T04:15:33.3979+00:00", "receiver_id": "96e01cdb-36c0-4228-a6e4-a29a3c66bc8e"},"columns":[{"name": "id", "type": "uuid"}, {"name": "sender_id", "type": "uuid"}, {"name": "receiver_id", "type": "uuid"}, {"name": "content", "type": "text"}, {"name": "is_read", "type": "bool"}, {"name": "created_at", "type": "timestamptz"}],"errors":null,"schema":"public","commit_timestamp":"2025-12-23T16:58:26.985Z","old_record":{"id": "db9c8316-416e-4bd3-ba37-6e885dd0404f"}},"ids":[13418599]},"topic":"realtime:direct_messages"}
📨 Received: {"ref":null,"event":"postgres_changes","payload":{"data":{"table":"direct_messages","type":"UPDATE","record":{"id": "9ab49312-eac7-49d0-8fa2-867ac69b395c", "content": "hi", "is_read": true, "sender_id": "656daa91-33b4-4688-9135-c982ea52d7c9", "created_at": "2025-12-23T04:15:42.944181+00:00", "receiver_id": "96e01cdb-36c0-4228-a6e4-a29a3c66bc8e"},"columns":[{"name": "id", "type": "uuid"}, {"name": "sender_id", "type": "uuid"}, {"name": "receiver_id", "type": "uuid"}, {"name": "content", "type": "text"}, {"name": "is_read", "type": "bool"}, {"name": "created_at", "type": "timestamptz"}],"errors":null,"schema":"public","commit_timestamp":"2025-12-23T16:58:26.985Z","old_record":{"id": "9ab49312-eac7-49d0-8fa2-867ac69b395c"}},"ids":[13418599]},"topic":"realtime:direct_messages"}
📨 Received: {"ref":null,"event":"postgres_changes","payload":{"data":{"table":"direct_messages","type":"UPDATE","record":{"id": "73fa6b32-a514-4b60-83e9-1bea9cebacbe", "content": "hey", "is_read": true, "sender_id": "656daa91-33b4-4688-9135-c982ea52d7c9", "created_at": "2025-12-23T16:28:20.236759+00:00", "receiver_id": "96e01cdb-36c0-4228-a6e4-a29a3c66bc8e"},"columns":[{"name": "id", "type": "uuid"}, {"name": "sender_id", "type": "uuid"}, {"name": "receiver_id", "type": "uuid"}, {"name": "content", "type": "text"}, {"name": "is_read", "type": "bool"}, {"name": "created_at", "type": "timestamptz"}],"errors":null,"schema":"public","commit_timestamp":"2025-12-23T16:58:26.985Z","old_record":{"id": "73fa6b32-a514-4b60-83e9-1bea9cebacbe"}},"ids":[13418599]},"topic":"realtime:direct_messages"}
📨 Received: {"ref":null,"event":"postgres_changes","payload":{"data":{"table":"direct_messages","type":"UPDATE","record":{"id": "7bbc5d2f-a806-4f8b-a9b9-a3da109597f8", "content": "hi", "is_read": true, "sender_id": "656daa91-33b4-4688-9135-c982ea52d7c9", "created_at": "2025-12-23T16:58:19.273446+00:00", "receiver_id": "96e01cdb-36c0-4228-a6e4-a29a3c66bc8e"},"columns":[{"name": "id", "type": "uuid"}, {"name": "sender_id", "type": "uuid"}, {"name": "receiver_id", "type": "uuid"}, {"name": "content", "type": "text"}, {"name": "is_read", "type": "bool"}, {"name": "created_at", "type": "timestamptz"}],"errors":null,"schema":"public","commit_timestamp":"2025-12-23T16:58:26.985Z","old_record":{"id": "7bbc5d2f-a806-4f8b-a9b9-a3da109597f8"}},"ids":[13418599]},"topic":"realtime:direct_messages"}
📨 Received: {"ref":null,"event":"postgres_changes","payload":{"data":{"table":"direct_messages","type":"UPDATE","record":{"id": "e1b4edf1-3bb8-4e17-be3b-eb28a25a632c", "content": "hey", "is_read": true, "sender_id": "656daa91-33b4-4688-9135-c982ea52d7c9", "created_at": "2025-12-23T03:21:33.215438+00:00", "receiver_id": "96e01cdb-36c0-4228-a6e4-a29a3c66bc8e"},"columns":[{"name": "id", "type": "uuid"}, {"name": "sender_id", "type": "uuid"}, {"name": "receiver_id", "type": "uuid"}, {"name": "content", "type": "text"}, {"name": "is_read", "type": "bool"}, {"name": "created_at", "type": "timestamptz"}],"errors":null,"schema":"public","commit_timestamp":"2025-12-23T16:58:27.082Z","old_record":{"id": "e1b4edf1-3bb8-4e17-be3b-eb28a25a632c"}},"ids":[13418599]},"topic":"realtime:direct_messages"}
📨 Received: {"ref":null,"event":"postgres_changes","payload":{"data":{"table":"direct_messages","type":"UPDATE","record":{"id": "84eed35d-523e-4c2f-9f11-b9af6c7d2e36", "content": "hi", "is_read": true, "sender_id": "656daa91-33b4-4688-9135-c982ea52d7c9", "created_at": "2025-12-19T23:16:25.157405+00:00", "receiver_id": "96e01cdb-36c0-4228-a6e4-a29a3c66bc8e"},"columns":[{"name": "id", "type": "uuid"}, {"name": "sender_id", "type": "uuid"}, {"name": "receiver_id", "type": "uuid"}, {"name": "content", "type": "text"}, {"name": "is_read", "type": "bool"}, {"name": "created_at", "type": "timestamptz"}],"errors":null,"schema":"public","commit_timestamp":"2025-12-23T16:58:27.082Z","old_record":{"id": "84eed35d-523e-4c2f-9f11-b9af6c7d2e36"}},"ids":[13418599]},"topic":"realtime:direct_messages"}
📨 Received: {"ref":null,"event":"postgres_changes","payload":{"data":{"table":"direct_messages","type":"UPDATE","record":{"id": "cc71c356-993a-41cf-a32e-c8ca4611e2bf", "content": "INVITE|event_tt0110413|Léon: The Professional", "is_read": true, "sender_id": "656daa91-33b4-4688-9135-c982ea52d7c9", "created_at": "2025-12-20T23:02:15.872174+00:00", "receiver_id": "96e01cdb-36c0-4228-a6e4-a29a3c66bc8e"},"columns":[{"name": "id", "type": "uuid"}, {"name": "sender_id", "type": "uuid"}, {"name": "receiver_id", "type": "uuid"}, {"name": "content", "type": "text"}, {"name": "is_read", "type": "bool"}, {"name": "created_at", "type": "timestamptz"}],"errors":null,"schema":"public","commit_timestamp":"2025-12-23T16:58:27.082Z","old_record":{"id": "cc71c356-993a-41cf-a32e-c8ca4611e2bf"}},"ids":[13418599]},"topic":"realtime:direct_messages"}
📨 Received: {"ref":null,"event":"postgres_changes","payload":{"data":{"table":"direct_messages","type":"UPDATE","record":{"id": "99ec3d0d-450a-4912-95de-6017967ba202", "content": "INVITE|3L66|Bugonia", "is_read": true, "sender_id": "656daa91-33b4-4688-9135-c982ea52d7c9", "created_at": "2025-12-20T23:23:15.079396+00:00", "receiver_id": "96e01cdb-36c0-4228-a6e4-a29a3c66bc8e"},"columns":[{"name": "id", "type": "uuid"}, {"name": "sender_id", "type": "uuid"}, {"name": "receiver_id", "type": "uuid"}, {"name": "content", "type": "text"}, {"name": "is_read", "type": "bool"}, {"name": "created_at", "type": "timestamptz"}],"errors":null,"schema":"public","commit_timestamp":"2025-12-23T16:58:27.082Z","old_record":{"id": "99ec3d0d-450a-4912-95de-6017967ba202"}},"ids":[13418599]},"topic":"realtime:direct_messages"}
📨 Received: {"ref":null,"event":"postgres_changes","payload":{"data":{"table":"direct_messages","type":"UPDATE","record":{"id": "db9c8316-416e-4bd3-ba37-6e885dd0404f", "content": "hi", "is_read": true, "sender_id": "656daa91-33b4-4688-9135-c982ea52d7c9", "created_at": "2025-12-23T04:15:33.3979+00:00", "receiver_id": "96e01cdb-36c0-4228-a6e4-a29a3c66bc8e"},"columns":[{"name": "id", "type": "uuid"}, {"name": "sender_id", "type": "uuid"}, {"name": "receiver_id", "type": "uuid"}, {"name": "content", "type": "text"}, {"name": "is_read", "type": "bool"}, {"name": "created_at", "type": "timestamptz"}],"errors":null,"schema":"public","commit_timestamp":"2025-12-23T16:58:27.082Z","old_record":{"id": "db9c8316-416e-4bd3-ba37-6e885dd0404f"}},"ids":[13418599]},"topic":"realtime:direct_messages"}
📨 Received: {"ref":null,"event":"postgres_changes","payload":{"data":{"table":"direct_messages","type":"UPDATE","record":{"id": "9ab49312-eac7-49d0-8fa2-867ac69b395c", "content": "hi", "is_read": true, "sender_id": "656daa91-33b4-4688-9135-c982ea52d7c9", "created_at": "2025-12-23T04:15:42.944181+00:00", "receiver_id": "96e01cdb-36c0-4228-a6e4-a29a3c66bc8e"},"columns":[{"name": "id", "type": "uuid"}, {"name": "sender_id", "type": "uuid"}, {"name": "receiver_id", "type": "uuid"}, {"name": "content", "type": "text"}, {"name": "is_read", "type": "bool"}, {"name": "created_at", "type": "timestamptz"}],"errors":null,"schema":"public","commit_timestamp":"2025-12-23T16:58:27.082Z","old_record":{"id": "9ab49312-eac7-49d0-8fa2-867ac69b395c"}},"ids":[13418599]},"topic":"realtime:direct_messages"}
📨 Received: {"ref":null,"event":"postgres_changes","payload":{"data":{"table":"direct_messages","type":"UPDATE","record":{"id": "73fa6b32-a514-4b60-83e9-1bea9cebacbe", "content": "hey", "is_read": true, "sender_id": "656daa91-33b4-4688-9135-c982ea52d7c9", "created_at": "2025-12-23T16:28:20.236759+00:00", "receiver_id": "96e01cdb-36c0-4228-a6e4-a29a3c66bc8e"},"columns":[{"name": "id", "type": "uuid"}, {"name": "sender_id", "type": "uuid"}, {"name": "receiver_id", "type": "uuid"}, {"name": "content", "type": "text"}, {"name": "is_read", "type": "bool"}, {"name": "created_at", "type": "timestamptz"}],"errors":null,"schema":"public","commit_timestamp":"2025-12-23T16:58:27.082Z","old_record":{"id": "73fa6b32-a514-4b60-83e9-1bea9cebacbe"}},"ids":[13418599]},"topic":"realtime:direct_messages"}
📨 Received: {"ref":null,"event":"postgres_changes","payload":{"data":{"table":"direct_messages","type":"UPDATE","record":{"id": "7bbc5d2f-a806-4f8b-a9b9-a3da109597f8", "content": "hi", "is_read": true, "sender_id": "656daa91-33b4-4688-9135-c982ea52d7c9", "created_at": "2025-12-23T16:58:19.273446+00:00", "receiver_id": "96e01cdb-36c0-4228-a6e4-a29a3c66bc8e"},"columns":[{"name": "id", "type": "uuid"}, {"name": "sender_id", "type": "uuid"}, {"name": "receiver_id", "type": "uuid"}, {"name": "content", "type": "text"}, {"name": "is_read", "type": "bool"}, {"name": "created_at", "type": "timestamptz"}],"errors":null,"schema":"public","commit_timestamp":"2025-12-23T16:58:27.082Z","old_record":{"id": "7bbc5d2f-a806-4f8b-a9b9-a3da109597f8"}},"ids":[13418599]},"topic":"realtime:direct_messages"}
📨 Received: {"ref":null,"event":"postgres_changes","payload":{"data":{"table":"direct_messages","type":"UPDATE","record":{"id": "e1b4edf1-3bb8-4e17-be3b-eb28a25a632c", "content": "hey", "is_read": true, "sender_id": "656daa91-33b4-4688-9135-c982ea52d7c9", "created_at": "2025-12-23T03:21:33.215438+00:00", "receiver_id": "96e01cdb-36c0-4228-a6e4-a29a3c66bc8e"},"columns":[{"name": "id", "type": "uuid"}, {"name": "sender_id", "type": "uuid"}, {"name": "receiver_id", "type": "uuid"}, {"name": "content", "type": "text"}, {"name": "is_read", "type": "bool"}, {"name": "created_at", "type": "timestamptz"}],"errors":null,"schema":"public","commit_timestamp":"2025-12-23T16:58:27.119Z","old_record":{"id": "e1b4edf1-3bb8-4e17-be3b-eb28a25a632c"}},"ids":[13418599]},"topic":"realtime:direct_messages"}
📨 Received: {"ref":null,"event":"postgres_changes","payload":{"data":{"table":"direct_messages","type":"UPDATE","record":{"id": "84eed35d-523e-4c2f-9f11-b9af6c7d2e36", "content": "hi", "is_read": true, "sender_id": "656daa91-33b4-4688-9135-c982ea52d7c9", "created_at": "2025-12-19T23:16:25.157405+00:00", "receiver_id": "96e01cdb-36c0-4228-a6e4-a29a3c66bc8e"},"columns":[{"name": "id", "type": "uuid"}, {"name": "sender_id", "type": "uuid"}, {"name": "receiver_id", "type": "uuid"}, {"name": "content", "type": "text"}, {"name": "is_read", "type": "bool"}, {"name": "created_at", "type": "timestamptz"}],"errors":null,"schema":"public","commit_timestamp":"2025-12-23T16:58:27.119Z","old_record":{"id": "84eed35d-523e-4c2f-9f11-b9af6c7d2e36"}},"ids":[13418599]},"topic":"realtime:direct_messages"}
📨 Received: {"ref":null,"event":"postgres_changes","payload":{"data":{"table":"direct_messages","type":"UPDATE","record":{"id": "cc71c356-993a-41cf-a32e-c8ca4611e2bf", "content": "INVITE|event_tt0110413|Léon: The Professional", "is_read": true, "sender_id": "656daa91-33b4-4688-9135-c982ea52d7c9", "created_at": "2025-12-20T23:02:15.872174+00:00", "receiver_id": "96e01cdb-36c0-4228-a6e4-a29a3c66bc8e"},"columns":[{"name": "id", "type": "uuid"}, {"name": "sender_id", "type": "uuid"}, {"name": "receiver_id", "type": "uuid"}, {"name": "content", "type": "text"}, {"name": "is_read", "type": "bool"}, {"name": "created_at", "type": "timestamptz"}],"errors":null,"schema":"public","commit_timestamp":"2025-12-23T16:58:27.119Z","old_record":{"id": "cc71c356-993a-41cf-a32e-c8ca4611e2bf"}},"ids":[13418599]},"topic":"realtime:direct_messages"}
📨 Received: {"ref":null,"event":"postgres_changes","payload":{"data":{"table":"direct_messages","type":"UPDATE","record":{"id": "99ec3d0d-450a-4912-95de-6017967ba202", "content": "INVITE|3L66|Bugonia", "is_read": true, "sender_id": "656daa91-33b4-4688-9135-c982ea52d7c9", "created_at": "2025-12-20T23:23:15.079396+00:00", "receiver_id": "96e01cdb-36c0-4228-a6e4-a29a3c66bc8e"},"columns":[{"name": "id", "type": "uuid"}, {"name": "sender_id", "type": "uuid"}, {"name": "receiver_id", "type": "uuid"}, {"name": "content", "type": "text"}, {"name": "is_read", "type": "bool"}, {"name": "created_at", "type": "timestamptz"}],"errors":null,"schema":"public","commit_timestamp":"2025-12-23T16:58:27.119Z","old_record":{"id": "99ec3d0d-450a-4912-95de-6017967ba202"}},"ids":[13418599]},"topic":"realtime:direct_messages"}
📨 Received: {"ref":null,"event":"postgres_changes","payload":{"data":{"table":"direct_messages","type":"UPDATE","record":{"id": "db9c8316-416e-4bd3-ba37-6e885dd0404f", "content": "hi", "is_read": true, "sender_id": "656daa91-33b4-4688-9135-c982ea52d7c9", "created_at": "2025-12-23T04:15:33.3979+00:00", "receiver_id": "96e01cdb-36c0-4228-a6e4-a29a3c66bc8e"},"columns":[{"name": "id", "type": "uuid"}, {"name": "sender_id", "type": "uuid"}, {"name": "receiver_id", "type": "uuid"}, {"name": "content", "type": "text"}, {"name": "is_read", "type": "bool"}, {"name": "created_at", "type": "timestamptz"}],"errors":null,"schema":"public","commit_timestamp":"2025-12-23T16:58:27.119Z","old_record":{"id": "db9c8316-416e-4bd3-ba37-6e885dd0404f"}},"ids":[13418599]},"topic":"realtime:direct_messages"}
📨 Received: {"ref":null,"event":"postgres_changes","payload":{"data":{"table":"direct_messages","type":"UPDATE","record":{"id": "9ab49312-eac7-49d0-8fa2-867ac69b395c", "content": "hi", "is_read": true, "sender_id": "656daa91-33b4-4688-9135-c982ea52d7c9", "created_at": "2025-12-23T04:15:42.944181+00:00", "receiver_id": "96e01cdb-36c0-4228-a6e4-a29a3c66bc8e"},"columns":[{"name": "id", "type": "uuid"}, {"name": "sender_id", "type": "uuid"}, {"name": "receiver_id", "type": "uuid"}, {"name": "content", "type": "text"}, {"name": "is_read", "type": "bool"}, {"name": "created_at", "type": "timestamptz"}],"errors":null,"schema":"public","commit_timestamp":"2025-12-23T16:58:27.119Z","old_record":{"id": "9ab49312-eac7-49d0-8fa2-867ac69b395c"}},"ids":[13418599]},"topic":"realtime:direct_messages"}
📨 Received: {"ref":null,"event":"postgres_changes","payload":{"data":{"table":"direct_messages","type":"UPDATE","record":{"id": "73fa6b32-a514-42025-12-23 11:58:36.451 RedLemon[7693:68193] 📨 Lobby: Received Room UPDATE from Realtime
2025-12-23 11:58:36.451 RedLemon[7693:68193] 📨 Lobby: Received Room UPDATE from Realtime
b60-83e9-1bea9cebacbe", "content": "hey", "is_read": true, "sender_id": "656daa91-33b4-4688-9135-c982ea52d7c9", "created_at": "2025-12-23T16:28:20.236759+00:00", "receiver_id": "96e01cdb-36c0-4228-a6e4-a29a3c66bc8e"},"columns":[{"name": "id", "type": "uuid"}, {"name": "sender_id", "type": "uuid"}, {"name": "receiver_id", "type": "uuid"}, {"name": "content", "type": "text"}, {"name": "is_read", "type": "bool"}, {"name": "created_at", "type": "timestamptz"}],"errors":null,"schema":"public","commit_timestamp":"2025-12-23T16:58:27.119Z","old_record":{"id": "73fa6b32-a514-4b60-83e9-1bea9cebacbe"}},"ids":[13418599]},"topic":"realtime:direct_messages"}
📨 Received: {"ref":null,"event":"postgres_changes","payload":{"data":{"table":"direct_messages","type":"UPDATE","record":{"id": "7bbc5d2f-a806-4f8b-a9b9-a3da109597f8", "content": "hi", "is_read": true, "sender_id": "656daa91-33b4-4688-9135-c982ea52d7c9", "created_at": "2025-12-23T16:58:19.273446+00:00", "receiver_id": "96e01cdb-36c0-4228-a6e4-a29a3c66bc8e"},"columns":[{"name": "id", "type": "uuid"}, {"name": "sender_id", "type": "uuid"}, {"name": "receiver_id", "type": "uuid"}, {"name": "content", "type": "text"}, {"name": "is_read", "type": "bool"}, {"name": "created_at", "type": "timestamptz"}],"errors":null,"schema":"public","commit_timestamp":"2025-12-23T16:58:27.119Z","old_record":{"id": "7bbc5d2f-a806-4f8b-a9b9-a3da109597f8"}},"ids":[13418599]},"topic":"realtime:direct_messages"}
📨 Received: {"ref":null,"event":"postgres_changes","payload":{"data":{"table":"direct_messages","type":"INSERT","record":{"id": "80b8ad80-3856-4d5f-a772-fe366108943a", "content": "hi", "is_read": false, "sender_id": "96e01cdb-36c0-4228-a6e4-a29a3c66bc8e", "created_at": "2025-12-23T16:58:29.331906+00:00", "receiver_id": "656daa91-33b4-4688-9135-c982ea52d7c9"},"columns":[{"name": "id", "type": "uuid"}, {"name": "sender_id", "type": "uuid"}, {"name": "receiver_id", "type": "uuid"}, {"name": "content", "type": "text"}, {"name": "is_read", "type": "bool"}, {"name": "created_at", "type": "timestamptz"}],"errors":null,"schema":"public","commit_timestamp":"2025-12-23T16:58:29.333Z"},"ids":[44215242]},"topic":"realtime:direct_messages"}
📨 Received: {"ref":null,"event":"postgres_changes","payload":{"data":{"table":"direct_messages","type":"UPDATE","record":{"id": "e1b4edf1-3bb8-4e17-be3b-eb28a25a632c", "content": "hey", "is_read": true, "sender_id": "656daa91-33b4-4688-9135-c982ea52d7c9", "created_at": "2025-12-23T03:21:33.215438+00:00", "receiver_id": "96e01cdb-36c0-4228-a6e4-a29a3c66bc8e"},"columns":[{"name": "id", "type": "uuid"}, {"name": "sender_id", "type": "uuid"}, {"name": "receiver_id", "type": "uuid"}, {"name": "content", "type": "text"}, {"name": "is_read", "type": "bool"}, {"name": "created_at", "type": "timestamptz"}],"errors":null,"schema":"public","commit_timestamp":"2025-12-23T16:58:29.362Z","old_record":{"id": "e1b4edf1-3bb8-4e17-be3b-eb28a25a632c"}},"ids":[13418599]},"topic":"realtime:direct_messages"}
📨 Received: {"ref":null,"event":"postgres_changes","payload":{"data":{"table":"direct_messages","type":"UPDATE","record":{"id": "84eed35d-523e-4c2f-9f11-b9af6c7d2e36", "content": "hi", "is_read": true, "sender_id": "656daa91-33b4-4688-9135-c982ea52d7c9", "created_at": "2025-12-19T23:16:25.157405+00:00", "receiver_id": "96e01cdb-36c0-4228-a6e4-a29a3c66bc8e"},"columns":[{"name": "id", "type": "uuid"}, {"name": "sender_id", "type": "uuid"}, {"name": "receiver_id", "type": "uuid"}, {"name": "content", "type": "text"}, {"name": "is_read", "type": "bool"}, {"name": "created_at", "type": "timestamptz"}],"errors":null,"schema":"public","commit_timestamp":"2025-12-23T16:58:29.362Z","old_record":{"id": "84eed35d-523e-4c2f-9f11-b9af6c7d2e36"}},"ids":[13418599]},"topic":"realtime:direct_messages"}
📨 Received: {"ref":null,"event":"postgres_changes","payload":{"data":{"table":"direct_messages","type":"UPDATE","record":{"id": "cc71c356-993a-41cf-a32e-c8ca4611e2bf", "content": "INVITE|event_tt0110413|Léon: The Professional", "is_read": true, "sender_id": "656daa91-33b4-4688-9135-c982ea52d7c9", "created_at": "2025-12-20T23:02:15.872174+00:00", "receiver_id": "96e01cdb-36c0-4228-a6e4-a29a3c66bc8e"},"columns":[{"name": "id", "type": "uuid"}, {"name": "sender_id", "type": "uuid"}, {"name": "receiver_id", "type": "uuid"}, {"name": "content", "type": "text"}, {"name": "is_read", "type": "bool"}, {"name": "created_at", "type": "timestamptz"}],"errors":null,"schema":"public","commit_timestamp":"2025-12-23T16:58:29.362Z","old_record":{"id": "cc71c356-993a-41cf-a32e-c8ca4611e2bf"}},"ids":[13418599]},"topic":"realtime:direct_messages"}
📨 SocialService: New message from/to 96e01cdb-36c0-4228-a6e4-a29a3c66bc8e
📨 Received: {"ref":null,"event":"postgres_changes","payload":{"data":{"table":"direct_messages","type":"UPDATE","record":{"id": "99ec3d0d-450a-4912-95de-6017967ba202", "content": "INVITE|3L66|Bugonia", "is_read": true, "sender_id": "656daa91-33b4-4688-9135-c982ea52d7c9", "created_at": "2025-12-20T23:23:15.079396+00:00", "receiver_id": "96e01cdb-36c0-4228-a6e4-a29a3c66bc8e"},"columns":[{"name": "id", "type": "uuid"}, {"name": "sender_id", "type": "uuid"}, {"name": "receiver_id", "type": "uuid"}, {"name": "content", "type": "text"}, {"name": "is_read", "type": "bool"}, {"name": "created_at", "type": "timestamptz"}],"errors":null,"schema":"public","commit_timestamp":"2025-12-23T16:58:29.362Z","old_record":{"id": "99ec3d0d-450a-4912-95de-6017967ba202"}},"ids":[13418599]},"topic":"realtime:direct_messages"}
📨 Received: {"ref":null,"event":"postgres_changes","payload":{"data":{"table":"direct_messages","type":"UPDATE","record":{"id": "db9c8316-416e-4bd3-ba37-6e885dd0404f", "content": "hi", "is_read": true, "sender_id": "656daa91-33b4-4688-9135-c982ea52d7c9", "created_at": "2025-12-23T04:15:33.3979+00:00", "receiver_id": "96e01cdb-36c0-4228-a6e4-a29a3c66bc8e"},"columns":[{"name": "id", "type": "uuid"}, {"name": "sender_id", "type": "uuid"}, {"name": "receiver_id", "type": "uuid"}, {"name": "content", "type": "text"}, {"name": "is_read", "type": "bool"}, {"name": "created_at", "type": "timestamptz"}],"errors":null,"schema":"public","commit_timestamp":"2025-12-23T16:58:29.362Z","old_record":{"id": "db9c8316-416e-4bd3-ba37-6e885dd0404f"}},"ids":[13418599]},"topic":"realtime:direct_messages"}
📨 Received: {"ref":null,"event":"postgres_changes","payload":{"data":{"table":"direct_messages","type":"UPDATE","record":{"id": "9ab49312-eac7-49d0-8fa2-867ac69b395c", "content": "hi", "is_read": true, "sender_id": "656daa91-33b4-4688-9135-c982ea52d7c9", "created_at": "2025-12-23T04:15:42.944181+00:00", "receiver_id": "96e01cdb-36c0-4228-a6e4-a29a3c66bc8e"},"columns":[{"name": "id", "type": "uuid"}, {"name": "sender_id", "type": "uuid"}, {"name": "receiver_id", "type": "uuid"}, {"name": "content", "type": "text"}, {"name": "is_read", "type": "bool"}, {"name": "created_at", "type": "timestamptz"}],"errors":null,"schema":"public","commit_timestamp":"2025-12-23T16:58:29.362Z","old_record":{"id": "9ab49312-eac7-49d0-8fa2-867ac69b395c"}},"ids":[13418599]},"topic":"realtime:direct_messages"}
📨 Received: {"ref":null,"event":"postgres_changes","payload":{"data":{"table":"direct_messages","type":"UPDATE","record":{"id": "73fa6b32-a514-4b60-83e9-1bea9cebacbe", "content": "hey", "is_read": true, "sender_id": "656daa91-33b4-4688-9135-c982ea52d7c9", "created_at": "2025-12-23T16:28:20.236759+00:00", "receiver_id": "96e01cdb-36c0-4228-a6e4-a29a3c66bc8e"},"columns":[{"name": "id", "type": "uuid"}, {"name": "sender_id", "type": "uuid"}, {"name": "receiver_id", "type": "uuid"}, {"name": "content", "type": "text"}, {"name": "is_read", "type": "bool"}, {"name": "created_at", "type": "timestamptz"}],"errors":null,"schema":"public","commit_timestamp":"2025-12-23T16:58:29.362Z","old_record":{"id": "73fa6b32-a514-4b60-83e9-1bea9cebacbe"}},"ids":[13418599]},"topic":"realtime:direct_messages"}
📨 Received: {"ref":null,"event":"postgres_changes","payload":{"data":{"table":"direct_messages","type":"UPDATE","record":{"id": "7bbc5d2f-a806-4f8b-a9b9-a3da109597f8", "content": "hi", "is_read": true, "sender_id": "656daa91-33b4-4688-9135-c982ea52d7c9", "created_at": "2025-12-23T16:58:19.273446+00:00", "receiver_id": "96e01cdb-36c0-4228-a6e4-a29a3c66bc8e"},"columns":[{"name": "id", "type": "uuid"}, {"name": "sender_id", "type": "uuid"}, {"name": "receiver_id", "type": "uuid"}, {"name": "content", "type": "text"}, {"name": "is_read", "type": "bool"}, {"name": "created_at", "type": "timestamptz"}],"errors":null,"schema":"public","commit_timestamp":"2025-12-23T16:58:29.362Z","old_record":{"id": "7bbc5d2f-a806-4f8b-a9b9-a3da109597f8"}},"ids":[13418599]},"topic":"realtime:direct_messages"}
💓 Heartbeat sent
📨 Received: {"ref":"13","event":"phx_reply","payload":{"status":"ok","response":{}},"topic":"phoenix"}
📨 Received: {"ref":null,"event":"postgres_changes","payload":{"data":{"table":"rooms","type":"UPDATE","record":{"id": "LGG3", "name": "Dexter", "season": 5, "episode": 1, "imdb_id": "tt0773262", "playlist": [{"id": "55EB824E-268B-438A-BB0B-368078D3E3F3", "season": 5, "episode": 1, "mediaItem": {"id": "tt0773262", "logo": "https://images.metahub.space/logo/medium/tt0773262/img", "name": "Dexter", "type": "series", "year": "2006–2013", "genres": ["Crime", "Drama", "Mystery"], "poster": "https://images.metahub.space/poster/small/tt0773262/img", "runtime": "53 min", "background": "https://images.metahub.space/background/medium/tt0773262/img", "imdbRating": "8.6", "description": "He's smart. He's lovable. He's Dexter Morgan, America's favorite serial killer, who spends his days solving crimes and his nights committing them.", "releaseInfo": "2006–2013"}}, {"id": "6C2916D8-5983-48A8-879A-F4A01DFB1A13", "season": 5, "episode": 2, "mediaItem": {"id": "tt0773262", "name": "Dexter", "type": "series", "poster": "https://m.media-amazon.com/images/M/MV5BMTQ3YmQ4YzMtOTkyZC00YmM5LThhZjEtM2E0MjFkNTc0OGJhXkEyXkFqcGc@._V1_SX250.jpg"}}, {"id": "95A0B67E-472C-4CB6-B646-ECEA69FCF911", "season": 5, "episode": 3, "mediaItem": {"id": "tt0773262", "name": "Dexter", "type": "series", "poster": "https://m.media-amazon.com/images/M/MV5BMTQ3YmQ4YzMtOTkyZC00YmM5LThhZjEtM2E0MjFkNTc0OGJhXkEyXkFqcGc@._V1_SX250.jpg"}}, {"id": "26796E09-432C-419B-AA7C-C2EBA213D96E", "season": 5, "episode": 4, "mediaItem": {"id": "tt0773262", "name": "Dexter", "type": "series", "poster": "https://m.media-amazon.com/images/M/MV5BMTQ3YmQ4YzMtOTkyZC00YmM5LThhZjEtM2E0MjFkNTc0OGJhXkEyXkFqcGc@._V1_SX250.jpg"}}, {"id": "31808A62-8C0B-4DF3-B1BF-860FC4B73C9B", "season": 5, "episode": 5, "mediaItem": {"id": "tt0773262", "name": "Dexter", "type": "series", "poster": "https://m.media-amazon.com/images/M/MV5BMTQ3YmQ4YzMtOTkyZC00YmM5LThhZjEtM2E0MjFkNTc0OGJhXkEyXkFqcGc@._V1_SX250.jpg"}}, {"id": "CDBC9894-74AD-480C-BBEC-D87350BA0704", "season": 5, "episode": 6, "mediaItem": {"id": "tt0773262", "name": "Dexter", "type": "series", "poster": "https://m.media-amazon.com/images/M/MV5BMTQ3YmQ4YzMtOTkyZC00YmM5LThhZjEtM2E0MjFkNTc0OGJhXkEyXkFqcGc@._V1_SX250.jpg"}}, {"id": "85A03E82-56A7-436C-B584-3A62258F9B67", "season": 5, "episode": 7, "mediaItem": {"id": "tt0773262", "name": "Dexter", "type": "series", "poster": "https://m.media-amazon.com/images/M/MV5BMTQ3YmQ4YzMtOTkyZC00YmM5LThhZjEtM2E0MjFkNTc0OGJhXkEyXkFqcGc@._V1_SX250.jpg"}}, {"id": "5DC64A9B-1E1F-44E4-AC94-8C897E227D29", "season": 5, "episode": 8, "mediaItem": {"id": "tt0773262", "name": "Dexter", "type": "series", "poster": "https://m.media-amazon.com/images/M/MV5BMTQ3YmQ4YzMtOTkyZC00YmM5LThhZjEtM2E0MjFkNTc0OGJhXkEyXkFqcGc@._V1_SX250.jpg"}}, {"id": "F4562D42-3275-4379-9F76-D6FB908BE84F", "season": 5, "episode": 9, "mediaItem": {"id": "tt0773262", "name": "Dexter", "type": "series", "poster": "https://m.media-amazon.com/images/M/MV5BMTQ3YmQ4YzMtOTkyZC00YmM5LThhZjEtM2E0MjFkNTc0OGJhXkEyXkFqcGc@._V1_SX250.jpg"}}, {"id": "765BEFEF-AEB6-4BFE-8C62-77E9DB8D4040", "season": 5, "episode": 10, "mediaItem": {"id": "tt0773262", "name": "Dexter", "type": "series", "poster": "https://m.media-amazon.com/images/M/MV5BMTQ3YmQ4YzMtOTkyZC00YmM5LThhZjEtM2E0MjFkNTc0OGJhXkEyXkFqcGc@._V1_SX250.jpg"}}, {"id": "323F5080-C926-4842-B88E-167D5785FC32", "season": 5, "episode": 11, "mediaItem": {"id": "tt0773262", "name": "Dexter", "type": "series", "poster": "https://m.media-amazon.com/images/M/MV5BMTQ3YmQ4YzMtOTkyZC00YmM5LThhZjEtM2E0MjFkNTc0OGJhXkEyXkFqcGc@._V1_SX250.jpg"}}, {"id": "474B73D2-FB6B-4C07-B30B-B4654124436B", "season": 5, "episode": 12, "mediaItem": {"id": "tt0773262", "name": "Dexter", "type": "series", "poster": "https://m.media-amazon.com/images/M/MV5BMTQ3YmQ4YzMtOTkyZC00YmM5LThhZjEtM2E0MjFkNTc0OGJhXkEyXkFqcGc@._V1_SX250.jpg"}}], "is_public": true, "created_at": "2025-12-23T16:57:46.773918", "is_playing": false, "poster_url": "https://images.metahub.space/poster/small/tt0773262/img", "description": null, "stream_hash": null, "backdrop_url": "https://images.metahub.space/background/medium/tt0773262/img", "host_user_id": "656daa91-33b4-4688-9135-c982ea52d7c9", "subtitle_url": null, "host_username": "ursinho", "last_activity": "2025-12-23T16:58:36.431572", "max_participants": 50, "selected_quality": null, "playback_position": 0, "selected_file_idx": null, "participants_count": 1, "unlocked_stream_url": null, "current_playlist_index": 0},"columns":[{"name": "id", "type": "text"}, {"name": "name", "type": "text"}, {"name": "host_user_id", "type": "uuid"}, {"name": "host_username", "type": "text"}, {"name": "stream_hash", "type": "text"}, {"name": "imdb_id", "type": "text"}, {"name": "poster_url", "type": "text"}, {"name": "backdrop_url", "type": "text"}, {"name": "playback_position", "type": "int4"}, {"name": "is_playing", "type": "bool"}, {"name": "participants_count", "type": "int4"}, {"name": "max_participants", "type": "int4"}, {"name": "is_public", "type": "bool"}, {"name": "created_at", "type": "timestamp"}, {"name": "last_activity", "type": "timestamp"}, {"name": "season", "type": "int4"}, {"name": "episode", "type": "int4"}, {"name": "selected_quality", "type": "text"}, {"name": "selected_file_idx", "type": "int4"}, {"name": "unlocked_stream_url", "type": "text"}, {"name": "description", "type": "text"}, {"name": "current_playlist_index", "type": "int4"}, {"name": "playlist", "type": "jsonb"}, {"name": "subtitle_url", "type": "text"}],"errors":null,"schema":"public","commit_timestamp":"2025-12-23T16:58:36.435Z","old_record":{"id": "LGG3"}},"ids":[67457933]},"topic":"realtime:watch-party:LGG3"}
🔄 Lobby: Fetching fresh room state from Supabase...
🔄 Lobby: Fetching fresh room state from Supabase...
🔍 Supabase Response for /rooms: [{"id":"LGG3","name":"Dexter","host_user_id":"656daa91-33b4-4688-9135-c982ea52d7c9","host_username":"ursinho","stream_hash":null,"imdb_id":"tt0773262","poster_url":"https://images.metahub.space/poster/small/tt0773262/img","backdrop_url":"https://images.metahub.space/background/medium/tt0773262/img","playback_position":0,"is_playing":false,"participants_count":1,"max_participants":50,"is_public":true,"created_at":"2025-12-23T16:57:46.773918","last_activity":"2025-12-23T16:58:36.431572","season":5,"episode":1,"selected_quality":null,"selected_file_idx":null,"unlocked_stream_url":null,"description":null,"current_playlist_index":0,"playlist":[{"id": "55EB824E-268B-438A-BB0B-368078D3E3F3", "season": 5, "episode": 1, "mediaItem": {"id": "tt0773262", "logo": "https://images.metahub.space/logo/medium/tt0773262/img", "name": "Dexter", "type": "series", "year": "2006–2013", "genres": ["Crime", "Drama", "Mystery"], "poster": "https://images.metahub.space/poster/small/tt0773262/img", "runtime": "53 min", "background": "https://images.metahub.space/background/medium/tt0773262/img", "imdbRating": "8.6", "description": "He's smart. He's lovable. He's Dexter Morgan, America's favorite serial killer, who spends his days solving crimes and his nights committing them.", "releaseInfo": "2006–2013"}}, {"id": "6C2916D8-5983-48A8-879A-F4A01DFB1A13", "season": 5, "episode": 2, "mediaItem": {"id": "tt0773262", "name": "Dexter", "type": "series", "poster": "https://m.media-amazon.com/images/M/MV5BMTQ3YmQ4YzMtOTkyZC00YmM5LThhZjEtM2E0MjFkNTc0OGJhXkEyXkFqcGc@._V1_SX250.jpg"}}, {"id": "95A0B67E-472C-4CB6-B646-ECEA69FCF911", "season": 5, "episode": 3, "mediaItem": {"id": "tt0773262", "name": "Dexter", "type": "series", "poster": "https://m.media-amazon.com/images/M/MV5BMTQ3YmQ4YzMtOTkyZC00YmM5LThhZjEtM2E0MjFkNTc0OGJhXkEyXkFqcGc@._V1_SX250.jpg"}}, {"id": "26796E09-432C-419B-AA7C-C2EBA213D96E", "season": 5, "episode": 4, "mediaItem": {"id": "tt0773262", "name": "Dexter", "type": "series", "poster": "https://m.media-amazon.com/images/M/MV5BMTQ3YmQ4YzMtOTkyZC00YmM5LThhZjEtM2E0MjFkNTc0OGJhXkEyXkFqcGc@._V1_SX250.jpg"}}, {"id": "31808A62-8C0B-4DF3-B1BF-860FC4B73C9B", "season": 5, "episode": 5, "mediaItem": {"id": "tt0773262", "name": "Dexter", "type": "series", "poster": "https://m.media-amazon.com/images/M/MV5BMTQ3YmQ4YzMtOTkyZC00YmM5LThhZjEtM2E0MjFkNTc0OGJhXkEyXkFqcGc@._V1_SX250.jpg"}}, {"id": "CDBC9894-74AD-480C-BBEC-D87350BA0704", "season": 5, "episode": 6, "mediaItem": {"id": "tt0773262", "name": "Dexter", "type": "series", "poster": "https://m.media-amazon.com/images/M/MV5BMTQ3YmQ4YzMtOTkyZC00YmM5LThhZjEtM2E0MjFkNTc0OGJhXkEyXkFqcGc@._V1_SX250.jpg"}}, {"id": "85A03E82-56A7-436C-B584-3A62258F9B67", "season": 5, "episode": 7, "mediaItem": {"id": "tt0773262", "name": "Dexter", "type": "series", "poster": "https://m.media-amazon.com/images/M/MV5BMTQ3YmQ4YzMtOTkyZC00YmM5LThhZjEtM2E0MjFkNTc0OGJhXkEyXkFqcGc@._V1_SX250.jpg"}}, {"id": "5DC64A9B-1E1F-44E4-AC94-8C897E227D29", "season": 5, "episode": 8, "mediaItem": {"id": "tt0773262", "name": "Dexter", "type": "series", "poster": "https://m.media-amazon.com/images/M/MV5BMTQ3YmQ4YzMtOTkyZC00YmM5LThhZjEtM2E0MjFkNTc0OGJhXkEyXkFqcGc@._V1_SX250.jpg"}}, {"id": "F4562D42-3275-4379-9F76-D6FB908BE84F", "season": 5, "episode": 9, "mediaItem": {"id": "tt0773262", "name": "Dexter", "type": "series", "poster": "https://m.media-amazon.com/images/M/MV5BMTQ3YmQ4YzMtOTkyZC00YmM5LThhZjEtM2E0MjFkNTc0OGJhXkEyXkFqcGc@._V1_SX250.jpg"}}, {"id": "765BEFEF-AEB6-4BFE-8C62-77E9DB8D4040", "season": 5, "episode": 10, "mediaItem": {"id": "tt0773262", "name": "Dexter", "type": "series", "poster": "https://m.media-amazon.com/images/M/MV5BMTQ3YmQ4YzMtOTkyZC00YmM5LThhZjEtM2E0MjFkNTc0OGJhXkEyXkFqcGc@._V1_SX250.jpg"}}, {"id": "323F5080-C926-4842-B88E-167D5785FC32", "season": 5, "episode": 11, "mediaItem": {"id": "tt0773262", "name": "Dexter", "type": "series", "poster": "https://m.media-amazon.com/images/M/MV5BMTQ3YmQ4YzMtOTkyZC00YmM5LThhZjEtM2E0MjFkNTc0OGJhXkEyXkFqcGc@._V1_SX250.jpg"}}, {"id": "474B73D2-FB6B-4C07-B30B-B4654124436B", "season": 5, "episode": 12, "mediaItem": {"id": "tt0773262", "name": "Dexter", "type": "series", "poster": "https://m.media-amazon.com/images/M/MV5BMTQ3YmQ4YzMtOTkyZC00YmM5LThhZjEtM2E0MjFkNTc0OGJhXkEyXkFqcGc@._V1_SX250.jpg"}}],"subtitle_url":null}]
✅ Lobby: Synced playlist with 12 items
✅ Lobby: Synced playlist index to 0
✅ Lobby: Synced stream info & playlist to AppState
🔍 Supabase Response for /rooms: [{"id":"LGG3","name":"Dexter","host_user_id":"656daa91-33b4-4688-9135-c982ea52d7c9","host_username":"ursinho","stream_hash":null,"imdb_id":"tt0773262","poster_url":"https://images.metahub.space/poster/small/tt0773262/img","backdrop_url":"https://images.metahub.space/background/medium/tt0773262/img","playback_position":0,"is_playing":false,"participants_count":1,"max_participants":50,"is_public":true,"created_at":"2025-12-23T16:57:46.773918","last_activity":"2025-12-23T16:58:36.431572","season":5,"episode":1,"selected_quality":null,"selected_file_idx":null,"unlocked_stream_url":null,"description":null,"current_playlist_index":0,"playlist":[{"id": "55EB824E-268B-438A-BB0B-368078D3E3F3", "season": 5, "episode": 1, "mediaItem": {"id": "tt0773262", "logo": "https://images.metahub.space/logo/medium/tt0773262/img", "name": "Dexter", "type": "series", "year": "2006–2013", "genres": ["Crime", "Drama", "Mystery"], "poster": "https://images.metahub.space/poster/small/tt0773262/img", "runtime": "53 min", "background": "https://images.metahub.space/background/medium/tt0773262/img", "imdbRating": "8.6", "description": "He's smart. He's lovable. He's Dexter Morgan, America's favorite serial killer, who spends his days solving crimes and his nights committing them.", "releaseInfo": "2006–2013"}}, {"id": "6C2916D8-5983-48A8-879A-F4A01DFB1A13", "season": 5, "episode": 2, "mediaItem": {"id": "tt0773262", "name": "Dexter", "type": "series", "poster": "https://m.media-amazon.com/images/M/MV5BMTQ3YmQ4YzMtOTkyZC00YmM5LThhZjEtM2E0MjFkNTc0OGJhXkEyXkFqcGc@._V1_SX250.jpg"}}, {"id": "95A0B67E-472C-4CB6-B646-ECEA69FCF911", "season": 5, "episode": 3, "mediaItem": {"id": "tt0773262", "name": "Dexter", "type": "series", "poster": "https://m.media-amazon.com/images/M/MV5BMTQ3YmQ4YzMtOTkyZC00YmM5LThhZjEtM2E0MjFkNTc0OGJhXkEyXkFqcGc@._V1_SX250.jpg"}}, {"id": "26796E09-432C-419B-AA7C-C2EBA213D96E", "season": 5, "episode": 4, "mediaItem": {"id": "tt0773262", "name": "Dexter", "type": "series", "poster": "https://m.media-amazon.com/images/M/MV5BMTQ3YmQ4YzMtOTkyZC00YmM5LThhZjEtM2E0MjFkNTc0OGJhXkEyXkFqcGc@._V1_SX250.jpg"}}, {"id": "31808A62-8C0B-4DF3-B1BF-860FC4B73C9B", "season": 5, "episode": 5, "mediaItem": {"id": "tt0773262", "name": "Dexter", "type": "series", "poster": "https://m.media-amazon.com/images/M/MV5BMTQ3YmQ4YzMtOTkyZC00YmM5LThhZjEtM2E0MjFkNTc0OGJhXkEyXkFqcGc@._V1_SX250.jpg"}}, {"id": "CDBC9894-74AD-480C-BBEC-D87350BA0704", "season": 5, "episode": 6, "mediaItem": {"id": "tt0773262", "name": "Dexter", "type": "series", "poster": "https://m.media-amazon.com/images/M/MV5BMTQ3YmQ4YzMtOTkyZC00YmM5LThhZjEtM2E0MjFkNTc0OGJhXkEyXkFqcGc@._V1_SX250.jpg"}}, {"id": "85A03E82-56A7-436C-B584-3A62258F9B67", "season": 5, "episode": 7, "mediaItem": {"id": "tt0773262", "name": "Dexter", "type": "series", "poster": "https://m.media-amazon.com/images/M/MV5BMTQ3YmQ4YzMtOTkyZC00YmM5LThhZjEtM2E0MjFkNTc0OGJhXkEyXkFqcGc@._V1_SX250.jpg"}}, {"id": "5DC64A9B-1E1F-44E4-AC94-8C897E227D29", "season": 5, "episode": 8, "mediaItem": {"id": "tt0773262", "name": "Dexter", "type": "series", "poster": "https://m.media-amazon.com/images/M/MV5BMTQ3YmQ4YzMtOTkyZC00YmM5LThhZjEtM2E0MjFkNTc0OGJhXkEyXkFqcGc@._V1_SX250.jpg"}}, {"id": "F4562D42-3275-4379-9F76-D6FB908BE84F", "season": 5, "episode": 9, "mediaItem": {"id": "tt0773262", "name": "Dexter", "type": "series", "poster": "https://m.media-amazon.com/images/M/MV5BMTQ3YmQ4YzMtOTkyZC00YmM5LThhZjEtM2E0MjFkNTc0OGJhXkEyXkFqcGc@._V1_SX250.jpg"}}, {"id": "765BEFEF-AEB6-4BFE-8C62-77E9DB8D4040", "season": 5, "episode": 10, "mediaItem": {"id": "tt0773262", "name": "Dexter", "type": "series", "poster": "https://m.media-amazon.com/images/M/MV5BMTQ3YmQ4YzMtOTkyZC00YmM5LThhZjEtM2E0MjFkNTc0OGJhXkEyXkFqcGc@._V1_SX250.jpg"}}, {"id": "323F5080-C926-4842-B88E-167D5785FC32", "season": 5, "episode": 11, "mediaItem": {"id": "tt0773262", "name": "Dexter", "type": "series", "poster": "https://m.media-amazon.com/images/M/MV5BMTQ3YmQ4YzMtOTkyZC00YmM5LThhZjEtM2E0MjFkNTc0OGJhXkEyXkFqcGc@._V1_SX250.jpg"}}, {"id": "474B73D2-FB6B-4C07-B30B-B4654124436B", "season": 5, "episode": 12, "mediaItem": {"id": "tt0773262", "name": "Dexter", "type": "series", "poster": "https://m.media-amazon.com/images/M/MV5BMTQ3YmQ4YzMtOTkyZC00YmM5LThhZjEtM2E0MjFkNTc0OGJhXkEyXkFqcGc@._V1_SX250.jpg"}}],"subtitle_url":null}]
✅ Lobby: Synced playlist with 12 items
✅ Lobby: Synced playlist index to 0
✅ Lobby: Synced stream info & playlist to AppState
📨 Received: {"ref":null,"event":"presence_diff","payload":{"joins":{"cad02b74-e01f-11f0-bae9-0a58a9feac02":{"metas":[{"phx_ref":"GIPmrpirQOcrgZlO","phx_ref_prev":"GIPmqsU_hJwrgWYN","last_seen":"2025-12-23T16:58:36.240Z","status":"Browsing","user_id":"96e01cdb-36c0-4228-a6e4-a29a3c66bc8e","username":"lemontom"}]}},"leaves":{"cad02b74-e01f-11f0-bae9-0a58a9feac02":{"metas":[{"phx_ref":"GIPmqsU_hJwrgWYN","phx_ref_prev":"GIPmqCsxJXwrgbPB","last_seen":"2025-12-23T16:58:19.811Z","room_id":"LGG3","started_at":"2025-12-23T16:58:08.641Z","status":"In Lobby: Dexter","user_id":"96e01cdb-36c0-4228-a6e4-a29a3c66bc8e","username":"lemontom","watching_id":"tt0773262","watching_title":"Dexter","watching_type":"series"}]}}},"topic":"realtime:global-presence"}
📨 Received: {"ref":null,"event":"presence_diff","payload":{"joins":{},"leaves":{"8ed25fd8-e020-11f0-afa1-0a58a9feac02":{"metas":[{"phx_ref":"GIPmqD1b7BGEIo9G","phx_ref_prev":"GIPmqCxznAKEIvfC","is_host":false,"joined_at":1766509088.947921,"user_id":"96e01cdb-36c0-4228-a6e4-a29a3c66bc8e","username":"lemontom"}]}}},"topic":"realtime:watch-party:LGG3"}
💓 Heartbeat sent
💓 Heartbeat sent
📨 Received: {"ref":null,"event":"presence_diff","payload":{"joins":{"cad02b74-e01f-11f0-bae9-0a58a9feac02":{"metas":[{"phx_ref":"GIPmr212LY0rgXEE","phx_ref_prev":"GIPmrpirQOcrgZlO","last_seen":"2025-12-23T16:58:39.811Z","status":"Browsing","user_id":"96e01cdb-36c0-4228-a6e4-a29a3c66bc8e","username":"lemontom"}]}},"leaves":{"cad02b74-e01f-11f0-bae9-0a58a9feac02":{"metas":[{"phx_ref":"GIPmrpirQOcrgZlO","phx_ref_prev":"GIPmqsU_hJwrgWYN","last_seen":"2025-12-23T16:58:36.240Z","status":"Browsing","user_id":"96e01cdb-36c0-4228-a6e4-a29a3c66bc8e","username":"lemontom"}]}}},"topic":"realtime:global-presence"}
📨 Received: {"ref":"7","event":"phx_reply","payload":{"status":"ok","response":{}},"topic":"phoenix"}
📨 Received: {"ref":"23","event":"phx_reply","payload":{"status":"ok","response":{}},"topic":"phoenix"}
🗑️ MPVViewLayer deinit
📨 Received: {"ref":null,"event":"postgres_changes","payload":{"data":{"table":"direct_messages","type":"UPDATE","record":{"id": "387e9db4-7977-4cac-8c8e-f43db291a5b5", "content": "hey", "is_read": true, "sender_id": "96e01cdb-36c0-4228-a6e4-a29a3c66bc8e", "created_at": "2025-12-23T04:15:59.681039+00:00", "receiver_id": "656daa91-33b4-4688-9135-c982ea52d7c9"},"columns":[{"name": "id", "type": "uuid"}, {"name": "sender_id", "type": "uuid"}, {"name": "receiver_id", "type": "uuid"}, {"name": "content", "type": "text"}, {"name": "is_read", "type": "bool"}, {"name": "created_at", "type": "timestamptz"}],"errors":null,"schema":"public","commit_timestamp":"2025-12-23T16:58:42.184Z","old_record":{"id": "387e9db4-7977-4cac-8c8e-f43db291a5b5"}},"ids":[44215242]},"topic":"realtime:direct_messages"}
📨 Received: {"ref":null,"event":"postgres_changes","payload":{"data":{"table":"direct_messages","type":"UPDATE","record":{"id": "edb25c70-d396-4435-8762-7dfedaa102b2", "content": "hey", "is_read": true, "sender_id": "96e01cdb-36c0-4228-a6e4-a29a3c66bc8e", "created_at": "2025-12-23T04:15:11.28162+00:00", "receiver_id": "656daa91-33b4-4688-9135-c982ea52d7c9"},"columns":[{"name": "id", "type": "uuid"}, {"name": "sender_id", "type": "uuid"}, {"name": "receiver_id", "type": "uuid"}, {"name": "content", "type": "text"}, {"name": "is_read", "type": "bool"}, {"name": "created_at", "type": "timestamptz"}],"errors":null,"schema":"public","commit_timestamp":"2025-12-23T16:58:42.184Z","old_record":{"id": "edb25c70-d396-4435-8762-7dfedaa102b2"}},"ids":[44215242]},"topic":"realtime:direct_messages"}
📨 Received: {"ref":null,"event":"postgres_changes","payload":{"data":{"table":"direct_messages","type":"UPDATE","record":{"id": "342654ad-7029-4278-84e2-da6ce372fb88", "content": "INVITE|event_tt29268110|Smile 2", "is_read": true, "sender_id": "96e01cdb-36c0-4228-a6e4-a29a3c66bc8e", "created_at": "2025-12-22T18:12:13.144158+00:00", "receiver_id": "656daa91-33b4-4688-9135-c982ea52d7c9"},"columns":[{"name": "id", "type": "uuid"}, {"name": "sender_id", "type": "uuid"}, {"name": "receiver_id", "type": "uuid"}, {"name": "content", "type": "text"}, {"name": "is_read", "type": "bool"}, {"name": "created_at", "type": "timestamptz"}],"errors":null,"schema":"public","commit_timestamp":"2025-12-23T16:58:42.184Z","old_record":{"id": "342654ad-7029-4278-84e2-da6ce372fb88"}},"ids":[44215242]},"topic":"realtime:direct_messages"}
📨 Received: {"ref":null,"event":"postgres_changes","payload":{"data":{"table":"direct_messages","type":"UPDATE","record":{"id": "3c57c04d-1bca-483c-b0f2-84b8d77fe595", "content": "hi", "is_read": true, "sender_id": "96e01cdb-36c0-4228-a6e4-a29a3c66bc8e", "created_at": "2025-12-19T23:16:42.794066+00:00", "receiver_id": "656daa91-33b4-4688-9135-c982ea52d7c9"},"columns":[{"name": "id", "type": "uuid"}, {"name": "sender_id", "type": "uuid"}, {"name": "receiver_id", "type": "uuid"}, {"name": "content", "type": "text"}, {"name": "is_read", "type": "bool"}, {"name": "created_at", "type": "timestamptz"}],"errors":null,"schema":"public","commit_timestamp":"2025-12-23T16:58:42.184Z","old_record":{"id": "3c57c04d-1bca-483c-b0f2-84b8d77fe595"}},"ids":[44215242]},"topic":"realtime:direct_messages"}
📨 Received: {"ref":null,"event":"postgres_changes","payload":{"data":{"table":"direct_messages","type":"UPDATE","record":{"id": "840d7fd2-892f-4db0-a25d-31a637c9a24a", "content": "INVITE|HBER|F1: The Movie", "is_read": true, "sender_id": "96e01cdb-36c0-4228-a6e4-a29a3c66bc8e", "created_at": "2025-12-22T01:30:05.174366+00:00", "receiver_id": "656daa91-33b4-4688-9135-c982ea52d7c9"},"columns":[{"name": "id", "type": "uuid"}, {"name": "sender_id", "type": "uuid"}, {"name": "receiver_id", "type": "uuid"}, {"name": "content", "type": "text"}, {"name": "is_read", "type": "bool"}, {"name": "created_at", "type": "timestamptz"}],"errors":null,"schema":"public","commit_timestamp":"2025-12-23T16:58:42.184Z","old_record":{"id": "840d7fd2-892f-4db0-a25d-31a637c9a24a"}},"ids":[44215242]},"topic":"realtime:direct_messages"}
📨 Received: {"ref":null,"event":"postgres_changes","payload":{"data":{"table":"direct_messages","type":"UPDATE","record":{"id": "495eae5a-19e1-4d7f-8ef6-96fdf6e81cef", "content": "INVITE|J79J|F1: The Movie", "is_read": true, "sender_id": "96e01cdb-36c0-4228-a6e4-a29a3c66bc8e", "created_at": "2025-12-23T00:53:36.532257+00:00", "receiver_id": "656daa91-33b4-4688-9135-c982ea52d7c9"},"columns":[{"name": "id", "type": "uuid"}, {"name": "sender_id", "type": "uuid"}, {"name": "receiver_id", "type": "uuid"}, {"name": "content", "type": "text"}, {"name": "is_read", "type": "bool"}, {"name": "created_at", "type": "timestamptz"}],"errors":null,"schema":"public","commit_timestamp":"2025-12-23T16:58:42.184Z","old_record":{"id": "495eae5a-19e1-4d7f-8ef6-96fdf6e81cef"}},"ids":[44215242]},"topic":"realtime:direct_messages"}
📨 Received: {"ref":null,"event":"postgres_changes","payload":{"data":{"table":"direct_messages","type":"UPDATE","record":{"id": "8945618e-331c-4562-ad8f-e16c156656bb", "content": "INVITE|S4PN|F1: The Movie", "is_read": true, "sender_id": "96e01cdb-36c0-4228-a6e4-a29a3c66bc8e", "created_at": "2025-12-23T01:35:25.655351+00:00", "receiver_id": "656daa91-33b4-4688-9135-c982ea52d7c9"},"columns":[{"name": "id", "type": "uuid"}, {"name": "sender_id", "type": "uuid"}, {"name": "receiver_id", "type": "uuid"}, {"name": "content", "type": "text"}, {"name": "is_read", "type": "bool"}, {"name": "created_at", "type": "timestamptz"}],"errors":null,"schema":"public","commit_timestamp":"2025-12-23T16:58:42.184Z","old_record":{"id": "8945618e-331c-4562-ad8f-e16c156656bb"}},"ids":[44215242]},"topic":"realtime:direct_messages"}
📨 Received: {"ref":null,"event":"postgres_changes","payload":{"data":{"table":"direct_messages","type":"UPDATE","record":{"id": "f4d447a9-80ae-47ea-a7c0-4887bf9e1a33", "content": "hi", "is_read": true, "sender_id": "96e01cdb-36c0-4228-a6e4-a29a3c66bc8e", "created_at": "2025-12-23T03:21:25.12585+00:00", "receiver_id": "656daa91-33b4-4688-9135-c982ea52d7c9"},"columns":[{"name": "id", "type": "uuid"}, {"name": "sender_id", "type": "uuid"}, {"name": "receiver_id", "type": "uuid"}, {"name": "content", "type": "text"}, {"name": "is_read", "type": "bool"}, {"name": "created_at", "type": "timestamptz"}],"errors":null,"schema":"public","commit_timestamp":"2025-12-23T16:58:42.184Z","old_record":{"id": "f4d447a9-80ae-47ea-a7c0-4887bf9e1a33"}},"ids":[44215242]},"topic":"realtime:direct_messages"}
📨 Received: {"ref":null,"event":"postgres_changes","payload":{"data":{"table":"direct_messages","type":"UPDATE","record":{"id": "999ce127-a053-4f54-9347-5bbb43fbf5dc", "content": "whatsup", "is_read": true, "sender_id": "96e01cdb-36c0-4228-a6e4-a29a3c66bc8e", "created_at": "2025-12-23T03:21:45.268339+00:00", "receiver_id": "656daa91-33b4-4688-9135-c982ea52d7c9"},"columns":[{"name": "id", "type": "uuid"}, {"name": "sender_id", "type": "uuid"}, {"name": "receiver_id", "type": "uuid"}, {"name": "content", "type": "text"}, {"name": "is_read", "type": "bool"}, {"name": "created_at", "type": "timestamptz"}],"errors":null,"schema":"public","commit_timestamp":"2025-12-23T16:58:42.184Z","old_record":{"id": "999ce127-a053-4f54-9347-5bbb43fbf5dc"}},"ids":[44215242]},"topic":"realtime:direct_messages"}
📨 Received: {"ref":null,"event":"postgres_changes","payload":{"data":{"table":"direct_messages","type":"UPDATE","record":{"id": "e8061367-0775-43f3-b044-345cd2253732", "content": "hi", "is_read": true, "sender_id": "96e01cdb-36c0-4228-a6e4-a29a3c66bc8e", "created_at": "2025-12-23T16:28:06.840947+00:00", "receiver_id": "656daa91-33b4-4688-9135-c982ea52d7c9"},"columns":[{"name": "id", "type": "uuid"}, {"name": "sender_id", "type": "uuid"}, {"name": "receiver_id", "type": "uuid"}, {"name": "content", "type": "text"}, {"name": "is_read", "type": "bool"}, {"name": "created_at", "type": "timestamptz"}],"errors":null,"schema":"public","commit_timestamp":"2025-12-23T16:58:42.184Z","old_record":{"id": "e8061367-0775-43f3-b044-345cd2253732"}},"ids":[44215242]},"topic":"realtime:direct_messages"}
📨 Received: {"ref":null,"event":"postgres_changes","payload":{"data":{"table":"direct_messages","type":"UPDATE","record":{"id": "80b8ad80-3856-4d5f-a772-fe366108943a", "content": "hi", "is_read": true, "sender_id": "96e01cdb-36c0-4228-a6e4-a29a3c66bc8e", "created_at": "2025-12-23T16:58:29.331906+00:00", "receiver_id": "656daa91-33b4-4688-9135-c982ea52d7c9"},"columns":[{"name": "id", "type": "uuid"}, {"name": "sender_id", "type": "uuid"}, {"name": "receiver_id", "type": "uuid"}, {"name": "content", "type": "text"}, {"name": "is_read", "type": "bool"}, {"name": "created_at", "type": "timestamptz"}],"errors":null,"schema":"public","commit_timestamp":"2025-12-23T16:58:42.184Z","old_record":{"id": "80b8ad80-3856-4d5f-a772-fe366108943a"}},"ids":[44215242]},"topic":"realtime:direct_messages"}
📨 Received: {"ref":null,"event":"postgres_changes","payload":{"data":{"table":"direct_messages","type":"UPDATE","record":{"id": "387e9db4-7977-4cac-8c8e-f43db291a5b5", "content": "hey", "is_read": true, "sender_id": "96e01cdb-36c0-4228-a6e4-a29a3c66bc8e", "created_at": "2025-12-23T04:15:59.681039+00:00", "receiver_id": "656daa91-33b4-4688-9135-c982ea52d7c9"},"columns":[{"name": "id", "type": "uuid"}, {"name": "sender_id", "type": "uuid"}, {"name": "receiver_id", "type": "uuid"}, {"name": "content", "type": "text"}, {"name": "is_read", "type": "bool"}, {"name": "created_at", "type": "timestamptz"}],"errors":null,"schema":"public","commit_timestamp":"2025-12-23T16:58:42.237Z","old_record":{"id": "387e9db4-7977-4cac-8c8e-f43db291a5b5"}},"ids":[44215242]},"topic":"realtime:direct_messages"}
📨 Received: {"ref":null,"event":"postgres_changes","payload":{"data":{"table":"direct_messages","type":"UPDATE","record":{"id": "edb25c70-d396-4435-8762-7dfedaa102b2", "content": "hey", "is_read": true, "sender_id": "96e01cdb-36c0-4228-a6e4-a29a3c66bc8e", "created_at": "2025-12-23T04:15:11.28162+00:00", "receiver_id": "656daa91-33b4-4688-9135-c982ea52d7c9"},"columns":[{"name": "id", "type": "uuid"}, {"name": "sender_id", "type": "uuid"}, {"name": "receiver_id", "type": "uuid"}, {"name": "content", "type": "text"}, {"name": "is_read", "type": "bool"}, {"name": "created_at", "type": "timestamptz"}],"errors":null,"schema":"public","commit_timestamp":"2025-12-23T16:58:42.237Z","old_record":{"id": "edb25c70-d396-4435-8762-7dfedaa102b2"}},"ids":[44215242]},"topic":"realtime:direct_messages"}
📨 Received: {"ref":null,"event":"postgres_changes","payload":{"data":{"table":"direct_messages","type":"UPDATE","record":{"id": "342654ad-7029-4278-84e2-da6ce372fb88", "content": "INVITE|event_tt29268110|Smile 2", "is_read": true, "sender_id": "96e01cdb-36c0-4228-a6e4-a29a3c66bc8e", "created_at": "2025-12-22T18:12:13.144158+00:00", "receiver_id": "656daa91-33b4-4688-9135-c982ea52d7c9"},"columns":[{"name": "id", "type": "uuid"}, {"name": "sender_id", "type": "uuid"}, {"name": "receiver_id", "type": "uuid"}, {"name": "content", "type": "text"}, {"name": "is_read", "type": "bool"}, {"name": "created_at", "type": "timestamptz"}],"errors":null,"schema":"public","commit_timestamp":"2025-12-23T16:58:42.237Z","old_record":{"id": "342654ad-7029-4278-84e2-da6ce372fb88"}},"ids":[44215242]},"topic":"realtime:direct_messages"}
📨 Received: {"ref":null,"event":"postgres_changes","payload":{"data":{"table":"direct_messages","type":"UPDATE","record":{"id": "3c57c04d-1bca-483c-b0f2-84b8d77fe595", "content": "hi", "is_read": true, "sender_id": "96e01cdb-36c0-4228-a6e4-a29a3c66bc8e", "created_at": "2025-12-19T23:16:42.794066+00:00", "receiver_id": "656daa91-33b4-4688-9135-c982ea52d7c9"},"columns":[{"name": "id", "type": "uuid"}, {"name": "sender_id", "type": "uuid"}, {"name": "receiver_id", "type": "uuid"}, {"name": "content", "type": "text"}, {"name": "is_read", "type": "bool"}, {"name": "created_at", "type": "timestamptz"}],"errors":null,"schema":"public","commit_timestamp":"2025-12-23T16:58:42.237Z","old_record":{"id": "3c57c04d-1bca-483c-b0f2-84b8d77fe595"}},"ids":[44215242]},"topic":"realtime:direct_messages"}
📨 Received: {"ref":null,"event":"postgres_changes","payload":{"data":{"table":"direct_messages","type":"UPDATE","record":{"id": "840d7fd2-892f-4db0-a25d-31a637c9a24a", "content": "INVITE|HBER|F1: The Movie", "is_read": true, "sender_id": "96e01cdb-36c0-4228-a6e4-a29a3c66bc8e", "created_at": "2025-12-22T01:30:05.174366+00:00", "receiver_id": "656daa91-33b4-4688-9135-c982ea52d7c9"},"columns":[{"name": "id", "type": "uuid"}, {"name": "sender_id", "type": "uuid"}, {"name": "receiver_id", "type": "uuid"}, {"name": "content", "type": "text"}, {"name": "is_read", "type": "bool"}, {"name": "created_at", "type": "timestamptz"}],"errors":null,"schema":"public","commit_timestamp":"2025-12-23T16:58:42.237Z","old_record":{"id": "840d7fd2-892f-4db0-a25d-31a637c9a24a"}},"ids":[44215242]},"topic":"realtime:direct_messages"}
📨 Received: {"ref":null,"event":"postgres_changes","payload":{"data":{"table":"direct_messages","type":"UPDATE","record":{"id": "495eae5a-19e1-4d7f-8ef6-96fdf6e81cef", "content": "INVITE|J79J|F1: The Movie", "is_read": true, "sender_id": "96e01cdb-36c0-4228-a6e4-a29a3c66bc8e", "created_at": "2025-12-23T00:53:36.532257+00:00", "receiver_id": "656daa91-33b4-4688-9135-c982ea52d7c9"},"columns":[{"name": "id", "type": "uuid"}, {"name": "sender_id", "type": "uuid"}, {"name": "receiver_id", "type": "uuid"}, {"name": "content", "type": "text"}, {"name": "is_read", "type": "bool"}, {"name": "created_at", "type": "timestamptz"}],"errors":null,"schema":"public","commit_timestamp":"2025-12-23T16:58:42.237Z","old_record":{"id": "495eae5a-19e1-4d7f-8ef6-96fdf6e81cef"}},"ids":[44215242]},"topic":"realtime:direct_messages"}
📨 Received: {"ref":null,"event":"postgres_changes","payload":{"data":{"table":"direct_messages","type":"UPDATE","record":{"id": "8945618e-331c-4562-ad8f-e16c156656bb", "content": "INVITE|S4PN|F1: The Movie", "is_read": true, "sender_id": "96e01cdb-36c0-4228-a6e4-a29a3c66bc8e", "created_at": "2025-12-23T01:35:25.655351+00:00", "receiver_id": "656daa91-33b4-4688-9135-c982ea52d7c9"},"columns":[{"name": "id", "type": "uuid"}, {"name": "sender_id", "type": "uuid"}, {"name": "receiver_id", "type": "uuid"}, {"name": "content", "type": "text"}, {"name": "is_read", "type": "bool"}, {"name": "created_at", "type": "timestamptz"}],"errors":null,"schema":"public","commit_timestamp":"2025-12-23T16:58:42.237Z","old_record":{"id": "8945618e-331c-4562-ad8f-e16c156656bb"}},"ids":[44215242]},"topic":"realtime:direct_messages"}
📨 Received: {"ref":null,"event":"postgres_changes","payload":{"data":{"table":"direct_messages","type":"UPDATE","record":{"id": "f4d447a9-80ae-47ea-a7c0-4887bf9e1a33", "content": "hi", "is_read": true, "sender_id": "96e01cdb-36c0-4228-a6e4-a29a3c66bc8e", "created_at": "2025-12-23T03:21:25.12585+00:00", "receiver_id": "656daa91-33b4-4688-9135-c982ea52d7c9"},"columns":[{"name": "id", "type": "uuid"}, {"name": "sender_id", "type": "uuid"}, {"name": "receiver_id", "type": "uuid"}, {"name": "content", "type": "text"}, {"name": "is_read", "type": "bool"}, {"name": "created_at", "type": "timestamptz"}],"errors":null,"schema":"public","commit_timestamp":"2025-12-23T16:58:42.237Z","old_record":{"id": "f4d447a9-80ae-47ea-a7c0-4887bf9e1a33"}},"ids":[44215242]},"topic":"realtime:direct_messages"}
📨 Received: {"ref":null,"event":"postgres_changes","payload":{"data":{"table":"direct_messages","type":"UPDATE","record":{"id": "999ce127-a053-4f54-9347-5bbb43fbf5dc", "content": "whatsup", "is_read": true, "sender_id": "96e01cdb-36c0-4228-a6e4-a29a3c66bc8e", "created_at": "2025-12-23T03:21:45.268339+00:00", "receiver_id": "656daa91-33b4-4688-9135-c982ea52d7c9"},"columns":[{"name": "id", "type": "uuid"}, {"name": "sender_id", "type": "uuid"}, {"name": "receiver_id", "type": "uuid"}, {"name": "content", "type": "text"}, {"name": "is_read", "type": "bool"}, {"name": "created_at", "type": "timestamptz"}],"errors":null,"schema":"public","commit_timestamp":"2025-12-23T16:58:42.237Z","old_record":{"id": "999ce127-a053-4f54-9347-5bbb43fbf5dc"}},"ids":[44215242]},"topic":"realtime:direct_messages"}
📨 Received: {"ref":null,"event":"postgres_changes","payload":{"data":{"table":"direct_messages","type":"UPDATE","record":{"id": "e8061367-0775-43f3-b044-345cd2253732", "content": "hi", "is_read": true, "sender_id": "96e01cdb-36c0-4228-a6e4-a29a3c66bc8e", "created_at": "2025-12-23T16:28:06.840947+00:00", "receiver_id": "656daa91-33b4-4688-9135-c982ea52d7c9"},"columns":[{"name": "id", "type": "uuid"}, {"name": "sender_id", "type": "uuid"}, {"name": "receiver_id", "type": "uuid"}, {"name": "content", "type": "text"}, {"name": "is_read", "type": "bool"}, {"name": "created_at", "type": "timestamptz"}],"errors":null,"schema":"public","commit_timestamp":"2025-12-23T16:58:42.237Z","old_record":{"id": "e8061367-0775-43f3-b044-345cd2253732"}},"ids":[44215242]},"topic":"realtime:direct_messages"}
📨 Received: {"ref":null,"event":"postgres_changes","payload":{"data":{"table":"direct_messages","type":"UPDATE","record":{"id": "80b8ad80-3856-4d5f-a772-fe366108943a", "content": "hi", "is_read": true, "sender_id": "96e01cdb-36c0-4228-a6e4-a29a3c66bc8e", "created_at": "2025-12-23T16:58:29.331906+00:00", "receiver_id": "656daa91-33b4-4688-9135-c982ea52d7c9"},"columns":[{"name": "id", "type": "uuid"}, {"name": "sender_id", "type": "uuid"}, {"name": "receiver_id", "type": "uuid"}, {"name": "content", "type": "text"}, {"name": "is_read", "type": "bool"}, {"name": "created_at", "type": "timestamptz"}],"errors":null,"schema":"public","commit_timestamp":"2025-12-23T16:58:42.237Z","old_record":{"id": "80b8ad80-3856-4d5f-a772-fe366108943a"}},"ids":[44215242]},"topic":"realtime:direct_messages"}
📨 Received: {"ref":"24","event":"phx_reply","payload":{"status":"ok","response":{}},"topic":"realtime:global-presence"}
📨 Received: {"ref":null,"event":"presence_diff","payload":{"joins":{"2151249e-e020-11f0-a0a1-0a58a9feac02":{"metas":[{"phx_ref":"GIPmsJ6p3mMQ-HDE","phx_ref_prev":"GIPmq_Zo0kUQ-LdC","last_seen":"2025-12-23T16:58:44.975Z","room_id":"LGG3","started_at":"2025-12-23T16:57:46.946Z","status":"In Lobby: Dexter","user_id":"656daa91-33b4-4688-9135-c982ea52d7c9","username":"ursinho","watching_id":"tt0773262","watching_title":"Dexter","watching_type":"series"}]}},"leaves":{"2151249e-e020-11f0-a0a1-0a58a9feac02":{"metas":[{"phx_ref":"GIPmq_Zo0kUQ-LdC","phx_ref_prev":"GIPmp05mBb0Q-DaP","last_seen":"2025-12-23T16:58:24.975Z","room_id":"LGG3","started_at":"2025-12-23T16:57:46.946Z","status":"In Lobby: Dexter","user_id":"656daa91-33b4-4688-9135-c982ea52d7c9","username":"ursinho","watching_id":"tt0773262","watching_title":"Dexter","watching_type":"series"}]}}},"topic":"realtime:global-presence"}
📨 Received: {"ref":null,"event":"presence_diff","payload":{"joins":{"a72e7cd8-e020-11f0-bf99-0a58a9feac02":{"metas":[{"phx_ref":"GIPmsbCB88CEItZO","is_host":false,"joined_at":1766509129.5114121,"user_id":"96e01cdb-36c0-4228-a6e4-a29a3c66bc8e","username":"lemontom"}]}},"leaves":{}},"topic":"realtime:watch-party:LGG3"}
📨 Received: {"ref":null,"event":"postgres_changes","payload":{"data":{"table":"rooms","type":"UPDATE","record":{"id": "LGG3", "name": "Dexter", "season": 5, "episode": 1, "imdb_id": "tt0773262", "playlist": [{"id": "55EB824E-268B-438A-BB0B-368078D3E3F3", "season": 5, "episode": 1, "mediaItem": {"id": "tt0773262", "logo": "https://images.metahub.space/logo/medium/tt0773262/img", "name": "Dexter", "type": "series", "year": "2006–2013", "genres": ["Crime", "Drama", "Mystery"], "poster": "https://images.metahub.space/poster/small/tt0773262/img", "runtime": "53 min", "background": "https://images.metahub.space/background/medium/tt0773262/img", "imdbRating": "8.6", "description": "He's smart. He's lovable. He's Dexter Morgan, America's favorite serial killer, who spends his days solving crimes and his nights committing them.", "releaseInfo": "2006–2013"}}, {"id": "6C2916D8-5983-48A8-879A-F4A01DFB1A13", "season": 5, "episode": 2, "mediaItem": {"id": "tt0773262", "name": "Dexter", "type": "series", "poster": "https://m.media-amazon.com/images/M/MV5BMTQ3YmQ4YzMtOTkyZC00YmM5LThhZjEtM2E0MjFkNTc0OGJhXkEyXkFqcGc@._V1_SX250.jpg"}}, {"id": "95A0B67E-472C-4CB6-B646-ECEA69FCF911", "season": 5, "episode": 3, "mediaItem": {"id": "tt0773262", "name": "Dexter", "type": "series", "poster": "https://m.media-amazon.com/images/M/MV5BMTQ3YmQ4YzMtOTkyZC00YmM5LThhZjEtM2E0MjFkNTc0OGJhXkEyXkFqcGc@._V1_SX250.jpg"}}, {"id": "26796E09-432C-419B-AA7C-C2EBA213D96E", "season": 5, "episode": 4, "mediaItem": {"id": "tt0773262", "name": "Dexter", "type": "series", "poster": "https://m.media-amazon.com/images/M/MV5BMTQ3YmQ4YzMtOTkyZC00YmM5LThhZjEtM2E0MjFkNTc0OGJhXkEyXkFqcGc@._V1_SX250.jpg"}}, {"id": "31808A62-8C0B-4DF3-B1BF-860FC4B73C9B", "season": 5, "episode": 5, "mediaItem": {"id": "tt0773262", "name": "Dexter", "type": "series", "poster": "https://m.media-amazon.com/images/M/MV5BMTQ3YmQ4YzMtOTkyZC00YmM5LThhZjEtM2E0MjFkNTc0OGJhXkEyXkFqcGc@._V1_SX250.jpg"}}, {"id": "CDBC9894-74AD-480C-BBEC-D87350BA0704", "season": 5, "episode": 6, "mediaItem": {"id": "tt0773262", "name": "Dexter", "type": "series", "poster": "https://m.media-amazon.com/images/M/MV5BMTQ3YmQ4YzMtOTkyZC00YmM5LThhZjEtM2E0MjFkNTc0OGJhXkEyXkFqcGc@._V1_SX250.jpg"}}, {"id": "85A03E82-56A7-436C-B584-3A62258F9B67", "season": 5, "episode": 7, "mediaItem": {"id": "tt0773262", "name": "Dexter", "type": "series", "poster": "https://m.media-amazon.com/images/M/MV5BMTQ3YmQ4YzMtOTkyZC00YmM5LThhZjEtM2E0MjFkNTc0OGJhXkEyXkFqcGc@._V1_SX250.jpg"}}, {"id": "5DC64A9B-1E1F-44E4-AC94-8C897E227D29", "season": 5, "episode": 8, "mediaItem": {"id": "tt0773262", "name": "Dexter", "type": "series", "poster": "https://m.media-amazon.com/images/M/MV5BMTQ3YmQ4YzMtOTkyZC00YmM5LThhZjEtM2E0MjFkNTc0OGJhXkEyXkFqcGc@._V1_SX250.jpg"}}, {"id": "F4562D42-3275-4379-9F76-D6FB908BE84F", "season": 5, "episode": 9, "mediaItem": {"id": "tt0773262", "name": "Dexter", "type": "series", "poster": "https://m.media-amazon.com/images/M/MV5BMTQ3YmQ4YzMtOTkyZC00YmM5LThhZjEtM2E0MjFkNTc0OGJhXkEyXkFqcGc@._V1_SX250.jpg"}}, {"id": "765BEFEF-AEB6-4BFE-8C62-77E9DB8D4040", "season": 5, "episode": 10, "mediaItem": {"id": "tt0773262", "name": "Dexter", "type": "series", "poster": "https://m.media-amazon.com/images/M/MV5BMTQ3YmQ4YzMtOTkyZC00YmM5LThhZjEtM2E0MjFkNTc0OGJhXkEyXkFqcGc@._V1_SX250.jpg"}}, {"id": "323F5080-C926-4842-B88E-167D5785FC32", "season": 5, "episode": 11, "mediaItem": {"id": "tt0773262", "name": "Dexter", "type": "series", "poster": "https://m.media-amazon.com/images/M/MV5BMTQ3YmQ4YzMtOTkyZC00YmM5LThhZjEtM2E0MjFkNTc0OGJhXkEyXkFqcGc@._V1_SX250.jpg"}}, {"id": "474B73D2-FB6B-4C07-B30B-B4654124436B", "season": 5, "episode": 12, "mediaItem": {"id": "tt0773262", "name": "Dexter", "type": "series", "poster": "https://m.media-amazon.com/images/M/MV5BMTQ3YmQ4YzMtOTkyZC00YmM5LThhZjEtM2E0MjFkNTc0OGJhXkEyXkFqcGc@._V1_SX250.jpg"}}], "is_public": true, "created_at": "2025-12-23T16:57:46.773918", "is_playing": false, "poster_url": "https://images.metahub.space/poster/small/tt0773262/img", "description": null, "stream_hash": null, "backdrop_url": "https://images.metahub.space/background/medium/tt0773262/img", "host_user_id": "656daa91-33b4-4688-9135-c982ea52d7c9", "subtitle_url": null, "host_username": "ursinho", "last_activity": "2025-12-23T16:58:49.701614", "max_participants": 50, "selected_quality": null2025-12-23 11:58:49.710 RedLemon[7693:68193] 📨 Lobby: Received Room UPDATE from Realtime
2025-12-23 11:58:49.711 RedLemon[7693:68193] 📨 Lobby: Received Room UPDATE from Realtime
2025-12-23 11:58:49.897 RedLemon[7693:69837] 📨 Realtime: Received broadcast message
2025-12-23 11:58:49.897 RedLemon[7693:69837]    Payload keys: senderId, type, position, chatText, timestamp, chatUsername
2025-12-23 11:58:49.898 RedLemon[7693:69837] ✅ Realtime: Decoded message type: chat, sender: 96e01cdb-36c0-4228-a6e4-a29a3c66bc8e
2025-12-23 11:58:49.898 RedLemon[7693:69837] 📞 Realtime: Invoking syncCallback for message type: chat
2025-12-23 11:58:49.898 RedLemon[7693:69837] ✅ Realtime: syncCallback invoked successfully
2025-12-23 11:58:49.898 RedLemon[7693:68193] 👋 Host received: Guest 'lemontom' joined room LGG3
2025-12-23 11:58:49.898 RedLemon[7693:68193]    Guest ID: 96e01cdb-36c0-4228-a6e4-a29a3c66bc8e, Total participants: 3
2025-12-23 11:58:49.898 RedLemon[7693:68193] 👥 Room status after join: 3 participants, 0 ready
2025-12-23 11:58:55.783 RedLemon[7693:68769] 📨 Realtime: Received broadcast message
2025-12-23 11:58:55.783 RedLemon[7693:68769]    Payload keys: chatUsername, chatText, type, senderId, timestamp, position
2025-12-23 11:58:55.784 RedLemon[7693:68769] ✅ Realtime: Decoded message type: chat, sender: 96e01cdb-36c0-4228-a6e4-a29a3c66bc8e
2025-12-23 11:58:55.784 RedLemon[7693:68769] 📞 Realtime: Invoking syncCallback for message type: chat
2025-12-23 11:58:55.784 RedLemon[7693:68769] ✅ Realtime: syncCallback invoked successfully
2025-12-23 11:58:55.784 RedLemon[7693:68193] 📡 Host received: 'lemontom' marked as READY via Realtime
2025-12-23 11:58:55.785 RedLemon[7693:68193]    Sender ID: 96e01cdb-36c0-4228-a6e4-a29a3c66bc8e, Room: LGG3
2025-12-23 11:58:55.785 RedLemon[7693:68193] 👥 Room ready status updated: 1/2 participants ready
2025-12-23 11:58:58.144 RedLemon[7693:68193] 🎬 Host: Starting movie for 2 participants
2025-12-23 11:58:58.280 RedLemon[7693:69837] ✅ StreamService: Using provided metadata: Dexter
2025-12-23 11:58:58.280 RedLemon[7693:69837] ⚡️ StreamService: Resolving streams via StreamResolver (Bypassing HTTP)...
2025-12-23 11:58:58.280 RedLemon[7693:69837] ⚡️ StreamResolver: Resolving streams for tt0773262 (S5E1)
2025-12-23 11:58:58.280 RedLemon[7693:69837]    📅 Filtering by year: 2006–2013
2025-12-23 11:58:58.356 RedLemon[7693:69837] 📦 StreamResolver: Fetching streams from ProviderManager...
2025-12-23 11:58:58.356 RedLemon[7693:69837] 🔍 ProviderManager: Fetching streams for tt0773262...
2025-12-23 11:58:58.358 RedLemon[7693:69505] 📺 Torrentio: Building URL for S05E01
2025-12-23 11:58:58.358 RedLemon[7693:69505] 🔗 Torrentio URL: https://torrentio.strem.fun/realdebrid/K67JV2V4FTUA7RYN6T34BFIUBRUZERBO45A6UL3O7TE5ZHFDQQSA/stream/series/tt0773262:5:1.json
2025-12-23 11:58:58.359 RedLemon[7693:69505] 🔍 Torrentio: Fetching https://torrentio.strem.fun/realdebrid/K67JV2V4FTUA7RYN6T34BFIUBRUZERBO45A6UL3O7TE5ZHFDQQSA/stream/series/tt0773262:5:1.json
2025-12-23 11:58:58.359 RedLemon[7693:69631] 📺 DebridSearch: Building URL for S05E01
2025-12-23 11:58:58.359 RedLemon[7693:69631] 🔗 DebridSearch URL: https://68d69db7dc40-debrid-search.baby-beamup.club/7                     0ebridApiKey23A222,                     0ebridProvider23A2ealDebrid27D/stream/series/tt0773262:5:1.json
2025-12-23 11:58:58.359 RedLemon[7693:69631] 🔍 DebridSearch: Fetching https://68d69db7dc40-debrid-search.baby-beamup.club/7                     0ebridApiKey23A267JV2V4FTUA7RYN6T34BFIUBRUZERBO45A6UL3O7TE5ZHFDQQSA2                     0ebridProvider23A2ealDebrid27D/stream/series/tt0773262:5:1.json
2025-12-23 11:58:58.567 RedLemon[7693:68769] ❌ Provider torrentio failed: httpError(statusCode: 404)
2025-12-23 11:58:59.227 RedLemon[7693:69631] 🔍 Zilean: Searching for "Dexter"
2025-12-23 11:58:59.304 RedLemon[7693:69631] ✅ Zilean: Got 200 results
2025-12-23 11:58:59.308 RedLemon[7693:69631] 🔍 Zilean: Filtered to 30 streams
2025-12-23 11:59:02.545 RedLemon[7693:69505] ⚠️ DebridSearch: Dropping stream with malformed URL (undefined): [FileTracker.pl] Dexter 2006-2013 [S01-S08] [1080p.BluRay.x264-LTN][Lektor PL][Alusia]
/Dexter.S05E01 [1080p.BluRay.x264-LTN][Lektor PL][Alusia].mkv
💾 5.64 GB
2025-12-23 11:59:02.547 RedLemon[7693:69505] ✅ DebridSearch: Parsed 3 streams
2025-12-23 11:59:02.548 RedLemon[7693:68769] ✅ ProviderManager: Fetched 56 raw, returning 56 unique streams
2025-12-23 11:59:02.548 RedLemon[7693:68769] 📦 StreamResolver: Received 56 raw streams, bucketing...
, "playback_position": 0, "selected_file_idx": null, "participants_count": 2, "unlocked_stream_url": null, "current_playlist_index": 0},"columns":[{"name": "id", "type": "text"}, {"name": "name", "type": "text"}, {"name": "host_user_id", "type": "uuid"}, {"name": "host_username", "type": "text"}, {"name": "stream_hash", "type": "text"}, {"name": "imdb_id", "type": "text"}, {"name": "poster_url", "type": "text"}, {"name": "backdrop_url", "type": "text"}, {"name": "playback_position", "type": "int4"}, {"name": "is_playing", "type": "bool"}, {"name": "participants_count", "type": "int4"}, {"name": "max_participants", "type": "int4"}, {"name": "is_public", "type": "bool"}, {"name": "created_at", "type": "timestamp"}, {"name": "last_activity", "type": "timestamp"}, {"name": "season", "type": "int4"}, {"name": "episode", "type": "int4"}, {"name": "selected_quality", "type": "text"}, {"name": "selected_file_idx", "type": "int4"}, {"name": "unlocked_stream_url", "type": "text"}, {"name": "description", "type": "text"}, {"name": "current_playlist_index", "type": "int4"}, {"name": "playlist", "type": "jsonb"}, {"name": "subtitle_url", "type": "text"}],"errors":null,"schema":"public","commit_timestamp":"2025-12-23T16:58:49.704Z","old_record":{"id": "LGG3"}},"ids":[67457933]},"topic":"realtime:watch-party:LGG3"}
🔄 Lobby: Fetching fresh room state from Supabase...
🔄 Lobby: Fetching fresh room state from Supabase...
🔍 Supabase Response for /rooms: [{"id":"LGG3","name":"Dexter","host_user_id":"656daa91-33b4-4688-9135-c982ea52d7c9","host_username":"ursinho","stream_hash":null,"imdb_id":"tt0773262","poster_url":"https://images.metahub.space/poster/small/tt0773262/img","backdrop_url":"https://images.metahub.space/background/medium/tt0773262/img","playback_position":0,"is_playing":false,"participants_count":2,"max_participants":50,"is_public":true,"created_at":"2025-12-23T16:57:46.773918","last_activity":"2025-12-23T16:58:49.701614","season":5,"episode":1,"selected_quality":null,"selected_file_idx":null,"unlocked_stream_url":null,"description":null,"current_playlist_index":0,"playlist":[{"id": "55EB824E-268B-438A-BB0B-368078D3E3F3", "season": 5, "episode": 1, "mediaItem": {"id": "tt0773262", "logo": "https://images.metahub.space/logo/medium/tt0773262/img", "name": "Dexter", "type": "series", "year": "2006–2013", "genres": ["Crime", "Drama", "Mystery"], "poster": "https://images.metahub.space/poster/small/tt0773262/img", "runtime": "53 min", "background": "https://images.metahub.space/background/medium/tt0773262/img", "imdbRating": "8.6", "description": "He's smart. He's lovable. He's Dexter Morgan, America's favorite serial killer, who spends his days solving crimes and his nights committing them.", "releaseInfo": "2006–2013"}}, {"id": "6C2916D8-5983-48A8-879A-F4A01DFB1A13", "season": 5, "episode": 2, "mediaItem": {"id": "tt0773262", "name": "Dexter", "type": "series", "poster": "https://m.media-amazon.com/images/M/MV5BMTQ3YmQ4YzMtOTkyZC00YmM5LThhZjEtM2E0MjFkNTc0OGJhXkEyXkFqcGc@._V1_SX250.jpg"}}, {"id": "95A0B67E-472C-4CB6-B646-ECEA69FCF911", "season": 5, "episode": 3, "mediaItem": {"id": "tt0773262", "name": "Dexter", "type": "series", "poster": "https://m.media-amazon.com/images/M/MV5BMTQ3YmQ4YzMtOTkyZC00YmM5LThhZjEtM2E0MjFkNTc0OGJhXkEyXkFqcGc@._V1_SX250.jpg"}}, {"id": "26796E09-432C-419B-AA7C-C2EBA213D96E", "season": 5, "episode": 4, "mediaItem": {"id": "tt0773262", "name": "Dexter", "type": "series", "poster": "https://m.media-amazon.com/images/M/MV5BMTQ3YmQ4YzMtOTkyZC00YmM5LThhZjEtM2E0MjFkNTc0OGJhXkEyXkFqcGc@._V1_SX250.jpg"}}, {"id": "31808A62-8C0B-4DF3-B1BF-860FC4B73C9B", "season": 5, "episode": 5, "mediaItem": {"id": "tt0773262", "name": "Dexter", "type": "series", "poster": "https://m.media-amazon.com/images/M/MV5BMTQ3YmQ4YzMtOTkyZC00YmM5LThhZjEtM2E0MjFkNTc0OGJhXkEyXkFqcGc@._V1_SX250.jpg"}}, {"id": "CDBC9894-74AD-480C-BBEC-D87350BA0704", "season": 5, "episode": 6, "mediaItem": {"id": "tt0773262", "name": "Dexter", "type": "series", "poster": "https://m.media-amazon.com/images/M/MV5BMTQ3YmQ4YzMtOTkyZC00YmM5LThhZjEtM2E0MjFkNTc0OGJhXkEyXkFqcGc@._V1_SX250.jpg"}}, {"id": "85A03E82-56A7-436C-B584-3A62258F9B67", "season": 5, "episode": 7, "mediaItem": {"id": "tt0773262", "name": "Dexter", "type": "series", "poster": "https://m.media-amazon.com/images/M/MV5BMTQ3YmQ4YzMtOTkyZC00YmM5LThhZjEtM2E0MjFkNTc0OGJhXkEyXkFqcGc@._V1_SX250.jpg"}}, {"id": "5DC64A9B-1E1F-44E4-AC94-8C897E227D29", "season": 5, "episode": 8, "mediaItem": {"id": "tt0773262", "name": "Dexter", "type": "series", "poster": "https://m.media-amazon.com/images/M/MV5BMTQ3YmQ4YzMtOTkyZC00YmM5LThhZjEtM2E0MjFkNTc0OGJhXkEyXkFqcGc@._V1_SX250.jpg"}}, {"id": "F4562D42-3275-4379-9F76-D6FB908BE84F", "season": 5, "episode": 9, "mediaItem": {"id": "tt0773262", "name": "Dexter", "type": "series", "poster": "https://m.media-amazon.com/images/M/MV5BMTQ3YmQ4YzMtOTkyZC00YmM5LThhZjEtM2E0MjFkNTc0OGJhXkEyXkFqcGc@._V1_SX250.jpg"}}, {"id": "765BEFEF-AEB6-4BFE-8C62-77E9DB8D4040", "season": 5, "episode": 10, "mediaItem": {"id": "tt0773262", "name": "Dexter", "type": "series", "poster": "https://m.media-amazon.com/images/M/MV5BMTQ3YmQ4YzMtOTkyZC00YmM5LThhZjEtM2E0MjFkNTc0OGJhXkEyXkFqcGc@._V1_SX250.jpg"}}, {"id": "323F5080-C926-4842-B88E-167D5785FC32", "season": 5, "episode": 11, "mediaItem": {"id": "tt0773262", "name": "Dexter", "type": "series", "poster": "https://m.media-amazon.com/images/M/MV5BMTQ3YmQ4YzMtOTkyZC00YmM5LThhZjEtM2E0MjFkNTc0OGJhXkEyXkFqcGc@._V1_SX250.jpg"}}, {"id": "474B73D2-FB6B-4C07-B30B-B4654124436B", "season": 5, "episode": 12, "mediaItem": {"id": "tt0773262", "name": "Dexter", "type": "series", "poster": "https://m.media-amazon.com/images/M/MV5BMTQ3YmQ4YzMtOTkyZC00YmM5LThhZjEtM2E0MjFkNTc0OGJhXkEyXkFqcGc@._V1_SX250.jpg"}}],"subtitle_url":null}]
✅ Lobby: Synced playlist with 12 items
✅ Lobby: Synced playlist index to 0
✅ Lobby: Synced stream info & playlist to AppState
🔍 Supabase Response for /rooms: [{"id":"LGG3","name":"Dexter","host_user_id":"656daa91-33b4-4688-9135-c982ea52d7c9","host_username":"ursinho","stream_hash":null,"imdb_id":"tt0773262","poster_url":"https://images.metahub.space/poster/small/tt0773262/img","backdrop_url":"https://images.metahub.space/background/medium/tt0773262/img","playback_position":0,"is_playing":false,"participants_count":2,"max_participants":50,"is_public":true,"created_at":"2025-12-23T16:57:46.773918","last_activity":"2025-12-23T16:58:49.701614","season":5,"episode":1,"selected_quality":null,"selected_file_idx":null,"unlocked_stream_url":null,"description":null,"current_playlist_index":0,"playlist":[{"id": "55EB824E-268B-438A-BB0B-368078D3E3F3", "season": 5, "episode": 1, "mediaItem": {"id": "tt0773262", "logo": "https://images.metahub.space/logo/medium/tt0773262/img", "name": "Dexter", "type": "series", "year": "2006–2013", "genres": ["Crime", "Drama", "Mystery"], "poster": "https://images.metahub.space/poster/small/tt0773262/img", "runtime": "53 min", "background": "https://images.metahub.space/background/medium/tt0773262/img", "imdbRating": "8.6", "description": "He's smart. He's lovable. He's Dexter Morgan, America's favorite serial killer, who spends his days solving crimes and his nights committing them.", "releaseInfo": "2006–2013"}}, {"id": "6C2916D8-5983-48A8-879A-F4A01DFB1A13", "season": 5, "episode": 2, "mediaItem": {"id": "tt0773262", "name": "Dexter", "type": "series", "poster": "https://m.media-amazon.com/images/M/MV5BMTQ3YmQ4YzMtOTkyZC00YmM5LThhZjEtM2E0MjFkNTc0OGJhXkEyXkFqcGc@._V1_SX250.jpg"}}, {"id": "95A0B67E-472C-4CB6-B646-ECEA69FCF911", "season": 5, "episode": 3, "mediaItem": {"id": "tt0773262", "name": "Dexter", "type": "series", "poster": "https://m.media-amazon.com/images/M/MV5BMTQ3YmQ4YzMtOTkyZC00YmM5LThhZjEtM2E0MjFkNTc0OGJhXkEyXkFqcGc@._V1_SX250.jpg"}}, {"id": "26796E09-432C-419B-AA7C-C2EBA213D96E", "season": 5, "episode": 4, "mediaItem": {"id": "tt0773262", "name": "Dexter", "type": "series", "poster": "https://m.media-amazon.com/images/M/MV5BMTQ3YmQ4YzMtOTkyZC00YmM5LThhZjEtM2E0MjFkNTc0OGJhXkEyXkFqcGc@._V1_SX250.jpg"}}, {"id": "31808A62-8C0B-4DF3-B1BF-860FC4B73C9B", "season": 5, "episode": 5, "mediaItem": {"id": "tt0773262", "name": "Dexter", "type": "series", "poster": "https://m.media-amazon.com/images/M/MV5BMTQ3YmQ4YzMtOTkyZC00YmM5LThhZjEtM2E0MjFkNTc0OGJhXkEyXkFqcGc@._V1_SX250.jpg"}}, {"id": "CDBC9894-74AD-480C-BBEC-D87350BA0704", "season": 5, "episode": 6, "mediaItem": {"id": "tt0773262", "name": "Dexter", "type": "series", "poster": "https://m.media-amazon.com/images/M/MV5BMTQ3YmQ4YzMtOTkyZC00YmM5LThhZjEtM2E0MjFkNTc0OGJhXkEyXkFqcGc@._V1_SX250.jpg"}}, {"id": "85A03E82-56A7-436C-B584-3A62258F9B67", "season": 5, "episode": 7, "mediaItem": {"id": "tt0773262", "name": "Dexter", "type": "series", "poster": "https://m.media-amazon.com/images/M/MV5BMTQ3YmQ4YzMtOTkyZC00YmM5LThhZjEtM2E0MjFkNTc0OGJhXkEyXkFqcGc@._V1_SX250.jpg"}}, {"id": "5DC64A9B-1E1F-44E4-AC94-8C897E227D29", "season": 5, "episode": 8, "mediaItem": {"id": "tt0773262", "name": "Dexter", "type": "series", "poster": "https://m.media-amazon.com/images/M/MV5BMTQ3YmQ4YzMtOTkyZC00YmM5LThhZjEtM2E0MjFkNTc0OGJhXkEyXkFqcGc@._V1_SX250.jpg"}}, {"id": "F4562D42-3275-4379-9F76-D6FB908BE84F", "season": 5, "episode": 9, "mediaItem": {"id": "tt0773262", "name": "Dexter", "type": "series", "poster": "https://m.media-amazon.com/images/M/MV5BMTQ3YmQ4YzMtOTkyZC00YmM5LThhZjEtM2E0MjFkNTc0OGJhXkEyXkFqcGc@._V1_SX250.jpg"}}, {"id": "765BEFEF-AEB6-4BFE-8C62-77E9DB8D4040", "season": 5, "episode": 10, "mediaItem": {"id": "tt0773262", "name": "Dexter", "type": "series", "poster": "https://m.media-amazon.com/images/M/MV5BMTQ3YmQ4YzMtOTkyZC00YmM5LThhZjEtM2E0MjFkNTc0OGJhXkEyXkFqcGc@._V1_SX250.jpg"}}, {"id": "323F5080-C926-4842-B88E-167D5785FC32", "season": 5, "episode": 11, "mediaItem": {"id": "tt0773262", "name": "Dexter", "type": "series", "poster": "https://m.media-amazon.com/images/M/MV5BMTQ3YmQ4YzMtOTkyZC00YmM5LThhZjEtM2E0MjFkNTc0OGJhXkEyXkFqcGc@._V1_SX250.jpg"}}, {"id": "474B73D2-FB6B-4C07-B30B-B4654124436B", "season": 5, "episode": 12, "mediaItem": {"id": "tt0773262", "name": "Dexter", "type": "series", "poster": "https://m.media-amazon.com/images/M/MV5BMTQ3YmQ4YzMtOTkyZC00YmM5LThhZjEtM2E0MjFkNTc0OGJhXkEyXkFqcGc@._V1_SX250.jpg"}}],"subtitle_url":null}]
✅ Lobby: Synced playlist with 12 items
✅ Lobby: Synced playlist index to 0
✅ Lobby: Synced stream info & playlist to AppState
📨 Received: {"ref":null,"event":"broadcast","payload":{"event":"sync","payload":{"chatText":"LOBBY_JOIN","chatUsername":"lemontom","position":0,"senderId":"96e01cdb-36c0-4228-a6e4-a29a3c66bc8e","timestamp":0,"type":"chat"},"type":"broadcast"},"topic":"realtime:watch-party:LGG3"}
ForEach<Array<Participant>, String, ParticipantRow>: the ID 96e01cdb-36c0-4228-a6e4-a29a3c66bc8e occurs multiple times within the collection, this will give undefined results!
📨 Received: {"ref":null,"event":"presence_diff","payload":{"joins":{"cad02b74-e01f-11f0-bae9-0a58a9feac02":{"metas":[{"phx_ref":"GIPmsa-AWuMrgaiQ","phx_ref_prev":"GIPmr212LY0rgXEE","last_seen":"2025-12-23T16:58:49.509Z","room_id":"LGG3","started_at":"2025-12-23T16:58:49.509Z","status":"In Lobby: Dexter","user_id":"96e01cdb-36c0-4228-a6e4-a29a3c66bc8e","username":"lemontom","watching_id":"tt0773262","watching_title":"Dexter","watching_type":"series"}]}},"leaves":{"cad02b74-e01f-11f0-bae9-0a58a9feac02":{"metas":[{"phx_ref":"GIPmr212LY0rgXEE","phx_ref_prev":"GIPmrpirQOcrgZlO","last_seen":"2025-12-23T16:58:39.811Z","status":"Browsing","user_id":"96e01cdb-36c0-4228-a6e4-a29a3c66bc8e","username":"lemontom"}]}}},"topic":"realtime:global-presence"}
📨 Received: {"ref":null,"event":"presence_diff","payload":{"joins":{"a72e7cd8-e020-11f0-bf99-0a58a9feac02":{"metas":[{"phx_ref":"GIPmsb5WkdWEIomQ","phx_ref_prev":"GIPmsbCB88CEItZO","is_host":false,"joined_at":1766509129.7589688,"user_id":"96e01cdb-36c0-4228-a6e4-a29a3c66bc8e","username":"lemontom"}]}},"leaves":{"a72e7cd8-e020-11f0-bf99-0a58a9feac02":{"metas":[{"phx_ref":"GIPmsbCB88CEItZO","is_host":false,"joined_at":1766509129.5114121,"user_id":"96e01cdb-36c0-4228-a6e4-a29a3c66bc8e","username":"lemontom"}]}}},"topic":"realtime:watch-party:LGG3"}
📨 Received: {"ref":null,"event":"broadcast","payload":{"event":"sync","payload":{"chatText":"LOBBY_READY","chatUsername":"lemontom","position":0,"senderId":"96e01cdb-36c0-4228-a6e4-a29a3c66bc8e","timestamp":0,"type":"chat"},"type":"broadcast"},"topic":"realtime:watch-party:LGG3"}
🎬 Resolving & Persisting stream for Watch Party Room: LGG3
✅ Cache HIT: Metadata[meta_series_tt0773262]
[2025-12-23T16:58:58Z] [INFO] [StreamService.swift:47] 🎬 StreamService: Starting resolution for: Dexter
🎬 StreamService: Resolving series - trusted pack filtering will be applied server-side
✅ MetadataService initialized
🔍 Comet: Fetching https://comet.elfhosted.com/eyJkZWJyaWRTZXJ2aWNlIjoicmVhbGRlYnJpZCIsInJlbW92ZVRyYXNoIjp0cnVlLCJkZWJy...
📡 Fetching metadata from TVMaze: https://api.tvmaze.com/lookup/shows?imdb=tt0773262
🔍 MediaFusion: Fetching https://mediafusion.elfhosted.com/stream/series/tt0773262:5:1.json
✅ Comet: Got 23 streams
🔍 Comet: Parsing 23 streams...
✅ Comet: Parsed 23 valid streams
⚠️ MediaFusion: HTTP 418
✅ Metadata fetched from TVMaze for tt0773262: Dexter (2006)
📨 Received: {"ref":null,"event":"presence_diff","payload":{"joins":{"cad02b74-e01f-11f0-bae9-0a58a9feac02":{"metas":[{"phx_ref":"GIPmtBVO_ZQrgdZJ","phx_ref_prev":"GIPmsa-AWuMrgaiQ","last_seen":"2025-12-23T16:58:59.811Z","room_id":"LGG3","started_at":"2025-12-23T16:58:49.509Z","status":"In Lobby: Dexter","user_id":"96e01cdb-36c0-4228-a6e4-a29a3c66bc8e","username":"lemontom","watching_id":"tt0773262","watching_title":"Dexter","watching_type":"series"}]}},"leaves":{"cad02b74-e01f-11f0-bae9-0a58a9feac02":{"metas":[{"phx_ref":"GIPmsa-AWuMrgaiQ","phx_ref_prev":"GIPmr212LY0rgXEE","last_seen":"2025-12-23T16:58:49.509Z","room_id":"LGG3","started_at":"2025-12-23T16:58:49.509Z","status":"In Lobby: Dexter","user_id":"96e01cdb-36c0-4228-a6e4-a29a3c66bc8e","username":"lemontom","watching_id":"tt0773262","watching_title":"Dexter","watching_type":"series"}]}}},"topic":"realtime:global-presence"}
   ⚠️ Year string '2006–2013' could not be parsed; skipping year filter
   🚫 RESOLVER BLOCKING non-English audio: Dexter [S01-08] 1080p WEB-DL H265 [ENG,NapisyPL,Lektor] V4LTO (Audio)
   🚫 RESOLVER BLOCKING non-English audio: [ OxTorrent com ] Dexter S05 FRENCH DVDRiP XViD (Audio)
   🎵 RESOLVER FILTERED audio language: 56 → 54 streams
   📺 Episode filter: 54 → 33 streams
🔍 Searching SubDL: tt0773262 (tv) S05E01
✅ Found 10 subtitles from SubDL (Final)
✅ StreamResolver: Attached best sub for '[RD⚡] Comet 2160p...': Dexter.S05E01.720p.HDTV.x264-O...
✅ StreamResolver: Attached best sub for '[RD⚡] Comet 1080p...': Dexter.S05E01.720p.HDTV.x264-O...
✅ StreamResolver: Attached best sub for '[RD⚡] Comet 1080p...': Dexter.S05E01.720p.HDTV.x264-O...
✅ StreamResolver: Attached best sub for '[RD⚡] Comet 1080p...': Dexter.S05E01.720p.HDTV.x264-O...
✅ StreamResolver: Attached best sub for '[RD⚡] Comet 1080p...': Dexter.S05E01.720p.HDTV.x264-O...
✅ StreamResolver: Attached best sub for '[RD⚡] Comet 1080p...': Dexter.S05E01.720p.HDTV.x264-O...
✅ StreamResolver: Attached best sub for '[RD⚡] Comet 1080p...': Dexter.S05E01.720p.HDTV.x264-O...
✅ StreamResolver: Attached best sub for '[RD⚡] Comet 1080p...': Dexter.S05E01.720p.HDTV.x264-O...
✅ StreamResolver: Attached best sub for '[RD⚡] Comet 1080p...': Dexter.S05E01.720p.HDTV.x264-O...
✅ StreamResolver: Attached best sub for '[RD⚡] Comet 1080p...': Dexter.S05E01.720p.HDTV.x264-O...
✅ StreamResolver: Attached best sub for '[RD⚡] Comet 1080p...': Dexter.S05E01.720p.HDTV.x264-O...
✅ StreamResolver: Attached best sub for '[RD⚡] Comet 1080p...': Dexter.S05E01.720p.HDTV.x264-O...
✅ StreamResolver: Attached best sub for '[RD⚡] Comet 1080p...': Dexter.S05E01.720p.HDTV.x264-O...
✅ StreamResolver: Attached best sub for '[RD⚡] Comet 1080p...': Dexter.S05E01.720p.HDTV.x264-O...
✅ StreamResolver: Attached best sub for '[RD⚡] Comet 1080p...': Dexter.S05E01.720p.HDTV.x264-O...
✅ StreamResolver: Attached best sub for '[RD⚡] Comet 1080p...': Dexter.S05E01.720p.HDTV.x264-O...
✅ StreamResolver: Attached best sub for '[RD⚡] Comet 12025-12-23 11:59:04.473 RedLemon[7693:69837] 📥 StreamService: Pre-downloading 5 (capped from 10) subtitles for direct stream...
2025-12-23 11:59:04.473 RedLemon[7693:69837] 🐛 StreamService: downloadSubtitlesInParallel called. Season: Optional(5), Episode: Optional(1), Count: 5
2025-12-23 11:59:04.474 RedLemon[7693:69631] 🔍 DEBUG: Processing subtitle URL: /subtitle/2064296-368114.zip
2025-12-23 11:59:04.474 RedLemon[7693:69144] 🔍 DEBUG: Processing subtitle URL: /subtitle/2064297-397468.zip
2025-12-23 11:59:04.474 RedLemon[7693:69837] 🔍 DEBUG: Processing subtitle URL: /subtitle/2064301-393991.zip
2025-12-23 11:59:04.474 RedLemon[7693:68769] 🔍 DEBUG: Processing subtitle URL: /subtitle/2064295-368013.zip
2025-12-23 11:59:04.474 RedLemon[7693:69631] ✅ DEBUG: Raw SubDL URL detected, converting to proxy URL
2025-12-23 11:59:04.474 RedLemon[7693:68769] ✅ DEBUG: Raw SubDL URL detected, converting to proxy URL
2025-12-23 11:59:04.474 RedLemon[7693:69144] ✅ DEBUG: Raw SubDL URL detected, converting to proxy URL
2025-12-23 11:59:04.474 RedLemon[7693:69837] ✅ DEBUG: Raw SubDL URL detected, converting to proxy URL
2025-12-23 11:59:04.475 RedLemon[7693:68769] 🐛 StreamService: Constructed Proxy URL: http://127.0.0.1:47253/subtitles/subdl/L3N1YnRpdGxlLzIwNjQyOTUtMzY4MDEzLnppcA==?season=5&episode=1&token=FD14A4CF-1F2E-4AE4-A598-4C490441E8AA
2025-12-23 11:59:04.475 RedLemon[7693:69837] 🐛 StreamService: Constructed Proxy URL: http://127.0.0.1:47253/subtitles/subdl/L3N1YnRpdGxlLzIwNjQzMDEtMzkzOTkxLnppcA==?season=5&episode=1&token=FD14A4CF-1F2E-4AE4-A598-4C490441E8AA
2025-12-23 11:59:04.475 RedLemon[7693:69144] 🐛 StreamService: Constructed Proxy URL: http://127.0.0.1:47253/subtitles/subdl/L3N1YnRpdGxlLzIwNjQyOTctMzk3NDY4LnppcA==?season=5&episode=1&token=FD14A4CF-1F2E-4AE4-A598-4C490441E8AA
2025-12-23 11:59:04.475 RedLemon[7693:69631] 🐛 StreamService: Constructed Proxy URL: http://127.0.0.1:47253/subtitles/subdl/L3N1YnRpdGxlLzIwNjQyOTYtMzY4MTE0LnppcA==?season=5&episode=1&token=FD14A4CF-1F2E-4AE4-A598-4C490441E8AA
2025-12-23 11:59:04.475 RedLemon[7693:68769] 🔍 DEBUG: Processing subtitle URL: /subtitle/2064166-575148.zip
2025-12-23 11:59:04.475 RedLemon[7693:68769] ✅ DEBUG: Raw SubDL URL detected, converting to proxy URL
2025-12-23 11:59:04.475 RedLemon[7693:68769] 🐛 StreamService: Constructed Proxy URL: http://127.0.0.1:47253/subtitles/subdl/L3N1YnRpdGxlLzIwNjQxNjYtNTc1MTQ4LnppcA==?season=5&episode=1&token=FD14A4CF-1F2E-4AE4-A598-4C490441E8AA
2025-12-23 11:59:04.477 RedLemon[7693:68769] 📥 StreamService: Pre-downloading 5 (capped from 5) subtitles for direct stream...
2025-12-23 11:59:04.477 RedLemon[7693:68769] 🐛 StreamService: downloadSubtitlesInParallel called. Season: Optional(5), Episode: Optional(1), Count: 5
2025-12-23 11:59:04.477 RedLemon[7693:68769] 🔍 DEBUG: Processing subtitle URL: http://127.0.0.1:47253/subtitles/subdl/L3N1YnRpdGxlLzIwNjQzMDEtMzkzOTkxLnppcA==?season=5&episode=1&token=FD14A4CF-1F2E-4AE4-A598-4C490441E8AA
2025-12-23 11:59:04.477 RedLemon[7693:69837] 🔍 DEBUG: Processing subtitle URL: http://127.0.0.1:47253/subtitles/subdl/L3N1YnRpdGxlLzIwNjQyOTYtMzY4MTE0LnppcA==?season=5&episode=1&token=FD14A4CF-1F2E-4AE4-A598-4C490441E8AA
2025-12-23 11:59:04.477 RedLemon[7693:68769] ✅ DEBUG: SubDL proxy URL detected, skipping download
2025-12-23 11:59:04.477 RedLemon[7693:69631] 🔍 DEBUG: Processing subtitle URL: http://127.0.0.1:47253/subtitles/subdl/L3N1YnRpdGxlLzIwNjQyOTctMzk3NDY4LnppcA==?season=5&episode=1&token=FD14A4CF-1F2E-4AE4-A598-4C490441E8AA
2025-12-23 11:59:04.477 RedLemon[7693:69837] ✅ DEBUG: SubDL proxy URL detected, skipping download
2025-12-23 11:59:04.477 RedLemon[7693:69144] 🔍 DEBUG: Processing subtitle URL: http://127.0.0.1:47253/subtitles/subdl/L3N1YnRpdGxlLzIwNjQyOTUtMzY4MDEzLnppcA==?season=5&episode=1&token=FD14A4CF-1F2E-4AE4-A598-4C490441E8AA
2025-12-23 11:59:04.477 RedLemon[7693:68769] 🔍 DEBUG: Processing subtitle URL: http://127.0.0.1:47253/subtitles/subdl/L3N1YnRpdGxlLzIwNjQxNjYtNTc1MTQ4LnppcA==?season=5&episode=1&token=FD14A4CF-1F2E-4AE4-A598-4C490441E8AA
2025-12-23 11:59:04.477 RedLemon[7693:69631] ✅ DEBUG: SubDL proxy URL detected, skipping download
2025-12-23 11:59:04.477 RedLemon[7693:69144] ✅ DEBUG: SubDL proxy URL detected, skipping download
2025-12-23 11:59:04.477 RedLemon[7693:68769] ✅ DEBUG: SubDL proxy URL detected, skipping download
2025-12-23 11:59:04.605 RedLemon[7693:69631] ✅ Persisted stream selection to room LGG3
2025-12-23 11:59:04.606 RedLemon[7693:68193] ✅ Host: Stream resolved and persisted OK
2025-12-23 11:59:04.632 RedLemon[7693:69631] 📤 Realtime: Sending message type: chat, sender: 656daa91-33b4-4688-9135-c982ea52d7c9
2025-12-23 11:59:04.633 RedLemon[7693:69631]    Payload keys: chatText, position, senderId, timestamp, chatUsername, type
2025-12-23 11:59:04.634 RedLemon[7693:69837] ✅ Realtime: Message broadcast complete
2025-12-23 11:59:04.676 RedLemon[7693:68769] 📨 Realtime: Received broadcast message
2025-12-23 11:59:04.677 RedLemon[7693:68769]    Payload keys: timestamp, chatText, position, type, chatUsername, senderId
2025-12-23 11:59:04.677 RedLemon[7693:68769] ✅ Realtime: Decoded message type: chat, sender: 656daa91-33b4-4688-9135-c982ea52d7c9
2025-12-23 11:59:04.677 RedLemon[7693:68769] 📞 Realtime: Invoking syncCallback for message type: chat
2025-12-23 11:59:04.677 RedLemon[7693:68769] ✅ Realtime: syncCallback invoked successfully
2025-12-23 11:59:04.679 RedLemon[7693:68193] ✅ Host: Successfully broadcast LOBBY_START_COUNTDOWN via Realtime
2025-12-23 11:59:04.679 RedLemon[7693:68193] 📡 Realtime delivery confirmed for 2 guests
2025-12-23 11:59:04.688 RedLemon[7693:68193] 📨 Lobby: Received Room UPDATE from Realtime
2025-12-23 11:59:04.688 RedLemon[7693:68193] 📨 Lobby: Received Room UPDATE from Realtime
080p...': Dexter.S05E01.720p.HDTV.x264-O...
✅ StreamResolver: Attached best sub for '[RD⚡] Comet 1080p...': Dexter.S05E01.720p.HDTV.x264-O...
✅ StreamResolver: Attached best sub for '[RD⚡] Comet 720p...': Dexter.S05E01.720p.HDTV.x264-O...
✅ StreamResolver: Attached best sub for '[RD⚡] Comet 720p...': Dexter.S05E01.720p.HDTV.x264-O...
✅ StreamResolver: Attached best sub for '[RD⚡] Comet 720p...': Dexter.S05E01.720p.HDTV.x264-O...
✅ StreamResolver: Attached best sub for '[RD⚡] Comet 480p...': Dexter Season 5 Complete 480p....
✅ StreamResolver: Attached best sub for '[RD⚡] Comet unknown...': Dexter.S05E01.720p.HDTV.x264-O...
✅ StreamResolver: Attached best sub for 'Dexter S01-S08 BluRay 1080p Tr...': Dexter.S05E01.720p.HDTV.x264-O...
✅ StreamResolver: Attached best sub for 'Dexter S05E01 2010 WEB-DL 1080...': Dexter.S05E01.720p.HDTV.x264-O...
✅ StreamResolver: Attached best sub for 'Dexter S05 1080p ITA-ENG BluRa...': Dexter.S05E01.720p.HDTV.x264-O...
✅ StreamResolver: Attached best sub for 'Dexter 2006 S05 1080p AMZN WEB...': Dexter.S05E01.720p.HDTV.x264-O...
✅ StreamResolver: Attached best sub for 'Dexter S05 1080p Bluray x265-H...': Dexter.S05E01.720p.HDTV.x264-O...
✅ StreamResolver: Attached best sub for 'Dexter 2006-2013 [S01-S08] [10...': Dexter.S05E01.720p.HDTV.x264-O...
✅ StreamResolver: Attached best sub for 'Dexter 2006 S05E01 Ger Eng DL ...': Dexter.S05E01.720p.HDTV.x264-O...
✅ StreamResolver: Attached best sub for 'Dexter S01-S08 1080p BluRay RE...': Dexter.S05E01.720p.HDTV.x264-O...
✅ StreamResolver: Attached best sub for 'Dexter.Complete.S01-S02-S03-S0...': Dexter.S05E01.720p.HDTV.x264-O...
✅ StreamResolver: Attached best sub for 'Dexter Season 1-8 S01-S08 1080...': Dexter.S05E01.720p.HDTV.x264-O...
👑 Auto-promoting season pack: Dexter 2006 S05 1080p AMZN WEB-DL DDP5 1 H 264-RegEdits
   --- Processing Bucket: 2160p (Input: 1) ---
   ✅ Bucket 2160p Final Count: 1
   --- Processing Bucket: 1080p (Input: 26) ---
   ✅ Bucket 1080p Final Count: 26
   --- Processing Bucket: 720p (Input: 4) ---
   ✅ Bucket 720p Final Count: 4
   --- Processing Bucket: 480p (Input: 2) ---
   ✅ Bucket 480p Final Count: 2
📦 2160p Primary: [RD⚡] Comet 2160p
📦 1080p Primary: Dexter S01-S08 1080p BluRay REMUX TrueHD 5.1 AVC-FraMeSToR [RiCK]
/Dexter.S05.BluRay.1080p.TrueHD.5.1.AVC.REMUX-FraMeSToR/Dexter.S05E01.My.Bad.1080p.TrueHD.5.1.AVC.REMUX-FraMeSToR.mkv
💾 10.26 GB
📦 720p Primary: Dexter.Complete.S01-S02-S03-S04-S05-S06-S07-S08.720p.BluRay.DD5.1.x264-ITSat
/S05/Dexter.S05E01.720p.BluRay.DD5.1.x264-ITSat.mkv
💾 734.91 MB
✅ StreamResolver: Quality buckets ready
   ➕ Added 4 720p streams as backup
   ➕ Added 1 4K streams as 'Hail Mary' backup
[2025-12-23T16:59:02Z] [INFO] [StreamService.swift:209] 📦 StreamService: Found 16 total streams to try (across all qualities)
✅ StreamService: Found 16 H.264 streams (Tier 1)
🛡️ StreamService: Allowing restricted keyword for DebridSearch: Dexter S01-S08 1080p BluRay REMUX TrueHD 5.1 AVC-FraMeSToR [RiCK]
/Dexter.S05.BluRay.1080p.TrueHD.5.1.AVC.REMUX-FraMeSToR/Dexter.S05E01.My.Bad.1080p.TrueHD.5.1.AVC.REMUX-FraMeSToR.mkv
💾 10.26 GB
✅ StreamService: Found 16 'Clean' English streams. Deprioritizing 0 localized/dual streams.
📦 StreamService: 16 streams remain after size filter
🔄 StreamService: Trying stream 1/16: Dexter S01-S08 1080p BluRay REMUX TrueHD 5.1 AVC-FraMeSToR [RiCK]
/Dexter.S05.BluRay.1080p.TrueHD.5.1.AVC.REMUX-FraMeSToR/Dexter.S05E01.My.Bad.1080p.TrueHD.5.1.AVC.REMUX-FraMeSToR.mkv
💾 10.26 GB
🔍 StreamService: Resolving redirect URL: https://68d69db7dc40-debrid-search.baby-beamup.club/resolve/RealDebrid/K67JV2V4FTUA7RYN6T34BFIUBRUZERBO45A6UL3O7TE5ZHFDQQSA/B6PWKT4TFVUO2/https%3A%2F%2Freal-debrid.com%2Fd%2FULA7W7UP7J42AD3F
📡 [EventsConfig] Checking server for movie_events config version...
✅ [EventsConfig] Fetched movie_events version 1432 with 445 movies
✅ [EventsConfig] Using cached movie_events config (version 1432, 445 movies)
✅ StreamService: Resolved to: https://chi4-4.download.real-debrid.com/d/ZCN6RPCCFMAPO123/Dexter.S05E01.My.Bad.1080p.TrueHD.5.1.AVC.REMUX-FraMeSToR.mkv
⚡️ StreamService: Stream is already a direct URL. Skipping backend unlock.
✅ StreamService: Selected stream: Dexter S01-S08 1080p BluRay REMUX TrueHD 5.1 AVC-FraMeSToR [RiCK]
/Dexter.S05.BluRay.1080p.TrueHD.5.1.AVC.REMUX-FraMeSToR/Dexter.S05E01.My.Bad.1080p.TrueHD.5.1.AVC.REMUX-FraMeSToR.mkv
💾 10.26 GB
📊 Stream Size: 10.26 GB
📦 StreamService: Returning 15 candidate streams for fallback
🎬 Stream Resolution: Found 16 streams to attempt unlock...
⚡️ StreamService: Stream is already a direct URL. Skipping backend unlock.
✅ Successfully unlocked stream on attempt #1
📡 Persisting resolved stream to room LGG3...
🔍 Supabase Response for /rooms: [{"id":"LGG3","name":"Dexter","host_user_id":"656daa91-33b4-4688-9135-c982ea52d7c9","host_username":"ursinho","stream_hash":null,"imdb_id":"tt0773262","poster_url":"https://images.metahub.space/poster/small/tt0773262/img","backdrop_url":"https://images.metahub.space/background/medium/tt0773262/img","playback_position":0,"is_playing":false,"participants_count":2,"max_participants":50,"is_public":true,"created_at":"2025-12-23T16:57:46.773918","last_activity":"2025-12-23T16:59:04","season":5,"episode":1,"selected_quality":"1080p","selected_file_idx":null,"unlocked_stream_url":"https://chi4-4.download.real-debrid.com/d/ZCN6RPCCFMAPO123/Dexter.S05E01.My.Bad.1080p.TrueHD.5.1.AVC.REMUX-FraMeSToR.mkv","description":null,"current_playlist_index":0,"playlist":[{"id": "55EB824E-268B-438A-BB0B-368078D3E3F3", "season": 5, "episode": 1, "mediaItem": {"id": "tt0773262", "logo": "https://images.metahub.space/logo/medium/tt0773262/img", "name": "Dexter", "type": "series", "year": "2006–2013", "genres": ["Crime", "Drama", "Mystery"], "poster": "https://images.metahub.space/poster/small/tt0773262/img", "runtime": "53 min", "background": "https://images.metahub.space/background/medium/tt0773262/img", "imdbRating": "8.6", "description": "He's smart. He's lovable. He's Dexter Morgan, America's favorite serial killer, who spends his days solving crimes and his nights committing them.", "releaseInfo": "2006–2013"}}, {"id": "6C2916D8-5983-48A8-879A-F4A01DFB1A13", "season": 5, "episode": 2, "mediaItem": {"id": "tt0773262", "name": "Dexter", "type": "series", "poster": "https://m.media-amazon.com/images/M/MV5BMTQ3YmQ4YzMtOTkyZC00YmM5LThhZjEtM2E0MjFkNTc0OGJhXkEyXkFqcGc@._V1_SX250.jpg"}}, {"id": "95A0B67E-472C-4CB6-B646-ECEA69FCF911", "season": 5, "episode": 3, "mediaItem": {"id": "tt0773262", "name": "Dexter", "type": "series", "poster": "https://m.media-amazon.com/images/M/MV5BMTQ3YmQ4YzMtOTkyZC00YmM5LThhZjEtM2E0MjFkNTc0OGJhXkEyXkFqcGc@._V1_SX250.jpg"}}, {"id": "26796E09-432C-419B-AA7C-C2EBA213D96E", "season": 5, "episode": 4, "mediaItem": {"id": "tt0773262", "name": "Dexter", "type": "series", "poster": "https://m.media-amazon.com/images/M/MV5BMTQ3YmQ4YzMtOTkyZC00YmM5LThhZjEtM2E0MjFkNTc0OGJhXkEyXkFqcGc@._V1_SX250.jpg"}}, {"id": "31808A62-8C0B-4DF3-B1BF-860FC4B73C9B", "season": 5, "episode": 5, "mediaItem": {"id": "tt0773262", "name": "Dexter", "type": "series", "poster": "https://m.media-amazon.com/images/M/MV5BMTQ3YmQ4YzMtOTkyZC00YmM5LThhZjEtM2E0MjFkNTc0OGJhXkEyXkFqcGc@._V1_SX250.jpg"}}, {"id": "CDBC9894-74AD-480C-BBEC-D87350BA0704", "season": 5, "episode": 6, "mediaItem": {"id": "tt0773262", "name": "Dexter", "type": "series", "poster": "https://m.media-amazon.com/images/M/MV5BMTQ3YmQ4YzMtOTkyZC00YmM5LThhZjEtM2E0MjFkNTc0OGJhXkEyXkFqcGc@._V1_SX250.jpg"}}, {"id": "85A03E82-56A7-436C-B584-3A62258F9B67", "season": 5, "episode": 7, "mediaItem": {"id": "tt0773262", "name": "Dexter", "type": "series", "poster": "https://m.media-amazon.com/images/M/MV5BMTQ3YmQ4YzMtOTkyZC00YmM5LThhZjEtM2E0MjFkNTc0OGJhXkEyXkFqcGc@._V1_SX250.jpg"}}, {"id": "5DC64A9B-1E1F-44E4-AC94-8C897E227D29", "season": 5, "episode": 8, "mediaItem": {"id": "tt0773262", "name": "Dexter", "type": "series", "poster": "https://m.media-amazon.com/images/M/MV5BMTQ3YmQ4YzMtOTkyZC00YmM5LThhZjEtM2E0MjFkNTc0OGJhXkEyXkFqcGc@._V1_SX250.jpg"}}, {"id": "F4562D42-3275-4379-9F76-D6FB908BE84F", "season": 5, "episode": 9, "mediaItem": {"id": "tt0773262", "name": "Dexter", "type": "series", "poster": "https://m.media-amazon.com/images/M/MV5BMTQ3YmQ4YzMtOTkyZC00YmM5LThhZjEtM2E0MjFkNTc0OGJhXkEyXkFqcGc@._V1_SX250.jpg"}}, {"id": "765BEFEF-AEB6-4BFE-8C62-77E9DB8D4040", "season": 5, "episode": 10, "mediaItem": {"id": "tt0773262", "name": "Dexter", "type": "series", "poster": "https://m.media-amazon.com/images/M/MV5BMTQ3YmQ4YzMtOTkyZC00YmM5LThhZjEtM2E0MjFkNTc0OGJhXkEyXkFqcGc@._V1_SX250.jpg"}}, {"id": "323F5080-C926-4842-B88E-167D5785FC32", "season": 5, "episode": 11, "mediaItem": {"id": "tt0773262", "name": "Dexter", "type": "series", "poster": "https://m.media-amazon.com/images/M/MV5BMTQ3YmQ4YzMtOTkyZC00YmM5LThhZjEtM2E0MjFkNTc0OGJhXkEyXkFqcGc@._V1_SX250.jpg"}}, {"id": "474B73D2-FB6B-4C07-B30B-B4654124436B", "season": 5, "episode": 12, "mediaItem": {"id": "tt0773262", "name": "Dexter", "type": "series", "poster": "https://m.media-amazon.com/images/M/MV5BMTQ3YmQ4YzMtOTkyZC00YmM5LThhZjEtM2E0MjFkNTc0OGJhXkEyXkFqcGc@._V1_SX250.jpg"}}],"subtitle_url":null}]
✅ Stream persisted! Hash: nil
📨 Received: {"ref":null,"event":"broadcast","payload":{"event":"sync","payload":{"chatText":"LOBBY_START_COUNTDOWN","chatUsername":"Host","position":0,"senderId":"656daa91-33b4-4688-9135-c982ea52d7c9","timestamp":3,"type":"chat"},"type":"broadcast"},"topic":"realtime:watch-party:LGG3"}
📨 Received: {"ref":null,"event":"postgres_changes","payload":{"data":{"table":"rooms","type":"UPDATE","record":{"id": "LGG3", "name": "Dexter", "season": 5, "episode": 1, "imdb_id": "tt0773262", "playlist": [{"id": "55EB824E-268B-438A-BB0B-368078D3E3F3", "season": 5, "episode": 1, "mediaItem": {"id": "tt0773262", "logo": "https://images.metahub.space/logo/medium/tt0773262/img", "name": "Dexter", "type": "series", "year": "2006–2013", "genres": ["Crime", "Drama", "Mystery"], "poster": "https://images.metahub.space/poster/small/tt0773262/img", "runtime": "53 min", "background": "https://images.metahub.space/background/medium/tt0773262/img", "imdbRating": "8.6", "description": "He's smart. He's lovable. He's Dexter Morgan, America's favorite serial killer, who spends his days solving crimes and his nights committing them.", "releaseInfo": "2006–2013"}}, {"id": "6C2916D8-5983-48A8-879A-F4A01DFB1A13", "season": 5, "episode": 2, "mediaItem": {"id": "tt0773262", "name": "Dexter", "type": "series", "poster": "https://m.media-amazon.com/images/M/MV5BMTQ3YmQ4YzMtOTkyZC00YmM5LThhZjEtM2E0MjFkNTc0OGJhXkEyXkFqcGc@._V1_SX250.jpg"}}, {"id": "95A0B67E-472C-4CB6-B646-ECEA69FCF911", "season": 5, "episode": 3, "mediaItem": {"id": "tt0773262", "name": "Dexter", "type": "series", "poster": "https://m.media-amazon.com/images/M/MV5BMTQ3YmQ4YzMtOTkyZC00YmM5LThhZjEtM2E0MjFkNTc0OGJhXkEyXkFqcGc@._V1_SX250.jpg"}}, {"id": "26796E09-432C-419B-AA7C-C2EBA213D96E", "season": 5, "episode": 4, "mediaItem": {"id": "tt0773262", "name": "Dexter", "type": "series", "poster": "https://m.media-amazon.com/images/M/MV5BMTQ3YmQ4YzMtOTkyZC00YmM5LThhZjEtM2E0MjFkNTc0OGJhXkEyXkFqcGc@._V1_SX250.jpg"}}, {"id": "31808A62-8C0B-4DF3-B1BF-860FC4B73C9B", "season": 5, "episode": 5, "mediaItem": {"id": "tt0773262", "name": "Dexter", "type": "series", "poster": "https://m.media-amazon.com/images/M/MV5BMTQ3YmQ4YzMtOTkyZC00YmM5LThhZjEtM2E0MjFkNTc0OGJhXkEyXkFqcGc@._V1_SX250.jpg"}}, {"id": "CDBC9894-74AD-480C-BBEC-D87350BA0704", "season": 5, "episode": 6, "mediaItem": {"id": "tt0773262", "name": "Dexter", "type": "series", "poster": "https://m.media-amazon.com/images/M/MV5BMTQ3YmQ4YzMtOTkyZC00YmM5LThhZjEtM2E0MjFkNTc0OGJhXkEyXkFqcGc@._V1_SX250.jpg"}}, {"id": "85A03E82-56A7-436C-B584-3A62258F9B67", "season": 5, "episode": 7, "mediaItem": {"id": "tt0773262", "name": "Dexter", "type": "series", "poster": "https://m.media-amazon.com/images/M/MV5BMTQ3YmQ4YzMtOTkyZC00YmM5LThhZjEtM2E0MjFkNTc0OGJhXkEyXkFqcGc@._V1_SX250.jpg"}}, {"id": "5DC64A9B-1E1F-44E4-AC94-8C897E227D29", "season": 5, "episode": 8, "mediaItem": {"id": "tt0773262", "name": "Dexter", "type": "series", "poster": "https://m.media-amazon.com/images/M/MV5BMTQ3YmQ4YzMtOTkyZC00YmM5LThhZjEtM2E0MjFkNTc0OGJhXkEyXkFqcGc@._V1_SX250.jpg"}}, {"id": "F4562D42-3275-4379-9F76-D6FB908BE84F", "season": 5, "episode": 9, "mediaItem": {"id": "tt0773262", "name": "Dexter", "type": "series", "poster": "https://m.media-amazon.com/images/M/MV5BMTQ3YmQ4YzMtOTkyZC00YmM5LThhZjEtM2E0MjFkNTc0OGJhXkEyXkFqcGc@._V1_SX250.jpg"}}, {"id": "765BEFEF-AEB6-4BFE-8C62-77E9DB8D4040", "season": 5, "episode": 10, "mediaItem": {"id": "tt0773262", "name": "Dexter", "type": "series", "poster": "https://m.media-amazon.com/images/M/MV5BMTQ3YmQ4YzMtOTkyZC00YmM5LThhZjEtM2E0MjFkNTc0OGJhXkEyXkFqcGc@._V1_SX250.jpg"}}, {"id": "323F5080-C926-4842-B88E-167D5785FC32", "season": 5, "episode": 11, "mediaItem": {"id": "tt0773262", "name": "Dexter", "type": "series", "poster": "https://m.media-amazon.com/images/M/MV5BMTQ3YmQ4YzMtOTkyZC00YmM5LThhZjEtM2E0MjFkNTc0OGJhXkEyXkFqcGc@._V1_SX250.jpg"}}, {"id": "474B73D2-FB6B-4C07-B30B-B4654124436B", "season": 5, "episode": 12, "mediaItem": {"id": "tt0773262", "name": "Dexter", "type": "series", "poster": "https://m.media-amazon.com/images/M/MV5BMTQ3YmQ4YzMtOTkyZC00YmM5LThhZjEtM2E0MjFkNTc0OGJhXkEyXkFqcGc@._V1_SX250.jpg"}}], "is_public": true, "created_at": "2025-12-23T16:57:46.773918", "is_playing": false, "poster_url": "https://images.metahub.space/poster/small/tt0773262/img", "description": null, "stream_hash": null, "backdrop_url": "https://images.metahub.space/background/medium/tt0773262/img", "host_user_id": "656daa91-33b4-4688-9135-c982ea52d7c9", "subtitle_url": null, "host_username": "ursinho", "last_activity": "2025-12-23T16:59:04", "max_participants": 50, "selected_quality": "1080p", "playback_position": 0, "selected_file_idx": null, "participants_count": 2, "unlocked_stream_url": "https://chi4-4.download.real-debrid.com/d/ZCN6RPCCFMAPO123/Dexter.S05E01.My.Bad.1080p.TrueHD.5.1.AVC.REMUX-FraMeSToR.mkv", "current_playlist_index": 0},"columns":[{"name": "id", "type": "text"}, {"name": "name", "type": "text"}, {"name": "host_user_id", "type": "uuid"}, {"name": "host_username", "type": "text"}, {"name": "stream_hash", "type": "text"}, {"name": "imdb_id", "type": "text"}, {"name": "poster_url", "type": "text"}, {"name": "backdrop_url", "type": "text"}, {"name": "playback_position", "type": "int4"}, {"name": "is_playing", "type": "bool"}, {"name": "participants_count", "type": "int4"}, {"name": "max_participants", "type": "int4"}, {"name": "is_public", "type": "bool"}, {"name": "created_at", "type": "timestamp"}, {"name": "last_activity", "type": "timestamp"}, {"name": "season", "type": "int4"}, {"name": "episode", "type": "int4"}, {"name": "selected_quality", "type": "text"}, {"name": "selected_file_idx", "type": "int4"}, {"name": "unlocked_stream_url", "type": "text"}, {"name": "description", "type": "text"}, {"name": "current_playlist_index", "type": "int4"}, {"name": "playlist", "type": "jsonb"}, {"name": "subtitle_url", "type": "text"}],"errors":null,"schema":"public","commit_timestamp":"2025-12-23T16:59:04.688Z","old_record":{"id": "LGG3"}},"ids":[67457933]},"topic":"realtime:watch-party:LGG3"}
🔄 Lobby: Fetching fresh room state from Supabase...
🔄 Lobby: Fetching fresh room state from Supabase...
🔍 Supabase Response for /rooms: [{"id":"LGG3","name":"Dexter","host_user_id":"656daa91-33b4-4688-9135-c982ea52d7c9","host_username":"ursinho","stream_hash":null,"imdb_id":"tt0773262","poster_url":"https://images.metahub.space/poster/small/tt0773262/img","backdrop_url":"https://images.metahub.space/background/medium/tt0773262/img","playback_position":0,"is_playing":true,"participants_count":2,"max_participants":50,"is_public":true,"created_at":"2025-12-23T16:57:46.773918","last_activity":"2025-12-23T16:59:04","season":5,"episode":1,"selected_quality":"1080p","selected_file_idx":null,"unlocked_stream_url":"https://chi4-4.download.real-debrid.com/d/ZCN6RPCCFMAPO123/Dexter.S05E01.My.Bad.1080p.TrueHD.5.1.AVC.REMUX-FraMeSToR.mkv","description":null,"current_playlist_index":0,"playlist":[{"id": "55EB824E-268B-438A-BB0B-368078D3E3F3", "sea2025-12-23 11:59:04.714 RedLemon[7693:68193] ✅ Host: Set room playback state in database as fallback
son": 5, "episode": 1, "mediaItem": {"id": "tt0773262", "logo": "https://images.metahub.space/logo/medium/tt0773262/img", "name": "Dexter", "type": "series", "year": "2006–2013", "genres": ["Crime", "Drama", "Mystery"], "poster": "https://images.metahub.space/poster/small/tt0773262/img", "runtime": "53 min", "background": "https://images.metahub.space/background/medium/tt0773262/img", "imdbRating": "8.6", "description": "He's smart. He's lovable. He's Dexter Morgan, America's favorite serial killer, who spends his days solving crimes and his nights committing them.", "releaseInfo": "2006–2013"}}, {"id": "6C2916D8-5983-48A8-879A-F4A01DFB1A13", "season": 5, "episode": 2, "mediaItem": {"id": "tt0773262", "name": "Dexter", "type": "series", "poster": "https://m.media-amazon.com/images/M/MV5BMTQ3YmQ4YzMtOTkyZC00YmM5LThhZjEtM2E0MjFkNTc0OGJhXkEyXkFqcGc@._V1_SX250.jpg"}}, {"id": "95A0B67E-472C-4CB6-B646-ECEA69FCF911", "season": 5, "episode": 3, "mediaItem": {"id": "tt0773262", "name": "Dexter", "type": "series", "poster": "https://m.media-amazon.com/images/M/MV5BMTQ3YmQ4YzMtOTkyZC00YmM5LThhZjEtM2E0MjFkNTc0OGJhXkEyXkFqcGc@._V1_SX250.jpg"}}, {"id": "26796E09-432C-419B-AA7C-C2EBA213D96E", "season": 5, "episode": 4, "mediaItem": {"id": "tt0773262", "name": "Dexter", "type": "series", "poster": "https://m.media-amazon.com/images/M/MV5BMTQ3YmQ4YzMtOTkyZC00YmM5LThhZjEtM2E0MjFkNTc0OGJhXkEyXkFqcGc@._V1_SX250.jpg"}}, {"id": "31808A62-8C0B-4DF3-B1BF-860FC4B73C9B", "season": 5, "episode": 5, "mediaItem": {"id": "tt0773262", "name": "Dexter", "type": "series", "poster": "https://m.media-amazon.com/images/M/MV5BMTQ3YmQ4YzMtOTkyZC00YmM5LThhZjEtM2E0MjFkNTc0OGJhXkEyXkFqcGc@._V1_SX250.jpg"}}, {"id": "CDBC9894-74AD-480C-BBEC-D87350BA0704", "season": 5, "episode": 6, "mediaItem": {"id": "tt0773262", "name": "Dexter", "type": "series", "poster": "https://m.media-amazon.com/images/M/MV5BMTQ3YmQ4YzMtOTkyZC00YmM5LThhZjEtM2E0MjFkNTc0OGJhXkEyXkFqcGc@._V1_SX250.jpg"}}, {"id": "85A03E82-56A7-436C-B584-3A62258F9B67", "season": 5, "episode": 7, "mediaItem": {"id": "tt0773262", "name": "Dexter", "type": "series", "poster": "https://m.media-amazon.com/images/M/MV5BMTQ3YmQ4YzMtOTkyZC00YmM5LThhZjEtM2E0MjFkNTc0OGJhXkEyXkFqcGc@._V1_SX250.jpg"}}, {"id": "5DC64A9B-1E1F-44E4-AC94-8C897E227D29", "season": 5, "episode": 8, "mediaItem": {"id": "tt0773262", "name": "Dexter", "type": "series", "poster": "https://m.media-amazon.com/images/M/MV5BMTQ3YmQ4YzMtOTkyZC00YmM5LThhZjEtM2E0MjFkNTc0OGJhXkEyXkFqcGc@._V1_SX250.jpg"}}, {"id": "F4562D42-3275-4379-9F76-D6FB908BE84F", "season": 5, "episode": 9, "mediaItem": {"id": "tt0773262", "name": "Dexter", "type": "series", "poster": "https://m.media-amazon.com/images/M/MV5BMTQ3YmQ4YzMtOTkyZC00YmM5LThhZjEtM2E0MjFkNTc0OGJhXkEyXkFqcGc@._V1_SX250.jpg"}}, {"id": "765BEFEF-AEB6-4BFE-8C62-77E9DB8D4040", "season": 5, "episode": 10, "mediaItem": {"id": "tt0773262", "name": "Dexter", "type": "series", "poster": "https://m.media-amazon.com/images/M/MV5BMTQ3YmQ4YzMtOTkyZC00YmM5LThhZjEtM2E0MjFkNTc0OGJhXkEyXkFqcGc@._V1_SX250.jpg"}}, {"id": "323F5080-C926-4842-B88E-167D5785FC32", "season": 5, "episode": 11, "mediaItem": {"id": "tt0773262", "name": "Dexter", "type": "series", "poster": "https://m.media-amazon.com/images/M/MV5BMTQ3YmQ4YzMtOTkyZC00YmM5LThhZjEtM2E0MjFkNTc0OGJhXkEyXkFqcGc@._V1_SX250.jpg"}}, {"id": "474B73D2-FB6B-4C07-B30B-B4654124436B", "season": 5, "episode": 12, "mediaItem": {"id": "tt0773262", "name": "Dexter", "type": "series", "poster": "https://m.media-amazon.com/images/M/MV5BMTQ3YmQ4YzMtOTkyZC00YmM5LThhZjEtM2E0MjFkNTc0OGJhXkEyXkFqcGc@._V1_SX250.jpg"}}],"subtitle_url":null}]
🔍 Supabase Response for /rooms: [{"id":"LGG3","name":"Dexter","host_user_id":"656daa91-33b4-4688-9135-c982ea52d7c9","host_username":"ursinho","stream_hash":null,"imdb_id":"tt0773262","poster_url":"https://images.metahub.space/poster/small/tt0773262/img","backdrop_url":"https://images.metahub.space/background/medium/tt0773262/img","playback_position":0,"is_playing":true,"participants_count":2,"max_participants":50,"is_public":true,"created_at":"2025-12-23T16:57:46.773918","last_activity":"2025-12-23T16:59:04","season":5,"episode":1,"selected_quality":"1080p","selected_file_idx":null,"unlocked_stream_url":"https://chi4-4.download.real-debrid.com/d/ZCN6RPCCFMAPO123/Dexter.S05E01.My.Bad.1080p.TrueHD.5.1.AVC.REMUX-FraMeSToR.mkv","description":null,"current_playlist_index":0,"playlist":[{"id": "55EB824E-268B-438A-BB0B-368078D3E3F3", "season": 5, "episode": 1, "mediaItem": {"id": "tt0773262", "logo": "https://images.metahub.space/logo/medium/tt0773262/img", "name": "Dexter", "type": "series", "year": "2006–2013", "genres": ["Crime", "Drama", "Mystery"], "poster": "https://images.metahub.space/poster/small/tt0773262/img", "runtime": "53 min", "background": "https://images.metahub.space/background/medium/tt0773262/img", "imdbRating": "8.6", "description": "He's smart. He's lovable. He's Dexter Morgan, America's favorite serial killer, who spends his days solving crimes and his nights committing them.", "releaseInfo": "2006–2013"}}, {"id": "6C2916D8-5983-48A8-879A-F4A01DFB1A13", "season": 5, "episode": 2, "mediaItem": {"id": "tt0773262", "name": "Dexter", "type": "series", "poster": "https://m.media-amazon.com/images/M/MV5BMTQ3YmQ4YzMtOTkyZC00YmM5LThhZjEtM2E0MjFkNTc0OGJhXkEyXkFqcGc@._V1_SX250.jpg"}}, {"id": "95A0B67E-472C-4CB6-B646-ECEA69FCF911", "season": 5, "episode": 3, "mediaItem": {"id": "tt0773262", "name": "Dexter", "type": "series", "poster": "https://m.media-amazon.com/images/M/MV5BMTQ3YmQ4YzMtOTkyZC00YmM5LThhZjEtM2E0MjFkNTc0OGJhXkEyXkFqcGc@._V1_SX250.jpg"}}, {"id": "26796E09-432C-419B-AA7C-C2EBA213D96E", "season": 5, "episode": 4, "mediaItem": {"id": "tt0773262", "name": "Dexter", "type": "series", "poster": "https://m.media-amazon.com/images/M/MV5BMTQ3YmQ4YzMtOTkyZC00YmM5LThhZjEtM2E0MjFkNTc0OGJhXkEyXkFqcGc@._V1_SX250.jpg"}}, {"id": "31808A62-8C0B-4DF3-B1BF-860FC4B73C9B", "season": 5, "episode": 5, "mediaItem": {"id": "tt0773262", "name": "Dexter", "type": "series", "poster": "https://m.media-amazon.com/images/M/MV5BMTQ3YmQ4YzMtOTkyZC00YmM5LThhZjEtM2E0MjFkNTc0OGJhXkEyXkFqcGc@._V1_SX250.jpg"}}, {"id": "CDBC9894-74AD-480C-BBEC-D87350BA0704", "season": 5, "episode": 6, "mediaItem": {"id": "tt0773262", "name": "Dexter", "type": "series", "poster": "https://m.media-amazon.com/images/M/MV5BMTQ3YmQ4YzMtOTkyZC00YmM5LThhZjEtM2E0MjFkNTc0OGJhXkEyXkFqcGc@._V1_SX250.jpg"}}, {"id": "85A03E82-56A7-436C-B584-3A62258F9B67", "season": 5, "episode": 7, "mediaItem": {"id": "tt0773262", "name": "Dexter", "type": "series", "poster": "https://m.media-amazon.com/images/M/MV5BMTQ3YmQ4YzMtOTkyZC00YmM5LThhZjEtM2E0MjFkNTc0OGJhXkEyXkFqcGc@._V1_SX250.jpg"}}, {"id": "5DC64A9B-1E1F-44E4-AC94-8C897E227D29", "season": 5, "episode": 8, "mediaItem": {"id": "tt0773262", "name": "Dexter", "type": "series", "poster": "https://m.media-amazon.com/images/M/MV5BMTQ3YmQ4YzMtOTkyZC00YmM5LThhZjEtM2E0MjFkNTc0OGJhXkEyXkFqcGc@._V1_SX250.jpg"}}, {"id": "F4562D42-3275-4379-9F76-D6FB908BE84F", "season": 5, "episode": 9, "mediaItem": {"id": "tt0773262", "name": "Dexter", "type": "series", "poster": "https://m.media-amazon.com/images/M/MV5BMTQ3YmQ4YzMtOTkyZC00YmM5LThhZjEtM2E0MjFkNTc0OGJhXkEyXkFqcGc@._V1_SX250.jpg"}}, {"id": "765BEFEF-AEB6-4BFE-8C62-77E9DB8D4040", "season": 5, "episode": 10, "mediaItem": {"id": "tt0773262", "name": "Dexter", "type": "series", "poster": "https://m.media-amazon.com/images/M/MV5BMTQ3YmQ4YzMtOTkyZC00YmM5LThhZjEtM2E0MjFkNTc0OGJhXkEyXkFqcGc@._V1_SX250.jpg"}}, {"id": "323F5080-C926-4842-B88E-167D5785FC32", "season": 5, "episode": 11, "mediaItem": {"id": "tt0773262", "name": "Dexter", "type": "series", "poster": "https://m.media-amazon.com/images/M/MV5BMTQ3YmQ4YzMtOTkyZC00YmM5LThhZjEtM2E0MjFkNTc0OGJhXkEyXkFqcGc@._V1_SX250.jpg"}}, {"id": "474B73D2-FB6B-4C07-B30B-B4654124436B", "season": 5, "episode": 12, "mediaItem": {"id": "tt0773262", "name": "Dexter", "type": "series", "poster": "https://m.media-amazon.com/images/M/MV5BMTQ3YmQ4YzMtOTkyZC00YmM5LThhZjEtM2E0MjFkNTc0OGJhXkEyXkFqcGc@._V1_SX250.jpg"}}],"subtitle_url":null}]
✅ Lobby: Synced playlist with 12 items
✅ Lobby: Synced playlist index to 0
✅ Lobby: Synced stream info & playlist to AppState
🔍 Supabase Response for /rooms: [{"id":"LGG3","name":"Dexter","host_user_id":"656daa91-33b4-4688-9135-c982ea52d7c9","host_username":"ursinho","stream_hash":null,"imdb_id":"tt0773262","poster_url":"https://images.metahub.space/poster/small/tt0773262/img","backdrop_url":"https://images.metahub.space/background/medium/tt0773262/img","playback_position":0,"is_playing":true,"participants_count":2,"max_participants":50,"is_public":true,"created_at":"2025-12-23T16:57:46.773918","last_activity":"2025-12-23T16:59:04","season":5,"episode":1,"selected_quality":"1080p","selected_file_idx":null,"unlocked_stream_url":"https://chi4-4.download.real-debrid.com/d/ZCN6RPCCFMAPO123/Dexter.S05E01.My.Bad.1080p.TrueHD.5.1.AVC.REMUX-FraMeSToR.mkv","description":null,"current_playlist_index":0,"playlist":[{"id": "55EB824E-268B-438A-BB0B-368078D3E3F3", "season": 5, "episode": 1, "mediaItem": {"id": "tt0773262", "logo": "https://images.metahub.space/logo/medium/tt0773262/img", "name": "Dexter", "type": "series", "year": "2006–2013", "genres": ["Crime", "Drama", "Mystery"], "poster": "https://images.metahub.space/poster/small/tt0773262/img", "runtime": "53 min", "background": "https://images.metahub.space/background/medium/tt0773262/img", "imdbRating": "8.6", "description": "He's smart. He's lovable. He's Dexter Morgan, America's favorite serial killer, who spends his days solving crimes and his nights committing them.", "releaseInfo": "2006–2013"}}, {"id": "6C2916D8-5983-48A8-879A-F4A01DFB1A13", "season": 5, "episode": 2, "mediaItem": {"id": "tt0773262", "name": "Dexter", "type": "series", "poster": "https://m.media-amazon.com/images/M/MV5BMTQ3YmQ4YzMtOTkyZC00YmM5LThhZjEtM2E0MjFkNTc0OGJhXkEyXkFqcGc@._V1_SX250.jpg"}}, {"id": "95A0B67E-472C-4CB6-B646-ECEA69FCF911", "season": 5, "episode": 3, "mediaItem": {"id": "tt0773262", "name": "Dexter", "type": "series", "poster": "https://m.media-amazon.com/images/M/MV5BMTQ3YmQ4YzMtOTkyZC00YmM5LThhZjEtM2E0MjFkNTc0OGJhXkEyXkFqcGc@._V1_SX250.jpg"}}, {"id": "26796E09-432C-419B-AA7C-C2EBA213D96E", "season": 5, "episode": 4, "mediaItem": {"id": "tt0773262", "name": "Dexter", "type": "series", "poster": "https://m.media-amazon.com/images/M/MV5BMTQ3YmQ4YzMtOTkyZC00YmM5LThhZjEtM2E0MjFkNTc0OGJhXkEyXkFqcGc@._V1_SX250.jpg"}}, {"id": "31808A62-8C0B-4DF3-B1BF-860FC4B73C9B", "season": 5, "episode": 5, "mediaItem": {"id": "tt0773262", "name": "Dexter", "type": "series", "poster": "https://m.media-amazon.com/images/M/MV5BMTQ3YmQ4YzMtOTkyZC00YmM5LThhZjEtM2E0MjFkNTc0OGJhXkEyXkFqcGc@._V1_SX250.jpg"}}, {"id": "CDBC9894-74AD-480C-BBEC-D87350BA0704", "season": 5, "episode": 6, "mediaItem": {"id": "tt0773262", "name": "Dexter", "type": "series", "poster": "https://m.media-amazon.com/images/M/MV5BMTQ3YmQ4YzMtOTkyZC00YmM5LThhZjEtM2E0MjFkNTc0OGJhXkEyXkFqcGc@._V1_SX250.jpg"}}, {"id": "85A03E82-56A7-436C-B584-3A62258F9B67", "season": 5, "episode": 7, "mediaItem": {"id": "tt0773262", "name": "Dexter", "type": "series", "poster": "https://m.media-amazon.com/images/M/MV5BMTQ3YmQ4YzMtOTkyZC00YmM5LThhZjEtM2E0MjFkNTc0OGJhXkEyXkFqcGc@._V1_SX250.jpg"}}, {"id": "5DC64A9B-1E1F-44E4-AC94-8C897E227D29", "season": 5, "episode": 8, "mediaItem": {"id": "tt0773262", "name": "Dexter", "type": "series", "poster": "https://m.media-amazon.com/images/M/MV5BMTQ3YmQ4YzMtOTkyZC00YmM5LThhZjEtM2E0MjFkNTc0OGJhXkEyXkFqcGc@._V1_SX250.jpg"}}, {"id": "F4562D42-3275-4379-9F76-D6FB908BE84F", "season": 5, "episode": 9, "mediaItem": {"id": "tt0773262", "name": "Dexter", "type": "series", "poster": "https://m.media-amazon.com/images/M/MV5BMTQ3YmQ4YzMtOTkyZC00YmM5LThhZjEtM2E0MjFkNTc0OGJhXkEyXkFqcGc@._V1_SX250.jpg"}}, {"id": "765BEFEF-AEB6-4BFE-8C62-77E9DB8D4040", "season": 5, "episode": 10, "mediaItem": {"id": "tt0773262", "name": "Dexter", "type": "series", "poster": "https://m.media-amazon.com/images/M/MV5BMTQ3YmQ4YzMtOTkyZC00YmM5LThhZjEtM2E0MjFkNTc0OGJhXkEyXkFqcGc@._V1_SX250.jpg"}}, {"id": "323F5080-C926-4842-B88E-167D5785FC32", "season": 5, "episode": 11, "mediaItem": {"id": "tt0773262", "name": "Dexter", "type": "series", "poster": "https://m.media-amazon.com/images/M/MV5BMTQ3YmQ4YzMtOTkyZC00YmM5LThhZjEtM2E0MjFkNTc0OGJhXkEyXkFqcGc@._V1_SX250.jpg"}}, {"id": "474B73D2-FB6B-4C07-B30B-B4654124436B", "season": 5, "episode": 12, "mediaItem": {"id": "tt0773262", "name": "Dexter", "type": "series", "poster": "https://m.media-amazon.com/images/M/MV5BMTQ3YmQ4YzMtOTkyZC00YmM5LThhZjEtM2E0MjFkNTc0OGJhXkEyXkFqcGc@._V1_SX250.jpg"}}],"subtitle_url":null}]
✅ Lobby: Synced playlist with 12 items
✅ Lobby: Synced playlist index to 0
✅ Lobby: Synced stream info & playlist to AppState
📨 Received: {"ref":null,"event":"postgres_changes","payload":{"data":{"table":"rooms","type":"UPDATE","record":{"id": "LGG3", "name": "Dexter", "season": 5, "episode": 1, "imdb_id": "tt0773262", "playlist": [{"id": "55EB824E-268B-438A-BB0B-368078D3E3F3", "season": 5, "episode": 1, "mediaItem": {"id": "tt0773262", "logo": "https://images.metahub.space/logo/medium/tt0773262/img", "name": "Dexter", "type": "series", "year": "2006–2013", "genres": ["Crime", "Drama", "Mystery"], "poster": "https://images.metahub.space/poster/small/tt0773262/img", "runtime": "53 min", "background": "https://images.metahub.space/background/medium/tt0773262/img", "imdbRating": "8.6", "description": "He's smart. He's lovable. He's Dexter Morgan, America's favorite serial killer, who spends his days solving crimes and his nights committing them.", "releaseInfo": "2006–2013"}}, {"id": "6C2916D8-5983-48A8-879A-F4A01DFB1A13", "season": 5, "episode": 2, "mediaItem": {"id": "tt0773262", "name": "Dexter", "type": "series", "poster": "https://m.media-amazon.com/images/M/MV5BMTQ3YmQ4YzMtOTkyZC00YmM5LThhZjEtM2E0MjFkNTc0OGJhXkEyXkFqcGc@._V1_SX250.jpg"}}, {"id": "95A0B67E-472C-4CB6-B646-ECEA69FCF911", "season": 5, "episode": 3, "mediaItem": {"id": "tt0773262", "name": "Dexter", "type": "series", "poster": "https://m.media-amazon.com/images/M/MV5BMTQ3YmQ4YzMtOTkyZC00YmM5LThhZjEtM2E0MjFkNTc0OGJhXkEyXkFqcGc@._V1_SX250.jpg"}}, {"id": "26796E09-432C-419B-AA7C-C2EBA213D96E", "season": 5, "episode": 4, "mediaItem": {"id": "tt0773262", "name": "Dexter", "type": "series", "poster": "https://m.media-amazon.com/images/M/MV5BMTQ3YmQ4YzMtOTkyZC00YmM5LThhZjEtM2E0MjFkNTc0OGJhXkEyXkFqcGc@._V1_SX250.jpg"}}, {"id": "31808A62-8C0B-4DF3-B1BF-860FC4B73C9B", "season": 5, "episode": 5, "mediaItem": {"id": "tt0773262", "name": "Dexter", "type": "series", "poster": "https://m.media-amazon.com/images/M/MV5BMTQ3YmQ4YzMtOTkyZC00YmM5LThhZjEtM2E0MjFkNTc0OGJhXkEyXkFqcGc@._V1_SX250.jpg"}}, {"id": "CDBC9894-74AD-480C-BBEC-D87350BA0704", "season": 5, "episode": 6, "mediaItem": {"id": "tt0773262", "name": "Dexter", "type": "series", "poster": "https://m.media-amazon.com/images/M/MV5BMTQ3YmQ4YzMtOTkyZC00YmM5LThhZjEtM2E0MjFkNTc0OGJhXkEyXkFqcGc@._V1_SX250.jpg"}}, {"id": "85A03E82-56A7-436C-B584-3A62258F9B67", "season": 5, "episode": 7, "mediaItem": {"id": "tt0773262", "name": "Dexter", "type": "series", "poster": "https://m.media-amazon.com/images/M/MV5BMTQ3YmQ4YzMtOTkyZC00YmM5LThhZjEtM2E0MjFkNTc0OGJhXkEyXkFqcGc@._V1_SX250.jpg"}}, {"id": "5DC64A9B-1E1F-44E4-AC94-8C897E227D29", "season": 5, "episode": 8, "mediaItem": {"id": "tt0773262", "name": "Dexter", "type": "series", "poster": "https://m.media-amazon.com/images/M/MV5BMTQ3YmQ4YzMtOTkyZC00YmM5LThhZjEtM2E0MjFkNTc0OGJhXkEyXkFqcGc@._V1_SX250.jpg"}}, {"id": "F4562D42-3275-4379-9F76-D6FB908BE84F", "season": 5, "episode": 9, "mediaItem": {"id": "tt0773262", "name": "Dexter", "type": "series", "poster": "https://m.media-amazon.com/images/M/MV5BMTQ3YmQ4YzMtOTkyZC00YmM5LThhZjEtM2E0MjFkNTc0OGJhXkEyXkFqcGc@._V1_SX250.jpg"}}, {"id": "765BEFEF-AEB6-4BFE-8C62-77E9DB8D4040", "season": 5, "episode": 10, "mediaItem": {"id": "tt0773262", "name": "Dexter", "type": "series", "poster": "https://m.media-amazon.com/images/M/MV5BMTQ3YmQ4YzMtOTkyZC00YmM5LThhZjEtM2E0MjFkNTc0OGJhXkEyXkFqcGc@._V1_SX250.jpg"}}, {"id": "323F5080-C926-4842-B88E-167D5785FC32", "season": 5, "episode": 11, "mediaItem": {"id": "tt0773262", "name": "Dexter", "type": "series", "poster": "https://m.media-amazon.com/images/M/M2025-12-23 11:59:04.842 RedLemon[7693:68193] 📨 Lobby: Received Room UPDATE from Realtime
2025-12-23 11:59:04.843 RedLemon[7693:68193] 📨 Lobby: Received Room UPDATE from Realtime
2025-12-23 11:59:07.606 RedLemon[7693:68193] 🎬 Host: Launching player for Dexter
2025-12-23 11:59:07.607 RedLemon[7693:68193] 🖥️ WindowManager: enterFullscreen() called
2025-12-23 11:59:07.607 RedLemon[7693:68193]    Window: <SwiftUI.SwiftUIWindow: 0x7feea23664a0>
2025-12-23 11:59:07.607 RedLemon[7693:68193]    Is fullscreen: 1
2025-12-23 11:59:07.607 RedLemon[7693:68193]    ⚠️ WindowManager: Already in fullscreen
2025-12-23 11:59:07.611 RedLemon[7693:68193] 🎬🎬🎬 MPVPlayerView INIT called - streamURL: https://chi4-4.download.real-debrid.com/d/ZCN6RPCCFMAPO123/D, subtitles: 5
2025-12-23 11:59:07.711 RedLemon[7693:68193] 🖼️ Setting up MPV with native macOS video output...
2025-12-23 11:59:07.715 RedLemon[7693:68193] ✅ MPV initialized with native GPU rendering
2025-12-23 11:59:07.718 RedLemon[7693:68193] 🎬🎬🎬 MPVPlayerView .task starting
2025-12-23 11:59:07.718 RedLemon[7693:68193] 🎉 Starting watch party sync - Room: LGG3, Host: YES
2025-12-23 11:59:07.718 RedLemon[7693:68193] 🎉 Watch Party Mode ENABLED. isInWatchParty = YES
2025-12-23 11:59:07.726 RedLemon[7693:68193] 🔄 Starting chat polling for room: LGG3
2025-12-23 11:59:07.726 RedLemon[7693:68193] ✅ Watch party sync started successfully - isInWatchParty is now TRUE
2025-12-23 11:59:07.726 RedLemon[7693:68193] 🎬🎬🎬 About to call loadStream - isInWatchParty: YES
2025-12-23 11:59:07.726 RedLemon[7693:68193] 🎬🎬🎬 Subtitles: 5
2025-12-23 11:59:07.726 RedLemon[7693:68193] 🎬🎬🎬 LOADSTREAM CALLED - streamTitle: Dexter - S05E01: My Bad
2025-12-23 11:59:07.726 RedLemon[7693:68193] 🎬🎬🎬 streamURL: https://chi4-4.download.real-debrid.com/d/ZCN6RPCCFMAPO123/D
2025-12-23 11:59:07.726 RedLemon[7693:68193] 🎬🎬🎬 subtitles: 5
2025-12-23 11:59:07.726 RedLemon[7693:68193] 🎬🎬🎬 MPVPlayerView .task completed
2025-12-23 11:59:07.733 RedLemon[7693:69505] ℹ️ SubDL subtitles detected - downloading to local files in background...
2025-12-23 11:59:07.733 RedLemon[7693:69505] 🔍 SubtitleService: Downloading http://127.0.0.1:47253/subtitles/subdl/L3N1YnRpdGxlLzIwNjQzMDEtMzkzOTkxLnppcA==?season=5&episode=1&token=FD14A4CF-1F2E-4AE4-A598-4C490441E8AA
2025-12-23 11:59:07.733 RedLemon[7693:69837] 🎬 MPV: Current video filename set to: Dexter.S05E01.My.Bad.1080p.TrueHD.5.1.AVC.REMUX-FraMeSToR.mkv
2025-12-23 11:59:07.734 RedLemon[7693:69837] 🎬 MPV loadVideo called with URL: https://chi4-4.download.real-debrid.com/d/ZCN6RPCCFMAPO123/Dexter.S05E01.My.Bad.1080p.TrueHD.5.1.AVC, autoplay: false, expectedSubs: 3
2025-12-23 11:59:07.734 RedLemon[7693:69837] 🎬 MPV executing: loadfile "https://chi4-4.download.real-debrid.com/d/ZCN6RPCCFMAPO123/Dexter.S05E01.My.Bad.1080p.TrueHD.5.1.AVC.REMUX-FraMeSToR.mkv"
2025-12-23 11:59:07.734 RedLemon[7693:69837] ✅ MPV loadfile succeeded (Started Paused, waiting for Smart Load)
V5BMTQ3YmQ4YzMtOTkyZC00YmM5LThhZjEtM2E0MjFkNTc0OGJhXkEyXkFqcGc@._V1_SX250.jpg"}}, {"id": "474B73D2-FB6B-4C07-B30B-B4654124436B", "season": 5, "episode": 12, "mediaItem": {"id": "tt0773262", "name": "Dexter", "type": "series", "poster": "https://m.media-amazon.com/images/M/MV5BMTQ3YmQ4YzMtOTkyZC00YmM5LThhZjEtM2E0MjFkNTc0OGJhXkEyXkFqcGc@._V1_SX250.jpg"}}], "is_public": true, "created_at": "2025-12-23T16:57:46.773918", "is_playing": true, "poster_url": "https://images.metahub.space/poster/small/tt0773262/img", "description": null, "stream_hash": null, "backdrop_url": "https://images.metahub.space/background/medium/tt0773262/img", "host_user_id": "656daa91-33b4-4688-9135-c982ea52d7c9", "subtitle_url": null, "host_username": "ursinho", "last_activity": "2025-12-23T16:59:04", "max_participants": 50, "selected_quality": "1080p", "playback_position": 0, "selected_file_idx": null, "participants_count": 2, "unlocked_stream_url": "https://chi4-4.download.real-debrid.com/d/ZCN6RPCCFMAPO123/Dexter.S05E01.My.Bad.1080p.TrueHD.5.1.AVC.REMUX-FraMeSToR.mkv", "current_playlist_index": 0},"columns":[{"name": "id", "type": "text"}, {"name": "name", "type": "text"}, {"name": "host_user_id", "type": "uuid"}, {"name": "host_username", "type": "text"}, {"name": "stream_hash", "type": "text"}, {"name": "imdb_id", "type": "text"}, {"name": "poster_url", "type": "text"}, {"name": "backdrop_url", "type": "text"}, {"name": "playback_position", "type": "int4"}, {"name": "is_playing", "type": "bool"}, {"name": "participants_count", "type": "int4"}, {"name": "max_participants", "type": "int4"}, {"name": "is_public", "type": "bool"}, {"name": "created_at", "type": "timestamp"}, {"name": "last_activity", "type": "timestamp"}, {"name": "season", "type": "int4"}, {"name": "episode", "type": "int4"}, {"name": "selected_quality", "type": "text"}, {"name": "selected_file_idx", "type": "int4"}, {"name": "unlocked_stream_url", "type": "text"}, {"name": "description", "type": "text"}, {"name": "current_playlist_index", "type": "int4"}, {"name": "playlist", "type": "jsonb"}, {"name": "subtitle_url", "type": "text"}],"errors":null,"schema":"public","commit_timestamp":"2025-12-23T16:59:04.792Z","old_record":{"id": "LGG3"}},"ids":[67457933]},"topic":"realtime:watch-party:LGG3"}
🔄 Lobby: Fetching fresh room state from Supabase...
🔄 Lobby: Fetching fresh room state from Supabase...
🔍 Supabase Response for /rooms: [{"id":"LGG3","name":"Dexter","host_user_id":"656daa91-33b4-4688-9135-c982ea52d7c9","host_username":"ursinho","stream_hash":null,"imdb_id":"tt0773262","poster_url":"https://images.metahub.space/poster/small/tt0773262/img","backdrop_url":"https://images.metahub.space/background/medium/tt0773262/img","playback_position":0,"is_playing":true,"participants_count":2,"max_participants":50,"is_public":true,"created_at":"2025-12-23T16:57:46.773918","last_activity":"2025-12-23T16:59:04","season":5,"episode":1,"selected_quality":"1080p","selected_file_idx":null,"unlocked_stream_url":"https://chi4-4.download.real-debrid.com/d/ZCN6RPCCFMAPO123/Dexter.S05E01.My.Bad.1080p.TrueHD.5.1.AVC.REMUX-FraMeSToR.mkv","description":null,"current_playlist_index":0,"playlist":[{"id": "55EB824E-268B-438A-BB0B-368078D3E3F3", "season": 5, "episode": 1, "mediaItem": {"id": "tt0773262", "logo": "https://images.metahub.space/logo/medium/tt0773262/img", "name": "Dexter", "type": "series", "year": "2006–2013", "genres": ["Crime", "Drama", "Mystery"], "poster": "https://images.metahub.space/poster/small/tt0773262/img", "runtime": "53 min", "background": "https://images.metahub.space/background/medium/tt0773262/img", "imdbRating": "8.6", "description": "He's smart. He's lovable. He's Dexter Morgan, America's favorite serial killer, who spends his days solving crimes and his nights committing them.", "releaseInfo": "2006–2013"}}, {"id": "6C2916D8-5983-48A8-879A-F4A01DFB1A13", "season": 5, "episode": 2, "mediaItem": {"id": "tt0773262", "name": "Dexter", "type": "series", "poster": "https://m.media-amazon.com/images/M/MV5BMTQ3YmQ4YzMtOTkyZC00YmM5LThhZjEtM2E0MjFkNTc0OGJhXkEyXkFqcGc@._V1_SX250.jpg"}}, {"id": "95A0B67E-472C-4CB6-B646-ECEA69FCF911", "season": 5, "episode": 3, "mediaItem": {"id": "tt0773262", "name": "Dexter", "type": "series", "poster": "https://m.media-amazon.com/images/M/MV5BMTQ3YmQ4YzMtOTkyZC00YmM5LThhZjEtM2E0MjFkNTc0OGJhXkEyXkFqcGc@._V1_SX250.jpg"}}, {"id": "26796E09-432C-419B-AA7C-C2EBA213D96E", "season": 5, "episode": 4, "mediaItem": {"id": "tt0773262", "name": "Dexter", "type": "series", "poster": "https://m.media-amazon.com/images/M/MV5BMTQ3YmQ4YzMtOTkyZC00YmM5LThhZjEtM2E0MjFkNTc0OGJhXkEyXkFqcGc@._V1_SX250.jpg"}}, {"id": "31808A62-8C0B-4DF3-B1BF-860FC4B73C9B", "season": 5, "episode": 5, "mediaItem": {"id": "tt0773262", "name": "Dexter", "type": "series", "poster": "https://m.media-amazon.com/images/M/MV5BMTQ3YmQ4YzMtOTkyZC00YmM5LThhZjEtM2E0MjFkNTc0OGJhXkEyXkFqcGc@._V1_SX250.jpg"}}, {"id": "CDBC9894-74AD-480C-BBEC-D87350BA0704", "season": 5, "episode": 6, "mediaItem": {"id": "tt0773262", "name": "Dexter", "type": "series", "poster": "https://m.media-amazon.com/images/M/MV5BMTQ3YmQ4YzMtOTkyZC00YmM5LThhZjEtM2E0MjFkNTc0OGJhXkEyXkFqcGc@._V1_SX250.jpg"}}, {"id": "85A03E82-56A7-436C-B584-3A62258F9B67", "season": 5, "episode": 7, "mediaItem": {"id": "tt0773262", "name": "Dexter", "type": "series", "poster": "https://m.media-amazon.com/images/M/MV5BMTQ3YmQ4YzMtOTkyZC00YmM5LThhZjEtM2E0MjFkNTc0OGJhXkEyXkFqcGc@._V1_SX250.jpg"}}, {"id": "5DC64A9B-1E1F-44E4-AC94-8C897E227D29", "season": 5, "episode": 8, "mediaItem": {"id": "tt0773262", "name": "Dexter", "type": "series", "poster": "https://m.media-amazon.com/images/M/MV5BMTQ3YmQ4YzMtOTkyZC00YmM5LThhZjEtM2E0MjFkNTc0OGJhXkEyXkFqcGc@._V1_SX250.jpg"}}, {"id": "F4562D42-3275-4379-9F76-D6FB908BE84F", "season": 5, "episode": 9, "mediaItem": {"id": "tt0773262", "name": "Dexter", "type": "series", "poster": "https://m.media-amazon.com/images/M/MV5BMTQ3YmQ4YzMtOTkyZC00YmM5LThhZjEtM2E0MjFkNTc0OGJhXkEyXkFqcGc@._V1_SX250.jpg"}}, {"id": "765BEFEF-AEB6-4BFE-8C62-77E9DB8D4040", "season": 5, "episode": 10, "mediaItem": {"id": "tt0773262", "name": "Dexter", "type": "series", "poster": "https://m.media-amazon.com/images/M/MV5BMTQ3YmQ4YzMtOTkyZC00YmM5LThhZjEtM2E0MjFkNTc0OGJhXkEyXkFqcGc@._V1_SX250.jpg"}}, {"id": "323F5080-C926-4842-B88E-167D5785FC32", "season": 5, "episode": 11, "mediaItem": {"id": "tt0773262", "name": "Dexter", "type": "series", "poster": "https://m.media-amazon.com/images/M/MV5BMTQ3YmQ4YzMtOTkyZC00YmM5LThhZjEtM2E0MjFkNTc0OGJhXkEyXkFqcGc@._V1_SX250.jpg"}}, {"id": "474B73D2-FB6B-4C07-B30B-B4654124436B", "season": 5, "episode": 12, "mediaItem": {"id": "tt0773262", "name": "Dexter", "type": "series", "poster": "https://m.media-amazon.com/images/M/MV5BMTQ3YmQ4YzMtOTkyZC00YmM5LThhZjEtM2E0MjFkNTc0OGJhXkEyXkFqcGc@._V1_SX250.jpg"}}],"subtitle_url":null}]
✅ Lobby: Synced playlist with 12 items
✅ Lobby: Synced playlist index to 0
✅ Lobby: Synced stream info & playlist to AppState
🔍 Supabase Response for /rooms: [{"id":"LGG3","name":"Dexter","host_user_id":"656daa91-33b4-4688-9135-c982ea52d7c9","host_username":"ursinho","stream_hash":null,"imdb_id":"tt0773262","poster_url":"https://images.metahub.space/poster/small/tt0773262/img","backdrop_url":"https://images.metahub.space/background/medium/tt0773262/img","playback_position":0,"is_playing":true,"participants_count":2,"max_participants":50,"is_public":true,"created_at":"2025-12-23T16:57:46.773918","last_activity":"2025-12-23T16:59:04","season":5,"episode":1,"selected_quality":"1080p","selected_file_idx":null,"unlocked_stream_url":"https://chi4-4.download.real-debrid.com/d/ZCN6RPCCFMAPO123/Dexter.S05E01.My.Bad.1080p.TrueHD.5.1.AVC.REMUX-FraMeSToR.mkv","description":null,"current_playlist_index":0,"playlist":[{"id": "55EB824E-268B-438A-BB0B-368078D3E3F3", "season": 5, "episode": 1, "mediaItem": {"id": "tt0773262", "logo": "https://images.metahub.space/logo/medium/tt0773262/img", "name": "Dexter", "type": "series", "year": "2006–2013", "genres": ["Crime", "Drama", "Mystery"], "poster": "https://images.metahub.space/poster/small/tt0773262/img", "runtime": "53 min", "background": "https://images.metahub.space/background/medium/tt0773262/img", "imdbRating": "8.6", "description": "He's smart. He's lovable. He's Dexter Morgan, America's favorite serial killer, who spends his days solving crimes and his nights committing them.", "releaseInfo": "2006–2013"}}, {"id": "6C2916D8-5983-48A8-879A-F4A01DFB1A13", "season": 5, "episode": 2, "mediaItem": {"id": "tt0773262", "name": "Dexter", "type": "series", "poster": "https://m.media-amazon.com/images/M/MV5BMTQ3YmQ4YzMtOTkyZC00YmM5LThhZjEtM2E0MjFkNTc0OGJhXkEyXkFqcGc@._V1_SX250.jpg"}}, {"id": "95A0B67E-472C-4CB6-B646-ECEA69FCF911", "season": 5, "episode": 3, "mediaItem": {"id": "tt0773262", "name": "Dexter", "type": "series", "poster": "https://m.media-amazon.com/images/M/MV5BMTQ3YmQ4YzMtOTkyZC00YmM5LThhZjEtM2E0MjFkNTc0OGJhXkEyXkFqcGc@._V1_SX250.jpg"}}, {"id": "26796E09-432C-419B-AA7C-C2EBA213D96E", "season": 5, "episode": 4, "mediaItem": {"id": "tt0773262", "name": "Dexter", "type": "series", "poster": "https://m.media-amazon.com/images/M/MV5BMTQ3YmQ4YzMtOTkyZC00YmM5LThhZjEtM2E0MjFkNTc0OGJhXkEyXkFqcGc@._V1_SX250.jpg"}}, {"id": "31808A62-8C0B-4DF3-B1BF-860FC4B73C9B", "season": 5, "episode": 5, "mediaItem": {"id": "tt0773262", "name": "Dexter", "type": "series", "poster": "https://m.media-amazon.com/images/M/MV5BMTQ3YmQ4YzMtOTkyZC00YmM5LThhZjEtM2E0MjFkNTc0OGJhXkEyXkFqcGc@._V1_SX250.jpg"}}, {"id": "CDBC9894-74AD-480C-BBEC-D87350BA0704", "season": 5, "episode": 6, "mediaItem": {"id": "tt0773262", "name": "Dexter", "type": "series", "poster": "https://m.media-amazon.com/images/M/MV5BMTQ3YmQ4YzMtOTkyZC00YmM5LThhZjEtM2E0MjFkNTc0OGJhXkEyXkFqcGc@._V1_SX250.jpg"}}, {"id": "85A03E82-56A7-436C-B584-3A62258F9B67", "season": 5, "episode": 7, "mediaItem": {"id": "tt0773262", "name": "Dexter", "type": "series", "poster": "https://m.media-amazon.com/images/M/MV5BMTQ3YmQ4YzMtOTkyZC00YmM5LThhZjEtM2E0MjFkNTc0OGJhXkEyXkFqcGc@._V1_SX250.jpg"}}, {"id": "5DC64A9B-1E1F-44E4-AC94-8C897E227D29", "season": 5, "episode": 8, "mediaItem": {"id": "tt0773262", "name": "Dexter", "type": "series", "poster": "https://m.media-amazon.com/images/M/MV5BMTQ3YmQ4YzMtOTkyZC00YmM5LThhZjEtM2E0MjFkNTc0OGJhXkEyXkFqcGc@._V1_SX250.jpg"}}, {"id": "F4562D42-3275-4379-9F76-D6FB908BE84F", "season": 5, "episode": 9, "mediaItem": {"id": "tt0773262", "name": "Dexter", "type": "series", "poster": "https://m.media-amazon.com/images/M/MV5BMTQ3YmQ4YzMtOTkyZC00YmM5LThhZjEtM2E0MjFkNTc0OGJhXkEyXkFqcGc@._V1_SX250.jpg"}}, {"id": "765BEFEF-AEB6-4BFE-8C62-77E9DB8D4040", "season": 5, "episode": 10, "mediaItem": {"id": "tt0773262", "name": "Dexter", "type": "series", "poster": "https://m.media-amazon.com/images/M/MV5BMTQ3YmQ4YzMtOTkyZC00YmM5LThhZjEtM2E0MjFkNTc0OGJhXkEyXkFqcGc@._V1_SX250.jpg"}}, {"id": "323F5080-C926-4842-B88E-167D5785FC32", "season": 5, "episode": 11, "mediaItem": {"id": "tt0773262", "name": "Dexter", "type": "series", "poster": "https://m.media-amazon.com/images/M/MV5BMTQ3YmQ4YzMtOTkyZC00YmM5LThhZjEtM2E0MjFkNTc0OGJhXkEyXkFqcGc@._V1_SX250.jpg"}}, {"id": "474B73D2-FB6B-4C07-B30B-B4654124436B", "season": 5, "episode": 12, "mediaItem": {"id": "tt0773262", "name": "Dexter", "type": "series", "poster": "https://m.media-amazon.com/images/M/MV5BMTQ3YmQ4YzMtOTkyZC00YmM5LThhZjEtM2E0MjFkNTc0OGJhXkEyXkFqcGc@._V1_SX250.jpg"}}],"subtitle_url":null}]
✅ Lobby: Synced playlist with 12 items
✅ Lobby: Synced playlist index to 0
✅ Lobby: Synced stream info & playlist to AppState
📨 Received: {"ref":"25","event":"phx_reply","payload":{"status":"ok","response":{}},"topic":"realtime:global-presence"}
📨 Received: {"ref":null,"event":"presence_diff","payload":{"joins":{"2151249e-e020-11f0-a0a1-0a58a9feac02":{"metas":[{"phx_ref":"GIPmtUjpnw0Q-BmQ","phx_ref_prev":"GIPmsJ6p3mMQ-HDE","last_seen":"2025-12-23T16:59:05.011Z","room_id":"LGG3","started_at":"2025-12-23T16:57:46.946Z","status":"In Lobby: Dexter","user_id":"656daa91-33b4-4688-9135-c982ea52d7c9","username":"ursinho","watching_id":"tt0773262","watching_title":"Dexter","watching_type":"series"}]}},"leaves":{"2151249e-e020-11f0-a0a1-0a58a9feac02":{"metas":[{"phx_ref":"GIPmsJ6p3mMQ-HDE","phx_ref_prev":"GIPmq_Zo0kUQ-LdC","last_seen":"2025-12-23T16:58:44.975Z","room_id":"LGG3","started_at":"2025-12-23T16:57:46.946Z","status":"In Lobby: Dexter","user_id":"656daa91-33b4-4688-9135-c982ea52d7c9","username":"ursinho","watching_id":"tt0773262","watching_title":"Dexter","watching_type":"series"}]}}},"topic":"realtime:global-presence"}
💓 Heartbeat sent
📨 Received: {"ref":"15","event":"phx_reply","payload":{"status":"ok","response":{}},"topic":"phoenix"}
🛑 LobbyPresence: Polling stopped
🛑 LobbyDatabase: Polling stopped
🛑 Lobby: Polling stopped (chat via Realtime only)
✅ Host: Updated AppState selection to S5E1
✅ Host: Synced playlist state to AppState (Index: 0)
✨ StablePlayerContainer: Found episode title: My Bad
🎬 RedLemon: Creating MPVPlayerView
   Stream URL: https://chi4-4.download.real-debrid.com/d/ZCN6RPCCFMAPO123/D
   Display Title: Dexter - S05E01: My Bad
   Subtitle URLs: 5
      [0] Dexter Complete S05 720p HDTV x264-Scene
      [1] Dexter.S05E01.720p.HDTV.x264-ORENJI
      [2] Dexter.S05E01.My.Bad.HDTV.XviD-FQM
      [3] Dexter Season 5 Complete 480p.ILPruny BoB
      [4] Dexter.S05.720p.HDTV.DD5.1.x264-Cache
🎬 MPVWrapper: Creating embedded MPV with render context...
✅ MPV handle created
🎬 MPVLayerHostView initialized
🎬 Created CGL pixel format (Core Profile 3.2)
🎬 Created CGL context with vsync enabled
🎬 MPVViewLayer initialized with async rendering
🎬 Video layer assigned to host view
🎬 Creating MPV render context with OpenGL (IINA method)...
🎬 MPV: Frame ready! Calling layer.update() (throttled)
✅ Render context created successfully (IINA method)
🎬 Layer.update() called - forceDraw:false needsFlip:true (throttled)
🎬 CVDisplayLink started
🎉 Starting watch party: roomId=LGG3, isHost=true
🔌 Setting up Realtime channel: watch-party:LGG3
   Role: Host
   User ID: 656DAA91-33B4-4688-9135-C982EA52D7C9
📡 Connection state: connecting
ℹ️ Already joined channel watch-party:LGG3, skipping join
📡 Connection state: connected
✅ Realtime channel setup complete
⏯️ MPV: Pause state changed to false -> isPlaying = true
⚡️ PlaybackService: creating sleep assertion (preventing idle sleep)
✅ Watch party sync initialized with Realtime
🎬 Loading stream: Dexter - S05E01: My Bad
   IMDB: tt0773262
   URL: https://chi4-4.download.real-debrid.com/d/ZCN6RPCCFMAPO123/D...
   Source: BluRay
💬 Added mock chat messages for testing
👥 WATCH PARTY MODE: Starting PAUSED for synchronization
📡 Fetching metadata for tt0773262 as series...
📝 Pre-loading external subtitles (Top 3)...
✅ Cache HIT: Metadata[meta_series_tt0773262]
⚡️ PlaybackService: releasing sleep assertion
🎬 DisplayLink: reportSwap() (throttled)
[ INFO ] GET /subtitles/subdl/L3N1YnRpdGxlLzIwNjQzMDEtMzkzOTkxLnppcA== [request-id: D24A9EA3-FCCA-445F-A4D0-907B25029111]
2025-12-23 11:59:08.075 RedLemon[7693:68193] 👥 MPVPlayer: Updated participants list via polling: 2
2025-12-23 11:59:08.260 RedLemon[7693:68769] ✅ Subtitle 1 downloaded to: /var/folders/3v/s3d75ntd4v90_pg0mb6rmlz40000gn/T/sub_E27A2288-A6A8-44ED-BF04-921BA8F76337.vtt
2025-12-23 11:59:08.261 RedLemon[7693:68769] 📝 Loading subtitle from: /var/folders/3v/s3d75ntd4v90_pg0mb6rmlz40000gn/T/sub_E27A2288-A6A8-44ED-BF04-921
2025-12-23 11:59:08.272 RedLemon[7693:68769] ✅ External subtitle added to track list (not auto-selected)
2025-12-23 11:59:08.272 RedLemon[7693:68769] 🔍 SubtitleService: Downloading http://127.0.0.1:47253/subtitles/subdl/L3N1YnRpdGxlLzIwNjQyOTYtMzY4MTE0LnppcA==?season=5&episode=1&token=FD14A4CF-1F2E-4AE4-A598-4C490441E8AA
📄 Subtitle request: L3N1YnRpdGxlLzIwNjQz... (offset: 0ms)
📥 Downloading subtitle from SubDL CDN: /subtitle/2064301-393991.zip
👁️ ChatOverlayView appeared - UI UPDATE ROUND 6
⌨️ ChatOverlayView: Triggering input focus (showChat=true)
📨 Received: {"ref":"16","event":"phx_reply","payload":{"status":"ok","response":{}},"topic":"realtime:watch-party:LGG3"}
📨 Received: {"ref":null,"event":"presence_diff","payload":{"joins":{"81e5b504-e020-11f0-9501-0a58a9feac02":{"metas":[{"phx_ref":"GIPmterL1FR8Vu8L","phx_ref_prev":"GIPmoyUryCF8VmYK","is_host":true,"joined_at":1766509147.7247849,"user_id":"656DAA91-33B4-4688-9135-C982EA52D7C9","username":"ursinho"}]}},"leaves":{"81e5b504-e020-11f0-9501-0a58a9feac02":{"metas":[{"phx_ref":"GIPmoyUryCF8VmYK","phx_ref_prev":"GIPmoyA2db18VpRI","is_host":true,"joined_at":1766509067.100565,"user_id":"656daa91-33b4-4688-9135-c982ea52d7c9","username":"ursinho"}]}}},"topic":"realtime:watch-party:LGG3"}
📨 Received: {"ref":"26","event":"phx_reply","payload":{"status":"ok","response":{}},"topic":"realtime:global-presence"}
📨 Received: {"ref":null,"event":"presence_diff","payload":{"joins":{"2151249e-e020-11f0-a0a1-0a58a9feac02":{"metas":[{"phx_ref":"GIPmtevWl_EQ-OiE","phx_ref_prev":"GIPmtUjpnw0Q-BmQ","last_seen":"2025-12-23T16:59:07.733Z","room_id":"LGG3","started_at":"2025-12-23T16:59:07.733Z","status":"online","user_id":"656daa91-33b4-4688-9135-c982ea52d7c9","username":"ursinho","watching_id":"tt0773262","watching_title":"Dexter - S05E01: My Bad","watching_type":"series"}]}},"leaves":{"2151249e-e020-11f0-a0a1-0a58a9feac02":{"metas":[{"phx_ref":"GIPmtUjpnw0Q-BmQ","phx_ref_prev":"GIPmsJ6p3mMQ-HDE","last_seen":"2025-12-23T16:59:05.011Z","room_id":"LGG3","started_at":"2025-12-23T16:57:46.946Z","status":"In Lobby: Dexter","user_id":"656daa91-33b4-4688-9135-c982ea52d7c9","username":"ursinho","watching_id":"tt0773262","watching_title":"Dexter","watching_type":"series"}]}}},"topic":"realtime:global-presence"}
✅ Got background: https://images.metahub.space/background/medium/tt0773262/img...
✅ Got poster URL: https://images.metahub.space/poster/small/tt0773262/img...
✅ Got logo: https://images.metahub.space/logo/medium/tt0773262/img...
📡 SocialService: Updated status - online: Dexter - S05E01: My Bad
➕ Added new participant 656daa91-33b4-4688-9135-c982ea52d7c9 (Ref: GIPmterL1FR8Vu8L)
⏳ Participant leaving (grace period started): 656daa91-33b4-4688-9135-c982ea52d7c9
⏰ AppState: Next schedule update set for Event End: 2025-12-23 18:56:55 +0000
⏰ AppState: Scheduling update in 7068 seconds
⏳ MPVPlayerViewModel: Enhancing UI - Buffering started (show spinner)
🔍 Supabase Response for /rooms: [{"id":"event_tt1663662","name":"Pacific Rim","host_user_id":"656daa91-33b4-4688-9135-c982ea52d7c9","host_username":"RedLemon Events","stream_hash":"0d41e65140462dacede11bb87629d52b3c512088","imdb_id":"tt1663662","poster_url":"https://images.metahub.space/poster/small/tt1663662/img","backdrop_url":"https://images.metahub.space/background/medium/tt1663662/img","playback_position":0,"is_playing":false,"participants_count":2,"max_participants":50,"is_public":true,"created_at":"2025-12-23T16:56:29.200956","last_activity":"2025-12-23T16:56:30.763966","season":null,"episode":null,"selected_quality":null,"selected_file_idx":null,"unlocked_stream_url":"https://chi3-4.download.real-debrid.com/d/MV4KBP42Q64KE124/Pacific.Rim.2013.1080p.BluRay.H264.AAC-RARBG.mp4","description":null,"current_playlist_index":0,"playlist":[],"subtitle_url":"http://127.0.0.1:47253/subtitles/subdl/L3N1YnRpdGxlLzQ0ODc3LTc5NDcwNS56aXA=?token=FD14A4CF-1F2E-4AE4-A598-4C490441E8AA"}]
🔍 Supabase Response for /rooms: []
🔍 Supabase Response for /rooms: []
✅ Download complete: 275746 bytes
📦 Detected ZIP archive, extracting...
🔍 Supabase Response for /rooms: []
🔍 Looking for S%02dE%02d in zip (%d files)... 5 1 12
✅ Found matching file in zip (Strategy 2 - Pattern 05x01): Dexter S05 720p HDTV x264-Scene_English/Dexter - 05x01 - My Bad.srt
📦 Extracting specific file: Dexter S05 720p HDTV x264-Scene_English/Dexter - 05x01 - My Bad.srt
✅ Extraction successful
✅ Subtitle downloaded and converted to VTT
[ INFO ] GET /subtitles/subdl/L3N1YnRpdGxlLzIwNjQyOTYtMzY4MTE0LnppcA== [request-id: FC483CFB-1FDF-4896-912A-4915398BA9B3]
2025-12-23 11:59:08.646 RedLemon[7693:69144] ✅ Subtitle 2 downloaded to: /var/folders/3v/s3d75ntd4v90_pg0mb6rmlz40000gn/T/sub_B75EBFD3-D4F7-480D-8844-AC3E6346D0B4.vtt
2025-12-23 11:59:08.646 RedLemon[7693:69144] 📝 Loading subtitle from: /var/folders/3v/s3d75ntd4v90_pg0mb6rmlz40000gn/T/sub_B75EBFD3-D4F7-480D-8844-AC3
2025-12-23 11:59:08.652 RedLemon[7693:69144] ✅ External subtitle added to track list (not auto-selected)
2025-12-23 11:59:08.652 RedLemon[7693:69144] 🔍 SubtitleService: Downloading http://127.0.0.1:47253/subtitles/subdl/L3N1YnRpdGxlLzIwNjQyOTUtMzY4MDEzLnppcA==?season=5&episode=1&token=FD14A4CF-1F2E-4AE4-A598-4C490441E8AA
📄 Subtitle request: L3N1YnRpdGxlLzIwNjQy... (offset: 0ms)
📥 Downloading subtitle from SubDL CDN: /subtitle/2064296-368114.zip
🔍 Supabase Response for /rooms: []
✅ Download complete: 20650 bytes
📦 Detected ZIP archive, extracting...
🔍 Looking for S%02dE%02d in zip (%d files)... 5 1 1
✅ Found matching file in zip (Strategy 2 - Pattern s05e01): Dexter.S05E01.720p.HDTV.x264-ORENJI.srt
📦 Extracting specific file: Dexter.S05E01.720p.HDTV.x264-ORENJI.srt
✅ Extraction successful
✅ Subtitle downloaded and converted to VTT
[ INFO ] GET /subtitles/subdl/L3N1YnRpdGxlLzIwNjQyOTUtMzY4MDEzLnppcA== [request-id: B619A990-1948-448B-9DC5-8CA37FFC3873]
2025-12-23 11:59:09.020 RedLemon[7693:69838] ✅ Subtitle 3 downloaded to: /var/folders/3v/s3d75ntd4v90_pg0mb6rmlz40000gn/T/sub_7C450814-C605-471A-9036-A913A17A1837.vtt
2025-12-23 11:59:09.020 RedLemon[7693:69838] 📝 Loading subtitle from: /var/folders/3v/s3d75ntd4v90_pg0mb6rmlz40000gn/T/sub_7C450814-C605-471A-9036-A91
2025-12-23 11:59:09.028 RedLemon[7693:69838] ✅ External subtitle added to track list (not auto-selected)
2025-12-23 11:59:09.028 RedLemon[7693:69838] 🔍 MPV track-list/count: 3
2025-12-23 11:59:09.028 RedLemon[7693:69838] 🔍 Track 0 type: sub
2025-12-23 11:59:09.028 RedLemon[7693:69838] ✅ Found subtitle track: ID=1, lang=en, title=Dexter Complete S05 720p HDTV x264-Scene, external=1
2025-12-23 11:59:09.028 RedLemon[7693:69838] 🔍 Track 1 type: sub
2025-12-23 11:59:09.029 RedLemon[7693:69838] ✅ Found subtitle track: ID=2, lang=en, title=Dexter.S05E01.720p.HDTV.x264-ORENJI, external=1
2025-12-23 11:59:09.029 RedLemon[7693:69838] 🔍 Track 2 type: sub
2025-12-23 11:59:09.029 RedLemon[7693:69838] ✅ Found subtitle track: ID=3, lang=en, title=Dexter.S05E01.My.Bad.HDTV.XviD-FQM, external=1
2025-12-23 11:59:09.029 RedLemon[7693:69838] 📊 Total subtitle tracks found: 4 (including Off if needed)
2025-12-23 11:59:09.029 RedLemon[7693:69838]    Start[0]: ID=0, Title='Off', Lang='nil', Ext=0
2025-12-23 11:59:09.029 RedLemon[7693:69838]    Start[1]: ID=1, Title='Dexter Complete S05 720p HDTV x264-Scene', Lang='en', Ext=1
2025-12-23 11:59:09.029 RedLemon[7693:69838]    Start[2]: ID=2, Title='Dexter.S05E01.720p.HDTV.x264-ORENJI', Lang='en', Ext=1
2025-12-23 11:59:09.029 RedLemon[7693:69838]    Start[3]: ID=3, Title='Dexter.S05E01.My.Bad.HDTV.XviD-FQM', Lang='en', Ext=1
2025-12-23 11:59:09.029 RedLemon[7693:69838] ✅ SubtitleService: Scanned 4 tracks (Attempt 1/5)
2025-12-23 11:59:09.030 RedLemon[7693:69838]    Track: ID=0, Title=Off, External=0
2025-12-23 11:59:09.030 RedLemon[7693:69838]    Track: ID=1, Title=Dexter Complete S05 720p HDTV x264-Scene, External=1
2025-12-23 11:59:09.030 RedLemon[7693:69838]    Track: ID=2, Title=Dexter.S05E01.720p.HDTV.x264-ORENJI, External=1
2025-12-23 11:59:09.030 RedLemon[7693:69838]    Track: ID=3, Title=Dexter.S05E01.My.Bad.HDTV.XviD-FQM, External=1
2025-12-23 11:59:09.727 RedLemon[7693:68769] 📤 Realtime: Sending message type: playbackState, sender: LGG3
2025-12-23 11:59:09.728 RedLemon[7693:68769]    Payload keys: timestamp, isPlaying, type, position, senderId
2025-12-23 11:59:09.729 RedLemon[7693:69838] ✅ Realtime: Message broadcast complete
2025-12-23 11:59:09.775 RedLemon[7693:69838] 📨 Realtime: Received broadcast message
2025-12-23 11:59:09.775 RedLemon[7693:69838]    Payload keys: timestamp, type, position, senderId, isPlaying
2025-12-23 11:59:09.775 RedLemon[7693:69838] ✅ Realtime: Decoded message type: playbackState, sender: LGG3
2025-12-23 11:59:09.775 RedLemon[7693:69838] 📞 Realtime: Invoking syncCallback for message type: playbackState
2025-12-23 11:59:09.775 RedLemon[7693:69838] ✅ Realtime: syncCallback invoked successfully
2025-12-23 11:59:09.776 RedLemon[7693:68193] 🔍 DEBUG: Received sync message - type: playbackState, sender: LGG3
2025-12-23 11:59:09.776 RedLemon[7693:68193] 🚫 DEBUG: Host filtering out message type: playbackState
2025-12-23 11:59:10.055 RedLemon[7693:69838] 🔍 MPV track-list/count: 3
2025-12-23 11:59:10.055 RedLemon[7693:69838] 🔍 Track 0 type: sub
2025-12-23 11:59:10.055 RedLemon[7693:69838] ✅ Found subtitle track: ID=1, lang=en, title=Dexter Complete S05 720p HDTV x264-Scene, external=1
2025-12-23 11:59:10.055 RedLemon[7693:69838] 🔍 Track 1 type: sub
2025-12-23 11:59:10.056 RedLemon[7693:69838] ✅ Found subtitle track: ID=2, lang=en, title=Dexter.S05E01.720p.HDTV.x264-ORENJI, external=1
2025-12-23 11:59:10.056 RedLemon[7693:69838] 🔍 Track 2 type: sub
2025-12-23 11:59:10.056 RedLemon[7693:69838] ✅ Found subtitle track: ID=3, lang=en, title=Dexter.S05E01.My.Bad.HDTV.XviD-FQM, external=1
2025-12-23 11:59:10.057 RedLemon[7693:69838] 📊 Total subtitle tracks found: 4 (including Off if needed)
2025-12-23 11:59:10.057 RedLemon[7693:69838]    Start[0]: ID=0, Title='Off', Lang='nil', Ext=0
2025-12-23 11:59:10.057 RedLemon[7693:69838]    Start[1]: ID=1, Title='Dexter Complete S05 720p HDTV x264-Scene', Lang='en', Ext=1
2025-12-23 11:59:10.057 RedLemon[7693:69838]    Start[2]: ID=2, Title='Dexter.S05E01.720p.HDTV.x264-ORENJI', Lang='en', Ext=1
2025-12-23 11:59:10.057 RedLemon[7693:69838]    Start[3]: ID=3, Title='Dexter.S05E01.My.Bad.HDTV.XviD-FQM', Lang='en', Ext=1
2025-12-23 11:59:10.058 RedLemon[7693:69838] ✅ SubtitleService: Scanned 4 tracks (Attempt 2/5)
2025-12-23 11:59:10.058 RedLemon[7693:69838]    Track: ID=0, Title=Off, External=0
2025-12-23 11:59:10.058 RedLemon[7693:69838]    Track: ID=1, Title=Dexter Complete S05 720p HDTV x264-Scene, External=1
2025-12-23 11:59:10.059 RedLemon[7693:69838]    Track: ID=2, Title=Dexter.S05E01.720p.HDTV.x264-ORENJI, External=1
2025-12-23 11:59:10.059 RedLemon[7693:69838]    Track: ID=3, Title=Dexter.S05E01.My.Bad.HDTV.XviD-FQM, External=1
2025-12-23 11:59:10.278 RedLemon[7693:68193] ⏱️ Watch Party: Duration available (3272.3s), triggering ready signal
2025-12-23 11:59:10.278 RedLemon[7693:68193] 👋 Watch Party: Sending INITIAL READY signal and starting loop
2025-12-23 11:59:10.278 RedLemon[7693:68193] 🔍 DEBUG: checkIfAllGuestsReady called
2025-12-23 11:59:10.278 RedLemon[7693:68193] 🔍 DEBUG: hasSentReadySignal = true
2025-12-23 11:59:10.278 RedLemon[7693:68193] 🔍 DEBUG: connectedGuestIds = 
2025-12-23 11:59:10.278 RedLemon[7693:68193] 🔍 DEBUG: readyGuestIds = 
2025-12-23 11:59:10.278 RedLemon[7693:68193] 🔍 DEBUG: forceSoloStart = false
2025-12-23 11:59:10.279 RedLemon[7693:68193] ⏳ No guests connected yet (waiting for presence updates)
2025-12-23 11:59:10.503 RedLemon[7693:68769] 📤 Realtime: Sending message type: ready, sender: 656DAA91-33B4-4688-9135-C982EA52D7C9
2025-12-23 11:59:10.504 RedLemon[7693:68769]    Payload keys: isPlaying, timestamp, position, type, senderId
2025-12-23 11:59:10.505 RedLemon[7693:69631] ✅ Realtime: Message broadcast complete
2025-12-23 11:59:10.552 RedLemon[7693:69838] 📨 Realtime: Received broadcast message
2025-12-23 11:59:10.552 RedLemon[7693:69838]    Payload keys: isPlaying, timestamp, position, type, senderId
2025-12-23 11:59:10.552 RedLemon[7693:69838] ✅ Realtime: Decoded message type: ready, sender: 656DAA91-33B4-4688-9135-C982EA52D7C9
2025-12-23 11:59:10.552 RedLemon[7693:69838] 📞 Realtime: Invoking syncCallback for message type: ready
2025-12-23 11:59:10.552 RedLemon[7693:69838] ✅ Realtime: syncCallback invoked successfully
2025-12-23 11:59:10.628 RedLemon[7693:68193] ✅ Watch Party: READY signal sent successfully
2025-12-23 11:59:10.628 RedLemon[7693:68193] 🔍 DEBUG: Received sync message - type: ready, sender: 656DAA91-33B4-4688-9135-C982EA52D7C9
2025-12-23 11:59:10.628 RedLemon[7693:68193] ✅ Received READY signal from 656DAA91-33B4-4688-9135-C982EA52D7C9
2025-12-23 11:59:10.628 RedLemon[7693:68193] 🔍 DEBUG: checkIfAllGuestsReady called
2025-12-23 11:59:10.628 RedLemon[7693:68193] 🔍 DEBUG: hasSentReadySignal = true
2025-12-23 11:59:10.628 RedLemon[7693:68193] 🔍 DEBUG: connectedGuestIds = 
2025-12-23 11:59:10.628 RedLemon[7693:68193] 🔍 DEBUG: readyGuestIds = 656DAA91-33B4-4688-9135-C982EA52D7C9
2025-12-23 11:59:10.628 RedLemon[7693:68193] 🔍 DEBUG: forceSoloStart = false
2025-12-23 11:59:10.628 RedLemon[7693:68193] ⏳ No guests connected yet (waiting for presence updates)
2025-12-23 11:59:10.852 RedLemon[7693:68769] 📨 Realtime: Received broadcast message
2025-12-23 11:59:10.853 RedLemon[7693:68769]    Payload keys: isPlaying, senderId, position, timestamp, type
2025-12-23 11:59:10.853 RedLemon[7693:68769] ✅ Realtime: Decoded message type: ready, sender: 96E01CDB-36C0-4228-A6E4-A29A3C66BC8E
2025-12-23 11:59:10.853 RedLemon[7693:68769] 📞 Realtime: Invoking syncCallback for message type: ready
2025-12-23 11:59:10.854 RedLemon[7693:68769] ✅ Realtime: syncCallback invoked successfully
2025-12-23 11:59:10.854 RedLemon[7693:68193] 🔍 DEBUG: Received sync message - type: ready, sender: 96E01CDB-36C0-4228-A6E4-A29A3C66BC8E
2025-12-23 11:59:10.854 RedLemon[7693:68193] ✅ Received READY signal from 96E01CDB-36C0-4228-A6E4-A29A3C66BC8E
2025-12-23 11:59:10.854 RedLemon[7693:68193] ⚠️ Adding 96E01CDB-36C0-4228-A6E4-A29A3C66BC8E to connectedGuestIds (presence fallback)
2025-12-23 11:59:10.855 RedLemon[7693:68193] 🔍 DEBUG: checkIfAllGuestsReady called
2025-12-23 11:59:10.855 RedLemon[7693:68193] 🔍 DEBUG: hasSentReadySignal = true
2025-12-23 11:59:10.855 RedLemon[7693:68193] 🔍 DEBUG: connectedGuestIds = 96E01CDB-36C0-4228-A6E4-A29A3C66BC8E
2025-12-23 11:59:10.855 RedLemon[7693:68193] 🔍 DEBUG: readyGuestIds = 656DAA91-33B4-4688-9135-C982EA52D7C9, 96E01CDB-36C0-4228-A6E4-A29A3C66BC8E
2025-12-23 11:59:10.855 RedLemon[7693:68193] 🔍 DEBUG: forceSoloStart = false
2025-12-23 11:59:10.856 RedLemon[7693:68193] 🔍 DEBUG: allReady = true
2025-12-23 11:59:10.856 RedLemon[7693:68193] 🚀 All guests ready! Starting playback in 1s...
2025-12-23 11:59:11.158 RedLemon[7693:69631] 🔍 MPV track-list/count: 14
2025-12-23 11:59:11.158 RedLemon[7693:69631] 🔍 Track 0 type: sub
2025-12-23 11:59:11.158 RedLemon[7693:69631] ✅ Found subtitle track: ID=1, lang=en, title=Dexter Complete S05 720p HDTV x264-Scene, external=1
2025-12-23 11:59:11.159 RedLemon[7693:69631] 🔍 Track 1 type: sub
2025-12-23 11:59:11.159 RedLemon[7693:69631] ✅ Found subtitle track: ID=2, lang=en, title=Dexter.S05E01.720p.HDTV.x264-ORENJI, external=1
2025-12-23 11:59:11.159 RedLemon[7693:69631] 🔍 Track 2 type: sub
2025-12-23 11:59:11.159 RedLemon[7693:69631] ✅ Found subtitle track: ID=3, lang=en, title=Dexter.S05E01.My.Bad.HDTV.XviD-FQM, external=1
2025-12-23 11:59:11.160 RedLemon[7693:69631] 🔍 Track 3 type: video
2025-12-23 11:59:11.160 RedLemon[7693:69631] 🔍 Track 4 type: audio
2025-12-23 11:59:11.160 RedLemon[7693:69631] 🔍 Track 5 type: audio
2025-12-23 11:59:11.160 RedLemon[7693:69631] 🔍 Track 6 type: sub
2025-12-23 11:59:11.160 RedLemon[7693:69631] ✅ Found subtitle track: ID=4, lang=eng, title=English, external=0
2025-12-23 11:59:11.160 RedLemon[7693:69631] 🔍 Track 7 type: sub
2025-12-23 11:59:11.161 RedLemon[7693:69631] ✅ Found subtitle track: ID=5, lang=dan, title=Danish, external=0
2025-12-23 11:59:11.161 RedLemon[7693:69631] 🔍 Track 8 type: sub
2025-12-23 11:59:11.161 RedLemon[7693:69631] ✅ Found subtitle track: ID=6, lang=fin, title=Finnish, external=0
2025-12-23 11:59:11.161 RedLemon[7693:69631] 🔍 Track 9 type: sub
2025-12-23 11:59:11.161 RedLemon[7693:69631] ✅ Found subtitle track: ID=7, lang=ger, title=German, external=0
2025-12-23 11:59:11.162 RedLemon[7693:69631] 🔍 Track 10 type: sub
2025-12-23 11:59:11.162 RedLemon[7693:69631] ✅ Found subtitle track: ID=8, lang=ita, title=Italian, external=0
2025-12-23 11:59:11.162 RedLemon[7693:69631] 🔍 Track 11 type: sub
2025-12-23 11:59:11.163 RedLemon[7693:69631] ✅ Found subtitle track: ID=9, lang=jpn, title=Japanese, external=0
2025-12-23 11:59:11.163 RedLemon[7693:69631] 🔍 Track 12 type: sub
2025-12-23 11:59:11.164 RedLemon[7693:69631] ✅ Found subtitle track: ID=10, lang=nor, title=Norwegian, external=0
2025-12-23 11:59:11.165 RedLemon[7693:69631] 🔍 Track 13 type: sub
2025-12-23 11:59:11.166 RedLemon[7693:69631] ✅ Found subtitle track: ID=11, lang=swe, title=Swedish, external=0
2025-12-23 11:59:11.166 RedLemon[7693:69631] 📊 Total subtitle tracks found: 12 (including Off if needed)
2025-12-23 11:59:11.166 RedLemon[7693:69631]    Start[0]: ID=0, Title='Off', Lang='nil', Ext=0
2025-12-23 11:59:11.166 RedLemon[7693:69631]    Start[1]: ID=1, Title='Dexter Complete S05 720p HDTV x264-Scene', Lang='en', Ext=1
2025-12-23 11:59:11.166 RedLemon[7693:69631]    Start[2]: ID=2, Title='Dexter.S05E01.720p.HDTV.x264-ORENJI', Lang='en', Ext=1
2025-12-23 11:59:11.167 RedLemon[7693:69631]    Start[3]: ID=3, Title='Dexter.S05E01.My.Bad.HDTV.XviD-FQM', Lang='en', Ext=1
2025-12-23 11:59:11.167 RedLemon[7693:69631]    Start[4]: ID=4, Title='English', Lang='eng', Ext=0
2025-12-23 11:59:11.167 RedLemon[7693:69631]    Start[5]: ID=5, Title='Danish', Lang='dan', Ext=0
2025-12-23 11:59:11.167 RedLemon[7693:69631]    Start[6]: ID=6, Title='Finnish', Lang='fin', Ext=0
2025-12-23 11:59:11.167 RedLemon[7693:69631]    Start[7]: ID=7, Title='German', Lang='ger', Ext=0
2025-12-23 11:59:11.167 RedLemon[7693:69631]    Start[8]: ID=8, Title='Italian', Lang='ita', Ext=0
2025-12-23 11:59:11.167 RedLemon[7693:69631]    Start[9]: ID=9, Title='Japanese', Lang='jpn', Ext=0
2025-12-23 11:59:11.167 RedLemon[7693:69631]    Start[10]: ID=10, Title='Norwegian', Lang='nor', Ext=0
2025-12-23 11:59:11.167 RedLemon[7693:69631]    Start[11]: ID=11, Title='Swedish', Lang='swe', Ext=0
2025-12-23 11:59:11.168 RedLemon[7693:69631] ✅ SubtitleService: Scanned 12 tracks (Attempt 3/5)
2025-12-23 11:59:11.168 RedLemon[7693:69631]    Track: ID=0, Title=Off, External=0
2025-12-23 11:59:11.168 RedLemon[7693:69631]    Track: ID=1, Title=Dexter Complete S05 720p HDTV x264-Scene, External=1
2025-12-23 11:59:11.168 RedLemon[7693:69631]    Track: ID=2, Title=Dexter.S05E01.720p.HDTV.x264-ORENJI, External=1
2025-12-23 11:59:11.168 RedLemon[7693:69631]    Track: ID=3, Title=Dexter.S05E01.My.Bad.HDTV.XviD-FQM, External=1
2025-12-23 11:59:11.168 RedLemon[7693:69631]    Track: ID=4, Title=English, External=0
2025-12-23 11:59:11.169 RedLemon[7693:69631]    Track: ID=5, Title=Danish, External=0
2025-12-23 11:59:11.169 RedLemon[7693:69631]    Track: ID=6, Title=Finnish, External=0
2025-12-23 11:59:11.169 RedLemon[7693:69631]    Track: ID=7, Title=German, External=0
2025-12-23 11:59:11.169 RedLemon[7693:69631]    Track: ID=8, Title=Italian, External=0
2025-12-23 11:59:11.169 RedLemon[7693:69631]    Track: ID=9, Title=Japanese, External=0
2025-12-23 11:59:11.169 RedLemon[7693:69631]    Track: ID=10, Title=Norwegian, External=0
2025-12-23 11:59:11.169 RedLemon[7693:69631]    Track: ID=11, Title=Swedish, External=0
2025-12-23 11:59:11.726 RedLemon[7693:69631] 📤 Realtime: Sending message type: playbackState, sender: LGG3
2025-12-23 11:59:11.727 RedLemon[7693:69631]    Payload keys: position, timestamp, type, senderId, isPlaying
2025-12-23 11:59:11.728 RedLemon[7693:69631] ✅ Realtime: Message broadcast complete
2025-12-23 11:59:11.768 RedLemon[7693:68769] 📨 Realtime: Received broadcast message
2025-12-23 11:59:11.768 RedLemon[7693:68769]    Payload keys: type, isPlaying, position, senderId, timestamp
2025-12-23 11:59:11.769 RedLemon[7693:68769] ✅ Realtime: Decoded message type: playbackState, sender: LGG3
2025-12-23 11:59:11.769 RedLemon[7693:68769] 📞 Realtime: Invoking syncCallback for message type: playbackState
2025-12-23 11:59:11.769 RedLemon[7693:68193] 🔍 DEBUG: Received sync message - type: playbackState, sender: LGG3
2025-12-23 11:59:11.769 RedLemon[7693:68769] ✅ Realtime: syncCallback invoked successfully
2025-12-23 11:59:11.769 RedLemon[7693:68193] 🚫 DEBUG: Host filtering out message type: playbackState
2025-12-23 11:59:11.955 RedLemon[7693:68193] 🎬 Host: Initiating synchronized start
2025-12-23 11:59:11.981 RedLemon[7693:68769] 📤 Realtime: Sending message type: play, sender: 656DAA91-33B4-4688-9135-C982EA52D7C9
2025-12-23 11:59:11.981 RedLemon[7693:68769]    Payload keys: timestamp, isPlaying, position, senderId, type
2025-12-23 11:59:11.983 RedLemon[7693:69505] ✅ Realtime: Message broadcast complete
2025-12-23 11:59:12.027 RedLemon[7693:69505] 📨 Realtime: Received broadcast message
2025-12-23 11:59:12.027 RedLemon[7693:69505]    Payload keys: position, timestamp, type, isPlaying, senderId
2025-12-23 11:59:12.027 RedLemon[7693:69505] ✅ Realtime: Decoded message type: play, sender: 656DAA91-33B4-4688-9135-C982EA52D7C9
2025-12-23 11:59:12.027 RedLemon[7693:69505] 📞 Realtime: Invoking syncCallback for message type: play
2025-12-23 11:59:12.027 RedLemon[7693:69505] ✅ Realtime: syncCallback invoked successfully
2025-12-23 11:59:12.126 RedLemon[7693:68193] 🔍 DEBUG: Received sync message - type: play, sender: 656DAA91-33B4-4688-9135-C982EA52D7C9
2025-12-23 11:59:12.126 RedLemon[7693:68193] 🚫 DEBUG: Host filtering out message type: play
2025-12-23 11:59:12.169 RedLemon[7693:68769] 🔍 MPV track-list/count: 14
2025-12-23 11:59:12.169 RedLemon[7693:68769] 🔍 Track 0 type: sub
2025-12-23 11:59:12.191 RedLemon[7693:68769] ✅ Found subtitle track: ID=1, lang=en, title=Dexter Complete S05 720p HDTV x264-Scene, external=1
2025-12-23 11:59:12.192 RedLemon[7693:68769] 🔍 Track 1 type: sub
2025-12-23 11:59:12.192 RedLemon[7693:68769] ✅ Found subtitle track: ID=2, lang=en, title=Dexter.S05E01.720p.HDTV.x264-ORENJI, external=1
2025-12-23 11:59:12.192 RedLemon[7693:68769] 🔍 Track 2 type: sub
2025-12-23 11:59:12.192 RedLemon[7693:68769] ✅ Found subtitle track: ID=3, lang=en, title=Dexter.S05E01.My.Bad.HDTV.XviD-FQM, external=1
2025-12-23 11:59:12.192 RedLemon[7693:68769] 🔍 Track 3 type: video
2025-12-23 11:59:12.192 RedLemon[7693:68769] 🔍 Track 4 type: audio
2025-12-23 11:59:12.193 RedLemon[7693:68769] 🔍 Track 5 type: audio
2025-12-23 11:59:12.193 RedLemon[7693:68769] 🔍 Track 6 type: sub
2025-12-23 11:59:12.193 RedLemon[7693:68769] ✅ Found subtitle track: ID=4, lang=eng, title=English, external=0
2025-12-23 11:59:12.193 RedLemon[7693:68769] 🔍 Track 7 type: sub
2025-12-23 11:59:12.194 RedLemon[7693:68769] ✅ Found subtitle track: ID=5, lang=dan, title=Danish, external=0
2025-12-23 11:59:12.194 RedLemon[7693:68769] 🔍 Track 8 type: sub
2025-12-23 11:59:12.195 RedLemon[7693:68769] ✅ Found subtitle track: ID=6, lang=fin, title=Finnish, external=0
2025-12-23 11:59:12.195 RedLemon[7693:68769] 🔍 Track 9 type: sub
2025-12-23 11:59:12.196 RedLemon[7693:68769] ✅ Found subtitle track: ID=7, lang=ger, title=German, external=0
2025-12-23 11:59:12.196 RedLemon[7693:68769] 🔍 Track 10 type: sub
2025-12-23 11:59:12.198 RedLemon[7693:68769] ✅ Found subtitle track: ID=8, lang=ita, title=Italian, external=0
2025-12-23 11:59:12.199 RedLemon[7693:68769] 🔍 Track 11 type: sub
2025-12-23 11:59:12.199 RedLemon[7693:68769] ✅ Found subtitle track: ID=9, lang=jpn, title=Japanese, external=0
2025-12-23 11:59:12.201 RedLemon[7693:68769] 🔍 Track 12 type: sub
2025-12-23 11:59:12.203 RedLemon[7693:68769] ✅ Found subtitle track: ID=10, lang=nor, title=Norwegian, external=0
2025-12-23 11:59:12.203 RedLemon[7693:68769] 🔍 Track 13 type: sub
2025-12-23 11:59:12.203 RedLemon[7693:68769] ✅ Found subtitle track: ID=11, lang=swe, title=Swedish, external=0
2025-12-23 11:59:12.203 RedLemon[7693:68769] 📊 Total subtitle tracks found: 12 (including Off if needed)
2025-12-23 11:59:12.204 RedLemon[7693:68769]    Start[0]: ID=0, Title='Off', Lang='nil', Ext=0
2025-12-23 11:59:12.204 RedLemon[7693:68769]    Start[1]: ID=1, Title='Dexter Complete S05 720p HDTV x264-Scene', Lang='en', Ext=1
2025-12-23 11:59:12.204 RedLemon[7693:68769]    Start[2]: ID=2, Title='Dexter.S05E01.720p.HDTV.x264-ORENJI', Lang='en', Ext=1
2025-12-23 11:59:12.204 RedLemon[7693:68769]    Start[3]: ID=3, Title='Dexter.S05E01.My.Bad.HDTV.XviD-FQM', Lang='en', Ext=1
2025-12-23 11:59:12.204 RedLemon[7693:68769]    Start[4]: ID=4, Title='English', Lang='eng', Ext=0
2025-12-23 11:59:12.205 RedLemon[7693:68769]    Start[5]: ID=5, Title='Danish', Lang='dan', Ext=0
2025-12-23 11:59:12.205 RedLemon[7693:68769]    Start[6]: ID=6, Title='Finnish', Lang='fin', Ext=0
2025-12-23 11:59:12.205 RedLemon[7693:68769]    Start[7]: ID=7, Title='German', Lang='ger', Ext=0
2025-12-23 11:59:12.205 RedLemon[7693:68769]    Start[8]: ID=8, Title='Italian', Lang='ita', Ext=0
2025-12-23 11:59:12.205 RedLemon[7693:68769]    Start[9]: ID=9, Title='Japanese', Lang='jpn', Ext=0
2025-12-23 11:59:12.205 RedLemon[7693:68769]    Start[10]: ID=10, Title='Norwegian', Lang='nor', Ext=0
2025-12-23 11:59:12.205 RedLemon[7693:68769]    Start[11]: ID=11, Title='Swedish', Lang='swe', Ext=0
2025-12-23 11:59:12.206 RedLemon[7693:68769] ✅ SubtitleService: Scanned 12 tracks (Attempt 4/5)
2025-12-23 11:59:12.211 RedLemon[7693:68769]    Track: ID=0, Title=Off, External=0
2025-12-23 11:59:12.212 RedLemon[7693:68769]    Track: ID=1, Title=Dexter Complete S05 720p HDTV x264-Scene, External=1
2025-12-23 11:59:12.212 RedLemon[7693:68769]    Track: ID=2, Title=Dexter.S05E01.720p.HDTV.x264-ORENJI, External=1
2025-12-23 11:59:12.213 RedLemon[7693:68769]    Track: ID=3, Title=Dexter.S05E01.My.Bad.HDTV.XviD-FQM, External=1
2025-12-23 11:59:12.213 RedLemon[7693:68769]    Track: ID=4, Title=English, External=0
2025-12-23 11:59:12.213 RedLemon[7693:68769]    Track: ID=5, Title=Danish, External=0
2025-12-23 11:59:12.213 RedLemon[7693:68769]    Track: ID=6, Title=Finnish, External=0
2025-12-23 11:59:12.213 RedLemon[7693:68769]    Track: ID=7, Title=German, External=0
2025-12-23 11:59:12.213 RedLemon[7693:68769]    Track: ID=8, Title=Italian, External=0
2025-12-23 11:59:12.213 RedLemon[7693:68769]    Track: ID=9, Title=Japanese, External=0
2025-12-23 11:59:12.213 RedLemon[7693:68769]    Track: ID=10, Title=Norwegian, External=0
2025-12-23 11:59:12.214 RedLemon[7693:68769]    Track: ID=11, Title=Swedish, External=0
2025-12-23 11:59:13.309 RedLemon[7693:69505] 🔍 MPV track-list/count: 14
2025-12-23 11:59:13.309 RedLemon[7693:69505] 🔍 Track 0 type: sub
2025-12-23 11:59:13.309 RedLemon[7693:69505] ✅ Found subtitle track: ID=1, lang=en, title=Dexter Complete S05 720p HDTV x264-Scene, external=1
2025-12-23 11:59:13.309 RedLemon[7693:69505] 🔍 Track 1 type: sub
2025-12-23 11:59:13.309 RedLemon[7693:69505] ✅ Found subtitle track: ID=2, lang=en, title=Dexter.S05E01.720p.HDTV.x264-ORENJI, external=1
2025-12-23 11:59:13.310 RedLemon[7693:69505] 🔍 Track 2 type: sub
2025-12-23 11:59:13.310 RedLemon[7693:69505] ✅ Found subtitle track: ID=3, lang=en, title=Dexter.S05E01.My.Bad.HDTV.XviD-FQM, external=1
2025-12-23 11:59:13.310 RedLemon[7693:69505] 🔍 Track 3 type: video
2025-12-23 11:59:13.310 RedLemon[7693:69505] 🔍 Track 4 type: audio
2025-12-23 11:59:13.310 RedLemon[7693:69505] 🔍 Track 5 type: audio
2025-12-23 11:59:13.310 RedLemon[7693:69505] 🔍 Track 6 type: sub
2025-12-23 11:59:13.310 RedLemon[7693:69505] ✅ Found subtitle track: ID=4, lang=eng, title=English, external=0
2025-12-23 11:59:13.310 RedLemon[7693:69505] 🔍 Track 7 type: sub
2025-12-23 11:59:13.310 RedLemon[7693:69505] ✅ Found subtitle track: ID=5, lang=dan, title=Danish, external=0
2025-12-23 11:59:13.310 RedLemon[7693:69505] 🔍 Track 8 type: sub
2025-12-23 11:59:13.310 RedLemon[7693:69505] ✅ Found subtitle track: ID=6, lang=fin, title=Finnish, external=0
2025-12-23 11:59:13.310 RedLemon[7693:69505] 🔍 Track 9 type: sub
2025-12-23 11:59:13.311 RedLemon[7693:69505] ✅ Found subtitle track: ID=7, lang=ger, title=German, external=0
2025-12-23 11:59:13.311 RedLemon[7693:69505] 🔍 Track 10 type: sub
2025-12-23 11:59:13.311 RedLemon[7693:69505] ✅ Found subtitle track: ID=8, lang=ita, title=Italian, external=0
2025-12-23 11:59:13.311 RedLemon[7693:69505] 🔍 Track 11 type: sub
2025-12-23 11:59:13.311 RedLemon[7693:69505] ✅ Found subtitle track: ID=9, lang=jpn, title=Japanese, external=0
2025-12-23 11:59:13.311 RedLemon[7693:69505] 🔍 Track 12 type: sub
2025-12-23 11:59:13.311 RedLemon[7693:69505] ✅ Found subtitle track: ID=10, lang=nor, title=Norwegian, external=0
2025-12-23 11:59:13.311 RedLemon[7693:69505] 🔍 Track 13 type: sub
2025-12-23 11:59:13.311 RedLemon[7693:69505] ✅ Found subtitle track: ID=11, lang=swe, title=Swedish, external=0
2025-12-23 11:59:13.311 RedLemon[7693:69505] 📊 Total subtitle tracks found: 12 (including Off if needed)
2025-12-23 11:59:13.312 RedLemon[7693:69505]    Start[0]: ID=0, Title='Off', Lang='nil', Ext=0
2025-12-23 11:59:13.312 RedLemon[7693:69505]    Start[1]: ID=1, Title='Dexter Complete S05 720p HDTV x264-Scene', Lang='en', Ext=1
2025-12-23 11:59:13.312 RedLemon[7693:69505]    Start[2]: ID=2, Title='Dexter.S05E01.720p.HDTV.x264-ORENJI', Lang='en', Ext=1
2025-12-23 11:59:13.312 RedLemon[7693:69505]    Start[3]: ID=3, Title='Dexter.S05E01.My.Bad.HDTV.XviD-FQM', Lang='en', Ext=1
2025-12-23 11:59:13.312 RedLemon[7693:69505]    Start[4]: ID=4, Title='English', Lang='eng', Ext=0
2025-12-23 11:59:13.312 RedLemon[7693:69505]    Start[5]: ID=5, Title='Danish', Lang='dan', Ext=0
2025-12-23 11:59:13.312 RedLemon[7693:69505]    Start[6]: ID=6, Title='Finnish', Lang='fin', Ext=0
2025-12-23 11:59:13.312 RedLemon[7693:69505]    Start[7]: ID=7, Title='German', Lang='ger', Ext=0
2025-12-23 11:59:13.312 RedLemon[7693:69505]    Start[8]: ID=8, Title='Italian', Lang='ita', Ext=0
2025-12-23 11:59:13.312 RedLemon[7693:69505]    Start[9]: ID=9, Title='Japanese', Lang='jpn', Ext=0
2025-12-23 11:59:13.312 RedLemon[7693:69505]    Start[10]: ID=10, Title='Norwegian', Lang='nor', Ext=0
2025-12-23 11:59:13.312 RedLemon[7693:69505]    Start[11]: ID=11, Title='Swedish', Lang='swe', Ext=0
2025-12-23 11:59:13.312 RedLemon[7693:69505] ✅ SubtitleService: Scanned 12 tracks (Attempt 5/5)
2025-12-23 11:59:13.313 RedLemon[7693:69505]    Track: ID=0, Title=Off, External=0
2025-12-23 11:59:13.313 RedLemon[7693:69505]    Track: ID=1, Title=Dexter Complete S05 720p HDTV x264-Scene, External=1
2025-12-23 11:59:13.313 RedLemon[7693:69505]    Track: ID=2, Title=Dexter.S05E01.720p.HDTV.x264-ORENJI, External=1
2025-12-23 11:59:13.314 RedLemon[7693:69505]    Track: ID=3, Title=Dexter.S05E01.My.Bad.HDTV.XviD-FQM, External=1
2025-12-23 11:59:13.314 RedLemon[7693:69505]    Track: ID=4, Title=English, External=0
2025-12-23 11:59:13.315 RedLemon[7693:69505]    Track: ID=5, Title=Danish, External=0
2025-12-23 11:59:13.315 RedLemon[7693:69505]    Track: ID=6, Title=Finnish, External=0
2025-12-23 11:59:13.315 RedLemon[7693:69505]    Track: ID=7, Title=German, External=0
2025-12-23 11:59:13.315 RedLemon[7693:69505]    Track: ID=8, Title=Italian, External=0
2025-12-23 11:59:13.316 RedLemon[7693:69505]    Track: ID=9, Title=Japanese, External=0
2025-12-23 11:59:13.316 RedLemon[7693:69505]    Track: ID=10, Title=Norwegian, External=0
2025-12-23 11:59:13.316 RedLemon[7693:69505]    Track: ID=11, Title=Swedish, External=0
2025-12-23 11:59:13.795 RedLemon[7693:69631] 📤 Realtime: Sending message type: playbackState, sender: LGG3
2025-12-23 11:59:13.796 RedLemon[7693:69631]    Payload keys: type, senderId, timestamp, isPlaying, position
2025-12-23 11:59:13.797 RedLemon[7693:69838] ✅ Realtime: Message broadcast complete
2025-12-23 11:59:13.930 RedLemon[7693:69838] 📨 Realtime: Received broadcast message
2025-12-23 11:59:13.930 RedLemon[7693:69838]    Payload keys: senderId, timestamp, type, position, isPlaying
2025-12-23 11:59:13.932 RedLemon[7693:69838] ✅ Realtime: Decoded message type: playbackState, sender: LGG3
2025-12-23 11:59:13.932 RedLemon[7693:69838] 📞 Realtime: Invoking syncCallback for message type: playbackState
2025-12-23 11:59:13.932 RedLemon[7693:69838] ✅ Realtime: syncCallback invoked successfully
2025-12-23 11:59:13.965 RedLemon[7693:68193] 🔍 DEBUG: Received sync message - type: playbackState, sender: LGG3
2025-12-23 11:59:13.966 RedLemon[7693:68193] 🚫 DEBUG: Host filtering out message type: playbackState
2025-12-23 11:59:15.734 RedLemon[7693:69144] 📤 Realtime: Sending message type: playbackState, sender: LGG3
2025-12-23 11:59:15.735 RedLemon[7693:69144]    Payload keys: type, position, senderId, isPlaying, timestamp
2025-12-23 11:59:15.736 RedLemon[7693:68769] ✅ Realtime: Message broadcast complete
2025-12-23 11:59:15.859 RedLemon[7693:69144] 📨 Realtime: Received broadcast message
2025-12-23 11:59:15.859 RedLemon[7693:69144]    Payload keys: senderId, type, timestamp, isPlaying, position
2025-12-23 11:59:15.860 RedLemon[7693:69144] ✅ Realtime: Decoded message type: playbackState, sender: LGG3
2025-12-23 11:59:15.860 RedLemon[7693:69144] 📞 Realtime: Invoking syncCallback for message type: playbackState
2025-12-23 11:59:15.861 RedLemon[7693:69144] ✅ Realtime: syncCallback invoked successfully
2025-12-23 11:59:15.883 RedLemon[7693:68193] 🔍 DEBUG: Received sync message - type: playbackState, sender: LGG3
2025-12-23 11:59:15.883 RedLemon[7693:68193] 🚫 DEBUG: Host filtering out message type: playbackState
2025-12-23 11:59:17.800 RedLemon[7693:69838] 📤 Realtime: Sending message type: playbackState, sender: LGG3
2025-12-23 11:59:17.800 RedLemon[7693:69838]    Payload keys: isPlaying, senderId, type, position, timestamp
2025-12-23 11:59:17.801 RedLemon[7693:69144] ✅ Realtime: Message broadcast complete
2025-12-23 11:59:17.875 RedLemon[7693:69838] 📨 Realtime: Received broadcast message
2025-12-23 11:59:17.875 RedLemon[7693:69838]    Payload keys: senderId, type, timestamp, position, isPlaying
2025-12-23 11:59:17.876 RedLemon[7693:69838] ✅ Realtime: Decoded message type: playbackState, sender: LGG3
2025-12-23 11:59:17.876 RedLemon[7693:69838] 📞 Realtime: Invoking syncCallback for message type: playbackState
2025-12-23 11:59:17.876 RedLemon[7693:69838] ✅ Realtime: syncCallback invoked successfully
2025-12-23 11:59:17.884 RedLemon[7693:68193] 🔍 DEBUG: Received sync message - type: playbackState, sender: LGG3
2025-12-23 11:59:17.884 RedLemon[7693:68193] 🚫 DEBUG: Host filtering out message type: playbackState
2025-12-23 11:59:18.552 RedLemon[7693:68193] 👥 MPVPlayer: Updated participants list via polling: 2
2025-12-23 11:59:19.785 RedLemon[7693:69838] 📤 Realtime: Sending message type: playbackState, sender: LGG3
2025-12-23 11:59:19.785 RedLemon[7693:69838]    Payload keys: timestamp, position, isPlaying, type, senderId
2025-12-23 11:59:19.786 RedLemon[7693:69838] ✅ Realtime: Message broadcast complete
2025-12-23 11:59:19.808 RedLemon[7693:68193] 🖱️ Mouse: x=443/1366 y=201/768 | Exit: 0 Controls: 1 Chat: 0
2025-12-23 11:59:19.884 RedLemon[7693:69838] 📨 Realtime: Received broadcast message
2025-12-23 11:59:19.884 RedLemon[7693:69838]    Payload keys: senderId, position, timestamp, type, isPlaying
2025-12-23 11:59:19.885 RedLemon[7693:69838] ✅ Realtime: Decoded message type: playbackState, sender: LGG3
2025-12-23 11:59:19.885 RedLemon[7693:69838] 📞 Realtime: Invoking syncCallback for message type: playbackState
2025-12-23 11:59:19.885 RedLemon[7693:69838] ✅ Realtime: syncCallback invoked successfully
2025-12-23 11:59:19.886 RedLemon[7693:68193] 🔍 DEBUG: Received sync message - type: playbackState, sender: LGG3
2025-12-23 11:59:19.886 RedLemon[7693:68193] 🚫 DEBUG: Host filtering out message type: playbackState
2025-12-23 11:59:20.389 RedLemon[7693:68193] ✅ Exit button triggered! x=199 <= 342, y=633 >= 576
2025-12-23 11:59:20.409 RedLemon[7693:68193] ✅ Exit button triggered! x=186 <= 342, y=646 >= 576
2025-12-23 11:59:20.418 RedLemon[7693:68193] ✅ Exit button triggered! x=181 <= 342, y=651 >= 576
2025-12-23 11:59:20.597 RedLemon[7693:68193] ✅ Exit button triggered! x=169 <= 342, y=661 >= 576
2025-12-23 11:59:20.601 RedLemon[7693:68193] ✅ Exit button triggered! x=164 <= 342, y=666 >= 576
2025-12-23 11:59:20.679 RedLemon[7693:68193] ✅ Exit button triggered! x=138 <= 342, y=706 >= 576
2025-12-23 11:59:20.682 RedLemon[7693:68193] ✅ Exit button triggered! x=138 <= 342, y=708 >= 576
2025-12-23 11:59:20.744 RedLemon[7693:68193] ✅ Exit button triggered! x=138 <= 342, y=711 >= 576
2025-12-23 11:59:20.889 RedLemon[7693:68193] ✅ Exit button triggered! x=132 <= 342, y=718 >= 576
2025-12-23 11:59:20.891 RedLemon[7693:68193] ✅ Exit button triggered! x=131 <= 342, y=719 >= 576
2025-12-23 11:59:20.900 RedLemon[7693:68193] ✅ Exit button triggered! x=130 <= 342, y=720 >= 576
2025-12-23 11:59:20.931 RedLemon[7693:68193] ✅ Exit button triggered! x=129 <= 342, y=721 >= 576
2025-12-23 11:59:20.933 RedLemon[7693:68193] ✅ Exit button triggered! x=126 <= 342, y=723 >= 576
2025-12-23 11:59:20.937 RedLemon[7693:68193] ✅ Exit button triggered! x=125 <= 342, y=723 >= 576
2025-12-23 11:59:20.971 RedLemon[7693:68193] ✅ Exit button triggered! x=124 <= 342, y=724 >= 576
2025-12-23 11:59:21.013 RedLemon[7693:68193] ✅ Exit button triggered! x=123 <= 342, y=725 >= 576
2025-12-23 11:59:21.017 RedLemon[7693:68193] ✅ Exit button triggered! x=121 <= 342, y=725 >= 576
2025-12-23 11:59:21.021 RedLemon[7693:68193] ✅ Exit button triggered! x=120 <= 342, y=726 >= 576
2025-12-23 11:59:21.028 RedLemon[7693:68193] ✅ Exit button triggered! x=120 <= 342, y=726 >= 576
2025-12-23 11:59:21.033 RedLemon[7693:68193] ✅ Exit button triggered! x=119 <= 342, y=727 >= 576
2025-12-23 11:59:21.097 RedLemon[7693:68193] ✅ Exit button triggered! x=116 <= 342, y=729 >= 576
2025-12-23 11:59:21.099 RedLemon[7693:68193] ✅ Exit button triggered! x=115 <= 342, y=729 >= 576
2025-12-23 11:59:21.181 RedLemon[7693:68193] ✅ Exit button triggered! x=114 <= 342, y=731 >= 576
2025-12-23 11:59:21.221 RedLemon[7693:68193] ✅ Exit button triggered! x=113 <= 342, y=733 >= 576
2025-12-23 11:59:21.227 RedLemon[7693:68193] ✅ Exit button triggered! x=113 <= 342, y=734 >= 576
2025-12-23 11:59:21.265 RedLemon[7693:68193] ✅ Exit button triggered! x=112 <= 342, y=734 >= 576
2025-12-23 11:59:21.269 RedLemon[7693:68193] ✅ Exit button triggered! x=112 <= 342, y=734 >= 576
2025-12-23 11:59:21.275 RedLemon[7693:68193] ✅ Exit button triggered! x=112 <= 342, y=734 >= 576
2025-12-23 11:59:21.289 RedLemon[7693:68193] ✅ Exit button triggered! x=112 <= 342, y=735 >= 576
2025-12-23 11:59:21.348 RedLemon[7693:68193] ✅ Exit button triggered! x=112 <= 342, y=735 >= 576
2025-12-23 11:59:21.390 RedLemon[7693:68193] ✅ Exit button triggered! x=112 <= 342, y=736 >= 576
2025-12-23 11:59:21.473 RedLemon[7693:68193] ✅ Exit button triggered! x=112 <= 342, y=736 >= 576
2025-12-23 11:59:21.514 RedLemon[7693:68193] ✅ Exit button triggered! x=112 <= 342, y=737 >= 576
2025-12-23 11:59:21.558 RedLemon[7693:68193] ✅ Exit button triggered! x=112 <= 342, y=737 >= 576
2025-12-23 11:59:21.599 RedLemon[7693:68193] ✅ Exit button triggered! x=112 <= 342, y=737 >= 576
2025-12-23 11:59:21.680 RedLemon[7693:68193] 🖱️ Mouse: x=112/1366 y=738/768 | Exit: 1 Controls: 0 Chat: 0
2025-12-23 11:59:21.680 RedLemon[7693:68193] ✅ Exit button triggered! x=112 <= 342, y=738 >= 576
2025-12-23 11:59:21.723 RedLemon[7693:68193] ✅ Exit button triggered! x=112 <= 342, y=738 >= 576
2025-12-23 11:59:21.772 RedLemon[7693:69505] 📤 Realtime: Sending message type: playbackState, sender: LGG3
2025-12-23 11:59:21.774 RedLemon[7693:69505]    Payload keys: position, type, senderId, isPlaying, timestamp
2025-12-23 11:59:21.777 RedLemon[7693:69838] ✅ Realtime: Message broadcast complete
2025-12-23 11:59:21.822 RedLemon[7693:69144] 📨 Realtime: Received broadcast message
2025-12-23 11:59:21.823 RedLemon[7693:69144]    Payload keys: type, senderId, isPlaying, position, timestamp
2025-12-23 11:59:21.825 RedLemon[7693:69144] ✅ Realtime: Decoded message type: playbackState, sender: LGG3
2025-12-23 11:59:21.826 RedLemon[7693:69144] 📞 Realtime: Invoking syncCallback for message type: playbackState
2025-12-23 11:59:21.826 RedLemon[7693:69144] ✅ Realtime: syncCallback invoked successfully
2025-12-23 11:59:21.853 RedLemon[7693:68193] 🔍 DEBUG: Received sync message - type: playbackState, sender: LGG3
2025-12-23 11:59:21.853 RedLemon[7693:68193] 🚫 DEBUG: Host filtering out message type: playbackState
2025-12-23 11:59:21.916 RedLemon[7693:69838] 📤 Realtime: Sending message type: returnToLobby, sender: 656DAA91-33B4-4688-9135-C982EA52D7C9
2025-12-23 11:59:21.917 RedLemon[7693:69838]    Payload keys: position, senderId, isPlaying, timestamp, type
2025-12-23 11:59:21.918 RedLemon[7693:69505] ✅ Realtime: Message broadcast complete
2025-12-23 11:59:21.961 RedLemon[7693:69838] 📨 Realtime: Received broadcast message
2025-12-23 11:59:21.961 RedLemon[7693:69838]    Payload keys: isPlaying, type, timestamp, position, senderId
2025-12-23 11:59:21.961 RedLemon[7693:69838] ✅ Realtime: Decoded message type: returnToLobby, sender: 656DAA91-33B4-4688-9135-C982EA52D7C9
2025-12-23 11:59:21.961 RedLemon[7693:69838] 📞 Realtime: Invoking syncCallback for message type: returnToLobby
2025-12-23 11:59:21.961 RedLemon[7693:69838] ✅ Realtime: syncCallback invoked successfully
2025-12-23 11:59:21.973 RedLemon[7693:68193] 🔍 DEBUG: Received sync message - type: returnToLobby, sender: 656DAA91-33B4-4688-9135-C982EA52D7C9
2025-12-23 11:59:21.974 RedLemon[7693:68193] 🚫 DEBUG: Host filtering out message type: returnToLobby
📄 Subtitle request: L3N1YnRpdGxlLzIwNjQy... (offset: 0ms)
📥 Downloading subtitle from SubDL CDN: /subtitle/2064295-368013.zip
📨 Received: {"ref":null,"event":"presence_diff","payload":{"joins":{"cad02b74-e01f-11f0-bae9-0a58a9feac02":{"metas":[{"phx_ref":"GIPmthqw7C4rgSJE","phx_ref_prev":"GIPmtBVO_ZQrgdZJ","last_seen":"2025-12-23T16:59:08.487Z","room_id":"LGG3","started_at":"2025-12-23T16:59:08.487Z","status":"online","user_id":"96e01cdb-36c0-4228-a6e4-a29a3c66bc8e","username":"lemontom","watching_id":"tt0773262","watching_title":"Dexter - S05E01: My Bad","watching_type":"series"}]}},"leaves":{"cad02b74-e01f-11f0-bae9-0a58a9feac02":{"metas":[{"phx_ref":"GIPmtBVO_ZQrgdZJ","phx_ref_prev":"GIPmsa-AWuMrgaiQ","last_seen":"2025-12-23T16:58:59.811Z","room_id":"LGG3","started_at":"2025-12-23T16:58:49.509Z","status":"In Lobby: Dexter","user_id":"96e01cdb-36c0-4228-a6e4-a29a3c66bc8e","username":"lemontom","watching_id":"tt0773262","watching_title":"Dexter","watching_type":"series"}]}}},"topic":"realtime:global-presence"}
🎬 DisplayLink: reportSwap() (throttled)
✅ Download complete: 20690 bytes
📦 Detected ZIP archive, extracting...
🔍 Looking for S%02dE%02d in zip (%d files)... 5 1 1
✅ Found matching file in zip (Strategy 2 - Pattern 05x01): Dexter - 05x01 - My Bad.FQM.English.C.orig.Addic7ed.com.srt
📦 Extracting specific file: Dexter - 05x01 - My Bad.FQM.English.C.orig.Addic7ed.com.srt
✅ Extraction successful
✅ Subtitle downloaded and converted to VTT
🔍 SubtitleService: Starting embedded track scan (polling 5s)...
📊 Current subtitle track: 3
📨 Received: {"ref":null,"event":"presence_diff","payload":{"joins":{"a72e7cd8-e020-11f0-bf99-0a58a9feac02":{"metas":[{"phx_ref":"GIPmthmvZVuEIjoM","phx_ref_prev":"GIPmsb5WkdWEIomQ","is_host":false,"joined_at":1766509148.472579,"user_id":"96E01CDB-36C0-4228-A6E4-A29A3C66BC8E","username":"lemontom"}]}},"leaves":{"a72e7cd8-e020-11f0-bf99-0a58a9feac02":{"metas":[{"phx_ref":"GIPmsb5WkdWEIomQ","phx_ref_prev":"GIPmsbCB88CEItZO","is_host":false,"joined_at":1766509129.7589688,"user_id":"96e01cdb-36c0-4228-a6e4-a29a3c66bc8e","username":"lemontom"}]}}},"topic":"realtime:watch-party:LGG3"}
➕ Added new participant 96e01cdb-36c0-4228-a6e4-a29a3c66bc8e (Ref: GIPmthmvZVuEIjoM)
⚠️ Self (656daa91-33b4-4688-9135-c982ea52d7c9) was missing from list - restoring.
⏳ Participant leaving (grace period started): 96e01cdb-36c0-4228-a6e4-a29a3c66bc8e
🎬 DisplayLink: reportSwap() (throttled)
📨 Received: {"ref":null,"event":"broadcast","payload":{"event":"sync","payload":{"isPlaying":false,"position":0,"senderId":"LGG3","timestamp":0,"type":"playbackState"},"type":"broadcast"},"topic":"realtime:watch-party:LGG3"}
📊 Current subtitle track: 3
[MPV] (+) Video --vid=1 (*) (h264 1920x1080 23.976fps)
[MPV] (+) Audio --aid=1 --alang=eng (*) 'TrueHD 5.1' (truehd 6ch 48000Hz)
[MPV] Audio --aid=2 --alang=eng 'AC-3 5.1' (ac3 6ch 48000Hz)
[MPV] Subs  --sid=1 --slang=en 'Dexter Complete S05 720p HDTV x264-Scene' (webvtt) (external)
[MPV] Subs  --sid=2 --slang=en 'Dexter.S05E01.720p.HDTV.x264-ORENJI' (webvtt) (external)
[MPV] (+) Subs  --sid=3 --slang=en 'Dexter.S05E01.My.Bad.HDTV.XviD-FQM' (webvtt) (external)
[MPV] Subs  --sid=4 --slang=eng 'English' (hdmv_pgs_subtitle)
[MPV] Subs  --sid=5 --slang=dan 'Danish' (hdmv_pgs_subtitle)
[MPV] Subs  --sid=6 --slang=fin 'Finnish' (hdmv_pgs_subtitle)
[MPV] Subs  --sid=7 --slang=ger 'German' (hdmv_pgs_subtitle)
[MPV] Subs  --sid=8 --slang=ita 'Italian' (hdmv_pgs_subtitle)
[MPV] Subs  --sid=9 --slang=jpn 'Japanese' (hdmv_pgs_subtitle)
[MPV] Subs  --sid=10 --slang=nor 'Norwegian' (hdmv_pgs_subtitle)
[MPV] Subs  --sid=11 --slang=swe 'Swedish' (hdmv_pgs_subtitle)
[MPV] File tags:
[MPV] Title: Dexter S05E01
 MPV Event: 18
 MPV Event: 18
💓 Heartbeat sent
💓 Heartbeat sent
🔍 SMART-LOAD: Starting track polling loop...
🔍 SMART-LOAD: Expecting 3 external subtitles to prevent race condition
📨 Received: {"ref":"8","event":"phx_reply","payload":{"status":"ok","response":{}},"topic":"phoenix"}
🎬 MPV: Frame ready! Calling layer.update() (throttled)
📨 Received: {"ref":"27","event":"phx_reply","payload":{"status":"ok","response":{}},"topic":"phoenix"}
 MPV Event: 18
✅ SMART-LOAD: Found 14 tracks including 3/3 external subs.
✅ SMART-LOAD: All tracks ready! Proceeding to selection.
🎬 canDraw() = true (forceDraw:false, hasFrame:true) (throttled)
🎬 draw() - Rendering frame! (throttled)
📨 Received: {"ref":null,"event":"broadcast","payload":{"event":"sync","payload":{"isPlaying":false,"position":0,"senderId":"656DAA91-33B4-4688-9135-C982EA52D7C9","timestamp":1766509150.2783,"type":"ready"},"type":"broadcast"},"topic":"realtime:watch-party:LGG3"}
🔍 AUDIO AUTO-SELECT: Starting smart audio track scan
🔍 Track 1: TrueHD 5.1 | 6ch | English: true | Commentary: false -> Score: 1065
🔍 Track 2: AC-3 5.1 | 6ch | English: true | Commentary: false -> Score: 1060
🏆 Selected best audio track: TrueHD 5.1 (ID: 1, Score: 1065)
🔍 AUDIO AUTO-SELECT: Starting smart audio track scan
🔍 Track 1: TrueHD 5.1 | 6ch | English: true | Commentary: false -> Score: 1065
🔍 Track 2: AC-3 5.1 | 6ch | English: true | Commentary: false -> Score: 1060
🏆 Selected best audio track: TrueHD 5.1 (ID: 1, Score: 1065)
🔍 AUTO-SELECT: Starting subtitle scan & selection refresh
🔍 AUTO-SELECT: Found 14 total tracks
🔍 AUTO-SELECT: Track 0 - ID: 1, lang: 'en', title: 'Dexter Complete S05 720p HDTV x264-Scene', forced: false, default: false, HI: false, Ext: true
🔍 AUTO-SELECT: Track 1 - ID: 2, lang: 'en', title: 'Dexter.S05E01.720p.HDTV.x264-ORENJI', forced: false, default: false, HI: false, Ext: true
🔍 AUTO-SELECT: Track 2 - ID: 3, lang: 'en', title: 'Dexter.S05E01.My.Bad.HDTV.XviD-FQM', forced: false, default: false, HI: false, Ext: true
🔍 AUTO-SELECT: Track 6 - ID: 4, lang: 'eng', title: 'English', forced: false, default: false, HI: false, Ext: false
✅ Auto-selecting BEST English subtitle: English (ID: 4) [External: false, Forced: false, Default: false, HI: false]
   🏆 Final Score: 3600 (Embedded: 3000, Match: 0, Clean: 600, SDH: 0)
 MPV Event: 17
 MPV Event: 17
[MPV] Using hardware decoding (videotoolbox).
[MPV] AO: [coreaudio] 48000Hz stereo 2ch floatp
[MPV] VO: [libmpv] 1920x1080 videotoolbox[nv12]
[MPV] Track switched:
[MPV] (+) Video --vid=1 (*) (h264 [High] 1920x1080 23.976fps)
[MPV] (+) Audio --aid=1 --alang=eng (*) 'TrueHD 5.1' (truehd 6ch 48000Hz)
[MPV] Audio --aid=2 --alang=eng 'AC-3 5.1' (ac3 6ch 48000Hz)
[MPV] Subs  --sid=1 --slang=en 'Dexter Complete S05 720p HDTV x264-Scene' (webvtt) (external)
[MPV] Subs  --sid=2 --slang=en 'Dexter.S05E01.720p.HDTV.x264-ORENJI' (webvtt) (external)
[MPV] (+) Subs  --sid=3 --slang=en 'Dexter.S05E01.My.Bad.HDTV.XviD-FQM' (webvtt) (external)
[MPV] Subs  --sid=4 --slang=eng 'English' (hdmv_pgs_subtitle)
[MPV] Subs  --sid=5 --slang=dan 'Danish' (hdmv_pgs_subtitle)
[MPV] Subs  --sid=6 --slang=fin 'Finnish' (hdmv_pgs_subtitle)
[MPV] Subs  --sid=7 --slang=ger 'German' (hdmv_pgs_subtitle)
[MPV] Subs  --sid=8 --slang=ita 'Italian' (hdmv_pgs_subtitle)
[MPV] Subs  --sid=9 --slang=jpn 'Japanese' (hdmv_pgs_subtitle)
[MPV] Subs  --sid=10 --slang=nor 'Norwegian' (hdmv_pgs_subtitle)
[MPV] Subs  --sid=11 --slang=swe 'Swedish' (hdmv_pgs_subtitle)
[MPV] Track switched:
[MPV] (+) Video --vid=1 (*) (h264 [High] 1920x1080 23.976fps)
[MPV] (+) Audio --aid=1 --alang=eng (*) 'TrueHD 5.1' (truehd 6ch 48000Hz)
[MPV] Audio --aid=2 --alang=eng 'AC-3 5.1' (ac3 6ch 48000Hz)
[MPV] Subs  --sid=1 --slang=en 'Dexter Complete S05 720p HDTV x264-Scene' (webvtt) (external)
[MPV] Subs  --sid=2 --slang=en 'Dexter.S05E01.720p.HDTV.x264-ORENJI' (webvtt) (external)
[MPV] Subs  --sid=3 --slang=en 'Dexter.S05E01.My.Bad.HDTV.XviD-FQM' (webvtt) (external)
[MPV] (+) Subs  --sid=4 --slang=eng 'English' (hdmv_pgs_subtitle)
[MPV] Subs  --sid=5 --slang=dan 'Danish' (hdmv_pgs_subtitle)
[MPV] Subs  --sid=6 --slang=fin 'Finnish' (hdmv_pgs_subtitle)
[MPV] Subs  --sid=7 --slang=ger 'German' (hdmv_pgs_subtitle)
[MPV] Subs  --sid=8 --slang=ita 'Italian' (hdmv_pgs_subtitle)
[MPV] Subs  --sid=9 --slang=jpn 'Japanese' (hdmv_pgs_subtitle)
[MPV] Subs  --sid=10 --slang=nor 'Norwegian' (hdmv_pgs_subtitle)
[MPV] Subs  --sid=11 --slang=swe 'Swedish' (hdmv_pgs_subtitle)
⏸️ SMART-LOAD: Staying paused (Watch Party / User Request)
🎬 DisplayLink: reportSwap() (throttled)
📨 Received: {"ref":null,"event":"broadcast","payload":{"event":"sync","payload":{"isPlaying":false,"position":0,"senderId":"96E01CDB-36C0-4228-A6E4-A29A3C66BC8E","timestamp":1766509150.547392,"type":"ready"},"type":"broadcast"},"topic":"realtime:watch-party:LGG3"}
📊 Current subtitle track: 4
📨 Received: {"ref":null,"event":"broadcast","payload":{"event":"sync","payload":{"isPlaying":false,"position":0,"senderId":"LGG3","timestamp":0,"type":"playbackState"},"type":"broadcast"},"topic":"realtime:watch-party:LGG3"}
🎬 DisplayLink: reportSwap() (throttled)
⚡️ PlaybackService: creating sleep assertion (preventing idle sleep)
✅ Video ready - hiding poster
🎬 Layer.update() called - forceDraw:false needsFlip:true (throttled)
📨 Received: {"ref":null,"event":"broadcast","payload":{"event":"sync","payload":{"isPlaying":true,"position":0,"senderId":"656DAA91-33B4-4688-9135-C982EA52D7C9","timestamp":1766509151.9551969,"type":"play"},"type":"broadcast"},"topic":"realtime:watch-party:LGG3"}
📝 Started watch history tracking
📊 Current subtitle track: 4
🎬 MPV: Frame ready! Calling layer.update() (throttled)
🎬 DisplayLink: reportSwap() (throttled)
📊 Current subtitle track: 4
🔍 AUTO-SELECT: Starting subtitle scan & selection refresh
🔍 AUTO-SELECT: Found 14 total tracks
🔍 AUTO-SELECT: Track 0 - ID: 1, lang: 'en', title: 'Dexter Complete S05 720p HDTV x264-Scene', forced: false, default: false, HI: false, Ext: true
🔍 AUTO-SELECT: Track 1 - ID: 2, lang: 'en', title: 'Dexter.S05E01.720p.HDTV.x264-ORENJI', forced: false, default: false, HI: false, Ext: true
🔍 AUTO-SELECT: Track 2 - ID: 3, lang: 'en', title: 'Dexter.S05E01.My.Bad.HDTV.XviD-FQM', forced: false, default: false, HI: false, Ext: true
🔍 AUTO-SELECT: Track 6 - ID: 4, lang: 'eng', title: 'English', forced: false, default: false, HI: false, Ext: false
✅ Auto-selecting BEST English subtitle: English (ID: 4) [External: false, Forced: false, Default: false, HI: false]
   🏆 Final Score: 3600 (Embedded: 3000, Match: 0, Clean: 600, SDH: 0)
🎬 DisplayLink: reportSwap() (throttled)
📨 Received: {"ref":null,"event":"broadcast","payload":{"event":"sync","payload":{"isPlaying":true,"position":0,"senderId":"LGG3","timestamp":1.543,"type":"playbackState"},"type":"broadcast"},"topic":"realtime:watch-party:LGG3"}
🎬 MPV: Frame ready! Calling layer.update() (throttled)
🎬 DisplayLink: reportSwap() (throttled)
🎬 Layer.update() called - forceDraw:false needsFlip:true (throttled)
🎬 canDraw() = true (forceDraw:false, hasFrame:true) (throttled)
🎬 draw() - Rendering frame! (throttled)
🎬 DisplayLink: reportSwap() (throttled)
📨 Received: {"ref":null,"event":"broadcast","payload":{"event":"sync","payload":{"isPlaying":true,"position":0,"senderId":"LGG3","timestamp":3.3369999999999997,"type":"playbackState"},"type":"broadcast"},"topic":"realtime:watch-party:LGG3"}
🎬 MPV: Frame ready! Calling layer.update() (throttled)
🎬 DisplayLink: reportSwap() (throttled)
🎬 DisplayLink: reportSwap() (throttled)
🚫 Ignoring stale LEAVE event for 656daa91-33b4-4688-9135-c982ea52d7c9 (Tracked: GIPmterL1FR8Vu8L != Leaving: GIPmoyUryCF8VmYK)
📨 Received: {"ref":null,"event":"broadcast","payload":{"event":"sync","payload":{"isPlaying":true,"position":0,"senderId":"LGG3","timestamp":5.38,"type":"playbackState"},"type":"broadcast"},"topic":"realtime:watch-party:LGG3"}
🎬 Layer.update() called - forceDraw:false needsFlip:true (throttled)
🎬 MPV: Frame ready! Calling layer.update() (throttled)
🎬 DisplayLink: reportSwap() (throttled)
🚫 Ignoring stale LEAVE event for 96e01cdb-36c0-4228-a6e4-a29a3c66bc8e (Tracked: GIPmthmvZVuEIjoM != Leaving: GIPmsb5WkdWEIomQ)
🎬 DisplayLink: reportSwap() (throttled)
📨 Received: {"ref":null,"event":"broadcast","payload":{"event":"sync","payload":{"isPlaying":true,"position":0,"senderId":"LGG3","timestamp":7.382,"type":"playbackState"},"type":"broadcast"},"topic":"realtime:watch-party:LGG3"}
🎬 MPV: Frame ready! Calling layer.update() (throttled)
🎬 canDraw() = true (forceDraw:false, hasFrame:true) (throttled)
🎬 draw() - Rendering frame! (throttled)
📨 Received: {"ref":null,"event":"presence_diff","payload":{"joins":{"cad02b74-e01f-11f0-bae9-0a58a9feac02":{"metas":[{"phx_ref":"GIPmuMFujPArgWGP","phx_ref_prev":"GIPmthqw7C4rgSJE","last_seen":"2025-12-23T16:59:19.871Z","room_id":"LGG3","started_at":"2025-12-23T16:59:08.487Z","status":"online","user_id":"96e01cdb-36c0-4228-a6e4-a29a3c66bc8e","username":"lemontom","watching_id":"tt0773262","watching_title":"Dexter - S05E01: My Bad","watching_type":"series"}]}},"leaves":{"cad02b74-e01f-11f0-bae9-0a58a9feac02":{"metas":[{"phx_ref":"GIPmthqw7C4rgSJE","phx_ref_prev":"GIPmtBVO_ZQrgdZJ","last_seen":"2025-12-23T16:59:08.487Z","room_id":"LGG3","started_at":"2025-12-23T16:59:08.487Z","status":"online","user_id":"96e01cdb-36c0-4228-a6e4-a29a3c66bc8e","username":"lemontom","watching_id":"tt0773262","watching_title":"Dexter - S05E01: My Bad","watching_type":"series"}]}}},"topic":"realtime:global-presence"}
🎬 DisplayLink: reportSwap() (throttled)
🎬 Layer.update() called - forceDraw:false needsFlip:true (throttled)
📨 Received: {"ref":null,"event":"broadcast","payload":{"event":"sync","payload":{"isPlaying":true,"position":0,"senderId":"LGG3","timestamp":9.426,"type":"playbackState"},"type":"broadcast"},"topic":"realtime:watch-party:LGG3"}
🏠 Host triggering return to lobby...
🎬 DisplayLink: reportSwap() (throttled)
📨 Received: {"ref":null,"event":"broadcast","payload":{"event":"sync","payload":{"isPlaying":false,"position":0,"senderId":"656DAA91-33B4-4688-9135-C982EA52D7C9","timestamp":1766509161.854903,"type":"returnToLobby"},"type":"broadcast"},"topic":"realtime:watch-party:LGG3"}
🔍 Supabase Response for /rooms: [{"id":"LGG3","name":"Dexter","host_user_id":"656daa91-33b4-4688-9135-c982ea52d7c9","host_username":"ursinho","stream_hash":null,"imdb_id":"tt0773262","poster_url":"https://images.metahub.space/poster/small/tt0773262/img","backdrop_url":"https://images.metahub.space/background/medium/tt0773262/img","playback_position":0,"is_playing":false,"participants_count":2,"max_participants":50,"is_public":true,"created_at":"2025-12-23T16:57:46.773918","last_activity":"2025-12-23T16:59:21","season":5,"episode":1,"selected_quality":"1080p","selected_file_idx":null,"unlocked_stream_url":"https://chi4-4.download.real-debrid.com/d/ZCN6RPCCFMAPO123/Dexter.S05E01.My.Bad.1080p.TrueHD.5.1.AVC.REMUX-FraMeSToR.mkv","description":null,"current_playlist_index":0,"playlist":[{"id": "55EB824E-268B-438A-BB0B-368078D3E3F3", "season": 5, "episode": 1, "mediaItem": {"id": "tt0773262", "logo": "https://images.metahub.space/logo/medium/tt0773262/img", "name": "Dexter", "type": "series", "year": "2006–2013", "genres": ["Crime", "Drama", "Mystery"], "poster": "https://images.metahub.space/poster/small/tt0773262/img", "runtime": "53 min", "background": "https://images.metahub.space/background/medium/tt0773262/img", "imdbRating": "8.6", "description": "He's smart. He's lovable. He's Dexter Morgan, America's favorite serial killer, who spends his days solving crimes and his nights committing them.", "releaseInfo": "2006–2013"}}, {"id": "6C2916D8-5983-48A8-879A-F4A01DFB1A13", "season": 5, "episode": 2, "mediaItem": {"id": "tt0773262", "name": "Dexter", "type": "series", "poster": "https://m.media-amazon.com/images/M/MV5BMTQ3YmQ4YzMtOTkyZC00YmM5LThhZjEtM2E0MjFkNTc0OGJhXkEyXkFqcGc@._V1_SX250.jpg"}}, {"id": "95A0B67E-472C-4CB6-B646-ECEA69FCF911", "season": 5, "episode": 3, "mediaItem": {"id": "tt0773262", "name": "Dexter", "type": "series", "poster": "https://m.media-amazon.com/images/M/MV5BMTQ3YmQ4YzMtOTkyZC00YmM5LThhZjEtM2E0MjFkNTc0OGJhXkEyXkFqcGc@._V1_SX250.jpg"}}, {"id": "26796E09-432C-419B-AA7C-C2EBA213D96E", "season": 5, "episode": 4, "mediaItem": {"id": "tt0773262", "name": "Dexter", "type": "series", "poster": "https://m.media-amazon.com/images/M/MV5BMTQ3YmQ4YzMtOTkyZC00Ym2025-12-23 11:59:22.057 RedLemon[7693:68193] 📨 Lobby: Received Room UPDATE from Realtime
2025-12-23 11:59:22.058 RedLemon[7693:68193] 📨 Lobby: Received Room UPDATE from Realtime
M5LThhZjEtM2E0MjFkNTc0OGJhXkEyXkFqcGc@._V1_SX250.jpg"}}, {"id": "31808A62-8C0B-4DF3-B1BF-860FC4B73C9B", "season": 5, "episode": 5, "mediaItem": {"id": "tt0773262", "name": "Dexter", "type": "series", "poster": "https://m.media-amazon.com/images/M/MV5BMTQ3YmQ4YzMtOTkyZC00YmM5LThhZjEtM2E0MjFkNTc0OGJhXkEyXkFqcGc@._V1_SX250.jpg"}}, {"id": "CDBC9894-74AD-480C-BBEC-D87350BA0704", "season": 5, "episode": 6, "mediaItem": {"id": "tt0773262", "name": "Dexter", "type": "series", "poster": "https://m.media-amazon.com/images/M/MV5BMTQ3YmQ4YzMtOTkyZC00YmM5LThhZjEtM2E0MjFkNTc0OGJhXkEyXkFqcGc@._V1_SX250.jpg"}}, {"id": "85A03E82-56A7-436C-B584-3A62258F9B67", "season": 5, "episode": 7, "mediaItem": {"id": "tt0773262", "name": "Dexter", "type": "series", "poster": "https://m.media-amazon.com/images/M/MV5BMTQ3YmQ4YzMtOTkyZC00YmM5LThhZjEtM2E0MjFkNTc0OGJhXkEyXkFqcGc@._V1_SX250.jpg"}}, {"id": "5DC64A9B-1E1F-44E4-AC94-8C897E227D29", "season": 5, "episode": 8, "mediaItem": {"id": "tt0773262", "name": "Dexter", "type": "series", "poster": "https://m.media-amazon.com/images/M/MV5BMTQ3YmQ4YzMtOTkyZC00YmM5LThhZjEtM2E0MjFkNTc0OGJhXkEyXkFqcGc@._V1_SX250.jpg"}}, {"id": "F4562D42-3275-4379-9F76-D6FB908BE84F", "season": 5, "episode": 9, "mediaItem": {"id": "tt0773262", "name": "Dexter", "type": "series", "poster": "https://m.media-amazon.com/images/M/MV5BMTQ3YmQ4YzMtOTkyZC00YmM5LThhZjEtM2E0MjFkNTc0OGJhXkEyXkFqcGc@._V1_SX250.jpg"}}, {"id": "765BEFEF-AEB6-4BFE-8C62-77E9DB8D4040", "season": 5, "episode": 10, "mediaItem": {"id": "tt0773262", "name": "Dexter", "type": "series", "poster": "https://m.media-amazon.com/images/M/MV5BMTQ3YmQ4YzMtOTkyZC00YmM5LThhZjEtM2E0MjFkNTc0OGJhXkEyXkFqcGc@._V1_SX250.jpg"}}, {"id": "323F5080-C926-4842-B88E-167D5785FC32", "season": 5, "episode": 11, "mediaItem": {"id": "tt0773262", "name": "Dexter", "type": "series", "poster": "https://m.media-amazon.com/images/M/MV5BMTQ3YmQ4YzMtOTkyZC00YmM5LThhZjEtM2E0MjFkNTc0OGJhXkEyXkFqcGc@._V1_SX250.jpg"}}, {"id": "474B73D2-FB6B-4C07-B30B-B4654124436B", "season": 5, "episode": 12, "mediaItem": {"id": "tt0773262", "name": "Dexter", "type": "series", "poster": "https://m.media-amazon.com/images/M/MV5BMTQ3YmQ4YzMtOTkyZC00YmM5LThhZjEtM2E0MjFkNTc0OGJhXkEyXkFqcGc@._V1_SX250.jpg"}}],"subtitle_url":null}]
✅ Host cleared DB playback state before exit
📨 Received: {"ref":null,"event":"postgres_changes","payload":{"data":{"table":"rooms","type":"UPDATE","record":{"id": "LGG3", "name": "Dexter", "season": 5, "episode": 1, "imdb_id": "tt0773262", "playlist": [{"id": "55EB824E-268B-438A-BB0B-368078D3E3F3", "season": 5, "episode": 1, "mediaItem": {"id": "tt0773262", "logo": "https://images.metahub.space/logo/medium/tt0773262/img", "name": "Dexter", "type": "series", "year": "2006–2013", "genres": ["Crime", "Drama", "Mystery"], "poster": "https://images.metahub.space/poster/small/tt0773262/img", "runtime": "53 min", "background": "https://images.metahub.space/background/medium/tt0773262/img", "imdbRating": "8.6", "description": "He's smart. He's lovable. He's Dexter Morgan, America's favorite serial killer, who spends his days solving crimes and his nights committing them.", "releaseInfo": "2006–2013"}}, {"id": "6C2916D8-5983-48A8-879A-F4A01DFB1A13", "season": 5, "episode": 2, "mediaItem": {"id": "tt0773262", "name": "Dexter", "type": "series", "poster": "https://m.media-amazon.com/images/M/MV5BMTQ3YmQ4YzMtOTkyZC00YmM5LThhZjEtM2E0MjFkNTc0OGJhXkEyXkFqcGc@._V1_SX250.jpg"}}, {"id": "95A0B67E-472C-4CB6-B646-ECEA69FCF911", "season": 5, "episode": 3, "mediaItem": {"id": "tt0773262", "name": "Dexter", "type": "series", "poster": "https://m.media-amazon.com/images/M/MV5BMTQ3YmQ4YzMtOTkyZC00YmM5LThhZjEtM2E0MjFkNTc0OGJhXkEyXkFqcGc@._V1_SX250.jpg"}}, {"id": "26796E09-432C-419B-AA7C-C2EBA213D96E", "season": 5, "episode": 4, "mediaItem": {"id": "tt0773262", "name": "Dexter", "type": "series", "poster": "https://m.media-amazon.com/images/M/MV5BMTQ3YmQ4YzMtOTkyZC00YmM5LThhZjEtM2E0MjFkNTc0OGJhXkEyXkFqcGc@._V1_SX250.jpg"}}, {"id": "31808A62-8C0B-4DF3-B1BF-860FC4B73C9B", "season": 5, "episode": 5, "mediaItem": {"id": "tt0773262", "name": "Dexter", "type": "series", "poster": "https://m.media-amazon.com/images/M/MV5BMTQ3YmQ4YzMtOTkyZC00YmM5LThhZjEtM2E0MjFkNTc0OGJhXkEyXkFqcGc@._V1_SX250.jpg"}}, {"id": "CDBC9894-74AD-480C-BBEC-D87350BA0704", "season": 5, "episode": 6, "mediaItem": {"id": "tt0773262", "name": "Dexter", "type": "series", "poster": "https://m.media-amazon.com/images/M/MV5BMTQ3YmQ4YzMtOTkyZC00YmM5LThhZjEtM2E0MjFkNTc0OGJhXkEyXkFqcGc@._V1_SX250.jpg"}}, {"id": "85A03E82-56A7-436C-B584-3A62258F9B67", "season": 5, "episode": 7, "mediaItem": {"id": "tt0773262", "name": "Dexter", "type": "series", "poster": "https://m.media-amazon.com/images/M/MV5BMTQ3YmQ4YzMtOTkyZC00YmM5LThhZjEtM2E0MjFkNTc0OGJhXkEyXkFqcGc@._V1_SX250.jpg"}}, {"id": "5DC64A9B-1E1F-44E4-AC94-8C897E227D29", "season": 5, "episode": 8, "mediaItem": {"id": "tt0773262", "name": "Dexter", "type": "series", "poster": "https://m.media-amazon.com/images/M/MV5BMTQ3YmQ4YzMtOTkyZC00YmM5LThhZjEtM2E0MjFkNTc0OGJhXkEyXkFqcGc@._V1_SX250.jpg"}}, {"id": "F4562D42-3275-4379-9F76-D6FB908BE84F", "season": 5, "episode": 9, "mediaItem": {"id": "tt0773262", "name": "Dexter", "type": "series", "poster": "https://m.media-amazon.com/images/M/MV5BMTQ3YmQ4YzMtOTkyZC00YmM5LThhZjEtM2E0MjFkNTc0OGJhXkEyXkFqcGc@._V1_SX250.jpg"}}, {"id": "765BEFEF-AEB6-4BFE-8C62-77E9DB8D4040", "season": 5, "episode": 10, "mediaItem": {"id": "tt0773262", "name": "Dexter", "type": "series", "poster": "https://m.media-amazon.com/images/M/MV5BMTQ3YmQ4YzMtOTkyZC00YmM5LThhZjEtM2E0MjFkNTc0OGJhXkEyXkFqcGc@._V1_SX250.jpg"}}, {"id": "323F5080-C926-4842-B88E-167D5785FC32", "season": 5, "episode": 11, "mediaItem": {"id": "tt0773262", "name": "Dexter", "type": "series", "poster": "https://m.media-amazon.com/images/M/MV5BMTQ3YmQ4YzMtOTkyZC00YmM5LThhZjEtM2E0MjFkNTc0OGJhXkEyXkFqcGc@._V1_SX250.jpg"}}, {"id": "474B73D2-FB6B-4C07-B30B-B4654124436B", "season": 5, "episode": 12, "mediaItem": {"id": "tt0773262", "name": "Dexter", "type": "series", "poster": "https://m.media-amazon.com/images/M/MV5BMTQ3YmQ4YzMtOTkyZC00YmM5LThhZjEtM2E0MjFkNTc0OGJhXkEyXkFqcGc@._V1_SX250.jpg"}}], "is_public": true, "created_at": "2025-12-23T16:57:46.773918", "is_playing": false, "poster_url": "https://images.metahub.space/poster/small/tt0773262/img", "description": null, "stream_hash": null, "backdrop_url": "https://images.metahub.space/background/medium/tt0773262/img", "host_user_id": "656daa91-33b4-4688-9135-c982ea52d7c9", "subtitle_url": null, "host_username": "ursinho", "last_activity": "2025-12-23T16:59:21", "max_participants": 50, "selected_quality": "1080p", "playback_position": 0, "selected_file_idx": null, "participants_count": 2, "unlocked_stream_url": "https://chi4-4.download.real-debrid.com/d/ZCN6RPCCFMAPO123/Dexter.S05E01.My.Bad.1080p.TrueHD.5.1.AVC.REMUX-FraMeSToR.mkv", "current_playlist_index": 0},"columns":[{"name": "id", "type": "text"}, {"name": "name", "type": "text"}, {"name": "host_user_id", "type": "uuid"}, {"name": "host_username", "type": "text"}, {"name": "stream_hash", "type": "text"}, {"name": "imdb_id", "type": "text"}, {"name": "poster_url", "type": "text"}, {"name": "backdrop_url", "type": "text"}, {"name": "playback_position", "type": "int4"}, {"name": "is_playing", "type": "bool"}, {"name": "participants_count", "type": "int4"}, {"name": "max_participants", "type": "int4"}, {"name": "is_public", "type": "bool"}, {"name": "created_at", "type": "timestamp"}, {"name": "last_activity", "type": "timestamp"}, {"name": "season", "type": "int4"}, {"name": "episode", "type": "int4"}, {"name": "selected_quality", "type": "text"}, {"name": "selected_file_idx", "type": "int4"}, {"name": "unlocked_stream_url", "type": "text"}, {"name": "description", "type": "text"}, {"name": "current_playlist_index", "type": "int4"}, {"name": "playlist", "type": "jsonb"}, {"name": "subtitle_url", "type": "text"}],"errors":null,"schema":"public","commit_timestamp":"2025-12-23T16:59:22.073Z","old_record":{"id": "LGG3"}},"ids":[67457933]},"topic":"realtime:watch-party:LGG3"}
🔄 Lobby: Fetching fresh room state from Supabase...
🔄 Lobby: Fetching fresh room state from Supabase...
🔍 Supabase Response for /rooms: [{"id":"LGG3","name":"Dexter","host_user_id":"656daa91-33b4-4688-9135-c982ea52d7c9","host_username":"ursinho","stream_hash":null,"imdb_id":"tt0773262","poster_url":"https://images.metahub.space/poster/small/tt0773262/img","backdrop_url":"https://images.metahub.space/background/medium/tt0773262/img","playback_position":0,"is_playing":false,"participants_count":2,"max_participants":50,"is_public":true,"created_at":"2025-12-23T16:57:46.773918","last_activity":"2025-12-23T16:59:21","season":5,"episode":1,"selected_quality":"1080p","selected_file_idx":null,"unlocked_stream_url":"https://chi4-4.download.real-debrid.com/d/ZCN6RPCCFMAPO123/Dexter.S05E01.My.Bad.1080p.TrueHD.5.1.AVC.REMUX-FraMeSToR.mkv","description":null,"current_playlist_index":0,"playlist":[{"id": "55EB824E-268B-438A-BB0B-368078D3E3F3", "season": 5, "episode": 1, "mediaItem": {"id": "tt0773262", "logo": "https://images.metahub.space/logo/medium/tt0773262/img", "name": "Dexter", "type": "series", "year": "2006–2013", "genres": ["Crime", "Drama", "Mystery"], "poster": "https://images.metahub.space/poster/small/tt0773262/img", "runtime": "53 min", "background": "https://images.metahub.space/background/medium/tt0773262/img", "imdbRating": "8.6", "description": "He's smart. He's lovable. He's Dexter Morgan, America's favorite serial killer, who spends his days solving crimes and his nights committing them.", "releaseInfo": "2006–2013"}}, {"id": "6C2916D8-5983-48A8-879A-F4A01DFB1A13", "season": 5, "episode": 2, "mediaItem": {"id": "tt0773262", "name": "Dexter", "type": "series", "poster": "https://m.media-amazon.com/images/M/MV5BMTQ3YmQ4YzMtOTkyZC00YmM5LThhZjEtM2E0MjFkNTc0OGJhXkEyXkFqcGc@._V1_SX250.jpg"}}, {"id": "95A0B67E-472C-4CB6-B646-ECEA69FCF911", "season": 5, "episode": 3, "mediaItem": {"id": "tt0773262", "name": "Dexter", "type": "series", "poster": "https://m.media-amazon.com/images/M/MV5BMTQ3YmQ4YzMtOTkyZC00YmM5LThhZjEtM2E0MjFkNTc0OGJhXkEyXkFqcGc@._V1_SX250.jpg"}}, {"id": "26796E09-432C-419B-AA7C-C2EBA213D96E", "season": 5, "episode": 4, "mediaItem": {"id": "tt0773262", "name": "Dexter", "type": "series", "poster": "https://m.media-amazon.com/images/M/MV5BMTQ3YmQ4YzMtOTkyZC00YmM5LThhZjEtM2E0MjFkNTc0OGJhXkEyXkFqcGc@._V1_SX250.jpg"}}, {"id": "31808A62-8C0B-4DF3-B1BF-860FC4B73C9B", "season": 5, "episode": 5, "mediaItem": {"id": "tt0773262", "name": "Dexter", "type": "series", "poster": "https://m.media-amazon.com/images/M/MV5BMTQ3YmQ4YzMtOTkyZC00YmM5LThhZjEtM2E0MjFkNTc0OGJhXkEyXkFqcGc@._V1_SX250.jpg"}}, {"id": "CDBC9894-74AD-480C-BBEC-D87350BA0704", "season": 5, "episode": 6, "mediaItem": {"id": "tt0773262", "name": "Dexter", "type": "series", "poster": "https://m.media-amazon.com/images/M/MV5BMTQ3YmQ4YzMtOTkyZC00YmM5LThhZjEtM2E0MjFkNTc0OGJhXkEyXkFqcGc@._V1_SX250.jpg"}}, {"id": "85A03E82-56A7-436C-B584-3A62258F9B67", "season": 5, "episode": 7, "mediaItem": {"id": "tt0773262", "name": "Dexter", "type": "series", "poster": "https://m.media-amazon.com/images/M/MV5BMTQ3YmQ4YzMtOTkyZC00YmM5LThhZjEtM2E0MjFkNTc0OGJhXkEyXkFqcGc@._V1_SX250.jpg"}}, {"id": "5DC64A9B-1E1F-44E4-AC94-8C897E227D29", "season": 5, "episode": 8, "mediaItem": {"id": "tt0773262", "name": "Dexter", "type": "series", "poster": "https://m.media-amazon.com/images/M/MV5BMTQ3YmQ4YzMtOTkyZC00YmM5LThhZjEtM2E0MjFkNTc0OGJhXkEyXkFqcGc@._V1_SX250.jpg"}}, {"id": "F4562D42-3275-4379-9F76-D6FB908BE84F", "season": 5, "episode": 9, "mediaItem": {"id": "tt0773262", "name": "Dexter", "type": "series", "poster": "https://m.media-amazon.com/images/M/MV5BMTQ3YmQ4YzMtOTkyZC00YmM5LThhZjEtM2E0MjFkNTc0OGJhXkEyXkFqcGc@._V1_SX250.jpg"}}, {"id": "765BEFEF-AEB6-4BFE-8C62-77E9DB8D4040", "season": 5, "episode": 10, "mediaItem": {"id": "tt0773262", "name": "Dexter", "type": "series", "poster": "https://m.media-amazon.com/images/M/MV5BMTQ3YmQ4YzMtOTkyZC00YmM5LThhZjEtM2E0MjFkNTc0OGJhXkEyXkFqcGc@._V1_SX250.jpg"}}, {"id": "323F5080-C926-4842-B88E-167D5785FC32", "season": 5, "episode": 11, "mediaItem": {"id": "tt0773262", "name": "Dexter", "type": "series", "poster": "https://m.media-amazon.com/images/M/MV5BMTQ3YmQ4YzMtOTkyZC00YmM5LThhZjEtM2E0MjFkNTc0OGJhXkEyXkFqcGc@._V1_SX250.jpg"}}, {"id": "474B73D2-FB6B-4C07-B30B-B4654124436B", "season": 5, "episode": 12, "mediaItem": {"id": "tt0773262", "name": "Dexter", "type": "series", "poster": "https://m.media-amazon.com/images/M/MV5BMTQ3YmQ4YzMtOTkyZC00YmM5LThhZjEtM2E0MjFkNTc0OGJhXkEyXkFqcGc@._V1_SX250.jpg"}}],"subtitle_url":null}]
🔍 Supabase Response for /rooms: [{"id":"LGG3","name":"Dexter","host_user_id":"656daa91-33b4-4688-9135-c982ea52d7c9","host_username":"ursinho","stream_hash":null,"imdb_id":"tt0773262","poster_url":"https://images.metahub.space/poster/small/tt0773262/img","backdrop_url":"https://images.metahub.space/background/medium/tt0773262/img","playback_position":0,"is_playing":false,"participants_count":2,"max_participants":50,"is_public":true,"created_at":"2025-12-23T16:57:46.773918","last_activity":"2025-12-23T16:59:21","season":5,"episode":1,"selected_quality":"1080p","selected_file_idx":null,"unlocked_stream_url":"https://chi4-4.download.real-debrid.com/d/ZCN6RPCCFMAPO123/Dexter.S05E01.My.Bad.1080p.TrueHD.5.1.AVC.REMUX-FraMeSToR.mkv","description":null,"current_playlist_index":0,"playlist":[{"id": "55EB824E-268B-438A-BB0B-368078D3E3F3", "season": 5, "episode": 1, "mediaItem": {"id": "tt0773262", "logo": "https://images.metahub.space/logo/medium/tt0773262/img", "name": "Dexter", "type": "series", "year": "2006–2013", "genres": ["Crime", "Drama", "Mystery"], "poster": "https://images.metahub.space/poster/small/tt0773262/img", "runtime": "53 min", "background": "https://images.metahub.space/background/medium/tt0773262/img", "imdbRating": "8.6", "description": "He's smart. He's lovable. He's Dexter Morgan, America's favorite serial killer, who spends his days solving crimes and his nights committing them.", "releaseInfo": "2006–2013"}}, {"id": "6C2916D8-5983-48A8-879A-F4A01DFB1A13", "season": 5, "episode": 2, "mediaItem": {"id": "tt0773262", "name": "Dexter", "type": "series", "poster": "https://m.media-amazon.com/images/M/MV5BMTQ3YmQ4YzMtOTkyZC00YmM5LThhZjEtM2E0MjFkNTc0OGJhXkEyXkFqcGc@._V1_SX250.jpg"}}, {"id": "95A0B67E-472C-4CB6-B646-ECEA69FCF911", "season": 5, "episode": 3, "mediaItem": {"id": "tt0773262", "name": "Dexter", "type": "series", "poster": "https://m.media-amazon.com/images/M/MV5BMTQ3YmQ4YzMtOTkyZC00YmM5LThhZjEtM2E0MjFkNTc0OGJhXkEyXkFqcGc@._V1_SX250.jpg"}}, {"id": "26796E09-432C-419B-AA7C-C2EBA213D96E", "season": 5, "episode": 4, "mediaItem": {"id": "tt0773262", "name": "Dexter", "type": "series", "poster": "https://m.media-amazon.com/images/M/MV5BMTQ3YmQ4YzMtOTkyZC00YmM5LThhZjEtM2E0MjFkNTc0OGJhXkEyXkFqcGc@._V1_SX250.jpg"}}, {"id": "31808A62-8C0B-4DF3-B1BF-860FC4B73C9B", "season": 5, "episode": 5, "mediaItem": {"id": "tt0773262", "name": "Dexter", "type": "series", "poster": "https://m.media-amazon.com/images/M/MV5BMTQ3YmQ4YzMtOTkyZC00YmM5LThhZjEtM2E0MjFkNTc0OGJhXkEyXkFqcGc@._V1_SX250.jpg"}}, {"id": "CDBC9894-74AD-480C-BBEC-D87350BA0704", "season": 5, "episode": 6, "mediaItem": {"id": "tt0773262", "name": "Dexter", "type": "series", "poster": "https://m.media-amazon.com/images/M/MV5BMTQ3YmQ4YzMtOTkyZC00YmM5LThhZjEtM2E0MjFkNTc0OGJhXkEyXkFqcGc@._V1_SX250.jpg"}}, {"id": "85A03E82-56A7-436C-B584-3A62258F9B67", "season": 5, "episode": 7, "mediaItem": {"id": "tt0773262", "name": "Dexter", "type": "series", "poster": "https://m.media-amazon.com/images/M/MV5BMTQ3YmQ4YzMtOTkyZC00YmM5LThhZjEtM2E0MjFkNTc0OGJhXkEyXkFqcGc@._V1_SX250.jpg"}}, {"id": "5DC64A9B-1E1F-44E4-AC94-8C897E227D29", "season": 5, "episode": 8, "mediaItem": {"id": "tt0773262", "name": "Dexter", "type": "series", "poster": "https://m.media-amazon.com/images/M/MV5BMTQ3YmQ4YzMtOTkyZC00YmM5LThhZjEtM2E0MjFkNTc0OGJhXkEyXkFqcGc@._V1_SX250.jpg"}}, {"id": "F4562D42-3275-4379-9F76-D6FB908BE84F", "season": 5, "episode": 9, "mediaItem": {"id": "tt0773262", "name": "Dexter", "type": "series", "poster": "https://m.media-amazon.com/images/M/MV5BMTQ3YmQ4YzMtOTkyZC00YmM5LThhZjEtM2E0MjFkNTc0OGJhXkEyXkFqcGc@._V1_SX250.jpg"}}, {"id": "765BEFEF-AEB6-4BFE-8C62-77E9DB8D4040",2025-12-23 11:59:23.073 RedLemon[7693:68193] 🖥️ WindowManager: exitFullscreen() called
2025-12-23 11:59:23.073 RedLemon[7693:68193]    ✅ WindowManager: Toggling fullscreen OFF
2025-12-23 11:59:23.152 RedLemon[7693:68193] 🪟 WindowManager: restoreWindowSize() called - restoring to expanded size
2025-12-23 11:59:23.152 RedLemon[7693:68193]    📐 WindowManager: Restoring to expanded size: (0.0, 0.0, 1366.0, 743.0)
2025-12-23 11:59:23.396 RedLemon[7693:68193]    ✅ WindowManager: Window restored to expanded size
 "season": 5, "episode": 10, "mediaItem": {"id": "tt0773262", "name": "Dexter", "type": "series", "poster": "https://m.media-amazon.com/images/M/MV5BMTQ3YmQ4YzMtOTkyZC00YmM5LThhZjEtM2E0MjFkNTc0OGJhXkEyXkFqcGc@._V1_SX250.jpg"}}, {"id": "323F5080-C926-4842-B88E-167D5785FC32", "season": 5, "episode": 11, "mediaItem": {"id": "tt0773262", "name": "Dexter", "type": "series", "poster": "https://m.media-amazon.com/images/M/MV5BMTQ3YmQ4YzMtOTkyZC00YmM5LThhZjEtM2E0MjFkNTc0OGJhXkEyXkFqcGc@._V1_SX250.jpg"}}, {"id": "474B73D2-FB6B-4C07-B30B-B4654124436B", "season": 5, "episode": 12, "mediaItem": {"id": "tt0773262", "name": "Dexter", "type": "series", "poster": "https://m.media-amazon.com/images/M/MV5BMTQ3YmQ4YzMtOTkyZC00YmM5LThhZjEtM2E0MjFkNTc0OGJhXkEyXkFqcGc@._V1_SX250.jpg"}}],"subtitle_url":null}]
✅ Lobby: Synced playlist with 12 items
✅ Lobby: Synced playlist index to 0
✅ Lobby: Synced stream info & playlist to AppState
✅ Lobby: Synced playlist with 12 items
✅ Lobby: Synced playlist index to 0
✅ Lobby: Synced stream info & playlist to AppState
📨 Received: {"ref":null,"event":"presence_diff","payload":{"joins":{"cad02b74-e01f-11f0-bae9-0a58a9feac02":{"metas":[{"phx_ref":"GIPmuUB706IrgfnP","phx_ref_prev":"GIPmuMFujPArgWGP","last_seen":"2025-12-23T16:59:22.008Z","status":"Browsing","user_id":"96e01cdb-36c0-4228-a6e4-a29a3c66bc8e","username":"lemontom"}]}},"leaves":{"cad02b74-e01f-11f0-bae9-0a58a9feac02":{"metas":[{"phx_ref":"GIPmuMFujPArgWGP","phx_ref_prev":"GIPmthqw7C4rgSJE","last_seen":"2025-12-23T16:59:19.871Z","room_id":"LGG3","started_at":"2025-12-23T16:59:08.487Z","status":"online","user_id":"96e01cdb-36c0-4228-a6e4-a29a3c66bc8e","username":"lemontom","watching_id":"tt0773262","watching_title":"Dexter - S05E01: My Bad","watching_type":"series"}]}}},"topic":"realtime:global-presence"}
🎬 MPV: Frame ready! Calling layer.update() (throttled)
📨 Received: {"ref":null,"event":"presence_diff","payload":{"joins":{},"leaves":{"a72e7cd8-e020-11f0-bf99-0a58a9feac02":{"metas":[{"phx_ref":"GIPmthmvZVuEIjoM","phx_ref_prev":"GIPmsb5WkdWEIomQ","is_host":false,"joined_at":1766509148.472579,"user_id":"96E01CDB-36C0-4228-A6E4-A29A3C66BC8E","username":"lemontom"}]}}},"topic":"realtime:watch-party:LGG3"}
⏳ Participant leaving (grace period started): 96e01cdb-36c0-4228-a6e4-a29a3c66bc8e
🎬 DisplayLink: reportSwap() (throttled)
🧹 Cleaning up MPV player...
📡 SocialService: Updated status - Browsing: 
🗑️ Invalidated all active timers
🧹 Cleaning up Realtime channel for room: LGG3
🔄 Untracking presence...
✅ Presence untracked
🔄 Leaving channel...
✅ Channel left
ℹ️ Keeping WebSocket connected (disconnectClient=false)
✅ Realtime channel cleanup complete
✅ Realtime manager channel left (client connection preserved)
🛑 Stopping MPV playback...
🛑 Stopping MPV playback...
📨 Received: {"ref":"28","event":"phx_reply","payload":{"status":"ok","response":{}},"topic":"realtime:global-presence"}
📨 Received: {"ref":null,"event":"presence_diff","payload":{"joins":{"2151249e-e020-11f0-a0a1-0a58a9feac02":{"metas":[{"phx_ref":"GIPmuXoWZS8Q-L8F","phx_ref_prev":"GIPmtevWl_EQ-OiE","last_seen":"2025-12-23T16:59:23.017Z","status":"Browsing","user_id":"656daa91-33b4-4688-9135-c982ea52d7c9","username":"ursinho"}]}},"leaves":{"2151249e-e020-11f0-a0a1-0a58a9feac02":{"metas":[{"phx_ref":"GIPmtevWl_EQ-OiE","phx_ref_prev":"GIPmtUjpnw0Q-BmQ","last_seen":"2025-12-23T16:59:07.733Z","room_id":"LGG3","started_at":"2025-12-23T16:59:07.733Z","status":"online","user_id":"656daa91-33b4-4688-9135-c982ea52d7c9","username":"ursinho","watching_id":"tt0773262","watching_title":"Dexter - S05E01: My Bad","watching_type":"series"}]}}},"topic":"realtime:global-presence"}
⚡️ PlaybackService: releasing sleep assertion
🛑 Event polling task cancelled cleanly
📨 Received: {"ref":"27","event":"phx_reply","payload":{"status":"ok","response":{}},"topic":"realtime:watch-party:LGG3"}
📨 Received: {"ref":"28","event":"phx_reply","payload":{"status":"ok","response":{}},"topic":"realtime:watch-party:LGG3"}
📨 Received: {"ref":null,"event":"phx_close","payload":{},"topic":"realtime:watch-party:LGG3"}
📨 Unknown event: phx_close
✅ MPV stop completed with clean event loop exit
❌ RedLemon: NOT showing MPVPlayerView
   isResolvingStream: false
   streamError: nil
   selectedStream: NIL
🎬 Stopping CVDisplayLink...
🎬 CVDisplayLink stopped and released
🎬 MPVViewLayer uniniting...
🧹 Freeing render context on OpenGL thread...
🎬 MPVViewLayer cleanup complete
📝 Stopped watch history tracking
⏱️ Invalidating all active timers
🎬 MPVLayerHostView deinit
⚠️ Cleanup already performed, skipping
❌ RedLemon: NOT showing MPVPlayerView
   isResolvingStream: false
   streamError: nil
   selectedStream: NIL
🔔 Lobby: Displaying pending message: You returned the group to the lobby.
🎭 Lobby: Connecting to room LGG3...
🚦 Lobby State: connecting
📨 Received: {"ref":null,"event":"presence_diff","payload":{"joins":{"cad02b74-e01f-11f0-bae9-0a58a9feac02":{"metas":[{"phx_ref":"GIPmuXkvgbArgY-E","phx_ref_prev":"GIPmuUB706IrgfnP","last_seen":"2025-12-23T16:59:22.967Z","room_id":"LGG3","started_at":"2025-12-23T16:59:22.967Z","status":"In Lobby: Dexter","user_id":"96e01cdb-36c0-4228-a6e4-a29a3c66bc8e","username":"lemontom","watching_id":"tt0773262","watching_title":"Dexter","watching_type":"series"}]}},"leaves":{"cad02b74-e01f-11f0-bae9-0a58a9feac02":{"metas":[{"phx_ref":"GIPmuUB706IrgfnP","phx_ref_prev":"GIPmuMFujPArgWGP","last_seen":"2025-12-23T16:59:22.008Z","status":"Browsing","user_id":"96e01cdb-36c0-4228-a6e4-a29a3c66bc8e","username":"lemontom"}]}}},"topic":"realtime:global-presence"}
🗑️ MPVPlayerViewModel deinit
🗑️ MPVWrapper deinit - cleaning up...
✅ MPVWrapper cleanup complete
🗑️ Terminating MPV instance (background)...
🔄 Lobby: Fetching fresh room state from Supabase...
🛑 Lobby: Host explicitly clearing playback state in DB to prevent autoplay loop
[ INFO ] GET /api/metadata/meta/series/tt0773262 [request-id: 6021D7EB-AC6E-4CF2-ABE9-6206EF1D6F79]
2025-12-23 11:59:23.887 RedLemon[7693:69839] ⚠️ SupabaseClient: User already in room (409), proceeding...
2025-12-23 11:59:23.904 RedLemon[7693:68193] ✅ Host re-joined room LGG3 in database (refreshing presence)
✅ MPV instance destroyed
📡 SocialService: Updated status - In Lobby: Dexter: Dexter
🔌 Setting up Realtime channel: watch-party:LGG3
   Role: Host
   User ID: 656daa91-33b4-4688-9135-c982ea52d7c9
📡 Connection state: connecting
📡 Joined channel: realtime:watch-party:LGG3
📡 Connection state: connected
✅ Realtime channel setup complete
📨 Received: {"ref":"29","event":"phx_reply","payload":{"status":"ok","response":{}},"topic":"realtime:global-presence"}
📨 Received: {"ref":null,"event":"presence_diff","payload":{"joins":{"2151249e-e020-11f0-a0a1-0a58a9feac02":{"metas":[{"phx_ref":"GIPmuakqbXEQ-KPO","phx_ref_prev":"GIPmuXoWZS8Q-L8F","last_seen":"2025-12-23T16:59:23.812Z","room_id":"LGG3","started_at":"2025-12-23T16:59:23.812Z","status":"In Lobby: Dexter","user_id":"656daa91-33b4-4688-9135-c982ea52d7c9","username":"ursinho","watching_id":"tt0773262","watching_title":"Dexter","watching_type":"series"}]}},"leaves":{"2151249e-e020-11f0-a0a1-0a58a9feac02":{"metas":[{"phx_ref":"GIPmuXoWZS8Q-L8F","phx_ref_prev":"GIPmtevWl_EQ-OiE","last_seen":"2025-12-23T16:59:23.017Z","status":"Browsing","user_id":"656daa91-33b4-4688-9135-c982ea52d7c9","username":"ursinho"}]}}},"topic":"realtime:global-presence"}
✅ Lobby: Connected to Realtime
📨 Received: {"ref":"88ECEDDC-02F7-4F0C-B38A-8EED75DC8913","event":"phx_reply","payload":{"status":"ok","response":{"postgres_changes":[{"id":67457933,"event":"*","filter":"id=eq.LGG3","schema":"public","table":"rooms"}]}},"topic":"realtime:watch-party:LGG3"}
🔍 Supabase Response for /rooms: [{"id":"LGG3","name":"Dexter","host_user_id":"656daa91-33b4-4688-9135-c982ea52d7c9","host_username":"ursinho","stream_hash":null,"imdb_id":"tt0773262","poster_url":"https://images.metahub.space/poster/small/tt0773262/img","backdrop_url":"https://images.metahub.space/background/medium/tt0773262/img","playback_position":0,"is_playing":false,"participants_count":2,"max_participants":50,"is_public":true,"created_at":"2025-12-23T16:57:46.773918","last_activity":"2025-12-23T16:59:23","season":5,"episode":1,"selected_quality":"1080p","selected_file_idx":null,"unlocked_stream_url":"https://chi4-4.download.real-debrid.com/d/ZCN6RPCCFMAPO123/Dexter.S05E01.My.Bad.1080p.TrueHD.5.1.AVC.REMUX-FraMeSToR.mkv","description":null,"current_playlist_index":0,"playlist":[{"id": "55EB824E-268B-438A-BB0B-368078D3E3F3", "season": 5, "episode": 1, "mediaItem": {"id": "tt0773262", "logo": "https://images.metahub.space/logo/medium/tt0773262/img", "name": "Dexter", "type": "series", "year": "2006–2013", "genres": ["Crime", "Drama", "Mystery"], "poster": "https://images.metahub.space/poster/small/tt0773262/img", "runtime": "53 min", "background": "https://images.metahub.space/background/medium/tt0773262/img", "imdbRating": "8.6", "description": "He's smart. He's lovable. He's Dexter Morgan, America's favorite serial killer, who spends his days solving crimes and his nights committing them.", "releaseInfo": "2006–2013"}}, {"id": "6C2916D8-5983-48A8-879A-F4A01DFB1A13", "season": 5, "episode": 2, "mediaItem": {"id": "tt0773262", "name": "Dexter", "type": "series", "poster": "https://m.media-amazon.com/images/M/MV5BMTQ3YmQ4YzMtOTkyZC00YmM5LThhZjEtM2E0MjFkNTc0OGJhXkEyXkFqcGc@._V1_SX250.jpg"}}, {"id": "95A0B67E-472C-4CB6-B646-ECEA69FCF911", "season": 5, "episode": 3, "mediaItem": {"id": "tt0773262", "name": "Dexter", "type": "series", "poster": "https://m.media-amazon.com/images/M/MV5BMTQ3YmQ4YzMtOTkyZC00YmM5LThhZjEtM2E0MjFkNTc0OGJhXkEyXkFqcGc@._V1_SX250.jpg"}}, {"id": "26796E09-432C-419B-AA7C-C2EBA213D96E", "season": 5, "episode": 4, "mediaItem": {"id": "tt0773262", "name": "Dexter", "type": "series", "poster": "https://m.media-amazon.com/images/M/MV5BMTQ3YmQ4YzMtOTkyZC00YmM5LThhZjEtM2E0MjFkNTc0OGJhXkEyXkFqcGc@._V1_SX250.jpg"}}, {"id": "31808A62-8C0B-4DF3-B1BF-860FC4B73C9B", "season": 5, "episode": 5, "mediaItem": {"id": "tt0773262", "name": "Dexter", "type": "series", "poster": "https://m.media-amazon.com/images/M/MV5BMTQ3YmQ4YzMtOTkyZC00YmM5LThhZjEtM2E0MjFkNTc0OGJhXkEyXkFqcGc@._V1_SX250.jpg"}}, {"id": "CDBC9894-74AD-480C-BBEC-D87350BA0704", "season": 5, "episode": 6, "mediaItem": {"id": "tt0773262", "name": "Dexter", "type": "series", "poster": "https://m.media-amazon.com/images/M/MV5BMTQ3YmQ4YzMtOTkyZC00YmM5LThhZjEtM2E0MjFkNTc0OGJhXkEyXkFqcGc@._V1_SX250.jpg"}}, {"id": "85A03E82-56A7-436C-B584-3A62258F9B67", "season": 5, "episode": 7, "mediaItem": {"id": "tt0773262", "name": "Dexter", "type": "series", "poster": "https://m.media-amazon.com/images/M/MV5BMTQ3YmQ4YzMtOTkyZC00YmM5LThhZjEtM2E0MjFkNTc0OGJhXkEyXkFqcGc@._V1_SX250.jpg"}}, {"id": "5DC64A9B-1E1F-44E4-AC94-8C897E227D29", "season": 5, "episode": 8, "mediaItem": {"id": "tt0773262", "name": "Dexter", "type": "series", "poster": "https://m.media-amazon.com/images/M/MV5BMTQ3YmQ4YzMtOTkyZC00YmM5LThhZjEtM2E0MjFkNTc0OGJhXkEyXkFqcGc@._V1_SX250.jpg"}}, {"id": "F4562D42-3275-4379-9F76-D6FB908BE84F", "season": 5, "episode": 9, "mediaItem": {"id": "tt0773262", "name": "Dexter", "type": "series", "poster": "https://m.media-amazon.com/images/M/MV5BMTQ3YmQ4YzMtOTkyZC00YmM5LThhZjEtM2E0MjFkNTc0OGJhXkEyXkFqcGc@._V1_SX250.jpg"}}, {"id": "765BEFEF-AEB6-4BFE-8C62-77E9DB8D4040", "season": 5, "episode": 10, "mediaItem": {"id": "tt0773262", "name": "Dexter", "type": "series", "poster": "https://m.media-amazon.com/images/M/MV5BMTQ3YmQ4YzMtOTkyZC00YmM5LThhZjEtM2E0MjFkNTc0OGJhXkEyXkFqcGc@._V1_SX250.jpg"}}, {"id": "323F5080-C926-4842-B88E-167D5785FC32", "season": 5, "episode": 11, "mediaItem": {"id": "tt0773262", "name": "Dexter", "type": "series", "poster": "https://m.media-amazon.com/images/M/MV5BMTQ3YmQ4YzMtOTkyZC00YmM5LThhZjEtM2E0MjFkNTc0OGJhXkEyXkFqcGc@._V1_SX250.jpg"}}, {"id": "474B73D2-FB6B-4C07-B30B-B4654124436B", "season": 5, "episode": 12, "mediaItem": {"id": "tt0773262", "name": "Dexter", "type": "series", "poster": "https://m.media-amazon.com/images/M/MV5BMTQ3YmQ4YzMtOTkyZC00YmM5LThhZjEtM2E0MjFkNTc0OGJhXkEyXkFqcGc@._V1_SX250.jpg"}}],"subtitle_url":null}]
🔍 Supabase Response for /rooms: [{"id":"LGG3","name":"Dexter","host_user_id":"656daa91-33b4-4688-9135-c982ea52d7c9","host_username":"ursinho","stream_hash":null,"imdb_id":"tt0773262","poster_url":"https://images.metahub.space/poster/small/tt0773262/img","backdrop_url":"https://images.metahub.space/background/medium/tt0773262/img","playback_position":0,"is_playing":false,"participants_count":2,"max_participants":50,"is_public":true,"created_at":"2025-12-23T16:57:46.773918","last_activity":"2025-12-23T16:59:23","season":5,"episode":1,"selected_quality":"1080p","selected_file_idx":null,"unlocked_stream_url":"https://chi4-4.download.real-debrid.com/d/ZCN6RPCCFMAPO123/Dexter.S05E01.My.Bad.1080p.TrueHD.5.1.AVC.REMUX-FraMeSToR.mkv","description":null,"current_playlist_index":0,"playlist":[{"id": "55EB824E-268B-438A-BB0B-368078D3E3F3", "season": 5, "episode": 1, "mediaItem": {"id": "tt0773262", "logo": "https://images.metahub.space/logo/medium/tt0773262/img", "name": "Dexter", "type": "series", "year": "2006–2013", "genres": ["Crime", "Drama", "Mystery"], "poster": "https://images.metahub.space/poster/small/tt0773262/img", "runtime": "53 min", "background": "https://images.metahub.space/background/medium/tt0773262/img", "imdbRating": "8.6", "description": "He's smart. He's lovable. He's Dexter Morgan, America's favorite serial killer, who spends his days solving crimes and his nights committing them.", "releaseInfo": "2006–2013"}}, {"id": "6C2916D8-5983-48A8-879A-F4A01DFB1A13", "season": 5, "episode": 2, "mediaItem": {"id": "tt0773262", "name": "Dexter", "type": "series", "poster": "https://m.media-amazon.com/images/M/MV5BMTQ3YmQ4YzMtOTkyZC00YmM5LThhZjEtM2E0MjFkNTc0OGJhXkEyXkFqcGc@._V1_SX250.jpg"}}, {"id": "95A0B67E-472C-4CB6-B646-ECEA69FCF911", "season": 5, "episode": 3, "mediaItem": {"id": "tt0773262", "name": "Dexter", "type": "series", "poster": "https://m.media-amazon.com/images/M/MV5BMTQ3YmQ4YzMtOTkyZC00YmM5LThhZjEtM2E0MjFkNTc0OGJhXkEyXkFqcGc@._V1_SX250.jpg"}}, {"id": "26796E09-432C-419B-AA7C-C2EBA213D96E", "season": 5, "episode": 4, "mediaItem": {"id": "tt0773262", "name": "Dexter", "type": "series", "poster": "https://m.media-amazon.com/images/M/MV5BMTQ3YmQ4YzMtOTkyZC00YmM5LThhZjEtM2E0MjFkNTc0OGJhXkEyXkFqcGc@._V1_SX250.jpg"}}, {"id": "31808A62-8C0B-4DF3-B1BF-860FC4B73C9B", "season": 5, "episode": 5, "mediaItem": {"id": "tt0773262", "name": "Dexter", "type": "series", "poster": "https://m.media-amazon.com/images/M/MV5BMTQ3YmQ4YzMtOTkyZC00YmM5LThhZjEtM2E0MjFkNTc0OGJhXkEyXkFqcGc@._V1_SX250.jpg"}}, {"id": "CDBC9894-74AD-480C-BBEC-D87350BA0704", "season": 5, "episode": 6, "mediaItem": {"id": "tt0773262", "name": "Dexter", "type": "series", "poster": "https://m.media-amazon.com/images/M/MV5BMTQ3YmQ4YzMtOTkyZC00YmM5LThhZjEtM2E0MjFkNTc0OGJhXkEyXkFqcGc@._V1_SX250.jpg"}}, {"id": "85A03E82-56A7-436C-B584-3A62258F9B67", "season": 5, "episode": 7, "mediaItem": {"id": "tt0773262", "name": "Dexter", "type": "series", "poster": "https://m.media-amazon.com/images/M/MV5BMTQ3YmQ4YzMtOTkyZC00YmM5LThhZjEtM2E0MjFkNTc0OGJhXkEyXkFqcGc@._V1_SX250.jpg"}}, {"id": "5DC64A9B-1E1F-44E4-AC94-8C897E227D29", "season": 5, "episode": 8, "mediaItem": {"id": "tt0773262", "name": "Dexter", "type": "series", "poster": "https://m.media-amazon.com/images/M/MV5BMTQ3YmQ4YzMtOTkyZC00YmM5LThhZjEtM2E0MjFkNTc0OGJhXkEyXkFqcGc@._V1_SX250.jpg"}}, {"id": "F4562D42-3275-4379-9F76-D6FB908BE84F", "season": 5, "episode": 9, "mediaItem": {"id": "tt0773262", "name": "Dexter", "type": "series", "poster": "https://m.media-amazon.com/images/M/MV5BMTQ3YmQ4YzMtOTkyZC00YmM5LThhZjEtM2E0MjFkNTc0OGJhXkEyXkFqcGc@._V1_SX250.jpg"}}, {"id": "765BEFEF-AEB6-4BFE-8C62-77E9DB8D4040", "season": 5, "episode": 10, "mediaItem": {"id": "tt0773262", "name": "Dexter", "type": "series", "poster": "https://m.media-amazon.com/images/M/MV5BMTQ3YmQ4YzMtOTkyZC00YmM5LThhZjEtM2E0MjFkNTc0OGJhXkEyXkFqcGc@._V1_SX250.jpg"}}, {"id": "323F5080-C926-4842-B88E-167D5785FC32", "season": 5, "episode": 11, "mediaItem": {"id": "tt0773262", "name": "Dexter", "type": "series", "poster": "https://m.media-amazon.com/images/M/MV5BMTQ3YmQ4YzMtOTkyZC00YmM5LThhZjEtM2E0MjFkNTc0OGJhXkEyXkFqcGc@._V1_SX250.jpg"}}, {"id": "474B73D2-FB6B-4C07-B30B-B4654124436B", "season": 5, "episode": 12, "mediaItem": {"id": "tt0773262", "name": "Dexter", "type": "series", "poster": "https://m.media-amazon.com/images/M/MV5BMTQ3YmQ4YzMtOTkyZC00YmM5LThhZjEtM2E0MjFkNTc0OGJhXkEyXkFqcGc@._V1_SX250.jpg"}}],"subtitle_url":null}]
📨 Received: {"ref":null,"event":"system","payload":{"message":"Subscribed to PostgreSQL","status":"ok","extension":"postgres_changes","channel":"watch-party:LGG3"},"topic":"realtime:watch-party:LGG3"}
📨 Received: {"ref":null,"event":"presence_state","payload":{},"topic":"realtime:watch-party:LGG3"}
📨 Received: {"ref":"29","event":"phx_reply","payload":{"status":"ok","response":{}},"topic":"realtime:watch-party:LGG3"}
📨 Received: {"ref":null,"event":"presence_diff","payload":{"joins":{"bb9ce9de-e020-11f0-a4a6-0a58a9feac02":{"metas":[{"phx_ref":"GIPmuauKHAp8VnSQ","is_host":true,"joined_at":1766509163.834158,"user_id":"656daa91-33b4-4688-9135-c982ea52d7c9","username":"ursinho"}]}},"leaves":{}},"topic":"realtime:watch-party:LGG3"}
❌ Supabase error (409): {"code":"23505","details":null,"hint":null,"message":"duplicate key value violates unique constraint \"room_participants_pkey\""}
📨 Received: {"ref":null,"event":"postgres_changes","payload":{"data":{"table":"rooms","type":"UPDATE","record":{"id": "LGG3", "name": "Dexter", "season": 5, "episode": 1, "imdb_id": "tt0773262", "playlist": [{"id": "55EB824E-268B-438A-BB0B-368078D3E3F3", "season": 5, "episode": 1, "mediaItem": {"id": "tt0773262", "logo": "https://images.metahub.space/logo/medium/tt0773262/img", "name": "Dexter", "type": "series", "year": "2006–2013", "genres": ["Crime", "Drama", "Mystery"], "poster": "https://images.metahub.space/poster/small/tt0773262/img", "runtime": "53 min", "background": "https://images.metahub.space/background/medium/tt0773262/img", "imdbRating": "8.6", "description": "He's smart. He's lovable. He's Dexter Morgan, America's favorite serial killer, who spends his days solving crimes and his nights committing them.", "releaseInfo": "2006–2013"}}, {"id": "6C2916D8-5983-48A8-879A-F4A01DFB1A13", "season": 5, "episode": 2, "mediaItem": {"id": "tt0773262", "name": "Dexter", "type": "series", "poster": "https://m.media-amazon.com/images/M/MV5BMTQ3YmQ4YzMtOTkyZC00YmM5LThhZjEtM2E0MjFkNTc0OGJhXkEyXkFqcGc@._V1_SX250.jpg"}}, {"id": "95A0B67E-472C-4CB6-B646-ECEA69FCF911", "season": 5, "episode": 3, "mediaItem": {"id": "tt0773262", "name": "Dexter", "type": "series", "poster": "https://m.media-amazon.com/images/M/MV5BMTQ3YmQ4YzMtOTkyZC00YmM5LThhZjEtM2E0MjFkNTc0OGJhXkEyXkFqcGc@._V1_SX250.jpg"}}, {"id": "26796E09-432C-419B-AA7C-C2EBA213D96E", "season": 5, "episode": 4, "mediaItem": {"id": "tt0773262", "name": "Dexter", "type": "series", "poster": "https://m.media-amazon.com/images/M/MV5BMTQ3YmQ4YzMtOTkyZC00YmM5LThhZjEtM2E0MjFkNTc0OGJhXkEyXkFqcGc@._V1_SX250.jpg"}}, {"id": "31808A62-8C0B-4DF3-B1BF-860FC4B73C9B", "season": 5, "episode": 5, "mediaItem": {"id": "tt0773262", "name": "Dexter", "type": "series", "poster": "https://m.media-amazon.com/images/M/MV5BMTQ3YmQ4YzMtOTkyZC00YmM5LThhZjEtM2E0MjFkNTc0OGJhXkEyXkFqcGc@._V1_SX250.jpg"}}, {"id": "CDBC9894-74AD-480C-BBEC-D87350BA0704", "season": 5, "episode": 6, "mediaItem": {"id": "tt0773262", "name": "Dexter", "type": "series", "poster": "https://m.media-amazon.com/images/M/MV5BMTQ3YmQ4YzMtOTkyZC00YmM5LThhZjEtM2E0MjFkNTc0OGJhXkEyXkFqcGc@._V1_SX250.jpg"}}, {"id": "85A03E82-56A7-436C-B584-3A62258F9B67", "season": 5, "episode": 7, "mediaItem": {"id": "tt0773262", "name": "Dexter", "type": "series", "poster": "https://m.media-amazon.com/images/M/MV5BMTQ3YmQ4YzMtOTkyZC00YmM5LThhZjEtM2E0MjFkNTc0OGJhXkEyXkFqcGc@._V1_SX250.jpg"}}, {"id": "5DC64A9B-1E1F-44E4-AC94-8C897E227D29", "season": 5, "episode": 8, "mediaItem": {"id": "tt0773262", "name": "Dexter", "type": "series", "poster": "https://m.media-amazon.com/images/M/MV5BMTQ3YmQ4YzMtOTkyZC00YmM5LThhZjEtM2E0MjFkNTc0OGJhXkEyXkFqcGc@._V1_SX250.jpg"}}, {"id": "F4562D42-3275-4379-9F76-D6FB908BE84F", "season": 5, "episode": 9, "mediaItem": {"id": "tt0773262", "name": "Dexter", "type": "series", "poster": "https://m.media-amazon.com/images/M/MV5BMTQ3YmQ4YzMtOTkyZC00YmM5LThhZjEtM2E0MjFkNTc0OGJhXkEyXkFqcGc@._V1_SX250.jpg"}}, {"id": "765BEFEF-AEB6-4BFE-8C62-77E9DB8D4040", "season": 5, "episode": 10, "mediaItem": {"id": "tt0773262", "name": "Dexter", "type": "series", "poster": "https://m.media-amazon.com/images/M/MV5BMTQ3YmQ4YzMtOTkyZC00YmM5LThhZjEtM2E0MjFkNTc0OGJhXkEyXkFqcGc@._V1_SX250.jpg"}}, {"id": "323F5080-C926-4842-B88E-167D5785FC32", "season": 5, "episode": 11, "mediaItem": {"id": "tt0773262", "name": "Dexter", "type": "series", "poster": "https://m.media-amazon.com/images/M/MV5BMTQ3YmQ4YzMtOTkyZC00YmM5LThhZjEtM2E0MjFkNTc0OGJhXkEyXkFqcGc@._V1_SX250.jpg"}}, {"id": "474B73D2-FB6B-4C07-B30B-B4654124436B", "season": 5, "episode": 12, "mediaItem": {"id": "tt0773262", "name": "Dexter", "type": "series", "poster": "https://m.media-amazon.com/images/M/MV5BMTQ3YmQ4YzMtOTkyZC00YmM5LThhZjEtM2E0MjFkNTc0OGJhXkEyXkFqcGc@._V1_SX250.jpg"}}], "is_public": true, "created_at": "2025-12-23T16:57:46.773918", "is_playing": false, "poster_url": "https://images.metahub.space/poster/small/tt0773262/img", "description": null, "stream_hash": null, "backdrop_url": "https://images.metahub.space/background/medium/tt0773262/img", "host_user_id": "656daa91-33b4-4688-9135-c982ea52d7c9", "subtitle_url": null, "host_username": "ursinho", "last_activity": "2025-12-23T16:59:23", "max_participants": 50, "selected_quality": "1080p", "playback_position": 0, "selected_file_idx": null, "participants_count": 2, "unlocked_stream_url": "https://chi4-4.download.real-debrid.com/d/ZCN6RPCCFMAPO123/Dexter.S05E01.My.Bad.1080p.TrueHD.5.1.AVC.REMUX-FraMeSToR.mkv", "current_playlist_index": 0},"columns":[{"name": "id", "type": "text"}, {"name": "name", "type": "text"}, {"name": "host_user_id", "type": "uuid"}, {"name": "host_username", "type": "text"}, {"name": "stream_hash", "type": "text"}, {"name": "imdb_id", "type": "text"}, {"name": "poster_url", "type": "text"}, {"name": "backdrop_url", "type": "text"}, {"name": "playback_position", "type": "int4"}, {"name": "is_p2025-12-23 11:59:23.925 RedLemon[7693:68193] 📨 Lobby: Received Room UPDATE from Realtime
2025-12-23 11:59:23.926 RedLemon[7693:68193] 📨 Lobby: Received Room UPDATE from Realtime
2025-12-23 11:59:23.926 RedLemon[7693:68193] 📨 Lobby: Received Room UPDATE from Realtime
laying", "type": "bool"}, {"name": "participants_count", "type": "int4"}, {"name": "max_participants", "type": "int4"}, {"name": "is_public", "type": "bool"}, {"name": "created_at", "type": "timestamp"}, {"name": "last_activity", "type": "timestamp"}, {"name": "season", "type": "int4"}, {"name": "episode", "type": "int4"}, {"name": "selected_quality", "type": "text"}, {"name": "selected_file_idx", "type": "int4"}, {"name": "unlocked_stream_url", "type": "text"}, {"name": "description", "type": "text"}, {"name": "current_playlist_index", "type": "int4"}, {"name": "playlist", "type": "jsonb"}, {"name": "subtitle_url", "type": "text"}],"errors":null,"schema":"public","commit_timestamp":"2025-12-23T16:59:23.962Z","old_record":{"id": "LGG3"}},"ids":[67457933]},"topic":"realtime:watch-party:LGG3"}
✅ Lobby: Synced playlist with 12 items
✅ Lobby: Synced playlist index to 0
✅ Lobby: Synced stream info & playlist to AppState
🔄 Lobby: Fetching fresh room state from Supabase...
🔄 Lobby: Fetching fresh room state from Supabase...
🔄 Lobby: Fetching fresh room state from Supabase...
🔍 [DEBUG] Creating MediaItem from CinemetaMeta
🔍 [DEBUG] meta.itemId: tt0773262
🔍 [DEBUG] meta.type: series
🔍 [DEBUG] meta.name: Dexter
🔍 [DEBUG] Successfully created MediaItem from meta: Dexter
🔍 Supabase Response for /rooms: [{"id":"LGG3","name":"Dexter","host_user_id":"656daa91-33b4-4688-9135-c982ea52d7c9","host_username":"ursinho","stream_hash":null,"imdb_id":"tt0773262","poster_url":"https://images.metahub.space/poster/small/tt0773262/img","backdrop_url":"https://images.metahub.space/background/medium/tt0773262/img","playback_position":0,"is_playing":false,"participants_count":2,"max_participants":50,"is_public":true,"created_at":"2025-12-23T16:57:46.773918","last_activity":"2025-12-23T16:59:23","season":5,"episode":1,"selected_quality":"1080p","selected_file_idx":null,"unlocked_stream_url":"https://chi4-4.download.real-debrid.com/d/ZCN6RPCCFMAPO123/Dexter.S05E01.My.Bad.1080p.TrueHD.5.1.AVC.REMUX-FraMeSToR.mkv","description":null,"current_playlist_index":0,"playlist":[{"id": "55EB824E-268B-438A-BB0B-368078D3E3F3", "season": 5, "episode": 1, "mediaItem": {"id": "tt0773262", "logo": "https://images.metahub.space/logo/medium/tt0773262/img", "name": "Dexter", "type": "series", "year": "2006–2013", "genres": ["Crime", "Drama", "Mystery"], "poster": "https://images.metahub.space/poster/small/tt0773262/img", "runtime": "53 min", "background": "https://images.metahub.space/background/medium/tt0773262/img", "imdbRating": "8.6", "description": "He's smart. He's lovable. He's Dexter Morgan, America's favorite serial killer, who spends his days solving crimes and his nights committing them.", "releaseInfo": "2006–2013"}}, {"id": "6C2916D8-5983-48A8-879A-F4A01DFB1A13", "season": 5, "episode": 2, "mediaItem": {"id": "tt0773262", "name": "Dexter", "type": "series", "poster": "https://m.media-amazon.com/images/M/MV5BMTQ3YmQ4YzMtOTkyZC00YmM5LThhZjEtM2E0MjFkNTc0OGJhXkEyXkFqcGc@._V1_SX250.jpg"}}, {"id": "95A0B67E-472C-4CB6-B646-ECEA69FCF911", "season": 5, "episode": 3, "mediaItem": {"id": "tt0773262", "name": "Dexter", "type": "series", "poster": "https://m.media-amazon.com/images/M/MV5BMTQ3YmQ4YzMtOTkyZC00YmM5LThhZjEtM2E0MjFkNTc0OGJhXkEyXkFqcGc@._V1_SX250.jpg"}}, {"id": "26796E09-432C-419B-AA7C-C2EBA213D96E", "season": 5, "episode": 4, "mediaItem": {"id": "tt0773262", "name": "Dexter", "type": "series", "poster": "https://m.media-amazon.com/images/M/MV5BMTQ3YmQ4YzMtOTkyZC00YmM5LThhZjEtM2E0MjFkNTc0OGJhXkEyXkFqcGc@._V1_SX250.jpg"}}, {"id": "31808A62-8C0B-4DF3-B1BF-860FC4B73C9B", "season": 5, "episode": 5, "mediaItem": {"id": "tt0773262", "name": "Dexter", "type": "series", "poster": "https://m.media-amazon.com/images/M/MV5BMTQ3YmQ4YzMtOTkyZC00YmM5LThhZjEtM2E0MjFkNTc0OGJhXkEyXkFqcGc@._V1_SX250.jpg"}}, {"id": "CDBC9894-74AD-480C-BBEC-D87350BA0704", "season": 5, "episode": 6, "mediaItem": {"id": "tt0773262", "name": "Dexter", "type": "series", "poster": "https://m.media-amazon.com/images/M/MV5BMTQ3YmQ4YzMtOTkyZC00YmM5LThhZjEtM2E0MjFkNTc0OGJhXkEyXkFqcGc@._V1_SX250.jpg"}}, {"id": "85A03E82-56A7-436C-B584-3A62258F9B67", "season": 5, "episode": 7, "mediaItem": {"id": "tt0773262", "name": "Dexter", "type": "series", "poster": "https://m.media-amazon.com/images/M/MV5BMTQ3YmQ4YzMtOTkyZC00YmM5LThhZjEtM2E0MjFkNTc0OGJhXkEyXkFqcGc@._V1_SX250.jpg"}}, {"id": "5DC64A9B-1E1F-44E4-AC94-8C897E227D29", "season": 5, "episode": 8, "mediaItem": {"id": "tt0773262", "name": "Dexter", "type": "series", "poster": "https://m.media-amazon.com/images/M/MV5BMTQ3YmQ4YzMtOTkyZC00YmM5LThhZjEtM2E0MjFkNTc0OGJhXkEyXkFqcGc@._V1_SX250.jpg"}}, {"id": "F4562D42-3275-4379-9F76-D6FB908BE84F", "season": 5, "episode": 9, "mediaItem": {"id": "tt0773262", "name": "Dexter", "type": "series", "poster": "https://m.media-amazon.com/images/M/MV5BMTQ3YmQ4YzMtOTkyZC00YmM5LThhZjEtM2E0MjFkNTc0OGJhXkEyXkFqcGc@._V1_SX250.jpg"}}, {"id": "765BEFEF-AEB6-4BFE-8C62-77E9DB8D4040", "season": 5, "episode": 10, "mediaItem": {"id": "tt0773262", "name": "Dexter", "type": "series", "poster": "https://m.media-amazon.com/images/M/MV5BMTQ3YmQ4YzMtOTkyZC00YmM5LThhZjEtM2E0MjFkNTc0OGJhXkEyXkFqcGc@._V1_SX250.jpg"}}, {"id": "323F5080-C926-4842-B88E-167D5785FC32", "season": 5, "episode": 11, "mediaItem": {"id": "tt0773262", "name": "Dexter", "type": "series", "poster": "https://m.media-amazon.com/images/M/MV5BMTQ3YmQ4YzMtOTkyZC00YmM5LThhZjEtM2E0MjFkNTc0OGJhXkEyXkFqcGc@._V1_SX250.jpg"}}, {"id": "474B73D2-FB6B-4C07-B30B-B4654124436B", "season": 5, "episode": 12, "mediaItem": {"id": "tt0773262", "name": "Dexter", "type": "series", "poster": "https://m.media-amazon.com/images/M/MV5BMTQ3YmQ4YzMtOTkyZC00YmM5LThhZjEtM2E0MjFkNTc0OGJhXkEyXkFqcGc@._V1_SX250.jpg"}}],"subtitle_url":null}]
🔌 Setting up Realtime channel: watch-party:LGG3
   Role: Host
   User ID: 656daa91-33b4-4688-9135-c982ea52d7c9
📡 Connection state: connecting
✅ Lobby: Synced playlist with 12 items
ℹ️ Already joined channel watch-party:LGG3, skipping join
✅ Lobby: Synced playlist index to 0
✅ Lobby: Synced stream info & playlist to AppState
📡 Connection state: connected
✅ Realtime channel setup complete
🔍 Supabase Response for /rooms: [{"id":"LGG3","name":"Dexter","host_user_id":"656daa91-33b4-4688-9135-c982ea52d7c9","host_username":"ursinho","stream_hash":null,"imdb_id":"tt0773262","poster_url":"https://images.metahub.space/poster/small/tt0773262/img","backdrop_url":"https://images.metahub.space/background/medium/tt0773262/img","playback_position":0,"is_playing":false,"participants_count":2,"max_participants":50,"is_public":true,"created_at":"2025-12-23T16:57:46.773918","last_activity":"2025-12-23T16:59:23","season":5,"episode":1,"selected_quality":"1080p","selected_file_idx":null,"unlocked_stream_url":"https://chi4-4.download.real-debrid.com/d/ZCN6RPCCFMAPO123/Dexter.S05E01.My.Bad.1080p.TrueHD.5.1.AVC.REMUX-FraMeSToR.mkv","description":null,"current_playlist_index":0,"playlist":[{"id": "55EB824E-268B-438A-BB0B-368078D3E3F3", "season": 5, "episode": 1, "mediaItem": {"id": "tt0773262", "logo": "https://images.metahub.space/logo/medium/tt0773262/img", "name": "Dexter", "type": "series", "year": "2006–2013", "genres": ["Crime", "Drama", "Mystery"], "poster": "https://images.metahub.space/poster/small/tt0773262/img", "runtime": "53 min", "background": "https://images.metahub.space/background/medium/tt0773262/img", "imdbRating": "8.6", "description": "He's smart. He's lovable. He's Dexter Morgan, America's favorite serial killer, who spends his days solving crimes and his nights committing them.", "releaseInfo": "2006–2013"}}, {"id": "6C2916D8-5983-48A8-879A-F4A01DFB1A13", "season": 5, "episode": 2, "mediaItem": {"id": "tt0773262", "name": "Dexter", "type": "series", "poster": "https://m.media-amazon.com/images/M/MV5BMTQ3YmQ4YzMtOTkyZC00YmM5LThhZjEtM2E0MjFkNTc0OGJhXkEyXkFqcGc@._V1_SX250.jpg"}}, {"id": "95A0B67E-472C-4CB6-B646-ECEA69FCF911", "season": 5, "episode": 3, "mediaItem": {"id": "tt0773262", "name": "Dexter", "type": "series", "poster": "https://m.media-amazon.com/images/M/MV5BMTQ3YmQ4YzMtOTkyZC00YmM5LThhZjEtM2E0MjFkNTc0OGJhXkEyXkFqcGc@._V1_SX250.jpg"}}, {"id": "26796E09-432C-419B-AA7C-C2EBA213D96E", "season": 5, "episode": 4, "mediaItem": {"id": "tt0773262", "name": "Dexter", "type": "series", "poster": "https://m.media-amazon.com/images/M/MV5BMTQ3YmQ4YzMtOTkyZC00YmM5LThhZjEtM2E0MjFkNTc0OGJhXkEyXkFqcGc@._V1_SX250.jpg"}}, {"id": "31808A62-8C0B-4DF3-B1BF-860FC4B73C9B", "season": 5, "episode": 5, "mediaItem": {"id": "tt0773262", "name": "Dexter", "type": "series", "poster": "https://m.media-amazon.com/images/M/MV5BMTQ3YmQ4YzMtOTkyZC00YmM5LThhZjEtM2E0MjFkNTc0OGJhXkEyXkFqcGc@._V1_SX250.jpg"}}, {"id": "CDBC9894-74AD-480C-BBEC-D87350BA0704", "season": 5, "episode": 6, "mediaItem": {"id": "tt0773262", "name": "Dexter", "type": "series", "poster": "https://m.media-amazon.com/images/M/MV5BMTQ3YmQ4YzMtOTkyZC00YmM5LThhZjEtM2E0MjFkNTc0OGJhXkEyXkFqcGc@._V1_SX250.jpg"}}, {"id": "85A03E82-56A7-436C-B584-3A62258F9B67", "season": 5, "episode": 7, "mediaItem": {"id": "tt0773262", "name": "Dexter", "type": "series", "poster": "https://m.media-amazon.com/images/M/MV5BMTQ3YmQ4YzMtOTkyZC00YmM5LThhZjEtM2E0MjFkNTc0OGJhXkEyXkFqcGc@._V1_SX250.jpg"}}, {"id": "5DC64A9B-1E1F-44E4-AC94-8C897E227D29", "season": 5, "episode": 8, "mediaItem": {"id": "tt0773262", "name": "Dexter", "type": "series", "poster": "https://m.media-amazon.com/images/M/MV5BMTQ3YmQ4YzMtOTkyZC00YmM5LThhZjEtM2E0MjFkNTc0OGJhXkEyXkFqcGc@._V1_SX250.jpg"}}, {"id": "F4562D42-3275-4379-9F76-D6FB908BE84F", "season": 5, "episode": 9, "mediaItem": {"id": "tt0773262", "name": "Dexter", "type": "series", "poster": "https://m.media-amazon.com/images/M/MV5BMTQ3YmQ4YzMtOTkyZC00YmM5LThhZjEtM2E0MjFkNTc0OGJhXkEyXkFqcGc@._V1_SX250.jpg"}}, {"id": "765BEFEF-AEB6-4BFE-8C62-77E9DB8D4040", "season": 5, "episode": 10, "mediaItem": {"id": "tt0773262", "name": "Dexter", "type": "series", "poster": "https://m.media-amazon.com/images/M/MV5BMTQ3YmQ4YzMtOTkyZC00YmM5LThhZjEtM2E0MjFkNTc0OGJhXkEyXkFqcGc@._V1_SX250.jpg"}}, {"id": "323F5080-C926-4842-B88E-167D5785FC32", "season": 5, "episode": 11, "mediaItem": {"id": "tt0773262", "name": "Dexter", "type": "series", "poster": "https://m.media-amazon.com/images/M/MV5BMTQ3YmQ4YzMtOTkyZC00YmM5LThhZjEtM2E0MjFkNTc0OGJhXkEyXkFqcGc@._V1_SX250.jpg"}}, {"id": "474B73D2-FB6B-4C07-B30B-B4654124436B", "season": 5, "episode": 12, "mediaItem": {"id": "tt0773262", "name": "Dexter", "type": "series", "poster": "https://m.media-amazon.com/images/M/MV5BMTQ3YmQ4YzMtOTkyZC00YmM5LThhZjEtM2E0MjFkNTc0OGJhXkEyXkFqcGc@._V1_SX250.jpg"}}],"subtitle_url":null}]
📨 Received: {"ref":"30","event":"phx_reply","payload":{"status":"ok","response":{}},"topic":"realtime:watch-party:LGG3"}
📨 Received: {"ref":null,"event":"presence_diff","payload":{"joins":{"bb9ce9de-e020-11f0-a4a6-0a58a9feac02":{"metas":[{"phx_ref":"GIPmubaMVQ58VmMM","phx_ref_prev":"GIPmuauKHAp8VnSQ","is_host":true,"joined_at":1766509164.03411,"user_id":"656daa91-33b4-4688-9135-c982ea52d7c9","username":"ursinho"}]}},"leaves":{"bb9ce9de-e020-11f0-a4a6-0a58a9feac02":{"metas":[{"phx_ref":"GIPmuauKHAp8VnSQ","is_host":true,"joined_at":1766509163.834158,"user_id":"656daa91-33b4-4688-9135-c982ea52d7c9","username":"ursinho"}]}}},"topic":"realtime:watch-party:LGG3"}
🔍 Supabase Response for /rooms: [{"id":"LGG3","name":"Dexter","host_user_id":"656daa91-33b4-4688-9135-c982ea52d7c9","host_username":"ursinho","stream_hash":null,"imdb_id":"tt0773262","poster_url":"https://images.metahub.space/poster/small/tt0773262/img","backdrop_url":"https://images.metahub.space/background/medium/tt0773262/img","playback_position":0,"is_playing":false,"participants_count":2,"max_participants":50,"is_public":true,"created_at":"2025-12-23T16:57:46.773918","last_activity":"2025-12-23T16:59:23","season":5,"episode":1,"selected_quality":"1080p","selected_file_idx":null,"unlocked_stream_url":"https://chi4-4.download.real-debrid.com/d/ZCN6RPCCFMAPO123/Dexter.S05E01.My.Bad.1080p.TrueHD.5.1.AVC.REMUX-FraMeSToR.mkv","description":null,"current_playlist_index":0,"playlist":[{"id": "55EB824E-268B-438A-BB0B-368078D3E3F3", "season": 5, "episode": 1, "mediaItem": {"id": "tt0773262", "logo": "https://images.metahub.space/logo/medium/tt0773262/img", "name": "Dexter", "type": "series", "year": "2006–2013", "genres": ["Crime", "Drama", "Mystery"], "poster": "https://images.metahub.space/poster/small/tt0773262/img", "runtime": "53 min", "background": "https://images.metahub.space/background/medium/tt0773262/img", "imdbRating": "8.6", "description": "He's smart. He's lovable. He's Dexter Morgan, America's favorite serial killer, who spends his days solving crimes and his nights committing them.", "releaseInfo": "2006–2013"}}, {"id": "6C2916D8-5983-48A8-879A-F4A01DFB1A13", "season": 5, "episode": 2, "mediaItem": {"id": "tt0773262", "name": "Dexter", "type": "series", "poster": "https://m.media-amazon.com/images/M/MV5BMTQ3YmQ4YzMtOTkyZC00YmM5LThhZjEtM2E0MjFkNTc0OGJhXkEyXkFqcGc@._V1_SX250.jpg"}}, {"id": "95A0B67E-472C-4CB6-B646-ECEA69FCF911", "season": 5, "episode": 3, "mediaItem": {"id": "tt0773262", "name": "Dexter", "type": "series", "poster": "https://m.media-amazon.com/images/M/MV5BMTQ3YmQ4YzMtOTkyZC00YmM5LThhZjEtM2E0MjFkNTc0OGJhXkEyXkFqcGc@._V1_SX250.jpg"}}, {"id": "26796E09-432C-419B-AA7C-C2EBA213D96E", "season": 5, "episode": 4, "mediaItem": {"id": "tt0773262", "name": "Dexter", "type": "series", "poster": "https://m.media-amazon.com/images/M/MV5BMTQ3YmQ4YzMtOTkyZC00YmM5LThhZjEtM2E0MjFkNTc0OGJhXkEyXkFqcGc@._V1_SX250.jpg"}}, {"id": "31808A62-8C0B-4DF3-B1BF-860FC4B73C9B", "season": 5, "episode": 5, "mediaItem": {"id": "tt0773262", "name": "Dexter", "type": "series", "poster": "https://m.media-amazon.com/images/M/MV5BMTQ3YmQ4YzMtOTkyZC00YmM5LThhZjEtM2E0MjFkNTc0OGJhXkEyXkFqcGc@._V1_SX250.jpg"}}, {"id": "CDBC9894-74AD-480C-BBEC-D87350BA0704", "season": 5, "episode": 6, "mediaItem": {"id": "tt0773262", "name": "Dexter", "type": "series", "poster": "https://m.media-amazon.com/images/M/MV5BMTQ3YmQ4YzMtOTkyZC00YmM5LThhZjEtM2E0MjFkNTc0OGJhXkEyXkFqcGc@._V1_SX250.jpg"}}, {"id": "85A03E82-56A7-436C-B584-3A62258F9B67", "season": 5, "episode": 7, "mediaItem": {"id": "tt0773262", "name": "Dexter", "type": "series", "poster": "https://m.media-amazon.com/images/M/MV5BMTQ3YmQ4YzMtOTkyZC00YmM5LThhZjEtM2E0MjFkNTc0OGJhXkEyXkFqcGc@._V1_SX250.jpg"}}, {"id": "5DC64A9B-1E1F-44E4-AC94-8C897E227D29", "season": 5, "episode": 8, "mediaItem": {"id": "tt0773262", "name": "Dexter", "type": "series", "poster": "https://m.media-amazon.com/images/M/MV5BMTQ3YmQ4YzMtOTkyZC00YmM5LThhZjEtM2E0MjFkNTc0OGJhXkEyXkFqcGc@._V1_SX250.jpg"}}, {"id": "F4562D42-3275-4379-9F76-D6FB908BE84F", "season": 5, "episode": 9, "mediaItem": {"id": "tt0773262", "name": "Dexter", "type": "series", "poster": "https://m.media-amazon.com/images/M/MV5BMTQ3YmQ4YzMtOTkyZC00YmM5LThhZjEtM2E0MjFkNTc0OGJhXkEyXkFqcGc@._V1_SX250.jpg"}}, {"id": "765BEFEF-AEB6-4BFE-8C62-77E9DB8D4040", "season": 5, "episode": 10, "mediaItem": {"id": "tt0773262", "name": "Dexter", "type": "series", "poster": "https://m.media-amazon.com/images/M/MV5BMTQ3YmQ4YzMtOTkyZC00YmM5LThhZjEtM2E0MjFkNTc0OGJhXkEyXkFqcGc@._V1_SX250.jpg"}}, {"id": "323F5080-C926-4842-B88E-167D5785FC32", "season": 5, "episode": 11, "mediaItem": {"id": "tt0773262", "name": "Dexter", "type": "series", "poster": "https://m.media-amazon.com/images/M/MV5BMTQ3YmQ4YzMtOTkyZC00YmM5LThhZjEtM2E0MjFkNTc0OGJhXkEyXkFqcGc@._V1_SX250.jpg"}}, {"id": "474B73D2-FB6B-4C07-B30B-B4654124436B", "season": 5, "episode": 12, "mediaItem": {"id": "tt0773262", "name": "Dexter", "type": "series", "poster": "https://m.media-amazon.com/images/M/MV5BMTQ3YmQ4YzMtOTkyZC00YmM5LThhZjEtM2E0MjFkNTc0OGJhXkEyXkFqcGc@._V1_SX250.jpg"}}],"subtitle_url":null}]
✅ Lobby: Loaded metadata for Dexter
✅ Lobby: Connected to Realtime
🚦 Lobby State: connected
✅ Lobby: Synced playlist with 12 items
✅ Lobby: Synced playlist index to 0
✅ Lobby: Synced stream info & playlist to AppState
✅ Lobby: Synced playlist with 12 items
✅ Lobby: Synced playlist index to 0
✅ Lobby: Synced stream info & playlist to AppState
🔄 Lobby: Starting database polling for participants and room state...
💓 Lobby: Starting heartbeat loop...
📨 Received: {"ref":null,"event":"presence_diff","payload":{"joins":{"bb1f6c34-e020-11f0-a273-0a58a9feac02":{"metas":[{"phx_ref":"GIPmuY6O0xeEIpJB","phx_ref_prev":"GIPmuXqZKvqEItQH","is_host":false,"joined_at":1766509163.3168921,"user_id":"96e01cdb-36c0-4228-a6e4-a29a3c66bc8e","username":"lemontom"}]}},"leaves":{}},"topic":"realtime:watch-party:LGG3"}
📨 Received: {"ref":"30","event":"phx_reply","payload":{"status":"ok","response":{}},"topic":"realtime:global-presence"}
📨 Received: {"ref":null,"event":"presence_diff","payload":{"joins":{"2151249e-e020-11f0-a0a1-0a58a9feac02":{"metas":[{"phx_ref":"GIPmue6crcoQ-HIB","phx_ref_prev":"GIPmuakqbXEQ-KPO","last_seen":"2025-12-23T16:59:24.977Z","room_id":"LGG3","started_at":"2025-12-23T16:59:23.812Z","status":"In Lobby: Dexter","user_id":"656daa91-33b4-4688-9135-c982ea52d7c9","username":"ursinho","watching_id":"tt0773262","watching_title":"Dexter","watching_type":"series"}]}},"leaves":{"2151249e-e020-11f0-a0a1-0a58a9feac02":{"metas":[{"phx_ref":"GIPmuakqbXEQ-KPO","phx_ref_prev":"GIPmuXoWZS8Q-L8F","last_seen":"2025-12-23T16:59:23.812Z","room_id":"LGG3","started_at":"2025-12-23T16:59:23.812Z","status":"In Lobby: Dexter","user_id":"656daa91-33b4-4688-9135-c982ea52d7c9","username":"ursinho","watching_id":"tt0773262","watching_title":"Dexter","watching_type":"series"}]}}},"topic":"realtime:global-presence"}
🛡️ Lobby: Auto-Join safety delay passed (8s). Enabled for late joiners.
🎬 Host switching to playlist item 2: Dexter - S5E2
🔍 Lobby: Fetching fresh metadata before Supabase update...
[ INFO ] GET /api/metadata/meta/series/tt0773262 [request-id: 2EC9015E-2392-4669-88C6-349E28C1E21D]
2025-12-23 11:59:33.163 RedLemon[7693:69144] 📡 SupabaseClient: updateRoomPlaylist called for room LGG3 with 12 items, index: 1
2025-12-23 11:59:33.230 RedLemon[7693:68193] 📨 Lobby: Received Room UPDATE from Realtime
2025-12-23 11:59:33.230 RedLemon[7693:68193] 📨 Lobby: Received Room UPDATE from Realtime
2025-12-23 11:59:33.231 RedLemon[7693:68193] 📨 Lobby: Received Room UPDATE from Realtime
2025-12-23 11:59:33.231 RedLemon[7693:68193] 📨 Lobby: Received Room UPDATE from Realtime
2025-12-23 11:59:33.235 RedLemon[7693:69505] ✅ SupabaseClient: Playlist updated successfully
🔍 [DEBUG] Creating MediaItem from CinemetaMeta
🔍 [DEBUG] meta.itemId: tt0773262
🔍 [DEBUG] meta.type: series
🔍 [DEBUG] meta.name: Dexter
🔍 [DEBUG] Successfully created MediaItem from meta: Dexter
✅ Lobby: Fresh metadata fetched for Supabase sync
🔍 Supabase Response for /rooms: [{"id":"LGG3","name":"Dexter","host_user_id":"656daa91-33b4-4688-9135-c982ea52d7c9","host_username":"ursinho","stream_hash":null,"imdb_id":"tt0773262","poster_url":"https://images.metahub.space/poster/small/tt0773262/img","backdrop_url":"https://images.metahub.space/background/medium/tt0773262/img","playback_position":0,"is_playing":false,"participants_count":2,"max_participants":50,"is_public":true,"created_at":"2025-12-23T16:57:46.773918","last_activity":"2025-12-23T16:59:33","season":5,"episode":2,"selected_quality":"1080p","selected_file_idx":null,"unlocked_stream_url":"https://chi4-4.download.real-debrid.com/d/ZCN6RPCCFMAPO123/Dexter.S05E01.My.Bad.1080p.TrueHD.5.1.AVC.REMUX-FraMeSToR.mkv","description":null,"current_playlist_index":0,"playlist":[{"id": "55EB824E-268B-438A-BB0B-368078D3E3F3", "season": 5, "episode": 1, "mediaItem": {"id": "tt0773262", "logo": "https://images.metahub.space/logo/medium/tt0773262/img", "name": "Dexter", "type": "series", "year": "2006–2013", "genres": ["Crime", "Drama", "Mystery"], "poster": "https://images.metahub.space/poster/small/tt0773262/img", "runtime": "53 min", "background": "https://images.metahub.space/background/medium/tt0773262/img", "imdbRating": "8.6", "description": "He's smart. He's lovable. He's Dexter Morgan, America's favorite serial killer, who spends his days solving crimes and his nights committing them.", "releaseInfo": "2006–2013"}}, {"id": "6C2916D8-5983-48A8-879A-F4A01DFB1A13", "season": 5, "episode": 2, "mediaItem": {"id": "tt0773262", "name": "Dexter", "type": "series", "poster": "https://m.media-amazon.com/images/M/MV5BMTQ3YmQ4YzMtOTkyZC00YmM5LThhZjEtM2E0MjFkNTc0OGJhXkEyXkFqcGc@._V1_SX250.jpg"}}, {"id": "95A0B67E-472C-4CB6-B646-ECEA69FCF911", "season": 5, "episode": 3, "mediaItem": {"id": "tt0773262", "name": "Dexter", "type": "series", "poster": "https://m.media-amazon.com/images/M/MV5BMTQ3YmQ4YzMtOTkyZC00YmM5LThhZjEtM2E0MjFkNTc0OGJhXkEyXkFqcGc@._V1_SX250.jpg"}}, {"id": "26796E09-432C-419B-AA7C-C2EBA213D96E", "season": 5, "episode": 4, "mediaItem": {"id": "tt0773262", "name": "Dexter", "type": "series", "poster": "https://m.media-amazon.com/images/M/MV5BMTQ3YmQ4YzMtOTkyZC00YmM5LThhZjEtM2E0MjFkNTc0OGJhXkEyXkFqcGc@._V1_SX250.jpg"}}, {"id": "31808A62-8C0B-4DF3-B1BF-860FC4B73C9B", "season": 5, "episode": 5, "mediaItem": {"id": "tt0773262", "name": "Dexter", "type": "series", "poster": "https://m.media-amazon.com/images/M/MV5BMTQ3YmQ4YzMtOTkyZC00YmM5LThhZjEtM2E0MjFkNTc0OGJhXkEyXkFqcGc@._V1_SX250.jpg"}}, {"id": "CDBC9894-74AD-480C-BBEC-D87350BA0704", "season": 5, "episode": 6, "mediaItem": {"id": "tt0773262", "name": "Dexter", "type": "series", "poster": "https://m.media-amazon.com/images/M/MV5BMTQ3YmQ4YzMtOTkyZC00YmM5LThhZjEtM2E0MjFkNTc0OGJhXkEyXkFqcGc@._V1_SX250.jpg"}}, {"id": "85A03E82-56A7-436C-B584-3A62258F9B67", "season": 5, "episode": 7, "mediaItem": {"id": "tt0773262", "name": "Dexter", "type": "series", "poster": "https://m.media-amazon.com/images/M/MV5BMTQ3YmQ4YzMtOTkyZC00YmM5LThhZjEtM2E0MjFkNTc0OGJhXkEyXkFqcGc@._V1_SX250.jpg"}}, {"id": "5DC64A9B-1E1F-44E4-AC94-8C897E227D29", "season": 5, "episode": 8, "mediaItem": {"id": "tt0773262", "name": "Dexter", "type": "series", "poster": "https://m.media-amazon.com/images/M/MV5BMTQ3YmQ4YzMtOTkyZC00YmM5LThhZjEtM2E0MjFkNTc0OGJhXkEyXkFqcGc@._V1_SX250.jpg"}}, {"id": "F4562D42-3275-4379-9F76-D6FB908BE84F", "season": 5, "episode": 9, "mediaItem": {"id": "tt0773262", "name": "Dexter", "type": "series", "poster": "https://m.media-amazon.com/images/M/MV5BMTQ3YmQ4YzMtOTkyZC00YmM5LThhZjEtM2E0MjFkNTc0OGJhXkEyXkFqcGc@._V1_SX250.jpg"}}, {"id": "765BEFEF-AEB6-4BFE-8C62-77E9DB8D4040", "season": 5, "episode": 10, "mediaItem": {"id": "tt0773262", "name": "Dexter", "type": "series", "poster": "https://m.media-amazon.com/images/M/MV5BMTQ3YmQ4YzMtOTkyZC00YmM5LThhZjEtM2E0MjFkNTc0OGJhXkEyXkFqcGc@._V1_SX250.jpg"}}, {"id": "323F5080-C926-4842-B88E-167D5785FC32", "season": 5, "episode": 11, "mediaItem": {"id": "tt0773262", "name": "Dexter", "type": "series", "poster": "https://m.media-amazon.com/images/M/MV5BMTQ3YmQ4YzMtOTkyZC00YmM5LThhZjEtM2E0MjFkNTc0OGJhXkEyXkFqcGc@._V1_SX250.jpg"}}, {"id": "474B73D2-FB6B-4C07-B30B-B4654124436B", "season": 5, "episode": 12, "mediaItem": {"id": "tt0773262", "name": "Dexter", "type": "series", "poster": "https://m.media-amazon.com/images/M/MV5BMTQ3YmQ4YzMtOTkyZC00YmM5LThhZjEtM2E0MjFkNTc0OGJhXkEyXkFqcGc@._V1_SX250.jpg"}}],"subtitle_url":null}]
📨 Received: {"ref":null,"event":"postgres_changes","payload":{"data":{"table":"rooms","type":"UPDATE","record":{"id": "LGG3", "name": "Dexter", "season": 5, "episode": 2, "imdb_id": "tt0773262", "playlist": [{"id": "55EB824E-268B-438A-BB0B-368078D3E3F3", "season": 5, "episode": 1, "mediaItem": {"id": "tt0773262", "logo": "https://images.metahub.space/logo/medium/tt0773262/img", "name": "Dexter", "type": "series", "year": "2006–2013", "genres": ["Crime", "Drama", "Mystery"], "poster": "https://images.metahub.space/poster/small/tt0773262/img", "runtime": "53 min", "background": "https://images.metahub.space/background/medium/tt0773262/img", "imdbRating": "8.6", "description": "He's smart. He's lovable. He's Dexter Morgan, America's favorite serial killer, who spends his days solving crimes and his nights committing them.", "releaseInfo": "2006–2013"}}, {"id": "6C2916D8-5983-48A8-879A-F4A01DFB1A13", "season": 5, "episode": 2, "mediaItem": {"id": "tt0773262", "name": "Dexter", "type": "series", "poster": "https://m.media-amazon.com/images/M/MV5BMTQ3YmQ4YzMtOTkyZC00YmM5LThhZjEtM2E0MjFkNTc0OGJhXkEyXkFqcGc@._V1_SX250.jpg"}}, {"id": "95A0B67E-472C-4CB6-B646-ECEA69FCF911", "season": 5, "episode": 3, "mediaItem": {"id": "tt0773262", "name": "Dexter", "type": "series", "poster": "https://m.media-amazon.com/images/M/MV5BMTQ3YmQ4YzMtOTkyZC00YmM5LThhZjEtM2E0MjFkNTc0OGJhXkEyXkFqcGc@._V1_SX250.jpg"}}, {"id": "26796E09-432C-419B-AA7C-C2EBA213D96E", "season": 5, "episode": 4, "mediaItem": {"id": "tt0773262", "name": "Dexter", "type": "series", "poster": "https://m.media-amazon.com/images/M/MV5BMTQ3YmQ4YzMtOTkyZC00YmM5LThhZjEtM2E0MjFkNTc0OGJhXkEyXkFqcGc@._V1_SX250.jpg"}}, {"id": "31808A62-8C0B-4DF3-B1BF-860FC4B73C9B", "season": 5, "episode": 5, "mediaItem": {"id": "tt0773262", "name": "Dexter", "type": "series", "poster": "https://m.media-amazon.com/images/M/MV5BMTQ3YmQ4YzMtOTkyZC00YmM5LThhZjEtM2E0MjFkNTc0OGJhXkEyXkFqcGc@._V1_SX250.jpg"}}, {"id": "CDBC9894-74AD-480C-BBEC-D87350BA0704", "season": 5, "episode": 6, "mediaItem": {"id": "tt0773262", "name": "Dexter", "type": "series", "poster": "https://m.media-amazon.com/images/M/MV5BMTQ3YmQ4YzMtOTkyZC00YmM5LThhZjEtM2E0MjFkNTc0OGJhXkEyXkFqcGc@._V1_SX250.jpg"}}, {"id": "85A03E82-56A7-436C-B584-3A62258F9B67", "season": 5, "episode": 7, "mediaItem": {"id": "tt0773262", "name": "Dexter", "type": "series", "poster": "https://m.media-amazon.com/images/M/MV5BMTQ3YmQ4YzMtOTkyZC00YmM5LThhZjEtM2E0MjFkNTc0OGJhXkEyXkFqcGc@._V1_SX250.jpg"}}, {"id": "5DC64A9B-1E1F-44E4-AC94-8C897E227D29", "season": 5, "episode": 8, "mediaItem": {"id": "tt0773262", "name": "Dexter", "type": "series", "poster": "https://m.media-amazon.com/images/M/MV5BMTQ3YmQ4YzMtOTkyZC00YmM5LThhZjEtM2E0MjFkNTc0OGJhXkEyXkFqcGc@._V1_SX250.jpg"}}, {"id": "F4562D42-3275-4379-9F76-D6FB908BE84F", "season": 5, "episode": 9, "mediaItem": {"id": "tt0773262", "name": "Dexter", "type": "series", "poster": "https://m.media-amazon.com/images/M/MV5BMTQ3YmQ4YzMtOTkyZC00YmM5LThhZjEtM2E0MjFkNTc0OGJhXkEyXkFqcGc@._V1_SX250.jpg"}}, {"id": "765BEFEF-AEB6-4BFE-8C62-77E9DB8D4040", "season": 5, "episode": 10, "mediaItem": {"id": "tt0773262", "name": "Dexter", "type": "series", "poster": "https://m.media-amazon.com/images/M/MV5BMTQ3YmQ4YzMtOTkyZC00YmM5LThhZjEtM2E0MjFkNTc0OGJhXkEyXkFqcGc@._V1_SX250.jpg"}}, {"id": "323F5080-C926-4842-B88E-167D5785FC32", "season": 5, "episode": 11, "mediaItem": {"id": "tt0773262", "name": "Dexter", "type": "series", "poster": "https://m.media-amazon.com/images/M/MV5BMTQ3YmQ4YzMtOTkyZC00YmM5LThhZjEtM2E0MjFkNTc0OGJhXkEyXkFqcGc@._V1_SX250.jpg"}}, {"id": "474B73D2-FB6B-4C07-B30B-B4654124436B", "season": 5, "episode": 12, "mediaItem": {"id": "tt0773262", "name": "Dexter", "type": "series", "poster": "https://m.media-amazon.com/images/M/MV5BMTQ3YmQ4YzMtOTkyZC00YmM5LThhZjEtM2E0MjFkNTc0OGJhXkEyXkFqcGc@._V1_SX250.jpg"}}], "is_public": true, "created_at": "2025-12-23T16:57:46.773918", "is_playing": false, "poster_url": "https://images.metahub.space/poster/small/tt0773262/img", "description": null, "stream_hash": null, "backdrop_url": "https://images.metahub.space/background/medium/tt0773262/img", "host_user_id": "656daa91-33b4-4688-9135-c982ea52d7c9", "subtitle_url": null, "host_username": "ursinho", "last_activity": "2025-12-23T16:59:33", "max_participants": 50, "selected_quality": "1080p", "playback_position": 0, "selected_file_idx": null, "participants_count": 2, "unlocked_stream_url": "https://chi4-4.download.real-debrid.com/d/ZCN6RPCCFMAPO123/Dexter.S05E01.My.Bad.1080p.TrueHD.5.1.AVC.REMUX-FraMeSToR.mkv", "current_playlist_index": 0},"columns":[{"name": "id", "type": "text"}, {"name": "name", "type": "text"}, {"name": "host_user_id", "type": "uuid"}, {"name": "host_username", "type": "text"}, {"name": "stream_hash", "type": "text"}, {"name": "imdb_id", "type": "text"}, {"name": "poster_url", "type": "text"}, {"name": "backdrop_url", "type": "text"}, {"name": "playback_position", "type": "int4"}, {"name": "is_playing", "type": "bool"}, {"name": "participants_count", "type": "int4"}, {"name": "max_participants", "type": "int4"}, {"name": "is_public", "type": "bool"}, {"name": "created_at", "type": "timestamp"}, {"name": "last_activity", "type": "timestamp"}, {"name": "season", "type": "int4"}, {"name": "episode", "type": "int4"}, {"name": "selected_quality", "type": "text"}, {"name": "selected_file_idx", "type": "int4"}, {"name": "unlocked_stream_url", "type": "text"}, {"name": "description", "type": "text"}, {"name": "current_playlist_index", "type": "int4"}, {"name": "playlist", "type": "jsonb"}, {"name": "subtitle_url", "type": "text"}],"errors":null,"schema":"public","commit_timestamp":"2025-12-23T16:59:33.222Z","old_record":{"id": "LGG3"}},"ids":[67457933]},"topic":"realtime:watch-party:LGG3"}
🔄 Lobby: Fetching fresh room state from Supabase...
🔄 Lobby: Fetching fresh room state from Supabase...
🔄 Lobby: Fetching fresh room state from Supabase...
🔄 Lobby: Fetching fresh room state from Supabase...
🔍 Supabase Response for /rooms: [{"id":"LGG3","name":"Dexter","host_user_id":"656daa91-33b4-4688-9135-c982ea52d7c9","host_username":"ursinho","stream_hash":null,"imdb_id":"tt0773262","poster_url":"https://images.metahub.space/poster/small/tt0773262/img","backdrop_url":"https://images.metahub.space/background/medium/tt0773262/img","playback_position":0,"is_playing":false,"participants_count":2,"max_participants":50,"is_public":true,"created_at":"2025-12-23T16:57:46.773918","last_activity":"2025-12-23T16:59:33","season":5,"episode":2,"selected_quality":"1080p","selected_file_idx":null,"unlocked_stream_url":"https://chi4-4.download.real-debrid.com/d/ZCN6RPCCFMAPO123/Dexter.S05E01.My.Bad.1080p.TrueHD.5.1.AVC.REMUX-FraMeSToR.mkv","description":null,"current_playlist_index":1,"playlist":[{"id": "55EB824E-268B-438A-BB0B-368078D3E3F3", "season": 5, "episode": 1, "mediaItem": {"id": "tt0773262", "logo": "https://images.metahub.space/logo/medium/tt0773262/img", "name": "Dexter", "type": "series", "year": "2006–2013", "genres": ["Crime", "Drama", "Mystery"], "poster": "https://images.metahub.space/poster/small/tt0773262/img", "runtime": "53 min", "background": "https://images.metahub.space/background/medium/tt0773262/img", "imdbRating": "8.6", "description": "He's smart. He's lovable. He's Dexter Morgan, America's favorite serial killer, who spends his days solving crimes and his nights committing them.", "releaseInfo": "2006–2013"}}, {"id": "6C2916D8-5983-48A8-879A-F4A01DFB1A13", "season": 5, "episode": 2, "mediaItem": {"id": "tt0773262", "name": "Dexter", "type": "series", "poster": "https://m.media-amazon.com/images/M/MV5BMTQ3YmQ4YzMtOTkyZC00YmM5LThhZjEtM2E0MjFkNTc0OGJhXkEyXkFqcGc@._V1_SX250.jpg"}}, {"id": "95A0B67E-472C-4CB6-B646-ECEA69FCF911", "season": 5, "episode": 3, "mediaItem": {"id": "tt0773262", "name": "Dexter", "type": "series", "poster": "https://m.media-amazon.com/images/M/MV5BMTQ3YmQ4YzMtOTkyZC00YmM5LThhZjEtM2E0MjFkNTc0OGJhXkEyXkFqcGc@._V1_SX250.jpg"}}, {"id": "26796E09-432C-419B-AA7C-C2EBA213D96E", "season": 5, "episode": 4, "mediaItem": {"id": "tt0773262", "name": "Dexter", "type": "series", "poster": "https://m.media-amazon.com/images/M/MV5BMTQ3YmQ4YzMtOTkyZC00YmM5LThhZjEtM2E0MjFkNTc0OGJhXkEyXkFqcGc@._V1_SX250.jpg"}}, {"id": "31808A62-8C0B-4DF3-B1BF-860FC4B73C9B", "season": 5, "episode": 5, "mediaItem": {"id": "tt0773262", "name": "Dexter", "type": "series", "poster": "https://m.media-amazon.com/images/M/MV5BMTQ3YmQ4YzMtOTkyZC00YmM5LThhZjEtM2E0MjFkNTc0OGJhXkEyXkFqcGc@._V1_SX250.jpg"}}, {"id": "CDBC9894-74AD-480C-BBEC-D87350BA0704", "season": 5, "episode": 6, "mediaItem": {"id": "tt0773262", "name": "Dexter", "type": "series", "poster": "https://m.media-amazon.com/images/M/MV5BMTQ3YmQ4YzMtOTkyZC00YmM5LThhZjEtM2E0MjFkNTc0OGJhXkEyXkFqcGc@._V1_SX250.jpg"}}, {"id": "85A03E82-56A7-436C-B584-3A62258F9B67", "season": 5, "episode": 7, "mediaItem": {"id": "tt0773262", "name": "Dexter", "type": "series", "poster": "https://m.media-amazon.com/images/M/MV5BMTQ3YmQ4YzMtOTkyZC00YmM5LThhZjEtM2E0MjFkNTc0OGJhXkEyXkFqcGc@._V1_SX250.jpg"}}, {"id": "5DC64A9B-1E1F-44E4-AC94-8C897E227D29", "season": 5, "episode": 8, "mediaItem": {"id": "tt0773262", "name": "Dexter", "type": "series", "poster": "https://m.media-amazon.com/images/M/MV5BMTQ3YmQ4YzMtOTkyZC00YmM5LThhZjEtM2E0MjFkNTc0OGJhXkEyXkFqcGc@._V1_SX250.jpg"}}, {"id": "F4562D42-3275-4379-9F76-D6FB908BE84F", "season": 5, "episode": 9, "mediaItem": {"id": "tt0773262", "name": "Dexter", "type": "series", "poster": "https://m.media-amazon.com/images/M/MV5BMTQ3YmQ4YzMtOTkyZC00YmM5LThhZjEtM2E0MjFkNTc0OGJhXkEyXkFqcGc@._V1_SX250.jpg"}}, {"id": "765BEFEF-AEB6-4BFE-8C62-77E9DB8D4040", "season": 5, "episode": 10, "mediaItem": {"id": "tt0773262", "name": "Dexter", "type": "series", "poster": "https://m.media-amazon.com/images/M/MV5BMTQ3YmQ4YzMtOTkyZC00YmM5LThhZjEtM2E0MjFkNTc0OGJhXkEyXkFqcGc@._V1_SX250.jpg"}}, {"id": "323F5080-C926-4842-B88E-167D5785FC32", "season": 5, "episode": 11, "mediaItem": {"id": "tt0773262", "name": "Dexter", "type": "series", "poster": "https://m.media-amazon.com/images/M/MV5BMTQ3YmQ4YzMtOTkyZC00YmM5LThhZjEtM2E0MjFkNTc0OGJhXkEyXkFqcGc@._V1_SX250.jpg"}}, {"id": "474B73D2-FB6B-4C07-B30B-B4654124436B", "season": 5, "episode": 12, "mediaItem": {"id": "tt0773262", "name": "Dexter", "type": "series", "poster": "https://m.media-amazon.com/images/M/MV5BMTQ3YmQ4YzMtOTkyZC00YmM5LThhZjEtM2E0MjFkNTc0OGJhXkEyXkFqcGc@._V1_SX250.jpg"}}],"subtitle_url":null}]
✅ Supabase: Room metadata & playlist updated
📨 Received: {"ref":null,"event":"postgres_changes","payload":{"data":{"table":"rooms","type":"UPDATE","record":{"id": "LGG3", "name": "Dexter", "season": 5, "episode": 2, "imdb_id": "tt0773262", "playlist": [{"id": "55EB824E-268B-438A-BB0B-368078D3E3F3", "season": 5, "episode": 1, "mediaItem": {"id": "tt0773262", "logo": "https://images.metahub.space/logo/medium/tt0773262/img", "name": "Dexter", "type": "series", "year": "2006–2013", "genres": ["Crime", "Drama", "Mystery"], "poster": "https://images.metahub.space/poster/small/tt0773262/img", "runtime": "53 min", "background": "https://images.metahub.space/background/medium/tt0773262/img", "imdbRating": "8.6", "description": "He's smart. He's lovable. He's Dexter Morgan, America's favorite serial killer, who spends his days solving crimes and his nights committing them.", "releaseInfo": "2006–2013"}}, {"id": "6C2916D8-5983-48A8-879A-F4A01DFB1A13", "season": 5, "episode": 2, "mediaItem": {"id": "tt0773262", "name": "Dexter", "type": "series", "poster": "https://m.media-amazon.com/images/M/MV5BMTQ3YmQ4YzMtOTkyZC00YmM5LThhZjEt2025-12-23 11:59:33.253 RedLemon[7693:68193] 📨 Lobby: Received Room UPDATE from Realtime
2025-12-23 11:59:33.253 RedLemon[7693:68193] 📨 Lobby: Received Room UPDATE from Realtime
2025-12-23 11:59:33.253 RedLemon[7693:68193] 📨 Lobby: Received Room UPDATE from Realtime
2025-12-23 11:59:33.253 RedLemon[7693:68193] 📨 Lobby: Received Room UPDATE from Realtime
M2E0MjFkNTc0OGJhXkEyXkFqcGc@._V1_SX250.jpg"}}, {"id": "95A0B67E-472C-4CB6-B646-ECEA69FCF911", "season": 5, "episode": 3, "mediaItem": {"id": "tt0773262", "name": "Dexter", "type": "series", "poster": "https://m.media-amazon.com/images/M/MV5BMTQ3YmQ4YzMtOTkyZC00YmM5LThhZjEtM2E0MjFkNTc0OGJhXkEyXkFqcGc@._V1_SX250.jpg"}}, {"id": "26796E09-432C-419B-AA7C-C2EBA213D96E", "season": 5, "episode": 4, "mediaItem": {"id": "tt0773262", "name": "Dexter", "type": "series", "poster": "https://m.media-amazon.com/images/M/MV5BMTQ3YmQ4YzMtOTkyZC00YmM5LThhZjEtM2E0MjFkNTc0OGJhXkEyXkFqcGc@._V1_SX250.jpg"}}, {"id": "31808A62-8C0B-4DF3-B1BF-860FC4B73C9B", "season": 5, "episode": 5, "mediaItem": {"id": "tt0773262", "name": "Dexter", "type": "series", "poster": "https://m.media-amazon.com/images/M/MV5BMTQ3YmQ4YzMtOTkyZC00YmM5LThhZjEtM2E0MjFkNTc0OGJhXkEyXkFqcGc@._V1_SX250.jpg"}}, {"id": "CDBC9894-74AD-480C-BBEC-D87350BA0704", "season": 5, "episode": 6, "mediaItem": {"id": "tt0773262", "name": "Dexter", "type": "series", "poster": "https://m.media-amazon.com/images/M/MV5BMTQ3YmQ4YzMtOTkyZC00YmM5LThhZjEtM2E0MjFkNTc0OGJhXkEyXkFqcGc@._V1_SX250.jpg"}}, {"id": "85A03E82-56A7-436C-B584-3A62258F9B67", "season": 5, "episode": 7, "mediaItem": {"id": "tt0773262", "name": "Dexter", "type": "series", "poster": "https://m.media-amazon.com/images/M/MV5BMTQ3YmQ4YzMtOTkyZC00YmM5LThhZjEtM2E0MjFkNTc0OGJhXkEyXkFqcGc@._V1_SX250.jpg"}}, {"id": "5DC64A9B-1E1F-44E4-AC94-8C897E227D29", "season": 5, "episode": 8, "mediaItem": {"id": "tt0773262", "name": "Dexter", "type": "series", "poster": "https://m.media-amazon.com/images/M/MV5BMTQ3YmQ4YzMtOTkyZC00YmM5LThhZjEtM2E0MjFkNTc0OGJhXkEyXkFqcGc@._V1_SX250.jpg"}}, {"id": "F4562D42-3275-4379-9F76-D6FB908BE84F", "season": 5, "episode": 9, "mediaItem": {"id": "tt0773262", "name": "Dexter", "type": "series", "poster": "https://m.media-amazon.com/images/M/MV5BMTQ3YmQ4YzMtOTkyZC00YmM5LThhZjEtM2E0MjFkNTc0OGJhXkEyXkFqcGc@._V1_SX250.jpg"}}, {"id": "765BEFEF-AEB6-4BFE-8C62-77E9DB8D4040", "season": 5, "episode": 10, "mediaItem": {"id": "tt0773262", "name": "Dexter", "type": "series", "poster": "https://m.media-amazon.com/images/M/MV5BMTQ3YmQ4YzMtOTkyZC00YmM5LThhZjEtM2E0MjFkNTc0OGJhXkEyXkFqcGc@._V1_SX250.jpg"}}, {"id": "323F5080-C926-4842-B88E-167D5785FC32", "season": 5, "episode": 11, "mediaItem": {"id": "tt0773262", "name": "Dexter", "type": "series", "poster": "https://m.media-amazon.com/images/M/MV5BMTQ3YmQ4YzMtOTkyZC00YmM5LThhZjEtM2E0MjFkNTc0OGJhXkEyXkFqcGc@._V1_SX250.jpg"}}, {"id": "474B73D2-FB6B-4C07-B30B-B4654124436B", "season": 5, "episode": 12, "mediaItem": {"id": "tt0773262", "name": "Dexter", "type": "series", "poster": "https://m.media-amazon.com/images/M/MV5BMTQ3YmQ4YzMtOTkyZC00YmM5LThhZjEtM2E0MjFkNTc0OGJhXkEyXkFqcGc@._V1_SX250.jpg"}}], "is_public": true, "created_at": "2025-12-23T16:57:46.773918", "is_playing": false, "poster_url": "https://images.metahub.space/poster/small/tt0773262/img", "description": null, "stream_hash": null, "backdrop_url": "https://images.metahub.space/background/medium/tt0773262/img", "host_user_id": "656daa91-33b4-4688-9135-c982ea52d7c9", "subtitle_url": null, "host_username": "ursinho", "last_activity": "2025-12-23T16:59:33", "max_participants": 50, "selected_quality": "1080p", "playback_position": 0, "selected_file_idx": null, "participants_count": 2, "unlocked_stream_url": "https://chi4-4.download.real-debrid.com/d/ZCN6RPCCFMAPO123/Dexter.S05E01.My.Bad.1080p.TrueHD.5.1.AVC.REMUX-FraMeSToR.mkv", "current_playlist_index": 1},"columns":[{"name": "id", "type": "text"}, {"name": "name", "type": "text"}, {"name": "host_user_id", "type": "uuid"}, {"name": "host_username", "type": "text"}, {"name": "stream_hash", "type": "text"}, {"name": "imdb_id", "type": "text"}, {"name": "poster_url", "type": "text"}, {"name": "backdrop_url", "type": "text"}, {"name": "playback_position", "type": "int4"}, {"name": "is_playing", "type": "bool"}, {"name": "participants_count", "type": "int4"}, {"name": "max_participants", "type": "int4"}, {"name": "is_public", "type": "bool"}, {"name": "created_at", "type": "timestamp"}, {"name": "last_activity", "type": "timestamp"}, {"name": "season", "type": "int4"}, {"name": "episode", "type": "int4"}, {"name": "selected_quality", "type": "text"}, {"name": "selected_file_idx", "type": "int4"}, {"name": "unlocked_stream_url", "type": "text"}, {"name": "description", "type": "text"}, {"name": "current_playlist_index", "type": "int4"}, {"name": "playlist", "type": "jsonb"}, {"name": "subtitle_url", "type": "text"}],"errors":null,"schema":"public","commit_timestamp":"2025-12-23T16:59:33.321Z","old_record":{"id": "LGG3"}},"ids":[67457933]},"topic":"realtime:watch-party:LGG3"}
🔄 Lobby: Fetching fresh room state from Supabase...
🔄 Lobby: Fetching fresh room state from Supabase...
🔄 Lobby: Fetching fresh room state from Supabase...
🔄 Lobby: Fetching fresh room state from Supabase...
🔍 Supabase Response for /rooms: [{"id":"LGG3","name":"Dexter","host_user_id":"656daa91-33b4-4688-9135-c982ea52d7c9","host_username":"ursinho","stream_hash":null,"imdb_id":"tt0773262","poster_url":"https://images.metahub.space/poster/small/tt0773262/img","backdrop_url":"https://images.metahub.space/background/medium/tt0773262/img","playback_position":0,"is_playing":false,"participants_count":2,"max_participants":50,"is_public":true,"created_at":"2025-12-23T16:57:46.773918","last_activity":"2025-12-23T16:59:33","season":5,"episode":2,"selected_quality":"1080p","selected_file_idx":null,"unlocked_stream_url":"https://chi4-4.download.real-debrid.com/d/ZCN6RPCCFMAPO123/Dexter.S05E01.My.Bad.1080p.TrueHD.5.1.AVC.REMUX-FraMeSToR.mkv","description":null,"current_playlist_index":1,"playlist":[{"id": "55EB824E-268B-438A-BB0B-368078D3E3F3", "season": 5, "episode": 1, "mediaItem": {"id": "tt0773262", "logo": "https://images.metahub.space/logo/medium/tt0773262/img", "name": "Dexter", "type": "series", "year": "2006–2013", "genres": ["Crime", "Drama", "Mystery"], "poster": "https://images.metahub.space/poster/small/tt0773262/img", "runtime": "53 min", "background": "https://images.metahub.space/background/medium/tt0773262/img", "imdbRating": "8.6", "description": "He's smart. He's lovable. He's Dexter Morgan, America's favorite serial killer, who spends his days solving crimes and his nights committing them.", "releaseInfo": "2006–2013"}}, {"id": "6C2916D8-5983-48A8-879A-F4A01DFB1A13", "season": 5, "episode": 2, "mediaItem": {"id": "tt0773262", "name": "Dexter", "type": "series", "poster": "https://m.media-amazon.com/images/M/MV5BMTQ3YmQ4YzMtOTkyZC00YmM5LThhZjEtM2E0MjFkNTc0OGJhXkEyXkFqcGc@._V1_SX250.jpg"}}, {"id": "95A0B67E-472C-4CB6-B646-ECEA69FCF911", "season": 5, "episode": 3, "mediaItem": {"id": "tt0773262", "name": "Dexter", "type": "series", "poster": "https://m.media-amazon.com/images/M/MV5BMTQ3YmQ4YzMtOTkyZC00YmM5LThhZjEtM2E0MjFkNTc0OGJhXkEyXkFqcGc@._V1_SX250.jpg"}}, {"id": "26796E09-432C-419B-AA7C-C2EBA213D96E", "season": 5, "episode": 4, "mediaItem": {"id": "tt0773262", "name": "Dexter", "type": "series", "poster": "https://m.media-amazon.com/images/M/MV5BMTQ3YmQ4YzMtOTkyZC00YmM5LThhZjEtM2E0MjFkNTc0OGJhXkEyXkFqcGc@._V1_SX250.jpg"}}, {"id": "31808A62-8C0B-4DF3-B1BF-860FC4B73C9B", "season": 5, "episode": 5, "mediaItem": {"id": "tt0773262", "name": "Dexter", "type": "series", "poster": "https://m.media-amazon.com/images/M/MV5BMTQ3YmQ4YzMtOTkyZC00YmM5LThhZjEtM2E0MjFkNTc0OGJhXkEyXkFqcGc@._V1_SX250.jpg"}}, {"id": "CDBC9894-74AD-480C-BBEC-D87350BA0704", "season": 5, "episode": 6, "mediaItem": {"id": "tt0773262", "name": "Dexter", "type": "series", "poster": "https://m.media-amazon.com/images/M/MV5BMTQ3YmQ4YzMtOTkyZC00YmM5LThhZjEtM2E0MjFkNTc0OGJhXkEyXkFqcGc@._V1_SX250.jpg"}}, {"id": "85A03E82-56A7-436C-B584-3A62258F9B67", "season": 5, "episode": 7, "mediaItem": {"id": "tt0773262", "name": "Dexter", "type": "series", "poster": "https://m.media-amazon.com/images/M/MV5BMTQ3YmQ4YzMtOTkyZC00YmM5LThhZjEtM2E0MjFkNTc0OGJhXkEyXkFqcGc@._V1_SX250.jpg"}}, {"id": "5DC64A9B-1E1F-44E4-AC94-8C897E227D29", "season": 5, "episode": 8, "mediaItem": {"id": "tt0773262", "name": "Dexter", "type": "series", "poster": "https://m.media-amazon.com/images/M/MV5BMTQ3YmQ4YzMtOTkyZC00YmM5LThhZjEtM2E0MjFkNTc0OGJhXkEyXkFqcGc@._V1_SX250.jpg"}}, {"id": "F4562D42-3275-4379-9F76-D6FB908BE84F", "season": 5, "episode": 9, "mediaItem": {"id": "tt0773262", "name": "Dexter", "type": "series", "poster": "https://m.media-amazon.com/images/M/MV5BMTQ3YmQ4YzMtOTkyZC00YmM5LThhZjEtM2E0MjFkNTc0OGJhXkEyXkFqcGc@._V1_SX250.jpg"}}, {"id": "765BEFEF-AEB6-4BFE-8C62-77E9DB8D4040", "season": 5, "episode": 10, "mediaItem": {"id": "tt0773262", "name": "Dexter", "type": "series", "poster": "https://m.media-amazon.com/images/M/MV5BMTQ3YmQ4YzMtOTkyZC00YmM5LThhZjEtM2E0MjFkNTc0OGJhXkEyXkFqcGc@._V1_SX250.jpg"}}, {"id": "323F5080-C926-4842-B88E-167D5785FC32", "season": 5, "episode": 11, "mediaItem": {"id": "tt0773262", "name": "Dexter", "type": "series", "poster": "https://m.media-amazon.com/images/M/MV5BMTQ3YmQ4YzMtOTkyZC00YmM5LThhZjEtM2E0MjFkNTc0OGJhXkEyXkFqcGc@._V1_SX250.jpg"}}, {"id": "474B73D2-FB6B-4C07-B30B-B4654124436B", "season": 5, "episode": 12, "mediaItem": {"id": "tt0773262", "name": "Dexter", "type": "series", "poster": "https://m.media-amazon.com/images/M/MV5BMTQ3YmQ4YzMtOTkyZC00YmM5LThhZjEtM2E0MjFkNTc0OGJhXkEyXkFqcGc@._V1_SX250.jpg"}}],"subtitle_url":null}]
✅ Lobby: Synced playlist with 12 items
✅ Lobby: Synced playlist index to 1
✅ Lobby: Synced stream info & playlist to AppState
✅ Lobby: Synced Initial Metadata -> Dexter
🔍 Supabase Response for /rooms: [{"id":"LGG3","name":"Dexter","host_user_id":"656daa91-33b4-4688-9135-c982ea52d7c9","host_username":"ursinho","stream_hash":null,"imdb_id":"tt0773262","poster_url":"https://images.metahub.space/poster/small/tt0773262/img","backdrop_url":"https://images.metahub.space/background/medium/tt0773262/img","playback_position":0,"is_playing":false,"participants_count":2,"max_participants":50,"is_public":true,"created_at":"2025-12-23T16:57:46.773918","last_activity":"2025-12-23T16:59:33","season":5,"episode":2,"selected_quality":"1080p","selected_file_idx":null,"unlocked_stream_url":"https://chi4-4.download.real-debrid.com/d/ZCN6RPCCFMAPO123/Dexter.S05E01.My.Bad.1080p.TrueHD.5.1.AVC.REMUX-FraMeSToR.mkv","description":null,"current_playlist_index":1,"playlist":[{"id": "55EB824E-268B-438A-BB0B-368078D3E3F3", "season": 5, "episode": 1, "mediaItem": {"id": "tt0773262", "logo": "https://images.metahub.space/logo/medium/tt0773262/img", "name": "Dexter", "type": "series", "year": "2006–2013", "genres": ["Crime", "Drama", "Mystery"], "poster": "https://images.metahub.space/poster/small/tt0773262/img", "runtime": "53 min", "background": "https://images.metahub.space/background/medium/tt0773262/img", "imdbRating": "8.6", "description": "He's smart. He's lovable. He's Dexter Morgan, America's favorite serial killer, who spends his days solving crimes and his nights committing them.", "releaseInfo": "2006–2013"}}, {"id": "6C2916D8-5983-48A8-879A-F4A01DFB1A13", "season": 5, "episode": 2, "mediaItem": {"id": "tt0773262", "name": "Dexter", "type": "series", "poster": "https://m.media-amazon.com/images/M/MV5BMTQ3YmQ4YzMtOTkyZC00YmM5LThhZjEtM2E0MjFkNTc0OGJhXkEyXkFqcGc@._V1_SX250.jpg"}}, {"id": "95A0B67E-472C-4CB6-B646-ECEA69FCF911", "season": 5, "episode": 3, "mediaItem": {"id": "tt0773262", "name": "Dexter", "type": "series", "poster": "https://m.media-amazon.com/images/M/MV5BMTQ3YmQ4YzMtOTkyZC00YmM5LThhZjEtM2E0MjFkNTc0OGJhXkEyXkFqcGc@._V1_SX250.jpg"}}, {"id": "26796E09-432C-419B-AA7C-C2EBA213D96E", "season": 5, "episode": 4, "mediaItem": {"id": "tt0773262", "name": "Dexter", "type": "series", "poster": "https://m.media-amazon.com/images/M/MV5BMTQ3YmQ4YzMtOTkyZC00YmM5LThhZjEtM2E0MjFkNTc0OGJhXkEyXkFqcGc@._V1_SX250.jpg"}}, {"id": "31808A62-8C0B-4DF3-B1BF-860FC4B73C9B", "season": 5, "episode": 5, "mediaItem": {"id": "tt0773262", "name": "Dexter", "type": "series", "poster": "https://m.media-amazon.com/images/M/MV5BMTQ3YmQ4YzMtOTkyZC00YmM5LThhZjEtM2E0MjFkNTc0OGJhXkEyXkFqcGc@._V1_SX250.jpg"}}, {"id": "CDBC9894-74AD-480C-BBEC-D87350BA0704", "season": 5, "episode": 6, "mediaItem": {"id": "tt0773262", "name": "Dexter", "type": "series", "poster": "https://m.media-amazon.com/images/M/MV5BMTQ3YmQ4YzMtOTkyZC00YmM5LThhZjEtM2E0MjFkNTc0OGJhXkEyXkFqcGc@._V1_SX250.jpg"}}, {"id": "85A03E82-56A7-436C-B584-3A62258F9B67", "season": 5, "episode": 7, "mediaItem": {"id": "tt0773262", "name": "Dexter", "type": "series", "poster": "https://m.media-amazon.com/images/M/MV5BMTQ3YmQ4YzMtOTkyZC00YmM5LThhZjEtM2E0MjFkNTc0OGJhXkEyXkFqcGc@._V1_SX250.jpg"}}, {"id": "5DC64A9B-1E1F-44E4-AC94-8C897E227D29", "season": 5, "episode": 8, "mediaItem": {"id": "tt0773262", "name": "Dexter", "type": "series", "poster": "https://m.media-amazon.com/images/M/MV5BMTQ3YmQ4YzMtOTkyZC00YmM5LThhZjEtM2E0MjFkNTc0OGJhXkEyXkFqcGc@._V1_SX250.jpg"}}, {"id": "F4562D42-3275-4379-9F76-D6FB908BE84F", "season": 5, "episode": 9, "mediaItem": {"id": "tt0773262", "name": "Dexter", "type": "series", "poster": "https://m.media-amazon.com/images/M/MV5BMTQ3YmQ4YzMtOTkyZC00YmM5LThhZjEtM2E0MjFkNTc0OGJhXkEyXkFqcGc@._V1_SX250.jpg"}}, {"id": "765BEFEF-AEB6-4BFE-8C62-77E9DB8D4040", "season": 5, "episode": 10, "mediaItem": {"id": "tt0773262", "name": "Dexter", "type": "series", "poster": "https://m.media-amazon.com/images/M/MV5BMTQ3YmQ4YzMtOTkyZC00YmM5LThhZjEtM2E0MjFkNTc0OGJhXkEyXkFqcGc@._V1_SX250.jpg"}}, {"id": "323F5080-C926-4842-B88E-167D5785FC32", "season": 5, "episode": 11, "mediaItem": {"id": "tt0773262", "name": "Dexter", "type": "series", "poster": "https://m.media-amazon.com/images/M/MV5BMTQ3YmQ4YzMtOTkyZC00YmM5LThhZjEtM2E0MjFkNTc0OGJhXkEyXkFqcGc@._V1_SX250.jpg"}}, {"id": "474B73D2-FB6B-4C07-B30B-B4654124436B", "season": 5, "episode": 12, "mediaItem": {"id": "tt0773262", "name": "Dexter", "type": "series", "poster": "https://m.media-amazon.com/images/M/MV5BMTQ3YmQ4YzMtOTkyZC00YmM5LThhZjEtM2E0MjFkNTc0OGJhXkEyXkFqcGc@._V1_SX250.jpg"}}],"subtitle_url":null}]
🔍 Supabase Response for /rooms: [{"id":"LGG3","name":"Dexter","host_user_id":"656daa91-33b4-4688-9135-c982ea52d7c9","host_username":"ursinho","stream_hash":null,"imdb_id":"tt0773262","poster_url":"https://images.metahub.space/poster/small/tt0773262/img","backdrop_url":"https://images.metahub.space/background/medium/tt0773262/img","playback_position":0,"is_playing":false,"participants_count":2,"max_participants":50,"is_public":true,"created_at":"2025-12-23T16:57:46.773918","last_activity":"2025-12-23T16:59:33","season":5,"episode":2,"selected_quality":"1080p","selected_file_idx":null,"unlocked_stream_url":"https://chi4-4.download.real-debrid.com/d/ZCN6RPCCFMAPO123/Dexter.S05E01.My.Bad.1080p.TrueHD.5.1.AVC.REMUX-FraMeSToR.mkv","description":null,"current_playlist_index":1,"playlist":[{"id": "55EB824E-268B-438A-BB0B-368078D3E3F3", "season": 5, "episode": 1, "mediaItem": {"id": "tt0773262", "logo": "https://images.metahub.space/logo/medium/tt0773262/img", "name": "Dexter", "type": "series", "year": "2006–2013", "genres": ["Crime", "Drama", "Mystery"], "poster": "https://images.metahub.space/poster/small/tt0773262/img", "runtime": "53 min", "background": "https://images.metahub.space/background/medium/tt0773262/img", "imdbRating": "8.6", "description": "He's smart. He's lovable. He's Dexter Morgan, America's favorite serial killer, who spends his days solving crimes and his nights committing them.", "releaseInfo": "2006–2013"}}, {"id": "6C2916D8-5983-48A8-879A-F4A01DFB1A13", "season": 5, "episode": 2, "mediaItem": {"id": "tt0773262", "name": "Dexter", "type": "series", "poster": "https://m.media-amazon.com/images/M/MV5BMTQ3YmQ4YzMtOTkyZC00YmM5LThhZjEtM2E0MjFkNTc0OGJhXkEyXkFqcGc@._V1_SX250.jpg"}}, {"id": "95A0B67E-472C-4CB6-B646-ECEA69FCF911", "season": 5, "episode": 3, "mediaItem": {"id": "tt0773262", "name": "Dexter", "type": "series", "poster": "https://m.media-amazon.com/images/M/MV5BMTQ3YmQ4YzMtOTkyZC00YmM5LThhZjEtM2E0MjFkNTc0OGJhXkEyXkFqcGc@._V1_SX250.jpg"}}, {"id": "26796E09-432C-419B-AA7C-C2EBA213D96E", "season": 5, "episode": 4, "mediaItem": {"id": "tt0773262", "name": "Dexter", "type": "series", "poster": "https://m.media-amazon.com/images/M/MV5BMTQ3YmQ4YzMtOTkyZC00YmM5LThhZjEtM2E0MjFkNTc0OGJhXkEyXkFqcGc@._V1_SX250.jpg"}}, {"id": "31808A62-8C0B-4DF3-B1BF-860FC4B73C9B", "season": 5, "episode": 5, "mediaItem": {"id": "tt0773262", "name": "Dexter", "type": "series", "poster": "https://m.media-amazon.com/images/M/MV5BMTQ3YmQ4YzMtOTkyZC00YmM5LThhZjEtM2E0MjFkNTc0OGJhXkEyXkFqcGc@._V1_SX250.jpg"}}, {"id": "CDBC9894-74AD-480C-BBEC-D87350BA0704", "season": 5, "episode": 6, "mediaItem": {"id": "tt0773262", "name": "Dexter", "type": "series", "poster": "https://m.media-amazon.com/images/M/MV5BMTQ3YmQ4YzMtOTkyZC00YmM5LThhZjEtM2E0MjFkNTc0OGJhXkEyXkFqcGc@._V1_SX250.jpg"}}, {"id": "85A03E82-56A7-436C-B584-3A62258F9B67", "season": 5, "episode": 7, "mediaItem": {"id": "tt0773262", "name": "Dexter", "type": "series", "poster": "https://m.media-amazon.com/images/M/MV5BMTQ3YmQ4YzMtOTkyZC00YmM5LThhZjEtM2E0MjFkNTc0OGJhXkEyXkFqcGc@._V1_SX250.jpg"}}, {"id": "5DC64A9B-1E1F-44E4-AC94-8C897E227D29", "season": 5, "episode": 8, "mediaItem": {"id": "tt0773262", "name": "Dexter", "type": "series", "poster": "https://m.media-amazon.com/images/M/MV5BMTQ3YmQ4YzMtOTkyZC00YmM5LThhZjEtM2E0MjFkNTc0OGJhXkEyXkFqcGc@._V1_SX250.jpg"}}, {"id": "F4562D42-3275-4379-9F76-D6FB908BE84F", "season": 5, "episode": 9, "mediaItem": {"id": "tt0773262", "name": "Dexter", "type": "series", "poster": "https://m.media-amazon.com/images/M/MV5BMTQ3YmQ4YzMtOTkyZC00YmM5LThhZjEtM2E0MjFkNTc0OGJhXkEyXkFqcGc@._V1_SX250.jpg"}}, {"id": "765BEFEF-AEB6-4BFE-8C62-77E9DB8D4040", "season": 5, "episode": 10, "mediaItem": {"id": "tt0773262", "name": "Dexter", "type": "series", "poster": "https://m.media-amazon.com/images/M/MV5BMTQ3YmQ4YzMtOTkyZC00YmM5LThhZjEtM2E0MjFkNTc0OGJhXkEyXkFqcGc@._V1_SX250.jpg"}}, {"id": "323F5080-C926-4842-B88E-167D5785FC32", "season": 5, "episode": 11, "mediaItem": {"id": "tt0773262", "name": "Dexter", "type": "series", "poster": "https://m.media-amazon.com/images/M/MV5BMTQ3YmQ4YzMtOTkyZC00YmM5LThhZjEtM2E0MjFkNTc0OGJhXkEyXkFqcGc@._V1_SX250.jpg"}}, {"id": "474B73D2-FB6B-4C07-B30B-B4654124436B", "season": 5, "episode": 12, "mediaItem": {"id": "tt0773262", "name": "Dexter", "type": "series", "poster": "https://m.media-amazon.com/images/M/MV5BMTQ3YmQ4YzMtOTkyZC00YmM5LThhZjEtM2E0MjFkNTc0OGJhXkEyXkFqcGc@._V1_SX250.jpg"}}],"subtitle_url":null}]
🔍 Supabase Response for /rooms: [{"id":"LGG3","name":"Dexter","host_user_id":"656daa91-33b4-4688-9135-c982ea52d7c9","host_username":"ursinho","stream_hash":null,"imdb_id":"tt0773262","poster_url":"https://images.metahub.space/poster/small/tt0773262/img","backdrop_url":"https://images.metahub.space/background/medium/tt0773262/img","playback_position":0,"is_playing":false,"participants_count":2,"max_participants":50,"is_public":true,"created_at":"2025-12-23T16:57:46.773918","last_activity":"2025-12-23T16:59:33","season":5,"episode":2,"selected_quality":"1080p","selected_file_idx":null,"unlocked_stream_url":"https://chi4-4.download.real-debrid.com/d/ZCN6RPCCFMAPO123/Dexter.S05E01.My.Bad.1080p.TrueHD.5.1.AVC.REMUX-FraMeSToR.mkv","description":null,"current_playlist_index":1,"playlist":[{"id": "55EB824E-268B-438A-BB0B-368078D3E3F3", "season": 5, "episode": 1, "mediaItem": {"id": "tt0773262", "logo": "https://images.metahub.space/logo/medium/tt0773262/img", "name": "Dexter", "type": "series", "year": "2006–2013", "genres": ["Crime", "Drama", "Mystery"], "poster": "https://images.metahub.space/poster/small/tt0773262/img", "runtime": "53 min", "background": "https://images.metahub.space/background/medium/tt0773262/img", "imdbRating": "8.6", "description": "He's smart. He's lovable. He's Dexter Morgan, America's favorite serial killer, who spends his days solving crimes and his nights committing them.", "releaseInfo": "2006–2013"}}, {"id": "6C2916D8-5983-48A8-879A-F4A01DFB1A13", "season": 5, "episode": 2, "mediaItem": {"id": "tt0773262", "name": "Dexter", "type": "series", "poster": "https://m.media-amazon.com/images/M/MV5BMTQ3YmQ4YzMtOTkyZC00YmM5LThhZjEtM2E0MjFkNTc0OGJhXkEyXkFqcGc@._V1_SX250.jpg"}}, {"id": "95A0B67E-472C-4CB6-B646-ECEA69FCF911", "season": 5, "episode": 3, "mediaItem": {"id": "tt0773262", "name": "Dexter", "type": "series", "poster": "https://m.media-amazon.com/images/M/MV5BMTQ3YmQ4YzMtOTkyZC00YmM5LThhZjEtM2E0MjFkNTc0OGJhXkEyXkFqcGc@._V1_SX250.jpg"}}, {"id": "26796E09-432C-419B-AA7C-C2EBA213D96E", "season": 5, "episode": 4, "mediaItem": {"id": "tt0773262", "name": "Dexter", "type": "series", "poster": "https://m.media-amazon.com/images/M/MV5BMTQ3YmQ4YzMtOTkyZC00YmM5LThhZjEtM2E0MjFkNTc0OGJhXkEyXkFqcGc@._V1_SX250.jpg"}}, {"id": "31808A62-8C0B-4DF3-B1BF-860FC4B73C9B", "season": 5, "episode": 5, "mediaItem": {"id": "tt0773262", "name": "Dexter", "type": "series", "poster": "https://m.media-amazon.com/images/M/MV5BMTQ3YmQ4YzMtOTkyZC00YmM5LThhZjEtM2E0MjFkNTc0OGJhXkEyXkFqcGc@._V1_SX250.jpg"}}, {"id": "CDBC9894-74AD-480C-BBEC-D87350BA0704", "season": 5, "episode": 6, "mediaItem": {"id": "tt0773262", "name": "Dexter", "type": "series", "poster": "https://m.media-amazon.com/images/M/MV5BMTQ3YmQ4YzMtOTkyZC00YmM5LThhZjEtM2E0MjFkNTc0OGJhXkEyXkFqcGc@._V1_SX250.jpg"}}, {"id": "85A03E82-56A7-436C-B584-3A62258F9B67", "season": 5, "episode": 7, "mediaItem": {"id": "tt0773262", "name": "Dexter", "type": "series", "poster": "https://m.media-amazon.com/images/M/MV5BMTQ3YmQ4YzMtOTkyZC00YmM5LThhZjEtM2E0MjFkNTc0OGJhXkEyXkFqcGc@._V1_SX250.jpg"}}, {"id": "5DC64A9B-1E1F-44E4-AC94-8C897E227D29", "season": 5, "episode": 8, "mediaItem": {"id": "tt0773262", "name": "Dexter", "type": "series", "poster": "https://m.media-amazon.com/images/M/MV5BMTQ3YmQ4YzMtOTkyZC00YmM5LThhZjEtM2E0MjFkNTc0OGJhXkEyXkFqcGc@._V1_SX250.jpg"}}, {"id": "F4562D42-3275-4379-9F76-D6FB908BE84F", "season": 5, "episode": 9, "mediaItem": {"id": "tt0773262", "name": "Dexter", "type": "series", "poster": "https://m.media-amazon.com/images/M/MV5BMTQ3YmQ4YzMtOTkyZC00YmM5LThhZjEtM2E0MjFkNTc0OGJhXkEyXkFqcGc@._V1_SX250.jpg"}}, {"id": "765BEFEF-AEB6-4BFE-8C62-77E9DB8D4040", "season": 5, "episode": 10, "mediaItem": {"id": "tt0773262", "name": "Dexter", "type": "series", "poster": "https://m.media-amazon.com/images/M/MV5BMTQ3YmQ4YzMtOTkyZC00YmM5LThhZjEtM2E0MjFkNTc0OGJhXkEyXkFqcGc@._V1_SX250.jpg"}}, {"id": "323F5080-C926-4842-B88E-167D5785FC32", "season": 5, "episode": 11, "mediaItem": {"id": "tt0773262", "name": "Dexter", "type": "series", "poster": "https://m.media-amazon.com/images/M/MV5BMTQ3YmQ4YzMtOTkyZC00YmM5LThhZjEtM2E0MjFkNTc0OGJhXkEyXkFqcGc@._V1_SX250.jpg"}}, {"id": "474B73D2-FB6B-4C07-B30B-B4654124436B", "season": 5, "episode": 12, "mediaItem": {"id": "tt0773262", "name": "Dexter", "type": "series", "poster": "https://m.media-amazon.com/images/M/MV5BMTQ3YmQ4YzMtOTkyZC00YmM5LThhZjEtM2E0MjFkNTc0OGJhXkEyXkFqcGc@._V1_SX250.jpg"}}],"subtitle_url":null}]
🔍 Supabase Response for /rooms: [{"id":"LGG3","name":"Dexter","host_user_id":"656daa91-33b4-4688-9135-c982ea52d7c9","host_username":"ursinho","stream_hash":null,"imdb_id":"tt0773262","poster_url":"https://images.metahub.space/poster/small/tt0773262/img","backdrop_url":"https://images.metahub.space/background/medium/tt0773262/img","playback_position":0,"is_playing":false,"participants_count":2,"max_participants":50,"is_public":true,"created_at":"2025-12-23T16:57:46.773918","last_activity":"2025-12-23T16:59:33","season":5,"episode":2,"selected_quality":"1080p","selected_file_idx":null,"unlocked_stream_url":"https://chi4-4.download.real-debrid.com/d/ZCN6RPCCFMAPO123/Dexter.S05E01.My.Bad.1080p.TrueHD.5.1.AVC.REMUX-FraMeSToR.mkv","description":null,"current_playlist_index":1,"playlist":[{"id": "55EB824E-268B-438A-BB0B-368078D3E3F3", "season": 5, "episode": 1, "mediaItem": {"id": "tt0773262", "logo": "https://images.metahub.space/logo/medium/tt0773262/img", "name": "Dexter", "type": "series", "year": "2006–2013", "genres": ["Crime", "Drama", "Mystery"], "poster": "https://images.metahub.space/poster/small/tt0773262/img", "runtime": "53 min", "background": "https://images.metahub.space/background/medium/tt0773262/img", "imdbRating": "8.6", "description": "He's smart. He's lovable. He's Dexter Morgan, America's favorite serial killer, who spends his days solving crimes and his nights committing them.", "releaseInfo": "2006–2013"}}, {"id": "6C2916D8-5983-48A8-879A-F4A01DFB1A13", "season": 5, "episode": 2, "mediaItem": {"id": "tt0773262", "name": "Dexter", "type": "series", "poster": "https://m.media-amazon.com/images/M/MV5BMTQ3YmQ4YzMtOTkyZC00YmM5LThhZjEtM2E0MjFkNTc0OGJhXkEyXkFqcGc@._V1_SX250.jpg"}}, {"id": "95A0B67E-472C-4CB6-B646-ECEA69FCF911", "season": 5, "episode": 3, "mediaItem": {"id": "tt0773262", "name": "Dexter", "type": "series", "poster": "https://m.media-amazon.com/images/M/MV5BMTQ3YmQ4YzMtOTkyZC00YmM5LThhZjEtM2E0MjFkNTc0OGJhXkEyXkFqcGc@._V1_SX250.jpg"}}, {"id": "26796E09-432C-419B-AA7C-C2EBA213D96E", "season": 5, "episode": 4, "mediaItem": {"id": "tt0773262", "name": "Dexter", "type": "series", "poster": "https://m.media-amazon.com/images/M/MV5BMTQ3YmQ4YzMtOTkyZC00YmM5LThhZjEtM2E0MjFkNTc0OGJhXkEyXkFqcGc@._V1_SX250.jpg"}}, {"id": "31808A62-8C0B-4DF3-B1BF-860FC4B73C9B", "season": 5, "episode": 5, "mediaItem": {"id": "tt0773262", "name": "Dexter", "type": "series", "poster": "https://m.media-amazon.com/images/M/MV5BMTQ3YmQ4YzMtOTkyZC00YmM5LThhZjEtM2E0MjFkNTc0OGJhXkEyXkFqcGc@._V1_SX250.jpg"}}, {"id": "CDBC9894-74AD-480C-BBEC-D87350BA0704", "season": 5, "episode": 6, "mediaItem": {"id": "tt0773262", "name": "Dexter", "type": "series", "poster": "https://m.media-amazon.com/images/M/MV5BMTQ3YmQ4YzMtOTkyZC00YmM5LThhZjEtM2E0MjFkNTc0OGJhXkEyXkFqcGc@._V1_SX250.jpg"}}, {"id": "85A03E82-56A7-436C-B584-3A62258F9B67", "season": 5, "episode": 7, "mediaItem": {"id": "tt0773262", "name": "Dexter", "type": "series", "poster": "https://m.media-amazon.com/images/M/MV5BMTQ3YmQ4YzMtOTkyZC00YmM5LThhZjEtM2E0MjFkNTc0OGJhXkEyXkFqcGc@._V1_SX250.jpg"}}, {"id": "5DC64A9B-1E1F-44E4-AC94-8C897E227D29", "season": 5, "episode": 8, "mediaItem": {"id": "tt0773262", "name": "Dexter", "type": "series", "poster": "https://m.media-amazon.com/images/M/MV5BMTQ3YmQ4YzMtOTkyZC00YmM5LThhZjEtM2E0MjFkNTc0OGJhXkEyXkFqcGc@._V1_SX250.jpg"}}, {"id": "F4562D42-3275-4379-9F76-D6FB908BE84F", "season": 5, "episode": 9, "mediaItem": {"id": "tt0773262", "name": "Dexter", "type": "series", "poster": "https://m.media-amazon.com/images/M/MV5BMTQ3YmQ4YzMtOTkyZC00YmM5LThhZjEtM2E0MjFkNTc0OGJhXkEyXkFqcGc@._V1_SX250.jpg"}}, {"id": "765BEFEF-AEB6-4BFE-8C62-77E9DB8D4040", "season": 5, "episode": 10, "mediaItem": {"id": "tt0773262", "name": "Dexter", "type": "series", "poster": "https://m.media-amazon.com/images/M/MV5BMTQ3YmQ4YzMtOTkyZC00YmM5LThhZjEtM2E0MjFkNTc0OGJhXkEyXkFqcGc@._V1_SX250.jpg"}}, {"id": "323F5080-C926-4842-B88E-167D5785FC32", "season": 5, "episode": 11, "mediaItem": {"id": "tt0773262", "name": "Dexter", "type": "series", "poster": "https://m.media-amazon.com/images/M/MV5BMTQ3YmQ4YzMtOTkyZC00YmM5LThhZjEtM2E0MjFkNTc0OGJhXkEyXkFqcGc@._V1_SX250.jpg"}}, {"id": "474B73D2-FB6B-4C07-B30B-B4654124436B", "season": 5, "episode": 12, "mediaItem": {"id": "tt0773262", "name": "Dexter", "type": "series", "poster": "https://m.media-amazon.com/images/M/MV5BMTQ3YmQ4YzMtOTkyZC00YmM5LThhZjEtM2E0MjFkNTc0OGJhXkEyXkFqcGc@._V1_SX250.jpg"}}],"subtitle_url":null}]
🔍 Supabase Response for /rooms: [{"id":"LGG3","name":"Dexter","host_user_id":"656daa91-33b4-4688-9135-c982ea52d7c9","host_username":"ursinho","stream_hash":null,"imdb_id":"tt0773262","poster_url":"https://images.metahub.space/poster/small/tt0773262/img","backdrop_url":"https://images.metahub.space/background/medium/tt0773262/img","playback_position":0,"is_playing":false,"participants_count":2,"max_participants":50,"is_public":true,"created_at":"2025-12-23T16:57:46.773918","last_activity":"2025-12-23T16:59:33","season":5,"episode":2,"selected_quality":"1080p","selected_file_idx":null,"unlocked_stream_url":"https://chi4-4.download.real-debrid.com/d/ZCN6RPCCFMAPO123/Dexter.S05E01.My.Bad.1080p.TrueHD.5.1.AVC.REMUX-FraMeSToR.mkv","description":null,"current_playlist_index":1,"playlist":[{"id": "55EB824E-268B-438A-BB0B-368078D3E3F3", "season": 5, "episode": 1, "mediaItem": {"id": "tt0773262", "logo": "https://images.metahub.space/logo/medium/tt0773262/img", "name": "Dexter", "type": "series", "year": "2006–2013", "genres": ["Crime", "Drama", "Mystery"], "poster": "https://images.metahub.space/poster/small/tt0773262/img", "runtime": "53 min", "background": "https://images.metahub.space/background/medium/tt0773262/img", "imdbRating": "8.6", "description": "He's smart. He's lovable. He's Dexter Morgan, America's favorite serial killer, who spends his days solving crimes and his nights committing them.", "releaseInfo": "2006–2013"}}, {"id": "6C2916D8-5983-48A8-879A-F4A01DFB1A13", "season": 5, "episode": 2, "mediaItem": {"id": "tt0773262", "name": "Dexter", "type": "series", "poster": "https://m.media-amazon.com/images/M/MV5BMTQ3YmQ4YzMtOTkyZC00YmM5LThhZjEtM2E0MjFkNTc0OGJhXkEyXkFqcGc@._V1_SX250.jpg"}}, {"id": "95A0B67E-472C-4CB6-B646-ECEA69FCF911", "season": 5, "episode": 3, "mediaItem": {"id": "tt0773262", "name": "Dexter", "type": "series", "poster": "https://m.media-amazon.com/images/M/MV5BMTQ3YmQ4YzMtOTkyZC00YmM5LThhZjEtM2E0MjFkNTc0OGJhXkEyXkFqcGc@._V1_SX250.jpg"}}, {"id": "26796E09-432C-419B-AA7C-C2EBA213D96E", "season": 5, "episode": 4, "mediaItem": {"id": "tt0773262", "name": "Dexter", "type": "series", "poster": "https://m.media-amazon.com/images/M/MV5BMTQ3YmQ4YzMtOTkyZC00YmM5LThhZjEtM2E0MjFkNTc0OGJhXkEyXkFqcGc@._V1_SX250.jpg"}}, {"id": "31808A62-8C0B-4DF3-B1BF-860FC4B73C9B", "season": 5, "episode": 5, "mediaItem": {"id": "tt0773262", "name": "Dexter", "type": "series", "poster": "https://m.media-amazon.com/images/M/MV5BMTQ3YmQ4YzMtOTkyZC00YmM5LThhZjEtM2E0MjFkNTc0OGJhXkEyXkFqcGc@._V1_SX250.jpg"}}, {"id": "CDBC9894-74AD-480C-BBEC-D87350BA0704", "season": 5, "episode": 6, "mediaItem": {"id": "tt0773262", "name": "Dexter", "type": "series", "poster": "https://m.media-amazon.com/images/M/MV5BMTQ3YmQ4YzMtOTkyZC00YmM5LThhZjEtM2E0MjFkNTc0OGJhXkEyXkFqcGc@._V1_SX250.jpg"}}, {"id": "85A03E82-56A7-436C-B584-3A62258F9B67", "season": 5, "episode": 7, "mediaItem": {"id": "tt0773262", "name": "Dexter", "type": "series", "poster": "https://m.media-amazon.com/images/M/MV5BMTQ3YmQ4YzMtOTkyZC00YmM5LThhZjEtM2E0MjFkNTc0OGJhXkEyXkFqcGc@._V1_SX250.jpg"}}, {"id": "5DC64A9B-1E1F-44E4-AC94-8C897E227D29", "season": 5, "episode": 8, "mediaItem": {"id": "tt0773262", "name": "Dexter", "type": "series", "poster": "https://m.media-amazon.com/images/M/MV5BMTQ3YmQ4YzMtOTkyZC00YmM5LThhZjEtM2E0MjFkNTc0OGJhXkEyXkFqcGc@._V1_SX250.jpg"}}, {"id": "F4562D42-3275-4379-9F76-D6FB908BE84F", "season": 5, "episode": 9, "mediaItem": {"id": "tt0773262", "name": "Dexter", "type": "series", "poster": "https://m.media-amazon.com/images/M/MV5BMTQ3YmQ4YzMtOTkyZC00YmM5LThhZjEtM2E0MjFkNTc0OGJhXkEyXkFqcGc@._V1_SX250.jpg"}}, {"id": "765BEFEF-AEB6-4BFE-8C62-77E9DB8D4040", "season": 5, "episode": 10, "mediaItem": {"id": "tt0773262", "name": "Dexter", "type": "series", "poster": "https://m.media-amazon.com/images/M/MV5BMTQ3YmQ4YzMtOTkyZC00YmM5LThhZjEtM2E0MjFkNTc0OGJhXkEyXkFqcGc@._V1_SX250.jpg"}}, {"id": "323F5080-C926-4842-B88E-167D5785FC32", "season": 5, "episode": 11, "mediaItem": {"id": "tt0773262", "name": "Dexter", "type": "series", "poster": "https://m.media-amazon.com/images/M/MV5BMTQ3YmQ4YzMtOTkyZC00YmM5LThhZjEtM2E0MjFkNTc0OGJhXkEyXkFqcGc@._V1_SX250.jpg"}}, {"id": "474B73D2-FB6B-4C07-B30B-B4654124436B", "season": 5, "episode": 12, "mediaItem": {"id": "tt0773262", "name": "Dexter", "type": "series", "poster": "https://m.media-amazon.com/images/M/MV5BMTQ3YmQ4YzMtOTkyZC00YmM5LThhZjEtM2E0MjFkNTc0OGJhXkEyXkFqcGc@._V1_SX250.jpg"}}],"subtitle_url":null}]
🔍 Supabase Response for /rooms: [{"id":"LGG3","name":"Dexter","host_user_id":"656daa91-33b4-4688-9135-c982ea52d7c9","host_username":"ursinho","stream_hash":null,"imdb_id":"tt0773262","poster_url":"https://images.metahub.space/poster/small/tt0773262/img","backdrop_url":"https://images.metahub.space/background/medium/tt0773262/img","playback_position":0,"is_playing":false,"participants_count":2,"max_participants":50,"is_public":true,"created_at":"2025-12-23T16:57:46.773918","last_activity":"2025-12-23T16:59:33","season":5,"episode":2,"selected_quality":"1080p","selected_file_idx":null,"unlocked_stream_url":"https://chi4-4.download.real-debrid.com/d/ZCN6RPCCFMAPO123/Dexter.S05E01.My.Bad.1080p.TrueHD.5.1.AVC.REMUX-FraMeSToR.mkv","description":null,"current_playlist_index":1,"playlist":[{"id": "55EB824E-268B-438A-BB0B-368078D3E3F3", "season": 5, "episode": 1, "mediaItem": {"id": "tt0773262", "logo": "https://images.metahub.space/logo/medium/tt0773262/img", "name": "Dexter", "type": "series", "year": "2006–2013", "genres": ["Crime", "Drama", "Mystery"], "poster": "https://images.metahub.space/poster/small/tt0773262/img", "runtime": "53 min", "background": "https://images.metahub.space/background/medium/tt0773262/img", "imdbRating": "8.6", "description": "He's smart. He's lovable. He's Dexter Morgan, America's favorite serial killer, who spends his days solving crimes and his nights committing them.", "releaseInfo": "2006–2013"}}, {"id": "6C2916D8-5983-48A8-879A-F4A01DFB1A13", "season": 5, "episode": 2, "mediaItem": {"id": "tt0773262", "name": "Dexter", "type": "series", "poster": "https://m.media-amazon.com/images/M/MV5BMTQ3YmQ4YzMtOTkyZC00YmM5LThhZjEtM2E0MjFkNTc0OGJhXkEyXkFqcGc@._V1_SX250.jpg"}}, {"id": "95A0B67E-472C-4CB6-B646-ECEA69FCF911", "season": 5, "episode": 3, "mediaItem": {"id": "tt0773262", "name": "Dexter", "type": "series", "poster": "https://m.media-amazon.com/images/M/MV5BMTQ3YmQ4YzMtOTkyZC00YmM5LThhZjEtM2E0MjFkNTc0OGJhXkEyXkFqcGc@._V1_SX250.jpg"}}, {"id": "26796E09-432C-419B-AA7C-C2EBA213D96E", "season": 5, "episode": 4, "mediaItem": {"id": "tt0773262", "name": "Dexter", "type": "series", "poster": "https://m.media-amazon.com/images/M/MV5BMTQ3YmQ4YzMtOTkyZC00YmM5LThhZjEtM2E0MjFkNTc0OGJhXkEyXkFqcGc@._V1_SX250.jpg"}}, {"id": "31808A62-8C0B-4DF3-B1BF-860FC4B73C9B", "season": 5, "episode": 5, "mediaItem": {"id": "tt0773262", "name": "Dexter", "type": "series", "poster": "https://m.media-amazon.com/images/M/MV5BMTQ3YmQ4YzMtOTkyZC00YmM5LThhZjEtM2E0MjFkNTc0OGJhXkEyXkFqcGc@._V1_SX250.jpg"}}, {"id": "CDBC9894-74AD-480C-BBEC-D87350BA0704", "season": 5, "episode": 6, "mediaItem": {"id": "tt0773262", "name": "Dexter", "type": "series", "poster": "https://m.media-amazon.com/images/M/MV5BMTQ3YmQ4YzMtOTkyZC00YmM5LThhZjEtM2E0MjFkNTc0OGJhXkEyXkFqcGc@._V1_SX250.jpg"}}, {"id": "85A03E82-56A7-436C-B584-3A62258F9B67", "season": 5, "episode": 7, "mediaItem": {"id": "tt0773262", "name": "Dexter", "type": "series", "poster": "https://m.media-amazon.com/images/M/MV5BMTQ3YmQ4YzMtOTkyZC00YmM5LThhZjEtM2E0MjFkNTc0OGJhXkEyXkFqcGc@._V1_SX250.jpg"}}, {"id": "5DC64A9B-1E1F-44E4-AC94-8C897E227D29", "season": 5, "episode": 8, "mediaItem": {"id": "tt0773262", "name": "Dexter", "type": "series", "poster": "https://m.media-amazon.com/images/M/MV5BMTQ3YmQ4YzMtOTkyZC00YmM5LThhZjEtM2E0MjFkNTc0OGJhXkEyXkFqcGc@._V1_SX250.jpg"}}, {"id": "F4562D42-3275-4379-9F76-D6FB908BE84F", "season": 5, "episode": 9, "mediaItem": {"id": "tt0773262", "name": "Dexter", "type": "series", "poster": "https://m.media-amazon.com/images/M/MV5BMTQ3YmQ4YzMtOTkyZC00YmM5LThhZjEtM2E0MjFkNTc0OGJhXkEyXkFqcGc@._V1_SX250.jpg"}}, {"id": "765BEFEF-AEB6-4BFE-8C62-77E9DB8D4040", "season": 5, "episode": 10, "mediaItem": {"id": "tt0773262", "name": "Dexter", "type": "series", "poster": "https://m.media-amazon.com/images/M/MV5BMTQ3YmQ4YzMtOTkyZC00YmM5LThhZjEtM2E0MjFkNTc0OGJhXkEyXkFqcGc@._V1_SX250.jpg"}}, {"id": "323F5080-C926-4842-B88E-167D5785FC32", "season": 5, "episode": 11, "mediaItem": {"id": "tt0773262", "name": "Dexter", "type": "series", "poster": "https://m.media-amazon.com/images/M/MV5BMTQ3YmQ4YzMtOTkyZC00YmM5LThhZjEtM2E0MjFkNTc0OGJhXkEyXkFqcGc@._V1_SX250.jpg"}}, {"id": "474B73D2-FB6B-4C07-B30B-B4654124436B", "season": 5, "episode": 12, "mediaItem": {"id": "tt0773262", "name": "Dexter", "type": "series", "poster": "https://m.media-amazon.com/images/M/MV5BMTQ3YmQ4YzMtOTkyZC00YmM5LThhZjEtM2E0MjFkNTc0OGJhXkEyXkFqcGc@._V1_SX250.jpg"}}],"subtitle_url":null}]
🔍 Supabase Response for /rooms: [{"id":"LGG3","name":"Dexter","host_user_id":"656daa91-33b4-4688-9135-c982ea52d7c9","host_username":"ursinho","stream_hash":null,"imdb_id":"tt0773262","poster_url":"https://images.metahub.space/poster/small/tt0773262/img","backdrop_url":"https://images.metahub.space/background/medium/tt0773262/img","playback_position":0,"is_playing":false,"participants_count":2,"max_participants":50,"is_public":true,"created_at":"2025-12-23T16:57:46.773918","last_activity":"2025-12-23T16:59:33","season":5,"episode":2,"selected_quality":"1080p","selected_file_idx":null,"unlocked_stream_url":"https://chi4-4.download.real-debrid.com/d/ZCN6RPCCFMAPO123/Dexter.S05E01.My.Bad.1080p.TrueHD.5.1.AVC.REMUX-FraMeSToR.mkv","description":null,"current_playlist_index":1,"playlist":[{"id": "55EB824E-268B-438A-BB0B-368078D3E3F3", "season": 5, "episode": 1, "mediaItem": {"id": "tt0773262", "logo": "https://images.metahub.space/logo/medium/tt0773262/img", "name": "Dexter", "type": "series", "year": "2006–2013", "genres": ["Crime", "Drama", "Mystery"], "poster": "https://images.metahub.space/poster/small/tt0773262/img", "runtime": "53 min", "background": "https://images.metahub.space/background/medium/tt0773262/img", "imdbRating": "8.6", "description": "He's smart. He's lovable. He's Dexter Morgan, America's favorite serial killer, who spends his days solving crimes and his nights committing them.", "releaseInfo": "2006–2013"}}, {"id": "6C2916D8-5983-48A8-879A-F4A01DFB1A13", "season": 5, "episode": 2, "mediaItem": {"id": "tt0773262", "name": "Dexter", "type": "series", "poster": "https://m.media-amazon.com/images/M/MV5BMTQ3YmQ4YzMtOTkyZC00YmM5LThhZjEtM2E0MjFkNTc0OGJhXkEyXkFqcGc@._V1_SX250.jpg"}}, {"id": "95A0B67E-472C-4CB6-B646-ECEA69FCF911", "season": 5, "episode": 3, "mediaItem": {"id": "tt0773262", "name": "Dexter", "type": "series", "poster": "https://m.media-amazon.com/images/M/MV5BMTQ3YmQ4YzMtOTkyZC00YmM5LThhZjEtM2E0MjFkNTc0OGJhXkEyXkFqcGc@._V1_SX250.jpg"}}, {"id": "26796E09-432C-419B-AA7C-C2EBA213D96E", "season": 5, "episode": 4, "mediaItem": {"id": "tt0773262", "name": "Dexter", "type": "series", "poster": "https://m.media-amazon.com/images/M/MV5BMTQ3YmQ4YzMtOTkyZC00YmM5LThhZjEtM2E0MjFkNTc0OGJhXkEyXkFqcGc@._V1_SX250.jpg"}}, {"id": "31808A62-8C0B-4DF3-B1BF-860FC4B73C9B", "season": 5, "episode": 5, "mediaItem": {"id": "tt0773262", "name": "Dexter", "type": "series", "poster": "https://m.media-amazon.com/images/M/MV5BMTQ3YmQ4YzMtOTkyZC00YmM5LThhZjEtM2E0MjFkNTc0OGJhXkEyXkFqcGc@._V1_SX250.jpg"}}, {"id": "CDBC9894-74AD-480C-BBEC-D87350BA0704", "season": 5, "episode": 6, "mediaItem": {"id": "tt0773262", "name": "Dexter", "type": "series", "poster": "https://m.media-amazon.com/images/M/MV5BMTQ3YmQ4YzMtOTkyZC00YmM5LThhZjEtM2E0MjFkNTc0OGJhXkEyXkFqcGc@._V1_SX250.jpg"}}, {"id": "85A03E82-56A7-436C-B584-3A62258F9B67", "season": 5, "episode": 7, "mediaItem": {"id": "tt0773262", "name": "Dexter", "type": "series", "poster": "https://m.media-amazon.com/images/M/MV5BMTQ3YmQ4YzMtOTkyZC00YmM5LThhZjEtM2E0MjFkNTc0OGJhXkEyXkFqcGc@._V1_SX250.jpg"}}, {"id": "5DC64A9B-1E1F-44E4-AC94-8C897E227D29", "season": 5, "episode": 8, "mediaItem": {"id": "tt0773262", "name": "Dexter", "type": "series", "poster": "https://m.media-amazon.com/images/M/MV5BMTQ3YmQ4YzMtOTkyZC00YmM5LThhZjEtM2E0MjFkNTc0OGJhXkEyXkFqcGc@._V1_SX250.jpg"}}, {"id": "F4562D42-3275-4379-9F76-D6FB908BE84F", "season": 5, "episode": 9, "mediaItem": {"id": "tt0773262", "name": "Dexter", "type": "series", "poster": "https://m.media-amazon.com/images/M/MV5BMTQ3YmQ4YzMtOTkyZC00YmM5LThhZjEtM2E0MjFkNTc0OGJhXkEyXkFqcGc@._V1_SX250.jpg"}}, {"id": "765BEFEF-AEB6-4BFE-8C62-77E9DB8D4040", "season": 5, "episode": 10, "mediaItem": {"id": "tt0773262", "name": "Dexter", "type": "series", "poster": "https://m.media-amazon.com/images/M/MV5BMTQ3YmQ4YzMtOTkyZC00YmM5LThhZjEtM2E0MjFkNTc0OGJhXkEyXkFqcGc@._V1_SX250.jpg"}}, {"id": "323F5080-C926-4842-B88E-167D5785FC32", "season": 5, "episode": 11, "mediaItem": {"id": "tt0773262", "name": "Dexter", "type": "series", "poster": "https://m.media-amazon.com/images/M/MV5BMTQ3YmQ4YzMtOTkyZC00YmM5LThhZjEtM2E0MjFkNTc0OGJhXkEyXkFqcGc@._V1_SX250.jpg"}}, {"id": "474B73D2-FB6B-4C07-B30B-B4654124436B", "season": 5, "episode": 12, "mediaItem": {"id": "tt0773262", "name": "Dexter", "type": "series", "poster": "https://m.media-amazon.com/images/M/MV5BMTQ3YmQ4YzMtOTkyZC00YmM5LThhZjEtM2E0MjFkNTc0OGJhXkEyXkFqcGc@._V1_SX250.jpg"}}],"subtitle_url":null}]
✅ Lobby: Synced playlist with 12 items
✅ Lobby: Synced playlist index to 1
✅ Lobby: Synced stream info & playlist to AppState
✅ Lobby: Synced playlist with 12 items
✅ Lobby: Synced playlist index to 1
✅ Lobby: Synced stream info & playlist to AppState
✅ Lobby: Synced playlist with 12 items
✅ Lobby: Synced playlist index to 1
✅ Lobby: Synced stream info & playlist to AppState
✅ Lobby: Synced playlist with 12 items
✅ Lobby: Synced playlist index to 1
✅ Lobby: Synced stream info & playlist to AppState
✅ Lobby: Synced playlist with 12 items
✅ Lobby: Synced playlist index to 1
✅ Lobby: Synced stream info & playlist to AppState
✅ Lobby: Synced playlist with 12 items
✅ Lobby: Synced playlist index to 1
✅ Lobby: Synced stream info & playlist to AppState
✅ Lobby: Synced playlist with 12 items
✅ Lobby: Synced playlist index to 1
✅ Lobby: Synced stream info & playlist to AppState
[ INFO ] GET /api/metadata/meta/series/tt0773262 [request-id: 0DC372B4-6A1E-45F5-B2DD-E54D34D047A2]
2025-12-23 11:59:34.562 RedLemon[7693:68193] 🎬 Host: Starting movie for 2 participants
2025-12-23 11:59:34.693 RedLemon[7693:70510] ✅ StreamService: Using provided metadata: Dexter
2025-12-23 11:59:34.694 RedLemon[7693:70510] ⚡️ StreamService: Resolving streams via StreamResolver (Bypassing HTTP)...
2025-12-23 11:59:34.694 RedLemon[7693:70510] ⚡️ StreamResolver: Resolving streams for tt0773262 (S5E2)
2025-12-23 11:59:34.694 RedLemon[7693:70510]    📅 Filtering by year: 2006–2013
2025-12-23 11:59:34.756 RedLemon[7693:69838] 📦 StreamResolver: Fetching streams from ProviderManager...
2025-12-23 11:59:34.756 RedLemon[7693:69838] 🔍 ProviderManager: Fetching streams for tt0773262...
2025-12-23 11:59:34.757 RedLemon[7693:70510] 🔍 Zilean: Searching for "Dexter"
2025-12-23 11:59:34.757 RedLemon[7693:68769] 📺 Torrentio: Building URL for S05E02
2025-12-23 11:59:34.757 RedLemon[7693:68769] 🔗 Torrentio URL: https://torrentio.strem.fun/realdebrid/K67JV2V4FTUA7RYN6T34BFIUBRUZERBO45A6UL3O7TE5ZHFDQQSA/stream/series/tt0773262:5:2.json
2025-12-23 11:59:34.757 RedLemon[7693:68769] 🔍 Torrentio: Fetching https://torrentio.strem.fun/realdebrid/K67JV2V4FTUA7RYN6T34BFIUBRUZERBO45A6UL3O7TE5ZHFDQQSA/stream/series/tt0773262:5:2.json
2025-12-23 11:59:34.757 RedLemon[7693:70510] 📺 DebridSearch: Building URL for S05E02
2025-12-23 11:59:34.757 RedLemon[7693:70510] 🔗 DebridSearch URL: https://68d69db7dc40-debrid-search.baby-beamup.club/7                     0ebridProvider23A2ealDebrid2                     0ebridApiKey23A222      0/stream/series/tt0773262:5:2.json
2025-12-23 11:59:34.758 RedLemon[7693:70510] 🔍 DebridSearch: Fetching https://68d69db7dc40-debrid-search.baby-beamup.club/7                     0ebridProvider23A2ealDebrid2                     0ebridApiKey23A267JV2V4FTUA7RYN6T34BFIUBRUZERBO45A6UL3O7TE5ZHFDQQSA27D/stream/series/tt0773262:5:2.json
2025-12-23 11:59:34.813 RedLemon[7693:69144] ✅ Zilean: Got 200 results
2025-12-23 11:59:34.817 RedLemon[7693:69144] 🔍 Zilean: Filtered to 30 streams
2025-12-23 11:59:34.928 RedLemon[7693:69838] ❌ Provider torrentio failed: httpError(statusCode: 404)
2025-12-23 11:59:38.690 RedLemon[7693:69505] ⚠️ DebridSearch: Dropping stream with malformed URL (undefined): [FileTracker.pl] Dexter 2006-2013 [S01-S08] [1080p.BluRay.x264-LTN][Lektor PL][Alusia]
/Dexter.S05E02 [1080p.BluRay.x264-LTN][Lektor PL][Alusia].mkv
💾 5.17 GB
2025-12-23 11:59:38.691 RedLemon[7693:69505] ✅ DebridSearch: Parsed 3 streams
2025-12-23 11:59:38.692 RedLemon[7693:69505] ✅ ProviderManager: Fetched 56 raw, returning 56 unique streams
2025-12-23 11:59:38.693 RedLemon[7693:69505] 📦 StreamResolver: Received 56 raw streams, bucketing...
2025-12-23 11:59:40.943 RedLemon[7693:68769] 📥 StreamService: Pre-downloading 5 (capped from 10) subtitles for direct stream...
2025-12-23 11:59:40.943 RedLemon[7693:68769] 🐛 StreamService: downloadSubtitlesInParallel called. Season: Optional(5), Episode: Optional(2), Count: 5
2025-12-23 11:59:40.943 RedLemon[7693:68769] 🔍 DEBUG: Processing subtitle URL: /subtitle/2064301-393991.zip
2025-12-23 11:59:40.943 RedLemon[7693:69505] 🔍 DEBUG: Processing subtitle URL: /subtitle/2064294-370217.zip
2025-12-23 11:59:40.944 RedLemon[7693:68769] ✅ DEBUG: Raw SubDL URL detected, converting to proxy URL
2025-12-23 11:59:40.944 RedLemon[7693:69505] ✅ DEBUG: Raw SubDL URL detected, converting to proxy URL
2025-12-23 11:59:40.944 RedLemon[7693:69144] 🔍 DEBUG: Processing subtitle URL: /subtitle/2064166-575148.zip
2025-12-23 11:59:40.944 RedLemon[7693:70510] 🔍 DEBUG: Processing subtitle URL: /subtitle/2064297-397468.zip
2025-12-23 11:59:40.944 RedLemon[7693:69144] ✅ DEBUG: Raw SubDL URL detected, converting to proxy URL
2025-12-23 11:59:40.944 RedLemon[7693:70510] ✅ DEBUG: Raw SubDL URL detected, converting to proxy URL
2025-12-23 11:59:40.944 RedLemon[7693:69505] 🐛 StreamService: Constructed Proxy URL: http://127.0.0.1:47253/subtitles/subdl/L3N1YnRpdGxlLzIwNjQyOTQtMzcwMjE3LnppcA==?season=5&episode=2&token=FD14A4CF-1F2E-4AE4-A598-4C490441E8AA
2025-12-23 11:59:40.944 RedLemon[7693:68769] 🐛 StreamService: Constructed Proxy URL: http://127.0.0.1:47253/subtitles/subdl/L3N1YnRpdGxlLzIwNjQzMDEtMzkzOTkxLnppcA==?season=5&episode=2&token=FD14A4CF-1F2E-4AE4-A598-4C490441E8AA
2025-12-23 11:59:40.944 RedLemon[7693:69144] 🐛 StreamService: Constructed Proxy URL: http://127.0.0.1:47253/subtitles/subdl/L3N1YnRpdGxlLzIwNjQxNjYtNTc1MTQ4LnppcA==?season=5&episode=2&token=FD14A4CF-1F2E-4AE4-A598-4C490441E8AA
2025-12-23 11:59:40.944 RedLemon[7693:69505] 🔍 DEBUG: Processing subtitle URL: /subtitle/2064164-400563.zip
2025-12-23 11:59:40.944 RedLemon[7693:70510] 🐛 StreamService: Constructed Proxy URL: http://127.0.0.1:47253/subtitles/subdl/L3N1YnRpdGxlLzIwNjQyOTctMzk3NDY4LnppcA==?season=5&episode=2&token=FD14A4CF-1F2E-4AE4-A598-4C490441E8AA
2025-12-23 11:59:40.944 RedLemon[7693:69505] ✅ DEBUG: Raw SubDL URL detected, converting to proxy URL
2025-12-23 11:59:40.945 RedLemon[7693:69505] 🐛 StreamService: Constructed Proxy URL: http://127.0.0.1:47253/subtitles/subdl/L3N1YnRpdGxlLzIwNjQxNjQtNDAwNTYzLnppcA==?season=5&episode=2&token=FD14A4CF-1F2E-4AE4-A598-4C490441E8AA
2025-12-23 11:59:40.946 RedLemon[7693:69505] 📥 StreamService: Pre-downloading 5 (capped from 5) subtitles for direct stream...
2025-12-23 11:59:40.946 RedLemon[7693:69505] 🐛 StreamService: downloadSubtitlesInParallel called. Season: Optional(5), Episode: Optional(2), Count: 5
2025-12-23 11:59:40.946 RedLemon[7693:69505] 🔍 DEBUG: Processing subtitle URL: http://127.0.0.1:47253/subtitles/subdl/L3N1YnRpdGxlLzIwNjQzMDEtMzkzOTkxLnppcA==?season=5&episode=2&token=FD14A4CF-1F2E-4AE4-A598-4C490441E8AA
2025-12-23 11:59:40.946 RedLemon[7693:70510] 🔍 DEBUG: Processing subtitle URL: http://127.0.0.1:47253/subtitles/subdl/L3N1YnRpdGxlLzIwNjQyOTQtMzcwMjE3LnppcA==?season=5&episode=2&token=FD14A4CF-1F2E-4AE4-A598-4C490441E8AA
2025-12-23 11:59:40.946 RedLemon[7693:68769] 🔍 DEBUG: Processing subtitle URL: http://127.0.0.1:47253/subtitles/subdl/L3N1YnRpdGxlLzIwNjQxNjYtNTc1MTQ4LnppcA==?season=5&episode=2&token=FD14A4CF-1F2E-4AE4-A598-4C490441E8AA
2025-12-23 11:59:40.946 RedLemon[7693:70510] ✅ DEBUG: SubDL proxy URL detected, skipping download
2025-12-23 11:59:40.946 RedLemon[7693:69144] 🔍 DEBUG: Processing subtitle URL: http://127.0.0.1:47253/subtitles/subdl/L3N1YnRpdGxlLzIwNjQyOTctMzk3NDY4LnppcA==?season=5&episode=2&token=FD14A4CF-1F2E-4AE4-A598-4C490441E8AA
2025-12-23 11:59:40.946 RedLemon[7693:69505] ✅ DEBUG: SubDL proxy URL detected, skipping download
2025-12-23 11:59:40.946 RedLemon[7693:68769] ✅ DEBUG: SubDL proxy URL detected, skipping download
2025-12-23 11:59:40.946 RedLemon[7693:69144] ✅ DEBUG: SubDL proxy URL detected, skipping download
2025-12-23 11:59:40.947 RedLemon[7693:70510] 🔍 DEBUG: Processing subtitle URL: http://127.0.0.1:47253/subtitles/subdl/L3N1YnRpdGxlLzIwNjQxNjQtNDAwNTYzLnppcA==?season=5&episode=2&token=FD14A4CF-1F2E-4AE4-A598-4C490441E8AA
2025-12-23 11:59:40.947 RedLemon[7693:70510] ✅ DEBUG: SubDL proxy URL detected, skipping download
2025-12-23 11:59:41.063 RedLemon[7693:69505] ✅ Persisted stream selection to room LGG3
2025-12-23 11:59:41.064 RedLemon[7693:68193] ✅ Host: Stream resolved and persisted OK
2025-12-23 11:59:41.094 RedLemon[7693:69505] 📤 Realtime: Sending message type: chat, sender: 656daa91-33b4-4688-9135-c982ea52d7c9
2025-12-23 11:59:41.095 RedLemon[7693:69505]    Payload keys: senderId, position, timestamp, chatText, type, chatUsername
2025-12-23 11:59:41.096 RedLemon[7693:70510] ✅ Realtime: Message broadcast complete
2025-12-23 11:59:41.140 RedLemon[7693:69144] 📨 Realtime: Received broadcast message
2025-12-23 11:59:41.140 RedLemon[7693:69144]    Payload keys: chatUsername, chatText, position, senderId, type, timestamp
2025-12-23 11:59:41.140 RedLemon[7693:69144] ✅ Realtime: Decoded message type: chat, sender: 656daa91-33b4-4688-9135-c982ea52d7c9
2025-12-23 11:59:41.140 RedLemon[7693:69144] 📞 Realtime: Invoking syncCallback for message type: chat
2025-12-23 11:59:41.141 RedLemon[7693:69144] ✅ Realtime: syncCallback invoked successfully
2025-12-23 11:59:41.146 RedLemon[7693:68193] ✅ Host: Successfully broadcast LOBBY_START_COUNTDOWN via Realtime
2025-12-23 11:59:41.146 RedLemon[7693:68193] 📡 Realtime delivery confirmed for 2 guests
🔍 [DEBUG] Creating MediaItem from CinemetaMeta
🔍 [DEBUG] meta.itemId: tt0773262
🔍 [DEBUG] meta.type: series
🔍 [DEBUG] meta.name: Dexter
🔍 [DEBUG] Successfully created MediaItem from meta: Dexter
✅ Lobby: Loaded metadata for Dexter
🎬 Resolving & Persisting stream for Watch Party Room: LGG3
✅ Cache HIT: Metadata[meta_series_tt0773262]
[2025-12-23T16:59:34Z] [INFO] [StreamService.swift:47] 🎬 StreamService: Starting resolution for: Dexter
🎬 StreamService: Resolving series - trusted pack filtering will be applied server-side
✅ Metadata cache hit for tt0773262: Dexter
🔍 Comet: Fetching https://comet.elfhosted.com/eyJkZWJyaWRTZXJ2aWNlIjoicmVhbGRlYnJpZCIsInJlbW92ZVRyYXNoIjp0cnVlLCJkZWJy...
🔍 MediaFusion: Fetching https://mediafusion.elfhosted.com/stream/series/tt0773262:5:2.json
⚠️ MediaFusion: HTTP 418
✅ Comet: Got 23 streams
🔍 Comet: Parsing 23 streams...
✅ Comet: Parsed 23 valid streams
💓 Heartbeat sent
📨 Received: {"ref":"31","event":"phx_reply","payload":{"status":"ok","response":{}},"topic":"phoenix"}
   ⚠️ Year string '2006–2013' could not be parsed; skipping year filter
   🚫 RESOLVER BLOCKING non-English audio: Dexter [S01-08] 1080p WEB-DL H265 [ENG,NapisyPL,Lektor] V4LTO (Audio)
   🚫 RESOLVER BLOCKING non-English audio: [ OxTorrent com ] Dexter S05 FRENCH DVDRiP XViD (Audio)
   🎵 RESOLVER FILTERED audio language: 56 → 54 streams
   📺 Episode filter: 54 → 32 streams
🔍 Searching SubDL: tt0773262 (tv) S05E02
✅ Found 10 subtitles from SubDL (Final)
✅ StreamResolver: Attached best sub for 'Dexter S01-S08 BluRay 1080p Tr...': Dexter.S05E02.HDTV.XviD-FQM...
✅ StreamResolver: Attached best sub for 'Dexter S05E02 2010 WEB-DL 1080...': Dexter.S05E02.HDTV.XviD-FQM...
✅ StreamResolver: Attached best sub for 'Dexter S05 1080p ITA-ENG BluRa...': Dexter.S05E02.HDTV.XviD-FQM...
✅ StreamResolver: Attached best sub for 'Dexter 2006 S05 1080p AMZN WEB...': Dexter.S05E02.HDTV.XviD-FQM...
✅ StreamResolver: Attached best sub for 'Dexter S05 1080p Bluray x265-H...': Dexter.S05E02.HDTV.XviD-FQM...
✅ StreamResolver: Attached best sub for 'Dexter 2006-2013 [S01-S08] [10...': Dexter.S05E02.HDTV.XviD-FQM...
✅ StreamResolver: Attached best sub for '[RD⚡] Comet 2160p...': Dexter.S05E02.HDTV.XviD-FQM...
✅ StreamResolver: Attached best sub for '[RD⚡] Comet 1080p...': Dexter.S05E02.HDTV.XviD-FQM...
✅ StreamResolver: Attached best sub for '[RD⚡] Comet 1080p...': Dexter.S05E02.HDTV.XviD-FQM...
✅ StreamResolver: Attached best sub for '[RD⚡] Comet 1080p...': Dexter.S05E02.HDTV.XviD-FQM...
✅ StreamResolver: Attached best sub for '[RD⚡] Comet 1080p...': Dexter.S05E02.HDTV.XviD-FQM...
✅ StreamResolver: Attached best sub for '[RD⚡] Comet 1080p...': Dexter.S05E02.HDTV.XviD-FQM...
✅ StreamResolver: Attached best sub for '[RD⚡] Comet 1080p...': Dexter.S05E02.HDTV.XviD-FQM...
✅ StreamResolver: Attached best sub for '[RD⚡] Comet 1080p...': Dexter.S05E02.HDTV.XviD-FQM...
✅ StreamResolver: Attached best sub for '[RD⚡] Comet 1080p...': Dexter.S05E02.HDTV.XviD-FQM...
✅ StreamResolver: Attached best sub for '[RD⚡] Comet 1080p...': Dexter.S05E02.HDTV.XviD-FQM...
✅ StreamResolver: Attached best sub for '[RD⚡] Comet 1080p...': Dexter.S05E02.HDTV.XviD-FQM...
✅ StreamResolver: Attached best sub for '[RD⚡] Comet 1080p...': Dexter.S05E02.HDTV.XviD-FQM...
✅ StreamResolver: Attached best sub for '[RD⚡] Comet 1080p...': Dexter.S05E02.HDTV.XviD-FQM...
✅ StreamResolver: Attached best sub for '[RD⚡] Comet 1080p...': Dexter.S05E02.HDTV.XviD-FQM...
✅ StreamResolver: Attached best sub for '[RD⚡] Comet 1080p...': Dexter.S05E02.HDTV.XviD-FQM...
✅ StreamResolver: Attached best sub for '[RD⚡] Comet 1080p...': Dexter.S05E02.HDTV.XviD-FQM...
✅ StreamResolver: Attached best sub for '[RD⚡] Comet 1080p...': Dexter.S05E02.HDTV.XviD-FQM...
✅ StreamResolver: Attached best sub for '[RD⚡] Comet 1080p...': Dexter.S05E02.HDTV.XviD-FQM...
✅ StreamResolver: Attached best sub for '[RD⚡] Comet 720p...': Dexter Complete S05 720p HDTV ...
✅ StreamResolver: Attached best sub for '[RD⚡] Comet 720p...': Dexter Complete S05 720p HDTV ...
✅ StreamResolver: Attached best sub for '[RD⚡] Comet 720p...': Dexter Complete S05 720p HDTV ...
✅ StreamResolver: Attached best sub for '[RD⚡] Comet 480p...': Dexter Season 5 Complete 480p....
✅ StreamResolver: Attached best sub for '[RD⚡] Comet unknown...': Dexter.S05E02.HDTV.XviD-FQM...
✅ StreamResolver: Attached best sub for 'Dexter S01-S08 1080p BluRay RE...': Dexter.S05E02.HDTV.XviD-FQM...
✅ StreamResolver: Attached best sub for 'Dexter.Complete.S01-S02-S03-S0...': Dexter Complete S05 720p HDTV ...
✅ StreamResolver: Attached best sub for 'Dexter Season 1-8 S01-S08 1080...': Dexter.S05E02.HDTV.XviD-FQM...
👑 Auto-promoting season pack: Dexter 2006 S05 1080p AMZN WEB-DL DDP5 1 H 264-RegEdits
   --- Processing Bucket: 2160p (Input: 1) ---
   ✅ Bucket 2160p Final Count: 1
   --- Processing Bucket: 1080p (Input: 25) ---
   ✅ Bucket 1080p Final Count: 25
   --- Processing Bucket: 720p (Input: 4) ---
   ✅ Bucket 720p Final Count: 4
   --- Processing Bucket: 480p (Input: 2) ---
   ✅ Bucket 480p Final Count: 2
📦 2160p Primary: [RD⚡] Comet 2160p
📦 1080p Primary: Dexter S01-S08 1080p BluRay REMUX TrueHD 5.1 AVC-FraMeSToR [RiCK]
/Dexter.S05.BluRay.1080p.TrueHD.5.1.AVC.REMUX-FraMeSToR/Dexter.S05E02.Hello.Bandit.1080p.TrueHD.5.1.AVC.REMUX-FraMeSToR.mkv
💾 9.42 GB
📦 720p Primary: Dexter.Complete.S01-S02-S03-S04-S05-S06-S07-S08.720p.BluRay.DD5.1.x264-ITSat
/S05/Dexter.S05E02.720p.BluRay.DD5.1.x264-ITSat.mkv
💾 672.28 MB
✅ StreamResolver: Quality buckets ready
   ➕ Added 4 720p streams as backup
   ➕ Added 1 4K streams as 'Hail Mary' backup
[2025-12-23T16:59:39Z] [INFO] [StreamService.swift:209] 📦 StreamService: Found 16 total streams to try (across all qualities)
✅ StreamService: Found 16 H.264 streams (Tier 1)
🛡️ StreamService: Allowing restricted keyword for DebridSearch: Dexter S01-S08 1080p BluRay REMUX TrueHD 5.1 AVC-FraMeSToR [RiCK]
/Dexter.S05.BluRay.1080p.TrueHD.5.1.AVC.REMUX-FraMeSToR/Dexter.S05E02.Hello.Bandit.1080p.TrueHD.5.1.AVC.REMUX-FraMeSToR.mkv
💾 9.42 GB
✅ StreamService: Found 16 'Clean' English streams. Deprioritizing 0 localized/dual streams.
📦 StreamService: 16 streams remain after size filter
🔄 StreamService: Trying stream 1/16: Dexter S01-S08 1080p BluRay REMUX TrueHD 5.1 AVC-FraMeSToR [RiCK]
/Dexter.S05.BluRay.1080p.TrueHD.5.1.AVC.REMUX-FraMeSToR/Dexter.S05E02.Hello.Bandit.1080p.TrueHD.5.1.AVC.REMUX-FraMeSToR.mkv
💾 9.42 GB
🔍 StreamService: Resolving redirect URL: https://68d69db7dc40-debrid-search.baby-beamup.club/resolve/RealDebrid/K67JV2V4FTUA7RYN6T34BFIUBRUZERBO45A6UL3O7TE5ZHFDQQSA/B6PWKT4TFVUO2/https%3A%2F%2Freal-debrid.com%2Fd%2FAQNBYASESY5ROD22
💓 Heartbeat sent
💓 Heartbeat sent
📨 Received: {"ref":"9","event":"phx_reply","payload":{"status":"ok","response":{}},"topic":"phoenix"}
📨 Received: {"ref":null,"event":"presence_diff","payload":{"joins":{"cad02b74-e01f-11f0-bae9-0a58a9feac02":{"metas":[{"phx_ref":"GIPmvWYV9QQrgfiN","phx_ref_prev":"GIPmuXkvgbArgY-E","last_seen":"2025-12-23T16:59:39.813Z","room_id":"LGG3","started_at":"2025-12-23T16:59:22.967Z","status":"In Lobby: Dexter","user_id":"96e01cdb-36c0-4228-a6e4-a29a3c66bc8e","username":"lemontom","watching_id":"tt0773262","watching_title":"Dexter","watching_type":"series"}]}},"leaves":{"cad02b74-e01f-11f0-bae9-0a58a9feac02":{"metas":[{"phx_ref":"GIPmuXkvgbArgY-E","phx_ref_prev":"GIPmuUB706IrgfnP","last_seen":"2025-12-23T16:59:22.967Z","room_id":"LGG3","started_at":"2025-12-23T16:59:22.967Z","status":"In Lobby: Dexter","user_id":"96e01cdb-36c0-4228-a6e4-a29a3c66bc8e","username":"lemontom","watching_id":"tt0773262","watching_title":"Dexter","watching_type":"series"}]}}},"topic":"realtime:global-presence"}
📨 Received: {"ref":"31","event":"phx_reply","payload":{"status":"ok","response":{}},"topic":"phoenix"}
✅ StreamService: Resolved to: https://chi9-4.download.real-debrid.com/d/XI6C5CJJEIXMS123/Dexter.S05E02.Hello.Bandit.1080p.TrueHD.5.1.AVC.REMUX-FraMeSToR.mkv
⚡️ StreamService: Stream is already a direct URL. Skipping backend unlock.
✅ StreamService: Selected stream: Dexter S01-S08 1080p BluRay REMUX TrueHD 5.1 AVC-FraMeSToR [RiCK]
/Dexter.S05.BluRay.1080p.TrueHD.5.1.AVC.REMUX-FraMeSToR/Dexter.S05E02.Hello.Bandit.1080p.TrueHD.5.1.AVC.REMUX-FraMeSToR.mkv
💾 9.42 GB
📊 Stream Size: 9.42 GB
📦 StreamService: Returning 15 candidate streams for fallback
🎬 Stream Resolution: Found 16 streams to attempt unlock...
⚡️ StreamService: Stream is already a direct URL. Skipping backend unlock.
✅ Successfully unlocked stream on attempt #1
📡 Persisting resolved stream to room LGG3...
🔍 Supabase Response for /rooms: [{"id":"LGG3","name":"Dexter","host_user_id":"656daa91-33b4-4688-9135-c982ea52d7c9","host_username":"ursinho","stream_hash":null,"imdb_id":"tt0773262","poster_url":"https://images.metahub.space/poster/small/tt0773262/img","backdrop_url":"https://images.metahub.space/background/medium/tt0773262/img","playback_position":0,"is_playing":false,"participants_count":2,"max_participants":50,"is_public":true,"created_at":"2025-12-23T16:57:46.773918","last_activity":"2025-12-23T16:59:40","season":5,"episode":2,"selected_quality":"1080p","selected_file_idx":null,"unlocked_stream_url":"https://chi9-4.download.real-debrid.com/d/XI6C5CJJEIXMS123/Dexter.S05E02.Hello.Bandit.1080p.TrueHD.5.1.AVC.REMUX-FraMeSToR.mkv","description":null,"current_playlist_index":1,"playlist":[{"id": "55EB824E-268B-438A-BB0B-368078D3E3F3", "season": 5, "episode": 1, "mediaItem": {"id": "tt0773262", "logo": "https://images.metahub.space/logo/medium/tt0773262/img", "name": "Dexter", "type": "series", "year": "2006–2013", "genres": ["Crime", "Drama", "Mystery"], "poster": "https://images.metahub.space/poster/small/tt0773262/img", "runtime": "53 min", "background": "https://images.metahub.space/background/medium/tt0773262/img", "imdbRating": "8.6", "description": "He's smart. He's lovable. He's Dexter Morgan, America's favorite serial killer, who spends his days solving crimes and his nights committing them.", "releaseInfo": "2006–2013"}}, {"id": "6C2916D8-5983-48A8-879A-F4A01DFB1A13", "season": 5, "episode": 2, "mediaItem": {"id": "tt0773262", "name": "Dexter", "type": "series", "poster": "https://m.media-amazon.com/images/M/MV5BMTQ3YmQ4YzMtOTkyZC00YmM5LThhZjEtM2E0MjFkNTc0OGJhXkEyXkFqcGc@._V1_SX250.jpg"}}, {"id": "95A0B67E-472C-4CB6-B646-ECEA69FCF911", "season": 5, "episode": 3, "mediaItem": {"id": "tt0773262", "name": "Dexter", "type": "series", "poster": "https://m.media-amazon.com/images/M/MV5BMTQ3YmQ4YzMtOTkyZC00YmM5LThhZjEtM2E0MjFkNTc0OGJhXkEyXkFqcGc@._V1_SX250.jpg"}}, {"id": "26796E09-432C-419B-AA7C-C2EBA213D96E", "season": 5, "episode": 4, "mediaItem": {"id": "tt0773262", "name": "Dexter", "type": "series", "poster": "https://m.media-amazon.com/images/M/MV5BMTQ3YmQ4YzMtOTkyZC00YmM5LThhZjEtM2E0MjFkNTc0OGJhXkEyXkFqcGc@._V1_SX250.jpg"}}, {"id": "31808A62-8C0B-4DF3-B1BF-860FC4B73C9B", "season": 5, "episode": 5, "mediaItem": {"id": "tt0773262", "name": "Dexter", "type": "series", "poster": "https://m.media-amazon.com/images/M/MV5BMTQ3YmQ4YzMtOTkyZC00YmM5LThhZjEtM2E0MjFkNTc0OGJhXkEyXkFqcGc@._V1_SX250.jpg"}}, {"id": "CDBC9894-74AD-480C-BBEC-D87350BA0704", "season": 5, "episode": 6, "mediaItem": {"id": "tt0773262", "name": "Dexter", "type": "series", "poster": "https://m.media-amazon.com/images/M/MV5BMTQ3YmQ4YzMtOTkyZC00YmM5LThhZjEtM2E0MjFkNTc0OGJhXkEyXkFqcGc@._V1_SX250.jpg"}}, {"id": "85A03E82-56A7-436C-B584-3A62258F9B67", "season": 5, "episode": 7, "mediaItem": {"id": "tt0773262", "name": "Dexter", "type": "series", "poster": "https://m.media-amazon.com/images/M/MV5BMTQ3YmQ4YzMtOTkyZC00YmM5LThhZjEtM2E0MjFkNTc0OGJhXkEyXkFqcGc@._V1_SX250.jpg"}}, {"id": "5DC64A9B-1E1F-44E4-AC94-8C897E227D29", "season": 5, "episode": 8, "mediaItem": {"id": "tt0773262", "name": "Dexter", "type": "series", "poster": "https://m.media-amazon.com/images/M/MV5BMTQ3YmQ4YzMtOTkyZC00YmM5LThhZjEtM2E0MjFkNTc0OGJhXkEyXkFqcGc@._V1_SX250.jpg"}}, {"id": "F4562D42-3275-4379-9F76-D6FB908BE84F", "season": 5, "episode": 9, "mediaItem": {"id": "tt0773262", "name": "Dexter", "type": "series", "poster": "https://m.media-amazon.com/images/M/MV5BMTQ3YmQ4YzMtOTkyZC00YmM5LThhZjEtM2E0MjFkNTc0OGJhXkEyXkFqcGc@._V1_SX250.jpg"}}, {"id": "765BEFEF-AEB6-4BFE-8C62-77E9DB8D4040", "season": 5, "episode": 10, "mediaItem": {"id": "tt0773262", "name": "Dexter", "type": "series", "poster": "https://m.media-amazon.com/images/M/MV5BMTQ3YmQ4YzMtOTkyZC00YmM5LThhZjEtM2E0MjFkNTc0OGJhXkEyXkFqcGc@._V1_SX250.jpg"}}, {"id": "323F5080-C926-4842-B88E-167D5785FC32", "season": 5, "episode": 11, "mediaItem": {"id": "tt0773262", "name": "Dexter", "type": "series", "poster": "https://m.media-amazon.com/images/M/MV5BMTQ3YmQ4YzMtOTkyZC00YmM5LThhZjEtM2E0MjFkNTc0OGJhXkEyXkFqcGc@._V1_SX250.jpg"}}, {"id": "474B73D2-FB6B-4C07-B30B-B4654124436B", "season": 5, "episode": 12, "mediaItem": {"id": "tt0773262", "name": "Dexter", "type": "series", "poster": "https://m.media-amazon.com/images/M/MV5BMTQ3YmQ4YzMtOTkyZC00YmM5LThhZjEtM2E0MjFkNTc0OGJhXkEyXkFqcGc@._V1_SX250.jpg"}}],"subtitle_url":null}]
✅ Stream persisted! Hash: nil
📨 Received: {"ref":null,"event":"broadcast","payload":{"event":"sync","payload":{"chatText":"LOBBY_START_COUNTDOWN","chatUsername":"Host","position":0,"senderId":"656daa91-33b4-4688-9135-c982ea52d7c9","timestamp":3,"type":"chat"},"type":"broadcast"},"topic":"realtime:watch-party:LGG3"}
🔍 Supabase Response for /rooms: [{"id":"LGG3","name":"Dexter","host_user_id":"656daa91-33b4-4688-9135-c982ea52d7c9","host_username":"ursinho","stream_hash":null,"imdb_id":"tt0773262","poster_url":"https://images.metahub.space/poster/small/tt0773262/img","backdrop_url":"https://images.metahub.space/background/medium/tt0773262/img","playback_position":0,"is_playing":true,"participants_count":2,"max_participants":50,"is_public":true,"created_at":"2025-12-23T16:57:46.773918","last_activity":"2025-12-23T16:59:41","season":5,"episode":2,"selected_quality":"1080p","selected_file_idx":null,"unlocked_stream_url":"https://chi9-4.download.real-debrid.com/d/XI6C5CJJEIXMS123/Dexter.S05E02.Hello.Bandit.1080p.TrueHD.5.1.AVC.REMUX-FraMeSToR.mkv","description":null,"current_playlist_index":1,"playlist":[{"id": "55EB824E-268B-438A-BB0B-368078D3E3F3", "season": 5, "episode": 1, "mediaItem": {"id": "tt0773262", "logo": "https://images.metahub.space/logo/medium/tt0773262/img", "name": "Dexter", "type": "series", "year": "2006–2013", "genres": ["Crime", "Drama", "Mystery"], "poster": "https://images.metahub.space/poster/small/tt0773262/img", "runtime": "53 min", "background": "https://images.metahub.space/background/medium/tt0773262/img", "imdbRating": "8.6", "description": "He's smart. He's lovable. He's Dexter Morgan, America's favorite serial killer, who spends his days solving crimes and his nights committing them.", "releaseInfo": "2006–2013"}}, {"id": "6C2916D8-5983-48A8-879A-F4A01DFB1A13", "season": 5, "episode": 2, "mediaItem": {"id": "tt0773262", "name": "Dexter", "type": "series", "poster": "https://m.media-amazon.com/images/M/MV5BMTQ3YmQ4YzMtOTkyZC00YmM5LThhZjEtM2E0MjFkNTc0OGJhXkEyXkFqcGc@._V1_SX250.jpg"}}, {"id": "95A0B67E-472C-4CB6-B646-ECEA69FCF911", "season": 5, "episode": 3, "mediaItem": {"id": "tt0773262", "name": "Dexter", "type": "series", "poster": "https://m.media-amazon.com/images/M/MV5BMTQ3YmQ4YzMtOTkyZC00YmM5LThhZjEtM2E0MjFkNTc0OGJhXkEyXkFqcGc@._V1_SX250.jpg"}}, {"id": "26796E09-432C-419B-AA7C-C2EBA213D96E", "season": 5, "episode": 4, "mediaItem": {"id": "tt0773262", "name": "Dexter", "type": "series", "poster": "https://m.media-amazon.com/images/M/MV5BMTQ3YmQ4YzMtOTkyZC00YmM5LThhZjEtM2E0MjFkNTc0OGJhXkEyXkFqcGc@._V1_SX250.jpg"}}, {"id": "31808A62-8C0B-4DF3-B1BF-860FC4B73C9B", "season": 5, "episode": 5, "mediaItem": {"id": "tt0773262", "name": "Dexter", "type": "series", "poster": "https://m.media-amazon.com/images/M/MV5BMTQ3YmQ4YzMtOTkyZC00YmM5LThhZjEtM2E0MjFkNTc0OGJhXkEyXkFqcGc@._V1_SX250.jpg"}}, {"id": "CDBC9894-74AD-480C-BBEC-D87350BA0704", "season": 5, "episode": 6, "mediaItem": {"id": "tt0773262", "name": "Dexter", "type": "series", "poster": "https://m.media-amazon.com/images/M/MV2025-12-23 11:59:41.155 RedLemon[7693:68193] ✅ Host: Set room playback state in database as fallback
2025-12-23 11:59:41.158 RedLemon[7693:68193] 📨 Lobby: Received Room UPDATE from Realtime
2025-12-23 11:59:41.158 RedLemon[7693:68193] 📨 Lobby: Received Room UPDATE from Realtime
2025-12-23 11:59:41.159 RedLemon[7693:68193] 📨 Lobby: Received Room UPDATE from Realtime
2025-12-23 11:59:41.159 RedLemon[7693:68193] 📨 Lobby: Received Room UPDATE from Realtime
2025-12-23 11:59:41.173 RedLemon[7693:68193] 📨 Lobby: Received Room UPDATE from Realtime
2025-12-23 11:59:41.174 RedLemon[7693:68193] 📨 Lobby: Received Room UPDATE from Realtime
2025-12-23 11:59:41.174 RedLemon[7693:68193] 📨 Lobby: Received Room UPDATE from Realtime
2025-12-23 11:59:41.174 RedLemon[7693:68193] 📨 Lobby: Received Room UPDATE from Realtime
5BMTQ3YmQ4YzMtOTkyZC00YmM5LThhZjEtM2E0MjFkNTc0OGJhXkEyXkFqcGc@._V1_SX250.jpg"}}, {"id": "85A03E82-56A7-436C-B584-3A62258F9B67", "season": 5, "episode": 7, "mediaItem": {"id": "tt0773262", "name": "Dexter", "type": "series", "poster": "https://m.media-amazon.com/images/M/MV5BMTQ3YmQ4YzMtOTkyZC00YmM5LThhZjEtM2E0MjFkNTc0OGJhXkEyXkFqcGc@._V1_SX250.jpg"}}, {"id": "5DC64A9B-1E1F-44E4-AC94-8C897E227D29", "season": 5, "episode": 8, "mediaItem": {"id": "tt0773262", "name": "Dexter", "type": "series", "poster": "https://m.media-amazon.com/images/M/MV5BMTQ3YmQ4YzMtOTkyZC00YmM5LThhZjEtM2E0MjFkNTc0OGJhXkEyXkFqcGc@._V1_SX250.jpg"}}, {"id": "F4562D42-3275-4379-9F76-D6FB908BE84F", "season": 5, "episode": 9, "mediaItem": {"id": "tt0773262", "name": "Dexter", "type": "series", "poster": "https://m.media-amazon.com/images/M/MV5BMTQ3YmQ4YzMtOTkyZC00YmM5LThhZjEtM2E0MjFkNTc0OGJhXkEyXkFqcGc@._V1_SX250.jpg"}}, {"id": "765BEFEF-AEB6-4BFE-8C62-77E9DB8D4040", "season": 5, "episode": 10, "mediaItem": {"id": "tt0773262", "name": "Dexter", "type": "series", "poster": "https://m.media-amazon.com/images/M/MV5BMTQ3YmQ4YzMtOTkyZC00YmM5LThhZjEtM2E0MjFkNTc0OGJhXkEyXkFqcGc@._V1_SX250.jpg"}}, {"id": "323F5080-C926-4842-B88E-167D5785FC32", "season": 5, "episode": 11, "mediaItem": {"id": "tt0773262", "name": "Dexter", "type": "series", "poster": "https://m.media-amazon.com/images/M/MV5BMTQ3YmQ4YzMtOTkyZC00YmM5LThhZjEtM2E0MjFkNTc0OGJhXkEyXkFqcGc@._V1_SX250.jpg"}}, {"id": "474B73D2-FB6B-4C07-B30B-B4654124436B", "season": 5, "episode": 12, "mediaItem": {"id": "tt0773262", "name": "Dexter", "type": "series", "poster": "https://m.media-amazon.com/images/M/MV5BMTQ3YmQ4YzMtOTkyZC00YmM5LThhZjEtM2E0MjFkNTc0OGJhXkEyXkFqcGc@._V1_SX250.jpg"}}],"subtitle_url":null}]
📨 Received: {"ref":null,"event":"postgres_changes","payload":{"data":{"table":"rooms","type":"UPDATE","record":{"id": "LGG3", "name": "Dexter", "season": 5, "episode": 2, "imdb_id": "tt0773262", "playlist": [{"id": "55EB824E-268B-438A-BB0B-368078D3E3F3", "season": 5, "episode": 1, "mediaItem": {"id": "tt0773262", "logo": "https://images.metahub.space/logo/medium/tt0773262/img", "name": "Dexter", "type": "series", "year": "2006–2013", "genres": ["Crime", "Drama", "Mystery"], "poster": "https://images.metahub.space/poster/small/tt0773262/img", "runtime": "53 min", "background": "https://images.metahub.space/background/medium/tt0773262/img", "imdbRating": "8.6", "description": "He's smart. He's lovable. He's Dexter Morgan, America's favorite serial killer, who spends his days solving crimes and his nights committing them.", "releaseInfo": "2006–2013"}}, {"id": "6C2916D8-5983-48A8-879A-F4A01DFB1A13", "season": 5, "episode": 2, "mediaItem": {"id": "tt0773262", "name": "Dexter", "type": "series", "poster": "https://m.media-amazon.com/images/M/MV5BMTQ3YmQ4YzMtOTkyZC00YmM5LThhZjEtM2E0MjFkNTc0OGJhXkEyXkFqcGc@._V1_SX250.jpg"}}, {"id": "95A0B67E-472C-4CB6-B646-ECEA69FCF911", "season": 5, "episode": 3, "mediaItem": {"id": "tt0773262", "name": "Dexter", "type": "series", "poster": "https://m.media-amazon.com/images/M/MV5BMTQ3YmQ4YzMtOTkyZC00YmM5LThhZjEtM2E0MjFkNTc0OGJhXkEyXkFqcGc@._V1_SX250.jpg"}}, {"id": "26796E09-432C-419B-AA7C-C2EBA213D96E", "season": 5, "episode": 4, "mediaItem": {"id": "tt0773262", "name": "Dexter", "type": "series", "poster": "https://m.media-amazon.com/images/M/MV5BMTQ3YmQ4YzMtOTkyZC00YmM5LThhZjEtM2E0MjFkNTc0OGJhXkEyXkFqcGc@._V1_SX250.jpg"}}, {"id": "31808A62-8C0B-4DF3-B1BF-860FC4B73C9B", "season": 5, "episode": 5, "mediaItem": {"id": "tt0773262", "name": "Dexter", "type": "series", "poster": "https://m.media-amazon.com/images/M/MV5BMTQ3YmQ4YzMtOTkyZC00YmM5LThhZjEtM2E0MjFkNTc0OGJhXkEyXkFqcGc@._V1_SX250.jpg"}}, {"id": "CDBC9894-74AD-480C-BBEC-D87350BA0704", "season": 5, "episode": 6, "mediaItem": {"id": "tt0773262", "name": "Dexter", "type": "series", "poster": "https://m.media-amazon.com/images/M/MV5BMTQ3YmQ4YzMtOTkyZC00YmM5LThhZjEtM2E0MjFkNTc0OGJhXkEyXkFqcGc@._V1_SX250.jpg"}}, {"id": "85A03E82-56A7-436C-B584-3A62258F9B67", "season": 5, "episode": 7, "mediaItem": {"id": "tt0773262", "name": "Dexter", "type": "series", "poster": "https://m.media-amazon.com/images/M/MV5BMTQ3YmQ4YzMtOTkyZC00YmM5LThhZjEtM2E0MjFkNTc0OGJhXkEyXkFqcGc@._V1_SX250.jpg"}}, {"id": "5DC64A9B-1E1F-44E4-AC94-8C897E227D29", "season": 5, "episode": 8, "mediaItem": {"id": "tt0773262", "name": "Dexter", "type": "series", "poster": "https://m.media-amazon.com/images/M/MV5BMTQ3YmQ4YzMtOTkyZC00YmM5LThhZjEtM2E0MjFkNTc0OGJhXkEyXkFqcGc@._V1_SX250.jpg"}}, {"id": "F4562D42-3275-4379-9F76-D6FB908BE84F", "season": 5, "episode": 9, "mediaItem": {"id": "tt0773262", "name": "Dexter", "type": "series", "poster": "https://m.media-amazon.com/images/M/MV5BMTQ3YmQ4YzMtOTkyZC00YmM5LThhZjEtM2E0MjFkNTc0OGJhXkEyXkFqcGc@._V1_SX250.jpg"}}, {"id": "765BEFEF-AEB6-4BFE-8C62-77E9DB8D4040", "season": 5, "episode": 10, "mediaItem": {"id": "tt0773262", "name": "Dexter", "type": "series", "poster": "https://m.media-amazon.com/images/M/MV5BMTQ3YmQ4YzMtOTkyZC00YmM5LThhZjEtM2E0MjFkNTc0OGJhXkEyXkFqcGc@._V1_SX250.jpg"}}, {"id": "323F5080-C926-4842-B88E-167D5785FC32", "season": 5, "episode": 11, "mediaItem": {"id": "tt0773262", "name": "Dexter", "type": "series", "poster": "https://m.media-amazon.com/images/M/MV5BMTQ3YmQ4YzMtOTkyZC00YmM5LThhZjEtM2E0MjFkNTc0OGJhXkEyXkFqcGc@._V1_SX250.jpg"}}, {"id": "474B73D2-FB6B-4C07-B30B-B4654124436B", "season": 5, "episode": 12, "mediaItem": {"id": "tt0773262", "name": "Dexter", "type": "series", "poster": "https://m.media-amazon.com/images/M/MV5BMTQ3YmQ4YzMtOTkyZC00YmM5LThhZjEtM2E0MjFkNTc0OGJhXkEyXkFqcGc@._V1_SX250.jpg"}}], "is_public": true, "created_at": "2025-12-23T16:57:46.773918", "is_playing": false, "poster_url": "https://images.metahub.space/poster/small/tt0773262/img", "description": null, "stream_hash": null, "backdrop_url": "https://images.metahub.space/background/medium/tt0773262/img", "host_user_id": "656daa91-33b4-4688-9135-c982ea52d7c9", "subtitle_url": null, "host_username": "ursinho", "last_activity": "2025-12-23T16:59:40", "max_participants": 50, "selected_quality": "1080p", "playback_position": 0, "selected_file_idx": null, "participants_count": 2, "unlocked_stream_url": "https://chi9-4.download.real-debrid.com/d/XI6C5CJJEIXMS123/Dexter.S05E02.Hello.Bandit.1080p.TrueHD.5.1.AVC.REMUX-FraMeSToR.mkv", "current_playlist_index": 1},"columns":[{"name": "id", "type": "text"}, {"name": "name", "type": "text"}, {"name": "host_user_id", "type": "uuid"}, {"name": "host_username", "type": "text"}, {"name": "stream_hash", "type": "text"}, {"name": "imdb_id", "type": "text"}, {"name": "poster_url", "type": "text"}, {"name": "backdrop_url", "type": "text"}, {"name": "playback_position", "type": "int4"}, {"name": "is_playing", "type": "bool"}, {"name": "participants_count", "type": "int4"}, {"name": "max_participants", "type": "int4"}, {"name": "is_public", "type": "bool"}, {"name": "created_at", "type": "timestamp"}, {"name": "last_activity", "type": "timestamp"}, {"name": "season", "type": "int4"}, {"name": "episode", "type": "int4"}, {"name": "selected_quality", "type": "text"}, {"name": "selected_file_idx", "type": "int4"}, {"name": "unlocked_stream_url", "type": "text"}, {"name": "description", "type": "text"}, {"name": "current_playlist_index", "type": "int4"}, {"name": "playlist", "type": "jsonb"}, {"name": "subtitle_url", "type": "text"}],"errors":null,"schema":"public","commit_timestamp":"2025-12-23T16:59:41.146Z","old_record":{"id": "LGG3"}},"ids":[67457933]},"topic":"realtime:watch-party:LGG3"}
🔄 Lobby: Fetching fresh room state from Supabase...
🔄 Lobby: Fetching fresh room state from Supabase...
🔄 Lobby: Fetching fresh room state from Supabase...
🔄 Lobby: Fetching fresh room state from Supabase...
📨 Received: {"ref":null,"event":"postgres_changes","payload":{"data":{"table":"rooms","type":"UPDATE","record":{"id": "LGG3", "name": "Dexter", "season": 5, "episode": 2, "imdb_id": "tt0773262", "playlist": [{"id": "55EB824E-268B-438A-BB0B-368078D3E3F3", "season": 5, "episode": 1, "mediaItem": {"id": "tt0773262", "logo": "https://images.metahub.space/logo/medium/tt0773262/img", "name": "Dexter", "type": "series", "year": "2006–2013", "genres": ["Crime", "Drama", "Mystery"], "poster": "https://images.metahub.space/poster/small/tt0773262/img", "runtime": "53 min", "background": "https://images.metahub.space/background/medium/tt0773262/img", "imdbRating": "8.6", "description": "He's smart. He's lovable. He's Dexter Morgan, America's favorite serial killer, who spends his days solving crimes and his nights committing them.", "releaseInfo": "2006–2013"}}, {"id": "6C2916D8-5983-48A8-879A-F4A01DFB1A13", "season": 5, "episode": 2, "mediaItem": {"id": "tt0773262", "name": "Dexter", "type": "series", "poster": "https://m.media-amazon.com/images/M/MV5BMTQ3YmQ4YzMtOTkyZC00YmM5LThhZjEtM2E0MjFkNTc0OGJhXkEyXkFqcGc@._V1_SX250.jpg"}}, {"id": "95A0B67E-472C-4CB6-B646-ECEA69FCF911", "season": 5, "episode": 3, "mediaItem": {"id": "tt0773262", "name": "Dexter", "type": "series", "poster": "https://m.media-amazon.com/images/M/MV5BMTQ3YmQ4YzMtOTkyZC00YmM5LThhZjEtM2E0MjFkNTc0OGJhXkEyXkFqcGc@._V1_SX250.jpg"}}, {"id": "26796E09-432C-419B-AA7C-C2EBA213D96E", "season": 5, "episode": 4, "mediaItem": {"id": "tt0773262", "name": "Dexter", "type": "series", "poster": "https://m.media-amazon.com/images/M/MV5BMTQ3YmQ4YzMtOTkyZC00YmM5LThhZjEtM2E0MjFkNTc0OGJhXkEyXkFqcGc@._V1_SX250.jpg"}}, {"id": "31808A62-8C0B-4DF3-B1BF-860FC4B73C9B", "season": 5, "episode": 5, "mediaItem": {"id": "tt0773262", "name": "Dexter", "type": "series", "poster": "https://m.media-amazon.com/images/M/MV5BMTQ3YmQ4YzMtOTkyZC00YmM5LThhZjEtM2E0MjFkNTc0OGJhXkEyXkFqcGc@._V1_SX250.jpg"}}, {"id": "CDBC9894-74AD-480C-BBEC-D87350BA0704", "season": 5, "episode": 6, "mediaItem": {"id": "tt0773262", "name": "Dexter", "type": "series", "poster": "https://m.media-amazon.com/images/M/MV5BMTQ3YmQ4YzMtOTkyZC00YmM5LThhZjEtM2E0MjFkNTc0OGJhXkEyXkFqcGc@._V1_SX250.jpg"}}, {"id": "85A03E82-56A7-436C-B584-3A62258F9B67", "season": 5, "episode": 7, "mediaItem": {"id": "tt0773262", "name": "Dexter", "type": "series", "poster": "https://m.media-amazon.com/images/M/MV5BMTQ3YmQ4YzMtOTkyZC00YmM5LThhZjEtM2E0MjFkNTc0OGJhXkEyXkFqcGc@._V1_SX250.jpg"}}, {"id": "5DC64A9B-1E1F-44E4-AC94-8C897E227D29", "season": 5, "episode": 8, "mediaItem": {"id": "tt0773262", "name": "Dexter", "type": "series", "poster": "https://m.media-amazon.com/images/M/MV5BMTQ3YmQ4YzMtOTkyZC00YmM5LThhZjEtM2E0MjFkNTc0OGJhXkEyXkFqcGc@._V1_SX250.jpg"}}, {"id": "F4562D42-3275-4379-9F76-D6FB908BE84F", "season": 5, "episode": 9, "mediaItem": {"id": "tt0773262", "name": "Dexter", "type": "series", "poster": "https://m.media-amazon.com/images/M/MV5BMTQ3YmQ4YzMtOTkyZC00YmM5LThhZjEtM2E0MjFkNTc0OGJhXkEyXkFqcGc@._V1_SX250.jpg"}}, {"id": "765BEFEF-AEB6-4BFE-8C62-77E9DB8D4040", "season": 5, "episode": 10, "mediaItem": {"id": "tt0773262", "name": "Dexter", "type": "series", "poster": "https://m.media-amazon.com/images/M/MV5BMTQ3YmQ4YzMtOTkyZC00YmM5LThhZjEtM2E0MjFkNTc0OGJhXkEyXkFqcGc@._V1_SX250.jpg"}}, {"id": "323F5080-C926-4842-B88E-167D5785FC32", "season": 5, "episode": 11, "mediaItem": {"id": "tt0773262", "name": "Dexter", "type": "series", "poster": "https://m.media-amazon.com/images/M/MV5BMTQ3YmQ4YzMtOTkyZC00YmM5LThhZjEtM2E0MjFkNTc0OGJhXkEyXkFqcGc@._V1_SX250.jpg"}}, {"id": "474B73D2-FB6B-4C07-B30B-B4654124436B", "season": 5, "episode": 12, "mediaItem": {"id": "tt0773262", "name": "Dexter", "type": "series", "poster": "https://m.media-amazon.com/images/M/MV5BMTQ3YmQ4YzMtOTkyZC00YmM5LThhZjEtM2E0MjFkNTc0OGJhXkEyXkFqcGc@._V1_SX250.jpg"}}], "is_public": true, "created_at": "2025-12-23T16:57:46.773918", "is_playing": true, "poster_url": "https://images.metahub.space/poster/small/tt0773262/img", "description": null, "stream_hash": null, "backdrop_url": "https://images.metahub.space/background/medium/tt0773262/img", "host_user_id": "656daa91-33b4-4688-9135-c982ea52d7c9", "subtitle_url": null, "host_username": "ursinho", "last_activity": "2025-12-23T16:59:41", "max_participants": 50, "selected_quality": "1080p", "playback_position": 0, "selected_file_idx": null, "participants_count": 2, "unlocked_stream_url": "https://chi9-4.download.real-debrid.com/d/XI6C5CJJEIXMS123/Dexter.S05E02.Hello.Bandit.1080p.TrueHD.5.1.AVC.REMUX-FraMeSToR.mkv", "current_playlist_index": 1},"columns":[{"name": "id", "type": "text"}, {"name": "name", "type": "text"}, {"name": "host_user_id", "type": "uuid"}, {"name": "host_username", "type": "text"}, {"name": "stream_hash", "type": "text"}, {"name": "imdb_id", "type": "text"}, {"name": "poster_url", "type": "text"}, {"name": "backdrop_url", "type": "text"}, {"name": "playback_position", "type": "int4"}, {"name": "is_playing", "type": "bool"}, {"name": "participants_count", "type": "int4"}, {"name": "max_participants", "type": "int4"}, {"name": "is_public", "type": "bool"}, {"name": "created_at", "type": "timestamp"}, {"name": "last_activity", "type": "timestamp"}, {"name": "season", "type": "int4"}, {"name": "episode", "type": "int4"}, {"name": "selected_quality", "type": "text"}, {"name": "selected_file_idx", "type": "int4"}, {"name": "unlocked_stream_url", "type": "text"}, {"name": "description", "type": "text"}, {"name": "current_playlist_index", "type": "int4"}, {"name": "playlist", "type": "jsonb"}, {"name": "subtitle_url", "type": "text"}],"errors":null,"schema":"public","commit_timestamp":"2025-12-23T16:59:41.243Z","old_record":{"id": "LGG3"}},"ids":[67457933]},"topic":"realtime:watch-party:LGG3"}
🔄 Lobby: Fetching fresh room state from Supabase...
🔄 Lobby: Fetching fresh room state from Supabase...
🔄 Lobby: Fetching fresh room state from Supabase...
🔄 Lobby: Fetching fresh room state from Supabase...
🔍 Supabase Response for /rooms: [{"id":"LGG3","name":"Dexter","host_user_id":"656daa91-33b4-4688-9135-c982ea52d7c9","host_username":"ursinho","stream_hash":null,"imdb_id":"tt0773262","poster_url":"https://images.metahub.space/poster/small/tt0773262/img","backdrop_url":"https://images.metahub.space/background/medium/tt0773262/img","playback_position":0,"is_playing":true,"participants_count":2,"max_participants":50,"is_public":true,"created_at":"2025-12-23T16:57:46.773918","last_activity":"2025-12-23T16:59:41","season":5,"episode":2,"selected_quality":"1080p","selected_file_idx":null,"unlocked_stream_url":"https://chi9-4.download.real-debrid.com/d/XI6C5CJJEIXMS123/Dexter.S05E02.Hello.Bandit.1080p.TrueHD.5.1.AVC.REMUX-FraMeSToR.mkv","description":null,"current_playlist_index":1,"playlist":[{"id": "55EB824E-268B-438A-BB0B-368078D3E3F3", "season": 5, "episode": 1, "mediaItem": {"id": "tt0773262", "logo": "https://images.metahub.space/logo/medium/tt0773262/img", "name": "Dexter", "type": "series", "year": "2006–2013", "genres": ["Crime", "Drama", "Mystery"], "poster": "https://images.metahub.space/poster/small/tt0773262/img", "runtime": "53 min", "background": "https://images.metahub.space/background/medium/tt0773262/img", "imdbRating": "8.6", "description": "He's smart. He's lovable. He's Dexter Morgan, America's favorite serial killer, who spends his days solving crimes and his nights committing them.", "releaseInfo": "2006–2013"}}, {"id": "6C2916D8-5983-48A8-879A-F4A01DFB1A13", "season": 5, "episode": 2, "mediaItem": {"id": "tt0773262", "name": "Dexter", "type": "series", "poster": "https://m.media-amazon.com/images/M/MV5BMTQ3YmQ4YzMtOTkyZC00YmM5LThhZjEtM2E0MjFkNTc0OGJhXkEyXkFqcGc@._V1_SX250.jpg"}}, {"id": "95A0B67E-472C-4CB6-B646-ECEA69FCF911", "season": 5, "episode": 3, "mediaItem": {"id": "tt0773262", "name": "Dexter", "type": "series", "poster": "https://m.media-amazon.com/images/M/MV5BMTQ3YmQ4YzMtOTkyZC00YmM5LThhZjEtM2E0MjFkNTc0OGJhXkEyXkFqcGc@._V1_SX250.jpg"}}, {"id": "26796E09-432C-419B-AA7C-C2EBA213D96E", "season": 5, "episode": 4, "mediaItem": {"id": "tt0773262", "name": "Dexter", "type": "series", "poster": "https://m.media-amazon.com/images/M/MV5BMTQ3YmQ4YzMtOTkyZC00YmM5LThhZjEtM2E0MjFkNTc0OGJhXkEyXkFqcGc@._V1_SX250.jpg"}}, {"id": "31808A62-8C0B-4DF3-B1BF-860FC4B73C9B", "season": 5, "episode": 5, "mediaItem": {"id": "tt0773262", "name": "Dexter", "type": "series", "poster": "https://m.media-amazon.com/images/M/MV5BMTQ3YmQ4YzMtOTkyZC00YmM5LThhZjEtM2E0MjFkNTc0OGJhXkEyXkFqcGc@._V1_SX250.jpg"}}, {"id": "CDBC9894-74AD-480C-BBEC-D87350BA0704", "season": 5, "episode": 6, "mediaItem": {"id": "tt0773262", "name": "Dexter", "type": "series", "poster": "https://m.media-amazon.com/images/M/MV5BMTQ3YmQ4YzMtOTkyZC00YmM5LThhZjEtM2E0MjFkNTc0OGJhXkEyXkFqcGc@._V1_SX250.jpg"}}, {"id": "85A03E82-56A7-436C-B584-3A62258F9B67", "season": 5, "episode": 7, "mediaItem": {"id": "tt0773262", "name": "Dexter", "type": "series", "poster": "https://m.media-amazon.com/images/M/MV5BMTQ3YmQ4YzMtOTkyZC00YmM5LThhZjEtM2E0MjFkNTc0OGJhXkEyXkFqcGc@._V1_SX250.jpg"}}, {"id": "5DC64A9B-1E1F-44E4-AC94-8C897E227D29", "season": 5, "episode": 8, "mediaItem": {"id": "tt0773262", "name": "Dexter", "type": "series", "poster": "https://m.media-amazon.com/images/M/MV5BMTQ3YmQ4YzMtOTkyZC00YmM5LThhZjEtM2E0MjFkNTc0OGJhXkEyXkFqcGc@._V1_SX250.jpg"}}, {"id": "F4562D42-3275-4379-9F76-D6FB908BE84F", "season": 5, "episode": 9, "mediaItem": {"id": "tt0773262", "name": "Dexter", "type": "series", "poster": "https://m.media-amazon.com/images/M/MV5BMTQ3YmQ4YzMtOTkyZC00YmM5LThhZjEtM2E0MjFkNTc0OGJhXkEyXkFqcGc@._V1_SX250.jpg"}}, {"id": "765BEFEF-AEB6-4BFE-8C62-77E9DB8D4040", "season": 5, "episode": 10, "mediaItem": {"id": "tt0773262", "name": "Dexter", "type": "series", "poster": "https://m.media-amazon.com/images/M/MV5BMTQ3YmQ4YzMtOTkyZC00YmM5LThhZjEtM2E0MjFkNTc0OGJhXkEyXkFqcGc@._V1_SX250.jpg"}}, {"id": "323F5080-C926-4842-B88E-167D5785FC32", "season": 5, "episode": 11, "mediaItem": {"id": "tt0773262", "name": "Dexter", "type": "series", "poster": "https://m.media-amazon.com/images/M/MV5BMTQ3YmQ4YzMtOTkyZC00YmM5LThhZjEtM2E0MjFkNTc0OGJhXkEyXkFqcGc@._V1_SX250.jpg"}}, {"id": "474B73D2-FB6B-4C07-B30B-B4654124436B", "season": 5, "episode": 12, "mediaItem": {"id": "tt0773262", "name": "Dexter", "type": "series", "poster": "https://m.media-amazon.com/images/M/MV5BMTQ3YmQ4YzMtOTkyZC00YmM5LThhZjEtM2E0MjFkNTc0OGJhXkEyXkFqcGc@._V1_SX250.jpg"}}],"subtitle_url":null}]
✅ Lobby: Synced playlist with 12 items
✅ Lobby: Synced playlist index to 1
✅ Lobby: Synced stream info & playlist to AppState
🔍 Supabase Response for /rooms: [{"id":"LGG3","name":"Dexter","host_user_id":"656daa91-33b4-4688-9135-c982ea52d7c9","host_username":"ursinho","stream_hash":null,"imdb_id":"tt0773262","poster_url":"https://images.metahub.space/poster/small/tt0773262/img","backdrop_url":"https://images.metahub.space/background/medium/tt0773262/img","playback_position":0,"is_playing":true,"participants_count":2,"max_participants":50,"is_public":true,"created_at":"2025-12-23T16:57:46.773918","last_activity":"2025-12-23T16:59:41","season":5,"episode":2,"selected_quality":"1080p","selected_file_idx":null,"unlocked_stream_url":"https://chi9-4.download.real-debrid.com/d/XI6C5CJJEIXMS123/Dexter.S05E02.Hello.Bandit.1080p.TrueHD.5.1.AVC.REMUX-FraMeSToR.mkv","description":null,"current_playlist_index":1,"playlist":[{"id": "55EB824E-268B-438A-BB0B-368078D3E3F3", "season": 5, "episode": 1, "mediaItem": {"id": "tt0773262", "logo": "https://images.metahub.space/logo/medium/tt0773262/img", "name": "Dexter", "type": "series", "year": "2006–2013", "genres": ["Crime", "Drama", "Mystery"], "poster": "https://images.metahub.space/poster/small/tt0773262/img", "runtime": "53 min", "background": "https://images.metahub.space/background/medium/tt0773262/img", "imdbRating": "8.6", "description": "He's smart. He's lovable. He's Dexter Morgan, America's favorite serial killer, who spends his days solving crimes and his nights committing them.", "releaseInfo": "2006–2013"}}, {"id": "6C2916D8-5983-48A8-879A-F4A01DFB1A13", "season": 5, "episode": 2, "mediaItem": {"id": "tt0773262", "name": "Dexter", "type": "series", "poster": "https://m.media-amazon.com/images/M/MV5BMTQ3YmQ4YzMtOTkyZC00YmM5LThhZjEtM2E0MjFkNTc0OGJhXkEyXkFqcGc@._V1_SX250.jpg"}}, {"id": "95A0B67E-472C-4CB6-B646-ECEA69FCF911", "season": 5, "episode": 3, "mediaItem": {"id": "tt0773262", "name": "Dexter", "type": "series", "poster": "https://m.media-amazon.com/images/M/MV5BMTQ3YmQ4YzMtOTkyZC00YmM5LThhZjEtM2E0MjFkNTc0OGJhXkEyXkFqcGc@._V1_SX250.jpg"}}, {"id": "26796E09-432C-419B-AA7C-C2EBA213D96E", "season": 5, "episode": 4, "mediaItem": {"id": "tt0773262", "name": "Dexter", "type": "series", "poster": "https://m.media-amazon.com/images/M/MV5BMTQ3YmQ4YzMtOTkyZC00YmM5LThhZjEtM2E0MjFkNTc0OGJhXkEyXkFqcGc@._V1_SX250.jpg"}}, {"id": "31808A62-8C0B-4DF3-B1BF-860FC4B73C9B", "season": 5, "episode": 5, "mediaItem": {"id": "tt0773262", "name": "Dexter", "type": "series", "poster": "https://m.media-amazon.com/images/M/MV5BMTQ3YmQ4YzMtOTkyZC00YmM5LThhZjEtM2E0MjFkNTc0OGJhXkEyXkFqcGc@._V1_SX250.jpg"}}, {"id": "CDBC9894-74AD-480C-BBEC-D87350BA0704", "season": 5, "episode": 6, "mediaItem": {"id": "tt0773262", "name": "Dexter", "type": "series", "poster": "https://m.media-amazon.com/images/M/MV5BMTQ3YmQ4YzMtOTkyZC00YmM5LThhZjEtM2E0MjFkNTc0OGJhXkEyXkFqcGc@._V1_SX250.jpg"}}, {"id": "85A03E82-56A7-436C-B584-3A62258F9B67", "season": 5, "episode": 7, "mediaItem": {"id": "tt0773262", "name": "Dexter", "type": "series", "poster": "https://m.media-amazon.com/images/M/MV5BMTQ3YmQ4YzMtOTkyZC00YmM5LThhZjEtM2E0MjFkNTc0OGJhXkEyXkFqcGc@._V1_SX250.jpg"}}, {"id": "5DC64A9B-1E1F-44E4-AC94-8C897E227D29", "season": 5, "episode": 8, "mediaItem": {"id": "tt0773262", "name": "Dexter", "type": "series", "poster": "https://m.media-amazon.com/images/M/MV5BMTQ3YmQ4YzMtOTkyZC00YmM5LThhZjEtM2E0MjFkNTc0OGJhXkEyXkFqcGc@._V1_SX250.jpg"}}, {"id": "F4562D42-3275-4379-9F76-D6FB908BE84F", "season": 5, "episode": 9, "mediaItem": {"id": "tt0773262", "name": "Dexter", "type": "series", "poster": "https://m.media-amazon.com/images/M/MV5BMTQ3YmQ4YzMtOTkyZC00YmM5LThhZjEtM2E0MjFkNTc0OGJhXkEyXkFqcGc@._V1_SX250.jpg"}}, {"id": "765BEFEF-AEB6-4BFE-8C62-77E9DB8D4040", "season": 5, "episode": 10, "mediaItem": {"id": "tt0773262", "name": "Dexter", "type": "series", "poster": "https://m.media-amazon.com/images/M/MV5BMTQ3YmQ4YzMtOTkyZC00YmM5LThhZjEtM2E0MjFkNTc0OGJhXkEyXkFqcGc@._V1_SX250.jpg"}}, {"id": "323F5080-C926-4842-B88E-167D5785FC32", "season": 5, "episode": 11, "mediaItem": {"id": "tt0773262", "name": "Dexter", "type": "series", "poster": "https://m.media-amazon.com/images/M/MV5BMTQ3YmQ4YzMtOTkyZC00YmM5LThhZjEtM2E0MjFkNTc0OGJhXkEyXkFqcGc@._V1_SX250.jpg"}}, {"id": "474B73D2-FB6B-4C07-B30B-B4654124436B", "season": 5, "episode": 12, "mediaItem": {"id": "tt0773262", "name": "Dexter", "type": "series", "poster": "https://m.media-amazon.com/images/M/MV5BMTQ3YmQ4YzMtOTkyZC00YmM5LThhZjEtM2E0MjFkNTc0OGJhXkEyXkFqcGc@._V1_SX250.jpg"}}],"subtitle_url":null}]
🔍 Supabase Response for /rooms: [{"id":"LGG3","name":"Dexter","host_user_id":"656daa91-33b4-4688-9135-c982ea52d7c9","host_username":"ursinho","stream_hash":null,"imdb_id":"tt0773262","poster_url":"https://images.metahub.space/poster/small/tt0773262/img","backdrop_url":"https://images.metahub.space/background/medium/tt0773262/img","playback_position":0,"is_playing":true,"participants_count":2,"max_participants":50,"is_public":true,"created_at":"2025-12-23T16:57:46.773918","last_activity":"2025-12-23T16:59:41","season":5,"episode":2,"selected_quality":"1080p","selected_file_idx":null,"unlocked_stream_url":"https://chi9-4.download.real-debrid.com/d/XI6C5CJJEIXMS123/Dexter.S05E02.Hello.Bandit.1080p.TrueHD.5.1.AVC.REMUX-FraMeSToR.mkv","description":null,"current_playlist_index":1,"playlist":[{"id": "55EB824E-268B-438A-BB0B-368078D3E3F3", "season": 5, "episode": 1, "mediaItem": {"id": "tt0773262", "logo": "https://images.metahub.space/logo/medium/tt0773262/img", "name": "Dexter", "type": "series", "year": "2006–2013", "genres": ["Crime", "Drama", "Mystery"], "poster": "https://images.metahub.space/poster/small/tt0773262/img", "runtime": "53 min", "background": "https://images.metahub.space/background/medium/tt0773262/img", "imdbRating": "8.6", "description": "He's smart. He's lovable. He's Dexter Morgan, America's favorite serial killer, who spends his days solving crimes and his nights committing them.", "releaseInfo": "2006–2013"}}, {"id": "6C2916D8-5983-48A8-879A-F4A01DFB1A13", "season": 5, "episode": 2, "mediaItem": {"id": "tt0773262", "name": "Dexter", "type": "series", "poster": "https://m.media-amazon.com/images/M/MV5BMTQ3YmQ4YzMtOTkyZC00YmM5LThhZjEtM2E0MjFkNTc0OGJhXkEyXkFqcGc@._V1_SX250.jpg"}}, {"id": "95A0B67E-472C-4CB6-B646-ECEA69FCF911", "season": 5, "episode": 3, "mediaItem": {"id": "tt0773262", "name": "Dexter", "type": "series", "poster": "https://m.media-amazon.com/images/M/MV5BMTQ3YmQ4YzMtOTkyZC00YmM5LThhZjEtM2E0MjFkNTc0OGJhXkEyXkFqcGc@._V1_SX250.jpg"}}, {"id": "26796E09-432C-419B-AA7C-C2EBA213D96E", "season": 5, "episode": 4, "mediaItem": {"id": "tt0773262", "name": "Dexter", "type": "series", "poster": "https://m.media-amazon.com/images/M/MV5BMTQ3YmQ4YzMtOTkyZC00YmM5LThhZjEtM2E0MjFkNTc0OGJhXkEyXkFqcGc@._V1_SX250.jpg"}}, {"id": "31808A62-8C0B-4DF3-B1BF-860FC4B73C9B", "season": 5, "episode": 5, "mediaItem": {"id": "tt0773262", "name": "Dexter", "type": "series", "poster": "https://m.media-amazon.com/images/M/MV5BMTQ3YmQ4YzMtOTkyZC00YmM5LThhZjEtM2E0MjFkNTc0OGJhXkEyXkFqcGc@._V1_SX250.jpg"}}, {"id": "CDBC9894-74AD-480C-BBEC-D87350BA0704", "season": 5, "episode": 6, "mediaItem": {"id": "tt0773262", "name": "Dexter", "type": "series", "poster": "https://m.media-amazon.com/images/M/MV5BMTQ3YmQ4YzMtOTkyZC00YmM5LThhZjEtM2E0MjFkNTc0OGJhXkEyXkFqcGc@._V1_SX250.jpg"}}, {"id": "85A03E82-56A7-436C-B584-3A62258F9B67", "season": 5, "episode": 7, "mediaItem": {"id": "tt0773262", "name": "Dexter", "type": "series", "poster": "https://m.media-amazon.com/images/M/MV5BMTQ3YmQ4YzMtOTkyZC00YmM5LThhZjEtM2E0MjFkNTc0OGJhXkEyXkFqcGc@._V1_SX250.jpg"}}, {"id": "5DC64A9B-1E1F-44E4-AC94-8C897E227D29", "season": 5, "episode": 8, "mediaItem": {"id": "tt0773262", "name": "Dexter", "type": "series", "poster": "https://m.media-amazon.com/images/M/MV5BMTQ3YmQ4YzMtOTkyZC00YmM5LThhZjEtM2E0MjFkNTc0OGJhXkEyXkFqcGc@._V1_SX250.jpg"}}, {"id": "F4562D42-3275-4379-9F76-D6FB908BE84F", "season": 5, "episode": 9, "mediaItem": {"id": "tt0773262", "name": "Dexter", "type": "series", "poster": "https://m.media-amazon.com/images/M/MV5BMTQ3YmQ4YzMtOTkyZC00YmM5LThhZjEtM2E0MjFkNTc0OGJhXkEyXkFqcGc@._V1_SX250.jpg"}}, {"id": "765BEFEF-AEB6-4BFE-8C62-77E9DB8D4040", "season": 5, "episode": 10, "mediaItem": {"id": "tt0773262", "name": "Dexter", "type": "series", "poster": "https://m.media-amazon.com/images/M/MV5BMTQ3YmQ4YzMtOTkyZC00YmM5LThhZjEtM2E0MjFkNTc0OGJhXkEyXkFqcGc@._V1_SX250.jpg"}}, {"id": "323F5080-C926-4842-B88E-167D5785FC32", "season": 5, "episode": 11, "mediaItem": {"id": "tt0773262", "name": "Dexter", "type": "series", "poster": "https://m.media-amazon.com/images/M/MV5BMTQ3YmQ4YzMtOTkyZC00YmM5LThhZjEtM2E0MjFkNTc0OGJhXkEyXkFqcGc@._V1_SX250.jpg"}}, {"id": "474B73D2-FB6B-4C07-B30B-B4654124436B", "season": 5, "episode": 12, "mediaItem": {"id": "tt0773262", "name": "Dexter", "type": "series", "poster": "https://m.media-amazon.com/images/M/MV5BMTQ3YmQ4YzMtOTkyZC00YmM5LThhZjEtM2E0MjFkNTc0OGJhXkEyXkFqcGc@._V1_SX250.jpg"}}],"subtitle_url":null}]
🔍 Supabase Response for /rooms: [{"id":"LGG3","name":"Dexter","host_user_id":"656daa91-33b4-4688-9135-c982ea52d7c9","host_username":"ursinho","stream_hash":null,"imdb_id":"tt0773262","poster_url":"https://images.metahub.space/poster/small/tt0773262/img","backdrop_url":"https://images.metahub.space/background/medium/tt0773262/img","playback_position":0,"is_playing":true,"participants_count":2,"max_participants":50,"is_public":true,"created_at":"2025-12-23T16:57:46.773918","last_activity":"2025-12-23T16:59:41","season":5,"episode":2,"selected_quality":"1080p","selected_file_idx":null,"unlocked_stream_url":"https://chi9-4.download.real-debrid.com/d/XI6C5CJJEIXMS123/Dexter.S05E02.Hello.Bandit.1080p.TrueHD.5.1.AVC.REMUX-FraMeSToR.mkv","description":null,"current_playlist_index":1,"playlist":[{"id": "55EB824E-268B-438A-BB0B-368078D3E3F3", "season": 5, "episode": 1, "mediaItem": {"id": "tt0773262", "logo": "https://images.metahub.space/logo/medium/tt0773262/img", "name": "Dexter", "type": "series", "year": "2006–2013", "genres": ["Crime", "Drama", "Mystery"], "poster": "https://images.metahub.space/poster/small/tt0773262/img", "runtime": "53 min", "background": "https://images.metahub.space/background/medium/tt0773262/img", "imdbRating": "8.6", "description": "He's smart. He's lovable. He's Dexter Morgan, America's favorite serial killer, who spends his days solving crimes and his nights committing them.", "releaseInfo": "2006–2013"}}, {"id": "6C2916D8-5983-48A8-879A-F4A01DFB1A13", "season": 5, "episode": 2, "mediaItem": {"id": "tt0773262", "name": "Dexter", "type": "series", "poster": "https://m.media-amazon.com/images/M/MV5BMTQ3YmQ4YzMtOTkyZC00YmM5LThhZjEtM2E0MjFkNTc0OGJhXkEyXkFqcGc@._V1_SX250.jpg"}}, {"id": "95A0B67E-472C-4CB6-B646-ECEA69FCF911", "season": 5, "episode": 3, "mediaItem": {"id": "tt0773262", "name": "Dexter", "type": "series", "poster": "https://m.media-amazon.com/images/M/MV5BMTQ3YmQ4YzMtOTkyZC00YmM5LThhZjEtM2E0MjFkNTc0OGJhXkEyXkFqcGc@._V1_SX250.jpg"}}, {"id": "26796E09-432C-419B-AA7C-C2EBA213D96E", "season": 5, "episode": 4, "mediaItem": {"id": "tt0773262", "name": "Dexter", "type": "series", "poster": "https://m.media-amazon.com/images/M/MV5BMTQ3YmQ4YzMtOTkyZC00YmM5LThhZjEtM2E0MjFkNTc0OGJhXkEyXkFqcGc@._V1_SX250.jpg"}}, {"id": "31808A62-8C0B-4DF3-B1BF-860FC4B73C9B", "season": 5, "episode": 5, "mediaItem": {"id": "tt0773262", "name": "Dexter", "type": "series", "poster": "https://m.media-amazon.com/images/M/MV5BMTQ3YmQ4YzMtOTkyZC00YmM5LThhZjEtM2E0MjFkNTc0OGJhXkEyXkFqcGc@._V1_SX250.jpg"}}, {"id": "CDBC9894-74AD-480C-BBEC-D87350BA0704", "season": 5, "episode": 6, "mediaItem": {"id": "tt0773262", "name": "Dexter", "type": "series", "poster": "https://m.media-amazon.com/images/M/MV5BMTQ3YmQ4YzMtOTkyZC00YmM5LThhZjEtM2E0MjFkNTc0OGJhXkEyXkFqcGc@._V1_SX250.jpg"}}, {"id": "85A03E82-56A7-436C-B584-3A62258F9B67", "season": 5, "episode": 7, "mediaItem": {"id": "tt0773262", "name": "Dexter", "type": "series", "poster": "https://m.media-amazon.com/images/M/MV5BMTQ3YmQ4YzMtOTkyZC00YmM5LThhZjEtM2E0MjFkNTc0OGJhXkEyXkFqcGc@._V1_SX250.jpg"}}, {"id": "5DC64A9B-1E1F-44E4-AC94-8C897E227D29", "season": 5, "episode": 8, "mediaItem": {"id": "tt0773262", "name": "Dexter", "type": "series", "poster": "https://m.media-amazon.com/images/M/MV5BMTQ3YmQ4YzMtOTkyZC00YmM5LThhZjEtM2E0MjFkNTc0OGJhXkEyXkFqcGc@._V1_SX250.jpg"}}, {"id": "F4562D42-3275-4379-9F76-D6FB908BE84F", "season": 5, "episode": 9, "mediaItem": {"id": "tt0773262", "name": "Dexter", "type": "series", "poster": "https://m.media-amazon.com/images/M/MV5BMTQ3YmQ4YzMtOTkyZC00YmM5LThhZjEtM2E0MjFkNTc0OGJhXkEyXkFqcGc@._V1_SX250.jpg"}}, {"id": "765BEFEF-AEB6-4BFE-8C62-77E9DB8D4040", "season": 5, "episode": 10, "mediaItem": {"id": "tt0773262", "name": "Dexter", "type": "series", "poster": "https://m.media-amazon.com/images/M/MV5BMTQ3YmQ4YzMtOTkyZC00YmM5LThhZjEtM2E0MjFkNTc0OGJhXkEyXkFqcGc@._V1_SX250.jpg"}}, {"id": "323F5080-C926-4842-B88E-167D5785FC32", "season": 5, "episode": 11, "mediaItem": {"id": "tt0773262", "name": "Dexter", "type": "series", "poster": "https://m.media-amazon.com/images/M/MV5BMTQ3YmQ4YzMtOTkyZC00YmM5LThhZjEtM2E0MjFkNTc0OGJhXkEyXkFqcGc@._V1_SX250.jpg"}}, {"id": "474B73D2-FB6B-4C07-B30B-B4654124436B", "season": 5, "episode": 12, "mediaItem": {"id": "tt0773262", "name": "Dexter", "type": "series", "poster": "https://m.media-amazon.com/images/M/MV5BMTQ3YmQ4YzMtOTkyZC00YmM5LThhZjEtM2E0MjFkNTc0OGJhXkEyXkFqcGc@._V1_SX250.jpg"}}],"subtitle_url":null}]
🔍 Supabase Response for /rooms: [{"id":"LGG3","name":"Dexter","host_user_id":"656daa91-33b4-4688-9135-c982ea52d7c9","host_username":"ursinho","stream_hash":null,"imdb_id":"tt0773262","poster_url":"https://images.metahub.space/poster/small/tt0773262/img","backdrop_url":"https://images.metahub.space/background/medium/tt0773262/img","playback_position":0,"is_playing":true,"participants_count":2,"max_participants":50,"is_public":true,"created_at":"2025-12-23T16:57:46.773918","last_activity":"2025-12-23T16:59:41","season":5,"episode":2,"selected_quality":"1080p","selected_file_idx":null,"unlocked_stream_url":"https://chi9-4.download.real-debrid.com/d/XI6C5CJJEIXMS123/Dexter.S05E02.Hello.Bandit.1080p.TrueHD.5.1.AVC.REMUX-FraMeSToR.mkv","description":null,"current_playlist_index":1,"playlist":[{"id": "55EB824E-268B-438A-BB0B-368078D3E3F3", "season": 5, "episode": 1, "mediaItem": {"id": "tt0773262", "logo": "https://images.metahub.space/logo/medium/tt0773262/img", "name": "Dexter", "type": "series", "year": "2006–2013", "genres": ["Crime", "Drama", "Mystery"], "poster": "https://images.metahub.space/poster/small/tt0773262/img", "runtime": "53 min", "background": "https://images.metahub.space/background/medium/tt0773262/img", "imdbRating": "8.6", "description": "He's smart. He's lovable. He's Dexter Morgan, America's favorite serial killer, who spends his days solving crimes and his nights committing them.", "releaseInfo": "2006–2013"}}, {"id": "6C2916D8-5983-48A8-879A-F4A01DFB1A13", "season": 5, "episode": 2, "mediaItem": {"id": "tt0773262", "name": "Dexter", "type": "series", "poster": "https://m.media-amazon.com/images/M/MV5BMTQ3YmQ4YzMtOTkyZC00YmM5LThhZjEtM2E0MjFkNTc0OGJhXkEyXkFqcGc@._V1_SX250.jpg"}}, {"id": "95A0B67E-472C-4CB6-B646-ECEA69FCF911", "season": 5, "episode": 3, "mediaItem": {"id": "tt0773262", "name": "Dexter", "type": "series", "poster": "https://m.media-amazon.com/images/M/MV5BMTQ3YmQ4YzMtOTkyZC00YmM5LThhZjEtM2E0MjFkNTc0OGJhXkEyXkFqcGc@._V1_SX250.jpg"}}, {"id": "26796E09-432C-419B-AA7C-C2EBA213D96E", "season": 5, "episode": 4, "mediaItem": {"id": "tt0773262", "name": "Dexter", "type": "series", "poster": "https://m.media-amazon.com/images/M/MV5BMTQ3YmQ4YzMtOTkyZC00YmM5LThhZjEtM2E0MjFkNTc0OGJhXkEyXkFqcGc@._V1_SX250.jpg"}}, {"id": "31808A62-8C0B-4DF3-B1BF-860FC4B73C9B", "season": 5, "episode": 5, "mediaItem": {"id": "tt0773262", "name": "Dexter", "type": "series", "poster": "https://m.media-amazon.com/images/M/MV5BMTQ3YmQ4YzMtOTkyZC00YmM5LThhZjEtM2E0MjFkNTc0OGJhXkEyXkFqcGc@._V1_SX250.jpg"}}, {"id": "CDBC9894-74AD-480C-BBEC-D87350BA0704", "season": 5, "episode": 6, "mediaItem": {"id": "tt0773262", "name": "Dexter", "type": "series", "poster": "https://m.media-amazon.com/images/M/MV5BMTQ3YmQ4YzMtOTkyZC00YmM5LThhZjEtM2E0MjFkNTc0OGJhXkEyXkFqcGc@._V1_SX250.jpg"}}, {"id": "85A03E82-56A7-436C-B584-3A62258F9B67", "season": 5, "episode": 7, "mediaItem": {"id": "tt0773262", "name": "Dexter", "type": "series", "poster": "https://m.media-amazon.com/images/M/MV5BMTQ3YmQ4YzMtOTkyZC00YmM5LThhZjEtM2E0MjFkNTc0OGJhXkEyXkFqcGc@._V1_SX250.jpg"}}, {"id": "5DC64A9B-1E1F-44E4-AC94-8C897E227D29", "season": 5, "episode": 8, "mediaItem": {"id": "tt0773262", "name": "Dexter", "type": "series", "poster": "https://m.media-amazon.com/images/M/MV5BMTQ3YmQ4YzMtOTkyZC00YmM5LThhZjEtM2E0MjFkNTc0OGJhXkEyXkFqcGc@._V1_SX250.jpg"}}, {"id": "F4562D42-3275-4379-9F76-D6FB908BE84F", "season": 5, "episode": 9, "mediaItem": {"id": "tt0773262", "name": "Dexter", "type": "series", "poster": "https://m.media-amazon.com/images/M/MV5BMTQ3YmQ4YzMtOTkyZC00YmM5LThhZjEtM2E0MjFkNTc0OGJhXkEyXkFqcGc@._V1_SX250.jpg"}}, {"id": "765BEFEF-AEB6-4BFE-8C62-77E9DB8D4040", "season": 5, "episode": 10, "mediaItem": {"id": "tt0773262", "name": "Dexter", "type": "series", "poster": "https://m.media-amazon.com/images/M/MV5BMTQ3YmQ4YzMtOTkyZC00YmM5LThhZjEtM2E0MjFkNTc0OGJhXkEyXkFqcGc@._V1_SX250.jpg"}}, {"id": "323F5080-C926-4842-B88E-167D5785FC32", "season": 5, "episode": 11, "mediaItem": {"id": "tt0773262", "name": "Dexter", "type": "series", "poster": "https://m.media-amazon.com/images/M/MV5BMTQ3YmQ4YzMtOTkyZC00YmM5LThhZjEtM2E0MjFkNTc0OGJhXkEyXkFqcGc@._V1_SX250.jpg"}}, {"id": "474B73D2-FB6B-4C07-B30B-B4654124436B", "season": 5, "episode": 12, "mediaItem": {"id": "tt0773262", "name": "Dexter", "type": "series", "poster": "https://m.media-amazon.com/images/M/MV5BMTQ3YmQ4YzMtOTkyZC00YmM5LThhZjEtM2E0MjFkNTc0OGJhXkEyXkFqcGc@._V1_SX250.jpg"}}],"subtitle_url":null}]
🔍 Supabase Response for /rooms: [{"id":"LGG3","name":"Dexter","host_user_id":"656daa91-33b4-4688-9135-c982ea52d7c9","host_username":"ursinho","stream_hash":null,"imdb_id":"tt0773262","poster_url":"https://images.metahub.space/poster/small/tt0773262/img","backdrop_url":"https://images.metahub.space/background/medium/tt0773262/img","playback_position":0,"is_playing":true,"participants_count":2,"max_participants":50,"is_public":true,"created_at":"2025-12-23T16:57:46.773918","last_activity":"2025-12-23T16:59:41","season":5,"episode":2,"selected_quality":"1080p","selected_file_idx":null,"unlocked_stream_url":"https://chi9-4.download.real-debrid.com/d/XI6C5CJJEIXMS123/Dexter.S05E02.Hello.Bandit.1080p.TrueHD.5.1.AVC.REMUX-FraMeSToR.mkv","description":null,"current_playlist_index":1,"playlist":[{"id": "55EB824E-268B-438A-BB0B-368078D3E3F3", "season": 5, "episode": 1, "mediaItem": {"id": "tt0773262", "logo": "https://images.metahub.space/logo/medium/tt0773262/img", "name": "Dexter", "type": "series", "year": "2006–2013", "genres": ["Crime", "Drama", "Mystery"], "poster": "https://images.metahub.space/poster/small/tt0773262/img", "runtime": "53 min", "background": "https://images.metahub.space/background/medium/tt0773262/img", "imdbRating": "8.6", "description": "He's smart. He's lovable. He's Dexter Morgan, America's favorite serial killer, who spends his days solving crimes and his nights committing them.", "releaseInfo": "2006–2013"}}, {"id": "6C2916D8-5983-48A8-879A-F4A01DFB1A13", "season": 5, "episode": 2, "mediaItem": {"id": "tt0773262", "name": "Dexter", "type": "series", "poster": "https://m.media-amazon.com/images/M/MV5BMTQ3YmQ4YzMtOTkyZC00YmM5LThhZjEtM2E0MjFkNTc0OGJhXkEyXkFqcGc@._V1_SX250.jpg"}}, {"id": "95A0B67E-472C-4CB6-B646-ECEA69FCF911", "season": 5, "episode": 3, "mediaItem": {"id": "tt0773262", "name": "Dexter", "type": "series", "poster": "https://m.media-amazon.com/images/M/MV5BMTQ3YmQ4YzMtOTkyZC00YmM5LThhZjEtM2E0MjFkNTc0OGJhXkEyXkFqcGc@._V1_SX250.jpg"}}, {"id": "26796E09-432C-419B-AA7C-C2EBA213D96E", "season": 5, "episode": 4, "mediaItem": {"id": "tt0773262", "name": "Dexter", "type": "series", "poster": "https://m.media-amazon.com/images/M/MV5BMTQ3YmQ4YzMtOTkyZC00YmM5LThhZjEtM2E0MjFkNTc0OGJhXkEyXkFqcGc@._V1_SX250.jpg"}}, {"id": "31808A62-8C0B-4DF3-B1BF-860FC4B73C9B", "season": 5, "episode": 5, "mediaItem": {"id": "tt0773262", "name": "Dexter", "type": "series", "poster": "https://m.media-amazon.com/images/M/MV5BMTQ3YmQ4YzMtOTkyZC00YmM5LThhZjEtM2E0MjFkNTc0OGJhXkEyXkFqcGc@._V1_SX250.jpg"}}, {"id": "CDBC9894-74AD-480C-BBEC-D87350BA0704", "season": 5, "episode": 6, "mediaItem": {"id": "tt0773262", "name": "Dexter", "type": "series", "poster": "https://m.media-amazon.com/images/M/MV5BMTQ3YmQ4YzMtOTkyZC00YmM5LThhZjEtM2E0MjFkNTc0OGJhXkEyXkFqcGc@._V1_SX250.jpg"}}, {"id": "85A03E82-56A7-436C-B584-3A62258F9B67", "season": 5, "episode": 7, "mediaItem": {"id": "tt0773262", "name": "Dexter", "type": "series", "poster": "https://m.media-amazon.com/images/M/MV5BMTQ3YmQ4YzMtOTkyZC00YmM5LThhZjEtM2E0MjFkNTc0OGJhXkEyXkFqcGc@._V1_SX250.jpg"}}, {"id": "5DC64A9B-1E1F-44E4-AC94-8C897E227D29", "season": 5, "episode": 8, "mediaItem": {"id": "tt0773262", "name": "Dexter", "type": "series", "poster": "https://m.media-amazon.com/images/M/MV5BMTQ3YmQ4YzMtOTkyZC00YmM5LThhZjEtM2E0MjFkNTc0OGJhXkEyXkFqcGc@._V1_SX250.jpg"}}, {"id": "F4562D42-3275-4379-9F76-D6FB908BE84F", "season": 5, "episode": 9, "mediaItem": {"id": "tt0773262", "name": "Dexter", "type": "series", "poster": "https://m.media-amazon.com/images/M/MV5BMTQ3YmQ4YzMtOTkyZC00YmM5LThhZjEtM2E0MjFkNTc0OGJhXkEyXkFqcGc@._V1_SX250.jpg"}}, {"id": "765BEFEF-AEB6-4BFE-8C62-77E9DB8D4040", "season": 5, "episode": 10, "mediaItem": {"id": "tt0773262", "name": "Dexter", "type": "series", "poster": "https://m.media-amazon.com/images/M/MV5BMTQ3YmQ4YzMtOTkyZC00YmM5LThhZjEtM2E0MjFkNTc0OGJhXkEyXkFqcGc@._V1_SX250.jpg"}}, {"id": "323F5080-C926-4842-B88E-167D5785FC32", "season": 5, "episode": 11, "mediaItem": {"id": "tt0773262", "name": "Dexter", "type": "series", "poster": "https://m.media-amazon.com/images/M/MV5BMTQ3YmQ4YzMtOTkyZC00YmM5LThhZjEtM2E0MjFkNTc0OGJhXkEyXkFqcGc@._V1_SX250.jpg"}}, {"id": "474B73D2-FB6B-4C07-B30B-B4654124436B", "season": 5, "episode": 12, "mediaItem": {"id": "tt0773262", "name": "Dexter", "type": "series", "poster": "https://m.media-amazon.com/images/M/MV5BMTQ3YmQ4YzMtOTkyZC00YmM5LThhZjEtM2E0MjFkNTc0OGJhXkEyXkFqcGc@._V1_SX250.jpg"}}],"subtitle_url":null}]
🔍 Supabase Response for /rooms: [{"id":"LGG3","name":"Dexter","host_user_id":"656daa91-33b4-4688-9135-c982ea52d7c9","host_username":"ursinho","stream_hash":null,"imdb_id":"tt0773262","poster_url":"https://images.metahub.space/poster/small/tt0773262/img","backdrop_url":"https://images.metahub.space/background/medium/tt0773262/img","playback_position":0,"is_playing":true,"participants_count":2,"max_participants":50,"is_public":true,"created_at":"2025-12-23T16:57:46.773918","last_activity":"2025-12-23T16:59:41","season":5,"episode":2,"selected_quality":"1080p","selected_file_idx":null,"unlocked_stream_url":"https://chi9-4.download.real-debrid.com/d/XI6C5CJJEIXMS123/Dexter.S05E02.Hello.Bandit.1080p.TrueHD.5.1.AVC.REMUX-FraMeSToR.mkv","description":null,"current_playlist_index":1,"playlist":[{"id": "55EB824E-268B-438A-BB0B-368078D3E3F3", "season": 5, "episode": 1, "mediaItem": {"id": "tt0773262", "logo": "https://images.metahub.space/logo/medium/tt0773262/img", "name": "Dexter", "type": "series", "year": "2006–2013", "genres": ["Crime", "Drama", "Mystery"], "poster": "https://images.metahub.space/poster/small/tt0773262/img", "runtime": "53 min", "background": "https://images.metahub.space/background/medium/tt0773262/img", "imdbRating": "8.6", "description": "He's smart. He's lovable. He's Dexter Morgan, America's favorite serial killer, who spends his days solving crimes and his nights committing them.", "releaseInfo": "2006–2013"}}, {"id": "6C2916D8-5983-48A8-879A-F4A01DFB1A13", "season": 5, "episode": 2, "mediaItem": {"id": "tt0773262", "name": "Dexter", "type": "series", "poster": "https://m.media-amazon.com/images/M/MV5BMTQ3YmQ4YzMtOTkyZC00YmM5LThhZjEtM2E0MjFkNTc0OGJhXkEyXkFqcGc@._V1_SX250.jpg"}}, {"id": "95A0B67E-472C-4CB6-B646-ECEA69FCF911", "season": 5, "episode": 3, "mediaItem": {"id": "tt0773262", "name": "Dexter", "type": "series", "poster": "https://m.media-amazon.com/images/M/MV5BMTQ3YmQ4YzMtOTkyZC00YmM5LThhZjEtM2E0MjFkNTc0OGJhXkEyXkFqcGc@._V1_SX250.jpg"}}, {"id": "26796E09-432C-419B-AA7C-C2EBA213D96E", "season": 5, "episode": 4, "mediaItem": {"id": "tt0773262", "name": "Dexter", "type": "series", "poster": "https://m.media-amazon.com/images/M/MV5BMTQ3YmQ4YzMtOTkyZC00YmM5LThhZjEtM2E0MjFkNTc0OGJhXkEyXkFqcGc@._V1_SX250.jpg"}}, {"id": "31808A62-8C0B-4DF3-B1BF-860FC4B73C9B", "season": 5, "episode": 5, "mediaItem": {"id": "tt0773262", "name": "Dexter", "type": "series", "poster": "https://m.media-amazon.com/images/M/MV5BMTQ3YmQ4YzMtOTkyZC00YmM5LThhZjEtM2E0MjFkNTc0OGJhXkEyXkFqcGc@._V1_SX250.jpg"}}, {"id": "CDBC9894-74AD-480C-BBEC-D87350BA0704", "season": 5, "episode": 6, "mediaItem": {"id": "tt0773262", "name": "Dexter", "type": "series", "poster": "https://m.media-amazon.com/images/M/MV5BMTQ3YmQ4YzMtOTkyZC00YmM5LThhZjEtM2E0MjFkNTc0OGJhXkEyXkFqcGc@._V1_SX250.jpg"}}, {"id": "85A03E82-56A7-436C-B584-3A62258F9B67", "season": 5, "episode": 7, "mediaItem": {"id": "tt0773262", "name": "Dexter", "type": "series", "poster": "https://m.media-amazon.com/images/M/MV5BMTQ3YmQ4YzMtOTkyZC00YmM5LThhZjEtM2E0MjFkNTc0OGJhXkEyXkFqcGc@._V1_SX250.jpg"}}, {"id": "5DC64A9B-1E1F-44E4-AC94-8C897E227D29", "season": 5, "episode": 8, "mediaItem": {"id": "tt0773262", "name": "Dexter", "type": "series", "poster": "https://m.media-amazon.com/images/M/MV5BMTQ3YmQ4YzMtOTkyZC00YmM5LThhZjEtM2E0MjFkNTc0OGJhXkEyXkFqcGc@._V1_SX250.jpg"}}, {"id": "F4562D42-3275-4379-9F76-D6FB908BE84F", "season": 5, "episode": 9, "mediaItem": {"id": "tt0773262", "name": "Dexter", "type": "series", "poster": "https://m.media-amazon.com/images/M/MV5BMTQ3YmQ4YzMtOTkyZC00YmM5LThhZjEtM2E0MjFkNTc0OGJhXkEyXkFqcGc@._V1_SX250.jpg"}}, {"id": "765BEFEF-AEB6-4BFE-8C62-77E9DB8D4040", "season": 5, "episode": 10, "mediaItem": {"id": "tt0773262", "name": "Dexter", "type": "series", "poster": "https://m.media-amazon.com/images/M/MV5BMTQ3YmQ4YzMtOTkyZC00YmM5LThhZjEtM2E0MjFkNTc0OGJhXkEyXkFqcGc@._V1_SX250.jpg"}}, {"id": "323F5080-C926-4842-B88E-167D5785FC32", "season": 5, "episode": 11, "mediaItem": {"id": "tt0773262", "name": "Dexter", "type": "series", "poster": "https://m.media-amazon.com/images/M/MV5BMTQ3YmQ4YzMtOTkyZC00YmM5LThhZjEtM2E0MjFkNTc0OGJhXkEyXkFqcGc@._V1_SX250.jpg"}}, {"id": "474B73D2-FB6B-4C07-B30B-B4654124436B", "season": 5, "episode": 12, "mediaItem": {"id": "tt0773262", "name": "Dexter", "type": "series", "poster": "https://m.media-amazon.com/images/M/MV5BMTQ3YmQ4YzMtOTkyZC00YmM5LThhZjEtM2E0MjFkNTc0OGJhXkEyXkFqcGc@._V1_SX250.jpg"}}],"subtitle_url":null}]
🔍 Supabase Response for /rooms: [{"id":"LGG3","name":"Dexter","host_user_id":"656daa91-33b4-4688-9135-c982ea52d7c9","host_username":"ursinho","stream_hash":null,"imdb_id":"tt0773262","poster_url":"https://images.metahub.space/poster/small/tt0773262/img","backdrop_url":"https://images.metahub.space/background/medium/tt0773262/img","playback_position":0,"is_playing":true,"participants_count":2,"max_participants":50,"is_public":true,"created_at":"2025-12-23T16:57:46.773918","last_activity":"2025-12-23T16:59:41","season":5,"episode":2,"selected_quality":"1080p","selected_file_idx":null,"unlocked_stream_url":"https://chi9-4.download.real-debrid.com/d/XI6C5CJJEIXMS123/Dexter.S05E02.Hello.Bandit.1080p.TrueHD.5.1.AVC.REMUX-FraMeSToR.mkv","description":null,"current_playlist_index":1,"playlist":[{"id": "55EB824E-268B-438A-BB0B-368078D3E3F3", "season": 5, "episode": 1, "mediaItem": {"id": "tt0773262", "logo": "https://images.metahub.space/logo/medium/tt0773262/img", "name": "Dexter", "type": "series", "year": "2006–2013", "genres": ["Crime", "Drama", "Mystery"], "poster": "https://images.metahub.space/poster/small/tt0773262/img", "runtime": "53 min", "background": "https://images.metahub.space/background/medium/tt0773262/img", "imdbRating": "8.6", "description": "He's smart. He's lovable. He's Dexter Morgan, America's favorite serial killer, who spends his days solving crimes and his nights committing them.", "releaseInfo": "2006–2013"}}, {"id": "6C2916D8-5983-48A8-879A-F4A01DFB1A13", "season": 5, "episode": 2, "mediaItem": {"id": "tt0773262", "name": "Dexter", "type": "series", "poster": "https://m.media-amazon.com/images/M/MV5BMTQ3YmQ4YzMtOTkyZC00YmM5LThhZjEtM2E0MjFkNTc0OGJhXkEyXkFqcGc@._V1_SX250.jpg"}}, {"id": "95A0B67E-472C-4CB6-B646-ECEA69FCF911", "season": 5, "episode": 3, "mediaItem": {"id": "tt0773262", "name": "Dexter", "type": "series", "poster": "https://m.media-amazon.com/images/M/MV5BMTQ3YmQ4YzMtOTkyZC00YmM5LThhZjEtM2E0MjFkNTc0OGJhXkEyXkFqcGc@._V1_SX250.jpg"}}, {"id": "26796E09-432C-419B-AA7C-C2EBA213D96E", "season": 5, "episode": 4, "mediaItem": {"id": "tt0773262", "name": "Dexter", "type": "series", "poster": "https://m.media-amazon.com/images/M/MV5BMTQ3YmQ4YzMtOTkyZC00YmM5LThhZjEtM2E0MjFkNTc0OGJhXkEyXkFqcGc@._V1_SX250.jpg"}}, {"id": "31808A62-8C0B-4DF3-B1BF-860FC4B73C9B", "season": 5, "episode": 5, "mediaItem": {"id": "tt0773262", "name": "Dexter", "type": "series", "poster": "https://m.media-amazon.com/images/M/MV5BMTQ3YmQ4YzMtOTkyZC00YmM5LThhZjEtM2E0MjFkNTc0OGJhXkEyXkFqcGc@._V1_SX250.jpg"}}, {"id": "CDBC9894-74AD-480C-BBEC-D87350BA0704", "season": 5, "episode": 6, "mediaItem": {"id": "tt0773262", "name": "Dexter", "type": "series", "poster": "https://m.media-amazon.com/images/M/MV5BMTQ3YmQ4YzMtOTkyZC00YmM5LThhZjEtM2E0MjFkNTc0OGJhXkEyXkFqcGc@._V1_SX250.jpg"}}, {"id": "85A03E82-56A7-436C-B584-3A62258F9B67", "season": 5, "episode": 7, "mediaItem": {"id": "tt0773262", "name": "Dexter", "type": "series", "poster": "https://m.media-amazon.com/images/M/MV5BMTQ3YmQ4YzMtOTkyZC00YmM5LThhZjEtM2E0MjFkNTc0OGJhXkEyXkFqcGc@._V1_SX250.jpg"}}, {"id": "5DC64A9B-1E1F-44E4-AC94-8C897E227D29", "season": 5, "episode": 8, "mediaItem": {"id": "tt0773262", "name": "Dexter", "type": "series", "poster": "https://m.media-amazon.com/images/M/MV5BMTQ3YmQ4YzMtOTkyZC00YmM5LThhZjEtM2E0MjFkNTc0OGJhXkEyXkFqcGc@._V1_SX250.jpg"}}, {"id": "F4562D42-3275-4379-9F76-D6FB908BE84F", "season": 5, "episode": 9, "mediaItem": {"id": "tt0773262", "name": "Dexter", "type": "series", "poster": "https://m.media-amazon.com/images/M/MV5BMTQ3YmQ4YzMtOTkyZC00YmM5LThhZjEtM2E0MjFkNTc0OGJhXkEyXkFqcGc@._V1_SX250.jpg"}}, {"id": "765BEFEF-AEB6-4BFE-8C62-77E9DB8D4040", "season": 5, "episode": 10, "mediaItem": {"id": "tt0773262", "name": "Dexter", "type": "series", "poster": "https://m.media-amazon.c2025-12-23 11:59:44.080 RedLemon[7693:68193] 🎬 Host: Launching player for Dexter
2025-12-23 11:59:44.081 RedLemon[7693:68193] 🖥️ WindowManager: enterFullscreen() called
2025-12-23 11:59:44.081 RedLemon[7693:68193]    Window: <SwiftUI.SwiftUIWindow: 0x7feea23664a0>
2025-12-23 11:59:44.081 RedLemon[7693:68193]    Is fullscreen: 0
2025-12-23 11:59:44.081 RedLemon[7693:68193]    ✅ WindowManager: Toggling fullscreen ON
2025-12-23 11:59:44.111 RedLemon[7693:68193] 🎬🎬🎬 MPVPlayerView INIT called - streamURL: https://chi9-4.download.real-debrid.com/d/XI6C5CJJEIXMS123/D, subtitles: 5
2025-12-23 11:59:44.267 RedLemon[7693:68193] 🖼️ Setting up MPV with native macOS video output...
2025-12-23 11:59:44.273 RedLemon[7693:68193] ✅ MPV initialized with native GPU rendering
2025-12-23 11:59:44.290 RedLemon[7693:68193] 🎬🎬🎬 MPVPlayerView .task starting
2025-12-23 11:59:44.293 RedLemon[7693:68193] 🎉 Starting watch party sync - Room: LGG3, Host: YES
2025-12-23 11:59:44.293 RedLemon[7693:68193] 🎉 Watch Party Mode ENABLED. isInWatchParty = YES
2025-12-23 11:59:44.309 RedLemon[7693:68193] 🔄 Starting chat polling for room: LGG3
2025-12-23 11:59:44.309 RedLemon[7693:68193] ✅ Watch party sync started successfully - isInWatchParty is now TRUE
2025-12-23 11:59:44.309 RedLemon[7693:68193] 🎬🎬🎬 About to call loadStream - isInWatchParty: YES
2025-12-23 11:59:44.310 RedLemon[7693:68193] 🎬🎬🎬 Subtitles: 5
2025-12-23 11:59:44.310 RedLemon[7693:68193] 🎬🎬🎬 LOADSTREAM CALLED - streamTitle: Dexter - S05E02: Hello, Bandit
2025-12-23 11:59:44.310 RedLemon[7693:68193] 🎬🎬🎬 streamURL: https://chi9-4.download.real-debrid.com/d/XI6C5CJJEIXMS123/D
2025-12-23 11:59:44.310 RedLemon[7693:68193] 🎬🎬🎬 subtitles: 5
2025-12-23 11:59:44.310 RedLemon[7693:68193] 🎬🎬🎬 MPVPlayerView .task completed
2025-12-23 11:59:44.328 RedLemon[7693:69838] 🎬 MPV: Current video filename set to: Dexter.S05E02.Hello.Bandit.1080p.TrueHD.5.1.AVC.REMUX-FraMeSToR.mkv
2025-12-23 11:59:44.328 RedLemon[7693:69838] 🎬 MPV loadVideo called with URL: https://chi9-4.download.real-debrid.com/d/XI6C5CJJEIXMS123/Dexter.S05E02.Hello.Bandit.1080p.TrueHD.5, autoplay: false, expectedSubs: 3
2025-12-23 11:59:44.328 RedLemon[7693:69838] 🎬 MPV executing: loadfile "https://chi9-4.download.real-debrid.com/d/XI6C5CJJEIXMS123/Dexter.S05E02.Hello.Bandit.1080p.TrueHD.5.1.AVC.REMUX-FraMeSToR.mkv"
2025-12-23 11:59:44.329 RedLemon[7693:69838] ✅ MPV loadfile succeeded (Started Paused, waiting for Smart Load)
2025-12-23 11:59:44.329 RedLemon[7693:70510] ℹ️ SubDL subtitles detected - downloading to local files in background...
2025-12-23 11:59:44.330 RedLemon[7693:70510] 🔍 SubtitleService: Downloading http://127.0.0.1:47253/subtitles/subdl/L3N1YnRpdGxlLzIwNjQyOTQtMzcwMjE3LnppcA==?season=5&episode=2&token=FD14A4CF-1F2E-4AE4-A598-4C490441E8AA
om/images/M/MV5BMTQ3YmQ4YzMtOTkyZC00YmM5LThhZjEtM2E0MjFkNTc0OGJhXkEyXkFqcGc@._V1_SX250.jpg"}}, {"id": "323F5080-C926-4842-B88E-167D5785FC32", "season": 5, "episode": 11, "mediaItem": {"id": "tt0773262", "name": "Dexter", "type": "series", "poster": "https://m.media-amazon.com/images/M/MV5BMTQ3YmQ4YzMtOTkyZC00YmM5LThhZjEtM2E0MjFkNTc0OGJhXkEyXkFqcGc@._V1_SX250.jpg"}}, {"id": "474B73D2-FB6B-4C07-B30B-B4654124436B", "season": 5, "episode": 12, "mediaItem": {"id": "tt0773262", "name": "Dexter", "type": "series", "poster": "https://m.media-amazon.com/images/M/MV5BMTQ3YmQ4YzMtOTkyZC00YmM5LThhZjEtM2E0MjFkNTc0OGJhXkEyXkFqcGc@._V1_SX250.jpg"}}],"subtitle_url":null}]
✅ Lobby: Synced playlist with 12 items
✅ Lobby: Synced playlist index to 1
✅ Lobby: Synced stream info & playlist to AppState
✅ Lobby: Synced playlist with 12 items
✅ Lobby: Synced playlist index to 1
✅ Lobby: Synced stream info & playlist to AppState
✅ Lobby: Synced playlist with 12 items
✅ Lobby: Synced playlist index to 1
✅ Lobby: Synced stream info & playlist to AppState
✅ Lobby: Synced playlist with 12 items
✅ Lobby: Synced playlist index to 1
✅ Lobby: Synced stream info & playlist to AppState
✅ Lobby: Synced playlist with 12 items
✅ Lobby: Synced playlist index to 1
✅ Lobby: Synced stream info & playlist to AppState
✅ Lobby: Synced playlist with 12 items
✅ Lobby: Synced playlist index to 1
✅ Lobby: Synced stream info & playlist to AppState
✅ Lobby: Synced playlist with 12 items
✅ Lobby: Synced playlist index to 1
✅ Lobby: Synced stream info & playlist to AppState
🛑 LobbyPresence: Polling stopped
🛑 LobbyDatabase: Polling stopped
🛑 Lobby: Polling stopped (chat via Realtime only)
✅ Host: Updated AppState selection to S5E2
✅ Host: Synced playlist state to AppState (Index: 1)
✨ StablePlayerContainer: Found episode title: Hello, Bandit
🎬 RedLemon: Creating MPVPlayerView
   Stream URL: https://chi9-4.download.real-debrid.com/d/XI6C5CJJEIXMS123/D
   Display Title: Dexter - S05E02: Hello, Bandit
   Subtitle URLs: 5
      [0] Dexter.S05E02.HDTV.XviD-FQM
      [1] Dexter Complete S05 720p HDTV x264-Scene
      [2] Dexter Season 5 Complete 480p.ILPruny BoB
      [3] Dexter.S05.720p.HDTV.DD5.1.x264-Cache
      [4] DexterSeason 5
🎬 MPVWrapper: Creating embedded MPV with render context...
✅ MPV handle created
🎬 MPVLayerHostView initialized
🎬 Created CGL pixel format (Core Profile 3.2)
🎬 Created CGL context with vsync enabled
🎬 MPVViewLayer initialized with async rendering
🎬 Video layer assigned to host view
🎬 Creating MPV render context with OpenGL (IINA method)...
🎬 MPV: Frame ready! Calling layer.update() (throttled)
✅ Render context created successfully (IINA method)
🎬 Layer.update() called - forceDraw:false needsFlip:true (throttled)
🎬 CVDisplayLink started
🎉 Starting watch party: roomId=LGG3, isHost=true
🔌 Setting up Realtime channel: watch-party:LGG3
   Role: Host
   User ID: 656DAA91-33B4-4688-9135-C982EA52D7C9
📡 Connection state: connecting
ℹ️ Already joined channel watch-party:LGG3, skipping join
📡 Connection state: connected
✅ Realtime channel setup complete
✅ Watch party sync initialized with Realtime
🎬 Loading stream: Dexter - S05E02: Hello, Bandit
   IMDB: tt0773262
   URL: https://chi9-4.download.real-debrid.com/d/XI6C5CJJEIXMS123/D...
   Source: BluRay
💬 Added mock chat messages for testing
👥 WATCH PARTY MODE: Starting PAUSED for synchronization
🎬 DisplayLink: reportSwap() (throttled)
⏯️ MPV: Pause state changed to false -> isPlaying = true
📡 Fetching metadata for tt0773262 as series...
📝 Pre-loading external subtitles (Top 3)...
✅ Cache HIT: Metadata[meta_series_tt0773262]
⚡️ PlaybackService: creating sleep assertion (preventing idle sleep)
⚡️ PlaybackService: releasing sleep assertion
[ INFO ] GET /subtitles/subdl/L3N1YnRpdGxlLzIwNjQyOTQtMzcwMjE3LnppcA== [request-id: 2669DB50-0669-4BAB-8D10-390E7D1DE001]
2025-12-23 11:59:44.576 RedLemon[7693:68193] 👥 MPVPlayer: Updated participants list via polling: 2
2025-12-23 11:59:44.782 RedLemon[7693:70673] ✅ Subtitle 1 downloaded to: /var/folders/3v/s3d75ntd4v90_pg0mb6rmlz40000gn/T/sub_874B2C00-6428-4CD8-AC37-8A5A5999E30C.vtt
2025-12-23 11:59:44.782 RedLemon[7693:70673] 📝 Loading subtitle from: /var/folders/3v/s3d75ntd4v90_pg0mb6rmlz40000gn/T/sub_874B2C00-6428-4CD8-AC37-8A5
2025-12-23 11:59:44.797 RedLemon[7693:70673] ✅ External subtitle added to track list (not auto-selected)
2025-12-23 11:59:44.797 RedLemon[7693:70673] 🔍 SubtitleService: Downloading http://127.0.0.1:47253/subtitles/subdl/L3N1YnRpdGxlLzIwNjQzMDEtMzkzOTkxLnppcA==?season=5&episode=2&token=FD14A4CF-1F2E-4AE4-A598-4C490441E8AA
📄 Subtitle request: L3N1YnRpdGxlLzIwNjQy... (offset: 0ms)
📥 Downloading subtitle from SubDL CDN: /subtitle/2064294-370217.zip
📨 Received: {"ref":"33","event":"phx_reply","payload":{"status":"ok","response":{}},"topic":"realtime:watch-party:LGG3"}
📨 Received: {"ref":null,"event":"presence_diff","payload":{"joins":{"bb9ce9de-e020-11f0-a4a6-0a58a9feac02":{"metas":[{"phx_ref":"GIPmvm81OeJ8VuID","phx_ref_prev":"GIPmubaMVQ58VmMM","is_host":true,"joined_at":1766509184.306443,"user_id":"656DAA91-33B4-4688-9135-C982EA52D7C9","username":"ursinho"}]}},"leaves":{"bb9ce9de-e020-11f0-a4a6-0a58a9feac02":{"metas":[{"phx_ref":"GIPmubaMVQ58VmMM","phx_ref_prev":"GIPmuauKHAp8VnSQ","is_host":true,"joined_at":1766509164.03411,"user_id":"656daa91-33b4-4688-9135-c982ea52d7c9","username":"ursinho"}]}}},"topic":"realtime:watch-party:LGG3"}
👁️ ChatOverlayView appeared - UI UPDATE ROUND 6
⌨️ ChatOverlayView: Triggering input focus (showChat=true)
📨 Received: {"ref":"32","event":"phx_reply","payload":{"status":"ok","response":{}},"topic":"realtime:global-presence"}
📨 Received: {"ref":null,"event":"presence_diff","payload":{"joins":{"2151249e-e020-11f0-a0a1-0a58a9feac02":{"metas":[{"phx_ref":"GIPmvnB0-l8Q-FvP","phx_ref_prev":"GIPmue6crcoQ-HIB","last_seen":"2025-12-23T16:59:44.321Z","room_id":"LGG3","started_at":"2025-12-23T16:59:44.321Z","status":"online","user_id":"656daa91-33b4-4688-9135-c982ea52d7c9","username":"ursinho","watching_id":"tt0773262","watching_title":"Dexter - S05E02: Hello, Bandit","watching_type":"series"}]}},"leaves":{"2151249e-e020-11f0-a0a1-0a58a9feac02":{"metas":[{"phx_ref":"GIPmue6crcoQ-HIB","phx_ref_prev":"GIPmuakqbXEQ-KPO","last_seen":"2025-12-23T16:59:24.977Z","room_id":"LGG3","started_at":"2025-12-23T16:59:23.812Z","status":"In Lobby: Dexter","user_id":"656daa91-33b4-4688-9135-c982ea52d7c9","username":"ursinho","watching_id":"tt0773262","watching_title":"Dexter","watching_type":"series"}]}}},"topic":"realtime:global-presence"}
✅ Got background: https://images.metahub.space/background/medium/tt0773262/img...
✅ Got poster URL: https://images.metahub.space/poster/small/tt0773262/img...
✅ Got logo: https://images.metahub.space/logo/medium/tt0773262/img...
📡 SocialService: Updated status - online: Dexter - S05E02: Hello, Bandit
➕ Added new participant 656daa91-33b4-4688-9135-c982ea52d7c9 (Ref: GIPmvm81OeJ8VuID)
⏳ Participant leaving (grace period started): 656daa91-33b4-4688-9135-c982ea52d7c9
⏰ AppState: Next schedule update set for Event End: 2025-12-23 18:56:55 +0000
⏰ AppState: Scheduling update in 7031 seconds
⏳ MPVPlayerViewModel: Enhancing UI - Buffering started (show spinner)
🔍 Supabase Response for /rooms: [{"id":"event_tt1663662","name":"Pacific Rim","host_user_id":"656daa91-33b4-4688-9135-c982ea52d7c9","host_username":"RedLemon Events","stream_hash":"0d41e65140462dacede11bb87629d52b3c512088","imdb_id":"tt1663662","poster_url":"https://images.metahub.space/poster/small/tt1663662/img","backdrop_url":"https://images.metahub.space/background/medium/tt1663662/img","playback_position":0,"is_playing":false,"participants_count":2,"max_participants":50,"is_public":true,"created_at":"2025-12-23T16:56:29.200956","last_activity":"2025-12-23T16:56:30.763966","season":null,"episode":null,"selected_quality":null,"selected_file_idx":null,"unlocked_stream_url":"https://chi3-4.download.real-debrid.com/d/MV4KBP42Q64KE124/Pacific.Rim.2013.1080p.BluRay.H264.AAC-RARBG.mp4","description":null,"current_playlist_index":0,"playlist":[],"subtitle_url":"http://127.0.0.1:47253/subtitles/subdl/L3N1YnRpdGxlLzQ0ODc3LTc5NDcwNS56aXA=?token=FD14A4CF-1F2E-4AE4-A598-4C490441E8AA"}]
🔍 Supabase Response for /rooms: []
✅ Download complete: 24129 bytes
📦 Detected ZIP archive, extracting...
🔍 Supabase Response for /rooms: []
🔍 Looking for S%02dE%02d in zip (%d files)... 5 2 1
✅ Found matching file in zip (Strategy 2 - Pattern s05e02): dexter.s05e02.hdtv.xvid-fqm.srt
📦 Extracting specific file: dexter.s05e02.hdtv.xvid-fqm.srt
✅ Extraction successful
🔍 Supabase Response for /rooms: []
✅ Subtitle downloaded and converted to VTT
[ INFO ] GET /subtitles/subdl/L3N1YnRpdGxlLzIwNjQzMDEtMzkzOTkxLnppcA== [request-id: 8379B6C1-1C13-4233-B963-4A5AA770943E]
2025-12-23 11:59:45.239 RedLemon[7693:70673] ✅ Subtitle 2 downloaded to: /var/folders/3v/s3d75ntd4v90_pg0mb6rmlz40000gn/T/sub_E061C574-CD69-4B3F-A164-852FF7F59995.vtt
2025-12-23 11:59:45.239 RedLemon[7693:70673] 📝 Loading subtitle from: /var/folders/3v/s3d75ntd4v90_pg0mb6rmlz40000gn/T/sub_E061C574-CD69-4B3F-A164-852
2025-12-23 11:59:45.246 RedLemon[7693:70673] ✅ External subtitle added to track list (not auto-selected)
2025-12-23 11:59:45.246 RedLemon[7693:70673] 🔍 SubtitleService: Downloading http://127.0.0.1:47253/subtitles/subdl/L3N1YnRpdGxlLzIwNjQxNjYtNTc1MTQ4LnppcA==?season=5&episode=2&token=FD14A4CF-1F2E-4AE4-A598-4C490441E8AA
📄 Subtitle request: L3N1YnRpdGxlLzIwNjQz... (offset: 0ms)
📥 Downloading subtitle from SubDL CDN: /subtitle/2064301-393991.zip
🔍 Supabase Response for /rooms: []
📨 Received: {"ref":"33","event":"phx_reply","payload":{"status":"ok","response":{}},"topic":"realtime:global-presence"}
📨 Received: {"ref":null,"event":"presence_diff","payload":{"joins":{"2151249e-e020-11f0-a0a1-0a58a9feac02":{"metas":[{"phx_ref":"GIPmvpc1zH8Q-O2H","phx_ref_prev":"GIPmvnB0-l8Q-FvP","last_seen":"2025-12-23T16:59:44.977Z","room_id":"LGG3","started_at":"2025-12-23T16:59:44.321Z","status":"online","user_id":"656daa91-33b4-4688-9135-c982ea52d7c9","username":"ursinho","watching_id":"tt0773262","watching_title":"Dexter - S05E02: Hello, Bandit","watching_type":"series"}]}},"leaves":{"2151249e-e020-11f0-a0a1-0a58a9feac02":{"metas":[{"phx_ref":"GIPmvnB0-l8Q-FvP","phx_ref_prev":"GIPmue6crcoQ-HIB","last_seen":"2025-12-23T16:59:44.321Z","room_id":"LGG3","started_at":"2025-12-23T16:59:44.321Z","status":"online","user_id":"656daa91-33b4-4688-9135-c982ea52d7c9","username":"ursinho","watching_id":"tt0773262","watching_title":"Dexter - S05E02: Hello, Bandit","watching_type":"series"}]}}},"topic":"realtime:global-presence"}
✅ Download complete: 275746 bytes
📦 Detected ZIP archive, extracting...
🔍 Looking for S%02dE%02d in zip (%d files)... 5 2 12
✅ Found matching file in zip (Strategy 2 - Pattern s05e02): Dexter S05 720p HDTV x264-Scene_English/dexter.s05e02.720p.hdtv.x264-immerse.srt
📦 Extracting specific file: Dexter S05 720p HDTV x264-Scene_English/dexter.s05e02.720p.hdtv.x264-immerse.srt
✅ Extraction successful
✅ Subtitle downloaded and converted to VTT
[ INFO ] GET /subtitles/subdl/L3N1YnRpdGxlLzIwNjQxNjYtNTc1MTQ4LnppcA== [request-id: 0BA81355-DECB-49E7-B056-1C099D96FBAA]
2025-12-23 11:59:45.687 RedLemon[7693:69838] ✅ Subtitle 3 downloaded to: /var/folders/3v/s3d75ntd4v90_pg0mb6rmlz40000gn/T/sub_5D7EE6B8-2B79-4CDC-84D2-379A8FF61CF8.vtt
2025-12-23 11:59:45.687 RedLemon[7693:69838] 📝 Loading subtitle from: /var/folders/3v/s3d75ntd4v90_pg0mb6rmlz40000gn/T/sub_5D7EE6B8-2B79-4CDC-84D2-379
2025-12-23 11:59:45.695 RedLemon[7693:69838] ✅ External subtitle added to track list (not auto-selected)
2025-12-23 11:59:45.695 RedLemon[7693:69838] 🔍 MPV track-list/count: 3
2025-12-23 11:59:45.695 RedLemon[7693:69838] 🔍 Track 0 type: sub
2025-12-23 11:59:45.695 RedLemon[7693:69838] ✅ Found subtitle track: ID=1, lang=en, title=Dexter.S05E02.HDTV.XviD-FQM, external=1
2025-12-23 11:59:45.695 RedLemon[7693:69838] 🔍 Track 1 type: sub
2025-12-23 11:59:45.695 RedLemon[7693:69838] ✅ Found subtitle track: ID=2, lang=en, title=Dexter Complete S05 720p HDTV x264-Scene, external=1
2025-12-23 11:59:45.696 RedLemon[7693:69838] 🔍 Track 2 type: sub
2025-12-23 11:59:45.696 RedLemon[7693:69838] ✅ Found subtitle track: ID=3, lang=en, title=Dexter Season 5 Complete 480p.ILPruny BoB, external=1
2025-12-23 11:59:45.696 RedLemon[7693:69838] 📊 Total subtitle tracks found: 4 (including Off if needed)
2025-12-23 11:59:45.696 RedLemon[7693:69838]    Start[0]: ID=0, Title='Off', Lang='nil', Ext=0
2025-12-23 11:59:45.696 RedLemon[7693:69838]    Start[1]: ID=1, Title='Dexter.S05E02.HDTV.XviD-FQM', Lang='en', Ext=1
2025-12-23 11:59:45.696 RedLemon[7693:69838]    Start[2]: ID=2, Title='Dexter Complete S05 720p HDTV x264-Scene', Lang='en', Ext=1
2025-12-23 11:59:45.696 RedLemon[7693:69838]    Start[3]: ID=3, Title='Dexter Season 5 Complete 480p.ILPruny BoB', Lang='en', Ext=1
2025-12-23 11:59:45.696 RedLemon[7693:69838] ✅ SubtitleService: Scanned 4 tracks (Attempt 1/5)
2025-12-23 11:59:45.697 RedLemon[7693:69838]    Track: ID=0, Title=Off, External=0
2025-12-23 11:59:45.697 RedLemon[7693:69838]    Track: ID=1, Title=Dexter.S05E02.HDTV.XviD-FQM, External=1
2025-12-23 11:59:45.697 RedLemon[7693:69838]    Track: ID=2, Title=Dexter Complete S05 720p HDTV x264-Scene, External=1
2025-12-23 11:59:45.697 RedLemon[7693:69838]    Track: ID=3, Title=Dexter Season 5 Complete 480p.ILPruny BoB, External=1
2025-12-23 11:59:46.310 RedLemon[7693:69838] 📤 Realtime: Sending message type: playbackState, sender: LGG3
2025-12-23 11:59:46.310 RedLemon[7693:69838]    Payload keys: position, senderId, type, isPlaying, timestamp
2025-12-23 11:59:46.311 RedLemon[7693:69838] ✅ Realtime: Message broadcast complete
2025-12-23 11:59:46.370 RedLemon[7693:70673] 📨 Realtime: Received broadcast message
2025-12-23 11:59:46.370 RedLemon[7693:70673]    Payload keys: position, isPlaying, senderId, timestamp, type
2025-12-23 11:59:46.371 RedLemon[7693:70673] ✅ Realtime: Decoded message type: playbackState, sender: LGG3
2025-12-23 11:59:46.371 RedLemon[7693:70673] 📞 Realtime: Invoking syncCallback for message type: playbackState
2025-12-23 11:59:46.371 RedLemon[7693:70673] ✅ Realtime: syncCallback invoked successfully
2025-12-23 11:59:46.371 RedLemon[7693:68193] 🔍 DEBUG: Received sync message - type: playbackState, sender: LGG3
2025-12-23 11:59:46.371 RedLemon[7693:68193] 🚫 DEBUG: Host filtering out message type: playbackState
2025-12-23 11:59:46.548 RedLemon[7693:68193] ⏱️ Watch Party: Duration available (2994.0s), triggering ready signal
2025-12-23 11:59:46.548 RedLemon[7693:68193] 👋 Watch Party: Sending INITIAL READY signal and starting loop
2025-12-23 11:59:46.548 RedLemon[7693:68193] 🔍 DEBUG: checkIfAllGuestsReady called
2025-12-23 11:59:46.548 RedLemon[7693:68193] 🔍 DEBUG: hasSentReadySignal = true
2025-12-23 11:59:46.548 RedLemon[7693:68193] 🔍 DEBUG: connectedGuestIds = 
2025-12-23 11:59:46.549 RedLemon[7693:68193] 🔍 DEBUG: readyGuestIds = 
2025-12-23 11:59:46.549 RedLemon[7693:68193] 🔍 DEBUG: forceSoloStart = false
2025-12-23 11:59:46.549 RedLemon[7693:68193] ⏳ No guests connected yet (waiting for presence updates)
2025-12-23 11:59:46.770 RedLemon[7693:69505] 🔍 MPV track-list/count: 14
2025-12-23 11:59:46.770 RedLemon[7693:70673] 📤 Realtime: Sending message type: ready, sender: 656DAA91-33B4-4688-9135-C982EA52D7C9
2025-12-23 11:59:46.770 RedLemon[7693:69505] 🔍 Track 0 type: sub
2025-12-23 11:59:46.771 RedLemon[7693:70673]    Payload keys: timestamp, isPlaying, position, senderId, type
2025-12-23 11:59:46.771 RedLemon[7693:69505] ✅ Found subtitle track: ID=1, lang=en, title=Dexter.S05E02.HDTV.XviD-FQM, external=1
2025-12-23 11:59:46.773 RedLemon[7693:69144] ✅ Realtime: Message broadcast complete
2025-12-23 11:59:46.805 RedLemon[7693:69505] 🔍 Track 1 type: sub
2025-12-23 11:59:46.806 RedLemon[7693:69505] ✅ Found subtitle track: ID=2, lang=en, title=Dexter Complete S05 720p HDTV x264-Scene, external=1
2025-12-23 11:59:46.807 RedLemon[7693:69505] 🔍 Track 2 type: sub
2025-12-23 11:59:46.807 RedLemon[7693:69505] ✅ Found subtitle track: ID=3, lang=en, title=Dexter Season 5 Complete 480p.ILPruny BoB, external=1
2025-12-23 11:59:46.807 RedLemon[7693:69505] 🔍 Track 3 type: video
2025-12-23 11:59:46.807 RedLemon[7693:69505] 🔍 Track 4 type: audio
2025-12-23 11:59:46.807 RedLemon[7693:69505] 🔍 Track 5 type: audio
2025-12-23 11:59:46.807 RedLemon[7693:69505] 🔍 Track 6 type: sub
2025-12-23 11:59:46.808 RedLemon[7693:69505] ✅ Found subtitle track: ID=4, lang=eng, title=English, external=0
2025-12-23 11:59:46.808 RedLemon[7693:69505] 🔍 Track 7 type: sub
2025-12-23 11:59:46.808 RedLemon[7693:69505] ✅ Found subtitle track: ID=5, lang=dan, title=Danish, external=0
2025-12-23 11:59:46.808 RedLemon[7693:69505] 🔍 Track 8 type: sub
2025-12-23 11:59:46.808 RedLemon[7693:69505] ✅ Found subtitle track: ID=6, lang=fin, title=Finnish, external=0
2025-12-23 11:59:46.809 RedLemon[7693:69505] 🔍 Track 9 type: sub
2025-12-23 11:59:46.809 RedLemon[7693:69505] ✅ Found subtitle track: ID=7, lang=ger, title=German, external=0
2025-12-23 11:59:46.809 RedLemon[7693:69505] 🔍 Track 10 type: sub
2025-12-23 11:59:46.809 RedLemon[7693:69505] ✅ Found subtitle track: ID=8, lang=ita, title=Italian, external=0
2025-12-23 11:59:46.809 RedLemon[7693:69505] 🔍 Track 11 type: sub
2025-12-23 11:59:46.809 RedLemon[7693:69505] ✅ Found subtitle track: ID=9, lang=jpn, title=Japanese, external=0
2025-12-23 11:59:46.809 RedLemon[7693:69505] 🔍 Track 12 type: sub
2025-12-23 11:59:46.809 RedLemon[7693:69505] ✅ Found subtitle track: ID=10, lang=nor, title=Norwegian, external=0
2025-12-23 11:59:46.809 RedLemon[7693:69505] 🔍 Track 13 type: sub
2025-12-23 11:59:46.810 RedLemon[7693:69505] ✅ Found subtitle track: ID=11, lang=swe, title=Swedish, external=0
2025-12-23 11:59:46.810 RedLemon[7693:69505] 📊 Total subtitle tracks found: 12 (including Off if needed)
2025-12-23 11:59:46.810 RedLemon[7693:69505]    Start[0]: ID=0, Title='Off', Lang='nil', Ext=0
2025-12-23 11:59:46.810 RedLemon[7693:69505]    Start[1]: ID=1, Title='Dexter.S05E02.HDTV.XviD-FQM', Lang='en', Ext=1
2025-12-23 11:59:46.810 RedLemon[7693:69505]    Start[2]: ID=2, Title='Dexter Complete S05 720p HDTV x264-Scene', Lang='en', Ext=1
2025-12-23 11:59:46.810 RedLemon[7693:69505]    Start[3]: ID=3, Title='Dexter Season 5 Complete 480p.ILPruny BoB', Lang='en', Ext=1
2025-12-23 11:59:46.810 RedLemon[7693:69505]    Start[4]: ID=4, Title='English', Lang='eng', Ext=0
2025-12-23 11:59:46.810 RedLemon[7693:69505]    Start[5]: ID=5, Title='Danish', Lang='dan', Ext=0
2025-12-23 11:59:46.810 RedLemon[7693:69505]    Start[6]: ID=6, Title='Finnish', Lang='fin', Ext=0
2025-12-23 11:59:46.810 RedLemon[7693:69505]    Start[7]: ID=7, Title='German', Lang='ger', Ext=0
2025-12-23 11:59:46.810 RedLemon[7693:69505]    Start[8]: ID=8, Title='Italian', Lang='ita', Ext=0
2025-12-23 11:59:46.811 RedLemon[7693:69505]    Start[9]: ID=9, Title='Japanese', Lang='jpn', Ext=0
2025-12-23 11:59:46.811 RedLemon[7693:69505]    Start[10]: ID=10, Title='Norwegian', Lang='nor', Ext=0
2025-12-23 11:59:46.811 RedLemon[7693:69505]    Start[11]: ID=11, Title='Swedish', Lang='swe', Ext=0
2025-12-23 11:59:46.812 RedLemon[7693:70679] 📨 Realtime: Received broadcast message
2025-12-23 11:59:46.812 RedLemon[7693:70679]    Payload keys: position, isPlaying, type, timestamp, senderId
2025-12-23 11:59:46.813 RedLemon[7693:70679] ✅ Realtime: Decoded message type: ready, sender: 656DAA91-33B4-4688-9135-C982EA52D7C9
2025-12-23 11:59:46.813 RedLemon[7693:70679] 📞 Realtime: Invoking syncCallback for message type: ready
2025-12-23 11:59:46.813 RedLemon[7693:70679] ✅ Realtime: syncCallback invoked successfully
2025-12-23 11:59:46.865 RedLemon[7693:69505] ✅ SubtitleService: Scanned 12 tracks (Attempt 2/5)
2025-12-23 11:59:46.866 RedLemon[7693:69505]    Track: ID=0, Title=Off, External=0
2025-12-23 11:59:46.866 RedLemon[7693:69505]    Track: ID=1, Title=Dexter.S05E02.HDTV.XviD-FQM, External=1
2025-12-23 11:59:46.866 RedLemon[7693:69505]    Track: ID=2, Title=Dexter Complete S05 720p HDTV x264-Scene, External=1
2025-12-23 11:59:46.866 RedLemon[7693:69505]    Track: ID=3, Title=Dexter Season 5 Complete 480p.ILPruny BoB, External=1
2025-12-23 11:59:46.867 RedLemon[7693:69505]    Track: ID=4, Title=English, External=0
2025-12-23 11:59:46.867 RedLemon[7693:69505]    Track: ID=5, Title=Danish, External=0
2025-12-23 11:59:46.867 RedLemon[7693:69505]    Track: ID=6, Title=Finnish, External=0
2025-12-23 11:59:46.867 RedLemon[7693:69505]    Track: ID=7, Title=German, External=0
2025-12-23 11:59:46.867 RedLemon[7693:69505]    Track: ID=8, Title=Italian, External=0
2025-12-23 11:59:46.868 RedLemon[7693:69505]    Track: ID=9, Title=Japanese, External=0
2025-12-23 11:59:46.868 RedLemon[7693:69505]    Track: ID=10, Title=Norwegian, External=0
2025-12-23 11:59:46.868 RedLemon[7693:69505]    Track: ID=11, Title=Swedish, External=0
2025-12-23 11:59:46.974 RedLemon[7693:68193] ✅ Watch Party: READY signal sent successfully
2025-12-23 11:59:46.974 RedLemon[7693:68193] 🔍 DEBUG: Received sync message - type: ready, sender: 656DAA91-33B4-4688-9135-C982EA52D7C9
2025-12-23 11:59:46.974 RedLemon[7693:68193] ✅ Received READY signal from 656DAA91-33B4-4688-9135-C982EA52D7C9
2025-12-23 11:59:46.974 RedLemon[7693:68193] 🔍 DEBUG: checkIfAllGuestsReady called
2025-12-23 11:59:46.974 RedLemon[7693:68193] 🔍 DEBUG: hasSentReadySignal = true
2025-12-23 11:59:46.974 RedLemon[7693:68193] 🔍 DEBUG: connectedGuestIds = 
2025-12-23 11:59:46.974 RedLemon[7693:68193] 🔍 DEBUG: readyGuestIds = 656DAA91-33B4-4688-9135-C982EA52D7C9
2025-12-23 11:59:46.974 RedLemon[7693:68193] 🔍 DEBUG: forceSoloStart = false
2025-12-23 11:59:46.974 RedLemon[7693:68193] ⏳ No guests connected yet (waiting for presence updates)
2025-12-23 11:59:47.889 RedLemon[7693:70673] 🔍 MPV track-list/count: 14
2025-12-23 11:59:47.889 RedLemon[7693:70673] 🔍 Track 0 type: sub
2025-12-23 11:59:47.890 RedLemon[7693:70673] ✅ Found subtitle track: ID=1, lang=en, title=Dexter.S05E02.HDTV.XviD-FQM, external=1
2025-12-23 11:59:47.890 RedLemon[7693:70673] 🔍 Track 1 type: sub
2025-12-23 11:59:47.890 RedLemon[7693:70673] ✅ Found subtitle track: ID=2, lang=en, title=Dexter Complete S05 720p HDTV x264-Scene, external=1
2025-12-23 11:59:47.890 RedLemon[7693:70673] 🔍 Track 2 type: sub
2025-12-23 11:59:47.890 RedLemon[7693:70673] ✅ Found subtitle track: ID=3, lang=en, title=Dexter Season 5 Complete 480p.ILPruny BoB, external=1
2025-12-23 11:59:47.891 RedLemon[7693:70673] 🔍 Track 3 type: video
2025-12-23 11:59:47.891 RedLemon[7693:70673] 🔍 Track 4 type: audio
2025-12-23 11:59:47.891 RedLemon[7693:70673] 🔍 Track 5 type: audio
2025-12-23 11:59:47.892 RedLemon[7693:70673] 🔍 Track 6 type: sub
2025-12-23 11:59:47.892 RedLemon[7693:70673] ✅ Found subtitle track: ID=4, lang=eng, title=English, external=0
2025-12-23 11:59:47.892 RedLemon[7693:70673] 🔍 Track 7 type: sub
2025-12-23 11:59:47.892 RedLemon[7693:70673] ✅ Found subtitle track: ID=5, lang=dan, title=Danish, external=0
2025-12-23 11:59:47.893 RedLemon[7693:70673] 🔍 Track 8 type: sub
2025-12-23 11:59:47.893 RedLemon[7693:70673] ✅ Found subtitle track: ID=6, lang=fin, title=Finnish, external=0
2025-12-23 11:59:47.893 RedLemon[7693:70673] 🔍 Track 9 type: sub
2025-12-23 11:59:47.894 RedLemon[7693:70673] ✅ Found subtitle track: ID=7, lang=ger, title=German, external=0
2025-12-23 11:59:47.894 RedLemon[7693:70673] 🔍 Track 10 type: sub
2025-12-23 11:59:47.894 RedLemon[7693:70673] ✅ Found subtitle track: ID=8, lang=ita, title=Italian, external=0
2025-12-23 11:59:47.894 RedLemon[7693:70673] 🔍 Track 11 type: sub
2025-12-23 11:59:47.895 RedLemon[7693:70673] ✅ Found subtitle track: ID=9, lang=jpn, title=Japanese, external=0
2025-12-23 11:59:47.895 RedLemon[7693:70673] 🔍 Track 12 type: sub
2025-12-23 11:59:47.895 RedLemon[7693:70673] ✅ Found subtitle track: ID=10, lang=nor, title=Norwegian, external=0
2025-12-23 11:59:47.895 RedLemon[7693:70673] 🔍 Track 13 type: sub
2025-12-23 11:59:47.896 RedLemon[7693:70673] ✅ Found subtitle track: ID=11, lang=swe, title=Swedish, external=0
2025-12-23 11:59:47.896 RedLemon[7693:70673] 📊 Total subtitle tracks found: 12 (including Off if needed)
2025-12-23 11:59:47.896 RedLemon[7693:70673]    Start[0]: ID=0, Title='Off', Lang='nil', Ext=0
2025-12-23 11:59:47.896 RedLemon[7693:70673]    Start[1]: ID=1, Title='Dexter.S05E02.HDTV.XviD-FQM', Lang='en', Ext=1
2025-12-23 11:59:47.897 RedLemon[7693:70673]    Start[2]: ID=2, Title='Dexter Complete S05 720p HDTV x264-Scene', Lang='en', Ext=1
2025-12-23 11:59:47.897 RedLemon[7693:70673]    Start[3]: ID=3, Title='Dexter Season 5 Complete 480p.ILPruny BoB', Lang='en', Ext=1
2025-12-23 11:59:47.897 RedLemon[7693:70673]    Start[4]: ID=4, Title='English', Lang='eng', Ext=0
2025-12-23 11:59:47.897 RedLemon[7693:70673]    Start[5]: ID=5, Title='Danish', Lang='dan', Ext=0
2025-12-23 11:59:47.897 RedLemon[7693:70673]    Start[6]: ID=6, Title='Finnish', Lang='fin', Ext=0
2025-12-23 11:59:47.897 RedLemon[7693:70673]    Start[7]: ID=7, Title='German', Lang='ger', Ext=0
2025-12-23 11:59:47.898 RedLemon[7693:70673]    Start[8]: ID=8, Title='Italian', Lang='ita', Ext=0
2025-12-23 11:59:47.898 RedLemon[7693:70673]    Start[9]: ID=9, Title='Japanese', Lang='jpn', Ext=0
2025-12-23 11:59:47.898 RedLemon[7693:70673]    Start[10]: ID=10, Title='Norwegian', Lang='nor', Ext=0
2025-12-23 11:59:47.898 RedLemon[7693:70673]    Start[11]: ID=11, Title='Swedish', Lang='swe', Ext=0
2025-12-23 11:59:47.898 RedLemon[7693:70673] ✅ SubtitleService: Scanned 12 tracks (Attempt 3/5)
2025-12-23 11:59:47.898 RedLemon[7693:70673]    Track: ID=0, Title=Off, External=0
2025-12-23 11:59:47.899 RedLemon[7693:70673]    Track: ID=1, Title=Dexter.S05E02.HDTV.XviD-FQM, External=1
2025-12-23 11:59:47.899 RedLemon[7693:70673]    Track: ID=2, Title=Dexter Complete S05 720p HDTV x264-Scene, External=1
2025-12-23 11:59:47.900 RedLemon[7693:70673]    Track: ID=3, Title=Dexter Season 5 Complete 480p.ILPruny BoB, External=1
2025-12-23 11:59:47.900 RedLemon[7693:70673]    Track: ID=4, Title=English, External=0
2025-12-23 11:59:47.900 RedLemon[7693:70673]    Track: ID=5, Title=Danish, External=0
2025-12-23 11:59:47.900 RedLemon[7693:70673]    Track: ID=6, Title=Finnish, External=0
2025-12-23 11:59:47.900 RedLemon[7693:70673]    Track: ID=7, Title=German, External=0
2025-12-23 11:59:47.901 RedLemon[7693:70673]    Track: ID=8, Title=Italian, External=0
2025-12-23 11:59:47.902 RedLemon[7693:70673]    Track: ID=9, Title=Japanese, External=0
2025-12-23 11:59:47.902 RedLemon[7693:70673]    Track: ID=10, Title=Norwegian, External=0
2025-12-23 11:59:47.902 RedLemon[7693:70673]    Track: ID=11, Title=Swedish, External=0
2025-12-23 11:59:48.024 RedLemon[7693:70679] 📨 Realtime: Received broadcast message
2025-12-23 11:59:48.024 RedLemon[7693:70679]    Payload keys: position, senderId, isPlaying, timestamp, type
2025-12-23 11:59:48.024 RedLemon[7693:70679] ✅ Realtime: Decoded message type: ready, sender: 96E01CDB-36C0-4228-A6E4-A29A3C66BC8E
2025-12-23 11:59:48.025 RedLemon[7693:70679] 📞 Realtime: Invoking syncCallback for message type: ready
2025-12-23 11:59:48.025 RedLemon[7693:70679] ✅ Realtime: syncCallback invoked successfully
2025-12-23 11:59:48.025 RedLemon[7693:68193] 🔍 DEBUG: Received sync message - type: ready, sender: 96E01CDB-36C0-4228-A6E4-A29A3C66BC8E
2025-12-23 11:59:48.025 RedLemon[7693:68193] ✅ Received READY signal from 96E01CDB-36C0-4228-A6E4-A29A3C66BC8E
2025-12-23 11:59:48.025 RedLemon[7693:68193] ⚠️ Adding 96E01CDB-36C0-4228-A6E4-A29A3C66BC8E to connectedGuestIds (presence fallback)
2025-12-23 11:59:48.025 RedLemon[7693:68193] 🔍 DEBUG: checkIfAllGuestsReady called
2025-12-23 11:59:48.025 RedLemon[7693:68193] 🔍 DEBUG: hasSentReadySignal = true
2025-12-23 11:59:48.025 RedLemon[7693:68193] 🔍 DEBUG: connectedGuestIds = 96E01CDB-36C0-4228-A6E4-A29A3C66BC8E
2025-12-23 11:59:48.026 RedLemon[7693:68193] 🔍 DEBUG: readyGuestIds = 656DAA91-33B4-4688-9135-C982EA52D7C9, 96E01CDB-36C0-4228-A6E4-A29A3C66BC8E
2025-12-23 11:59:48.026 RedLemon[7693:68193] 🔍 DEBUG: forceSoloStart = false
2025-12-23 11:59:48.026 RedLemon[7693:68193] 🔍 DEBUG: allReady = true
2025-12-23 11:59:48.026 RedLemon[7693:68193] 🚀 All guests ready! Starting playback in 1s...
2025-12-23 11:59:48.310 RedLemon[7693:70679] 📤 Realtime: Sending message type: playbackState, sender: LGG3
2025-12-23 11:59:48.310 RedLemon[7693:70679]    Payload keys: type, isPlaying, position, senderId, timestamp
2025-12-23 11:59:48.311 RedLemon[7693:69144] ✅ Realtime: Message broadcast complete
2025-12-23 11:59:48.359 RedLemon[7693:69144] 📨 Realtime: Received broadcast message
2025-12-23 11:59:48.359 RedLemon[7693:69144]    Payload keys: senderId, timestamp, isPlaying, position, type
2025-12-23 11:59:48.360 RedLemon[7693:69144] ✅ Realtime: Decoded message type: playbackState, sender: LGG3
2025-12-23 11:59:48.360 RedLemon[7693:69144] 📞 Realtime: Invoking syncCallback for message type: playbackState
2025-12-23 11:59:48.360 RedLemon[7693:68193] 🔍 DEBUG: Received sync message - type: playbackState, sender: LGG3
2025-12-23 11:59:48.360 RedLemon[7693:69144] ✅ Realtime: syncCallback invoked successfully
2025-12-23 11:59:48.360 RedLemon[7693:68193] 🚫 DEBUG: Host filtering out message type: playbackState
2025-12-23 11:59:48.549 RedLemon[7693:69144] 📤 Realtime: Sending message type: ready, sender: 656DAA91-33B4-4688-9135-C982EA52D7C9
2025-12-23 11:59:48.550 RedLemon[7693:69144]    Payload keys: isPlaying, position, type, senderId, timestamp
2025-12-23 11:59:48.550 RedLemon[7693:69144] ✅ Realtime: Message broadcast complete
2025-12-23 11:59:48.551 RedLemon[7693:68193] 🔄 Watch Party: Resent READY signal (loop)
2025-12-23 11:59:48.613 RedLemon[7693:68769] 📨 Realtime: Received broadcast message
2025-12-23 11:59:48.613 RedLemon[7693:68769]    Payload keys: type, senderId, isPlaying, position, timestamp
2025-12-23 11:59:48.613 RedLemon[7693:68769] ✅ Realtime: Decoded message type: ready, sender: 656DAA91-33B4-4688-9135-C982EA52D7C9
2025-12-23 11:59:48.613 RedLemon[7693:68769] 📞 Realtime: Invoking syncCallback for message type: ready
2025-12-23 11:59:48.613 RedLemon[7693:68769] ✅ Realtime: syncCallback invoked successfully
2025-12-23 11:59:48.614 RedLemon[7693:68193] 🔍 DEBUG: Received sync message - type: ready, sender: 656DAA91-33B4-4688-9135-C982EA52D7C9
2025-12-23 11:59:48.614 RedLemon[7693:68193] ✅ Received READY signal from 656DAA91-33B4-4688-9135-C982EA52D7C9
2025-12-23 11:59:48.614 RedLemon[7693:68193] 🔍 DEBUG: checkIfAllGuestsReady called
2025-12-23 11:59:48.614 RedLemon[7693:68193] 🔍 DEBUG: hasSentReadySignal = true
2025-12-23 11:59:48.614 RedLemon[7693:68193] 🔍 DEBUG: connectedGuestIds = 96E01CDB-36C0-4228-A6E4-A29A3C66BC8E
2025-12-23 11:59:48.614 RedLemon[7693:68193] 🔍 DEBUG: readyGuestIds = 656DAA91-33B4-4688-9135-C982EA52D7C9, 96E01CDB-36C0-4228-A6E4-A29A3C66BC8E
2025-12-23 11:59:48.614 RedLemon[7693:68193] 🔍 DEBUG: forceSoloStart = false
2025-12-23 11:59:48.614 RedLemon[7693:68193] 🔍 DEBUG: allReady = true
2025-12-23 11:59:48.614 RedLemon[7693:68193] 🚀 All guests ready! Starting playback in 1s...
2025-12-23 11:59:49.000 RedLemon[7693:68769] 🔍 MPV track-list/count: 14
2025-12-23 11:59:49.000 RedLemon[7693:68769] 🔍 Track 0 type: sub
2025-12-23 11:59:49.000 RedLemon[7693:68769] ✅ Found subtitle track: ID=1, lang=en, title=Dexter.S05E02.HDTV.XviD-FQM, external=1
2025-12-23 11:59:49.000 RedLemon[7693:68769] 🔍 Track 1 type: sub
2025-12-23 11:59:49.001 RedLemon[7693:68769] ✅ Found subtitle track: ID=2, lang=en, title=Dexter Complete S05 720p HDTV x264-Scene, external=1
2025-12-23 11:59:49.001 RedLemon[7693:68769] 🔍 Track 2 type: sub
2025-12-23 11:59:49.001 RedLemon[7693:68769] ✅ Found subtitle track: ID=3, lang=en, title=Dexter Season 5 Complete 480p.ILPruny BoB, external=1
2025-12-23 11:59:49.001 RedLemon[7693:68769] 🔍 Track 3 type: video
2025-12-23 11:59:49.002 RedLemon[7693:68769] 🔍 Track 4 type: audio
2025-12-23 11:59:49.002 RedLemon[7693:68769] 🔍 Track 5 type: audio
2025-12-23 11:59:49.002 RedLemon[7693:68769] 🔍 Track 6 type: sub
2025-12-23 11:59:49.002 RedLemon[7693:68769] ✅ Found subtitle track: ID=4, lang=eng, title=English, external=0
2025-12-23 11:59:49.002 RedLemon[7693:68769] 🔍 Track 7 type: sub
2025-12-23 11:59:49.003 RedLemon[7693:68769] ✅ Found subtitle track: ID=5, lang=dan, title=Danish, external=0
2025-12-23 11:59:49.003 RedLemon[7693:68769] 🔍 Track 8 type: sub
2025-12-23 11:59:49.003 RedLemon[7693:68769] ✅ Found subtitle track: ID=6, lang=fin, title=Finnish, external=0
2025-12-23 11:59:49.003 RedLemon[7693:68769] 🔍 Track 9 type: sub
2025-12-23 11:59:49.004 RedLemon[7693:68769] ✅ Found subtitle track: ID=7, lang=ger, title=German, external=0
2025-12-23 11:59:49.004 RedLemon[7693:68769] 🔍 Track 10 type: sub
2025-12-23 11:59:49.004 RedLemon[7693:68769] ✅ Found subtitle track: ID=8, lang=ita, title=Italian, external=0
2025-12-23 11:59:49.004 RedLemon[7693:68769] 🔍 Track 11 type: sub
2025-12-23 11:59:49.005 RedLemon[7693:68769] ✅ Found subtitle track: ID=9, lang=jpn, title=Japanese, external=0
2025-12-23 11:59:49.005 RedLemon[7693:68769] 🔍 Track 12 type: sub
2025-12-23 11:59:49.006 RedLemon[7693:68769] ✅ Found subtitle track: ID=10, lang=nor, title=Norwegian, external=0
2025-12-23 11:59:49.006 RedLemon[7693:68769] 🔍 Track 13 type: sub
2025-12-23 11:59:49.008 RedLemon[7693:68769] ✅ Found subtitle track: ID=11, lang=swe, title=Swedish, external=0
2025-12-23 11:59:49.008 RedLemon[7693:68769] 📊 Total subtitle tracks found: 12 (including Off if needed)
2025-12-23 11:59:49.008 RedLemon[7693:68769]    Start[0]: ID=0, Title='Off', Lang='nil', Ext=0
2025-12-23 11:59:49.008 RedLemon[7693:68769]    Start[1]: ID=1, Title='Dexter.S05E02.HDTV.XviD-FQM', Lang='en', Ext=1
2025-12-23 11:59:49.008 RedLemon[7693:68769]    Start[2]: ID=2, Title='Dexter Complete S05 720p HDTV x264-Scene', Lang='en', Ext=1
2025-12-23 11:59:49.008 RedLemon[7693:68769]    Start[3]: ID=3, Title='Dexter Season 5 Complete 480p.ILPruny BoB', Lang='en', Ext=1
2025-12-23 11:59:49.009 RedLemon[7693:68769]    Start[4]: ID=4, Title='English', Lang='eng', Ext=0
2025-12-23 11:59:49.009 RedLemon[7693:68769]    Start[5]: ID=5, Title='Danish', Lang='dan', Ext=0
2025-12-23 11:59:49.009 RedLemon[7693:68769]    Start[6]: ID=6, Title='Finnish', Lang='fin', Ext=0
2025-12-23 11:59:49.009 RedLemon[7693:68769]    Start[7]: ID=7, Title='German', Lang='ger', Ext=0
2025-12-23 11:59:49.009 RedLemon[7693:68769]    Start[8]: ID=8, Title='Italian', Lang='ita', Ext=0
2025-12-23 11:59:49.009 RedLemon[7693:68769]    Start[9]: ID=9, Title='Japanese', Lang='jpn', Ext=0
2025-12-23 11:59:49.009 RedLemon[7693:68769]    Start[10]: ID=10, Title='Norwegian', Lang='nor', Ext=0
2025-12-23 11:59:49.009 RedLemon[7693:68769]    Start[11]: ID=11, Title='Swedish', Lang='swe', Ext=0
2025-12-23 11:59:49.009 RedLemon[7693:68769] ✅ SubtitleService: Scanned 12 tracks (Attempt 4/5)
2025-12-23 11:59:49.009 RedLemon[7693:68769]    Track: ID=0, Title=Off, External=0
2025-12-23 11:59:49.010 RedLemon[7693:68769]    Track: ID=1, Title=Dexter.S05E02.HDTV.XviD-FQM, External=1
2025-12-23 11:59:49.010 RedLemon[7693:68769]    Track: ID=2, Title=Dexter Complete S05 720p HDTV x264-Scene, External=1
2025-12-23 11:59:49.011 RedLemon[7693:68769]    Track: ID=3, Title=Dexter Season 5 Complete 480p.ILPruny BoB, External=1
2025-12-23 11:59:49.011 RedLemon[7693:68769]    Track: ID=4, Title=English, External=0
2025-12-23 11:59:49.011 RedLemon[7693:68769]    Track: ID=5, Title=Danish, External=0
2025-12-23 11:59:49.011 RedLemon[7693:68769]    Track: ID=6, Title=Finnish, External=0
2025-12-23 11:59:49.012 RedLemon[7693:68769]    Track: ID=7, Title=German, External=0
2025-12-23 11:59:49.012 RedLemon[7693:68769]    Track: ID=8, Title=Italian, External=0
2025-12-23 11:59:49.012 RedLemon[7693:68769]    Track: ID=9, Title=Japanese, External=0
2025-12-23 11:59:49.012 RedLemon[7693:68769]    Track: ID=10, Title=Norwegian, External=0
2025-12-23 11:59:49.012 RedLemon[7693:68769]    Track: ID=11, Title=Swedish, External=0
2025-12-23 11:59:49.036 RedLemon[7693:68193] 🎬 Host: Initiating synchronized start
2025-12-23 11:59:49.074 RedLemon[7693:69144] 📤 Realtime: Sending message type: play, sender: 656DAA91-33B4-4688-9135-C982EA52D7C9
2025-12-23 11:59:49.075 RedLemon[7693:69144]    Payload keys: type, timestamp, senderId, position, isPlaying
2025-12-23 11:59:49.077 RedLemon[7693:70679] ✅ Realtime: Message broadcast complete
2025-12-23 11:59:49.148 RedLemon[7693:69144] 📨 Realtime: Received broadcast message
2025-12-23 11:59:49.148 RedLemon[7693:69144]    Payload keys: senderId, type, timestamp, position, isPlaying
2025-12-23 11:59:49.148 RedLemon[7693:69144] ✅ Realtime: Decoded message type: play, sender: 656DAA91-33B4-4688-9135-C982EA52D7C9
2025-12-23 11:59:49.148 RedLemon[7693:69144] 📞 Realtime: Invoking syncCallback for message type: play
2025-12-23 11:59:49.149 RedLemon[7693:69144] ✅ Realtime: syncCallback invoked successfully
2025-12-23 11:59:49.214 RedLemon[7693:68193] 🔍 DEBUG: Received sync message - type: play, sender: 656DAA91-33B4-4688-9135-C982EA52D7C9
2025-12-23 11:59:49.214 RedLemon[7693:68193] 🚫 DEBUG: Host filtering out message type: play
2025-12-23 11:59:49.728 RedLemon[7693:68193] 🎬 Host: Initiating synchronized start
2025-12-23 11:59:49.774 RedLemon[7693:70673] 📤 Realtime: Sending message type: play, sender: 656DAA91-33B4-4688-9135-C982EA52D7C9
2025-12-23 11:59:49.775 RedLemon[7693:70673]    Payload keys: position, isPlaying, timestamp, type, senderId
2025-12-23 11:59:49.776 RedLemon[7693:68769] ✅ Realtime: Message broadcast complete
2025-12-23 11:59:49.876 RedLemon[7693:69838] 📨 Realtime: Received broadcast message
2025-12-23 11:59:49.876 RedLemon[7693:69838]    Payload keys: type, position, senderId, timestamp, isPlaying
2025-12-23 11:59:49.876 RedLemon[7693:69838] ✅ Realtime: Decoded message type: play, sender: 656DAA91-33B4-4688-9135-C982EA52D7C9
2025-12-23 11:59:49.876 RedLemon[7693:69838] 📞 Realtime: Invoking syncCallback for message type: play
2025-12-23 11:59:49.877 RedLemon[7693:69838] ✅ Realtime: syncCallback invoked successfully
2025-12-23 11:59:49.908 RedLemon[7693:68193] 🔍 DEBUG: Received sync message - type: play, sender: 656DAA91-33B4-4688-9135-C982EA52D7C9
2025-12-23 11:59:49.908 RedLemon[7693:68193] 🚫 DEBUG: Host filtering out message type: play
2025-12-23 11:59:50.013 RedLemon[7693:68769] 🔍 MPV track-list/count: 14
2025-12-23 11:59:50.013 RedLemon[7693:68769] 🔍 Track 0 type: sub
2025-12-23 11:59:50.013 RedLemon[7693:68769] ✅ Found subtitle track: ID=1, lang=en, title=Dexter.S05E02.HDTV.XviD-FQM, external=1
2025-12-23 11:59:50.013 RedLemon[7693:68769] 🔍 Track 1 type: sub
2025-12-23 11:59:50.013 RedLemon[7693:68769] ✅ Found subtitle track: ID=2, lang=en, title=Dexter Complete S05 720p HDTV x264-Scene, external=1
2025-12-23 11:59:50.014 RedLemon[7693:68769] 🔍 Track 2 type: sub
2025-12-23 11:59:50.014 RedLemon[7693:68769] ✅ Found subtitle track: ID=3, lang=en, title=Dexter Season 5 Complete 480p.ILPruny BoB, external=1
2025-12-23 11:59:50.014 RedLemon[7693:68769] 🔍 Track 3 type: video
2025-12-23 11:59:50.014 RedLemon[7693:68769] 🔍 Track 4 type: audio
2025-12-23 11:59:50.014 RedLemon[7693:68769] 🔍 Track 5 type: audio
2025-12-23 11:59:50.015 RedLemon[7693:68769] 🔍 Track 6 type: sub
2025-12-23 11:59:50.015 RedLemon[7693:68769] ✅ Found subtitle track: ID=4, lang=eng, title=English, external=0
2025-12-23 11:59:50.015 RedLemon[7693:68769] 🔍 Track 7 type: sub
2025-12-23 11:59:50.015 RedLemon[7693:68769] ✅ Found subtitle track: ID=5, lang=dan, title=Danish, external=0
2025-12-23 11:59:50.015 RedLemon[7693:68769] 🔍 Track 8 type: sub
2025-12-23 11:59:50.016 RedLemon[7693:68769] ✅ Found subtitle track: ID=6, lang=fin, title=Finnish, external=0
2025-12-23 11:59:50.016 RedLemon[7693:68769] 🔍 Track 9 type: sub
2025-12-23 11:59:50.016 RedLemon[7693:68769] ✅ Found subtitle track: ID=7, lang=ger, title=German, external=0
2025-12-23 11:59:50.016 RedLemon[7693:68769] 🔍 Track 10 type: sub
2025-12-23 11:59:50.017 RedLemon[7693:68769] ✅ Found subtitle track: ID=8, lang=ita, title=Italian, external=0
2025-12-23 11:59:50.017 RedLemon[7693:68769] 🔍 Track 11 type: sub
2025-12-23 11:59:50.017 RedLemon[7693:68769] ✅ Found subtitle track: ID=9, lang=jpn, title=Japanese, external=0
2025-12-23 11:59:50.017 RedLemon[7693:68769] 🔍 Track 12 type: sub
2025-12-23 11:59:50.018 RedLemon[7693:68769] ✅ Found subtitle track: ID=10, lang=nor, title=Norwegian, external=0
2025-12-23 11:59:50.018 RedLemon[7693:68769] 🔍 Track 13 type: sub
2025-12-23 11:59:50.019 RedLemon[7693:68769] ✅ Found subtitle track: ID=11, lang=swe, title=Swedish, external=0
2025-12-23 11:59:50.019 RedLemon[7693:68769] 📊 Total subtitle tracks found: 12 (including Off if needed)
2025-12-23 11:59:50.019 RedLemon[7693:68769]    Start[0]: ID=0, Title='Off', Lang='nil', Ext=0
2025-12-23 11:59:50.019 RedLemon[7693:68769]    Start[1]: ID=1, Title='Dexter.S05E02.HDTV.XviD-FQM', Lang='en', Ext=1
2025-12-23 11:59:50.019 RedLemon[7693:68769]    Start[2]: ID=2, Title='Dexter Complete S05 720p HDTV x264-Scene', Lang='en', Ext=1
2025-12-23 11:59:50.019 RedLemon[7693:68769]    Start[3]: ID=3, Title='Dexter Season 5 Complete 480p.ILPruny BoB', Lang='en', Ext=1
2025-12-23 11:59:50.020 RedLemon[7693:68769]    Start[4]: ID=4, Title='English', Lang='eng', Ext=0
2025-12-23 11:59:50.020 RedLemon[7693:68769]    Start[5]: ID=5, Title='Danish', Lang='dan', Ext=0
2025-12-23 11:59:50.020 RedLemon[7693:68769]    Start[6]: ID=6, Title='Finnish', Lang='fin', Ext=0
2025-12-23 11:59:50.020 RedLemon[7693:68769]    Start[7]: ID=7, Title='German', Lang='ger', Ext=0
2025-12-23 11:59:50.020 RedLemon[7693:68769]    Start[8]: ID=8, Title='Italian', Lang='ita', Ext=0
2025-12-23 11:59:50.020 RedLemon[7693:68769]    Start[9]: ID=9, Title='Japanese', Lang='jpn', Ext=0
2025-12-23 11:59:50.020 RedLemon[7693:68769]    Start[10]: ID=10, Title='Norwegian', Lang='nor', Ext=0
2025-12-23 11:59:50.020 RedLemon[7693:68769]    Start[11]: ID=11, Title='Swedish', Lang='swe', Ext=0
2025-12-23 11:59:50.021 RedLemon[7693:68769] ✅ SubtitleService: Scanned 12 tracks (Attempt 5/5)
2025-12-23 11:59:50.021 RedLemon[7693:68769]    Track: ID=0, Title=Off, External=0
2025-12-23 11:59:50.021 RedLemon[7693:68769]    Track: ID=1, Title=Dexter.S05E02.HDTV.XviD-FQM, External=1
2025-12-23 11:59:50.021 RedLemon[7693:68769]    Track: ID=2, Title=Dexter Complete S05 720p HDTV x264-Scene, External=1
2025-12-23 11:59:50.022 RedLemon[7693:68769]    Track: ID=3, Title=Dexter Season 5 Complete 480p.ILPruny BoB, External=1
2025-12-23 11:59:50.022 RedLemon[7693:68769]    Track: ID=4, Title=English, External=0
2025-12-23 11:59:50.022 RedLemon[7693:68769]    Track: ID=5, Title=Danish, External=0
2025-12-23 11:59:50.023 RedLemon[7693:68769]    Track: ID=6, Title=Finnish, External=0
2025-12-23 11:59:50.024 RedLemon[7693:68769]    Track: ID=7, Title=German, External=0
2025-12-23 11:59:50.025 RedLemon[7693:68769]    Track: ID=8, Title=Italian, External=0
2025-12-23 11:59:50.025 RedLemon[7693:68769]    Track: ID=9, Title=Japanese, External=0
2025-12-23 11:59:50.025 RedLemon[7693:68769]    Track: ID=10, Title=Norwegian, External=0
2025-12-23 11:59:50.025 RedLemon[7693:68769]    Track: ID=11, Title=Swedish, External=0
2025-12-23 11:59:50.424 RedLemon[7693:68769] 📤 Realtime: Sending message type: playbackState, sender: LGG3
2025-12-23 11:59:50.425 RedLemon[7693:68769]    Payload keys: type, position, timestamp, isPlaying, senderId
2025-12-23 11:59:50.426 RedLemon[7693:69838] ✅ Realtime: Message broadcast complete
2025-12-23 11:59:50.485 RedLemon[7693:70679] 📨 Realtime: Received broadcast message
2025-12-23 11:59:50.485 RedLemon[7693:70679]    Payload keys: position, isPlaying, timestamp, type, senderId
2025-12-23 11:59:50.486 RedLemon[7693:70679] ✅ Realtime: Decoded message type: playbackState, sender: LGG3
2025-12-23 11:59:50.486 RedLemon[7693:70679] 📞 Realtime: Invoking syncCallback for message type: playbackState
2025-12-23 11:59:50.486 RedLemon[7693:70679] ✅ Realtime: syncCallback invoked successfully
2025-12-23 11:59:50.508 RedLemon[7693:68193] 🔍 DEBUG: Received sync message - type: playbackState, sender: LGG3
2025-12-23 11:59:50.508 RedLemon[7693:68193] 🚫 DEBUG: Host filtering out message type: playbackState
2025-12-23 11:59:52.394 RedLemon[7693:69838] 📤 Realtime: Sending message type: playbackState, sender: LGG3
2025-12-23 11:59:52.394 RedLemon[7693:69838]    Payload keys: senderId, position, type, timestamp, isPlaying
2025-12-23 11:59:52.395 RedLemon[7693:70679] ✅ Realtime: Message broadcast complete
2025-12-23 11:59:52.499 RedLemon[7693:70679] 📨 Realtime: Received broadcast message
2025-12-23 11:59:52.499 RedLemon[7693:70679]    Payload keys: position, senderId, type, isPlaying, timestamp
2025-12-23 11:59:52.500 RedLemon[7693:70679] ✅ Realtime: Decoded message type: playbackState, sender: LGG3
2025-12-23 11:59:52.500 RedLemon[7693:70679] 📞 Realtime: Invoking syncCallback for message type: playbackState
2025-12-23 11:59:52.500 RedLemon[7693:70679] ✅ Realtime: syncCallback invoked successfully
2025-12-23 11:59:52.521 RedLemon[7693:68193] 🔍 DEBUG: Received sync message - type: playbackState, sender: LGG3
2025-12-23 11:59:52.521 RedLemon[7693:68193] 🚫 DEBUG: Host filtering out message type: playbackState
2025-12-23 11:59:53.059 RedLemon[7693:68193] ✅ Exit button triggered! x=247 <= 342, y=578 >= 576
2025-12-23 11:59:53.077 RedLemon[7693:68193] ✅ Exit button triggered! x=238 <= 342, y=586 >= 576
2025-12-23 11:59:53.078 RedLemon[7693:68193] ✅ Exit button triggered! x=227 <= 342, y=596 >= 576
2025-12-23 11:59:53.080 RedLemon[7693:68193] ✅ Exit button triggered! x=217 <= 342, y=607 >= 576
2025-12-23 11:59:53.089 RedLemon[7693:68193] ✅ Exit button triggered! x=199 <= 342, y=627 >= 576
2025-12-23 11:59:53.142 RedLemon[7693:68193] ✅ Exit button triggered! x=152 <= 342, y=686 >= 576
2025-12-23 11:59:53.145 RedLemon[7693:68193] ✅ Exit button triggered! x=150 <= 342, y=690 >= 576
2025-12-23 11:59:53.154 RedLemon[7693:68193] ✅ Exit button triggered! x=148 <= 342, y=693 >= 576
2025-12-23 11:59:53.351 RedLemon[7693:68193] ✅ Exit button triggered! x=132 <= 342, y=708 >= 576
2025-12-23 11:59:53.355 RedLemon[7693:68193] ✅ Exit button triggered! x=125 <= 342, y=714 >= 576
2025-12-23 11:59:53.394 RedLemon[7693:68193] ✅ Exit button triggered! x=111 <= 342, y=726 >= 576
2025-12-23 11:59:53.397 RedLemon[7693:68193] ✅ Exit button triggered! x=107 <= 342, y=728 >= 576
2025-12-23 11:59:53.434 RedLemon[7693:68193] ✅ Exit button triggered! x=105 <= 342, y=730 >= 576
2025-12-23 11:59:53.435 RedLemon[7693:68193] ✅ Exit button triggered! x=103 <= 342, y=731 >= 576
2025-12-23 11:59:53.476 RedLemon[7693:68193] ✅ Exit button triggered! x=103 <= 342, y=731 >= 576
2025-12-23 11:59:53.851 RedLemon[7693:68193] ✅ Exit button triggered! x=103 <= 342, y=732 >= 576
2025-12-23 11:59:54.089 RedLemon[7693:68769] 📤 Realtime: Sending message type: returnToLobby, sender: 656DAA91-33B4-4688-9135-C982EA52D7C9
2025-12-23 11:59:54.090 RedLemon[7693:68769]    Payload keys: type, timestamp, isPlaying, position, senderId
2025-12-23 11:59:54.098 RedLemon[7693:69838] ✅ Realtime: Message broadcast complete
2025-12-23 11:59:54.154 RedLemon[7693:68769] 📨 Realtime: Received broadcast message
2025-12-23 11:59:54.155 RedLemon[7693:68769]    Payload keys: type, senderId, isPlaying, timestamp, position
2025-12-23 11:59:54.155 RedLemon[7693:68769] ✅ Realtime: Decoded message type: returnToLobby, sender: 656DAA91-33B4-4688-9135-C982EA52D7C9
2025-12-23 11:59:54.155 RedLemon[7693:68769] 📞 Realtime: Invoking syncCallback for message type: returnToLobby
2025-12-23 11:59:54.155 RedLemon[7693:68769] ✅ Realtime: syncCallback invoked successfully
2025-12-23 11:59:54.184 RedLemon[7693:68193] 🔍 DEBUG: Received sync message - type: returnToLobby, sender: 656DAA91-33B4-4688-9135-C982EA52D7C9
2025-12-23 11:59:54.184 RedLemon[7693:68193] 🚫 DEBUG: Host filtering out message type: returnToLobby
📄 Subtitle request: L3N1YnRpdGxlLzIwNjQx... (offset: 0ms)
📥 Downloading subtitle from SubDL CDN: /subtitle/2064166-575148.zip
🎬 DisplayLink: reportSwap() (throttled)
✅ Download complete: 263850 bytes
📦 Detected ZIP archive, extracting...
🔍 Looking for S%02dE%02d in zip (%d files)... 5 2 12
✅ Found matching file in zip (Strategy 2 - Pattern s05e02): Dexter.S05E02.480p.Bluray.srt
📦 Extracting specific file: Dexter.S05E02.480p.Bluray.srt
✅ Extraction successful
✅ Subtitle downloaded and converted to VTT
🔍 SubtitleService: Starting embedded track scan (polling 5s)...
📊 Current subtitle track: 3
🎬 DisplayLink: reportSwap() (throttled)
📨 Received: {"ref":null,"event":"broadcast","payload":{"event":"sync","payload":{"isPlaying":false,"position":0,"senderId":"LGG3","timestamp":0,"type":"playbackState"},"type":"broadcast"},"topic":"realtime:watch-party:LGG3"}
📨 Received: {"ref":null,"event":"presence_diff","payload":{"joins":{"cad02b74-e01f-11f0-bae9-0a58a9feac02":{"metas":[{"phx_ref":"GIPmvrQyGoArgXJB","phx_ref_prev":"GIPmvWYV9QQrgfiN","last_seen":"2025-12-23T16:59:45.420Z","room_id":"LGG3","started_at":"2025-12-23T16:59:45.420Z","status":"online","user_id":"96e01cdb-36c0-4228-a6e4-a29a3c66bc8e","username":"lemontom","watching_id":"tt0773262","watching_title":"Dexter - S05E02: Hello, Bandit","watching_type":"series"}]}},"leaves":{"cad02b74-e01f-11f0-bae9-0a58a9feac02":{"metas":[{"phx_ref":"GIPmvWYV9QQrgfiN","phx_ref_prev":"GIPmuXkvgbArgY-E","last_seen":"2025-12-23T16:59:39.813Z","room_id":"LGG3","started_at":"2025-12-23T16:59:22.967Z","status":"In Lobby: Dexter","user_id":"96e01cdb-36c0-4228-a6e4-a29a3c66bc8e","username":"lemontom","watching_id":"tt0773262","watching_title":"Dexter","watching_type":"series"}]}}},"topic":"realtime:global-presence"}
[MPV] (+) Video --vid=1 (*) (h264 1920x1080 23.976fps)
[MPV] (+) Audio --aid=1 --alang=eng (*) 'TrueHD 5.1' (truehd 6ch 48000Hz)
[MPV] Audio --aid=2 --alang=eng 'AC-3 5.1' (ac3 6ch 48000Hz)
[MPV] Subs  --sid=1 --slang=en 'Dexter.S05E02.HDTV.XviD-FQM' (webvtt) (external)
[MPV] Subs  --sid=2 --slang=en 'Dexter Complete S05 720p HDTV x264-Scene' (webvtt) (external)
[MPV] (+) Subs  --sid=3 --slang=en 'Dexter Season 5 Complete 480p.ILPruny BoB' (webvtt) (external)
[MPV] Subs  --sid=4 --slang=eng 'English' (hdmv_pgs_subtitle)
[MPV] Subs  --sid=5 --slang=dan 'Danish' (hdmv_pgs_subtitle)
[MPV] Subs  --sid=6 --slang=fin 'Finnish' (hdmv_pgs_subtitle)
[MPV] Subs  --sid=7 --slang=ger 'German' (hdmv_pgs_subtitle)
[MPV] Subs  --sid=8 --slang=ita 'Italian' (hdmv_pgs_subtitle)
[MPV] Subs  --sid=9 --slang=jpn 'Japanese' (hdmv_pgs_subtitle)
[MPV] Subs  --sid=10 --slang=nor 'Norwegian' (hdmv_pgs_subtitle)
[MPV] Subs  --sid=11 --slang=swe 'Swedish' (hdmv_pgs_subtitle)
[MPV] File tags:
[MPV] Title: Dexter S05E02
 MPV Event: 18
 MPV Event: 18
🔍 SMART-LOAD: Starting track polling loop...
🔍 SMART-LOAD: Expecting 3 external subtitles to prevent race condition
🎬 MPV: Frame ready! Calling layer.update() (throttled)
📨 Received: {"ref":null,"event":"presence_diff","payload":{"joins":{"bb1f6c34-e020-11f0-a273-0a58a9feac02":{"metas":[{"phx_ref":"GIPmvrJ_B0KEImKD","phx_ref_prev":"GIPmuY6O0xeEIpJB","is_host":false,"joined_at":1766509185.399764,"user_id":"96E01CDB-36C0-4228-A6E4-A29A3C66BC8E","username":"lemontom"}]}},"leaves":{"bb1f6c34-e020-11f0-a273-0a58a9feac02":{"metas":[{"phx_ref":"GIPmuY6O0xeEIpJB","phx_ref_prev":"GIPmuXqZKvqEItQH","is_host":false,"joined_at":1766509163.3168921,"user_id":"96e01cdb-36c0-4228-a6e4-a29a3c66bc8e","username":"lemontom"}]}}},"topic":"realtime:watch-party:LGG3"}
✅ SMART-LOAD: Found 14 tracks including 3/3 external subs.
✅ SMART-LOAD: All tracks ready! Proceeding to selection.
⏳ Participant leaving (grace period started): 96e01cdb-36c0-4228-a6e4-a29a3c66bc8e
🔄 User 96e01cdb-36c0-4228-a6e4-a29a3c66bc8e reconnected within grace period - cancelling leave
➕ Added new participant 96e01cdb-36c0-4228-a6e4-a29a3c66bc8e (Ref: GIPmvrJ_B0KEImKD)
⚠️ Self (656daa91-33b4-4688-9135-c982ea52d7c9) was missing from list - restoring.
 MPV Event: 18
🔍 AUDIO AUTO-SELECT: Starting smart audio track scan
🔍 Track 1: TrueHD 5.1 | 6ch | English: true | Commentary: false -> Score: 1065
🔍 Track 2: AC-3 5.1 | 6ch | English: true | Commentary: false -> Score: 1060
🏆 Selected best audio track: TrueHD 5.1 (ID: 1, Score: 1065)
🔍 AUDIO AUTO-SELECT: Starting smart audio track scan
🔍 Track 1: TrueHD 5.1 | 6ch | English: true | Commentary: false -> Score: 1065
🔍 Track 2: AC-3 5.1 | 6ch | English: true | Commentary: false -> Score: 1060
🏆 Selected best audio track: TrueHD 5.1 (ID: 1, Score: 1065)
🔍 AUTO-SELECT: Starting subtitle scan & selection refresh
🔍 AUTO-SELECT: Found 14 total tracks
🔍 AUTO-SELECT: Track 0 - ID: 1, lang: 'en', title: 'Dexter.S05E02.HDTV.XviD-FQM', forced: false, default: false, HI: false, Ext: true
🔍 AUTO-SELECT: Track 1 - ID: 2, lang: 'en', title: 'Dexter Complete S05 720p HDTV x264-Scene', forced: false, default: false, HI: false, Ext: true
🔍 AUTO-SELECT: Track 2 - ID: 3, lang: 'en', title: 'Dexter Season 5 Complete 480p.ILPruny BoB', forced: false, default: false, HI: false, Ext: true
🔍 AUTO-SELECT: Track 6 - ID: 4, lang: 'eng', title: 'English', forced: false, default: false, HI: false, Ext: false
✅ Auto-selecting BEST English subtitle: English (ID: 4) [External: false, Forced: false, Default: false, HI: false]
   🏆 Final Score: 3600 (Embedded: 3000, Match: 0, Clean: 600, SDH: 0)
📨 Received: {"ref":null,"event":"broadcast","payload":{"event":"sync","payload":{"isPlaying":false,"position":0,"senderId":"656DAA91-33B4-4688-9135-C982EA52D7C9","timestamp":1766509186.548717,"type":"ready"},"type":"broadcast"},"topic":"realtime:watch-party:LGG3"}
📊 Current subtitle track: 4
🎬 canDraw() = true (forceDraw:false, hasFrame:true) (throttled)
🎬 draw() - Rendering frame! (throttled)
⏸️ SMART-LOAD: Staying paused (Watch Party / User Request)
⏹️ Leave task cancelled for 96e01cdb-36c0-4228-a6e4-a29a3c66bc8e
 MPV Event: 17
 MPV Event: 17
[MPV] Using hardware decoding (videotoolbox).
[MPV] AO: [coreaudio] 48000Hz stereo 2ch floatp
[MPV] VO: [libmpv] 1920x1080 videotoolbox[nv12]
[MPV] Track switched:
[MPV] (+) Video --vid=1 (*) (h264 [High] 1920x1080 23.976fps)
[MPV] (+) Audio --aid=1 --alang=eng (*) 'TrueHD 5.1' (truehd 6ch 48000Hz)
[MPV] Audio --aid=2 --alang=eng 'AC-3 5.1' (ac3 6ch 48000Hz)
[MPV] Subs  --sid=1 --slang=en 'Dexter.S05E02.HDTV.XviD-FQM' (webvtt) (external)
[MPV] Subs  --sid=2 --slang=en 'Dexter Complete S05 720p HDTV x264-Scene' (webvtt) (external)
[MPV] (+) Subs  --sid=3 --slang=en 'Dexter Season 5 Complete 480p.ILPruny BoB' (webvtt) (external)
[MPV] Subs  --sid=4 --slang=eng 'English' (hdmv_pgs_subtitle)
[MPV] Subs  --sid=5 --slang=dan 'Danish' (hdmv_pgs_subtitle)
[MPV] Subs  --sid=6 --slang=fin 'Finnish' (hdmv_pgs_subtitle)
[MPV] Subs  --sid=7 --slang=ger 'German' (hdmv_pgs_subtitle)
[MPV] Subs  --sid=8 --slang=ita 'Italian' (hdmv_pgs_subtitle)
[MPV] Subs  --sid=9 --slang=jpn 'Japanese' (hdmv_pgs_subtitle)
[MPV] Subs  --sid=10 --slang=nor 'Norwegian' (hdmv_pgs_subtitle)
[MPV] Subs  --sid=11 --slang=swe 'Swedish' (hdmv_pgs_subtitle)
[MPV] Track switched:
[MPV] (+) Video --vid=1 (*) (h264 [High] 1920x1080 23.976fps)
[MPV] (+) Audio --aid=1 --alang=eng (*) 'TrueHD 5.1' (truehd 6ch 48000Hz)
[MPV] Audio --aid=2 --alang=eng 'AC-3 5.1' (ac3 6ch 48000Hz)
[MPV] Subs  --sid=1 --slang=en 'Dexter.S05E02.HDTV.XviD-FQM' (webvtt) (external)
[MPV] Subs  --sid=2 --slang=en 'Dexter Complete S05 720p HDTV x264-Scene' (webvtt) (external)
[MPV] Subs  --sid=3 --slang=en 'Dexter Season 5 Complete 480p.ILPruny BoB' (webvtt) (external)
[MPV] (+) Subs  --sid=4 --slang=eng 'English' (hdmv_pgs_subtitle)
[MPV] Subs  --sid=5 --slang=dan 'Danish' (hdmv_pgs_subtitle)
[MPV] Subs  --sid=6 --slang=fin 'Finnish' (hdmv_pgs_subtitle)
[MPV] Subs  --sid=7 --slang=ger 'German' (hdmv_pgs_subtitle)
[MPV] Subs  --sid=8 --slang=ita 'Italian' (hdmv_pgs_subtitle)
[MPV] Subs  --sid=9 --slang=jpn 'Japanese' (hdmv_pgs_subtitle)
[MPV] Subs  --sid=10 --slang=nor 'Norwegian' (hdmv_pgs_subtitle)
[MPV] Subs  --sid=11 --slang=swe 'Swedish' (hdmv_pgs_subtitle)
🎬 DisplayLink: reportSwap() (throttled)
📊 Current subtitle track: 4
📨 Received: {"ref":null,"event":"broadcast","payload":{"event":"sync","payload":{"isPlaying":false,"position":0,"senderId":"96E01CDB-36C0-4228-A6E4-A29A3C66BC8E","timestamp":1766509187.724206,"type":"ready"},"type":"broadcast"},"topic":"realtime:watch-party:LGG3"}
🎬 DisplayLink: reportSwap() (throttled)
📨 Received: {"ref":null,"event":"broadcast","payload":{"event":"sync","payload":{"isPlaying":false,"position":0,"senderId":"LGG3","timestamp":0,"type":"playbackState"},"type":"broadcast"},"topic":"realtime:watch-party:LGG3"}
📨 Received: {"ref":null,"event":"broadcast","payload":{"event":"sync","payload":{"isPlaying":false,"position":0,"senderId":"656DAA91-33B4-4688-9135-C982EA52D7C9","timestamp":1766509188.548913,"type":"ready"},"type":"broadcast"},"topic":"realtime:watch-party:LGG3"}
📊 Current subtitle track: 4
⚡️ PlaybackService: creating sleep assertion (preventing idle sleep)
✅ Video ready - hiding poster
🎬 MPV: Frame ready! Calling layer.update() (throttled)
🎬 Layer.update() called - forceDraw:false needsFlip:true (throttled)
📨 Received: {"ref":null,"event":"broadcast","payload":{"event":"sync","payload":{"isPlaying":true,"position":0,"senderId":"656DAA91-33B4-4688-9135-C982EA52D7C9","timestamp":1766509189.036766,"type":"play"},"type":"broadcast"},"topic":"realtime:watch-party:LGG3"}
📝 Started watch history tracking
🎬 DisplayLink: reportSwap() (throttled)
📨 Received: {"ref":null,"event":"broadcast","payload":{"event":"sync","payload":{"isPlaying":true,"position":0.375,"senderId":"656DAA91-33B4-4688-9135-C982EA52D7C9","timestamp":1766509189.728743,"type":"play"},"type":"broadcast"},"topic":"realtime:watch-party:LGG3"}
📊 Current subtitle track: 4
🔍 AUTO-SELECT: Starting subtitle scan & selection refresh
🔍 AUTO-SELECT: Found 14 total tracks
🔍 AUTO-SELECT: Track 0 - ID: 1, lang: 'en', title: 'Dexter.S05E02.HDTV.XviD-FQM', forced: false, default: false, HI: false, Ext: true
🔍 AUTO-SELECT: Track 1 - ID: 2, lang: 'en', title: 'Dexter Complete S05 720p HDTV x264-Scene', forced: false, default: false, HI: false, Ext: true
🔍 AUTO-SELECT: Track 2 - ID: 3, lang: 'en', title: 'Dexter Season 5 Complete 480p.ILPruny BoB', forced: false, default: false, HI: false, Ext: true
🔍 AUTO-SELECT: Track 6 - ID: 4, lang: 'eng', title: 'English', forced: false, default: false, HI: false, Ext: false
✅ Auto-selecting BEST English subtitle: English (ID: 4) [External: false, Forced: false, Default: false, HI: false]
   🏆 Final Score: 3600 (Embedded: 3000, Match: 0, Clean: 600, SDH: 0)
🎬 DisplayLink: reportSwap() (throttled)
📨 Received: {"ref":null,"event":"broadcast","payload":{"event":"sync","payload":{"isPlaying":true,"position":0,"senderId":"LGG3","timestamp":0.959,"type":"playbackState"},"type":"broadcast"},"topic":"realtime:watch-party:LGG3"}
🎬 MPV: Frame ready! Calling layer.update() (throttled)
🎬 DisplayLink: reportSwap() (throttled)
🎬 canDraw() = true (forceDraw:false, hasFrame:true) (throttled)
🎬 draw() - Rendering frame! (throttled)
🎬 Layer.update() called - forceDraw:false needsFlip:true (throttled)
🎬 DisplayLink: reportSwap() (throttled)
📨 Received: {"ref":null,"event":"broadcast","payload":{"event":"sync","payload":{"isPlaying":true,"position":0,"senderId":"LGG3","timestamp":3.0029999999999997,"type":"playbackState"},"type":"broadcast"},"topic":"realtime:watch-party:LGG3"}
🎬 MPV: Frame ready! Calling layer.update() (throttled)
🎬 DisplayLink: reportSwap() (throttled)
🏠 Host triggering return to lobby...
📨 Received: {"ref":null,"event":"broadcast","payload":{"event":"sync","payload":{"isPlaying":false,"position":0,"senderId":"656DAA91-33B4-4688-9135-C982EA52D7C9","timestamp":1766509194.021668,"type":"returnToLobby"},"type":"broadcast"},"topic":"realtime:watch-party:LGG3"}
🔍 Supabase Response for /rooms: [{"id":"LGG3","name":"Dexter","host_user_id":"656daa91-33b4-4688-9135-c982ea52d7c9","host_username":"ursinho","stream_hash":null,"imdb_id":"tt0773262","poster_url":"https://images.metahub.space/poster/small/tt0773262/img","backdrop_url":"https://images.metahub.space/background/medium/tt0773262/img","playback_position":0,"is_playing":false,"participants_count":2,"max_participants":50,"is_public":true,"created_at":"2025-12-23T16:57:46.773918","last_activity":"2025-12-23T16:59:54","season":5,"episode":2,"selected_quality":"1080p","selected_file_idx":null,"unlocked_stream_url":"https://chi9-4.download.real-debrid.com/d/XI6C5CJJEIXMS123/Dexter.S05E02.Hello.Bandit.1080p.TrueHD.5.1.AVC.REMUX-FraMeSToR.mkv","description":null,"current_playlist_index":1,"playlist":[{"id": "55EB824E-268B-438A-BB0B-368078D3E3F3", "season": 5, "episode": 1, "mediaItem": {"id": "tt0773262", "logo": "https://images.metahub.space/logo/medium/tt0773262/img", "name": "Dexter", "type": "series", "year": "2006–2013", "genres": ["Crime", "Drama", "Mystery"], "poster": "https://images.metahub.space/poster/small/tt0773262/img", "runtime": "53 min", "background": "https://images.metahub.space/background/medium/tt0773262/img", "imdbRating": "8.6", "description": "He's smart. He's lovable. He's Dexter Morgan, America's favorite serial killer, who spends his days solving crimes and his nights committing them.", "releaseInfo": "2006–2013"}}, {"id": "6C2916D8-5983-48A8-879A-F4A01DFB1A13", "season": 5, "episode": 2, "mediaItem": {"id": "tt0773262", "name": "Dexter", "type": "series", "poster": "https://m.media-amazon.com/images/M/MV5BMTQ3YmQ4YzMtOTkyZC00YmM5LThhZjEtM2E0MjFkNTc0OGJhXkEyXkFqcGc@._V1_SX250.jpg"}}, {"id": "95A0B67E-472C-4CB6-B646-ECEA69FCF911", "season": 5, "episode": 3, "mediaItem": {"id": "tt0773262", "name": "Dexter", "type": "series", "poster": "https://m.media-amazon.com/images/M/MV5BMTQ3YmQ4YzMtOTkyZC00YmM5LThhZjEtM2E0MjFkNTc0OGJhXkEyXkFqcGc@._V1_SX250.jpg"}}, {"id": "26796E09-432C-419B-AA7C-C2EBA213D96E", "season": 5, "episode": 4, "mediaItem": {"id": "tt0773262", "name": "Dexter", "type": "series", "poster": "https://m.media-amazon.com/images/M/MV5BMTQ3YmQ4YzMtOTkyZC00YmM5LThhZjEtM2E0MjFkNTc0OGJhXkEyXkFqcGc@._V1_SX250.jpg"}}, {"id": "31808A62-8C0B-4DF3-B1BF-860FC4B73C9B", "season": 5, "episode": 5, "mediaItem": {"id": "tt0773262", "name": "Dexter", "type": "series", "poster": "https://m.media-amazon.com/images/M/MV5BMTQ3YmQ4YzMtOTkyZC00YmM5LThhZjEtM2E0MjFkNTc0OGJhXkEyXkFqcGc@._V1_SX250.jpg"}}, {"id": "CDBC9894-74AD-480C-BBEC-D87350BA0704", "season": 5, "episode": 6, "mediaItem": {"id": "tt0773262", "name": "Dexter", "type": "series", "poster": "https://m.media-amazon.com/images/M/MV5BMTQ3YmQ4YzMtOTkyZC00YmM5LThhZjEtM2E0MjFkNTc0OGJhXkEyXkFqcGc@._V1_SX250.jpg"}}, {"id": "85A03E82-56A7-436C-B584-3A62258F9B67", "season": 5, "episode": 7, "mediaItem": {"id": "tt0773262", "name": "Dexter", "type": "series", "poster": "https://m.media-amazon.com/images/M/MV5BMTQ3YmQ4YzMtOTkyZC00YmM5LThhZjEtM2E0MjFkNTc0OGJhXkEyXkFqcGc@._V1_SX250.jpg"}}, {"id": "5DC64A9B-1E1F-44E4-AC94-8C897E227D29", "season": 5, "episode": 8, "mediaItem": {"id": "tt0773262", "name": "Dexter", "type": "series", "poster": "https://m.media-amazon.com/images/M/MV5BMTQ3YmQ4YzMtOTkyZC00YmM5LThhZjEtM2E0MjFkNTc0OGJhXkEyXkFqcGc@._V1_SX250.jpg"}}, {"id": "F4562D42-3275-4379-9F76-D6FB908BE84F", "season": 5, "episode": 9, "mediaItem": {"id": "tt0773262", "name": "Dexter", "type": "series", "poster": "https://m.media-amazon.com/images/M/MV5BMTQ3YmQ4YzMtOTkyZC00YmM5LThhZjEtM2E0MjFkNTc0OGJhXkEyXkFqcGc@._V1_SX250.jpg"}}, {"id": "765BEFEF-AEB6-4BFE-8C62-77E9DB8D4040", "season": 5, "episode": 10, "mediaItem": {"id": "tt0773262", "name": "Dexter", "type": "series", "poster": "https://m.media-amazon.com/images/M/MV5BMTQ3YmQ4YzMtOTkyZC00YmM5LThhZjEtM2E0MjFkNTc0OGJhXkEyXkFqcGc@._V1_SX250.jpg"}}, {"id": "323F5080-C926-4842-B88E-167D5785FC32", "season": 5, "episode": 11, "mediaItem": {"id": "tt0773262", "name": "Dexter", "type": "series", "poster": "https://m.media-amazon.com/images/M/MV5BMTQ3YmQ4YzMtOTkyZC00YmM5LThhZjEtM2E0MjFkNTc0OGJhXkEyXkFqcGc@._V1_SX250.jpg"}}, {"id": "474B73D2-FB6B-4C07-B30B-B4654124436B", "season": 5, "episode": 2025-12-23 11:59:54.351 RedLemon[7693:68193] 📨 Lobby: Received Room UPDATE from Realtime
2025-12-23 11:59:54.352 RedLemon[7693:68193] 📨 Lobby: Received Room UPDATE from Realtime
2025-12-23 11:59:54.352 RedLemon[7693:68193] 📨 Lobby: Received Room UPDATE from Realtime
2025-12-23 11:59:54.352 RedLemon[7693:68193] 📨 Lobby: Received Room UPDATE from Realtime
2025-12-23 11:59:54.352 RedLemon[7693:68769] 📤 Realtime: Sending message type: playbackState, sender: LGG3
2025-12-23 11:59:54.353 RedLemon[7693:68769]    Payload keys: type, position, timestamp, isPlaying, senderId
2025-12-23 11:59:54.354 RedLemon[7693:70673] ✅ Realtime: Message broadcast complete
2025-12-23 11:59:54.434 RedLemon[7693:68769] 📨 Realtime: Received broadcast message
2025-12-23 11:59:54.434 RedLemon[7693:68769]    Payload keys: timestamp, senderId, isPlaying, type, position
2025-12-23 11:59:54.436 RedLemon[7693:68769] ✅ Realtime: Decoded message type: playbackState, sender: LGG3
2025-12-23 11:59:54.436 RedLemon[7693:68769] 📞 Realtime: Invoking syncCallback for message type: playbackState
2025-12-23 11:59:54.436 RedLemon[7693:68769] ✅ Realtime: syncCallback invoked successfully
12, "mediaItem": {"id": "tt0773262", "name": "Dexter", "type": "series", "poster": "https://m.media-amazon.com/images/M/MV5BMTQ3YmQ4YzMtOTkyZC00YmM5LThhZjEtM2E0MjFkNTc0OGJhXkEyXkFqcGc@._V1_SX250.jpg"}}],"subtitle_url":null}]
✅ Host cleared DB playback state before exit
📨 Received: {"ref":null,"event":"postgres_changes","payload":{"data":{"table":"rooms","type":"UPDATE","record":{"id": "LGG3", "name": "Dexter", "season": 5, "episode": 2, "imdb_id": "tt0773262", "playlist": [{"id": "55EB824E-268B-438A-BB0B-368078D3E3F3", "season": 5, "episode": 1, "mediaItem": {"id": "tt0773262", "logo": "https://images.metahub.space/logo/medium/tt0773262/img", "name": "Dexter", "type": "series", "year": "2006–2013", "genres": ["Crime", "Drama", "Mystery"], "poster": "https://images.metahub.space/poster/small/tt0773262/img", "runtime": "53 min", "background": "https://images.metahub.space/background/medium/tt0773262/img", "imdbRating": "8.6", "description": "He's smart. He's lovable. He's Dexter Morgan, America's favorite serial killer, who spends his days solving crimes and his nights committing them.", "releaseInfo": "2006–2013"}}, {"id": "6C2916D8-5983-48A8-879A-F4A01DFB1A13", "season": 5, "episode": 2, "mediaItem": {"id": "tt0773262", "name": "Dexter", "type": "series", "poster": "https://m.media-amazon.com/images/M/MV5BMTQ3YmQ4YzMtOTkyZC00YmM5LThhZjEtM2E0MjFkNTc0OGJhXkEyXkFqcGc@._V1_SX250.jpg"}}, {"id": "95A0B67E-472C-4CB6-B646-ECEA69FCF911", "season": 5, "episode": 3, "mediaItem": {"id": "tt0773262", "name": "Dexter", "type": "series", "poster": "https://m.media-amazon.com/images/M/MV5BMTQ3YmQ4YzMtOTkyZC00YmM5LThhZjEtM2E0MjFkNTc0OGJhXkEyXkFqcGc@._V1_SX250.jpg"}}, {"id": "26796E09-432C-419B-AA7C-C2EBA213D96E", "season": 5, "episode": 4, "mediaItem": {"id": "tt0773262", "name": "Dexter", "type": "series", "poster": "https://m.media-amazon.com/images/M/MV5BMTQ3YmQ4YzMtOTkyZC00YmM5LThhZjEtM2E0MjFkNTc0OGJhXkEyXkFqcGc@._V1_SX250.jpg"}}, {"id": "31808A62-8C0B-4DF3-B1BF-860FC4B73C9B", "season": 5, "episode": 5, "mediaItem": {"id": "tt0773262", "name": "Dexter", "type": "series", "poster": "https://m.media-amazon.com/images/M/MV5BMTQ3YmQ4YzMtOTkyZC00YmM5LThhZjEtM2E0MjFkNTc0OGJhXkEyXkFqcGc@._V1_SX250.jpg"}}, {"id": "CDBC9894-74AD-480C-BBEC-D87350BA0704", "season": 5, "episode": 6, "mediaItem": {"id": "tt0773262", "name": "Dexter", "type": "series", "poster": "https://m.media-amazon.com/images/M/MV5BMTQ3YmQ4YzMtOTkyZC00YmM5LThhZjEtM2E0MjFkNTc0OGJhXkEyXkFqcGc@._V1_SX250.jpg"}}, {"id": "85A03E82-56A7-436C-B584-3A62258F9B67", "season": 5, "episode": 7, "mediaItem": {"id": "tt0773262", "name": "Dexter", "type": "series", "poster": "https://m.media-amazon.com/images/M/MV5BMTQ3YmQ4YzMtOTkyZC00YmM5LThhZjEtM2E0MjFkNTc0OGJhXkEyXkFqcGc@._V1_SX250.jpg"}}, {"id": "5DC64A9B-1E1F-44E4-AC94-8C897E227D29", "season": 5, "episode": 8, "mediaItem": {"id": "tt0773262", "name": "Dexter", "type": "series", "poster": "https://m.media-amazon.com/images/M/MV5BMTQ3YmQ4YzMtOTkyZC00YmM5LThhZjEtM2E0MjFkNTc0OGJhXkEyXkFqcGc@._V1_SX250.jpg"}}, {"id": "F4562D42-3275-4379-9F76-D6FB908BE84F", "season": 5, "episode": 9, "mediaItem": {"id": "tt0773262", "name": "Dexter", "type": "series", "poster": "https://m.media-amazon.com/images/M/MV5BMTQ3YmQ4YzMtOTkyZC00YmM5LThhZjEtM2E0MjFkNTc0OGJhXkEyXkFqcGc@._V1_SX250.jpg"}}, {"id": "765BEFEF-AEB6-4BFE-8C62-77E9DB8D4040", "season": 5, "episode": 10, "mediaItem": {"id": "tt0773262", "name": "Dexter", "type": "series", "poster": "https://m.media-amazon.com/images/M/MV5BMTQ3YmQ4YzMtOTkyZC00YmM5LThhZjEtM2E0MjFkNTc0OGJhXkEyXkFqcGc@._V1_SX250.jpg"}}, {"id": "323F5080-C926-4842-B88E-167D5785FC32", "season": 5, "episode": 11, "mediaItem": {"id": "tt0773262", "name": "Dexter", "type": "series", "poster": "https://m.media-amazon.com/images/M/MV5BMTQ3YmQ4YzMtOTkyZC00YmM5LThhZjEtM2E0MjFkNTc0OGJhXkEyXkFqcGc@._V1_SX250.jpg"}}, {"id": "474B73D2-FB6B-4C07-B30B-B4654124436B", "season": 5, "episode": 12, "mediaItem": {"id": "tt0773262", "name": "Dexter", "type": "series", "poster": "https://m.media-amazon.com/images/M/MV5BMTQ3YmQ4YzMtOTkyZC00YmM5LThhZjEtM2E0MjFkNTc0OGJhXkEyXkFqcGc@._V1_SX250.jpg"}}], "is_public": true, "created_at": "2025-12-23T16:57:46.773918", "is_playing": false, "poster_url": "https://images.metahub.space/poster/small/tt0773262/img", "description": null, "stream_hash": null, "backdrop_url": "https://images.metahub.space/background/medium/tt0773262/img", "host_user_id": "656daa91-33b4-4688-9135-c982ea52d7c9", "subtitle_url": null, "host_username": "ursinho", "last_activity": "2025-12-23T16:59:54", "max_participants": 50, "selected_quality": "1080p", "playback_position": 0, "selected_file_idx": null, "participants_count": 2, "unlocked_stream_url": "https://chi9-4.download.real-debrid.com/d/XI6C5CJJEIXMS123/Dexter.S05E02.Hello.Bandit.1080p.TrueHD.5.1.AVC.REMUX-FraMeSToR.mkv", "current_playlist_index": 1},"columns":[{"name": "id", "type": "text"}, {"name": "name", "type": "text"}, {"name": "host_user_id", "type": "uuid"}, {"name": "host_username", "type": "text"}, {"name": "stream_hash", "type": "text"}, {"name": "imdb_id", "type": "text"}, {"name": "poster_url", "type": "text"}, {"name": "backdrop_url", "type": "text"}, {"name": "playback_position", "type": "int4"}, {"name": "is_playing", "type": "bool"}, {"name": "participants_count", "type": "int4"}, {"name": "max_participants", "type": "int4"}, {"name": "is_public", "type": "bool"}, {"name": "created_at", "type": "timestamp"}, {"name": "last_activity", "type": "timestamp"}, {"name": "season", "type": "int4"}, {"name": "episode", "type": "int4"}, {"name": "selected_quality", "type": "text"}, {"name": "selected_file_idx", "type": "int4"}, {"name": "unlocked_stream_url", "type": "text"}, {"name": "description", "type": "text"}, {"name": "current_playlist_index", "type": "int4"}, {"name": "playlist", "type": "jsonb"}, {"name": "subtitle_url", "type": "text"}],"errors":null,"schema":"public","commit_timestamp":"2025-12-23T16:59:54.265Z","old_record":{"id": "LGG3"}},"ids":[67457933]},"topic":"realtime:watch-party:LGG3"}
🔄 Lobby: Fetching fresh room state from Supabase...
🔄 Lobby: Fetching fresh room state from Supabase...
🔄 Lobby: Fetching fresh room state from Supabase...
🔄 Lobby: Fetching fresh room state from Supabase...
🎬 DisplayLink: reportSwap() (throttled)
📨 Received: {"ref":null,"event":"broadcast","payload":{"event":"sync","payload":{"isPlaying":true,"position":0,"senderId":"LGG3","timestamp":5.088,"type":"playbackState"},"type":"broadcast"},"topic":"realtime:watch-party:LGG3"}
🚫 Ignoring stale LEAVE event for 656daa91-33b4-4688-9135-c982ea52d7c9 (Tracked: GIPmvm81OeJ8VuID != Leaving: GIPmubaMVQ58VmMM)
🔍 Supabase Response for /rooms: [{"id":"LGG3","name":"Dexter","host_user_id":"656daa91-33b4-4688-9135-c982ea52d7c9","host_username":"ursinho","stream_hash":null,"imdb_id":"tt0773262","poster_url":"https://images.metahub.space/poster/small/tt0773262/img","backdrop_url":"https://images.metahub.space/background/medium/tt0773262/img","playback_position":0,"is_playing":false,"participants_count":2,"max_participants":50,"is_public":true,"created_at":"2025-12-23T16:57:46.773918","last_activity":"2025-12-23T16:59:54","season":5,"episode":2,"selected_quality":"1080p","selected_file_idx":null,"unlocked_stream_url":"https://chi9-4.download.real-debrid.com/d/XI6C5CJJEIXMS123/Dexter.S05E02.Hello.Bandit.1080p.TrueHD.5.1.AVC.REMUX-FraMeSToR.mkv","description":null,"current_playlist_index":1,"playlist":[{"id": "55EB824E-268B-438A-BB0B-368078D3E3F3", "season": 5, "episode": 1, "mediaItem": {"id": "tt0773262", "logo": "https://images.metahub.space/logo/medium/tt0773262/img", "name": "Dexter", "type": "series", "year": "2006–2013", "genres": ["Crime", "Drama", "Mystery"], "poster": "https://images.metahub.space/poster/small/tt0773262/img", "runtime": "53 min", "background": "https://images.metahub.space/background/medium/tt0773262/img", "imdbRating": "8.6", "description": "He's smart. He's lovable. He's Dexter Morgan, America's favorite serial killer, who spends his days solving crimes and his nights committing them.", "releaseInfo": "2006–2013"}}, {"id": "6C2916D8-5983-48A8-879A-F4A01DFB1A13", "season": 5, "episode": 2, "mediaItem": {"id": "tt0773262", "name": "Dexter", "type": "series", "poster": "https://m.media-amazon.com/images/M/MV5BMTQ3YmQ4YzMtOTkyZC00YmM5LThhZjEtM2E0MjFkNTc0OGJhXkEyXkFqcGc@._V1_SX250.jpg"}}, {"id": "95A0B67E-472C-4CB6-B646-ECEA69FCF911", "season": 5, "episode": 3, "mediaItem": {"id": "tt0773262", "name": "Dexter", "type": "series", "poster": "https://m.media-amazon.com/images/M/MV5BMTQ3YmQ4YzMtOTkyZC00YmM5LThhZjEtM2E0MjFkNTc0OGJhXkEyXkFqcGc@._V1_SX250.jpg"}}, {"id": "26796E09-432C-419B-AA7C-C2EBA213D96E", "season": 5, "episode": 4, "mediaItem": {"id": "tt0773262", "name": "Dexter", "type": "series", "poster": "https://m.media-amazon.com/images/M/MV5BMTQ3YmQ4YzMtOTkyZC00YmM5LThhZjEtM2E0MjFkNTc0OGJhXkEyXkFqcGc@._V1_SX250.jpg"}}, {"id": "31808A62-8C0B-4DF3-B1BF-860FC4B73C9B", "season": 5, "episode": 5, "mediaItem": {"id": "tt0773262", "name": "Dexter", "type": "series", "poster": "https://m.media-amazon.com/images/M/MV5BMTQ3YmQ4YzMtOTkyZC00YmM5LThhZjEtM2E0MjFkNTc0OGJhXkEyXkFqcGc@._V1_SX250.jpg"}}, {"id": "CDBC9894-74AD-480C-BBEC-D87350BA0704", "season": 5, "episode": 6, "mediaItem": {"id": "tt0773262", "name": "Dexter", "type": "series", "poster": "https://m.media-amazon.com/images/M/MV5BMTQ3YmQ4YzMtOTkyZC00YmM5LThhZjEtM2E0MjFkNTc0OGJhXkEyXkFqcGc@._V1_SX250.jpg"}}, {"id": "85A03E82-56A7-436C-B584-3A62258F9B67", "season": 5, "episode": 7, "mediaItem": {"id": "tt0773262", "name": "Dexter", "type": "series", "poster": "https://m.media-amazon.com/images/M/MV5BMTQ3YmQ4YzMtOTkyZC00YmM5LThhZjEtM2E0MjFkNTc0OGJhXkEyXkFqcGc@._V1_SX250.jpg"}}, {"id": "5DC64A9B-1E1F-44E4-AC94-8C897E227D29", "season": 5, "episode": 8, "mediaItem": {"id": "tt0773262", "name": "Dexter", "type": "series", "poster": "https://m.media-amazon.com/images/M/MV5BMTQ3YmQ4YzMtOTkyZC00YmM5LThhZjEtM2E0MjFkNTc0OGJhXkEyXkFqcGc@._V1_SX250.jpg"}}, {"id": "F4562D42-3275-4379-9F76-D6FB908BE84F", "season": 5, "episode": 9, "mediaItem": {"id": "tt0773262", "name": "Dexter", "type": "series", "poster": "https://m.media-amazon.com/images/M/MV5BMTQ3YmQ4YzMtOTkyZC00YmM5LThhZjEtM2E0MjFkNTc0OGJhXkEyXkFqcGc@._V1_SX250.jpg"}}, {"id": "765BEFEF-AEB6-4BFE-8C62-77E9DB8D4040", "season": 5, "episode": 10, "mediaItem": {"id": "tt0773262", "name": "Dexter", "type": "series", "poster": "https://m.media-amazon.com/images/M/MV5BMTQ3YmQ4YzMtOTkyZC00YmM5LThhZjEtM2E0MjFkNTc0OGJhXkEyXkFqcGc@._V1_SX250.jpg"}}, {"id": "323F5080-C926-4842-B88E-167D5785FC32", "season": 5, "episode": 11, "mediaItem": {"id": "tt0773262", "name": "Dexter", "type": "series", "poster": "https://m.media-amazon.com/images/M/MV5BMTQ3YmQ4YzMtOTkyZC00YmM5LThhZjEtM2E0MjFkNTc0OGJhXkEyXkFqcGc@._V1_SX250.jpg"}}, {"id": "474B73D2-FB6B-4C07-B30B-B4654124436B", "season": 5, "episode": 12, "mediaItem": {"id": "tt0773262", "name": "Dexter", "type": "series", "poster": "https://m.media-amazon.com/images/M/MV5BMTQ3YmQ4YzMtOTkyZC00YmM5LThhZjEtM2E0MjFkNTc0OGJhXkEyXkFqcGc@._V1_SX250.jpg"}}],"subtitle_url":null}]
🔍 Supabase Response for /rooms: [{"id":"LGG3","name":"Dexter","host_user_id":"656daa91-33b4-4688-9135-c982ea52d7c9","host_username":"ursinho","stream_hash":null,"imdb_id":"tt0773262","poster_url":"https://images.metahub.space/poster/small/tt0773262/img","backdrop_url":"https://images.metahub.space/background/medium/tt0773262/img","playback_position":0,"is_playing":false,"participants_count":2,"max_participants":50,"is_public":true,"created_at":"2025-12-23T16:57:46.773918","last_activity":"2025-12-23T16:59:54","season":5,"episode":2,"selected_quality":"1080p","selected_file_idx":null,"unlocked_stream_url":"https://chi9-4.download.real-debrid.com/d/XI6C5CJJEIXMS123/Dexter.S05E02.Hello.Bandit.1080p.TrueHD.5.1.AVC.REMUX-FraMeSToR.mkv","description":null,"current_playlist_index":1,"playlist":[{"id": "55EB824E-268B-438A-BB0B-368078D3E3F3", "season": 5, "episode": 1, "mediaItem": {"id": "tt0773262", "logo": "https://images.metahub.space/logo/medium/tt0773262/img", "name": "Dexter", "type": "series", "year": "2006–2013", "genres": ["Crime", "Drama", "Mystery"], "poster": "https://images.metahub.space/poster/small/tt0773262/img", "runtime": "53 min", "background": "https://images.metahub.space/background/medium/tt0773262/img", "imdbRating": "8.6", "description": "He's smart. He's lovable. He's Dexter Morgan, America's favorite serial killer, who spends his days solving crimes and his nights committing them.", "releaseInfo": "2006–2013"}}, {"id": "6C2916D8-5983-48A8-879A-F4A01DFB1A13", "season": 5, "episode": 2, "mediaItem": {"id": "tt0773262", "name": "Dexter", "type": "series", "poster": "https://m.media-amazon.com/images/M/MV5BMTQ3YmQ4YzMtOTkyZC00YmM5LThhZjEtM2E0MjFkNTc0OGJhXkEyXkFqcGc@._V1_SX250.jpg"}}, {"id": "95A0B67E-472C-4CB6-B646-ECEA69FCF911", "season": 5, "episode": 3, "mediaItem": {"id": "tt0773262", "name": "Dexter", "type": "series", "poster": "https://m.media-amazon.com/images/M/MV5BMTQ3YmQ4YzMtOTkyZC00YmM5LThhZjEtM2E0MjFkNTc0OGJhXkEyXkFqcGc@._V1_SX250.jpg"}}, {"id": "26796E09-432C-419B-AA7C-C2EBA213D96E", "season": 5, "episode": 4, "mediaItem": {"id": "tt0773262", "name": "Dexter", "type": "series", "poster": "https://m.media-amazon.com/images/M/MV5BMTQ3YmQ4YzMtOTkyZC00YmM5LThhZjEtM2E0MjFkNTc0OGJhXkEyXkFqcGc@._V1_SX250.jpg"}}, {"id": "31808A62-8C0B-4DF3-B1BF-860FC4B73C9B", "season": 5, "episode": 5, "mediaItem": {"id": "tt0773262", "name": "Dexter", "type": "series", "poster": "https://m.media-amazon.com/images/M/MV5BMTQ3YmQ4YzMtOTkyZC00YmM5LThhZjEtM2E0MjFkNTc0OGJhXkEyXkFqcGc@._V1_SX250.jpg"}}, {"id": "CDBC9894-74AD-480C-BBEC-D87350BA0704", "season": 5, "episode": 6, "mediaItem": {"id": "tt0773262", "name": "Dexter", "type": "series", "poster": "https://m.media-amazon.com/images/M/MV5BMTQ3YmQ4YzMtOTkyZC00YmM5LThhZjEtM2E0MjFkNTc0OGJhXkEyXkFqcGc@._V1_SX250.jpg"}}, {"id": "85A03E82-56A7-436C-B584-3A62258F9B67", "season": 5, "episode": 7, "mediaItem": {"id": "tt0773262", "name": "Dexter", "type": "series", "poster": "https://m.media-amazon.com/images/M/MV5BMTQ3YmQ4YzMtOTkyZC00YmM5LThhZjEtM2E0MjFkNTc0OGJhXkEyXkFqcGc@._V1_SX250.jpg"}}, {"id": "5DC64A9B-1E1F-44E4-AC94-8C897E227D29", "season": 5, "episode": 8, "mediaItem": {"id": "tt0773262", "name": "Dexter", "type": "series", "poster": "https://m.media-amazon.com/images/M/MV5BMTQ3YmQ4YzMtOTkyZC00YmM5LThhZjEtM2E0MjFkNTc0OGJhXkEyXkFqcGc@._V1_SX250.jpg"}}, {"id": "F4562D42-3275-4379-9F76-D6FB908BE84F", "season": 5, "episode": 9, "mediaItem": {"id": "tt0773262", "name": "Dexter", "type": "series", "poster": "https://m.media-amazon.com/images/M/MV5BMTQ3YmQ4YzMtOTkyZC00YmM5LThhZjEtM2E0MjFkNTc0OGJhXkEyXkFqcGc@._V1_SX250.jpg"}}, {"id": "765BEFEF-AEB6-4BFE-8C62-77E9DB8D4040", "season": 5, "episode": 10, "mediaItem": {"id": "tt0773262", "name": "Dexter", "type": "series", "poster": "https://m.media-amazon.com/images/M/MV5BMTQ3YmQ4YzMtOTkyZC00YmM5LThhZjEtM2E0MjFkNTc0OGJhXkEyXkFqcGc@._V1_SX250.jpg"}}, {"id": "323F5080-C926-4842-B88E-167D5785FC32", "season": 5, "episode": 11, "mediaItem": {"id": "tt0773262", "name": "Dexter", "type": "series", "poster": "https://m.media-amazon.com/images/M/MV5BMTQ3YmQ4YzMtOTkyZC00YmM5LThhZjEtM2E0MjFkNTc0OGJhXkEyXkFqcGc@._V1_SX250.jpg"}}, {"id": "474B73D2-FB6B-4C07-B30B-B4654124436B", "season": 5, "episode": 12, "mediaItem": {"id": "tt0773262", "name": "Dexter", "type": "series", "poster": "https://m.media-amazon.com/images/M/MV5BMTQ3YmQ4YzMtOTkyZC00YmM5LThhZjEtM2E0MjFkNTc0OGJhXkEyXkFqcGc@._V1_SX250.jpg"}}],"subtitle_url":null}]
🔍 Supabase Response for /rooms: [{"id":"LGG3","name":"Dexter","host_user_id":"656daa91-33b4-4688-9135-c982ea52d7c9","host_username":"ursinho","stream_hash":null,"imdb_id":"tt0773262","poster_url":"https://images.metahub.space/poster/small/tt0773262/img","backdrop_url":"https://images.metahub.space/background/medium/tt0773262/img","playback_position":0,"is_playing":false,"participants_count":2,"max_participants":50,"is_public":true,"created_at":"2025-12-23T16:57:46.773918","last_activity":"2025-12-23T16:59:54","season":5,"episode":2,"selected_quality":"1080p","selected_file_idx":null,"unlocked_stream_url":"https://chi9-4.download.real-debrid.com/d/XI6C5CJJEIXMS123/Dexter.S05E02.Hello.Bandit.1080p.Tru2025-12-23 11:59:54.475 RedLemon[7693:68193] 🔍 DEBUG: Received sync message - type: playbackState, sender: LGG3
2025-12-23 11:59:54.476 RedLemon[7693:68193] 🚫 DEBUG: Host filtering out message type: playbackState
2025-12-23 11:59:54.768 RedLemon[7693:68193] 👥 MPVPlayer: Updated participants list via polling: 2
2025-12-23 11:59:55.271 RedLemon[7693:68193] 🖥️ WindowManager: exitFullscreen() called
2025-12-23 11:59:55.271 RedLemon[7693:68193]    ✅ WindowManager: Toggling fullscreen OFF
2025-12-23 11:59:55.362 RedLemon[7693:68193] 🪟 WindowManager: restoreWindowSize() called - restoring to expanded size
2025-12-23 11:59:55.362 RedLemon[7693:68193]    📐 WindowManager: Restoring to expanded size: (0.0, 0.0, 1366.0, 743.0)
2025-12-23 11:59:55.601 RedLemon[7693:68193]    ✅ WindowManager: Window restored to expanded size
eHD.5.1.AVC.REMUX-FraMeSToR.mkv","description":null,"current_playlist_index":1,"playlist":[{"id": "55EB824E-268B-438A-BB0B-368078D3E3F3", "season": 5, "episode": 1, "mediaItem": {"id": "tt0773262", "logo": "https://images.metahub.space/logo/medium/tt0773262/img", "name": "Dexter", "type": "series", "year": "2006–2013", "genres": ["Crime", "Drama", "Mystery"], "poster": "https://images.metahub.space/poster/small/tt0773262/img", "runtime": "53 min", "background": "https://images.metahub.space/background/medium/tt0773262/img", "imdbRating": "8.6", "description": "He's smart. He's lovable. He's Dexter Morgan, America's favorite serial killer, who spends his days solving crimes and his nights committing them.", "releaseInfo": "2006–2013"}}, {"id": "6C2916D8-5983-48A8-879A-F4A01DFB1A13", "season": 5, "episode": 2, "mediaItem": {"id": "tt0773262", "name": "Dexter", "type": "series", "poster": "https://m.media-amazon.com/images/M/MV5BMTQ3YmQ4YzMtOTkyZC00YmM5LThhZjEtM2E0MjFkNTc0OGJhXkEyXkFqcGc@._V1_SX250.jpg"}}, {"id": "95A0B67E-472C-4CB6-B646-ECEA69FCF911", "season": 5, "episode": 3, "mediaItem": {"id": "tt0773262", "name": "Dexter", "type": "series", "poster": "https://m.media-amazon.com/images/M/MV5BMTQ3YmQ4YzMtOTkyZC00YmM5LThhZjEtM2E0MjFkNTc0OGJhXkEyXkFqcGc@._V1_SX250.jpg"}}, {"id": "26796E09-432C-419B-AA7C-C2EBA213D96E", "season": 5, "episode": 4, "mediaItem": {"id": "tt0773262", "name": "Dexter", "type": "series", "poster": "https://m.media-amazon.com/images/M/MV5BMTQ3YmQ4YzMtOTkyZC00YmM5LThhZjEtM2E0MjFkNTc0OGJhXkEyXkFqcGc@._V1_SX250.jpg"}}, {"id": "31808A62-8C0B-4DF3-B1BF-860FC4B73C9B", "season": 5, "episode": 5, "mediaItem": {"id": "tt0773262", "name": "Dexter", "type": "series", "poster": "https://m.media-amazon.com/images/M/MV5BMTQ3YmQ4YzMtOTkyZC00YmM5LThhZjEtM2E0MjFkNTc0OGJhXkEyXkFqcGc@._V1_SX250.jpg"}}, {"id": "CDBC9894-74AD-480C-BBEC-D87350BA0704", "season": 5, "episode": 6, "mediaItem": {"id": "tt0773262", "name": "Dexter", "type": "series", "poster": "https://m.media-amazon.com/images/M/MV5BMTQ3YmQ4YzMtOTkyZC00YmM5LThhZjEtM2E0MjFkNTc0OGJhXkEyXkFqcGc@._V1_SX250.jpg"}}, {"id": "85A03E82-56A7-436C-B584-3A62258F9B67", "season": 5, "episode": 7, "mediaItem": {"id": "tt0773262", "name": "Dexter", "type": "series", "poster": "https://m.media-amazon.com/images/M/MV5BMTQ3YmQ4YzMtOTkyZC00YmM5LThhZjEtM2E0MjFkNTc0OGJhXkEyXkFqcGc@._V1_SX250.jpg"}}, {"id": "5DC64A9B-1E1F-44E4-AC94-8C897E227D29", "season": 5, "episode": 8, "mediaItem": {"id": "tt0773262", "name": "Dexter", "type": "series", "poster": "https://m.media-amazon.com/images/M/MV5BMTQ3YmQ4YzMtOTkyZC00YmM5LThhZjEtM2E0MjFkNTc0OGJhXkEyXkFqcGc@._V1_SX250.jpg"}}, {"id": "F4562D42-3275-4379-9F76-D6FB908BE84F", "season": 5, "episode": 9, "mediaItem": {"id": "tt0773262", "name": "Dexter", "type": "series", "poster": "https://m.media-amazon.com/images/M/MV5BMTQ3YmQ4YzMtOTkyZC00YmM5LThhZjEtM2E0MjFkNTc0OGJhXkEyXkFqcGc@._V1_SX250.jpg"}}, {"id": "765BEFEF-AEB6-4BFE-8C62-77E9DB8D4040", "season": 5, "episode": 10, "mediaItem": {"id": "tt0773262", "name": "Dexter", "type": "series", "poster": "https://m.media-amazon.com/images/M/MV5BMTQ3YmQ4YzMtOTkyZC00YmM5LThhZjEtM2E0MjFkNTc0OGJhXkEyXkFqcGc@._V1_SX250.jpg"}}, {"id": "323F5080-C926-4842-B88E-167D5785FC32", "season": 5, "episode": 11, "mediaItem": {"id": "tt0773262", "name": "Dexter", "type": "series", "poster": "https://m.media-amazon.com/images/M/MV5BMTQ3YmQ4YzMtOTkyZC00YmM5LThhZjEtM2E0MjFkNTc0OGJhXkEyXkFqcGc@._V1_SX250.jpg"}}, {"id": "474B73D2-FB6B-4C07-B30B-B4654124436B", "season": 5, "episode": 12, "mediaItem": {"id": "tt0773262", "name": "Dexter", "type": "series", "poster": "https://m.media-amazon.com/images/M/MV5BMTQ3YmQ4YzMtOTkyZC00YmM5LThhZjEtM2E0MjFkNTc0OGJhXkEyXkFqcGc@._V1_SX250.jpg"}}],"subtitle_url":null}]
🔍 Supabase Response for /rooms: [{"id":"LGG3","name":"Dexter","host_user_id":"656daa91-33b4-4688-9135-c982ea52d7c9","host_username":"ursinho","stream_hash":null,"imdb_id":"tt0773262","poster_url":"https://images.metahub.space/poster/small/tt0773262/img","backdrop_url":"https://images.metahub.space/background/medium/tt0773262/img","playback_position":0,"is_playing":false,"participants_count":2,"max_participants":50,"is_public":true,"created_at":"2025-12-23T16:57:46.773918","last_activity":"2025-12-23T16:59:54","season":5,"episode":2,"selected_quality":"1080p","selected_file_idx":null,"unlocked_stream_url":"https://chi9-4.download.real-debrid.com/d/XI6C5CJJEIXMS123/Dexter.S05E02.Hello.Bandit.1080p.TrueHD.5.1.AVC.REMUX-FraMeSToR.mkv","description":null,"current_playlist_index":1,"playlist":[{"id": "55EB824E-268B-438A-BB0B-368078D3E3F3", "season": 5, "episode": 1, "mediaItem": {"id": "tt0773262", "logo": "https://images.metahub.space/logo/medium/tt0773262/img", "name": "Dexter", "type": "series", "year": "2006–2013", "genres": ["Crime", "Drama", "Mystery"], "poster": "https://images.metahub.space/poster/small/tt0773262/img", "runtime": "53 min", "background": "https://images.metahub.space/background/medium/tt0773262/img", "imdbRating": "8.6", "description": "He's smart. He's lovable. He's Dexter Morgan, America's favorite serial killer, who spends his days solving crimes and his nights committing them.", "releaseInfo": "2006–2013"}}, {"id": "6C2916D8-5983-48A8-879A-F4A01DFB1A13", "season": 5, "episode": 2, "mediaItem": {"id": "tt0773262", "name": "Dexter", "type": "series", "poster": "https://m.media-amazon.com/images/M/MV5BMTQ3YmQ4YzMtOTkyZC00YmM5LThhZjEtM2E0MjFkNTc0OGJhXkEyXkFqcGc@._V1_SX250.jpg"}}, {"id": "95A0B67E-472C-4CB6-B646-ECEA69FCF911", "season": 5, "episode": 3, "mediaItem": {"id": "tt0773262", "name": "Dexter", "type": "series", "poster": "https://m.media-amazon.com/images/M/MV5BMTQ3YmQ4YzMtOTkyZC00YmM5LThhZjEtM2E0MjFkNTc0OGJhXkEyXkFqcGc@._V1_SX250.jpg"}}, {"id": "26796E09-432C-419B-AA7C-C2EBA213D96E", "season": 5, "episode": 4, "mediaItem": {"id": "tt0773262", "name": "Dexter", "type": "series", "poster": "https://m.media-amazon.com/images/M/MV5BMTQ3YmQ4YzMtOTkyZC00YmM5LThhZjEtM2E0MjFkNTc0OGJhXkEyXkFqcGc@._V1_SX250.jpg"}}, {"id": "31808A62-8C0B-4DF3-B1BF-860FC4B73C9B", "season": 5, "episode": 5, "mediaItem": {"id": "tt0773262", "name": "Dexter", "type": "series", "poster": "https://m.media-amazon.com/images/M/MV5BMTQ3YmQ4YzMtOTkyZC00YmM5LThhZjEtM2E0MjFkNTc0OGJhXkEyXkFqcGc@._V1_SX250.jpg"}}, {"id": "CDBC9894-74AD-480C-BBEC-D87350BA0704", "season": 5, "episode": 6, "mediaItem": {"id": "tt0773262", "name": "Dexter", "type": "series", "poster": "https://m.media-amazon.com/images/M/MV5BMTQ3YmQ4YzMtOTkyZC00YmM5LThhZjEtM2E0MjFkNTc0OGJhXkEyXkFqcGc@._V1_SX250.jpg"}}, {"id": "85A03E82-56A7-436C-B584-3A62258F9B67", "season": 5, "episode": 7, "mediaItem": {"id": "tt0773262", "name": "Dexter", "type": "series", "poster": "https://m.media-amazon.com/images/M/MV5BMTQ3YmQ4YzMtOTkyZC00YmM5LThhZjEtM2E0MjFkNTc0OGJhXkEyXkFqcGc@._V1_SX250.jpg"}}, {"id": "5DC64A9B-1E1F-44E4-AC94-8C897E227D29", "season": 5, "episode": 8, "mediaItem": {"id": "tt0773262", "name": "Dexter", "type": "series", "poster": "https://m.media-amazon.com/images/M/MV5BMTQ3YmQ4YzMtOTkyZC00YmM5LThhZjEtM2E0MjFkNTc0OGJhXkEyXkFqcGc@._V1_SX250.jpg"}}, {"id": "F4562D42-3275-4379-9F76-D6FB908BE84F", "season": 5, "episode": 9, "mediaItem": {"id": "tt0773262", "name": "Dexter", "type": "series", "poster": "https://m.media-amazon.com/images/M/MV5BMTQ3YmQ4YzMtOTkyZC00YmM5LThhZjEtM2E0MjFkNTc0OGJhXkEyXkFqcGc@._V1_SX250.jpg"}}, {"id": "765BEFEF-AEB6-4BFE-8C62-77E9DB8D4040", "season": 5, "episode": 10, "mediaItem": {"id": "tt0773262", "name": "Dexter", "type": "series", "poster": "https://m.media-amazon.com/images/M/MV5BMTQ3YmQ4YzMtOTkyZC00YmM5LThhZjEtM2E0MjFkNTc0OGJhXkEyXkFqcGc@._V1_SX250.jpg"}}, {"id": "323F5080-C926-4842-B88E-167D5785FC32", "season": 5, "episode": 11, "mediaItem": {"id": "tt0773262", "name": "Dexter", "type": "series", "poster": "https://m.media-amazon.com/images/M/MV5BMTQ3YmQ4YzMtOTkyZC00YmM5LThhZjEtM2E0MjFkNTc0OGJhXkEyXkFqcGc@._V1_SX250.jpg"}}, {"id": "474B73D2-FB6B-4C07-B30B-B4654124436B", "season": 5, "episode": 12, "mediaItem": {"id": "tt0773262", "name": "Dexter", "type": "series", "poster": "https://m.media-amazon.com/images/M/MV5BMTQ3YmQ4YzMtOTkyZC00YmM5LThhZjEtM2E0MjFkNTc0OGJhXkEyXkFqcGc@._V1_SX250.jpg"}}],"subtitle_url":null}]
✅ Lobby: Synced playlist with 12 items
✅ Lobby: Synced playlist index to 1
✅ Lobby: Synced stream info & playlist to AppState
✅ Lobby: Synced playlist with 12 items
✅ Lobby: Synced playlist index to 1
✅ Lobby: Synced stream info & playlist to AppState
✅ Lobby: Synced playlist with 12 items
✅ Lobby: Synced playlist index to 1
✅ Lobby: Synced stream info & playlist to AppState
✅ Lobby: Synced playlist with 12 items
✅ Lobby: Synced playlist index to 1
✅ Lobby: Synced stream info & playlist to AppState
🎬 MPV: Frame ready! Calling layer.update() (throttled)
🎬 Layer.update() called - forceDraw:false needsFlip:true (throttled)
🧹 Cleaning up MPV player...
📡 SocialService: Updated status - Browsing: 
🗑️ Invalidated all active timers
🧹 Cleaning up Realtime channel for room: LGG3
🔄 Untracking presence...
✅ Presence untracked
🔄 Leaving channel...
✅ Channel left
ℹ️ Keeping WebSocket connected (disconnectClient=false)
✅ Realtime channel cleanup complete
✅ Realtime manager channel left (client connection preserved)
🛑 Stopping MPV playback...
🛑 Stopping MPV playback...
⚡️ PlaybackService: releasing sleep assertion
🛑 Event polling task cancelled cleanly
📨 Received: {"ref":"34","event":"phx_reply","payload":{"status":"ok","response":{}},"topic":"realtime:global-presence"}
📨 Received: {"ref":null,"event":"presence_diff","payload":{"joins":{"2151249e-e020-11f0-a0a1-0a58a9feac02":{"metas":[{"phx_ref":"GIPmwPpz11AQ-G5Q","phx_ref_prev":"GIPmvpc1zH8Q-O2H","last_seen":"2025-12-23T16:59:55.228Z","status":"Browsing","user_id":"656daa91-33b4-4688-9135-c982ea52d7c9","username":"ursinho"}]}},"leaves":{"2151249e-e020-11f0-a0a1-0a58a9feac02":{"metas":[{"phx_ref":"GIPmvpc1zH8Q-O2H","phx_ref_prev":"GIPmvnB0-l8Q-FvP","last_seen":"2025-12-23T16:59:44.977Z","room_id":"LGG3","started_at":"2025-12-23T16:59:44.321Z","status":"online","user_id":"656daa91-33b4-4688-9135-c982ea52d7c9","username":"ursinho","watching_id":"tt0773262","watching_title":"Dexter - S05E02: Hello, Bandit","watching_type":"series"}]}}},"topic":"realtime:global-presence"}
📨 Received: {"ref":"44","event":"phx_reply","payload":{"status":"ok","response":{}},"topic":"realtime:watch-party:LGG3"}
📨 Received: {"ref":"45","event":"phx_reply","payload":{"status":"ok","response":{}},"topic":"realtime:watch-party:LGG3"}
📨 Received: {"ref":null,"event":"phx_close","payload":{},"topic":"realtime:watch-party:LGG3"}
📨 Unknown event: phx_close
📨 Received: {"ref":null,"event":"presence_diff","payload":{"joins":{},"leaves":{"bb9ce9de-e020-11f0-a4a6-0a58a9feac02":{"metas":[{"phx_ref":"GIPmvm81OeJ8VuID","phx_ref_prev":"GIPmubaMVQ58VmMM","is_host":true,"joined_at":1766509184.306443,"user_id":"656DAA91-33B4-4688-9135-C982EA52D7C9","username":"ursinho"}]}}},"topic":"realtime:watch-party:LGG3"}
✅ MPV stop completed with clean event loop exit
🎬 DisplayLink: reportSwap() (throttled)
📨 Received: {"ref":null,"event":"presence_diff","payload":{"joins":{"cad02b74-e01f-11f0-bae9-0a58a9feac02":{"metas":[{"phx_ref":"GIPmwOjc3G8rgd4J","phx_ref_prev":"GIPmwL2TtLcrgYPL","last_seen":"2025-12-23T16:59:54.903Z","room_id":"LGG3","started_at":"2025-12-23T16:59:54.904Z","status":"In Lobby: Dexter","user_id":"96e01cdb-36c0-4228-a6e4-a29a3c66bc8e","username":"lemontom","watching_id":"tt0773262","watching_title":"Dexter","watching_type":"series"}]}},"leaves":{"cad02b74-e01f-11f0-bae9-0a58a9feac02":{"metas":[{"phx_ref":"GIPmvrQyGoArgXJB","phx_ref_prev":"GIPmvWYV9QQrgfiN","last_seen":"2025-12-23T16:59:45.420Z","room_id":"LGG3","started_at":"2025-12-23T16:59:45.420Z","status":"online","user_id":"96e01cdb-36c0-4228-a6e4-a29a3c66bc8e","username":"lemontom","watching_id":"tt0773262","watching_title":"Dexter - S05E02: Hello, Bandit","watching_type":"series"}]}}},"topic":"realtime:global-presence"}
❌ RedLemon: NOT showing MPVPlayerView
   isResolvingStream: false
   streamError: nil
   selectedStream: NIL
🎬 Stopping CVDisplayLink...
🎬 CVDisplayLink stopped and released
🎬 MPVViewLayer uniniting...
🧹 Freeing render context on OpenGL thread...
🎬 MPVViewLayer cleanup complete
📝 Stopped watch history tracking
⏱️ Invalidating all active timers
🎬 MPVLayerHostView deinit
⚠️ Cleanup already performed, skipping
❌ RedLemon: NOT showing MPVPlayerView
   isResolvingStream: false
   streamError: nil
   selectedStream: NIL
🔔 Lobby: Displaying pending message: You returned the group to the lobby.
🎭 Lobby: Connecting to room LGG3...
🚦 Lobby State: connecting
🗑️ MPVPlayerViewModel deinit
🗑️ MPVWrapper deinit - cleaning up...
✅ MPVWrapper cleanup complete
🗑️ Terminating MPV instance (background)...
🔄 Lobby: Fetching fresh room state from Supabase...
🛑 Lobby: Host explicitly clearing playback state in DB to prevent autoplay loop
🔌 Setting up Realtime channel: watch-party:LGG3
   Role: Host
   User ID: 656daa91-33b4-4688-9135-c982ea52d7c9
📡 Connection state: connecting
📡 Joined channel: realtime:watch-party:LGG3
📡 Connection state: connected
✅ Realtime channel setup complete
[ INFO ] GET /api/metadata/meta/series/tt0773262 [request-id: 03CA94C4-6678-463E-B40E-FCAEE6D6CB6A]
2025-12-23 11:59:56.169 RedLemon[7693:69505] ⚠️ SupabaseClient: User already in room (409), proceeding...
2025-12-23 11:59:56.206 RedLemon[7693:68193] ✅ Host re-joined room LGG3 in database (refreshing presence)
✅ MPV instance destroyed
📡 SocialService: Updated status - In Lobby: Dexter: Dexter
✅ Lobby: Connected to Realtime
📨 Received: {"ref":"85FB43DA-992F-4A45-BA90-F0B056FC803E","event":"phx_reply","payload":{"status":"ok","response":{"postgres_changes":[{"id":67457933,"event":"*","filter":"id=eq.LGG3","schema":"public","table":"rooms"}]}},"topic":"realtime:watch-party:LGG3"}
📨 Received: {"ref":"35","event":"phx_reply","payload":{"status":"ok","response":{}},"topic":"realtime:global-presence"}
📨 Received: {"ref":null,"event":"presence_diff","payload":{"joins":{"2151249e-e020-11f0-a0a1-0a58a9feac02":{"metas":[{"phx_ref":"GIPmwS30N94Q-AID","phx_ref_prev":"GIPmwPpz11AQ-G5Q","last_seen":"2025-12-23T16:59:56.098Z","room_id":"LGG3","started_at":"2025-12-23T16:59:56.098Z","status":"In Lobby: Dexter","user_id":"656daa91-33b4-4688-9135-c982ea52d7c9","username":"ursinho","watching_id":"tt0773262","watching_title":"Dexter","watching_type":"series"}]}},"leaves":{"2151249e-e020-11f0-a0a1-0a58a9feac02":{"metas":[{"phx_ref":"GIPmwPpz11AQ-G5Q","phx_ref_prev":"GIPmvpc1zH8Q-O2H","last_seen":"2025-12-23T16:59:55.228Z","status":"Browsing","user_id":"656daa91-33b4-4688-9135-c982ea52d7c9","username":"ursinho"}]}}},"topic":"realtime:global-presence"}
📨 Received: {"ref":null,"event":"system","payload":{"message":"Subscribed to PostgreSQL","status":"ok","extension":"postgres_changes","channel":"watch-party:LGG3"},"topic":"realtime:watch-party:LGG3"}
📨 Received: {"ref":null,"event":"presence_state","payload":{"ce4e06d0-e020-11f0-9845-0a58a9feac02":{"metas":[{"phx_ref":"GIPmwQTEr8OEIhFP","phx_ref_prev":"GIPmwPitwbWEIuDK","is_host":false,"joined_at":1766509195.35852,"user_id":"96e01cdb-36c0-4228-a6e4-a29a3c66bc8e","username":"lemontom"}]}},"topic":"realtime:watch-party:LGG3"}
📨 Received: {"ref":"46","event":"phx_reply","payload":{"status":"ok","response":{}},"topic":"realtime:watch-party:LGG3"}
🔍 [DEBUG] Creating MediaItem from CinemetaMeta
🔍 [DEBUG] meta.itemId: tt0773262
🔍 [DEBUG] meta.type: series
🔍 [DEBUG] meta.name: Dexter
🔍 [DEBUG] Successfully created MediaItem from meta: Dexter
📨 Received: {"ref":null,"event":"presence_diff","payload":{"joins":{"ced8ed04-e020-11f0-8f0f-0a58a9feac02":{"metas":[{"phx_ref":"GIPmwS7yC8F8Vo0N","is_host":true,"joined_at":1766509196.102378,"user_id":"656daa91-33b4-4688-9135-c982ea52d7c9","username":"ursinho"}]}},"leaves":{}},"topic":"realtime:watch-party:LGG3"}
🔍 Supabase Response for /rooms: [{"id":"LGG3","name":"Dexter","host_user_id":"656daa91-33b4-4688-9135-c982ea52d7c9","host_username":"ursinho","stream_hash":null,"imdb_id":"tt0773262","poster_url":"https://images.metahub.space/poster/small/tt0773262/img","backdrop_url":"https://images.metahub.space/background/medium/tt0773262/img","playback_position":0,"is_playing":false,"participants_count":2,"max_participants":50,"is_public":true,"created_at":"2025-12-23T16:57:46.773918","last_activity":"2025-12-23T16:59:54","season":5,"episode":2,"selected_quality":"1080p","selected_file_idx":null,"unlocked_stream_url":"https://chi9-4.download.real-debrid.com/d/XI6C5CJJEIXMS123/Dexter.S05E02.Hello.Bandit.1080p.TrueHD.5.1.AVC.REMUX-FraMeSToR.mkv","description":null,"current_playlist_index":1,"playlist":[{"id": "55EB824E-268B-438A-BB0B-368078D3E3F3", "season": 5, "episode": 1, "mediaItem": {"id": "tt0773262", "logo": "https://images.metahub.space/logo/medium/tt0773262/img", "name": "Dexter", "type": "series", "year": "2006–2013", "genres": ["Crime", "Drama", "Mystery"], "poster": "https://images.metahub.space/poster/small/tt0773262/img", "runtime": "53 min", "background": "https://images.metahub.space/background/medium/tt0773262/img", "imdbRating": "8.6", "description": "He's smart. He's lovable. He's Dexter Morgan, America's favorite serial killer, who spends his days solving crimes and his nights committing them.", "releaseInfo": "2006–2013"}}, {"id": "6C2916D8-5983-48A8-879A-F4A01DFB1A13", "season": 5, "episode": 2, "mediaItem": {"id": "tt0773262", "name": "Dexter", "type": "series", "poster": "https://m.media-amazon.com/images/M/MV5BMTQ3YmQ4YzMtOTkyZC00YmM5LThhZjEtM2E0MjFkNTc0OGJhXkEyXkFqcGc@._V1_SX250.jpg"}}, {"id": "95A0B67E-472C-4CB6-B646-ECEA69FCF911", "season": 5, "episode": 3, "mediaItem": {"id": "tt0773262", "name": "Dexter", "type": "series", "poster": "https://m.media-amazon.com/images/M/MV5BMTQ3YmQ4YzMtOTkyZC00YmM5LThhZjEtM2E0MjFkNTc0OGJhXkEyXkFqcGc@._V1_SX250.jpg"}}, {"id": "26796E09-432C-419B-AA7C-C2EBA213D96E", "season": 5, "episode": 4, "mediaItem": {"id": "tt0773262", "name": "Dexter", "type": "series", "poster": "https://m.media-amazon.com/images/M/MV5BMTQ3YmQ4YzMtOTkyZC00YmM5LThhZjEtM2E0MjFkNTc0OGJhXkEyXkFqcGc@._V1_SX250.jpg"}}, {"id": "31808A62-8C0B-4DF3-B1BF-860FC4B73C9B", "season": 5, "episode": 5, "mediaItem": {"id": "tt0773262", "name": "Dexter", "type": "series", "poster": "https://m.media-amazon.com/images/M/MV5BMTQ3YmQ4YzMtOTkyZC00YmM5LThhZjEtM2E0MjFkNTc0OGJhXkEyXkFqcGc@._V1_SX250.jpg"}}, {"id": "CDBC9894-74AD-480C-BBEC-D87350BA0704", "season": 5, "episode": 6, "mediaItem": {"id": "tt0773262", "name": "Dexter", "type": "series", "poster": "https://m.media-amazon.com/images/M/MV5BMTQ3YmQ4YzMtOTkyZC00YmM5LThhZjEtM2E0MjFkNTc0OGJhXkEyXkFqcGc@._V1_SX250.jpg"}}, {"id": "85A03E82-56A7-436C-B584-3A62258F9B67", "season": 5, "episode": 7, "mediaItem": {"id": "tt0773262", "name": "Dexter", "type": "series", "poster": "https://m.media-amazon.com/images/M/MV5BMTQ3YmQ4YzMtOTkyZC00YmM5LThhZjEtM2E0MjFkNTc0OGJhXkEyXkFqcGc@._V1_SX250.jpg"}}, {"id": "5DC64A9B-1E1F-44E4-AC94-8C897E227D29", "season": 5, "episode": 8, "mediaItem": {"id": "tt0773262", "name": "Dexter", "type": "series", "poster": "https://m.media-amazon.com/images/M/MV5BMTQ3YmQ4YzMtOTkyZC00YmM5LThhZjEtM2E0MjFkNTc0OGJhXkEyXkFqcGc@._V1_SX250.jpg"}}, {"id": "F4562D42-3275-4379-9F76-D6FB908BE84F", "season": 5, "episode": 9, "mediaItem": {"id": "tt0773262", "name": "Dexter", "type": "series", "poster": "https://m.media-amazon.com/images/M/MV5BMTQ3YmQ4YzMtOTkyZC00YmM5LThhZjEtM2E0MjFkNTc0OGJhXkEyXkFqcGc@._V1_SX250.jpg"}}, {"id": "765BEFEF-AEB6-4BFE-8C62-77E9DB8D4040", "season": 5, "episode": 10, "mediaItem": {"id": "tt0773262", "name": "Dexter", "type": "series", "poster": "https://m.media-amazon.com/images/M/MV5BMTQ3YmQ4YzMtOTkyZC00YmM5LThhZjEtM2E0MjFkNTc0OGJhXkEyXkFqcGc@._V1_SX250.jpg"}}, {"id": "323F5080-C926-4842-B88E-167D5785FC32", "season": 5, "episode": 11, "mediaItem": {"id": "tt0773262", "name": "Dexter", "type": "series", "poster": "https://m.media-amazon.com/images/M/MV5BMTQ3YmQ4YzMtOTkyZC00YmM5LThhZjEtM2E0MjFkNTc0OGJhXkEyXkFqcGc@._V1_SX250.jpg"}}, {"id": "474B73D2-FB6B-4C07-B30B-B4654124436B", "season": 5, "episode": 12, "mediaItem": {"id": "tt0773262", "name": "Dexter", "type": "series", "poster": "https://m.media-amazon.com/images/M/MV5BMTQ3YmQ4YzMtOTkyZC00YmM5LThhZjEtM2E0MjFkNTc0OGJhXkEyXkFqcGc@._V1_SX250.jpg"}}],"subtitle_url":null}]
🔍 Supabase Response for /rooms: [{"id":"LGG3","name":"Dexter","host_user_id":"656daa91-33b4-4688-9135-c982ea52d7c9","host_username":"ursinho","stream_hash":null,"imdb_id":"tt0773262","poster_url":"https://images.metahub.space/poster/small/tt0773262/img","backdrop_url":"https://images.metahub.space/background/medium/tt0773262/img","playback_position":0,"is_playing":false,"participants_count":2,"max_participants":50,"is_public":true,"created_at":"2025-12-23T16:57:46.773918","last_activity":"2025-12-23T16:59:56","season":5,"episode":2,"selected_quality":"1080p","selected_file_idx":null,"unlocked_stream_url":"https://chi9-4.download.real-debrid.com/d/XI6C5CJJEIXMS123/Dexter.S05E02.Hello.Bandit.1080p.TrueHD.5.1.AVC.REMUX-FraMeSToR.mkv","description":null,"current_playlist_index":1,"playlist":[{"id": "55EB824E-268B-438A-BB0B-368078D3E3F3", "season": 5, "episode": 1, "mediaItem": {"id": "tt0773262", "logo": "https://images.metahub.space/logo/medium/tt0773262/img", "name": "Dexter", "type": "series", "year": "2006–2013", "genres": ["Crime", "Drama", "Mystery"], "poster": "https://images.metahub.space/poster/small/tt0773262/img", "runtime": "53 min", "background": "https://images.metahub.space/background/medium/tt0773262/img", "imdbRating": "8.6", "description": "He's smart. He's lovable. He's Dexter Morgan, America's favorite serial killer, who spends his days solving crimes and his nights committing them.", "releaseInfo": "2006–2013"}}, {"id": "6C2916D8-5983-48A8-879A-F4A01DFB1A13", "season": 5, "episode": 2, "mediaItem": {"id": "tt0773262", "name": "Dexter", "type": "series", "poster": "https://m.media-amazon.com/images/M/MV5BMTQ3YmQ4YzMtOTkyZC00YmM5LThhZjEtM2E0MjFkNTc0OGJhXkEyXkFqcGc@._V1_SX250.jpg"}}, {"id": "95A0B67E-472C-4CB6-B646-ECEA69FCF911", "season": 5, "episode": 3, "mediaItem": {"id": "tt0773262", "name": "Dexter", "type": "series", "poster": "https://m.media-amazon.com/images/M/MV5BMTQ3YmQ4YzMtOTkyZC00YmM5LThhZjEtM2E0MjFkNTc0OGJhXkEyXkFqcGc@._V1_SX250.jpg"}}, {"id": "26796E09-432C-419B-AA7C-C2EBA213D96E", "season": 5, "episode": 4, "mediaItem": {"id": "tt0773262", "name": "Dexter", "type": "series", "poster": "https://m.media-amazon.com/images/M/MV5BMTQ3YmQ4YzMtOTkyZC00YmM5LThhZjEtM2E0MjFkNTc0OGJhXkEyXkFqcGc@._V1_SX250.jpg"}}, {"id": "31808A62-8C0B-4DF3-B1BF-860FC4B73C9B", "season": 5, "episode": 5, "mediaItem": {"id": "tt0773262", "name": "Dexter", "type": "series", "poster": "https://m.media-amazon.com/images/M/MV5BMTQ3YmQ4YzMtOTkyZC00YmM5LThhZjEtM2E0MjFkNTc0OGJhXkEyXkFqcGc@._V1_SX250.jpg"}}, {"id": "CDBC9894-74AD-480C-BBEC-D87350BA0704", "season": 5, "episode": 6, "mediaItem": {"id": "tt0773262", "name": "Dexter", "type": "series", "poster": "https://m.media-amazon.com/images/M/MV5BMTQ3YmQ4YzMtOTkyZC00YmM5LThhZjEtM2E0MjFkNTc0OGJhXkEyXkFqcGc@._V1_SX250.jpg"}}, {"id": "85A03E82-56A7-436C-B584-3A62258F9B67", "season": 5, "episode": 7, "mediaItem": {"id": "tt0773262", "name": "Dexter", "type": "series", "poster": "https://m.media-amazon.com/images/M/MV5BMTQ3YmQ4YzMtOTkyZC00YmM5LThhZjEtM2E0MjFkNTc0OGJhXkEyXkFqcGc@._V1_SX250.jpg"}}, {"id": "5DC64A9B-1E1F-44E4-AC94-8C897E227D29", "season": 5, "episode": 8, "mediaItem": {"id": "tt0773262", "name": "Dexter", "type": "series", "poster": "https://m.media-amazon.com/images/M/MV5BMTQ3YmQ4YzMtOTkyZC00YmM5LThhZjEtM2E0MjFkNTc0OGJhXkEyXkFqcGc@._V1_SX250.jpg"}}, {"id": "F4562D42-3275-4379-9F76-D6FB908BE84F", "season": 5, "episode": 9, "mediaItem": {"id": "tt0773262", "name": "Dexter", "type": "series", "poster": "https://m.media-amazon.com/images/M/MV5BMTQ3YmQ4YzMtOTkyZC00YmM5LThhZjEtM2E0MjFkNTc0OGJhXkEyXkFqcGc@._V1_SX250.jpg"}}, {"id": "765BEFEF-AEB6-4BFE-8C62-77E9DB8D4040", "season": 5, "episode": 10, "mediaItem": {"id": "tt0773262", "name": "Dexter", "type": "series", "poster": "https://m.media-amazon.com/images/M/MV5BMTQ3YmQ4YzMtOTkyZC00YmM5LThhZjEtM2E0MjFkNTc0OGJhXkEyXkFqcGc@._V1_SX250.jpg"}}, {"id": "323F5080-C926-4842-B88E-167D5785FC32", "season": 5, "episode": 11, "mediaItem": {"id": "tt0773262", "name": "Dexter", "type": "series", "poster": "https://m.media-amazon.com/images/M/MV5BMTQ3YmQ4YzMtOTkyZC00YmM5LThhZjEtM2E0MjFkNTc0OGJhXkEyXkFqcGc@._V1_SX250.jpg"}}, {"id": "474B73D2-FB6B-4C07-B30B-B4654124436B", "season": 5, "episode": 12, "mediaItem": {"id": "tt0773262", "name": "Dexter", "type": "series", "poster": "https://m.media-amazon.com/images/M/MV5BMTQ3YmQ4YzMtOTkyZC00YmM5LThhZjEtM2E0MjFkNTc0OGJhXkEyXkFqcGc@._V1_SX250.jpg"}}],"subtitle_url":null}]
❌ Supabase error (409): {"code":"23505","details":null,"hint":null,"message":"duplicate key value violates unique constraint \"room_participants_pkey\""}
✅ Lobby: Synced playlist with 12 items
✅ Lobby: Synced playlist index to 1
✅ Lobby: Synced stream info & playlist to AppState
✅ Lobby: Synced Initial Metadata -> Dexter
📨 Received: {"ref":null,"event":"postgres_changes","payload":{"data":{"table":"rooms","type":"UPDATE","record":{"id": "LGG3", "name": "Dexter", "season": 5, "episode": 2, "imdb_id": "tt0773262", "playlist": [{"id": "55EB824E-268B-438A-BB0B-368078D3E3F3", "season": 5, "episode": 1, "mediaItem": {"id": "tt0773262", "logo": "https://images.metahub.space/logo/medium/tt0773262/img", "name": "Dexter", "type": "series", "year": "2006–2013", "genres": ["Crime", "Drama", "Mystery"], "poster": "https://images.metahub.space/poster/small/tt0773262/img", "runtime": "53 min", "background": "https://images.metahub.space/background/medium/tt0773262/img", "imdbRating": "8.6", "description": "He's smart. He's lovable. He's Dexter Morgan, America's favorite serial killer, who spends his days solving crimes and his nights committing them.", "releaseInfo": "2006–2013"}}, {"id": "6C2916D8-5983-48A8-879A-F4A01DFB1A13", "season": 5, "episode": 2, "mediaItem": {"id": "tt0773262", "name": "Dexter", "type": "series", "poster": "https://m.media-amazon.com/images/M/MV5BMTQ3YmQ4YzMtOTkyZC00YmM5LThhZjEtM2E0MjFkNTc0OGJhXkEyXkFqcGc@._V1_SX250.jpg"}}, {"id": "95A0B67E-472C-4CB6-B646-ECEA69FCF911", "season": 5, "episode": 3, "mediaItem": {"id": "tt0773262", "name": "Dexter", "type": "series", "poster": "https://m.media-amazon.com/images/M/MV5BMTQ3YmQ4YzMtOTkyZC00YmM5LThhZjEtM2E0MjFkNTc0OGJhXkEyXkFqcGc@._V1_SX250.jpg"}}, {"id": "26796E09-432C-419B-AA7C-C2EBA213D96E", "season": 5, "episode": 4, "mediaItem": {"id": "tt0773262", "name": "Dexter", "type": "series", "poster": "https://m.media-amazon.com/images/M/MV5BMTQ3YmQ4YzMtOTkyZC00YmM5LThhZjEtM2E0MjFkNTc0OGJhXkEyXkFqcGc@._V1_SX250.jpg"}}, {"id": "31808A62-8C0B-4DF3-B1BF-860FC4B73C9B", "season": 5, "episode": 5, "mediaItem": {"id": "tt0773262", "name": "Dexter", "type": "series", "poster": "https://m.media-amazon.com/images/M/MV5BMTQ3YmQ4YzMtOTkyZC00YmM5LThhZjEtM2E0MjFkNTc0OGJhXkEyXkFqcGc@._V1_SX250.jpg"}}, {"id": "CDBC9894-74AD-480C-BBEC-D87350BA0704", "season": 5, "episode": 6, "mediaItem": {"id": "tt0773262", "name": "Dexter", "type": "series", "poster": "https://m.media-amazon.com/images/M/MV5BMTQ3YmQ4YzMtOTkyZC00YmM5LThhZjEtM2E0MjFkNTc0OGJhXkEyXkFqcGc@._V1_SX250.jpg"}}, {"id": "85A03E82-56A7-436C-B584-3A62258F9B67", "season": 5, "episode": 7, "mediaItem": {"id": "tt0773262", "name": "Dexter", "type": "series", "poster": "https://m.media-amazon.com/images/M/MV5BMTQ3YmQ4YzMtOTkyZC00YmM5LThhZjEtM2E0MjFkNTc0OGJhXkEyXkFqcGc@._V1_SX250.jpg"}}, {"id": "5DC64A9B-1E1F-44E4-AC94-8C897E227D29", "season": 5, "episode": 8, "mediaItem": {"id": "tt0773262", "name": "Dexter", "type": "series", "poster": "https://m.media-amazon.com/images/M/MV5BMTQ3YmQ4YzMtOTkyZC00YmM5LThhZjEtM2E0MjFkNTc0OGJhXkEyXkFqcGc@._V1_SX250.jpg"}}, {"id": "F4562D42-3275-4379-9F76-D6FB908BE84F", "season": 5, "episode": 9, "mediaItem": {"id": "tt0773262", "name": "Dexter", "type": "series", "poster": "https://m.media-amazon.com/images/M/MV5BMTQ3YmQ4YzMtOTkyZC00YmM5LThhZjEtM2E0MjFkNTc0OGJhXkEyXkFqcGc@._V1_SX250.jpg"}}, {"id": "765BEFEF-AEB6-4BFE-8C62-77E9DB8D4040", "season": 5, "episode": 10, "mediaItem": {"id": "tt0773262", "name": "Dexter", "type": "series", "poster": "https://m.media-amazon.com/images/M/MV5BMTQ3YmQ4YzMtOTkyZC00YmM5LThhZjEtM2E0MjFkNTc0OGJhXkEyXkFqcGc@._V1_SX250.jpg"}}, {"id": "323F5080-C926-4842-B88E-167D5785FC32", "season": 5, "episode": 11, "mediaItem": {"id": "tt0773262", "name": "Dexter", "type": "series", "poster": "https://m.media-amazon.com/images/M/MV5BMTQ3YmQ4YzMtOTkyZC00YmM5LThhZjEtM2E0MjFkNTc0OGJhXkEyXkFqcGc@._V1_SX250.jpg"}}, {"id": "474B73D2-FB6B-4C07-B30B-B4654124436B", "season": 5, "episode": 12, "mediaItem": {"id": "tt0773262", "name": "Dexter", "type": "series", "poster": "https://m.media-amazon.com/images/M/MV5BMTQ3YmQ4YzMtOTkyZC00YmM5LThhZjEtM2E0MjFkNTc0OGJhXkEyXkFqcGc@._V1_SX250.jpg"}}], "is_public": true, "created_at": "2025-12-23T16:57:46.773918", "is_playing": false, "poster_url": "https://images.metahub.space/poster/small/tt0773262/img", "description": null, "stream_hash": null, "backdrop_url": "https://images.metahub.space/background/medium/tt0773262/img", "host_user_id": "656daa91-33b4-4688-9135-c982ea52d7c9", "subtitle_url": null, "host_username": "ursinho", "last_activity": "2025-12-23T16:59:56", "max_participants": 50, "selected_quality": "1080p", "playback_position": 0, "selected_file_idx": null, "participants_count": 2, "unlocked_stream_url": "https://chi9-4.download.real-debrid.com/d/XI6C5CJJEIXMS123/Dexter.S05E02.Hello.Bandit.1080p.TrueHD.5.1.AVC.REMUX-FraMeSToR.mkv", "current_playlist_index": 1},"columns":[2025-12-23 11:59:56.306 RedLemon[7693:68193] 📨 Lobby: Received Room UPDATE from Realtime
2025-12-23 11:59:56.306 RedLemon[7693:68193] 📨 Lobby: Received Room UPDATE from Realtime
2025-12-23 11:59:56.306 RedLemon[7693:68193] 📨 Lobby: Received Room UPDATE from Realtime
2025-12-23 11:59:56.307 RedLemon[7693:68193] 📨 Lobby: Received Room UPDATE from Realtime
2025-12-23 11:59:56.307 RedLemon[7693:68193] 📨 Lobby: Received Room UPDATE from Realtime
{"name": "id", "type": "text"}, {"name": "name", "type": "text"}, {"name": "host_user_id", "type": "uuid"}, {"name": "host_username", "type": "text"}, {"name": "stream_hash", "type": "text"}, {"name": "imdb_id", "type": "text"}, {"name": "poster_url", "type": "text"}, {"name": "backdrop_url", "type": "text"}, {"name": "playback_position", "type": "int4"}, {"name": "is_playing", "type": "bool"}, {"name": "participants_count", "type": "int4"}, {"name": "max_participants", "type": "int4"}, {"name": "is_public", "type": "bool"}, {"name": "created_at", "type": "timestamp"}, {"name": "last_activity", "type": "timestamp"}, {"name": "season", "type": "int4"}, {"name": "episode", "type": "int4"}, {"name": "selected_quality", "type": "text"}, {"name": "selected_file_idx", "type": "int4"}, {"name": "unlocked_stream_url", "type": "text"}, {"name": "description", "type": "text"}, {"name": "current_playlist_index", "type": "int4"}, {"name": "playlist", "type": "jsonb"}, {"name": "subtitle_url", "type": "text"}],"errors":null,"schema":"public","commit_timestamp":"2025-12-23T16:59:56.251Z","old_record":{"id": "LGG3"}},"ids":[67457933]},"topic":"realtime:watch-party:LGG3"}
✅ Lobby: Loaded metadata for Dexter
🔄 Lobby: Fetching fresh room state from Supabase...
🔄 Lobby: Fetching fresh room state from Supabase...
🔄 Lobby: Fetching fresh room state from Supabase...
🔄 Lobby: Fetching fresh room state from Supabase...
🔄 Lobby: Fetching fresh room state from Supabase...
🔌 Setting up Realtime channel: watch-party:LGG3
   Role: Host
   User ID: 656daa91-33b4-4688-9135-c982ea52d7c9
📡 Connection state: connecting
ℹ️ Already joined channel watch-party:LGG3, skipping join
📡 Connection state: connected
✅ Realtime channel setup complete
[ INFO ] GET /api/metadata/meta/series/tt0773262 [request-id: EFAB9E94-42C4-4DE0-978F-5D7E09C6020E]
📨 Received: {"ref":"47","event":"phx_reply","payload":{"status":"ok","response":{}},"topic":"realtime:watch-party:LGG3"}
🔍 [DEBUG] Creating MediaItem from CinemetaMeta
🔍 [DEBUG] meta.itemId: tt0773262
🔍 [DEBUG] meta.type: series
🔍 [DEBUG] meta.name: Dexter
🔍 [DEBUG] Successfully created MediaItem from meta: Dexter
📨 Received: {"ref":null,"event":"presence_diff","payload":{"joins":{"ced8ed04-e020-11f0-8f0f-0a58a9feac02":{"metas":[{"phx_ref":"GIPmwT_r6qx8VqJN","phx_ref_prev":"GIPmwS7yC8F8Vo0N","is_host":true,"joined_at":1766509196.393913,"user_id":"656daa91-33b4-4688-9135-c982ea52d7c9","username":"ursinho"}]}},"leaves":{"ced8ed04-e020-11f0-8f0f-0a58a9feac02":{"metas":[{"phx_ref":"GIPmwS7yC8F8Vo0N","is_host":true,"joined_at":1766509196.102378,"user_id":"656daa91-33b4-4688-9135-c982ea52d7c9","username":"ursinho"}]}}},"topic":"realtime:watch-party:LGG3"}
🔍 Supabase Response for /rooms: [{"id":"LGG3","name":"Dexter","host_user_id":"656daa91-33b4-4688-9135-c982ea52d7c9","host_username":"ursinho","stream_hash":null,"imdb_id":"tt0773262","poster_url":"https://images.metahub.space/poster/small/tt0773262/img","backdrop_url":"https://images.metahub.space/background/medium/tt0773262/img","playback_position":0,"is_playing":false,"participants_count":2,"max_participants":50,"is_public":true,"created_at":"2025-12-23T16:57:46.773918","last_activity":"2025-12-23T16:59:56","season":5,"episode":2,"selected_quality":"1080p","selected_file_idx":null,"unlocked_stream_url":"https://chi9-4.download.real-debrid.com/d/XI6C5CJJEIXMS123/Dexter.S05E02.Hello.Bandit.1080p.TrueHD.5.1.AVC.REMUX-FraMeSToR.mkv","description":null,"current_playlist_index":1,"playlist":[{"id": "55EB824E-268B-438A-BB0B-368078D3E3F3", "season": 5, "episode": 1, "mediaItem": {"id": "tt0773262", "logo": "https://images.metahub.space/logo/medium/tt0773262/img", "name": "Dexter", "type": "series", "year": "2006–2013", "genres": ["Crime", "Drama", "Mystery"], "poster": "https://images.metahub.space/poster/small/tt0773262/img", "runtime": "53 min", "background": "https://images.metahub.space/background/medium/tt0773262/img", "imdbRating": "8.6", "description": "He's smart. He's lovable. He's Dexter Morgan, America's favorite serial killer, who spends his days solving crimes and his nights committing them.", "releaseInfo": "2006–2013"}}, {"id": "6C2916D8-5983-48A8-879A-F4A01DFB1A13", "season": 5, "episode": 2, "mediaItem": {"id": "tt0773262", "name": "Dexter", "type": "series", "poster": "https://m.media-amazon.com/images/M/MV5BMTQ3YmQ4YzMtOTkyZC00YmM5LThhZjEtM2E0MjFkNTc0OGJhXkEyXkFqcGc@._V1_SX250.jpg"}}, {"id": "95A0B67E-472C-4CB6-B646-ECEA69FCF911", "season": 5, "episode": 3, "mediaItem": {"id": "tt0773262", "name": "Dexter", "type": "series", "poster": "https://m.media-amazon.com/images/M/MV5BMTQ3YmQ4YzMtOTkyZC00YmM5LThhZjEtM2E0MjFkNTc0OGJhXkEyXkFqcGc@._V1_SX250.jpg"}}, {"id": "26796E09-432C-419B-AA7C-C2EBA213D96E", "season": 5, "episode": 4, "mediaItem": {"id": "tt0773262", "name": "Dexter", "type": "series", "poster": "https://m.media-amazon.com/images/M/MV5BMTQ3YmQ4YzMtOTkyZC00YmM5LThhZjEtM2E0MjFkNTc0OGJhXkEyXkFqcGc@._V1_SX250.jpg"}}, {"id": "31808A62-8C0B-4DF3-B1BF-860FC4B73C9B", "season": 5, "episode": 5, "mediaItem": {"id": "tt0773262", "name": "Dexter", "type": "series", "poster": "https://m.media-amazon.com/images/M/MV5BMTQ3YmQ4YzMtOTkyZC00YmM5LThhZjEtM2E0MjFkNTc0OGJhXkEyXkFqcGc@._V1_SX250.jpg"}}, {"id": "CDBC9894-74AD-480C-BBEC-D87350BA0704", "season": 5, "episode": 6, "mediaItem": {"id": "tt0773262", "name": "Dexter", "type": "series", "poster": "https://m.media-amazon.com/images/M/MV5BMTQ3YmQ4YzMtOTkyZC00YmM5LThhZjEtM2E0MjFkNTc0OGJhXkEyXkFqcGc@._V1_SX250.jpg"}}, {"id": "85A03E82-56A7-436C-B584-3A62258F9B67", "season": 5, "episode": 7, "mediaItem": {"id": "tt0773262", "name": "Dexter", "type": "series", "poster": "https://m.media-amazon.com/images/M/MV5BMTQ3YmQ4YzMtOTkyZC00YmM5LThhZjEtM2E0MjFkNTc0OGJhXkEyXkFqcGc@._V1_SX250.jpg"}}, {"id": "5DC64A9B-1E1F-44E4-AC94-8C897E227D29", "season": 5, "episode": 8, "mediaItem": {"id": "tt0773262", "name": "Dexter", "type": "series", "poster": "https://m.media-amazon.com/images/M/MV5BMTQ3YmQ4YzMtOTkyZC00YmM5LThhZjEtM2E0MjFkNTc0OGJhXkEyXkFqcGc@._V1_SX250.jpg"}}, {"id": "F4562D42-3275-4379-9F76-D6FB908BE84F", "season": 5, "episode": 9, "mediaItem": {"id": "tt0773262", "name": "Dexter", "type": "series", "poster": "https://m.media-amazon.com/images/M/MV5BMTQ3YmQ4YzMtOTkyZC00YmM5LThhZjEtM2E0MjFkNTc0OGJhXkEyXkFqcGc@._V1_SX250.jpg"}}, {"id": "765BEFEF-AEB6-4BFE-8C62-77E9DB8D4040", "season": 5, "episode": 10, "mediaItem": {"id": "tt0773262", "name": "Dexter", "type": "series", "poster": "https://m.media-amazon.com/images/M/MV5BMTQ3YmQ4YzMtOTkyZC00YmM5LThhZjEtM2E0MjFkNTc0OGJhXkEyXkFqcGc@._V1_SX250.jpg"}}, {"id": "323F5080-C926-4842-B88E-167D5785FC32", "season": 5, "episode": 11, "mediaItem": {"id": "tt0773262", "name": "Dexter", "type": "series", "poster": "https://m.media-amazon.com/images/M/MV5BMTQ3YmQ4YzMtOTkyZC00YmM5LThhZjEtM2E0MjFkNTc0OGJhXkEyXkFqcGc@._V1_SX250.jpg"}}, {"id": "474B73D2-FB6B-4C07-B30B-B4654124436B", "season": 5, "episode": 12, "mediaItem": {"id": "tt0773262", "name": "Dexter", "type": "series", "poster": "https://m.media-amazon.com/images/M/MV5BMTQ3YmQ4YzMtOTkyZC00YmM5LThhZjEtM2E0MjFkNTc0OGJhXkEyXkFqcGc@._V1_SX250.jpg"}}],"subtitle_url":null}]
🔍 Supabase Response for /rooms: [{"id":"LGG3","name":"Dexter","host_user_id":"656daa91-33b4-4688-9135-c982ea52d7c9","host_username":"ursinho","stream_hash":null,"imdb_id":"tt0773262","poster_url":"https://images.metahub.space/poster/small/tt0773262/img","backdrop_url":"https://images.metahub.space/background/medium/tt0773262/img","playback_position":0,"is_playing":false,"participants_count":2,"max_participants":50,"is_public":true,"created_at":"2025-12-23T16:57:46.773918","last_activity":"2025-12-23T16:59:56","season":5,"episode":2,"selected_quality":"1080p","selected_file_idx":null,"unlocked_stream_url":"https://chi9-4.download.real-debrid.com/d/XI6C5CJJEIXMS123/Dexter.S05E02.Hello.Bandit.1080p.TrueHD.5.1.AVC.REMUX-FraMeSToR.mkv","description":null,"current_playlist_index":1,"playlist":[{"id": "55EB824E-268B-438A-BB0B-368078D3E3F3", "season": 5, "episode": 1, "mediaItem": {"id": "tt0773262", "logo": "https://images.metahub.space/logo/medium/tt0773262/img", "name": "Dexter", "type": "series", "year": "2006–2013", "genres": ["Crime", "Drama", "Mystery"], "poster": "https://images.metahub.space/poster/small/tt0773262/img", "runtime": "53 min", "background": "https://images.metahub.space/background/medium/tt0773262/img", "imdbRating": "8.6", "description": "He's smart. He's lovable. He's Dexter Morgan, America's favorite serial killer, who spends his days solving crimes and his nights committing them.", "releaseInfo": "2006–2013"}}, {"id": "6C2916D8-5983-48A8-879A-F4A01DFB1A13", "season": 5, "episode": 2, "mediaItem": {"id": "tt0773262", "name": "Dexter", "type": "series", "poster": "https://m.media-amazon.com/images/M/MV5BMTQ3YmQ4YzMtOTkyZC00YmM5LThhZjEtM2E0MjFkNTc0OGJhXkEyXkFqcGc@._V1_SX250.jpg"}}, {"id": "95A0B67E-472C-4CB6-B646-ECEA69FCF911", "season": 5, "episode": 3, "mediaItem": {"id": "tt0773262", "name": "Dexter", "type": "series", "poster": "https://m.media-amazon.com/images/M/MV5BMTQ3YmQ4YzMtOTkyZC00YmM5LThhZjEtM2E0MjFkNTc0OGJhXkEyXkFqcGc@._V1_SX250.jpg"}}, {"id": "26796E09-432C-419B-AA7C-C2EBA213D96E", "season": 5, "episode": 4, "mediaItem": {"id": "tt0773262", "name": "Dexter", "type": "series", "poster": "https://m.media-amazon.com/images/M/MV5BMTQ3YmQ4YzMtOTkyZC00YmM5LThhZjEtM2E0MjFkNTc0OGJhXkEyXkFqcGc@._V1_SX250.jpg"}}, {"id": "31808A62-8C0B-4DF3-B1BF-860FC4B73C9B", "season": 5, "episode": 5, "mediaItem": {"id": "tt0773262", "name": "Dexter", "type": "series", "poster": "https://m.media-amazon.com/images/M/MV5BMTQ3YmQ4YzMtOTkyZC00YmM5LThhZjEtM2E0MjFkNTc0OGJhXkEyXkFqcGc@._V1_SX250.jpg"}}, {"id": "CDBC9894-74AD-480C-BBEC-D87350BA0704", "season": 5, "episode": 6, "mediaItem": {"id": "tt0773262", "name": "Dexter", "type": "series", "poster": "https://m.media-amazon.com/images/M/MV5BMTQ3YmQ4YzMtOTkyZC00YmM5LThhZjEtM2E0MjFkNTc0OGJhXkEyXkFqcGc@._V1_SX250.jpg"}}, {"id": "85A03E82-56A7-436C-B584-3A62258F9B67", "season": 5, "episode": 7, "mediaItem": {"id": "tt0773262", "name": "Dexter", "type": "series", "poster": "https://m.media-amazon.com/images/M/MV5BMTQ3YmQ4YzMtOTkyZC00YmM5LThhZjEtM2E0MjFkNTc0OGJhXkEyXkFqcGc@._V1_SX250.jpg"}}, {"id": "5DC64A9B-1E1F-44E4-AC94-8C897E227D29", "season": 5, "episode": 8, "mediaItem": {"id": "tt0773262", "name": "Dexter", "type": "series", "poster": "https://m.media-amazon.com/images/M/MV5BMTQ3YmQ4YzMtOTkyZC00YmM5LThhZjEtM2E0MjFkNTc0OGJhXkEyXkFqcGc@._V1_SX250.jpg"}}, {"id": "F4562D42-3275-4379-9F76-D6FB908BE84F", "season": 5, "episode": 9, "mediaItem": {"id": "tt0773262", "name": "Dexter", "type": "series", "poster": "https://m.media-amazon.com/images/M/MV5BMTQ3YmQ4YzMtOTkyZC00YmM5LThhZjEtM2E0MjFkNTc0OGJhXkEyXkFqcGc@._V1_SX250.jpg"}}, {"id": "765BEFEF-AEB6-4BFE-8C62-77E9DB8D4040", "season": 5, "episode": 10, "mediaItem": {"id": "tt0773262", "name": "Dexter", "type": "series", "poster": "https://m.media-amazon.com/images/M/MV5BMTQ3YmQ4YzMtOTkyZC00YmM5LThhZjEtM2E0MjFkNTc0OGJhXkEyXkFqcGc@._V1_SX250.jpg"}}, {"id": "323F5080-C926-4842-B88E-167D5785FC32", "season": 5, "episode": 11, "mediaItem": {"id": "tt0773262", "name": "Dexter", "type": "series", "poster": "https://m.media-amazon.com/images/M/MV5BMTQ3YmQ4YzMtOTkyZC00YmM5LThhZjEtM2E0MjFkNTc0OGJhXkEyXkFqcGc@._V1_SX250.jpg"}}, {"id": "474B73D2-FB6B-4C07-B30B-B4654124436B", "season": 5, "episode": 12, "mediaItem": {"id": "tt0773262", "name": "Dexter", "type": "series", "poster": "https://m.media-amazon.com/images/M/MV5BMTQ3YmQ4YzMtOTkyZC00YmM5LThhZjEtM2E0MjFkNTc0OGJhXkEyXkFqcGc@._V1_SX250.jpg"}}],"subtitle_url":null}]
🔍 Supabase Response for /rooms: [{"id":"LGG3","name":"Dexter","host_user_id":"656daa91-33b4-4688-9135-c982ea52d7c9","host_username":"ursinho","stream_hash":null,"imdb_id":"tt0773262","poster_url":"https://images.metahub.space/poster/small/tt0773262/img","backdrop_url":"https://images.metahub.space/background/medium/tt0773262/img","playback_position":0,"is_playing":false,"participants_count":2,"max_participants":50,"is_public":true,"created_at":"2025-12-23T16:57:46.773918","last_activity":"2025-12-23T16:59:56","season":5,"episode":2,"selected_quality":"1080p","selected_file_idx":null,"unlocked_stream_url":"https://chi9-4.download.real-debrid.com/d/XI6C5CJJEIXMS123/Dexter.S05E02.Hello.Bandit.1080p.TrueHD.5.1.AVC.REMUX-FraMeSToR.mkv","description":null,"current_playlist_index":1,"playlist":[{"id": "55EB824E-268B-438A-BB0B-368078D3E3F3", "season": 5, "episode": 1, "mediaItem": {"id": "tt0773262", "logo": "https://images.metahub.space/logo/medium/tt0773262/img", "name": "Dexter", "type": "series", "year": "2006–2013", "genres": ["Crime", "Drama", "Mystery"], "poster": "https://images.metahub.space/poster/small/tt0773262/img", "runtime": "53 min", "background": "https://images.metahub.space/background/medium/tt0773262/img", "imdbRating": "8.6", "description": "He's smart. He's lovable. He's Dexter Morgan, America's favorite serial killer, who spends his days solving crimes and his nights committing them.", "releaseInfo": "2006–2013"}}, {"id": "6C2916D8-5983-48A8-879A-F4A01DFB1A13", "season": 5, "episode": 2, "mediaItem": {"id": "tt0773262", "name": "Dexter", "type": "series", "poster": "https://m.media-amazon.com/images/M/MV5BMTQ3YmQ4YzMtOTkyZC00YmM5LThhZjEtM2E0MjFkNTc0OGJhXkEyXkFqcGc@._V1_SX250.jpg"}}, {"id": "95A0B67E-472C-4CB6-B646-ECEA69FCF911", "season": 5, "episode": 3, "mediaItem": {"id": "tt0773262", "name": "Dexter", "type": "series", "poster": "https://m.media-amazon.com/images/M/MV5BMTQ3YmQ4YzMtOTkyZC00YmM5LThhZjEtM2E0MjFkNTc0OGJhXkEyXkFqcGc@._V1_SX250.jpg"}}, {"id": "26796E09-432C-419B-AA7C-C2EBA213D96E", "season": 5, "episode": 4, "mediaItem": {"id": "tt0773262", "name": "Dexter", "type": "series", "poster": "https://m.media-amazon.com/images/M/MV5BMTQ3YmQ4YzMtOTkyZC00YmM5LThhZjEtM2E0MjFkNTc0OGJhXkEyXkFqcGc@._V1_SX250.jpg"}}, {"id": "31808A62-8C0B-4DF3-B1BF-860FC4B73C9B", "season": 5, "episode": 5, "mediaItem": {"id": "tt0773262", "name": "Dexter", "type": "series", "poster": "https://m.media-amazon.com/images/M/MV5BMTQ3YmQ4YzMtOTkyZC00YmM5LThhZjEtM2E0MjFkNTc0OGJhXkEyXkFqcGc@._V1_SX250.jpg"}}, {"id": "CDBC9894-74AD-480C-BBEC-D87350BA0704", "season": 5, "episode": 6, "mediaItem": {"id": "tt0773262", "name": "Dexter", "type": "series", "poster": "https://m.media-amazon.com/images/M/MV5BMTQ3YmQ4YzMtOTkyZC00YmM5LThhZjEtM2E0MjFkNTc0OGJhXkEyXkFqcGc@._V1_SX250.jpg"}}, {"id": "85A03E82-56A7-436C-B584-3A62258F9B67", "season": 5, "episode": 7, "mediaItem": {"id": "tt0773262", "name": "Dexter", "type": "series", "poster": "https://m.media-amazon.com/images/M/MV5BMTQ3YmQ4YzMtOTkyZC00YmM5LThhZjEtM2E0MjFkNTc0OGJhXkEyXkFqcGc@._V1_SX250.jpg"}}, {"id": "5DC64A9B-1E1F-44E4-AC94-8C897E227D29", "season": 5, "episode": 8, "mediaItem": {"id": "tt0773262", "name": "Dexter", "type": "series", "poster": "https://m.media-amazon.com/images/M/MV5BMTQ3YmQ4YzMtOTkyZC00YmM5LThhZjEtM2E0MjFkNTc0OGJhXkEyXkFqcGc@._V1_SX250.jpg"}}, {"id": "F4562D42-3275-4379-9F76-D6FB908BE84F", "season": 5, "episode": 9, "mediaItem": {"id": "tt0773262", "name": "Dexter", "type": "series", "poster": "https://m.media-amazon.com/images/M/MV5BMTQ3YmQ4YzMtOTkyZC00YmM5LThhZjEtM2E0MjFkNTc0OGJhXkEyXkFqcGc@._V1_SX250.jpg"}}, {"id": "765BEFEF-AEB6-4BFE-8C62-77E9DB8D4040", "season": 5, "episode": 10, "mediaItem": {"id": "tt0773262", "name": "Dexter", "type": "series", "poster": "https://m.media-amazon.com/images/M/MV5BMTQ3YmQ4YzMtOTkyZC00YmM5LThhZjEtM2E0MjFkNTc0OGJhXkEyXkFqcGc@._V1_SX250.jpg"}}, {"id": "323F5080-C926-4842-B88E-167D5785FC32", "season": 5, "episode": 11, "mediaItem": {"id": "tt0773262", "name": "Dexter", "type": "series", "poster": "https://m.media-amazon.com/images/M/MV5BMTQ3YmQ4YzMtOTkyZC00YmM5LThhZjEtM2E0MjFkNTc0OGJhXkEyXkFqcGc@._V1_SX250.jpg"}}, {"id": "474B73D2-FB6B-4C07-B30B-B4654124436B", "season": 5, "episode": 12, "mediaItem": {"id": "tt0773262", "name": "Dexter", "type": "series", "poster": "https://m.media-amazon.com/images/M/MV5BMTQ3YmQ4YzMtOTkyZC00YmM5LThhZjEtM2E0MjFkNTc0OGJhXkEyXkFqcGc@._V1_SX250.jpg"}}],"subtitle_url":null}]
🔍 Supabase Response for /rooms: [{"id":"LGG3","name":"Dexter","host_user_id":"656daa91-33b4-4688-9135-c982ea52d7c9","host_username":"ursinho","stream_hash":null,"imdb_id":"tt0773262","poster_url":"https://images.metahub.space/poster/small/tt0773262/img","backdrop_url":"https://images.metahub.space/background/medium/tt0773262/img","playback_position":0,"is_playing":false,"participants_count":2,"max_participants":50,"is_public":true,"created_at":"2025-12-23T16:57:46.773918","last_activity":"2025-12-23T16:59:56","season":5,"episode":2,"selected_quality":"1080p","selected_file_idx":null,"unlocked_stream_url":"https://chi9-4.download.real-debrid.com/d/XI6C5CJJEIXMS123/Dexter.S05E02.Hello.Bandit.1080p.TrueHD.5.1.AVC.REMUX-FraMeSToR.mkv","description":null,"current_playlist_index":1,"playlist":[{"id": "55EB824E-268B-438A-BB0B-368078D3E3F3", "season": 5, "episode": 1, "mediaItem": {"id": "tt0773262", "logo": "https://images.metahub.space/logo/medium/tt0773262/img", "name": "Dexter", "type": "series", "year": "2006–2013", "genres": ["Crime", "Drama", "Mystery"], "poster": "https://images.metahub.space/poster/small/tt0773262/img", "runtime": "53 min", "background": "https://images.metahub.space/background/medium/tt0773262/img", "imdbRating": "8.6", "description": "He's smart. He's lovable. He's Dexter Morgan, America's favorite serial killer, who spends his days solving crimes and his nights committing them.", "releaseInfo": "2006–2013"}}, {"id": "6C2916D8-5983-48A8-879A-F4A01DFB1A13", "season": 5, "episode": 2, "mediaItem": {"id": "tt0773262", "name": "Dexter", "type": "series", "poster": "https://m.media-amazon.com/images/M/MV5BMTQ3YmQ4YzMtOTkyZC00YmM5LThhZjEtM2E0MjFkNTc0OGJhXkEyXkFqcGc@._V1_SX250.jpg"}}, {"id": "95A0B67E-472C-4CB6-B646-ECEA69FCF911", "season": 5, "episode": 3, "mediaItem": {"id": "tt0773262", "name": "Dexter", "type": "series", "poster": "https://m.media-amazon.com/images/M/MV5BMTQ3YmQ4YzMtOTkyZC00YmM5LThhZjEtM2E0MjFkNTc0OGJhXkEyXkFqcGc@._V1_SX250.jpg"}}, {"id": "26796E09-432C-419B-2025-12-23 12:00:39.197 RedLemon[7693:68193] 🪟 restoreWindowFromLobby() called - no action needed (window stays expanded)
2025-12-23 12:00:39.345 RedLemon[7693:68769] 📤 Realtime: Sending message type: roomClosed, sender: 656daa91-33b4-4688-9135-c982ea52d7c9
2025-12-23 12:00:39.345 RedLemon[7693:68769]    Payload keys: senderId, position, chatText, chatUsername, type, timestamp
2025-12-23 12:00:39.347 RedLemon[7693:71086] ✅ Realtime: Message broadcast complete
AA7C-C2EBA213D96E", "season": 5, "episode": 4, "mediaItem": {"id": "tt0773262", "name": "Dexter", "type": "series", "poster": "https://m.media-amazon.com/images/M/MV5BMTQ3YmQ4YzMtOTkyZC00YmM5LThhZjEtM2E0MjFkNTc0OGJhXkEyXkFqcGc@._V1_SX250.jpg"}}, {"id": "31808A62-8C0B-4DF3-B1BF-860FC4B73C9B", "season": 5, "episode": 5, "mediaItem": {"id": "tt0773262", "name": "Dexter", "type": "series", "poster": "https://m.media-amazon.com/images/M/MV5BMTQ3YmQ4YzMtOTkyZC00YmM5LThhZjEtM2E0MjFkNTc0OGJhXkEyXkFqcGc@._V1_SX250.jpg"}}, {"id": "CDBC9894-74AD-480C-BBEC-D87350BA0704", "season": 5, "episode": 6, "mediaItem": {"id": "tt0773262", "name": "Dexter", "type": "series", "poster": "https://m.media-amazon.com/images/M/MV5BMTQ3YmQ4YzMtOTkyZC00YmM5LThhZjEtM2E0MjFkNTc0OGJhXkEyXkFqcGc@._V1_SX250.jpg"}}, {"id": "85A03E82-56A7-436C-B584-3A62258F9B67", "season": 5, "episode": 7, "mediaItem": {"id": "tt0773262", "name": "Dexter", "type": "series", "poster": "https://m.media-amazon.com/images/M/MV5BMTQ3YmQ4YzMtOTkyZC00YmM5LThhZjEtM2E0MjFkNTc0OGJhXkEyXkFqcGc@._V1_SX250.jpg"}}, {"id": "5DC64A9B-1E1F-44E4-AC94-8C897E227D29", "season": 5, "episode": 8, "mediaItem": {"id": "tt0773262", "name": "Dexter", "type": "series", "poster": "https://m.media-amazon.com/images/M/MV5BMTQ3YmQ4YzMtOTkyZC00YmM5LThhZjEtM2E0MjFkNTc0OGJhXkEyXkFqcGc@._V1_SX250.jpg"}}, {"id": "F4562D42-3275-4379-9F76-D6FB908BE84F", "season": 5, "episode": 9, "mediaItem": {"id": "tt0773262", "name": "Dexter", "type": "series", "poster": "https://m.media-amazon.com/images/M/MV5BMTQ3YmQ4YzMtOTkyZC00YmM5LThhZjEtM2E0MjFkNTc0OGJhXkEyXkFqcGc@._V1_SX250.jpg"}}, {"id": "765BEFEF-AEB6-4BFE-8C62-77E9DB8D4040", "season": 5, "episode": 10, "mediaItem": {"id": "tt0773262", "name": "Dexter", "type": "series", "poster": "https://m.media-amazon.com/images/M/MV5BMTQ3YmQ4YzMtOTkyZC00YmM5LThhZjEtM2E0MjFkNTc0OGJhXkEyXkFqcGc@._V1_SX250.jpg"}}, {"id": "323F5080-C926-4842-B88E-167D5785FC32", "season": 5, "episode": 11, "mediaItem": {"id": "tt0773262", "name": "Dexter", "type": "series", "poster": "https://m.media-amazon.com/images/M/MV5BMTQ3YmQ4YzMtOTkyZC00YmM5LThhZjEtM2E0MjFkNTc0OGJhXkEyXkFqcGc@._V1_SX250.jpg"}}, {"id": "474B73D2-FB6B-4C07-B30B-B4654124436B", "season": 5, "episode": 12, "mediaItem": {"id": "tt0773262", "name": "Dexter", "type": "series", "poster": "https://m.media-amazon.com/images/M/MV5BMTQ3YmQ4YzMtOTkyZC00YmM5LThhZjEtM2E0MjFkNTc0OGJhXkEyXkFqcGc@._V1_SX250.jpg"}}],"subtitle_url":null}]
🔍 Supabase Response for /rooms: [{"id":"LGG3","name":"Dexter","host_user_id":"656daa91-33b4-4688-9135-c982ea52d7c9","host_username":"ursinho","stream_hash":null,"imdb_id":"tt0773262","poster_url":"https://images.metahub.space/poster/small/tt0773262/img","backdrop_url":"https://images.metahub.space/background/medium/tt0773262/img","playback_position":0,"is_playing":false,"participants_count":2,"max_participants":50,"is_public":true,"created_at":"2025-12-23T16:57:46.773918","last_activity":"2025-12-23T16:59:56","season":5,"episode":2,"selected_quality":"1080p","selected_file_idx":null,"unlocked_stream_url":"https://chi9-4.download.real-debrid.com/d/XI6C5CJJEIXMS123/Dexter.S05E02.Hello.Bandit.1080p.TrueHD.5.1.AVC.REMUX-FraMeSToR.mkv","description":null,"current_playlist_index":1,"playlist":[{"id": "55EB824E-268B-438A-BB0B-368078D3E3F3", "season": 5, "episode": 1, "mediaItem": {"id": "tt0773262", "logo": "https://images.metahub.space/logo/medium/tt0773262/img", "name": "Dexter", "type": "series", "year": "2006–2013", "genres": ["Crime", "Drama", "Mystery"], "poster": "https://images.metahub.space/poster/small/tt0773262/img", "runtime": "53 min", "background": "https://images.metahub.space/background/medium/tt0773262/img", "imdbRating": "8.6", "description": "He's smart. He's lovable. He's Dexter Morgan, America's favorite serial killer, who spends his days solving crimes and his nights committing them.", "releaseInfo": "2006–2013"}}, {"id": "6C2916D8-5983-48A8-879A-F4A01DFB1A13", "season": 5, "episode": 2, "mediaItem": {"id": "tt0773262", "name": "Dexter", "type": "series", "poster": "https://m.media-amazon.com/images/M/MV5BMTQ3YmQ4YzMtOTkyZC00YmM5LThhZjEtM2E0MjFkNTc0OGJhXkEyXkFqcGc@._V1_SX250.jpg"}}, {"id": "95A0B67E-472C-4CB6-B646-ECEA69FCF911", "season": 5, "episode": 3, "mediaItem": {"id": "tt0773262", "name": "Dexter", "type": "series", "poster": "https://m.media-amazon.com/images/M/MV5BMTQ3YmQ4YzMtOTkyZC00YmM5LThhZjEtM2E0MjFkNTc0OGJhXkEyXkFqcGc@._V1_SX250.jpg"}}, {"id": "26796E09-432C-419B-AA7C-C2EBA213D96E", "season": 5, "episode": 4, "mediaItem": {"id": "tt0773262", "name": "Dexter", "type": "series", "poster": "https://m.media-amazon.com/images/M/MV5BMTQ3YmQ4YzMtOTkyZC00YmM5LThhZjEtM2E0MjFkNTc0OGJhXkEyXkFqcGc@._V1_SX250.jpg"}}, {"id": "31808A62-8C0B-4DF3-B1BF-860FC4B73C9B", "season": 5, "episode": 5, "mediaItem": {"id": "tt0773262", "name": "Dexter", "type": "series", "poster": "https://m.media-amazon.com/images/M/MV5BMTQ3YmQ4YzMtOTkyZC00YmM5LThhZjEtM2E0MjFkNTc0OGJhXkEyXkFqcGc@._V1_SX250.jpg"}}, {"id": "CDBC9894-74AD-480C-BBEC-D87350BA0704", "season": 5, "episode": 6, "mediaItem": {"id": "tt0773262", "name": "Dexter", "type": "series", "poster": "https://m.media-amazon.com/images/M/MV5BMTQ3YmQ4YzMtOTkyZC00YmM5LThhZjEtM2E0MjFkNTc0OGJhXkEyXkFqcGc@._V1_SX250.jpg"}}, {"id": "85A03E82-56A7-436C-B584-3A62258F9B67", "season": 5, "episode": 7, "mediaItem": {"id": "tt0773262", "name": "Dexter", "type": "series", "poster": "https://m.media-amazon.com/images/M/MV5BMTQ3YmQ4YzMtOTkyZC00YmM5LThhZjEtM2E0MjFkNTc0OGJhXkEyXkFqcGc@._V1_SX250.jpg"}}, {"id": "5DC64A9B-1E1F-44E4-AC94-8C897E227D29", "season": 5, "episode": 8, "mediaItem": {"id": "tt0773262", "name": "Dexter", "type": "series", "poster": "https://m.media-amazon.com/images/M/MV5BMTQ3YmQ4YzMtOTkyZC00YmM5LThhZjEtM2E0MjFkNTc0OGJhXkEyXkFqcGc@._V1_SX250.jpg"}}, {"id": "F4562D42-3275-4379-9F76-D6FB908BE84F", "season": 5, "episode": 9, "mediaItem": {"id": "tt0773262", "name": "Dexter", "type": "series", "poster": "https://m.media-amazon.com/images/M/MV5BMTQ3YmQ4YzMtOTkyZC00YmM5LThhZjEtM2E0MjFkNTc0OGJhXkEyXkFqcGc@._V1_SX250.jpg"}}, {"id": "765BEFEF-AEB6-4BFE-8C62-77E9DB8D4040", "season": 5, "episode": 10, "mediaItem": {"id": "tt0773262", "name": "Dexter", "type": "series", "poster": "https://m.media-amazon.com/images/M/MV5BMTQ3YmQ4YzMtOTkyZC00YmM5LThhZjEtM2E0MjFkNTc0OGJhXkEyXkFqcGc@._V1_SX250.jpg"}}, {"id": "323F5080-C926-4842-B88E-167D5785FC32", "season": 5, "episode": 11, "mediaItem": {"id": "tt0773262", "name": "Dexter", "type": "series", "poster": "https://m.media-amazon.com/images/M/MV5BMTQ3YmQ4YzMtOTkyZC00YmM5LThhZjEtM2E0MjFkNTc0OGJhXkEyXkFqcGc@._V1_SX250.jpg"}}, {"id": "474B73D2-FB6B-4C07-B30B-B4654124436B", "season": 5, "episode": 12, "mediaItem": {"id": "tt0773262", "name": "Dexter", "type": "series", "poster": "https://m.media-amazon.com/images/M/MV5BMTQ3YmQ4YzMtOTkyZC00YmM5LThhZjEtM2E0MjFkNTc0OGJhXkEyXkFqcGc@._V1_SX250.jpg"}}],"subtitle_url":null}]
✅ Lobby: Connected to Realtime
🚦 Lobby State: connected
✅ Lobby: Synced playlist with 12 items
✅ Lobby: Synced playlist index to 1
✅ Lobby: Synced stream info & playlist to AppState
✅ Lobby: Synced playlist with 12 items
✅ Lobby: Synced playlist index to 1
✅ Lobby: Synced stream info & playlist to AppState
✅ Lobby: Synced playlist with 12 items
✅ Lobby: Synced playlist index to 1
✅ Lobby: Synced stream info & playlist to AppState
✅ Lobby: Synced playlist with 12 items
✅ Lobby: Synced playlist index to 1
✅ Lobby: Synced stream info & playlist to AppState
✅ Lobby: Synced playlist with 12 items
✅ Lobby: Synced playlist index to 1
✅ Lobby: Synced stream info & playlist to AppState
🔄 Lobby: Starting database polling for participants and room state...
💓 Lobby: Starting heartbeat loop...
✅ Lobby: Loaded metadata for Dexter
📨 Received: {"ref":null,"event":"presence_diff","payload":{"joins":{"cad02b74-e01f-11f0-bae9-0a58a9feac02":{"metas":[{"phx_ref":"GIPmwg5LwZkrgaDC","phx_ref_prev":"GIPmwOjc3G8rgd4J","last_seen":"2025-12-23T16:59:59.813Z","room_id":"LGG3","started_at":"2025-12-23T16:59:54.904Z","status":"In Lobby: Dexter","user_id":"96e01cdb-36c0-4228-a6e4-a29a3c66bc8e","username":"lemontom","watching_id":"tt0773262","watching_title":"Dexter","watching_type":"series"}]}},"leaves":{"cad02b74-e01f-11f0-bae9-0a58a9feac02":{"metas":[{"phx_ref":"GIPmwOjc3G8rgd4J","phx_ref_prev":"GIPmwL2TtLcrgYPL","last_seen":"2025-12-23T16:59:54.903Z","room_id":"LGG3","started_at":"2025-12-23T16:59:54.904Z","status":"In Lobby: Dexter","user_id":"96e01cdb-36c0-4228-a6e4-a29a3c66bc8e","username":"lemontom","watching_id":"tt0773262","watching_title":"Dexter","watching_type":"series"}]}}},"topic":"realtime:global-presence"}
🛡️ Lobby: Auto-Join safety delay passed (8s). Enabled for late joiners.
📡 [EventsConfig] Checking server for movie_events config version...
✅ [EventsConfig] Fetched movie_events version 1432 with 445 movies
✅ [EventsConfig] Using cached movie_events config (version 1432, 445 movies)
📨 Received: {"ref":"36","event":"phx_reply","payload":{"status":"ok","response":{}},"topic":"realtime:global-presence"}
📨 Received: {"ref":null,"event":"presence_diff","payload":{"joins":{"2151249e-e020-11f0-a0a1-0a58a9feac02":{"metas":[{"phx_ref":"GIPmwz8b6Y8Q-MZE","phx_ref_prev":"GIPmwS30N94Q-AID","last_seen":"2025-12-23T17:00:04.978Z","room_id":"LGG3","started_at":"2025-12-23T16:59:56.098Z","status":"In Lobby: Dexter","user_id":"656daa91-33b4-4688-9135-c982ea52d7c9","username":"ursinho","watching_id":"tt0773262","watching_title":"Dexter","watching_type":"series"}]}},"leaves":{"2151249e-e020-11f0-a0a1-0a58a9feac02":{"metas":[{"phx_ref":"GIPmwS30N94Q-AID","phx_ref_prev":"GIPmwPpz11AQ-G5Q","last_seen":"2025-12-23T16:59:56.098Z","room_id":"LGG3","started_at":"2025-12-23T16:59:56.098Z","status":"In Lobby: Dexter","user_id":"656daa91-33b4-4688-9135-c982ea52d7c9","username":"ursinho","watching_id":"tt0773262","watching_title":"Dexter","watching_type":"series"}]}}},"topic":"realtime:global-presence"}
💓 Heartbeat sent
📨 Received: {"ref":"48","event":"phx_reply","payload":{"status":"ok","response":{}},"topic":"phoenix"}
💓 Heartbeat sent
💓 Heartbeat sent
📨 Received: {"ref":"37","event":"phx_reply","payload":{"status":"ok","response":{}},"topic":"phoenix"}
📨 Received: {"ref":"10","event":"phx_reply","payload":{"status":"ok","response":{}},"topic":"phoenix"}
📨 Received: {"ref":null,"event":"presence_diff","payload":{"joins":{"cad02b74-e01f-11f0-bae9-0a58a9feac02":{"metas":[{"phx_ref":"GIPmxrV9z3QrgbfI","phx_ref_prev":"GIPmwg5LwZkrgaDC","last_seen":"2025-12-23T17:00:19.812Z","room_id":"LGG3","started_at":"2025-12-23T16:59:54.904Z","status":"In Lobby: Dexter","user_id":"96e01cdb-36c0-4228-a6e4-a29a3c66bc8e","username":"lemontom","watching_id":"tt0773262","watching_title":"Dexter","watching_type":"series"}]}},"leaves":{"cad02b74-e01f-11f0-bae9-0a58a9feac02":{"metas":[{"phx_ref":"GIPmwg5LwZkrgaDC","phx_ref_prev":"GIPmwOjc3G8rgd4J","last_seen":"2025-12-23T16:59:59.813Z","room_id":"LGG3","started_at":"2025-12-23T16:59:54.904Z","status":"In Lobby: Dexter","user_id":"96e01cdb-36c0-4228-a6e4-a29a3c66bc8e","username":"lemontom","watching_id":"tt0773262","watching_title":"Dexter","watching_type":"series"}]}}},"topic":"realtime:global-presence"}
📨 Received: {"ref":"38","event":"phx_reply","payload":{"status":"ok","response":{}},"topic":"realtime:global-presence"}
📨 Received: {"ref":null,"event":"presence_diff","payload":{"joins":{"2151249e-e020-11f0-a0a1-0a58a9feac02":{"metas":[{"phx_ref":"GIPmx-b0GokQ-DdK","phx_ref_prev":"GIPmwz8b6Y8Q-MZE","last_seen":"2025-12-23T17:00:24.978Z","room_id":"LGG3","started_at":"2025-12-23T16:59:56.098Z","status":"In Lobby: Dexter","user_id":"656daa91-33b4-4688-9135-c982ea52d7c9","username":"ursinho","watching_id":"tt0773262","watching_title":"Dexter","watching_type":"series"}]}},"leaves":{"2151249e-e020-11f0-a0a1-0a58a9feac02":{"metas":[{"phx_ref":"GIPmwz8b6Y8Q-MZE","phx_ref_prev":"GIPmwS30N94Q-AID","last_seen":"2025-12-23T17:00:04.978Z","room_id":"LGG3","started_at":"2025-12-23T16:59:56.098Z","status":"In Lobby: Dexter","user_id":"656daa91-33b4-4688-9135-c982ea52d7c9","username":"ursinho","watching_id":"tt0773262","watching_title":"Dexter","watching_type":"series"}]}}},"topic":"realtime:global-presence"}
💓 Heartbeat sent
📨 Received: {"ref":"49","event":"phx_reply","payload":{"status":"ok","response":{}},"topic":"phoenix"}
🚪 Lobby: Explicit leave initiated. isHost=true, roomId=LGG3, hostId=656DAA91-33B4-4688-9135-C982EA52D7C9
🔒 Host closing room, notifying guests...
✅ BrowseView: Server is ready, loading content...
🔍 BrowseView: Loading content for tab: Movies
🗑️ Cleared all streaming catalogs
📽️ Fetching popular movies...
[ INFO ] GET /api/metadata/catalog/movie/popular [request-id: B756B2B5-D0B8-4B50-AAC3-4A6042F479D0]
2025-12-23 12:00:39.396 RedLemon[7693:70814] 📨 Realtime: Received broadcast message
2025-12-23 12:00:39.396 RedLemon[7693:70814]    Payload keys: chatText, type, position, senderId, chatUsername, timestamp
2025-12-23 12:00:39.397 RedLemon[7693:70814] ✅ Realtime: Decoded message type: roomClosed, sender: 656daa91-33b4-4688-9135-c982ea52d7c9
2025-12-23 12:00:39.397 RedLemon[7693:70814] 📞 Realtime: Invoking syncCallback for message type: roomClosed
2025-12-23 12:00:39.397 RedLemon[7693:70814] ✅ Realtime: syncCallback invoked successfully
2025-12-23 12:00:39.397 RedLemon[7693:68193] 🔒 Received Room Closed signal from Host
🔍 [Server] Proxying catalog request to: https://v3-cinemeta.strem.io/catalog/movie/popular.json
📡 SocialService: Updated status - Browsing: 
📨 Received: {"ref":null,"event":"broadcast","payload":{"event":"sync","payload":{"chatText":"Room Closed","chatUsername":"Host","position":0,"senderId":"656daa91-33b4-4688-9135-c982ea52d7c9","timestamp":1766509239.3453789,"type":"roomClosed"},"type":"broadcast"},"topic":"realtime:watch-party:LGG3"}
🔍 [DEBUG] Creating MediaItem from CinemetaSearchResult
🔍 [DEBUG] result.id: tt4712810
🔍 [DEBUG] result.type: movie
🔍 [DEBUG] result.name: Now You See Me: Now You Don't
🔍 [DEBUG] Successfully created MediaItem: Now You See Me: Now You Don't
🔍 [DEBUG] Creating MediaItem from CinemetaSearchResult
🔍 [DEBUG] result.id: tt31844586
🔍 [DEBUG] result.type: movie
🔍 [DEBUG] result.name: Sisu: Road to Revenge
🔍 [DEBUG] Successfully created MediaItem: Sisu: Road to Revenge
🔍 [DEBUG] Creating MediaItem from CinemetaSearchResult
🔍 [DEBUG] result.id: tt14107334
🔍 [DEBUG] result.type: movie
🔍 [DEBUG] result.name: The Running Man
🔍 [DEBUG] Successfully created MediaItem: The Running Man
🔍 [DEBUG] Creating MediaItem from CinemetaSearchResult
🔍 [DEBUG] result.id: tt26443597
🔍 [DEBUG] result.type: movie
🔍 [DEBUG] result.name: Zootopia 2
🔍 [DEBUG] Successfully created MediaItem: Zootopia 2
🔍 [DEBUG] Creating MediaItem from CinemetaSearchResult
🔍 [DEBUG] result.id: tt1757678
🔍 [DEBUG] result.type: movie
🔍 [DEBUG] result.name: Avatar: Fire and Ash
🔍 [DEBUG] Successfully created MediaItem: Avatar: Fire and Ash
🔍 [DEBUG] Creating MediaItem from CinemetaSearchResult
🔍 [DEBUG] result.id: tt14264694
🔍 [DEBUG] result.type: movie
🔍 [DEBUG] result.name: World-Breaker
🔍 [DEBUG] Successfully created MediaItem: World-Breaker
🔍 [DEBUG] Creating MediaItem from CinemetaSearchResult
🔍 [DEBUG] result.id: tt30274401
🔍 [DEBUG] result.type: movie
🔍 [DEBUG] result.name: Five Nights at Freddy's 2
🔍 [DEBUG] Successfully created MediaItem: Five Nights at Freddy's 2
🔍 [DEBUG] Creating MediaItem from CinemetaSearchResult
🔍 [DEBUG] result.id: tt14364480
🔍 [DEBUG] result.type: movie
🔍 [DEBUG] result.name: Wake Up Dead Man: A Knives Out Mystery
🔍 [DEBUG] Successfully created MediaItem: Wake Up Dead Man: A Knives Out Mystery
🔍 [DEBUG] Creating MediaItem from CinemetaSearchResult
🔍 [DEBUG] result.id: tt13186306
🔍 [DEBUG] result.type: movie
🔍 [DEBUG] result.name: War of the Worlds
🔍 [DEBUG] Successfully created MediaItem: War of the Worlds
🔍 [DEBUG] Creating MediaItem from CinemetaSearchResult
🔍 [DEBUG] result.id: tt27829510
🔍 [DEBUG] result.type: movie
🔍 [DEBUG] result.name: High Rollers
🔍 [DEBUG] Successfully created MediaItem: High Rollers
🔍 [DEBUG] Creating MediaItem from CinemetaSearchResult
🔍 [DEBUG] result.id: tt32537226
🔍 [DEBUG] result.type: movie
🔍 [DEBUG] result.name: Hunting Season
🔍 [DEBUG] Successfully created MediaItem: Hunting Season
🔍 [DEBUG] Creating MediaItem from CinemetaSearchResult
🔍 [DEBUG] result.id: tt6604188
🔍 [DEBUG] result.type: movie
🔍 [DEBUG] result.name: Tron: Ares
🔍 [DEBUG] Successfully created MediaItem: Tron: Ares
🔍 [DEBUG] Creating MediaItem from CinemetaSearchResult
🔍 [DEBUG] result.id: tt34610311
🔍 [DEBUG] result.type: movie
🔍 [DEBUG] result.name: The Shadow's Edge
🔍 [DEBUG] Successfully created MediaItem: The Shadow's Edge
🔍 [DEBUG] Creating MediaItem from CinemetaSearchResult
🔍 [DEBUG] result.id: tt37961727
🔍 [DEBUG] result.type: movie
🔍 [DEBUG] result.name: La hora de los valientes
🔍 [DEBUG] Successfully created MediaItem: La hora de los valientes
🔍 [DEBUG] Creating MediaItem from CinemetaSearchResult
🔍 [DEBUG] result.id: tt34434461
🔍 [DEBUG] result.type: movie
🔍 [DEBUG] result.name: Dímelo bajito
🔍 [DEBUG] Successfully created MediaItem: Dímelo bajito
📊 Using fixed catalog size: 15 items
💾 Cache SET: Catalog[popular_movies_fixed] (15 items)
✅ Loaded 15 movies
🧹 Deduplication: 50 → 49 items
📨 Received: {"ref":"39","event":"phx_reply","payload":{"status":"ok","response":{}},"topic":"realtime:global-presence"}
📨 Received: {"ref":null,"event":"presence_diff","payload":{"joins":{"2151249e-e020-11f0-a0a1-0a58a9feac02":{"metas":[{"phx_ref":"GIPmy0GSTUoQ-ExP","phx_ref_prev":"GIPmx-b0GokQ-DdK","last_seen":"2025-12-23T17:00:39.346Z","status":"Browsing","user_id":"656daa91-33b4-4688-9135-c982ea52d7c9","username":"ursinho"}]}},"leaves":{"2151249e-e020-11f0-a0a1-0a58a9feac02":{"metas":[{"phx_ref":"GIPmx-b0GokQ-DdK","phx_ref_prev":"GIPmwz8b6Y8Q-MZE","last_seen":"2025-12-23T17:00:24.978Z","room_id":"LGG3","started_at":"2025-12-23T16:59:56.098Z","status":"In Lobby: Dexter","user_id":"656daa91-33b4-4688-9135-c982ea52d7c9","username":"ursinho","watching_id":"tt0773262","watching_title":"Dexter","watching_type":"series"}]}}},"topic":"realtime:global-presence"}
🖼️ [CACHE] Cached image data for key: https://images.metahub.space/poster/small/tt15474916/img (21836 bytes)
🖼️ [CACHE] Cached image data for key: https://images.metahub.space/poster/small/tt1798684/img (24844 bytes)
🖼️ [CACHE] Cached image data for key: https://images.metahub.space/poster/small/tt16311594/img (19209 bytes)
🗑️ Cache evicted 10 items
🖼️ [CACHE] Cached image data for key: https://images.metahub.space/poster/small/tt2709692/img (19768 bytes)
🖼️ [CACHE] Cached image data for key: https://images.metahub.space/poster/small/tt0381061/img (17232 bytes)
🖼️ [CACHE] Cached image data for key: https://images.metahub.space/poster/small/tt0195714/img (15790 bytes)
🖼️ [CACHE] Cached image data for key: https://images.metahub.space/poster/small/tt1396484/img (14825 bytes)
🖼️ [CACHE] Cached image data for key: https://images.metahub.space/poster/small/tt30274401/img (24809 bytes)
🖼️ [CACHE] Cached image data for key: https://images.justwatch.com/poster/66901085/s332/img (47457 bytes)
💾 Cache SET: Catalog[quick_movie_sst.json_7] (7 items)
🗑️ Cache evicted 6 items
💾 Cache SET: Catalog[quick_movie_atp.json_7] (7 items)
🖼️ [CACHE] Cached image data for key: https://images.metahub.space/poster/small/tt3359350/img (25156 bytes)
🖼️ [CACHE] Cached image data for key: https://images.metahub.space/poster/small/tt1276104/img (29862 bytes)
💾 Cache SET: Catalog[quick_movie_pmp.json_7] (7 items)
🖼️ [CACHE] Cached image data for key: https://images.metahub.space/poster/small/tt0453467/img (36318 bytes)
🖼️ [CACHE] Cached image data for key: https://images.metahub.space/poster/small/tt26443597/img (34496 bytes)
💾 Cache SET: Catalog[quick_movie_hbm.json_7] (7 items)
🗑️ Cache evicted 10 items
🖼️ [CACHE] Cached image data for key: https://images.metahub.space/poster/small/tt15799866/img (31998 bytes)
🖼️ [CACHE] Cached image data for key: https://images.metahub.space/poster/small/tt14107334/img (28784 bytes)
🖼️ [CACHE] Cached image data for key: https://images.metahub.space/poster/small/tt4712810/img (37396 bytes)
💾 Cache SET: Catalog[quick_movie_pcp.json_7] (7 items)
🖼️ [CACHE] Cached image data for key: https://images.metahub.space/poster/small/tt14264694/img (28879 bytes)
🖼️ [CACHE] Cached image data for key: https://images.metahub.space/poster/small/tt1757678/img (38642 bytes)
🖼️ [CACHE] Cached image data for key: https://images.metahub.space/poster/small/tt31844586/img (59423 bytes)
🖼️ [CACHE] Cached image data for key: https://images.metahub.space/poster/small/tt1663662/img (35899 bytes)
💾 Cache SET: Catalog[quick_movie_nfx.json_7] (7 items)
💾 Cache SET: Catalog[quick_movie_amp.json_7] (7 items)
🗑️ Cache evicted 6 items
💾 Cache SET: Catalog[quick_movie_dnp.json_7] (7 items)
💾 Cache SET: Catalog[quick_movie_hlu.json_7] (7 items)
💾 Cache SET: Catalog[quick_movie_stz.json_7] (7 items)
🚀 Quick batch loaded: 7 items for showtime
🔍 Starting catalog fetch for showtime from: https://7a82163c306e-stremio-netflix-catalog-addon.baby-beamup.club/bmZ4LGRucCxhbXAsYXRwLGhibSxwbXAscGNwLGhsdSxjcnUsZHBlLHN0eixzc3Q6OjoxNzYzMjQxMzc5ODky/catalog/movie/sst.json
🔄 Attempt 1/3 for showtime
🚀 Quick batch loaded: 7 items for appleTv
🔍 Starting catalog fetch for appleTv from: https://7a82163c306e-stremio-netflix-catalog-addon.baby-beamup.club/bmZ4LGRucCxhbXAsYXRwLGhibSxwbXAscGNwLGhsdSxjcnUsZHBlLHN0eixzc3Q6OjoxNzYzMjQxMzc5ODky/catalog/movie/atp.json
🔄 Attempt 1/3 for appleTv
🚀 Quick batch loaded: 7 items for paramount
🔍 Starting catalog fetch for paramount from: https://7a82163c306e-stremio-netflix-catalog-addon.baby-beamup.club/bmZ4LGRucCxhbXAsYXRwLGhibSxwbXAscGNwLGhsdSxjcnUsZHBlLHN0eixzc3Q6OjoxNzYzMjQxMzc5ODky/catalog/movie/pmp.json
🔄 Attempt 1/3 for paramount
🚀 Quick batch loaded: 7 items for hbo
🔍 Starting catalog fetch for hbo from: https://7a82163c306e-stremio-netflix-catalog-addon.baby-beamup.club/bmZ4LGRucCxhbXAsYXRwLGhibSxwbXAscGNwLGhsdSxjcnUsZHBlLHN0eixzc3Q6OjoxNzYzMjQxMzc5ODky/catalog/movie/hbm.json
🔄 Attempt 1/3 for hbo
🚀 Quick batch loaded: 7 items for peacock
🔍 Starting catalog fetch for peacock from: https://7a82163c306e-stremio-netflix-catalog-addon.baby-beamup.club/bmZ4LGRucCxhbXAsYXRwLGhibSxwbXAscGNwLGhsdSxjcnUsZHBlLHN0eixzc3Q6OjoxNzYzMjQxMzc5ODky/catalog/movie/pcp.json
🔄 Attempt 1/3 for peacock
🚀 Quick batch loaded: 7 items for netflix
🔍 Starting catalog fetch for netflix from: https://7a82163c306e-stremio-netflix-catalog-addon.baby-beamup.club/bmZ4LGRucCxhbXAsYXRwLGhibSxwbXAscGNwLGhsdSxjcnUsZHBlLHN0eixzc3Q6OjoxNzYzMjQxMzc5ODky/catalog/movie/nfx.json
🔄 Attempt 1/3 for netflix
🚀 Quick batch loaded: 7 items for prime
🔍 Starting catalog fetch for prime from: https://7a82163c306e-stremio-netflix-catalog-addon.baby-beamup.club/bmZ4LGRucCxhbXAsYXRwLGhibSxwbXAscGNwLGhsdSxjcnUsZHBlLHN0eixzc3Q6OjoxNzYzMjQxMzc5ODky/catalog/movie/amp.json
🔄 Attempt 1/3 for prime
🚀 Quick batch loaded: 7 items for disney
🔍 Starting catalog fetch for disney from: https://7a82163c306e-stremio-netflix-catalog-addon.baby-beamup.club/bmZ4LGRucCxhbXAsYXRwLGhibSxwbXAscGNwLGhsdSxjcnUsZHBlLHN0eixzc3Q6OjoxNzYzMjQxMzc5ODky/catalog/movie/dnp.json
🔄 Attempt 1/3 for disney
🚀 Quick batch loaded: 7 items for hulu
🔍 Starting catalog fetch for hulu from: https://7a82163c306e-stremio-netflix-catalog-addon.baby-beamup.club/bmZ4LGRucCxhbXAsYXRwLGhibSxwbXAscGNwLGhsdSxjcnUsZHBlLHN0eixzc3Q6OjoxNzYzMjQxMzc5ODky/catalog/movie/hlu.json
🔄 Attempt 1/3 for hulu
🚀 Quick batch loaded: 7 items for starz
🔍 Starting catalog fetch for starz from: https://7a82163c306e-stremio-netflix-catalog-addon.baby-beamup.club/bmZ4LGRucCxhbXAsYXRwLGhibSxwbXAscGNwLGhsdSxjcnUsZHBlLHN0eixzc3Q6OjoxNzYzMjQxMzc5ODky/catalog/movie/stz.json
🔄 Attempt 1/3 for starz
💾 Cache SET: Catalog[quick_movie_top.json_7] (7 items)
🚀 Quick batch loaded: 7 items for trending
💾 Cache SET: Catalog[catalog_movie_sst.json] (15 items)
💾 Cache SET: Catalog[catalog_movie_atp.json] (15 items)
🗑️ Cache evicted 6 items
💾 Cache SET: Catalog[catalog_movie_pmp.json] (15 items)
📨 Received: {"ref":null,"event":"postgres_changes","payload":{"data":{"table":"rooms","type":"UPDATE","record":{"id": "LGG3", "name": "Dexter", "season": 5, "episode": 2, "imdb_id": "tt0773262", "playlist": [{"id": "55EB824E-268B-438A-BB0B-368078D3E3F3", "season": 5, "episode": 1, "mediaItem": {"id": "tt0773262", "logo": "https://images.metahub.space/logo/medium/tt0773262/img", "name": "Dexter", "type": "series", "year": "2006–2013", "genres": ["Crime", "Drama", "Mystery"], "poster": "https://images.metahub.space/poster/small/tt0773262/img", "runtime": "53 min", "background": "https://images.metahub.space/background/medium/tt0773262/img", "imdbRating": "8.6", "description": "He's smart. He's lovable. He's Dexter Morgan, America's favorite serial killer, who spends his days solving crimes and his nights committing them.", "releaseInfo": "2006–2013"}}, {"id": "6C2916D8-5983-48A8-879A-F4A01DFB1A13", "season": 5, "episode": 2, "mediaItem": {"id": "tt0773262", "name": "Dexter", "type": "series", "poster": "https://m.media-amazon.com/images/M/MV5BMTQ3YmQ4YzMtOTkyZC00YmM5LThhZjEtM2E0MjFkNTc0OGJhXkEyXkFqcGc@._V1_SX250.jpg"}}, {"id": "95A0B67E-472C-4CB6-B646-ECEA69FCF911", "season": 5, "episode": 3, "mediaItem": {"id": "tt0773262", "name": "Dexter", "type": "series", "poster": "https://m.media-amazon.com/images/M/MV5BMTQ3YmQ4YzMtOTkyZC00YmM5LThhZjEtM2E0MjFkNTc0OGJhXkEyXkFqcGc@._V1_SX250.jpg"}}, {"id": "26796E09-432C-419B-AA7C-C2EBA213D96E", "season": 5, "episode": 4, "mediaItem": {"id": "tt0773262", "name": "Dexter", "type": "series", "poster": "https://m.media-amazon.com/images/M/MV5BMTQ3YmQ4YzMtOTkyZC00YmM5LThhZjEtM2E0MjFkNTc0OGJhXkEyXkFqcGc@._V1_SX250.jpg"}}, {"id": "31808A62-8C0B-4DF3-B1BF-860FC4B73C9B", "season": 5, "episode": 5, "mediaItem": {"id": "tt0773262", "name": "Dexter", "type": "series", "poster": "https://m.media-amazon.com/images/M/MV5BMTQ3YmQ4YzMtOTkyZC00YmM5LThhZjEtM2E0MjFkNTc0OGJhXkEyXkFqcGc@._V1_SX250.jpg"}}, {"id": "CDBC9894-74AD-480C-BBEC-D87350BA0704", "season": 5, "episode": 6, "mediaItem": {"id": "tt0773262", "name": "Dexter", "type": "series", "poster": "https://m.media-amazon.com/images/M/MV5BMTQ3YmQ4YzMtOTkyZC00YmM5LThhZjEtM2E0MjFkNTc0OGJhXkEyXkFqcGc@._V1_SX250.jpg"}}, {"id": "85A03E82-56A7-436C-B584-3A62258F9B67", "season": 5, "episode": 7, "mediaItem": {"id": "tt0773262", "name": "Dexter", "type": "series", "poster": "https://m.media-amazon.com/images/M/MV5BMTQ3YmQ4YzMtOTkyZC00YmM5LThhZjEtM2E0MjFkNTc0OGJhXkEyXkFqcGc@._V1_SX250.jpg"}}, {"id": "5DC64A9B-1E1F-44E4-AC94-8C897E227D29", "season": 5, "episode": 8, "mediaItem": {"id": "tt0773262", "name": "Dexter", "type": "series", "poster": "https://m.media-amazon.com/images/M/MV5BMTQ3YmQ4YzMtOTkyZC00YmM5LThhZjEtM2E0MjFkNTc0OGJhXkEyXkFqcGc@._V1_SX250.jpg"}}, {"id": "F4562D42-3275-4379-9F76-D6FB908BE84F", "season": 5, "episode": 9, "mediaItem": {"id": "tt0773262", "name": "Dexter", "type": "series", "poster": "https://m.media-amazon.com/images/M/MV5BMTQ3YmQ4YzMtOTkyZC00YmM5LThhZjEtM2E0MjFkNTc0OGJhXkEyXkFqcGc@._V1_SX250.jpg"}}, {"id": "765BEFEF-AEB6-4BFE-8C62-77E9DB8D4040", "season": 5, "episode": 10, "mediaItem": {"id": "tt0773262", "name": "Dexter", "type": "series", "poster": "https://m.media-amazon.com/images/M/MV5BMTQ3YmQ4YzMtOTkyZC00YmM5LThhZjEtM2E0MjFkNTc0OGJhXkEyXkFqcGc@._V1_SX250.jpg"}}, {"id": "323F5080-C926-4842-B88E-167D5785FC32", "season": 5, "episode": 11, "mediaItem": {"id": "tt0773262", "name": "Dexter", "type": "series", "poster": "https://m.media-amazon.com/images/M/MV5BMTQ3YmQ4YzMtOTkyZC00YmM5LThhZjEtM2E0MjFkNTc0OGJhXkEyXkFqcGc@._V1_SX250.jpg"}}, {"id": "474B73D2-FB6B-4C07-B30B-B4654124436B", "season": 5, "episode": 12, "mediaItem": {"id": "tt0773262", "name": "Dexter", "type": "series", "poster": "https://m.media-amazon.com/images/M/MV5BMTQ3YmQ4YzMtOTkyZC00YmM5LThhZjEtM2E0MjFkNTc0OGJhXkEyXkFqcGc@._V1_SX250.jpg"}}], "is_public": true, "created_at": "2025-12-23T16:57:46.773918", "is_playing": false, "poster_url": "https://images.metahub.space/poster/small/tt0773262/img", "description": null, "stream_hash": null, "backdrop_url": "https://images.metahub.space/background/medium/tt0773262/img", "host_user_id": "656daa91-33b4-4688-9135-c982ea52d7c9", "subtitle_url": null, "host_username": "ursinho", "last_activity": "2025-12-23T17:00:40.037511", "max_participants": 50, "selected_quality": "1080p", "playback_position": 0, "selected_file_idx": null, "participants_count": 1, "unlocked_stream_url": "https://chi9-4.download.real-debrid.com/d/XI6C5CJJEIXMS123/Dexter.S05E02.Hello.Bandit.1080p.TrueHD.5.1.AVC.REMUX-FraMeSToR.mkv", "current_playlist_index": 1},"columns":[{"name": "id", "type": "text"}, {"name": "name", "type": "text"}, {"name": "host_user_id", "type": "uuid"}, {"name": "host_username", "type": "text"}, {"name": "stream_hash", "type": "text"}, {"name": "imdb_id", "type": "text"}, {"name": "poster_url", "type": "text"}, {"name": "backdrop_url", "type": "text"}, {"name": "playback_position", "type": "int4"}, {"name": "is_playing", "type": "bool"}, {"name": "participants_count", "type": "int4"}, {"name": "max_participants", "type": "int4"}, {"name": "is_public", "type": "bool"}, {"name2025-12-23 12:00:40.096 RedLemon[7693:68193] 📨 Lobby: Received Room UPDATE from Realtime
2025-12-23 12:00:40.096 RedLemon[7693:68193] 📨 Lobby: Received Room UPDATE from Realtime
2025-12-23 12:00:40.096 RedLemon[7693:68193] 📨 Lobby: Received Room UPDATE from Realtime
2025-12-23 12:00:40.096 RedLemon[7693:68193] 📨 Lobby: Received Room UPDATE from Realtime
2025-12-23 12:00:40.096 RedLemon[7693:68193] 📨 Lobby: Received Room UPDATE from Realtime
2025-12-23 12:00:40.097 RedLemon[7693:68193] 📨 Lobby: Received Room UPDATE from Realtime
": "created_at", "type": "timestamp"}, {"name": "last_activity", "type": "timestamp"}, {"name": "season", "type": "int4"}, {"name": "episode", "type": "int4"}, {"name": "selected_quality", "type": "text"}, {"name": "selected_file_idx", "type": "int4"}, {"name": "unlocked_stream_url", "type": "text"}, {"name": "description", "type": "text"}, {"name": "current_playlist_index", "type": "int4"}, {"name": "playlist", "type": "jsonb"}, {"name": "subtitle_url", "type": "text"}],"errors":null,"schema":"public","commit_timestamp":"2025-12-23T17:00:40.040Z","old_record":{"id": "LGG3"}},"ids":[67457933]},"topic":"realtime:watch-party:LGG3"}
💾 Cache SET: Catalog[catalog_movie_hbm.json] (15 items)
💾 Cache SET: Catalog[catalog_movie_pcp.json] (15 items)
💾 Cache SET: Catalog[catalog_movie_nfx.json] (15 items)
💾 Cache SET: Catalog[catalog_movie_amp.json] (15 items)
💾 Cache SET: Catalog[catalog_movie_dnp.json] (15 items)
🗑️ Cache evicted 6 items
💾 Cache SET: Catalog[catalog_movie_hlu.json] (15 items)
💾 Cache SET: Catalog[catalog_movie_stz.json] (15 items)
📊 Using fixed catalog size: 15 items
✅ Attempt 1 successful for showtime
✅ Successfully fetched 15 items for showtime from primary service
📦 Full batch loaded: 15 items for showtime
✅ Progressive loading completed for showtime
📊 Using fixed catalog size: 15 items
✅ Attempt 1 successful for appleTv
✅ Successfully fetched 15 items for appleTv from primary service
📦 Full batch loaded: 15 items for appleTv
✅ Progressive loading completed for appleTv
📊 Using fixed catalog size: 15 items
✅ Attempt 1 successful for paramount
✅ Successfully fetched 15 items for paramount from primary service
📦 Full batch loaded: 15 items for paramount
✅ Progressive loading completed for paramount
🔄 Lobby: Fetching fresh room state from Supabase...
🔄 Lobby: Fetching fresh room state from Supabase...
🔄 Lobby: Fetching fresh room state from Supabase...
🔄 Lobby: Fetching fresh room state from Supabase...
🔄 Lobby: Fetching fresh room state from Supabase...
🔄 Lobby: Fetching fresh room state from Supabase...
📊 Using fixed catalog size: 15 items
✅ Attempt 1 successful for hbo
✅ Successfully fetched 15 items for hbo from primary service
📦 Full batch loaded: 15 items for hbo
✅ Progressive loading completed for hbo
📊 Using fixed catalog size: 15 items
✅ Attempt 1 successful for peacock
✅ Successfully fetched 15 items for peacock from primary service
📦 Full batch loaded: 15 items for peacock
✅ Progressive loading completed for peacock
📊 Using fixed catalog size: 15 items
✅ Attempt 1 successful for netflix
✅ Successfully fetched 15 items for netflix from primary service
📦 Full batch loaded: 15 items for netflix
✅ Progressive loading completed for netflix
📊 Using fixed catalog size: 15 items
✅ Attempt 1 successful for prime
✅ Successfully fetched 15 items for prime from primary service
📦 Full batch loaded: 15 items for prime
✅ Progressive loading completed for prime
📊 Using fixed catalog size: 15 items
✅ Attempt 1 successful for disney
✅ Successfully fetched 15 items for disney from primary service
📦 Full batch loaded: 15 items for disney
✅ Progressive loading completed for disney
📊 Using fixed catalog size: 15 items
✅ Attempt 1 successful for hulu
✅ Successfully fetched 15 items for hulu from primary service
📦 Full batch loaded: 15 items for hulu
✅ Progressive loading completed for hulu
📊 Using fixed catalog size: 15 items
✅ Attempt 1 successful for starz
✅ Successfully fetched 15 items for starz from primary service
📦 Full batch loaded: 15 items for starz
✅ Progressive loading completed for starz
💾 Cache SET: Catalog[catalog_movie_top.json] (15 items)
📊 Using fixed catalog size: 15 items
📦 Full batch loaded: 15 items for trending
✅ Progressive loading completed for trending
🔍 Supabase Response for /rooms: [{"id":"LGG3","name":"Dexter","host_user_id":"656daa91-33b4-4688-9135-c982ea52d7c9","host_username":"ursinho","stream_hash":null,"imdb_id":"tt0773262","poster_url":"https://images.metahub.space/poster/small/tt0773262/img","backdrop_url":"https://images.metahub.space/background/medium/tt0773262/img","playback_position":0,"is_playing":false,"participants_count":1,"max_participants":50,"is_public":true,"created_at":"2025-12-23T16:57:46.773918","last_activity":"2025-12-23T17:00:40.037511","season":5,"episode":2,"selected_quality":"1080p","selected_file_idx":null,"unlocked_stream_url":"https://chi9-4.download.real-debrid.com/d/XI6C5CJJEIXMS123/Dexter.S05E02.Hello.Bandit.1080p.TrueHD.5.1.AVC.REMUX-FraMeSToR.mkv","description":null,"current_playlist_index":1,"playlist":[{"id": "55EB824E-268B-438A-BB0B-368078D3E3F3", "season": 5, "episode": 1, "mediaItem": {"id": "tt0773262", "logo": "https://images.metahub.space/logo/medium/tt0773262/img", "name": "Dexter", "type": "series", "year": "2006–2013", "genres": ["Crime", "Drama", "Mystery"], "poster": "https://images.metahub.space/poster/small/tt0773262/img", "runtime": "53 min", "background": "https://images.metahub.space/background/medium/tt0773262/img", "imdbRating": "8.6", "description": "He's smart. He's lovable. He's Dexter Morgan, America's favorite serial killer, who spends his days solving crimes and his nights committing them.", "releaseInfo": "2006–2013"}}, {"id": "6C2916D8-5983-48A8-879A-F4A01DFB1A13", "season": 5, "episode": 2, "mediaItem": {"id": "tt0773262", "name": "Dexter", "type": "series", "poster": "https://m.media-amazon.com/images/M/MV5BMTQ3YmQ4YzMtOTkyZC00YmM5LThhZjEtM2E0MjFkNTc0OGJhXkEyXkFqcGc@._V1_SX250.jpg"}}, {"id": "95A0B67E-472C-4CB6-B646-ECEA69FCF911", "season": 5, "episode": 3, "mediaItem": {"id": "tt0773262", "name": "Dexter", "type": "series", "poster": "https://m.media-amazon.com/images/M/MV5BMTQ3YmQ4YzMtOTkyZC00YmM5LThhZjEtM2E0MjFkNTc0OGJhXkEyXkFqcGc@._V1_SX250.jpg"}}, {"id": "26796E09-432C-419B-AA7C-C2EBA213D96E", "season": 5, "episode": 4, "mediaItem": {"id": "tt0773262", "name": "Dexter", "type": "series", "poster": "https://m.media-amazon.com/images/M/MV5BMTQ3YmQ4YzMtOTkyZC00YmM5LThhZjEtM2E0MjFkNTc0OGJhXkEyXkFqcGc@._V1_SX250.jpg"}}, {"id": "31808A62-8C0B-4DF3-B1BF-860FC4B73C9B", "season": 5, "episode": 5, "mediaItem": {"id": "tt0773262", "name": "Dexter", "type": "series", "poster": "https://m.media-amazon.com/images/M/MV5BMTQ3YmQ4YzMtOTkyZC00YmM5LThhZjEtM2E0MjFkNTc0OGJhXkEyXkFqcGc@._V1_SX250.jpg"}}, {"id": "CDBC9894-74AD-480C-BBEC-D87350BA0704", "season": 5, "episode": 6, "mediaItem": {"id": "tt0773262", "name": "Dexter", "type": "series", "poster": "https://m.media-amazon.com/images/M/MV5BMTQ3YmQ4YzMtOTkyZC00YmM5LThhZjEtM2E0MjFkNTc0OGJhXkEyXkFqcGc@._V1_SX250.jpg"}}, {"id": "85A03E82-56A7-436C-B584-3A62258F9B67", "season": 5, "episode": 7, "mediaItem": {"id": "tt0773262", "name": "Dexter", "type": "series", "poster": "https://m.media-amazon.com/images/M/MV5BMTQ3YmQ4YzMtOTkyZC00YmM5LThhZjEtM2E0MjFkNTc0OGJhXkEyXkFqcGc@._V1_SX250.jpg"}}, {"id": "5DC64A9B-1E1F-44E4-AC94-8C897E227D29", "season": 5, "episode": 8, "mediaItem": {"id": "tt0773262", "name": "Dexter", "type": "series", "poster": "https://m.media-amazon.com/images/M/MV5BMTQ3YmQ4YzMtOTkyZC00YmM5LThhZjEtM2E0MjFkNTc0OGJhXkEyXkFqcGc@._V1_SX250.jpg"}}, {"id": "F4562D42-3275-4379-9F76-D6FB908BE84F", "season": 5, "episode": 9, "mediaItem": {"id": "tt0773262", "name": "Dexter", "type": "series", "poster": "https://m.media-amazon.com/images/M/MV5BMTQ3YmQ4YzMtOTkyZC00YmM5LThhZjEtM2E0MjFkNTc0OGJhXkEyXkFqcGc@._V1_SX250.jpg"}}, {"id": "765BEFEF-AEB6-4BFE-8C62-77E9DB8D4040", "season": 5, "episode": 10, "mediaItem": {"id": "tt0773262", "name": "Dexter", "type": "series", "poster": "https://m.media-amazon.com/images/M/MV5BMTQ3YmQ4YzMtOTkyZC00YmM5LThhZjEtM2E0MjFkNTc0OGJhXkEyXkFqcGc@._V1_SX250.jpg"}}, {"id": "323F5080-C926-4842-B88E-167D5785FC32", "season": 5, "episode": 11, "mediaItem": {"id": "tt0773262", "name": "Dexter", "type": "series", "poster": "https://m.media-amazon.com/images/M/MV5BMTQ3YmQ4YzMtOTkyZC00YmM5LThhZjEtM2E0MjFkNTc0OGJhXkEyXkFqcGc@._V1_SX250.jpg"}}, {"id": "474B73D2-FB6B-4C07-B30B-B4654124436B", "season": 5, "episode": 12, "mediaItem": {"id": "tt0773262", "name": "Dexter", "type": "series", "poster": "https://m.media-amazon.com/images/M/MV5BMTQ3YmQ4YzMtOTkyZC00YmM5LThhZjEtM2E0MjFkNTc0OGJhXkEyXkFqcGc@._V1_SX250.jpg"}}],"subtitle_url":null}]
🔍 Supabase Response for /rooms: [{"id":"LGG3","name":"Dexter","host_user_id":"656daa91-33b4-4688-9135-c982ea52d7c9","host_username":"ursinho","stream_hash":null,"imdb_id":"tt0773262","poster_url":"https://images.metahub.space/poster/small/tt0773262/img","backdrop_url":"https://images.metahub.space/background/medium/tt0773262/img","playback_position":0,"is_playing":false,"participants_count":1,"max_participants":50,"is_public":true,"created_at":"2025-12-23T16:57:46.773918","last_activity":"2025-12-23T17:00:40.037511","season":5,"episode":2,"selected_quality":"1080p","selected_file_idx":null,"unlocked_stream_url":"https://chi9-4.download.real-debrid.com/d/XI6C5CJJEIXMS123/Dexter.S05E02.Hello.Bandit.1080p.TrueHD.5.1.AVC.REMUX-FraMeSToR.mkv","description":null,"current_playlist_index":1,"playlist":[{"id": "55EB824E-268B-438A-BB0B-368078D3E3F3", "season": 5, "episode": 1, "mediaItem": {"id": "tt0773262", "logo": "https://images.metahub.space/logo/medium/tt0773262/img", "name": "Dexter", "type": "series", "year": "2006–2013", "genres": ["Crime", "Drama", "Mystery"], "poster": "https://images.metahub.space/poster/small/tt0773262/img", "runtime": "53 min", "background": "https://images.metahub.space/background/medium/tt0773262/img", "imdbRating": "8.6", "description": "He's smart. He's lovable. He's Dexter Morgan, America's favorite serial killer, who spends his days solving crimes and his nights committing them.", "releaseInfo": "2006–2013"}}, {"id": "6C2916D8-5983-48A8-879A-F4A01DFB1A13", "season": 5, "episode": 2, "mediaItem": {"id": "tt0773262", "name": "Dexter", "type": "series", "poster": "https://m.media-amazon.com/images/M/MV5BMTQ3YmQ4YzMtOTkyZC00YmM5LThhZjEtM2E0MjFkNTc0OGJhXkEyXkFqcGc@._V1_SX250.jpg"}}, {"id": "95A0B67E-472C-4CB6-B646-ECEA69FCF911", "season": 5, "episode": 3, "mediaItem": {"id": "tt0773262", "name": "Dexter", "type": "series", "poster": "https://m.media-amazon.com/images/M/MV5BMTQ3YmQ4YzMtOTkyZC00YmM5LThhZjEtM2E0MjFkNTc0OGJhXkEyXkFqcGc@._V1_SX250.jpg"}}, {"id": "26796E09-432C-419B-AA7C-C2EBA213D96E", "season": 5, "episode": 4, "mediaItem": {"id": "tt0773262", "name": "Dexter", "type": "series", "poster": "https://m.media-amazon.com/images/M/MV5BMTQ3YmQ4YzMtOTkyZC00YmM5LThhZjEtM2E0MjFkNTc0OGJhXkEyXkFqcGc@._V1_SX250.jpg"}}, {"id": "31808A62-8C0B-4DF3-B1BF-860FC4B73C9B", "season": 5, "episode": 5, "mediaItem": {"id": "tt0773262", "name": "Dexter", "type": "series", "poster": "https://m.media-amazon.com/images/M/MV5BMTQ3YmQ4YzMtOTkyZC00YmM5LThhZjEtM2E0MjFkNTc0OGJhXkEyXkFqcGc@._V1_SX250.jpg"}}, {"id": "CDBC9894-74AD-480C-BBEC-D87350BA0704", "season": 5, "episode": 6, "mediaItem": {"id": "tt0773262", "name": "Dexter", "type": "series", "poster": "https://m.media-amazon.com/images/M/MV5BMTQ3YmQ4YzMtOTkyZC00YmM5LThhZjEtM2E0MjFkNTc0OGJhXkEyXkFqcGc@._V1_SX250.jpg"}}, {"id": "85A03E82-56A7-436C-B584-3A62258F9B67", "season": 5, "episode": 7, "mediaItem": {"id": "tt0773262", "name": "Dexter", "type": "series", "poster": "https://m.media-amazon.com/images/M/MV5BMTQ3YmQ4YzMtOTkyZC00YmM5LThhZjEtM2E0MjFkNTc0OGJhXkEyXkFqcGc@._V1_SX250.jpg"}}, {"id": "5DC64A9B-1E1F-44E4-AC94-8C897E227D29", "season": 5, "episode": 8, "mediaItem": {"id": "tt0773262", "name": "Dexter", "type": "series", "poster": "https://m.media-amazon.com/images/M/MV5BMTQ3YmQ4YzMtOTkyZC00YmM5LThhZjEtM2E0MjFkNTc0OGJhXkEyXkFqcGc@._V1_SX250.jpg"}}, {"id": "F4562D42-3275-4379-9F76-D6FB908BE84F", "season": 5, "episode": 9, "mediaItem": {"id": "tt0773262", "name": "Dexter", "type": "series", "poster": "https://m.media-amazon.com/images/M/MV5BMTQ3YmQ4YzMtOTkyZC00YmM5LThhZjEtM2E0MjFkNTc0OGJhXkEyXkFqcGc@._V1_SX250.jpg"}}, {"id": "765BEFEF-AEB6-4BFE-8C62-77E9DB8D4040", "season": 5, "episode": 10, "mediaItem": {"id": "tt0773262", "name": "Dexter", "type": "series", "poster": "https://m.media-amazon.com/images/M/MV5BMTQ3YmQ4YzMtOTkyZC00YmM5LThhZjEtM2E0MjFkNTc0OGJhXkEyXkFqcGc@._V1_SX250.jpg"}}, {"id": "323F5080-C926-4842-B88E-167D5785FC32", "season": 5, "episode": 11, "mediaItem": {"id": "tt0773262", "name": "Dexter", "type": "series", "poster": "https://m.media-amazon.com/images/M/MV5BMTQ3YmQ4YzMtOTkyZC00YmM5LThhZjEtM2E0MjFkNTc0OGJhXkEyXkFqcGc@._V1_SX250.jpg"}}, {"id": "474B73D2-FB6B-4C07-B30B-B4654124436B", "season": 5, "episode": 12, "mediaItem": {"id": "tt0773262", "name": "Dexter", "type": "series", "poster": "https://m.media-amazon.com/images/M/MV5BMTQ3YmQ4YzMtOTkyZC00YmM5LThhZjEtM2E0MjFkNTc0OGJhXkEyXkFqcGc@._V1_SX250.jpg"}}],"subtitle_url":null}]
🔍 Supabase Response for /rooms: [{"id":"LGG3","name":"Dexter","host_user_id":"656daa91-33b4-4688-9135-c982ea52d7c9","host_username":"ursinho","stream_hash":null,"imdb_id":"tt0773262","poster_url":"https://images.metahub.space/poster/small/tt0773262/img","backdrop_url":"https://images.metahub.space/background/medium/tt0773262/img","playback_position":0,"is_playing":false,"participants_count":1,"max_participants":50,"is_public":true,"created_at":"2025-12-23T16:57:46.773918","last_activity":"2025-12-23T17:00:40.037511","season":5,"episode":2,"selected_quality":"1080p","selected_file_idx":null,"unlocked_stream_url":"https://chi9-4.download.real-debrid.com/d/XI6C5CJJEIXMS123/Dexter.S05E02.Hello.Bandit.1080p.TrueHD.5.1.AVC.REMUX-FraMeSToR.mkv","description":null,"current_playlist_index":1,"playlist":[{"id": "55EB824E-268B-438A-BB0B-368078D3E3F3", "season": 5, "episode": 1, "mediaItem": {"id": "tt0773262", "logo": "https://images.metahub.space/logo/medium/tt0773262/img", "name": "Dexter", "type": "series", "year": "2006–2013", "genres": ["Crime", "Drama", "Mystery"], "poster": "https://images.metahub.space/poster/small/tt0773262/img", "runtime": "53 min", "background": "https://images.metahub.space/background/medium/tt0773262/img", "imdbRating": "8.6", "description": "He's smart. He's lovable. He's Dexter Morgan, America's favorite serial killer, who spends his days solving crimes and his nights committing them.", "releaseInfo": "2006–2013"}}, {"id": "6C2916D8-5983-48A8-879A-F4A01DFB1A13", "season": 5, "episode": 2, "mediaItem": {"id": "tt0773262", "name": "Dexter", "type": "series", "poster": "https://m.media-amazon.com/images/M/MV5BMTQ3YmQ4YzMtOTkyZC00YmM5LThhZjEtM2E0MjFkNTc0OGJhXkEyXkFqcGc@._V1_SX250.jpg"}}, {"id": "95A0B67E-472C-4CB6-B646-ECEA69FCF911", "season": 5, "episode": 3, "mediaItem": {"id": "tt0773262", "name": "Dexter", "type": "series", "poster": "https://m.media-amazon.com/images/M/MV5BMTQ3YmQ4YzMtOTkyZC00YmM5LThhZjEtM2E0MjFkNTc0OGJhXkEyXkFqcGc@._V1_SX250.jpg"}}, {"id": "26796E09-432C-419B-AA7C-C2EBA213D96E", "season": 5, "episode": 4, "mediaItem": {"id": "tt0773262", "name": "Dexter", "type": "series", "poster": "https://m.media-amazon.com/images/M/MV5BMTQ3YmQ4YzMtOTkyZC00YmM5LThhZjEtM2E0MjFkNTc0OGJhXkEyXkFqcGc@._V1_SX250.jpg"}}, {"id": "31808A62-8C0B-4DF3-B1BF-860FC4B73C9B", "season": 5, "episode": 5, "mediaItem": {"id": "tt0773262", "name": "Dexter", "type": "series", "poster": "https://m.media-amazon.com/images/M/MV5BMTQ3YmQ4YzMtOTkyZC00YmM5LThhZjEtM2E0MjFkNTc0OGJhXkEyXkFqcGc@._V1_SX250.jpg"}}, {"id": "CDBC9894-74AD-480C-BBEC-D87350BA0704", "season": 5, "episode": 6, "mediaItem": {"id": "tt0773262", "name": "Dexter", "type": "series", "poster": "https://m.media-amazon.com/images/M/MV5BMTQ3YmQ4YzMtOTkyZC00YmM5LThhZjEtM2E0MjFkNTc0OGJhXkEyXkFqcGc@._V1_SX250.jpg"}}, {"id": "85A03E82-56A7-436C-B584-3A62258F9B67", "season": 5, "episode": 7, "mediaItem": {"id": "tt0773262", "name": "Dexter", "type": "series", "poster": "https://m.media-amazon.com/images/M/MV5BMTQ3YmQ4YzMtOTkyZC00YmM5LThhZjEtM2E0MjFkNTc0OGJhXkEyXkFqcGc@._V1_SX250.jpg"}}, {"id": "5DC64A9B-1E1F-44E4-AC94-8C897E227D29", "season": 5, "episode": 8, "mediaItem": {"id": "tt0773262", "name": "Dexter", "type": "series", "poster": "https://m.media-amazon.com/images/M/MV5BMTQ3YmQ4YzMtOTkyZC00YmM5LThhZjEtM2E0MjFkNTc0OGJhXkEyXkFqcGc@._V1_SX250.jpg"}}, {"id": "F4562D42-3275-4379-9F76-D6FB908BE84F", "season": 5, "episode": 9, "mediaItem": {"id": "tt0773262", "name": "Dexter", "type": "series", "poster": "https://m.media-amazon.com/images/M/MV5BMTQ3YmQ4YzMtOTkyZC00YmM5LThhZjEtM2E0MjFkNTc0OGJhXkEyXkFqcGc@._V1_SX250.jpg"}}, {"id": "765BEFEF-AEB6-4BFE-8C62-77E9DB8D4040", "season": 5, "episode": 10, "mediaItem": {"id": "tt0773262", "name": "Dexter", "type": "series", "poster": "https://m.media-amazon.com/images/M/MV5BMTQ3YmQ4YzMtOTkyZC00YmM5LThhZjEtM2E0MjFkNTc0OGJhXkEyXkFqcGc@._V1_SX250.jpg"}}, {"id": "323F5080-C926-4842-B88E-167D5785FC32", "season": 5, "episode": 11, "mediaItem": {"id": "tt0773262", "name": "Dexter", "type": "series", "poster": "https://m.media-amazon.com/images/M/MV5BMTQ3YmQ4YzMtOTkyZC00YmM5LThhZjEtM2E0MjFkNTc0OGJhXkEyXkFqcGc@._V1_SX250.jpg"}}, {"id": "474B73D2-FB6B-4C07-B30B-B4654124436B", "season": 5, "episode": 12, "mediaItem": {"id": "tt0773262", "name": "Dexter", "type": "series", "poster": "https://m.media-amazon.com/images/M/MV5BMTQ3YmQ4YzMtOTkyZC00YmM5LThhZjEtM2E0MjFkNTc0OGJhXkEyXkFqcGc@._V1_SX250.jpg"}}],"subtitle_url":null}]
🔍 Supabase Response for /rooms: [{"id":"LGG3","name":"Dexter","host_user_id":"656daa91-33b4-4688-9135-c982ea52d7c9","host_username":"ursinho","stream_hash":null,"imdb_id":"tt0773262","poster_url":"https://images.metahub.space/poster/small/tt0773262/img","backdrop_url":"https://images.metahub.space/background/medium/tt0773262/img","playback_position":0,"is_playing":false,"participants_count":1,"max_participants":50,"is_public":true,"created_at":"2025-12-23T16:57:46.773918","last_activity":"2025-12-23T17:00:40.037511","season":5,"episode":2,"selected_quality":"1080p","selected_file_idx":null,"unlocked_stream_url":"https://chi9-4.download.real-debrid.com/d/XI6C5CJJEIXMS123/Dexter.S05E02.Hello.Bandit.1080p.TrueHD.5.1.AVC.REMUX-FraMeSToR.mkv","description":null,"current_playlist_index":1,"playlist":[{"id": "55EB824E-268B-438A-BB0B-368078D3E3F3", "season": 5, "episode": 1, "mediaItem": {"id": "tt0773262", "logo": "https://images.metahub.space/logo/medium/tt0773262/img", "name": "Dexter", "type": "series", "year": "2006–2013", "genres": ["Crime", "Drama", "Mystery"], "poster": "https://images.metahub.space/poster/small/tt0773262/img", "runtime": "53 min", "background": "https://images.metahub.space/background/medium/tt0773262/img", "imdbRating": "8.6", "description": "He's smart. He's lovable. He's Dexter Morgan, America's favorite serial killer, who spends his days solving crimes and his nights committing them.", "releaseInfo": "2006–2013"}}, {"id": "6C2916D8-5983-48A8-879A-F4A01DFB1A13", "season": 5, "episode": 2, "mediaItem": {"id": "tt0773262", "name": "Dexter", "type": "series", "poster": "https://m.media-amazon.com/images/M/MV5BMTQ3YmQ4YzMtOTkyZC00YmM5LThhZjEtM2E0MjFkNTc0OGJhXkEyXkFqcGc@._V1_SX250.jpg"}}, {"id": "95A0B67E-472C-4CB6-B646-ECEA69FCF911", "season": 5, "episode": 3, "mediaItem": {"id": "tt0773262", "name": "Dexter", "type": "series", "poster": "https://m.media-amazon.com/images/M/MV5BMTQ3YmQ4YzMtOTkyZC00YmM5LThhZjEtM2E0MjFkNTc0OGJhXkEyXkFqcGc@._V1_SX250.jpg"}}, {"id": "26796E09-432C-419B-AA7C-C2EBA213D96E", "season": 5, "episode": 4, "mediaItem": {"id": "tt0773262", "name": "Dexter", "type": "series", "poster": "https://m.media-amazon.com/images/M/MV5BMTQ3YmQ4YzMtOTkyZC00YmM5LThhZjEtM2E0MjFkNTc0OGJhXkEyXkFqcGc@._V1_SX250.jpg"}}, {"id": "31808A62-8C0B-4DF3-B1BF-860FC4B73C9B", "season": 5, "episode": 5, "mediaItem": {"id": "tt0773262", "name": "Dexter", "type": "series", "poster": "https://m.media-amazon.com/images/M/MV5BMTQ3YmQ4YzMtOTkyZC00YmM5LThhZjEtM2E0MjFkNTc0OGJhXkEyXkFqcGc@._V1_SX250.jpg"}}, {"id": "CDBC9894-74AD-480C-BBEC-D87350BA0704", "season": 5, "episode": 6, "mediaItem": {"id": "tt0773262", "name": "Dexter", "type": "series", "poster": "https://m.media-amazon.com/images/M/MV5BMTQ3YmQ4YzMtOTkyZC00YmM5LThhZjEtM2E0MjFkNTc0OGJhXkEyXkFqcGc@._V1_SX250.jpg"}}, {"id": "85A03E82-56A7-436C-B584-3A62258F9B67", "season": 5, "episode": 7, "mediaItem": {"id": "tt0773262", "name": "Dexter", "type": "series", "poster": "https://m.media-amazon.com/images/M/MV5BMTQ3YmQ4YzMtOTkyZC00YmM5LThhZjEtM2E0MjFkNTc0OGJhXkEyXkFqcGc@._V1_SX250.jpg"}}, {"id": "5DC64A9B-1E1F-44E4-AC94-8C897E227D29", "season": 5, "episode": 8, "mediaItem": {"id": "tt0773262", "name": "Dexter", "type": "series", "poster": "https://m.media-amazon.com/images/M/MV5BMTQ3YmQ4YzMtOTkyZC00YmM5LThhZjEtM2E0MjFkNTc0OGJhXkEyXkFqcGc@._V1_SX250.jpg"}}, {"id": "F4562D42-3275-4379-9F76-D6FB908BE84F", "season": 5, "episode": 9, "mediaItem": {"id": "tt0773262", "name": "Dexter", "type": "series", "poster": "https://m.media-amazon.com/images/M/MV5BMTQ3YmQ4YzMtOTkyZC00YmM5LThhZjEtM2E0MjFkNTc0OGJhXkEyXkFqcGc@._V1_SX250.jpg"}}, {"id": "765BEFEF-AEB6-4BFE-8C62-77E9DB8D4040", "season": 5, "episode": 10, "mediaItem": {"id": "tt0773262", "name": "Dexter", "type": "series", "poster": "https://m.media-amazon.com/images/M/MV5BMTQ3YmQ4YzMtOTkyZC00YmM5LThhZjEtM2E0MjFkNTc0OGJhXkEyXkFqcGc@._V1_SX250.jpg"}}, {"id": "323F5080-C926-4842-B88E-167D5785FC32", "season": 5, "episode": 11, "mediaItem": {"id": "tt0773262", "name": "Dexter", "type": "series", "poster": "https://m.media-amazon.com/images/M/MV5BMTQ3YmQ4YzMtOTkyZC00YmM5LThhZjEtM2E0MjFkNTc0OGJhXkEyXkFqcGc@._V1_SX250.jpg"}}, {"id": "474B73D2-FB6B-4C07-B30B-B4654124436B", "season": 5, "episode": 12, "mediaItem": {"id": "tt0773262", "name": "Dexter", "type": "series", "poster": "https://m.media-amazon.com/images/M/MV5BMTQ3YmQ4YzMtOTkyZC00YmM5LThhZjEtM2E0MjFkNTc0OGJhXkEyXkFqcGc@._V1_SX250.jpg"}}],"subtitle_url":null}]
🔍 Supabase Response for /rooms: [{"id":"LGG3","name":"Dexter","host_user_id":"656daa91-33b4-4688-9135-c982ea52d7c9","host_username":"ursinho","stream_hash":null,"imdb_id":"tt0773262","poster_url":"https://images.metahub.space/poster/small/tt0773262/img","backdrop_url":"https://images.metahub.space/background/medium/tt0773262/img","playback_position":0,"is_playing":false,"participants_count":1,"max_participants":50,"is_public":true,"created_at":"2025-12-23T16:57:46.773918","last_activity":"2025-12-23T17:00:40.037511","season":5,"episode":2,"selected_quality":"1080p","selected_file_idx":null,"unlocked_stream_url":"https://chi9-4.download.real-debrid.com/d/XI6C5CJJEIXMS123/Dexter.S05E02.Hello.Bandit.1080p.TrueHD.5.1.AVC.REMUX-FraMeSToR.mkv","description":null,"current_playlist_index":1,"playlist":[{"id": "55EB824E-268B-438A-BB0B-368078D3E3F3", "season": 5, "episode": 1, "mediaItem": {"id": "tt0773262", "logo": "https://images.metahub.space/logo/medium/tt0773262/img", "name": "Dexter", "type": "series", "year": "2006–2013", "genres": ["Crime", "Drama", "Mystery"], "poster": "https://images.metahub.space/poster/small/tt0773262/img", "runtime": "53 min", "background": "https://images.metahub.space/background/medium/tt0773262/img", "imdbRating": "8.6", "description": "He's smart. He's lovable. He's Dexter Morgan, America's favorite serial killer, who spends his days solving crimes and his nights committing them.", "releaseInfo": "2006–2013"}}, {"id": "6C2916D8-5983-48A8-879A-F4A01DFB1A13", "season": 5, "episode": 2, "mediaItem": {"id": "tt0773262", "name": "Dexter", "type": "series", "poster": "https://m.media-amazon.com/images/M/MV5BMTQ3YmQ4YzMtOTkyZC00YmM5LThhZjEtM2E0MjFkNTc0OGJhXkEyXkFqcGc@._V1_SX250.jpg"}}, {"id": "95A0B67E-472C-4CB6-B646-ECEA69FCF911", "season": 5, "episode": 3, "mediaItem": {"id": "tt0773262", "name": "Dexter", "type": "series", "poster": "https://m.media-amazon.com/images/M/MV5BMTQ3YmQ4YzMtOTkyZC00YmM5LThhZjEtM2E0MjFkNTc0OGJhXkEyXkFqcGc@._V1_SX250.jpg"}}, {"id": "26796E09-432C-419B-AA7C-C2EBA213D96E", "season": 5, "episode": 4, "mediaItem": {"id": "tt0773262", "name": "Dexter", "type": "series", "poster": "https://m.media-amazon.com/images/M/MV5BMTQ3YmQ4YzMtOTkyZC00YmM5LThhZjEtM2E0MjFkNTc0OGJhXkEyXkFqcGc@._V1_SX250.jpg"}}, {"id": "31808A62-8C0B-4DF3-B1BF-860FC4B73C9B", "season": 5, "episode": 5, "mediaItem": {"id": "tt0773262", "name": "Dexter", "type": "series", "poster": "https://m.media-amazon.com/images/M/MV5BMTQ3YmQ4YzMtOTkyZC00YmM5LThhZjEtM2E0MjFkNTc0OGJhXkEyXkFqcGc@._V1_SX250.jpg"}}, {"id": "CDBC9894-74AD-480C-BBEC-D87350BA0704", "season": 5, "episode": 6, "mediaItem": {"id": "tt0773262", "name": "Dexter", "type": "series", "poster": "https://m.media-amazon.com/images/M/MV5BMTQ3YmQ4YzMtOTkyZC00YmM5LThhZjEtM2E0MjFkNTc0OGJhXkEyXkFqcGc@._V1_SX250.jpg"}}, {"id": "85A03E82-56A7-436C-B584-3A62258F9B67", "season": 5, "episode": 7, "mediaItem": {"id": "tt0773262", "name": "Dexter", "type": "series", "poster": "https://m.media-amazon.com/images/M/MV5BMTQ3YmQ4YzMtOTkyZC00YmM5LThhZjEtM2E0MjFkNTc0OGJhXkEyXkFqcGc@._V1_SX250.jpg"}}, {"id": "5DC64A9B-1E1F-44E4-AC94-8C897E227D29", "season": 5, "episode": 8, "mediaItem": {"id": "tt0773262", "name": "Dexter", "type": "series", "poster": "https://m.media-amazon.com/images/M/MV5BMTQ3YmQ4YzMtOTkyZC00YmM5LThhZjEtM2E0MjFkNTc0OGJhXkEyXkFqcGc@._V1_SX250.jpg"}}, {"id": "F4562D42-3275-4379-9F76-D6FB908BE84F", "season": 5, "episode": 9, "mediaItem": {"id": "tt0773262", "name": "Dexter", "type": "series", "poster": "https://m.media-amazon.com/images/M/MV5BMTQ3YmQ4YzMtOTkyZC00YmM5LThhZjEtM2E0MjFkNTc0OGJhXkEyXkFqcGc@._V1_SX250.jpg"}}, {"id": "765BEFEF-AEB6-4BFE-8C62-77E9DB8D4040", "season": 5, "episode": 10, "mediaItem": {"id": "tt0773262", "name": "Dexter", "type": "series", "poster": "https://m.media-amazon.com/images/M/MV5BMTQ3YmQ4YzMtOTkyZC00YmM5LThhZjEtM2E0MjFkNTc0OGJhXkEyXkFqcGc@._V1_SX250.jpg"}}, {"id": "323F5080-C926-4842-B88E-167D5785FC32", "season": 5, "episode": 11, "mediaItem": {"id": "tt0773262", "name": "Dexter", "type": "series", "poster": "https://m.media-amazon.com/images/M/MV5BMTQ3YmQ4YzMtOTkyZC00YmM5LThhZjEtM2E0MjFkNTc0OGJhXkEyXkFqcGc@._V1_SX250.jpg"}}, {"id": "474B73D2-FB6B-4C07-B30B-B4654124436B", "season": 5, "episode": 12, "mediaItem": {"id": "tt0773262", "name": "Dexter", "type": "series", "poster": "https://m.media-amazon.com/images/M/MV5BMTQ3YmQ4YzMtOTkyZC00YmM5LThhZjEtM2E0MjFkNTc0OGJhXkEyXkFqcGc@._V1_SX250.jpg"}}],"subtitle_url":null}]
🔍 Supabase Response for /rooms: [{"id":"LGG3","name":"Dexter","host_user_id":"656daa91-33b4-4688-9135-c982ea52d7c9","host_username":"ursinho","stream_hash":null,"imdb_id":"tt0773262","poster_url":"https://images.metahub.space/poster/small/tt0773262/img","backdrop_url":"https://images.metahub.space/background/medium/tt0773262/img","playback_position":0,"is_playing":false,"participants_count":1,"max_participants":50,"is_public":true,"created_at":"2025-12-23T16:57:46.773918","last_activity":"2025-12-23T17:00:40.037511","season":5,"episode":2,"selected_quality":"1080p","selected_file_idx":null,"unlocked_stream_url":"https://chi9-4.download.real-debrid.com/d/XI6C5CJJEIXMS123/Dexter.S05E02.Hello.Bandit.1080p.TrueHD.5.1.AVC.REMUX-FraMeSToR.mkv","description":null,"current_playlist_index":1,"playlist":[{"id": "55EB824E-268B-438A-BB0B-368078D3E3F3", "season": 5, "episode": 1, "mediaItem": {"id": "tt0773262", "logo": "https://images.metahub.space/logo/medium/tt0773262/img", "name": "Dexter", "type": "series", "year": "2006–2013", "genres": ["Crime", "Drama", "Mystery"], "poster": "https://images.metahub.space/poster/small/tt0773262/img", "runtime": "53 min", "background": "https://images.metahub.space/background/medium/tt0773262/img", "imdbRating": "8.6", "description": "He's smart. He's lovable. He's Dexter Morgan, America's favorite serial killer, who spends his days solving crimes and his nights committing them.", "releaseInfo": "2006–2013"}}, {"id": "6C2916D8-5983-48A8-879A-F4A01DFB1A13", "season": 5, "episode": 2, "mediaItem": {"id": "tt0773262", "name": "Dexter", "type": "series", "poster": "https://m.media-amazon.com/images/M/MV5BMTQ3YmQ4YzMtOTkyZC00YmM5LThhZjEtM2E0MjFkNTc0OGJhXkEyXkFqcGc@._V1_SX250.jpg"}}, {"id": "95A0B67E-472C-4CB6-B646-ECEA69FCF911", "season": 5, "episode": 3, "mediaItem": {"id": "tt0773262", "name": "Dexter", "type": "series", "poster": "https://m.media-amazon.com/images/M/MV5BMTQ3YmQ4YzMtOTkyZC00YmM5LThhZjEtM2E0MjFkNTc0OGJhXkEyXkFqcGc@._V1_SX250.jpg"}}, {"id": "26796E09-432C-419B-AA7C-C2EBA213D96E", "season": 5, "episode": 4, "mediaItem": {"id": "tt0773262", "name": "Dexter", "type": "series", "poster": "https://m.media-amazon.com/images/M/MV5BMTQ3YmQ4YzMtOTkyZC00YmM5LThhZjEtM2E0MjFkNTc0OGJhXkEyXkFqcGc@._V1_SX250.jpg"}}, {"id": "31808A62-8C0B-4DF3-B1BF-860FC4B73C9B", "season": 5, "episode": 5, "mediaItem": {"id": "tt0773262", "name": "Dexter", "type": "series", "poster": "https://m.media-amazon.com/images/M/MV5BMTQ3YmQ4YzMtOTkyZC00YmM5LThhZjEtM2E0MjFkNTc0OGJhXkEyXkFqcGc@._V1_SX250.jpg"}}, {"id": "CDBC9894-74AD-480C-BBEC-D87350BA0704", "season": 5, "episode": 6, "mediaItem": {"id": "tt0773262", "name": "Dexter", "type": "series", "poster": "https://m.media-amazon.com/images/M/MV5BMTQ3YmQ4YzMtOTkyZC00YmM5LThhZjEtM2E0MjFkNTc0OGJhXkEyXkFqcGc@._V1_SX250.jpg"}}, {"id": "85A03E82-56A7-436C-B584-3A62258F9B67", "season": 5, "episode": 7, "mediaItem": {"id": "tt0773262", "name": "Dexter", "type": "series", "poster": "https://m.media-amazon.com/images/M/MV5BMTQ3YmQ4YzMtOTkyZC00YmM5LThhZjEtM2E0MjFkNTc0OGJhXkEyXkFqcGc@._V1_SX250.jpg"}}, {"id": "5DC64A9B-1E1F-44E4-AC94-8C897E227D29", "season": 5, "episode": 8, "mediaItem": {"id": "tt0773262", "name": "Dexter", "type": "series", "poster": "https://m.media-amazon.com/images/M/MV5BMTQ3YmQ4YzMtOTkyZC00YmM5LThhZjEtM2E0MjFkNTc0OGJhXkEyXkFqcGc@._V1_SX250.jpg"}}, {"id": "F4562D42-3275-4379-9F76-D6FB908BE84F", "season": 5, "episode": 9, "mediaItem": {"id": "tt0773262", "name": "Dexter", "type": "series", "poster": "https://m.media-amazon.com/images/M/MV5BMTQ3YmQ4YzMtOTkyZC00YmM5LThhZjEtM2E0MjFkNTc0OGJhXkEyXkFqcGc@._V1_SX250.jpg"}}, {"id": "765BEFEF-AEB6-4BFE-8C62-77E9DB8D4040", "season": 5, "episode": 10, "mediaItem": {"id": "tt0773262", "name": "Dexter", "type": "series", "poster": "https://m.media-amazon.com/images/M/MV5BMTQ3YmQ4YzMtOTkyZC00YmM5LThhZjEtM2E0MjFkNTc0OGJhXkEyXkFqcGc@._V1_SX250.jpg"}}, {"id": "323F5080-C926-4842-B88E-167D5785FC32", "season": 5, "episode": 11, "mediaItem": {"id": "tt0773262", "name": "Dexter", "type": "series", "poster": "https://m.media-amazon.com/images/M/MV5BMTQ3YmQ4YzMtOTkyZC00YmM5LThhZjEtM2E0MjFkNTc0OGJhXkEyXkFqcGc@._V1_SX250.jpg"}}, {"id": "474B73D2-FB6B-4C07-B30B-B4654124436B", "season": 5, "episode": 12, "mediaItem": {"id": "tt0773262", "name": "Dexter", "type": "series", "poster": "https://m.media-amazon.com/images/M/MV5BMTQ3YmQ4YzMtOTkyZC00YmM5LThhZjEtM2E0MjFkNTc0OGJhXkEyXkFqcGc@._V1_SX250.jpg"}}],"subtitle_url":null}]
🖼️ [CACHE] Cached image data for key: https://images.justwatch.com/poster/101462527/s332/img (48777 bytes)
🖼️ [CACHE] Cached image data for key: https://images.justwatch.com/poster/215523604/s332/img (61037 bytes)
🖼️ [CACHE] Cached image data for key: https://images.justwatch.com/poster/327009156/s332/img (61426 bytes)
📨 Received: {"ref":null,"event":"presence_diff","payload":{"joins":{"cad02b74-e01f-11f0-bae9-0a58a9feac02":{"metas":[{"phx_ref":"GIPmy2YpOYErgUlC","phx_ref_prev":"GIPmy1-qOxgrgSFD","last_seen":"2025-12-23T17:00:39.947Z","status":"Browsing","user_id":"96e01cdb-36c0-4228-a6e4-a29a3c66bc8e","username":"lemontom"}]}},"leaves":{"cad02b74-e01f-11f0-bae9-0a58a9feac02":{"metas":[{"phx_ref":"GIPmxrV9z3QrgbfI","phx_ref_prev":"GIPmwg5LwZkrgaDC","last_seen":"2025-12-23T17:00:19.812Z","room_id":"LGG3","started_at":"2025-12-23T16:59:54.904Z","status":"In Lobby: Dexter","user_id":"96e01cdb-36c0-4228-a6e4-a29a3c66bc8e","username":"lemontom","watching_id":"tt0773262","watching_title":"Dexter","watching_type":"series"}]}}},"topic":"realtime:global-presence"}
🗑️ Cache evicted 10 items
🖼️ [CACHE] Cached image data for key: https://images.justwatch.com/poster/331701827/s332/img (59722 bytes)
🖼️ [CACHE] Cached image data for key: https://images.justwatch.com/poster/250757744/s332/img (35420 bytes)
🖼️ [CACHE] Cached image data for key: https://images.justwatch.com/poster/332527038/s332/img (28010 bytes)
🖼️ [CACHE] Cached image data for key: https://images.justwatch.com/poster/322729101/s332/img (28143 bytes)
🖼️ [CACHE] Cached image data for key: https://images.justwatch.com/poster/82774854/s332/img (70010 bytes)
🖼️ [CACHE] Cached image data for key: https://images.justwatch.com/poster/181836574/s332/img (40679 bytes)
🖼️ [CACHE] Cached image data for key: https://images.justwatch.com/poster/10792025-12-23 12:00:41.451 RedLemon[7693:68193] ✅ Host DELETED room LGG3
2025-12-23 12:00:47.091 RedLemon[7693:68193] 🎬 Creating Watch Party for: Final Destination
2025-12-23 12:00:47.091 RedLemon[7693:70814] Background: ⏳ Starting room creation (Unstructured Race)...
2025-12-23 12:00:47.092 RedLemon[7693:70673] Background: ▶️ createRoom task started (Direct Singleton Access)
2025-12-23 12:00:47.092 RedLemon[7693:70673] 🎬 SupabaseClient: createRoom called for id: V273 - ENTRY
2025-12-23 12:00:47.092 RedLemon[7693:70673] 🎬 SupabaseClient: Creating room 'V273' for host 'ursinho'...
96333/s332/img (40620 bytes)
🖼️ [CACHE] Cached image data for key: https://images.justwatch.com/poster/34041780/s332/img (42193 bytes)
🖼️ [CACHE] Cached image data for key: https://images.justwatch.com/poster/322412111/s332/img (57515 bytes)
🖼️ [CACHE] Cached image data for key: https://images.justwatch.com/poster/107996333/s332/img (40620 bytes)
🖼️ [CACHE] Cached image data for key: https://images.justwatch.com/poster/334220721/s332/img (40321 bytes)
🗑️ Cache evicted 10 items
🖼️ [CACHE] Cached image data for key: https://images.justwatch.com/poster/302976085/s332/img (50443 bytes)
🖼️ [CACHE] Cached image data for key: https://images.justwatch.com/poster/322709571/s332/img (58026 bytes)
🖼️ [CACHE] Cached image data for key: https://images.justwatch.com/poster/263107555/s332/img (59835 bytes)
🖼️ [CACHE] Cached image data for key: https://images.justwatch.com/poster/340363965/s332/img (50506 bytes)
🖼️ [CACHE] Cached image data for key: https://images.justwatch.com/poster/57711426/s332/img (36912 bytes)
🖼️ [CACHE] Cached image data for key: https://images.justwatch.com/poster/330575949/s332/img (33224 bytes)
🖼️ [CACHE] Cached image data for key: https://images.justwatch.com/poster/336298604/s332/img (33569 bytes)
🖼️ [CACHE] Cached image data for key: https://images.justwatch.com/poster/329121868/s332/img (53946 bytes)
🖼️ [CACHE] Cached image data for key: https://images.justwatch.com/poster/301298992/s332/img (50065 bytes)
🖼️ [CACHE] Cached image data for key: https://images.justwatch.com/poster/309925724/s332/img (65104 bytes)
🗑️ Cache evicted 10 items
🖼️ [CACHE] Cached image data for key: https://images.justwatch.com/poster/300177312/s332/img (74244 bytes)
🖼️ [CACHE] Cached image data for key: https://images.justwatch.com/poster/206714476/s332/img (52991 bytes)
🖼️ [CACHE] Cached image data for key: https://images.justwatch.com/poster/8731868/s332/img (56932 bytes)
🖼️ [CACHE] Cached image data for key: https://images.justwatch.com/poster/263107555/s332/img (59835 bytes)
🖼️ [CACHE] Cached image data for key: https://images.justwatch.com/poster/256784897/s332/img (48660 bytes)
🖼️ [CACHE] Cached image data for key: https://images.justwatch.com/poster/101462527/s332/img (48777 bytes)
🖼️ [CACHE] Cached image data for key: https://images.justwatch.com/poster/301592778/s332/img (49084 bytes)
🖼️ [CACHE] Cached image data for key: https://images.justwatch.com/poster/107996333/s332/img (40620 bytes)
🖼️ [CACHE] Cached image data for key: https://images.justwatch.com/poster/154373248/s332/img (63627 bytes)
🖼️ [CACHE] Cached image data for key: https://images.justwatch.com/poster/309896363/s332/img (42659 bytes)
🖼️ [CACHE] Cached image data for key: https://images.justwatch.com/poster/107996333/s332/img (40620 bytes)
🖼️ [CACHE] Cached image data for key: https://images.justwatch.com/poster/215523604/s332/img (61037 bytes)
🖼️ [CACHE] Cached image data for key: https://images.justwatch.com/poster/335474178/s332/img (42733 bytes)
🗑️ Cache evicted 10 items
🖼️ [CACHE] Cached image data for key: https://images.justwatch.com/poster/90379677/s332/img (56639 bytes)
🖼️ [CACHE] Cached image data for key: https://images.justwatch.com/poster/90379677/s332/img (56639 bytes)
🖼️ [CACHE] Cached image data for key: https://images.justwatch.com/poster/154373248/s332/img (63627 bytes)
🖼️ [CACHE] Cached image data for key: https://images.justwatch.com/poster/57711426/s332/img (36912 bytes)
🖼️ [CACHE] Cached image data for key: https://images.justwatch.com/poster/101462527/s332/img (48777 bytes)
🖼️ [CACHE] Cached image data for key: https://images.justwatch.com/poster/82774854/s332/img (70010 bytes)
🖼️ [CACHE] Cached image data for key: https://images.justwatch.com/poster/21653281/s332/img (35111 bytes)
🖼️ [CACHE] Cached image data for key: https://images.justwatch.com/poster/35006170/s332/img (61678 bytes)
🖼️ [CACHE] Cached image data for key: https://images.justwatch.com/poster/90379677/s332/img (56639 bytes)
🖼️ [CACHE] Cached image data for key: https://images.justwatch.com/poster/330535890/s332/img (69017 bytes)
🖼️ [CACHE] Cached image data for key: https://images.justwatch.com/poster/181716130/s332/img (52865 bytes)
🖼️ [CACHE] Cached image data for key: https://images.justwatch.com/poster/238965112/s332/img (63309 bytes)
🖼️ [CACHE] Cached image data for key: https://images.justwatch.com/poster/178152676/s332/img (52860 bytes)
🖼️ [CACHE] Cached image data for key: https://images.justwatch.com/poster/190111218/s332/img (57062 bytes)
🖼️ [CACHE] Cached image data for key: https://images.justwatch.com/poster/181559139/s332/img (56578 bytes)
🗑️ Cache evicted 10 items
🖼️ [CACHE] Cached image data for key: https://images.justwatch.com/poster/15605912/s332/img (81082 bytes)
🖼️ [CACHE] Cached image data for key: https://images.justwatch.com/poster/307275790/s332/img (54708 bytes)
🖼️ [CACHE] Cached image data for key: https://images.justwatch.com/poster/323056248/s332/img (64256 bytes)
💓 Heartbeat sent
💓 Heartbeat sent
🖼️ [CACHE] Cached image data for key: https://images.justwatch.com/poster/331474196/s332/img (49409 bytes)
🖼️ [CACHE] Cached image data for key: https://images.justwatch.com/poster/30730782/s332/img (52234 bytes)
🖼️ [CACHE] Cached image data for key: https://images.justwatch.com/poster/309772554/s332/img (75756 bytes)
🖼️ [CACHE] Cached image data for key: https://images.justwatch.com/poster/240241908/s332/img (80230 bytes)
🖼️ [CACHE] Cached image data for key: https://images.justwatch.com/poster/215523604/s332/img (61037 bytes)
🖼️ [CACHE] Cached image data for key: https://images.justwatch.com/poster/76385127/s332/img (66768 bytes)
🖼️ [CACHE] Cached image data for key: https://images.justwatch.com/poster/87608067/s332/img (61832 bytes)
🖼️ [CACHE] Cached image data for key: https://images.justwatch.com/poster/215523604/s332/img (61037 bytes)
🖼️ [CACHE] Cached image data for key: https://images.justwatch.com/poster/8671419/s332/img (69026 bytes)
🗑️ Cache evicted 10 items
🖼️ [CACHE] Cached image data for key: https://images.justwatch.com/poster/215523604/s332/img (61037 bytes)
🖼️ [CACHE] Cached image data for key: https://images.justwatch.com/poster/82774854/s332/img (70010 bytes)
🖼️ [CACHE] Cached image data for key: https://images.justwatch.com/poster/129198929/s332/img (60050 bytes)
🖼️ [CACHE] Cached image data for key: https://images.justwatch.com/poster/302449148/s332/img (66514 bytes)
🖼️ [CACHE] Cached image data for key: https://images.justwatch.com/poster/340369492/s332/img (63536 bytes)
🖼️ [CACHE] Cached image data for key: https://images.justwatch.com/poster/271349733/s332/img (77031 bytes)
📨 Received: {"ref":"11","event":"phx_reply","payload":{"status":"ok","response":{}},"topic":"phoenix"}
📨 Received: {"ref":"40","event":"phx_reply","payload":{"status":"ok","response":{}},"topic":"phoenix"}
📨 Received: {"ref":null,"event":"presence_diff","payload":{"joins":{},"leaves":{"ce4e06d0-e020-11f0-9845-0a58a9feac02":{"metas":[{"phx_ref":"GIPmwQTEr8OEIhFP","phx_ref_prev":"GIPmwPitwbWEIuDK","is_host":false,"joined_at":1766509195.35852,"user_id":"96e01cdb-36c0-4228-a6e4-a29a3c66bc8e","username":"lemontom"}]}}},"topic":"realtime:watch-party:LGG3"}
🖼️ [CACHE] Cached image data for key: https://images.metahub.space/poster/small/tt32916440/img (14872 bytes)
🖼️ [CACHE] Cached image data for key: https://images.metahub.space/poster/small/tt14364480/img (19894 bytes)
🖼️ [CACHE] Cached image data for key: https://images.metahub.space/poster/small/tt4712810/img (37396 bytes)
🖼️ [CACHE] Cached image data for key: https://images.metahub.space/poster/small/tt0499549/img (23095 bytes)
🖼️ [CACHE] Cached image data for key: https://images.metahub.space/poster/small/tt30144839/img (16512 bytes)
🗑️ Cache evicted 10 items
🖼️ [CACHE] Cached image data for key: https://images.metahub.space/poster/small/tt0314331/img (25810 bytes)
🖼️ [CACHE] Cached image data for key: https://images.metahub.space/poster/small/tt1630029/img (28025 bytes)
✅ Lobby: Synced playlist with 12 items
✅ Lobby: Synced playlist index to 1
✅ Lobby: Synced stream info & playlist to AppState
✅ Lobby: Synced playlist with 12 items
✅ Lobby: Synced playlist index to 1
✅ Lobby: Synced stream info & playlist to AppState
✅ Lobby: Synced playlist with 12 items
✅ Lobby: Synced playlist index to 1
✅ Lobby: Synced stream info & playlist to AppState
✅ Lobby: Synced playlist with 12 items
✅ Lobby: Synced playlist index to 1
✅ Lobby: Synced stream info & playlist to AppState
✅ Lobby: Synced playlist with 12 items
✅ Lobby: Synced playlist index to 1
✅ Lobby: Synced stream info & playlist to AppState
🛑 LobbyPresence: Polling stopped
🛑 LobbyDatabase: Polling stopped
🛑 Lobby: Polling stopped (chat via Realtime only)
🚦 Lobby State: closed
🎭 Lobby: Disconnected from room LGG3
✅ Lobby: Synced playlist with 12 items
✅ Lobby: Synced playlist index to 1
✅ Lobby: Synced stream info & playlist to AppState
🧹 Cleaning up Realtime channel for room: LGG3
🔄 Untracking presence...
🙈 Host leaving explicitly: Deleting room LGG3
✅ Presence untracked
🔄 Leaving channel...
✅ Channel left
ℹ️ Keeping WebSocket connected (disconnectClient=false)
✅ Realtime channel cleanup complete
📨 Received: {"ref":"51","event":"phx_reply","payload":{"status":"ok","response":{}},"topic":"realtime:watch-party:LGG3"}
📨 Received: {"ref":null,"event":"presence_diff","payload":{"joins":{},"leaves":{"ced8ed04-e020-11f0-8f0f-0a58a9feac02":{"metas":[{"phx_ref":"GIPmwT_r6qx8VqJN","phx_ref_prev":"GIPmwS7yC8F8Vo0N","is_host":true,"joined_at":1766509196.393913,"user_id":"656daa91-33b4-4688-9135-c982ea52d7c9","username":"ursinho"}]}}},"topic":"realtime:watch-party:LGG3"}
📨 Received: {"ref":"52","event":"phx_reply","payload":{"status":"ok","response":{}},"topic":"realtime:watch-party:LGG3"}
📨 Received: {"ref":null,"event":"phx_close","payload":{},"topic":"realtime:watch-party:LGG3"}
📨 Unknown event: phx_close
🔍 Supabase Response for /rooms: [{"id":"LGG3","name":"Dexter","host_user_id":"656daa91-33b4-4688-9135-c982ea52d7c9","host_username":"ursinho","stream_hash":null,"imdb_id":"tt0773262","poster_url":"https://images.metahub.space/poster/small/tt0773262/img","backdrop_url":"https://images.metahub.space/background/medium/tt0773262/img","playback_position":0,"is_playing":false,"participants_count":1,"max_participants":50,"is_public":true,"created_at":"2025-12-23T16:57:46.773918","last_activity":"2025-12-23T17:00:40.037511","season":5,"episode":2,"selected_quality":"1080p","selected_file_idx":null,"unlocked_stream_url":"https://chi9-4.download.real-debrid.com/d/XI6C5CJJEIXMS123/Dexter.S05E02.Hello.Bandit.1080p.TrueHD.5.1.AVC.REMUX-FraMeSToR.mkv","description":null,"current_playlist_index":1,"playlist":[{"id": "55EB824E-268B-438A-BB0B-368078D3E3F3", "season": 5, "episode": 1, "mediaItem": {"id": "tt0773262", "logo": "https://images.metahub.space/logo/medium/tt0773262/img", "name": "Dexter", "type": "series", "year": "2006–2013", "genres": ["Crime", "Drama", "Mystery"], "poster": "https://images.metahub.space/poster/small/tt0773262/img", "runtime": "53 min", "background": "https://images.metahub.space/background/medium/tt0773262/img", "imdbRating": "8.6", "description": "He's smart. He's lovable. He's Dexter Morgan, America's favorite serial killer, who spends his days solving crimes and his nights committing them.", "releaseInfo": "2006–2013"}}, {"id": "6C2916D8-5983-48A8-879A-F4A01DFB1A13", "season": 5, "episode": 2, "mediaItem": {"id": "tt0773262", "name": "Dexter", "type": "series", "poster": "https://m.media-amazon.com/images/M/MV5BMTQ3YmQ4YzMtOTkyZC00YmM5LThhZjEtM2E0MjFkNTc0OGJhXkEyXkFqcGc@._V1_SX250.jpg"}}, {"id": "95A0B67E-472C-4CB6-B646-ECEA69FCF911", "season": 5, "episode": 3, "mediaItem": {"id": "tt0773262", "name": "Dexter", "type": "series", "poster": "https://m.media-amazon.com/images/M/MV5BMTQ3YmQ4YzMtOTkyZC00YmM5LThhZjEtM2E0MjFkNTc0OGJhXkEyXkFqcGc@._V1_SX250.jpg"}}, {"id": "26796E09-432C-419B-AA7C-C2EBA213D96E", "season": 5, "episode": 4, "mediaItem": {"id": "tt0773262", "name": "Dexter", "type": "series", "poster": "https://m.media-amazon.com/images/M/MV5BMTQ3YmQ4YzMtOTkyZC00YmM5LThhZjEtM2E0MjFkNTc0OGJhXkEyXkFqcGc@._V1_SX250.jpg"}}, {"id": "31808A62-8C0B-4DF3-B1BF-860FC4B73C9B", "season": 5, "episode": 5, "mediaItem": {"id": "tt0773262", "name": "Dexter", "type": "series", "poster": "https://m.media-amazon.com/images/M/MV5BMTQ3YmQ4YzMtOTkyZC00YmM5LThhZjEtM2E0MjFkNTc0OGJhXkEyXkFqcGc@._V1_SX250.jpg"}}, {"id": "CDBC9894-74AD-480C-BBEC-D87350BA0704", "season": 5, "episode": 6, "mediaItem": {"id": "tt0773262", "name": "Dexter", "type": "series", "poster": "https://m.media-amazon.com/images/M/MV5BMTQ3YmQ4YzMtOTkyZC00YmM5LThhZjEtM2E0MjFkNTc0OGJhXkEyXkFqcGc@._V1_SX250.jpg"}}, {"id": "85A03E82-56A7-436C-B584-3A62258F9B67", "season": 5, "episode": 7, "mediaItem": {"id": "tt0773262", "name": "Dexter", "type": "series", "poster": "https://m.media-amazon.com/images/M/MV5BMTQ3YmQ4YzMtOTkyZC00YmM5LThhZjEtM2E0MjFkNTc0OGJhXkEyXkFqcGc@._V1_SX250.jpg"}}, {"id": "5DC64A9B-1E1F-44E4-AC94-8C897E227D29", "season": 5, "episode": 8, "mediaItem": {"id": "tt0773262", "name": "Dexter", "type": "series", "poster": "https://m.media-amazon.com/images/M/MV5BMTQ3YmQ4YzMtOTkyZC00YmM5LThhZjEtM2E0MjFkNTc0OGJhXkEyXkFqcGc@._V1_SX250.jpg"}}, {"id": "F4562D42-3275-4379-9F76-D6FB908BE84F", "season": 5, "episode": 9, "mediaItem": {"id": "tt0773262", "name": "Dexter", "type": "series", "poster": "https://m.media-amazon.com/images/M/MV5BMTQ3YmQ4YzMtOTkyZC00YmM5LThhZjEtM2E0MjFkNTc0OGJhXkEyXkFqcGc@._V1_SX250.jpg"}}, {"id": "765BEFEF-AEB6-4BFE-8C62-77E9DB8D4040", "season": 5, "episode": 10, "mediaItem": {"id": "tt0773262", "name": "Dexter", "type": "series", "poster": "https://m.media-amazon.com/images/M/MV5BMTQ3YmQ4YzMtOTkyZC00YmM5LThhZjEtM2E0MjFkNTc0OGJhXkEyXkFqcGc@._V1_SX250.jpg"}}, {"id": "323F5080-C926-4842-B88E-167D5785FC32", "season": 5, "episode": 11, "mediaItem": {"id": "tt0773262", "name": "Dexter", "type": "series", "poster": "https://m.media-amazon.com/images/M/MV5BMTQ3YmQ4YzMtOTkyZC00YmM5LThhZjEtM2E0MjFkNTc0OGJhXkEyXkFqcGc@._V1_SX250.jpg"}}, {"id": "474B73D2-FB6B-4C07-B30B-B4654124436B", "season": 5, "episode": 12, "mediaItem": {"id": "tt0773262", "name": "Dexter", "type": "series", "poster": "https://m.media-amazon.com/images/M/MV5BMTQ3YmQ4YzMtOTkyZC00YmM5LThhZjEtM2E0MjFkNTc0OGJhXkEyXkFqcGc@._V1_SX250.jpg"}}],"subtitle_url":null}]
📼 Resume playback called - mode: watchParty, shouldResume: false, timestamp: 37.955s
✅ Cleared resumeFromTimestamp - starting from beginning
✅ BrowseView: Set season 5 episode 8 (via AppState)
🛑 BrowseView disappeared - cancelled all ongoing tasks
📨 Received: {"ref":"41","event":"phx_reply","payload":{"status":"ok","response":{}},"topic":"realtime:global-presence"}
📨 Received: {"ref":null,"event":"presence_diff","payload":{"joins":{"2151249e-e020-11f0-a0a1-0a58a9feac02":{"metas":[{"phx_ref":"GIPmzKpoZp4Q-JvN","phx_ref_prev":"GIPmy0GSTUoQ-ExP","last_seen":"2025-12-23T17:00:45.433Z","status":"Browsing","user_id":"656daa91-33b4-4688-9135-c982ea52d7c9","username":"ursinho"}]}},"leaves":{"2151249e-e020-11f0-a0a1-0a58a9feac02":{"metas":[{"phx_ref":"GIPmy0GSTUoQ-ExP","phx_ref_prev":"GIPmx-b0GokQ-DdK","last_seen":"2025-12-23T17:00:39.346Z","status":"Browsing","user_id":"656daa91-33b4-4688-9135-c982ea52d7c9","username":"ursinho"}]}}},"topic":"realtime:global-presence"}
🔍 Supabase Response for /rooms: [{"id":"V273","name":"Final Destination","host_user_id":"656daa91-33b4-4688-9135-c982ea52d7c9","host_username":"ursinho","stream_hash":null,"imdb_id":"tt0195714","poster_url":"https://images.metahub.space/poster/small/tt0195714/img","backdrop_url":"https://images.metahub.space/background/medium/tt0195714/img","playback_position":0,"is_playing":false,"participants_count":1,"max_participants":50,"is_public":true,"created_at":"2025-12-23T17:00:47.398321","last_activity":"2025-12-23T17:00:47","season":null,"episode":null,"selected_quality":null,2025-12-23 12:00:47.317 RedLemon[7693:70814] ✅ SupabaseClient: Room creation request completed (received response)
2025-12-23 12:00:47.319 RedLemon[7693:70814] Background: ✅ createRoom task finished
"selected_file_idx":null,"unlocked_stream_url":null,"description":null,"current_playlist_index":0,"playlist":[],"subtitle_url":null}]
🎭 Lobby: Connecting to room V273...
🚦 Lobby State: connecting
🔄 Lobby: Fetching fresh room state from Supabase...
🛑 Lobby: Host explicitly clearing playback state in DB to prevent autoplay loop
📡 SocialService: Updated status - In Lobby: Final Destination: Final Destination
🔌 Setting up Realtime channel: watch-party:V273
   Role: Host
   User ID: 656daa91-33b4-4688-9135-c982ea52d7c9
📡 Connection state: connecting
📡 Joined channel: realtime:watch-party:V273
[ INFO ] GET /api/metadata/meta/movie/tt0195714 [request-id: A559176F-7725-4341-AF94-326FE34D7070]
📡 Connection state: connected
✅ Realtime channel setup complete
[ INFO ] GET /api/metadata/meta/movie/tt0195714 [request-id: A7AEA6C1-1FA2-41D2-AE4D-C3F2F342AA4D]
2025-12-23 12:00:47.566 RedLemon[7693:71086] ⚠️ SupabaseClient: User already in room (409), proceeding...
2025-12-23 12:00:47.586 RedLemon[7693:70814] 📦 Decoded CinemetaMeta - videos count: 0
2025-12-23 12:00:47.621 RedLemon[7693:71086] 📡 SupabaseClient: updateRoomPlaylist called for room V273 with 1 items, index: 0
2025-12-23 12:00:47.621 RedLemon[7693:68193] ✅ Host re-joined room V273 in database (refreshing presence)
2025-12-23 12:00:47.621 RedLemon[7693:68193] 📨 Lobby: Received Room UPDATE from Realtime
2025-12-23 12:00:47.621 RedLemon[7693:68193] 📨 Lobby: Received Room UPDATE from Realtime
2025-12-23 12:00:47.622 RedLemon[7693:68193] 📨 Lobby: Received Room UPDATE from Realtime
2025-12-23 12:00:47.622 RedLemon[7693:68193] 📨 Lobby: Received Room UPDATE from Realtime
2025-12-23 12:00:47.622 RedLemon[7693:68193] 📨 Lobby: Received Room UPDATE from Realtime
2025-12-23 12:00:47.704 RedLemon[7693:69838] ✅ SupabaseClient: Playlist updated successfully
2025-12-23 12:00:47.822 RedLemon[7693:71086] 📡 SupabaseClient: updateRoomPlaylist called for room V273 with 1 items, index: 0
2025-12-23 12:00:47.822 RedLemon[7693:68193] 📨 Lobby: Received Room UPDATE from Realtime
2025-12-23 12:00:47.822 RedLemon[7693:68193] 📨 Lobby: Received Room UPDATE from Realtime
2025-12-23 12:00:47.822 RedLemon[7693:68193] 📨 Lobby: Received Room UPDATE from Realtime
2025-12-23 12:00:47.822 RedLemon[7693:68193] 📨 Lobby: Received Room UPDATE from Realtime
2025-12-23 12:00:47.822 RedLemon[7693:68193] 📨 Lobby: Received Room UPDATE from Realtime
2025-12-23 12:00:47.822 RedLemon[7693:68193] 📨 Lobby: Received Room UPDATE from Realtime
✅ Lobby: Connected to Realtime
📨 Received: {"ref":"42","event":"phx_reply","payload":{"status":"ok","response":{}},"topic":"realtime:global-presence"}
📨 Received: {"ref":null,"event":"presence_diff","payload":{"joins":{"2151249e-e020-11f0-a0a1-0a58a9feac02":{"metas":[{"phx_ref":"GIPmzSUvsJEQ-A4H","phx_ref_prev":"GIPmzKpoZp4Q-JvN","last_seen":"2025-12-23T17:00:47.491Z","room_id":"V273","started_at":"2025-12-23T17:00:47.491Z","status":"In Lobby: Final Destination","user_id":"656daa91-33b4-4688-9135-c982ea52d7c9","username":"ursinho","watching_id":"tt0195714","watching_title":"Final Destination","watching_type":"movie"}]}},"leaves":{"2151249e-e020-11f0-a0a1-0a58a9feac02":{"metas":[{"phx_ref":"GIPmzKpoZp4Q-JvN","phx_ref_prev":"GIPmy0GSTUoQ-ExP","last_seen":"2025-12-23T17:00:45.433Z","status":"Browsing","user_id":"656daa91-33b4-4688-9135-c982ea52d7c9","username":"ursinho"}]}}},"topic":"realtime:global-presence"}
🔍 [DEBUG] Creating MediaItem from CinemetaMeta
🔍 [DEBUG] meta.itemId: tt0195714
🔍 [DEBUG] meta.type: movie
🔍 [DEBUG] meta.name: Final Destination
🔍 [DEBUG] Successfully created MediaItem from meta: Final Destination
📨 Received: {"ref":"C3CA8483-9CEF-4F46-ACB3-9FB196C33457","event":"phx_reply","payload":{"status":"ok","response":{"postgres_changes":[{"id":51005292,"event":"*","filter":"id=eq.V273","schema":"public","table":"rooms"}]}},"topic":"realtime:watch-party:V273"}
🔍 Supabase Response for /rooms: [{"id":"V273","name":"Final Destination","host_user_id":"656daa91-33b4-4688-9135-c982ea52d7c9","host_username":"ursinho","stream_hash":null,"imdb_id":"tt0195714","poster_url":"https://images.metahub.space/poster/small/tt0195714/img","backdrop_url":"https://images.metahub.space/background/medium/tt0195714/img","playback_position":0,"is_playing":false,"participants_count":1,"max_participants":50,"is_public":true,"created_at":"2025-12-23T17:00:47.398321","last_activity":"2025-12-23T17:00:47.473917","season":null,"episode":null,"selected_quality":null,"selected_file_idx":null,"unlocked_stream_url":null,"description":null,"current_playlist_index":0,"playlist":[],"subtitle_url":null}]
📨 Received: {"ref":null,"event":"system","payload":{"message":"Subscribed to PostgreSQL","status":"ok","extension":"postgres_changes","channel":"watch-party:V273"},"topic":"realtime:watch-party:V273"}
📨 Received: {"ref":null,"event":"presence_state","payload":{},"topic":"realtime:watch-party:V273"}
✅ Lobby: Loaded metadata for Final Destination
✅ Lobby: Synced playlist with 0 items
📨 Received: {"ref":"53","event":"phx_reply","payload":{"status":"ok","response":{}},"topic":"realtime:watch-party:V273"}
✅ Lobby: Synced playlist index to 0
✅ Lobby: Synced stream info & playlist to AppState
🆕 Lobby: Auto-adding initial item to playlist: Final Destination
📨 Received: {"ref":null,"event":"presence_diff","payload":{"joins":{"ed7c87e8-e020-11f0-8353-0a58a9feac02":{"metas":[{"phx_ref":"GIPmzSblwV39hCBN","is_host":true,"joined_at":1766509247.5022712,"user_id":"656daa91-33b4-4688-9135-c982ea52d7c9","username":"ursinho"}]}},"leaves":{}},"topic":"realtime:watch-party:V273"}
🔍 Supabase Response for /rooms: [{"id":"V273","name":"Final Destination","host_user_id":"656daa91-33b4-4688-9135-c982ea52d7c9","host_username":"ursinho","stream_hash":null,"imdb_id":"tt0195714","poster_url":"https://images.metahub.space/poster/small/tt0195714/img","backdrop_url":"https://images.metahub.space/background/medium/tt0195714/img","playback_position":0,"is_playing":false,"participants_count":1,"max_participants":50,"is_public":true,"created_at":"2025-12-23T17:00:47.398321","last_activity":"2025-12-23T17:00:47","season":null,"episode":null,"selected_quality":null,"selected_file_idx":null,"unlocked_stream_url":null,"description":null,"current_playlist_index":0,"playlist":[],"subtitle_url":null}]
❌ Supabase error (409): {"code":"23505","details":null,"hint":null,"message":"duplicate key value violates unique constraint \"room_participants_pkey\""}
💾 Cache SET: Metadata[meta_movie_tt0195714]
📨 Received: {"ref":null,"event":"postgres_changes","payload":{"data":{"table":"rooms","type":"UPDATE","record":{"id": "V273", "name": "Final Destination", "season": null, "episode": null, "imdb_id": "tt0195714", "playlist": [], "is_public": true, "created_at": "2025-12-23T17:00:47.398321", "is_playing": false, "poster_url": "https://images.metahub.space/poster/small/tt0195714/img", "description": null, "stream_hash": null, "backdrop_url": "https://images.metahub.space/background/medium/tt0195714/img", "host_user_id": "656daa91-33b4-4688-9135-c982ea52d7c9", "subtitle_url": null, "host_username": "ursinho", "last_activity": "2025-12-23T17:00:47", "max_participants": 50, "selected_quality": null, "playback_position": 0, "selected_file_idx": null, "participants_count": 1, "unlocked_stream_url": null, "current_playlist_index": 0},"columns":[{"name": "id", "type": "text"}, {"name": "name", "type": "text"}, {"name": "host_user_id", "type": "uuid"}, {"name": "host_username", "type": "text"}, {"name": "stream_hash", "type": "text"}, {"name": "imdb_id", "type": "text"}, {"name": "poster_url", "type": "text"}, {"name": "backdrop_url", "type": "text"}, {"name": "playback_position", "type": "int4"}, {"name": "is_playing", "type": "bool"}, {"name": "participants_count", "type": "int4"}, {"name": "max_participants", "type": "int4"}, {"name": "is_public", "type": "bool"}, {"name": "created_at", "type": "timestamp"}, {"name": "last_activity", "type": "timestamp"}, {"name": "season", "type": "int4"}, {"name": "episode", "type": "int4"}, {"name": "selected_quality", "type": "text"}, {"name": "selected_file_idx", "type": "int4"}, {"name": "unlocked_stream_url", "type": "text"}, {"name": "description", "type": "text"}, {"name": "current_playlist_index", "type": "int4"}, {"name": "playlist", "type": "jsonb"}, {"name": "subtitle_url", "type": "text"}],"errors":null,"schema":"public","commit_timestamp":"2025-12-23T17:00:47.651Z","old_record":{"id": "V273"}},"ids":[51005292]},"topic":"realtime:watch-party:V273"}
🔄 Lobby: Fetching fresh room state from Supabase...
🔄 Lobby: Fetching fresh room state from Supabase...
🔄 Lobby: Fetching fresh room state from Supabase...
🔄 Lobby: Fetching fresh room state from Supabase...
🔄 Lobby: Fetching fresh room state from Supabase...
🔍 Supabase Response for /rooms: []
🔌 Setting up Realtime channel: watch-party:V273
   Role: Host
   User ID: 656daa91-33b4-4688-9135-c982ea52d7c9
❌ Lobby: Failed to fetch fresh room state (not found)
📡 Connection state: connecting
ℹ️ Already joined channel watch-party:V273, skipping join
📡 Connection state: connected
✅ Realtime channel setup complete
🔍 Supabase Response for /rooms: [{"id":"V273","name":"Final Destination","host_user_id":"656daa91-33b4-4688-9135-c982ea52d7c9","host_username":"ursinho","stream_hash":null,"imdb_id":"tt0195714","poster_url":"https://images.metahub.space/poster/small/tt0195714/img","backdrop_url":"https://images.metahub.space/background/medium/tt0195714/img","playback_position":0,"is_playing":false,"participants_count":1,"max_participants":50,"is_public":true,"created_at":"2025-12-23T17:00:47.398321","last_activity":"2025-12-23T17:00:47","season":null,"episode":null,"selected_quality":null,"selected_file_idx":null,"unlocked_stream_url":null,"description":null,"current_playlist_index":0,"playlist":[],"subtitle_url":null}]
🔍 Supabase Response for /rooms: []
✅ Lobby: Connected to Realtime
❌ Lobby: Failed to fetch fresh room state (not found)
🔍 Supabase Response for /rooms: []
🔍 Supabase Response for /rooms: [{"id":"V273","name":"Final Destination","host_user_id":"656daa91-33b4-4688-9135-c982ea52d7c9","host_username":"ursinho","stream_hash":null,"imdb_id":"tt0195714","poster_url":"https://images.metahub.space/poster/small/tt0195714/img","backdrop_url":"https://images.metahub.space/background/medium/tt0195714/img","playback_position":0,"is_playing":false,"participants_count":1,"max_participants":50,"is_public":true,"created_at":"2025-12-23T17:00:47.398321","last_activity":"2025-12-23T17:00:47","season":null,"episode":null,"selected_quality":null,"selected_file_idx":null,"unlocked_stream_url":null,"description":null,"current_playlist_index":0,"playlist":[{"id": "04C25625-0AA5-4B3C-8F0C-F1712991DE86", "mediaItem": {"id": "tt0195714", "logo": "https://images.metahub.space/logo/medium/tt0195714/img", "name": "Final Destination", "type": "movie", "year": "2000", "genres": ["Horror", "Thriller"], "poster": "https://images.metahub.space/poster/small/tt0195714/img", "runtime": "98 min", "background": "https://images.metahub.space/background/medium/tt0195714/img", "imdbRating": "6.7", "description": "After getting a premonition about a plane crash on his school trip, Alex, a student, saves a few of his classmates. However, their situation gets complicated when death starts chasing them.", "releaseInfo": "2000"}}],"subtitle_url":null}]
🔍 Supabase Response for /rooms: []
📨 Received: {"ref":"54","event":"phx_reply","payload":{"status":"ok","response":{}},"topic":"realtime:watch-party:V273"}
📨 Received: {"ref":null,"event":"presence_diff","payload":{"joins":{"ed7c87e8-e020-11f0-8353-0a58a9feac02":{"metas":[{"phx_ref":"GIPmzTC-9fn9hKzB","phx_ref_prev":"GIPmzSblwV39hCBN","is_host":true,"joined_at":1766509247.6763039,"user_id":"656daa91-33b4-4688-9135-c982ea52d7c9","username":"ursinho"}]}},"leaves":{"ed7c87e8-e020-11f0-8353-0a58a9feac02":{"metas":[{"phx_ref":"GIPmzSblwV39hCBN","is_host":true,"joined_at":1766509247.5022712,"user_id":"656daa91-33b4-4688-9135-c982ea52d7c9","username":"ursinho"}]}}},"topic":"realtime:watch-party:V273"}
✅ Lobby: Synced playlist with 0 items
✅ Lobby: Synced playlist index to 0
✅ Lobby: Synced stream info & playlist to AppState
🆕 Lobby: Auto-adding initial item to playlist: Final Destination
🚦 Lobby State: connected
❌ Lobby: Failed to fetch fresh room state (not found)
✅ Lobby: Persisted initial playlist item
❌ Lobby: Failed to fetch fresh room state (not found)
📨 Received: {"ref":null,"event":"postgres_changes","payload":{"data":{"table":"rooms","type":"UPDATE","record":{"id": "V273", "name": "Final Destination", "season": null, "episode": null, "imdb_id": "tt0195714", "playlist": [{"id": "04C25625-0AA5-4B3C-8F0C-F1712991DE86", "mediaItem": {"id": "tt0195714", "logo": "https://images.metahub.space/logo/medium/tt0195714/img", "name": "Final Destination", "type": "movie", "year": "2000", "genres": ["Horror", "Thriller"], "poster": "https://images.metahub.space/poster/small/tt0195714/img", "runtime": "98 min", "background": "https://images.metahub.space/background/medium/tt0195714/img", "imdbRating": "6.7", "description": "After getting a premonition about a plane crash on his school trip, Alex, a student, saves a few of his classmates. However, their situation gets complicated when death starts chasing them.", "releaseInfo": "2000"}}], "is_public": true, "created_at": "2025-12-23T17:00:47.398321", "is_playing": false, "poster_url": "https://images.metahub.space/poster/small/tt0195714/img", "description": null, "stream_hash": null, "backdrop_url": "https://images.metahub.space/background/medium/tt0195714/img", "host_user_id": "656daa91-33b4-4688-9135-c982ea52d7c9", "subtitle_url": null, "host_username": "ursinho", "last_activity": "2025-12-23T17:00:47", "max_participants": 50, "selected_quality": null, "playback_position": 0, "selected_file_idx": null, "participants_count": 1, "unlocked_stream_url": null, "current_playlist_index": 0},"columns":[{"name": "id", "type": "text"}, {"name": "name", "type": "text"}, {"name": "host_user_id", "type": "uuid"}, {"name": "host_username", "type": "text"}, {"name": "stream_hash", "type": "text"}, {"name": "imdb_id", "type": "text"}, {"name": "poster_url", "type": "text"}, {"name": "backdrop_url", "type": "text"}, {"name": "playback_position", "type": "int4"}, {"name": "is_playing", "type": "bool"}, {"name": "participants_count", "type": "int4"}, {"name": "max_participants", "type": "int4"}, {"name": "is_public", "type": "bool"}, {"name": "created_at", "type": "timestamp"}, {"name": "last_activity", "type": "timestamp"}, {"name": "season", "type": "int4"}, {"name": "episode", "type": "int4"}, {"name": "selected_quality", "type": "text"}, {"name": "selected_file_idx", "type": "int4"}, {"name": "unlocked_stream_url", "type": "text"}, {"name": "description", "type": "text"}, {"name": "current_playlist_index", "type": "int4"}, {"name": "playlist", "type": "jsonb"}, {"name": "subtitle_url", "type": "text"}],"errors":null,"schema":"public","commit_timestamp":"2025-12-23T17:00:47.788Z","old_record":{"id": "V273"}},"ids":[51005292]},"topic":"realtime:watch-party:V273"}
🔄 Lobby: Starting database polling for participants and room state...
💓 Lobby: Starting heartbeat loop...
🔄 Lobby: Fetching fresh room state from Supabase...
🔄 Lobby: Fetching fresh room state from Supabase...
🔄 Lobby: Fetching fresh room state from Supabase...
🔄 Lobby: Fetching fresh room state from Supabase...
🔄 Lobby: Fetching fresh room state from Supabase...
🔄 Lobby: Fetching fresh room state from Supabase...
🔍 Supabase Response for /rooms: []
❌ Lobby: Failed to fetch fresh room state (not found)
🔍 Supabase Response for /rooms: []
❌ Lobby: Failed to fetch fresh room state (not found)
🔍 Supabase Response for /rooms: []
❌ Lobby: Failed to fetch fresh room state (not found)
🔍 Supabase Response for /rooms: [{"id":"V273","name":"Final Destination","host_user_id":"656daa91-33b4-4688-9135-c982ea52d7c9","host_username":"ursinho","stream_hash":null,"imdb_id":"tt0195714","poster_url":"https://images.metahub.space/poster/small/tt0195714/img","backdrop_url":"https://images.metahub.space/background/medium/tt0195714/img","playback_position":0,"is_playing":false,"participants_count":1,"max_participants":50,"is_public":true,"created_at":"2025-12-23T17:00:47.398321","last_activity":"2025-12-23T17:00:47","season":null,"episode":null,"selected_quality":null,"selected_file_idx":null,"unlocked_stream_url":null,"description":null,"current_playlist_index":0,"playlist":[{"id": "04C25625-0AA5-4B3C-8F0C-F1712991DE86", "mediaItem": {"id": "tt0195714", "logo": "https://images.metahub.space/logo/medium/tt0195714/img", "name": "Final Destination", "type": "movie", "year": "2000", "genres": ["Horror", "Thriller"], "poster": "https://images.metahub.space/poster/small/tt0195714/img", "runtime": "98 min", "background": "https://images.metahub.space/background/medium/tt0195714/img", "imdbRating": "6.7", "description": "After getting a premonition about a plane crash on his school trip, Alex, a student, saves a few of his classmates. However, their situation gets complicated when death starts chasing them.", "releaseInfo": "2000"}}],"subtitle_url":null}]
✅ Lobby: Synced playlist with 1 items
✅ Lobby: Synced playlist index to 0
✅ Lobby: Synced stream info & playlist to AppState
🔍 Supabase Response for /rooms: []
🔍 Supabase Response for /rooms: [{"id":"V273","name":"Final Destination","host_user_id":"656daa91-33b4-4688-9135-c982ea52d7c9","host_username":"ursinho","stream_hash":null,"imdb_id":"tt0195714","poster_url":"https://images.metahub.space/poster/small/tt0195714/img","backdrop_url":"https://images.metahub.space/background/medium/tt0195714/img","playback_position":0,"is_playing":false,"participants_count":1,"max_participants":50,"is_public":true,"created_at":"2025-12-23T17:00:47.398321","last_activity":"2025-12-23T17:00:47","season":null,"episode":null,"selected_quality":null,"selected_file_idx":null,"unlocked_stream_url":null,"description":null,"current_playlist_index":0,"playlist":[{"id": "04C25625-0AA5-4B3C-8F0C-F1712991DE86", "mediaItem": {"id": "tt0195714", "logo": "https://images.metahub.space/logo/medium/tt0195714/img", "name": "Final Destination", "type": "movie", "year": "2000", "genres": ["Horror", "Thriller"], "poster": "https://images.metahub.space/poster/small/tt0195714/img", "runtime": "98 min", "background": "https://images.metahub.space/background/medium/tt0195714/img", "imdbRating": "6.7", "description": "After getting a premonition about a plane crash on his school trip, Alex, a student, saves a few of his classmates. However, their situation gets complicated when death starts chasing them.", "rel2025-12-23 12:00:47.908 RedLemon[7693:70814] ✅ SupabaseClient: Playlist updated successfully
2025-12-23 12:00:47.987 RedLemon[7693:68193] 📨 Lobby: Received Room UPDATE from Realtime
2025-12-23 12:00:47.987 RedLemon[7693:68193] 📨 Lobby: Received Room UPDATE from Realtime
2025-12-23 12:00:47.988 RedLemon[7693:68193] 📨 Lobby: Received Room UPDATE from Realtime
2025-12-23 12:00:47.988 RedLemon[7693:68193] 📨 Lobby: Received Room UPDATE from Realtime
2025-12-23 12:00:47.988 RedLemon[7693:68193] 📨 Lobby: Received Room UPDATE from Realtime
2025-12-23 12:00:47.988 RedLemon[7693:68193] 📨 Lobby: Received Room UPDATE from Realtime
2025-12-23 12:00:50.181 RedLemon[7693:68193] 🎬 Host: Starting movie for 1 participants
2025-12-23 12:00:50.299 RedLemon[7693:70815] ✅ StreamService: Using provided metadata: Final Destination
2025-12-23 12:00:50.299 RedLemon[7693:70815] ⚡️ StreamService: Resolving streams via StreamResolver (Bypassing HTTP)...
2025-12-23 12:00:50.299 RedLemon[7693:70815] ⚡️ StreamResolver: Resolving streams for tt0195714 (S0E0)
2025-12-23 12:00:50.299 RedLemon[7693:70815]    📅 Filtering by year: 2000
2025-12-23 12:00:50.359 RedLemon[7693:70815] 📦 StreamResolver: Fetching streams from ProviderManager...
2025-12-23 12:00:50.359 RedLemon[7693:70815] 🔍 ProviderManager: Fetching streams for tt0195714...
2025-12-23 12:00:50.360 RedLemon[7693:69838] 🎬 Torrentio: Building URL for movie (no season/episode)
2025-12-23 12:00:50.360 RedLemon[7693:69838] 🔗 Torrentio URL: https://torrentio.strem.fun/realdebrid/K67JV2V4FTUA7RYN6T34BFIUBRUZERBO45A6UL3O7TE5ZHFDQQSA/stream/movie/tt0195714.json
2025-12-23 12:00:50.360 RedLemon[7693:70510] 🎬 DebridSearch: Building URL for movie (no season/episode)
2025-12-23 12:00:50.360 RedLemon[7693:69838] 🔍 Torrentio: Fetching https://torrentio.strem.fun/realdebrid/K67JV2V4FTUA7RYN6T34BFIUBRUZERBO45A6UL3O7TE5ZHFDQQSA/stream/movie/tt0195714.json
2025-12-23 12:00:50.361 RedLemon[7693:70510] 🔗 DebridSearch URL: https://68d69db7dc40-debrid-search.baby-beamup.club/7                     0ebridApiKey23A222,                     0ebridProvider23A2ealDebrid27D/stream/movie/tt0195714.json
2025-12-23 12:00:50.361 RedLemon[7693:70510] 🔍 DebridSearch: Fetching https://68d69db7dc40-debrid-search.baby-beamup.club/7                     0ebridApiKey23A267JV2V4FTUA7RYN6T34BFIUBRUZERBO45A6UL3O7TE5ZHFDQQSA2                     0ebridProvider23A2ealDebrid27D/stream/movie/tt0195714.json
2025-12-23 12:00:50.400 RedLemon[7693:70510] 🔍 Zilean: Searching for "Final Destination"
2025-12-23 12:00:50.447 RedLemon[7693:70814] ✅ Zilean: Got 178 results
2025-12-23 12:00:50.447 RedLemon[7693:70814] 🔍 Zilean: Filtered to 178 streams
2025-12-23 12:00:50.598 RedLemon[7693:69838] ❌ Provider torrentio failed: httpError(statusCode: 404)
2025-12-23 12:00:54.611 RedLemon[7693:69838] ✅ DebridSearch: Parsed 1 streams
2025-12-23 12:00:54.614 RedLemon[7693:69838] ✅ ProviderManager: Fetched 193 raw, returning 193 unique streams
2025-12-23 12:00:54.614 RedLemon[7693:69838] 📦 StreamResolver: Received 193 raw streams, bucketing...
2025-12-23 12:00:55.213 RedLemon[7693:70673] Background: ⏰ Timeout fired! Attempting to fail continuation...
easeInfo": "2000"}}],"subtitle_url":null}]
🔍 Supabase Response for /rooms: [{"id":"V273","name":"Final Destination","host_user_id":"656daa91-33b4-4688-9135-c982ea52d7c9","host_username":"ursinho","stream_hash":null,"imdb_id":"tt0195714","poster_url":"https://images.metahub.space/poster/small/tt0195714/img","backdrop_url":"https://images.metahub.space/background/medium/tt0195714/img","playback_position":0,"is_playing":false,"participants_count":1,"max_participants":50,"is_public":true,"created_at":"2025-12-23T17:00:47.398321","last_activity":"2025-12-23T17:00:47","season":null,"episode":null,"selected_quality":null,"selected_file_idx":null,"unlocked_stream_url":null,"description":null,"current_playlist_index":0,"playlist":[{"id": "EAABF4C5-09E0-4DAD-A3E5-5A1B21F83B2F", "mediaItem": {"id": "tt0195714", "logo": "https://images.metahub.space/logo/medium/tt0195714/img", "name": "Final Destination", "type": "movie", "year": "2000", "genres": ["Horror", "Thriller"], "poster": "https://images.metahub.space/poster/small/tt0195714/img", "runtime": "98 min", "background": "https://images.metahub.space/background/medium/tt0195714/img", "imdbRating": "6.7", "description": "After getting a premonition about a plane crash on his school trip, Alex, a student, saves a few of his classmates. However, their situation gets complicated when death starts chasing them.", "releaseInfo": "2000"}}],"subtitle_url":null}]
❌ Lobby: Failed to fetch fresh room state (not found)
✅ Lobby: Persisted initial playlist item
✅ Lobby: Synced playlist with 1 items
✅ Lobby: Synced playlist index to 0
✅ Lobby: Synced stream info & playlist to AppState
📨 Received: {"ref":null,"event":"postgres_changes","payload":{"data":{"table":"rooms","type":"UPDATE","record":{"id": "V273", "name": "Final Destination", "season": null, "episode": null, "imdb_id": "tt0195714", "playlist": [{"id": "EAABF4C5-09E0-4DAD-A3E5-5A1B21F83B2F", "mediaItem": {"id": "tt0195714", "logo": "https://images.metahub.space/logo/medium/tt0195714/img", "name": "Final Destination", "type": "movie", "year": "2000", "genres": ["Horror", "Thriller"], "poster": "https://images.metahub.space/poster/small/tt0195714/img", "runtime": "98 min", "background": "https://images.metahub.space/background/medium/tt0195714/img", "imdbRating": "6.7", "description": "After getting a premonition about a plane crash on his school trip, Alex, a student, saves a few of his classmates. However, their situation gets complicated when death starts chasing them.", "releaseInfo": "2000"}}], "is_public": true, "created_at": "2025-12-23T17:00:47.398321", "is_playing": false, "poster_url": "https://images.metahub.space/poster/small/tt0195714/img", "description": null, "stream_hash": null, "backdrop_url": "https://images.metahub.space/background/medium/tt0195714/img", "host_user_id": "656daa91-33b4-4688-9135-c982ea52d7c9", "subtitle_url": null, "host_username": "ursinho", "last_activity": "2025-12-23T17:00:47", "max_participants": 50, "selected_quality": null, "playback_position": 0, "selected_file_idx": null, "participants_count": 1, "unlocked_stream_url": null, "current_playlist_index": 0},"columns":[{"name": "id", "type": "text"}, {"name": "name", "type": "text"}, {"name": "host_user_id", "type": "uuid"}, {"name": "host_username", "type": "text"}, {"name": "stream_hash", "type": "text"}, {"name": "imdb_id", "type": "text"}, {"name": "poster_url", "type": "text"}, {"name": "backdrop_url", "type": "text"}, {"name": "playback_position", "type": "int4"}, {"name": "is_playing", "type": "bool"}, {"name": "participants_count", "type": "int4"}, {"name": "max_participants", "type": "int4"}, {"name": "is_public", "type": "bool"}, {"name": "created_at", "type": "timestamp"}, {"name": "last_activity", "type": "timestamp"}, {"name": "season", "type": "int4"}, {"name": "episode", "type": "int4"}, {"name": "selected_quality", "type": "text"}, {"name": "selected_file_idx", "type": "int4"}, {"name": "unlocked_stream_url", "type": "text"}, {"name": "description", "type": "text"}, {"name": "current_playlist_index", "type": "int4"}, {"name": "playlist", "type": "jsonb"}, {"name": "subtitle_url", "type": "text"}],"errors":null,"schema":"public","commit_timestamp":"2025-12-23T17:00:47.994Z","old_record":{"id": "V273"}},"ids":[51005292]},"topic":"realtime:watch-party:V273"}
🔄 Lobby: Fetching fresh room state from Supabase...
🔄 Lobby: Fetching fresh room state from Supabase...
🔄 Lobby: Fetching fresh room state from Supabase...
🔄 Lobby: Fetching fresh room state from Supabase...
🔄 Lobby: Fetching fresh room state from Supabase...
🔄 Lobby: Fetching fresh room state from Supabase...
🔍 Supabase Response for /rooms: []
❌ Lobby: Failed to fetch fresh room state (not found)
🔍 Supabase Response for /rooms: [{"id":"V273","name":"Final Destination","host_user_id":"656daa91-33b4-4688-9135-c982ea52d7c9","host_username":"ursinho","stream_hash":null,"imdb_id":"tt0195714","poster_url":"https://images.metahub.space/poster/small/tt0195714/img","backdrop_url":"https://images.metahub.space/background/medium/tt0195714/img","playback_position":0,"is_playing":false,"participants_count":1,"max_participants":50,"is_public":true,"created_at":"2025-12-23T17:00:47.398321","last_activity":"2025-12-23T17:00:47","season":null,"episode":null,"selected_quality":null,"selected_file_idx":null,"unlocked_stream_url":null,"description":null,"current_playlist_index":0,"playlist":[{"id": "EAABF4C5-09E0-4DAD-A3E5-5A1B21F83B2F", "mediaItem": {"id": "tt0195714", "logo": "https://images.metahub.space/logo/medium/tt0195714/img", "name": "Final Destination", "type": "movie", "year": "2000", "genres": ["Horror", "Thriller"], "poster": "https://images.metahub.space/poster/small/tt0195714/img", "runtime": "98 min", "background": "https://images.metahub.space/background/medium/tt0195714/img", "imdbRating": "6.7", "description": "After getting a premonition about a plane crash on his school trip, Alex, a student, saves a few of his classmates. However, their situation gets complicated when death starts chasing them.", "releaseInfo": "2000"}}],"subtitle_url":null}]
🔍 Supabase Response for /rooms: []
❌ Lobby: Failed to fetch fresh room state (not found)
✅ Lobby: Synced playlist with 1 items
✅ Lobby: Synced playlist index to 0
✅ Lobby: Synced stream info & playlist to AppState
🔍 Supabase Response for /rooms: [{"id":"V273","name":"Final Destination","host_user_id":"656daa91-33b4-4688-9135-c982ea52d7c9","host_username":"ursinho","stream_hash":null,"imdb_id":"tt0195714","poster_url":"https://images.metahub.space/poster/small/tt0195714/img","backdrop_url":"https://images.metahub.space/background/medium/tt0195714/img","playback_position":0,"is_playing":false,"participants_count":1,"max_participants":50,"is_public":true,"created_at":"2025-12-23T17:00:47.398321","last_activity":"2025-12-23T17:00:47","season":null,"episode":null,"selected_quality":null,"selected_file_idx":null,"unlocked_stream_url":null,"description":null,"current_playlist_index":0,"playlist":[{"id": "EAABF4C5-09E0-4DAD-A3E5-5A1B21F83B2F", "mediaItem": {"id": "tt0195714", "logo": "https://images.metahub.space/logo/medium/tt0195714/img", "name": "Final Destination", "type": "movie", "year": "2000", "genres": ["Horror", "Thriller"], "poster": "https://images.metahub.space/poster/small/tt0195714/img", "runtime": "98 min", "background": "https://images.metahub.space/background/medium/tt0195714/img", "imdbRating": "6.7", "description": "After getting a premonition about a plane crash on his school trip, Alex, a student, saves a few of his classmates. However, their situation gets complicated when death starts chasing them.", "releaseInfo": "2000"}}],"subtitle_url":null}]
🔍 Supabase Response for /rooms: []
🔍 Supabase Response for /rooms: []
❌ Lobby: Failed to fetch fresh room state (not found)
❌ Lobby: Failed to fetch fresh room state (not found)
✅ Lobby: Synced playlist with 1 items
✅ Lobby: Synced playlist index to 0
✅ Lobby: Synced stream info & playlist to AppState
🎬 Resolving & Persisting stream for Watch Party Room: V273
✅ Cache HIT: Metadata[meta_movie_tt0195714]
[2025-12-23T17:00:50Z] [INFO] [StreamService.swift:47] 🎬 StreamService: Starting resolution for: Final Destination
🎬 StreamService: Resolving movie - trusted pack filtering will be applied server-side
📡 Fetching metadata from Cinemeta: https://v3-cinemeta.strem.io/meta/movie/tt0195714.json
🔍 MediaFusion: Fetching https://mediafusion.elfhosted.com/stream/movie/tt0195714.json
🔍 Comet: Fetching https://comet.elfhosted.com/eyJkZWJyaWRTZXJ2aWNlIjoicmVhbGRlYnJpZCIsInJlbW92ZVRyYXNoIjp0cnVlLCJkZWJy...
✅ Metadata fetched from Cinemeta for tt0195714: Final Destination (2000)
⚠️ MediaFusion: HTTP 418
✅ Comet: Got 14 streams
🔍 Comet: Parsing 14 streams...
✅ Comet: Parsed 14 valid streams
✅ Metadata cache hit for tt0195714: Final Destination
🎯 Target title for matching: Final Destination
   📅 Year filter (2000): 193 → 47 streams
   🚫 RESOLVER BLOCKING AV1: [electro-torrent pl]Final Destination (2000)  [2160p AI] [H266][AV1][10bit] [SDR][HEVC][EAC3
   🚫 RESOLVER BLOCKING AV1: Final Destination (2000) 1080p AV1 10-bit Opus [AV1D] mkv
   🚫 RESOLVER FILTERED AV1: 47 → 45 streams
🔍 Searching SubDL: tt0195714 (movie)
   ℹ️ Fallback Name: Final Destination (2000)
✅ Found 10 subtitles from SubDL (Final)
✅ StreamResolver: Attached best sub for 'Final Destination 2000 1080p A...': Final.Destination.2000.REPACK....
✅ StreamResolver: Attached best sub for 'Final Destination (2000) BluRa...': Final.Destination.2000.720p.Bl...
✅ StreamResolver: Attached best sub for 'Final Destination 2000 1080p B...': Final.Destination.2000.1080p.B...
✅ StreamResolver: Attached best sub for 'Final Destination 2000 1080p M...': Final.Destination.2000.REPACK....
✅ StreamResolver: Attached best sub for 'Final Destination 1-5 Pentalog...': Final.Destination.2000.720p.Bl...
✅ StreamResolver: Attached best sub for 'final destination 2000 4khdr-k...': Final.Destination.2000.720p.Bl...
✅ StreamResolver: Attached best sub for 'Final Destination 2000 MULTi 1...': Final.Destination.2000.1080p.B...
✅ StreamResolver: Attached best sub for 'Final Destination 2000-2011 Bl...': Final.Destination.2000.1080p.B...
✅ StreamResolver: Attached best sub for 'Final Destination 2000 Ger Eng...': Final.Destination.2000.1080p.B...
✅ StreamResolver: Attached best sub for 'Final Destination 2000 1080p A...': Final.Destination.2000.REPACK....
✅ StreamResolver: Attached best sub for 'Final Destination Complete Col...': Final.Destination.2000.REPACK....
✅ StreamResolver: Attached best sub for 'Final Destination 2000 MULTi 1...': Final.Destination.2000.REPACK....
✅ StreamResolver: Attached best sub for 'Final Destination 2000 1080p M...': Final.Destination.2000.REPACK....
✅ StreamResolver: Attached best sub for 'Final Destination 2000 1080p W...': Final.Destination.2000.REPACK....
✅ StreamResolver: Attached best sub for 'Final Destination 2000 1080p B...': Final.Destination.2000.1080p.B...
✅ StreamResolver: Attached best sub for 'Final Destination (2000) 1080p...': Final.Destination.2000.1080p.B...
✅ StreamResolver: Attached best sub for 'Final Destination Pentalogy 20...': Final.Destination.2000.720p.Bl...
✅ StreamResolver: Attached best sub for 'Final Destination (2000) mkv...': Final.Destination.2000.720p.Bl...
✅ StreamResolver: Attached best sub for 'Final Destination 2000 1080p B...': Final.Destination.2000.1080p.B...
✅ StreamResolver: Attached best sub for 'Final Destination 2000 1080p B...': Final.Destination.2000.1080p.B...
✅ StreamResolver: Attached best sub for 'Final Destination 2000 BDMux 1...': Final.Destination.2000.REPACK....
✅ StreamResolver: Attached best sub for 'Final Destination 2000 1080p B...': Final.Destination.2000.1080p.B...
✅ StreamResolver: Attached best sub for 'Final Destination 2000 1080p B...': Final.Destination.2000.1080p.B...
✅ StreamResolver: Attached best sub for 'Final Destination (2000) [1080...': Final.Destination.2000.1080p.B...
✅ StreamResolver: Attached best sub for 'Final Destination (2000) UpSca...': Final.Destination.2000.720p.Bl...
✅ StreamResolver: Attached best sub for 'Final Destination 2000 1080p B...': Final.Destination.2000.1080p.B...
✅ StreamResolver: Attached best sub for 'Final Destination 2000 1080p B...': Final.Destination.2000.1080p.B...
✅ StreamResolver: Attached best sub for 'Final Destination (2000) (1080...': Final.Destination.1-eng.x264-7...
✅ StreamResolver: Attached best sub for 'Final Destination 2000 1080p B...': Final.Destination.2000.1080p.B...
✅ StreamResolver: Attached best sub for 'Final Destination 2000 Extende...': Final.Destination.1-eng.x264-7...
✅ StreamResolver: Attached best sub for 'Final Destination (2000)...': Final.Destination.2000.720p.Bl...
✅ StreamResolver: Attached best sub for 'Final Destination 2000 1080p B...': Final.Destination.2000.1080p.B...
✅ StreamResolver: Attached best sub for 'Пункт Назначения (Final Destin...': Final.Destination.2000.720p.Bl...
✅ StreamResolver: Attached best sub for 'Final Destination (2000) 1080p...': Final.Destination.2000.REPACK....
✅ StreamResolver: Attached best sub for 'Final Destination 2000 BluRay ...': Final.Destination.2000.1080p.B...
✅ StreamResolver: Attached best sub for 'Final Destination 2000 1080p B...': Final.Destination.2000.1080p.B...
✅ StreamResolver: Attached best sub for 'Final Destination 2000 (1080p ...': Final.Destination.2000.1080p.B...
✅ StreamResolver: Attached best sub for 'Final Destination 2000 1080p B...': Final.Destination.2000.720p.Br...
✅ StreamResolver: Attached best sub for 'Final Destination 2000 1080p B...': Final.Destination.2000.1080p.B...
✅ StreamResolver: Attached best sub for 'Final Destination 5 Movie Coll...': Final.Destination.2000.720p.Bl...
✅ StreamResolver: Attached best sub for 'Final Destination 5 Movie Coll...': Final.Destination.2000.REPACK....
✅ StreamResolver: Attached best sub for '[死神来了]Final Destination 1 2000...': Final.Destination.2000.1080p.B...
✅ StreamResolver: Attached best sub for 'Final Destination I 2000 1080p...': Final.Destination.2000.1080p.B...
✅ StreamResolver: Attached best sub for '01  Final Destination (2000) B...': Final.Destination.1-eng.x264-7...
✅ StreamResolver: Attached best sub for 'Final.Destination.2000.1080p.B...': Final.Destination.2000.1080p.B...
   --- Processing Bucket: 2160p (Input: 2) ---
   ✅ Bucket 2160p Final Count: 2
   --- Processing Bucket: 1080p (Input: 36) ---
   🚫 RESOLVER DROP (1080p): Bad Pattern (ISO): Final Destination 2000 1080p BluRAy VC-1 DTS-HD MA 5 1-USELESS iso
   ✅ Bucket 1080p Final Count: 35
   --- Processing Bucket: 720p (Input: 3) ---
   ✅ Bucket 720p Final Count: 3
   --- Processing Bucket: 480p (Input: 4) ---
   ✅ Bucket 480p Final Count: 4
📦 2160p Primary: Final Destination (2000) UpScaled 2160p H265 10 bit DV HDR10+ ita eng AC3 5 1 sub ita eng Licdom mkv
📦 1080p Primary: Final.Destination.2000.1080p.BluRay.H264.AAC-RARBG.mp4
💾 1.87 GB
📦 720p Primary: Final Destination 5 Movie Collection - Horror 2000-2011 Eng Ita Multi-Subs 720p [H264-mp4]
✅ StreamResolver: Quality buckets ready
   ➕ Added 3 720p streams as backup
   ➕ Added 2 4K streams as 'Hail Mary' backup
[2025-12-23T17:00:55Z] [INFO] [StreamService.swift:209] 📦 StreamService: Found 16 total streams to try (across all qualities)
✅ StreamService: Found 12 H.264 streams (Tier 1)
✅ StreamService: Found 6 'Clean' English streams. Deprioritizing 6 localized/dual streams.
📦 StreamService: 6 streams remain after size filter
🔄 StreamService: Trying stream 1/6: Final.Destination.2000.1080p.BluRay.H264.AAC-RARBG.mp4
💾 1.87 GB
🔍 StreamService: Resolving redirect URL: https://68d69db7dc40-debrid-search.baby-beamup.club/resolve/RealDebrid/K67JV2V4FTUA7RYN6T34BFIUBRUZERBO45A6UL3O7TE5ZHFDQQSA/D6FRGVA674UC4/https%3A%2F%2Freal-debrid.com%2Fd%2FBXQQ3GRP5PGMG744
🛡️ Lobby: Auto-Join safety delay passed (8s). Enabled for late joiners.
✅ StreamService: Resolved to: https://chi9-4.download.real-debrid.com/d/JV2IU2LML33UE103/Final.Destination.2000.1080p.BluRay.H264.AAC-RARBG.mp4
⚡️ StreamService: Stream is already a direct URL. Skipping backend2025-12-23 12:00:56.004 RedLemon[7693:70814] 📥 StreamService: Pre-downloading 5 (capped from 10) subtitles for direct stream...
2025-12-23 12:00:56.004 RedLemon[7693:70814] 🐛 StreamService: downloadSubtitlesInParallel called. Season: nil, Episode: nil, Count: 5
2025-12-23 12:00:56.005 RedLemon[7693:71086] 🔍 DEBUG: Processing subtitle URL: /subtitle/568345-2146676.zip
2025-12-23 12:00:56.005 RedLemon[7693:71086] ✅ DEBUG: Raw SubDL URL detected, converting to proxy URL
2025-12-23 12:00:56.005 RedLemon[7693:69838] 🔍 DEBUG: Processing subtitle URL: /subtitle/3468409-8391491.zip
2025-12-23 12:00:56.005 RedLemon[7693:69838] ✅ DEBUG: Raw SubDL URL detected, converting to proxy URL
2025-12-23 12:00:56.005 RedLemon[7693:70814] 🔍 DEBUG: Processing subtitle URL: /subtitle/1136297-2678821.zip
2025-12-23 12:00:56.005 RedLemon[7693:70673] 🔍 DEBUG: Processing subtitle URL: /subtitle/568343-954429.zip
2025-12-23 12:00:56.005 RedLemon[7693:70673] ✅ DEBUG: Raw SubDL URL detected, converting to proxy URL
2025-12-23 12:00:56.005 RedLemon[7693:70814] ✅ DEBUG: Raw SubDL URL detected, converting to proxy URL
2025-12-23 12:00:56.005 RedLemon[7693:71086] 🐛 StreamService: Constructed Proxy URL: http://127.0.0.1:47253/subtitles/subdl/L3N1YnRpdGxlLzU2ODM0NS0yMTQ2Njc2LnppcA==?token=FD14A4CF-1F2E-4AE4-A598-4C490441E8AA
2025-12-23 12:00:56.005 RedLemon[7693:69838] 🐛 StreamService: Constructed Proxy URL: http://127.0.0.1:47253/subtitles/subdl/L3N1YnRpdGxlLzM0Njg0MDktODM5MTQ5MS56aXA=?token=FD14A4CF-1F2E-4AE4-A598-4C490441E8AA
2025-12-23 12:00:56.005 RedLemon[7693:71086] 🔍 DEBUG: Processing subtitle URL: /subtitle/1136298-2678825.zip
2025-12-23 12:00:56.006 RedLemon[7693:71086] ✅ DEBUG: Raw SubDL URL detected, converting to proxy URL
2025-12-23 12:00:56.006 RedLemon[7693:70673] 🐛 StreamService: Constructed Proxy URL: http://127.0.0.1:47253/subtitles/subdl/L3N1YnRpdGxlLzU2ODM0My05NTQ0Mjkuemlw?token=FD14A4CF-1F2E-4AE4-A598-4C490441E8AA
2025-12-23 12:00:56.006 RedLemon[7693:70814] 🐛 StreamService: Constructed Proxy URL: http://127.0.0.1:47253/subtitles/subdl/L3N1YnRpdGxlLzExMzYyOTctMjY3ODgyMS56aXA=?token=FD14A4CF-1F2E-4AE4-A598-4C490441E8AA
2025-12-23 12:00:56.006 RedLemon[7693:71086] 🐛 StreamService: Constructed Proxy URL: http://127.0.0.1:47253/subtitles/subdl/L3N1YnRpdGxlLzExMzYyOTgtMjY3ODgyNS56aXA=?token=FD14A4CF-1F2E-4AE4-A598-4C490441E8AA
2025-12-23 12:00:56.007 RedLemon[7693:70815] 📥 StreamService: Pre-downloading 5 (capped from 5) subtitles for direct stream...
2025-12-23 12:00:56.008 RedLemon[7693:70815] 🐛 StreamService: downloadSubtitlesInParallel called. Season: nil, Episode: nil, Count: 5
2025-12-23 12:00:56.008 RedLemon[7693:71086] 🔍 DEBUG: Processing subtitle URL: http://127.0.0.1:47253/subtitles/subdl/L3N1YnRpdGxlLzU2ODM0NS0yMTQ2Njc2LnppcA==?token=FD14A4CF-1F2E-4AE4-A598-4C490441E8AA
2025-12-23 12:00:56.008 RedLemon[7693:69838] 🔍 DEBUG: Processing subtitle URL: http://127.0.0.1:47253/subtitles/subdl/L3N1YnRpdGxlLzU2ODM0My05NTQ0Mjkuemlw?token=FD14A4CF-1F2E-4AE4-A598-4C490441E8AA
2025-12-23 12:00:56.008 RedLemon[7693:71086] ✅ DEBUG: SubDL proxy URL detected, skipping download
2025-12-23 12:00:56.008 RedLemon[7693:70815] 🔍 DEBUG: Processing subtitle URL: http://127.0.0.1:47253/subtitles/subdl/L3N1YnRpdGxlLzExMzYyOTctMjY3ODgyMS56aXA=?token=FD14A4CF-1F2E-4AE4-A598-4C490441E8AA
2025-12-23 12:00:56.008 RedLemon[7693:70814] 🔍 DEBUG: Processing subtitle URL: http://127.0.0.1:47253/subtitles/subdl/L3N1YnRpdGxlLzM0Njg0MDktODM5MTQ5MS56aXA=?token=FD14A4CF-1F2E-4AE4-A598-4C490441E8AA
2025-12-23 12:00:56.008 RedLemon[7693:70815] ✅ DEBUG: SubDL proxy URL detected, skipping download
2025-12-23 12:00:56.008 RedLemon[7693:71086] 🔍 DEBUG: Processing subtitle URL: http://127.0.0.1:47253/subtitles/subdl/L3N1YnRpdGxlLzExMzYyOTgtMjY3ODgyNS56aXA=?token=FD14A4CF-1F2E-4AE4-A598-4C490441E8AA
2025-12-23 12:00:56.008 RedLemon[7693:70814] ✅ DEBUG: SubDL proxy URL detected, skipping download
2025-12-23 12:00:56.008 RedLemon[7693:71086] ✅ DEBUG: SubDL proxy URL detected, skipping download
2025-12-23 12:00:56.008 RedLemon[7693:69838] ✅ DEBUG: SubDL proxy URL detected, skipping download
2025-12-23 12:00:56.133 RedLemon[7693:71086] ✅ Persisted stream selection to room V273
2025-12-23 12:00:56.134 RedLemon[7693:68193] ✅ Host: Stream resolved and persisted OK
2025-12-23 12:00:56.158 RedLemon[7693:69838] 📤 Realtime: Sending message type: chat, sender: 656daa91-33b4-4688-9135-c982ea52d7c9
2025-12-23 12:00:56.158 RedLemon[7693:69838]    Payload keys: chatText, position, senderId, chatUsername, timestamp, type
2025-12-23 12:00:56.159 RedLemon[7693:69838] ✅ Realtime: Message broadcast complete
2025-12-23 12:00:56.195 RedLemon[7693:69838] 📨 Realtime: Received broadcast message
2025-12-23 12:00:56.195 RedLemon[7693:69838]    Payload keys: timestamp, senderId, position, type, chatText, chatUsername
2025-12-23 12:00:56.196 RedLemon[7693:69838] ✅ Realtime: Decoded message type: chat, sender: 656daa91-33b4-4688-9135-c982ea52d7c9
2025-12-23 12:00:56.196 RedLemon[7693:69838] 📞 Realtime: Invoking syncCallback for message type: chat
2025-12-23 12:00:56.196 RedLemon[7693:69838] ✅ Realtime: syncCallback invoked successfully
2025-12-23 12:00:56.208 RedLemon[7693:68193] ✅ Host: Successfully broadcast LOBBY_START_COUNTDOWN via Realtime
2025-12-23 12:00:56.208 RedLemon[7693:68193] 📡 Realtime delivery confirmed for 1 guests
2025-12-23 12:00:56.222 RedLemon[7693:68193] ✅ Host: Set room playback state in database as fallback
2025-12-23 12:00:56.225 RedLemon[7693:68193] 📨 Lobby: Received Room UPDATE from Realtime
2025-12-23 12:00:56.225 RedLemon[7693:68193] 📨 Lobby: Received Room UPDATE from Realtime
2025-12-23 12:00:56.225 RedLemon[7693:68193] 📨 Lobby: Received Room UPDATE from Realtime
2025-12-23 12:00:56.225 RedLemon[7693:68193] 📨 Lobby: Received Room UPDATE from Realtime
2025-12-23 12:00:56.225 RedLemon[7693:68193] 📨 Lobby: Received Room UPDATE from Realtime
2025-12-23 12:00:56.225 RedLemon[7693:68193] 📨 Lobby: Received Room UPDATE from Realtime
2025-12-23 12:00:56.248 RedLemon[7693:68193] 📨 Lobby: Received Room UPDATE from Realtime
2025-12-23 12:00:56.248 RedLemon[7693:68193] 📨 Lobby: Received Room UPDATE from Realtime
2025-12-23 12:00:56.249 RedLemon[7693:68193] 📨 Lobby: Received Room UPDATE from Realtime
2025-12-23 12:00:56.249 RedLemon[7693:68193] 📨 Lobby: Received Room UPDATE from Realtime
2025-12-23 12:00:56.249 RedLemon[7693:68193] 📨 Lobby: Received Room UPDATE from Realtime
2025-12-23 12:00:56.249 RedLemon[7693:68193] 📨 Lobby: Received Room UPDATE from Realtime
 unlock.
✅ StreamService: Selected stream: Final.Destination.2000.1080p.BluRay.H264.AAC-RARBG.mp4
💾 1.87 GB
📊 Stream Size: 1.87 GB
📦 StreamService: Returning 5 candidate streams for fallback
🎬 Stream Resolution: Found 6 streams to attempt unlock...
⚡️ StreamService: Stream is already a direct URL. Skipping backend unlock.
✅ Successfully unlocked stream on attempt #1
📡 Persisting resolved stream to room V273...
🔍 Supabase Response for /rooms: [{"id":"V273","name":"Final Destination","host_user_id":"656daa91-33b4-4688-9135-c982ea52d7c9","host_username":"ursinho","stream_hash":null,"imdb_id":"tt0195714","poster_url":"https://images.metahub.space/poster/small/tt0195714/img","backdrop_url":"https://images.metahub.space/background/medium/tt0195714/img","playback_position":0,"is_playing":false,"participants_count":1,"max_participants":50,"is_public":true,"created_at":"2025-12-23T17:00:47.398321","last_activity":"2025-12-23T17:00:56","season":null,"episode":null,"selected_quality":"1080p","selected_file_idx":null,"unlocked_stream_url":"https://chi9-4.download.real-debrid.com/d/JV2IU2LML33UE103/Final.Destination.2000.1080p.BluRay.H264.AAC-RARBG.mp4","description":null,"current_playlist_index":0,"playlist":[{"id": "EAABF4C5-09E0-4DAD-A3E5-5A1B21F83B2F", "mediaItem": {"id": "tt0195714", "logo": "https://images.metahub.space/logo/medium/tt0195714/img", "name": "Final Destination", "type": "movie", "year": "2000", "genres": ["Horror", "Thriller"], "poster": "https://images.metahub.space/poster/small/tt0195714/img", "runtime": "98 min", "background": "https://images.metahub.space/background/medium/tt0195714/img", "imdbRating": "6.7", "description": "After getting a premonition about a plane crash on his school trip, Alex, a student, saves a few of his classmates. However, their situation gets complicated when death starts chasing them.", "releaseInfo": "2000"}}],"subtitle_url":null}]
✅ Stream persisted! Hash: nil
📨 Received: {"ref":null,"event":"broadcast","payload":{"event":"sync","payload":{"chatText":"LOBBY_START_COUNTDOWN","chatUsername":"Host","position":0,"senderId":"656daa91-33b4-4688-9135-c982ea52d7c9","timestamp":3,"type":"chat"},"type":"broadcast"},"topic":"realtime:watch-party:V273"}
🔍 Supabase Response for /rooms: [{"id":"V273","name":"Final Destination","host_user_id":"656daa91-33b4-4688-9135-c982ea52d7c9","host_username":"ursinho","stream_hash":null,"imdb_id":"tt0195714","poster_url":"https://images.metahub.space/poster/small/tt0195714/img","backdrop_url":"https://images.metahub.space/background/medium/tt0195714/img","playback_position":0,"is_playing":true,"participants_count":1,"max_participants":50,"is_public":true,"created_at":"2025-12-23T17:00:47.398321","last_activity":"2025-12-23T17:00:56","season":null,"episode":null,"selected_quality":"1080p","selected_file_idx":null,"unlocked_stream_url":"https://chi9-4.download.real-debrid.com/d/JV2IU2LML33UE103/Final.Destination.2000.1080p.BluRay.H264.AAC-RARBG.mp4","description":null,"current_playlist_index":0,"playlist":[{"id": "EAABF4C5-09E0-4DAD-A3E5-5A1B21F83B2F", "mediaItem": {"id": "tt0195714", "logo": "https://images.metahub.space/logo/medium/tt0195714/img", "name": "Final Destination", "type": "movie", "year": "2000", "genres": ["Horror", "Thriller"], "poster": "https://images.metahub.space/poster/small/tt0195714/img", "runtime": "98 min", "background": "https://images.metahub.space/background/medium/tt0195714/img", "imdbRating": "6.7", "description": "After getting a premonition about a plane crash on his school trip, Alex, a student, saves a few of his classmates. However, their situation gets complicated when death starts chasing them.", "releaseInfo": "2000"}}],"subtitle_url":null}]
📨 Received: {"ref":null,"event":"postgres_changes","payload":{"data":{"table":"rooms","type":"UPDATE","record":{"id": "V273", "name": "Final Destination", "season": null, "episode": null, "imdb_id": "tt0195714", "playlist": [{"id": "EAABF4C5-09E0-4DAD-A3E5-5A1B21F83B2F", "mediaItem": {"id": "tt0195714", "logo": "https://images.metahub.space/logo/medium/tt0195714/img", "name": "Final Destination", "type": "movie", "year": "2000", "genres": ["Horror", "Thriller"], "poster": "https://images.metahub.space/poster/small/tt0195714/img", "runtime": "98 min", "background": "https://images.metahub.space/background/medium/tt0195714/img", "imdbRating": "6.7", "description": "After getting a premonition about a plane crash on his school trip, Alex, a student, saves a few of his classmates. However, their situation gets complicated when death starts chasing them.", "releaseInfo": "2000"}}], "is_public": true, "created_at": "2025-12-23T17:00:47.398321", "is_playing": false, "poster_url": "https://images.metahub.space/poster/small/tt0195714/img", "description": null, "stream_hash": null, "backdrop_url": "https://images.metahub.space/background/medium/tt0195714/img", "host_user_id": "656daa91-33b4-4688-9135-c982ea52d7c9", "subtitle_url": null, "host_username": "ursinho", "last_activity": "2025-12-23T17:00:56", "max_participants": 50, "selected_quality": "1080p", "playback_position": 0, "selected_file_idx": null, "participants_count": 1, "unlocked_stream_url": "https://chi9-4.download.real-debrid.com/d/JV2IU2LML33UE103/Final.Destination.2000.1080p.BluRay.H264.AAC-RARBG.mp4", "current_playlist_index": 0},"columns":[{"name": "id", "type": "text"}, {"name": "name", "type": "text"}, {"name": "host_user_id", "type": "uuid"}, {"name": "host_username", "type": "text"}, {"name": "stream_hash", "type": "text"}, {"name": "imdb_id", "type": "text"}, {"name": "poster_url", "type": "text"}, {"name": "backdrop_url", "type": "text"}, {"name": "playback_position", "type": "int4"}, {"name": "is_playing", "type": "bool"}, {"name": "participants_count", "type": "int4"}, {"name": "max_participants", "type": "int4"}, {"name": "is_public", "type": "bool"}, {"name": "created_at", "type": "timestamp"}, {"name": "last_activity", "type": "timestamp"}, {"name": "season", "type": "int4"}, {"name": "episode", "type": "int4"}, {"name": "selected_quality", "type": "text"}, {"name": "selected_file_idx", "type": "int4"}, {"name": "unlocked_stream_url", "type": "text"}, {"name": "description", "type": "text"}, {"name": "current_playlist_index", "type": "int4"}, {"name": "playlist", "type": "jsonb"}, {"name": "subtitle_url", "type": "text"}],"errors":null,"schema":"public","commit_timestamp":"2025-12-23T17:00:56.216Z","old_record":{"id": "V273"}},"ids":[51005292]},"topic":"realtime:watch-party:V273"}
🔄 Lobby: Fetching fresh room state from Supabase...
🔄 Lobby: Fetching fresh room state from Supabase...
🔄 Lobby: Fetching fresh room state from Supabase...
🔄 Lobby: Fetching fresh room state from Supabase...
🔄 Lobby: Fetching fresh room state from Supabase...
🔄 Lobby: Fetching fresh room state from Supabase...
📨 Received: {"ref":null,"event":"postgres_changes","payload":{"data":{"table":"rooms","type":"UPDATE","record":{"id": "V273", "name": "Final Destination", "season": null, "episode": null, "imdb_id": "tt0195714", "playlist": [{"id": "EAABF4C5-09E0-4DAD-A3E5-5A1B21F83B2F", "mediaItem": {"id": "tt0195714", "logo": "https://images.metahub.space/logo/medium/tt0195714/img", "name": "Final Destination", "type": "movie", "year": "2000", "genres": ["Horror", "Thriller"], "poster": "https://images.metahub.space/poster/small/tt0195714/img", "runtime": "98 min", "background": "https://images.metahub.space/background/medium/tt0195714/img", "imdbRating": "6.7", "description": "After getting a premonition about a plane crash on his school trip, Alex, a student, saves a few of his classmates. However, their situation gets complicated when death starts chasing them.", "releaseInfo": "2000"}}], "is_public": true, "created_at": "2025-12-23T17:00:47.398321", "is_playing": true, "poster_url": "https://images.metahub.space/poster/small/tt0195714/img", "description": null, "stream_hash": null, "backdrop_url": "https://images.metahub.space/background/medium/tt0195714/img", "host_user_id": "656daa91-33b4-4688-9135-c982ea52d7c9", "subtitle_url": null, "host_username": "ursinho", "last_activity": "2025-12-23T17:00:56", "max_participants": 50, "selected_quality": "1080p", "playback_position": 0, "selected_file_idx": null, "participants_count": 1, "unlocked_stream_url": "https://chi9-4.download.real-debrid.com/d/JV2IU2LML33UE103/Final.Destination.2000.1080p.BluRay.H264.AAC-RARBG.mp4", "current_playlist_index": 0},"columns":[{"name": "id", "type": "text"}, {"name": "name", "type": "text"}, {"name": "host_user_id", "type": "uuid"}, {"name": "host_username", "type": "text"}, {"name": "stream_hash", "type": "text"}, {"name": "imdb_id", "type": "text"}, {"name": "poster_url", "type": "text"}, {"name": "backdrop_url", "type": "text"}, {"name": "playback_position", "type": "int4"}, {"name": "is_playing", "type": "bool"}, {"name": "participants_count", "type": "int4"}, {"name": "max_participants", "type": "int4"}, {"name": "is_public", "type": "bool"}, {"name": "created_at", "type": "timestamp"}, {"name": "last_activity", "type": "timestamp"}, {"name": "season", "type": "int4"}, {"name": "episode", "type": "int4"}, {"name": "selected_quality", "type": "text"}, {"name": "selected_file_idx", "type": "int4"}, {"name": "unlocked_stream_url", "type": "text"}, {"name": "description", "type": "text"}, {"name": "current_playlist_index", "type": "int4"}, {"name": "playlist", "type": "jsonb"}, {"name": "subtitle_url", "type": "text"}],"errors":null,"schema":"public","commit_timestamp":"2025-12-23T17:00:56.305Z","old_record":{"id": "V273"}},"ids":[51005292]},"topic":"realtime:watch-party:V273"}
🔄 Lobby: Fetching fresh room state from Supabase...
🔄 Lobby: Fetching fresh room state from Supabase...
🔄 Lobby: Fetching fresh room state from Supabase...
🔄 Lobby: Fetching fresh room state from Supabase...
🔄 Lobby: Fetching fresh room state from Supabase...
🔄 Lobby: Fetching fresh room state from Supabase...
🔍 Supabase Response for /rooms: [{"id":"V273","name":"Final Destination","host_user_id":"656daa91-33b4-4688-9135-c982ea52d7c9","host_username":"ursinho","stream_hash":null,"imdb_id":"tt0195714","poster_url":"https://images.metahub.space/poster/small/tt0195714/img","backdrop_url":"https://images.metahub.space/background/medium/tt0195714/img","playback_position":0,"is_playing":true,"participants_count":1,"max_participants":50,"is_public":true,"created_at":"2025-12-23T17:00:47.398321","last_activity":"2025-12-23T17:00:56","season":null,"episode":null,"selected_quality":"1080p","selected_file_idx":null,"unlocked_stream_url":"https://chi9-4.download.real-debrid.com/d/JV2IU2LML33UE103/Final.Destination.2000.1080p.BluRay.H264.AAC-RARBG.mp4","description":null,"current_playlist_index":0,"playlist":[{"id": "EAABF4C5-09E0-4DAD-A3E5-5A1B21F83B2F", "mediaItem": {"id": "tt0195714", "logo": "https://images.metahub.space/logo/medium/tt0195714/img", "name": "Final Destination", "type": "movie", "year": "2000", "genres": ["Horror", "Thriller"], "poster": "https://images.metahub.space/poster/small/tt0195714/img", "runtime": "98 min", "background": "https://images.metahub.space/background/medium/tt0195714/img", "imdbRating": "6.7", "description": "After getting a premonition about a plane crash on his school trip, Alex, a student, saves a few of his classmates. However, their situation gets complicated when death starts chasing them.", "releaseInfo": "2000"}}],"subtitle_url":null}]
🔍 Supabase Response for /rooms: []
❌ Lobby: Failed to fetch fresh room state (not found)
✅ Lobby: Synced playlist with 1 items
✅ Lobby: Synced playlist index to 0
✅ Lobby: Synced stream info & playlist to AppState
🔍 Supabase Response for /rooms: []
🔍 Supabase Response for /rooms: [{"id":"V273","name":"Final Destination","host_user_id":"656daa91-33b4-4688-9135-c982ea52d7c9","host_username":"ursinho","stream_hash":null,"imdb_id":"tt0195714","poster_url":"https://images.metahub.space/poster/small/tt0195714/img","backdrop_url":"https://images.metahub.space/background/medium/tt0195714/img","playback_position":0,"is_playing":true,"participants_count":1,"max_participants":50,"is_public":true,"created_at":"2025-12-23T17:00:47.398321","last_activity":"2025-12-23T17:00:56","season":null,"episode":null,"selected_quality":"1080p","selected_file_idx":null,"unlocked_stream_url":"https://chi9-4.download.real-debrid.com/d/JV2IU2LML33UE103/Final.Destination.2000.1080p.BluRay.H264.AAC-RARBG.mp4","description":null,"current_playlist_index":0,"playlist":[{"id": "EAABF4C5-09E0-4DAD-A3E5-5A1B21F83B2F", "mediaItem": {"id": "tt0195714", "logo": "https://images.metahub.space/logo/medium/tt0195714/img", "name": "Final Destination", "type": "movie", "year": "2000", "genres": ["Horror", "Thriller"], "poster": "https://images.metahub.space/poster/small/tt0195714/img", "runtime": "98 min", "background": "https://images.metahub.space/background/medium/tt0195714/img", "imdbRating": "6.7", "description": "After getting a premonition about a plane crash on his school trip, Alex, a student, saves a few of his classmates. However, their situation gets complicated when death starts chasing them.", "releaseInfo": "2000"}}],"subtitle_url":null}]
🔍 Supabase Response for /rooms: []
🔍 Supabase Response for /rooms: []
🔍 Supabase Response for /rooms: []
🔍 Supabase Response for /rooms: []
🔍 Supabase Response for /rooms: [{"id":"V273","name":"Final Destination","host_user_id":"656daa91-33b4-4688-9135-c982ea52d7c9","host_username":"ursinho","stream_hash":null,"imdb_id":"tt0195714","poster_url":"https://images.metahub.space/poster/small/tt0195714/img","backdrop_url":"https://images.metahub.space/background/medium/tt0195714/img","playback_position":0,"is_playing":true,"participants_count":1,"max_participants":50,"is_public":true,"created_at":"2025-12-23T17:00:47.398321","last_activity":"2025-12-23T17:00:56","season":null,"episode":null,"selected_quality":"1080p","selected_file_idx":null,"unlocked_stream_url":"https://chi9-4.download.real-debrid.com/d/JV2IU2LML33UE103/Final.Destination.2000.1080p.BluRay.H264.AAC-RARBG.mp4","description":null,"current_playlist_index":0,"playlist":[{"id": "EAABF4C5-09E0-4DAD-A3E5-5A1B21F83B2F", "mediaItem": {"id": "tt0195714", "logo": "https://images.metahub.space/logo/medium/tt0195714/img", "name": "Final Destination", "type": "movie", "year": "2000", "genres": ["Horror", "Thriller"], "poster": "https://images.metahub.space/poster/small/tt0195714/img", "runtime": "98 min", "background": "https://images.metahub.space/background/medium/tt0195714/img", "imdbRating": "6.7", "description": "After getting a premonition about a plane crash on his school trip, Alex, a student, saves a few of his classmates. However, their situation gets complicated when death starts chasing them.", "releaseInfo": "2000"}}],"subtitle_url":null}]
🔍 Supabase Response for /rooms: []
❌ Lobby: Failed to fetch fresh room state (not found)
❌ Lobby: Failed to fetch fresh room state (not found)
❌ Lobby: Failed to fetch fresh room state (not found)
❌ Lobby: Failed to fetch fresh room state (not found)
❌ Lobby: Failed to fetch fresh room state (not found)
❌ Lobby: Failed to fetch fresh room state (not found)
✅ Lobby: Synced playlist with 1 items
✅ Lobby: Synced playlist index to 0
✅ Lobby: Synced stream info & playlist to AppState
✅ Lobby: Synced playlist with 1 items
✅ Lobby: Synced playlist index to 0
✅ Lobby: Synced stream info & playlist to AppState
🔍 Supabase Response for /rooms: [{"id":"V273","name":"Final Destination","host_user_id":"656daa91-33b4-4688-9135-c982ea52d7c9","host_username":"ursinho","stream_hash":null,"imdb_id":"tt0195714","poster_url":"https://images.metahub.space/poster/small/tt0195714/img","backdrop_url":"https://images.metahub.space/background/medium/tt0195714/img","playback_position":0,"is_playing":true,"participants_count":1,"max_participants":50,"is_public":true,"created_at":"2025-12-23T17:00:47.398321","last_activity":"2025-12-23T17:00:56","season":null,"episode":null,"selected_quality":"1080p","selected_file_idx":null,"unlocked_stream_url":"https://chi9-4.download.real-debrid.com/d/JV2IU2LML33UE103/Final.Destination.2000.1080p.BluRay.H264.AAC-RARBG.mp4","description":null,"current_playlist_index":0,"playlist":[{"id": "EAABF4C5-09E0-4DAD-A3E5-5A1B21F83B2F", "me2025-12-23 12:00:59.141 RedLemon[7693:68193] 🎬 Host: Launching player for Final Destination
2025-12-23 12:00:59.142 RedLemon[7693:68193] 🖥️ WindowManager: enterFullscreen() called
2025-12-23 12:00:59.142 RedLemon[7693:68193]    Window: <SwiftUI.SwiftUIWindow: 0x7feea23664a0>
2025-12-23 12:00:59.142 RedLemon[7693:68193]    Is fullscreen: 0
2025-12-23 12:00:59.142 RedLemon[7693:68193]    ✅ WindowManager: Toggling fullscreen ON
2025-12-23 12:00:59.183 RedLemon[7693:68193] 🎬🎬🎬 MPVPlayerView INIT called - streamURL: https://chi9-4.download.real-debrid.com/d/JV2IU2LML33UE103/F, subtitles: 5
2025-12-23 12:00:59.323 RedLemon[7693:68193] 🖼️ Setting up MPV with native macOS video output...
2025-12-23 12:00:59.329 RedLemon[7693:68193] ✅ MPV initialized with native GPU rendering
2025-12-23 12:00:59.333 RedLemon[7693:68193] 🎬🎬🎬 MPVPlayerView .task starting
2025-12-23 12:00:59.333 RedLemon[7693:68193] 🎉 Starting watch party sync - Room: V273, Host: YES
2025-12-23 12:00:59.333 RedLemon[7693:68193] 🎉 Watch Party Mode ENABLED. isInWatchParty = YES
2025-12-23 12:00:59.368 RedLemon[7693:68193] 👋 Watch Party: Sending INITIAL READY signal and starting loop
2025-12-23 12:00:59.368 RedLemon[7693:68193] 🔍 DEBUG: checkIfAllGuestsReady called
2025-12-23 12:00:59.368 RedLemon[7693:68193] 🔍 DEBUG: hasSentReadySignal = true
2025-12-23 12:00:59.368 RedLemon[7693:68193] 🔍 DEBUG: connectedGuestIds = 
2025-12-23 12:00:59.368 RedLemon[7693:68193] 🔍 DEBUG: readyGuestIds = 
2025-12-23 12:00:59.368 RedLemon[7693:68193] 🔍 DEBUG: forceSoloStart = true
2025-12-23 12:00:59.368 RedLemon[7693:68193] 🚀 SOLO MODE ACTIVE: Bypassing guest checks and starting playback!
2025-12-23 12:00:59.370 RedLemon[7693:68193] 🔄 Starting chat polling for room: V273
2025-12-23 12:00:59.371 RedLemon[7693:68193] ✅ Watch party sync started successfully - isInWatchParty is now TRUE
2025-12-23 12:00:59.371 RedLemon[7693:68193] 🎬🎬🎬 About to call loadStream - isInWatchParty: YES
2025-12-23 12:00:59.371 RedLemon[7693:68193] 🎬🎬🎬 Subtitles: 5
2025-12-23 12:00:59.371 RedLemon[7693:68193] 🎬🎬🎬 LOADSTREAM CALLED - streamTitle: Final Destination
2025-12-23 12:00:59.371 RedLemon[7693:68193] 🎬🎬🎬 streamURL: https://chi9-4.download.real-debrid.com/d/JV2IU2LML33UE103/F
2025-12-23 12:00:59.371 RedLemon[7693:68193] 🎬🎬🎬 subtitles: 5
2025-12-23 12:00:59.371 RedLemon[7693:68193] 🎬🎬🎬 MPVPlayerView .task completed
2025-12-23 12:00:59.372 RedLemon[7693:70814] 📤 Realtime: Sending message type: ready, sender: 656DAA91-33B4-4688-9135-C982EA52D7C9
2025-12-23 12:00:59.372 RedLemon[7693:70814]    Payload keys: type, isPlaying, timestamp, senderId, position
2025-12-23 12:00:59.373 RedLemon[7693:70814] ✅ Realtime: Message broadcast complete
2025-12-23 12:00:59.373 RedLemon[7693:68193] 🖼️ Loading background art: https://images.metahub.space/background/medium/tt0195714/img
2025-12-23 12:00:59.373 RedLemon[7693:68193] ⏳ Background art loading...
2025-12-23 12:00:59.374 RedLemon[7693:68193] 🎨 Loading logo: https://images.metahub.space/logo/medium/tt0195714/img
2025-12-23 12:00:59.374 RedLemon[7693:68193] ⏳ Logo loading...
2025-12-23 12:00:59.411 RedLemon[7693:70814] 📨 Realtime: Received broadcast message
2025-12-23 12:00:59.411 RedLemon[7693:70814]    Payload keys: position, senderId, timestamp, type, isPlaying
2025-12-23 12:00:59.411 RedLemon[7693:70814] ✅ Realtime: Decoded message type: ready, sender: 656DAA91-33B4-4688-9135-C982EA52D7C9
2025-12-23 12:00:59.411 RedLemon[7693:70814] 📞 Realtime: Invoking syncCallback for message type: ready
2025-12-23 12:00:59.411 RedLemon[7693:70814] ✅ Realtime: syncCallback invoked successfully
2025-12-23 12:00:59.446 RedLemon[7693:68193] ✅ Watch Party: READY signal sent successfully
2025-12-23 12:00:59.446 RedLemon[7693:70510] ℹ️ SubDL subtitles detected - downloading to local files in background...
2025-12-23 12:00:59.447 RedLemon[7693:70510] 🔍 SubtitleService: Downloading http://127.0.0.1:47253/subtitles/subdl/L3N1YnRpdGxlLzU2ODM0NS0yMTQ2Njc2LnppcA==?token=FD14A4CF-1F2E-4AE4-A598-4C490441E8AA
2025-12-23 12:00:59.447 RedLemon[7693:68193] 🔍 DEBUG: Received sync message - type: ready, sender: 656DAA91-33B4-4688-9135-C982EA52D7C9
2025-12-23 12:00:59.447 RedLemon[7693:68193] ✅ Received READY signal from 656DAA91-33B4-4688-9135-C982EA52D7C9
2025-12-23 12:00:59.447 RedLemon[7693:68193] 🔍 DEBUG: checkIfAllGuestsReady called
2025-12-23 12:00:59.447 RedLemon[7693:69838] 🎬 MPV: Current video filename set to: Final.Destination.2000.1080p.BluRay.H264.AAC-RARBG.mp4
2025-12-23 12:00:59.447 RedLemon[7693:68193] 🔍 DEBUG: hasSentReadySignal = true
2025-12-23 12:00:59.447 RedLemon[7693:68193] 🔍 DEBUG: connectedGuestIds = 
2025-12-23 12:00:59.447 RedLemon[7693:68193] 🔍 DEBUG: readyGuestIds = 656DAA91-33B4-4688-9135-C982EA52D7C9
2025-12-23 12:00:59.448 RedLemon[7693:68193] 🔍 DEBUG: forceSoloStart = true
2025-12-23 12:00:59.448 RedLemon[7693:68193] 🚀 SOLO MODE ACTIVE: Bypassing guest checks and starting playback!
2025-12-23 12:00:59.448 RedLemon[7693:69838] 🎬 MPV loadVideo called with URL: https://chi9-4.download.real-debrid.com/d/JV2IU2LML33UE103/Final.Destination.2000.1080p.BluRay.H264., autoplay: false, expectedSubs: 3
2025-12-23 12:00:59.448 RedLemon[7693:69838] 🎬 MPV executing: loadfile "https://chi9-4.download.real-debrid.com/d/JV2IU2LML33UE103/Final.Destination.2000.1080p.BluRay.H264.AAC-RARBG.mp4"
2025-12-23 12:00:59.449 RedLemon[7693:69838] ✅ MPV loadfile succeeded (Started Paused, waiting for Smart Load)
diaItem": {"id": "tt0195714", "logo": "https://images.metahub.space/logo/medium/tt0195714/img", "name": "Final Destination", "type": "movie", "year": "2000", "genres": ["Horror", "Thriller"], "poster": "https://images.metahub.space/poster/small/tt0195714/img", "runtime": "98 min", "background": "https://images.metahub.space/background/medium/tt0195714/img", "imdbRating": "6.7", "description": "After getting a premonition about a plane crash on his school trip, Alex, a student, saves a few of his classmates. However, their situation gets complicated when death starts chasing them.", "releaseInfo": "2000"}}],"subtitle_url":null}]
🔍 Supabase Response for /rooms: []
❌ Lobby: Failed to fetch fresh room state (not found)
✅ Lobby: Synced playlist with 1 items
✅ Lobby: Synced playlist index to 0
✅ Lobby: Synced stream info & playlist to AppState
🛑 LobbyPresence: Polling stopped
🛑 LobbyDatabase: Polling stopped
🛑 Lobby: Polling stopped (chat via Realtime only)
✅ Host: Synced playlist state to AppState (Index: 0)
🎬 RedLemon: Creating MPVPlayerView
   Stream URL: https://chi9-4.download.real-debrid.com/d/JV2IU2LML33UE103/F
   Display Title: Final Destination
   Subtitle URLs: 5
      [0] Final.Destination.2000.1080p.BluRay.H264.AAC-RARBG_Eng
      [1] Final.Destination.2000.720p.BluRay.x264-YIFY
      [2] Final.Destination.2000.1080p.BluRay.x264.AAC5.1-[YTS.MX].eng
      [3] Final.Destination.2000.720p.BluRay.x264-CiNEFiLE
      [4] Final.Destination.2000.BluRay.1080p.DTS.x264-CHD
🎬 MPVWrapper: Creating embedded MPV with render context...
✅ MPV handle created
🎬 MPVLayerHostView initialized
🎬 Created CGL pixel format (Core Profile 3.2)
🎬 Created CGL context with vsync enabled
🎬 MPVViewLayer initialized with async rendering
🎬 Video layer assigned to host view
🎬 Creating MPV render context with OpenGL (IINA method)...
🎬 MPV: Frame ready! Calling layer.update() (throttled)
✅ Render context created successfully (IINA method)
🎬 Layer.update() called - forceDraw:false needsFlip:true (throttled)
🎬 CVDisplayLink started
🎉 Starting watch party: roomId=V273, isHost=true
🔌 Setting up Realtime channel: watch-party:V273
   Role: Host
   User ID: 656DAA91-33B4-4688-9135-C982EA52D7C9
📡 Connection state: connecting
ℹ️ Already joined channel watch-party:V273, skipping join
⏯️ MPV: Pause state changed to false -> isPlaying = true
⚡️ PlaybackService: creating sleep assertion (preventing idle sleep)
✅ Video ready - hiding poster
📡 Connection state: connected
✅ Realtime channel setup complete
👋 Watch Party: Video ready (playing), sending READY signal as fallback
📝 Started watch history tracking
⚠️ MPVPlayerViewModel: Buffering finished but file NOT loaded - Triggering Error State
❌ MPVPlayerView: Playback error detected: Playback Failed. Triggering fallback...
✅ Watch party sync initialized with Realtime
🎬 Loading stream: Final Destination
   IMDB: tt0195714
   URL: https://chi9-4.download.real-debrid.com/d/JV2IU2LML33UE103/F...
   Source: BluRay
💬 Added mock chat messages for testing
👥 WATCH PARTY MODE: Starting PAUSED for synchronization
🚫 PlayerVM: No more streams in queue. Playback failed.
🎬 DisplayLink: reportSwap() (throttled)
📨 Received: {"ref":"56","event":"phx_reply","payload":{"status":"ok","response":{}},"topic":"realtime:watch-party:V273"}
📨 Received: {"ref":null,"event":"presence_diff","payload":{"joins":{"ed7c87e8-e020-11f0-8353-0a58a9feac02":{"metas":[{"phx_ref":"GIPmz-gutlj9hAhL","phx_ref_prev":"GIPmzTC-9fn9hKzB","is_host":true,"joined_at":1766509259.349,"user_id":"656DAA91-33B4-4688-9135-C982EA52D7C9","username":"ursinho"}]}},"leaves":{"ed7c87e8-e020-11f0-8353-0a58a9feac02":{"metas":[{"phx_ref":"GIPmzTC-9fn9hKzB","phx_ref_prev":"GIPmzSblwV39hCBN","is_host":true,"joined_at":1766509247.6763039,"user_id":"656daa91-33b4-4688-9135-c982ea52d7c9","username":"ursinho"}]}}},"topic":"realtime:watch-party:V273"}
📨 Received: {"ref":null,"event":"broadcast","payload":{"event":"sync","payload":{"isPlaying":false,"position":0,"senderId":"656DAA91-33B4-4688-9135-C982EA52D7C9","timestamp":1766509259.3685188,"type":"ready"},"type":"broadcast"},"topic":"realtime:watch-party:V273"}
🎬 Stopping CVDisplayLink...
🎬 CVDisplayLink stopped and released
🎬 MPVViewLayer uniniting...
🧹 Freeing render context on OpenGL thread...
🎬 MPVViewLayer cleanup complete
📝 Stopped watch history tracking
⏱️ Invalidating all active timers
🎬 MPVLayerHostView deinit
📡 Fetching metadata for tt0195714 as movie...
📝 Pre-loading external subtitles (Top 3)...
✅ Cache HIT: Metadata[meta_movie_tt0195714]
➕ Added new participant 656daa91-33b4-4688-9135-c982ea52d7c9 (Ref: GIPmz-gutlj9hAhL)
⏳ Participant leaving (grace period started): 656daa91-33b4-4688-9135-c982ea52d7c9
🧹 Cleaning up MPV player...
⚡️ PlaybackService: releasing sleep assertion
[ INFO ] GET /subtitles/subdl/L3N1YnRpdGxlLzU2ODM0NS0yMTQ2Njc2LnppcA== [request-id: 4BEA360D-3AEE-4535-9657-E0C3CFFCDD02]
2025-12-23 12:00:59.501 RedLemon[7693:68193] ✅ Background art loaded successfully
2025-12-23 12:00:59.501 RedLemon[7693:68193] ✅ Logo loaded successfully
2025-12-23 12:00:59.690 RedLemon[7693:68193] 👥 MPVPlayer: Updated participants list via polling: 1
2025-12-23 12:00:59.912 RedLemon[7693:68193] 🎬 Host: Initiating synchronized start
2025-12-23 12:00:59.912 RedLemon[7693:70815] ⚠️ Realtime: Cannot send sync message - not connected
2025-12-23 12:00:59.938 RedLemon[7693:69838] ✅ Subtitle 1 downloaded to: /var/folders/3v/s3d75ntd4v90_pg0mb6rmlz40000gn/T/sub_2130DF12-F4B0-4F0C-B0FA-9CA2B6FC5975.vtt
2025-12-23 12:00:59.938 RedLemon[7693:69838] 📝 Loading subtitle from: /var/folders/3v/s3d75ntd4v90_pg0mb6rmlz40000gn/T/sub_2130DF12-F4B0-4F0C-B0FA-9CA
2025-12-23 12:00:59.939 RedLemon[7693:69838] ❌ Failed to load subtitle, MPV error code: -12
2025-12-23 12:00:59.939 RedLemon[7693:69838] 🔍 SubtitleService: Downloading http://127.0.0.1:47253/subtitles/subdl/L3N1YnRpdGxlLzExMzYyOTctMjY3ODgyMS56aXA=?token=FD14A4CF-1F2E-4AE4-A598-4C490441E8AA
📄 Subtitle request: L3N1YnRpdGxlLzU2ODM0... (offset: 0ms)
📥 Downloading subtitle from SubDL CDN: /subtitle/568345-2146676.zip
⚠️ MPVPlayerViewModel: Buffering finished but file NOT loaded - Triggering Error State
✅ Got background: https://images.metahub.space/background/medium/tt0195714/img...
✅ Got poster URL: https://images.metahub.space/poster/small/tt0195714/img...
✅ Got logo: https://images.metahub.space/logo/medium/tt0195714/img...
📡 SocialService: Updated status - online: Final Destination
📡 SocialService: Updated status - Browsing: 
📨 Received: {"ref":"43","event":"phx_reply","payload":{"status":"ok","response":{}},"topic":"realtime:global-presence"}
📨 Received: {"ref":null,"event":"presence_diff","payload":{"joins":{"2151249e-e020-11f0-a0a1-0a58a9feac02":{"metas":[{"phx_ref":"GIPmz-5bSsIQ-BSP","phx_ref_prev":"GIPmzSUvsJEQ-A4H","last_seen":"2025-12-23T17:00:59.446Z","room_id":"V273","started_at":"2025-12-23T17:00:59.446Z","status":"online","user_id":"656daa91-33b4-4688-9135-c982ea52d7c9","username":"ursinho","watching_id":"tt0195714","watching_title":"Final Destination","watching_type":"movie"}]}},"leaves":{"2151249e-e020-11f0-a0a1-0a58a9feac02":{"metas":[{"phx_ref":"GIPmzSUvsJEQ-A4H","phx_ref_prev":"GIPmzKpoZp4Q-JvN","last_seen":"2025-12-23T17:00:47.491Z","room_id":"V273","started_at":"2025-12-23T17:00:47.491Z","status":"In Lobby: Final Destination","user_id":"656daa91-33b4-4688-9135-c982ea52d7c9","username":"ursinho","watching_id":"tt0195714","watching_title":"Final Destination","watching_type":"movie"}]}}},"topic":"realtime:global-presence"}
📨 Received: {"ref":"44","event":"phx_reply","payload":{"status":"ok","response":{}},"topic":"realtime:global-presence"}
📨 Received: {"ref":null,"event":"presence_diff","payload":{"joins":{"2151249e-e020-11f0-a0a1-0a58a9feac02":{"metas":[{"phx_ref":"GIPmz-5dmq8Q-HnH","phx_ref_prev":"GIPmz-5bSsIQ-BSP","last_seen":"2025-12-23T17:00:59.448Z","status":"Browsing","user_id":"656daa91-33b4-4688-9135-c982ea52d7c9","username":"ursinho"}]}},"leaves":{"2151249e-e020-11f0-a0a1-0a58a9feac02":{"metas":[{"phx_ref":"GIPmz-5bSsIQ-BSP","phx_ref_prev":"GIPmzSUvsJEQ-A4H","last_seen":"2025-12-23T17:00:59.446Z","room_id":"V273","started_at":"2025-12-23T17:00:59.446Z","status":"online","user_id":"656daa91-33b4-4688-9135-c982ea52d7c9","username":"ursinho","watching_id":"tt0195714","watching_title":"Final Destination","watching_type":"movie"}]}}},"topic":"realtime:global-presence"}
⏰ AppState: Next schedule update set for Event End: 2025-12-23 18:56:55 +0000
⏰ AppState: Scheduling update in 6956 seconds
⏳ MPVPlayerViewModel: Enhancing UI - Buffering started (show spinner)
🗑️ Invalidated all active timers
🧹 Cleaning up Realtime channel for room: V273
🔄 Untracking presence...
✅ Presence untracked
🔄 Leaving channel...
✅ Channel left
ℹ️ Keeping WebSocket connected (disconnectClient=false)
✅ Realtime channel cleanup complete
✅ Realtime manager channel left (client connection preserved)
🛑 Stopping MPV playback...
🛑 Stopping MPV playback...
🛑 Event polling task cancelled cleanly
📨 Received: {"ref":"58","event":"phx_reply","payload":{"status":"ok","response":{}},"topic":"realtime:watch-party:V273"}
📨 Received: {"ref":null,"event":"presence_diff","payload":{"joins":{},"leaves":{"ed7c87e8-e020-11f0-8353-0a58a9feac02":{"metas":[{"phx_ref":"GIPmz-gutlj9hAhL","phx_ref_prev":"GIPmzTC-9fn9hKzB","is_host":true,"joined_at":1766509259.349,"user_id":"656DAA91-33B4-4688-9135-C982EA52D7C9","username":"ursinho"}]}}},"topic":"realtime:watch-party:V273"}
📨 Received: {"ref":"59","event":"phx_reply","payload":{"status":"ok","response":{}},"topic":"realtime:watch-party:V273"}
📨 Received: {"ref":null,"event":"phx_close","payload":{},"topic":"realtime:watch-party:V273"}
📨 Unknown event: phx_close
🔍 Supabase Response for /rooms: [{"id":"event_tt1663662","name":"Pacific Rim","host_user_id":"656daa91-33b4-4688-9135-c982ea52d7c9","host_username":"RedLemon Events","stream_hash":"0d41e65140462dacede11bb87629d52b3c512088","imdb_id":"tt1663662","poster_url":"https://images.metahub.space/poster/small/tt1663662/img","backdrop_url":"https://images.metahub.space/background/medium/tt1663662/img","playback_position":0,"is_playing":false,"participants_count":2,"max_participants":50,"is_public":true,"created_at":"2025-12-23T16:56:29.200956","last_activity":"2025-12-23T16:56:30.763966","season":null,"episode":null,"selected_quality":null,"selected_file_idx":null,"unlocked_stream_url":"https://chi3-4.download.real-debrid.com/d/MV4KBP42Q64KE124/Pacific.Rim.2013.1080p.BluRay.H264.AAC-RARBG.mp4","description":null,"current_playlist_index":0,"playlist":[],"subtitle_url":"http://127.0.0.1:47253/subtitles/subdl/L3N1YnRpdGxlLzQ0ODc3LTc5NDcwNS56aXA=?token=FD14A4CF-1F2E-4AE4-A598-4C490441E8AA"}]
✅ MPV stop completed with clean event loop exit
🔍 Supabase Response for /rooms: []
🔍 Supabase Response for /rooms: []
🔍 Supabase Response for /rooms: []
🔍 Supabase Response for /rooms: []
✅ Download complete: 28360 bytes
📦 Detected ZIP archive, extracting...
⚠️ No specific episode match found, using first file: Final.Destination.2000.1080p.BluRay.H264.AAC-RARBG_Eng.srt
📦 Extracting specific file: Final.Destination.2000.1080p.BluRay.H264.AAC-RARBG_Eng.srt
✅ Extraction successful
⚡️ PlaybackService: creating sleep assertion (preventing idle sleep)
✅ Video ready - hiding poster
📝 Started watch history tracking
✅ Subtitle downloaded and converted to VTT
[ INFO ] GET /subtitles/subdl/L3N1YnRpdGxlLzExMzYyOTctMjY3ODgyMS56aXA= [request-id: 66EACFA6-5BE1-4D1B-B59F-36C9AEF494E4]
2025-12-23 12:00:59.950 RedLemon[7693:68193] 🎬 Host: Initiating synchronized start
2025-12-23 12:00:59.950 RedLemon[7693:71086] ⚠️ Realtime: Cannot send sync message - not connected
2025-12-23 12:01:00.657 RedLemon[7693:70673] ✅ Subtitle 2 downloaded to: /var/folders/3v/s3d75ntd4v90_pg0mb6rmlz40000gn/T/sub_85668981-3F8A-4EC4-9EDB-120C1EEB7324.vtt
2025-12-23 12:01:00.658 RedLemon[7693:70673] 📝 Loading subtitle from: /var/folders/3v/s3d75ntd4v90_pg0mb6rmlz40000gn/T/sub_85668981-3F8A-4EC4-9EDB-120
2025-12-23 12:01:00.658 RedLemon[7693:70673] ❌ Failed to load subtitle, MPV error code: -12
2025-12-23 12:01:00.658 RedLemon[7693:70673] 🔍 SubtitleService: Downloading http://127.0.0.1:47253/subtitles/subdl/L3N1YnRpdGxlLzM0Njg0MDktODM5MTQ5MS56aXA=?token=FD14A4CF-1F2E-4AE4-A598-4C490441E8AA
📄 Subtitle request: L3N1YnRpdGxlLzExMzYy... (offset: 0ms)
📥 Downloading subtitle from SubDL CDN: /subtitle/1136297-2678821.zip
📨 Received: {"ref":null,"event":"presence_diff","payload":{"joins":{"cad02b74-e01f-11f0-bae9-0a58a9feac02":{"metas":[{"phx_ref":"GIPm0AYKg0YrgeYL","phx_ref_prev":"GIPmy2YpOYErgUlC","last_seen":"2025-12-23T17:00:59.814Z","status":"Browsing","user_id":"96e01cdb-36c0-4228-a6e4-a29a3c66bc8e","username":"lemontom"}]}},"leaves":{"cad02b74-e01f-11f0-bae9-0a58a9feac02":{"metas":[{"phx_ref":"GIPmy2YpOYErgUlC","phx_ref_prev":"GIPmy1-qOxgrgSFD","last_seen":"2025-12-23T17:00:39.947Z","status":"Browsing","user_id":"96e01cdb-36c0-4228-a6e4-a29a3c66bc8e","username":"lemontom"}]}}},"topic":"realtime:global-presence"}
📉 SocialService: User 96e01cdb-36c0-4228-a6e4-a29a3c66bc8e went offline (No active refs)
📈 SocialService: User 96e01cdb-36c0-4228-a6e4-a29a3c66bc8e came online
✅ Download complete: 30083 bytes
📦 Detected ZIP archive, extracting...
⚠️ No specific episode match found, using first file: Final Destination I (2000).srt
📦 Extracting specific file: Final Destination I (2000).srt
✅ Extraction successful
✅ Subtitle downloaded and converted to VTT
[ INFO ] GET /subtitles/subdl/L3N1YnRpdGxlLzM0Njg0MDktODM5MTQ5MS56aXA= [request-id: E2E907F7-FBA3-4818-B66A-7061B8D443A6]
2025-12-23 12:01:01.023 RedLemon[7693:69838] ✅ Subtitle 3 downloaded to: /var/folders/3v/s3d75ntd4v90_pg0mb6rmlz40000gn/T/sub_3C263B0D-C538-4E78-88CB-F63C494B0204.vtt
2025-12-23 12:01:01.023 RedLemon[7693:69838] 📝 Loading subtitle from: /var/folders/3v/s3d75ntd4v90_pg0mb6rmlz40000gn/T/sub_3C263B0D-C538-4E78-88CB-F63
2025-12-23 12:01:01.023 RedLemon[7693:69838] ❌ Failed to load subtitle, MPV error code: -12
2025-12-23 12:01:01.024 RedLemon[7693:69838] 🔍 MPV track-list/count: 0
2025-12-23 12:01:01.024 RedLemon[7693:69838] 📊 Total subtitle tracks found: 1 (including Off if needed)
2025-12-23 12:01:01.024 RedLemon[7693:69838]    Start[0]: ID=0, Title='Off', Lang='nil', Ext=0
2025-12-23 12:01:01.024 RedLemon[7693:69838] ✅ SubtitleService: Scanned 1 tracks (Attempt 1/5)
2025-12-23 12:01:01.024 RedLemon[7693:69838]    Track: ID=0, Title=Off, External=0
2025-12-23 12:01:01.412 RedLemon[7693:68193] ⚠️ PLAYBACK SAFETY NET: Force-starting playback (stuck at 0.0)
2025-12-23 12:01:01.451 RedLemon[7693:68193] ⚠️ PLAYBACK SAFETY NET: Force-starting playback (stuck at 0.0)
2025-12-23 12:01:02.112 RedLemon[7693:71086] 🔍 MPV track-list/count: 0
2025-12-23 12:01:02.112 RedLemon[7693:71086] 📊 Total subtitle tracks found: 1 (including Off if needed)
2025-12-23 12:01:02.112 RedLemon[7693:71086]    Start[0]: ID=0, Title='Off', Lang='nil', Ext=0
2025-12-23 12:01:02.112 RedLemon[7693:71086] ✅ SubtitleService: Scanned 1 tracks (Attempt 2/5)
2025-12-23 12:01:02.113 RedLemon[7693:71086]    Track: ID=0, Title=Off, External=0
2025-12-23 12:01:03.149 RedLemon[7693:69838] 🔍 MPV track-list/count: 0
2025-12-23 12:01:03.150 RedLemon[7693:69838] 📊 Total subtitle tracks found: 1 (including Off if needed)
2025-12-23 12:01:03.150 RedLemon[7693:69838]    Start[0]: ID=0, Title='Off', Lang='nil', Ext=0
2025-12-23 12:01:03.150 RedLemon[7693:69838] ✅ SubtitleService: Scanned 1 tracks (Attempt 3/5)
2025-12-23 12:01:03.150 RedLemon[7693:69838]    Track: ID=0, Title=Off, External=0
2025-12-23 12:01:04.239 RedLemon[7693:71252] 🔍 MPV track-list/count: 0
2025-12-23 12:01:04.239 RedLemon[7693:71252] 📊 Total subtitle tracks found: 1 (including Off if needed)
2025-12-23 12:01:04.239 RedLemon[7693:71252]    Start[0]: ID=0, Title='Off', Lang='nil', Ext=0
2025-12-23 12:01:04.240 RedLemon[7693:71252] ✅ SubtitleService: Scanned 1 tracks (Attempt 4/5)
2025-12-23 12:01:04.240 RedLemon[7693:71252]    Track: ID=0, Title=Off, External=0
2025-12-23 12:01:05.262 RedLemon[7693:71252] 🔍 MPV track-list/count: 0
2025-12-23 12:01:05.262 RedLemon[7693:71252] 📊 Total subtitle tracks found: 1 (including Off if needed)
2025-12-23 12:01:05.262 RedLemon[7693:71252]    Start[0]: ID=0, Title='Off', Lang='nil', Ext=0
2025-12-23 12:01:05.262 RedLemon[7693:71252] ✅ SubtitleService: Scanned 1 tracks (Attempt 5/5)
2025-12-23 12:01:05.262 RedLemon[7693:71252]    Track: ID=0, Title=Off, External=0
📄 Subtitle request: L3N1YnRpdGxlLzM0Njg0... (offset: 0ms)
📥 Downloading subtitle from SubDL CDN: /subtitle/3468409-8391491.zip
✅ Download complete: 26354 bytes
📦 Detected ZIP archive, extracting...
⚠️ No specific episode match found, using first file: Final.Destination.2000.1080p.BluRay.x264.AAC5.1-[YTS.MX].eng.srt
📦 Extracting specific file: Final.Destination.2000.1080p.BluRay.x264.AAC5.1-\[YTS.MX\].eng.srt
✅ Extraction successful
✅ Subtitle downloaded and converted to VTT
🔍 SubtitleService: Starting embedded track scan (polling 5s)...
📡 [EventsConfig] Checking server for movie_events config version...
🗑️ MPVViewLayer deinit
✅ [EventsConfig] Fetched movie_events version 1432 with 445 movies
✅ [EventsConfig] Using cached movie_events config (version 1432, 445 movies)
🗑️ MPVViewLayer deinit
📨 Received: {"ref":"45","event":"phx_reply","payload":{"status":"ok","response":{}},"topic":"realtime:global-presence"}
📨 Received: {"ref":null,"event":"presence_diff","payload":{"joins":{"2151249e-e020-11f0-a0a1-0a58a9feac02":{"metas":[{"phx_ref":"GIPm0TeB4MsQ-OiF","phx_ref_prev":"GIPmz-5dmq8Q-HnH","last_seen":"2025-12-23T17:01:04.980Z","status":"Browsing","user_id":"656daa91-33b4-4688-9135-c982ea52d7c9","username":"ursinho"}]}},"leaves":{"2151249e-e020-11f0-a0a1-0a58a9feac02":{"metas":[{"phx_ref":"GIPmz-5dmq8Q-HnH","phx_ref_prev":"GIPmz-5bSsIQ-BSP","last_seen":"2025-12-23T17:00:59.448Z","status":"Browsing","user_id":"656daa91-33b4-4688-9135-c982ea52d7c9","username":"ursinho"}]}}},"topic":"realtime:global-presence"}
🔍 AUTO-SELECT: Starting subtitle scan & selection refresh
🔍 AUTO-SELECT: Found 0 total tracks
ℹ️ No suitable English subtitles found
🗑️ MPVPlayerViewModel deinit
🗑️ MPVWrapper deinit - cleaning up...
✅ MPVWrapper cleanup complete
🗑️ Terminating MPV instance (background)...
✅ MPV instance destroyed
💓 Heartbeat sent
📨 Received: {"ref":"60","event":"phx_reply","payload":{"status":"ok","response":{}},"topic":"phoenix"}
💓 Heartbeat sent
💓 Heartbeat sent
📨 Received: {"ref":"46","event":"phx_reply","payload":{"status":"ok","response":{}},"topic":"phoenix"}
📨 Received: {"ref":"12","event":"phx_reply","payload":{"status":"ok","response":{}},"topic":"phoenix"}
