2026-01-08 16:16:20.832 RedLemon[8641:111839] 🪟 Set initial window to expanded size: (0.0, 150.0, 1366.0, 593.0)
2026-01-08 16:16:20.833 RedLemon[8641:111839] ✅ Cache cleanup timer started (runs every 30 minutes)
2026-01-08 16:16:20.942 RedLemon[8641:111839] 🔄 Resetting playback state to prevent auto-selection...
2026-01-08 16:16:20.964 RedLemon[8641:111921] 🔍 KeychainManager: Retrieved username 'ursinho' from UserDefaults
2026-01-08 16:16:21.014 RedLemon[8641:111839] ✅ Playback state reset complete - starting in browse view
2026-01-08 16:16:21.014 RedLemon[8641:111839] 🔐 APP STARTUP: Loading stored user credentials...
2026-01-08 16:16:21.014 RedLemon[8641:111839] 🧪 Testing Profile: debug
2026-01-08 16:16:21.021 RedLemon[8641:111921] 🔍 KeychainManager: Retrieved username 'ursinho' from UserDefaults
2026-01-08 16:16:21.065 RedLemon[8641:111839] ✅ Keychain: Found stored username: ursinho
2026-01-08 16:16:21.065 RedLemon[8641:111839] 🔍 Supabase: Looking up user 'ursinho' in database...
2026-01-08 16:16:21.066 RedLemon[8641:111925] 🔍 SupabaseClient: Looking up user by username 'ursinho'
2026-01-08 16:16:21.925 RedLemon[8641:111925] 📡 SupabaseClient: User lookup response received (332 bytes)
2026-01-08 16:16:21.934 RedLemon[8641:111925] ✅ SupabaseClient: Decoded 1 users from response
2026-01-08 16:16:21.934 RedLemon[8641:111925] 👤 SupabaseClient: Found user - ursinho (ID: 656DAA91-33B4-4688-9135-C982EA52D7C9)
2026-01-08 16:16:21.935 RedLemon[8641:111839] ✅ Loaded user: ursinho (ID: 656DAA91-33B4-4688-9135-C982EA52D7C9)
2026-01-08 16:16:21.993 RedLemon[8641:111839] ✅ AUTH SUCCESS: User authenticated - ursinho (ID: 656DAA91-33B4-4688-9135-C982EA52D7C9)
2026-01-08 16:16:21.993 RedLemon[8641:111839] 🎯 AppState: currentUsername=ursinho, currentUserId=656DAA91-33B4-4688-9135-C982EA52D7C9
2026-01-08 16:16:21.993 RedLemon[8641:111839] 🏁 AUTH COMPLETE: Final state - username=ursinho, userId=656DAA91-33B4-4688-9135-C982EA52D7C9
2026-01-08 16:16:21.993 RedLemon[8641:111839] 🚀 RedLemon: Starting HTTP server...
2026-01-08 16:16:21.994 RedLemon[8641:111839] 📋 RedLemon: Current directory: /Users/danielnoble/Desktop/Redlemon
2026-01-08 16:16:22.011 RedLemon[8641:111839] ✅ RedLemon: HTTPServer instance created
2026-01-08 16:16:22.014 RedLemon[8641:111927] 📡 RedLemon: Server starting on port 47253...
⏲️ [EventsConfig] Starting polling fallback (every 60s)
🔌 Connecting to Supabase Realtime: wss://151.243.109.243.nip.io/realtime/v1/websocket
✅ Connected to Supabase Realtime
✅ Sparkle configured (manual only, no auto-checks)
   Appcast URL: https://raw.githubusercontent.com/orangeapple1272/Redlemon/main/appcast.xml
   Can check: false
📅 EventsView appeared
🎬 [EventsView] Fetching movie events from centralized config...
📡 [EventsConfig] Checking server for movie_events config version...
🔍 Memory pressure monitoring enabled (safe mode)
🔍 Silent update check (custom implementation)...
🖥️ CacheManager initialized with fixed conservative limits
   Image cache limit: 30 items
📂 Loaded 5 credential(s) from cache
📡 Joined channel: realtime:events_config_updates
✅ [EventsConfig] Subscribed to realtime schedule updates
📨 Received: {"ref":"415DDB5C-E3BC-4AA5-9AE7-7690124EFE14","event":"phx_reply","payload":{"status":"ok","response":{"postgres_changes":[{"id":53636278,"event":"INSERT","filter":"config_type=eq.movie_events","schema":"public","table":"events_config"}]}},"topic":"realtime:events_config_updates"}
📨 Received: {"ref":null,"event":"system","payload":{"message":"Subscribed to PostgreSQL","status":"ok","extension":"postgres_changes","channel":"events_config_updates"},"topic":"realtime:events_config_updates"}
📨 Received: {"ref":null,"event":"presence_state","payload":{},"topic":"realtime:events_config_updates"}
✅ Token routes registered:
   POST /tokens/save
   POST /tokens/delete
   GET  /tokens/list
✅ Unlock routes registered:
   POST /api/streams/unlock
✅ Stream routes registered:
   POST /api/streams/resolve
   GET  /api/streams/resolveByQuality
   GET  /api/streams/resolveAll
✅ Proxy routes registered:
   GET /play/rd/:infoHash/:fileIdx
   GET /play/rd/:infoHash
✅ Subtitle routes registered:
   GET /subtitles/search?imdbId=&type=
   GET /subtitles/subdl/:encodedPath
✅ All routes registered
✅ HTTP Server configured on http://127.0.0.1:47253
🚀 Starting HTTP server...
✅ Providers initialized: torrentio, comet, zilean, mediafusion, debridsearch
[ NOTICE ] Server started on http://127.0.0.1:47253
2026-01-08 16:16:24.111 RedLemon[8641:111839] ✅ RedLemon: Server marked as ready
2026-01-08 16:16:24.149 RedLemon[8641:111839] ✅ RedLemon: Server should be running on http://127.0.0.1:47253
2026-01-08 16:16:24.149 RedLemon[8641:111839] 🔍 Performing startup checks...
2026-01-08 16:16:24.149 RedLemon[8641:111839] ✅ Username-based authentication ready
2026-01-08 16:16:24.888 RedLemon[8641:111839] 🔍 Performing startup checks...
2026-01-08 16:16:24.888 RedLemon[8641:111839] ✅ Username-based authentication ready
2026-01-08 16:16:25.162 RedLemon[8641:111839] 🔄 Checking for app updates...
✅ HTTP server running on http://127.0.0.1:47253

🔗 Available endpoints:
   http://127.0.0.1:47253/health
   http://127.0.0.1:47253/status
   http://127.0.0.1:47253/api/health

✅ [EventsConfig] Fetched movie_events version 1486 with 411 movies
✅ [EventsConfig] Using cached movie_events config (version 1486, 411 movies)
✅ [EventsView] Loaded 411 movies from config version 1486
🗓 AppState: Updated schedule epoch to 2026-01-04 23:43:30 +0000
⏰ AppState: Next schedule update set for Event End: 2026-01-08 22:16:30 +0000
⏰ AppState: Scheduling update in 3608 seconds
🖼️ [CACHE] Cached image data for key: https://images.metahub.space/background/medium/tt3065204/img (841877 bytes)
❌ Supabase API Error: Could not find the table 'public.user_blocks' in the schema cache
⚠️ Failed to load blocked users: userMessage("Could not find the table \'public.user_blocks\' in the schema cache")
❌ Supabase API Error: Could not find the table 'public.user_blocks' in the schema cache
⚠️ Failed to load blocked users: userMessage("Could not find the table \'public.user_blocks\' in the schema cache")
🔌 SocialService: Connecting to global presence...
🔌 Connecting to Supabase Realtime: wss://151.243.109.243.nip.io/realtime/v1/websocket
✅ Connected to Supabase Realtime
✅ SocialService: Presence connected
⏰ AppState: Next schedule update set for Event End: 2026-01-08 22:16:30 +0000
⏰ AppState: Scheduling update in 3607 seconds
📡 Joined channel: realtime:global-presence
✅ SocialService: Connected to global presence
🔌 SocialService: Connecting to DM channel...
🔌 Connecting to Supabase Realtime: wss://151.243.109.243.nip.io/realtime/v1/websocket
✅ Connected to Supabase Realtime
✅ SocialService: DM channel connected
⏰ AppState: Next schedule update set for Event End: 2026-01-08 22:16:30 +0000
⏰ AppState: Scheduling update in 3607 seconds
📨 Received: {"ref":"E9BECAD4-EC3C-4CB7-8D5D-5438DBE3202A","event":"phx_reply","payload":{"status":"ok","response":{"postgres_changes":[]}},"topic":"realtime:global-presence"}
📨 Received: {"ref":null,"event":"presence_state","payload":{"d0f9f778-ecd6-11f0-9054-9ee62e3b7bba":{"metas":[{"phx_ref":"GIjeCJSSWLk6Aufh","phx_ref_prev":"GIjeA-yBjiQ6AuVB","last_seen":"2026-01-08T21:16:22.020Z","status":"online","user_id":"96e01cdb-36c0-4228-a6e4-a29a3c66bc8e","username":"lemontom"}]}},"topic":"realtime:global-presence"}
📨 Received: {"ref":"1","event":"phx_reply","payload":{"status":"ok","response":{}},"topic":"realtime:global-presence"}
📈 SocialService: User 96e01cdb-36c0-4228-a6e4-a29a3c66bc8e came online
📨 Received: {"ref":null,"event":"presence_diff","payload":{"joins":{"48eeb110-ecd7-11f0-8cac-9ee62e3b7bba":{"metas":[{"phx_ref":"GIjeCN7WTM86Ai6C","last_seen":"2026-01-08T21:16:23.259Z","status":"online","user_id":"656DAA91-33B4-4688-9135-C982EA52D7C9","username":"ursinho"}]}},"leaves":{}},"topic":"realtime:global-presence"}
📈 SocialService: User 656daa91-33b4-4688-9135-c982ea52d7c9 came online
📡 Joined channel: realtime:direct_messages
✅ SocialService: Connected to DM channel
📨 Received: {"ref":"2A0ADA41-ECA5-4059-A64C-3999C7DD7D6F","event":"phx_reply","payload":{"status":"ok","response":{"postgres_changes":[{"id":44215242,"event":"INSERT","filter":"receiver_id=eq.656daa91-33b4-4688-9135-c982ea52d7c9","schema":"public","table":"direct_messages"},{"id":13418599,"event":"INSERT","filter":"sender_id=eq.656daa91-33b4-4688-9135-c982ea52d7c9","schema":"public","table":"direct_messages"}]}},"topic":"realtime:direct_messages"}
📬 SocialService: Fetched 0 unread messages
🔄 SocialService: Syncing 43 items to cloud...
🔄 SocialService: Syncing 43 items to cloud (serial)...
📨 Received: {"ref":null,"event":"system","payload":{"message":"Subscribed to PostgreSQL","status":"ok","extension":"postgres_changes","channel":"direct_messages"},"topic":"realtime:direct_messages"}
📨 Received: {"ref":null,"event":"presence_state","payload":{},"topic":"realtime:direct_messages"}
💰 LicenseManager: Checking for background crypto payments...
💰 Check Payment Response: {"success":false,"message":"No active payment found"}
🚫 Subscription revoked or inactive.
💰 LicenseManager: Checking for background crypto payments...
💰 Check Payment Response: {"success":false,"message":"No active payment found"}
🚫 Subscription revoked or inactive.
🔍 Manual update check requested...
⏰ TimeService: Synchronizing clock with server...
✅ TimeService: Synced! Offset: 0.128s (RTT: 190ms)
   Local:  2026-01-08 21:16:25 +0000
   Server: 2026-01-08 21:16:25 +0000
⏰ Time synced with server! AppState should automatically recalculate.
⏰ AppState: Next schedule update set for Event End: 2026-01-08 22:16:30 +0000
⏰ AppState: Scheduling update in 3597 seconds
📨 Received: {"ref":null,"event":"presence_diff","payload":{"joins":{"d0f9f778-ecd6-11f0-9054-9ee62e3b7bba":{"metas":[{"phx_ref":"GIjeDTz40K06Aumh","phx_ref_prev":"GIjeCJSSWLk6Aufh","last_seen":"2026-01-08T21:16:42.020Z","status":"online","user_id":"96e01cdb-36c0-4228-a6e4-a29a3c66bc8e","username":"lemontom"}]}},"leaves":{"d0f9f778-ecd6-11f0-9054-9ee62e3b7bba":{"metas":[{"phx_ref":"GIjeCJSSWLk6Aufh","phx_ref_prev":"GIjeA-yBjiQ6AuVB","last_seen":"2026-01-08T21:16:22.020Z","status":"online","user_id":"96e01cdb-36c0-4228-a6e4-a29a3c66bc8e","username":"lemontom"}]}}},"topic":"realtime:global-presence"}
⏰ AppState: Next schedule update set for Event End: 2026-01-08 22:16:30 +0000
⏰ AppState: Scheduling update in 3588 seconds
📨 Received: {"ref":"2","event":"phx_reply","payload":{"status":"ok","response":{}},"topic":"realtime:global-presence"}
📨 Received: {"ref":null,"event":"presence_diff","payload":{"joins":{"48eeb110-ecd7-11f0-8cac-9ee62e3b7bba":{"metas":[{"phx_ref":"GIjeDYbM5ts6AuoB","phx_ref_prev":"GIjeCN7WTM86Ai6C","last_seen":"2026-01-08T21:16:43.261Z","status":"online","user_id":"656daa91-33b4-4688-9135-c982ea52d7c9","username":"ursinho"}]}},"leaves":{"48eeb110-ecd7-11f0-8cac-9ee62e3b7bba":{"metas":[{"phx_ref":"GIjeCN7WTM86Ai6C","last_seen":"2026-01-08T21:16:23.259Z","status":"online","user_id":"656DAA91-33B4-4688-9135-C982EA52D7C9","username":"ursinho"}]}}},"topic":"realtime:global-presence"}
💓 Heartbeat sent
📨 Received: {"ref":"1","event":"phx_reply","payload":{"status":"ok","response":{}},"topic":"phoenix"}
⏰ AppState: Next schedule update set for Event End: 2026-01-08 22:16:30 +0000
⏰ AppState: Scheduling update in 3578 seconds
💓 Heartbeat sent
💓 Heartbeat sent
📨 Received: {"ref":"1","event":"phx_reply","payload":{"status":"ok","response":{}},"topic":"phoenix"}
📨 Received: {"ref":"3","event":"phx_reply","payload":{"status":"ok","response":{}},"topic":"phoenix"}
📨 Received: {"ref":null,"event":"presence_diff","payload":{"joins":{"d0f9f778-ecd6-11f0-9054-9ee62e3b7bba":{"metas":[{"phx_ref":"GIjeEeTxrpU6AusB","phx_ref_prev":"GIjeDTz40K06Aumh","last_seen":"2026-01-08T21:17:02.020Z","status":"online","user_id":"96e01cdb-36c0-4228-a6e4-a29a3c66bc8e","username":"lemontom"}]}},"leaves":{"d0f9f778-ecd6-11f0-9054-9ee62e3b7bba":{"metas":[{"phx_ref":"GIjeDTz40K06Aumh","phx_ref_prev":"GIjeCJSSWLk6Aufh","last_seen":"2026-01-08T21:16:42.020Z","status":"online","user_id":"96e01cdb-36c0-4228-a6e4-a29a3c66bc8e","username":"lemontom"}]}}},"topic":"realtime:global-presence"}
⏰ AppState: Next schedule update set for Event End: 2026-01-08 22:16:30 +0000
⏰ AppState: Scheduling update in 3568 seconds
📨 Received: {"ref":"4","event":"phx_reply","payload":{"status":"ok","response":{}},"topic":"realtime:global-presence"}
📨 Received: {"ref":null,"event":"presence_diff","payload":{"joins":{"48eeb110-ecd7-11f0-8cac-9ee62e3b7bba":{"metas":[{"phx_ref":"GIjeEi77ugw6Auth","phx_ref_prev":"GIjeDYbM5ts6AuoB","last_seen":"2026-01-08T21:17:03.262Z","status":"online","user_id":"656daa91-33b4-4688-9135-c982ea52d7c9","username":"ursinho"}]}},"leaves":{"48eeb110-ecd7-11f0-8cac-9ee62e3b7bba":{"metas":[{"phx_ref":"GIjeDYbM5ts6AuoB","phx_ref_prev":"GIjeCN7WTM86Ai6C","last_seen":"2026-01-08T21:16:43.261Z","status":"online","user_id":"656daa91-33b4-4688-9135-c982ea52d7c9","username":"ursinho"}]}}},"topic":"realtime:global-presence"}
⏰ AppState: Next schedule update set for Event End: 2026-01-08 22:16:30 +0000
⏰ AppState: Scheduling update in 3558 seconds
📡 [EventsConfig] Checking server for movie_events config version...
✅ [EventsConfig] Fetched movie_events version 1486 with 411 movies
✅ [EventsConfig] Using cached movie_events config (version 1486, 411 movies)
💓 Heartbeat sent
📨 Received: {"ref":null,"event":"presence_diff","payload":{"joins":{"d0f9f778-ecd6-11f0-9054-9ee62e3b7bba":{"metas":[{"phx_ref":"GIjeFo0E8O06Auyh","phx_ref_prev":"GIjeEeTxrpU6AusB","last_seen":"2026-01-08T21:17:22.021Z","status":"online","user_id":"96e01cdb-36c0-4228-a6e4-a29a3c66bc8e","username":"lemontom"}]}},"leaves":{"d0f9f778-ecd6-11f0-9054-9ee62e3b7bba":{"metas":[{"phx_ref":"GIjeEeTxrpU6AusB","phx_ref_prev":"GIjeDTz40K06Aumh","last_seen":"2026-01-08T21:17:02.020Z","status":"online","user_id":"96e01cdb-36c0-4228-a6e4-a29a3c66bc8e","username":"lemontom"}]}}},"topic":"realtime:global-presence"}
📨 Received: {"ref":"2","event":"phx_reply","payload":{"status":"ok","response":{}},"topic":"phoenix"}
⏰ AppState: Next schedule update set for Event End: 2026-01-08 22:16:30 +0000
⏰ AppState: Scheduling update in 3548 seconds
📨 Received: {"ref":"5","event":"phx_reply","payload":{"status":"ok","response":{}},"topic":"realtime:global-presence"}
📨 Received: {"ref":null,"event":"presence_diff","payload":{"joins":{"48eeb110-ecd7-11f0-8cac-9ee62e3b7bba":{"metas":[{"phx_ref":"GIjeFtbyeL46Au0B","phx_ref_prev":"GIjeEi77ugw6Auth","last_seen":"2026-01-08T21:17:23.263Z","status":"online","user_id":"656daa91-33b4-4688-9135-c982ea52d7c9","username":"ursinho"}]}},"leaves":{"48eeb110-ecd7-11f0-8cac-9ee62e3b7bba":{"metas":[{"phx_ref":"GIjeEi77ugw6Auth","phx_ref_prev":"GIjeDYbM5ts6AuoB","last_seen":"2026-01-08T21:17:03.262Z","status":"online","user_id":"656daa91-33b4-4688-9135-c982ea52d7c9","username":"ursinho"}]}}},"topic":"realtime:global-presence"}
💓 Heartbeat sent
💓 Heartbeat sent
📨 Received: {"ref":"6","event":"phx_reply","payload":{"status":"ok","response":{}},"topic":"phoenix"}
📨 Received: {"ref":"2","event":"phx_reply","payload":{"status":"ok","response":{}},"topic":"phoenix"}
⏰ AppState: Next schedule update set for Event End: 2026-01-08 22:16:30 +0000
⏰ AppState: Scheduling update in 3538 seconds
📨 Received: {"ref":null,"event":"presence_diff","payload":{"joins":{"d0f9f778-ecd6-11f0-9054-9ee62e3b7bba":{"metas":[{"phx_ref":"GIjeGzU1XgY6Au3h","phx_ref_prev":"GIjeFo0E8O06Auyh","last_seen":"2026-01-08T21:17:42.020Z","status":"online","user_id":"96e01cdb-36c0-4228-a6e4-a29a3c66bc8e","username":"lemontom"}]}},"leaves":{"d0f9f778-ecd6-11f0-9054-9ee62e3b7bba":{"metas":[{"phx_ref":"GIjeFo0E8O06Auyh","phx_ref_prev":"GIjeEeTxrpU6AusB","last_seen":"2026-01-08T21:17:22.021Z","status":"online","user_id":"96e01cdb-36c0-4228-a6e4-a29a3c66bc8e","username":"lemontom"}]}}},"topic":"realtime:global-presence"}
⏰ AppState: Next schedule update set for Event End: 2026-01-08 22:16:30 +0000
⏰ AppState: Scheduling update in 3528 seconds
📨 Received: {"ref":"7","event":"phx_reply","payload":{"status":"ok","response":{}},"topic":"realtime:global-presence"}
📨 Received: {"ref":null,"event":"presence_diff","payload":{"joins":{"48eeb110-ecd7-11f0-8cac-9ee62e3b7bba":{"metas":[{"phx_ref":"GIjeG384e5Q6Au5B","phx_ref_prev":"GIjeFtbyeL46Au0B","last_seen":"2026-01-08T21:17:43.263Z","status":"online","user_id":"656daa91-33b4-4688-9135-c982ea52d7c9","username":"ursinho"}]}},"leaves":{"48eeb110-ecd7-11f0-8cac-9ee62e3b7bba":{"metas":[{"phx_ref":"GIjeFtbyeL46Au0B","phx_ref_prev":"GIjeEi77ugw6Auth","last_seen":"2026-01-08T21:17:23.263Z","status":"online","user_id":"656daa91-33b4-4688-9135-c982ea52d7c9","username":"ursinho"}]}}},"topic":"realtime:global-presence"}
💓 Heartbeat sent
📨 Received: {"ref":"3","event":"phx_reply","payload":{"status":"ok","response":{}},"topic":"phoenix"}
⏰ AppState: Next schedule update set for Event End: 2026-01-08 22:16:30 +0000
⏰ AppState: Scheduling update in 3518 seconds
💓 Heartbeat sent
💓 Heartbeat sent
📨 Received: {"ref":"3","event":"phx_reply","payload":{"status":"ok","response":{}},"topic":"phoenix"}
📨 Received: {"ref":"8","event":"phx_reply","payload":{"status":"ok","response":{}},"topic":"phoenix"}
📨 Received: {"ref":null,"event":"presence_diff","payload":{"joins":{"d0f9f778-ecd6-11f0-9054-9ee62e3b7bba":{"metas":[{"phx_ref":"GIjeH91kLo86Au8h","phx_ref_prev":"GIjeGzU1XgY6Au3h","last_seen":"2026-01-08T21:18:02.022Z","status":"online","user_id":"96e01cdb-36c0-4228-a6e4-a29a3c66bc8e","username":"lemontom"}]}},"leaves":{"d0f9f778-ecd6-11f0-9054-9ee62e3b7bba":{"metas":[{"phx_ref":"GIjeGzU1XgY6Au3h","phx_ref_prev":"GIjeFo0E8O06Auyh","last_seen":"2026-01-08T21:17:42.020Z","status":"online","user_id":"96e01cdb-36c0-4228-a6e4-a29a3c66bc8e","username":"lemontom"}]}}},"topic":"realtime:global-presence"}
⏰ AppState: Next schedule update set for Event End: 2026-01-08 22:16:30 +0000
⏰ AppState: Scheduling update in 3508 seconds
📨 Received: {"ref":"9","event":"phx_reply","payload":{"status":"ok","response":{}},"topic":"realtime:global-presence"}
📨 Received: {"ref":null,"event":"presence_diff","payload":{"joins":{"48eeb110-ecd7-11f0-8cac-9ee62e3b7bba":{"metas":[{"phx_ref":"GIjeICdDyZw6Au9B","phx_ref_prev":"GIjeG384e5Q6Au5B","last_seen":"2026-01-08T21:18:03.264Z","status":"online","user_id":"656daa91-33b4-4688-9135-c982ea52d7c9","username":"ursinho"}]}},"leaves":{"48eeb110-ecd7-11f0-8cac-9ee62e3b7bba":{"metas":[{"phx_ref":"GIjeG384e5Q6Au5B","phx_ref_prev":"GIjeFtbyeL46Au0B","last_seen":"2026-01-08T21:17:43.263Z","status":"online","user_id":"656daa91-33b4-4688-9135-c982ea52d7c9","username":"ursinho"}]}}},"topic":"realtime:global-presence"}
⏰ AppState: Next schedule update set for Event End: 2026-01-08 22:16:30 +0000
⏰ AppState: Scheduling update in 3498 seconds
📡 [EventsConfig] Checking server for movie_events config version...
✅ [EventsConfig] Fetched movie_events version 1486 with 411 movies
✅ [EventsConfig] Using cached movie_events config (version 1486, 411 movies)
📨 Received: {"ref":null,"event":"presence_diff","payload":{"joins":{"d0f9f778-ecd6-11f0-9054-9ee62e3b7bba":{"metas":[{"phx_ref":"GIjeJIVw9rc6AvBB","phx_ref_prev":"GIjeH91kLo86Au8h","last_seen":"2026-01-08T21:18:22.022Z","status":"online","user_id":"96e01cdb-36c0-4228-a6e4-a29a3c66bc8e","username":"lemontom"}]}},"leaves":{"d0f9f778-ecd6-11f0-9054-9ee62e3b7bba":{"metas":[{"phx_ref":"GIjeH91kLo86Au8h","phx_ref_prev":"GIjeGzU1XgY6Au3h","last_seen":"2026-01-08T21:18:02.022Z","status":"online","user_id":"96e01cdb-36c0-4228-a6e4-a29a3c66bc8e","username":"lemontom"}]}}},"topic":"realtime:global-presence"}
💓 Heartbeat sent
📨 Received: {"ref":"4","event":"phx_reply","payload":{"status":"ok","response":{}},"topic":"phoenix"}
⏰ AppState: Next schedule update set for Event End: 2026-01-08 22:16:30 +0000
⏰ AppState: Scheduling update in 3488 seconds
📨 Received: {"ref":"10","event":"phx_reply","payload":{"status":"ok","response":{}},"topic":"realtime:global-presence"}
📨 Received: {"ref":null,"event":"presence_diff","payload":{"joins":{"48eeb110-ecd7-11f0-8cac-9ee62e3b7bba":{"metas":[{"phx_ref":"GIjeJM-H2us6AvBh","phx_ref_prev":"GIjeICdDyZw6Au9B","last_seen":"2026-01-08T21:18:23.264Z","status":"online","user_id":"656daa91-33b4-4688-9135-c982ea52d7c9","username":"ursinho"}]}},"leaves":{"48eeb110-ecd7-11f0-8cac-9ee62e3b7bba":{"metas":[{"phx_ref":"GIjeICdDyZw6Au9B","phx_ref_prev":"GIjeG384e5Q6Au5B","last_seen":"2026-01-08T21:18:03.264Z","status":"online","user_id":"656daa91-33b4-4688-9135-c982ea52d7c9","username":"ursinho"}]}}},"topic":"realtime:global-presence"}
💓 Heartbeat sent
💓 Heartbeat sent
📨 Received: {"ref":"11","event":"phx_reply","payload":{"status":"ok","response":{}},"topic":"phoenix"}
📨 Received: {"ref":"4","event":"phx_reply","payload":{"status":"ok","response":{}},"topic":"phoenix"}
⏰ AppState: Next schedule update set for Event End: 2026-01-08 22:16:30 +0000
⏰ AppState: Scheduling update in 3478 seconds
📨 Received: {"ref":null,"event":"presence_diff","payload":{"joins":{"d0f9f778-ecd6-11f0-9054-9ee62e3b7bba":{"metas":[{"phx_ref":"GIjeKS2AiGY6AvEh","phx_ref_prev":"GIjeJIVw9rc6AvBB","last_seen":"2026-01-08T21:18:42.022Z","status":"online","user_id":"96e01cdb-36c0-4228-a6e4-a29a3c66bc8e","username":"lemontom"}]}},"leaves":{"d0f9f778-ecd6-11f0-9054-9ee62e3b7bba":{"metas":[{"phx_ref":"GIjeJIVw9rc6AvBB","phx_ref_prev":"GIjeH91kLo86Au8h","last_seen":"2026-01-08T21:18:22.022Z","status":"online","user_id":"96e01cdb-36c0-4228-a6e4-a29a3c66bc8e","username":"lemontom"}]}}},"topic":"realtime:global-presence"}
⏰ AppState: Next schedule update set for Event End: 2026-01-08 22:16:30 +0000
⏰ AppState: Scheduling update in 3468 seconds
📨 Received: {"ref":"12","event":"phx_reply","payload":{"status":"ok","response":{}},"topic":"realtime:global-presence"}
📨 Received: {"ref":null,"event":"presence_diff","payload":{"joins":{"48eeb110-ecd7-11f0-8cac-9ee62e3b7bba":{"metas":[{"phx_ref":"GIjeKXeKkHs6AvFh","phx_ref_prev":"GIjeJM-H2us6AvBh","last_seen":"2026-01-08T21:18:43.265Z","status":"online","user_id":"656daa91-33b4-4688-9135-c982ea52d7c9","username":"ursinho"}]}},"leaves":{"48eeb110-ecd7-11f0-8cac-9ee62e3b7bba":{"metas":[{"phx_ref":"GIjeJM-H2us6AvBh","phx_ref_prev":"GIjeICdDyZw6Au9B","last_seen":"2026-01-08T21:18:23.264Z","status":"online","user_id":"656daa91-33b4-4688-9135-c982ea52d7c9","username":"ursinho"}]}}},"topic":"realtime:global-presence"}
💓 Heartbeat sent
📨 Received: {"ref":"5","event":"phx_reply","payload":{"status":"ok","response":{}},"topic":"phoenix"}
⏰ AppState: Next schedule update set for Event End: 2026-01-08 22:16:30 +0000
⏰ AppState: Scheduling update in 3458 seconds
📨 Received: {"ref":null,"event":"presence_diff","payload":{"joins":{"d0f9f778-ecd6-11f0-9054-9ee62e3b7bba":{"metas":[{"phx_ref":"GIjeLdWyqQo6AvJh","phx_ref_prev":"GIjeKS2AiGY6AvEh","last_seen":"2026-01-08T21:19:02.023Z","status":"online","user_id":"96e01cdb-36c0-4228-a6e4-a29a3c66bc8e","username":"lemontom"}]}},"leaves":{"d0f9f778-ecd6-11f0-9054-9ee62e3b7bba":{"metas":[{"phx_ref":"GIjeKS2AiGY6AvEh","phx_ref_prev":"GIjeJIVw9rc6AvBB","last_seen":"2026-01-08T21:18:42.022Z","status":"online","user_id":"96e01cdb-36c0-4228-a6e4-a29a3c66bc8e","username":"lemontom"}]}}},"topic":"realtime:global-presence"}
💓 Heartbeat sent
💓 Heartbeat sent
📨 Received: {"ref":"5","event":"phx_reply","payload":{"status":"ok","response":{}},"topic":"phoenix"}
📨 Received: {"ref":"13","event":"phx_reply","payload":{"status":"ok","response":{}},"topic":"phoenix"}
⏰ AppState: Next schedule update set for Event End: 2026-01-08 22:16:30 +0000
⏰ AppState: Scheduling update in 3448 seconds
📨 Received: {"ref":"14","event":"phx_reply","payload":{"status":"ok","response":{}},"topic":"realtime:global-presence"}
📨 Received: {"ref":null,"event":"presence_diff","payload":{"joins":{"48eeb110-ecd7-11f0-8cac-9ee62e3b7bba":{"metas":[{"phx_ref":"GIjeLh-TA_A6AvKB","phx_ref_prev":"GIjeKXeKkHs6AvFh","last_seen":"2026-01-08T21:19:03.266Z","status":"online","user_id":"656daa91-33b4-4688-9135-c982ea52d7c9","username":"ursinho"}]}},"leaves":{"48eeb110-ecd7-11f0-8cac-9ee62e3b7bba":{"metas":[{"phx_ref":"GIjeKXeKkHs6AvFh","phx_ref_prev":"GIjeJM-H2us6AvBh","last_seen":"2026-01-08T21:18:43.265Z","status":"online","user_id":"656daa91-33b4-4688-9135-c982ea52d7c9","username":"ursinho"}]}}},"topic":"realtime:global-presence"}
⏰ AppState: Next schedule update set for Event End: 2026-01-08 22:16:30 +0000
⏰ AppState: Scheduling update in 3438 seconds
📡 [EventsConfig] Checking server for movie_events config version...
✅ [EventsConfig] Fetched movie_events version 1486 with 411 movies
✅ [EventsConfig] Using cached movie_events config (version 1486, 411 movies)
📨 Received: {"ref":null,"event":"presence_diff","payload":{"joins":{"d0f9f778-ecd6-11f0-9054-9ee62e3b7bba":{"metas":[{"phx_ref":"GIjeMn3lKH06AvOB","phx_ref_prev":"GIjeLdWyqQo6AvJh","last_seen":"2026-01-08T21:19:22.023Z","status":"online","user_id":"96e01cdb-36c0-4228-a6e4-a29a3c66bc8e","username":"lemontom"}]}},"leaves":{"d0f9f778-ecd6-11f0-9054-9ee62e3b7bba":{"metas":[{"phx_ref":"GIjeLdWyqQo6AvJh","phx_ref_prev":"GIjeKS2AiGY6AvEh","last_seen":"2026-01-08T21:19:02.023Z","status":"online","user_id":"96e01cdb-36c0-4228-a6e4-a29a3c66bc8e","username":"lemontom"}]}}},"topic":"realtime:global-presence"}
💓 Heartbeat sent
📨 Received: {"ref":"6","event":"phx_reply","payload":{"status":"ok","response":{}},"topic":"phoenix"}
⏰ AppState: Next schedule update set for Event End: 2026-01-08 22:16:30 +0000
⏰ AppState: Scheduling update in 3427 seconds
📨 Received: {"ref":"15","event":"phx_reply","payload":{"status":"ok","response":{}},"topic":"realtime:global-presence"}
📨 Received: {"ref":null,"event":"presence_diff","payload":{"joins":{"48eeb110-ecd7-11f0-8cac-9ee62e3b7bba":{"metas":[{"phx_ref":"GIjeMsfsjyY6AvOh","phx_ref_prev":"GIjeLh-TA_A6AvKB","last_seen":"2026-01-08T21:19:23.266Z","status":"online","user_id":"656daa91-33b4-4688-9135-c982ea52d7c9","username":"ursinho"}]}},"leaves":{"48eeb110-ecd7-11f0-8cac-9ee62e3b7bba":{"metas":[{"phx_ref":"GIjeLh-TA_A6AvKB","phx_ref_prev":"GIjeKXeKkHs6AvFh","last_seen":"2026-01-08T21:19:03.266Z","status":"online","user_id":"656daa91-33b4-4688-9135-c982ea52d7c9","username":"ursinho"}]}}},"topic":"realtime:global-presence"}
💓 Heartbeat sent
💓 Heartbeat sent
📨 Received: {"ref":"6","event":"phx_reply","payload":{"status":"ok","response":{}},"topic":"phoenix"}
📨 Received: {"ref":"16","event":"phx_reply","payload":{"status":"ok","response":{}},"topic":"phoenix"}
⏰ AppState: Next schedule update set for Event End: 2026-01-08 22:16:30 +0000
⏰ AppState: Scheduling update in 3418 seconds
📨 Received: {"ref":null,"event":"presence_diff","payload":{"joins":{"d0f9f778-ecd6-11f0-9054-9ee62e3b7bba":{"metas":[{"phx_ref":"GIjeNyXxFrY6AvSh","phx_ref_prev":"GIjeMn3lKH06AvOB","last_seen":"2026-01-08T21:19:42.023Z","status":"online","user_id":"96e01cdb-36c0-4228-a6e4-a29a3c66bc8e","username":"lemontom"}]}},"leaves":{"d0f9f778-ecd6-11f0-9054-9ee62e3b7bba":{"metas":[{"phx_ref":"GIjeMn3lKH06AvOB","phx_ref_prev":"GIjeLdWyqQo6AvJh","last_seen":"2026-01-08T21:19:22.023Z","status":"online","user_id":"96e01cdb-36c0-4228-a6e4-a29a3c66bc8e","username":"lemontom"}]}}},"topic":"realtime:global-presence"}
⏰ AppState: Next schedule update set for Event End: 2026-01-08 22:16:30 +0000
⏰ AppState: Scheduling update in 3408 seconds
📨 Received: {"ref":"17","event":"phx_reply","payload":{"status":"ok","response":{}},"topic":"realtime:global-presence"}
📨 Received: {"ref":null,"event":"presence_diff","payload":{"joins":{"48eeb110-ecd7-11f0-8cac-9ee62e3b7bba":{"metas":[{"phx_ref":"GIjeN3BayL86AvTh","phx_ref_prev":"GIjeMsfsjyY6AvOh","last_seen":"2026-01-08T21:19:43.267Z","status":"online","user_id":"656daa91-33b4-4688-9135-c982ea52d7c9","username":"ursinho"}]}},"leaves":{"48eeb110-ecd7-11f0-8cac-9ee62e3b7bba":{"metas":[{"phx_ref":"GIjeMsfsjyY6AvOh","phx_ref_prev":"GIjeLh-TA_A6AvKB","last_seen":"2026-01-08T21:19:23.266Z","status":"online","user_id":"656daa91-33b4-4688-9135-c982ea52d7c9","username":"ursinho"}]}}},"topic":"realtime:global-presence"}
💓 Heartbeat sent
📨 Received: {"ref":"7","event":"phx_reply","payload":{"status":"ok","response":{}},"topic":"phoenix"}
⏰ AppState: Next schedule update set for Event End: 2026-01-08 22:16:30 +0000
⏰ AppState: Scheduling update in 3398 seconds
📨 Received: {"ref":null,"event":"presence_diff","payload":{"joins":{"d0f9f778-ecd6-11f0-9054-9ee62e3b7bba":{"metas":[{"phx_ref":"GIjeO85nEtQ6AvXh","phx_ref_prev":"GIjeNyXxFrY6AvSh","last_seen":"2026-01-08T21:20:02.024Z","status":"online","user_id":"96e01cdb-36c0-4228-a6e4-a29a3c66bc8e","username":"lemontom"}]}},"leaves":{"d0f9f778-ecd6-11f0-9054-9ee62e3b7bba":{"metas":[{"phx_ref":"GIjeNyXxFrY6AvSh","phx_ref_prev":"GIjeMn3lKH06AvOB","last_seen":"2026-01-08T21:19:42.023Z","status":"online","user_id":"96e01cdb-36c0-4228-a6e4-a29a3c66bc8e","username":"lemontom"}]}}},"topic":"realtime:global-presence"}
💓 Heartbeat sent
💓 Heartbeat sent
📨 Received: {"ref":"7","event":"phx_reply","payload":{"status":"ok","response":{}},"topic":"phoenix"}
📨 Received: {"ref":"18","event":"phx_reply","payload":{"status":"ok","response":{}},"topic":"phoenix"}
⏰ AppState: Next schedule update set for Event End: 2026-01-08 22:16:30 +0000
⏰ AppState: Scheduling update in 3388 seconds
📨 Received: {"ref":"19","event":"phx_reply","payload":{"status":"ok","response":{}},"topic":"realtime:global-presence"}
📨 Received: {"ref":null,"event":"presence_diff","payload":{"joins":{"48eeb110-ecd7-11f0-8cac-9ee62e3b7bba":{"metas":[{"phx_ref":"GIjePBgmu1g6AvYB","phx_ref_prev":"GIjeN3BayL86AvTh","last_seen":"2026-01-08T21:20:03.267Z","status":"online","user_id":"656daa91-33b4-4688-9135-c982ea52d7c9","username":"ursinho"}]}},"leaves":{"48eeb110-ecd7-11f0-8cac-9ee62e3b7bba":{"metas":[{"phx_ref":"GIjeN3BayL86AvTh","phx_ref_prev":"GIjeMsfsjyY6AvOh","last_seen":"2026-01-08T21:19:43.267Z","status":"online","user_id":"656daa91-33b4-4688-9135-c982ea52d7c9","username":"ursinho"}]}}},"topic":"realtime:global-presence"}
⏰ AppState: Next schedule update set for Event End: 2026-01-08 22:16:30 +0000
⏰ AppState: Scheduling update in 3378 seconds
📡 [EventsConfig] Checking server for movie_events config version...
✅ [EventsConfig] Fetched movie_events version 1486 with 411 movies
✅ [EventsConfig] Using cached movie_events config (version 1486, 411 movies)
📨 Received: {"ref":null,"event":"presence_diff","payload":{"joins":{"d0f9f778-ecd6-11f0-9054-9ee62e3b7bba":{"metas":[{"phx_ref":"GIjeQHYy3Vs6AvcB","phx_ref_prev":"GIjeO85nEtQ6AvXh","last_seen":"2026-01-08T21:20:22.024Z","status":"online","user_id":"96e01cdb-36c0-4228-a6e4-a29a3c66bc8e","username":"lemontom"}]}},"leaves":{"d0f9f778-ecd6-11f0-9054-9ee62e3b7bba":{"metas":[{"phx_ref":"GIjeO85nEtQ6AvXh","phx_ref_prev":"GIjeNyXxFrY6AvSh","last_seen":"2026-01-08T21:20:02.024Z","status":"online","user_id":"96e01cdb-36c0-4228-a6e4-a29a3c66bc8e","username":"lemontom"}]}}},"topic":"realtime:global-presence"}
💓 Heartbeat sent
📨 Received: {"ref":"8","event":"phx_reply","payload":{"status":"ok","response":{}},"topic":"phoenix"}
⏰ AppState: Next schedule update set for Event End: 2026-01-08 22:16:30 +0000
⏰ AppState: Scheduling update in 3368 seconds
📨 Received: {"ref":"20","event":"phx_reply","payload":{"status":"ok","response":{}},"topic":"realtime:global-presence"}
📨 Received: {"ref":null,"event":"presence_diff","payload":{"joins":{"48eeb110-ecd7-11f0-8cac-9ee62e3b7bba":{"metas":[{"phx_ref":"GIjeQMA9tjM6Avch","phx_ref_prev":"GIjePBgmu1g6AvYB","last_seen":"2026-01-08T21:20:23.268Z","status":"online","user_id":"656daa91-33b4-4688-9135-c982ea52d7c9","username":"ursinho"}]}},"leaves":{"48eeb110-ecd7-11f0-8cac-9ee62e3b7bba":{"metas":[{"phx_ref":"GIjePBgmu1g6AvYB","phx_ref_prev":"GIjeN3BayL86AvTh","last_seen":"2026-01-08T21:20:03.267Z","status":"online","user_id":"656daa91-33b4-4688-9135-c982ea52d7c9","username":"ursinho"}]}}},"topic":"realtime:global-presence"}
💓 Heartbeat sent
💓 Heartbeat sent
📨 Received: {"ref":"8","event":"phx_reply","payload":{"status":"ok","response":{}},"topic":"phoenix"}
📨 Received: {"ref":"21","event":"phx_reply","payload":{"status":"ok","response":{}},"topic":"phoenix"}
⏰ AppState: Next schedule update set for Event End: 2026-01-08 22:16:30 +0000
⏰ AppState: Scheduling update in 3358 seconds
📨 Received: {"ref":null,"event":"presence_diff","payload":{"joins":{"d0f9f778-ecd6-11f0-9054-9ee62e3b7bba":{"metas":[{"phx_ref":"GIjeRR5g2b46AvhB","phx_ref_prev":"GIjeQHYy3Vs6AvcB","last_seen":"2026-01-08T21:20:42.025Z","status":"online","user_id":"96e01cdb-36c0-4228-a6e4-a29a3c66bc8e","username":"lemontom"}]}},"leaves":{"d0f9f778-ecd6-11f0-9054-9ee62e3b7bba":{"metas":[{"phx_ref":"GIjeQHYy3Vs6AvcB","phx_ref_prev":"GIjeO85nEtQ6AvXh","last_seen":"2026-01-08T21:20:22.024Z","status":"online","user_id":"96e01cdb-36c0-4228-a6e4-a29a3c66bc8e","username":"lemontom"}]}}},"topic":"realtime:global-presence"}
⏰ AppState: Next schedule update set for Event End: 2026-01-08 22:16:30 +0000
⏰ AppState: Scheduling update in 3348 seconds
📨 Received: {"ref":"22","event":"phx_reply","payload":{"status":"ok","response":{}},"topic":"realtime:global-presence"}
📨 Received: {"ref":null,"event":"presence_diff","payload":{"joins":{"48eeb110-ecd7-11f0-8cac-9ee62e3b7bba":{"metas":[{"phx_ref":"GIjeRWhJYOM6AviB","phx_ref_prev":"GIjeQMA9tjM6Avch","last_seen":"2026-01-08T21:20:43.269Z","status":"online","user_id":"656daa91-33b4-4688-9135-c982ea52d7c9","username":"ursinho"}]}},"leaves":{"48eeb110-ecd7-11f0-8cac-9ee62e3b7bba":{"metas":[{"phx_ref":"GIjeQMA9tjM6Avch","phx_ref_prev":"GIjePBgmu1g6AvYB","last_seen":"2026-01-08T21:20:23.268Z","status":"online","user_id":"656daa91-33b4-4688-9135-c982ea52d7c9","username":"ursinho"}]}}},"topic":"realtime:global-presence"}
💓 Heartbeat sent
📨 Received: {"ref":"9","event":"phx_reply","payload":{"status":"ok","response":{}},"topic":"phoenix"}
⏰ AppState: Next schedule update set for Event End: 2026-01-08 22:16:30 +0000
⏰ AppState: Scheduling update in 3338 seconds
📨 Received: {"ref":null,"event":"presence_diff","payload":{"joins":{"d0f9f778-ecd6-11f0-9054-9ee62e3b7bba":{"metas":[{"phx_ref":"GIjeScaQHRU6Avlh","phx_ref_prev":"GIjeRR5g2b46AvhB","last_seen":"2026-01-08T21:21:02.026Z","status":"online","user_id":"96e01cdb-36c0-4228-a6e4-a29a3c66bc8e","username":"lemontom"}]}},"leaves":{"d0f9f778-ecd6-11f0-9054-9ee62e3b7bba":{"metas":[{"phx_ref":"GIjeRR5g2b46AvhB","phx_ref_prev":"GIjeQHYy3Vs6AvcB","last_seen":"2026-01-08T21:20:42.025Z","status":"online","user_id":"96e01cdb-36c0-4228-a6e4-a29a3c66bc8e","username":"lemontom"}]}}},"topic":"realtime:global-presence"}
💓 Heartbeat sent
💓 Heartbeat sent
📨 Received: {"ref":"23","event":"phx_reply","payload":{"status":"ok","response":{}},"topic":"phoenix"}
📨 Received: {"ref":"9","event":"phx_reply","payload":{"status":"ok","response":{}},"topic":"phoenix"}
⏰ AppState: Next schedule update set for Event End: 2026-01-08 22:16:30 +0000
⏰ AppState: Scheduling update in 3328 seconds
📨 Received: {"ref":"24","event":"phx_reply","payload":{"status":"ok","response":{}},"topic":"realtime:global-presence"}
📨 Received: {"ref":null,"event":"presence_diff","payload":{"joins":{"48eeb110-ecd7-11f0-8cac-9ee62e3b7bba":{"metas":[{"phx_ref":"GIjeShBy_Fk6AvmB","phx_ref_prev":"GIjeRWhJYOM6AviB","last_seen":"2026-01-08T21:21:03.269Z","status":"online","user_id":"656daa91-33b4-4688-9135-c982ea52d7c9","username":"ursinho"}]}},"leaves":{"48eeb110-ecd7-11f0-8cac-9ee62e3b7bba":{"metas":[{"phx_ref":"GIjeRWhJYOM6AviB","phx_ref_prev":"GIjeQMA9tjM6Avch","last_seen":"2026-01-08T21:20:43.269Z","status":"online","user_id":"656daa91-33b4-4688-9135-c982ea52d7c9","username":"ursinho"}]}}},"topic":"realtime:global-presence"}
⏰ AppState: Next schedule update set for Event End: 2026-01-08 22:16:30 +0000
⏰ AppState: Scheduling update in 3318 seconds
📡 [EventsConfig] Checking server for movie_events config version...
✅ [EventsConfig] Fetched movie_events version 1486 with 411 movies
✅ [EventsConfig] Using cached movie_events config (version 1486, 411 movies)
📨 Received: {"ref":null,"event":"presence_diff","payload":{"joins":{"d0f9f778-ecd6-11f0-9054-9ee62e3b7bba":{"metas":[{"phx_ref":"GIjeTm7Iwcg6AvpB","phx_ref_prev":"GIjeScaQHRU6Avlh","last_seen":"2026-01-08T21:21:22.024Z","status":"online","user_id":"96e01cdb-36c0-4228-a6e4-a29a3c66bc8e","username":"lemontom"}]}},"leaves":{"d0f9f778-ecd6-11f0-9054-9ee62e3b7bba":{"metas":[{"phx_ref":"GIjeScaQHRU6Avlh","phx_ref_prev":"GIjeRR5g2b46AvhB","last_seen":"2026-01-08T21:21:02.026Z","status":"online","user_id":"96e01cdb-36c0-4228-a6e4-a29a3c66bc8e","username":"lemontom"}]}}},"topic":"realtime:global-presence"}
💓 Heartbeat sent
⏰ AppState: Next schedule update set for Event End: 2026-01-08 22:16:30 +0000
⏰ AppState: Scheduling update in 3308 seconds
📨 Received: {"ref":"10","event":"phx_reply","payload":{"status":"ok","response":{}},"topic":"phoenix"}
📨 Received: {"ref":"25","event":"phx_reply","payload":{"status":"ok","response":{}},"topic":"realtime:global-presence"}
📨 Received: {"ref":null,"event":"presence_diff","payload":{"joins":{"48eeb110-ecd7-11f0-8cac-9ee62e3b7bba":{"metas":[{"phx_ref":"GIjeTriOu9Y6Avph","phx_ref_prev":"GIjeShBy_Fk6AvmB","last_seen":"2026-01-08T21:21:23.270Z","status":"online","user_id":"656daa91-33b4-4688-9135-c982ea52d7c9","username":"ursinho"}]}},"leaves":{"48eeb110-ecd7-11f0-8cac-9ee62e3b7bba":{"metas":[{"phx_ref":"GIjeShBy_Fk6AvmB","phx_ref_prev":"GIjeRWhJYOM6AviB","last_seen":"2026-01-08T21:21:03.269Z","status":"online","user_id":"656daa91-33b4-4688-9135-c982ea52d7c9","username":"ursinho"}]}}},"topic":"realtime:global-presence"}
💓 Heartbeat sent
💓 Heartbeat sent
📨 Received: {"ref":"10","event":"phx_reply","payload":{"status":"ok","response":{}},"topic":"phoenix"}
📨 Received: {"ref":"26","event":"phx_reply","payload":{"status":"ok","response":{}},"topic":"phoenix"}
⏰ AppState: Next schedule update set for Event End: 2026-01-08 22:16:30 +0000
⏰ AppState: Scheduling update in 3298 seconds
📨 Received: {"ref":null,"event":"presence_diff","payload":{"joins":{"d0f9f778-ecd6-11f0-9054-9ee62e3b7bba":{"metas":[{"phx_ref":"GIjeUxbv-Vw6Avrh","phx_ref_prev":"GIjeTm7Iwcg6AvpB","last_seen":"2026-01-08T21:21:42.026Z","status":"online","user_id":"96e01cdb-36c0-4228-a6e4-a29a3c66bc8e","username":"lemontom"}]}},"leaves":{"d0f9f778-ecd6-11f0-9054-9ee62e3b7bba":{"metas":[{"phx_ref":"GIjeTm7Iwcg6AvpB","phx_ref_prev":"GIjeScaQHRU6Avlh","last_seen":"2026-01-08T21:21:22.024Z","status":"online","user_id":"96e01cdb-36c0-4228-a6e4-a29a3c66bc8e","username":"lemontom"}]}}},"topic":"realtime:global-presence"}
⏰ AppState: Next schedule update set for Event End: 2026-01-08 22:16:30 +0000
⏰ AppState: Scheduling update in 3288 seconds
📨 Received: {"ref":"27","event":"phx_reply","payload":{"status":"ok","response":{}},"topic":"realtime:global-presence"}
📨 Received: {"ref":null,"event":"presence_diff","payload":{"joins":{"48eeb110-ecd7-11f0-8cac-9ee62e3b7bba":{"metas":[{"phx_ref":"GIjeU2C2ays6Avth","phx_ref_prev":"GIjeTriOu9Y6Avph","last_seen":"2026-01-08T21:21:43.271Z","status":"online","user_id":"656daa91-33b4-4688-9135-c982ea52d7c9","username":"ursinho"}]}},"leaves":{"48eeb110-ecd7-11f0-8cac-9ee62e3b7bba":{"metas":[{"phx_ref":"GIjeTriOu9Y6Avph","phx_ref_prev":"GIjeShBy_Fk6AvmB","last_seen":"2026-01-08T21:21:23.270Z","status":"online","user_id":"656daa91-33b4-4688-9135-c982ea52d7c9","username":"ursinho"}]}}},"topic":"realtime:global-presence"}
⏰ AppState: Next schedule update set for Event End: 2026-01-08 22:16:30 +0000
⏰ AppState: Scheduling update in 3278 seconds
💓 Heartbeat sent
📨 Received: {"ref":"11","event":"phx_reply","payload":{"status":"ok","response":{}},"topic":"phoenix"}
📨 Received: {"ref":null,"event":"presence_diff","payload":{"joins":{"d0f9f778-ecd6-11f0-9054-9ee62e3b7bba":{"metas":[{"phx_ref":"GIjeV77inyM6Avxh","phx_ref_prev":"GIjeUxbv-Vw6Avrh","last_seen":"2026-01-08T21:22:02.025Z","status":"online","user_id":"96e01cdb-36c0-4228-a6e4-a29a3c66bc8e","username":"lemontom"}]}},"leaves":{"d0f9f778-ecd6-11f0-9054-9ee62e3b7bba":{"metas":[{"phx_ref":"GIjeUxbv-Vw6Avrh","phx_ref_prev":"GIjeTm7Iwcg6AvpB","last_seen":"2026-01-08T21:21:42.026Z","status":"online","user_id":"96e01cdb-36c0-4228-a6e4-a29a3c66bc8e","username":"lemontom"}]}}},"topic":"realtime:global-presence"}
💓 Heartbeat sent
💓 Heartbeat sent
📨 Received: {"ref":"11","event":"phx_reply","payload":{"status":"ok","response":{}},"topic":"phoenix"}
📨 Received: {"ref":"28","event":"phx_reply","payload":{"status":"ok","response":{}},"topic":"phoenix"}
⏰ AppState: Next schedule update set for Event End: 2026-01-08 22:16:30 +0000
⏰ AppState: Scheduling update in 3267 seconds
📨 Received: {"ref":"29","event":"phx_reply","payload":{"status":"ok","response":{}},"topic":"realtime:global-presence"}
📨 Received: {"ref":null,"event":"presence_diff","payload":{"joins":{"48eeb110-ecd7-11f0-8cac-9ee62e3b7bba":{"metas":[{"phx_ref":"GIjeWAjEIts6AvzB","phx_ref_prev":"GIjeU2C2ays6Avth","last_seen":"2026-01-08T21:22:03.271Z","status":"online","user_id":"656daa91-33b4-4688-9135-c982ea52d7c9","username":"ursinho"}]}},"leaves":{"48eeb110-ecd7-11f0-8cac-9ee62e3b7bba":{"metas":[{"phx_ref":"GIjeU2C2ays6Avth","phx_ref_prev":"GIjeTriOu9Y6Avph","last_seen":"2026-01-08T21:21:43.271Z","status":"online","user_id":"656daa91-33b4-4688-9135-c982ea52d7c9","username":"ursinho"}]}}},"topic":"realtime:global-presence"}
⏰ AppState: Next schedule update set for Event End: 2026-01-08 22:16:30 +0000
⏰ AppState: Scheduling update in 3257 seconds
📡 [EventsConfig] Checking server for movie_events config version...
✅ [EventsConfig] Fetched movie_events version 1486 with 411 movies
✅ [EventsConfig] Using cached movie_events config (version 1486, 411 movies)
📨 Received: {"ref":null,"event":"presence_diff","payload":{"joins":{"d0f9f778-ecd6-11f0-9054-9ee62e3b7bba":{"metas":[{"phx_ref":"GIjeXGcUKbk6Av3B","phx_ref_prev":"GIjeV77inyM6Avxh","last_seen":"2026-01-08T21:22:22.025Z","status":"online","user_id":"96e01cdb-36c0-4228-a6e4-a29a3c66bc8e","username":"lemontom"}]}},"leaves":{"d0f9f778-ecd6-11f0-9054-9ee62e3b7bba":{"metas":[{"phx_ref":"GIjeV77inyM6Avxh","phx_ref_prev":"GIjeUxbv-Vw6Avrh","last_seen":"2026-01-08T21:22:02.025Z","status":"online","user_id":"96e01cdb-36c0-4228-a6e4-a29a3c66bc8e","username":"lemontom"}]}}},"topic":"realtime:global-presence"}
⏰ AppState: Next schedule update set for Event End: 2026-01-08 22:16:30 +0000
⏰ AppState: Scheduling update in 3248 seconds
📨 Received: {"ref":"30","event":"phx_reply","payload":{"status":"ok","response":{}},"topic":"realtime:global-presence"}
📨 Received: {"ref":null,"event":"presence_diff","payload":{"joins":{"48eeb110-ecd7-11f0-8cac-9ee62e3b7bba":{"metas":[{"phx_ref":"GIjeXLD5RBM6Av4h","phx_ref_prev":"GIjeWAjEIts6AvzB","last_seen":"2026-01-08T21:22:23.272Z","status":"online","user_id":"656daa91-33b4-4688-9135-c982ea52d7c9","username":"ursinho"}]}},"leaves":{"48eeb110-ecd7-11f0-8cac-9ee62e3b7bba":{"metas":[{"phx_ref":"GIjeWAjEIts6AvzB","phx_ref_prev":"GIjeU2C2ays6Avth","last_seen":"2026-01-08T21:22:03.271Z","status":"online","user_id":"656daa91-33b4-4688-9135-c982ea52d7c9","username":"ursinho"}]}}},"topic":"realtime:global-presence"}
📉 SocialService: User 656daa91-33b4-4688-9135-c982ea52d7c9 went offline (No active refs)
📈 SocialService: User 656daa91-33b4-4688-9135-c982ea52d7c9 came online
💓 Heartbeat sent
📨 Received: {"ref":"12","event":"phx_reply","payload":{"status":"ok","response":{}},"topic":"phoenix"}
💓 Heartbeat sent
💓 Heartbeat sent
⏰ AppState: Next schedule update set for Event End: 2026-01-08 22:16:30 +0000
⏰ AppState: Scheduling update in 3238 seconds
📨 Received: {"ref":"12","event":"phx_reply","payload":{"status":"ok","response":{}},"topic":"phoenix"}
📨 Received: {"ref":"31","event":"phx_reply","payload":{"status":"ok","response":{}},"topic":"phoenix"}
📨 Received: {"ref":null,"event":"presence_diff","payload":{"joins":{"d0f9f778-ecd6-11f0-9054-9ee62e3b7bba":{"metas":[{"phx_ref":"GIjeYQ9ALwk6Av8B","phx_ref_prev":"GIjeXGcUKbk6Av3B","last_seen":"2026-01-08T21:22:42.026Z","status":"online","user_id":"96e01cdb-36c0-4228-a6e4-a29a3c66bc8e","username":"lemontom"}]}},"leaves":{"d0f9f778-ecd6-11f0-9054-9ee62e3b7bba":{"metas":[{"phx_ref":"GIjeXGcUKbk6Av3B","phx_ref_prev":"GIjeV77inyM6Avxh","last_seen":"2026-01-08T21:22:22.025Z","status":"online","user_id":"96e01cdb-36c0-4228-a6e4-a29a3c66bc8e","username":"lemontom"}]}}},"topic":"realtime:global-presence"}
⏰ AppState: Next schedule update set for Event End: 2026-01-08 22:16:30 +0000
⏰ AppState: Scheduling update in 3228 seconds
📨 Received: {"ref":"32","event":"phx_reply","payload":{"status":"ok","response":{}},"topic":"realtime:global-presence"}
📨 Received: {"ref":null,"event":"presence_diff","payload":{"joins":{"48eeb110-ecd7-11f0-8cac-9ee62e3b7bba":{"metas":[{"phx_ref":"GIjeYVkLdYM6Av-B","phx_ref_prev":"GIjeXLD5RBM6Av4h","last_seen":"2026-01-08T21:22:43.272Z","status":"online","user_id":"656daa91-33b4-4688-9135-c982ea52d7c9","username":"ursinho"}]}},"leaves":{"48eeb110-ecd7-11f0-8cac-9ee62e3b7bba":{"metas":[{"phx_ref":"GIjeXLD5RBM6Av4h","phx_ref_prev":"GIjeWAjEIts6AvzB","last_seen":"2026-01-08T21:22:23.272Z","status":"online","user_id":"656daa91-33b4-4688-9135-c982ea52d7c9","username":"ursinho"}]}}},"topic":"realtime:global-presence"}
⏰ AppState: Next schedule update set for Event End: 2026-01-08 22:16:30 +0000
⏰ AppState: Scheduling update in 3218 seconds
💓 Heartbeat sent
📨 Received: {"ref":"13","event":"phx_reply","payload":{"status":"ok","response":{}},"topic":"phoenix"}
📨 Received: {"ref":null,"event":"presence_diff","payload":{"joins":{"d0f9f778-ecd6-11f0-9054-9ee62e3b7bba":{"metas":[{"phx_ref":"GIjeZbf1wQo6Av_h","phx_ref_prev":"GIjeYQ9ALwk6Av8B","last_seen":"2026-01-08T21:23:02.027Z","status":"online","user_id":"96e01cdb-36c0-4228-a6e4-a29a3c66bc8e","username":"lemontom"}]}},"leaves":{"d0f9f778-ecd6-11f0-9054-9ee62e3b7bba":{"metas":[{"phx_ref":"GIjeYQ9ALwk6Av8B","phx_ref_prev":"GIjeXGcUKbk6Av3B","last_seen":"2026-01-08T21:22:42.026Z","status":"online","user_id":"96e01cdb-36c0-4228-a6e4-a29a3c66bc8e","username":"lemontom"}]}}},"topic":"realtime:global-presence"}
💓 Heartbeat sent
💓 Heartbeat sent
⏰ AppState: Next schedule update set for Event End: 2026-01-08 22:16:30 +0000
⏰ AppState: Scheduling update in 3208 seconds
📨 Received: {"ref":"33","event":"phx_reply","payload":{"status":"ok","response":{}},"topic":"phoenix"}
📨 Received: {"ref":"13","event":"phx_reply","payload":{"status":"ok","response":{}},"topic":"phoenix"}
📨 Received: {"ref":"34","event":"phx_reply","payload":{"status":"ok","response":{}},"topic":"realtime:global-presence"}
📨 Received: {"ref":null,"event":"presence_diff","payload":{"joins":{"48eeb110-ecd7-11f0-8cac-9ee62e3b7bba":{"metas":[{"phx_ref":"GIjeZgFWzro6AjNC","phx_ref_prev":"GIjeYVkLdYM6Av-B","last_seen":"2026-01-08T21:23:03.273Z","status":"online","user_id":"656daa91-33b4-4688-9135-c982ea52d7c9","username":"ursinho"}]}},"leaves":{"48eeb110-ecd7-11f0-8cac-9ee62e3b7bba":{"metas":[{"phx_ref":"GIjeYVkLdYM6Av-B","phx_ref_prev":"GIjeXLD5RBM6Av4h","last_seen":"2026-01-08T21:22:43.272Z","status":"online","user_id":"656daa91-33b4-4688-9135-c982ea52d7c9","username":"ursinho"}]}}},"topic":"realtime:global-presence"}
⏰ AppState: Next schedule update set for Event End: 2026-01-08 22:16:30 +0000
⏰ AppState: Scheduling update in 3198 seconds
📡 [EventsConfig] Checking server for movie_events config version...
✅ [EventsConfig] Fetched movie_events version 1486 with 411 movies
✅ [EventsConfig] Using cached movie_events config (version 1486, 411 movies)
📨 Received: {"ref":null,"event":"presence_diff","payload":{"joins":{"d0f9f778-ecd6-11f0-9054-9ee62e3b7bba":{"metas":[{"phx_ref":"GIjeal_Ke6c6AgCB","phx_ref_prev":"GIjeZbf1wQo6Av_h","last_seen":"2026-01-08T21:23:22.027Z","status":"online","user_id":"96e01cdb-36c0-4228-a6e4-a29a3c66bc8e","username":"lemontom"}]}},"leaves":{"d0f9f778-ecd6-11f0-9054-9ee62e3b7bba":{"metas":[{"phx_ref":"GIjeZbf1wQo6Av_h","phx_ref_prev":"GIjeYQ9ALwk6Av8B","last_seen":"2026-01-08T21:23:02.027Z","status":"online","user_id":"96e01cdb-36c0-4228-a6e4-a29a3c66bc8e","username":"lemontom"}]}}},"topic":"realtime:global-presence"}
⏰ AppState: Next schedule update set for Event End: 2026-01-08 22:16:30 +0000
⏰ AppState: Scheduling update in 3187 seconds
📨 Received: {"ref":"35","event":"phx_reply","payload":{"status":"ok","response":{}},"topic":"realtime:global-presence"}
📨 Received: {"ref":null,"event":"presence_diff","payload":{"joins":{"48eeb110-ecd7-11f0-8cac-9ee62e3b7bba":{"metas":[{"phx_ref":"GIjeaqmpQyI6AgCh","phx_ref_prev":"GIjeZgFWzro6AjNC","last_seen":"2026-01-08T21:23:23.274Z","status":"online","user_id":"656daa91-33b4-4688-9135-c982ea52d7c9","username":"ursinho"}]}},"leaves":{"48eeb110-ecd7-11f0-8cac-9ee62e3b7bba":{"metas":[{"phx_ref":"GIjeZgFWzro6AjNC","phx_ref_prev":"GIjeYVkLdYM6Av-B","last_seen":"2026-01-08T21:23:03.273Z","status":"online","user_id":"656daa91-33b4-4688-9135-c982ea52d7c9","username":"ursinho"}]}}},"topic":"realtime:global-presence"}
💓 Heartbeat sent
📨 Received: {"ref":"14","event":"phx_reply","payload":{"status":"ok","response":{}},"topic":"phoenix"}
💓 Heartbeat sent
💓 Heartbeat sent
⏰ AppState: Next schedule update set for Event End: 2026-01-08 22:16:30 +0000
⏰ AppState: Scheduling update in 3177 seconds
📨 Received: {"ref":"14","event":"phx_reply","payload":{"status":"ok","response":{}},"topic":"phoenix"}
📨 Received: {"ref":"36","event":"phx_reply","payload":{"status":"ok","response":{}},"topic":"phoenix"}
📨 Received: {"ref":null,"event":"presence_diff","payload":{"joins":{"d0f9f778-ecd6-11f0-9054-9ee62e3b7bba":{"metas":[{"phx_ref":"GIjebweytHk6AgEB","phx_ref_prev":"GIjeal_Ke6c6AgCB","last_seen":"2026-01-08T21:23:42.029Z","status":"online","user_id":"96e01cdb-36c0-4228-a6e4-a29a3c66bc8e","username":"lemontom"}]}},"leaves":{"d0f9f778-ecd6-11f0-9054-9ee62e3b7bba":{"metas":[{"phx_ref":"GIjeal_Ke6c6AgCB","phx_ref_prev":"GIjeZbf1wQo6Av_h","last_seen":"2026-01-08T21:23:22.027Z","status":"online","user_id":"96e01cdb-36c0-4228-a6e4-a29a3c66bc8e","username":"lemontom"}]}}},"topic":"realtime:global-presence"}
⏰ AppState: Next schedule update set for Event End: 2026-01-08 22:16:30 +0000
⏰ AppState: Scheduling update in 3168 seconds
📨 Received: {"ref":"37","event":"phx_reply","payload":{"status":"ok","response":{}},"topic":"realtime:global-presence"}
📨 Received: {"ref":null,"event":"presence_diff","payload":{"joins":{"48eeb110-ecd7-11f0-8cac-9ee62e3b7bba":{"metas":[{"phx_ref":"GIjeb1Gde4Q6AgEh","phx_ref_prev":"GIjeaqmpQyI6AgCh","last_seen":"2026-01-08T21:23:43.274Z","status":"online","user_id":"656daa91-33b4-4688-9135-c982ea52d7c9","username":"ursinho"}]}},"leaves":{"48eeb110-ecd7-11f0-8cac-9ee62e3b7bba":{"metas":[{"phx_ref":"GIjeaqmpQyI6AgCh","phx_ref_prev":"GIjeZgFWzro6AjNC","last_seen":"2026-01-08T21:23:23.274Z","status":"online","user_id":"656daa91-33b4-4688-9135-c982ea52d7c9","username":"ursinho"}]}}},"topic":"realtime:global-presence"}
⏰ AppState: Next schedule update set for Event End: 2026-01-08 22:16:30 +0000
⏰ AppState: Scheduling update in 3158 seconds
📨 Received: {"ref":null,"event":"presence_diff","payload":{"joins":{"d0f9f778-ecd6-11f0-9054-9ee62e3b7bba":{"metas":[{"phx_ref":"GIjec6_ebbk6AjXi","phx_ref_prev":"GIjebweytHk6AgEB","last_seen":"2026-01-08T21:24:02.029Z","status":"online","user_id":"96e01cdb-36c0-4228-a6e4-a29a3c66bc8e","username":"lemontom"}]}},"leaves":{"d0f9f778-ecd6-11f0-9054-9ee62e3b7bba":{"metas":[{"phx_ref":"GIjebweytHk6AgEB","phx_ref_prev":"GIjeal_Ke6c6AgCB","last_seen":"2026-01-08T21:23:42.029Z","status":"online","user_id":"96e01cdb-36c0-4228-a6e4-a29a3c66bc8e","username":"lemontom"}]}}},"topic":"realtime:global-presence"}
💓 Heartbeat sent
📨 Received: {"ref":"15","event":"phx_reply","payload":{"status":"ok","response":{}},"topic":"phoenix"}
⏰ AppState: Next schedule update set for Event End: 2026-01-08 22:16:30 +0000
⏰ AppState: Scheduling update in 3148 seconds
💓 Heartbeat sent
💓 Heartbeat sent
📨 Received: {"ref":"38","event":"phx_reply","payload":{"status":"ok","response":{}},"topic":"realtime:global-presence"}
📨 Received: {"ref":null,"event":"presence_diff","payload":{"joins":{"48eeb110-ecd7-11f0-8cac-9ee62e3b7bba":{"metas":[{"phx_ref":"GIjec_ntGbc6AjYC","phx_ref_prev":"GIjeb1Gde4Q6AgEh","last_seen":"2026-01-08T21:24:03.275Z","status":"online","user_id":"656daa91-33b4-4688-9135-c982ea52d7c9","username":"ursinho"}]}},"leaves":{"48eeb110-ecd7-11f0-8cac-9ee62e3b7bba":{"metas":[{"phx_ref":"GIjeb1Gde4Q6AgEh","phx_ref_prev":"GIjeaqmpQyI6AgCh","last_seen":"2026-01-08T21:23:43.274Z","status":"online","user_id":"656daa91-33b4-4688-9135-c982ea52d7c9","username":"ursinho"}]}}},"topic":"realtime:global-presence"}
📨 Received: {"ref":"15","event":"phx_reply","payload":{"status":"ok","response":{}},"topic":"phoenix"}
📨 Received: {"ref":"39","event":"phx_reply","payload":{"status":"ok","response":{}},"topic":"phoenix"}
⏰ AppState: Next schedule update set for Event End: 2026-01-08 22:16:30 +0000
⏰ AppState: Scheduling update in 3138 seconds
📡 [EventsConfig] Checking server for movie_events config version...
✅ [EventsConfig] Fetched movie_events version 1486 with 411 movies
✅ [EventsConfig] Using cached movie_events config (version 1486, 411 movies)
📨 Received: {"ref":null,"event":"presence_diff","payload":{"joins":{"d0f9f778-ecd6-11f0-9054-9ee62e3b7bba":{"metas":[{"phx_ref":"GIjeeFfx2AU6AgJB","phx_ref_prev":"GIjec6_ebbk6AjXi","last_seen":"2026-01-08T21:24:22.029Z","status":"online","user_id":"96e01cdb-36c0-4228-a6e4-a29a3c66bc8e","username":"lemontom"}]}},"leaves":{"d0f9f778-ecd6-11f0-9054-9ee62e3b7bba":{"metas":[{"phx_ref":"GIjec6_ebbk6AjXi","phx_ref_prev":"GIjebweytHk6AgEB","last_seen":"2026-01-08T21:24:02.029Z","status":"online","user_id":"96e01cdb-36c0-4228-a6e4-a29a3c66bc8e","username":"lemontom"}]}}},"topic":"realtime:global-presence"}
⏰ AppState: Next schedule update set for Event End: 2026-01-08 22:16:30 +0000
⏰ AppState: Scheduling update in 3128 seconds
📨 Received: {"ref":"40","event":"phx_reply","payload":{"status":"ok","response":{}},"topic":"realtime:global-presence"}
📨 Received: {"ref":null,"event":"presence_diff","payload":{"joins":{"48eeb110-ecd7-11f0-8cac-9ee62e3b7bba":{"metas":[{"phx_ref":"GIjeeKIYcn46AgJh","phx_ref_prev":"GIjec_ntGbc6AjYC","last_seen":"2026-01-08T21:24:23.275Z","status":"online","user_id":"656daa91-33b4-4688-9135-c982ea52d7c9","username":"ursinho"}]}},"leaves":{"48eeb110-ecd7-11f0-8cac-9ee62e3b7bba":{"metas":[{"phx_ref":"GIjec_ntGbc6AjYC","phx_ref_prev":"GIjeb1Gde4Q6AgEh","last_seen":"2026-01-08T21:24:03.275Z","status":"online","user_id":"656daa91-33b4-4688-9135-c982ea52d7c9","username":"ursinho"}]}}},"topic":"realtime:global-presence"}
💓 Heartbeat sent
📨 Received: {"ref":"16","event":"phx_reply","payload":{"status":"ok","response":{}},"topic":"phoenix"}
⏰ AppState: Next schedule update set for Event End: 2026-01-08 22:16:30 +0000
⏰ AppState: Scheduling update in 3118 seconds
💓 Heartbeat sent
💓 Heartbeat sent
📨 Received: {"ref":"41","event":"phx_reply","payload":{"status":"ok","response":{}},"topic":"phoenix"}
📨 Received: {"ref":"16","event":"phx_reply","payload":{"status":"ok","response":{}},"topic":"phoenix"}
📨 Received: {"ref":null,"event":"presence_diff","payload":{"joins":{"d0f9f778-ecd6-11f0-9054-9ee62e3b7bba":{"metas":[{"phx_ref":"GIjefQAe4iA6AgMh","phx_ref_prev":"GIjeeFfx2AU6AgJB","last_seen":"2026-01-08T21:24:42.028Z","status":"online","user_id":"96e01cdb-36c0-4228-a6e4-a29a3c66bc8e","username":"lemontom"}]}},"leaves":{"d0f9f778-ecd6-11f0-9054-9ee62e3b7bba":{"metas":[{"phx_ref":"GIjeeFfx2AU6AgJB","phx_ref_prev":"GIjec6_ebbk6AjXi","last_seen":"2026-01-08T21:24:22.029Z","status":"online","user_id":"96e01cdb-36c0-4228-a6e4-a29a3c66bc8e","username":"lemontom"}]}}},"topic":"realtime:global-presence"}
⏰ AppState: Next schedule update set for Event End: 2026-01-08 22:16:30 +0000
⏰ AppState: Scheduling update in 3108 seconds
📨 Received: {"ref":"42","event":"phx_reply","payload":{"status":"ok","response":{}},"topic":"realtime:global-presence"}
📨 Received: {"ref":null,"event":"presence_diff","payload":{"joins":{"48eeb110-ecd7-11f0-8cac-9ee62e3b7bba":{"metas":[{"phx_ref":"GIjefUnlXJ06AgNB","phx_ref_prev":"GIjeeKIYcn46AgJh","last_seen":"2026-01-08T21:24:43.276Z","status":"online","user_id":"656daa91-33b4-4688-9135-c982ea52d7c9","username":"ursinho"}]}},"leaves":{"48eeb110-ecd7-11f0-8cac-9ee62e3b7bba":{"metas":[{"phx_ref":"GIjeeKIYcn46AgJh","phx_ref_prev":"GIjec_ntGbc6AjYC","last_seen":"2026-01-08T21:24:23.275Z","status":"online","user_id":"656daa91-33b4-4688-9135-c982ea52d7c9","username":"ursinho"}]}}},"topic":"realtime:global-presence"}
⏰ AppState: Next schedule update set for Event End: 2026-01-08 22:16:30 +0000
⏰ AppState: Scheduling update in 3098 seconds
📨 Received: {"ref":null,"event":"presence_diff","payload":{"joins":{"d0f9f778-ecd6-11f0-9054-9ee62e3b7bba":{"metas":[{"phx_ref":"GIjegaiHwcs6AgPB","phx_ref_prev":"GIjefQAe4iA6AgMh","last_seen":"2026-01-08T21:25:02.029Z","status":"online","user_id":"96e01cdb-36c0-4228-a6e4-a29a3c66bc8e","username":"lemontom"}]}},"leaves":{"d0f9f778-ecd6-11f0-9054-9ee62e3b7bba":{"metas":[{"phx_ref":"GIjefQAe4iA6AgMh","phx_ref_prev":"GIjeeFfx2AU6AgJB","last_seen":"2026-01-08T21:24:42.028Z","status":"online","user_id":"96e01cdb-36c0-4228-a6e4-a29a3c66bc8e","username":"lemontom"}]}}},"topic":"realtime:global-presence"}
💓 Heartbeat sent
📨 Received: {"ref":"17","event":"phx_reply","payload":{"status":"ok","response":{}},"topic":"phoenix"}
⏰ AppState: Next schedule update set for Event End: 2026-01-08 22:16:30 +0000
⏰ AppState: Scheduling update in 3088 seconds
📨 Received: {"ref":"43","event":"phx_reply","payload":{"status":"ok","response":{}},"topic":"realtime:global-presence"}
📨 Received: {"ref":null,"event":"presence_diff","payload":{"joins":{"48eeb110-ecd7-11f0-8cac-9ee62e3b7bba":{"metas":[{"phx_ref":"GIjegfIZ28U6AgPh","phx_ref_prev":"GIjefUnlXJ06AgNB","last_seen":"2026-01-08T21:25:03.276Z","status":"online","user_id":"656daa91-33b4-4688-9135-c982ea52d7c9","username":"ursinho"}]}},"leaves":{"48eeb110-ecd7-11f0-8cac-9ee62e3b7bba":{"metas":[{"phx_ref":"GIjefUnlXJ06AgNB","phx_ref_prev":"GIjeeKIYcn46AgJh","last_seen":"2026-01-08T21:24:43.276Z","status":"online","user_id":"656daa91-33b4-4688-9135-c982ea52d7c9","username":"ursinho"}]}}},"topic":"realtime:global-presence"}
💓 Heartbeat sent
💓 Heartbeat sent
📨 Received: {"ref":"17","event":"phx_reply","payload":{"status":"ok","response":{}},"topic":"phoenix"}
📨 Received: {"ref":"44","event":"phx_reply","payload":{"status":"ok","response":{}},"topic":"phoenix"}
⏰ AppState: Next schedule update set for Event End: 2026-01-08 22:16:30 +0000
⏰ AppState: Scheduling update in 3078 seconds
📡 [EventsConfig] Checking server for movie_events config version...
✅ [EventsConfig] Fetched movie_events version 1486 with 411 movies
✅ [EventsConfig] Using cached movie_events config (version 1486, 411 movies)
📨 Received: {"ref":null,"event":"presence_diff","payload":{"joins":{"d0f9f778-ecd6-11f0-9054-9ee62e3b7bba":{"metas":[{"phx_ref":"GIjehlBBUyU6AgSh","phx_ref_prev":"GIjegaiHwcs6AgPB","last_seen":"2026-01-08T21:25:22.028Z","status":"online","user_id":"96e01cdb-36c0-4228-a6e4-a29a3c66bc8e","username":"lemontom"}]}},"leaves":{"d0f9f778-ecd6-11f0-9054-9ee62e3b7bba":{"metas":[{"phx_ref":"GIjegaiHwcs6AgPB","phx_ref_prev":"GIjefQAe4iA6AgMh","last_seen":"2026-01-08T21:25:02.029Z","status":"online","user_id":"96e01cdb-36c0-4228-a6e4-a29a3c66bc8e","username":"lemontom"}]}}},"topic":"realtime:global-presence"}
⏰ AppState: Next schedule update set for Event End: 2026-01-08 22:16:30 +0000
⏰ AppState: Scheduling update in 3068 seconds
📨 Received: {"ref":"45","event":"phx_reply","payload":{"status":"ok","response":{}},"topic":"realtime:global-presence"}
📨 Received: {"ref":null,"event":"presence_diff","payload":{"joins":{"48eeb110-ecd7-11f0-8cac-9ee62e3b7bba":{"metas":[{"phx_ref":"GIjehponM-E6AgTB","phx_ref_prev":"GIjegfIZ28U6AgPh","last_seen":"2026-01-08T21:25:23.277Z","status":"online","user_id":"656daa91-33b4-4688-9135-c982ea52d7c9","username":"ursinho"}]}},"leaves":{"48eeb110-ecd7-11f0-8cac-9ee62e3b7bba":{"metas":[{"phx_ref":"GIjegfIZ28U6AgPh","phx_ref_prev":"GIjefUnlXJ06AgNB","last_seen":"2026-01-08T21:25:03.276Z","status":"online","user_id":"656daa91-33b4-4688-9135-c982ea52d7c9","username":"ursinho"}]}}},"topic":"realtime:global-presence"}
💓 Heartbeat sent
📨 Received: {"ref":"18","event":"phx_reply","payload":{"status":"ok","response":{}},"topic":"phoenix"}
⏰ AppState: Next schedule update set for Event End: 2026-01-08 22:16:30 +0000
⏰ AppState: Scheduling update in 3058 seconds
💓 Heartbeat sent
💓 Heartbeat sent
📨 Received: {"ref":"18","event":"phx_reply","payload":{"status":"ok","response":{}},"topic":"phoenix"}
📨 Received: {"ref":"46","event":"phx_reply","payload":{"status":"ok","response":{}},"topic":"phoenix"}
📨 Received: {"ref":null,"event":"presence_diff","payload":{"joins":{"d0f9f778-ecd6-11f0-9054-9ee62e3b7bba":{"metas":[{"phx_ref":"GIjeivizVXk6AgVh","phx_ref_prev":"GIjehlBBUyU6AgSh","last_seen":"2026-01-08T21:25:42.029Z","status":"online","user_id":"96e01cdb-36c0-4228-a6e4-a29a3c66bc8e","username":"lemontom"}]}},"leaves":{"d0f9f778-ecd6-11f0-9054-9ee62e3b7bba":{"metas":[{"phx_ref":"GIjehlBBUyU6AgSh","phx_ref_prev":"GIjegaiHwcs6AgPB","last_seen":"2026-01-08T21:25:22.028Z","status":"online","user_id":"96e01cdb-36c0-4228-a6e4-a29a3c66bc8e","username":"lemontom"}]}}},"topic":"realtime:global-presence"}
⏰ AppState: Next schedule update set for Event End: 2026-01-08 22:16:30 +0000
⏰ AppState: Scheduling update in 3048 seconds
📨 Received: {"ref":"47","event":"phx_reply","payload":{"status":"ok","response":{}},"topic":"realtime:global-presence"}
📨 Received: {"ref":null,"event":"presence_diff","payload":{"joins":{"48eeb110-ecd7-11f0-8cac-9ee62e3b7bba":{"metas":[{"phx_ref":"GIjei0I2DII6AgWh","phx_ref_prev":"GIjehponM-E6AgTB","last_seen":"2026-01-08T21:25:43.278Z","status":"online","user_id":"656daa91-33b4-4688-9135-c982ea52d7c9","username":"ursinho"}]}},"leaves":{"48eeb110-ecd7-11f0-8cac-9ee62e3b7bba":{"metas":[{"phx_ref":"GIjehponM-E6AgTB","phx_ref_prev":"GIjegfIZ28U6AgPh","last_seen":"2026-01-08T21:25:23.277Z","status":"online","user_id":"656daa91-33b4-4688-9135-c982ea52d7c9","username":"ursinho"}]}}},"topic":"realtime:global-presence"}
⏰ AppState: Next schedule update set for Event End: 2026-01-08 22:16:30 +0000
⏰ AppState: Scheduling update in 3038 seconds
📨 Received: {"ref":null,"event":"presence_diff","payload":{"joins":{"d0f9f778-ecd6-11f0-9054-9ee62e3b7bba":{"metas":[{"phx_ref":"GIjej6EJkAg6AgaB","phx_ref_prev":"GIjeivizVXk6AgVh","last_seen":"2026-01-08T21:26:02.031Z","status":"online","user_id":"96e01cdb-36c0-4228-a6e4-a29a3c66bc8e","username":"lemontom"}]}},"leaves":{"d0f9f778-ecd6-11f0-9054-9ee62e3b7bba":{"metas":[{"phx_ref":"GIjeivizVXk6AgVh","phx_ref_prev":"GIjehlBBUyU6AgSh","last_seen":"2026-01-08T21:25:42.029Z","status":"online","user_id":"96e01cdb-36c0-4228-a6e4-a29a3c66bc8e","username":"lemontom"}]}}},"topic":"realtime:global-presence"}
💓 Heartbeat sent
📨 Received: {"ref":"19","event":"phx_reply","payload":{"status":"ok","response":{}},"topic":"phoenix"}
⏰ AppState: Next schedule update set for Event End: 2026-01-08 22:16:30 +0000
⏰ AppState: Scheduling update in 3028 seconds
📨 Received: {"ref":"48","event":"phx_reply","payload":{"status":"ok","response":{}},"topic":"realtime:global-presence"}
📨 Received: {"ref":null,"event":"presence_diff","payload":{"joins":{"48eeb110-ecd7-11f0-8cac-9ee62e3b7bba":{"metas":[{"phx_ref":"GIjej-prnoY6Agah","phx_ref_prev":"GIjei0I2DII6AgWh","last_seen":"2026-01-08T21:26:03.278Z","status":"online","user_id":"656daa91-33b4-4688-9135-c982ea52d7c9","username":"ursinho"}]}},"leaves":{"48eeb110-ecd7-11f0-8cac-9ee62e3b7bba":{"metas":[{"phx_ref":"GIjei0I2DII6AgWh","phx_ref_prev":"GIjehponM-E6AgTB","last_seen":"2026-01-08T21:25:43.278Z","status":"online","user_id":"656daa91-33b4-4688-9135-c982ea52d7c9","username":"ursinho"}]}}},"topic":"realtime:global-presence"}
💓 Heartbeat sent
💓 Heartbeat sent
📨 Received: {"ref":"19","event":"phx_reply","payload":{"status":"ok","response":{}},"topic":"phoenix"}
📨 Received: {"ref":"49","event":"phx_reply","payload":{"status":"ok","response":{}},"topic":"phoenix"}
⏰ AppState: Next schedule update set for Event End: 2026-01-08 22:16:30 +0000
⏰ AppState: Scheduling update in 3018 seconds
📡 [EventsConfig] Checking server for movie_events config version...
✅ [EventsConfig] Fetched movie_events version 1486 with 411 movies
✅ [EventsConfig] Using cached movie_events config (version 1486, 411 movies)
📨 Received: {"ref":null,"event":"presence_diff","payload":{"joins":{"d0f9f778-ecd6-11f0-9054-9ee62e3b7bba":{"metas":[{"phx_ref":"GIjelEjS45M6AggB","phx_ref_prev":"GIjej6EJkAg6AgaB","last_seen":"2026-01-08T21:26:22.031Z","status":"online","user_id":"96e01cdb-36c0-4228-a6e4-a29a3c66bc8e","username":"lemontom"}]}},"leaves":{"d0f9f778-ecd6-11f0-9054-9ee62e3b7bba":{"metas":[{"phx_ref":"GIjej6EJkAg6AgaB","phx_ref_prev":"GIjeivizVXk6AgVh","last_seen":"2026-01-08T21:26:02.031Z","status":"online","user_id":"96e01cdb-36c0-4228-a6e4-a29a3c66bc8e","username":"lemontom"}]}}},"topic":"realtime:global-presence"}
⏰ AppState: Next schedule update set for Event End: 2026-01-08 22:16:30 +0000
⏰ AppState: Scheduling update in 3008 seconds
📨 Received: {"ref":"50","event":"phx_reply","payload":{"status":"ok","response":{}},"topic":"realtime:global-presence"}
📨 Received: {"ref":null,"event":"presence_diff","payload":{"joins":{"48eeb110-ecd7-11f0-8cac-9ee62e3b7bba":{"metas":[{"phx_ref":"GIjelJLz4FA6Aggh","phx_ref_prev":"GIjej-prnoY6Agah","last_seen":"2026-01-08T21:26:23.279Z","status":"online","user_id":"656daa91-33b4-4688-9135-c982ea52d7c9","username":"ursinho"}]}},"leaves":{"48eeb110-ecd7-11f0-8cac-9ee62e3b7bba":{"metas":[{"phx_ref":"GIjej-prnoY6Agah","phx_ref_prev":"GIjei0I2DII6AgWh","last_seen":"2026-01-08T21:26:03.278Z","status":"online","user_id":"656daa91-33b4-4688-9135-c982ea52d7c9","username":"ursinho"}]}}},"topic":"realtime:global-presence"}
💓 Heartbeat sent
📨 Received: {"ref":"20","event":"phx_reply","payload":{"status":"ok","response":{}},"topic":"phoenix"}
⏰ AppState: Next schedule update set for Event End: 2026-01-08 22:16:30 +0000
⏰ AppState: Scheduling update in 2998 seconds
💓 Heartbeat sent
💓 Heartbeat sent
📨 Received: {"ref":"51","event":"phx_reply","payload":{"status":"ok","response":{}},"topic":"phoenix"}
📨 Received: {"ref":"20","event":"phx_reply","payload":{"status":"ok","response":{}},"topic":"phoenix"}
📨 Received: {"ref":null,"event":"presence_diff","payload":{"joins":{"d0f9f778-ecd6-11f0-9054-9ee62e3b7bba":{"metas":[{"phx_ref":"GIjemPDfvO06Agkh","phx_ref_prev":"GIjelEjS45M6AggB","last_seen":"2026-01-08T21:26:42.032Z","status":"online","user_id":"96e01cdb-36c0-4228-a6e4-a29a3c66bc8e","username":"lemontom"}]}},"leaves":{"d0f9f778-ecd6-11f0-9054-9ee62e3b7bba":{"metas":[{"phx_ref":"GIjelEjS45M6AggB","phx_ref_prev":"GIjej6EJkAg6AgaB","last_seen":"2026-01-08T21:26:22.031Z","status":"online","user_id":"96e01cdb-36c0-4228-a6e4-a29a3c66bc8e","username":"lemontom"}]}}},"topic":"realtime:global-presence"}
⏰ AppState: Next schedule update set for Event End: 2026-01-08 22:16:30 +0000
⏰ AppState: Scheduling update in 2988 seconds
📨 Received: {"ref":"52","event":"phx_reply","payload":{"status":"ok","response":{}},"topic":"realtime:global-presence"}
📨 Received: {"ref":null,"event":"presence_diff","payload":{"joins":{"48eeb110-ecd7-11f0-8cac-9ee62e3b7bba":{"metas":[{"phx_ref":"GIjemTqob-w6AjpC","phx_ref_prev":"GIjelJLz4FA6Aggh","last_seen":"2026-01-08T21:26:43.280Z","status":"online","user_id":"656daa91-33b4-4688-9135-c982ea52d7c9","username":"ursinho"}]}},"leaves":{"48eeb110-ecd7-11f0-8cac-9ee62e3b7bba":{"metas":[{"phx_ref":"GIjelJLz4FA6Aggh","phx_ref_prev":"GIjej-prnoY6Agah","last_seen":"2026-01-08T21:26:23.279Z","status":"online","user_id":"656daa91-33b4-4688-9135-c982ea52d7c9","username":"ursinho"}]}}},"topic":"realtime:global-presence"}
⏰ AppState: Next schedule update set for Event End: 2026-01-08 22:16:30 +0000
⏰ AppState: Scheduling update in 2978 seconds
📨 Received: {"ref":null,"event":"presence_diff","payload":{"joins":{"d0f9f778-ecd6-11f0-9054-9ee62e3b7bba":{"metas":[{"phx_ref":"GIjenZmYD0Y6Agnh","phx_ref_prev":"GIjemPDfvO06Agkh","last_seen":"2026-01-08T21:27:02.032Z","status":"online","user_id":"96e01cdb-36c0-4228-a6e4-a29a3c66bc8e","username":"lemontom"}]}},"leaves":{"d0f9f778-ecd6-11f0-9054-9ee62e3b7bba":{"metas":[{"phx_ref":"GIjemPDfvO06Agkh","phx_ref_prev":"GIjelEjS45M6AggB","last_seen":"2026-01-08T21:26:42.032Z","status":"online","user_id":"96e01cdb-36c0-4228-a6e4-a29a3c66bc8e","username":"lemontom"}]}}},"topic":"realtime:global-presence"}
💓 Heartbeat sent
⏰ AppState: Next schedule update set for Event End: 2026-01-08 22:16:30 +0000
⏰ AppState: Scheduling update in 2968 seconds
📨 Received: {"ref":"21","event":"phx_reply","payload":{"status":"ok","response":{}},"topic":"phoenix"}
📨 Received: {"ref":"53","event":"phx_reply","payload":{"status":"ok","response":{}},"topic":"realtime:global-presence"}
📨 Received: {"ref":null,"event":"presence_diff","payload":{"joins":{"48eeb110-ecd7-11f0-8cac-9ee62e3b7bba":{"metas":[{"phx_ref":"GIjeneLV9cU6AgpB","phx_ref_prev":"GIjemTqob-w6AjpC","last_seen":"2026-01-08T21:27:03.280Z","status":"online","user_id":"656daa91-33b4-4688-9135-c982ea52d7c9","username":"ursinho"}]}},"leaves":{"48eeb110-ecd7-11f0-8cac-9ee62e3b7bba":{"metas":[{"phx_ref":"GIjemTqob-w6AjpC","phx_ref_prev":"GIjelJLz4FA6Aggh","last_seen":"2026-01-08T21:26:43.280Z","status":"online","user_2026-01-08 16:29:28.249 RedLemon[8641:116809] 🎬 Torrentio: Building URL for movie (no season/episode)
2026-01-08 16:29:28.249 RedLemon[8641:116809] 🔗 Torrentio URL (length: 55): https://torrentio.strem.fun/stream/movie/tt0133093.json...
id":"656daa91-33b4-4688-9135-c982ea52d7c9","username":"ursinho"}]}}},"topic":"realtime:global-presence"}
💓 Heartbeat sent
💓 Heartbeat sent
📨 Received: {"ref":"21","event":"phx_reply","payload":{"status":"ok","response":{}},"topic":"phoenix"}
📨 Received: {"ref":"54","event":"phx_reply","payload":{"status":"ok","response":{}},"topic":"phoenix"}
⏰ AppState: Next schedule update set for Event End: 2026-01-08 22:16:30 +0000
⏰ AppState: Scheduling update in 2958 seconds
📡 [EventsConfig] Checking server for movie_events config version...
✅ [EventsConfig] Fetched movie_events version 1486 with 411 movies
✅ [EventsConfig] Using cached movie_events config (version 1486, 411 movies)
📨 Received: {"ref":null,"event":"presence_diff","payload":{"joins":{"d0f9f778-ecd6-11f0-9054-9ee62e3b7bba":{"metas":[{"phx_ref":"GIjeokGE_uo6AgtB","phx_ref_prev":"GIjenZmYD0Y6Agnh","last_seen":"2026-01-08T21:27:22.031Z","status":"online","user_id":"96e01cdb-36c0-4228-a6e4-a29a3c66bc8e","username":"lemontom"}]}},"leaves":{"d0f9f778-ecd6-11f0-9054-9ee62e3b7bba":{"metas":[{"phx_ref":"GIjenZmYD0Y6Agnh","phx_ref_prev":"GIjemPDfvO06Agkh","last_seen":"2026-01-08T21:27:02.032Z","status":"online","user_id":"96e01cdb-36c0-4228-a6e4-a29a3c66bc8e","username":"lemontom"}]}}},"topic":"realtime:global-presence"}
⏰ AppState: Next schedule update set for Event End: 2026-01-08 22:16:30 +0000
⏰ AppState: Scheduling update in 2948 seconds
📨 Received: {"ref":"55","event":"phx_reply","payload":{"status":"ok","response":{}},"topic":"realtime:global-presence"}
📨 Received: {"ref":null,"event":"presence_diff","payload":{"joins":{"48eeb110-ecd7-11f0-8cac-9ee62e3b7bba":{"metas":[{"phx_ref":"GIjeoorlfAo6Aguh","phx_ref_prev":"GIjeneLV9cU6AgpB","last_seen":"2026-01-08T21:27:23.281Z","status":"online","user_id":"656daa91-33b4-4688-9135-c982ea52d7c9","username":"ursinho"}]}},"leaves":{"48eeb110-ecd7-11f0-8cac-9ee62e3b7bba":{"metas":[{"phx_ref":"GIjeneLV9cU6AgpB","phx_ref_prev":"GIjemTqob-w6AjpC","last_seen":"2026-01-08T21:27:03.280Z","status":"online","user_id":"656daa91-33b4-4688-9135-c982ea52d7c9","username":"ursinho"}]}}},"topic":"realtime:global-presence"}
💓 Heartbeat sent
⏰ AppState: Next schedule update set for Event End: 2026-01-08 22:16:30 +0000
⏰ AppState: Scheduling update in 2938 seconds
📨 Received: {"ref":"22","event":"phx_reply","payload":{"status":"ok","response":{}},"topic":"phoenix"}
💓 Heartbeat sent
💓 Heartbeat sent
📨 Received: {"ref":"56","event":"phx_reply","payload":{"status":"ok","response":{}},"topic":"phoenix"}
📨 Received: {"ref":"22","event":"phx_reply","payload":{"status":"ok","response":{}},"topic":"phoenix"}
📨 Received: {"ref":null,"event":"presence_diff","payload":{"joins":{"d0f9f778-ecd6-11f0-9054-9ee62e3b7bba":{"metas":[{"phx_ref":"GIjepuk1QlE6Agyh","phx_ref_prev":"GIjeokGE_uo6AgtB","last_seen":"2026-01-08T21:27:42.032Z","status":"online","user_id":"96e01cdb-36c0-4228-a6e4-a29a3c66bc8e","username":"lemontom"}]}},"leaves":{"d0f9f778-ecd6-11f0-9054-9ee62e3b7bba":{"metas":[{"phx_ref":"GIjeokGE_uo6AgtB","phx_ref_prev":"GIjenZmYD0Y6Agnh","last_seen":"2026-01-08T21:27:22.031Z","status":"online","user_id":"96e01cdb-36c0-4228-a6e4-a29a3c66bc8e","username":"lemontom"}]}}},"topic":"realtime:global-presence"}
⏰ AppState: Next schedule update set for Event End: 2026-01-08 22:16:30 +0000
⏰ AppState: Scheduling update in 2928 seconds
📨 Received: {"ref":"57","event":"phx_reply","payload":{"status":"ok","response":{}},"topic":"realtime:global-presence"}
📨 Received: {"ref":null,"event":"presence_diff","payload":{"joins":{"48eeb110-ecd7-11f0-8cac-9ee62e3b7bba":{"metas":[{"phx_ref":"GIjepzMWGco6Ag0B","phx_ref_prev":"GIjeoorlfAo6Aguh","last_seen":"2026-01-08T21:27:43.281Z","status":"online","user_id":"656daa91-33b4-4688-9135-c982ea52d7c9","username":"ursinho"}]}},"leaves":{"48eeb110-ecd7-11f0-8cac-9ee62e3b7bba":{"metas":[{"phx_ref":"GIjeoorlfAo6Aguh","phx_ref_prev":"GIjeneLV9cU6AgpB","last_seen":"2026-01-08T21:27:23.281Z","status":"online","user_id":"656daa91-33b4-4688-9135-c982ea52d7c9","username":"ursinho"}]}}},"topic":"realtime:global-presence"}
⏰ AppState: Next schedule update set for Event End: 2026-01-08 22:16:30 +0000
⏰ AppState: Scheduling update in 2918 seconds
📨 Received: {"ref":null,"event":"presence_diff","payload":{"joins":{"d0f9f778-ecd6-11f0-9054-9ee62e3b7bba":{"metas":[{"phx_ref":"GIjeq5GAnRE6Ag3h","phx_ref_prev":"GIjepuk1QlE6Agyh","last_seen":"2026-01-08T21:28:02.033Z","status":"online","user_id":"96e01cdb-36c0-4228-a6e4-a29a3c66bc8e","username":"lemontom"}]}},"leaves":{"d0f9f778-ecd6-11f0-9054-9ee62e3b7bba":{"metas":[{"phx_ref":"GIjepuk1QlE6Agyh","phx_ref_prev":"GIjeokGE_uo6AgtB","last_seen":"2026-01-08T21:27:42.032Z","status":"online","user_id":"96e01cdb-36c0-4228-a6e4-a29a3c66bc8e","username":"lemontom"}]}}},"topic":"realtime:global-presence"}
💓 Heartbeat sent
⏰ AppState: Next schedule update set for Event End: 2026-01-08 22:16:30 +0000
⏰ AppState: Scheduling update in 2907 seconds
📨 Received: {"ref":"23","event":"phx_reply","payload":{"status":"ok","response":{}},"topic":"phoenix"}
📨 Received: {"ref":"58","event":"phx_reply","payload":{"status":"ok","response":{}},"topic":"realtime:global-presence"}
📨 Received: {"ref":null,"event":"presence_diff","payload":{"joins":{"48eeb110-ecd7-11f0-8cac-9ee62e3b7bba":{"metas":[{"phx_ref":"GIjeq9tFups6Ag4B","phx_ref_prev":"GIjepzMWGco6Ag0B","last_seen":"2026-01-08T21:28:03.282Z","status":"online","user_id":"656daa91-33b4-4688-9135-c982ea52d7c9","username":"ursinho"}]}},"leaves":{"48eeb110-ecd7-11f0-8cac-9ee62e3b7bba":{"metas":[{"phx_ref":"GIjepzMWGco6Ag0B","phx_ref_prev":"GIjeoorlfAo6Aguh","last_seen":"2026-01-08T21:27:43.281Z","status":"online","user_id":"656daa91-33b4-4688-9135-c982ea52d7c9","username":"ursinho"}]}}},"topic":"realtime:global-presence"}
💓 Heartbeat sent
💓 Heartbeat sent
📨 Received: {"ref":"59","event":"phx_reply","payload":{"status":"ok","response":{}},"topic":"phoenix"}
📨 Received: {"ref":"23","event":"phx_reply","payload":{"status":"ok","response":{}},"topic":"phoenix"}
⏰ AppState: Next schedule update set for Event End: 2026-01-08 22:16:30 +0000
⏰ AppState: Scheduling update in 2898 seconds
📡 [EventsConfig] Checking server for movie_events config version...
✅ [EventsConfig] Fetched movie_events version 1486 with 411 movies
✅ [EventsConfig] Using cached movie_events config (version 1486, 411 movies)
📨 Received: {"ref":null,"event":"presence_diff","payload":{"joins":{"d0f9f778-ecd6-11f0-9054-9ee62e3b7bba":{"metas":[{"phx_ref":"GIjesDn0Dug6Ag-B","phx_ref_prev":"GIjeq5GAnRE6Ag3h","last_seen":"2026-01-08T21:28:22.034Z","status":"online","user_id":"96e01cdb-36c0-4228-a6e4-a29a3c66bc8e","username":"lemontom"}]}},"leaves":{"d0f9f778-ecd6-11f0-9054-9ee62e3b7bba":{"metas":[{"phx_ref":"GIjeq5GAnRE6Ag3h","phx_ref_prev":"GIjepuk1QlE6Agyh","last_seen":"2026-01-08T21:28:02.033Z","status":"online","user_id":"96e01cdb-36c0-4228-a6e4-a29a3c66bc8e","username":"lemontom"}]}}},"topic":"realtime:global-presence"}
⏰ AppState: Next schedule update set for Event End: 2026-01-08 22:16:30 +0000
⏰ AppState: Scheduling update in 2888 seconds
📨 Received: {"ref":"60","event":"phx_reply","payload":{"status":"ok","response":{}},"topic":"realtime:global-presence"}
📨 Received: {"ref":null,"event":"presence_diff","payload":{"joins":{"48eeb110-ecd7-11f0-8cac-9ee62e3b7bba":{"metas":[{"phx_ref":"GIjesIN9xxk6Ag-h","phx_ref_prev":"GIjeq9tFups6Ag4B","last_seen":"2026-01-08T21:28:23.280Z","status":"online","user_id":"656daa91-33b4-4688-9135-c982ea52d7c9","username":"ursinho"}]}},"leaves":{"48eeb110-ecd7-11f0-8cac-9ee62e3b7bba":{"metas":[{"phx_ref":"GIjeq9tFups6Ag4B","phx_ref_prev":"GIjepzMWGco6Ag0B","last_seen":"2026-01-08T21:28:03.282Z","status":"online","user_id":"656daa91-33b4-4688-9135-c982ea52d7c9","username":"ursinho"}]}}},"topic":"realtime:global-presence"}
⏰ AppState: Next schedule update set for Event End: 2026-01-08 22:16:30 +0000
⏰ AppState: Scheduling update in 2878 seconds
💓 Heartbeat sent
💓 Heartbeat sent
💓 Heartbeat sent
📨 Received: {"ref":"24","event":"phx_reply","payload":{"status":"ok","response":{}},"topic":"phoenix"}
📨 Received: {"ref":"24","event":"phx_reply","payload":{"status":"ok","response":{}},"topic":"phoenix"}
📨 Received: {"ref":"61","event":"phx_reply","payload":{"status":"ok","response":{}},"topic":"phoenix"}
📨 Received: {"ref":null,"event":"presence_diff","payload":{"joins":{"d0f9f778-ecd6-11f0-9054-9ee62e3b7bba":{"metas":[{"phx_ref":"GIjetOJmWyU6AhBh","phx_ref_prev":"GIjesDn0Dug6Ag-B","last_seen":"2026-01-08T21:28:42.034Z","status":"online","user_id":"96e01cdb-36c0-4228-a6e4-a29a3c66bc8e","username":"lemontom"}]}},"leaves":{"d0f9f778-ecd6-11f0-9054-9ee62e3b7bba":{"metas":[{"phx_ref":"GIjesDn0Dug6Ag-B","phx_ref_prev":"GIjeq5GAnRE6Ag3h","last_seen":"2026-01-08T21:28:22.034Z","status":"online","user_id":"96e01cdb-36c0-4228-a6e4-a29a3c66bc8e","username":"lemontom"}]}}},"topic":"realtime:global-presence"}
⏰ AppState: Next schedule update set for Event End: 2026-01-08 22:16:30 +0000
⏰ AppState: Scheduling update in 2867 seconds
📨 Received: {"ref":"62","event":"phx_reply","payload":{"status":"ok","response":{}},"topic":"realtime:global-presence"}
📨 Received: {"ref":null,"event":"presence_diff","payload":{"joins":{"48eeb110-ecd7-11f0-8cac-9ee62e3b7bba":{"metas":[{"phx_ref":"GIjetSuHJZo6AhCB","phx_ref_prev":"GIjesIN9xxk6Ag-h","last_seen":"2026-01-08T21:28:43.269Z","status":"online","user_id":"656daa91-33b4-4688-9135-c982ea52d7c9","username":"ursinho"}]}},"leaves":{"48eeb110-ecd7-11f0-8cac-9ee62e3b7bba":{"metas":[{"phx_ref":"GIjesIN9xxk6Ag-h","phx_ref_prev":"GIjeq9tFups6Ag4B","last_seen":"2026-01-08T21:28:23.280Z","status":"online","user_id":"656daa91-33b4-4688-9135-c982ea52d7c9","username":"ursinho"}]}}},"topic":"realtime:global-presence"}
⏰ AppState: Next schedule update set for Event End: 2026-01-08 22:16:30 +0000
⏰ AppState: Scheduling update in 2858 seconds
📨 Received: {"ref":null,"event":"presence_diff","payload":{"joins":{"d0f9f778-ecd6-11f0-9054-9ee62e3b7bba":{"metas":[{"phx_ref":"GIjeuYnQlgk6AhFh","phx_ref_prev":"GIjetOJmWyU6AhBh","last_seen":"2026-01-08T21:29:02.034Z","status":"online","user_id":"96e01cdb-36c0-4228-a6e4-a29a3c66bc8e","username":"lemontom"}]}},"leaves":{"d0f9f778-ecd6-11f0-9054-9ee62e3b7bba":{"metas":[{"phx_ref":"GIjetOJmWyU6AhBh","phx_ref_prev":"GIjesDn0Dug6Ag-B","last_seen":"2026-01-08T21:28:42.034Z","status":"online","user_id":"96e01cdb-36c0-4228-a6e4-a29a3c66bc8e","username":"lemontom"}]}}},"topic":"realtime:global-presence"}
⏰ AppState: Next schedule update set for Event End: 2026-01-08 22:16:30 +0000
⏰ AppState: Scheduling update in 2848 seconds
📨 Received: {"ref":"63","event":"phx_reply","payload":{"status":"ok","response":{}},"topic":"realtime:global-presence"}
📨 Received: {"ref":null,"event":"presence_diff","payload":{"joins":{"48eeb110-ecd7-11f0-8cac-9ee62e3b7bba":{"metas":[{"phx_ref":"GIjeudO5wYY6AhGB","phx_ref_prev":"GIjetSuHJZo6AhCB","last_seen":"2026-01-08T21:29:03.267Z","status":"online","user_id":"656daa91-33b4-4688-9135-c982ea52d7c9","username":"ursinho"}]}},"leaves":{"48eeb110-ecd7-11f0-8cac-9ee62e3b7bba":{"metas":[{"phx_ref":"GIjetSuHJZo6AhCB","phx_ref_prev":"GIjesIN9xxk6Ag-h","last_seen":"2026-01-08T21:28:43.269Z","status":"online","user_id":"656daa91-33b4-4688-9135-c982ea52d7c9","username":"ursinho"}]}}},"topic":"realtime:global-presence"}
💓 Heartbeat sent
💓 Heartbeat sent
💓 Heartbeat sent
📨 Received: {"ref":"25","event":"phx_reply","payload":{"status":"ok","response":{}},"topic":"phoenix"}
📨 Received: {"ref":"25","event":"phx_reply","payload":{"status":"ok","response":{}},"topic":"phoenix"}
📨 Received: {"ref":"64","event":"phx_reply","payload":{"status":"ok","response":{}},"topic":"phoenix"}
⏰ AppState: Next schedule update set for Event End: 2026-01-08 22:16:30 +0000
⏰ AppState: Scheduling update in 2838 seconds
📡 [EventsConfig] Checking server for movie_events config version...
✅ [EventsConfig] Fetched movie_events version 1486 with 411 movies
✅ [EventsConfig] Using cached movie_events config (version 1486, 411 movies)
📨 Received: {"ref":null,"event":"presence_diff","payload":{"joins":{"d0f9f778-ecd6-11f0-9054-9ee62e3b7bba":{"metas":[{"phx_ref":"GIjevjIjzBc6AhMB","phx_ref_prev":"GIjeuYnQlgk6AhFh","last_seen":"2026-01-08T21:29:22.033Z","status":"online","user_id":"96e01cdb-36c0-4228-a6e4-a29a3c66bc8e","username":"lemontom"}]}},"leaves":{"d0f9f778-ecd6-11f0-9054-9ee62e3b7bba":{"metas":[{"phx_ref":"GIjeuYnQlgk6AhFh","phx_ref_prev":"GIjetOJmWyU6AhBh","last_seen":"2026-01-08T21:29:02.034Z","status":"online","user_id":"96e01cdb-36c0-4228-a6e4-a29a3c66bc8e","username":"lemontom"}]}}},"topic":"realtime:global-presence"}
⏰ AppState: Next schedule update set for Event End: 2026-01-08 22:16:30 +0000
⏰ AppState: Scheduling update in 2828 seconds
📨 Received: {"ref":"65","event":"phx_reply","payload":{"status":"ok","response":{}},"topic":"realtime:global-presence"}
📨 Received: {"ref":null,"event":"presence_diff","payload":{"joins":{"48eeb110-ecd7-11f0-8cac-9ee62e3b7bba":{"metas":[{"phx_ref":"GIjevnvDigs6AhMh","phx_ref_prev":"GIjeudO5wYY6AhGB","last_seen":"2026-01-08T21:29:23.266Z","status":"online","user_id":"656daa91-33b4-4688-9135-c982ea52d7c9","username":"ursinho"}]}},"leaves":{"48eeb110-ecd7-11f0-8cac-9ee62e3b7bba":{"metas":[{"phx_ref":"GIjeudO5wYY6AhGB","phx_ref_prev":"GIjetSuHJZo6AhCB","last_seen":"2026-01-08T21:29:03.267Z","status":"online","user_id":"656daa91-33b4-4688-9135-c982ea52d7c9","username":"ursinho"}]}}},"topic":"realtime:global-presence"}
⚠️ Zilean Health Check returned status: 404
🚫 Subscription revoked or inactive.
❌ MediaFusion Health Check Failed: Error Domain=NSURLErrorDomain Code=-999 "cancelled" UserInfo={NSErrorFailingURLStringKey=https://mediafusion.elfhosted.com/manifest.json, NSErrorFailingURLKey=https://mediafusion.elfhosted.com/manifest.json, _NSURLErrorRelatedURLSessionTaskErrorKey=(
    "LocalDataTask <895A8140-A886-41A1-A605-5E2A4BA71D2F>.<1>"
), _NSURLErrorFailingURLSessionTaskErrorKey=LocalDataTask <895A8140-A886-41A1-A605-5E2A4BA71D2F>.<1>, NSLocalizedDescription=cancelled}
✅ BrowseView: Server is ready, loading content...
🔍 BrowseView: Loading content for tab: Movies
🗑️ Cleared all streaming catalogs
📽️ Fetching popular movies...
📡 SocialService: Updated status - Browsing: 
[ INFO ] GET /api/metadata/catalog/movie/popular [request-id: F661197D-4E54-4BFF-AEC1-E3B3701A5128]
🔍 [Server] Proxying catalog request to: https://v3-cinemeta.strem.io/catalog/movie/popular.json
📨 Received: {"ref":"66","event":"phx_reply","payload":{"status":"ok","response":{}},"topic":"realtime:global-presence"}
📨 Received: {"ref":null,"event":"presence_diff","payload":{"joins":{"48eeb110-ecd7-11f0-8cac-9ee62e3b7bba":{"metas":[{"phx_ref":"GIjewFnRLVA6AhPB","phx_ref_prev":"GIjevnvDigs6AhMh","last_seen":"2026-01-08T21:29:31.288Z","status":"Browsing","user_id":"656daa91-33b4-4688-9135-c982ea52d7c9","username":"ursinho"}]}},"leaves":{"48eeb110-ecd7-11f0-8cac-9ee62e3b7bba":{"metas":[{"phx_ref":"GIjevnvDigs6AhMh","phx_ref_prev":"GIjeudO5wYY6AhGB","last_seen":"2026-01-08T21:29:23.266Z","status":"online","user_id":"656daa91-33b4-4688-9135-c982ea52d7c9","username":"ursinho"}]}}},"topic":"realtime:global-presence"}
💾 Cache SET: Catalog[quick_movie_stz.json_7] (7 items)
💾 Cache SET: Catalog[quick_movie_pcp.json_7] (7 items)
💾 Cache SET: Catalog[quick_movie_pmp.json_7] (7 items)
💾 Cache SET: Catalog[quick_movie_hlu.json_7] (7 items)
💾 Cache SET: Catalog[quick_movie_atp.json_7] (7 items)
💾 Cache SET: Catalog[quick_movie_hbm.json_7] (7 items)
💾 Cache SET: Catalog[quick_movie_amp.json_7] (7 items)
💾 Cache SET: Catalog[quick_movie_dnp.json_7] (7 items)
💾 Cache SET: Catalog[quick_movie_nfx.json_7] (7 items)
💾 Cache SET: Catalog[quick_movie_sst.json_7] (7 items)
🔍 [DEBUG] Creating MediaItem from CinemetaSearchResult
🔍 [DEBUG] result.id: tt31495504
🔍 [DEBUG] result.type: movie
🔍 [DEBUG] result.name: Der Tiger
🔍 [DEBUG] Successfully created MediaItem: Der Tiger
🔍 [DEBUG] Creating MediaItem from CinemetaSearchResult
🔍 [DEBUG] result.id: tt1757678
🔍 [DEBUG] result.type: movie
🔍 [DEBUG] result.name: Avatar: Fire and Ash
🔍 [DEBUG] Successfully created MediaItem: Avatar: Fire and Ash
🔍 [DEBUG] Creating MediaItem from CinemetaSearchResult
🔍 [DEBUG] result.id: tt26443597
🔍 [DEBUG] result.type: movie
🔍 [DEBUG] result.name: Zootopia 2
🔍 [DEBUG] Successfully created MediaItem: Zootopia 2
🔍 [DEBUG] Creating MediaItem from CinemetaSearchResult
🔍 [DEBUG] result.id: tt32820897
🔍 [DEBUG] result.type: movie
🔍 [DEBUG] result.name: Demon Slayer: Kimetsu no Yaiba Infinity Castle
🔍 [DEBUG] Successfully created MediaItem: Demon Slayer: Kimetsu no Yaiba Infinity Castle
🔍 [DEBUG] Creating MediaItem from CinemetaSearchResult
🔍 [DEBUG] result.id: tt10799690
🔍 [DEBUG] result.type: movie
🔍 [DEBUG] result.name: Trap House
🔍 [DEBUG] Successfully created MediaItem: Trap House
🔍 [DEBUG] Creating MediaItem from CinemetaSearchResult
🔍 [DEBUG] result.id: tt30254719
🔍 [DEBUG] result.type: movie
🔍 [DEBUG] result.name: Omniscient Reader: The Prophecy
🔍 [DEBUG] Successfully created MediaItem: Omniscient Reader: The Prophecy
🔍 [DEBUG] Creating MediaItem from CinemetaSearchResult
🔍 [DEBUG] result.id: tt29927663
🔍 [DEBUG] result.type: movie
🔍 [DEBUG] result.name: The Great Flood
🔍 [DEBUG] Successfully created MediaItem: The Great Flood
🔍 [DEBUG] Creating MediaItem from CinemetaSearchResult
🔍 [DEBUG] result.id: tt30274401
🔍 [DEBUG] result.type: movie
🔍 [DEBUG] result.name: Five Nights at Freddy's 2
🔍 [DEBUG] Successfully created MediaItem: Five Nights at Freddy's 2
🔍 [DEBUG] Creating MediaItem from CinemetaSearchResult
🔍 [DEBUG] result.id: tt13186306
🔍 [DEBUG] result.type: movie
🔍 [DEBUG] result.name: War of the Worlds
🔍 [DEBUG] Successfully created MediaItem: War of the Worlds
🔍 [DEBUG] Creating MediaItem from CinemetaSearchResult
🔍 [DEBUG] result.id: tt4712810
🔍 [DEBUG] result.type: movie
🔍 [DEBUG] result.name: Now You See Me: Now You Don't
🔍 [DEBUG] Successfully created MediaItem: Now You See Me: Now You Don't
🔍 [DEBUG] Creating MediaItem from CinemetaSearchResult
🔍 [DEBUG] result.id: tt29538620
🔍 [DEBUG] result.type: movie
🔍 [DEBUG] result.name: Bang
🔍 [DEBUG] Successfully created MediaItem: Bang
🔍 [DEBUG] Creating MediaItem from CinemetaSearchResult
🔍 [DEBUG] result.id: tt27543632
🔍 [DEBUG] result.type: movie
🔍 [DEBUG] result.name: The Housemaid
🔍 [DEBUG] Successfully created MediaItem: The Housemaid
🔍 [DEBUG] Creating MediaItem from CinemetaSearchResult
🔍 [DEBUG] result.id: tt34610311
🔍 [DEBUG] result.type: movie
🔍 [DEBUG] result.name: The Shadow's Edge
🔍 [DEBUG] Successfully created MediaItem: The Shadow's Edge
🔍 [DEBUG] Creating MediaItem from CinemetaSearchResult
🔍 [DEBUG] result.id: tt19847976
🔍 [DEBUG] result.type: movie
🔍 [DEBUG] result.name: Wicked: For Good
🔍 [DEBUG] Successfully created MediaItem: Wicked: For Good
🔍 [DEBUG] Creating MediaItem from CinemetaSearchResult
🔍 [DEBUG] result.id: tt32395062
🔍 [DEBUG] result.type: movie
🔍 [DEBUG] result.name: Muzzle: City of Wolves
🔍 [DEBUG] Successfully created MediaItem: Muzzle: City of Wolves
📊 Using fixed catalog size: 15 items
💾 Cache SET: Catalog[popular_movies_fixed] (15 items)
🚀 Quick batch loaded: 7 items for starz
🔍 Starting catalog fetch for starz from: https://7a82163c306e-stremio-netflix-catalog-addon.baby-beamup.club/bmZ4LGRucCxhbXAsYXRwLGhibSxwbXAscGNwLGhsdSxjcnUsZHBlLHN0eixzc3Q6OjoxNzYzMjQxMzc5ODky/catalog/movie/stz.json
🔄 Attempt 1/3 for starz
🚀 Quick batch loaded: 7 items for peacock
🔍 Starting catalog fetch for peacock from: https://7a82163c306e-stremio-netflix-catalog-addon.baby-beamup.club/bmZ4LGRucCxhbXAsYXRwLGhibSxwbXAscGNwLGhsdSxjcnUsZHBlLHN0eixzc3Q6OjoxNzYzMjQxMzc5ODky/catalog/movie/pcp.json
🔄 Attempt 1/3 for peacock
🚀 Quick batch loaded: 7 items for paramount
🔍 Starting catalog fetch for paramount from: https://7a82163c306e-stremio-netflix-catalog-addon.baby-beamup.club/bmZ4LGRucCxhbXAsYXRwLGhibSxwbXAscGNwLGhsdSxjcnUsZHBlLHN0eixzc3Q6OjoxNzYzMjQxMzc5ODky/catalog/movie/pmp.json
🔄 Attempt 1/3 for paramount
🚀 Quick batch loaded: 7 items for hulu
🔍 Starting catalog fetch for hulu from: https://7a82163c306e-stremio-netflix-catalog-addon.baby-beamup.club/bmZ4LGRucCxhbXAsYXRwLGhibSxwbXAscGNwLGhsdSxjcnUsZHBlLHN0eixzc3Q6OjoxNzYzMjQxMzc5ODky/catalog/movie/hlu.json
🔄 Attempt 1/3 for hulu
🚀 Quick batch loaded: 7 items for appleTv
🔍 Starting catalog fetch for appleTv from: https://7a82163c306e-stremio-netflix-catalog-addon.baby-beamup.club/bmZ4LGRucCxhbXAsYXRwLGhibSxwbXAscGNwLGhsdSxjcnUsZHBlLHN0eixzc3Q6OjoxNzYzMjQxMzc5ODky/catalog/movie/atp.json
🔄 Attempt 1/3 for appleTv
💾 Cache SET: Catalog[quick_movie_top.json_7] (7 items)
🚀 Quick batch loaded: 7 items for hbo
🔍 Starting catalog fetch for hbo from: https://7a82163c306e-stremio-netflix-catalog-addon.baby-beamup.club/bmZ4LGRucCxhbXAsYXRwLGhibSxwbXAscGNwLGhsdSxjcnUsZHBlLHN0eixzc3Q6OjoxNzYzMjQxMzc5ODky/catalog/movie/hbm.json
🔄 Attempt 1/3 for hbo
🚀 Quick batch loaded: 7 items for prime
🔍 Starting catalog fetch for prime from: https://7a82163c306e-stremio-netflix-catalog-addon.baby-beamup.club/bmZ4LGRucCxhbXAsYXRwLGhibSxwbXAscGNwLGhsdSxjcnUsZHBlLHN0eixzc3Q6OjoxNzYzMjQxMzc5ODky/catalog/movie/amp.json
🔄 Attempt 1/3 for prime
🚀 Quick batch loaded: 7 items for disney
🔍 Starting catalog fetch for disney from: https://7a82163c306e-stremio-netflix-catalog-addon.baby-beamup.club/bmZ4LGRucCxhbXAsYXRwLGhibSxwbXAscGNwLGhsdSxjcnUsZHBlLHN0eixzc3Q6OjoxNzYzMjQxMzc5ODky/catalog/movie/dnp.json
🔄 Attempt 1/3 for disney
🚀 Quick batch loaded: 7 items for netflix
🔍 Starting catalog fetch for netflix from: https://7a82163c306e-stremio-netflix-catalog-addon.baby-beamup.club/bmZ4LGRucCxhbXAsYXRwLGhibSxwbXAscGNwLGhsdSxjcnUsZHBlLHN0eixzc3Q6OjoxNzYzMjQxMzc5ODky/catalog/movie/nfx.json
🔄 Attempt 1/3 for netflix
🚀 Quick batch loaded: 7 items for showtime
🔍 Starting catalog fetch for showtime from: https://7a82163c306e-stremio-netflix-catalog-addon.baby-beamup.club/bmZ4LGRucCxhbXAsYXRwLGhibSxwbXAscGNwLGhsdSxjcnUsZHBlLHN0eixzc3Q6OjoxNzYzMjQxMzc5ODky/catalog/movie/sst.json
🔄 Attempt 1/3 for showtime
✅ Loaded 15 movies
🧹 Deduplication: 43 → 42 items
🖼️ [CACHE] Cached image data for key: https://images.metahub.space/poster/small/tt0114369/img (23575 bytes)
🖼️ [CACHE] Cached image data for key: https://images.metahub.space/poster/small/tt0462538/img (39518 bytes)
🖼️ [CACHE] Cached image data for key: https://images.metahub.space/poster/small/tt5622412/img (30779 bytes)
🖼️ [CACHE] Cached image data for key: https://images.metahub.space/poster/small/tt1104001/img (11618 bytes)
🖼️ [CACHE] Cached image data for key: https://images.metahub.space/poster/small/tt0381707/img (31688 bytes)
🖼️ [CACHE] Cached image data for key: https://m.media-amazon.com/images/M/MV5BMzcwMjkxMzQ3NV5BMl5BanBnXkFtZTgwMzgyNDA5MDI@._V1_SX250.jpg (25509 bytes)
🖼️ [CACHE] Cached image data for key: https://images.metahub.space/poster/small/tt0209163/img (32061 bytes)
🖼️ [CACHE] Cached image data for key: https://images.metahub.space/poster/small/tt2333784/img (28486 bytes)
🖼️ [CACHE] Cached image data for key: https://images.metahub.space/poster/small/tt0162222/img (38190 bytes)
🖼️ [CACHE] Cached image data for key: https://images.metahub.space/poster/small/tt0167404/img (16366 bytes)
🖼️ [CACHE] Cached image data for key: https://images.metahub.space/poster/small/tt2872732/img (16390 bytes)
🖼️ [CACHE] Cached image data for key: https://images.metahub.space/poster/small/tt2404435/img (31114 bytes)
🖼️ [CACHE] Cached image data for key: https://images.metahub.space/poster/small/tt10545296/img (37667 bytes)
🖼️ [CACHE] Cached image data for key: https://images.metahub.space/poster/small/tt4881806/img (15928 bytes)
🖼️ [CACHE] Cached image data for key: https://images.metahub.space/poster/small/tt3065204/img (12736 bytes)
🖼️ [CACHE] Cached image data for key: https://images.metahub.space/poster/small/tt0172156/img (32093 bytes)
🖼️ [CACHE] Cached image data for key: https://images.metahub.space/poster/small/tt30254719/img (39370 bytes)
🖼️ [CACHE] Cached image data for key: https://images.metahub.space/poster/small/tt26443597/img (43534 bytes)
🖼️ [CACHE] Cached image data for key: https://images.metahub.space/poster/small/tt32820897/img (53296 bytes)
🖼️ [CACHE] Cached image data for key: https://images.metahub.space/poster/small/tt10799690/img (40967 bytes)
🖼️ [CACHE] Cached image data for key: https://images.metahub.space/poster/small/tt1757678/img (45682 bytes)
🚀 Quick batch loaded: 7 items for trending
🖼️ [CACHE] Cached image data for key: https://images.metahub.space/poster/small/tt31495504/img (34216 bytes)
🖼️ [CACHE] Cached image data for key: https://images.metahub.space/poster/small/tt29927663/img (36770 bytes)
💾 Cache SET: Catalog[catalog_movie_stz.json] (15 items)
💾 Cache SET: Catalog[catalog_movie_pcp.json] (15 items)
💾 Cache SET: Catalog[catalog_movie_pmp.json] (15 items)
💾 Cache SET: Catalog[catalog_movie_hlu.json] (15 items)
💾 Cache SET: Catalog[catalog_movie_atp.json] (15 items)
💾 Cache SET: Catalog[catalog_movie_hbm.json] (15 items)
💾 Cache SET: Catalog[catalog_movie_amp.json] (15 items)
💾 Cache SET: Catalog[catalog_movie_dnp.json] (15 items)
🗑️ Cache evicted 6 items
💾 Cache SET: Catalog[catalog_movie_nfx.json] (15 items)
💾 Cache SET: Catalog[catalog_movie_sst.json] (15 items)
📊 Using fixed catalog size: 15 items
✅ Attempt 1 successful for starz
✅ Successfully fetched 15 items for starz from primary service
📦 Full batch loaded: 15 items for starz
✅ Progressive loading completed for starz
📊 Using fixed catalog size: 15 items
✅ Attempt 1 successful for peacock
✅ Successfully fetched 15 items for peacock from primary service
📦 Full batch loaded: 15 items for peacock
✅ Progressive loading completed for peacock
📊 Using fixed catalog size: 15 items
✅ Attempt 1 successful for paramount
✅ Successfully fetched 15 items for paramount from primary service
📦 Full batch loaded: 15 items for paramount
✅ Progressive loading completed for paramount
📊 Using fixed catalog size: 15 items
💾 Cache SET: Catalog[catalog_movie_top.json] (15 items)
✅ Attempt 1 successful for hulu
✅ Successfully fetched 15 items for hulu from primary service
📦 Full batch loaded: 15 items for hulu
✅ Progressive loading completed for hulu
📊 Using fixed catalog size: 15 items
✅ Attempt 1 successful for appleTv
✅ Successfully fetched 15 items for appleTv from primary service
📦 Full batch loaded: 15 items for appleTv
✅ Progressive loading completed for appleTv
📊 Using fixed catalog size: 15 items
✅ Attempt 1 successful for hbo
✅ Successfully fetched 15 items for hbo from primary service
📦 Full batch loaded: 15 items for hbo
✅ Progressive loading completed for hbo
📊 Using fixed catalog size: 15 items
✅ Attempt 1 successful for prime
✅ Successfully fetched 15 items for prime from primary service
📦 Full batch loaded: 15 items for prime
✅ Progressive loading completed for prime
📊 Using fixed catalog size: 15 items
✅ Attempt 1 successful for disney
✅ Successfully fetched 15 items for disney from primary service
📦 Full batch loaded: 15 items for disney
✅ Progressive loading completed for disney
📊 Using fixed catalog size: 15 items
✅ Attempt 1 successful for netflix
✅ Successfully fetched 15 items for netflix from primary service
📦 Full batch loaded: 15 items for netflix
✅ Progressive loading completed for netflix
📊 Using fixed catalog size: 15 items
✅ Attempt 1 successful for showtime
✅ Successfully fetched 15 items for showtime from primary service
📦 Full batch loaded: 15 items for showtime
✅ Progressive loading completed for showtime
📊 Using fixed catalog size: 15 items
📦 Full batch loaded: 15 items for trending
✅ Progressive loading completed for trending
🖼️ [CACHE] Cached image data for key: https://images.justwatch.com/poster/322032098/s332/img (56405 bytes)
🖼️ [CACHE] Cached image data for key: https://images.justwatch.com/poster/329121868/s332/img (53946 bytes)
🖼️ [CACHE] Cached image data for key: https://images.justwatch.com/poster/325538793/s332/img (44577 bytes)
🖼️ [CACHE] Cached image data for key: https://images.justwatch.com/poster/66901085/s332/img (47457 bytes)
🖼️ [CACHE] Cached image data for key: https://images.justwatch.com/poster/88761237/s332/img (60727 bytes)
🖼️ [CACHE] Cached image data for key: https://images.justwatch.com/poster/327009156/s332/img (61426 bytes)
🗑️ Cache evicted 10 items
🖼️ [CACHE] Cached image data for key: https://images.justwatch.com/poster/15605912/s332/img (81082 bytes)
🖼️ [CACHE] Cached image data for key: https://images.justwatch.com/poster/300177312/s332/img (74244 bytes)
🖼️ [CACHE] Cached image data for key: https://images.justwatch.com/poster/315856885/s332/img (67350 bytes)
🖼️ [CACHE] Cached image data for key: https://images.justwatch.com/poster/333077339/s332/img (29437 bytes)
🖼️ [CACHE] Cached image data for key: https://images.justwatch.com/poster/330628021/s332/img (58302 bytes)
🖼️ [CACHE] Cached image data for key: https://images.justwatch.com/poster/331126481/s332/img (53646 bytes)
🖼️ [CACHE] Cached image data for key: https://images.justwatch.com/poster/331701827/s332/img (59722 bytes)
🖼️ [CACHE] Cached image data for key: https://images.justwatch.com/poster/325538793/s332/img (44577 bytes)
🖼️ [CACHE] Cached image data for key: https://images.justwatch.com/poster/309786652/s332/img (45440 bytes)
🖼️ [CACHE] Cached image data for key: https://images.justwatch.com/poster/245030423/s332/img (72818 bytes)
🖼️ [CACHE] Cached image data for key: https://images.justwatch.com/poster/332277457/s332/img (66967 bytes)
🗑️ Cache evicted 10 items
🖼️ [CACHE] Cached image data for key: https://images.justwatch.com/poster/335328239/s332/img (37688 bytes)
🖼️ [CACHE] Cached image data for key: https://images.justwatch.com/poster/330980590/s332/img (58733 bytes)
🖼️ [CACHE] Cached image data for key: https://images.justwatch.com/poster/275806222/s332/img (48443 bytes)
🖼️ [CACHE] Cached image data for key: https://images.justwatch.com/poster/327223699/s332/img (31103 bytes)
🖼️ [CACHE] Cached image data for key: https://images.jus2026-01-08 16:29:40.104 RedLemon[8641:111839] 🎬 Creating Watch Party for: Bad Boys II
2026-01-08 16:29:40.107 RedLemon[8641:116810] Background: ⏳ Starting room creation (Unstructured Race)...
2026-01-08 16:29:40.107 RedLemon[8641:116810] Background: ▶️ createRoom task started (Direct Singleton Access)
2026-01-08 16:29:40.107 RedLemon[8641:116810] 🎬 SupabaseClient: createRoom called for id: EXPG - ENTRY
2026-01-08 16:29:40.108 RedLemon[8641:116810] 🎬 SupabaseClient: Creating room 'EXPG' for host 'ursinho'...
2026-01-08 16:29:40.109 RedLemon[8641:116810] 🔐 Signed request to /rooms
2026-01-08 16:29:40.686 RedLemon[8641:116810] ✅ SupabaseClient: Room creation request completed (received response)
2026-01-08 16:29:40.690 RedLemon[8641:116810] Background: ✅ createRoom task finished
twatch.com/poster/331148151/s332/img (28498 bytes)
🖼️ [CACHE] Cached image data for key: https://images.justwatch.com/poster/328335894/s332/img (39916 bytes)
🖼️ [CACHE] Cached image data for key: https://images.justwatch.com/poster/301552189/s332/img (59500 bytes)
🖼️ [CACHE] Cached image data for key: https://images.justwatch.com/poster/340614766/s332/img (62961 bytes)
🖼️ [CACHE] Cached image data for key: https://images.justwatch.com/poster/335063930/s332/img (28802 bytes)
🖼️ [CACHE] Cached image data for key: https://images.justwatch.com/poster/173938174/s332/img (31756 bytes)
🗑️ Cache evicted 10 items
🖼️ [CACHE] Cached image data for key: https://images.justwatch.com/poster/175817145/s332/img (34253 bytes)
🖼️ [CACHE] Cached image data for key: https://images.justwatch.com/poster/328602380/s332/img (48174 bytes)
🖼️ [CACHE] Cached image data for key: https://images.justwatch.com/poster/329121868/s332/img (53946 bytes)
🖼️ [CACHE] Cached image data for key: https://images.justwatch.com/poster/332527038/s332/img (28010 bytes)
🖼️ [CACHE] Cached image data for key: https://images.justwatch.com/poster/449990/s332/img (60347 bytes)
🖼️ [CACHE] Cached image data for key: https://images.justwatch.com/poster/332051109/s332/img (58936 bytes)
🖼️ [CACHE] Cached image data for key: https://images.justwatch.com/poster/315638406/s332/img (49093 bytes)
🖼️ [CACHE] Cached image data for key: https://images.justwatch.com/poster/307275790/s332/img (54708 bytes)
🖼️ [CACHE] Cached image data for key: https://images.justwatch.com/poster/256784897/s332/img (48660 bytes)
🖼️ [CACHE] Cached image data for key: https://images.justwatch.com/poster/336243710/s332/img (29619 bytes)
🗑️ Cache evicted 10 items
🖼️ [CACHE] Cached image data for key: https://images.justwatch.com/poster/336298604/s332/img (33569 bytes)
🖼️ [CACHE] Cached image data for key: https://images.justwatch.com/poster/336295680/s332/img (36731 bytes)
🖼️ [CACHE] Cached image data for key: https://images.justwatch.com/poster/322729101/s332/img (28143 bytes)
🖼️ [CACHE] Cached image data for key: https://images.justwatch.com/poster/330298309/s332/img (59242 bytes)
🖼️ [CACHE] Cached image data for key: https://images.justwatch.com/poster/8731868/s332/img (56932 bytes)
🖼️ [CACHE] Cached image data for key: https://images.justwatch.com/poster/302449148/s332/img (66514 bytes)
🖼️ [CACHE] Cached image data for key: https://images.justwatch.com/poster/154373248/s332/img (63627 bytes)
🖼️ [CACHE] Cached image data for key: https://images.justwatch.com/poster/243656762/s332/img (42262 bytes)
🖼️ [CACHE] Cached image data for key: https://images.justwatch.com/poster/241779763/s332/img (48752 bytes)
🖼️ [CACHE] Cached image data for key: https://images.justwatch.com/poster/312811279/s332/img (48255 bytes)
🗑️ Cache evicted 10 items
🖼️ [CACHE] Cached image data for key: https://images.justwatch.com/poster/285598209/s332/img (63186 bytes)
🖼️ [CACHE] Cached image data for key: https://images.justwatch.com/poster/331994893/s332/img (37258 bytes)
🖼️ [CACHE] Cached image data for key: https://images.justwatch.com/poster/8730058/s332/img (44044 bytes)
🖼️ [CACHE] Cached image data for key: https://images.justwatch.com/poster/176275502/s332/img (71523 bytes)
🖼️ [CACHE] Cached image data for key: https://images.justwatch.com/poster/331148151/s332/img (28498 bytes)
🖼️ [CACHE] Cached image data for key: https://images.justwatch.com/poster/301592778/s332/img (49084 bytes)
🖼️ [CACHE] Cached image data for key: https://images.justwatch.com/poster/331244585/s332/img (35639 bytes)
🖼️ [CACHE] Cached image data for key: https://images.justwatch.com/poster/332051109/s332/img (58936 bytes)
🖼️ [CACHE] Cached image data for key: https://images.justwatch.com/poster/321552009/s332/img (34807 bytes)
🖼️ [CACHE] Cached image data for key: https://images.justwatch.com/poster/320977032/s332/img (29350 bytes)
🖼️ [CACHE] Cached image data for key: https://images.justwatch.com/poster/322032098/s332/img (56405 bytes)
🗑️ Cache evicted 10 items
🖼️ [CACHE] Cached image data for key: https://images.justwatch.com/poster/331327178/s332/img (38639 bytes)
🖼️ [CACHE] Cached image data for key: https://images.justwatch.com/poster/327009156/s332/img (61426 bytes)
🖼️ [CACHE] Cached image data for key: https://images.justwatch.com/poster/154373248/s332/img (63627 bytes)
🖼️ [CACHE] Cached image data for key: https://images.justwatch.com/poster/176677346/s332/img (63974 bytes)
🖼️ [CACHE] Cached image data for key: https://images.justwatch.com/poster/331924998/s332/img (45255 bytes)
🖼️ [CACHE] Cached image data for key: https://images.justwatch.com/poster/335474178/s332/img (42733 bytes)
🖼️ [CACHE] Cached image data for key: https://images.justwatch.com/poster/312291378/s332/img (26090 bytes)
🖼️ [CACHE] Cached image data for key: https://images.justwatch.com/poster/338962154/s332/img (51864 bytes)
🖼️ [CACHE] Cached image data for key: https://images.justwatch.com/poster/132935108/s332/img (72135 bytes)
🖼️ [CACHE] Cached image data for key: https://images.justwatch.com/poster/328335894/s332/img (39916 bytes)
🖼️ [CACHE] Cached image data for key: https://images.justwatch.com/poster/315672113/s332/img (80512 bytes)
🗑️ Cache evicted 10 items
🖼️ [CACHE] Cached image data for key: https://images.justwatch.com/poster/243951303/s332/img (42607 bytes)
🖼️ [CACHE] Cached image data for key: https://images.metahub.space/poster/small/tt26443597/img (43534 bytes)
🖼️ [CACHE] Cached image data for key: https://images.metahub.space/poster/small/tt31193180/img (27098 bytes)
🖼️ [CACHE] Cached image data for key: https://images.metahub.space/poster/small/tt14364480/img (19894 bytes)
🖼️ [CACHE] Cached image data for key: https://images.metahub.space/poster/small/tt30144839/img (35849 bytes)
🖼️ [CACHE] Cached image data for key: https://images.metahub.space/poster/small/tt12300742/img (13162 bytes)
🖼️ [CACHE] Cached image data for key: https://images.metahub.space/poster/small/tt29567915/img (28516 bytes)
🖼️ [CACHE] Cached image data for key: https://images.metahub.space/poster/small/tt31495504/img (34216 bytes)
⏰ AppState: Next schedule update set for Event End: 2026-01-08 22:16:30 +0000
⏰ AppState: Scheduling update in 2816 seconds
📼 Resume playback called - mode: watchParty, shouldResume: false, timestamp: 7927.378s
✅ Cleared resumeFromTimestamp - starting from beginning
🛑 BrowseView disappeared - cancelled all ongoing tasks
💓 Heartbeat sent
💓 Heartbeat sent
💓 Heartbeat sent
📨 Received: {"ref":"26","event":"phx_reply","payload":{"status":"ok","response":{}},"topic":"phoenix"}
📨 Received: {"ref":"26","event":"phx_reply","payload":{"status":"ok","response":{}},"topic":"phoenix"}
📨 Received: {"ref":"67","event":"phx_reply","payload":{"status":"ok","response":{}},"topic":"phoenix"}
🎭 Lobby: Connecting to room EXPG...
🚦 Lobby State: connecting
🔄 Lobby: Fetching fresh room state from Supabase...
🛑 Lobby: Host explicitly clearing playback state in DB to prevent autoplay loop
🔌 Setting up Realtime channel: watch-party:EXPG
   Role: Host
   User ID: 656daa91-33b4-4688-9135-c982ea52d7c9
📡 Connection state: connecting
📡 Joined channel: realtime:watch-party:EXPG
[ INFO ] GET /api/metadata/meta/movie/tt0172156 [request-id: 6D99500E-A59A-4472-943D-1F99920530EA]
📡 Connection state: connected
✅ Realtime channel setup complete
[ INFO ] GET /api/metadata/meta/movie/tt0172156 [request-id: FD0C4EBC-AD2F-481B-967D-896C22C8BC1B]
2026-01-08 16:29:41.241 RedLemon[8641:116832] 📦 Decoded CinemetaMeta - videos count: 0
2026-01-08 16:29:41.393 RedLemon[8641:116832] 📡 SupabaseClient: updateRoomPlaylist called for room EXPG with 1 items, index: 0
2026-01-08 16:29:41.415 RedLemon[8641:111839] ✅ Host re-joined room EXPG in database (refreshing presence)
2026-01-08 16:29:41.530 RedLemon[8641:116811] ✅ SupabaseClient: Playlist updated successfully
2026-01-08 16:29:41.592 RedLemon[8641:111839] 📨 Lobby: Received Room UPDATE from Realtime
2026-01-08 16:29:41.593 RedLemon[8641:111839] 📨 Lobby: Received Room UPDATE from Realtime
2026-01-08 16:29:41.593 RedLemon[8641:111839] 📨 Lobby: Received Room UPDATE from Realtime
2026-01-08 16:29:41.593 RedLemon[8641:111839] 📨 Lobby: Received Room UPDATE from Realtime
2026-01-08 16:29:41.835 RedLemon[8641:111839] 📨 Lobby: Received Room UPDATE from Realtime
2026-01-08 16:29:41.836 RedLemon[8641:111839] 📨 Lobby: Received Room UPDATE from Realtime
2026-01-08 16:29:46.724 RedLemon[8641:111839] 🎬 Host: Starting movie for 1 participants
2026-01-08 16:29:46.852 RedLemon[8641:116650] ✅ StreamService: Using provided metadata: Bad Boys II
2026-01-08 16:29:46.852 RedLemon[8641:116650] ⚡️ StreamService: Resolving streams via StreamResolver (Bypassing HTTP)...
2026-01-08 16:29:46.852 RedLemon[8641:116650] ⚡️ StreamResolver: Resolving streams for tt0172156 (S0E0)
2026-01-08 16:29:46.978 RedLemon[8641:116650]    📅 Filtering by year: 2003
📡 SocialService: Updated status - In Lobby: Bad Boys II: Bad Boys II
✅ Lobby: Connected to Realtime
🔍 [DEBUG] Creating MediaItem from CinemetaMeta
🔍 [DEBUG] meta.itemId: tt0172156
🔍 [DEBUG] meta.type: movie
🔍 [DEBUG] meta.name: Bad Boys II
🔍 [DEBUG] Successfully created MediaItem from meta: Bad Boys II
✅ Lobby: Loaded metadata for Bad Boys II
💾 Cache SET: Metadata[meta_movie_tt0172156]
📨 Received: {"ref":"68","event":"phx_reply","payload":{"status":"ok","response":{}},"topic":"realtime:global-presence"}
📨 Received: {"ref":null,"event":"presence_diff","payload":{"joins":{"48eeb110-ecd7-11f0-8cac-9ee62e3b7bba":{"metas":[{"phx_ref":"GIjewqYOHTY6AjyC","phx_ref_prev":"GIjewFnRLVA6AhPB","last_seen":"2026-01-08T21:29:41.152Z","room_id":"EXPG","started_at":"2026-01-08T21:29:41.152Z","status":"In Lobby: Bad Boys II","user_id":"656daa91-33b4-4688-9135-c982ea52d7c9","username":"ursinho","watching_id":"tt0172156","watching_title":"Bad Boys II","watching_type":"movie"}]}},"leaves":{"48eeb110-ecd7-11f0-8cac-9ee62e3b7bba":{"metas":[{"phx_ref":"GIjewFnRLVA6AhPB","phx_ref_prev":"GIjevnvDigs6AhMh","last_seen":"2026-01-08T21:29:31.288Z","status":"Browsing","user_id":"656daa91-33b4-4688-9135-c982ea52d7c9","username":"ursinho"}]}}},"topic":"realtime:global-presence"}
📨 Received: {"ref":"D600FA5B-636E-4858-BC3A-DBC87452F488","event":"phx_reply","payload":{"status":"ok","response":{"postgres_changes":[{"id":108308576,"event":"*","filter":"id=eq.EXPG","schema":"public","table":"rooms"}]}},"topic":"realtime:watch-party:EXPG"}
📨 Received: {"ref":null,"event":"system","payload":{"message":"Subscribed to PostgreSQL","status":"ok","extension":"postgres_changes","channel":"watch-party:EXPG"},"topic":"realtime:watch-party:EXPG"}
📨 Received: {"ref":null,"event":"presence_state","payload":{},"topic":"realtime:watch-party:EXPG"}
📨 Received: {"ref":"27","event":"phx_reply","payload":{"status":"ok","response":{}},"topic":"realtime:watch-party:EXPG"}
📨 Received: {"ref":null,"event":"presence_diff","payload":{"joins":{"24870c9e-ecd9-11f0-97e8-9ee62e3b7bba":{"metas":[{"phx_ref":"GIjewqdLht9tbxWh","is_host":true,"joined_at":1767907781.158478,"user_id":"656daa91-33b4-4688-9135-c982ea52d7c9","username":"ursinho"}]}},"leaves":{}},"topic":"realtime:watch-party:EXPG"}
✅ Lobby: Synced playlist with 0 items
✅ Lobby: Synced playlist index to 0
✅ Lobby: Synced CLEAN stream info, metadata & playlist to AppState
🆕 Lobby: Auto-adding initial item to playlist: Bad Boys II
❌ Supabase API Error: duplicate key value violates unique constraint "room_participants_pkey"
🔌 Setting up Realtime channel: watch-party:EXPG
   Role: Host
   User ID: 656daa91-33b4-4688-9135-c982ea52d7c9
📡 Connection state: connecting
ℹ️ Already joined channel watch-party:EXPG, skipping join
📡 Connection state: connected
✅ Realtime channel setup complete
✅ Lobby: Connected to Realtime
🚦 Lobby State: connected
🔄 Lobby: Starting database polling for participants and room state...
💓 Lobby: Starting heartbeat loop...
✅ Lobby: Persisted initial playlist item
📨 Received: {"ref":"28","event":"phx_reply","payload":{"status":"ok","response":{}},"topic":"realtime:watch-party:EXPG"}
📨 Received: {"ref":null,"event":"presence_diff","payload":{"joins":{"24870c9e-ecd9-11f0-97e8-9ee62e3b7bba":{"metas":[{"phx_ref":"GIjewrXesGhtbxXB","phx_ref_prev":"GIjewqdLht9tbxWh","is_host":true,"joined_at":1767907781.4157171,"user_id":"656daa91-33b4-4688-9135-c982ea52d7c9","username":"ursinho"}]}},"leaves":{"24870c9e-ecd9-11f0-97e8-9ee62e3b7bba":{"metas":[{"phx_ref":"GIjewqdLht9tbxWh","is_host":true,"joined_at":1767907781.158478,"user_id":"656daa91-33b4-4688-9135-c982ea52d7c9","username":"ursinho"}]}}},"topic":"realtime:watch-party:EXPG"}
📨 Received: {"ref":null,"event":"postgres_changes","payload":{"data":{"table":"rooms","type":"UPDATE","record":{"id": "EXPG", "name": "Bad Boys II", "season": null, "episode": null, "imdb_id": "tt0172156", "playlist": [], "is_public": true, "created_at": "2026-01-08T21:29:40.730065", "is_playing": false, "poster_url": "https://images.metahub.space/poster/small/tt0172156/img", "description": null, "stream_hash": null, "backdrop_url": "https://images.metahub.space/background/medium/tt0172156/img", "host_user_id": "656daa91-33b4-4688-9135-c982ea52d7c9", "subtitle_url": null, "host_username": "ursinho", "last_activity": "2026-01-08T21:29:41", "max_participants": 50, "selected_quality": null, "playback_position": 0, "selected_file_idx": null, "participants_count": 1, "unlocked_stream_url": null, "current_playlist_index": 0},"columns":[{"name": "id", "type": "text"}, {"name": "name", "type": "text"}, {"name": "host_user_id", "type": "uuid"}, {"name": "host_username", "type": "text"}, {"name": "stream_hash", "type": "text"}, {"name": "imdb_id", "type": "text"}, {"name": "poster_url", "type": "text"}, {"name": "backdrop_url", "type": "text"}, {"name": "playback_position", "type": "int4"}, {"name": "is_playing", "type": "bool"}, {"name": "participants_count", "type": "int4"}, {"name": "max_participants", "type": "int4"}, {"name": "is_public", "type": "bool"}, {"name": "created_at", "type": "timestamp"}, {"name": "last_activity", "type": "timestamp"}, {"name": "season", "type": "int4"}, {"name": "episode", "type": "int4"}, {"name": "selected_quality", "type": "text"}, {"name": "selected_file_idx", "type": "int4"}, {"name": "unlocked_stream_url", "type": "text"}, {"name": "description", "type": "text"}, {"name": "current_playlist_index", "type": "int4"}, {"name": "playlist", "type": "jsonb"}, {"name": "subtitle_url", "type": "text"}],"errors":null,"schema":"public","commit_timestamp":"2026-01-08T21:29:41.463Z","old_record":{"id": "EXPG"}},"ids":[108308576]},"topic":"realtime:watch-party:EXPG"}
📨 Received: {"ref":null,"event":"postgres_changes","payload":{"data":{"table":"rooms","type":"UPDATE","record":{"id": "EXPG", "name": "Bad Boys II", "season": null, "episode": null, "imdb_id": "tt0172156", "playlist": [{"id": "BBDBB917-5797-42C3-AB80-1E6E8A844BC3", "mediaItem": {"id": "tt0172156", "logo": "https://images.metahub.space/logo/medium/tt0172156/img", "name": "Bad Boys II", "type": "movie", "year": "2003", "genres": ["Action", "Comedy", "Crime"], "poster": "https://images.metahub.space/poster/small/tt0172156/img", "runtime": "146 min", "background": "https://images.metahub.space/background/medium/tt0172156/img", "imdbRating": "6.6", "description": "Miami narcotics cops Mike Lowrey and Marcus Burnett investigate the flow of Ecstasy into Florida from a Cuban drug cartel.", "releaseInfo": "2003"}}], "is_public": true, "created_at": "2026-01-08T21:29:40.730065", "is_playing": false, "poster_url": "https://images.metahub.space/poster/small/tt0172156/img", "description": null, "stream_hash": null, "backdrop_url": "https://images.metahub.space/background/medium/tt0172156/img", "host_user_id": "656daa91-33b4-4688-9135-c982ea52d7c9", "subtitle_url": null, "host_username": "ursinho", "last_activity": "2026-01-08T21:29:41", "max_participants": 50, "selected_quality": null, "playback_position": 0, "selected_file_idx": null, "participants_count": 1, "unlocked_stream_url": null, "current_playlist_index": 0},"columns":[{"name": "id", "type": "text"}, {"name": "name", "type": "text"}, {"name": "host_user_id", "type": "uuid"}, {"name": "host_username", "type": "text"}, {"name": "stream_hash", "type": "text"}, {"name": "imdb_id", "type": "text"}, {"name": "poster_url", "type": "text"}, {"name": "backdrop_url", "type": "text"}, {"name": "playback_position", "type": "int4"}, {"name": "is_playing", "type": "bool"}, {"name": "participants_count", "type": "int4"}, {"name": "max_participants", "type": "int4"}, {"name": "is_public", "type": "bool"}, {"name": "created_at", "type": "timestamp"}, {"name": "last_activity", "type": "timestamp"}, {"name": "season", "type": "int4"}, {"name": "episode", "type": "int4"}, {"name": "selected_quality", "type": "text"}, {"name": "selected_file_idx", "type": "int4"}, {"name": "unlocked_stream_url", "type": "text"}, {"name": "description", "type": "text"}, {"name": "current_playlist_index", "type": "int4"}, {"name": "playlist", "type": "jsonb"}, {"name": "subtitle_url", "type": "text"}],"errors":null,"schema":"public","commit_timestamp":"2026-01-08T21:29:41.583Z","old_record":{"id": "EXPG"}},"ids":[108308576]},"topic":"realtime:watch-party:EXPG"}
🔄 Lobby: Fetching fresh room state from Supabase...
🔄 Lobby: Fetching fresh room state from Supabase...
🔄 Lobby: Fetching fresh room state from Supabase...
🔄 Lobby: Fetching fresh room state from Supabase...
✅ Lobby: Synced playlist with 1 items
✅ Lobby: Synced playlist index to 0
✅ Lobby: Synced CLEAN stream info, metadata & playlist to AppState
✅ Lobby: Synced playlist with 1 items
✅ Lobby: Synced playlist index to 0
✅ Lobby: Synced CLEAN stream info, metadata & playlist to AppState
✅ Lobby: Synced playlist with 1 items
✅ Lobby: Synced playlist index to 0
✅ Lobby: Synced CLEAN stream info, metadata & playlist to AppState
✅ Lobby: Synced playlist with 1 items
✅ Lobby: Synced playlist index to 0
✅ Lobby: Synced CLEAN stream info, metadata & playlist to AppState
📨 Received: {"ref":null,"event":"postgres_changes","payload":{"data":{"table":"rooms","type":"UPDATE","record":{"id": "EXPG", "name": "Bad Boys II", "season": null, "episode": null, "imdb_id": "tt0172156", "playlist": [{"id": "BBDBB917-5797-42C3-AB80-1E6E8A844BC3", "mediaItem": {"id": "tt0172156", "logo": "https://images.metahub.space/logo/medium/tt0172156/img", "name": "Bad Boys II", "type": "movie", "year": "2003", "genres": ["Action", "Comedy", "Crime"], "poster": "https://images.metahub.space/poster/small/tt0172156/img", "runtime": "146 min", "background": "https://images.metahub.space/background/medium/tt0172156/img", "imdbRating": "6.6", "description": "Miami narcotics cops Mike Lowrey and Marcus Burnett investigate the flow of Ecstasy into Florida from a Cuban drug cartel.", "releaseInfo": "2003"}}], "is_public": true, "created_at": "2026-01-08T21:29:40.730065", "is_playing": false, "poster_url": "https://images.metahub.space/poster/small/tt0172156/img", "description": null, "stream_hash": null, "backdrop_url": "https://images.metahub.space/background/medium/tt0172156/img", "host_user_id": "656daa91-33b4-4688-9135-c982ea52d7c9", "subtitle_url": null, "host_username": "ursinho", "last_activity": "2026-01-08T21:29:41.704085", "max_participants": 50, "selected_quality": null, "playback_position": 0, "selected_file_idx": null, "participants_count": 1, "unlocked_stream_url": null, "current_playlist_index": 0},"columns":[{"name": "id", "type": "text"}, {"name": "name", "type": "text"}, {"name": "host_user_id", "type": "uuid"}, {"name": "host_username", "type": "text"}, {"name": "stream_hash", "type": "text"}, {"name": "imdb_id", "type": "text"}, {"name": "poster_url", "type": "text"}, {"name": "backdrop_url", "type": "text"}, {"name": "playback_position", "type": "int4"}, {"name": "is_playing", "type": "bool"}, {"name": "participants_count", "type": "int4"}, {"name": "max_participants", "type": "int4"}, {"name": "is_public", "type": "bool"}, {"name": "created_at", "type": "timestamp"}, {"name": "last_activity", "type": "timestamp"}, {"name": "season", "type": "int4"}, {"name": "episode", "type": "int4"}, {"name": "selected_quality", "type": "text"}, {"name": "selected_file_idx", "type": "int4"}, {"name": "unlocked_stream_url", "type": "text"}, {"name": "description", "type": "text"}, {"name": "current_playlist_index", "type": "int4"}, {"name": "playlist", "type": "jsonb"}, {"name": "subtitle_url", "type": "text"}],"errors":null,"schema":"public","commit_timestamp":"2026-01-08T21:29:41.706Z","old_record":{"id": "EXPG"}},"ids":[108308576]},"topic":"realtime:watch-party:EXPG"}
🔄 Lobby: Fetching fresh room state from Supabase...
🔄 Lobby: Fetching fresh room state from Supabase...
✅ Lobby: Synced playlist with 1 items
✅ Lobby: Synced playlist index to 0
✅ Lobby: Synced CLEAN stream info, metadata & playlist to AppState
✅ Lobby: Synced playlist with 1 items
✅ Lobby: Synced playlist index to 0
✅ Lobby: Synced CLEAN stream info, metadata & playlist to AppState
📨 Received: {"ref":null,"event":"presence_diff","payload":{"joins":{"d0f9f778-ecd6-11f0-9054-9ee62e3b7bba":{"metas":[{"phx_ref":"GIjewtpvh_s6AhXh","phx_ref_prev":"GIjevjIjzBc6AhMB","last_seen":"2026-01-08T21:29:42.035Z","status":"online","user_id":"96e01cdb-36c0-4228-a6e4-a29a3c66bc8e","username":"lemontom"}]}},"leaves":{"d0f9f778-ecd6-11f0-9054-9ee62e3b7bba":{"metas":[{"phx_ref":"GIjevjIjzBc6AhMB","phx_ref_prev":"GIjeuYnQlgk6AhFh","last_seen":"2026-01-08T21:29:22.033Z","status":"online","user_id":"96e01cdb-36c0-4228-a6e4-a29a3c66bc8e","username":"lemontom"}]}}},"topic":"realtime:global-presence"}
⏰ AppState: Next schedule update set for Event End: 2026-01-08 22:16:30 +0000
⏰ AppState: Scheduling update in 2808 seconds
📨 Received: {"ref":"69","event":"phx_reply","payload":{"status":"ok","response":{}},"topic":"realtime:global-presence"}
📨 Received: {"ref":null,"event":"presence_diff","payload":{"joins":{"48eeb110-ecd7-11f0-8cac-9ee62e3b7bba":{"metas":[{"phx_ref":"GIjewzhtmmM6AhYB","phx_ref_prev":"GIjewqYOHTY6AjyC","last_seen":"2026-01-08T21:29:43.612Z","room_id":"EXPG","started_at":"2026-01-08T21:29:41.152Z","status":"In Lobby: Bad Boys II","user_id":"656daa91-33b4-4688-9135-c982ea52d7c9","username":"ursinho","watching_id":"tt0172156","watching_title":"Bad Boys II","watching_type":"movie"}]}},"leaves":{"48eeb110-ecd7-11f0-8cac-9ee62e3b7bba":{"metas":[{"phx_ref":"GIjewqYOHTY6AjyC","phx_ref_prev":"GIjewFnRLVA6AhPB","last_seen":"2026-01-08T21:29:41.152Z","room_id":"EXPG","started_at":"2026-01-08T21:29:41.152Z","status":"In Lobby: Bad Boys II","user_id":"656daa91-33b4-4688-9135-c982ea52d7c9","username":"ursinho","watching_id":"tt0172156","watching_title":"Bad Boys II","watching_type":"movie"}]}}},"topic":"realtime:global-presence"}
[2026-01-08T21:29:44Z] [INFO] [PremiumPaymentView.swift:329] ✅ Address assigned for evm: 0xB2bD160d7a06e505DbC84627Ec32AEb8A5514DA4
[2026-01-08T21:29:44Z] [DEBUG] [PremiumPaymentView.swift:415] 📱 Generating QR for URI: 0xB2bD160d7a06e505DbC84627Ec32AEb8A5514DA4
[2026-01-08T21:29:44Z] [DEBUG] [PremiumPaymentView.swift:415] 📱 Generating QR for URI: ethereum:0xB2bD160d7a06e505DbC84627Ec32AEb8A5514DA4?value=1287869397164433&amount=0.00128787
[2026-01-08T21:29:45Z] [DEBUG] [PremiumPaymentView.swift:415] 📱 Generating QR for URI: ethereum:0xB2bD160d7a06e505DbC84627Ec32AEb8A5514DA4?value=1287869397164433&amount=0.00128787
[2026-01-08T21:29:45Z] [DEBUG] [PremiumPaymentView.swift:415] 📱 Generating QR for URI: ethereum:0xB2bD160d7a06e505DbC84627Ec32AEb8A5514DA4?value=1287869397164433&amount=0.00128787
🎬 Resolving & Persisting stream for Watch Party Room: EXPG
✅ Cache HIT: Metadata[meta_movie_tt0172156]
[2026-01-08T21:29:46Z] [INFO] [StreamService.swift:72] 🎬 StreamService: Starting resolution for: Bad Boys II
🎬 StreamService: Resolving movie - trusted pack filtering will be applied server-side
🛡️ StreamResolver: Loaded 0 blocked streams from blacklist
⚡️ StreamResolver: Found Community Verified stream with 2 votes!
   ℹ️ Hash: e2a57f837692e93ee8fc09cef7e0e1f34402b518
   ℹ️ Last Verified: 2026-01-08 19:08:05 +0000
✅ SubDLClient initialized
🔍 Searching SubDL: tt0172156 (movie)
✅ Found 10 subtitles from SubDL (Primary)
✅ StreamResolver: Attached best sub for 'Community Verified Stream (108...': Bad.Boys.II.2003.REMASTERED.10...
⚡️ StreamResolver: SHORT CIRCUIT - Returning verified stream immediately.
⚡️ StreamService: Testing verified stream viability...
🔓 StreamService: Unlocking with infoHash: e2a57f837692...
[ INFO ] POST /api/streams/unlock [request-id: 31FB8713-E638-4C77-9272-76E162C29C78]
2026-01-08 16:29:47.333 RedLemon[8641:116650] 🔓 Unlock request: infoHash=e2a57f837692..., fileIdx=0
2026-01-08 16:29:47.333 RedLemon[8641:116650] ✅ Token found, attempting unlock...
2026-01-08 16:29:48.151 RedLemon[8641:116650] Background: ⏰ Timeout fired! Attempting to fail continuation...
2026-01-08 16:29:49.096 RedLemon[8641:116810] ✅ Unlocked successfully: Bad.Boys.II.2003.1080p.AMZN.WEB-DL.DDP.5.1.H.264-PiRaTeS.mkv
2026-01-08 16:29:49.099 RedLemon[8641:116650] 📥 StreamService: Pre-downloading 5 (capped from 10) subtitles...
2026-01-08 16:29:49.099 RedLemon[8641:116650] 🐛 StreamService: downloadSubtitlesInParallel called. Season: nil, Episode: nil, Count: 5
2026-01-08 16:29:49.100 RedLemon[8641:116810] 🔍 DEBUG: Processing subtitle URL: /subtitle/1978305-2229367.zip
2026-01-08 16:29:49.100 RedLemon[8641:116910] 🔍 DEBUG: Processing subtitle URL: /subtitle/545990-1040936.zip
2026-01-08 16:29:49.100 RedLemon[8641:116650] 🔍 DEBUG: Processing subtitle URL: /subtitle/545995-839120.zip
2026-01-08 16:29:49.100 RedLemon[8641:116810] ✅ DEBUG: Raw SubDL URL detected, converting to proxy URL
2026-01-08 16:29:49.100 RedLemon[8641:116833] 🔍 DEBUG: Processing subtitle URL: /subtitle/545993-727437.zip
2026-01-08 16:29:49.100 RedLemon[8641:116910] ✅ DEBUG: Raw SubDL URL detected, converting to proxy URL
2026-01-08 16:29:49.100 RedLemon[8641:116650] ✅ DEBUG: Raw SubDL URL detected, converting to proxy URL
2026-01-08 16:29:49.100 RedLemon[8641:116833] ✅ DEBUG: Raw SubDL URL detected, converting to proxy URL
2026-01-08 16:29:49.101 RedLemon[8641:116910] 🐛 StreamService: Constructed Proxy URL: http://127.0.0.1:47253/subtitles/subdl/L3N1YnRpdGxlLzU0NTk5MC0xMDQwOTM2LnppcA==?token=1D200DB8-78C9-47A7-B961-92B2370B8B82
2026-01-08 16:29:49.101 RedLemon[8641:116810] 🐛 StreamService: Constructed Proxy URL: http://127.0.0.1:47253/subtitles/subdl/L3N1YnRpdGxlLzE5NzgzMDUtMjIyOTM2Ny56aXA=?token=1D200DB8-78C9-47A7-B961-92B2370B8B82
2026-01-08 16:29:49.101 RedLemon[8641:116910] 🔍 DEBUG: Processing subtitle URL: /subtitle/3013432-3014478.zip
2026-01-08 16:29:49.101 RedLemon[8641:116650] 🐛 StreamService: Constructed Proxy URL: http://127.0.0.1:47253/subtitles/subdl/L3N1YnRpdGxlLzU0NTk5NS04MzkxMjAuemlw?token=1D200DB8-78C9-47A7-B961-92B2370B8B82
2026-01-08 16:29:49.101 RedLemon[8641:116833] 🐛 StreamService: Constructed Proxy URL: http://127.0.0.1:47253/subtitles/subdl/L3N1YnRpdGxlLzU0NTk5My03Mjc0Mzcuemlw?token=1D200DB8-78C9-47A7-B961-92B2370B8B82
2026-01-08 16:29:49.101 RedLemon[8641:116910] ✅ DEBUG: Raw SubDL URL detected, converting to proxy URL
2026-01-08 16:29:49.101 RedLemon[8641:116910] 🐛 StreamService: Constructed Proxy URL: http://127.0.0.1:47253/subtitles/subdl/L3N1YnRpdGxlLzMwMTM0MzItMzAxNDQ3OC56aXA=?token=1D200DB8-78C9-47A7-B961-92B2370B8B82
2026-01-08 16:29:49.104 RedLemon[8641:116910] 📥 StreamService: Pre-downloading 5 (capped from 5) subtitles for direct stream...
2026-01-08 16:29:49.104 RedLemon[8641:116910] 🐛 StreamService: downloadSubtitlesInParallel called. Season: nil, Episode: nil, Count: 5
2026-01-08 16:29:49.105 RedLemon[8641:116910] 🔍 DEBUG: Processing subtitle URL: http://127.0.0.1:47253/subtitles/subdl/L3N1YnRpdGxlLzU0NTk5MC0xMDQwOTM2LnppcA==?token=1D200DB8-78C9-47A7-B961-92B2370B8B82
2026-01-08 16:29:49.105 RedLemon[8641:116910] ✅ DEBUG: SubDL proxy URL detected, skipping download
2026-01-08 16:29:49.105 RedLemon[8641:116910] 🔍 DEBUG: Processing subtitle URL: http://127.0.0.1:47253/subtitles/subdl/L3N1YnRpdGxlLzE5NzgzMDUtMjIyOTM2Ny56aXA=?token=1D200DB8-78C9-47A7-B961-92B2370B8B82
2026-01-08 16:29:49.105 RedLemon[8641:116910] ✅ DEBUG: SubDL proxy URL detected, skipping download
2026-01-08 16:29:49.105 RedLemon[8641:116910] 🔍 DEBUG: Processing subtitle URL: http://127.0.0.1:47253/subtitles/subdl/L3N1YnRpdGxlLzU0NTk5NS04MzkxMjAuemlw?token=1D200DB8-78C9-47A7-B961-92B2370B8B82
2026-01-08 16:29:49.105 RedLemon[8641:116910] ✅ DEBUG: SubDL proxy URL detected, skipping download
2026-01-08 16:29:49.105 RedLemon[8641:116910] 🔍 DEBUG: Processing subtitle URL: http://127.0.0.1:47253/subtitles/subdl/L3N1YnRpdGxlLzU0NTk5My03Mjc0Mzcuemlw?token=1D200DB8-78C9-47A7-B961-92B2370B8B82
2026-01-08 16:29:49.105 RedLemon[8641:116910] ✅ DEBUG: SubDL proxy URL detected, skipping download
2026-01-08 16:29:49.105 RedLemon[8641:116910] 🔍 DEBUG: Processing subtitle URL: http://127.0.0.1:47253/subtitles/subdl/L3N1YnRpdGxlLzMwMTM0MzItMzAxNDQ3OC56aXA=?token=1D200DB8-78C9-47A7-B961-92B2370B8B82
2026-01-08 16:29:49.105 RedLemon[8641:116910] ✅ DEBUG: SubDL proxy URL detected, skipping download
2026-01-08 16:29:49.159 RedLemon[8641:116910] 🔄 SupabaseClient: Resetting playback state for room EXPG
2026-01-08 16:29:49.448 RedLemon[8641:116910] ✅ Persisted stream selection to room EXPG
2026-01-08 16:29:49.448 RedLemon[8641:111839] ✅ Host: Stream resolved and persisted OK
2026-01-08 16:29:49.472 RedLemon[8641:116810] 📤 Realtime: Sending message type: chat, sender: 656daa91-33b4-4688-9135-c982ea52d7c9
2026-01-08 16:29:49.473 RedLemon[8641:116810]    Payload keys: senderId, chatText, timestamp, position, chatUsername, type
2026-01-08 16:29:49.474 RedLemon[8641:116810] ✅ Realtime: Message broadcast complete
2026-01-08 16:29:49.525 RedLemon[8641:111839] ✅ Host: Successfully broadcast LOBBY_START_COUNTDOWN via Realtime
2026-01-08 16:29:49.525 RedLemon[8641:111839] 📡 Realtime delivery confirmed for 1 guests
2026-01-08 16:29:49.554 RedLemon[8641:111839] 📨 Lobby: Received Room UPDATE from Realtime
2026-01-08 16:29:49.555 RedLemon[8641:111839] 📨 Lobby: Received Room UPDATE from Realtime
2026-01-08 16:29:49.595 RedLemon[8641:116650] 📨 Realtime: Received broadcast message
2026-01-08 16:29:49.595 RedLemon[8641:116650]    Payload keys: timestamp, position, type, chatUsername, chatText, senderId
2026-01-08 16:29:49.596 RedLemon[8641:116650] ✅ Realtime: Decoded message type: chat, sender: 656daa91-33b4-4688-9135-c982ea52d7c9
2026-01-08 16:29:49.596 RedLemon[8641:116650] 📞 Realtime: Invoking syncCallback for message type: chat
2026-01-08 16:29:49.596 RedLemon[8641:116650] ✅ Realtime: syncCallback invoked successfully
2026-01-08 16:29:49.796 RedLemon[8641:111839] ✅ Host: Set room playback state in database as fallback
2026-01-08 16:29:49.933 RedLemon[8641:111839] 📨 Lobby: Received Room UPDATE from Realtime
2026-01-08 16:29:49.933 RedLemon[8641:111839] 📨 Lobby: Received Room UPDATE from Realtime
2026-01-08 16:29:52.493 RedLemon[8641:111839] 🎬 Host: Launching player for Bad Boys II
2026-01-08 16:29:52.493 RedLemon[8641:111839] 🖥️ WindowManager: enterFullscreen() called
2026-01-08 16:29:52.494 RedLemon[8641:111839]    Window: <SwiftUI.SwiftUIWindow: 0x7fb7047f4320>
2026-01-08 16:29:52.494 RedLemon[8641:111839]    Is fullscreen: 0
2026-01-08 16:29:52.494 RedLemon[8641:111839]    ✅ WindowManager: Toggling fullscreen ON
2026-01-08 16:29:52.551 RedLemon[8641:111839] 🎬🎬🎬 MPVPlayerView INIT called - streamURL: https://chi2-4.download.real-debrid.com/d/ZYY75POULFHVC118/B, subtitles: 5
2026-01-08 16:29:52.833 RedLemon[8641:111839] 🖼️ Setting up MPV with native macOS video output...
2026-01-08 16:29:52.847 RedLemon[8641:111839] ✅ MPV initialized with native GPU rendering
2026-01-08 16:29:52.861 RedLemon[8641:111839] 🎬🎬🎬 MPVPlayerView .task starting
2026-01-08 16:29:52.861 RedLemon[8641:111839] 🎉 Starting watch party sync - Room: EXPG, Host: YES
2026-01-08 16:29:52.861 RedLemon[8641:111839] 🎉 Watch Party Mode ENABLED. isInWatchParty = YES
2026-01-08 16:29:52.892 RedLemon[8641:111839] 🔄 Starting chat polling for room: EXPG
2026-01-08 16:29:52.892 RedLemon[8641:111839] 💓 Started playback heartbeat loop
2026-01-08 16:29:52.893 RedLemon[8641:111839] ✅ Watch party sync started successfully - isInWatchParty is now TRUE
2026-01-08 16:29:52.893 RedLemon[8641:111839] 🎬🎬🎬 About to call loadStream - isInWatchParty: YES
2026-01-08 16:29:52.893 RedLemon[8641:111839] 🎬🎬🎬 Subtitles: 5
2026-01-08 16:29:52.893 RedLemon[8641:111839] 🎬🎬🎬 LOADSTREAM CALLED - streamTitle: Bad Boys II
2026-01-08 16:29:52.893 RedLemon[8641:111839] 🎬🎬🎬 streamURL: https://chi2-4.download.real-debrid.com/d/ZYY75POULFHVC118/B
2026-01-08 16:29:52.893 RedLemon[8641:111839] 🎬🎬🎬 subtitles: 5
2026-01-08 16:29:52.895 RedLemon[8641:111839] 🎬🎬🎬 MPVPlayerView .task completed
2026-01-08 16:29:52.959 RedLemon[8641:116663] ℹ️ SubDL subtitles detected - downloading to local files in background...
2026-01-08 16:29:52.959 RedLemon[8641:116663] 🔍 SubtitleService: Downloading http://127.0.0.1:47253/subtitles/subdl/L3N1YnRpdGxlLzU0NTk5MC0xMDQwOTM2LnppcA==?token=1D200DB8-78C9-47A7-B961-92B2370B8B82
2026-01-08 16:29:52.959 RedLemon[8641:116911] 🎬 MPV: Current video filename set to: 
2026-01-08 16:29:52.959 RedLemon[8641:116911] 🎬 MPV loadVideo called with URL: https://chi2-4.download.real-debrid.com/d/ZYY75POU (Encoded: https://chi2-4.download.real-debrid.com/d/ZYY75POU), autoplay: true, expectedSubs: 3
2026-01-08 16:29:52.959 RedLemon[8641:116911] 🎬 MPV executing: loadfile "https://chi2-4.download.real-debrid.com/d/ZYY75POULFHVC118/Bad.Boys.II.2003.1080p.AMZN.WEB-DL.DDP.5.1.H.264-PiRaTeS.mkv"
2026-01-08 16:29:52.960 RedLemon[8641:116911] ✅ MPV loadfile succeeded (Started Paused, waiting for Smart Load)
✅ RD addMagnet: WLR5JEE6S5Y6O
🎬 Movie: Found matching file for title 'Bad Boys II': /Bad.Boys.II.2003.1080p.AMZN.WEB-DL.DDP.5.1.H.264-PiRaTeS.mkv
📝 RD: Selecting file ID 1 for torrent WLR5JEE6S5Y6O
📊 RD poll 1/2: status=downloaded, links=1
🔗 Unrestricting link: https://real-debrid.com/d/PX5SDEKV3M2WU5A9
🛡️ Lobby: Auto-Join safety delay passed (8s). Enabled for late joiners.
✅ StreamService: Stream unlocked successfully!
✅ StreamService: Verified stream is VIABLE. Returning immediately.
📊 Watch Party Queue: Loaded 0 candidate streams for failover
🎬 Stream Resolution (Attempt 1): Found 1 streams to attempt unlock...
⚡️ StreamService: Stream is already a direct URL. Skipping backend unlock.
✅ Successfully unlocked stream on attempt 1 (Candidate #0)
📡 Persisting resolved stream to room EXPG...
✅ Stream persisted! Hash: e2a57f837692e93ee8fc09cef7e0e1f34402b518
📨 Received: {"ref":null,"event":"postgres_changes","payload":{"data":{"table":"rooms","type":"UPDATE","record":{"id": "EXPG", "name": "Bad Boys II", "season": null, "episode": null, "imdb_id": "tt0172156", "playlist": [{"id": "BBDBB917-5797-42C3-AB80-1E6E8A844BC3", "mediaItem": {"id": "tt0172156", "logo": "https://images.metahub.space/logo/medium/tt0172156/img", "name": "Bad Boys II", "type": "movie", "year": "2003", "genres": ["Action", "Comedy", "Crime"], "poster": "https://images.metahub.space/poster/small/tt0172156/img", "runtime": "146 min", "background": "https://images.metahub.space/background/medium/tt0172156/img", "imdbRating": "6.6", "description": "Miami narcotics cops Mike Lowrey and Marcus Burnett investigate the flow of Ecstasy into Florida from a Cuban drug cartel.", "releaseInfo": "2003"}}], "is_public": true, "created_at": "2026-01-08T21:29:40.730065", "is_playing": false, "poster_url": "https://images.metahub.space/poster/small/tt0172156/img", "description": null, "stream_hash": "e2a57f837692e93ee8fc09cef7e0e1f34402b518", "backdrop_url": "https://images.metahub.space/background/medium/tt0172156/img", "host_user_id": "656daa91-33b4-4688-9135-c982ea52d7c9", "subtitle_url": null, "host_username": "ursinho", "last_activity": "2026-01-08T21:29:49", "max_participants": 50, "selected_quality": "1080p", "playback_position": 0, "selected_file_idx": null, "participants_count": 1, "unlocked_stream_url": "https://chi2-4.download.real-debrid.com/d/ZYY75POULFHVC118/Bad.Boys.II.2003.1080p.AMZN.WEB-DL.DDP.5.1.H.264-PiRaTeS.mkv", "current_playlist_index": 0},"columns":[{"name": "id", "type": "text"}, {"name": "name", "type": "text"}, {"name": "host_user_id", "type": "uuid"}, {"name": "host_username", "type": "text"}, {"name": "stream_hash", "type": "text"}, {"name": "imdb_id", "type": "text"}, {"name": "poster_url", "type": "text"}, {"name": "backdrop_url", "type": "text"}, {"name": "playback_position", "type": "int4"}, {"name": "is_playing", "type": "bool"}, {"name": "participants_count", "type": "int4"}, {"name": "max_participants", "type": "int4"}, {"name": "is_public", "type": "bool"}, {"name": "created_at", "type": "timestamp"}, {"name": "last_activity", "type": "timestamp"}, {"name": "season", "type": "int4"}, {"name": "episode", "type": "int4"}, {"name": "selected_quality", "type": "text"}, {"name": "selected_file_idx", "type": "int4"}, {"name": "unlocked_stream_url", "type": "text"}, {"name": "description", "type": "text"}, {"name": "current_playlist_index", "type": "int4"}, {"name": "playlist", "type": "jsonb"}, {"name": "subtitle_url", "type": "text"}],"errors":null,"schema":"public","commit_timestamp":"2026-01-08T21:29:49.501Z","old_record":{"id": "EXPG"}},"ids":[108308576]},"topic":"realtime:watch-party:EXPG"}
🔄 Lobby: Fetching fresh room state from Supabase...
🔄 Lobby: Fetching fresh room state from Supabase...
📨 Received: {"ref":null,"event":"broadcast","payload":{"event":"sync","payload":{"chatText":"LOBBY_START_COUNTDOWN","chatUsername":"Host","position":0,"senderId":"656daa91-33b4-4688-9135-c982ea52d7c9","timestamp":3,"type":"chat"},"type":"broadcast"},"topic":"realtime:watch-party:EXPG"}
✅ Lobby: Synced playlist with 1 items
✅ Lobby: Synced playlist index to 0
✅ Lobby: Synced CLEAN stream info, metadata & playlist to AppState
✅ Lobby: Synced playlist with 1 items
✅ Lobby: Synced playlist index to 0
✅ Lobby: Synced CLEAN stream info, metadata & playlist to AppState
📨 Received: {"ref":null,"event":"postgres_changes","payload":{"data":{"table":"rooms","type":"UPDATE","record":{"id": "EXPG", "name": "Bad Boys II", "season": null, "episode": null, "imdb_id": "tt0172156", "playlist": [{"id": "BBDBB917-5797-42C3-AB80-1E6E8A844BC3", "mediaItem": {"id": "tt0172156", "logo": "https://images.metahub.space/logo/medium/tt0172156/img", "name": "Bad Boys II", "type": "movie", "year": "2003", "genres": ["Action", "Comedy", "Crime"], "poster": "https://images.metahub.space/poster/small/tt0172156/img", "runtime": "146 min", "background": "https://images.metahub.space/background/medium/tt0172156/img", "imdbRating": "6.6", "description": "Miami narcotics cops Mike Lowrey and Marcus Burnett investigate the flow of Ecstasy into Florida from a Cuban drug cartel.", "releaseInfo": "2003"}}], "is_public": true, "created_at": "2026-01-08T21:29:40.730065", "is_playing": true, "poster_url": "https://images.metahub.space/poster/small/tt0172156/img", "description": null, "stream_hash": "e2a57f837692e93ee8fc09cef7e0e1f34402b518", "backdrop_url": "https://images.metahub.space/background/medium/tt0172156/img", "host_user_id": "656daa91-33b4-4688-9135-c982ea52d7c9", "subtitle_url": null, "host_username": "ursinho", "last_activity": "2026-01-08T21:29:49", "max_participants": 50, "selected_quality": "1080p", "playback_position": 0, "selected_file_idx": null, "participants_count": 1, "unlocked_stream_url": "https://chi2-4.download.real-debrid.com/d/ZYY75POULFHVC118/Bad.Boys.II.2003.1080p.AMZN.WEB-DL.DDP.5.1.H.264-PiRaTeS.mkv", "current_playlist_index": 0},"columns":[{"name": "id", "type": "text"}, {"name": "name", "type": "text"}, {"name": "host_user_id", "type": "uuid"}, {"name": "host_username", "type": "text"}, {"name": "stream_hash", "type": "text"}, {"name": "imdb_id", "type": "text"}, {"name": "poster_url", "type": "text"}, {"name": "backdrop_url", "type": "text"}, {"name": "playback_position", "type": "int4"}, {"name": "is_playing", "type": "bool"}, {"name": "participants_count", "type": "int4"}, {"name": "max_participants", "type": "int4"}, {"name": "is_public", "type": "bool"}, {"name": "created_at", "type": "timestamp"}, {"name": "last_activity", "type": "timestamp"}, {"name": "season", "type": "int4"}, {"name": "episode", "type": "int4"}, {"name": "selected_quality", "type": "text"}, {"name": "selected_file_idx", "type": "int4"}, {"name": "unlocked_stream_url", "type": "text"}, {"name": "description", "type": "text"}, {"name": "current_playlist_index", "type": "int4"}, {"name": "playlist", "type": "jsonb"}, {"name": "subtitle_url", "type": "text"}],"errors":null,"schema":"public","commit_timestamp":"2026-01-08T21:29:49.816Z","old_record":{"id": "EXPG"}},"ids":[108308576]},"topic":"realtime:watch-party:EXPG"}
🔄 Lobby: Fetching fresh room state from Supabase...
🔄 Lobby: Fetching fresh room state from Supabase...
✅ Lobby: Synced playlist with 1 items
✅ Lobby: Synced playlist index to 0
✅ Lobby: Synced CLEAN stream info, metadata & playlist to AppState
✅ Lobby: Synced playlist with 1 items
✅ Lobby: Synced playlist index to 0
✅ Lobby: Synced CLEAN stream info, metadata & playlist to AppState
🛑 LobbyPresence: Polling stopped
🛑 LobbyDatabase: Polling stopped
🛑 Lobby: Polling stopped (chat via Realtime only)
✅ Host: Synced playlist state to AppState (Index: 0)
🎬 RedLemon: Creating MPVPlayerView
   Stream URL: https://chi2-4.download.real-debrid.com/d/ZYY75POULFHVC118/B
   Display Title: Bad Boys II
   Subtitle URLs: 5
      [0] Bad.Boys.2.2003.1080p.BluRay.H264.AAC-RARBG
      [1] Bad.Boys.II.2003.REMASTERED.1080p.BluRay.H264.AAC-RARBG
      [2] Bad.Boys.II.2003.720p.BluRay.X264.YIFY
      [3] Bad.Boys.II.2003.720p.BluRay.X264.YIFY
      [4] Bad.Boys.II.2003.WEBRip.Netflix
🎬 MPVWrapper: Creating embedded MPV with render context...
✅ MPV handle created
🎬 MPVLayerHostView initialized
🎬 Created CGL pixel format (Core Profile 3.2)
🎬 Created CGL context with vsync enabled
🎬 MPVViewLayer initialized with async rendering
🎬 Video layer assigned to host view
🎬 Creating MPV render context with OpenGL (IINA method)...
🎬 MPV: Frame ready! Calling layer.update() (throttled)
✅ Render context created successfully (IINA method)
🎬 Layer.update() called - forceDraw:false needsFlip:true (throttled)
🎬 CVDisplayLink started
🎉 Starting watch party: roomId=EXPG, isHost=true
☠️ LobbyViewModel deinit
🔌 Setting up Realtime channel: watch-party:EXPG
   Role: Host
   User ID: 656DAA91-33B4-4688-9135-C982EA52D7C9
📡 Connection state: connecting
ℹ️ Already joined channel watch-party:EXPG, skipping join
⏯️ MPV: Pause state changed to false -> isPlaying = true
⚡️ PlaybackService: creating sleep assertion (preventing idle sleep)
📡 Connection state: connected
✅ Realtime channel setup complete
✅ Watch party sync initialized with Realtime
🎬 Loading stream: Bad Boys II
   IMDB: tt0172156
   URL: https://chi2-4.download.real-debrid.com/d/ZYY75POULFHVC118/B...
🧹 Clearing previous event state (Non-Event Load)
   Hash: e2a57f83...
   Source: WEB-DL
💬 Added mock chat messages for testing
👥 WATCH PARTY (SOLO HOST): Bypass Start Paused - Autoplaying
🎬 DisplayLink: reportSwap() (throttled)
📡 Fetching metadata for tt0172156 as movie...
✅ Cache HIT: Metadata[meta_movie_tt0172156]
📝 Pre-loading external subtitles (Top 3)...
⚡️ PlaybackService: releasing sleep assertion
[ INFO ] GET /subtitles/subdl/L3N1YnRpdGxlLzU0NTk5MC0xMDQwOTM2LnppcA== [request-id: 9A70FD1D-2148-4D46-840A-F99CF81B78BC]
2026-01-08 16:29:53.326 RedLemon[8641:111839] 💓 Playback heartbeat sent for room: EXPG
2026-01-08 16:29:53.560 RedLemon[8641:116650] ✅ Subtitle 1 downloaded to: /var/folders/3v/s3d75ntd4v90_pg0mb6rmlz40000gn/T/sub_AE2F844A-4567-454A-A8C4-B2941259AC61.vtt
2026-01-08 16:29:53.560 RedLemon[8641:116650] 📝 Loading subtitle from: /var/folders/3v/s3d75ntd4v90_pg0mb6rmlz40000gn/T/sub_AE2F844A-4567-454A-A8C4-B29
2026-01-08 16:29:53.581 RedLemon[8641:116650] ✅ External subtitle added to track list (not auto-selected)
2026-01-08 16:29:53.581 RedLemon[8641:116650] 🔍 SubtitleService: Downloading http://127.0.0.1:47253/subtitles/subdl/L3N1YnRpdGxlLzE5NzgzMDUtMjIyOTM2Ny56aXA=?token=1D200DB8-78C9-47A7-B961-92B2370B8B82
📄 Subtitle request: L3N1YnRpdGxlLzU0NTk5... (offset: 0ms)
📥 Downloading subtitle from SubDL CDN: /subtitle/545990-1040936.zip
⏰ AppState: Next schedule update set for Event End: 2026-01-08 22:16:30 +0000
⏰ AppState: Scheduling update in 2797 seconds
📨 Received: {"ref":"30","event":"phx_reply","payload":{"status":"ok","response":{}},"topic":"realtime:watch-party:EXPG"}
📨 Received: {"ref":null,"event":"presence_diff","payload":{"joins":{"24870c9e-ecd9-11f0-97e8-9ee62e3b7bba":{"metas":[{"phx_ref":"GIjexWC-8d9tbxbB","phx_ref_prev":"GIjewrXesGhtbxXB","is_host":true,"joined_at":1767907792.871869,"user_id":"656DAA91-33B4-4688-9135-C982EA52D7C9","username":"ursinho"}]}},"leaves":{"24870c9e-ecd9-11f0-97e8-9ee62e3b7bba":{"metas":[{"phx_ref":"GIjewrXesGhtbxXB","phx_ref_prev":"GIjewqdLht9tbxWh","is_host":true,"joined_at":1767907781.4157171,"user_id":"656daa91-33b4-4688-9135-c982ea52d7c9","username":"ursinho"}]}}},"topic":"realtime:watch-party:EXPG"}
👁️ ChatOverlayView appeared - UI UPDATE ROUND 6
⌨️ ChatOverlayView: Triggering input focus (showChat=true)
📨 Received: {"ref":"70","event":"phx_reply","payload":{"status":"ok","response":{}},"topic":"realtime:global-presence"}
📨 Received: {"ref":null,"event":"presence_diff","payload":{"joins":{"48eeb110-ecd7-11f0-8cac-9ee62e3b7bba":{"metas":[{"phx_ref":"GIjexWWAzbk6Aj0C","phx_ref_prev":"GIjewzhtmmM6AhYB","last_seen":"2026-01-08T21:29:52.958Z","room_id":"EXPG","started_at":"2026-01-08T21:29:52.958Z","status":"online","user_id":"656daa91-33b4-4688-9135-c982ea52d7c9","username":"ursinho","watching_id":"tt0172156","watching_title":"Bad Boys II","watching_type":"movie"}]}},"leaves":{"48eeb110-ecd7-11f0-8cac-9ee62e3b7bba":{"metas":[{"phx_ref":"GIjewzhtmmM6AhYB","phx_ref_prev":"GIjewqYOHTY6AjyC","last_seen":"2026-01-08T21:29:43.612Z","room_id":"EXPG","started_at":"2026-01-08T21:29:41.152Z","status":"In Lobby: Bad Boys II","user_id":"656daa91-33b4-4688-9135-c982ea52d7c9","username":"ursinho","watching_id":"tt0172156","watching_title":"Bad Boys II","watching_type":"movie"}]}}},"topic":"realtime:global-presence"}
✅ Got background: https://images.metahub.space/background/medium/tt0172156/img...
✅ Got poster URL: https://images.metahub.space/poster/small/tt0172156/img...
✅ Got logo: https://images.metahub.space/logo/medium/tt0172156/img...
📡 SocialService: Updated status - online: Bad Boys II
➕ Added new participant 656daa91-33b4-4688-9135-c982ea52d7c9 (Ref: GIjexWC-8d9tbxbB)
⏳ Participant leaving (grace period started): 656daa91-33b4-4688-9135-c982ea52d7c9
⏰ AppState: Next schedule update set for Event End: 2026-01-08 22:16:30 +0000
⏰ AppState: Scheduling update in 2797 seconds
✅ Download complete: 57847 bytes
📦 Detected ZIP archive, extracting...
📨 Received: {"ref":null,"event":"postgres_changes","payload":{"data":{"table":"rooms","type":"UPDATE","record":{"id": "EXPG", "name": "Bad Boys II", "season": null, "episode": null, "imdb_id": "tt0172156", "playlist": [{"id": "BBDBB917-5797-42C3-AB80-1E6E8A844BC3", "mediaItem": {"id": "tt0172156", "logo": "https://images.metahub.space/logo/medium/tt0172156/img", "name": "Bad Boys II", "type": "movie", "year": "2003", "genres": ["Action", "Comedy", "Crime"], "poster": "https://images.metahub.space/poster/small/tt0172156/img", "runtime": "146 min", "background": "https://images.metahub.space/background/medium/tt0172156/img", "imdbRating": "6.6", "description": "Miami narcotics cops Mike Lowrey and Marcus Burnett investigate the flow of Ecstasy into Florida from a Cuban drug cartel.", "releaseInfo": "2003"}}], "is_public": true, "created_at": "2026-01-08T21:29:40.730065", "is_playing": true, "poster_url": "https://images.metahub.space/poster/small/tt0172156/img", "description": null, "stream_hash": "e2a57f837692e93ee8fc09cef7e0e1f34402b518", "backdrop_url": "https://images.metahub.space/background/medium/tt0172156/img", "host_user_id": "656daa91-33b4-4688-9135-c982ea52d7c9", "subtitle_url": null, "host_username": "ursinho", "last_activity": "2026-01-08T21:29:53.300473", "max_participants": 50, "selected_quality": "1080p", "playback_position": 0, "selected_file_idx": null, "participants_count": 1, "unlocked_stream_url": "https://chi2-4.download.real-debrid.com/d/ZYY75POULFHVC118/Bad.Boys.II.2003.1080p.AMZN.WEB-DL.DDP.5.1.H.264-PiRaTeS.mkv", "current_playlist_index": 0},"columns":[{"name": "id", "type": "text"}, {"name": "name", "type": "text"}, {"name": "host_user_id", "type": "uuid"}, {"name": "host_username", "type": "text"}, {"name": "stream_hash", "type": "text"}, {"name": "imdb_id", "type": "text"}, {"name": "poster_url", "type": "text"}, {"name": "backdrop_url", "type": "text"}, {"name": "playback_position", "type": "int4"}, {"name": "is_playing", "type": "bool"}, {"name": "participants_count", "type": "int4"}, {"name": "max_participants", "type": "int4"}, {"name": "is_public", "type": "bool"}, {"name": "created_at", "type": "timestamp"}, {"name": "last_activity", "type": "timestamp"}, {"name": "season", "type": "int4"}, {"name": "episode", "type": "int4"}, {"name": "selected_quality", "type": "text"}, {"name": "selected_file_idx", "type": "int4"}, {"name": "unlocked_stream_url", "type": "text"}, {"name": "description", "type": "text"}, {"name": "current_playlist_index", "type": "int4"}, {"name": "playlist", "type": "jsonb"}, {"name": "subtitle_url", "type": "text"}],"errors":null,"schema":"public","commit_timestamp":"2026-01-08T21:29:53.303Z","old_record":{"id": "EXPG"}},"ids":[108308576]},"topic":"realtime:watch-party:EXPG"}
⚠️ No specific episode match found, using first file: Bad.Boys.2.2003.1080p.BluRay.H264.AAC-RARBG.srt
📦 Extracting specific file: Bad.Boys.2.2003.1080p.BluRay.H264.AAC-RARBG.srt
⏳ MPVPlayerViewModel: Enhancing UI - Buffering started (show spinner)
✅ Extraction successful
✅ Subtitle downloaded and converted to VTT
[ INFO ] GET /subtitles/subdl/L3N1YnRpdGxlLzE5NzgzMDUtMjIyOTM2Ny56aXA= [request-id: 70C46D98-2967-4B86-893A-A54F424A7985]
2026-01-08 16:29:54.128 RedLemon[8641:116810] ✅ Subtitle 2 downloaded to: /var/folders/3v/s3d75ntd4v90_pg0mb6rmlz40000gn/T/sub_EE3B0E7A-A913-4479-95CA-6FE8F56A4388.vtt
2026-01-08 16:29:54.128 RedLemon[8641:116810] 📝 Loading subtitle from: /var/folders/3v/s3d75ntd4v90_pg0mb6rmlz40000gn/T/sub_EE3B0E7A-A913-4479-95CA-6FE
2026-01-08 16:29:54.140 RedLemon[8641:116810] ✅ External subtitle added to track list (not auto-selected)
2026-01-08 16:29:54.140 RedLemon[8641:116810] 🔍 SubtitleService: Downloading http://127.0.0.1:47253/subtitles/subdl/L3N1YnRpdGxlLzU0NTk5NS04MzkxMjAuemlw?token=1D200DB8-78C9-47A7-B961-92B2370B8B82
📄 Subtitle request: L3N1YnRpdGxlLzE5Nzgz... (offset: 0ms)
📥 Downloading subtitle from SubDL CDN: /subtitle/1978305-2229367.zip
✅ Download complete: 57260 bytes
📦 Detected ZIP archive, extracting...
🎬 DisplayLink: reportSwap() (throttled)
⚠️ No specific episode match found, using first file: Bad.Boys.II.2003.REMASTERED.1080p.BluRay.H264.AAC-RARBG.srt
📦 Extracting specific file: Bad.Boys.II.2003.REMASTERED.1080p.BluRay.H264.AAC-RARBG.srt
✅ Extraction successful
✅ Subtitle downloaded and converted to VTT
[ INFO ] GET /subtitles/subdl/L3N1YnRpdGxlLzU0NTk5NS04MzkxMjAuemlw [request-id: 1D171314-1F9C-4911-8786-D989A0378A67]
2026-01-08 16:29:54.587 RedLemon[8641:116650] ✅ Subtitle 3 downloaded to: /var/folders/3v/s3d75ntd4v90_pg0mb6rmlz40000gn/T/sub_0C511458-3B8F-4C7C-B80C-C6A667EA116A.vtt
2026-01-08 16:29:54.587 RedLemon[8641:116650] 📝 Loading subtitle from: /var/folders/3v/s3d75ntd4v90_pg0mb6rmlz40000gn/T/sub_0C511458-3B8F-4C7C-B80C-C6A
2026-01-08 16:29:54.599 RedLemon[8641:116650] ✅ External subtitle added to track list (not auto-selected)
2026-01-08 16:29:54.599 RedLemon[8641:116650] 🔍 MPV track-list/count: 3
2026-01-08 16:29:54.599 RedLemon[8641:116650] 🔍 Track 0 type: sub
2026-01-08 16:29:54.599 RedLemon[8641:116650] ✅ Found subtitle track: ID=1, lang=en, title=Bad.Boys.2.2003.1080p.BluRay.H264.AAC-RARBG, external=1
2026-01-08 16:29:54.600 RedLemon[8641:116650] 🔍 Track 1 type: sub
2026-01-08 16:29:54.600 RedLemon[8641:116650] ✅ Found subtitle track: ID=2, lang=en, title=Bad.Boys.II.2003.REMASTERED.1080p.BluRay.H264.AAC-RARBG, external=1
2026-01-08 16:29:54.600 RedLemon[8641:116650] 🔍 Track 2 type: sub
2026-01-08 16:29:54.600 RedLemon[8641:116650] ✅ Found subtitle track: ID=3, lang=en, title=Bad.Boys.II.2003.720p.BluRay.X264.YIFY, external=1
2026-01-08 16:29:54.600 RedLemon[8641:116650] 📊 Total subtitle tracks found: 4 (including Off if needed)
2026-01-08 16:29:54.600 RedLemon[8641:116650]    Start[0]: ID=0, Title='Off', Lang='nil', Ext=0
2026-01-08 16:29:54.600 RedLemon[8641:116650]    Start[1]: ID=1, Title='Bad.Boys.2.2003.1080p.BluRay.H264.AAC-RARBG', Lang='en', Ext=1
2026-01-08 16:29:54.600 RedLemon[8641:116650]    Start[2]: ID=2, Title='Bad.Boys.II.2003.REMASTERED.1080p.BluRay.H264.AAC-RARBG', Lang='en', Ext=1
2026-01-08 16:29:54.600 RedLemon[8641:116650]    Start[3]: ID=3, Title='Bad.Boys.II.2003.720p.BluRay.X264.YIFY', Lang='en', Ext=1
2026-01-08 16:29:54.601 RedLemon[8641:116650] ✅ SubtitleService: Scanned 4 tracks (Attempt 1/5)
2026-01-08 16:29:54.603 RedLemon[8641:116650]    Track: ID=0, Title=Off, External=0
2026-01-08 16:29:54.603 RedLemon[8641:116650]    Track: ID=1, Title=Bad.Boys.2.2003.1080p.BluRay.H264.AAC-RARBG, External=1
2026-01-08 16:29:54.603 RedLemon[8641:116650]    Track: ID=2, Title=Bad.Boys.II.2003.REMASTERED.1080p.BluRay.H264.AAC-RARBG, External=1
2026-01-08 16:29:54.603 RedLemon[8641:116650]    Track: ID=3, Title=Bad.Boys.II.2003.720p.BluRay.X264.YIFY, External=1
2026-01-08 16:29:54.893 RedLemon[8641:116650] 📤 Realtime: Sending message type: playbackState, sender: EXPG
2026-01-08 16:29:54.893 RedLemon[8641:116650]    Payload keys: type, isPlaying, position, timestamp, senderId
2026-01-08 16:29:54.894 RedLemon[8641:116663] ✅ Realtime: Message broadcast complete
2026-01-08 16:29:55.016 RedLemon[8641:116811] 📨 Realtime: Received broadcast message
2026-01-08 16:29:55.017 RedLemon[8641:116811]    Payload keys: senderId, type, timestamp, isPlaying, position
2026-01-08 16:29:55.017 RedLemon[8641:116811] ✅ Realtime: Decoded message type: playbackState, sender: EXPG
2026-01-08 16:29:55.017 RedLemon[8641:116811] 📞 Realtime: Invoking syncCallback for message type: playbackState
2026-01-08 16:29:55.018 RedLemon[8641:116811] ✅ Realtime: syncCallback invoked successfully
2026-01-08 16:29:55.018 RedLemon[8641:111839] 🔍 DEBUG: Received sync message - type: playbackState, sender: EXPG
2026-01-08 16:29:55.018 RedLemon[8641:111839] 🚫 DEBUG: Host filtering out message type: playbackState
2026-01-08 16:29:55.787 RedLemon[8641:116811] 🔍 MPV track-list/count: 6
2026-01-08 16:29:56.112 RedLemon[8641:116811] 🔍 Track 0 type: sub
2026-01-08 16:29:56.112 RedLemon[8641:111839] ⏱️ Watch Party: Duration available (8805.6s), triggering ready signal
2026-01-08 16:29:56.112 RedLemon[8641:111839] 👋 Watch Party: Sending INITIAL READY signal and starting loop
2026-01-08 16:29:56.112 RedLemon[8641:116811] ✅ Found subtitle track: ID=1, lang=en, title=Bad.Boys.2.2003.1080p.BluRay.H264.AAC-RARBG, external=1
2026-01-08 16:29:56.112 RedLemon[8641:116811] 🔍 Track 1 type: sub
2026-01-08 16:29:56.112 RedLemon[8641:111839] 🔍 DEBUG: checkIfAllGuestsReady called
2026-01-08 16:29:56.112 RedLemon[8641:116811] ✅ Found subtitle track: ID=2, lang=en, title=Bad.Boys.II.2003.REMASTERED.1080p.BluRay.H264.AAC-RARBG, external=1
2026-01-08 16:29:56.112 RedLemon[8641:111839] 🔍 DEBUG: hasSentReadySignal = true
2026-01-08 16:29:56.112 RedLemon[8641:116811] 🔍 Track 2 type: sub
2026-01-08 16:29:56.113 RedLemon[8641:116811] ✅ Found subtitle track: ID=3, lang=en, title=Bad.Boys.II.2003.720p.BluRay.X264.YIFY, external=1
2026-01-08 16:29:56.113 RedLemon[8641:111839] 🔍 DEBUG: connectedGuestIds = 
2026-01-08 16:29:56.113 RedLemon[8641:116811] 🔍 Track 3 type: video
2026-01-08 16:29:56.113 RedLemon[8641:111839] 🔍 DEBUG: readyGuestIds = 
2026-01-08 16:29:56.113 RedLemon[8641:116811] 🔍 Track 4 type: audio
2026-01-08 16:29:56.113 RedLemon[8641:116811] 🔍 Track 5 type: sub
2026-01-08 16:29:56.115 RedLemon[8641:111839] ✅ All guests reported READY
2026-01-08 16:29:56.115 RedLemon[8641:111839] ⏳ No guests connected yet (waiting for presence updates)
2026-01-08 16:29:56.136 RedLemon[8641:116811] ✅ Found subtitle track: ID=4, lang=en, title=nil, external=0
2026-01-08 16:29:56.136 RedLemon[8641:116811] 📊 Total subtitle tracks found: 5 (including Off if needed)
2026-01-08 16:29:56.136 RedLemon[8641:116811]    Start[0]: ID=0, Title='Off', Lang='nil', Ext=0
2026-01-08 16:29:56.137 RedLemon[8641:116811]    Start[1]: ID=1, Title='Bad.Boys.2.2003.1080p.BluRay.H264.AAC-RARBG', Lang='en', Ext=1
2026-01-08 16:29:56.137 RedLemon[8641:116811]    Start[2]: ID=2, Title='Bad.Boys.II.2003.REMASTERED.1080p.BluRay.H264.AAC-RARBG', Lang='en', Ext=1
2026-01-08 16:29:56.137 RedLemon[8641:116811]    Start[3]: ID=3, Title='Bad.Boys.II.2003.720p.BluRay.X264.YIFY', Lang='en', Ext=1
2026-01-08 16:29:56.137 RedLemon[8641:116811]    Start[4]: ID=4, Title='nil', Lang='en', Ext=0
2026-01-08 16:29:56.137 RedLemon[8641:116811] ✅ SubtitleService: Scanned 5 tracks (Attempt 2/5)
2026-01-08 16:29:56.137 RedLemon[8641:116811]    Track: ID=0, Title=Off, External=0
2026-01-08 16:29:56.138 RedLemon[8641:116811]    Track: ID=1, Title=Bad.Boys.2.2003.1080p.BluRay.H264.AAC-RARBG, External=1
2026-01-08 16:29:56.138 RedLemon[8641:116811]    Track: ID=2, Title=Bad.Boys.II.2003.REMASTERED.1080p.BluRay.H264.AAC-RARBG, External=1
2026-01-08 16:29:56.138 RedLemon[8641:116811]    Track: ID=3, Title=Bad.Boys.II.2003.720p.BluRay.X264.YIFY, External=1
2026-01-08 16:29:56.138 RedLemon[8641:116811]    Track: ID=4, Title=English, External=0
2026-01-08 16:29:56.244 RedLemon[8641:116811] 📤 Realtime: Sending message type: ready, sender: 656DAA91-33B4-4688-9135-C982EA52D7C9
2026-01-08 16:29:56.246 RedLemon[8641:116811]    Payload keys: senderId, type, isPlaying, timestamp, position
2026-01-08 16:29:56.250 RedLemon[8641:116663] ✅ Realtime: Message broadcast complete
2026-01-08 16:29:56.315 RedLemon[8641:116811] 🔍 MPV track-list/count: 6
2026-01-08 16:29:56.315 RedLemon[8641:116811] 🔍 Track 0 type: sub
2026-01-08 16:29:56.315 RedLemon[8641:116811] ✅ Found subtitle track: ID=1, lang=en, title=Bad.Boys.2.2003.1080p.BluRay.H264.AAC-RARBG, external=1
2026-01-08 16:29:56.316 RedLemon[8641:116811] 🔍 Track 1 type: sub
2026-01-08 16:29:56.316 RedLemon[8641:116811] ✅ Found subtitle track: ID=2, lang=en, title=Bad.Boys.II.2003.REMASTERED.1080p.BluRay.H264.AAC-RARBG, external=1
2026-01-08 16:29:56.316 RedLemon[8641:116811] 🔍 Track 2 type: sub
2026-01-08 16:29:56.316 RedLemon[8641:116811] ✅ Found subtitle track: ID=3, lang=en, title=Bad.Boys.II.2003.720p.BluRay.X264.YIFY, external=1
2026-01-08 16:29:56.316 RedLemon[8641:116811] 🔍 Track 3 type: video
2026-01-08 16:29:56.317 RedLemon[8641:116811] 🔍 Track 4 type: audio
2026-01-08 16:29:56.317 RedLemon[8641:116811] 🔍 Track 5 type: sub
2026-01-08 16:29:56.317 RedLemon[8641:116811] ✅ Found subtitle track: ID=4, lang=en, title=nil, external=0
2026-01-08 16:29:56.317 RedLemon[8641:116811] 📊 Total subtitle tracks found: 5 (including Off if needed)
2026-01-08 16:29:56.317 RedLemon[8641:116811]    Start[0]: ID=0, Title='Off', Lang='nil', Ext=0
2026-01-08 16:29:56.317 RedLemon[8641:116811]    Start[1]: ID=1, Title='Bad.Boys.2.2003.1080p.BluRay.H264.AAC-RARBG', Lang='en', Ext=1
2026-01-08 16:29:56.318 RedLemon[8641:116811]    Start[2]: ID=2, Title='Bad.Boys.II.2003.REMASTERED.1080p.BluRay.H264.AAC-RARBG', Lang='en', Ext=1
2026-01-08 16:29:56.318 RedLemon[8641:116811]    Start[3]: ID=3, Title='Bad.Boys.II.2003.720p.BluRay.X264.YIFY', Lang='en', Ext=1
2026-01-08 16:29:56.318 RedLemon[8641:116811]    Start[4]: ID=4, Title='nil', Lang='en', Ext=0
2026-01-08 16:29:56.318 RedLemon[8641:116811] ✅ SubtitleService: Scanned 5 tracks (Attempt 1/5)
2026-01-08 16:29:56.318 RedLemon[8641:116811]    Track: ID=0, Title=Off, External=0
2026-01-08 16:29:56.318 RedLemon[8641:116811]    Track: ID=1, Title=Bad.Boys.2.2003.1080p.BluRay.H264.AAC-RARBG, External=1
2026-01-08 16:29:56.319 RedLemon[8641:116811]    Track: ID=2, Title=Bad.Boys.II.2003.REMASTERED.1080p.BluRay.H264.AAC-RARBG, External=1
2026-01-08 16:29:56.319 RedLemon[8641:116811]    Track: ID=3, Title=Bad.Boys.II.2003.720p.BluRay.X264.YIFY, External=1
2026-01-08 16:29:56.319 RedLemon[8641:116811]    Track: ID=4, Title=English, External=0
2026-01-08 16:29:56.327 RedLemon[8641:111839] ✅ Watch Party: READY signal sent successfully
2026-01-08 16:29:56.375 RedLemon[8641:116663] 📨 Realtime: Received broadcast message
2026-01-08 16:29:56.375 RedLemon[8641:116663]    Payload keys: isPlaying, position, senderId, timestamp, type
2026-01-08 16:29:56.376 RedLemon[8641:116663] ✅ Realtime: Decoded message type: ready, sender: 656DAA91-33B4-4688-9135-C982EA52D7C9
2026-01-08 16:29:56.376 RedLemon[8641:116663] 📞 Realtime: Invoking syncCallback for message type: ready
2026-01-08 16:29:56.376 RedLemon[8641:116663] ✅ Realtime: syncCallback invoked successfully
2026-01-08 16:29:56.376 RedLemon[8641:111839] 🔍 DEBUG: Received sync message - type: ready, sender: 656DAA91-33B4-4688-9135-C982EA52D7C9
2026-01-08 16:29:56.377 RedLemon[8641:111839] ✅ Received READY signal from 656DAA91-33B4-4688-9135-C982EA52D7C9 (normalized: 656daa91-33b4-4688-9135-c982ea52d7c9)
2026-01-08 16:29:56.377 RedLemon[8641:111839] ⚠️ Adding 656daa91-33b4-4688-9135-c982ea52d7c9 to connectedGuestIds (presence fallback)
2026-01-08 16:29:56.377 RedLemon[8641:111839] 🔍 DEBUG: checkIfAllGuestsReady called
2026-01-08 16:29:56.377 RedLemon[8641:111839] 🔍 DEBUG: hasSentReadySignal = true
2026-01-08 16:29:56.377 RedLemon[8641:111839] 🔍 DEBUG: connectedGuestIds = 656daa91-33b4-4688-9135-c982ea52d7c9
2026-01-08 16:29:56.377 RedLemon[8641:111839] 🔍 DEBUG: readyGuestIds = 656daa91-33b4-4688-9135-c982ea52d7c9
2026-01-08 16:29:56.378 RedLemon[8641:111839] ✅ All guests reported READY
2026-01-08 16:29:56.378 RedLemon[8641:111839] 🔍 DEBUG: allReady = true
2026-01-08 16:29:56.378 RedLemon[8641:111839] 🚀 All guests ready! Starting playback in 1s...
2026-01-08 16:29:56.893 RedLemon[8641:116811] 📤 Realtime: Sending message type: playbackState, sender: EXPG
2026-01-08 16:29:56.893 RedLemon[8641:116811]    Payload keys: position, timestamp, senderId, isPlaying, type
2026-01-08 16:29:56.894 RedLemon[8641:116650] ✅ Realtime: Message broadcast complete
2026-01-08 16:29:57.024 RedLemon[8641:116650] 📨 Realtime: Received broadcast message
2026-01-08 16:29:57.024 RedLemon[8641:116650]    Payload keys: isPlaying, type, senderId, timestamp, position
2026-01-08 16:29:57.025 RedLemon[8641:116650] ✅ Realtime: Decoded message type: playbackState, sender: EXPG
2026-01-08 16:29:57.025 RedLemon[8641:116650] 📞 Realtime: Invoking syncCallback for message type: playbackState
2026-01-08 16:29:57.025 RedLemon[8641:116650] ✅ Realtime: syncCallback invoked successfully
2026-01-08 16:29:57.025 RedLemon[8641:111839] 🔍 DEBUG: Received sync message - type: playbackState, sender: EXPG
2026-01-08 16:29:57.025 RedLemon[8641:111839] 🚫 DEBUG: Host filtering out message type: playbackState
2026-01-08 16:29:57.172 RedLemon[8641:116811] 🔍 MPV track-list/count: 6
2026-01-08 16:29:57.172 RedLemon[8641:116811] 🔍 Track 0 type: sub
2026-01-08 16:29:57.172 RedLemon[8641:116811] ✅ Found subtitle track: ID=1, lang=en, title=Bad.Boys.2.2003.1080p.BluRay.H264.AAC-RARBG, external=1
2026-01-08 16:29:57.173 RedLemon[8641:116811] 🔍 Track 1 type: sub
2026-01-08 16:29:57.173 RedLemon[8641:116811] ✅ Found subtitle track: ID=2, lang=en, title=Bad.Boys.II.2003.REMASTERED.1080p.BluRay.H264.AAC-RARBG, external=1
2026-01-08 16:29:57.173 RedLemon[8641:116811] 🔍 Track 2 type: sub
2026-01-08 16:29:57.173 RedLemon[8641:116811] ✅ Found subtitle track: ID=3, lang=en, title=Bad.Boys.II.2003.720p.BluRay.X264.YIFY, external=1
2026-01-08 16:29:57.173 RedLemon[8641:116811] 🔍 Track 3 type: video
2026-01-08 16:29:57.174 RedLemon[8641:116811] 🔍 Track 4 type: audio
2026-01-08 16:29:57.174 RedLemon[8641:116811] 🔍 Track 5 type: sub
2026-01-08 16:29:57.174 RedLemon[8641:116811] ✅ Found subtitle track: ID=4, lang=en, title=nil, external=0
2026-01-08 16:29:57.174 RedLemon[8641:116811] 📊 Total subtitle tracks found: 5 (including Off if needed)
2026-01-08 16:29:57.174 RedLemon[8641:116811]    Start[0]: ID=0, Title='Off', Lang='nil', Ext=0
2026-01-08 16:29:57.174 RedLemon[8641:116811]    Start[1]: ID=1, Title='Bad.Boys.2.2003.1080p.BluRay.H264.AAC-RARBG', Lang='en', Ext=1
2026-01-08 16:29:57.174 RedLemon[8641:116811]    Start[2]: ID=2, Title='Bad.Boys.II.2003.REMASTERED.1080p.BluRay.H264.AAC-RARBG', Lang='en', Ext=1
2026-01-08 16:29:57.174 RedLemon[8641:116811]    Start[3]: ID=3, Title='Bad.Boys.II.2003.720p.BluRay.X264.YIFY', Lang='en', Ext=1
2026-01-08 16:29:57.174 RedLemon[8641:116811]    Start[4]: ID=4, Title='nil', Lang='en', Ext=0
2026-01-08 16:29:57.174 RedLemon[8641:116811] ✅ SubtitleService: Scanned 5 tracks (Attempt 3/5)
2026-01-08 16:29:57.174 RedLemon[8641:116811]    Track: ID=0, Title=Off, External=0
2026-01-08 16:29:57.175 RedLemon[8641:116811]    Track: ID=1, Title=Bad.Boys.2.2003.1080p.BluRay.H264.AAC-RARBG, External=1
2026-01-08 16:29:57.175 RedLemon[8641:116811]    Track: ID=2, Title=Bad.Boys.II.2003.REMASTERED.1080p.BluRay.H264.AAC-RARBG, External=1
2026-01-08 16:29:57.175 RedLemon[8641:116811]    Track: ID=3, Title=Bad.Boys.II.2003.720p.BluRay.X264.YIFY, External=1
2026-01-08 16:29:57.175 RedLemon[8641:116811]    Track: ID=4, Title=English, External=0
2026-01-08 16:29:57.319 RedLemon[8641:116811] 🔍 MPV track-list/count: 6
2026-01-08 16:29:57.320 RedLemon[8641:116811] 🔍 Track 0 type: sub
2026-01-08 16:29:57.320 RedLemon[8641:116811] ✅ Found subtitle track: ID=1, lang=en, title=Bad.Boys.2.2003.1080p.BluRay.H264.AAC-RARBG, external=1
2026-01-08 16:29:57.320 RedLemon[8641:116811] 🔍 Track 1 type: sub
2026-01-08 16:29:57.320 RedLemon[8641:116811] ✅ Found subtitle track: ID=2, lang=en, title=Bad.Boys.II.2003.REMASTERED.1080p.BluRay.H264.AAC-RARBG, external=1
2026-01-08 16:29:57.320 RedLemon[8641:116811] 🔍 Track 2 type: sub
2026-01-08 16:29:57.321 RedLemon[8641:116811] ✅ Found subtitle track: ID=3, lang=en, title=Bad.Boys.II.2003.720p.BluRay.X264.YIFY, external=1
2026-01-08 16:29:57.321 RedLemon[8641:116811] 🔍 Track 3 type: video
2026-01-08 16:29:57.321 RedLemon[8641:116811] 🔍 Track 4 type: audio
2026-01-08 16:29:57.321 RedLemon[8641:116811] 🔍 Track 5 type: sub
2026-01-08 16:29:57.321 RedLemon[8641:116811] ✅ Found subtitle track: ID=4, lang=en, title=nil, external=0
2026-01-08 16:29:57.321 RedLemon[8641:116811] 📊 Total subtitle tracks found: 5 (including Off if needed)
2026-01-08 16:29:57.321 RedLemon[8641:116811]    Start[0]: ID=0, Title='Off', Lang='nil', Ext=0
2026-01-08 16:29:57.321 RedLemon[8641:116811]    Start[1]: ID=1, Title='Bad.Boys.2.2003.1080p.BluRay.H264.AAC-RARBG', Lang='en', Ext=1
2026-01-08 16:29:57.321 RedLemon[8641:116811]    Start[2]: ID=2, Title='Bad.Boys.II.2003.REMASTERED.1080p.BluRay.H264.AAC-RARBG', Lang='en', Ext=1
2026-01-08 16:29:57.322 RedLemon[8641:116811]    Start[3]: ID=3, Title='Bad.Boys.II.2003.720p.BluRay.X264.YIFY', Lang='en', Ext=1
2026-01-08 16:29:57.322 RedLemon[8641:116811]    Start[4]: ID=4, Title='nil', Lang='en', Ext=0
2026-01-08 16:29:57.322 RedLemon[8641:116811] ✅ SubtitleService: Scanned 5 tracks (Attempt 2/5)
2026-01-08 16:29:57.322 RedLemon[8641:116811]    Track: ID=0, Title=Off, External=0
2026-01-08 16:29:57.322 RedLemon[8641:116811]    Track: ID=1, Title=Bad.Boys.2.2003.1080p.BluRay.H264.AAC-RARBG, External=1
2026-01-08 16:29:57.323 RedLemon[8641:116811]    Track: ID=2, Title=Bad.Boys.II.2003.REMASTERED.1080p.BluRay.H264.AAC-RARBG, External=1
2026-01-08 16:29:57.323 RedLemon[8641:116811]    Track: ID=3, Title=Bad.Boys.II.2003.720p.BluRay.X264.YIFY, External=1
2026-01-08 16:29:57.323 RedLemon[8641:116811]    Track: ID=4, Title=English, External=0
2026-01-08 16:29:57.401 RedLemon[8641:111839] 🎬 Host: Initiating synchronized start
2026-01-08 16:29:57.415 RedLemon[8641:116811] 📤 Realtime: Sending message type: play, sender: 656DAA91-33B4-4688-9135-C982EA52D7C9
2026-01-08 16:29:57.415 RedLemon[8641:116811]    Payload keys: type, isPlaying, position, senderId, timestamp
2026-01-08 16:29:57.416 RedLemon[8641:116810] ✅ Realtime: Message broadcast complete
2026-01-08 16:29:57.539 RedLemon[8641:116650] 📨 Realtime: Received broadcast message
2026-01-08 16:29:57.539 RedLemon[8641:116650]    Payload keys: type, senderId, timestamp, position, isPlaying
2026-01-08 16:29:57.539 RedLemon[8641:116650] ✅ Realtime: Decoded message type: play, sender: 656DAA91-33B4-4688-9135-C982EA52D7C9
2026-01-08 16:29:57.539 RedLemon[8641:116650] 📞 Realtime: Invoking syncCallback for message type: play
2026-01-08 16:29:57.539 RedLemon[8641:116650] ✅ Realtime: syncCallback invoked successfully
2026-01-08 16:29:57.540 RedLemon[8641:111839] 🔍 DEBUG: Received sync message - type: play, sender: 656DAA91-33B4-4688-9135-C982EA52D7C9
2026-01-08 16:29:57.540 RedLemon[8641:111839] 🚫 DEBUG: Host filtering out message type: play
2026-01-08 16:29:58.239 RedLemon[8641:116663] 🔍 MPV track-list/count: 6
2026-01-08 16:29:58.239 RedLemon[8641:116663] 🔍 Track 0 type: sub
2026-01-08 16:29:58.239 RedLemon[8641:116663] ✅ Found subtitle track: ID=1, lang=en, title=Bad.Boys.2.2003.1080p.BluRay.H264.AAC-RARBG, external=1
2026-01-08 16:29:58.239 RedLemon[8641:116663] 🔍 Track 1 type: sub
2026-01-08 16:29:58.239 RedLemon[8641:116663] ✅ Found subtitle track: ID=2, lang=en, title=Bad.Boys.II.2003.REMASTERED.1080p.BluRay.H264.AAC-RARBG, external=1
2026-01-08 16:29:58.239 RedLemon[8641:116663] 🔍 Track 2 type: sub
2026-01-08 16:29:58.239 RedLemon[8641:116663] ✅ Found subtitle track: ID=3, lang=en, title=Bad.Boys.II.2003.720p.BluRay.X264.YIFY, external=1
2026-01-08 16:29:58.240 RedLemon[8641:116663] 🔍 Track 3 type: video
2026-01-08 16:29:58.240 RedLemon[8641:116663] 🔍 Track 4 type: audio
2026-01-08 16:29:58.240 RedLemon[8641:116663] 🔍 Track 5 type: sub
2026-01-08 16:29:58.240 RedLemon[8641:116663] ✅ Found subtitle track: ID=4, lang=en, title=nil, external=0
2026-01-08 16:29:58.240 RedLemon[8641:116663] 📊 Total subtitle tracks found: 5 (including Off if needed)
2026-01-08 16:29:58.240 RedLemon[8641:116663]    Start[0]: ID=0, Title='Off', Lang='nil', Ext=0
2026-01-08 16:29:58.240 RedLemon[8641:116663]    Start[1]: ID=1, Title='Bad.Boys.2.2003.1080p.BluRay.H264.AAC-RARBG', Lang='en', Ext=1
2026-01-08 16:29:58.240 RedLemon[8641:116663]    Start[2]: ID=2, Title='Bad.Boys.II.2003.REMASTERED.1080p.BluRay.H264.AAC-RARBG', Lang='en', Ext=1
2026-01-08 16:29:58.240 RedLemon[8641:116663]    Start[3]: ID=3, Title='Bad.Boys.II.2003.720p.BluRay.X264.YIFY', Lang='en', Ext=1
2026-01-08 16:29:58.241 RedLemon[8641:116663]    Start[4]: ID=4, Title='nil', Lang='en', Ext=0
2026-01-08 16:29:58.241 RedLemon[8641:116663] ✅ SubtitleService: Scanned 5 tracks (Attempt 4/5)
2026-01-08 16:29:58.241 RedLemon[8641:116663]    Track: ID=0, Title=Off, External=0
2026-01-08 16:29:58.241 RedLemon[8641:116663]    Track: ID=1, Title=Bad.Boys.2.2003.1080p.BluRay.H264.AAC-RARBG, External=1
2026-01-08 16:29:58.242 RedLemon[8641:116663]    Track: ID=2, Title=Bad.Boys.II.2003.REMASTERED.1080p.BluRay.H264.AAC-RARBG, External=1
2026-01-08 16:29:58.242 RedLemon[8641:116663]    Track: ID=3, Title=Bad.Boys.II.2003.720p.BluRay.X264.YIFY, External=1
2026-01-08 16:29:58.242 RedLemon[8641:116663]    Track: ID=4, Title=English, External=0
2026-01-08 16:29:58.333 RedLemon[8641:116663] 🔍 MPV track-list/count: 6
2026-01-08 16:29:58.334 RedLemon[8641:116663] 🔍 Track 0 type: sub
2026-01-08 16:29:58.334 RedLemon[8641:116663] ✅ Found subtitle track: ID=1, lang=en, title=Bad.Boys.2.2003.1080p.BluRay.H264.AAC-RARBG, external=1
2026-01-08 16:29:58.334 RedLemon[8641:116663] 🔍 Track 1 type: sub
2026-01-08 16:29:58.334 RedLemon[8641:116663] ✅ Found subtitle track: ID=2, lang=en, title=Bad.Boys.II.2003.REMASTERED.1080p.BluRay.H264.AAC-RARBG, external=1
2026-01-08 16:29:58.334 RedLemon[8641:116663] 🔍 Track 2 type: sub
2026-01-08 16:29:58.335 RedLemon[8641:116663] ✅ Found subtitle track: ID=3, lang=en, title=Bad.Boys.II.2003.720p.BluRay.X264.YIFY, external=1
2026-01-08 16:29:58.335 RedLemon[8641:116663] 🔍 Track 3 type: video
2026-01-08 16:29:58.335 RedLemon[8641:116663] 🔍 Track 4 type: audio
2026-01-08 16:29:58.336 RedLemon[8641:116663] 🔍 Track 5 type: sub
2026-01-08 16:29:58.337 RedLemon[8641:116663] ✅ Found subtitle track: ID=4, lang=en, title=nil, external=0
2026-01-08 16:29:58.337 RedLemon[8641:116663] 📊 Total subtitle tracks found: 5 (including Off if needed)
2026-01-08 16:29:58.337 RedLemon[8641:116663]    Start[0]: ID=0, Title='Off', Lang='nil', Ext=0
2026-01-08 16:29:58.338 RedLemon[8641:116663]    Start[1]: ID=1, Title='Bad.Boys.2.2003.1080p.BluRay.H264.AAC-RARBG', Lang='en', Ext=1
2026-01-08 16:29:58.338 RedLemon[8641:116663]    Start[2]: ID=2, Title='Bad.Boys.II.2003.REMASTERED.1080p.BluRay.H264.AAC-RARBG', Lang='en', Ext=1
2026-01-08 16:29:58.338 RedLemon[8641:116663]    Start[3]: ID=3, Title='Bad.Boys.II.2003.720p.BluRay.X264.YIFY', Lang='en', Ext=1
2026-01-08 16:29:58.338 RedLemon[8641:116663]    Start[4]: ID=4, Title='nil', Lang='en', Ext=0
2026-01-08 16:29:58.340 RedLemon[8641:116663] ✅ SubtitleService: Scanned 5 tracks (Attempt 3/5)
2026-01-08 16:29:58.340 RedLemon[8641:116663]    Track: ID=0, Title=Off, External=0
2026-01-08 16:29:58.341 RedLemon[8641:116663]    Track: ID=1, Title=Bad.Boys.2.2003.1080p.BluRay.H264.AAC-RARBG, External=1
2026-01-08 16:29:58.341 RedLemon[8641:116663]    Track: ID=2, Title=Bad.Boys.II.2003.REMASTERED.1080p.BluRay.H264.AAC-RARBG, External=1
2026-01-08 16:29:58.341 RedLemon[8641:116663]    Track: ID=3, Title=Bad.Boys.II.2003.720p.BluRay.X264.YIFY, External=1
2026-01-08 16:29:58.342 RedLemon[8641:116663]    Track: ID=4, Title=English, External=0
2026-01-08 16:29:58.906 RedLemon[8641:116650] 📤 Realtime: Sending message type: playbackState, sender: EXPG
2026-01-08 16:29:58.907 RedLemon[8641:116650]    Payload keys: type, position, senderId, timestamp, isPlaying
2026-01-08 16:29:58.911 RedLemon[8641:116810] ✅ Realtime: Message broadcast complete
2026-01-08 16:29:59.041 RedLemon[8641:116663] 📨 Realtime: Received broadcast message
2026-01-08 16:29:59.041 RedLemon[8641:116663]    Payload keys: timestamp, senderId, isPlaying, type, position
2026-01-08 16:29:59.042 RedLemon[8641:116663] ✅ Realtime: Decoded message type: playbackState, sender: EXPG
2026-01-08 16:29:59.042 RedLemon[8641:116663] 📞 Realtime: Invoking syncCallback for message type: playbackState
2026-01-08 16:29:59.042 RedLemon[8641:116663] ✅ Realtime: syncCallback invoked successfully
2026-01-08 16:29:59.073 RedLemon[8641:111839] 🔍 DEBUG: Received sync message - type: playbackState, sender: EXPG
2026-01-08 16:29:59.073 RedLemon[8641:111839] 🚫 DEBUG: Host filtering out message type: playbackState
2026-01-08 16:29:59.254 RedLemon[8641:116663] 🔍 MPV track-list/count: 6
2026-01-08 16:29:59.254 RedLemon[8641:116663] 🔍 Track 0 type: sub
2026-01-08 16:29:59.255 RedLemon[8641:116663] ✅ Found subtitle track: ID=1, lang=en, title=Bad.Boys.2.2003.1080p.BluRay.H264.AAC-RARBG, external=1
2026-01-08 16:29:59.256 RedLemon[8641:116663] 🔍 Track 1 type: sub
2026-01-08 16:29:59.256 RedLemon[8641:116663] ✅ Found subtitle track: ID=2, lang=en, title=Bad.Boys.II.2003.REMASTERED.1080p.BluRay.H264.AAC-RARBG, external=1
2026-01-08 16:29:59.256 RedLemon[8641:116663] 🔍 Track 2 type: sub
2026-01-08 16:29:59.257 RedLemon[8641:116663] ✅ Found subtitle track: ID=3, lang=en, title=Bad.Boys.II.2003.720p.BluRay.X264.YIFY, external=1
2026-01-08 16:29:59.257 RedLemon[8641:116663] 🔍 Track 3 type: video
2026-01-08 16:29:59.257 RedLemon[8641:116663] 🔍 Track 4 type: audio
2026-01-08 16:29:59.257 RedLemon[8641:116663] 🔍 Track 5 type: sub
2026-01-08 16:29:59.257 RedLemon[8641:116663] ✅ Found subtitle track: ID=4, lang=en, title=nil, external=0
2026-01-08 16:29:59.257 RedLemon[8641:116663] 📊 Total subtitle tracks found: 5 (including Off if needed)
2026-01-08 16:29:59.258 RedLemon[8641:116663]    Start[0]: ID=0, Title='Off', Lang='nil', Ext=0
2026-01-08 16:29:59.258 RedLemon[8641:116663]    Start[1]: ID=1, Title='Bad.Boys.2.2003.1080p.BluRay.H264.AAC-RARBG', Lang='en', Ext=1
2026-01-08 16:29:59.258 RedLemon[8641:116663]    Start[2]: ID=2, Title='Bad.Boys.II.2003.REMASTERED.1080p.BluRay.H264.AAC-RARBG', Lang='en', Ext=1
2026-01-08 16:29:59.258 RedLemon[8641:116663]    Start[3]: ID=3, Title='Bad.Boys.II.2003.720p.BluRay.X264.YIFY', Lang='en', Ext=1
2026-01-08 16:29:59.258 RedLemon[8641:116663]    Start[4]: ID=4, Title='nil', Lang='en', Ext=0
2026-01-08 16:29:59.258 RedLemon[8641:116663] ✅ SubtitleService: Scanned 5 tracks (Attempt 5/5)
2026-01-08 16:29:59.258 RedLemon[8641:116663]    Track: ID=0, Title=Off, External=0
2026-01-08 16:29:59.259 RedLemon[8641:116663]    Track: ID=1, Title=Bad.Boys.2.2003.1080p.BluRay.H264.AAC-RARBG, External=1
2026-01-08 16:29:59.259 RedLemon[8641:116663]    Track: ID=2, Title=Bad.Boys.II.2003.REMASTERED.1080p.BluRay.H264.AAC-RARBG, External=1
2026-01-08 16:29:59.259 RedLemon[8641:116663]    Track: ID=3, Title=Bad.Boys.II.2003.720p.BluRay.X264.YIFY, External=1
2026-01-08 16:29:59.259 RedLemon[8641:116663]    Track: ID=4, Title=English, External=0
2026-01-08 16:29:59.342 RedLemon[8641:116663] 🔍 MPV track-list/count: 6
2026-01-08 16:29:59.342 RedLemon[8641:116663] 🔍 Track 0 type: sub
2026-01-08 16:29:59.342 RedLemon[8641:116663] ✅ Found subtitle track: ID=1, lang=en, title=Bad.Boys.2.2003.1080p.BluRay.H264.AAC-RARBG, external=1
2026-01-08 16:29:59.343 RedLemon[8641:116663] 🔍 Track 1 type: sub
2026-01-08 16:29:59.343 RedLemon[8641:116663] ✅ Found subtitle track: ID=2, lang=en, title=Bad.Boys.II.2003.REMASTERED.1080p.BluRay.H264.AAC-RARBG, external=1
2026-01-08 16:29:59.343 RedLemon[8641:116663] 🔍 Track 2 type: sub
2026-01-08 16:29:59.343 RedLemon[8641:116663] ✅ Found subtitle track: ID=3, lang=en, title=Bad.Boys.II.2003.720p.BluRay.X264.YIFY, external=1
2026-01-08 16:29:59.344 RedLemon[8641:116663] 🔍 Track 3 type: video
2026-01-08 16:29:59.344 RedLemon[8641:116663] 🔍 Track 4 type: audio
2026-01-08 16:29:59.344 RedLemon[8641:116663] 🔍 Track 5 type: sub
2026-01-08 16:29:59.344 RedLemon[8641:116663] ✅ Found subtitle track: ID=4, lang=en, title=nil, external=0
2026-01-08 16:29:59.344 RedLemon[8641:116663] 📊 Total subtitle tracks found: 5 (including Off if needed)
2026-01-08 16:29:59.345 RedLemon[8641:116663]    Start[0]: ID=0, Title='Off', Lang='nil', Ext=0
2026-01-08 16:29:59.345 RedLemon[8641:116663]    Start[1]: ID=1, Title='Bad.Boys.2.2003.1080p.BluRay.H264.AAC-RARBG', Lang='en', Ext=1
2026-01-08 16:29:59.345 RedLemon[8641:116663]    Start[2]: ID=2, Title='Bad.Boys.II.2003.REMASTERED.1080p.BluRay.H264.AAC-RARBG', Lang='en', Ext=1
2026-01-08 16:29:59.345 RedLemon[8641:116663]    Start[3]: ID=3, Title='Bad.Boys.II.2003.720p.BluRay.X264.YIFY', Lang='en', Ext=1
2026-01-08 16:29:59.345 RedLemon[8641:116663]    Start[4]: ID=4, Title='nil', Lang='en', Ext=0
2026-01-08 16:29:59.345 RedLemon[8641:116663] ✅ SubtitleService: Scanned 5 tracks (Attempt 4/5)
2026-01-08 16:29:59.345 RedLemon[8641:116663]    Track: ID=0, Title=Off, External=0
2026-01-08 16:29:59.346 RedLemon[8641:116663]    Track: ID=1, Title=Bad.Boys.2.2003.1080p.BluRay.H264.AAC-RARBG, External=1
2026-01-08 16:29:59.346 RedLemon[8641:116663]    Track: ID=2, Title=Bad.Boys.II.2003.REMASTERED.1080p.BluRay.H264.AAC-RARBG, External=1
2026-01-08 16:29:59.346 RedLemon[8641:116663]    Track: ID=3, Title=Bad.Boys.II.2003.720p.BluRay.X264.YIFY, External=1
2026-01-08 16:29:59.347 RedLemon[8641:116663]    Track: ID=4, Title=English, External=0
2026-01-08 16:29:59.590 RedLemon[8641:111839] ✅ Exit button triggered! x=173 <= 342, y=582 >= 576
2026-01-08 16:29:59.607 RedLemon[8641:111839] ✅ Exit button triggered! x=155 <= 342, y=601 >= 576
2026-01-08 16:29:59.618 RedLemon[8641:111839] ✅ Exit button triggered! x=150 <= 342, y=608 >= 576
2026-01-08 16:29:59.627 RedLemon[8641:111839] ✅ Exit button triggered! x=148 <= 342, y=610 >= 576
2026-01-08 16:29:59.631 RedLemon[8641:111839] ✅ Exit button triggered! x=144 <= 342, y=613 >= 576
2026-01-08 16:29:59.665 RedLemon[8641:111839] ✅ Exit button triggered! x=138 <= 342, y=620 >= 576
2026-01-08 16:29:59.874 RedLemon[8641:111839] ✅ Exit button triggered! x=138 <= 342, y=628 >= 576
2026-01-08 16:29:59.876 RedLemon[8641:111839] ✅ Exit button triggered! x=131 <= 342, y=658 >= 576
2026-01-08 16:29:59.916 RedLemon[8641:111839] ✅ Exit button triggered! x=128 <= 342, y=669 >= 576
2026-01-08 16:29:59.918 RedLemon[8641:111839] ✅ Exit button triggered! x=122 <= 342, y=688 >= 576
2026-01-08 16:29:59.957 RedLemon[8641:111839] ✅ Exit button triggered! x=118 <= 342, y=705 >= 576
2026-01-08 16:29:59.962 RedLemon[8641:111839] ✅ Exit button triggered! x=117 <= 342, y=707 >= 576
2026-01-08 16:29:59.967 RedLemon[8641:111839] ✅ Exit button triggered! x=117 <= 342, y=708 >= 576
2026-01-08 16:30:00.209 RedLemon[8641:111839] ✅ Exit button triggered! x=117 <= 342, y=712 >= 576
2026-01-08 16:30:00.252 RedLemon[8641:111839] ✅ Exit button triggered! x=116 <= 342, y=715 >= 576
2026-01-08 16:30:00.261 RedLemon[8641:111839] ✅ Exit button triggered! x=115 <= 342, y=721 >= 576
2026-01-08 16:30:00.266 RedLemon[8641:111839] ✅ Exit button triggered! x=114 <= 342, y=722 >= 576
2026-01-08 16:30:00.268 RedLemon[8641:111839] ✅ Exit button triggered! x=114 <= 342, y=723 >= 576
2026-01-08 16:30:00.275 RedLemon[8641:111839] ✅ Exit button triggered! x=114 <= 342, y=723 >= 576
2026-01-08 16:30:00.280 RedLemon[8641:111839] ✅ Exit button triggered! x=114 <= 342, y=724 >= 576
2026-01-08 16:30:00.291 RedLemon[8641:111839] ✅ Exit button triggered! x=114 <= 342, y=724 >= 576
2026-01-08 16:30:00.297 RedLemon[8641:111839] ✅ Exit button triggered! x=114 <= 342, y=724 >= 576
2026-01-08 16:30:00.335 RedLemon[8641:111839] ✅ Exit button triggered! x=114 <= 342, y=725 >= 576
2026-01-08 16:30:00.347 RedLemon[8641:116663] 🔍 MPV track-list/count: 6
2026-01-08 16:30:00.347 RedLemon[8641:116663] 🔍 Track 0 type: sub
2026-01-08 16:30:00.347 RedLemon[8641:116663] ✅ Found subtitle track: ID=1, lang=en, title=Bad.Boys.2.2003.1080p.BluRay.H264.AAC-RARBG, external=1
2026-01-08 16:30:00.348 RedLemon[8641:116663] 🔍 Track 1 type: sub
2026-01-08 16:30:00.348 RedLemon[8641:116663] ✅ Found subtitle track: ID=2, lang=en, title=Bad.Boys.II.2003.REMASTERED.1080p.BluRay.H264.AAC-RARBG, external=1
2026-01-08 16:30:00.348 RedLemon[8641:116663] 🔍 Track 2 type: sub
2026-01-08 16:30:00.348 RedLemon[8641:116663] ✅ Found subtitle track: ID=3, lang=en, title=Bad.Boys.II.2003.720p.BluRay.X264.YIFY, external=1
2026-01-08 16:30:00.348 RedLemon[8641:116663] 🔍 Track 3 type: video
2026-01-08 16:30:00.348 RedLemon[8641:116663] 🔍 Track 4 type: audio
2026-01-08 16:30:00.348 RedLemon[8641:116663] 🔍 Track 5 type: sub
2026-01-08 16:30:00.349 RedLemon[8641:116663] ✅ Found subtitle track: ID=4, lang=en, title=nil, external=0
2026-01-08 16:30:00.349 RedLemon[8641:116663] 📊 Total subtitle tracks found: 5 (including Off if needed)
2026-01-08 16:30:00.349 RedLemon[8641:116663]    Start[0]: ID=0, Title='Off', Lang='nil', Ext=0
2026-01-08 16:30:00.349 RedLemon[8641:116663]    Start[1]: ID=1, Title='Bad.Boys.2.2003.1080p.BluRay.H264.AAC-RARBG', Lang='en', Ext=1
2026-01-08 16:30:00.349 RedLemon[8641:116663]    Start[2]: ID=2, Title='Bad.Boys.II.2003.REMASTERED.1080p.BluRay.H264.AAC-RARBG', Lang='en', Ext=1
2026-01-08 16:30:00.349 RedLemon[8641:116663]    Start[3]: ID=3, Title='Bad.Boys.II.2003.720p.BluRay.X264.YIFY', Lang='en', Ext=1
2026-01-08 16:30:00.349 RedLemon[8641:116663]    Start[4]: ID=4, Title='nil', Lang='en', Ext=0
2026-01-08 16:30:00.349 RedLemon[8641:116663] ✅ SubtitleService: Scanned 5 tracks (Attempt 5/5)
2026-01-08 16:30:00.349 RedLemon[8641:116663]    Track: ID=0, Title=Off, External=0
2026-01-08 16:30:00.350 RedLemon[8641:116663]    Track: ID=1, Title=Bad.Boys.2.2003.1080p.BluRay.H264.AAC-RARBG, External=1
2026-01-08 16:30:00.350 RedLemon[8641:116663]    Track: ID=2, Title=Bad.Boys.II.2003.REMASTERED.1080p.BluRay.H264.AAC-RARBG, External=1
2026-01-08 16:30:00.350 RedLemon[8641:116663]    Track: ID=3, Title=Bad.Boys.II.2003.720p.BluRay.X264.YIFY, External=1
2026-01-08 16:30:00.350 RedLemon[8641:116663]    Track: ID=4, Title=English, External=0
2026-01-08 16:30:00.376 RedLemon[8641:111839] ✅ Exit button triggered! x=114 <= 342, y=726 >= 576
2026-01-08 16:30:00.378 RedLemon[8641:111839] ✅ Exit button triggered! x=114 <= 342, y=727 >= 576
2026-01-08 16:30:00.419 RedLemon[8641:111839] ✅ Exit button triggered! x=114 <= 342, y=727 >= 576
2026-01-08 16:30:00.421 RedLemon[8641:111839] ✅ Exit button triggered! x=114 <= 342, y=728 >= 576
2026-01-08 16:30:00.427 RedLemon[8641:111839] ✅ Exit button triggered! x=114 <= 342, y=729 >= 576
2026-01-08 16:30:00.462 RedLemon[8641:111839] ✅ Exit button triggered! x=113 <= 342, y=729 >= 576
2026-01-08 16:30:00.463 RedLemon[8641:111839] ✅ Exit button triggered! x=113 <= 342, y=729 >= 576
2026-01-08 16:30:00.543 RedLemon[8641:111839] ✅ Exit button triggered! x=113 <= 342, y=729 >= 576
2026-01-08 16:30:00.586 RedLemon[8641:111839] ✅ Exit button triggered! x=113 <= 342, y=730 >= 576
2026-01-08 16:30:00.627 RedLemon[8641:111839] ✅ Exit button triggered! x=113 <= 342, y=731 >= 576
2026-01-08 16:30:00.636 RedLemon[8641:111839] ✅ Exit button triggered! x=113 <= 342, y=731 >= 576
2026-01-08 16:30:00.669 RedLemon[8641:111839] ✅ Exit button triggered! x=113 <= 342, y=733 >= 576
2026-01-08 16:30:00.710 RedLemon[8641:111839] ✅ Exit button triggered! x=113 <= 342, y=734 >= 576
2026-01-08 16:30:00.753 RedLemon[8641:111839] ✅ Exit button triggered! x=113 <= 342, y=735 >= 576
2026-01-08 16:30:00.757 RedLemon[8641:111839] ✅ Exit button triggered! x=113 <= 342, y=735 >= 576
2026-01-08 16:30:00.762 RedLemon[8641:111839] ✅ Exit button triggered! x=113 <= 342, y=736 >= 576
2026-01-08 16:30:00.794 RedLemon[8641:111839] ✅ Exit button triggered! x=113 <= 342, y=736 >= 576
2026-01-08 16:30:00.880 RedLemon[8641:111839] ✅ Exit button triggered! x=113 <= 342, y=736 >= 576
2026-01-08 16:30:00.965 RedLemon[8641:116810] 📤 Realtime: Sending message type: playbackState, sender: EXPG
2026-01-08 16:30:00.968 RedLemon[8641:116810]    Payload keys: type, timestamp, position, senderId, isPlaying
2026-01-08 16:30:00.971 RedLemon[8641:116810] ✅ Realtime: Message broadcast complete
2026-01-08 16:30:01.094 RedLemon[8641:116663] 📨 Realtime: Received broadcast message
2026-01-08 16:30:01.094 RedLemon[8641:116663]    Payload keys: timestamp, senderId, type, isPlaying, position
2026-01-08 16:30:01.095 RedLemon[8641:116663] ✅ Realtime: Decoded message type: playbackState, sender: EXPG
2026-01-08 16:30:01.095 RedLemon[8641:116663] 📞 Realtime: Invoking syncCallback for message type: playbackState
2026-01-08 16:30:01.095 RedLemon[8641:116663] ✅ Realtime: syncCallback invoked successfully
2026-01-08 16:30:01.126 RedLemon[8641:111839] 🔍 DEBUG: Received sync message - type: playbackState, sender: EXPG
2026-01-08 16:30:01.126 RedLemon[8641:111839] 🚫 DEBUG: Host filtering out message type: playbackState
2026-01-08 16:30:01.336 RedLemon[8641:111839] ✅ Exit button triggered! x=132 <= 342, y=733 >= 576
2026-01-08 16:30:01.339 RedLemon[8641:116810] 📤 Realtime: Sending message type: returnToLobby, sender: 656DAA91-33B4-4688-9135-C982EA52D7C9
2026-01-08 16:30:01.340 RedLemon[8641:116810]    Payload keys: timestamp, isPlaying, type, senderId, position
2026-01-08 16:30:01.346 RedLemon[8641:116810] ✅ Realtime: Message broadcast complete
2026-01-08 16:30:01.351 RedLemon[8641:111839] ✅ Exit button triggered! x=156 <= 342, y=724 >= 576
2026-01-08 16:30:01.380 RedLemon[8641:111839] ✅ Exit button triggered! x=249 <= 342, y=674 >= 576
2026-01-08 16:30:01.386 RedLemon[8641:111839] ✅ Exit button triggered! x=284 <= 342, y=649 >= 576
2026-01-08 16:30:01.467 RedLemon[8641:116810] 📨 Realtime: Received broadcast message
2026-01-08 16:30:01.469 RedLemon[8641:116810]    Payload keys: isPlaying, timestamp, position, senderId, type
2026-01-08 16:30:01.470 RedLemon[8641:116810] ✅ Realtime: Decoded message type: returnToLobby, sender: 656DAA91-33B4-4688-9135-C982EA52D7C9
2026-01-08 16:30:01.471 RedLemon[8641:116810] 📞 Realtime: Invoking syncCallback for message type: returnToLobby
2026-01-08 16:30:01.471 RedLemon[8641:116810] ✅ Realtime: syncCallback invoked successfully
2026-01-08 16:30:01.506 RedLemon[8641:111839] 🔍 DEBUG: Received sync message - type: returnToLobby, sender: 656DAA91-33B4-4688-9135-C982EA52D7C9
2026-01-08 16:30:01.506 RedLemon[8641:111839] 🚫 DEBUG: Host filtering out message type: returnToLobby
2026-01-08 16:30:02.005 RedLemon[8641:111839] 🛑 Stopped playback heartbeat loop
2026-01-08 16:30:02.058 RedLemon[8641:111839] 🖥️ WindowManager: exitFullscreen() called
2026-01-08 16:30:02.058 RedLemon[8641:111839]    ✅ WindowManager: Toggling fullscreen OFF
2026-01-08 16:30:02.122 RedLemon[8641:111839] 🪟 WindowManager: restoreWindowSize() called - restoring to expanded size
2026-01-08 16:30:02.123 RedLemon[8641:111839]    📐 WindowManager: Restoring to expanded size: (0.0, 0.0, 1366.0, 743.0)
2026-01-08 16:30:02.356 RedLemon[8641:111839]    ✅ WindowManager: Window restored to expanded size
📄 Subtitle request: L3N1YnRpdGxlLzU0NTk5... (offset: 0ms)
📥 Downloading subtitle from SubDL CDN: /subtitle/545995-839120.zip
✅ Download complete: 57717 bytes
📦 Detected ZIP archive, extracting...
⚠️ No specific episode match found, using first file: Bad.Boys.II.2003.720p.BluRay.X264.YIFY.srt
📦 Extracting specific file: Bad.Boys.II.2003.720p.BluRay.X264.YIFY.srt
✅ Extraction successful
✅ Subtitle downloaded and converted to VTT
[MPV] webvtt: Dropping 2 duplicated subtitle events
🔍 SubtitleService: Starting embedded track scan (polling 5s)...
📊 Current subtitle track: 3
🎬 DisplayLink: reportSwap() (throttled)
📨 Received: {"ref":null,"event":"broadcast","payload":{"event":"sync","payload":{"isPlaying":false,"position":0,"senderId":"EXPG","timestamp":0,"type":"playbackState"},"type":"broadcast"},"topic":"realtime:watch-party:EXPG"}
🚫 Ignoring stale LEAVE event for 656daa91-33b4-4688-9135-c982ea52d7c9 (Tracked: GIjexWC-8d9tbxbB != Leaving: GIjewrXesGhtbxXB)
[MPV] (+) Video --vid=1 (*) (h264 1920x800 23.976fps)
[MPV] (+) Audio --aid=1 --alang=en (*) (eac3 6ch 48000Hz)
[MPV] Subs  --sid=1 --slang=en 'Bad.Boys.2.2003.1080p.BluRay.H264.AAC-RARBG' (webvtt) (external)
[MPV] Subs  --sid=2 --slang=en 'Bad.Boys.II.2003.REMASTERED.1080p.BluRay.H264.AAC-RARBG' (webvtt) (external)
[MPV] (+) Subs  --sid=3 --slang=en 'Bad.Boys.II.2003.720p.BluRay.X264.YIFY' (webvtt) (external)
[MPV] Subs  --sid=4 --slang=en (subrip)
 MPV Event: 18
 MPV Event: 18
🎬 MPV: Frame ready! Calling layer.update() (throttled)
🎬 Layer.update() called - forceDraw:false needsFlip:true (throttled)
🎬 DisplayLink: reportSwap() (throttled)
🔍 SMART-LOAD: Starting track polling loop...
🔍 SMART-LOAD: Expecting 3 external subtitles to prevent race condition
✅ SMART-LOAD: Found 6 tracks including 3/3 external subs.
✅ SMART-LOAD: All tracks ready! Proceeding to selection.
🎬 canDraw() = true (forceDraw:false, hasFrame:true) (throttled)
🎬 draw() - Rendering frame! (throttled)
📊 Current subtitle track: 3
 MPV Event: 18
🔍 AUDIO AUTO-SELECT: Starting smart audio track scan
🔍 Track 1: en | 6ch | English: true | Commentary: false -> Score: 1065
🏆 Selected best audio track: en (ID: 1, Score: 1065)
🔍 AUDIO AUTO-SELECT: Starting smart audio track scan
🔍 Track 1: en | 6ch | English: true | Commentary: false -> Score: 1065
🏆 Selected best audio track: en (ID: 1, Score: 1065)
🔍 AUTO-SELECT: Starting subtitle scan & selection refresh
🔍 AUTO-SELECT: Found 6 total tracks
🔍 AUTO-SELECT: Track 0 - ID: 1, lang: 'en', title: 'Bad.Boys.2.2003.1080p.BluRay.H264.AAC-RARBG', forced: false, default: false, HI: false, Ext: true
🔍 AUTO-SELECT: Track 1 - ID: 2, lang: 'en', title: 'Bad.Boys.II.2003.REMASTERED.1080p.BluRay.H264.AAC-RARBG', forced: false, default: false, HI: false, Ext: true
🔍 AUTO-SELECT: Track 2 - ID: 3, lang: 'en', title: 'Bad.Boys.II.2003.720p.BluRay.X264.YIFY', forced: false, default: false, HI: false, Ext: true
🔍 AUTO-SELECT: Track 5 - ID: 4, lang: 'en', title: 'nil', forced: false, default: false, HI: false, Ext: false
✅ Auto-selecting BEST English subtitle: en (ID: 4) [External: false, Forced: false, Default: false, HI: false]
   🏆 Final Score: 3000 (Embedded: 3000, Match: 0, Clean: 0, SDH: 0)
📂 MPVPlayerViewModel: File Loaded - Re-scanning embedded tracks...
🔍 SubtitleService: Starting embedded track scan (polling 5s)...
📊 Current subtitle track: 4
 MPV Event: 17
 MPV Event: 17
[MPV] Using hardware decoding (videotoolbox).
[MPV] AO: [coreaudio] 48000Hz stereo 2ch floatp
[MPV] VO: [libmpv] 1920x800 videotoolbox[nv12]
[MPV] Track switched:
[MPV] (+) Video --vid=1 (*) (h264 [High] 1920x800 23.976fps)
[MPV] (+) Audio --aid=1 --alang=en (*) (eac3 6ch 48000Hz)
[MPV] Subs  --sid=1 --slang=en 'Bad.Boys.2.2003.1080p.BluRay.H264.AAC-RARBG' (webvtt) (external)
[MPV] Subs  --sid=2 --slang=en 'Bad.Boys.II.2003.REMASTERED.1080p.BluRay.H264.AAC-RARBG' (webvtt) (external)
[MPV] (+) Subs  --sid=3 --slang=en 'Bad.Boys.II.2003.720p.BluRay.X264.YIFY' (webvtt) (external)
[MPV] Subs  --sid=4 --slang=en (subrip)
[MPV] Track switched:
[MPV] (+) Video --vid=1 (*) (h264 [High] 1920x800 23.976fps)
[MPV] (+) Audio --aid=1 --alang=en (*) (eac3 6ch 48000Hz)
[MPV] Subs  --sid=1 --slang=en 'Bad.Boys.2.2003.1080p.BluRay.H264.AAC-RARBG' (webvtt) (external)
[MPV] Subs  --sid=2 --slang=en 'Bad.Boys.II.2003.REMASTERED.1080p.BluRay.H264.AAC-RARBG' (webvtt) (external)
[MPV] Subs  --sid=3 --slang=en 'Bad.Boys.II.2003.720p.BluRay.X264.YIFY' (webvtt) (external)
[MPV] (+) Subs  --sid=4 --slang=en (subrip)
📨 Received: {"ref":null,"event":"broadcast","payload":{"event":"sync","payload":{"isPlaying":false,"position":0,"senderId":"656DAA91-33B4-4688-9135-C982EA52D7C9","timestamp":1767907796.112484,"type":"ready"},"type":"broadcast"},"topic":"realtime:watch-party:EXPG"}
▶️ SMART-LOAD: Resuming playback (Autoplay requested)
⚡️ PlaybackService: creating sleep assertion (preventing idle sleep)
✅ Video ready - hiding poster
📝 Started watch history tracking
⏳ MPV: Buffering state changed: true (paused-for-cache)
⏳ MPVPlayerViewModel: Enhancing UI - Buffering started (show spinner)
🎬 DisplayLink: reportSwap() (throttled)
📨 Received: {"ref":null,"event":"broadcast","payload":{"event":"sync","payload":{"isPlaying":true,"position":0,"senderId":"EXPG","timestamp":0,"type":"playbackState"},"type":"broadcast"},"topic":"realtime:watch-party:EXPG"}
📊 Current subtitle track: 4
📊 Current subtitle track: 4
⚠️ onVideoReady called again - ignoring to prevent loops
📨 Received: {"ref":null,"event":"broadcast","payload":{"event":"sync","payload":{"isPlaying":true,"position":0,"senderId":"656DAA91-33B4-4688-9135-C982EA52D7C9","timestamp":1767907797.4020538,"type":"play"},"type":"broadcast"},"topic":"realtime:watch-party:EXPG"}
🎬 DisplayLink: reportSwap() (throttled)
🎬 MPV: Frame ready! Calling layer.update() (throttled)
⏳ MPV: Buffering state changed: false (paused-for-cache)
✅ MPVPlayerViewModel: Enhancing UI - Buffering finished (hide spinner) [File Loaded]
📊 Current subtitle track: 4
📊 Current subtitle track: 4
🎬 Layer.update() called - forceDraw:false needsFlip:true (throttled)
🎬 DisplayLink: reportSwap() (throttled)
📨 Received: {"ref":null,"event":"broadcast","payload":{"event":"sync","payload":{"isPlaying":true,"position":0,"senderId":"EXPG","timestamp":0.6669999999999999,"type":"playbackState"},"type":"broadcast"},"topic":"realtime:watch-party:EXPG"}
📊 Current subtitle track: 4
🔍 AUTO-SELECT: Starting subtitle scan & selection refresh
🔍 AUTO-SELECT: Found 6 total tracks
🔍 AUTO-SELECT: Track 0 - ID: 1, lang: 'en', title: 'Bad.Boys.2.2003.1080p.BluRay.H264.AAC-RARBG', forced: false, default: false, HI: false, Ext: true
🔍 AUTO-SELECT: Track 1 - ID: 2, lang: 'en', title: 'Bad.Boys.II.2003.REMASTERED.1080p.BluRay.H264.AAC-RARBG', forced: false, default: false, HI: false, Ext: true
🔍 AUTO-SELECT: Track 2 - ID: 3, lang: 'en', title: 'Bad.Boys.II.2003.720p.BluRay.X264.YIFY', forced: false, default: false, HI: false, Ext: true
🔍 AUTO-SELECT: Track 5 - ID: 4, lang: 'en', title: 'nil', forced: false, default: false, HI: false, Ext: false
✅ Auto-selecting BEST English subtitle: en (ID: 4) [External: false, Forced: false, Default: false, HI: false]
   🏆 Final Score: 3000 (Embedded: 3000, Match: 0, Clean: 0, SDH: 0)
📊 Current subtitle track: 4
🎬 DisplayLink: reportSwap() (throttled)
🎬 MPV: Frame ready! Calling layer.update() (throttled)
📊 Current subtitle track: 4
🏠 Host triggering return to lobby...
🛑 Host stopped sync broadcast timer before returnToLobby
🎬 DisplayLink: reportSwap() (throttled)
📨 Received: {"ref":null,"event":"broadcast","payload":{"event":"sync","payload":{"isPlaying":true,"position":0,"senderId":"EXPG","timestamp":2.7529999999999997,"type":"playbackState"},"type":"broadcast"},"topic":"realtime:watch-party:EXPG"}
🎬 canDraw() = true (forceDraw:false, hasFrame:true) (throttled)
🎬 draw() - Rendering frame! (throttled)
✅ Host cleared DB playback state before exit
✅ Host sent returnToLobby message to guests
📨 Received: {"ref":null,"event":"postgres_changes","payload":{"data":{"table":"rooms","type":"UPDATE","record":{"id": "EXPG", "name": "Bad Boys II", "season": null, "episode": null, "imdb_id": "tt0172156", "playlist": [{"id": "BBDBB917-5797-42C3-AB80-1E6E8A844BC3", "mediaItem": {"id": "tt0172156", "logo": "https://images.metahub.space/logo/medium/tt0172156/img", "name": "Bad Boys II", "type": "movie", "year": "2003", "genres": ["Action", "Comedy", "Crime"], "poster": "https://images.metahub.space/poster/small/tt0172156/img", "runtime": "146 min", "background": "https://images.metahub.space/background/medium/tt0172156/img", "imdbRating": "6.6", "description": "Miami narcotics cops Mike Lowrey and Marcus Burnett investigate the flow of Ecstasy into Florida from a Cuban drug cartel.", "releaseInfo": "2003"}}], "is_public": true, "created_at": "2026-01-08T21:29:40.730065", "is_playing": false, "poster_url": "https://images.metahub.space/poster/small/tt0172156/img", "description": null, "stream_hash": "e2a57f837692e93ee8fc09cef7e0e1f34402b518", "backdrop_url": "https://images.metahub.space/background/medium/tt0172156/img", "host_user_id": "656daa91-33b4-4688-9135-c982ea52d7c9", "subtitle_url": null, "host_username": "ursinho", "last_activity": "2026-01-08T21:30:01", "max_participants": 50, "selected_quality": "1080p", "playback_position": 0, "selected_file_idx": null, "participants_count": 1, "unlocked_stream_url": "https://chi2-4.download.real-debrid.com/d/ZYY75POULFHVC118/Bad.Boys.II.2003.1080p.AMZN.WEB-DL.DDP.5.1.H.264-PiRaTeS.mkv", "current_playlist_index": 0},"columns":[{"name": "id", "type": "text"}, {"name": "name", "type": "text"}, {"name": "host_user_id", "type": "uuid"}, {"name": "host_username", "type": "text"}, {"name": "stream_hash", "type": "text"}, {"name": "imdb_id", "type": "text"}, {"name": "poster_url", "type": "text"}, {"name": "backdrop_url", "type": "text"}, {"name": "playback_position", "type": "int4"}, {"name": "is_playing", "type": "bool"}, {"name": "participants_count", "type": "int4"}, {"name": "max_participants", "type": "int4"}, {"name": "is_public", "type": "bool"}, {"name": "created_at", "type": "timestamp"}, {"name": "last_activity", "type": "timestamp"}, {"name": "season", "type": "int4"}, {"name": "episode", "type": "int4"}, {"name": "selected_quality", "type": "text"}, {"name": "selected_file_idx", "type": "int4"}, {"name": "unlocked_stream_url", "type": "text"}, {"name": "description", "type": "text"}, {"name": "current_playlist_index", "type": "int4"}, {"name": "playlist", "type": "jsonb"}, {"name": "subtitle_url", "type": "text"}],"errors":null,"schema":"public","commit_timestamp":"2026-01-08T21:30:01.367Z","old_record":{"id": "EXPG"}},"ids":[108308576]},"topic":"realtime:watch-party:EXPG"}
📨 Received: {"ref":null,"event":"broadcast","payload":{"event":"sync","payload":{"isPlaying":false,"position":0,"senderId":"656DAA91-33B4-4688-9135-C982EA52D7C9","timestamp":1767907801.338911,"type":"returnToLobby"},"type":"broadcast"},"topic":"realtime:watch-party:EXPG"}
🎬 Layer.update() called - forceDraw:false needsFlip:true (throttled)
🧹 Cleaning up MPV player...
🎬 MPV: Frame ready! Calling layer.update() (throttled)
🗑️ Invalidated all active timers
🏠 Returning to lobby - keeping host in room_participants to preserve room
🧹 Cleaning up Realtime channel for room: EXPG
🔄 Untracking presence...
✅ Presence untracked
🔄 Leaving channel...
✅ Channel left
ℹ️ Keeping WebSocket connected (disconnectClient=false)
✅ Realtime channel cleanup complete
🎬 DisplayLink: reportSwap() (throttled)
✅ Realtime manager channel left (client connection preserved)
🛑 Stopping MPV playback...
🛑 Stopping MPV playback...
⚡️ PlaybackService: releasing sleep assertion
🛑 Event polling task cancelled cleanly
📨 Received: {"ref":"38","event":"phx_reply","payload":{"status":"ok","response":{}},"topic":"realtime:watch-party:EXPG"}
📨 Received: {"ref":"39","event":"phx_reply","payload":{"status":"ok","response":{}},"topic":"realtime:watch-party:EXPG"}
📨 Received: {"ref":null,"event":"phx_close","payload":{},"topic":"realtime:watch-party:EXPG"}
📨 Unknown event: phx_close
📨 Received: {"ref":null,"event":"presence_diff","payload":{"joins":{},"leaves":{"24870c9e-ecd9-11f0-97e8-9ee62e3b7bba":{"metas":[{"phx_ref":"GIjexWC-8d9tbxbB","phx_ref_prev":"GIjewrXesGhtbxXB","is_host":true,"joined_at":1767907792.871869,"user_id":"656DAA91-33B4-4688-9135-C982EA52D7C9","username":"ursinho"}]}}},"topic":"realtime:watch-party:EXPG"}
📨 Received: {"ref":null,"event":"presence_diff","payload":{"joins":{"d0f9f778-ecd6-11f0-9054-9ee62e3b7bba":{"metas":[{"phx_ref":"GIjex4KEdLo6Ahdh","phx_ref_prev":"GIjewtpvh_s6AhXh","last_seen":"2026-01-08T21:30:02.036Z","status":"online","user_id":"96e01cdb-36c0-4228-a6e4-a29a3c66bc8e","username":"lemontom"}]}},"leaves":{"d0f9f778-ecd6-11f0-9054-9ee62e3b7bba":{"metas":[{"phx_ref":"GIjewtpvh_s6AhXh","phx_ref_prev":"GIjevjIjzBc6AhMB","last_seen":"2026-01-08T21:29:42.035Z","status":"online","user_id":"96e01cdb-36c0-4228-a6e4-a29a3c66bc8e","username":"lemontom"}]}}},"topic":"realtime:global-presence"}
✅ MPV stop completed with clean event loop exit
❌ RedLemon: NOT showing MPVPlayerView
   isResolvingStream: false
   streamError: nil
   selectedStream: NIL
🎬 Stopping CVDisplayLink...
🎬 CVDisplayLink stopped and released
🎬 MPVViewLayer uniniting...
🧹 Freeing render context on OpenGL thread...
🎬 MPVViewLayer cleanup complete
📝 Stopped watch history tracking
⏱️ Invalidating all active timers
🎬 MPVLayerHostView deinit
⚠️ Cleanup already performed, skipping
❌ RedLemon: NOT showing MPVPlayerView
   isResolvingStream: false
   streamError: nil
   selectedStream: NIL
🔔 Lobby: Displaying pending message: You returned the group to the lobby.
🎭 Lobby: Connecting to room EXPG...
🚦 Lobby State: connecting
🗑️ MPVPlayerViewModel deinit
🗑️ MPVWrapper deinit - cleaning up...
✅ MPVWrapper cleanup complete
🗑️ Terminating MPV instance (background)...
🔄 Lobby: Fetching fresh room state from Supabase...
🛑 Lobby: Host explicitly clearing playback state in DB to prevent autoplay loop
🔌 Setting up Realtime channel: watch-party:EXPG
   Role: Host
   User ID: 656daa91-33b4-4688-9135-c982ea52d7c9
📡 Connection state: connecting
📡 Joined channel: realtime:watch-party:EXPG
[ INFO ] GET /api/metadata/meta/movie/tt0172156 [request-id: C9B5DE06-B350-42DF-A82A-05B569B5B329]
2026-01-08 16:30:02.915 RedLemon[8641:111839] ✅ Host re-joined room EXPG in database (refreshing presence)
2026-01-08 16:30:03.017 RedLemon[8641:111839] 📨 Lobby: Received Room UPDATE from Realtime
2026-01-08 16:30:03.017 RedLemon[8641:111839] 📨 Lobby: Received Room UPDATE from Realtime
2026-01-08 16:30:03.253 RedLemon[8641:111839] 📨 Lobby: Received Room UPDATE from Realtime
2026-01-08 16:30:03.253 RedLemon[8641:111839] 📨 Lobby: Received Room UPDATE from Realtime
2026-01-08 16:30:06.758 RedLemon[8641:111839] 🪟 restoreWindowFromLobby() called - no action needed (window stays expanded)
2026-01-08 16:30:06.885 RedLemon[8641:117033] 📤 Realtime: Sending message type: roomClosed, sender: 656daa91-33b4-4688-9135-c982ea52d7c9
2026-01-08 16:30:06.885 RedLemon[8641:117033]    Payload keys: chatUsername, timestamp, position, chatText, type, senderId
2026-01-08 16:30:06.886 RedLemon[8641:116663] ✅ Realtime: Message broadcast complete
2026-01-08 16:30:07.011 RedLemon[8641:116650] 📨 Realtime: Received broadcast message
2026-01-08 16:30:07.011 RedLemon[8641:116650]    Payload keys: timestamp, type, senderId, chatUsername, chatText, position
2026-01-08 16:30:07.012 RedLemon[8641:116650] ✅ Realtime: Decoded message type: roomClosed, sender: 656daa91-33b4-4688-9135-c982ea52d7c9
2026-01-08 16:30:07.012 RedLemon[8641:116650] 📞 Realtime: Invoking syncCallback for message type: roomClosed
2026-01-08 16:30:07.012 RedLemon[8641:116650] ✅ Realtime: syncCallback invoked successfully
2026-01-08 16:30:07.158 RedLemon[8641:111839] 🔒 Received Room Closed signal from Host
📡 Connection state: connected
✅ Realtime channel setup complete
✅ MPV instance destroyed
📡 SocialService: Updated status - In Lobby: Bad Boys II: Bad Boys II
✅ Lobby: Connected to Realtime
🔍 [DEBUG] Creating MediaItem from CinemetaMeta
🔍 [DEBUG] meta.itemId: tt0172156
🔍 [DEBUG] meta.type: movie
🔍 [DEBUG] meta.name: Bad Boys II
🔍 [DEBUG] Successfully created MediaItem from meta: Bad Boys II
✅ Lobby: Loaded metadata for Bad Boys II
📨 Received: {"ref":"71","event":"phx_reply","payload":{"status":"ok","response":{}},"topic":"realtime:global-presence"}
📨 Received: {"ref":null,"event":"presence_diff","payload":{"joins":{"48eeb110-ecd7-11f0-8cac-9ee62e3b7bba":{"metas":[{"phx_ref":"GIjex6eYS146AheB","phx_ref_prev":"GIjexWWAzbk6Aj0C","last_seen":"2026-01-08T21:30:02.656Z","room_id":"EXPG","started_at":"2026-01-08T21:30:02.656Z","status":"In Lobby: Bad Boys II","user_id":"656daa91-33b4-4688-9135-c982ea52d7c9","username":"ursinho","watching_id":"tt0172156","watching_title":"Bad Boys II","watching_type":"movie"}]}},"leaves":{"48eeb110-ecd7-11f0-8cac-9ee62e3b7bba":{"metas":[{"phx_ref":"GIjexWWAzbk6Aj0C","phx_ref_prev":"GIjewzhtmmM6AhYB","last_seen":"2026-01-08T21:29:52.958Z","room_id":"EXPG","started_at":"2026-01-08T21:29:52.958Z","status":"online","user_id":"656daa91-33b4-4688-9135-c982ea52d7c9","username":"ursinho","watching_id":"tt0172156","watching_title":"Bad Boys II","watching_type":"movie"}]}}},"topic":"realtime:global-presence"}
📨 Received: {"ref":"705A734C-7E3A-41CD-8D32-E8640BCB9535","event":"phx_reply","payload":{"status":"ok","response":{"postgres_changes":[{"id":108308576,"event":"*","filter":"id=eq.EXPG","schema":"public","table":"rooms"}]}},"topic":"realtime:watch-party:EXPG"}
✅ Lobby: Synced playlist with 1 items
✅ Lobby: Synced playlist index to 0
✅ Lobby: Synced CLEAN stream info, metadata & playlist to AppState
📨 Received: {"ref":null,"event":"system","payload":{"message":"Subscribed to PostgreSQL","status":"ok","extension":"postgres_changes","channel":"watch-party:EXPG"},"topic":"realtime:watch-party:EXPG"}
📨 Received: {"ref":null,"event":"presence_state","payload":{},"topic":"realtime:watch-party:EXPG"}
📨 Received: {"ref":"40","event":"phx_reply","payload":{"status":"ok","response":{}},"topic":"realtime:watch-party:EXPG"}
📨 Received: {"ref":null,"event":"presence_diff","payload":{"joins":{"3158d718-ecd9-11f0-bf9e-9ee62e3b7bba":{"metas":[{"phx_ref":"GIjex6plaO1tbxhh","is_host":true,"joined_at":1767907802.66187,"user_id":"656daa91-33b4-4688-9135-c982ea52d7c9","username":"ursinho"}]}},"leaves":{}},"topic":"realtime:watch-party:EXPG"}
❌ Supabase API Error: duplicate key value violates unique constraint "room_participants_pkey"
🔌 Setting up Realtime channel: watch-party:EXPG
   Role: Host
   User ID: 656daa91-33b4-4688-9135-c982ea52d7c9
📡 Connection state: connecting
ℹ️ Already joined channel watch-party:EXPG, skipping join
📡 Connection state: connected
✅ Realtime channel setup complete
✅ Lobby: Connected to Realtime
🚦 Lobby State: connected
🔄 Lobby: Starting database polling for participants and room state...
💓 Lobby: Starting heartbeat loop...
📨 Received: {"ref":null,"event":"postgres_changes","payload":{"data":{"table":"rooms","type":"UPDATE","record":{"id": "EXPG", "name": "Bad Boys II", "season": null, "episode": null, "imdb_id": "tt0172156", "playlist": [{"id": "BBDBB917-5797-42C3-AB80-1E6E8A844BC3", "mediaItem": {"id": "tt0172156", "logo": "https://images.metahub.space/logo/medium/tt0172156/img", "name": "Bad Boys II", "type": "movie", "year": "2003", "genres": ["Action", "Comedy", "Crime"], "poster": "https://images.metahub.space/poster/small/tt0172156/img", "runtime": "146 min", "background": "https://images.metahub.space/background/medium/tt0172156/img", "imdbRating": "6.6", "description": "Miami narcotics cops Mike Lowrey and Marcus Burnett investigate the flow of Ecstasy into Florida from a Cuban drug cartel.", "releaseInfo": "2003"}}], "is_public": true, "created_at": "2026-01-08T21:29:40.730065", "is_playing": false, "poster_url": "https://images.metahub.space/poster/small/tt0172156/img", "description": null, "stream_hash": "e2a57f837692e93ee8fc09cef7e0e1f34402b518", "backdrop_url": "https://images.metahub.space/background/medium/tt0172156/img", "host_user_id": "656daa91-33b4-4688-9135-c982ea52d7c9", "subtitle_url": null, "host_username": "ursinho", "last_activity": "2026-01-08T21:30:02", "max_participants": 50, "selected_quality": "1080p", "playback_position": 0, "selected_file_idx": null, "participants_count": 1, "unlocked_stream_url": "https://chi2-4.download.real-debrid.com/d/ZYY75POULFHVC118/Bad.Boys.II.2003.1080p.AMZN.WEB-DL.DDP.5.1.H.264-PiRaTeS.mkv", "current_playlist_index": 0},"columns":[{"name": "id", "type": "text"}, {"name": "name", "type": "text"}, {"name": "host_user_id", "type": "uuid"}, {"name": "host_username", "type": "text"}, {"name": "stream_hash", "type": "text"}, {"name": "imdb_id", "type": "text"}, {"name": "poster_url", "type": "text"}, {"name": "backdrop_url", "type": "text"}, {"name": "playback_position", "type": "int4"}, {"name": "is_playing", "type": "bool"}, {"name": "participants_count", "type": "int4"}, {"name": "max_participants", "type": "int4"}, {"name": "is_public", "type": "bool"}, {"name": "created_at", "type": "timestamp"}, {"name": "last_activity", "type": "timestamp"}, {"name": "season", "type": "int4"}, {"name": "episode", "type": "int4"}, {"name": "selected_quality", "type": "text"}, {"name": "selected_file_idx", "type": "int4"}, {"name": "unlocked_stream_url", "type": "text"}, {"name": "description", "type": "text"}, {"name": "current_playlist_index", "type": "int4"}, {"name": "playlist", "type": "jsonb"}, {"name": "subtitle_url", "type": "text"}],"errors":null,"schema":"public","commit_timestamp":"2026-01-08T21:30:02.974Z","old_record":{"id": "EXPG"}},"ids":[108308576]},"topic":"realtime:watch-party:EXPG"}
🔄 Lobby: Fetching fresh room state from Supabase...
🔄 Lobby: Fetching fresh room state from Supabase...
📨 Received: {"ref":"41","event":"phx_reply","payload":{"status":"ok","response":{}},"topic":"realtime:watch-party:EXPG"}
📨 Received: {"ref":null,"event":"presence_diff","payload":{"joins":{"3158d718-ecd9-11f0-bf9e-9ee62e3b7bba":{"metas":[{"phx_ref":"GIjex7eGPRNtbxiB","phx_ref_prev":"GIjex6plaO1tbxhh","is_host":true,"joined_at":1767907802.915663,"user_id":"656daa91-33b4-4688-9135-c982ea52d7c9","username":"ursinho"}]}},"leaves":{"3158d718-ecd9-11f0-bf9e-9ee62e3b7bba":{"metas":[{"phx_ref":"GIjex6plaO1tbxhh","is_host":true,"joined_at":1767907802.66187,"user_id":"656daa91-33b4-4688-9135-c982ea52d7c9","username":"ursinho"}]}}},"topic":"realtime:watch-party:EXPG"}
✅ Lobby: Synced playlist with 1 items
✅ Lobby: Synced playlist index to 0
✅ Lobby: Synced CLEAN stream info, metadata & playlist to AppState
✅ Lobby: Synced playlist with 1 items
✅ Lobby: Synced playlist index to 0
✅ Lobby: Synced CLEAN stream info, metadata & playlist to AppState
📨 Received: {"ref":null,"event":"postgres_changes","payload":{"data":{"table":"rooms","type":"UPDATE","record":{"id": "EXPG", "name": "Bad Boys II", "season": null, "episode": null, "imdb_id": "tt0172156", "playlist": [{"id": "BBDBB917-5797-42C3-AB80-1E6E8A844BC3", "mediaItem": {"id": "tt0172156", "logo": "https://images.metahub.space/logo/medium/tt0172156/img", "name": "Bad Boys II", "type": "movie", "year": "2003", "genres": ["Action", "Comedy", "Crime"], "poster": "https://images.metahub.space/poster/small/tt0172156/img", "runtime": "146 min", "background": "https://images.metahub.space/background/medium/tt0172156/img", "imdbRating": "6.6", "description": "Miami narcotics cops Mike Lowrey and Marcus Burnett investigate the flow of Ecstasy into Florida from a Cuban drug cartel.", "releaseInfo": "2003"}}], "is_public": true, "created_at": "2026-01-08T21:29:40.730065", "is_playing": false, "poster_url": "https://images.metahub.space/poster/small/tt0172156/img", "description": null, "stream_hash": "e2a57f837692e93ee8fc09cef7e0e1f34402b518", "backdrop_url": "https://images.metahub.space/background/medium/tt0172156/img", "host_user_id": "656daa91-33b4-4688-9135-c982ea52d7c9", "subtitle_url": null, "host_username": "ursinho", "last_activity": "2026-01-08T21:30:03.225981", "max_participants": 50, "selected_quality": "1080p", "playback_position": 0, "selected_file_idx": null, "participants_count": 1, "unlocked_stream_url": "https://chi2-4.download.real-debrid.com/d/ZYY75POULFHVC118/Bad.Boys.II.2003.1080p.AMZN.WEB-DL.DDP.5.1.H.264-PiRaTeS.mkv", "current_playlist_index": 0},"columns":[{"name": "id", "type": "text"}, {"name": "name", "type": "text"}, {"name": "host_user_id", "type": "uuid"}, {"name": "host_username", "type": "text"}, {"name": "stream_hash", "type": "text"}, {"name": "imdb_id", "type": "text"}, {"name": "poster_url", "type": "text"}, {"name": "backdrop_url", "type": "text"}, {"name": "playback_position", "type": "int4"}, {"name": "is_playing", "type": "bool"}, {"name": "participants_count", "type": "int4"}, {"name": "max_participants", "type": "int4"}, {"name": "is_public", "type": "bool"}, {"name": "created_at", "type": "timestamp"}, {"name": "last_activity", "type": "timestamp"}, {"name": "season", "type": "int4"}, {"name": "episode", "type": "int4"}, {"name": "selected_quality", "type": "text"}, {"name": "selected_file_idx", "type": "int4"}, {"name": "unlocked_stream_url", "type": "text"}, {"name": "description", "type": "text"}, {"name": "current_playlist_index", "type": "int4"}, {"name": "playlist", "type": "jsonb"}, {"name": "subtitle_url", "type": "text"}],"errors":null,"schema":"public","commit_timestamp":"2026-01-08T21:30:03.229Z","old_record":{"id": "EXPG"}},"ids":[108308576]},"topic":"realtime:watch-party:EXPG"}
🔄 Lobby: Fetching fresh room state from Supabase...
🔄 Lobby: Fetching fresh room state from Supabase...
📨 Received: {"ref":"72","event":"phx_reply","payload":{"status":"ok","response":{}},"topic":"realtime:global-presence"}
📨 Received: {"ref":null,"event":"presence_diff","payload":{"joins":{"48eeb110-ecd7-11f0-8cac-9ee62e3b7bba":{"metas":[{"phx_ref":"GIjex8wrURw6Ahih","phx_ref_prev":"GIjex6eYS146AheB","last_seen":"2026-01-08T21:30:03.269Z","room_id":"EXPG","started_at":"2026-01-08T21:30:02.656Z","status":"In Lobby: Bad Boys II","user_id":"656daa91-33b4-4688-9135-c982ea52d7c9","username":"ursinho","watching_id":"tt0172156","watching_title":"Bad Boys II","watching_type":"movie"}]}},"leaves":{"48eeb110-ecd7-11f0-8cac-9ee62e3b7bba":{"metas":[{"phx_ref":"GIjex6eYS146AheB","phx_ref_prev":"GIjexWWAzbk6Aj0C","last_seen":"2026-01-08T21:30:02.656Z","room_id":"EXPG","started_at":"2026-01-08T21:30:02.656Z","status":"In Lobby: Bad Boys II","user_id":"656daa91-33b4-4688-9135-c982ea52d7c9","username":"ursinho","watching_id":"tt0172156","watching_title":"Bad Boys II","watching_type":"movie"}]}}},"topic":"realtime:global-presence"}
✅ Lobby: Synced playlist with 1 items
✅ Lobby: Synced playlist index to 0
✅ Lobby: Synced CLEAN stream info, metadata & playlist to AppState
✅ Lobby: Synced playlist with 1 items
✅ Lobby: Synced playlist index to 0
✅ Lobby: Synced CLEAN stream info, metadata & playlist to AppState
⏰ AppState: Next schedule update set for Event End: 2026-01-08 22:16:30 +0000
⏰ AppState: Scheduling update in 2787 seconds
🚪 Lobby: Explicit leave initiated. isHost=true, roomId=EXPG, hostId=656DAA91-33B4-4688-9135-C982EA52D7C9
🔒 Host closing room, notifying guests...
✅ BrowseView: Server is ready, loading content...
🔍 BrowseView: Loading content for tab: Movies
🗑️ Cleared all streaming catalogs
📽️ Fetching popular movies...
✅ Cache HIT: Catalog[popular_movies_fixed]
✅ Loaded 15 movies
🧹 Deduplication: 43 → 42 items
📡 SocialService: Updated status - Browsing: 
📨 Received: {"ref":null,"event":"broadcast","payload":{"event":"sync","payload":{"chatText":"Room Closed","chatUsername":"Host","position":0,"senderId":"656daa91-33b4-4688-9135-c982ea52d7c9","timestamp":1767907806.8849711,"type":"roomClosed"},"type":"broadcast"},"topic":"realtime:watch-party:EXPG"}
📨 Received: {"ref":"73","event":"phx_reply","payload":{"status":"ok","response":{}},"topic":"realtime:global-presence"}
📨 Received: {"ref":null,"event":"presence_diff","payload":{"joins":{"48eeb110-ecd7-11f0-8cac-9ee62e3b7bba":{"metas":[{"phx_ref":"GIjeyKPt_rM6Ahkh","phx_ref_prev":"GIjex8wrURw6Ahih","last_seen":"2026-01-08T21:30:06.885Z","status":"Browsing","user_id":"656daa91-33b4-4688-9135-c982ea52d7c9","username":"ursinho"}]}},"leaves":{"48eeb110-ecd7-11f0-8cac-9ee62e3b7bba":{"metas":[{"phx_ref":"GIjex8wrURw6Ahih","phx_ref_prev":"GIjex6eYS146AheB","last_seen":"2026-01-08T21:30:03.269Z","room_id":"EXPG","started_at":"2026-01-08T21:30:02.656Z","status":"In Lobby: Bad Boys II","user_id":"656daa91-33b4-4688-9135-c982ea52d7c9","username":"ursinho","watching_id":"tt0172156","watching_title":"Bad Boys II","watching_type":"movie"}]}}},"topic":"realtime:global-presence"}
🖼️ [CACHE] Cached image data for key: https://images.metahub.space/poster/small/tt0114369/img (23575 bytes)
🖼️ [CACHE] Cached image data for key: https://images.metahub.space/poster/small/tt0462538/img (39518 bytes)
🗑️ Cache evicted 10 items
🖼️ [CACHE] Cached image data for key: https://images.metahub.space/poster/small/tt5622412/img (30779 bytes)
🖼️ [CACHE] Cached image data for key: https://images.metahub.space/poster/small/tt1104001/img (11618 bytes)
🖼️ [CACHE] Cached image data for key: https://images.metahub.space/poster/small/tt0381707/img (31688 bytes)
🖼️ [CACHE] Cached image data for key: https://m.media-amazon.com/images/M/MV5BMzcwMjkxMzQ3NV5BMl5BanBnXkFtZTgwMzgyNDA5MDI@._V1_SX250.jpg (25509 bytes)
🖼️ [CACHE] Cached image data for key: https://images.metahub.space/poster/small/tt0209163/img (32061 bytes)
🖼️ [CACHE] Cached image data for key: https://images.metahub.space/poster/small/tt2333784/img (28486 bytes)
🖼️ [CACHE] Cached image data for key: https://images.metahub.space/poster/small/tt0162222/img (38190 bytes)
🖼️ [CACHE] Cached image data for key: https://images.metahub.space/poster/small/tt0167404/img (16366 bytes)
🖼️ [CACHE] Cached image data for key: https://images.metahub.space/poster/small/tt2872732/img (16390 bytes)
🖼️ [CACHE] Cached image data for key: https://images.metahub.space/poster/small/tt2404435/img (31114 bytes)
🗑️ Cache evicted 10 items
🖼️ [CACHE] Cached image data for key: https://images.metahub.space/poster/small/tt10545296/img (37667 bytes)
🖼️ [CACHE] Cached image data for key: https://images.metahub.space/poster/small/tt4881806/img (15928 bytes)
🖼️ [CACHE] Cached image data for key: https://images.metahub.space/poster/small/tt0172156/img (32093 bytes)
🖼️ [CACHE] Cached image data for key: https://images.metahub.space/poster/small/tt10799690/img (40967 bytes)
🖼️ [CACHE] Cached image data for key: https://images.metahub.space/poster/small/tt3065204/img (12736 bytes)
🖼️ [CACHE] Cached image data for key: https://images.metahub.space/poster/small/tt1757678/img (45682 bytes)
🖼️ [CACHE] Cached image data for key: https://images.metahub.space/poster/small/tt30254719/img (39370 bytes)
🖼️ [CACHE] Cached image data for key: https://images.metahub.space/poster/small/tt32820897/img (53296 bytes)
✅ Cache HIT: Catalog[quick_movie_sst.json_7]
✅ Cache HIT: Catalog[quick_movie_dnp.json_7]
✅ Cache HIT: Catalog[quick_movie_amp.json_7]
✅ Cache HIT: Catalog[quick_movie_nfx.json_7]
✅ Cache HIT: Catalog[quick_movie_top.json_7]
🖼️ [CACHE] Cached image data for key: https://images.metahub.space/poster/small/tt29927663/img (36770 bytes)
🚀 Quick batch loaded: 7 items for showtime
🔍 Starting catalog fetch for showtime from: https://7a82163c306e-stremio-netflix-catalog-addon.baby-beamup.club/bmZ4LGRucCxhbXAsYXRwLGhibSxwbXAscGNwLGhsdSxjcnUsZHBlLHN0eixzc3Q6OjoxNzYzMjQxMzc5ODky/catalog/movie/sst.json
🔄 Attempt 1/3 for showtime
✅ Cache HIT: Catalog[catalog_movie_sst.json]
🚀 Quick batch loaded: 7 items for disney
🔍 Starting catalog fetch for disney from: https://7a82163c306e-stremio-netflix-catalog-addon.baby-beamup.club/bmZ4LGRucCxhbXAsYXRwLGhibSxwbXAscGNwLGhsdSxjcnUsZHBlLHN0eixzc3Q6OjoxNzYzMjQxMzc5ODky/catalog/movie/dnp.json
2026-01-08 16:30:08.534 RedLemon[8641:111839] ✅ Host DELETED room EXPG
2026-01-08 16:30:10.759 RedLemon[8641:111839] 🎬 Creating Watch Party for: The Conjuring 2
2026-01-08 16:30:10.759 RedLemon[8641:116810] Background: ⏳ Starting room creation (Unstructured Race)...
2026-01-08 16:30:10.759 RedLemon[8641:116810] Background: ▶️ createRoom task started (Direct Singleton Access)
2026-01-08 16:30:10.759 RedLemon[8641:116810] 🎬 SupabaseClient: createRoom called for id: FWNH - ENTRY
2026-01-08 16:30:10.760 RedLemon[8641:116810] 🎬 SupabaseClient: Creating room 'FWNH' for host 'ursinho'...
2026-01-08 16:30:10.761 RedLemon[8641:116810] 🔐 Signed request to /rooms
2026-01-08 16:30:11.278 RedLemon[8641:116810] Background: ❌ createRoom task failed: userMessage("Free User Limit Reached: You can host 1 item every 72 hours. Unlock in 23 hours 59 minutes.")
2026-01-08 16:30:11.278 RedLemon[8641:111839] ❌ Creation failed or timed out: userMessage("Free User Limit Reached: You can host 1 item every 72 hours. Unlock in 23 hours 59 minutes.")
2026-01-08 16:30:11.279 RedLemon[8641:111839] ❌ Failed to create room: userMessage("Free User Limit Reached: You can host 1 item every 72 hours. Unlock in 23 hours 59 minutes.")
2026-01-08 16:30:16.559 RedLemon[8641:116810] 🎬 Torrentio: Building URL for movie (no season/episode)
2026-01-08 16:30:16.559 RedLemon[8641:116810] 🔗 Torrentio URL (length: 55): https://torrentio.strem.fun/stream/movie/tt0133093.json...
2026-01-08 16:30:18.866 RedLemon[8641:116663] Background: ⏰ Timeout fired! Attempting to fail continuation...
🔄 Attempt 1/3 for disney
🚀 Quick batch loaded: 7 items for prime
🔍 Starting catalog fetch for prime from: https://7a82163c306e-stremio-netflix-catalog-addon.baby-beamup.club/bmZ4LGRucCxhbXAsYXRwLGhibSxwbXAscGNwLGhsdSxjcnUsZHBlLHN0eixzc3Q6OjoxNzYzMjQxMzc5ODky/catalog/movie/amp.json
🔄 Attempt 1/3 for prime
✅ Cache HIT: Catalog[catalog_movie_dnp.json]
✅ Cache HIT: Catalog[catalog_movie_amp.json]
🚀 Quick batch loaded: 7 items for netflix
🔍 Starting catalog fetch for netflix from: https://7a82163c306e-stremio-netflix-catalog-addon.baby-beamup.club/bmZ4LGRucCxhbXAsYXRwLGhibSxwbXAscGNwLGhsdSxjcnUsZHBlLHN0eixzc3Q6OjoxNzYzMjQxMzc5ODky/catalog/movie/nfx.json
🔄 Attempt 1/3 for netflix
✅ Cache HIT: Catalog[catalog_movie_nfx.json]
🚀 Quick batch loaded: 7 items for trending
✅ Cache HIT: Catalog[catalog_movie_top.json]
✅ Attempt 1 successful for showtime
✅ Successfully fetched 15 items for showtime from primary service
📦 Full batch loaded: 15 items for showtime
✅ Progressive loading completed for showtime
✅ Attempt 1 successful for disney
✅ Successfully fetched 15 items for disney from primary service
📦 Full batch loaded: 15 items for disney
✅ Progressive loading completed for disney
✅ Attempt 1 successful for prime
✅ Successfully fetched 15 items for prime from primary service
📦 Full batch loaded: 15 items for prime
✅ Progressive loading completed for prime
✅ Attempt 1 successful for netflix
✅ Successfully fetched 15 items for netflix from primary service
📦 Full batch loaded: 15 items for netflix
✅ Progressive loading completed for netflix
📦 Full batch loaded: 15 items for trending
✅ Progressive loading completed for trending
💾 Cache SET: Catalog[quick_movie_stz.json_7] (7 items)
💾 Cache SET: Catalog[quick_movie_pcp.json_7] (7 items)
💾 Cache SET: Catalog[quick_movie_hlu.json_7] (7 items)
🗑️ Cache evicted 6 items
💾 Cache SET: Catalog[quick_movie_pmp.json_7] (7 items)
💾 Cache SET: Catalog[quick_movie_hbm.json_7] (7 items)
💾 Cache SET: Catalog[quick_movie_atp.json_7] (7 items)
🚀 Quick batch loaded: 7 items for starz
🔍 Starting catalog fetch for starz from: https://7a82163c306e-stremio-netflix-catalog-addon.baby-beamup.club/bmZ4LGRucCxhbXAsYXRwLGhibSxwbXAscGNwLGhsdSxjcnUsZHBlLHN0eixzc3Q6OjoxNzYzMjQxMzc5ODky/catalog/movie/stz.json
🔄 Attempt 1/3 for starz
🚀 Quick batch loaded: 7 items for peacock
🔍 Starting catalog fetch for peacock from: https://7a82163c306e-stremio-netflix-catalog-addon.baby-beamup.club/bmZ4LGRucCxhbXAsYXRwLGhibSxwbXAscGNwLGhsdSxjcnUsZHBlLHN0eixzc3Q6OjoxNzYzMjQxMzc5ODky/catalog/movie/pcp.json
🔄 Attempt 1/3 for peacock
🚀 Quick batch loaded: 7 items for hulu
🔍 Starting catalog fetch for hulu from: https://7a82163c306e-stremio-netflix-catalog-addon.baby-beamup.club/bmZ4LGRucCxhbXAsYXRwLGhibSxwbXAscGNwLGhsdSxjcnUsZHBlLHN0eixzc3Q6OjoxNzYzMjQxMzc5ODky/catalog/movie/hlu.json
🔄 Attempt 1/3 for hulu
🚀 Quick batch loaded: 7 items for paramount
🔍 Starting catalog fetch for paramount from: https://7a82163c306e-stremio-netflix-catalog-addon.baby-beamup.club/bmZ4LGRucCxhbXAsYXRwLGhibSxwbXAscGNwLGhsdSxjcnUsZHBlLHN0eixzc3Q6OjoxNzYzMjQxMzc5ODky/catalog/movie/pmp.json
🔄 Attempt 1/3 for paramount
🚀 Quick batch loaded: 7 items for hbo
🔍 Starting catalog fetch for hbo from: https://7a82163c306e-stremio-netflix-catalog-addon.baby-beamup.club/bmZ4LGRucCxhbXAsYXRwLGhibSxwbXAscGNwLGhsdSxjcnUsZHBlLHN0eixzc3Q6OjoxNzYzMjQxMzc5ODky/catalog/movie/hbm.json
🔄 Attempt 1/3 for hbo
🚀 Quick batch loaded: 7 items for appleTv
🔍 Starting catalog fetch for appleTv from: https://7a82163c306e-stremio-netflix-catalog-addon.baby-beamup.club/bmZ4LGRucCxhbXAsYXRwLGhibSxwbXAscGNwLGhsdSxjcnUsZHBlLHN0eixzc3Q6OjoxNzYzMjQxMzc5ODky/catalog/movie/atp.json
🔄 Attempt 1/3 for appleTv
🖼️ [CACHE] Cached image data for key: https://images.justwatch.com/poster/329121868/s332/img (53946 bytes)
🗑️ Cache evicted 10 items
🖼️ [CACHE] Cached image data for key: https://images.justwatch.com/poster/322032098/s332/img (56405 bytes)
🖼️ [CACHE] Cached image data for key: https://images.justwatch.com/poster/66901085/s332/img (47457 bytes)
🖼️ [CACHE] Cached image data for key: https://images.justwatch.com/poster/301552189/s332/img (59500 bytes)
🖼️ [CACHE] Cached image data for key: https://images.justwatch.com/poster/176275502/s332/img (71523 bytes)
🖼️ [CACHE] Cached image data for key: https://images.justwatch.com/poster/327009156/s332/img (61426 bytes)
🖼️ [CACHE] Cached image data for key: https://images.justwatch.com/poster/8730058/s332/img (44044 bytes)
🖼️ [CACHE] Cached image data for key: https://images.justwatch.com/poster/88761237/s332/img (60727 bytes)
🖼️ [CACHE] Cached image data for key: https://images.justwatch.com/poster/331244585/s332/img (35639 bytes)
🖼️ [CACHE] Cached image data for key: https://images.justwatch.com/poster/331994893/s332/img (37258 bytes)
🖼️ [CACHE] Cached image data for key: https://images.justwatch.com/poster/301592778/s332/img (49084 bytes)
🗑️ Cache evicted 10 items
🖼️ [CACHE] Cached image data for key: https://images.justwatch.com/poster/321552009/s332/img (34807 bytes)
🖼️ [CACHE] Cached image data for key: https://images.justwatch.com/poster/320977032/s332/img (29350 bytes)
🖼️ [CACHE] Cached image data for key: https://images.justwatch.com/poster/331148151/s332/img (28498 bytes)
🖼️ [CACHE] Cached image data for key: https://images.justwatch.com/poster/325538793/s332/img (44577 bytes)
🖼️ [CACHE] Cached image data for key: https://images.justwatch.com/poster/327009156/s332/img (61426 bytes)
🖼️ [CACHE] Cached image data for key: https://images.justwatch.com/poster/322032098/s332/img (56405 bytes)
🖼️ [CACHE] Cached image data for key: https://images.justwatch.com/poster/332051109/s332/img (58936 bytes)
🖼️ [CACHE] Cached image data for key: https://images.justwatch.com/poster/331327178/s332/img (38639 bytes)
🖼️ [CACHE] Cached image data for key: https://images.justwatch.com/poster/335474178/s332/img (42733 bytes)
🖼️ [CACHE] Cached image data for key: https://images.justwatch.com/poster/154373248/s332/img (63627 bytes)
🖼️ [CACHE] Cached image data for key: https://images.justwatch.com/poster/315672113/s332/img (80512 bytes)
🖼️ [CACHE] Cached image data for key: https://images.justwatch.com/poster/338962154/s332/img (51864 bytes)
🗑️ Cache evicted 10 items
🖼️ [CACHE] Cached image data for key: https://images.justwatch.com/poster/331924998/s332/img (45255 bytes)
🖼️ [CACHE] Cached image data for key: https://images.justwatch.com/poster/176677346/s332/img (63974 bytes)
🖼️ [CACHE] Cached image data for key: https://images.justwatch.com/poster/312291378/s332/img (26090 bytes)
🖼️ [CACHE] Cached image data for key: https://images.justwatch.com/poster/328335894/s332/img (39916 bytes)
💾 Cache SET: Catalog[catalog_movie_stz.json] (15 items)
💾 Cache SET: Catalog[catalog_movie_pcp.json] (15 items)
💾 Cache SET: Catalog[catalog_movie_hlu.json] (15 items)
🗑️ Cache evicted 6 items
💾 Cache SET: Catalog[catalog_movie_pmp.json] (15 items)
💾 Cache SET: Catalog[catalog_movie_hbm.json] (15 items)
💾 Cache SET: Catalog[catalog_movie_atp.json] (15 items)
📊 Using fixed catalog size: 15 items
✅ Attempt 1 successful for starz
✅ Successfully fetched 15 items for starz from primary service
📦 Full batch loaded: 15 items for starz
✅ Progressive loading completed for starz
📊 Using fixed catalog size: 15 items
✅ Attempt 1 successful for peacock
✅ Successfully fetched 15 items for peacock from primary service
📦 Full batch loaded: 15 items for peacock
✅ Progressive loading completed for peacock
📊 Using fixed catalog size: 15 items
✅ Attempt 1 successful for hulu
✅ Successfully fetched 15 items for hulu from primary service
📦 Full batch loaded: 15 items for hulu
✅ Progressive loading completed for hulu
📊 Using fixed catalog size: 15 items
✅ Attempt 1 successful for paramount
✅ Successfully fetched 15 items for paramount from primary service
📦 Full batch loaded: 15 items for paramount
✅ Progressive loading completed for paramount
📊 Using fixed catalog size: 15 items
✅ Attempt 1 successful for hbo
✅ Successfully fetched 15 items for hbo from primary service
📦 Full batch loaded: 15 items for hbo
✅ Progressive loading completed for hbo
📊 Using fixed catalog size: 15 items
✅ Attempt 1 successful for appleTv
✅ Successfully fetched 15 items for appleTv from primary service
📦 Full batch loaded: 15 items for appleTv
✅ Progressive loading completed for appleTv
🛑 LobbyPresence: Polling stopped
🛑 LobbyDatabase: Polling stopped
🛑 Lobby: Polling stopped (chat via Realtime only)
🚦 Lobby State: closed
🎭 Lobby: Disconnected from room EXPG
🙈 Host leaving explicitly: Deleting room EXPG
🧹 Cleaning up Realtime channel for room: EXPG
🔄 Untracking presence...
✅ Presence untracked
🔄 Leaving channel...
✅ Channel left
ℹ️ Keeping WebSocket connected (disconnectClient=false)
✅ Realtime channel cleanup complete
📨 Received: {"ref":"43","event":"phx_reply","payload":{"status":"ok","response":{}},"topic":"realtime:watch-party:EXPG"}
📨 Received: {"ref":"44","event":"phx_reply","payload":{"status":"ok","response":{}},"topic":"realtime:watch-party:EXPG"}
📨 Received: {"ref":null,"event":"phx_close","payload":{},"topic":"realtime:watch-party:EXPG"}
📨 Unknown event: phx_close
📨 Received: {"ref":null,"event":"presence_diff","payload":{"joins":{},"leaves":{"3158d718-ecd9-11f0-bf9e-9ee62e3b7bba":{"metas":[{"phx_ref":"GIjex7eGPRNtbxiB","phx_ref_prev":"GIjex6plaO1tbxhh","is_host":true,"joined_at":1767907802.915663,"user_id":"656daa91-33b4-4688-9135-c982ea52d7c9","username":"ursinho"}]}}},"topic":"realtime:watch-party:EXPG"}
🖼️ [CACHE] Cached image data for key: https://images.justwatch.com/poster/333077339/s332/img (29437 bytes)
🖼️ [CACHE] Cached image data for key: https://images.justwatch.com/poster/15605912/s332/img (81082 bytes)
🖼️ [CACHE] Cached image data for key: https://images.justwatch.com/poster/330628021/s332/img (58302 bytes)
🖼️ [CACHE] Cached image data for key: https://images.justwatch.com/poster/331126481/s332/img (53646 bytes)
🖼️ [CACHE] Cached image data for key: https://images.justwatch.com/poster/300177312/s332/img (74244 bytes)
🖼️ [CACHE] Cached image data for key: https://images.justwatch.com/poster/315856885/s332/img (67350 bytes)
🗑️ Cache evicted 10 items
🖼️ [CACHE] Cached image data for key: https://images.justwatch.com/poster/331701827/s332/img (59722 bytes)
🖼️ [CACHE] Cached image data for key: https://images.justwatch.com/poster/332277457/s332/img (66967 bytes)
🖼️ [CACHE] Cached image data for key: https://images.justwatch.com/poster/330980590/s332/img (58733 bytes)
🖼️ [CACHE] Cached image data for key: https://images.justwatch.com/poster/245030423/s332/img (72818 bytes)
🖼️ [CACHE] Cached image data for key: https://images.justwatch.com/poster/275806222/s332/img (48443 bytes)
🖼️ [CACHE] Cached image data for key: https://images.justwatch.com/poster/309786652/s332/img (45440 bytes)
🖼️ [CACHE] Cached image data for key: https://images.justwatch.com/poster/335328239/s332/img (37688 bytes)
🖼️ [CACHE] Cached image data for key: https://images.justwatch.com/poster/132935108/s332/img (72135 bytes)
🖼️ [CACHE] Cached image data for key: https://images.justwatch.com/poster/327223699/s332/img (31103 bytes)
🖼️ [CACHE] Cached image data for key: https://images.justwatch.com/poster/335063930/s332/img (28802 bytes)
🗑️ Cache evicted 10 items
🖼️ [CACHE] Cached image data for key: https://images.justwatch.com/poster/340614766/s332/img (62961 bytes)
🖼️ [CACHE] Cached image data for key: https://images.justwatch.com/poster/328602380/s332/img (48174 bytes)
🖼️ [CACHE] Cached image data for key: https://images.justwatch.com/poster/315638406/s332/img (49093 bytes)
🖼️ [CACHE] Cached image data for key: https://images.justwatch.com/poster/175817145/s332/img (34253 bytes)
🖼️ [CACHE] Cached image data for key: https://images.justwatch.com/poster/329121868/s332/img (53946 bytes)
🖼️ [CACHE] Cached image data for key: https://images.justwatch.com/poster/332527038/s332/img (28010 bytes)
🖼️ [CACHE] Cached image data for key: https://images.justwatch.com/poster/449990/s332/img (60347 bytes)
🖼️ [CACHE] Cached image data for key: https://images.justwatch.com/poster/173938174/s332/img (31756 bytes)
🖼️ [CACHE] Cached image data for key: https://images.justwatch.com/poster/307275790/s332/img (54708 bytes)
🖼️ [CACHE] Cached image data for key: https://images.justwatch.com/poster/336295680/s332/img (36731 bytes)
🗑️ Cache evicted 10 items
🖼️ [CACHE] Cached image data for key: https://images.justwatch.com/poster/256784897/s332/img (48660 bytes)
🖼️ [CACHE] Cached image data for key: https://images.justwatch.com/poster/336298604/s332/img (33569 bytes)
🖼️ [CACHE] Cached image data for key: https://images.justwatch.com/poster/330298309/s332/img (59242 bytes)
🖼️ [CACHE] Cached image data for key: https://images.justwatch.com/poster/322729101/s332/img (28143 bytes)
🖼️ [CACHE] Cached image data for key: https://images.justwatch.com/poster/243656762/s332/img (42262 bytes)
🖼️ [CACHE] Cached image data for key: https://images.justwatch.com/poster/312811279/s332/img (48255 bytes)
🖼️ [CACHE] Cached image data for key: https://images.justwatch.com/poster/336243710/s332/img (29619 bytes)
🖼️ [CACHE] Cached image data for key: https://images.justwatch.com/poster/302449148/s332/img (66514 bytes)
🖼️ [CACHE] Cached image data for key: https://images.justwatch.com/poster/241779763/s332/img (48752 bytes)
🖼️ [CACHE] Cached image data for key: https://images.justwatch.com/poster/285598209/s332/img (63186 bytes)
🗑️ Cache evicted 10 items
🖼️ [CACHE] Cached image data for key: https://images.justwatch.com/poster/8731868/s332/img (56932 bytes)
☠️ LobbyViewModel deinit
📼 Resume playback called - mode: watchParty, shouldResume: false, timestamp: 1339.7154814708829s
✅ Cleared resumeFromTimestamp - starting from beginning
💓 Heartbeat sent
💓 Heartbeat sent
💓 Heartbeat sent
🛑 BrowseView disappeared - cancelled all ongoing tasks
📨 Received: {"ref":"27","event":"phx_reply","payload":{"status":"ok","response":{}},"topic":"phoenix"}
📨 Received: {"ref":"45","event":"phx_reply","payload":{"status":"ok","response":{}},"topic":"phoenix"}
📨 Received: {"ref":"74","event":"phx_reply","payload":{"status":"ok","response":{}},"topic":"phoenix"}
🛡️ Lobby: Auto-Join safety delay passed (8s). Enabled for late joiners.
❌ Supabase API Error: Free User Limit Reached: You can host 1 item every 72 hours. Unlock in 23 hours 59 minutes.
⏰ AppState: Next schedule update set for Event End: 2026-01-08 22:16:30 +0000
⏰ AppState: Scheduling update in 2778 seconds
⚠️ Zilean Health Check returned status: 404
🚫 Subscription revoked or inactive.
📡 [EventsConfig] Checking server for movie_events config version...
✅ [EventsConfig] Fetched movie_events version 1486 with 411 movies
✅ [EventsConfig] Using cached movie_events config (version 1486, 411 movies)
📨 Received: {"ref":null,"event":"presence_diff","payload":{"joins":{"d0f9f778-ecd6-11f0-9054-9ee62e3b7bba":{"metas":[{"phx_ref":"GIjezCp1Kr86AhpB","phx_ref_prev":"GIjex4KEdLo6Ahdh","last_seen":"2026-01-08T21:30:22.036Z","status":"online","user_id":"96e01cdb-36c0-4228-a6e4-a29a3c66bc8e","username":"lemontom"}]}},"leaves":{"d0f9f778-ecd6-11f0-9054-9ee62e3b7bba":{"metas":[{"phx_ref":"GIjex4KEdLo6Ahdh","phx_ref_prev":"GIjewtpvh_s6AhXh","last_seen":"2026-01-08T21:30:02.036Z","status":"online","user_id":"96e01cdb-36c0-4228-a6e4-a29a3c66bc8e","username":"lemontom"}]}}},"topic":"realtime:global-presence"}
⏰ AppState: Next schedule update set for Event End: 2026-01-08 22:16:30 +0000
⏰ AppState: Scheduling update in 2768 seconds
📨 Received: {"ref":"75","event":"phx_reply","payload":{"status":"ok","response":{}},"topic":"realtime:global-presence"}
📨 Received: {"ref":null,"event":"presence_diff","payload":{"joins":{"48eeb110-ecd7-11f0-8cac-9ee62e3b7bba":{"metas":[{"phx_ref":"GIjezHR4YLc6Ahph","phx_ref_prev":"GIjeyKPt_rM6Ahkh","last_seen":"2026-01-08T21:30:23.267Z","status":"Browsing","user_id":"656daa91-33b4-4688-9135-c982ea52d7c9","username":"ursinho"}]}},"leaves":{"48eeb110-ecd7-11f0-8cac-9ee62e3b7bba":{"metas":[{"phx_ref":"GIjeyKPt_rM6Ahkh","phx_ref_prev":"GIjex8wrURw6Ahih","last_seen":"2026-01-08T21:30:06.885Z","status":"Browsing","user_id":"656daa91-33b4-4688-9135-c982ea52d7c9","username":"ursinho"}]}}},"topic":"realtime:global-presence"}
