2025-12-10 09:04:25.957 RedLemon[5366:45177] 🪟 Set initial window to expanded size: (0.0, 150.0, 1366.0, 593.0)
2025-12-10 09:04:25.957 RedLemon[5366:45177] ✅ Cache cleanup timer started (runs every 30 minutes)
2025-12-10 09:04:26.045 RedLemon[5366:45266] 🔍 KeychainManager: Retrieved username 'ursinho' from UserDefaults
2025-12-10 09:04:26.047 RedLemon[5366:45177] 🔄 Resetting playback state to prevent auto-selection...
2025-12-10 09:04:26.127 RedLemon[5366:45177] ✅ Playback state reset complete - starting in browse view
2025-12-10 09:04:26.127 RedLemon[5366:45177] 🔐 APP STARTUP: Loading stored user credentials...
2025-12-10 09:04:26.128 RedLemon[5366:45177] 🧪 Testing Profile: debug
2025-12-10 09:04:26.128 RedLemon[5366:45246] 🔍 KeychainManager: Retrieved username 'ursinho' from UserDefaults
2025-12-10 09:04:26.128 RedLemon[5366:45177] ✅ Keychain: Found stored username: ursinho
2025-12-10 09:04:26.128 RedLemon[5366:45177] 🔍 Supabase: Looking up user 'ursinho' in database...
2025-12-10 09:04:26.128 RedLemon[5366:45246] 🔍 SupabaseClient: Looking up user by username 'ursinho'
2025-12-10 09:04:26.568 RedLemon[5366:45268] 📡 SupabaseClient: User lookup response received (243 bytes)
2025-12-10 09:04:26.573 RedLemon[5366:45268] ✅ SupabaseClient: Decoded 1 users from response
2025-12-10 09:04:26.573 RedLemon[5366:45268] 👤 SupabaseClient: Found user - ursinho (ID: 656DAA91-33B4-4688-9135-C982EA52D7C9)
2025-12-10 09:04:26.573 RedLemon[5366:45177] ✅ Loaded user: ursinho (ID: 656DAA91-33B4-4688-9135-C982EA52D7C9)
2025-12-10 09:04:26.647 RedLemon[5366:45177] ✅ AUTH SUCCESS: User authenticated - ursinho (ID: 656DAA91-33B4-4688-9135-C982EA52D7C9)
2025-12-10 09:04:26.647 RedLemon[5366:45177] 🎯 AppState: currentUsername=ursinho, currentUserId=656DAA91-33B4-4688-9135-C982EA52D7C9
2025-12-10 09:04:26.647 RedLemon[5366:45177] 🏁 AUTH COMPLETE: Final state - username=ursinho, userId=656DAA91-33B4-4688-9135-C982EA52D7C9
2025-12-10 09:04:26.647 RedLemon[5366:45177] 🚀 RedLemon: Starting HTTP server...
2025-12-10 09:04:26.647 RedLemon[5366:45177] 📋 RedLemon: Current directory: /Users/danielnoble/Desktop/Redlemon
2025-12-10 09:04:26.671 RedLemon[5366:45177] ✅ RedLemon: HTTPServer instance created
2025-12-10 09:04:26.671 RedLemon[5366:45287] 📡 RedLemon: Server starting on port 47253...
✅ Sparkle configured (manual only, no auto-checks)
   Appcast URL: https://raw.githubusercontent.com/orangeapple1272/Redlemon/main/appcast.xml
   Can check: false
📅 EventsView appeared
🎬 [EventsView] Fetching movie events from centralized config...
📡 [EventsConfig] Checking server for movie_events config version...
🔍 Silent update check (custom implementation)...
🔍 Memory pressure monitoring enabled (safe mode)
📂 Loaded 3 credential(s) from cache
🖥️ CacheManager initialized with fixed conservative limits
   Image cache limit: 30 items
✅ Token routes registered:
   POST /tokens/save
   POST /tokens/delete
   GET  /tokens/list
✅ Unlock routes registered:
   POST /api/streams/unlock
✅ Stream routes registered:
   POST /api/streams/resolve
   GET  /api/streams/resolveByQuality
   GET  /api/streams/resolveAll
✅ Proxy routes registered:
   GET /play/rd/:infoHash/:fileIdx
   GET /play/rd/:infoHash
✅ Subtitle routes registered:
   GET /subtitles/search?imdbId=&type=
   GET /subtitles/subdl/:encodedPath
✅ All routes registered
✅ HTTP Server configured on http://127.0.0.1:47253
🚀 Starting HTTP server...
✅ Providers initialized: torrentio, comet, zilean, mediafusion
✅ [EventsConfig] Fetched movie_events version 1211 with 427 movies
[ NOTICE ] Server started on http://127.0.0.1:47253
✅ HTTP server running on http://127.0.0.1:47253

🔗 Available endpoints:
   http://127.0.0.1:47253/health
   http://127.0.0.1:47253/status
   http://127.0.0.1:47253/api/health

✅ [EventsConfig] Using cached movie_events config (version 1211, 427 movies)
✅ [EventsView] Loaded 427 movies from config version 1211
   1. Pacific Rim
   2. Harry Potter and the Sorcerer's Stone
   3. Stigmata
   4. Deadpool 2
   5. Split
   Movie: Pacific Rim | Runtime: 131m | Duration: 8460s
   Movie: Harry Potter and the Sorcerer's Stone | Runtime: 152m | Duration: 9720s
   Movie: Stigmata | Runtime: 103m | Duration: 6780s
   Movie: Deadpool 2 | Runtime: 120m | Duration: 7800s
   Movie: Split | Runtime: 117m | Duration: 7620s
   Movie: Oldboy | Runtime: 104m | Duration: 6840s
   Movie: Pirates of the Caribbean: The Curse of the Black Pearl | Runtime: 143m | Duration: 9180s
   Movie: Goodfellas | Runtime: 145m | Duration: 9300s
   Movie: The Expendables 4 | Runtime: 103m | Duration: 6780s
   Movie: Captain America: Civil War | Runtime: 147m | Duration: 9420s
   Movie: Avengers: Age of Ultron | Runtime: 141m | Duration: 9060s
   Movie: Doctor Strange in the Multiverse of Madness | Runtime: 126m | Duration: 8160s
   Movie: Anaconda | Runtime: 84m | Duration: 5640s
   Movie: Kraven the Hunter | Runtime: 127m | Duration: 8220s
   Movie: Thor: Ragnarok | Runtime: 131m | Duration: 8460s
   Movie: Se7en | Runtime: 127m | Duration: 8220s
   Movie: xXx: Return of Xander Cage | Runtime: 107m | Duration: 7020s
   Movie: The Expendables 3 | Runtime: 126m | Duration: 8160s
   Movie: Indiana Jones and the Dial of Destiny | Runtime: 155m | Duration: 9900s
   Movie: Flubber | Runtime: 93m | Duration: 6180s
   Movie: The Simpsons Movie | Runtime: 87m | Duration: 5820s
   Movie: Black Water | Runtime: 105m | Duration: 6900s
   Movie: Shrek 5 | Runtime: 120m | Duration: 7800s
   Movie: Apocalypse Now | Runtime: 147m | Duration: 9420s
   Movie: Tron: Legacy | Runtime: 126m | Duration: 8160s
   Movie: White Chicks | Runtime: 109m | Duration: 7140s
   Movie: The Mummy Returns | Runtime: 130m | Duration: 8400s
   Movie: Cast Away | Runtime: 143m | Duration: 9180s
   Movie: The Sixth Sense | Runtime: 107m | Duration: 7020s
   Movie: Lucy | Runtime: 89m | Duration: 5940s
   Movie: Aliens | Runtime: 137m | Duration: 8820s
   Movie: The Hunger Games: The Ballad of Songbirds & Snakes | Runtime: 157m | Duration: 10020s
   Movie: Jurassic World: Fallen Kingdom | Runtime: 129m | Duration: 8340s
   Movie: Death Race | Runtime: 105m | Duration: 6900s
   Movie: Silent Hill | Runtime: 125m | Duration: 8100s
   Movie: Monsters, Inc. | Runtime: 92m | Duration: 6120s
   Movie: Bad Boys II | Runtime: 146m | Duration: 9360s
   Movie: The Conjuring 2 | Runtime: 134m | Duration: 8640s
   Movie: Nope | Runtime: 130m | Duration: 8400s
   Movie: Harry Potter and the Goblet of Fire | Runtime: 157m | Duration: 10020s
   Movie: Blind Fury | Runtime: 86m | Duration: 5760s
   Movie: Thor | Runtime: 115m | Duration: 7500s
   Movie: 28 Years Later | Runtime: 115m | Duration: 7500s
   Movie: Despicable Me | Runtime: 95m | Duration: 6300s
   Movie: Black Swan | Runtime: 109m | Duration: 7140s
   Movie: Iron Man 2 | Runtime: 124m | Duration: 8040s
   Movie: Bullet Train | Runtime: 126m | Duration: 8160s
   Movie: The Pacifier | Runtime: 95m | Duration: 6300s
   Movie: Avengers: Endgame | Runtime: 181m | Duration: 11460s
   Movie: Harry Potter and the Deathly Hallows: Part 2 | Runtime: 130m | Duration: 8400s
   Movie: Weapons | Runtime: 129m | Duration: 8340s
   Movie: Anaconda | Runtime: 120m | Duration: 7800s
   Movie: 300: Rise of an Empire | Runtime: 102m | Duration: 6720s
   Movie: V for Vendetta | Runtime: 132m | Duration: 8520s
   Movie: Shrek the Third | Runtime: 93m | Duration: 6180s
   Movie: The Mummy: Tomb of the Dragon Emperor | Runtime: 112m | Duration: 7320s
   Movie: Memento | Runtime: 113m | Duration: 7380s
   Movie: Parasite | Runtime: 133m | Duration: 8580s
   Movie: Hereditary | Runtime: 128m | Duration: 8280s
   Movie: The Amazing Spider-Man 2 | Runtime: 141m | Duration: 9060s
   Movie: Monster | Runtime: 125m | Duration: 8100s
   Movie: Apocalypto | Runtime: 139m | Duration: 8940s
   Movie: Face/Off | Runtime: 139m | Duration: 8940s
   Movie: Jurassic World: Rebirth | Runtime: 134m | Duration: 8640s
   Movie: Top Gun | Runtime: 110m | Duration: 7200s
   Movie: The Menu | Runtime: 107m | Duration: 7020s
   Movie: Terminator Salvation | Runtime: 115m | Duration: 7500s
   Movie: Scouts Guide to the Zombie Apocalypse | Runtime: 93m | Duration: 6180s
   Movie: Civil War | Runtime: 109m | Duration: 7140s
   Movie: American History X | Runtime: 119m | Duration: 7740s
   Movie: We're the Millers | Runtime: 110m | Duration: 7200s
   Movie: Renfield | Runtime: 93m | Duration: 6180s
   Movie: Dracula | Runtime: 130m | Duration: 8400s
   Movie: Kung Fu Hustle | Runtime: 99m | Duration: 6540s
   Movie: Colombiana | Runtime: 108m | Duration: 7080s
   Movie: Night at the Museum | Runtime: 108m | Duration: 7080s
   Movie: MaXXXine | Runtime: 103m | Duration: 6780s
   Movie: Scooby-Doo | Runtime: 87m | Duration: 5820s
   Movie: Get Carter | Runtime: 102m | Duration: 6720s
   Movie: Saltburn | Runtime: 131m | Duration: 8460s
   Movie: Dune: Part Two | Runtime: 167m | Duration: 10620s
   Movie: Spider-Man 3 | Runtime: 139m | Duration: 8940s
   Movie: Turtles All the Way Down | Runtime: 111m | Duration: 7260s
   Movie: Terminator Genisys | Runtime: 126m | Duration: 8160s
   Movie: John Wick: Chapter 2 | Runtime: 122m | Duration: 7920s
   Movie: 8MM | Runtime: 123m | Duration: 7980s
   Movie: Godzilla x Kong: The New Empire | Runtime: 115m | Duration: 7500s
   Movie: Final Destination: Bloodlines | Runtime: 110m | Duration: 7200s
   Movie: Pirates of the Caribbean: Dead Men Tell No Tales | Runtime: 129m | Duration: 8340s
   Movie: Prey | Runtime: 100m | Duration: 6600s
   Movie: It: Chapter Two | Runtime: 169m | Duration: 10740s
   Movie: Shrek | Runtime: 90m | Duration: 6000s
   Movie: Now You See Me | Runtime: 116m | Duration: 7560s
   Movie: Jurassic World | Runtime: 124m | Duration: 8040s
   Movie: Drive | Runtime: 100m | Duration: 6600s
   Movie: The Emperor's New Groove | Runtime: 78m | Duration: 5280s
   Movie: Venom | Runtime: 112m | Duration: 7320s
   Movie: Transformers: Age of Extinction | Runtime: 165m | Duration: 10500s
   Movie: Shaft | Runtime: 99m | Duration: 6540s
   Movie: A Quiet Place: Day One | Runtime: 100m | Duration: 6600s
   Movie: The Hunger Games: Mockingjay - Part 1 | Runtime: 123m | Duration: 7980s
   Movie: Black Hawk Down | Runtime: 145m | Duration: 9300s
   Movie: Oldboy | Runtime: 120m | Duration: 7800s
   Movie: Alien³ | Runtime: 114m | Duration: 7440s
   Movie: The Strangers: Chapter 2 | Runtime: 98m | Duration: 6480s
   Movie: The Hunger Games: Mockingjay - Part 2 | Runtime: 137m | Duration: 8820s
   Movie: Fury | Runtime: 135m | Duration: 8700s
   Movie: Rush Hour 3 | Runtime: 90m | Duration: 6000s
   Movie: Avatar | Runtime: 162m | Duration: 10320s
   Movie: Jumanji: The Next Level | Runtime: 123m | Duration: 7980s
   Movie: The Matrix Reloaded | Runtime: 138m | Duration: 8880s
   Movie: Hostel | Runtime: 94m | Duration: 6240s
   Movie: The Green Mile | Runtime: 189m | Duration: 11940s
   Movie: Gladiator II | Runtime: 148m | Duration: 9480s
   Movie: The Nun II | Runtime: 110m | Duration: 7200s
   Movie: The Conjuring: Last Rites | Runtime: 136m | Duration: 8760s
   Movie: Blade Runner 2049 | Runtime: 164m | Duration: 10440s
   Movie: Deadpool | Runtime: 108m | Duration: 7080s
   Movie: The Lord of the Rings: The Return of the King | Runtime: 201m | Duration: 12660s
   Movie: RED | Runtime: 111m | Duration: 7260s
   Movie: Elf | Runtime: 97m | Duration: 6420s
   Movie: X | Runtime: 106m | Duration: 6960s
   Movie: The Martian | Runtime: 141m | Duration: 9060s
   Movie: Mad Max | Runtime: 91m | Duration: 6060s
   Movie: Ready Player One | Runtime: 140m | Duration: 9000s
   Movie: Waterworld | Runtime: 135m | Duration: 8700s
   Movie: Blue Streak | Runtime: 93m | Duration: 6180s
   Movie: The Lord of the Rings: The Fellowship of the Ring | Runtime: 179m | Duration: 11340s
   Movie: Insidious | Runtime: 102m | Duration: 6720s
   Movie: Harry Potter and the Half-Blood Prince | Runtime: 153m | Duration: 9780s
   Movie: Troy | Runtime: 163m | Duration: 10380s
   Movie: Fargo | Runtime: 98m | Duration: 6480s
   Movie: Final Destination 3 | Runtime: 92m | Duration: 6120s
   Movie: Now You See Me 2 | Runtime: 129m | Duration: 8340s
   Movie: Ninja Assassin | Runtime: 99m | Duration: 6540s
   Movie: Scarface | Runtime: 170m | Duration: 10800s
   Movie: Shrek 2 | Runtime: 92m | Duration: 6120s
   Movie: 24: Redemption | Runtime: 102m | Duration: 6720s
   Movie: Die Hard 2 | Runtime: 124m | Duration: 8040s
   Movie: 28 Days Later | Runtime: 113m | Duration: 7380s
   Movie: Four Brothers | Runtime: 109m | Duration: 7140s
   Movie: Real Steel | Runtime: 127m | Duration: 8220s
   Movie: The Hobbit: The Desolation of Smaug | Runtime: 161m | Duration: 10260s
   Movie: The Terminator | Runtime: 108m | Duration: 7080s
   Movie: Psycho | Runtime: 109m | Duration: 7140s
   Movie: Baghead | Runtime: 95m | Duration: 6300s
   Movie: Carry-On | Runtime: 120m | Duration: 7800s
   Movie: The Suicide Squad | Runtime: 132m | Duration: 8520s
   Movie: 2012 | Runtime: 158m | Duration: 10080s
   Movie: Shutter Island | Runtime: 138m | Duration: 8880s
   Movie: Iron Man | Runtime: 126m | Duration: 8160s
   Movie: Pirates of the Caribbean: At World's End | Runtime: 169m | Duration: 10740s
   Movie: Black Phone 2 | Runtime: 114m | Duration: 7440s
   Movie: District 9 | Runtime: 112m | Duration: 7320s
   Movie: Kingdom of the Planet of the Apes | Runtime: 145m | Duration: 9300s
   Movie: Nobody | Runtime: 91m | Duration: 6060s
   Movie: Edge of Tomorrow | Runtime: 114m | Duration: 7440s
   Movie: Karate Kid: Legends | Runtime: 94m | Duration: 6240s
   Movie: The Fall Guy | Runtime: 127m | Duration: 8220s
   Movie: Harry Potter and the Chamber of Secrets | Runtime: 161m | Duration: 10260s
   Movie: Snatch | Runtime: 90m | Duration: 6000s
   Movie: Venom: The Last Dance | Runtime: 109m | Duration: 7140s
   Movie: The Illusionist | Runtime: 110m | Duration: 7200s
   Movie: Transformers One | Runtime: 104m | Duration: 6840s
   Movie: The Mummy | Runtime: 124m | Duration: 8040s
   Movie: Predator: Badlands | Runtime: 107m | Duration: 7020s
   Movie: Paranormal Activity | Runtime: 86m | Duration: 5760s
   Movie: F1: The Movie | Runtime: 156m | Duration: 9960s
   Movie: John Wick: Chapter 4 | Runtime: 170m | Duration: 10800s
   Movie: Mickey 17 | Runtime: 137m | Duration: 8820s
   Movie: Despicable Me 2 | Runtime: 98m | Duration: 6480s
   Movie: Madagascar: Escape 2 Africa | Runtime: 89m | Duration: 5940s
   Movie: Frankenstein | Runtime: 150m | Duration: 9600s
   Movie: Gattaca | Runtime: 107m | Duration: 7020s
   Movie: The Amazing Spider-Man | Runtime: 136m | Duration: 8760s
   Movie: Furiosa: A Mad Max Saga | Runtime: 149m | Duration: 9540s
   Movie: Nobody 2 | Runtime: 89m | Duration: 5940s
   Movie: Everything Everywhere All at Once | Runtime: 140m | Duration: 9000s
   Movie: The Shining | Runtime: 144m | Duration: 9240s
   Movie: The Hobbit: An Unexpected Journey | Runtime: 169m | Duration: 10740s
   Movie: Dogma | Runtime: 130m | Duration: 8400s
   Movie: Inside Man | Runtime: 129m | Duration: 8340s
   Movie: The Batman | Runtime: 177m | Duration: 11220s
   Movie: Eyes Wide Shut | Runtime: 159m | Duration: 10140s
   Movie: Sinners | Runtime: 138m | Duration: 8880s
   Movie: Alien | Runtime: 117m | Duration: 7620s
   Movie: Mystery Men | Runtime: 121m | Duration: 7860s
   Movie: King Kong | Runtime: 188m | Duration: 11880s
   Movie: Kung Fu Panda 2 | Runtime: 91m | Duration: 6060s
   Movie: Mission: Impossible - Fallout | Runtime: 147m | Duration: 9420s
   Movie: Incredibles 2 | Runtime: 118m | Duration: 7680s
   Movie: The Equalizer 3 | Runtime: 109m | Duration: 7140s
   Movie: Thunderbolts* | Runtime: 127m | Duration: 8220s
   Movie: Get Out | Runtime: 104m | Duration: 6840s
   Movie: Godzilla: King of the Monsters | Runtime: 132m | Duration: 8520s
   Movie: Tron: Ares | Runtime: 119m | Duration: 7740s
   Movie: Jurassic World: Dominion | Runtime: 147m | Duration: 9420s
   Movie: Raiders of the Lost Ark | Runtime: 115m | Duration: 7500s
   Movie: The Negotiator | Runtime: 140m | Duration: 9000s
   Movie: Gladiator | Runtime: 155m | Duration: 9900s
   Movie: Between Worlds | Runtime: 90m | Duration: 6000s
   Movie: Training Day | Runtime: 122m | Duration: 7920s
   Movie: Harry Potter and the Deathly Hallows: Part 1 | Runtime: 146m | Duration: 9360s
   Movie: Smile | Runtime: 115m | Duration: 7500s
   Movie: Constantine | Runtime: 121m | Duration: 7860s
   Movie: Annabelle Comes Home | Runtime: 106m | Duration: 6960s
   Movie: Shaolin Soccer | Runtime: 113m | Duration: 7380s
   Movie: Kill Bill: The Whole Bloody Affair | Runtime: 247m | Duration: 15420s
   Movie: The Marvels | Runtime: 105m | Duration: 6900s
   Movie: The Usual Suspects | Runtime: 106m | Duration: 6960s
   Movie: Mission: Impossible - Dead Reckoning Part One | Runtime: 164m | Duration: 10440s
   Movie: Candyman | Runtime: 91m | Duration: 6060s
   Movie: Thor: Love and Thunder | Runtime: 119m | Duration: 7740s
   Movie: Night at the Museum: Secret of the Tomb | Runtime: 98m | Duration: 6480s
   Movie: Dawn of the Planet of the Apes | Runtime: 130m | Duration: 8400s
   Movie: Harry Potter and the Prisoner of Azkaban | Runtime: 141m | Duration: 9060s
   Movie: Johnny English | Runtime: 87m | Duration: 5820s
   Movie: Scream | Runtime: 112m | Duration: 7320s
   Movie: Little Man | Runtime: 98m | Duration: 6480s
   Movie: Furious 7 | Runtime: 139m | Duration: 8940s
   Movie: Wild Hogs | Runtime: 100m | Duration: 6600s
   Movie: Dune: Part One | Runtime: 155m | Duration: 9900s
   Movie: The Incredible Hulk | Runtime: 114m | Duration: 7440s
   Movie: Batman Begins | Runtime: 140m | Duration: 9000s
   Movie: Man of Steel | Runtime: 143m | Duration: 9180s
   Movie: The Conjuring | Runtime: 112m | Duration: 7320s
   Movie: Five Nights at Freddy's | Runtime: 110m | Duration: 7200s
   Movie: Shrek Forever After | Runtime: 93m | Duration: 6180s
   Movie: M3GAN 2.0 | Runtime: 120m | Duration: 7800s
   Movie: Underworld | Runtime: 122m | Duration: 7920s
   Movie: Pirates of the Caribbean: Dead Man's Chest | Runtime: 151m | Duration: 9660s
   Movie: Iron Man 3 | Runtime: 130m | Duration: 8400s
   Movie: The Departed | Runtime: 151m | Duration: 9660s
   Movie: Mission: Impossible - The Final Reckoning | Runtime: 170m | Duration: 10800s
   Movie: Annabelle | Runtime: 99m | Duration: 6540s
   Movie: Him | Runtime: 96m | Duration: 6360s
   Movie: Van Helsing | Runtime: 132m | Duration: 8520s
   Movie: The Conjuring: The Devil Made Me Do It | Runtime: 111m | Duration: 7260s
   Movie: The Fan | Runtime: 116m | Duration: 7560s
   Movie: Napoleon | Runtime: 158m | Duration: 10080s
   Movie: 1917 | Runtime: 119m | Duration: 7740s
   Movie: I Am Legend | Runtime: 101m | Duration: 6660s
   Movie: Arrival | Runtime: 116m | Duration: 7560s
   Movie: Joker: Folie à Deux | Runtime: 138m | Duration: 8880s
   Movie: Back to the Future Part II | Runtime: 108m | Duration: 7080s
   Movie: Old | Runtime: 108m | Duration: 7080s
   Movie: The Wolf of Wall Street | Runtime: 180m | Duration: 11400s
   Movie: Surrogates | Runtime: 89m | Duration: 5940s
   Movie: The Fifth Element | Runtime: 126m | Duration: 8160s
   Movie: Girls Trip | Runtime: 122m | Duration: 7920s
   Movie: World War Z | Runtime: 116m | Duration: 7560s
   Movie: Heretic | Runtime: 111m | Duration: 7260s
   Movie: Inglourious Basterds | Runtime: 153m | Duration: 9780s
   Movie: Logan | Runtime: 137m | Duration: 8820s
   Movie: Man on Fire | Runtime: 146m | Duration: 9360s
   Movie: Smile 2 | Runtime: 127m | Duration: 8220s
   Movie: Evil Dead Rise | Runtime: 96m | Duration: 6360s
   Movie: Harry Potter and the Order of the Phoenix | Runtime: 138m | Duration: 8880s
   Movie: Predator 2 | Runtime: 108m | Duration: 7080s
   Movie: Saw | Runtime: 103m | Duration: 6780s
   Movie: Abigail | Runtime: 109m | Duration: 7140s
   Movie: Interstellar | Runtime: 169m | Duration: 10740s
   Movie: Taken | Runtime: 94m | Duration: 6240s
   Movie: The Dr2025-12-10 09:04:28.831 RedLemon[5366:45177] ✅ RedLemon: Server marked as ready
2025-12-10 09:04:28.879 RedLemon[5366:45177] ✅ RedLemon: Server should be running on http://127.0.0.1:47253
2025-12-10 09:04:28.879 RedLemon[5366:45177] 🔍 Performing startup checks...
2025-12-10 09:04:28.879 RedLemon[5366:45177] ✅ Username-based authentication ready
2025-12-10 09:04:28.879 RedLemon[5366:45177] 🔍 Performing startup checks...
2025-12-10 09:04:28.879 RedLemon[5366:45177] ✅ Username-based authentication ready
2025-12-10 09:04:28.879 RedLemon[5366:45177] 🔄 Checking for app updates...
op | Runtime: 106m | Duration: 6960s
   Movie: Aquaman | Runtime: 143m | Duration: 9180s
   Movie: The Monkey | Runtime: 97m | Duration: 6420s
   Movie: The Faculty | Runtime: 104m | Duration: 6840s
   Movie: Home Alone 2: Lost in New York | Runtime: 120m | Duration: 7800s
   Movie: Cloud Atlas | Runtime: 172m | Duration: 10920s
   Movie: Avengers: Infinity War | Runtime: 149m | Duration: 9540s
   Movie: Scary Movie 2 | Runtime: 82m | Duration: 5520s
   Movie: Chronicle | Runtime: 84m | Duration: 5640s
   Movie: Back to the Future | Runtime: 116m | Duration: 7560s
   Movie: The Black Phone | Runtime: 103m | Duration: 6780s
   Movie: The Mask | Runtime: 101m | Duration: 6660s
   Movie: Meet the Robinsons | Runtime: 95m | Duration: 6300s
   Movie: Orphan | Runtime: 122m | Duration: 7920s
   Movie: Terminator 2: Judgment Day | Runtime: 137m | Duration: 8820s
   Movie: Bad Boys | Runtime: 119m | Duration: 7740s
   Movie: Fast X | Runtime: 142m | Duration: 9120s
   Movie: The Matrix | Runtime: 136m | Duration: 8760s
   Movie: Nosferatu | Runtime: 133m | Duration: 8580s
   Movie: Transformers: Rise of the Beasts | Runtime: 127m | Duration: 8220s
   Movie: It Follows | Runtime: 101m | Duration: 6660s
   Movie: Godzilla | Runtime: 139m | Duration: 8940s
   Movie: Fight Club | Runtime: 139m | Duration: 8940s
   Movie: Jingle All the Way | Runtime: 89m | Duration: 5940s
   Movie: The Super Mario Bros. Movie | Runtime: 93m | Duration: 6180s
   Movie: Candyman | Runtime: 100m | Duration: 6600s
   Movie: A Minecraft Movie | Runtime: 120m | Duration: 7800s
   Movie: The Substance | Runtime: 141m | Duration: 9060s
   Movie: Safe House | Runtime: 90m | Duration: 6000s
   Movie: War of the Worlds | Runtime: 91m | Duration: 6060s
   Movie: Companion | Runtime: 97m | Duration: 6420s
   Movie: Spider-Man | Runtime: 121m | Duration: 7860s
   Movie: Taken 3 | Runtime: 109m | Duration: 7140s
   Movie: Conan the Barbarian | Runtime: 130m | Duration: 8400s
   Movie: Mr. & Mrs. Smith | Runtime: 120m | Duration: 7800s
   Movie: The Maze Runner | Runtime: 113m | Duration: 7380s
   Movie: The Medallion | Runtime: 88m | Duration: 5880s
   Movie: Predator | Runtime: 107m | Duration: 7020s
   Movie: Ballerina | Runtime: 125m | Duration: 8100s
   Movie: Predators | Runtime: 107m | Duration: 7020s
   Movie: Hot Fuzz | Runtime: 121m | Duration: 7860s
   Movie: The Nun | Runtime: 96m | Duration: 6360s
   Movie: Cobweb | Runtime: 88m | Duration: 5880s
   Movie: Wild Things | Runtime: 108m | Duration: 7080s
   Movie: The Matrix Resurrections | Runtime: 147m | Duration: 9420s
   Movie: Riddick | Runtime: 119m | Duration: 7740s
   Movie: Train to Busan | Runtime: 118m | Duration: 7680s
   Movie: War 2 | Runtime: 173m | Duration: 10980s
   Movie: The Big Lebowski | Runtime: 117m | Duration: 7620s
   Movie: The Lord of the Rings: The Two Towers | Runtime: 179m | Duration: 11340s
   Movie: Resident Evil: Red Falls | Runtime: 53m | Duration: 3780s
   Movie: Inside Out 2 | Runtime: 97m | Duration: 6420s
   Movie: Signs | Runtime: 106m | Duration: 6960s
   Movie: The Barbarian | Runtime: 83m | Duration: 5580s
   Movie: The Karate Kid | Runtime: 140m | Duration: 9000s
   Movie: Taxi Driver | Runtime: 114m | Duration: 7440s
   Movie: Inception | Runtime: 148m | Duration: 9480s
   Movie: War | Runtime: 103m | Duration: 6780s
   Movie: Avatar: The Way of Water | Runtime: 192m | Duration: 12120s
   Movie: Code 3 | Runtime: 100m | Duration: 6600s
   Movie: The Hobbit: The Battle of the Five Armies | Runtime: 144m | Duration: 9240s
   Movie: Captain America: Brave New World | Runtime: 119m | Duration: 7740s
   Movie: Exit Wounds | Runtime: 101m | Duration: 6660s
   Movie: Snatch | Runtime: 103m | Duration: 6780s
   Movie: Triangle | Runtime: 98m | Duration: 6480s
   Movie: The Godfather Part III | Runtime: 162m | Duration: 10320s
   Movie: Creed | Runtime: 133m | Duration: 8580s
   Movie: The Godfather Part II | Runtime: 202m | Duration: 12720s
   Movie: Longlegs | Runtime: 101m | Duration: 6660s
   Movie: The Godfather | Runtime: 175m | Duration: 11100s
   Movie: The Last Samurai | Runtime: 154m | Duration: 9840s
   Movie: The Dark Knight | Runtime: 152m | Duration: 9720s
   Movie: Guardians of the Galaxy Vol. 3 | Runtime: 150m | Duration: 9600s
   Movie: The Equalizer | Runtime: 132m | Duration: 8520s
   Movie: The Imitation Game | Runtime: 113m | Duration: 7380s
   Movie: Joe Dirt | Runtime: 91m | Duration: 6060s
   Movie: X-Men: Days of Future Past | Runtime: 132m | Duration: 8520s
   Movie: Rush Hour | Runtime: 97m | Duration: 6420s
   Movie: Guardians of the Galaxy Vol. 2 | Runtime: 137m | Duration: 8820s
   Movie: The Hunger Games: Catching Fire | Runtime: 146m | Duration: 9360s
   Movie: The Parent Trap | Runtime: 128m | Duration: 8280s
   Movie: The Accountant 2 | Runtime: 133m | Duration: 8580s
   Movie: xXx | Runtime: 124m | Duration: 8040s
   Movie: A Haunted House 2 | Runtime: 87m | Duration: 5820s
   Movie: Aliens vs. Predator: Requiem | Runtime: 94m | Duration: 6240s
   Movie: Blade Runner | Runtime: 118m | Duration: 7680s
   Movie: Baby Boy | Runtime: 130m | Duration: 8400s
   Movie: 2001: A Space Odyssey | Runtime: 149m | Duration: 9540s
   Movie: Léon: The Professional | Runtime: 111m | Duration: 7260s
   Movie: The Long Walk | Runtime: 108m | Duration: 7080s
   Movie: Stuber | Runtime: 93m | Duration: 6180s
   Movie: Sinister | Runtime: 110m | Duration: 7200s
   Movie: A.I. Artificial Intelligence | Runtime: 146m | Duration: 9360s
   Movie: Alien: Romulus | Runtime: 119m | Duration: 7740s
   Movie: The Woman in Cabin 10 | Runtime: 95m | Duration: 6300s
   Movie: Wanted | Runtime: 110m | Duration: 7200s
   Movie: Ocean's Eight | Runtime: 111m | Duration: 7260s
   Movie: Joker | Runtime: 122m | Duration: 7920s
   Movie: Catch Me If You Can | Runtime: 141m | Duration: 9060s
   Movie: Evil Dead 2 | Runtime: 96m | Duration: 6360s
   Movie: Cargo | Runtime: 105m | Duration: 6900s
   Movie: Barbie | Runtime: 114m | Duration: 7440s
   Movie: Mad Max: Fury Road | Runtime: 121m | Duration: 7860s
   Movie: Batman Returns | Runtime: 126m | Duration: 8160s
   Movie: The Naked Gun | Runtime: 85m | Duration: 5700s
   Movie: Cool Runnings | Runtime: 98m | Duration: 6480s
   Movie: Fractured | Runtime: 101m | Duration: 6660s
   Movie: Bugonia | Runtime: 119m | Duration: 7740s
   Movie: Shooter | Runtime: 124m | Duration: 8040s
   Movie: Contact | Runtime: 150m | Duration: 9600s
   Movie: Road House | Runtime: 121m | Duration: 7860s
   Movie: Deja Vu | Runtime: 126m | Duration: 8160s
   Movie: Southpaw | Runtime: 123m | Duration: 7980s
   Movie: Silent Night | Runtime: 104m | Duration: 6840s
   Movie: Casino Royale | Runtime: 144m | Duration: 9240s
   Movie: The Running Man | Runtime: 133m | Duration: 8580s
   Movie: The Covenant | Runtime: 123m | Duration: 7980s
   Movie: Bad Boys for Life | Runtime: 124m | Duration: 8040s
   Movie: Blade: Trinity | Runtime: 123m | Duration: 7980s
   Movie: Freaky Tales | Runtime: 107m | Duration: 7020s
   Movie: The Fantastic Four: First Steps | Runtime: 115m | Duration: 7500s
   Movie: Together | Runtime: 102m | Duration: 6720s
   Movie: Fast & Furious Presents: Hobbs & Shaw | Runtime: 137m | Duration: 8820s
   Movie: No Country for Old Men | Runtime: 122m | Duration: 7920s
   Movie: Top Gun: Maverick | Runtime: 131m | Duration: 8460s
   Movie: No Escape | Runtime: 103m | Duration: 6780s
   Movie: The Exorcist | Runtime: 122m | Duration: 7920s
   Movie: Die Hard | Runtime: 132m | Duration: 8520s
   Movie: The Smashing Machine | Runtime: 123m | Duration: 7980s
   Movie: Fruitvale Station | Runtime: 82m | Duration: 5520s
   Movie: Playdate | Runtime: 93m | Duration: 6180s
   Movie: Presence | Runtime: 84m | Duration: 5640s
   Movie: Fracture | Runtime: 113m | Duration: 7380s
   Movie: Plane | Runtime: 107m | Duration: 7020s
   Movie: Venom: Let There Be Carnage | Runtime: 97m | Duration: 6420s
   Movie: Pulp Fiction | Runtime: 154m | Duration: 9840s
   Movie: Men in Black | Runtime: 98m | Duration: 6480s
   Movie: Batman v Superman: Dawn of Justice | Runtime: 152m | Duration: 9720s
   Movie: Thir13en Ghosts | Runtime: 91m | Duration: 6060s
   Movie: Ma | Runtime: 99m | Duration: 6540s
   Movie: Descendants 2 | Runtime: 111m | Duration: 7260s
   Movie: The Orphanage | Runtime: 105m | Duration: 6900s
   Movie: It | Runtime: 135m | Duration: 8700s
   Movie: The Prestige | Runtime: 130m | Duration: 8400s
   Movie: Bring Her Back | Runtime: 104m | Duration: 6840s
   Movie: Tower Heist | Runtime: 104m | Duration: 6840s
   Movie: Pirates of the Caribbean: On Stranger Tides | Runtime: 136m | Duration: 8760s
   Movie: The Dark Knight Rises | Runtime: 165m | Duration: 10500s
   Movie: Escape Room | Runtime: 99m | Duration: 6540s
   Movie: A Bronx Tale | Runtime: 121m | Duration: 7860s
   Movie: Kill Bill: Vol. 1 | Runtime: 111m | Duration: 7260s
   Movie: Wonder Woman | Runtime: 141m | Duration: 9060s
   Movie: Her | Runtime: 126m | Duration: 8160s
   Movie: Deadpool & Wolverine | Runtime: 128m | Duration: 8280s
   Movie: The Prey | Runtime: 102m | Duration: 6720s
   Movie: Smokin' Aces | Runtime: 109m | Duration: 7140s
   Movie: Central Intelligence | Runtime: 107m | Duration: 7020s
   Movie: War of the Worlds | Runtime: 117m | Duration: 7620s
   Movie: The Avengers | Runtime: 143m | Duration: 9180s
   Movie: Borderlands | Runtime: 101m | Duration: 6660s
   Movie: The Jacket | Runtime: 103m | Duration: 6780s
   Movie: John Wick: Chapter 3 - Parabellum | Runtime: 131m | Duration: 8460s
   Movie: Gone Girl | Runtime: 149m | Duration: 9540s
   Movie: Taken 2 | Runtime: 91m | Duration: 6060s
🎬 Live Event: Colombiana
   Metadata runtime: 108 min
   Calculated duration: 118 minutes
📅 Schedule Updated:
   Live: Colombiana
   Progress: 3386s / 7080s
🔌 SocialService: Connecting to global presence...
🔌 Connecting to Supabase Realtime: wss://nhvsojszwfvcinkyvzmf.supabase.co/realtime/v1/websocket
✅ Connected to Supabase Realtime
🔍 Supabase Response for /rooms: [{"id":"event_tt1657507","name":"Colombiana","host_user_id":"96e01cdb-36c0-4228-a6e4-a29a3c66bc8e","host_username":"RedLemon Events","stream_hash":"2b232fa1ede15105ef93571ed154f094281b0d9b","imdb_id":"tt1657507","poster_url":"https://images.metahub.space/poster/small/tt1657507/img","backdrop_url":"https://images.metahub.space/background/medium/tt1657507/img","playback_position":0,"is_playing":false,"participants_count":2,"max_participants":50,"is_public":true,"created_at":"2025-12-10T12:58:39.303069","last_activity":"2025-12-10T13:03:13.287082","season":null,"episode":null,"selected_quality":null,"selected_file_idx":null,"unlocked_stream_url":null,"description":null,"current_playlist_index":0,"playlist":[]}]
🔍 Supabase Response for /rooms: []
🔍 Supabase Response for /rooms: []
📡 Joined channel: realtime:global-presence
✅ SocialService: Connected to global presence
🔌 SocialService: Connecting to DM channel...
🔌 Connecting to Supabase Realtime: wss://nhvsojszwfvcinkyvzmf.supabase.co/realtime/v1/websocket
✅ Connected to Supabase Realtime
🔍 Supabase Response for /rooms: []
📨 Received: {"ref":"E412779E-2BF2-4605-8578-348F80CA1DCB","event":"phx_reply","payload":{"status":"ok","response":{"postgres_changes":[]}},"topic":"realtime:global-presence"}
📨 Received: {"ref":null,"event":"presence_state","payload":{"07787576-d5d1-11f0-8a41-0a58a9feac02":{"metas":[{"phx_ref":"GH_fl0yXbF9vnazG","last_seen":"2025-12-10T14:03:39Z","status":"online","user_id":"96E01CDB-36C0-4228-A6E4-A29A3C66BC8E","username":"lemontom"}]}},"topic":"realtime:global-presence"}
📨 Received: {"ref":"1","event":"phx_reply","payload":{"status":"ok","response":{}},"topic":"realtime:global-presence"}
📨 Received: {"ref":null,"event":"presence_diff","payload":{"joins":{"23a6b1fe-d5d1-11f0-a7b8-0a58a9feac02":{"metas":[{"phx_ref":"GH_fok6mSDfrP7jB","last_seen":"2025-12-10T14:04:27Z","status":"online","user_id":"656DAA91-33B4-4688-9135-C982EA52D7C9","username":"ursinho"}]}},"leaves":{}},"topic":"realtime:global-presence"}
📡 Joined channel: realtime:direct_messages
✅ SocialService: Connected to DM channel
📨 Received: {"ref":"6A0D0626-CE7E-45C7-B1A3-D592018EB978","event":"phx_reply","payload":{"status":"ok","response":{"postgres_changes":[{"id":102443684,"event":"INSERT","filter":"receiver_id=eq.656DAA91-33B4-4688-9135-C982EA52D7C9","schema":"public","table":"direct_messages"},{"id":49850706,"event":"INSERT","filter":"sender_id=eq.656DAA91-33B4-4688-9135-C982EA52D7C9","schema":"public","table":"direct_messages"}]}},"topic":"realtime:direct_messages"}
📨 Received: {"ref":null,"event":"system","payload":{"message":"Subscribed to PostgreSQL","status":"ok","extension":"postgres_changes","channel":"direct_messages"},"topic":"realtime:direct_messages"}
📨 Unknown event: system
📨 Received: {"ref":null,"event":"presence_state","payload":{},"topic":"realtime:direct_messages"}
🔍 Manual update check requested...
⏰ TimeService: Synchronizing clock with server...
✅ TimeService: Synced! Offset: 0.020s (RTT: 75ms)
   Local:  2025-12-10 14:04:28 +0000
   Server: 2025-12-10 14:04:28 +0000
⏰ Time synced with server! Recalculating schedule...
   Movie: Pacific Rim | Runtime: 131m | Duration: 8460s
   Movie: Harry Potter and the Sorcerer's Stone | Runtime: 152m | Duration: 9720s
   Movie: Stigmata | Runtime: 103m | Duration: 6780s
   Movie: Deadpool 2 | Runtime: 120m | Duration: 7800s
   Movie: Split | Runtime: 117m | Duration: 7620s
   Movie: Oldboy | Runtime: 104m | Duration: 6840s
   Movie: Pirates of the Caribbean: The Curse of the Black Pearl | Runtime: 143m | Duration: 9180s
   Movie: Goodfellas | Runtime: 145m | Duration: 9300s
   Movie: The Expendables 4 | Runtime: 103m | Duration: 6780s
   Movie: Captain America: Civil War | Runtime: 147m | Duration: 9420s
   Movie: Avengers: Age of Ultron | Runtime: 141m | Duration: 9060s
   Movie: Doctor Strange in the Multiverse of Madness | Runtime: 126m | Duration: 8160s
   Movie: Anaconda | Runtime: 84m | Duration: 5640s
   Movie: Kraven the Hunter | Runtime: 127m | Duration: 8220s
   Movie: Thor: Ragnarok | Runtime: 131m | Duration: 8460s
   Movie: Se7en | Runtime: 127m | Duration: 8220s
   Movie: xXx: Return of Xander Cage | Runtime: 107m | Duration: 7020s
   Movie: The Expendables 3 | Runtime: 126m | Duration: 8160s
   Movie: Indiana Jones and the Dial of Destiny | Runtime: 155m | Duration: 9900s
   Movie: Flubber | Runtime: 93m | Duration: 6180s
   Movie: The Simpsons Movie | Runtime: 87m | Duration: 5820s
   Movie: Black Water | Runtime: 105m | Duration: 6900s
   Movie: Shrek 5 | Runtime: 120m | Duration: 7800s
   Movie: Apocalypse Now | Runtime: 147m | Duration: 9420s
   Movie: Tron: Legacy | Runtime: 126m | Duration: 8160s
   Movie: White Chicks | Runtime: 109m | Duration: 7140s
   Movie: The Mummy Returns | Runtime: 130m | Duration: 8400s
   Movie: Cast Away | Runtime: 143m | Duration: 9180s
   Movie: The Sixth Sense | Runtime: 107m | Duration: 7020s
   Movie: Lucy | Runtime: 89m | Duration: 5940s
   Movie: Aliens | Runtime: 137m | Duration: 8820s
   Movie: The Hunger Games: The Ballad of Songbirds & Snakes | Runtime: 157m | Duration: 10020s
   Movie: Jurassic World: Fallen Kingdom | Runtime: 129m | Duration: 8340s
   Movie: Death Race | Runtime: 105m | Duration: 6900s
   Movie: Silent Hill | Runtime: 125m | Duration: 8100s
   Movie: Monsters, Inc. | Runtime: 92m | Duration: 6120s
   Movie: Bad Boys II | Runtime: 146m | Duration: 9360s
   Movie: The Conjuring 2 | Runtime: 134m | Duration: 8640s
   Movie: Nope | Runtime: 130m | Duration: 8400s
   Movie: Harry Potter and the Goblet of Fire | Runtime: 157m | Duration: 10020s
   Movie: Blind Fury | Runtime: 86m | Duration: 5760s
   Movie: Thor | Runtime: 115m | Duration: 7500s
   Movie: 28 Years Later | Runtime: 115m | Duration: 7500s
   Movie: Despicable Me | Runtime: 95m | Duration: 6300s
   Movie: Black Swan | Runtime: 109m | Duration: 7140s
   Movie: Iron Man 2 | Runtime: 124m | Duration: 8040s
   Movie: Bullet Train | Runtime: 126m | Duration: 8160s
   Movie: The Pacifier | Runtime: 95m | Duration: 6300s
   Movie: Avengers: Endgame | Runtime: 181m | Duration: 11460s
   Movie: Harry Potter and the Deathly Hallows: Part 2 | Runtime: 130m | Duration: 8400s
   Movie: Weapons | Runtime: 129m | Duration: 8340s
   Movie: Anaconda | Runtime: 120m | Duration: 7800s
   Movie: 300: Rise of an Empire | Runtime: 102m | Duration: 6720s
   Movie: V for Vendetta | Runtime: 132m | Duration: 8520s
   Movie: Shrek the Third | Runtime: 93m | Duration: 6180s
   Movie: The Mummy: Tomb of the Dragon Emperor | Runtime: 112m | Duration: 7320s
   Movie: Memento | Runtime: 113m | Duration: 7380s
   Movie: Parasite | Runtime: 133m | Duration: 8580s
   Movie: Hereditary | Runtime: 128m | Duration: 8280s
   Movie: The Amazing Spider-Man 2 | Runtime: 141m | Duration: 9060s
   Movie: Monster | Runtime: 125m | Duration: 8100s
   Movie: Apocalypto | Runtime: 139m | Duration: 8940s
   Movie: Face/Off | Runtime: 139m | Duration: 8940s
   Movie: Jurassic World: Rebirth | Runtime: 134m | Duration: 8640s
   Movie: Top Gun | Runtime: 110m | Duration: 7200s
   Movie: The Menu | Runtime: 107m | Duration: 7020s
   Movie: Terminator Salvation | Runtime: 115m | Duration: 7500s
   Movie: Scouts Guide to the Zombie Apocalypse | Runtime: 93m | Duration: 6180s
   Movie: Civil War | Runtime: 109m | Duration: 7140s
   Movie: American History X | Runtime: 119m | Duration: 7740s
   Movie: We're the Millers | Runtime: 110m | Duration: 7200s
   Movie: Renfield | Runtime: 93m | Duration: 6180s
   Movie: Dracula | Runtime: 130m | Duration: 8400s
   Movie: Kung Fu Hustle | Runtime: 99m | Duration: 6540s
   Movie: Colombiana | Runtime: 108m | Duration: 7080s
   Movie: Night at the Museum | Runtime: 108m | Duration: 7080s
   Movie: MaXXXine | Runtime: 103m | Duration: 6780s
   Movie: Scooby-Doo | Runtime: 87m | Duration: 5820s
   Movie: Get Carter | Runtime: 102m | Duration: 6720s
   Movie: Saltburn | Runtime: 131m | Duration: 8460s
   Movie: Dune: Part Two | Runtime: 167m | Duration: 10620s
   Movie: Spider-Man 3 | Runtime: 139m | Duration: 8940s
   Movie: Turtles All the Way Down | Runtime: 111m | Duration: 7260s
   Movie: Terminator Genisys | Runtime: 126m | Duration: 8160s
   Movie: John Wick: Chapter 2 | Runtime: 122m | Duration: 7920s
   Movie: 8MM | Runtime: 123m | Duration: 7980s
   Movie: Godzilla x Kong: The New Empire | Runtime: 115m | Duration: 7500s
   Movie: Final Destination: Bloodlines | Runtime: 110m | Duration: 7200s
   Movie: Pirates of the Caribbean: Dead Men Tell No Tales | Runtime: 129m | Duration: 8340s
   Movie: Prey | Runtime: 100m | Duration: 6600s
   Movie: It: Chapter Two | Runtime: 169m | Duration: 10740s
   Movie: Shrek | Runtime: 90m | Duration: 6000s
   Movie: Now You See Me | Runtime: 116m | Duration: 7560s
   Movie: Jurassic World | Runtime: 124m | Duration: 8040s
   Movie: Drive | Runtime: 100m | Duration: 6600s
   Movie: The Emperor's New Groove | Runtime: 78m | Duration: 5280s
   Movie: Venom | Runtime: 112m | Duration: 7320s
   Movie: Transformers: Age of Extinction | Runtime: 165m | Duration: 10500s
   Movie: Shaft | Runtime: 99m | Duration: 6540s
   Movie: A Quiet Place: Day One | Runtime: 100m | Duration: 6600s
   Movie: The Hunger Games: Mockingjay - Part 1 | Runtime: 123m | Duration: 7980s
   Movie: Black Hawk Down | Runtime: 145m | Duration: 9300s
   Movie: Oldboy | Runtime: 120m | Duration: 7800s
   Movie: Alien³ | Runtime: 114m | Duration: 7440s
   Movie: The Strangers: Chapter 2 | Runtime: 98m | Duration: 6480s
   Movie: The Hunger Games: Mockingjay - Part 2 | Runtime: 137m | Duration: 8820s
   Movie: Fury | Runtime: 135m | Duration: 8700s
   Movie: Rush Hour 3 | Runtime: 90m | Duration: 6000s
   Movie: Avatar | Runtime: 162m | Duration: 10320s
   Movie: Jumanji: The Next Level | Runtime: 123m | Duration: 7980s
   Movie: The Matrix Reloaded | Runtime: 138m | Duration: 8880s
   Movie: Hostel | Runtime: 94m | Duration: 6240s
   Movie: The Green Mile | Runtime: 189m | Duration: 11940s
   Movie: Gladiator II | Runtime: 148m | Duration: 9480s
   Movie: The Nun II | Runtime: 110m | Duration: 7200s
   Movie: The Conjuring: Last Rites | Runtime: 136m | Duration: 8760s
   Movie: Blade Runner 2049 | Runtime: 164m | Duration: 10440s
   Movie: Deadpool | Runtime: 108m | Duration: 7080s
   Movie: The Lord of the Rings: The Return of the King | Runtime: 201m | Duration: 12660s
   Movie: RED | Runtime: 111m | Duration: 7260s
   Movie: Elf | Runtime: 97m | Duration: 6420s
   Movie: X | Runtime: 106m | Duration: 6960s
   Movie: The Martian | Runtime: 141m | Duration: 9060s
   Movie: Mad Max | Runtime: 91m | Duration: 6060s
   Movie: Ready Player One | Runtime: 140m | Duration: 9000s
   Movie: Waterworld | Runtime: 135m | Duration: 8700s
   Movie: Blue Streak | Runtime: 93m | Duration: 6180s
   Movie: The Lord of the Rings: The Fellowship of the Ring | Runtime: 179m | Duration: 11340s
   Movie: Insidious | Runtime: 102m | Duration: 6720s
   Movie: Harry Potter and the Half-Blood Prince | Runtime: 153m | Duration: 9780s
   Movie: Troy | Runtime: 163m | Duration: 10380s
   Movie: Fargo | Runtime: 98m | Duration: 6480s
   Movie: Final Destination 3 | Runtime: 92m | Duration: 6120s
   Movie: Now You See Me 2 | Runtime: 129m | Duration: 8340s
   Movie: Ninja Assassin | Runtime: 99m | Duration: 6540s
   Movie: Scarface | Runtime: 170m | Duration: 10800s
   Movie: Shrek 2 | Runtime: 92m | Duration: 6120s
   Movie: 24: Redemption | Runtime: 102m | Duration: 6720s
   Movie: Die Hard 2 | Runtime: 124m | Duration: 8040s
   Movie: 28 Days Later | Runtime: 113m | Duration: 7380s
   Movie: Four Brothers | Runtime: 109m | Duration: 7140s
   Movie: Real Steel | Runtime: 127m | Duration: 8220s
   Movie: The Hobbit: The Desolation of Smaug | Runtime: 161m | Duration: 10260s
   Movie: The Terminator | Runtime: 108m | Duration: 7080s
   Movie: Psycho | Runtime: 109m | Duration: 7140s
   Movie: Baghead | Runtime: 95m | Duration: 6300s
   Movie: Carry-On | Runtime: 120m | Duration: 7800s
   Movie: The Suicide Squad | Runtime: 132m | Duration: 8520s
   Movie: 2012 | Runtime: 158m | Duration: 10080s
   Movie: Shutter Island | Runtime: 138m | Duration: 8880s
   Movie: Iron Man | Runtime: 126m | Duration: 8160s
   Movie: Pirates of the Caribbean: At World's End | Runtime: 169m | Duration: 10740s
   Movie: Black Phone 2 | Runtime: 114m | Duration: 7440s
   Movie: District 9 | Runtime: 112m | Duration: 7320s
   Movie: Kingdom of the Planet of the Apes | Runtime: 145m | Duration: 9300s
   Movie: Nobody | Runtime: 91m | Duration: 6060s
   Movie: Edge of Tomorrow | Runtime: 114m | Duration: 7440s
   Movie: Karate Kid: Legends | Runtime: 94m | Duration: 6240s
   Movie: The Fall Guy | Runtime: 127m | Duration: 8220s
   Movie: Harry Potter and the Chamber of Secrets | Runtime: 161m | Duration: 10260s
   Movie: Snatch | Runtime: 90m | Duration: 6000s
   Movie: Venom: The Last Dance | Runtime: 109m | Duration: 7140s
   Movie: The Illusionist | Runtime: 110m | Duration: 7200s
   Movie: Transformers One | Runtime: 104m | Duration: 6840s
   Movie: The Mummy | Runtime: 124m | Duration: 8040s
   Movie: Predator: Badlands | Runtime: 107m | Duration: 7020s
   Movie: Paranormal Activity | Runtime: 86m | Duration: 5760s
   Movie: F1: The Movie | Runtime: 156m | Duration: 9960s
   Movie: John Wick: Chapter 4 | Runtime: 170m | Duration: 10800s
   Movie: Mickey 17 | Runtime: 137m | Duration: 8820s
   Movie: Despicable Me 2 | Runtime: 98m | Duration: 6480s
   Movie: Madagascar: Escape 2 Africa | Runtime: 89m | Duration: 5940s
   Movie: Frankenstein | Runtime: 150m | Duration: 9600s
   Movie: Gattaca | Runtime: 107m | Duration: 7020s
   Movie: The Amazing Spider-Man | Runtime: 136m | Duration: 8760s
   Movie: Furiosa: A Mad Max Saga | Runtime: 149m | Duration: 9540s
   Movie: Nobody 2 | Runtime: 89m | Duration: 5940s
   Movie: Everything Everywhere All at Once | Runtime: 140m | Duration: 9000s
   Movie: The Shining | Runtime: 144m | Duration: 9240s
   Movie: The Hobbit: An Unexpected Journey | Runtime: 169m | Duration: 10740s
   Movie: Dogma | Runtime: 130m | Duration: 8400s
   Movie: Inside Man | Runtime: 129m | Duration: 8340s
   Movie: The Batman | Runtime: 177m | Duration: 11220s
   Movie: Eyes Wide Shut | Runtime: 159m | Duration: 10140s
   Movie: Sinners | Runtime: 138m | Duration: 8880s
   Movie: Alien | Runtime: 117m | Duration: 7620s
   Movie: Mystery Men | Runtime: 121m | Duration: 7860s
   Movie: King Kong | Runtime: 188m | Duration: 11880s
   Movie: Kung Fu Panda 2 | Runtime: 91m | Duration: 6060s
   Movie: Mission: Impossible - Fallout | Runtime: 147m | Duration: 9420s
   Movie: Incredibles 2 | Runtime: 118m | Duration: 7680s
   Movie: The Equalizer 3 | Runtime: 109m | Duration: 7140s
   Movie: Thunderbolts* | Runtime: 127m | Duration: 8220s
   Movie: Get Out | Runtime: 104m | Duration: 6840s
   Movie: Godzilla: King of the Monsters | Runtime: 132m | Duration: 8520s
   Movie: Tron: Ares | Runtime: 119m | Duration: 7740s
   Movie: Jurassic World: Dominion | Runtime: 147m | Duration: 9420s
   Movie: Raiders of the Lost Ark | Runtime: 115m | Duration: 7500s
   Movie: The Negotiator | Runtime: 140m | Duration: 9000s
   Movie: Gladiator | Runtime: 155m | Duration: 9900s
   Movie: Between Worlds | Runtime: 90m | Duration: 6000s
   Movie: Training Day | Runtime: 122m | Duration: 7920s
   Movie: Harry Potter and the Deathly Hallows: Part 1 | Runtime: 146m | Duration: 9360s
   Movie: Smile | Runtime: 115m | Duration: 7500s
   Movie: Constantine | Runtime: 121m | Duration: 7860s
   Movie: Annabelle Comes Home | Runtime: 106m | Duration: 6960s
   Movie: Shaolin Soccer | Runtime: 113m | Duration: 7380s
   Movie: Kill Bill: The Whole Bloody Affair | Runtime: 247m | Duration: 15420s
   Movie: The Marvels | Runtime: 105m | Duration: 6900s
   Movie: The Usual Suspects | Runtime: 106m | Duration: 6960s
   Movie: Mission: Impossible - Dead Reckoning Part One | Runtime: 164m | Duration: 10440s
   Movie: Candyman | Runtime: 91m | Duration: 6060s
   Movie: Thor: Love and Thunder | Runtime: 119m | Duration: 7740s
   Movie: Night at the Museum: Secret of the Tomb | Runtime: 98m | Duration: 6480s
   Movie: Dawn of the Planet of the Apes | Runtime: 130m | Duration: 8400s
   Movie: Harry Potter and the Prisoner of Azkaban | Runtime: 141m | Duration: 9060s
   Movie: Johnny English | Runtime: 87m | Duration: 5820s
   Movie: Scream | Runtime: 112m | Duration: 7320s
   Movie: Little Man | Runtime: 98m | Duration: 6480s
   Movie: Furious 7 | Runtime: 139m | Duration: 8940s
   Movie: Wild Hogs | Runtime: 100m | Duration: 6600s
   Movie: Dune: Part One | Runtime: 155m | Duration: 9900s
   Movie: The Incredible Hulk | Runtime: 114m | Duration: 7440s
   Movie: Batman Begins | Runtime: 140m | Duration: 9000s
   Movie: Man of Steel | Runtime: 143m | Duration: 9180s
   Movie: The Conjuring | Runtime: 112m | Duration: 7320s
   Movie: Five Nights at Freddy's | Runtime: 110m | Duration: 7200s
   Movie: Shrek Forever After | Runtime: 93m | Duration: 6180s
   Movie: M3GAN 2.0 | Runtime: 120m | Duration: 7800s
   Movie: Underworld | Runtime: 122m | Duration: 7920s
   Movie: Pirates of the Caribbean: Dead Man's Chest | Runtime: 151m | Duration: 9660s
   Movie: Iron Man 3 | Runtime: 130m | Duration: 8400s
   Movie: The Departed | Runtime: 151m | Duration: 9660s
   Movie: Mission: Impossible - The Final Reckoning | Runtime: 170m | Duration: 10800s
   Movie: Annabelle | Runtime: 99m | Duration: 6540s
   Movie: Him | Runtime: 96m | Duration: 6360s
   Movie: Van Helsing | Runtime: 132m | Duration: 8520s
   Movie: The Conjuring: The Devil Made Me Do It | Runtime: 111m | Duration: 7260s
   Movie: The Fan | Runtime: 116m | Duration: 7560s
   Movie: Napoleon | Runtime: 158m | Duration: 10080s
   Movie: 1917 | Runtime: 119m | Duration: 7740s
   Movie: I Am Legend | Runtime: 101m | Duration: 6660s
   Movie: Arrival | Runtime: 116m | Duration: 7560s
   Movie: Joker: Folie à Deux | Runtime: 138m | Duration: 8880s
   Movie: Back to the Future Part II | Runtime: 108m | Duration: 7080s
   Movie: Old | Runtime: 108m | Duration: 7080s
   Movie: The Wolf of Wall Street | Runtime: 180m | Duration: 11400s
   Movie: Surrogates | Runtime: 89m | Duration: 5940s
   Movie: The Fifth Element | Runtime: 126m | Duration: 8160s
   Movie: Girls Trip | Runtime: 122m | Duration: 7920s
   Movie: World War Z | Runtime: 116m | Duration: 7560s
   Movie: Heretic | Runtime: 111m | Duration: 7260s
   Movie: Inglourious Basterds | Runtime: 153m | Duration: 9780s
   Movie: Logan | Runtime: 137m | Duration: 8820s
   Movie: Man on Fire | Runtime: 146m | Duration: 9360s
   Movie: Smile 2 | Runtime: 127m | Duration: 8220s
   Movie: Evil Dead Rise | Runtime: 96m | Duration: 6360s
   Movie: Harry Potter and the Order of the Phoenix | Runtime: 138m | Duration: 8880s
   Movie: Predator 2 | Runtime: 108m | Duration: 7080s
   Movie: Saw | Runtime: 103m | Duration: 6780s
   Movie: Abigail | Runtime: 109m | Duration: 7140s
   Movie: Interstellar | Runtime: 169m | Duration: 10740s
   Movie: Taken | Runtime: 94m | Duration: 6240s
   Movie: The Drop | Runtime: 106m | Duration: 6960s
   Movie: Aquaman | Runtime: 143m | Duration: 9180s
   Movie: The Monkey | Runtime: 97m | Duration: 6420s
   Movie: The Faculty | Runtime: 104m | Duration: 6840s
   Movie: Home Alone 2: Lost in New York | Runtime: 120m | Duration: 7800s
   Movie: Cloud Atlas | Runtime: 172m | Duration: 10920s
   Movie: Avengers: Infinity War | Runtime: 149m | Duration: 9540s
   Movie: Scary Movie 2 | Runtime: 82m | Duration: 5520s
   Movie: Chronicle | Runtime: 84m | Duration: 5640s
   Movie: Back to the Future | Runtime: 116m | Duration: 7560s
   Movie: The Black Phone | Runtime: 103m | Duration: 6780s
   Movie: The Mask | Runtime: 101m | Duration: 6660s
   Movie: Meet the Robinsons | Runtime: 95m | Duration: 6300s
   Movie: Orphan | Runtime: 122m | Duration: 7920s
   Movie: Terminator 2: Judgment Day | Runtime: 137m | Duration: 8820s
   Movie: Bad Boys | Runtime: 119m | Duration: 7740s
   Movie: Fast X | Runtime: 142m | Duration: 9120s
   Movie: The Matrix | Runtime: 136m | Duration: 8760s
   Movie: Nosferatu | Runtime: 133m | Duration: 8580s
   Movie: Transformers: Rise of the Beasts | Runtime: 127m | Duration: 8220s
   Movie: It Follows | Runtime: 101m | Duration: 6660s
   Movie: Godzilla | Runtime: 139m | Duration: 8940s
   Movie: Fight Club | Runtime: 139m | Duration: 8940s
   Movie: Jingle All the Way | Runtime: 89m | Duration: 5940s
   Movie: The Super Mario Bros. Movie | Runtime: 93m | Duration: 6180s
   Movie: Candyman | Runtime: 100m | Duration: 6600s
   Movie: A Minecraft Movie | Runtime: 120m | Duration: 7800s
   Movie: The Substance | Runtime: 141m | Duration: 9060s
   Movie: Safe House | Runtime: 90m | Duration: 6000s
   Movie: War of the Worlds | Runtime: 91m | Duration: 6060s
   Movie: Companion | Runtime: 97m | Duration: 6420s
   Movie: Spider-Man | Runtime: 121m | Duration: 7860s
   Movie: Taken 3 | Runtime: 109m | Duration: 7140s
   Movie: Conan the Barbarian | Runtime: 130m | Duration: 8400s
   Movie: Mr. & Mrs. Smith | Runtime: 120m | Duration: 7800s
   Movie: The Maze Runner | Runtime: 113m | Duration: 7380s
   Movie: The Medallion | Runtime: 88m | Duration: 5880s
   Movie: Predator | Runtime: 107m | Duration: 7020s
   Movie: Ballerina | Runtime: 125m | Duration: 8100s
   Movie: Predators | Runtime: 107m | Duration: 7020s
   Movie: Hot Fuzz | Runtime: 121m | Duration: 7860s
   Movie: The Nun | Runtime: 96m | Duration: 6360s
   Movie: Cobweb | Runtime: 88m | Duration: 5880s
   Movie: Wild Things | Runtime: 108m | Duration: 7080s
   Movie: The Matrix Resurrections | Runtime: 147m | Duration: 9420s
   Movie: Riddick | Runtime: 119m | Duration: 7740s
   Movie: Train to Busan | Runtime: 118m | Duration: 7680s
   Movie: War 2 | Runtime: 173m | Duration: 10980s
   Movie: The Big Lebowski | Runtime: 117m | Duration: 7620s
   Movie: The Lord of the Rings: The Two Towers | Runtime: 179m | Duration: 11340s
   Movie: Resident Evil: Red Falls | Runtime: 53m | Duration: 3780s
   Movie: Inside Out 2 | Runtime: 97m | Duration: 6420s
   Movie: Signs | Runtime: 106m | Duration: 6960s
   Movie: The Barbarian | Runtime: 83m | Duration: 5580s
   Movie: The Karate Kid | Runtime: 140m | Duration: 9000s
   Movie: Taxi Driver | Runtime: 114m | Duration: 7440s
   Movie: Inception | Runtime: 148m | Duration: 9480s
   Movie: War | Runtime: 103m | Duration: 6780s
   Movie: Avatar: The Way of Water | Runtime: 192m | Duration: 12120s
   Movie: Code 3 | Runtime: 100m | Duration: 6600s
   Movie: The Hobbit: The Battle of the Five Armies | Runtime: 144m | Duration: 9240s
   Movie: Captain America: Brave New World | Runtime: 119m | Duration: 7740s
   Movie: Exit Wounds | Runtime: 101m | Duration: 6660s
   Movie: Snatch | Runtime: 103m | Duration: 6780s
   Movie: Triangle | Runtime: 98m | Duration: 6480s
   Movie: The Godfather Part III | Runtime: 162m | Duration: 10320s
   Movie: Creed | Runtime: 133m | Duration: 8580s
   Movie: The Godfather Part II | Runtime: 202m | Duration: 12720s
   Movie: Longlegs | Runtime: 101m | Duration: 6660s
   Movie: The Godfather | Runtime: 175m | Duration: 11100s
   Movie: The Last Samurai | Runtime: 154m | Duration: 9840s
   Movie: The Dark Knight | Runtime: 152m | Duration: 9720s
   Movie: Guardians of the Galaxy Vol. 3 | Runtime: 150m | Duration: 9600s
   Movie: The Equalizer | Runtime: 132m | Duration: 8520s
   Movie: The Imitation Game | Runtime: 113m | Duration: 7380s
   Movie: Joe Dirt | Runtime: 91m | Duration: 6060s
   Movie: X-Men: Days of Future Past | Runtime: 132m | Duration: 8520s
   Movie: Rush Hour | Runtime: 97m | Duration: 6420s
   Movie: Guardians of the Galaxy Vol. 2 | Runtime: 137m | Duration: 8820s
   Movie: The Hunger Games: Catching Fire | Runtime: 146m | Duration: 9360s
   Movie: The Parent Trap | Runtime: 128m | Duration: 8280s
   Movie: The Accountant 2 | Runtime: 133m | Duration: 8580s
   Movie: xXx | Runtime: 124m | Duration: 8040s
   Movie: A Haunted House 2 | Runtime: 87m | Duration: 5820s
   Movie: Aliens vs. Predator: Requiem | Runtime: 94m | Duration: 6240s
   Movie: Blade Runner | Runtime: 118m | Duration: 7680s
   Movie: Baby Boy | Runtime: 130m | Duration: 8400s
   Movie: 2001: A Space Odyssey | Runtime: 149m | Duration: 9540s
   Movie: Léon: The Professional | Runtime: 111m | Duration: 7260s
   Movie: The Long Walk | Runtime: 108m | Duration: 7080s
   Movie: Stuber | Runtime: 93m | Duration: 6180s
   Movie: Sinister | Runtime: 110m | Duration: 7200s
   Movie: A.I. Artificial Intelligence | Runtime: 146m | Duration: 9360s
   Movie: Alien: Romulus | Runtime: 119m | Duration: 7740s
   Movie: The Woman in Cabin 10 | Runtime: 95m | Duration: 6300s
   Movie: Wanted | Runtime: 110m | Duration: 7200s
   Movie: Ocean's Eight | Runtime: 111m | Duration: 7260s
   Movie: Joker | Runtime: 122m | Duration: 7920s
   Movie: Catch Me If You Can | Runtime: 141m | Duration: 9060s
   Movie: Evil Dead 2 | Runtime: 96m | Duration: 6360s
   Movie: Cargo | Runtime: 105m | Duration: 6900s
   Movie: Barbie | Runtime: 114m | Duration: 7440s
   Movie: Mad Max: Fury Road | Runtime: 121m | Duration: 7860s
   Movie: Batman Returns | Runtime: 126m | Duration: 8160s
   Movie: The Naked Gun | Runtime: 85m | Duration: 5700s
   Movie: Cool Runnings | Runtime: 98m | Duration: 6480s
   Movie: Fractured | Runtime: 101m | Duration: 6660s
   Movie: Bugonia | Runtime: 119m | Duration: 7740s
   Movie: Shooter | Runtime: 124m | Duration: 8040s
   Movie: Contact | Runtime: 150m | Duration: 9600s
   Movie: Road House | Runtime: 121m | Duration: 7860s
   Movie: Deja Vu | Runtime: 126m | Duration: 8160s
   Movie: Southpaw | Runtime: 123m | Duration: 7980s
   Movie: Silent Night | Runtime: 104m | Duration: 6840s
   Movie: Casino Royale | Runtime: 144m | Duration: 9240s
   Movie: The Running Man | Runtime: 133m | Duration: 8580s
   Movie: The Covenant | Runtime: 123m | Duration: 7980s
   Movie: Bad Boys for Life | Runtime: 124m | Duration: 8040s
   Movie: Blade: Trinity | Runtime: 123m | Duration: 7980s
   Movie: Freaky Tales | Runtime: 107m | Duration: 7020s
   Movie: The Fantastic Four: First Steps | Runtime: 115m | Duration: 7500s
   Movie: Together | Runtime: 102m | Duration: 6720s
   Movie: Fast & Furious Presents: Hobbs & Shaw | Runtime: 137m | Duration: 8820s
   Movie: No Country for Old Men | Runtime: 122m | Duration: 7920s
   Movie: Top Gun: Maverick | Runtime: 131m | Duration: 8460s
   Movie: No Escape | Runtime: 103m | Duration: 6780s
   Movie: The Exorcist | Runtime: 122m | Duration: 7920s
   Movie: Die Hard | Runtime: 132m | Duration: 8520s
   Movie: The Smashing Machine | Runtime: 123m | Duration: 7980s
   Movie: Fruitvale Station | Runtime: 82m | Duration: 5520s
   Movie: Playdate | Runtime: 93m | Duration: 6180s
   Movie: Presence | Runtime: 84m | Duration: 5640s
   Movie: Fracture | Runtime: 113m | Duration: 7380s
   Movie: Plane | Runtime: 107m | Duration: 7020s
   Movie: Venom: Let There Be Carnage | Runtime: 97m | Duration: 6420s
   Movie: Pulp Fiction | Runtime: 154m | Duration: 9840s
   Movie: Men in Black | Runtime: 98m | Duration: 6480s
   Movie: Batman v Superman: Dawn of Justice | Runtime: 152m | Duration: 9720s
   Movie: Thir13en Ghosts | Runtime: 91m | Duration: 6060s
   Movie: Ma | Runtime: 99m | Duration: 6540s
   Movie: Descendants 2 | Runtime: 111m | Duration: 7260s
   Movie: The Orphanage | Runtime: 105m | Duration: 6900s
   Movie: It | Runtime: 135m | Duration: 8700s
   Movie: The Prestige | Runtime: 130m | Duration: 8400s
   Movie: Bring Her Back | Runtime: 104m | Duration: 6840s
   Movie: Tower Heist | Runtime: 104m | Duration: 6840s
   Movie: Pirates of the Caribbean: On Stranger Tides | Runtime: 136m | Duration: 8760s
   Movie: The Dark Knight Rises | Runtime: 165m | Duration: 10500s
   Movie: Escape Room | Runtime: 99m | Duration: 6540s
   Movie: A Bronx Tale | Runtime: 121m | Duration: 7860s
   Movie: Kill Bill: Vol. 1 | Runtime: 111m | Duration: 7260s
   Movie: Wonder Woman | Runtime: 141m | Duration: 9060s
   Movie: Her | Runtime: 126m | Duration: 8160s
   Movie: Deadpool & Wolverine | Runtime: 128m | Duration: 8280s
   Movie: The Prey | Runtime: 102m | Duration: 6720s
   Movie: Smokin' Aces | Runtime: 109m | Duration: 7140s
   Movie: Central Intelligence | Runtime: 107m | Duration: 7020s
   Movie: War of the Worlds | Runtime: 117m | Duration: 7620s
   Movie: The Avengers | Runtime: 143m | Duration: 9180s
   Movie: Borderlands | Runtime: 101m | Duration: 6660s
   Movie: The Jacket | Runtime: 103m | Duration: 6780s
   Movie: John Wick: Chapter 3 - Parabellum | Runtime: 131m | Duration: 8460s
   Movie: Gone Girl | Runtime: 149m | Duration: 9540s
   Movie: Taken 2 | Runtime: 91m | Duration: 6060s
🎬 Live Event: Colombiana
   Metadata runtime: 108 min
   Calculated duration: 118 minutes
📅 Schedule Updated:
   Live: Colombiana
   Progress: 3388s / 7080s
🔍 Supabase Response for /rooms: [{"id":"event_tt1657507","name":"Colombiana","host_user_id":"96e01cdb-36c0-4228-a6e4-a29a3c66bc8e","host_username":"RedLemon Events","stream_hash":"2b232fa1ede15105ef93571ed154f094281b0d9b","imdb_id":"tt1657507","poster_url":"https://images.metahub.space/poster/small/tt1657507/img","backdrop_url":"https://images.metahub.space/background/medium/tt1657507/img","playback_position":0,"is_playing":false,"participants_count":2,"max_participants":50,"is_public":true,"created_at":"2025-12-10T12:58:39.303069","last_activity":"2025-12-10T13:03:13.287082","season":null,"episode":null,"selected_quality":null,"selected_file_idx":null,"unlocked_stream_url":null,"description":null,"current_playlist_index":0,"playlist":[]}]
🔍 Supabase Response for /rooms: []
🔍 Supabase Response for /rooms: []
🔍 Supabase Response for /rooms: []
🔌 RoomListView: Setting up realtime subscription for rooms...
📋 Fetching rooms from Supabase backend (offset: 0, limit: 20)...
🔌 Connecting to Supabase Realtime: wss://nhvsojszwfvcinkyvzmf.supabase.co/realtime/v1/websocket
✅ Connected to Supabase Realtime
🔍 Supabase Response for /rooms: [{"id":"EE5K","name":"Orphan","host_user_id":"96e01cdb-36c0-4228-a6e4-a29a3c66bc8e","host_username":"lemontom","stream_hash":null,"imdb_id":"tt1148204","poster_url":"https://images.metahub.space/poster/small/tt1148204/img","backdrop_url":"https://images.metahub.space/background/medium/tt1148204/img","playback_position":0,"is_playing":false,"participants_count":1,"max_participants":50,"is_public":true,"created_at":"2025-12-10T14:04:11.727338","last_activity":"2025-12-10T14:04:12","season":null,"episode":null,"selected_quality":null,"selected_file_idx":null,"unlocked_stream_url":null,"description":"Horror Marathon","current_playlist_index":0,"playlist":[{"id": "DA95C778-AD6E-4493-9E4D-D93ECEC8E6A6", "mediaItem": {"id": "tt1148204", "logo": "https://images.metahub.space/logo/medium/tt1148204/img", "name": "Orphan", "type": "movie", "year": "2009", "genres": ["Horror", "Mystery", "Thriller"], "poster": "https://images.metahub.space/poster/small/tt1148204/img", "runtime": "122 min", "background": "https://images.metahub.space/background/medium/tt1148204/img", "imdbRating": "7.0", "description": "A husband and wife who recently lost their baby adopt a 9-year-old girl who is not nearly as innocent as she appears.", "releaseInfo": "2009"}}, {"id": "CDDF53C4-11C0-4F7E-8A74-98349571032F", "mediaItem": {"id": "tt29268110", "name": "Smile 2", "type": "movie", "poster": "https://m.media-amazon.com/images/M/MV5BYTg5OTMyMGMtYzMwNC00NDMyLWE0OGUtMTQ1ODcwM2FjOTM4XkEyXkFqcGc@._V1_SX250.jpg"}}]}, 
 {"id":"event_tt1657507","name":"Colombiana","host_user_id":"96e01cdb-36c0-4228-a6e4-a29a3c66bc8e","host_username":"RedLemon Events","stream_hash":"2b232fa1ede15105ef93571ed154f094281b0d9b","imdb_id":"tt1657507","poster_url":"https://images.metahub.space/poster/small/tt1657507/img","backdrop_url":"https://images.metahub.space/background/medium/tt1657507/img","playback_position":0,"is_playing":false,"participants_count":2,"max_participants":50,"is_public":true,"created_at":"2025-12-10T12:58:39.303069","last_activity":"2025-12-10T13:03:13.287082","season":null,"episode":null,"selected_quality":null,"selected_file_idx":null,"unlocked_stream_url":null,"description":null,"current_playlist_index":0,"playlist":[]}, 
 {"id":"event_tt0373074","name":"Kung Fu Hustle","host_user_id":"96e01cdb-36c0-4228-a6e4-a29a3c66bc8e","host_username":"RedLemon Events","stream_hash":"34783b13e4266d3a15666cd8afa34d9bdd6c5be3","imdb_id":"tt0373074","poster_url":"https://images.metahub.space/poster/small/tt0373074/img","backdrop_url":"https://images.metahub.space/background/medium/tt0373074/img","playback_position":0,"is_playing":false,"participants_count":1,"max_participants":50,"is_public":true,"created_at":"2025-12-10T12:13:10.722178","last_activity":"2025-12-10T12:13:10.828963","season":null,"episode":null,"selected_quality":null,"selected_file_idx":null,"unlocked_stream_url":null,"description":null,"current_playlist_index":0,"playlist":[]}, 
 {"id":"event_tt1723121","name":"We're the Millers","host_user_id":"96e01cdb-36c0-4228-a6e4-a29a3c66bc8e","host_username":"RedLemon Events","stream_hash":"d14a2dbc1f922ab7fd7aff360757bad19a5bc665","imdb_id":"tt1723121","poster_url":"https://images.metahub.space/poster/small/tt1723121/img","backdrop_url":"https://images.metahub.space/background/medium/tt1723121/img","playback_position":0,"is_playing":false,"participants_count":2,"max_participants":50,"is_public":true,"created_at":"2025-12-10T05:38:55.791195","last_activity":"2025-12-10T06:25:37.362329","season":null,"episode":null,"selected_quality":null,"selected_file_idx":null,"unlocked_stream_url":null,"description":null,"current_playlist_index":0,"playlist":[]}, 
 {"id":"event_tt0120586","name":"American History X","host_user_id":"96e01cdb-36c0-4228-a6e4-a29a3c66bc8e","host_username":"RedLemon Events","stream_hash":"66672b822002b6f19af478fb7c886787afee5f9f","imdb_id":"tt0120586","poster_url":"https://images.metahub.space/poster/small/tt0120586/img","backdrop_url":"https://images.metahub.space/background/medium/tt0120586/img","playback_position":0,"is_playing":false,"participants_count":1,"max_participants":50,"is_public":true,"created_at":"2025-12-10T02:59:29.111766","last_activity":"2025-12-10T02:59:29.251061","season":null,"episode":null,"selected_quality":null,"selected_file_idx":null,"unlocked_stream_url":null,"description":null,"current_playlist_index":0,"playlist":[]}]
📡 Joined channel: realtime:rooms_updates
✅ RoomListView: Connected to rooms realtime updates
✅ Loaded 1 rooms (total: 1)
📨 Received: {"ref":"B5521AFD-8180-4490-AEA1-3136F11DEDDC","event":"phx_reply","payload":{"status":"ok","response":{"postgres_changes":[{"id":60402389,"event":"*","schema":"public","table":"rooms"}]}},"topic":"realtime:rooms_updates"}
📨 Received: {"ref":null,"event":"system","payload":{"message":"Subscribed to PostgreSQL","status":"ok","extension":"postgres_changes","channel":"rooms_updates"},"topic":"realtime:rooms_updates"}
📨 Unknown event: system
📨 Received: {"ref":null,"event":"presence_state","payload":{},"topic":"realtime:rooms_updates"}
[ INFO ] GET /api/metadata/meta/movie/tt1148204 [request-id: F2B61072-4913-4990-9BCF-4B9F992BA644]
2025-12-10 09:04:32.257 RedLemon[5366:45287] 📦 Decoded CinemetaMeta - videos count: 0
💾 Cache SET: Metadata[meta_movie_tt1148204]
🚪 Joining room: EE5K
   User ID: 656DAA91-33B4-4688-9135-C982EA52D7C9
   Host ID: 96E01CDB-36C0-4228-A6E4-A29A3C66BC8E
   Is host: false
   Room state: lobby
🎭 Lobby: Connecting to room EE5K...
🔄 Lobby: Fetching fresh room state from Supabase...
🔌 Disconnecting from Supabase Realtime
✅ Disconnected from Supabase Realtime
❌ Heartbeat failed: CancellationError()
[ INFO ] GET /api/metadata/meta/movie/tt1148204 [request-id: 09FBA544-DA52-44E4-8B83-743C9D33FFD2]
2025-12-10 09:04:36.170 RedLemon[5366:45177] ✅ Guest joined room EE5K in database
2025-12-10 09:04:36.281 RedLemon[5366:45289] 📤 Realtime: Sending message type: chat, sender: 656DAA91-33B4-4688-9135-C982EA52D7C9
2025-12-10 09:04:36.282 RedLemon[5366:45289]    Payload keys: chatText, position, chatUsername, timestamp, senderId, type
2025-12-10 09:04:36.283 RedLemon[5366:45289] ✅ Realtime: Message broadcast complete
2025-12-10 09:04:36.327 RedLemon[5366:45268] 📨 Realtime: Received broadcast message
2025-12-10 09:04:36.328 RedLemon[5366:45268]    Payload keys: type, timestamp, senderId, position, chatUsername, chatText
2025-12-10 09:04:36.329 RedLemon[5366:45268] ✅ Realtime: Decoded message type: chat, sender: 656DAA91-33B4-4688-9135-C982EA52D7C9
2025-12-10 09:04:36.329 RedLemon[5366:45268] 📞 Realtime: Invoking syncCallback for message type: chat
2025-12-10 09:04:36.329 RedLemon[5366:45268] ✅ Realtime: syncCallback invoked successfully
2025-12-10 09:04:36.360 RedLemon[5366:45177] 👋 Received: Guest 'ursinho' joined room EE5K
2025-12-10 09:04:36.516 RedLemon[5366:45177] 🔍 Current guest participant found in polling: ursinho with ID 656DAA91-33B4-4688-9135-C982EA52D7C9
2025-12-10 09:04:36.517 RedLemon[5366:45177] 👋 ursinho joined room
2025-12-10 09:04:36.517 RedLemon[5366:45177] 👋 ursinho left room
2025-12-10 09:04:36.517 RedLemon[5366:45177] 👋 lemontom left room
2025-12-10 09:04:38.554 RedLemon[5366:45177] 🔍 Current guest participant found in polling: ursinho with ID 656DAA91-33B4-4688-9135-C982EA52D7C9
2025-12-10 09:04:40.820 RedLemon[5366:45177] 🔍 Current guest participant found in polling: ursinho with ID 656DAA91-33B4-4688-9135-C982EA52D7C9
2025-12-10 09:04:43.058 RedLemon[5366:45177] 🔍 Current guest participant found in polling: ursinho with ID 656DAA91-33B4-4688-9135-C982EA52D7C9
2025-12-10 09:04:45.289 RedLemon[5366:45177] 🔍 Current guest participant found in polling: ursinho with ID 656DAA91-33B4-4688-9135-C982EA52D7C9
2025-12-10 09:04:45.658 RedLemon[5366:45266] 📨 Realtime: Received broadcast message
2025-12-10 09:04:45.658 RedLemon[5366:45266]    Payload keys: chatText, type, senderId, position, chatUsername, timestamp
2025-12-10 09:04:45.659 RedLemon[5366:45266] ✅ Realtime: Decoded message type: chat, sender: 96E01CDB-36C0-4228-A6E4-A29A3C66BC8E
2025-12-10 09:04:45.659 RedLemon[5366:45266] 📞 Realtime: Invoking syncCallback for message type: chat
2025-12-10 09:04:45.659 RedLemon[5366:45266] ✅ Realtime: syncCallback invoked successfully
2025-12-10 09:04:45.659 RedLemon[5366:45177] 🎬 Guest: Received LOBBY_START_COUNTDOWN signal
2025-12-10 09:04:45.733 RedLemon[5366:45177] 🎬 Guest: Received LOBBY_START_COUNTDOWN signal
2025-12-10 09:04:45.807 RedLemon[5366:45177] ✅ Guest: Synced stream details from host (Hash: 241ea428)
2025-12-10 09:04:45.807 RedLemon[5366:45177] 🎬 Guest: Fetch took 0.074s, waiting 3.176s (includes 0.25s sync buffer)
2025-12-10 09:04:47.553 RedLemon[5366:45177] 🔍 Current guest participant found in polling: ursinho with ID 656DAA91-33B4-4688-9135-C982EA52D7C9
2025-12-10 09:04:49.252 RedLemon[5366:45177] 🎬 Guest: Starting playback after countdown
2025-12-10 09:04:49.252 RedLemon[5366:45177] 🎬 Guest: Launching player for Orphan
2025-12-10 09:04:49.252 RedLemon[5366:45177]    Quality: 1080p
2025-12-10 09:04:49.253 RedLemon[5366:45177]    Mode: watchParty
2025-12-10 09:04:49.253 RedLemon[5366:45177] 📡 Fetching metadata for tt1148204...
2025-12-10 09:04:49.342 RedLemon[5366:45177] 🖼️ Loading background art: https://images.metahub.space/background/medium/tt1148204/img
2025-12-10 09:04:49.342 RedLemon[5366:45177] ⏳ Background art loading...
2025-12-10 09:04:49.342 RedLemon[5366:45177] 🎨 Loading logo: https://images.metahub.space/logo/medium/tt1148204/img
2025-12-10 09:04:49.343 RedLemon[5366:45177] ⏳ Logo loading...
2025-12-10 09:04:49.390 RedLemon[5366:45177] 🎬 GUEST: Using host's stream selection (skipping resolution)
2025-12-10 09:04:49.433 RedLemon[5366:45177] 🎬🎬🎬 MPVPlayerView INIT called - streamURL: https://chi6-4.download.real-debrid.com/d/LSWBZKJDPKZHE43/Or, subtitles: 0
2025-12-10 09:04:49.569 RedLemon[5366:45177] ✅ Stream ready, starting playback...
2025-12-10 09:04:49.569 RedLemon[5366:45177] 🖥️ WindowManager: enterFullscreen() called
2025-12-10 09:04:49.569 RedLemon[5366:45177]    Window: <SwiftUI.SwiftUIWindow: 0x7f9c8276e9b0>
2025-12-10 09:04:49.569 RedLemon[5366:45177]    Is fullscreen: 0
2025-12-10 09:04:49.569 RedLemon[5366:45177]    ✅ WindowManager: Toggling fullscreen ON
2025-12-10 09:04:49.708 RedLemon[5366:45177] 🖼️ Setting up MPV with native macOS video output...
2025-12-10 09:04:49.719 RedLemon[5366:45177] ✅ MPV initialized with native GPU rendering
2025-12-10 09:04:49.735 RedLemon[5366:45177] 🎬🎬🎬 MPVPlayerView .task starting
2025-12-10 09:04:49.735 RedLemon[5366:45177] 🎉 Starting watch party sync - Room: EE5K, Host: NO
2025-12-10 09:04:49.735 RedLemon[5366:45177] 🎉 Watch Party Mode ENABLED. isInWatchParty = YES
🔌 Setting up Realtime channel: watch-party:EE5K
   Role: Guest
   User ID: 656DAA91-33B4-4688-9135-C982EA52D7C9
📡 Connection state: connecting
🔌 Connecting to Supabase Realtime: wss://nhvsojszwfvcinkyvzmf.supabase.co/realtime/v1/websocket
✅ Connected to Supabase Realtime
📡 Connection state: connected
🔍 [DEBUG] Creating MediaItem from CinemetaMeta
🔍 [DEBUG] meta.itemId: tt1148204
🔍 [DEBUG] meta.type: movie
🔍 [DEBUG] meta.name: Orphan
🔍 [DEBUG] Successfully created MediaItem from meta: Orphan
✅ Lobby: Loaded metadata for Orphan
🔍 Supabase Response for /rooms: [{"id":"EE5K","name":"Orphan","host_user_id":"96e01cdb-36c0-4228-a6e4-a29a3c66bc8e","host_username":"lemontom","stream_hash":null,"imdb_id":"tt1148204","poster_url":"https://images.metahub.space/poster/small/tt1148204/img","backdrop_url":"https://images.metahub.space/background/medium/tt1148204/img","playback_position":0,"is_playing":false,"participants_count":1,"max_participants":50,"is_public":true,"created_at":"2025-12-10T14:04:11.727338","last_activity":"2025-12-10T14:04:12","season":null,"episode":null,"selected_quality":null,"selected_file_idx":null,"unlocked_stream_url":null,"description":"Horror Marathon","current_playlist_index":0,"playlist":[{"id": "DA95C778-AD6E-4493-9E4D-D93ECEC8E6A6", "mediaItem": {"id": "tt1148204", "logo": "https://images.metahub.space/logo/medium/tt1148204/img", "name": "Orphan", "type": "movie", "year": "2009", "genres": ["Horror", "Mystery", "Thriller"], "poster": "https://images.metahub.space/poster/small/tt1148204/img", "runtime": "122 min", "background": "https://images.metahub.space/background/medium/tt1148204/img", "imdbRating": "7.0", "description": "A husband and wife who recently lost their baby adopt a 9-year-old girl who is not nearly as innocent as she appears.", "releaseInfo": "2009"}}, {"id": "CDDF53C4-11C0-4F7E-8A74-98349571032F", "mediaItem": {"id": "tt29268110", "name": "Smile 2", "type": "movie", "poster": "https://m.media-amazon.com/images/M/MV5BYTg5OTMyMGMtYzMwNC00NDMyLWE0OGUtMTQ1ODcwM2FjOTM4XkEyXkFqcGc@._V1_SX250.jpg"}}]}]
✅ Lobby: Synced playlist with 2 items
✅ Lobby: Synced playlist index to 0
🔌 Setting up Realtime channel: watch-party:EE5K
   Role: Guest
   User ID: 656DAA91-33B4-4688-9135-C982EA52D7C9
📡 Connection state: connecting
ℹ️ Already joined channel watch-party:EE5K, skipping join
📡 Joined channel: realtime:watch-party:EE5K
📡 Connection state: connected
✅ Realtime channel setup complete
✅ Lobby: Connected to Realtime
📡 Connection state: connected
✅ Realtime channel setup complete
✅ Lobby: Connected to Realtime
🔄 Lobby: Starting database polling for participants and room state...
💓 Lobby: Starting heartbeat loop...
📨 Received: {"ref":"E265FE98-7782-40D7-81B2-98C9A9A0DDAA","event":"phx_reply","payload":{"status":"ok","response":{"postgres_changes":[]}},"topic":"realtime:watch-party:EE5K"}
📨 Received: {"ref":null,"event":"presence_state","payload":{"1aef7de8-d5d1-11f0-ad3c-0a58a9feac02":{"metas":[{"phx_ref":"GH_fnugFnO-AHdrK","phx_ref_prev":"GH_fnugC-WmAHdqK","is_host":true,"joined_at":1765375452.413074,"user_id":"96E01CDB-36C0-4228-A6E4-A29A3C66BC8E","username":"lemontom"}]}},"topic":"realtime:watch-party:EE5K"}
📨 Received: {"ref":"1","event":"phx_reply","payload":{"status":"ok","response":{}},"topic":"realtime:watch-party:EE5K"}
📨 Received: {"ref":null,"event":"presence_diff","payload":{"joins":{"291e57fe-d5d1-11f0-a1c0-0a58a9feac02":{"metas":[{"phx_ref":"GH_fpHFkZ7c_lDFK","is_host":false,"joined_at":1765375476.171225,"user_id":"656DAA91-33B4-4688-9135-C982EA52D7C9","username":"ursinho"}]}},"leaves":{}},"topic":"realtime:watch-party:EE5K"}
📨 Received: {"ref":"2","event":"phx_reply","payload":{"status":"ok","response":{}},"topic":"realtime:watch-party:EE5K"}
📨 Received: {"ref":null,"event":"presence_diff","payload":{"joins":{"291e57fe-d5d1-11f0-a1c0-0a58a9feac02":{"metas":[{"phx_ref":"GH_fpHFn25A_lJQE","phx_ref_prev":"GH_fpHFkZ7c_lDFK","is_host":false,"joined_at":1765375476.280412,"user_id":"656DAA91-33B4-4688-9135-C982EA52D7C9","username":"ursinho"}]}},"leaves":{"291e57fe-d5d1-11f0-a1c0-0a58a9feac02":{"metas":[{"phx_ref":"GH_fpHFkZ7c_lDFK","is_host":false,"joined_at":1765375476.171225,"user_id":"656DAA91-33B4-4688-9135-C982EA52D7C9","username":"ursinho"}]}}},"topic":"realtime:watch-party:EE5K"}
📨 Received: {"ref":null,"event":"broadcast","payload":{"event":"sync","payload":{"chatText":"LOBBY_JOIN","chatUsername":"ursinho","position":0,"senderId":"656DAA91-33B4-4688-9135-C982EA52D7C9","timestamp":0,"type":"chat"},"type":"broadcast"},"topic":"realtime:watch-party:EE5K"}
🔍 Supabase Response for /rooms: [{"id":"EE5K","name":"Orphan","host_user_id":"96e01cdb-36c0-4228-a6e4-a29a3c66bc8e","host_username":"lemontom","stream_hash":null,"imdb_id":"tt1148204","poster_url":"https://images.metahub.space/poster/small/tt1148204/img","backdrop_url":"https://images.metahub.space/background/medium/tt1148204/img","playback_position":0,"is_playing":false,"participants_count":2,"max_participants":50,"is_public":true,"created_at":"2025-12-10T14:04:11.727338","last_activity":"2025-12-10T14:04:36.11498","season":null,"episode":null,"selected_quality":null,"selected_file_idx":null,"unlocked_stream_url":null,"description":"Horror Marathon","current_playlist_index":0,"playlist":[{"id": "DA95C778-AD6E-4493-9E4D-D93ECEC8E6A6", "mediaItem": {"id": "tt1148204", "logo": "https://images.metahub.space/logo/medium/tt1148204/img", "name": "Orphan", "type": "movie", "year": "2009", "genres": ["Horror", "Mystery", "Thriller"], "poster": "https://images.metahub.space/poster/small/tt1148204/img", "runtime": "122 min", "background": "https://images.metahub.space/background/medium/tt1148204/img", "imdbRating": "7.0", "description": "A husband and wife who recently lost their baby adopt a 9-year-old girl who is not nearly as innocent as she appears.", "releaseInfo": "2009"}}, {"id": "CDDF53C4-11C0-4F7E-8A74-98349571032F", "mediaItem": {"id": "tt29268110", "name": "Smile 2", "type": "movie", "poster": "https://m.media-amazon.com/images/M/MV5BYTg5OTMyMGMtYzMwNC00NDMyLWE0OGUtMTQ1ODcwM2FjOTM4XkEyXkFqcGc@._V1_SX250.jpg"}}]}]
🔍 Supabase Response for /rooms: [{"id":"EE5K","name":"Orphan","host_user_id":"96e01cdb-36c0-4228-a6e4-a29a3c66bc8e","host_username":"lemontom","stream_hash":null,"imdb_id":"tt1148204","poster_url":"https://images.metahub.space/poster/small/tt1148204/img","backdrop_url":"https://images.metahub.space/background/medium/tt1148204/img","playback_position":0,"is_playing":false,"participants_count":2,"max_participants":50,"is_public":true,"created_at":"2025-12-10T14:04:11.727338","last_activity":"2025-12-10T14:04:36.11498","season":null,"episode":null,"selected_quality":null,"selected_file_idx":null,"unlocked_stream_url":null,"description":"Horror Marathon","current_playlist_index":0,"playlist":[{"id": "DA95C778-AD6E-4493-9E4D-D93ECEC8E6A6", "mediaItem": {"id": "tt1148204", "logo": "https://images.metahub.space/logo/medium/tt1148204/img", "name": "Orphan", "type": "movie", "year": "2009", "genres": ["Horror", "Mystery", "Thriller"], "poster": "https://images.metahub.space/poster/small/tt1148204/img", "runtime": "122 min", "background": "https://images.metahub.space/background/medium/tt1148204/img", "imdbRating": "7.0", "description": "A husband and wife who recently lost their baby adopt a 9-year-old girl who is not nearly as innocent as she appears.", "releaseInfo": "2009"}}, {"id": "CDDF53C4-11C0-4F7E-8A74-98349571032F", "mediaItem": {"id": "tt29268110", "name": "Smile 2", "type": "movie", "poster": "https://m.media-amazon.com/images/M/MV5BYTg5OTMyMGMtYzMwNC00NDMyLWE0OGUtMTQ1ODcwM2FjOTM4XkEyXkFqcGc@._V1_SX250.jpg"}}]}]
🔍 Supabase Response for /rooms: [{"id":"EE5K","name":"Orphan","host_user_id":"96e01cdb-36c0-4228-a6e4-a29a3c66bc8e","host_username":"lemontom","stream_hash":null,"imdb_id":"tt1148204","poster_url":"https://images.metahub.space/poster/small/tt1148204/img","backdrop_url":"https://images.metahub.space/background/medium/tt1148204/img","playback_position":0,"is_playing":false,"participants_count":2,"max_participants":50,"is_public":true,"created_at":"2025-12-10T14:04:11.727338","last_activity":"2025-12-10T14:04:36.11498","season":null,"episode":null,"selected_quality":null,"selected_file_idx":null,"unlocked_stream_url":null,"description":"Horror Marathon","current_playlist_index":0,"playlist":[{"id": "DA95C778-AD6E-4493-9E4D-D93ECEC8E6A6", "mediaItem": {"id": "tt1148204", "logo": "https://images.metahub.space/logo/medium/tt1148204/img", "name": "Orphan", "type": "movie", "year": "2009", "genres": ["Horror", "Mystery", "Thriller"], "poster": "https://images.metahub.space/poster/small/tt1148204/img", "runtime": "122 min", "background": "https://images.metahub.space/background/medium/tt1148204/img", "imdbRating": "7.0", "description": "A husband and wife who recently lost their baby adopt a 9-year-old girl who is not nearly as innocent as she appears.", "releaseInfo": "2009"}}, {"id": "CDDF53C4-11C0-4F7E-8A74-98349571032F", "mediaItem": {"id": "tt29268110", "name": "Smile 2", "type": "movie", "poster": "https://m.media-amazon.com/images/M/MV5BYTg5OTMyMGMtYzMwNC00NDMyLWE0OGUtMTQ1ODcwM2FjOTM4XkEyXkFqcGc@._V1_SX250.jpg"}}]}]
🔍 Supabase Response for /rooms: [{"id":"EE5K","name":"Orphan","host_user_id":"96e01cdb-36c0-4228-a6e4-a29a3c66bc8e","host_username":"lemontom","stream_hash":null,"imdb_id":"tt1148204","poster_url":"https://images.metahub.space/poster/small/tt1148204/img","backdrop_url":"https://images.metahub.space/background/medium/tt1148204/img","playback_position":0,"is_playing":false,"participants_count":2,"max_participants":50,"is_public":true,"created_at":"2025-12-10T14:04:11.727338","last_activity":"2025-12-10T14:04:36.11498","season":null,"episode":null,"selected_quality":null,"selected_file_idx":null,"unlocked_stream_url":null,"description":"Horror Marathon","current_playlist_index":0,"playlist":[{"id": "DA95C778-AD6E-4493-9E4D-D93ECEC8E6A6", "mediaItem": {"id": "tt1148204", "logo": "https://images.metahub.space/logo/medium/tt1148204/img", "name": "Orphan", "type": "movie", "year": "2009", "genres": ["Horror", "Mystery", "Thriller"], "poster": "https://images.metahub.space/poster/small/tt1148204/img", "runtime": "122 min", "background": "https://images.metahub.space/background/medium/tt1148204/img", "imdbRating": "7.0", "description": "A husband and wife who recently lost their baby adopt a 9-year-old girl who is not nearly as innocent as she appears.", "releaseInfo": "2009"}}, {"id": "CDDF53C4-11C0-4F7E-8A74-98349571032F", "mediaItem": {"id": "tt29268110", "name": "Smile 2", "type": "movie", "poster": "https://m.media-amazon.com/images/M/MV5BYTg5OTMyMGMtYzMwNC00NDMyLWE0OGUtMTQ1ODcwM2FjOTM4XkEyXkFqcGc@._V1_SX250.jpg"}}]}]
🛡️ Lobby: Auto-Join safety delay passed (8s). Enabled for late joiners.
🔍 Supabase Response for /rooms: [{"id":"EE5K","name":"Orphan","host_user_id":"96e01cdb-36c0-4228-a6e4-a29a3c66bc8e","host_username":"lemontom","stream_hash":null,"imdb_id":"tt1148204","poster_url":"https://images.metahub.space/poster/small/tt1148204/img","backdrop_url":"https://images.metahub.space/background/medium/tt1148204/img","playback_position":0,"is_playing":false,"participants_count":2,"max_participants":50,"is_public":true,"created_at":"2025-12-10T14:04:11.727338","last_activity":"2025-12-10T14:04:36.11498","season":null,"episode":null,"selected_quality":null,"selected_file_idx":null,"unlocked_stream_url":null,"description":"Horror Marathon","current_playlist_index":0,"playlist":[{"id": "DA95C778-AD6E-4493-9E4D-D93ECEC8E6A6", "mediaItem": {"id": "tt1148204", "logo": "https://images.metahub.space/logo/medium/tt1148204/img", "name": "Orphan", "type": "movie", "year": "2009", "genres": ["Horror", "Mystery", "Thriller"], "poster": "https://images.metahub.space/poster/small/tt1148204/img", "runtime": "122 min", "background": "https://images.metahub.space/background/medium/tt1148204/img", "imdbRating": "7.0", "description": "A husband and wife who recently lost their baby adopt a 9-year-old girl who is not nearly as innocent as she appears.", "releaseInfo": "2009"}}, {"id": "CDDF53C4-11C0-4F7E-8A74-98349571032F", "mediaItem": {"id": "tt29268110", "name": "Smile 2", "type": "movie", "poster": "https://m.media-amazon.com/images/M/MV5BYTg5OTMyMGMtYzMwNC00NDMyLWE0OGUtMTQ1ODcwM2FjOTM4XkEyXkFqcGc@._V1_SX250.jpg"}}]}]
📨 Received: {"ref":null,"event":"broadcast","payload":{"event":"sync","payload":{"chatText":"LOBBY_START_COUNTDOWN","chatUsername":"Host","position":0,"senderId":"96E01CDB-36C0-4228-A6E4-A29A3C66BC8E","timestamp":3,"type":"chat"},"type":"broadcast"},"topic":"realtime:watch-party:EE5K"}
🔍 Supabase Response for /rooms: [{"id":"EE5K","name":"Orphan","host_user_id":"96e01cdb-36c0-4228-a6e4-a29a3c66bc8e","host_username":"lemontom","stream_hash":"241ea4282bb65df2070edbbb2963d74c042d9df3","imdb_id":"tt1148204","poster_url":"https://images.metahub.space/poster/small/tt1148204/img","backdrop_url":"https://images.metahub.space/background/medium/tt1148204/img","playback_position":0,"is_playing":true,"participants_count":2,"max_participants":50,"is_public":true,"created_at":"2025-12-10T14:04:11.727338","last_activity":"2025-12-10T14:04:45","season":null,"episode":null,"selected_quality":"1080p","selected_file_idx":null,"unlocked_stream_url":"https://chi6-4.download.real-debrid.com/d/LSWBZKJDPKZHE43/Orphan%202009%20BluRay%201080p%20DTS%20AC3%20x264-MgB.mkv","description":"Horror Marathon","current_playlist_index":0,"playlist":[{"id": "DA95C778-AD6E-4493-9E4D-D93ECEC8E6A6", "mediaItem": {"id": "tt1148204", "logo": "https://images.metahub.space/logo/medium/tt1148204/img", "name": "Orphan", "type": "movie", "year": "2009", "genres": ["Horror", "Mystery", "Thriller"], "poster": "https://images.metahub.space/poster/small/tt1148204/img", "runtime": "122 min", "background": "https://images.metahub.space/background/medium/tt1148204/img", "imdbRating": "7.0", "description": "A husband and wife who recently lost their baby adopt a 9-year-old girl who is not nearly as innocent as she appears.", "releaseInfo": "2009"}}, {"id": "CDDF53C4-11C0-4F7E-8A74-98349571032F", "mediaItem": {"id": "tt29268110", "name": "Smile 2", "type": "movie", "poster": "https://m.media-amazon.com/images/M/MV5BYTg5OTMyMGMtYzMwNC00NDMyLWE0OGUtMTQ1ODcwM2FjOTM4XkEyXkFqcGc@._V1_SX250.jpg"}}]}]
🎬 Starting playback for: Orphan
✅ Cache HIT: Metadata[meta_movie_tt1148204]


✅ [SYNC VERIFICATION] LOCKING TO SHARED STREAM (SYSTEM/HOST) 🔒
   Hash: 241ea4282bb65df2070edbbb2963d74c042d9df3
   Quality: 1080p
   Skipping local resolution to ensure perfect sync.

 Using provided room ID: EE5K
🎬 RedLemon: Creating MPVPlayerView
   Stream URL: https://chi6-4.download.real-debrid.com/d/LSWBZKJDPKZHE43/Or
   Display Title: Orphan
   Subtitle URLs: 0
🎬 MPVWrapper: Creating embedded MPV with render context...
✅ MPV handle created
✅ MPV handle created
🎬 MPVLayerHostView initialized
📨 Received: {"ref":null,"event":"presence_diff","payload":{"joins":{"07787576-d5d1-11f0-8a41-0a58a9feac02":{"metas":[{"phx_ref":"GH_fp2LUwPpvnZ1Q","phx_ref_prev":"GH_fl0yXbF9vnazG","last_seen":"2025-12-10T14:04:48Z","room_id":"EE5K","started_at":"2025-12-10T14:04:48Z","status":"online","user_id":"96E01CDB-36C0-4228-A6E4-A29A3C66BC8E","username":"lemontom","watching_id":"tt1148204","watching_title":"Orphan","watching_type":"movie"}]}},"leaves":{"07787576-d5d1-11f0-8a41-0a58a9feac02":{"metas":[{"phx_ref":"GH_fl0yXbF9vnazG","last_seen":"2025-12-10T14:03:39Z","status":"online","user_id":"96E01CDB-36C0-4228-A6E4-A29A3C66BC8E","username":"lemontom"}]}}},"topic":"realtime:global-presence"}
🎬 Created CGL pixel format (Core Profile 3.2)
🎬 Created CGL context with vsync enabled
🎬 MPVViewLayer initialized with async rendering
🎬 Video layer assigned to host view
🎬 Creating MPV render context with OpenGL (IINA method)...
🎬 MPV: Frame ready! Calling layer.update() (throttled)
✅ Render context created successfully (IINA method)
🎬 Layer.update() called - forceDraw:false needsFlip:true (throttled)
🎬 CVDisplayLink started
🎉 Starting watch party: roomId=EE5K, isHost=false
🎬 DisplayLink: reportSwap() (throttled)
🔌 Setting up Realtime channel: watch-party:EE5K
   Role: Guest
   User ID: 656DAA91-33B4-4688-92025-12-10 09:04:49.895 RedLemon[5366:45177] 🔄 Starting chat polling for room: EE5K
2025-12-10 09:04:49.896 RedLemon[5366:45177] ✅ Watch party sync started successfully - isInWatchParty is now TRUE
2025-12-10 09:04:49.897 RedLemon[5366:45177] 🎬🎬🎬 About to call loadStream - isInWatchParty: YES
2025-12-10 09:04:49.901 RedLemon[5366:45177] 🎬🎬🎬 Subtitles: 0
2025-12-10 09:04:49.904 RedLemon[5366:45177] 🎬🎬🎬 LOADSTREAM CALLED - streamTitle: Orphan
2025-12-10 09:04:49.905 RedLemon[5366:45177] 🎬🎬🎬 streamURL: https://chi6-4.download.real-debrid.com/d/LSWBZKJDPKZHE43/Or
2025-12-10 09:04:49.905 RedLemon[5366:45177] 🎬🎬🎬 subtitles: 0
2025-12-10 09:04:49.906 RedLemon[5366:45177] 🎬🎬🎬 MPVPlayerView .task completed
2025-12-10 09:04:49.943 RedLemon[5366:45247] 🎬 MPV loadVideo called with URL: https://chi6-4.download.real-debrid.com/d/LSWBZKJDPKZHE43/Orphan%202009%20BluRay%201080p%20DTS%20AC3, autoplay: false
2025-12-10 09:04:49.943 RedLemon[5366:45247] ⏸️ Loading in paused mode (watch party)
2025-12-10 09:04:49.943 RedLemon[5366:45247] 🔗 URL: https://chi6-4.download.real-debrid.com/d/LSWBZKJDPKZHE43/Orphan%202009%20BluRay%201080p%20DTS%20AC3%20x264-MgB.mkv
2025-12-10 09:04:49.944 RedLemon[5366:45247] 🎬 MPV executing: loadfile "https://chi6-4.download.real-debrid.com/d/LSWBZKJDPKZHE43/Orphan%202009%20BluRay%201080p%20DTS%20AC3%20x264-MgB.mkv"
2025-12-10 09:04:49.944 RedLemon[5366:45247] 🎬 MPV loadfile result: 0
2025-12-10 09:04:49.944 RedLemon[5366:45247] ✅ MPV loadfile succeeded (started paused)
2025-12-10 09:04:50.194 RedLemon[5366:45177] 🔍 Current guest participant found in polling: ursinho with ID 656DAA91-33B4-4688-9135-C982EA52D7C9
2025-12-10 09:04:50.194 RedLemon[5366:45177] 👋 lemontom left room
2025-12-10 09:04:50.194 RedLemon[5366:45177] 👋 ursinho left room
2025-12-10 09:04:50.574 RedLemon[5366:45247] 📨 Realtime: Received broadcast message
2025-12-10 09:04:50.574 RedLemon[5366:45247]    Payload keys: timestamp, isPlaying, position, senderId, type
2025-12-10 09:04:50.575 RedLemon[5366:45247] ✅ Realtime: Decoded message type: ready, sender: 96E01CDB-36C0-4228-A6E4-A29A3C66BC8E
2025-12-10 09:04:50.575 RedLemon[5366:45247] 📞 Realtime: Invoking syncCallback for message type: ready
2025-12-10 09:04:50.575 RedLemon[5366:45247] ✅ Realtime: syncCallback invoked successfully
2025-12-10 09:04:50.575 RedLemon[5366:45177] 🔍 DEBUG: Received sync message - type: ready, sender: 96E01CDB-36C0-4228-A6E4-A29A3C66BC8E
2025-12-10 09:04:50.576 RedLemon[5366:45177] ✅ Received READY signal from 96E01CDB-36C0-4228-A6E4-A29A3C66BC8E
2025-12-10 09:04:50.576 RedLemon[5366:45177] ⚠️ Adding 96E01CDB-36C0-4228-A6E4-A29A3C66BC8E to connectedGuestIds (presence fallback)
2025-12-10 09:04:50.872 RedLemon[5366:45287] 📨 Realtime: Received broadcast message
2025-12-10 09:04:50.872 RedLemon[5366:45287]    Payload keys: isPlaying, timestamp, type, senderId, position
2025-12-10 09:04:50.873 RedLemon[5366:45287] ✅ Realtime: Decoded message type: playbackState, sender: EE5K
2025-12-10 09:04:50.873 RedLemon[5366:45287] 📞 Realtime: Invoking syncCallback for message type: playbackState
2025-12-10 09:04:50.873 RedLemon[5366:45287] ✅ Realtime: syncCallback invoked successfully
2025-12-10 09:04:50.873 RedLemon[5366:45177] 🔍 DEBUG: Received sync message - type: playbackState, sender: EE5K
2025-12-10 09:04:51.484 RedLemon[5366:45177] ⏱️ Watch Party: Duration available (7373.2s), triggering ready signal
2025-12-10 09:04:51.484 RedLemon[5366:45177] 👋 Watch Party: Sending INITIAL READY signal and starting loop
2025-12-10 09:04:51.567 RedLemon[5366:45247] 📤 Realtime: Sending message type: ready, sender: 656DAA91-33B4-4688-9135-C982EA52D7C9
2025-12-10 09:04:51.568 RedLemon[5366:45247]    Payload keys: type, position, isPlaying, timestamp, senderId
2025-12-10 09:04:51.569 RedLemon[5366:45247] ✅ Realtime: Message broadcast complete
2025-12-10 09:04:51.571 RedLemon[5366:45177] ✅ Watch Party: READY signal sent successfully
2025-12-10 09:04:51.611 RedLemon[5366:45287] 📨 Realtime: Received broadcast message
2025-12-10 09:04:51.611 RedLemon[5366:45287]    Payload keys: timestamp, isPlaying, type, position, senderId
2025-12-10 09:04:51.612 RedLemon[5366:45287] ✅ Realtime: Decoded message type: ready, sender: 656DAA91-33B4-4688-9135-C982EA52D7C9
2025-12-10 09:04:51.612 RedLemon[5366:45287] 📞 Realtime: Invoking syncCallback for message type: ready
2025-12-10 09:04:51.612 RedLemon[5366:45287] ✅ Realtime: syncCallback invoked successfully
2025-12-10 09:04:51.612 RedLemon[5366:45177] 🔍 DEBUG: Received sync message - type: ready, sender: 656DAA91-33B4-4688-9135-C982EA52D7C9
2025-12-10 09:04:51.612 RedLemon[5366:45177] ✅ Received READY signal from 656DAA91-33B4-4688-9135-C982EA52D7C9
2025-12-10 09:04:52.461 RedLemon[5366:45247] 📨 Realtime: Received broadcast message
2025-12-10 09:04:52.462 RedLemon[5366:45247]    Payload keys: timestamp, type, senderId, isPlaying, position
2025-12-10 09:04:52.462 RedLemon[5366:45247] ✅ Realtime: Decoded message type: ready, sender: 96E01CDB-36C0-4228-A6E4-A29A3C66BC8E
2025-12-10 09:04:52.462 RedLemon[5366:45247] 📞 Realtime: Invoking syncCallback for message type: ready
2025-12-10 09:04:52.463 RedLemon[5366:45247] ✅ Realtime: syncCallback invoked successfully
2025-12-10 09:04:52.463 RedLemon[5366:45177] 🔍 DEBUG: Received sync message - type: ready, sender: 96E01CDB-36C0-4228-A6E4-A29A3C66BC8E
2025-12-10 09:04:52.463 RedLemon[5366:45177] ✅ Received READY signal from 96E01CDB-36C0-4228-A6E4-A29A3C66BC8E
2025-12-10 09:04:52.493 RedLemon[5366:45177] 🔍 Current guest participant found in polling: ursinho with ID 656DAA91-33B4-4688-9135-C982EA52D7C9
2025-12-10 09:04:52.687 RedLemon[5366:45247] 📨 Realtime: Received broadcast message
2025-12-10 09:04:52.688 RedLemon[5366:45247]    Payload keys: isPlaying, type, position, timestamp, senderId
2025-12-10 09:04:52.688 RedLemon[5366:45247] ✅ Realtime: Decoded message type: play, sender: 96E01CDB-36C0-4228-A6E4-A29A3C66BC8E
2025-12-10 09:04:52.688 RedLemon[5366:45247] 📞 Realtime: Invoking syncCallback for message type: play
2025-12-10 09:04:52.689 RedLemon[5366:45247] ✅ Realtime: syncCallback invoked successfully
2025-12-10 09:04:52.689 RedLemon[5366:45177] 🔍 DEBUG: Received sync message - type: play, sender: 96E01CDB-36C0-4228-A6E4-A29A3C66BC8E
2025-12-10 09:04:52.894 RedLemon[5366:45380] 📨 Realtime: Received broadcast message
2025-12-10 09:04:52.894 RedLemon[5366:45380]    Payload keys: senderId, position, timestamp, type, isPlaying
2025-12-10 09:04:52.895 RedLemon[5366:45380] ✅ Realtime: Decoded message type: playbackState, sender: EE5K
2025-12-10 09:04:52.895 RedLemon[5366:45380] 📞 Realtime: Invoking syncCallback for message type: playbackState
2025-12-10 09:04:52.895 RedLemon[5366:45380] ✅ Realtime: syncCallback invoked successfully
2025-12-10 09:04:52.896 RedLemon[5366:45177] 🔍 DEBUG: Received sync message - type: playbackState, sender: EE5K
2025-12-10 09:04:53.602 RedLemon[5366:45247] 📨 Realtime: Received broadcast message
2025-12-10 09:04:53.603 RedLemon[5366:45247]    Payload keys: isPlaying, position, timestamp, type, senderId
2025-12-10 09:04:53.604 RedLemon[5366:45247] ✅ Realtime: Decoded message type: play, sender: 96E01CDB-36C0-4228-A6E4-A29A3C66BC8E
2025-12-10 09:04:53.604 RedLemon[5366:45247] 📞 Realtime: Invoking syncCallback for message type: play
2025-12-10 09:04:53.604 RedLemon[5366:45247] ✅ Realtime: syncCallback invoked successfully
2025-12-10 09:04:53.604 RedLemon[5366:45177] 🔍 DEBUG: Received sync message - type: play, sender: 96E01CDB-36C0-4228-A6E4-A29A3C66BC8E
2025-12-10 09:04:54.894 RedLemon[5366:45287] 📨 Realtime: Received broadcast message
2025-12-10 09:04:54.894 RedLemon[5366:45287]    Payload keys: type, isPlaying, position, senderId, timestamp
2025-12-10 09:04:54.894 RedLemon[5366:45287] ✅ Realtime: Decoded message type: playbackState, sender: EE5K
2025-12-10 09:04:54.894 RedLemon[5366:45287] 📞 Realtime: Invoking syncCallback for message type: playbackState
2025-12-10 09:04:54.895 RedLemon[5366:45287] ✅ Realtime: syncCallback invoked successfully
2025-12-10 09:04:54.908 RedLemon[5366:45177] 🔍 DEBUG: Received sync message - type: playbackState, sender: EE5K
2025-12-10 09:04:54.987 RedLemon[5366:45177] 🔍 Current guest participant found in polling: ursinho with ID 656DAA91-33B4-4688-9135-C982EA52D7C9
2025-12-10 09:04:56.957 RedLemon[5366:45287] 📨 Realtime: Received broadcast message
2025-12-10 09:04:56.957 RedLemon[5366:45287]    Payload keys: senderId, timestamp, type, position, isPlaying
2025-12-10 09:04:56.957 RedLemon[5366:45287] ✅ Realtime: Decoded message type: playbackState, sender: EE5K
2025-12-10 09:04:56.957 RedLemon[5366:45287] 📞 Realtime: Invoking syncCallback for message type: playbackState
2025-12-10 09:04:56.958 RedLemon[5366:45287] ✅ Realtime: syncCallback invoked successfully
2025-12-10 09:04:56.998 RedLemon[5366:45177] 🔍 DEBUG: Received sync message - type: playbackState, sender: EE5K
2025-12-10 09:04:57.420 RedLemon[5366:45177] 🔍 Current guest participant found in polling: ursinho with ID 656DAA91-33B4-4688-9135-C982EA52D7C9
2025-12-10 09:04:58.942 RedLemon[5366:45287] 📨 Realtime: Received broadcast message
2025-12-10 09:04:58.942 RedLemon[5366:45287]    Payload keys: type, senderId, timestamp, isPlaying, position
2025-12-10 09:04:58.943 RedLemon[5366:45287] ✅ Realtime: Decoded message type: playbackState, sender: EE5K
2025-12-10 09:04:58.943 RedLemon[5366:45287] 📞 Realtime: Invoking syncCallback for message type: playbackState
2025-12-10 09:04:58.944 RedLemon[5366:45287] ✅ Realtime: syncCallback invoked successfully
2025-12-10 09:04:58.949 RedLemon[5366:45177] 🔍 DEBUG: Received sync message - type: playbackState, sender: EE5K
2025-12-10 09:05:00.021 RedLemon[5366:45177] 🔍 Current guest participant found in polling: ursinho with ID 656DAA91-33B4-4688-9135-C982EA52D7C9
2025-12-10 09:05:00.594 RedLemon[5366:45177] 👥 MPVPlayer: Updated participants list via polling: 2
2025-12-10 09:05:00.916 RedLemon[5366:45380] 📨 Realtime: Received broadcast message
2025-12-10 09:05:00.917 RedLemon[5366:45380]    Payload keys: type, position, timestamp, senderId, isPlaying
2025-12-10 09:05:00.917 RedLemon[5366:45380] ✅ Realtime: Decoded message type: playbackState, sender: EE5K
2025-12-10 09:05:00.917 RedLemon[5366:45380] 📞 Realtime: Invoking syncCallback for message type: playbackState
2025-12-10 09:05:00.917 RedLemon[5366:45380] ✅ Realtime: syncCallback invoked successfully
2025-12-10 09:05:00.922 RedLemon[5366:45177] 🔍 DEBUG: Received sync message - type: playbackState, sender: EE5K
2025-12-10 09:05:02.623 RedLemon[5366:45177] 🔍 Current guest participant found in polling: ursinho with ID 656DAA91-33B4-4688-9135-C982EA52D7C9
2025-12-10 09:05:03.053 RedLemon[5366:45268] 📨 Realtime: Received broadcast message
2025-12-10 09:05:03.053 RedLemon[5366:45268]    Payload keys: position, senderId, type, timestamp, isPlaying
2025-12-10 09:05:03.054 RedLemon[5366:45268] ✅ Realtime: Decoded message type: playbackState, sender: EE5K
2025-12-10 09:05:03.054 RedLemon[5366:45268] 📞 Realtime: Invoking syncCallback for message type: playbackState
2025-12-10 09:05:03.054 RedLemon[5366:45268] ✅ Realtime: syncCallback invoked successfully
2025-12-10 09:05:03.073 RedLemon[5366:45177] 🔍 DEBUG: Received sync message - type: playbackState, sender: EE5K
2025-12-10 09:05:04.963 RedLemon[5366:45268] 📨 Realtime: Received broadcast message
2025-12-10 09:05:04.963 RedLemon[5366:45268]    Payload keys: position, type, senderId, timestamp, isPlaying
2025-12-10 09:05:04.964 RedLemon[5366:45268] ✅ Realtime: Decoded message type: playbackState, sender: EE5K
2025-12-10 09:05:04.964 RedLemon[5366:45268] 📞 Realtime: Invoking syncCallback for message type: playbackState
2025-12-10 09:05:04.964 RedLemon[5366:45268] ✅ Realtime: syncCallback invoked successfully
2025-12-10 09:05:04.986 RedLemon[5366:45177] 🔍 DEBUG: Received sync message - type: playbackState, sender: EE5K
2025-12-10 09:05:05.198 RedLemon[5366:45177] 🔍 Current guest participant found in polling: ursinho with ID 656DAA91-33B4-4688-9135-C982EA52D7C9
2025-12-10 09:05:07.059 RedLemon[5366:45266] 📨 Realtime: Received broadcast message
2025-12-10 09:05:07.059 RedLemon[5366:45266]    Payload keys: timestamp, position, isPlaying, senderId, type
2025-12-10 09:05:07.060 RedLemon[5366:45266] ✅ Realtime: Decoded message type: playbackState, sender: EE5K
2025-12-10 09:05:07.060 RedLemon[5366:45266] 📞 Realtime: Invoking syncCallback for message type: playbackState
2025-12-10 09:05:07.060 RedLemon[5366:45266] ✅ Realtime: syncCallback invoked successfully
2025-12-10 09:05:07.076 RedLemon[5366:45177] 🔍 DEBUG: Received sync message - type: playbackState, sender: EE5K
2025-12-10 09:05:09.006 RedLemon[5366:45268] 📨 Realtime: Received broadcast message
2025-12-10 09:05:09.006 RedLemon[5366:45268]    Payload keys: type, isPlaying, timestamp, senderId, position
2025-12-10 09:05:09.007 RedLemon[5366:45268] ✅ Realtime: Decoded message type: playbackState, sender: EE5K
2025-12-10 09:05:09.007 RedLemon[5366:45268] 📞 Realtime: Invoking syncCallback for message type: playbackState
2025-12-10 09:05:09.007 RedLemon[5366:45268] ✅ Realtime: syncCallback invoked successfully
2025-12-10 09:05:09.042 RedLemon[5366:45177] 🔍 DEBUG: Received sync message - type: playbackState, sender: EE5K
2025-12-10 09:05:10.951 RedLemon[5366:45268] 📨 Realtime: Received broadcast message
2025-12-10 09:05:10.951 RedLemon[5366:45268]    Payload keys: timestamp, type, position, isPlaying, senderId
2025-12-10 09:05:10.952 RedLemon[5366:45268] ✅ Realtime: Decoded message type: playbackState, sender: EE5K
2025-12-10 09:05:10.952 RedLemon[5366:45268] 📞 Realtime: Invoking syncCallback for message type: playbackState
2025-12-10 09:05:10.952 RedLemon[5366:45268] ✅ Realtime: syncCallback invoked successfully
2025-12-10 09:05:10.965 RedLemon[5366:45177] 🔍 DEBUG: Received sync message - type: playbackState, sender: EE5K
2025-12-10 09:05:12.998 RedLemon[5366:45268] 📨 Realtime: Received broadcast message
2025-12-10 09:05:12.998 RedLemon[5366:45268]    Payload keys: position, senderId, type, timestamp, isPlaying
2025-12-10 09:05:12.998 RedLemon[5366:45268] ✅ Realtime: Decoded message type: playbackState, sender: EE5K
2025-12-10 09:05:12.998 RedLemon[5366:45268] 📞 Realtime: Invoking syncCallback for message type: playbackState
2025-12-10 09:05:12.999 RedLemon[5366:45268] ✅ Realtime: syncCallback invoked successfully
2025-12-10 09:05:13.013 RedLemon[5366:45177] 🔍 DEBUG: Received sync message - type: playbackState, sender: EE5K
2025-12-10 09:05:14.946 RedLemon[5366:45246] 📨 Realtime: Received broadcast message
2025-12-10 09:05:14.946 RedLemon[5366:45246]    Payload keys: position, senderId, timestamp, type, isPlaying
2025-12-10 09:05:14.948 RedLemon[5366:45246] ✅ Realtime: Decoded message type: playbackState, sender: EE5K
2025-12-10 09:05:14.949 RedLemon[5366:45246] 📞 Realtime: Invoking syncCallback for message type: playbackState
2025-12-10 09:05:14.949 RedLemon[5366:45246] ✅ Realtime: syncCallback invoked successfully
2025-12-10 09:05:14.977 RedLemon[5366:45177] 🔍 DEBUG: Received sync message - type: playbackState, sender: EE5K
2025-12-10 09:05:16.927 RedLemon[5366:45246] 📨 Realtime: Received broadcast message
2025-12-10 09:05:16.927 RedLemon[5366:45246]    Payload keys: isPlaying, timestamp, type, position, senderId
2025-12-10 09:05:16.928 RedLemon[5366:45246] ✅ Realtime: Decoded message type: playbackState, sender: EE5K
2025-12-10 09:05:16.928 RedLemon[5366:45246] 📞 Realtime: Invoking syncCallback for message type: playbackState
2025-12-10 09:05:16.928 RedLemon[5366:45246] ✅ Realtime: syncCallback invoked successfully
2025-12-10 09:05:16.939 RedLemon[5366:45177] 🔍 DEBUG: Received sync message - type: playbackState, sender: EE5K
135-C982EA52D7C9
📡 Connection state: connecting
ℹ️ Already joined channel watch-party:EE5K, skipping join
📡 Connection state: connected
✅ Realtime channel setup complete
✅ Watch party sync initialized with Realtime
🎬 Loading stream: Orphan
   IMDB: tt1148204
   URL: https://chi6-4.download.real-debrid.com/d/LSWBZKJDPKZHE43/Or...
💬 Added mock chat messages for testing
👥 WATCH PARTY MODE: Starting PAUSED for synchronization
📨 Received: {"ref":"4","event":"phx_reply","payload":{"status":"ok","response":{}},"topic":"realtime:watch-party:EE5K"}
📨 Received: {"ref":null,"event":"presence_diff","payload":{"joins":{"291e57fe-d5d1-11f0-a1c0-0a58a9feac02":{"metas":[{"phx_ref":"GH_fp5xPKak_lKyC","phx_ref_prev":"GH_fpHFn25A_lJQE","is_host":false,"joined_at":1765375489.8828511,"user_id":"656DAA91-33B4-4688-9135-C982EA52D7C9","username":"ursinho"}]}},"leaves":{"291e57fe-d5d1-11f0-a1c0-0a58a9feac02":{"metas":[{"phx_ref":"GH_fpHFn25A_lJQE","phx_ref_prev":"GH_fpHFkZ7c_lDFK","is_host":false,"joined_at":1765375476.280412,"user_id":"656DAA91-33B4-4688-9135-C982EA52D7C9","username":"ursinho"}]}}},"topic":"realtime:watch-party:EE5K"}
⏯️ MPV: Pause state changed to false -> isPlaying = true
📡 Fetching metadata for tt1148204 as movie...
✅ Cache HIT: Metadata[meta_movie_tt1148204]
⏳ Participant leaving (grace period started): 656DAA91-33B4-4688-9135-C982EA52D7C9
📨 Received: {"ref":"2","event":"phx_reply","payload":{"status":"ok","response":{}},"topic":"realtime:global-presence"}
📨 Received: {"ref":null,"event":"presence_diff","payload":{"joins":{"23a6b1fe-d5d1-11f0-a7b8-0a58a9feac02":{"metas":[{"phx_ref":"GH_fp5-Q_l3rP6VF","phx_ref_prev":"GH_fok6mSDfrP7jB","last_seen":"2025-12-10T14:04:49Z","room_id":"EE5K","started_at":"2025-12-10T14:04:49Z","status":"online","user_id":"656DAA91-33B4-4688-9135-C982EA52D7C9","username":"ursinho","watching_id":"tt1148204","watching_title":"Orphan","watching_type":"movie"}]}},"leaves":{"23a6b1fe-d5d1-11f0-a7b8-0a58a9feac02":{"metas":[{"phx_ref":"GH_fok6mSDfrP7jB","last_seen":"2025-12-10T14:04:27Z","status":"online","user_id":"656DAA91-33B4-4688-9135-C982EA52D7C9","username":"ursinho"}]}}},"topic":"realtime:global-presence"}
✅ Got background: https://images.metahub.space/background/medium/tt1148204/img...
✅ Got poster URL: https://images.metahub.space/poster/small/tt1148204/img...
✅ Got logo: https://images.metahub.space/logo/medium/tt1148204/img...
📡 SocialService: Updated status - Watching: Orphan
📨 Received: {"ref":null,"event":"presence_diff","payload":{"joins":{"1aef7de8-d5d1-11f0-ad3c-0a58a9feac02":{"metas":[{"phx_ref":"GH_fp10tG0qAHdyO","phx_ref_prev":"GH_fnugFnO-AHdrK","is_host":true,"joined_at":1765375488.75067,"user_id":"96E01CDB-36C0-4228-A6E4-A29A3C66BC8E","username":"lemontom"}]}},"leaves":{"1aef7de8-d5d1-11f0-ad3c-0a58a9feac02":{"metas":[{"phx_ref":"GH_fnugFnO-AHdrK","phx_ref_prev":"GH_fnugC-WmAHdqK","is_host":true,"joined_at":1765375452.413074,"user_id":"96E01CDB-36C0-4228-A6E4-A29A3C66BC8E","username":"lemontom"}]}}},"topic":"realtime:watch-party:EE5K"}
⏳ Participant leaving (grace period started): 96E01CDB-36C0-4228-A6E4-A29A3C66BC8E
⏳ MPVPlayerViewModel: Enhancing UI - Buffering started (show spinner)
📨 Received: {"ref":null,"event":"broadcast","payload":{"event":"sync","payload":{"isPlaying":false,"position":0,"senderId":"96E01CDB-36C0-4228-A6E4-A29A3C66BC8E","timestamp":1765375490.3435822,"type":"ready"},"type":"broadcast"},"topic":"realtime:watch-party:EE5K"}
🎬 DisplayLink: reportSwap() (throttled)
📨 Received: {"ref":null,"event":"broadcast","payload":{"event":"sync","payload":{"isPlaying":false,"position":0,"senderId":"EE5K","timestamp":0,"type":"playbackState"},"type":"broadcast"},"topic":"realtime:watch-party:EE5K"}
[MPV] (+) Video --vid=1 (*) 'Orphan 2009 BluRay 1080p By MgB' (h264 1920x1080 23.976fps)
[MPV] (+) Audio --aid=1 --alang=eng (*) 'English DTS 5.1 @ 768 Kbps - Original' (dts 6ch 48000Hz)
[MPV] Audio --aid=2 --alang=eng 'English AC3 5.1 @ 640 Kbps - Original' (ac3 6ch 48000Hz)
[MPV] (+) Subs  --sid=1 --slang=eng (subrip)
[MPV] Subs  --sid=2 --slang=eng 'SDH' (subrip)
[MPV] Subs  --sid=3 --slang=bul (subrip)
[MPV] Subs  --sid=4 --slang=dan (subrip)
[MPV] Subs  --sid=5 --slang=dut (subrip)
[MPV] Subs  --sid=6 --slang=fre (subrip)
[MPV] Subs  --sid=7 --slang=swe (subrip)
[MPV] File tags:
[MPV] Title: Orphan 2009 BluRay 1080p DTS AC3 x264-MgB
 MPV Event: 18
 MPV Event: 18
🔍 AUDIO AUTO-SELECT: Starting smart audio track scan
🔍 Track 1: English DTS 5.1 @ 768 Kbps - Original | 6ch | English: true | Commentary: false -> Score: 1065
🔍 Track 2: English AC3 5.1 @ 640 Kbps - Original | 6ch | English: true | Commentary: false -> Score: 1060
🏆 Selected best audio track: English DTS 5.1 @ 768 Kbps - Original (ID: 1, Score: 1065)
🔍 AUTO-SELECT: Starting subtitle scan during FILE_LOADED event
🔍 AUTO-SELECT: Found 10 total tracks
🔍 AUTO-SELECT: Track 3 - ID: 1, lang: 'eng', title: 'nil', forced: false, default: false
🔍 AUTO-SELECT: Track 4 - ID: 2, lang: 'eng', title: 'SDH', forced: false, default: false
🔍 AUTO-SELECT: Track 5 - ID: 3, lang: 'bul', title: 'nil', forced: false, default: false
🔍 AUTO-SELECT: Track 6 - ID: 4, lang: 'dan', title: 'nil', forced: false, default: false
🔍 AUTO-SELECT: Track 7 - ID: 5, lang: 'dut', title: 'nil', forced: false, default: false
🔍 AUTO-SELECT: Track 8 - ID: 6, lang: 'fre', title: 'nil', forced: false, default: false
🔍 AUTO-SELECT: Track 9 - ID: 7, lang: 'swe', title: 'nil', forced: false, default: false
✅ Auto-selecting BEST English subtitle: SDH (ID: 2) [External: false, Forced: false, Default: false]
 MPV Event: 18
🎬 canDraw() = true (forceDraw:false, hasFrame:true) (throttled)
🎬 draw() - Rendering frame! (throttled)
 MPV Event: 17
 MPV Event: 17
[MPV] Using hardware decoding (videotoolbox).
[MPV] AO: [coreaudio] 48000Hz stereo 2ch floatp
[MPV] VO: [libmpv] 1920x1080 videotoolbox[nv12]
[MPV] Track switched:
[MPV] (+) Video --vid=1 (*) 'Orphan 2009 BluRay 1080p By MgB' (h264 [High] 1920x1080 23.976fps)
[MPV] (+) Audio --aid=1 --alang=eng (*) 'English DTS 5.1 @ 768 Kbps - Original' (dts [DTS] 6ch 48000Hz)
[MPV] Audio --aid=2 --alang=eng 'English AC3 5.1 @ 640 Kbps - Original' (ac3 6ch 48000Hz)
[MPV] (+) Subs  --sid=1 --slang=eng (subrip)
[MPV] Subs  --sid=2 --slang=eng 'SDH' (subrip)
[MPV] Subs  --sid=3 --slang=bul (subrip)
[MPV] Subs  --sid=4 --slang=dan (subrip)
[MPV] Subs  --sid=5 --slang=dut (subrip)
[MPV] Subs  --sid=6 --slang=fre (subrip)
[MPV] Subs  --sid=7 --slang=swe (subrip)
[MPV] Track switched:
[MPV] (+) Video --vid=1 (*) 'Orphan 2009 BluRay 1080p By MgB' (h264 [High] 1920x1080 23.976fps)
[MPV] (+) Audio --aid=1 --alang=eng (*) 'English DTS 5.1 @ 768 Kbps - Original' (dts [DTS] 6ch 48000Hz)
[MPV] Audio --aid=2 --alang=eng 'English AC3 5.1 @ 640 Kbps - Original' (ac3 6ch 48000Hz)
[MPV] Subs  --sid=1 --slang=eng (subrip)
[MPV] (+) Subs  --sid=2 --slang=eng 'SDH' (subrip)
[MPV] Subs  --sid=3 --slang=bul (subrip)
[MPV] Subs  --sid=4 --slang=dan (subrip)
[MPV] Subs  --sid=5 --slang=dut (subrip)
[MPV] Subs  --sid=6 --slang=fre (subrip)
[MPV] Subs  --sid=7 --slang=swe (subrip)
📨 Received: {"ref":null,"event":"broadcast","payload":{"event":"sync","payload":{"isPlaying":false,"position":0,"senderId":"656DAA91-33B4-4688-9135-C982EA52D7C9","timestamp":1765375491.48497,"type":"ready"},"type":"broadcast"},"topic":"realtime:watch-party:EE5K"}
🎬 DisplayLink: reportSwap() (throttled)
📨 Received: {"ref":null,"event":"broadcast","payload":{"event":"sync","payload":{"isPlaying":false,"position":0,"senderId":"96E01CDB-36C0-4228-A6E4-A29A3C66BC8E","timestamp":1765375492.3438249,"type":"ready"},"type":"broadcast"},"topic":"realtime:watch-party:EE5K"}
📨 Received: {"ref":null,"event":"broadcast","payload":{"event":"sync","payload":{"isPlaying":true,"position":0,"senderId":"96E01CDB-36C0-4228-A6E4-A29A3C66BC8E","timestamp":1765375492.5599952,"type":"play"},"type":"broadcast"},"topic":"realtime:watch-party:EE5K"}
🎬 Received PLAY signal - All guests ready! Starting playback.
🎬 MPV: Frame ready! Calling layer.update() (throttled)
✅ Video ready - hiding poster
📝 Started watch history tracking
⏳ MPV: Buffering state changed: true (paused-for-cache)
⏳ MPVPlayerViewModel: Enhancing UI - Buffering started (show spinner)
🎬 DisplayLink: reportSwap() (throttled)
📨 Received: {"ref":null,"event":"broadcast","payload":{"event":"sync","payload":{"isPlaying":true,"position":0,"senderId":"EE5K","timestamp":0.13,"type":"playbackState"},"type":"broadcast"},"topic":"realtime:watch-party:EE5K"}
⚡ Ultra-gentle sync: 1.005x to fix 206ms drift
⚡ Playback speed adjusted to 1.00x for sync
📨 Received: {"ref":null,"event":"broadcast","payload":{"event":"sync","payload":{"isPlaying":true,"position":0.714,"senderId":"96E01CDB-36C0-4228-A6E4-A29A3C66BC8E","timestamp":1765375493.413337,"type":"play"},"type":"broadcast"},"topic":"realtime:watch-party:EE5K"}
🎬 DisplayLink: reportSwap() (throttled)
🎬 Layer.update() called - forceDraw:false needsFlip:true (throttled)
⏳ MPV: Buffering state changed: false (paused-for-cache)
✅ MPVPlayerViewModel: Enhancing UI - Buffering finished (hide spinner)
🎬 MPV: Frame ready! Calling layer.update() (throttled)
🎬 DisplayLink: reportSwap() (throttled)
📨 Received: {"ref":null,"event":"broadcast","payload":{"event":"sync","payload":{"isPlaying":true,"position":0,"senderId":"EE5K","timestamp":1.882,"type":"playbackState"},"type":"broadcast"},"topic":"realtime:watch-party:EE5K"}
⚡ Gentle speed sync: 1.01x to fix 638ms drift
⚡ Playback speed adjusted to 1.01x for sync
🎬 DisplayLink: reportSwap() (throttled)
🎬 canDraw() = true (forceDraw:false, hasFrame:true) (throttled)
🎬 draw() - Rendering frame! (throttled)
🎬 MPV: Frame ready! Calling layer.update() (throttled)
🎬 DisplayLink: reportSwap() (throttled)
📨 Received: {"ref":null,"event":"broadcast","payload":{"event":"sync","payload":{"isPlaying":true,"position":0,"senderId":"EE5K","timestamp":3.9259999999999997,"type":"playbackState"},"type":"broadcast"},"topic":"realtime:watch-party:EE5K"}
💓 Heartbeat sent
⚡ Gentle speed sync: 1.01x to fix 885ms drift
📨 Received: {"ref":"3","event":"phx_reply","payload":{"status":"ok","response":{}},"topic":"phoenix"}
⚡ Playback speed adjusted to 1.01x for sync
🎬 Layer.update() called - forceDraw:false needsFlip:true (throttled)
💓 Heartbeat sent
📨 Received: {"ref":"1","event":"phx_reply","payload":{"status":"ok","response":{}},"topic":"phoenix"}
🎬 DisplayLink: reportSwap() (throttled)
🎬 MPV: Frame ready! Calling layer.update() (throttled)
🎬 DisplayLink: reportSwap() (throttled)
📨 Received: {"ref":null,"event":"broadcast","payload":{"event":"sync","payload":{"isPlaying":true,"position":0,"senderId":"EE5K","timestamp":6.011,"type":"playbackState"},"type":"broadcast"},"topic":"realtime:watch-party:EE5K"}
⚡ Adaptive speed sync: 1.021x to fix 1.0s drift
⚡ Playback speed adjusted to 1.02x for sync
🎬 DisplayLink: reportSwap() (throttled)
👋 Participant left (confirmed): 291e57fe-d5d1-11f0-a1c0-0a58a9feac02
🎬 Layer.update() called - forceDraw:false needsFlip:true (throttled)
👋 Participant left (confirmed): 1aef7de8-d5d1-11f0-ad3c-0a58a9feac02
🎬 MPV: Frame ready! Calling layer.update() (throttled)
🎬 DisplayLink: reportSwap() (throttled)
📨 Received: {"ref":null,"event":"broadcast","payload":{"event":"sync","payload":{"isPlaying":true,"position":0,"senderId":"EE5K","timestamp":7335.329831274414,"type":"playbackState"},"type":"broadcast"},"topic":"realtime:watch-party:EE5K"}
🔄 Large drift (1466.8s) - seeking to 7337.0s (host at 7335.8s + 1.2s offset)
 MPV Event: 20
🎬 DisplayLink: reportSwap() (throttled)
🎬 canDraw() = true (forceDraw:false, hasFrame:true) (throttled)
🎬 draw() - Rendering frame! (throttled)
✅ MPVPlayerViewModel: Enhancing UI - Buffering finished (hide spinner)
🎬 MPV: Frame ready! Calling layer.update() (throttled)
🎬 DisplayLink: reportSwap() (throttled)
📨 Received: {"ref":null,"event":"broadcast","payload":{"event":"sync","payload":{"isPlaying":true,"position":0,"senderId":"EE5K","timestamp":7336.209,"type":"playbackState"},"type":"broadcast"},"topic":"realtime:watch-party:EE5K"}
🎬 Layer.update() called - forceDraw:false needsFlip:true (throttled)
⚡ Adaptive speed sync: 0.980x to fix 1.0s drift
⚡ Playback speed adjusted to 0.98x for sync
🎬 DisplayLink: reportSwap() (throttled)
🎬 MPV: Frame ready! Calling layer.update() (throttled)
🎬 DisplayLink: reportSwap() (throttled)
📨 Received: {"ref":null,"event":"broadcast","payload":{"event":"sync","payload":{"isPlaying":true,"position":0,"senderId":"EE5K","timestamp":7337.960999999999,"type":"playbackState"},"type":"broadcast"},"topic":"realtime:watch-party:EE5K"}
⚡ Adaptive speed sync: 0.977x to fix 1.2s drift
⚡ Playback speed adjusted to 0.98x for sync
🎬 DisplayLink: reportSwap() (throttled)
💓 Heartbeat sent
📨 Received: {"ref":"6","event":"phx_reply","payload":{"status":"ok","response":{}},"topic":"phoenix"}
🎬 Layer.update() called - forceDraw:false needsFlip:true (throttled)
🎬 MPV: Frame ready! Calling layer.update() (throttled)
🎬 DisplayLink: reportSwap() (throttled)
📨 Received: {"ref":null,"event":"broadcast","payload":{"event":"sync","payload":{"isPlaying":true,"position":0,"senderId":"EE5K","timestamp":7340.004,"type":"playbackState"},"type":"broadcast"},"topic":"realtime:watch-party:EE5K"}
⚡ Adaptive speed sync: 0.976x to fix 1.2s drift
🎬 canDraw() = true (forceDraw:false, hasFrame:true) (throttled)
🎬 draw() - Rendering frame! (throttled)
⚡ Playback speed adjusted to 0.98x for sync
🎬 DisplayLink: reportSwap() (throttled)
🎬 MPV: Frame ready! Calling layer.update() (throttled)
🎬 DisplayLink: reportSwap() (throttled)
📨 Received: {"ref":null,"event":"broadcast","payload":{"event":"sync","payload":{"isPlaying":true,"position":0,"senderId":"EE5K","timestamp":7342.089999999999,"type":"playbackState"},"type":"broadcast"},"topic":"realtime:watch-party:EE5K"}
⚡ Adaptive speed sync: 0.977x to fix 1.2s drift
⚡ Playback speed adjusted to 0.98x for sync
🎬 Layer.update() called - forceDraw:false needsFlip:true (throttled)
🎬 DisplayLink: reportSwap() (throttled)
🎬 MPV: Frame ready! Calling layer.update() (throttled)
🎬 DisplayLink: reportSwap() (throttled)
📨 Received: {"ref":null,"event":"broadcast","payload":{"event":"sync","payload":{"isPlaying":true,"position":0,"senderId":"EE5K","timestamp":7344.133,"type":"playbackState"},"type":"broadcast"},"topic":"realtime:watch-party:EE5K"}
⚡ Adaptive speed sync: 0.977x to fix 1.1s drift
⚡ Playback speed adjusted to 0.98x for sync
🎬 DisplayLink: reportSwap() (throttled)
🎬 canDraw() = true (forceDraw:false, hasFrame:true) (throttled)
🎬 draw() - Rendering frame! (throttled)
🎬 Layer.update() called - forceDraw:false needsFlip:true (throttled)
🎬 MPV: Frame ready! Calling layer.update() (throttled)
🎬 DisplayLink: reportSwap() (throttled)
📨 Received: {"ref":null,"event":"broadcast","payload":{"event":"sync","payload":{"isPlaying":true,"position":0,"senderId":"EE5K","timestamp":7346.177,"type":"playbackState"},"type":"broadcast"},"topic":"realtime:watch-party:EE5K"}
⚡ Adaptive speed sync: 0.977x to fix 1.1s drift
⚡ Playback speed adjusted to 0.98x for sync
🎬 DisplayLink: reportSwap() (throttled)
🎬 MPV: Frame ready! Calling layer.update() (throttled)
📨 Received: {"ref":null,"event":"broadcast","payload":{"event":"sync","payload":{"isPlaying":true,"position":0,"senderId":"EE5K","timestamp":7347.929,"type":"playbackState"},"type":"broadcast"},"topic":"realtime:watch-party:EE5K"}
⚡ Adaptive speed sync: 0.979x to fix 1.1s drift
⚡ Playback speed adjusted to 0.98x for sync
🎬 DisplayLink: reportSwap() (throttled)
🎬 Layer.update() called - forceDraw:false needsFlip:true (throttled)
🎬 DisplayLink: reportSwap() (throttled)
🎬 MPV: Frame ready! Calling layer.update() (throttled)
📨 Received: {"ref":null,"event":"broadcast","payload":{"event":"sync","payload":{"isPlaying":true,"position":0,"senderId":"EE5K","timestamp":7349.973,"type":"playbackState"},"type":"broadcast"},"topic":"realtime:watch-party:EE5K"}
⚡ Adaptive speed sync: 0.980x to fix 1.0s drift
⚡ Playback speed ad2025-12-10 09:05:18.937 RedLemon[5366:45266] 📨 Realtime: Received broadcast message
2025-12-10 09:05:18.938 RedLemon[5366:45266]    Payload keys: timestamp, type, senderId, isPlaying, position
2025-12-10 09:05:18.938 RedLemon[5366:45266] ✅ Realtime: Decoded message type: playbackState, sender: EE5K
2025-12-10 09:05:18.938 RedLemon[5366:45266] 📞 Realtime: Invoking syncCallback for message type: playbackState
2025-12-10 09:05:18.939 RedLemon[5366:45266] ✅ Realtime: syncCallback invoked successfully
2025-12-10 09:05:18.941 RedLemon[5366:45177] 🔍 DEBUG: Received sync message - type: playbackState, sender: EE5K
2025-12-10 09:05:20.985 RedLemon[5366:45380] 📨 Realtime: Received broadcast message
2025-12-10 09:05:20.986 RedLemon[5366:45380]    Payload keys: position, isPlaying, timestamp, senderId, type
2025-12-10 09:05:20.986 RedLemon[5366:45380] ✅ Realtime: Decoded message type: playbackState, sender: EE5K
2025-12-10 09:05:20.987 RedLemon[5366:45380] 📞 Realtime: Invoking syncCallback for message type: playbackState
2025-12-10 09:05:20.987 RedLemon[5366:45380] ✅ Realtime: syncCallback invoked successfully
2025-12-10 09:05:21.016 RedLemon[5366:45177] 🔍 DEBUG: Received sync message - type: playbackState, sender: EE5K
2025-12-10 09:05:23.033 RedLemon[5366:45287] 📨 Realtime: Received broadcast message
2025-12-10 09:05:23.033 RedLemon[5366:45287]    Payload keys: isPlaying, position, senderId, timestamp, type
2025-12-10 09:05:23.034 RedLemon[5366:45287] ✅ Realtime: Decoded message type: playbackState, sender: EE5K
2025-12-10 09:05:23.034 RedLemon[5366:45287] 📞 Realtime: Invoking syncCallback for message type: playbackState
2025-12-10 09:05:23.034 RedLemon[5366:45287] ✅ Realtime: syncCallback invoked successfully
2025-12-10 09:05:23.038 RedLemon[5366:45177] 🔍 DEBUG: Received sync message - type: playbackState, sender: EE5K
2025-12-10 09:05:24.979 RedLemon[5366:45266] 📨 Realtime: Received broadcast message
2025-12-10 09:05:24.979 RedLemon[5366:45266]    Payload keys: position, type, timestamp, senderId, isPlaying
2025-12-10 09:05:24.979 RedLemon[5366:45266] ✅ Realtime: Decoded message type: playbackState, sender: EE5K
2025-12-10 09:05:24.979 RedLemon[5366:45266] 📞 Realtime: Invoking syncCallback for message type: playbackState
2025-12-10 09:05:24.980 RedLemon[5366:45266] ✅ Realtime: syncCallback invoked successfully
2025-12-10 09:05:25.000 RedLemon[5366:45177] 🔍 DEBUG: Received sync message - type: playbackState, sender: EE5K
2025-12-10 09:05:27.027 RedLemon[5366:45380] 📨 Realtime: Received broadcast message
2025-12-10 09:05:27.027 RedLemon[5366:45380]    Payload keys: senderId, type, position, isPlaying, timestamp
2025-12-10 09:05:27.028 RedLemon[5366:45380] ✅ Realtime: Decoded message type: playbackState, sender: EE5K
2025-12-10 09:05:27.028 RedLemon[5366:45380] 📞 Realtime: Invoking syncCallback for message type: playbackState
2025-12-10 09:05:27.028 RedLemon[5366:45380] ✅ Realtime: syncCallback invoked successfully
2025-12-10 09:05:27.042 RedLemon[5366:45177] 🔍 DEBUG: Received sync message - type: playbackState, sender: EE5K
2025-12-10 09:05:28.973 RedLemon[5366:45287] 📨 Realtime: Received broadcast message
2025-12-10 09:05:28.973 RedLemon[5366:45287]    Payload keys: position, senderId, timestamp, isPlaying, type
2025-12-10 09:05:28.974 RedLemon[5366:45287] ✅ Realtime: Decoded message type: playbackState, sender: EE5K
2025-12-10 09:05:28.974 RedLemon[5366:45287] 📞 Realtime: Invoking syncCallback for message type: playbackState
2025-12-10 09:05:28.974 RedLemon[5366:45287] ✅ Realtime: syncCallback invoked successfully
2025-12-10 09:05:29.003 RedLemon[5366:45177] 🔍 DEBUG: Received sync message - type: playbackState, sender: EE5K
2025-12-10 09:05:31.020 RedLemon[5366:45287] 📨 Realtime: Received broadcast message
2025-12-10 09:05:31.020 RedLemon[5366:45287]    Payload keys: timestamp, type, position, isPlaying, senderId
2025-12-10 09:05:31.021 RedLemon[5366:45287] ✅ Realtime: Decoded message type: playbackState, sender: EE5K
2025-12-10 09:05:31.021 RedLemon[5366:45287] 📞 Realtime: Invoking syncCallback for message type: playbackState
2025-12-10 09:05:31.021 RedLemon[5366:45287] ✅ Realtime: syncCallback invoked successfully
2025-12-10 09:05:31.046 RedLemon[5366:45177] 🔍 DEBUG: Received sync message - type: playbackState, sender: EE5K
2025-12-10 09:05:32.918 RedLemon[5366:45177] 🖥️ WindowManager: exitFullscreen() called
2025-12-10 09:05:32.918 RedLemon[5366:45177]    ✅ WindowManager: Toggling fullscreen OFF
2025-12-10 09:05:32.943 RedLemon[5366:45247] 📨 Realtime: Received broadcast message
2025-12-10 09:05:32.943 RedLemon[5366:45247]    Payload keys: type, position, timestamp, senderId, isPlaying
2025-12-10 09:05:32.944 RedLemon[5366:45247] ✅ Realtime: Decoded message type: playbackState, sender: EE5K
2025-12-10 09:05:32.944 RedLemon[5366:45247] 📞 Realtime: Invoking syncCallback for message type: playbackState
2025-12-10 09:05:32.944 RedLemon[5366:45247] ✅ Realtime: syncCallback invoked successfully
2025-12-10 09:05:33.024 RedLemon[5366:45177] 🪟 WindowManager: restoreWindowSize() called - restoring to expanded size
2025-12-10 09:05:33.024 RedLemon[5366:45177]    📐 WindowManager: Restoring to expanded size: (0.0, 0.0, 1366.0, 743.0)
2025-12-10 09:05:33.049 RedLemon[5366:45177]    ✅ WindowManager: Window restored to expanded size
2025-12-10 09:05:33.105 RedLemon[5366:45177] 🔍 DEBUG: Received sync message - type: playbackState, sender: EE5K
justed to 0.98x for sync
🎬 DisplayLink: reportSwap() (throttled)
🎬 canDraw() = true (forceDraw:false, hasFrame:true) (throttled)
🎬 draw() - Rendering frame! (throttled)
🎬 DisplayLink: reportSwap() (throttled)
🎬 Layer.update() called - forceDraw:false needsFlip:true (throttled)
🎬 MPV: Frame ready! Calling layer.update() (throttled)
📨 Received: {"ref":null,"event":"broadcast","payload":{"event":"sync","payload":{"isPlaying":true,"position":0,"senderId":"EE5K","timestamp":7352.099999999999,"type":"playbackState"},"type":"broadcast"},"topic":"realtime:watch-party:EE5K"}
⚡ Gentle speed sync: 0.99x to fix 984ms drift
⚡ Playback speed adjusted to 0.99x for sync
🎬 DisplayLink: reportSwap() (throttled)
🎬 DisplayLink: reportSwap() (throttled)
🎬 MPV: Frame ready! Calling layer.update() (throttled)
📨 Received: {"ref":null,"event":"broadcast","payload":{"event":"sync","payload":{"isPlaying":true,"position":0,"senderId":"EE5K","timestamp":7354.143,"type":"playbackState"},"type":"broadcast"},"topic":"realtime:watch-party:EE5K"}
⚡ Gentle speed sync: 0.99x to fix 909ms drift
⚡ Playback speed adjusted to 0.99x for sync
🎬 DisplayLink: reportSwap() (throttled)
🎬 Layer.update() called - forceDraw:false needsFlip:true (throttled)
🎬 DisplayLink: reportSwap() (throttled)
🎬 canDraw() = true (forceDraw:false, hasFrame:true) (throttled)
🎬 draw() - Rendering frame! (throttled)
💾 Saved to watch history: Orphan at 7357s
🎬 MPV: Frame ready! Calling layer.update() (throttled)
📨 Received: {"ref":null,"event":"broadcast","payload":{"event":"sync","payload":{"isPlaying":true,"position":0,"senderId":"EE5K","timestamp":7355.8949999999995,"type":"playbackState"},"type":"broadcast"},"topic":"realtime:watch-party:EE5K"}
⚡ Gentle speed sync: 0.99x to fix 892ms drift
⚡ Playback speed adjusted to 0.99x for sync
🎬 DisplayLink: reportSwap() (throttled)
🎬 DisplayLink: reportSwap() (throttled)
🎬 Layer.update() called - forceDraw:false needsFlip:true (throttled)
🎬 MPV: Frame ready! Calling layer.update() (throttled)
📨 Received: {"ref":null,"event":"broadcast","payload":{"event":"sync","payload":{"isPlaying":true,"position":0,"senderId":"EE5K","timestamp":7357.981,"type":"playbackState"},"type":"broadcast"},"topic":"realtime:watch-party:EE5K"}
⚡ Gentle speed sync: 0.99x to fix 868ms drift
⚡ Playback speed adjusted to 0.99x for sync
🎬 DisplayLink: reportSwap() (throttled)
🎬 DisplayLink: reportSwap() (throttled)
🎬 MPV: Frame ready! Calling layer.update() (throttled)
📨 Received: {"ref":null,"event":"broadcast","payload":{"event":"sync","payload":{"isPlaying":true,"position":0,"senderId":"EE5K","timestamp":7360.023999999999,"type":"playbackState"},"type":"broadcast"},"topic":"realtime:watch-party:EE5K"}
💓 Heartbeat sent
⚡ Gentle speed sync: 0.99x to fix 851ms drift
⚡ Playback speed adjusted to 0.99x for sync
📨 Received: {"ref":"4","event":"phx_reply","payload":{"status":"ok","response":{}},"topic":"phoenix"}
🎬 DisplayLink: reportSwap() (throttled)
💓 Heartbeat sent
🎬 canDraw() = true (forceDraw:false, hasFrame:true) (throttled)
🎬 draw() - Rendering frame! (throttled)
📨 Received: {"ref":"2","event":"phx_reply","payload":{"status":"ok","response":{}},"topic":"phoenix"}
🎬 Layer.update() called - forceDraw:false needsFlip:true (throttled)
🎬 DisplayLink: reportSwap() (throttled)
🎬 MPV: Frame ready! Calling layer.update() (throttled)
📨 Received: {"ref":null,"event":"broadcast","payload":{"event":"sync","payload":{"isPlaying":true,"position":0,"senderId":"EE5K","timestamp":7362.067999999999,"type":"playbackState"},"type":"broadcast"},"topic":"realtime:watch-party:EE5K"}
⚡ Gentle speed sync: 0.99x to fix 851ms drift
⚡ Playback speed adjusted to 0.99x for sync
🎬 DisplayLink: reportSwap() (throttled)
🎬 DisplayLink: reportSwap() (throttled)
🎬 Layer.update() called - forceDraw:false needsFlip:true (throttled)
🎬 MPV: Frame ready! Calling layer.update() (throttled)
📨 Received: {"ref":null,"event":"broadcast","payload":{"event":"sync","payload":{"isPlaying":true,"position":0,"senderId":"EE5K","timestamp":7364.152999999999,"type":"playbackState"},"type":"broadcast"},"topic":"realtime:watch-party:EE5K"}
⚡ Gentle speed sync: 0.99x to fix 901ms drift
⚡ Playback speed adjusted to 0.99x for sync
🎬 DisplayLink: reportSwap() (throttled)
🎬 DisplayLink: reportSwap() (throttled)
🎬 canDraw() = true (forceDraw:false, hasFrame:true) (throttled)
🎬 draw() - Rendering frame! (throttled)
 MPV Event: 18
 MPV Event: 17
🏁 MPV: Playback finished (EOF - reason: 0)
🏁 MPV: Setting playbackFinished = true
🏁 MPV: playbackFinished is now true
🎬 MPVPlayerView: onChange triggered - playbackFinished = true
🎬 MPVPlayerView: Playback finished, triggering callback
🎬 MPVPlayerView: onPlaybackFinished callback exists: true
🎬 MPVPlayerView: Callback invoked
🎬 AppState.handleMovieFinished() called
🎬   isEventPlayback: false
🎬   currentWatchPartyRoom: EE5K
🎬   currentView: player
🎬 Calling exitPlayer(keepRoomState: true)...
❌ RedLemon: NOT showing MPVPlayerView
   isResolvingStream: false
   streamError: nil
   selectedStream: NIL
🎬 Stopping CVDisplayLink...
🎬 CVDisplayLink stopped and released
🎬 MPVViewLayer uniniting...
🧹 Freeing render context on OpenGL thread...
📨 Received: {"ref":null,"event":"broadcast","payload":{"event":"sync","payload":{"isPlaying":true,"position":0,"senderId":"EE5K","timestamp":7365.947,"type":"playbackState"},"type":"broadcast"},"topic":"realtime:watch-party:EE5K"}
🎬 MPVViewLayer cleanup complete
📝 Stopped watch history tracking
⏱️ Invalidating all active timers
✅ Player exited (Room state preserved)
🎬 exitPlayer() completed
🔄 Playlist item finished - returning to lobby
🎬 MPVLayerHostView deinit
⚡ Gentle speed sync: 0.99x to fix 884ms drift
 MPV Event: 18
🧹 Cleaning up MPV player...
⚡ Playback speed adjusted to 0.99x for sync
📨 Received: {"ref":"5","event":"phx_reply","payload":{"status":"ok","response":{}},"topic":"realtime:global-presence"}
📨 Received: {"ref":null,"event":"presence_diff","payload":{"joins":{"23a6b1fe-d5d1-11f0-a7b8-0a58a9feac02":{"metas":[{"phx_ref":"GH_fsaygH-frPxMJ","phx_ref_prev":"GH_fp5-Q_l3rP6VF","last_seen":"2025-12-10T14:05:33Z","status":"online","user_id":"656DAA91-33B4-4688-9135-C982EA52D7C9","username":"ursinho"}]}},"leaves":{"23a6b1fe-d5d1-11f0-a7b8-0a58a9feac02":{"metas":[{"phx_ref":"GH_fp5-Q_l3rP6VF","phx_ref_prev":"GH_fok6mSDfrP7jB","last_seen":"2025-12-10T14:04:49Z","room_id":"EE5K","started_at":"2025-12-10T14:04:49Z","status":"online","user_id":"656DAA91-33B4-4688-9135-C982EA52D7C9","username":"ursinho","watching_id":"tt1148204","watching_title":"Orphan","watching_type":"movie"}]}}},"topic":"realtime:global-presence"}
❌ RedLemon: NOT showing MPVPlayerView
   isResolvingStream: false
   streamError: nil
   selectedStream: NIL
🎭 Lobby: Connecting to room EE5K...
 MPV Event: 17
▶️ Sync: Resuming playback to match Host
📡 SocialService: Updated status - Watching: Nothing
🗑️ Invalidated all active timers
🧹 Cleaning up Realtime channel for room: EE5K
🔄 Untracking presence...
🔄 Lobby: Fetching fresh room state from Supabase...
✅ Presence untracked
🔄 Leaving channel...
✅ Channel left
ℹ️ Keeping WebSocket connected (disconnectClient=false)
✅ Realtime channel cleanup complete
[ INFO ] GET /api/metadata/meta/movie/tt1148204 [request-id: CA947C51-F3A1-4CC7-81B4-96A1942A2B8B]
2025-12-10 09:05:33.408 RedLemon[5366:45247] ⚠️ SupabaseClient: User already in room (409), proceeding...
2025-12-10 09:05:33.542 RedLemon[5366:45177] ✅ Guest joined room EE5K in database
2025-12-10 09:05:33.572 RedLemon[5366:45247] 📤 Realtime: Sending message type: chat, sender: 656DAA91-33B4-4688-9135-C982EA52D7C9
2025-12-10 09:05:33.573 RedLemon[5366:45247]    Payload keys: position, type, chatText, chatUsername, senderId, timestamp
2025-12-10 09:05:33.574 RedLemon[5366:45247] ✅ Realtime: Message broadcast complete
2025-12-10 09:05:33.613 RedLemon[5366:45247] 📨 Realtime: Received broadcast message
2025-12-10 09:05:33.613 RedLemon[5366:45247]    Payload keys: chatText, senderId, position, timestamp, chatUsername, type
2025-12-10 09:05:33.614 RedLemon[5366:45247] ✅ Realtime: Decoded message type: chat, sender: 656DAA91-33B4-4688-9135-C982EA52D7C9
2025-12-10 09:05:33.614 RedLemon[5366:45247] 📞 Realtime: Invoking syncCallback for message type: chat
2025-12-10 09:05:33.615 RedLemon[5366:45247] ✅ Realtime: syncCallback invoked successfully
2025-12-10 09:05:33.615 RedLemon[5366:45177] 👋 Received: Guest 'ursinho' joined room EE5K
2025-12-10 09:05:33.808 RedLemon[5366:45177] 🔍 Current guest participant found in polling: ursinho with ID 656DAA91-33B4-4688-9135-C982EA52D7C9
2025-12-10 09:05:33.808 RedLemon[5366:45177] 👋 lemontom left room
2025-12-10 09:05:33.808 RedLemon[5366:45177] 👋 ursinho left room
2025-12-10 09:05:33.882 RedLemon[5366:45177] 🛑 Guest: Ignoring playback signal - just finished playback (Grace Period)
2025-12-10 09:05:36.160 RedLemon[5366:45177] 🔍 Current guest participant found in polling: ursinho with ID 656DAA91-33B4-4688-9135-C982EA52D7C9
2025-12-10 09:05:36.160 RedLemon[5366:45177] 👋 lemontom left room
2025-12-10 09:05:38.927 RedLemon[5366:45177] 🔍 Current guest participant found in polling: ursinho with ID 656DAA91-33B4-4688-9135-C982EA52D7C9
2025-12-10 09:05:38.927 RedLemon[5366:45177] 👋 lemontom left room
2025-12-10 09:05:41.246 RedLemon[5366:45177] 🔍 Current guest participant found in polling: ursinho with ID 656DAA91-33B4-4688-9135-C982EA52D7C9
✅ Realtime manager channel left (client connection preserved)
🛑 Stopping MPV playback...
🛑 Stopping MPV playback...
🛑 Event polling task cancelled cleanly
✅ MPVPlayerViewModel: Enhancing UI - Buffering finished (hide spinner)
🔌 Setting up Realtime channel: watch-party:EE5K
   Role: Guest
   User ID: 656DAA91-33B4-4688-9135-C982EA52D7C9
📡 Connection state: connecting
📡 Joined channel: realtime:watch-party:EE5K
📡 Connection state: connected
✅ Realtime channel setup complete
✅ Lobby: Connected to Realtime
🔍 [DEBUG] Creating MediaItem from CinemetaMeta
🔍 [DEBUG] meta.itemId: tt1148204
🔍 [DEBUG] meta.type: movie
🔍 [DEBUG] meta.name: Orphan
🔍 [DEBUG] Successfully created MediaItem from meta: Orphan
📨 Received: {"ref":"7","event":"phx_reply","payload":{"status":"ok","response":{}},"topic":"realtime:watch-party:EE5K"}
📨 Received: {"ref":null,"event":"presence_diff","payload":{"joins":{},"leaves":{"291e57fe-d5d1-11f0-a1c0-0a58a9feac02":{"metas":[{"phx_ref":"GH_fp5xPKak_lKyC","phx_ref_prev":"GH_fpHFn25A_lJQE","is_host":false,"joined_at":1765375489.8828511,"user_id":"656DAA91-33B4-4688-9135-C982EA52D7C9","username":"ursinho"}]}}},"topic":"realtime:watch-party:EE5K"}
📨 Received: {"ref":"8","event":"phx_reply","payload":{"status":"ok","response":{}},"topic":"realtime:watch-party:EE5K"}
📨 Received: {"ref":null,"event":"phx_close","payload":{},"topic":"realtime:watch-party:EE5K"}
📨 Unknown event: phx_close
📨 Received: {"ref":"22C5EA55-122C-4378-9286-7EAE47D60D19","event":"phx_reply","payload":{"status":"ok","response":{"postgres_changes":[]}},"topic":"realtime:watch-party:EE5K"}
📨 Received: {"ref":null,"event":"presence_state","payload":{"1aef7de8-d5d1-11f0-ad3c-0a58a9feac02":{"metas":[{"phx_ref":"GH_fp10tG0qAHdyO","phx_ref_prev":"GH_fnugFnO-AHdrK","is_host":true,"joined_at":1765375488.75067,"user_id":"96E01CDB-36C0-4228-A6E4-A29A3C66BC8E","username":"lemontom"}]}},"topic":"realtime:watch-party:EE5K"}
📨 Received: {"ref":"9","event":"phx_reply","payload":{"status":"ok","response":{}},"topic":"realtime:watch-party:EE5K"}
✅ Lobby: Loaded metadata for Orphan
📨 Received: {"ref":null,"event":"presence_diff","payload":{"joins":{"4b1e2226-d5d1-11f0-9659-0a58a9feac02":{"metas":[{"phx_ref":"GH_fsblM8CY_lEDG","is_host":false,"joined_at":1765375533.3095999,"user_id":"656DAA91-33B4-4688-9135-C982EA52D7C9","username":"ursinho"}]}},"leaves":{}},"topic":"realtime:watch-party:EE5K"}
🔍 Supabase Response for /rooms: [{"id":"EE5K","name":"Orphan","host_user_id":"96e01cdb-36c0-4228-a6e4-a29a3c66bc8e","host_username":"lemontom","stream_hash":"241ea4282bb65df2070edbbb2963d74c042d9df3","imdb_id":"tt1148204","poster_url":"https://images.metahub.space/poster/small/tt1148204/img","backdrop_url":"https://images.metahub.space/background/medium/tt1148204/img","playback_position":0,"is_playing":true,"participants_count":2,"max_participants":50,"is_public":true,"created_at":"2025-12-10T14:04:11.727338","last_activity":"2025-12-10T14:04:45","season":null,"episode":null,"selected_quality":"1080p","selected_file_idx":null,"unlocked_stream_url":"https://chi6-4.download.real-debrid.com/d/LSWBZKJDPKZHE43/Orphan%202009%20BluRay%201080p%20DTS%20AC3%20x264-MgB.mkv","description":"Horror Marathon","current_playlist_index":0,"playlist":[{"id": "DA95C778-AD6E-4493-9E4D-D93ECEC8E6A6", "mediaItem": {"id": "tt1148204", "logo": "https://images.metahub.space/logo/medium/tt1148204/img", "name": "Orphan", "type": "movie", "year": "2009", "genres": ["Horror", "Mystery", "Thriller"], "poster": "https://images.metahub.space/poster/small/tt1148204/img", "runtime": "122 min", "background": "https://images.metahub.space/background/medium/tt1148204/img", "imdbRating": "7.0", "description": "A husband and wife who recently lost their baby adopt a 9-year-old girl who is not nearly as innocent as she appears.", "releaseInfo": "2009"}}, {"id": "CDDF53C4-11C0-4F7E-8A74-98349571032F", "mediaItem": {"id": "tt29268110", "name": "Smile 2", "type": "movie", "poster": "https://m.media-amazon.com/images/M/MV5BYTg5OTMyMGMtYzMwNC00NDMyLWE0OGUtMTQ1ODcwM2FjOTM4XkEyXkFqcGc@._V1_SX250.jpg"}}]}]
✅ Lobby: Synced playlist with 2 items
✅ Lobby: Synced playlist index to 0
✅ MPV stop completed with clean event loop exit
❌ Supabase error (409): {"code":"23505","details":null,"hint":null,"message":"duplicate key value violates unique constraint \"room_participants_pkey\""}
🔌 Setting up Realtime channel: watch-party:EE5K
   Role: Guest
   User ID: 656DAA91-33B4-4688-9135-C982EA52D7C9
📡 Connection state: connecting
ℹ️ Already joined channel watch-party:EE5K, skipping join
📡 Connection state: connected
✅ Realtime channel setup complete
✅ Lobby: Connected to Realtime
📨 Received: {"ref":"10","event":"phx_reply","payload":{"status":"ok","response":{}},"topic":"realtime:watch-party:EE5K"}
📨 Received: {"ref":null,"event":"presence_diff","payload":{"joins":{"4b1e2226-d5d1-11f0-9659-0a58a9feac02":{"metas":[{"phx_ref":"GH_fscZqiMc_lDiJ","phx_ref_prev":"GH_fsblM8CY_lEDG","is_host":false,"joined_at":1765375533.544656,"user_id":"656DAA91-33B4-4688-9135-C982EA52D7C9","username":"ursinho"}]}},"leaves":{"4b1e2226-d5d1-11f0-9659-0a58a9feac02":{"metas":[{"phx_ref":"GH_fsblM8CY_lEDG","is_host":false,"joined_at":1765375533.3095999,"user_id":"656DAA91-33B4-4688-9135-C982EA52D7C9","username":"ursinho"}]}}},"topic":"realtime:watch-party:EE5K"}
🔄 Lobby: Starting database polling for participants and room state...
💓 Lobby: Starting heartbeat loop...
📨 Received: {"ref":null,"event":"broadcast","payload":{"event":"sync","payload":{"chatText":"LOBBY_JOIN","chatUsername":"ursinho","position":0,"senderId":"656DAA91-33B4-4688-9135-C982EA52D7C9","timestamp":0,"type":"chat"},"type":"broadcast"},"topic":"realtime:watch-party:EE5K"}
🔍 Supabase Response for /rooms: [{"id":"EE5K","name":"Orphan","host_user_id":"96e01cdb-36c0-4228-a6e4-a29a3c66bc8e","host_username":"lemontom","stream_hash":"241ea4282bb65df2070edbbb2963d74c042d9df3","imdb_id":"tt1148204","poster_url":"https://images.metahub.space/poster/small/tt1148204/img","backdrop_url":"https://images.metahub.space/background/medium/tt1148204/img","playback_position":0,"is_playing":true,"participants_count":2,"max_participants":50,"is_public":true,"created_at":"2025-12-10T14:04:11.727338","last_activity":"2025-12-10T14:04:45","season":null,"episode":null,"selected_quality":"1080p","selected_file_idx":null,"unlocked_stream_url":"https://chi6-4.download.real-debrid.com/d/LSWBZKJDPKZHE43/Orphan%202009%20BluRay%201080p%20DTS%20AC3%20x264-MgB.mkv","description":"Horror Marathon","current_playlist_index":0,"playlist":[{"id": "DA95C778-AD6E-4493-9E4D-D93ECEC8E6A6", "mediaItem": {"id": "tt1148204", "logo": "https://images.metahub.space/logo/medium/tt1148204/img", "name": "Orphan", "type": "movie", "year": "2009", "genres": ["Horror", "Mystery", "Thriller"], "poster": "https://images.metahub.space/poster/small/tt1148204/img", "runtime": "122 min", "background": "https://images.metahub.space/background/medium/tt1148204/img", "imdbRating": "7.0", "description": "A husband and wife who recently lost their baby adopt a 9-year-old girl who is not nearly as innocent as she appears.", "releaseInfo": "2009"}}, {"id": "CDDF53C4-11C0-4F7E-8A74-98349571032F", "mediaItem": {"id": "tt29268110", "name": "Smile 2", "type": "movie", "poster": "https://m.media-amazon.com/images/M/MV5BYTg5OTMyMGMtYzMwNC00NDMyLWE0OGUtMTQ1ODcwM2FjOTM4XkEyXkFqcGc@._V1_SX250.jpg"}}]}]
📨 Received: {"ref":null,"event":"presence_diff","payload":{"joins":{"4bfe58fa-d5d1-11f0-b3b6-0a58a9feac02":{"metas":[{"phx_ref":"GH_fshEfKNyAHXMI","is_host":true,"joined_at":1765375534.7153149,"user_id":"96E01CDB-36C0-4228-A6E4-A29A3C66BC8E","username":"lemontom"}]}},"leaves":{"1aef7de8-d5d1-11f0-ad3c-0a58a9feac02":{"metas":[{"phx_ref":"GH_fp10tG0qAHdyO","phx_ref_prev":"GH_fnugFnO-AHdrK","is_host":true,"joined_at":1765375488.75067,"user_id":"96E01CDB-36C0-4228-A6E4-A29A3C66BC8E","username":"lemontom"}]}}},"topic":"realtime:watch-party:EE5K"}
🗑️ MPVPlayerViewModel deinit
🗑️ MPVWrapper deinit - cleaning up...
✅ MPVWrapper cleanup complete
🗑️ Terminating MPV instance (background)...
✅ MPV instance destroyed
📨 Received: {"ref":null,"event":"presence_diff","payload":{"joins":{"07787576-d5d1-11f0-8a41-0a58a9feac02":{"metas":[{"phx_ref":"GH_fsf0sXRdvnc5M","phx_ref_prev":"GH_fp2LUwPpvnZ1Q","last_seen":"2025-12-10T14:05:34Z","status":"online","user_id":"96E01CDB-36C0-4228-A6E4-A29A3C66BC8E","username":"lemontom"}]}},"leaves":{"07787576-d5d1-11f0-8a41-0a58a9feac02":{"metas":[{"phx_ref":"GH_fp2LUwPpvnZ1Q","phx_ref_prev":"GH_fl0yXbF9vnazG","last_seen":"2025-12-10T14:04:48Z","room_id":"EE5K","started_at":"2025-12-10T14:04:48Z","status":"online","user_id":"96E01CDB-36C0-4228-A6E4-A29A3C66BC8E","username":"lemontom","watching_id":"tt1148204","watching_title":"Orphan","watching_type":"movie"}]}}},"topic":"realtime:global-presence"}
🔍 Supabase Response for /rooms: [{"id":"EE5K","name":"Orphan","host_user_id":"96e01cdb-36c0-4228-a6e4-a29a3c66bc8e","host_username":"lemontom","stream_hash":"241ea4282bb65df2070edbbb2963d74c042d9df3","imdb_id":"tt1148204","poster_url":"https://images.metahub.space/poster/small/tt1148204/img","backdrop_url":"https://images.metahub.space/background/medium/tt1148204/img","playback_position":0,"is_playing":false,"participants_count":2,"max_participants":50,"is_public":true,"created_at":"2025-12-10T14:04:11.727338","last_activity":"2025-12-10T14:05:34","season":null,"episode":null,"selected_quality":"1080p","selected_file_idx":null,"unlocked_stream_url":"https://chi6-4.download.real-debrid.com/d/LSWBZKJDPKZHE43/Orphan%202009%20BluRay%201080p%20DTS%20AC3%20x264-MgB.mkv","description":"Horror Marathon","current_playlist_index":0,"playlist":[{"id": "DA95C778-AD6E-4493-9E4D-D93ECEC8E6A6", "mediaItem": {"id": "tt1148204", "logo": "https://images.metahub.space/logo/medium/tt1148204/img", "name": "Orphan", "type": "movie", "year": "2009", "genres": ["Horror", "Mystery", "Thriller"], "poster": "https://images.metahub.space/poster/small/tt1148204/img", "runtime": "122 min", "background": "https://images.metahub.space/background/medium/tt1148204/img", "imdbRating": "7.0", "description": "A husband and wife who recently lost their baby adopt a 9-year-old girl who is not nearly as innocent as she appears.", "releaseInfo": "2009"}}, {"id": "CDDF53C4-11C0-4F7E-8A74-98349571032F", "mediaItem": {"id": "tt29268110", "name": "Smile 2", "type": "movie", "poster": "https://m.media-amazon.com/images/M/MV5BYTg5OTMyMGMtYzMwNC00NDMyLWE0OGUtMTQ1ODcwM2FjOTM4XkEyXkFqcGc@._V1_SX250.jpg"}}]}]
💓 Heartbeat sent
📨 Received: {"ref":"12","event":"phx_reply","payload":{"status":"ok","response":{}},"topic":"phoenix"}
📨 Received: {"ref":null,"event":"presence_diff","payload":{"joins":{"4bfe58fa-d5d1-11f0-b3b6-0a58a9feac02":{"metas":[{"phx_ref":"GH_fsi2wZPuAHTtG","phx_ref_prev":"GH_fshEfKNyAHXMI","is_host":true,"joined_at":1765375535.195513,"user_id":"96E01CDB-36C0-4228-A6E4-A29A3C66BC8E","username":"lemontom"}]}},"leaves":{"4bfe58fa-d5d1-11f0-b3b6-0a58a9feac02":{"metas":[{"phx_ref":"GH_fshEfKNyAHXMI","is_host":true,"joined_at":1765375534.7153149,"user_id":"96E01CDB-36C0-4228-A6E4-A29A3C66BC8E","username":"lemontom"}]}}},"topic":"realtime:watch-party:EE5K"}
🔍 Supabase Response for /rooms: [{"id":"EE5K","name":"Orphan","host_user_id":"96e01cdb-36c0-4228-a6e4-a29a3c66bc8e","host_username":"lemontom","stream_hash":"241ea4282bb65df2070edbbb2963d74c042d9df3","imdb_id":"tt1148204","poster_url":"https://images.metahub.space/poster/small/tt1148204/img","backdrop_url":"https://images.metahub.space/background/medium/tt1148204/img","playback_position":0,"is_playing":false,"participants_count":2,"max_participants":50,"is_public":true,"created_at":"2025-12-10T14:04:11.727338","last_activity":"2025-12-10T14:05:34","season":null,"episode":null,"selected_quality":"1080p","selected_file_idx":null,"unlocked_stream_url":"https://chi6-4.download.real-debrid.com/d/LSWBZKJDPKZHE43/Orphan%202009%20BluRay%201080p%20DTS%20AC3%20x264-MgB.mkv","description":"Horror Marathon","current_playlist_index":0,"playlist":[{"id": "DA95C778-AD6E-4493-9E4D-D93ECEC8E6A6", "mediaItem": {"id": "tt1148204", "logo": "https://images.metahub.space/logo/medium/tt1148204/img", "name": "Orphan", "type": "movie", "year": "2009", "genres": ["Horror", "Mystery", "Thriller"], "poster": "https://images.metahub.space/poster/small/tt1148204/img", "runtime": "122 min", "background": "https://images.metahub.space/background/medium/tt1148204/img", "imdbRating": "7.0", "description": "A husband and wife who recently lost their baby adopt a 9-year-old girl who is not nearly as innocent as she appears.", "releaseInfo": "2009"}}, {"id": "CDDF53C4-11C0-4F7E-8A74-98349571032F", "mediaItem": {"id": "tt29268110", "name": "Smile 2", "type": "movie", "poster": "https://m.media-amazon.com/images/M/MV5BYTg5OTMyMGMtYzMwNC00NDMyLWE0OGUtMTQ1ODcwM2FjOTM4XkEyXkFqcGc@._V1_SX250.jpg"}}]}]
🔍 Supabase Response for /rooms: [{"id":"EE5K","name":"Orphan","host_user_id":"96e01cdb-36c0-4228-a6e4-a29a3c66bc8e","host_username":"lemontom","stream_hash":"241ea4282bb65df2070edbbb2963d74c042d9df3","imdb_id":"tt1148204","poster_url":"https://images.metahub.space/poster/small/tt1148204/img","backdrop_url":"https://images.metahub.space/background/medium/tt1148204/img","playback_position":0,"is_playing":false,"participants_count":2,"max_participants":50,"is_public":true,"created_at":"2025-12-10T14:04:11.727338","last_activity":"2025-12-10T14:05:34","season":null,"episode":null,"selected_quality":"1080p","selected_file_idx":null,"unlocked_stream_url":"https://chi6-4.download.real-debrid.com/d/LSWBZKJDPKZHE43/Orphan%202009%20BluRay%201080p%20DTS%20AC3%20x264-MgB.mkv","description":"Horror Marathon","current_playlist_index":0,"playlist":[{"id": "DA95C778-AD6E-4493-9E4D-D93ECEC8E6A6", "mediaItem": {"id": "tt1148204", "logo": "https://images.metahub.space/logo/medium/tt1148204/img", "name": "Orphan", "type": "movie", "year": "2009", "genres": ["Horror", "Mystery", "Thriller"], "poster": "https://images.metahub.space/poster/small/tt1148204/img", "runtime": "122 min", "background": "https://images.metahub.space/background/medium/tt1148204/img", "imdbRating": "7.0", "description": "A husband and wife who recently lost their baby adopt a 9-year-old girl who is not nearly as innocent as she appears.", "releaseInfo": "2009"}}, {"id": "CDDF53C4-11C0-4F7E-8A74-98349571032F", "mediaItem": {"id": "tt29268110", "name": "Smile 2", "type": "movie", "poster": "https://m.media-amazon.com/images/M/MV5BYTg5OTMyMGMtYzMwNC00NDMyLWE0OGUtMTQ1ODcwM2FjOTM4XkEyXkFqcGc@._V1_SX250.jpg"}}]}]
🛡️ Lobby: Auto-Join safety delay passed (8s). Enabled for late joiners.
🔍 Supabase Response for /rooms: [{"id":"EE5K","name":"Orphan","host_user_id":"96e01cdb-36c0-4228-a6e4-a29a3c66bc8e","host_username":"lemontom","stream_hash":"241ea4282bb65df2070edbbb2963d74c042d9df3","imdb_id":"tt1148204","poster_url":"https://images.metahub.space/poster/small/tt1148204/img","backdrop_url":"https://images.metahub.space/background/medium/tt1148204/img","playback_position":0,"is_playing":false,"participants_count":2,"max_participants":50,"is_public":true,"created_at":"2025-12-10T14:04:11.727338","last_activity":"2025-12-10T14:05:34","season":null,"episode":null,"selected_quality":"1080p","selected_file_idx":null,"unlocked_stream_url":"https://chi6-4.download.real-debrid.com/d/LSWBZKJDPKZHE43/Orphan%202009%20BluRay%201080p%20DTS%20AC3%20x264-MgB.mkv","description":"Horror Marathon","current_playlist_index":0,"playlist":[{"id": "DA95C778-AD6E-4493-9E4D-D93ECEC8E6A6", "mediaItem": {"id": "tt1148204", "logo": "https://images.metahub.space/logo/medium/tt1148204/img", "name": "Orphan", "type": "movie", "year": "2009", "genres": ["Horror", "Mystery", "Thriller"], "poster": "https://images.metahub.space/poster/small/tt1148204/img", "runtime": "122 min", "background": "https://images.metahub.space/background/medium/tt1148204/img", "imdbRating": "7.0", "description": "A husband and wife who recently lost their baby adopt a 9-year-old girl who is not nearly as innocent as she appears.", "releaseInfo": "2009"}}, {"id": "CDDF53C4-11C0-4F7E-8A74-98349571032F", "mediaItem": {"id": "tt29268110", "name": "Smile 2", "type": "movie", "poster": "https:/2025-12-10 09:05:43.694 RedLemon[5366:45177] 🔍 Current guest participant found in polling: ursinho with ID 656DAA91-33B4-4688-9135-C982EA52D7C9
2025-12-10 09:05:44.704 RedLemon[5366:45177] ✅ Guest: Synced Metadata Update -> Smile 2
/m.media-amazon.com/images/M/MV5BYTg5OTMyMGMtYzMwNC00NDMyLWE0OGUtMTQ1ODcwM2FjOTM4XkEyXkFqcGc@._V1_SX250.jpg"}}]}]
🔍 Supabase Response for /rooms: [{"id":"EE5K","name":"Smile 2","host_user_id":"96e01cdb-36c0-4228-a6e4-a29a3c66bc8e","host_username":"lemontom","stream_hash":"241ea4282bb65df2070edbbb2963d74c042d9df3","imdb_id":"tt29268110","poster_url":"https://images.metahub.space/poster/small/tt29268110/img","backdrop_url":"https://images.metahub.space/background/medium/tt29268110/img","playback_position":0,"is_playing":false,"participants_count":2,"max_participants":50,"is_public":true,"created_at":"2025-12-10T14:04:11.727338","last_activity":"2025-12-10T14:05:43","season":null,"episode":null,"selected_quality":"1080p","selected_file_idx":null,"unlocked_stream_url":"https://chi6-4.download.real-debrid.com/d/LSWBZKJDPKZHE43/Orphan%202009%20BluRay%201080p%20DTS%20AC3%20x264-MgB.mkv","description":"Horror Marathon","current_playlist_index":1,"playlist":[{"id": "DA95C778-AD6E-4493-9E4D-D93ECEC8E6A6", "mediaItem": {"id": "tt1148204", "logo": "https://images.metahub.space/logo/medium/tt1148204/img", "name": "Orphan", "type": "movie", "year": "2009", "genres": ["Horror", "Mystery", "Thriller"], "poster": "https://images.metahub.space/poster/small/tt1148204/img", "runtime": "122 min", "background": "https://images.metahub.space/background/medium/tt1148204/img", "imdbRating": "7.0", "description": "A husband and wife who recently lost their baby adopt a 9-year-old girl who is not nearly as innocent as she appears.", "releaseInfo": "2009"}}, {"id": "CDDF53C4-11C0-4F7E-8A74-98349571032F", "mediaItem": {"id": "tt29268110", "name": "Smile 2", "type": "movie", "poster": "https://m.media-amazon.com/images/M/MV5BYTg5OTMyMGMtYzMwNC00NDMyLWE0OGUtMTQ1ODcwM2FjOTM4XkEyXkFqcGc@._V1_SX250.jpg"}}]}]
[ INFO ] GET /api/metadata/meta/movie/tt29268110 [request-id: 08F7C58B-D475-4298-B9A1-CCC56416F214]
2025-12-10 09:05:45.993 RedLemon[5366:45177] 🔍 Current guest participant found in polling: ursinho with ID 656DAA91-33B4-4688-9135-C982EA52D7C9
2025-12-10 09:05:48.882 RedLemon[5366:45177] 🪟 restoreWindowFromLobby() called - no action needed (window stays expanded)
2025-12-10 09:05:49.033 RedLemon[5366:45177] 🔍 Current guest participant found in polling: User with ID 656DAA91-33B4-4688-9135-C982EA52D7C9
🔍 [DEBUG] Creating MediaItem from CinemetaMeta
🔍 [DEBUG] meta.itemId: tt29268110
🔍 [DEBUG] meta.type: movie
🔍 [DEBUG] meta.name: Smile 2
🔍 [DEBUG] Successfully created MediaItem from meta: Smile 2
✅ Lobby: Loaded metadata for Smile 2
🔍 Supabase Response for /rooms: [{"id":"EE5K","name":"Smile 2","host_user_id":"96e01cdb-36c0-4228-a6e4-a29a3c66bc8e","host_username":"lemontom","stream_hash":"241ea4282bb65df2070edbbb2963d74c042d9df3","imdb_id":"tt29268110","poster_url":"https://images.metahub.space/poster/small/tt29268110/img","backdrop_url":"https://images.metahub.space/background/medium/tt29268110/img","playback_position":0,"is_playing":false,"participants_count":2,"max_participants":50,"is_public":true,"created_at":"2025-12-10T14:04:11.727338","last_activity":"2025-12-10T14:05:43","season":null,"episode":null,"selected_quality":"1080p","selected_file_idx":null,"unlocked_stream_url":"https://chi6-4.download.real-debrid.com/d/LSWBZKJDPKZHE43/Orphan%202009%20BluRay%201080p%20DTS%20AC3%20x264-MgB.mkv","description":"Horror Marathon","current_playlist_index":1,"playlist":[{"id": "DA95C778-AD6E-4493-9E4D-D93ECEC8E6A6", "mediaItem": {"id": "tt1148204", "logo": "https://images.metahub.space/logo/medium/tt1148204/img", "name": "Orphan", "type": "movie", "year": "2009", "genres": ["Horror", "Mystery", "Thriller"], "poster": "https://images.metahub.space/poster/small/tt1148204/img", "runtime": "122 min", "background": "https://images.metahub.space/background/medium/tt1148204/img", "imdbRating": "7.0", "description": "A husband and wife who recently lost their baby adopt a 9-year-old girl who is not nearly as innocent as she appears.", "releaseInfo": "2009"}}, {"id": "CDDF53C4-11C0-4F7E-8A74-98349571032F", "mediaItem": {"id": "tt29268110", "name": "Smile 2", "type": "movie", "poster": "https://m.media-amazon.com/images/M/MV5BYTg5OTMyMGMtYzMwNC00NDMyLWE0OGUtMTQ1ODcwM2FjOTM4XkEyXkFqcGc@._V1_SX250.jpg"}}]}]
🚪 Lobby: Explicit leave initiated
🛑 Lobby: Polling stopped (chat via Realtime only)
🎭 Lobby: Disconnected from room EE5K
✅ BrowseView: Server is ready, loading content...
🔍 BrowseView: Loading content for tab: Movies
🗑️ Cleared all streaming catalogs
📽️ Fetching popular movies...
[ INFO ] GET /api/metadata/catalog/movie/popular [request-id: 0D6E9AFD-A58C-4179-88C6-FF90229E2681]
2025-12-10 09:05:49.049 RedLemon[5366:45177] ⚠️ Lobby: Failed to poll room state: Error Domain=NSURLErrorDomain Code=-999 "cancelled" UserInfo={NSErrorFailingURLStringKey=https://nhvsojszwfvcinkyvzmf.supabase.co/rest/v1/rooms?id=eq.EE5K&select=*, NSErrorFailingURLKey=https://nhvsojszwfvcinkyvzmf.supabase.co/rest/v1/rooms?id=eq.EE5K&select=*, _NSURLErrorRelatedURLSessionTaskErrorKey=(
    "LocalDataTask <6D058EAA-74FC-4811-8514-CAEF8545F8F5>.<109>"
), _NSURLErrorFailingURLSessionTaskErrorKey=LocalDataTask <6D058EAA-74FC-4811-8514-CAEF8545F8F5>.<109>, NSLocalizedDescription=cancelled}
2025-12-10 09:05:49.138 RedLemon[5366:45177] ✅ Left room EE5K
🔍 [Server] Proxying catalog request to: https://v3-cinemeta.strem.io/catalog/movie/popular.json
🔍 [DEBUG] Creating MediaItem from CinemetaSearchResult
🔍 [DEBUG] result.id: tt6604188
🔍 [DEBUG] result.type: movie
🔍 [DEBUG] result.name: Tron: Ares
🔍 [DEBUG] Successfully created MediaItem: Tron: Ares
🔍 [DEBUG] Creating MediaItem from CinemetaSearchResult
🔍 [DEBUG] result.id: tt29232158
🔍 [DEBUG] result.type: movie
🔍 [DEBUG] result.name: Troll 2
🔍 [DEBUG] Successfully created MediaItem: Troll 2
🔍 [DEBUG] Creating MediaItem from CinemetaSearchResult
🔍 [DEBUG] result.id: tt26443597
🔍 [DEBUG] result.type: movie
🔍 [DEBUG] result.name: Zootopia 2
🔍 [DEBUG] Successfully created MediaItem: Zootopia 2
🔍 [DEBUG] Creating MediaItem from CinemetaSearchResult
🔍 [DEBUG] result.id: tt26439764
🔍 [DEBUG] result.type: movie
🔍 [DEBUG] result.name: Kantara A Legend: Chapter 1
🔍 [DEBUG] Successfully created MediaItem: Kantara A Legend: Chapter 1
🔍 [DEBUG] Creating MediaItem from CinemetaSearchResult
🔍 [DEBUG] result.id: tt30274401
🔍 [DEBUG] result.type: movie
🔍 [DEBUG] result.name: Five Nights at Freddy's 2
🔍 [DEBUG] Successfully created MediaItem: Five Nights at Freddy's 2
🔍 [DEBUG] Creating MediaItem from CinemetaSearchResult
🔍 [DEBUG] result.id: tt1343712
🔍 [DEBUG] result.type: movie
🔍 [DEBUG] result.name: First Squad: The Moment of Truth
🔍 [DEBUG] Successfully created MediaItem: First Squad: The Moment of Truth
🔍 [DEBUG] Creating MediaItem from CinemetaSearchResult
🔍 [DEBUG] result.id: tt31434030
🔍 [DEBUG] result.type: movie
🔍 [DEBUG] result.name: Dracula
🔍 [DEBUG] Successfully created MediaItem: Dracula
🔍 [DEBUG] Creating MediaItem from CinemetaSearchResult
🔍 [DEBUG] result.id: tt36153493
🔍 [DEBUG] result.type: movie
🔍 [DEBUG] result.name: Wildcat
🔍 [DEBUG] Successfully created MediaItem: Wildcat
🔍 [DEBUG] Creating MediaItem from CinemetaSearchResult
🔍 [DEBUG] result.id: tt10210064
🔍 [DEBUG] result.type: movie
🔍 [DEBUG] result.name: Bureau 749
🔍 [DEBUG] Successfully created MediaItem: Bureau 749
🔍 [DEBUG] Creating MediaItem from CinemetaSearchResult
🔍 [DEBUG] result.id: tt31227572
🔍 [DEBUG] result.type: movie
🔍 [DEBUG] result.name: Predator: Badlands
🔍 [DEBUG] Successfully created MediaItem: Predator: Badlands
🔍 [DEBUG] Creating MediaItem from CinemetaSearchResult
🔍 [DEBUG] result.id: tt17501870
🔍 [DEBUG] result.type: movie
🔍 [DEBUG] result.name: High Forces
🔍 [DEBUG] Successfully created MediaItem: High Forces
🔍 [DEBUG] Creating MediaItem from CinemetaSearchResult
🔍 [DEBUG] result.id: tt34610311
🔍 [DEBUG] result.type: movie
🔍 [DEBUG] result.name: The Shadow's Edge
🔍 [DEBUG] Successfully created MediaItem: The Shadow's Edge
🔍 [DEBUG] Creating MediaItem from CinemetaSearchResult
🔍 [DEBUG] result.id: tt13186306
🔍 [DEBUG] result.type: movie
🔍 [DEBUG] result.name: War of the Worlds
🔍 [DEBUG] Successfully created MediaItem: War of the Worlds
🔍 [DEBUG] Creating MediaItem from CinemetaSearchResult
🔍 [DEBUG] result.id: tt32123395
🔍 [DEBUG] result.type: movie
🔍 [DEBUG] result.name: Altered
🔍 [DEBUG] Successfully created MediaItem: Altered
🔍 [DEBUG] Creating MediaItem from CinemetaSearchResult
🔍 [DEBUG] result.id: tt32565484
🔍 [DEBUG] result.type: movie
🔍 [DEBUG] result.name: Border Hunters
🔍 [DEBUG] Successfully created MediaItem: Border Hunters
📊 Using fixed catalog size: 15 items
💾 Cache SET: Catalog[popular_movies_fixed] (15 items)
✅ Loaded 15 movies
🧹 Deduplication: 50 → 50 items
🖼️ [CACHE] Cached image data for key: https://images.metahub.space/poster/small/tt30274401/img (24809 bytes)
🖼️ [CACHE] Cached image data for key: https://images.metahub.space/poster/small/tt6604188/img (24052 bytes)
🖼️ [CACHE] Cached image data for key: https://images.metahub.space/poster/small/tt26439764/img (47523 bytes)
🖼️ [CACHE] Cached image data for key: https://images.metahub.space/poster/small/tt1343712/img (40812 bytes)
🖼️ [CACHE] Cached image data for key: https://images.metahub.space/poster/small/tt31434030/img (6974 bytes)
🖼️ [CACHE] Cached image data for key: https://images.metahub.space/poster/small/tt26443597/img (46393 bytes)
💾 Cache SET: Catalog[quick_movie_top.json_7] (7 items)
🚀 Quick batch loaded: 7 items for trending
🖼️ [CACHE] Cached image data for key: https://images.metahub.space/poster/small/tt29232158/img (38828 bytes)
💾 Cache SET: Catalog[catalog_movie_top.json] (15 items)
📊 Using fixed catalog size: 15 items
📦 Full batch loaded: 15 items for trending
✅ Progressive loading completed for trending
🖼️ [CACHE] Cached image data for key: https://images.metahub.space/poster/small/tt31227572/img (35380 bytes)
🖼️ [CACHE] Cached image data for key: https://images.metahub.space/poster/small/tt29768334/img (20834 bytes)
🖼️ [CACHE] Cached image data for key: https://images.metahub.space/poster/small/tt12300742/img (13162 bytes)
🖼️ [CACHE] Cached image data for key: https://images.metahub.space/poster/small/tt30144839/img (35849 bytes)
🖼️ [CACHE] Cached image data for key: https://images.metahub.space/poster/small/tt9603208/img (20501 bytes)
🖼️ [CACHE] Cached image data for key: https://images.metahub.space/poster/small/tt30446847/img (17100 bytes)
🖼️ [CACHE] Cached image data for key: https://images.metahub.space/poster/small/tt1312221/img (31560 bytes)
💾 Cache SET: Catalog[quick_movie_atp.json_7] (7 items)
💾 Cache SET: Catalog[quick_movie_pcp.json_7] (7 items)
🚀 Quick batch loaded: 7 items for appleTv
🔍 Starting catalog fetch for appleTv from: https://7a82163c306e-stremio-netflix-catalog-addon.baby-beamup.club/bmZ4LGRucCxhbXAsYXRwLGhibSxwbXAscGNwLGhsdSxjcnUsZHBlLHN0eixzc3Q6OjoxNzYzMjQxMzc5ODky/catalog/movie/atp.json
🔄 Attempt 1/3 for appleTv
🚀 Quick batch loaded: 7 items for peacock
🔍 Starting catalog fetch for peacock from: https://7a82163c306e-stremio-netflix-catalog-addon.baby-beamup.club/bmZ4LGRucCxhbXAsYXRwLGhibSxwbXAscGNwLGhsdSxjcnUsZHBlLHN0eixzc3Q6OjoxNzYzMjQxMzc5ODky/catalog/movie/pcp.json
🔄 Attempt 1/3 for peacock
💾 Cache SET: Catalog[catalog_movie_atp.json] (15 items)
📊 Using fixed catalog size: 15 items
💾 Cache SET: Catalog[catalog_movie_pcp.json] (15 items)
✅ Attempt 1 successful for appleTv
✅ Successfully fetched 15 items for appleTv from primary service
📦 Full batch loaded: 15 items for appleTv
✅ Progressive loading completed for appleTv
📊 Using fixed catalog size: 15 items
✅ Attempt 1 successful for peacock
✅ Successfully fetched 15 items for peacock from primary service
📦 Full batch loaded: 15 items for peacock
✅ Progressive loading completed for peacock
💾 Cache SET: Catalog[quick_movie_cru.json_7] (7 items)
💾 Cache SET: Catalog[quick_movie_dnp.json_7] (7 items)
💾 Cache SET: Catalog[quick_movie_stz.json_7] (7 items)
💾 Cache SET: Catalog[quick_movie_hlu.json_7] (7 items)
💾 Cache SET: Catalog[quick_movie_hbm.json_7] (7 items)
🖼️ [CACHE] Cached image data for key: https://images.justwatch.com/poster/107996333/s332/img (40620 bytes)
💾 Cache SET: Catalog[quick_movie_amp.json_7] (7 items)
🖼️ [CACHE] Cached image data for key: https://images.justwatch.com/poster/31887184/s332/img (40203 bytes)
🖼️ [CACHE] Cached image data for key: https://images.justwatch.com/poster/178091346/s332/img (39883 bytes)
🖼️ [CACHE] Cached image data for key: https://images.justwatch.com/poster/330575949/s332/img (33224 bytes)
🖼️ [CACHE] Cached image data for key: https://images.justwatch.com/poster/307275790/s332/img (54708 bytes)
🖼️ [CACHE] Cached image data for key: https://images.justwatch.com/poster/322729101/s332/img (28143 bytes)
💾 Cache SET: Catalog[quick_movie_nfx.json_7] (7 items)
🖼️ [CACHE] Cached image data for key: https://images.justwatch.com/poster/35006170/s332/img (61678 bytes)
🖼️ [CACHE] Cached image data for key: https://images.justwatch.com/poster/215523604/s332/img (61037 bytes)
🖼️ [CACHE] Cached image data for key: https://images.justwatch.com/poster/90379677/s332/img (56639 bytes)
🖼️ [CACHE] Cached image data for key: https://images.justwatch.com/poster/336952619/s332/img (50991 bytes)
🖼️ [CACHE] Cached image data for key: https://images.justwatch.com/poster/176776575/s332/img (51529 bytes)
🖼️ [CACHE] Cached image data for key: https://images.justwatch.com/poster/336295680/s332/img (36731 bytes)
🖼️ [CACHE] Cached image data for key: https://images.justwatch.com/poster/301298992/s332/img (50065 bytes)
🖼️ [CACHE] Cached image data for key: https://images.justwatch.com/poster/82774854/s332/img (70010 bytes)
💾 Cache SET: Catalog[quick_movie_sst.json_7] (7 items)
💾 Cache SET: Catalog[quick_movie_pmp.json_7] (7 items)
🚀 Quick batch loaded: 7 items for crunchyroll
🔍 Starting catalog fetch for crunchyroll from: https://7a82163c306e-stremio-netflix-catalog-addon.baby-beamup.club/bmZ4LGRucCxhbXAsYXRwLGhibSxwbXAscGNwLGhsdSxjcnUsZHBlLHN0eixzc3Q6OjoxNzYzMjQxMzc5ODky/catalog/movie/cru.json
🔄 Attempt 1/3 for crunchyroll
🚀 Quick batch loaded: 7 items for disney
🔍 Starting catalog fetch for disney from: https://7a82163c306e-stremio-netflix-catalog-addon.baby-beamup.club/bmZ4LGRucCxhbXAsYXRwLGhibSxwbXAscGNwLGhsdSxjcnUsZHBlLHN0eixzc3Q6OjoxNzYzMjQxMzc5ODky/catalog/movie/dnp.json
🔄 Attempt 1/3 for disney
🚀 Quick batch loaded: 7 items for starz
🔍 Starting catalog fetch for starz from: https://7a82163c306e-stremio-netflix-catalog-addon.baby-beamup.club/bmZ4LGRucCxhbXAsYXRwLGhibSxwbXAscGNwLGhsdSxjcnUsZHBlLHN0eixzc3Q6OjoxNzYzMjQxMzc5ODky/catalog/movie/stz.json
🔄 Attempt 1/3 for starz
🚀 Quick batch loaded: 7 items for hulu
🔍 Starting catalog fetch for hulu from: https://7a82163c306e-stremio-netflix-catalog-addon.baby-beamup.club/bmZ4LGRucCxhbXAsYXRwLGhibSxwbXAscGNwLGhsdSxjcnUsZHBlLHN0eixzc3Q6OjoxNzYzMjQxMzc5ODky/catalog/movie/hlu.json
🔄 Attempt 1/3 for hulu
🚀 Quick batch loaded: 7 items for hbo
🔍 Starting catalog fetch for hbo from: https://7a82163c306e-stremio-netflix-catalog-addon.baby-beamup.club/bmZ4LGRucCxhbXAsYXRwLGhibSxwbXAscGNwLGhsdSxjcnUsZHBlLHN0eixzc3Q6OjoxNzYzMjQxMzc5ODky/catalog/movie/hbm.json
🔄 Attempt 1/3 for hbo
🚀 Quick batch loaded: 7 items for prime
🔍 Starting catalog fetch for prime from: https://7a82163c306e-stremio-netflix-catalog-addon.baby-beamup.club/bmZ4LGRucCxhbXAsYXRwLGhibSxwbXAscGNwLGhsdSxjcnUsZHBlLHN0eixzc3Q6OjoxNzYzMjQxMzc5ODky/catalog/movie/amp.json
🔄 Attempt 1/3 for prime
🚀 Quick batch loaded: 7 items for netflix
🔍 Starting catalog fetch for netflix from: https://7a82163c306e-stremio-netflix-catalog-addon.baby-beamup.club/bmZ4LGRucCxhbXAsYXRwLGhibSxwbXAscGNwLGhsdSxjcnUsZHBlLHN0eixzc3Q6OjoxNzYzMjQxMzc5ODky/catalog/movie/nfx.json
🔄 Attempt 1/3 for netflix
🚀 Quick batch loaded: 7 items for showtime
🔍 Starting catalog fetch for showtime from: https://7a82163c306e-stremio-netflix-catalog-addon.baby-beamup.club/bmZ4LGRucCxhbXAsYXRwLGhibSxwbXAscGNwLGhsdSxjcnUsZHBlLHN0eixzc3Q6OjoxNzYzMjQxMzc5ODky/catalog/movie/sst.json
🔄 Attempt 1/3 for showtime
🚀 Quick batch loaded: 7 items for paramount
🔍 Starting catalog fetch for paramount from: https://7a82163c306e-stremio-netflix-catalog-addon.baby-beamup.club/bmZ4LGRucCxhbXAsYXRwLGhibSxwbXAscGNwLGhsdSxjcnUsZHBlLHN0eixzc3Q6OjoxNzYzMjQxMzc5ODky/catalog/movie/pmp.json
🔄 Attempt 1/3 for paramount
🛑 BrowseView disappeared - cancelled all ongoing tasks
💾 Cache SET: Catalog[catalog_movie_cru.json] (15 items)
💾 Cache SET: Catalog[catalog_movie_dnp.json] (15 items)
💾 Cache SET: Catalog[catalog_movie_stz.json] (15 items)
💾 Cache SET: Catalog[catalog_movie_hlu.json] (15 items)
🗑️ Cache evicted 6 items
💾 Cache SET: Catalog[catalog_movie_hbm.json] (15 items)
💾 Cache SET: Catalog[catalog_movie_amp.json] (15 items)
💾 Cache SET: Catalog[catalog_movie_nfx.json] (15 items)
💾 Cache SET: Catalog[catalog_movie_sst.json] (15 items)
📋 Fetching rooms from Supabase backend (offset: 0, limit: 20)...
🔌 RoomListView: Setting up realtime subscription for rooms...
💾 Cache SET: Catalog[catalog_movie_pmp.json] (15 items)
📊 Using fixed catalog size: 15 items
✅ Attempt 1 successful for crunchyroll
✅ Successfully fetched 15 items for crunchyroll from primary service
📦 Full batch loaded: 15 items for crunchyroll
✅ Progressive loading completed for crunchyroll
📊 Using fixed catalog size: 15 items
✅ Attempt 1 successful for disney
✅ Successfully fetched 15 items for disney from primary service
📦 Full batch loaded: 15 items for disney
✅ Progressive loading completed for disney
📊 Using fixed catalog size: 15 items
✅ Attempt 1 successful for starz
✅ Successfully fetched 15 items for starz from primary service
📦 Full batch loaded: 15 items for starz
✅ Progressive loading completed for starz
📊 Using fixed catalog size: 15 items
✅ Attempt 1 successful for hulu
✅ Successfully fetched 15 items for hulu from primary service
📦 Full batch loaded: 15 items for hulu
✅ Progressive loading completed for hulu
📊 Using fixed catalog size: 15 items
✅ Attempt 1 successful for hbo
✅ Successfully fetched 15 items for hbo from primary service
📦 Full batch loaded: 15 items for hbo
✅ Progressive loading completed for hbo
📊 Using fixed catalog size: 15 items
✅ Attempt 1 successful for prime
✅ Successfully fetched 15 items for prime from primary service
📦 Full batch loaded: 15 items for prime
✅ Progressive loading completed for prime
📊 Using fixed catalog size: 15 items
✅ Attempt 1 successful for netflix
✅ Successfully fetched 15 items for netflix from primary service
📦 Full batch loaded: 15 items for netflix
✅ Progressive loading completed for netflix
📊 Using fixed catalog size: 15 items
✅ Attempt 1 successful for showtime
✅ Successfully fetched 15 items for showtime from primary service
📦 Full batch loaded: 15 items for showtime
✅ Progressive loading completed for showtime
📊 Using fixed catalog size: 15 items
✅ Attempt 1 successful for paramount
✅ Successfully fetched 15 items for paramount from primary service
📦 Full batch loaded: 15 items for paramount
✅ Progressive loading completed for paramount
🔌 Connecting to Supabase Realtime: wss://nhvsojszwfvcinkyvzmf.supabase.co/realtime/v1/websocket
✅ Connected to Supabase Realtime
🔍 Supabase Response for /rooms: [{"id":"EE5K","name":"Smile 2","host_user_id":"96e01cdb-36c0-4228-a6e4-a29a3c66bc8e","host_username":"lemontom","stream_hash":"241ea4282bb65df2070edbbb2963d74c042d9df3","imdb_id":"tt29268110","poster_url":"https://images.metahub.space/poster/small/tt29268110/img","backdrop_url":"https://images.metahub.space/background/medium/tt29268110/img","playback_position":0,"is_playing":false,"participants_count":1,"max_participants":50,"is_public":true,"created_at":"2025-12-10T14:04:11.727338","last_activity":"2025-12-10T14:05:49.096967","season":null,"episode":null,"selected_quality":"1080p","selected_file_idx":null,"unlocked_stream_url":"https://chi6-4.download.real-debrid.com/d/LSWBZKJDPKZHE43/Orphan%202009%20BluRay%201080p%20DTS%20AC3%20x264-MgB.mkv","description":"Horror Marathon","current_playlist_index":1,"playlist":[{"id": "DA95C778-AD6E-4493-9E4D-D93ECEC8E6A6", "mediaItem": {"id": "tt1148204", "logo": "https://images.metahub.space/logo/medium/tt1148204/img", "name": "Orphan", "type": "movie", "year": "2009", "genres": ["Horror", "Mystery", "Thriller"], "poster": "https://images.metahub.space/poster/small/tt1148204/img", "runtime": "122 min", "background": "https://images.metahub.space/background/medium/tt1148204/img", "imdbRating": "7.0", "description": "A husband and wife who recently lost their baby adopt a 9-year-old girl who is not nearly as innocent as she appears.", "releaseInfo": "2009"}}, {"id": "CDDF53C4-11C0-4F7E-8A74-98349571032F", "mediaItem": {"id": "tt29268110", "name": "Smile 2", "type": "movie", "poster": "https://m.media-amazon.com/images/M/MV5BYTg5OTMyMGMtYzMwNC00NDMyLWE0OGUtMTQ1ODcwM2FjOTM4XkEyXkFqcGc@._V1_SX250.jpg"}}]}, 
 {"id":"event_tt1657507","name":"Colombiana","host_user_id":"96e01cdb-36c0-4228-a6e4-a29a3c66bc8e","host_username":"RedLemon Events","stream_hash":"2b232fa1ede15105ef93571ed154f094281b0d9b","imdb_id":"tt1657507","poster_url":"https://images.metahub.space/poster/small/tt1657507/img","backdrop_url":"https://images.metahub.space/background/medium/tt1657507/img","playback_position":0,"is_playing":false,"participants_count":2,"max_participants":50,"is_public":true,"created_at":"2025-12-10T12:58:39.303069","last_activity":"2025-12-10T13:03:13.287082","season":null,"episode":null,"selected_quality":null,"selected_file_idx":null,"unlocked_stream_url":null,"description":null,"current_playlist_index":0,"playlist":[]}, 
 {"id":"event_tt0373074","name":"Kung Fu Hustle","host_user_id":"96e01cdb-36c0-4228-a6e4-a29a3c66bc8e","host_username":"RedLemon Events","stream_hash":"34783b13e4266d3a15666cd8afa34d9bdd6c5be3","imdb_id":"tt0373074","poster_url":"https://images.metahub.space/poster/small/tt0373074/img","backdrop_url":"https://images.metahub.space/background/medium/tt0373074/img","playback_position":0,"is_playing":false,"participants_count":1,"max_participants":50,"is_public":true,"created_at":"2025-12-10T12:13:10.722178","last_activity":"2025-12-10T12:13:10.828963","season":null,"episode":null,"selected_quality":null,"selected_file_idx":null,"unlocked_stream_url":null,"description":null,"current_playlist_index":0,"playlist":[]}, 
 {"id":"event_tt1723121","name":"We're the Millers","host_user_id":"96e01cdb-36c0-4228-a6e4-a29a3c66bc8e","host_username":"RedLemon Events","stream_hash":"d14a2dbc1f922ab7fd7aff360757bad19a5bc665","imdb_id":"tt1723121","poster_url":"https://images.metahub.space/poster/small/tt1723121/img","backdrop_url":"https://images.metahub.space/background/medium/tt1723121/img","playback_position":0,"is_playing":false,"participants_count":2,"max_participants":50,"is_public":true,"created_at":"2025-12-10T05:38:55.791195","last_activity":"2025-12-10T06:25:37.362329","season":null,"episode":null,"selected_quality":null,"selected_file_idx":null,"unlocked_stream_url":null,"description":null,"current_playlist_index":0,"playlist":[]}, 
 {"id":"event_tt0120586","name":"American History X","host_user_id":"96e01cdb-36c0-4228-a6e4-a29a3c66bc8e","host_username":"RedLemon Events","stream_hash":"66672b822002b6f19af478fb7c886787afee5f9f","imdb_id":"tt0120586","poster_url":"https://images.metahub.space/poster/small/tt0120586/img","backdrop_url":"https://images.metahub.space/background/medium/tt0120586/img","playback_position":0,"is_playing":false,"participants_count":1,"max_participants":50,"is_public":true,"created_at":"2025-12-10T02:59:29.111766","last_activity":"2025-12-10T02:59:29.251061","season":null,"episode":null,"selected_quality":null,"selected_file_idx":null,"unlocked_stream_url":null,"description":null,"current_playlist_index":0,"playlist":[]}]
✅ Loaded 1 rooms (total: 1)
📡 Joined channel: realtime:rooms_updates
✅ RoomListView: Connected to rooms realtime updates
[ INFO ] GET /api/metadata/meta/movie/tt29268110 [request-id: 493A0296-E4F6-4F51-8C7A-672CD143344B]
2025-12-10 09:05:51.433 RedLemon[5366:46019] 📦 Decoded CinemetaMeta - videos count: -1
💾 Cache SET: Metadata[meta_movie_tt29268110]
📨 Received: {"ref":"59D1F422-825F-490C-97B9-3F1BA422A190","event":"phx_reply","payload":{"status":"ok","response":{"postgres_changes":[{"id":60402389,"event":"*","schema":"public","table":"rooms"}]}},"topic":"realtime:rooms_updates"}
📨 Received: {"ref":null,"event":"system","payload":{"message":"Subscribed to PostgreSQL","status":"ok","extension":"postgres_changes","channel":"rooms_updates"},"topic":"realtime:rooms_updates"}
📨 Unknown event: system
📨 Received: {"ref":null,"event":"presence_state","payload":{},"topic":"realtime:rooms_updates"}
📋 Fetching rooms from Supabase backend (offset: 0, limit: 20)...
🔍 Supabase Response for /rooms: [{"id":"EE5K","name":"Smile 2","host_user_id":"96e01cdb-36c0-4228-a6e4-a29a3c66bc8e","host_username":"lemontom","stream_hash":"241ea4282bb65df2070edbbb2963d74c042d9df3","imdb_id":"tt29268110","poster_url":"https://images.metahub.space/poster/small/tt29268110/img","backdrop_url":"https://images.metahub.space/background/medium/tt29268110/img","playback_position":0,"is_playing":false,"participants_count":1,"max_participants":50,"is_public":true,"created_at":"2025-12-10T14:04:11.727338","last_activity":"2025-12-10T14:05:49.096967","season":null,"episode":null,"selected_quality":"1080p","selected_file_idx":null,"unlocked_stream_url":"https://chi6-4.download.real-debrid.com/d/LSWBZKJDPKZHE43/Orphan%202009%20BluRay%201080p%20DTS%20AC3%20x264-MgB.mkv","description":"Horror Marathon","current_playlist_index":1,"playlist":[{"id": "DA95C778-AD6E-4493-9E4D-D93ECEC8E6A6", "mediaItem": {"id": "tt1148204", "logo": "https://images.metahub.space/logo/medium/tt1148204/img", "name": "Orphan", "type": "movie", "year": "2009", "genres": ["Horror", "Mystery", "Thriller"], "poster": "https://images.metahub.space/poster/small/tt1148204/img", "runtime": "122 min", "background": "https://images.metahub.space/background/medium/tt1148204/img", "imdbRating": "7.0", "description": "A husband and wife who recently lost their baby adopt a 9-year-old girl who is not nearly as innocent as she appears.", "releaseInfo": "2009"}}, {"id": "CDDF53C4-11C0-4F7E-8A74-98349571032F", "mediaItem": {"id": "tt29268110", "name": "Smile 2", "type": "movie", "poster": "https://m.media-amazon.com/images/M/MV5BYTg5OTMyMGMtYzMwNC00NDMyLWE0OGUtMTQ1ODcwM2FjOTM4XkEyXkFqcGc@._V1_SX250.jpg"}}]}, 
 {"id":"event_tt1657507","name":"Colombiana","host_user_id":"96e01cdb-36c0-4228-a6e4-a29a3c66bc8e","host_username":"RedLemon Events","stream_hash":"2b232fa1ede15105ef93571ed154f094281b0d9b","imdb_id":"tt1657507","poster_url":"https://images.metahub.space/poster/small/tt1657507/img","backdrop_url":"https://images.metahub.space/background/medium/tt1657507/img","playback_position":0,"is_playing":false,"participants_count":2,"max_participants":50,"is_public":true,"created_at":"2025-12-10T12:58:39.303069","last_activity":"2025-12-10T13:03:13.287082","season":null,"episode":null,"selected_quality":null,"selected_file_idx":null,"unlocked_stream_url":null,"description":null,"current_playlist_index":0,"playlist":[]}, 
 {"id":"event_tt0373074","name":"Kung Fu Hustle","host_user_id":"96e01cdb-36c0-4228-a6e4-a29a3c66bc8e","host_username":"RedLemon Events","stream_hash":"34783b13e4266d3a15666cd8afa34d9bdd6c5be3","imdb_id":"tt0373074","poster_url":"https://images.metahub.space/poster/small/tt0373074/img","backdrop_url":"https://images.metahub.space/background/medium/tt0373074/img","playback_position":0,"is_playing":false,"participants_count":1,"max_participants":50,"is_public":true,"created_at":"2025-12-10T12:13:10.722178","last_activity":"2025-12-10T12:13:10.828963","season":null,"episode":null,"selected_quality":null,"selected_file_idx":null,"unlocked_stream_url":null,"description":null,"current_playlist_index":0,"playlist":[]}, 
 {"id":"event_tt1723121","name":"We're the Millers","host_user_id":"96e01cdb-36c0-4228-a6e4-a29a3c66bc8e","host_username":"RedLemon Events","stream_hash":"d14a2dbc1f922ab7fd7aff360757bad19a5bc665","imdb_id":"tt1723121","poster_url":"https://images.metahub.space/poster/small/tt1723121/img","backdrop_url":"https://images.metahub.space/background/medium/tt1723121/img","playback_position":0,"is_playing":false,"participants_count":2,"max_participants":50,"is_public":true,"created_at":"2025-12-10T05:38:55.791195","last_activity":"2025-12-10T06:25:37.362329","season":null,"episode":null,"selected_quality":null,"selected_file_idx":null,"unlocked_stream_url":null,"description":null,"current_playlist_index":0,"playlist":[]}, 
 {"id":"event_tt0120586","name":"American History X","host_user_id":"96e01cdb-36c0-4228-a6e4-a29a3c66bc8e","host_username":"RedLemon Events","stream_hash":"66672b822002b6f19af478fb7c886787afee5f9f","imdb_id":"tt0120586","poster_url":"https://images.metahub.space/poster/small/tt0120586/img","backdrop_url":"https://images.metahub.space/background/medium/tt0120586/img","playback_position":0,"is_playing":false,"participants_count":1,"max_participants":50,"is_public":true,"created_at":"2025-12-10T02:59:29.111766","last_activity":"2025-12-10T02:59:29.251061","season":null,"episode":null,"selected_quality":null,"selected_file_idx":null,"unlocked_stream_url":null,"description":null,"current_playlist_index":0,"playlist":[]}]
✅ Loaded 1 rooms (total: 1)
✅ Cache HIT: Metadata[meta_movie_tt29268110]
🚪 Joining room: EE5K
   User ID: 656DAA91-33B4-4688-9135-C982EA52D7C9
   Host ID: 96E01CDB-36C0-4228-A6E4-A29A3C66BC8E
   Is host: false
   Room state: lobby
🎭 Lobby: Connecting to room EE5K...
🔄 Lobby: Fetching fresh room state from Supabase...
🔌 Disconnecting from Supabase Realtime
✅ Disconnected from Supabase Realtime
❌ Heartbeat failed: CancellationError()
🔌 Setting up Realtime channel: watch-party:EE5K
   Role: Guest
   User ID: 656DAA91-33B4-4688-9135-C982EA52D7C9
📡 Connection state: connecting
ℹ️ Already joined channel watch-party:EE5K, skipping join
📡 Connection state: connected
✅ Realtime channel setup complete
[ INFO ] GET /api/metadata/meta/movie/tt29268110 [request-id: 58416346-D075-494D-87B7-7E170492735D]
2025-12-10 09:05:56.900 RedLemon[5366:45177] ✅ Guest joined room EE5K in database
2025-12-10 09:05:56.906 RedLemon[5366:46100] 📤 Realtime: Sending message type: chat, sender: 656DAA91-33B4-4688-9135-C982EA52D7C9
2025-12-10 09:05:56.907 RedLemon[5366:46100]    Payload keys: senderId, chatText, chatUsername, type, position, timestamp
2025-12-10 09:05:56.908 RedLemon[5366:45266] ✅ Realtime: Message broadcast complete
2025-12-10 09:05:56.945 RedLemon[5366:46100] 📨 Realtime: Received broadcast message
2025-12-10 09:05:56.945 RedLemon[5366:46100]    Payload keys: timestamp, senderId, type, chatUsername, chatText, position
2025-12-10 09:05:56.946 RedLemon[5366:46100] ✅ Realtime: Decoded message type: chat, sender: 656DAA91-33B4-4688-9135-C982EA52D7C9
2025-12-10 09:05:56.946 RedLemon[5366:46100] 📞 Realtime: Invoking syncCallback for message type: chat
2025-12-10 09:05:56.946 RedLemon[5366:46100] ✅ Realtime: syncCallback invoked successfully
2025-12-10 09:05:56.978 RedLemon[5366:45177] 👋 Received: Guest 'ursinho' joined room EE5K
2025-12-10 09:05:57.192 RedLemon[5366:45177] 🔍 Current guest participant found in polling: ursinho with ID 656DAA91-33B4-4688-9135-C982EA52D7C9
2025-12-10 09:05:57.192 RedLemon[5366:45177] 👋 ursinho joined room
2025-12-10 09:05:57.192 RedLemon[5366:45177] 👋 ursinho left room
2025-12-10 09:05:59.358 RedLemon[5366:45177] 🔍 Current guest participant found in polling: ursinho with ID 656DAA91-33B4-4688-9135-C982EA52D7C9
2025-12-10 09:06:01.673 RedLemon[5366:45177] 🔍 Current guest participant found in polling: ursinho with ID 656DAA91-33B4-4688-9135-C982EA52D7C9
2025-12-10 09:06:03.911 RedLemon[5366:45177] 🔍 Current guest participant found in polling: ursinho with ID 656DAA91-33B4-4688-9135-C982EA52D7C9
2025-12-10 09:06:05.426 RedLemon[5366:45529] 📨 Realtime: Received broadcast message
2025-12-10 09:06:05.426 RedLemon[5366:45529]    Payload keys: timestamp, senderId, type, chatUsername, chatText, position
2025-12-10 09:06:05.426 RedLemon[5366:45529] ✅ Realtime: Decoded message type: chat, sender: 96E01CDB-36C0-4228-A6E4-A29A3C66BC8E
2025-12-10 09:06:05.426 RedLemon[5366:45529] 📞 Realtime: Invoking syncCallback for message type: chat
2025-12-10 09:06:05.427 RedLemon[5366:45529] ✅ Realtime: syncCallback invoked successfully
2025-12-10 09:06:05.427 RedLemon[5366:45177] 🎬 Guest: Received LOBBY_START_COUNTDOWN signal
2025-12-10 09:06:05.454 RedLemon[5366:45177] 🎬 Guest: Received LOBBY_START_COUNTDOWN signal
2025-12-10 09:06:05.522 RedLemon[5366:45177] ✅ Guest: Synced stream details from host (Hash: 1c420cfd)
2025-12-10 09:06:05.523 RedLemon[5366:45177] 🎬 Guest: Fetch took 0.069s, waiting 3.181s (includes 0.25s sync buffer)
2025-12-10 09:06:06.182 RedLemon[5366:45177] 🔍 Current guest participant found in polling: ursinho with ID 656DAA91-33B4-4688-9135-C982EA52D7C9
2025-12-10 09:06:08.558 RedLemon[5366:45177] 🔍 Current guest participant found in polling: ursinho with ID 656DAA91-33B4-4688-9135-C982EA52D7C9
2025-12-10 09:06:08.641 RedLemon[5366:46020] 📨 Realtime: Received broadcast message
2025-12-10 09:06:08.641 RedLemon[5366:46020]    Payload keys: senderId, isPlaying, timestamp, type, position
2025-12-10 09:06:08.642 RedLemon[5366:46020] ✅ Realtime: Decoded message type: ready, sender: 96E01CDB-36C0-4228-A6E4-A29A3C66BC8E
2025-12-10 09:06:08.642 RedLemon[5366:46020] 📞 Realtime: Invoking syncCallback for message type: ready
2025-12-10 09:06:08.642 RedLemon[5366:46020] ✅ Realtime: syncCallback invoked successfully
2025-12-10 09:06:08.642 RedLemon[5366:45177] ⚠️ Received Realtime message with no chat text
2025-12-10 09:06:08.853 RedLemon[5366:45177] 🎬 Guest: Starting playback after countdown
2025-12-10 09:06:08.853 RedLemon[5366:45177] 🎬 Guest: Launching player for Smile 2
2025-12-10 09:06:08.853 RedLemon[5366:45177]    Quality: 1080p
2025-12-10 09:06:08.853 RedLemon[5366:45177]    Mode: watchParty
2025-12-10 09:06:08.853 RedLemon[5366:45177] 📡 Fetching metadata for tt29268110...
2025-12-10 09:06:08.931 RedLemon[5366:45177] 🖼️ Loading background art: https://images.metahub.space/background/medium/tt29268110/img
2025-12-10 09:06:08.932 RedLemon[5366:45177] ⏳ Background art loading...
2025-12-10 09:06:08.932 RedLemon[5366:45177] 🎨 Loading logo: https://images.metahub.space/logo/medium/tt29268110/img
2025-12-10 09:06:08.932 RedLemon[5366:45177] ⏳ Logo loading...
2025-12-10 09:06:08.983 RedLemon[5366:45177] 🎬 GUEST: Using host's stream selection (skipping resolution)
2025-12-10 09:06:08.985 RedLemon[5366:45177] 🎬🎬🎬 MPVPlayerView INIT called - streamURL: https://chi9-4.download.real-debrid.com/d/CLZEO5ETE5MHW43/Sm, subtitles: 0
2025-12-10 09:06:09.040 RedLemon[5366:45177] ✅ Stream ready, starting playback...
2025-12-10 09:06:09.040 RedLemon[5366:45177] 🖥️ WindowManager: enterFullscreen() called
2025-12-10 09:06:09.040 RedLemon[5366:45177]    Window: <SwiftUI.SwiftUIWindow: 0x7f9c8276e9b0>
2025-12-10 09:06:09.040 RedLemon[5366:45177]    Is fullscreen: 0
2025-12-10 09:06:09.040 RedLemon[5366:45177]    ✅ WindowManager: Toggling fullscreen ON
2025-12-10 09:06:09.078 RedLemon[5366:45177] 🖼️ Setting up MPV with native macOS video output...
2025-12-10 09:06:09.083 RedLemon[5366:45177] ✅ MPV initialized with native GPU rendering
2025-12-10 09:06:09.086 RedLemon[5366:45177] 🎬🎬🎬 MPVPlayerView .task starting
2025-12-10 09:06:09.087 RedLemon[5366:45177] 🎉 Starting watch party sync - Room: EE5K, Host: NO
2025-12-10 09:06:09.087 RedLemon[5366:45177] 🎉 Watch Party Mode ENABLED. isInWatchParty = YES
2025-12-10 09:06:09.152 RedLemon[5366:45177] 🔄 Starting chat polling for room: EE5K
2025-12-10 09:06:09.152 RedLemon[5366:45177] ✅ Watch party sync started successfully - isInWatchParty is now TRUE
2025-12-10 09:06:09.152 RedLemon[5366:45177] 🎬🎬🎬 About to call loadStream - isInWatchParty: YES
2025-12-10 09:06:09.152 RedLemon[5366:45177] 🎬🎬🎬 Subtitles: 0
2025-12-10 09:06:09.152 RedLemon[5366:45177] 🎬🎬🎬 LOADSTREAM CALLED - streamTitle: Smile 2
2025-12-10 09:06:09.153 RedLemon[5366:45177] 🎬🎬🎬 streamURL: https://chi9-4.download.real-debrid.com/d/CLZEO5ETE5MHW43/Sm
2025-12-10 09:06:09.153 RedLemon[5366:45177] 🎬🎬🎬 subtitles: 0
2025-12-10 09:06:09.153 RedLemon[5366:45177] 🎬🎬🎬 MPVPlayerView .task completed
2025-12-10 09:06:09.179 RedLemon[5366:45266] 🎬 MPV loadVideo called with URL: https://chi9-4.download.real-debrid.com/d/CLZEO5ETE5MHW43/Smile.2.2024.BluRay.1080p.DDP.5.1.x264-hal, autoplay: false
2025-12-10 09:06:09.179 RedLemon[5366:45266] ⏸️ Loading in paused mode (watch party)
2025-12-10 09:06:09.180 RedLemon[5366:45266] 🔗 URL: https://chi9-4.download.real-debrid.com/d/CLZEO5ETE5MHW43/Smile.2.2024.BluRay.1080p.DDP.5.1.x264-hallowed.mkv
2025-12-10 09:06:09.180 RedLemon[5366:45266] 🎬 MPV executing: loadfile "https://chi9-4.download.real-debrid.com/d/CLZEO5ETE5MHW43/Smile.2.2024.BluRay.1080p.DDP.5.1.x264-hallowed.mkv"
2025-12-10 09:06:09.180 RedLemon[5366:45266] 🎬 MPV loadfile result: 0
2025-12-10 09:06:09.180 RedLemon[5366:45266] ✅ MPV loadfile succeeded (started paused)
🔍 [DEBUG] Creating MediaItem from CinemetaMeta
🔍 [DEBUG] meta.itemId: tt29268110
🔍 [DEBUG] meta.type: movie
🔍 [DEBUG] meta.name: Smile 2
🔍 [DEBUG] Successfully created MediaItem from meta: Smile 2
✅ Lobby: Connected to Realtime
📨 Received: {"ref":"13","event":"phx_reply","payload":{"status":"ok","response":{}},"topic":"realtime:watch-party:EE5K"}
📨 Received: {"ref":null,"event":"presence_diff","payload":{"joins":{"4b1e2226-d5d1-11f0-9659-0a58a9feac02":{"metas":[{"phx_ref":"GH_fty4cCwg_lIBP","phx_ref_prev":"GH_fscZqiMc_lDiJ","is_host":false,"joined_at":1765375556.75617,"user_id":"656DAA91-33B4-4688-9135-C982EA52D7C9","username":"ursinho"}]}},"leaves":{"4b1e2226-d5d1-11f0-9659-0a58a9feac02":{"metas":[{"phx_ref":"GH_fscZqiMc_lDiJ","phx_ref_prev":"GH_fsblM8CY_lEDG","is_host":false,"joined_at":1765375533.544656,"user_id":"656DAA91-33B4-4688-9135-C982EA52D7C9","username":"ursinho"}]}}},"topic":"realtime:watch-party:EE5K"}
🔍 Supabase Response for /rooms: [{"id":"EE5K","name":"Smile 2","host_user_id":"96e01cdb-36c0-4228-a6e4-a29a3c66bc8e","host_username":"lemontom","stream_hash":"241ea4282bb65df2070edbbb2963d74c042d9df3","imdb_id":"tt29268110","poster_url":"https://images.metahub.space/poster/small/tt29268110/img","backdrop_url":"https://images.metahub.space/background/medium/tt29268110/img","playback_position":0,"is_playing":false,"participants_count":1,"max_participants":50,"is_public":true,"created_at":"2025-12-10T14:04:11.727338","last_activity":"2025-12-10T14:05:49.096967","season":null,"episode":null,"selected_quality":"1080p","selected_file_idx":null,"unlocked_stream_url":"https://chi6-4.download.real-debrid.com/d/LSWBZKJDPKZHE43/Orphan%202009%20BluRay%201080p%20DTS%20AC3%20x264-MgB.mkv","description":"Horror Marathon","current_playlist_index":1,"playlist":[{"id": "DA95C778-AD6E-4493-9E4D-D93ECEC8E6A6", "mediaItem": {"id": "tt1148204", "logo": "https://images.metahub.space/logo/medium/tt1148204/img", "name": "Orphan", "type": "movie", "year": "2009", "genres": ["Horror", "Mystery", "Thriller"], "poster": "https://images.metahub.space/poster/small/tt1148204/img", "runtime": "122 min", "background": "https://images.metahub.space/background/medium/tt1148204/img", "imdbRating": "7.0", "description": "A husband and wife who recently lost their baby adopt a 9-year-old girl who is not nearly as innocent as she appears.", "releaseInfo": "2009"}}, {"id": "CDDF53C4-11C0-4F7E-8A74-98349571032F", "mediaItem": {"id": "tt29268110", "name": "Smile 2", "type": "movie", "poster": "https://m.media-amazon.com/images/M/MV5BYTg5OTMyMGMtYzMwNC00NDMyLWE0OGUtMTQ1ODcwM2FjOTM4XkEyXkFqcGc@._V1_SX250.jpg"}}]}]
✅ Lobby: Loaded metadata for Smile 2
✅ Lobby: Synced playlist with 2 items
✅ Lobby: Synced playlist index to 1
🔌 Setting up Realtime channel: watch-party:EE5K
   Role: Guest
   User ID: 656DAA91-33B4-4688-9135-C982EA52D7C9
📡 Connection state: connecting
ℹ️ Already joined channel watch-party:EE5K, skipping join
📡 Connection state: connected
✅ Realtime channel setup complete
✅ Lobby: Connected to Realtime
📨 Received: {"ref":"14","event":"phx_reply","payload":{"status":"ok","response":{}},"topic":"realtime:watch-party:EE5K"}
📨 Received: {"ref":null,"event":"presence_diff","payload":{"joins":{"4b1e2226-d5d1-11f0-9659-0a58a9feac02":{"metas":[{"phx_ref":"GH_ftzaTcd8_lA3M","phx_ref_prev":"GH_fty4cCwg_lIBP","is_host":false,"joined_at":1765375556.900945,"user_id":"656DAA91-33B4-4688-9135-C982EA52D7C9","username":"ursinho"}]}},"leaves":{"4b1e2226-d5d1-11f0-9659-0a58a9feac02":{"metas":[{"phx_ref":"GH_fty4cCwg_lIBP","phx_ref_prev":"GH_fscZqiMc_lDiJ","is_host":false,"joined_at":1765375556.75617,"user_id":"656DAA91-33B4-4688-9135-C982EA52D7C9","username":"ursinho"}]}}},"topic":"realtime:watch-party:EE5K"}
📨 Received: {"ref":null,"event":"broadcast","payload":{"event":"sync","payload":{"chatText":"LOBBY_JOIN","chatUsername":"ursinho","position":0,"senderId":"656DAA91-33B4-4688-9135-C982EA52D7C9","timestamp":0,"type":"chat"},"type":"broadcast"},"topic":"realtime:watch-party:EE5K"}
🔄 Lobby: Starting database polling for participants and room state...
💓 Lobby: Starting heartbeat loop...
💓 Heartbeat sent
📨 Received: {"ref":"6","event":"phx_reply","payload":{"status":"ok","response":{}},"topic":"phoenix"}
💓 Heartbeat sent
📨 Received: {"ref":"3","event":"phx_reply","payload":{"status":"ok","response":{}},"topic":"phoenix"}
🔍 Supabase Response for /rooms: [{"id":"EE5K","name":"Smile 2","host_user_id":"96e01cdb-36c0-4228-a6e4-a29a3c66bc8e","host_username":"lemontom","stream_hash":"241ea4282bb65df2070edbbb2963d74c042d9df3","imdb_id":"tt29268110","poster_url":"https://images.metahub.space/poster/small/tt29268110/img","backdrop_url":"https://images.metahub.space/background/medium/tt29268110/img","playback_position":0,"is_playing":false,"participants_count":2,"max_participants":50,"is_public":true,"created_at":"2025-12-10T14:04:11.727338","last_activity":"2025-12-10T14:05:56.837541","season":null,"episode":null,"selected_quality":"1080p","selected_file_idx":null,"unlocked_stream_url":"https://chi6-4.download.real-debrid.com/d/LSWBZKJDPKZHE43/Orphan%202009%20BluRay%201080p%20DTS%20AC3%20x264-MgB.mkv","description":"Horror Marathon","current_playlist_index":1,"playlist":[{"id": "DA95C778-AD6E-4493-9E4D-D93ECEC8E6A6", "mediaItem": {"id": "tt1148204", "logo": "https://images.metahub.space/logo/medium/tt1148204/img", "name": "Orphan", "type": "movie", "year": "2009", "genres": ["Horror", "Mystery", "Thriller"], "poster": "https://images.metahub.space/poster/small/tt1148204/img", "runtime": "122 min", "background": "https://images.metahub.space/background/medium/tt1148204/img", "imdbRating": "7.0", "description": "A husband and wife who recently lost their baby adopt a 9-year-old girl who is not nearly as innocent as she appears.", "releaseInfo": "2009"}}, {"id": "CDDF53C4-11C0-4F7E-8A74-98349571032F", "mediaItem": {"id": "tt29268110", "name": "Smile 2", "type": "movie", "poster": "https://m.media-amazon.com/images/M/MV5BYTg5OTMyMGMtYzMwNC00NDMyLWE0OGUtMTQ1ODcwM2FjOTM4XkEyXkFqcGc@._V1_SX250.jpg"}}]}]
🔍 Supabase Response for /rooms: [{"id":"EE5K","name":"Smile 2","host_user_id":"96e01cdb-36c0-4228-a6e4-a29a3c66bc8e","host_username":"lemontom","stream_hash":"241ea4282bb65df2070edbbb2963d74c042d9df3","imdb_id":"tt29268110","poster_url":"https://images.metahub.space/poster/small/tt29268110/img","backdrop_url":"https://images.metahub.space/background/medium/tt29268110/img","playback_position":0,"is_playing":false,"participants_count":2,"max_participants":50,"is_public":true,"created_at":"2025-12-10T14:04:11.727338","last_activity":"2025-12-10T14:05:56.837541","season":null,"episode":null,"selected_quality":"1080p","selected_file_idx":null,"unlocked_stream_url":"https://chi6-4.download.real-debrid.com/d/LSWBZKJDPKZHE43/Orphan%202009%20BluRay%201080p%20DTS%20AC3%20x264-MgB.mkv","description":"Horror Marathon","current_playlist_index":1,"playlist":[{"id": "DA95C778-AD6E-4493-9E4D-D93ECEC8E6A6", "mediaItem": {"id": "tt1148204", "logo": "https://images.metahub.space/logo/medium/tt1148204/img", "name": "Orphan", "type": "movie", "year": "2009", "genres": ["Horror", "Mystery", "Thriller"], "poster": "https://images.metahub.space/poster/small/tt1148204/img", "runtime": "122 min", "background": "https://images.metahub.space/background/medium/tt1148204/img", "imdbRating": "7.0", "description": "A husband and wife who recently lost their baby adopt a 9-year-old girl who is not nearly as innocent as she appears.", "releaseInfo": "2009"}}, {"id": "CDDF53C4-11C0-4F7E-8A74-98349571032F", "mediaItem": {"id": "tt29268110", "name": "Smile 2", "type": "movie", "poster": "https://m.media-amazon.com/images/M/MV5BYTg5OTMyMGMtYzMwNC00NDMyLWE0OGUtMTQ1ODcwM2FjOTM4XkEyXkFqcGc@._V1_SX250.jpg"}}]}]
🔍 Supabase Response for /rooms: [{"id":"EE5K","name":"Smile 2","host_user_id":"96e01cdb-36c0-4228-a6e4-a29a3c66bc8e","host_username":"lemontom","stream_hash":"241ea4282bb65df2070edbbb2963d74c042d9df3","imdb_id":"tt29268110","poster_url":"https://images.metahub.space/poster/small/tt29268110/img","backdrop_url":"https://images.metahub.space/background/medium/tt29268110/img","playback_position":0,"is_playing":false,"participants_count":2,"max_participants":50,"is_public":true,"created_at":"2025-12-10T14:04:11.727338","last_activity":"2025-12-10T14:05:56.837541","season":null,"episode":null,"selected_quality":"1080p","selected_file_idx":null,"unlocked_stream_url":"https://chi6-4.download.real-debrid.com/d/LSWBZKJDPKZHE43/Orphan%202009%20BluRay%201080p%20DTS%20AC3%20x264-MgB.mkv","description":"Horror Marathon","current_playlist_index":1,"playlist":[{"id": "DA95C778-AD6E-4493-9E4D-D93ECEC8E6A6", "mediaItem": {"id": "tt1148204", "logo": "https://images.metahub.space/logo/medium/tt1148204/img", "name": "Orphan", "type": "movie", "year": "2009", "genres": ["Horror", "Mystery", "Thriller"], "poster": "https://images.metahub.space/poster/small/tt1148204/img", "runtime": "122 min", "background": "https://images.metahub.space/background/medium/tt1148204/img", "imdbRating": "7.0", "description": "A husband and wife who recently lost their baby adopt a 9-year-old girl who is not nearly as innocent as she appears.", "releaseInfo": "2009"}}, {"id": "CDDF53C4-11C0-4F7E-8A74-98349571032F", "mediaItem": {"id": "tt29268110", "name": "Smile 2", "type": "movie", "poster": "https://m.media-amazon.com/images/M/MV5BYTg5OTMyMGMtYzMwNC00NDMyLWE0OGUtMTQ1ODcwM2FjOTM4XkEyXkFqcGc@._V1_SX250.jpg"}}]}]
🔍 Supabase Response for /rooms: [{"id":"EE5K","name":"Smile 2","host_user_id":"96e01cdb-36c0-4228-a6e4-a29a3c66bc8e","host_username":"lemontom","stream_hash":"241ea4282bb65df2070edbbb2963d74c042d9df3","imdb_id":"tt29268110","poster_url":"https://images.metahub.space/poster/small/tt29268110/img","backdrop_url":"https://images.metahub.space/background/medium/tt29268110/img","playback_position":0,"is_playing":false,"participants_count":2,"max_participants":50,"is_public":true,"created_at":"2025-12-10T14:04:11.727338","last_activity":"2025-12-10T14:05:56.837541","season":null,"episode":null,"selected_quality":"1080p","selected_file_idx":null,"unlocked_stream_url":"https://chi6-4.download.real-debrid.com/d/LSWBZKJDPKZHE43/Orphan%202009%20BluRay%201080p%20DTS%20AC3%20x264-MgB.mkv","description":"Horror Marathon","current_playlist_index":1,"playlist":[{"id": "DA95C778-AD6E-4493-9E4D-D93ECEC8E6A6", "mediaItem": {"id": "tt1148204", "logo": "https://images.metahub.space/logo/medium/tt1148204/img", "name": "Orphan", "type": "movie", "year": "2009", "genres": ["Horror", "Mystery", "Thriller"], "poster": "https://images.metahub.space/poster/small/tt1148204/img", "runtime": "122 min", "background": "https://images.metahub.space/background/medium/tt1148204/img", "imdbRating": "7.0", "description": "A husband and wife who recently lost their baby adopt a 9-year-old girl who is not nearly as innocent as she appears.", "releaseInfo": "2009"}}, {"id": "CDDF53C4-11C0-4F7E-8A74-98349571032F", "mediaItem": {"id": "tt29268110", "name": "Smile 2", "type": "movie", "poster": "https://m.media-amazon.com/images/M/MV5BYTg5OTMyMGMtYzMwNC00NDMyLWE0OGUtMTQ1ODcwM2FjOTM4XkEyXkFqcGc@._V1_SX250.jpg"}}]}]
🛡️ Lobby: Auto-Join safety delay passed (8s). Enabled for late joiners.
📨 Received: {"ref":null,"event":"broadcast","payload":{"event":"sync","payload":{"chatText":"LOBBY_START_COUNTDOWN","chatUsername":"Host","position":0,"senderId":"96E01CDB-36C0-4228-A6E4-A29A3C66BC8E","timestamp":3,"type":"chat"},"type":"broadcast"},"topic":"realtime:watch-party:EE5K"}
🔍 Supabase Response for /rooms: [{"id":"EE5K","name":"Smile 2","host_user_id":"96e01cdb-36c0-4228-a6e4-a29a3c66bc8e","host_username":"lemontom","stream_hash":"1c420cfd388af739b8667055153dc1f8e47651cb","imdb_id":"tt29268110","poster_url":"https://images.metahub.space/poster/small/tt29268110/img","backdrop_url":"https://images.metahub.space/background/medium/tt29268110/img","playback_position":0,"is_playing":true,"participants_count":2,"max_participants":50,"is_public":true,"created_at":"2025-12-10T14:04:11.727338","last_activity":"2025-12-10T14:06:05","season":null,"episode":null,"selected_quality":"1080p","selected_file_idx":null,"unlocked_stream_url":"https://chi9-4.download.real-debrid.com/d/CLZEO5ETE5MHW43/Smile.2.2024.BluRay.1080p.DDP.5.1.x264-hallowed.mkv","description":"Horror Marathon","current_playlist_index":1,"playlist":[{"id": "DA95C778-AD6E-4493-9E4D-D93ECEC8E6A6", "mediaItem": {"id": "tt1148204", "logo": "https://images.metahub.space/logo/medium/tt1148204/img", "name": "Orphan", "type": "movie", "year": "2009", "genres": ["Horror", "Mystery", "Thriller"], "poster": "https://images.metahub.space/poster/small/tt1148204/img", "runtime": "122 min", "background": "https://images.metahub.space/background/medium/tt1148204/img", "imdbRating": "7.0", "description": "A husband and wife who recently lost their baby adopt a 9-year-old girl who is not nearly as innocent as she appears.", "releaseInfo": "2009"}}, {"id": "CDDF53C4-11C0-4F7E-8A74-98349571032F", "mediaItem": {"id": "tt29268110", "name": "Smile 2", "type": "movie", "poster": "https://m.media-amazon.com/images/M/MV5BYTg5OTMyMGMtYzMwNC00NDMyLWE0OGUtMTQ1ODcwM2FjOTM4XkEyXkFqcGc@._V1_SX250.jpg"}}]}]
💓 Heartbeat sent
📨 Received: {"ref":"16","event":"phx_reply","payload":{"status":"ok","response":{}},"topic":"phoenix"}
📨 Received: {"ref":null,"event":"broadcast","payload":{"event":"sync","payload":{"isPlaying":false,"position":0,"senderId":"96E01CDB-36C0-4228-A6E4-A29A3C66BC8E","timestamp":1765375568.511396,"type":"ready"},"type":"broadcast"},"topic":"realtime:watch-party:EE5K"}
🎬 Starting playback for: Smile 2
✅ Cache HIT: Metadata[meta_movie_tt29268110]


✅ [SYNC VERIFICATION] LOCKING TO SHARED STREAM (SYSTEM/HOST) 🔒
   Hash: 1c420cfd388af739b8667055153dc1f8e47651cb
   Quality: 1080p
   Skipping local resolution to ensure perfect sync.

 Using provided room ID: EE5K
🎬 RedLemon: Creating MPVPlayerView
   Stream URL: https://chi9-4.download.real-debrid.com/d/CLZEO5ETE5MHW43/Sm
   Display Title: Smile 2
   Subtitle URLs: 0
🎬 MPVWrapper: Creating embedded MPV with render context...
✅ MPV handle created
✅ MPV handle created
🎬 MPVLayerHostView initialized
🎬 Created CGL pixel format (Core Profile 3.2)
🎬 Created CGL context with vsync enabled
🎬 MPVViewLayer initialized with async rendering
🎬 Video layer assigned to host view
🎬 Creating MPV render context with OpenGL (IINA method)...
🎬 MPV: Frame ready! Calling layer.update() (throttled)
✅ Render context created successfully (IINA method)
🎬 Layer.update() called - forceDraw:false needsFlip:true (throttled)
🎬 CVDisplayLink started
🎉 Starting watch party: roomId=EE5K, isHost=false
🎬 DisplayLink: reportSwap() (throttled)
🔌 Setting up Realtime channel: watch-party:EE5K
   Role: Guest
   User ID: 656DAA91-33B4-4688-9135-C982EA52D7C9
📡 Connection state: connecting
ℹ️ Already joined channel watch-party:EE5K, skipping join
📡 Connection state: connected
✅ Realtime channel setup complete
✅ Watch party sync initialized with Realtime
🎬 Loading stream: Smile 2
   IMDB: tt29268110
   URL: https://chi9-4.download.real-debrid.com/d/CLZEO5ETE5MHW43/Sm...
💬 Added mock chat messages for testing
👥 WATCH PARTY MODE: Starting PAUSED for synchronization
⏯️ MPV: Pause state changed to false -> isPlaying = true
📡 Fetching metadata for tt29268110 as movie...
✅ Cache HIT: Metadata[meta_movie_tt29268110]
✅ Got background: https://images.metahub.space/background/medium/tt29268110/im...
✅ Got poster URL: https://images.metahub.space/poster/small/tt29268110/img...
✅ Got logo: https://images.metahub.space/logo/medium/tt29268110/img...
📡 SocialService: Updated status - Watching: Smile 2
📨 Received: {"ref":"17","event":"phx_reply","payload":{"status":"ok","response":{}},"topic":"realtime:watch-party:EE5K"}
📨 Received: {"ref":null,"event":"presence_diff","payload":{"joins":{"4b1e2226-d5d1-11f0-9659-0a58a9feac02":{"metas":[{"phx_ref":"GH_fuhDX0JE_lNAO","phx_ref_prev":"GH_ftzaTcd8_lA3M","is_host":false,"joined_at":1765375569.146972,"user_id":"656DAA91-33B4-4688-9135-C982EA52D7C9","username":"ursinho"}]}},"leaves":{"4b1e2226-d5d1-11f0-9659-0a58a9feac02":{"metas":[{"phx_ref":"GH_ftzaTcd8_lA3M","phx_ref_prev":2025-12-10 09:06:10.591 RedLemon[5366:46020] 📨 Realtime: Received broadcast message
2025-12-10 09:06:10.591 RedLemon[5366:46020]    Payload keys: type, senderId, position, timestamp, isPlaying
2025-12-10 09:06:10.592 RedLemon[5366:46020] ✅ Realtime: Decoded message type: playbackState, sender: EE5K
2025-12-10 09:06:10.592 RedLemon[5366:46020] 📞 Realtime: Invoking syncCallback for message type: playbackState
2025-12-10 09:06:10.592 RedLemon[5366:46020] ✅ Realtime: syncCallback invoked successfully
2025-12-10 09:06:10.592 RedLemon[5366:45177] 🔍 DEBUG: Received sync message - type: playbackState, sender: EE5K
2025-12-10 09:06:10.632 RedLemon[5366:46101] 📨 Realtime: Received broadcast message
2025-12-10 09:06:10.632 RedLemon[5366:46101]    Payload keys: senderId, position, isPlaying, type, timestamp
2025-12-10 09:06:10.633 RedLemon[5366:46101] ✅ Realtime: Decoded message type: ready, sender: 96E01CDB-36C0-4228-A6E4-A29A3C66BC8E
2025-12-10 09:06:10.633 RedLemon[5366:46101] 📞 Realtime: Invoking syncCallback for message type: ready
2025-12-10 09:06:10.633 RedLemon[5366:46101] ✅ Realtime: syncCallback invoked successfully
2025-12-10 09:06:10.633 RedLemon[5366:45177] 🔍 DEBUG: Received sync message - type: ready, sender: 96E01CDB-36C0-4228-A6E4-A29A3C66BC8E
2025-12-10 09:06:10.633 RedLemon[5366:45177] ✅ Received READY signal from 96E01CDB-36C0-4228-A6E4-A29A3C66BC8E
2025-12-10 09:06:10.633 RedLemon[5366:45177] ⚠️ Adding 96E01CDB-36C0-4228-A6E4-A29A3C66BC8E to connectedGuestIds (presence fallback)
2025-12-10 09:06:10.810 RedLemon[5366:45177] 🔍 Current guest participant found in polling: ursinho with ID 656DAA91-33B4-4688-9135-C982EA52D7C9
2025-12-10 09:06:10.810 RedLemon[5366:45177] 👋 lemontom left room
2025-12-10 09:06:10.810 RedLemon[5366:45177] 👋 ursinho left room
2025-12-10 09:06:11.986 RedLemon[5366:45177] ⏱️ Watch Party: Duration available (7653.7s), triggering ready signal
2025-12-10 09:06:11.986 RedLemon[5366:45177] 👋 Watch Party: Sending INITIAL READY signal and starting loop
2025-12-10 09:06:12.060 RedLemon[5366:46099] 📤 Realtime: Sending message type: ready, sender: 656DAA91-33B4-4688-9135-C982EA52D7C9
2025-12-10 09:06:12.060 RedLemon[5366:46099]    Payload keys: position, type, timestamp, isPlaying, senderId
2025-12-10 09:06:12.061 RedLemon[5366:45529] ✅ Realtime: Message broadcast complete
2025-12-10 09:06:12.072 RedLemon[5366:45177] ✅ Watch Party: READY signal sent successfully
2025-12-10 09:06:12.107 RedLemon[5366:46099] 📨 Realtime: Received broadcast message
2025-12-10 09:06:12.107 RedLemon[5366:46099]    Payload keys: type, position, senderId, timestamp, isPlaying
2025-12-10 09:06:12.108 RedLemon[5366:46099] ✅ Realtime: Decoded message type: ready, sender: 656DAA91-33B4-4688-9135-C982EA52D7C9
2025-12-10 09:06:12.108 RedLemon[5366:46099] 📞 Realtime: Invoking syncCallback for message type: ready
2025-12-10 09:06:12.108 RedLemon[5366:46099] ✅ Realtime: syncCallback invoked successfully
2025-12-10 09:06:12.108 RedLemon[5366:45177] 🔍 DEBUG: Received sync message - type: ready, sender: 656DAA91-33B4-4688-9135-C982EA52D7C9
2025-12-10 09:06:12.108 RedLemon[5366:45177] ✅ Received READY signal from 656DAA91-33B4-4688-9135-C982EA52D7C9
2025-12-10 09:06:12.595 RedLemon[5366:46101] 📨 Realtime: Received broadcast message
2025-12-10 09:06:12.595 RedLemon[5366:46101]    Payload keys: isPlaying, type, position, senderId, timestamp
2025-12-10 09:06:12.596 RedLemon[5366:46101] ✅ Realtime: Decoded message type: playbackState, sender: EE5K
2025-12-10 09:06:12.596 RedLemon[5366:46101] 📞 Realtime: Invoking syncCallback for message type: playbackState
2025-12-10 09:06:12.596 RedLemon[5366:46101] ✅ Realtime: syncCallback invoked successfully
2025-12-10 09:06:12.596 RedLemon[5366:45177] 🔍 DEBUG: Received sync message - type: playbackState, sender: EE5K
2025-12-10 09:06:12.638 RedLemon[5366:45266] 📨 Realtime: Received broadcast message
2025-12-10 09:06:12.639 RedLemon[5366:45266]    Payload keys: isPlaying, type, position, senderId, timestamp
2025-12-10 09:06:12.639 RedLemon[5366:45266] ✅ Realtime: Decoded message type: ready, sender: 96E01CDB-36C0-4228-A6E4-A29A3C66BC8E
2025-12-10 09:06:12.639 RedLemon[5366:45266] 📞 Realtime: Invoking syncCallback for message type: ready
2025-12-10 09:06:12.639 RedLemon[5366:45266] ✅ Realtime: syncCallback invoked successfully
2025-12-10 09:06:12.639 RedLemon[5366:45177] 🔍 DEBUG: Received sync message - type: ready, sender: 96E01CDB-36C0-4228-A6E4-A29A3C66BC8E
2025-12-10 09:06:12.640 RedLemon[5366:45177] ✅ Received READY signal from 96E01CDB-36C0-4228-A6E4-A29A3C66BC8E
2025-12-10 09:06:13.198 RedLemon[5366:45177] 🔍 Current guest participant found in polling: ursinho with ID 656DAA91-33B4-4688-9135-C982EA52D7C9
2025-12-10 09:06:13.329 RedLemon[5366:46100] 📨 Realtime: Received broadcast message
2025-12-10 09:06:13.330 RedLemon[5366:46100]    Payload keys: isPlaying, senderId, type, position, timestamp
2025-12-10 09:06:13.330 RedLemon[5366:46100] ✅ Realtime: Decoded message type: play, sender: 96E01CDB-36C0-4228-A6E4-A29A3C66BC8E
2025-12-10 09:06:13.330 RedLemon[5366:46100] 📞 Realtime: Invoking syncCallback for message type: play
2025-12-10 09:06:13.330 RedLemon[5366:46100] ✅ Realtime: syncCallback invoked successfully
2025-12-10 09:06:13.331 RedLemon[5366:45177] 🔍 DEBUG: Received sync message - type: play, sender: 96E01CDB-36C0-4228-A6E4-A29A3C66BC8E
2025-12-10 09:06:13.818 RedLemon[5366:46100] 📨 Realtime: Received broadcast message
2025-12-10 09:06:13.819 RedLemon[5366:46100]    Payload keys: timestamp, position, senderId, isPlaying, type
2025-12-10 09:06:13.819 RedLemon[5366:46100] ✅ Realtime: Decoded message type: play, sender: 96E01CDB-36C0-4228-A6E4-A29A3C66BC8E
2025-12-10 09:06:13.819 RedLemon[5366:46100] 📞 Realtime: Invoking syncCallback for message type: play
2025-12-10 09:06:13.819 RedLemon[5366:46100] ✅ Realtime: syncCallback invoked successfully
2025-12-10 09:06:13.843 RedLemon[5366:45177] 🔍 DEBUG: Received sync message - type: play, sender: 96E01CDB-36C0-4228-A6E4-A29A3C66BC8E
2025-12-10 09:06:14.741 RedLemon[5366:46099] 📨 Realtime: Received broadcast message
2025-12-10 09:06:14.741 RedLemon[5366:46099]    Payload keys: isPlaying, position, type, timestamp, senderId
2025-12-10 09:06:14.742 RedLemon[5366:46099] ✅ Realtime: Decoded message type: playbackState, sender: EE5K
2025-12-10 09:06:14.742 RedLemon[5366:46099] 📞 Realtime: Invoking syncCallback for message type: playbackState
2025-12-10 09:06:14.742 RedLemon[5366:46099] ✅ Realtime: syncCallback invoked successfully
2025-12-10 09:06:14.771 RedLemon[5366:45177] 🔍 DEBUG: Received sync message - type: playbackState, sender: EE5K
2025-12-10 09:06:15.899 RedLemon[5366:45177] 🔍 Current guest participant found in polling: ursinho with ID 656DAA91-33B4-4688-9135-C982EA52D7C9
2025-12-10 09:06:16.788 RedLemon[5366:46099] 📨 Realtime: Received broadcast message
2025-12-10 09:06:16.788 RedLemon[5366:46099]    Payload keys: type, timestamp, position, isPlaying, senderId
2025-12-10 09:06:16.789 RedLemon[5366:46099] ✅ Realtime: Decoded message type: playbackState, sender: EE5K
2025-12-10 09:06:16.789 RedLemon[5366:46099] 📞 Realtime: Invoking syncCallback for message type: playbackState
2025-12-10 09:06:16.789 RedLemon[5366:46099] ✅ Realtime: syncCallback invoked successfully
2025-12-10 09:06:16.818 RedLemon[5366:45177] 🔍 DEBUG: Received sync message - type: playbackState, sender: EE5K
2025-12-10 09:06:17.991 RedLemon[5366:45177] ✅ Exit button triggered! x=334 <= 342, y=611 >= 576
2025-12-10 09:06:18.007 RedLemon[5366:45177] ✅ Exit button triggered! x=314 <= 342, y=620 >= 576
2025-12-10 09:06:18.010 RedLemon[5366:45177] ✅ Exit button triggered! x=304 <= 342, y=625 >= 576
2025-12-10 09:06:18.028 RedLemon[5366:45177] ✅ Exit button triggered! x=276 <= 342, y=639 >= 576
2025-12-10 09:06:18.070 RedLemon[5366:45177] ✅ Exit button triggered! x=233 <= 342, y=666 >= 576
2025-12-10 09:06:18.078 RedLemon[5366:45177] ✅ Exit button triggered! x=227 <= 342, y=670 >= 576
2025-12-10 09:06:18.084 RedLemon[5366:45177] ✅ Exit button triggered! x=226 <= 342, y=672 >= 576
2025-12-10 09:06:18.090 RedLemon[5366:45177] ✅ Exit button triggered! x=224 <= 342, y=674 >= 576
2025-12-10 09:06:18.152 RedLemon[5366:45177] ✅ Exit button triggered! x=221 <= 342, y=679 >= 576
2025-12-10 09:06:18.279 RedLemon[5366:45177] ✅ Exit button triggered! x=217 <= 342, y=679 >= 576
2025-12-10 09:06:18.285 RedLemon[5366:45177] ✅ Exit button triggered! x=209 <= 342, y=679 >= 576
2025-12-10 09:06:18.290 RedLemon[5366:45177] 🔍 Current guest participant found in polling: ursinho with ID 656DAA91-33B4-4688-9135-C982EA52D7C9
2025-12-10 09:06:18.319 RedLemon[5366:45177] ✅ Exit button triggered! x=193 <= 342, y=679 >= 576
2025-12-10 09:06:18.321 RedLemon[5366:45177] ✅ Exit button triggered! x=180 <= 342, y=679 >= 576
2025-12-10 09:06:18.326 RedLemon[5366:45177] ✅ Exit button triggered! x=174 <= 342, y=679 >= 576
2025-12-10 09:06:18.404 RedLemon[5366:45177] ✅ Exit button triggered! x=121 <= 342, y=687 >= 576
2025-12-10 09:06:18.406 RedLemon[5366:45177] ✅ Exit button triggered! x=119 <= 342, y=688 >= 576
2025-12-10 09:06:18.488 RedLemon[5366:45177] ✅ Exit button triggered! x=114 <= 342, y=692 >= 576
2025-12-10 09:06:18.625 RedLemon[5366:46100] 📨 Realtime: Received broadcast message
2025-12-10 09:06:18.625 RedLemon[5366:46100]    Payload keys: isPlaying, timestamp, type, position, senderId
2025-12-10 09:06:18.626 RedLemon[5366:46100] ✅ Realtime: Decoded message type: playbackState, sender: EE5K
2025-12-10 09:06:18.626 RedLemon[5366:46100] 📞 Realtime: Invoking syncCallback for message type: playbackState
2025-12-10 09:06:18.626 RedLemon[5366:46100] ✅ Realtime: syncCallback invoked successfully
2025-12-10 09:06:18.653 RedLemon[5366:45177] ✅ Exit button triggered! x=109 <= 342, y=696 >= 576
2025-12-10 09:06:18.654 RedLemon[5366:45177] 🔍 DEBUG: Received sync message - type: playbackState, sender: EE5K
2025-12-10 09:06:18.696 RedLemon[5366:45177] ✅ Exit button triggered! x=107 <= 342, y=698 >= 576
2025-12-10 09:06:18.699 RedLemon[5366:45177] ✅ Exit button triggered! x=99 <= 342, y=709 >= 576
2025-12-10 09:06:18.704 RedLemon[5366:45177] ✅ Exit button triggered! x=97 <= 342, y=712 >= 576
2025-12-10 09:06:18.708 RedLemon[5366:45177] ✅ Exit button triggered! x=96 <= 342, y=714 >= 576
2025-12-10 09:06:18.784 RedLemon[5366:45177] ✅ Exit button triggered! x=92 <= 342, y=721 >= 576
2025-12-10 09:06:18.826 RedLemon[5366:45177] ✅ Exit button triggered! x=91 <= 342, y=722 >= 576
2025-12-10 09:06:18.834 RedLemon[5366:45177] ✅ Exit button triggered! x=91 <= 342, y=722 >= 576
2025-12-10 09:06:18.837 RedLemon[5366:45177] ✅ Exit button triggered! x=90 <= 342, y=722 >= 576
2025-12-10 09:06:18.844 RedLemon[5366:45177] ✅ Exit button triggered! x=90 <= 342, y=722 >= 576
2025-12-10 09:06:18.908 RedLemon[5366:45177] ✅ Exit button triggered! x=89 <= 342, y=724 >= 576
2025-12-10 09:06:18.949 RedLemon[5366:45177] ✅ Exit button triggered! x=88 <= 342, y=725 >= 576
2025-12-10 09:06:18.988 RedLemon[5366:45177] ✅ Exit button triggered! x=87 <= 342, y=727 >= 576
2025-12-10 09:06:18.997 RedLemon[5366:45177] ✅ Exit button triggered! x=87 <= 342, y=727 >= 576
2025-12-10 09:06:19.000 RedLemon[5366:45177] ✅ Exit button triggered! x=86 <= 342, y=727 >= 576
2025-12-10 09:06:19.003 RedLemon[5366:45177] ✅ Exit button triggered! x=86 <= 342, y=727 >= 576
2025-12-10 09:06:19.011 RedLemon[5366:45177] ✅ Exit button triggered! x=86 <= 342, y=728 >= 576
2025-12-10 09:06:19.028 RedLemon[5366:45177] ✅ Exit button triggered! x=86 <= 342, y=728 >= 576
2025-12-10 09:06:19.070 RedLemon[5366:45177] ✅ Exit button triggered! x=85 <= 342, y=730 >= 576
2025-12-10 09:06:19.111 RedLemon[5366:45177] ✅ Exit button triggered! x=85 <= 342, y=731 >= 576
2025-12-10 09:06:19.113 RedLemon[5366:45177] ✅ Exit button triggered! x=84 <= 342, y=732 >= 576
2025-12-10 09:06:19.528 RedLemon[5366:45177] 👥 MPVPlayer: Updated participants list via polling: 2
2025-12-10 09:06:20.280 RedLemon[5366:45177] ✅ Exit button triggered! x=83 <= 342, y=734 >= 576
2025-12-10 09:06:20.322 RedLemon[5366:45177] ✅ Exit button triggered! x=82 <= 342, y=735 >= 576
2025-12-10 09:06:20.365 RedLemon[5366:45177] ✅ Exit button triggered! x=82 <= 342, y=736 >= 576
2025-12-10 09:06:20.406 RedLemon[5366:45177] ✅ Exit button triggered! x=82 <= 342, y=736 >= 576
2025-12-10 09:06:20.407 RedLemon[5366:45177] ✅ Exit button triggered! x=82 <= 342, y=736 >= 576
2025-12-10 09:06:20.488 RedLemon[5366:45177] ✅ Exit button triggered! x=82 <= 342, y=736 >= 576
2025-12-10 09:06:20.573 RedLemon[5366:45177] ✅ Exit button triggered! x=82 <= 342, y=737 >= 576
2025-12-10 09:06:20.614 RedLemon[5366:45177] 🔍 Current guest participant found in polling: ursinho with ID 656DAA91-33B4-4688-9135-C982EA52D7C9
2025-12-10 09:06:20.665 RedLemon[5366:46020] 📨 Realtime: Received broadcast message
2025-12-10 09:06:20.666 RedLemon[5366:46020]    Payload keys: position, timestamp, isPlaying, type, senderId
2025-12-10 09:06:20.667 RedLemon[5366:46020] ✅ Realtime: Decoded message type: playbackState, sender: EE5K
2025-12-10 09:06:20.668 RedLemon[5366:46020] 📞 Realtime: Invoking syncCallback for message type: playbackState
2025-12-10 09:06:20.668 RedLemon[5366:46020] ✅ Realtime: syncCallback invoked successfully
2025-12-10 09:06:20.698 RedLemon[5366:45177] 🔍 DEBUG: Received sync message - type: playbackState, sender: EE5K
2025-12-10 09:06:21.077 RedLemon[5366:45177] 🖥️ WindowManager: exitFullscreen() called
2025-12-10 09:06:21.077 RedLemon[5366:45177]    ✅ WindowManager: Toggling fullscreen OFF
2025-12-10 09:06:21.382 RedLemon[5366:45177] 🪟 WindowManager: restoreWindowSize() called - restoring to expanded size
2025-12-10 09:06:21.382 RedLemon[5366:45177]    📐 WindowManager: Restoring to expanded size: (0.0, 0.0, 1366.0, 743.0)
2025-12-10 09:06:21.544 RedLemon[5366:45177]    ✅ WindowManager: Window restored to expanded size
"GH_fty4cCwg_lIBP","is_host":false,"joined_at":1765375556.900945,"user_id":"656DAA91-33B4-4688-9135-C982EA52D7C9","username":"ursinho"}]}}},"topic":"realtime:watch-party:EE5K"}
⏳ Participant leaving (grace period started): 656DAA91-33B4-4688-9135-C982EA52D7C9
📨 Received: {"ref":"7","event":"phx_reply","payload":{"status":"ok","response":{}},"topic":"realtime:global-presence"}
📨 Received: {"ref":null,"event":"presence_diff","payload":{"joins":{"23a6b1fe-d5d1-11f0-a7b8-0a58a9feac02":{"metas":[{"phx_ref":"GH_fuhMMsx7rP9ED","phx_ref_prev":"GH_fsaygH-frPxMJ","last_seen":"2025-12-10T14:06:09Z","room_id":"EE5K","started_at":"2025-12-10T14:06:09Z","status":"online","user_id":"656DAA91-33B4-4688-9135-C982EA52D7C9","username":"ursinho","watching_id":"tt29268110","watching_title":"Smile 2","watching_type":"movie"}]}},"leaves":{"23a6b1fe-d5d1-11f0-a7b8-0a58a9feac02":{"metas":[{"phx_ref":"GH_fsaygH-frPxMJ","phx_ref_prev":"GH_fp5-Q_l3rP6VF","last_seen":"2025-12-10T14:05:33Z","status":"online","user_id":"656DAA91-33B4-4688-9135-C982EA52D7C9","username":"ursinho"}]}}},"topic":"realtime:global-presence"}
⏳ MPVPlayerViewModel: Enhancing UI - Buffering started (show spinner)
📨 Received: {"ref":null,"event":"presence_diff","payload":{"joins":{"4bfe58fa-d5d1-11f0-b3b6-0a58a9feac02":{"metas":[{"phx_ref":"GH_fuevOqUOAHXsP","phx_ref_prev":"GH_fsi2wZPuAHTtG","is_host":true,"joined_at":1765375568.4528441,"user_id":"96E01CDB-36C0-4228-A6E4-A29A3C66BC8E","username":"lemontom"}]}},"leaves":{"4bfe58fa-d5d1-11f0-b3b6-0a58a9feac02":{"metas":[{"phx_ref":"GH_fsi2wZPuAHTtG","phx_ref_prev":"GH_fshEfKNyAHXMI","is_host":true,"joined_at":1765375535.195513,"user_id":"96E01CDB-36C0-4228-A6E4-A29A3C66BC8E","username":"lemontom"}]}}},"topic":"realtime:watch-party:EE5K"}
⏳ Participant leaving (grace period started): 96E01CDB-36C0-4228-A6E4-A29A3C66BC8E
📨 Received: {"ref":null,"event":"presence_diff","payload":{"joins":{"07787576-d5d1-11f0-8a41-0a58a9feac02":{"metas":[{"phx_ref":"GH_fue9IT9JvnRWH","phx_ref_prev":"GH_fsf0sXRdvnc5M","last_seen":"2025-12-10T14:06:08Z","room_id":"EE5K","started_at":"2025-12-10T14:06:08Z","status":"online","user_id":"96E01CDB-36C0-4228-A6E4-A29A3C66BC8E","username":"lemontom","watching_id":"tt29268110","watching_title":"Smile 2","watching_type":"movie"}]}},"leaves":{"07787576-d5d1-11f0-8a41-0a58a9feac02":{"metas":[{"phx_ref":"GH_fsf0sXRdvnc5M","phx_ref_prev":"GH_fp2LUwPpvnZ1Q","last_seen":"2025-12-10T14:05:34Z","status":"online","user_id":"96E01CDB-36C0-4228-A6E4-A29A3C66BC8E","username":"lemontom"}]}}},"topic":"realtime:global-presence"}
🎬 DisplayLink: reportSwap() (throttled)
📨 Received: {"ref":null,"event":"broadcast","payload":{"event":"sync","payload":{"isPlaying":false,"position":0,"senderId":"EE5K","timestamp":0,"type":"playbackState"},"type":"broadcast"},"topic":"realtime:watch-party:EE5K"}
📨 Received: {"ref":null,"event":"broadcast","payload":{"event":"sync","payload":{"isPlaying":false,"position":0,"senderId":"96E01CDB-36C0-4228-A6E4-A29A3C66BC8E","timestamp":1765375570.511925,"type":"ready"},"type":"broadcast"},"topic":"realtime:watch-party:EE5K"}
🎬 DisplayLink: reportSwap() (throttled)
[MPV] (+) Video --vid=1 (*) '' (h264 1920x960 23.976fps)
[MPV] (+) Audio --aid=1 --alang=en (*) 'E-AC-3 5.1' (eac3 6ch 48000Hz)
[MPV] (+) Subs  --sid=1 --slang=en 'English [SRT]' (subrip)
[MPV] Subs  --sid=2 --slang=en 'English [SDH]' (hdmv_pgs_subtitle)
[MPV] Subs  --sid=3 --slang=zh 'Chinese' (hdmv_pgs_subtitle)
[MPV] Subs  --sid=4 --slang=de 'German' (hdmv_pgs_subtitle)
[MPV] Subs  --sid=5 --slang=es 'Spanish' (hdmv_pgs_subtitle)
[MPV] Subs  --sid=6 --slang=fr 'French' (hdmv_pgs_subtitle)
[MPV] Subs  --sid=7 --slang=it 'Italian' (hdmv_pgs_subtitle)
[MPV] Subs  --sid=8 --slang=ja 'Japanese' (hdmv_pgs_subtitle)
[MPV] File tags:
[MPV] Title:
 MPV Event: 18
 MPV Event: 18
🔍 AUDIO AUTO-SELECT: Starting smart audio track scan
🎬 MPV: Frame ready! Calling layer.update() (throttled)
🔍 Track 1: E-AC-3 5.1 | 6ch | English: true | Commentary: false -> Score: 1065
🏆 Selected best audio track: E-AC-3 5.1 (ID: 1, Score: 1065)
🔍 AUTO-SELECT: Starting subtitle scan during FILE_LOADED event
🔍 AUTO-SELECT: Found 10 total tracks
🔍 AUTO-SELECT: Track 2 - ID: 1, lang: 'en', title: 'English [SRT]', forced: false, default: false
🔍 AUTO-SELECT: Track 3 - ID: 2, lang: 'en', title: 'English [SDH]', forced: false, default: false
🔍 AUTO-SELECT: Track 4 - ID: 3, lang: 'zh', title: 'Chinese', forced: false, default: false
🔍 AUTO-SELECT: Track 5 - ID: 4, lang: 'de', title: 'German', forced: false, default: false
🔍 AUTO-SELECT: Track 6 - ID: 5, lang: 'es', title: 'Spanish', forced: false, default: false
🔍 AUTO-SELECT: Track 7 - ID: 6, lang: 'fr', title: 'French', forced: false, default: false
🔍 AUTO-SELECT: Track 8 - ID: 7, lang: 'it', title: 'Italian', forced: false, default: false
🔍 AUTO-SELECT: Track 9 - ID: 8, lang: 'ja', title: 'Japanese', forced: false, default: false
✅ Auto-selecting BEST English subtitle: English [SDH] (ID: 2) [External: false, Forced: false, Default: false]
 MPV Event: 18
🎬 canDraw() = true (forceDraw:false, hasFrame:true) (throttled)
🎬 draw() - Rendering frame! (throttled)
 MPV Event: 17
 MPV Event: 17
[MPV] Using hardware decoding (videotoolbox).
[MPV] AO: [coreaudio] 48000Hz stereo 2ch floatp
[MPV] VO: [libmpv] 1920x960 videotoolbox[nv12]
[MPV] Track switched:
[MPV] (+) Video --vid=1 (*) '' (h264 [High] 1920x960 23.976fps)
[MPV] (+) Audio --aid=1 --alang=en (*) 'E-AC-3 5.1' (eac3 6ch 48000Hz)
[MPV] (+) Subs  --sid=1 --slang=en 'English [SRT]' (subrip)
[MPV] Subs  --sid=2 --slang=en 'English [SDH]' (hdmv_pgs_subtitle)
[MPV] Subs  --sid=3 --slang=zh 'Chinese' (hdmv_pgs_subtitle)
[MPV] Subs  --sid=4 --slang=de 'German' (hdmv_pgs_subtitle)
[MPV] Subs  --sid=5 --slang=es 'Spanish' (hdmv_pgs_subtitle)
[MPV] Subs  --sid=6 --slang=fr 'French' (hdmv_pgs_subtitle)
[MPV] Subs  --sid=7 --slang=it 'Italian' (hdmv_pgs_subtitle)
[MPV] Subs  --sid=8 --slang=ja 'Japanese' (hdmv_pgs_subtitle)
[MPV] Track switched:
[MPV] (+) Video --vid=1 (*) '' (h264 [High] 1920x960 23.976fps)
[MPV] (+) Audio --aid=1 --alang=en (*) 'E-AC-3 5.1' (eac3 6ch 48000Hz)
[MPV] Subs  --sid=1 --slang=en 'English [SRT]' (subrip)
[MPV] (+) Subs  --sid=2 --slang=en 'English [SDH]' (hdmv_pgs_subtitle)
[MPV] Subs  --sid=3 --slang=zh 'Chinese' (hdmv_pgs_subtitle)
[MPV] Subs  --sid=4 --slang=de 'German' (hdmv_pgs_subtitle)
[MPV] Subs  --sid=5 --slang=es 'Spanish' (hdmv_pgs_subtitle)
[MPV] Subs  --sid=6 --slang=fr 'French' (hdmv_pgs_subtitle)
[MPV] Subs  --sid=7 --slang=it 'Italian' (hdmv_pgs_subtitle)
[MPV] Subs  --sid=8 --slang=ja 'Japanese' (hdmv_pgs_subtitle)
📨 Received: {"ref":null,"event":"broadcast","payload":{"event":"sync","payload":{"isPlaying":false,"position":0,"senderId":"656DAA91-33B4-4688-9135-C982EA52D7C9","timestamp":1765375571.986381,"type":"ready"},"type":"broadcast"},"topic":"realtime:watch-party:EE5K"}
🎬 DisplayLink: reportSwap() (throttled)
📨 Received: {"ref":null,"event":"broadcast","payload":{"event":"sync","payload":{"isPlaying":false,"position":0,"senderId":"EE5K","timestamp":0,"type":"playbackState"},"type":"broadcast"},"topic":"realtime:watch-party:EE5K"}
⚡ Ultra-gentle sync: 1.005x to fix 140ms drift
⚡ Playback speed adjusted to 1.00x for sync
📨 Received: {"ref":null,"event":"broadcast","payload":{"event":"sync","payload":{"isPlaying":false,"position":0,"senderId":"96E01CDB-36C0-4228-A6E4-A29A3C66BC8E","timestamp":1765375572.5126472,"type":"ready"},"type":"broadcast"},"topic":"realtime:watch-party:EE5K"}
🎬 DisplayLink: reportSwap() (throttled)
📨 Received: {"ref":null,"event":"broadcast","payload":{"event":"sync","payload":{"isPlaying":true,"position":0,"senderId":"96E01CDB-36C0-4228-A6E4-A29A3C66BC8E","timestamp":1765375573.2076921,"type":"play"},"type":"broadcast"},"topic":"realtime:watch-party:EE5K"}
🎬 Received PLAY signal - All guests ready! Starting playback.
✅ Video ready - hiding poster
📝 Started watch history tracking
🎬 Layer.update() called - forceDraw:false needsFlip:true (throttled)
🎬 MPV: Frame ready! Calling layer.update() (throttled)
📨 Received: {"ref":null,"event":"broadcast","payload":{"event":"sync","payload":{"isPlaying":true,"position":0,"senderId":"96E01CDB-36C0-4228-A6E4-A29A3C66BC8E","timestamp":1765375573.601404,"type":"play"},"type":"broadcast"},"topic":"realtime:watch-party:EE5K"}
🎬 DisplayLink: reportSwap() (throttled)
📨 Received: {"ref":null,"event":"broadcast","payload":{"event":"sync","payload":{"isPlaying":true,"position":0,"senderId":"EE5K","timestamp":0.9179999999999999,"type":"playbackState"},"type":"broadcast"},"topic":"realtime:watch-party:EE5K"}
⚡ Ultra-gentle sync: 1.005x to fix 168ms drift
⚡ Playback speed adjusted to 1.00x for sync
🎬 DisplayLink: reportSwap() (throttled)
🎬 MPV: Frame ready! Calling layer.update() (throttled)
🎬 DisplayLink: reportSwap() (throttled)
🎬 Layer.update() called - forceDraw:false needsFlip:true (throttled)
📨 Received: {"ref":null,"event":"broadcast","payload":{"event":"sync","payload":{"isPlaying":true,"position":0,"senderId":"EE5K","timestamp":2.961,"type":"playbackState"},"type":"broadcast"},"topic":"realtime:watch-party:EE5K"}
⚡ Ultra-gentle sync: 1.005x to fix 209ms drift
⚡ Playback speed adjusted to 1.00x for sync
🎬 canDraw() = true (forceDraw:false, hasFrame:true) (throttled)
🎬 draw() - Rendering frame! (throttled)
🎬 DisplayLink: reportSwap() (throttled)
🎬 MPV: Frame ready! Calling layer.update() (throttled)
🎬 DisplayLink: reportSwap() (throttled)
📨 Received: {"ref":null,"event":"broadcast","payload":{"event":"sync","payload":{"isPlaying":true,"position":0,"senderId":"EE5K","timestamp":5.005,"type":"playbackState"},"type":"broadcast"},"topic":"realtime:watch-party:EE5K"}
⚡ Ultra-gentle sync: 1.005x to fix 242ms drift
⚡ Playback speed adjusted to 1.00x for sync
🎬 DisplayLink: reportSwap() (throttled)
👋 Participant left (confirmed): 4b1e2226-d5d1-11f0-9659-0a58a9feac02
🎬 Layer.update() called - forceDraw:false needsFlip:true (throttled)
👋 Participant left (confirmed): 4bfe58fa-d5d1-11f0-b3b6-0a58a9feac02
🎬 MPV: Frame ready! Calling layer.update() (throttled)
🎬 DisplayLink: reportSwap() (throttled)
📨 Received: {"ref":null,"event":"broadcast","payload":{"event":"sync","payload":{"isPlaying":true,"position":0,"senderId":"EE5K","timestamp":7.09,"type":"playbackState"},"type":"broadcast"},"topic":"realtime:watch-party:EE5K"}
⚡ Ultra-gentle sync: 1.005x to fix 324ms drift
⚡ Playback speed adjusted to 1.00x for sync
👋 Leaving room: EE5K
   Notifying other users in watch party...
🔙 Returning to Browse view
❌ RedLemon: NOT showing MPVPlayerView
   isResolvingStream: false
   streamError: nil
   selectedStream: NIL
🎬 Stopping CVDisplayLink...
🎬 CVDisplayLink stopped and released
🎬 MPVViewLayer uniniting...
🧹 Freeing render context on OpenGL thread...
🎬 MPVViewLayer cleanup complete
📝 Stopped watch history tracking
⏱️ Invalidating all active timers
✅ Exited room and returned to browse
🎬 MPVLayerHostView deinit
✅ BrowseView: Server is ready, loading content...
🔍 BrowseView: Loading content for tab: Movies
🗑️ Cleared all streaming catalogs
📽️ Fetching popular movies...
 MPV Event: 17
🧹 Cleaning up MPV player...
[ INFO ] GET /api/metadata/catalog/movie/popular [request-id: 4D415ECB-2DCF-495E-9F90-5769C367B15F]
🔍 [Server] Proxying catalog request to: https://v3-cinemeta.strem.io/catalog/movie/popular.json
📨 Received: {"ref":"8","event":"phx_reply","payload":{"status":"ok","response":{}},"topic":"realtime:global-presence"}
📨 Received: {"ref":null,"event":"presence_diff","payload":{"joins":{"23a6b1fe-d5d1-11f0-a7b8-0a58a9feac02":{"metas":[{"phx_ref":"GH_fvPUb8FTrP9GP","phx_ref_prev":"GH_fuhMMsx7rP9ED","last_seen":"2025-12-10T14:06:21Z","status":"online","user_id":"656DAA91-33B4-4688-9135-C982EA52D7C9","username":"ursinho"}]}},"leaves":{"23a6b1fe-d5d1-11f0-a7b8-0a58a9feac02":{"metas":[{"phx_ref":"GH_fuhMMsx7rP9ED","phx_ref_prev":"GH_fsaygH-frPxMJ","last_seen":"2025-12-10T14:06:09Z","room_id":"EE5K","started_at":"2025-12-10T14:06:09Z","status":"online","user_id":"656DAA91-33B4-4688-9135-C982EA52D7C9","username":"ursinho","watching_id":"tt29268110","watching_title":"Smile 2","watching_type":"movie"}]}}},"topic":"realtime:global-presence"}
 MPV Event: 17
📡 SocialService: Updated status - Watching: Nothing
🗑️ Invalidated all active timers
🧹 Cleaning up Realtime channel for room: EE5K
🔄 Untracking presence...
✅ Presence untracked
🔄 Leaving channel...
✅ Channel left
ℹ️ Keeping WebSocket connected (disconnectClient=false)
✅ Realtime channel cleanup complete
✅ Cache HIT: Catalog[quick_movie_cru.json_7]
✅ Cache HIT: Catalog[quick_movie_sst.json_7]
✅ Cache HIT: Catalog[quick_movie_stz.json_7]
✅ Cache HIT: Catalog[quick_movie_hlu.json_7]
✅ Cache HIT: Catalog[quick_movie_pmp.json_7]
✅ Cache HIT: Catalog[quick_movie_hbm.json_7]
✅ Cache HIT: Catalog[quick_movie_amp.json_7]
✅ Cache HIT: Catalog[quick_movie_dnp.json_7]
[MPV] Video: no video
✅ Realtime manager channel left (client connection preserved)
🛑 Stopping MPV playback...
🛑 Stopping MPV playback...
✅ Cache HIT: Catalog[quick_movie_nfx.json_7]
🛑 Event polling task cancelled cleanly
🚀 Quick batch loaded: 7 items for crunchyroll
🔍 Starting catalog fetch for crunchyroll from: https://7a82163c306e-stremio-netflix-catalog-addon.baby-beamup.club/bmZ4LGRucCxhbXAsYXRwLGhibSxwbXAscGNwLGhsdSxjcnUsZHBlLHN0eixzc3Q6OjoxNzYzMjQxMzc5ODky/catalog/movie/cru.json
🔄 Attempt 1/3 for crunchyroll
✅ Cache HIT: Catalog[catalog_movie_cru.json]
🚀 Quick batch loaded: 7 items for showtime
🔍 Starting catalog fetch for showtime from: https://7a82163c306e-stremio-netflix-catalog-addon.baby-beamup.club/bmZ4LGRucCxhbXAsYXRwLGhibSxwbXAscGNwLGhsdSxjcnUsZHBlLHN0eixzc3Q6OjoxNzYzMjQxMzc5ODky/catalog/movie/sst.json
🔄 Attempt 1/3 for showtime
✅ Cache HIT: Catalog[catalog_movie_sst.json]
🚀 Quick batch loaded: 7 items for starz
🔍 Starting catalog fetch for starz from: https://7a82163c306e-stremio-netflix-catalog-addon.baby-beamup.club/bmZ4LGRucCxhbXAsYXRwLGhibSxwbXAscGNwLGhsdSxjcnUsZHBlLHN0eixzc3Q6OjoxNzYzMjQxMzc5ODky/catalog/movie/stz.json
🔄 Attempt 1/3 for starz
✅ Cache HIT: Catalog[catalog_movie_stz.json]
🚀 Quick batch loaded: 7 items for hulu
🔍 Starting catalog fetch for hulu from: https://7a82163c306e-stremio-netflix-catalog-addon.baby-beamup.club/bmZ4LGRucCxhbXAsYXRwLGhibSxwbXAscGNwLGhsdSxjcnUsZHBlLHN0eixzc3Q6OjoxNzYzMjQxMzc5ODky/catalog/movie/hlu.json
🔄 Attempt 1/3 for hulu
✅ Cache HIT: Catalog[catalog_movie_hlu.json]
🚀 Quick batch loaded: 7 items for paramount
🔍 Starting catalog fetch for paramount from: https://7a82163c306e-stremio-netflix-catalog-addon.baby-beamup.club/bmZ4LGRucCxhbXAsYXRwLGhibSxwbXAscGNwLGhsdSxjcnUsZHBlLHN0eixzc3Q6OjoxNzYzMjQxMzc5ODky/catalog/movie/pmp.json
🔄 Attempt 1/3 for paramount
✅ Cache HIT: Catalog[catalog_movie_pmp.json]
🚀 Quick batch loaded: 7 items for hbo
🔍 Starting catalog fetch for hbo from: https://7a82163c306e-stremio-netflix-catalog-addon.baby-beamup.club/bmZ4LGRucCxhbXAsYXRwLGhibSxwbXAscGNwLGhsdSxjcnUsZHBlLHN0eixzc3Q6OjoxNzYzMjQxMzc5ODky/catalog/movie/hbm.json
🔄 Attempt 1/3 for hbo
✅ Cache HIT: Catalog[catalog_movie_hbm.json]
🚀 Quick batch loaded: 7 items for prime
🔍 [DEBUG] Creating MediaItem from CinemetaSearchResult
🔍 Starting catalog fetch for prime from: https://7a82163c306e-stremio-netflix-catalog-addon.baby-beamup.club/bmZ4LGRucCxhbXAsYXRwLGhibSxwbXAscGNwLGhsdSxjcnUsZHBlLHN0eixzc3Q6OjoxNzYzMjQxMzc5ODky/catalog/movie/amp.json
🔄 Attempt 1/3 for prime
🚀 Quick batch loaded: 7 items for disney
🔍 Starting catalog fetch for disney from: https://7a82163c306e-stremio-netflix-catalog-addon.baby-beamup.club/bmZ4LGRucCxhbXAsYXRwLGhibSxwbXAscGNwLGhsdSxjcnUsZHBlLHN0eixzc3Q6OjoxNzYzMjQxMzc5ODky/catalog/movie/dnp.json
🔄 Attempt 1/3 for disney
✅ Cache HIT: Catalog[catalog_movie_amp.json]
🚀 Quick batch loaded: 7 items for netflix
🔍 Starting catalog fetch for netflix from: https://7a82163c306e-stremio-netflix-catalog-addon.baby-beamup.club/bmZ4LGRucCxhbXAsYXRwLGhibSxwbXAscGNwLGhsdSxjcnUsZHBlLHN0eixzc3Q6OjoxNzYzMjQxMzc5ODky/catalog/movie/nfx.json
🔄 Attempt 1/3 for netflix
🔍 [DEBUG] result.id: tt6604188
🔍 [DEBUG] result.type: movie
🔍 [DEBUG] result.name: Tron: Ares
🔍 [DEBUG] Successfully created MediaItem: Tron: Ares
✅ Cache HIT: Catalog[catalog_movie_dnp.json]
✅ Cache HIT: Catalog[catalog_movie_nfx.json]
🔍 [DEBUG] Creating MediaItem from CinemetaSearchResult
🔍 [DEBUG] result.id: tt29232158
🔍 [DEBUG] result.type: movie
🔍 [DEBUG] result.name: Troll 2
🔍 [DEBUG] Successfully created MediaItem: Troll 2
🔍 [DEBUG] Creating MediaItem from CinemetaSearchResult
🔍 [DEBUG] result.id: tt26443597
🔍 [DEBUG] result.type: movie
🔍 [DEBUG] result.name: Zootopia 2
🔍 [DEBUG] Successfully created MediaItem: Zootopia 2
🔍 [DEBUG] Creating MediaItem from CinemetaSearchResult
🔍 [DEBUG] result.id: tt26439764
🔍 [DEBUG] result.type: movie
🔍 [DEBUG] result.name: Kantara A Legend: Chapter 1
🔍 [DEBUG] Successfully created MediaItem: Kantara A Legend: Chapter 1
🔍 [DEBUG] Creating MediaItem from CinemetaSearchResult
🔍 [DEBUG] result.id: tt30274401
🔍 [DEBUG] result.type: movie
🔍 [DEBUG] result.name: Five Nights at Freddy's 2
🔍 [DEBUG] Successfully created MediaItem: Five Nights at Freddy's 2
🔍 [DEBUG] Creating MediaItem from CinemetaSearchResult
🔍 [DEBUG] result.id: tt1343712
🔍 [DEBUG] result.type: movie
🔍 [DEBUG] result.name: First Squad: The Moment of Truth
🔍 [DEBUG] Successfully created MediaItem: First Squad: The Moment of Truth
🔍 [DEBUG] Creating MediaItem from CinemetaSearchResult
🔍 [DEBUG] result.id: tt31434030
🔍 [DEBUG] result.type: movie
🔍 [DEBUG] result.name: Dracula
🔍 [DEBUG] Successfully created MediaItem: Dracula
🔍 [DEBUG] Creating MediaItem from CinemetaSearchResult
🔍 [DEBUG] result.id: tt36153493
🔍 [DEBUG] result.type: movie
🔍 [DEBUG] result.name: Wildcat
🔍 [DEBUG] Successfully created MediaItem: Wildcat
🔍 [DEBUG] Creating MediaItem from CinemetaSearchResult
🔍 [DEBUG] result.id: tt10210064
🔍 [DEBUG] result.type: movie
🔍 [DEBUG] result.name: Bureau 749
🔍 [DEBUG] Successfully created MediaItem: Bureau 749
🔍 [DEBUG] Creating MediaItem from CinemetaSearchResult
🔍 [DEBUG] result.id: tt31227572
🔍 [DEBUG] result.type: movie
🔍 [DEBUG] result.name: Predator: Badlands
🔍 [DEBUG] Successfully created MediaItem: Predator: Badlands
🔍 [DEBUG] Creating MediaItem from CinemetaSearchResult
🔍 [DEBUG] result.id: tt17501870
🔍 [DEBUG] result.type: movie
🔍 [DEBUG] result.name: High Forces
🔍 [DEBUG] Successfully created MediaItem: High Forces
🔍 [DEBUG] Creating MediaItem from CinemetaSearchResult
🔍 [DEBUG] result.id: tt34610311
🔍 [DEBUG] result.type: movie
🔍 [DEBUG] result.name: The Shadow's Edge
🔍 [DEBUG] Successfully created MediaItem: The Shadow's Edge
🔍 [DEBUG] Creating MediaItem from CinemetaSearchResult
🔍 [DEBUG] result.id: tt13186306
🔍 [DEBUG] result.type: movie
🔍 [DEBUG] result.name: War of the Worlds
🔍 [DEBUG] Successfully created MediaItem: War of the Worlds
🔍 [DEBUG] Creating MediaItem from CinemetaSearchResult
🔍 [DEBUG] result.id: tt32123395
🔍 [DEBUG] result.type: movie
🔍 [DEBUG] result.name: Altered
🔍 [DEBUG] Successfully created MediaItem: Altered
🔍 [DEBUG] Creating MediaItem from CinemetaSearchResult
🔍 [DEBUG] result.id: tt32565484
🔍 [DEBUG] result.type: movie
🔍 [DEBUG] result.name: Border Hunters
🔍 [DEBUG] Successfully created MediaItem: Border Hunters
📊 Using fixed catalog size: 15 items
💾 Cache SET: Catalog[popular_movies_fixed] (15 items)
✅ Attempt 1 successful for crunchyroll
✅ Successfully fetched 15 items for crunchyroll from primary service
📦 Full batch loaded: 15 items for crunchyroll
✅ Progressive loading completed for crunchyroll
✅ Attempt 1 successful for showtime
✅ Successfully fetched 15 items for showtime from primary service
📦 Full batch loaded: 15 items for showtime
✅ Progressive loading completed for showtime
✅ Attempt 1 successful for starz
✅ Successfully fetched 15 items for starz from primary service
📦 Full batch loaded: 15 items for starz
✅ Progressive loading completed for starz
✅ Attempt 1 successful for hulu
✅ Successfully fetched 15 items for hulu from primary service
📦 Full batch loaded: 15 items for hulu
✅ Progressive loading completed for hulu
✅ Attempt 1 successful for paramount
✅ Successfully fetched 15 items for paramount from primary service
📦 Full batch loaded: 15 items for paramount
✅ Progressive loading completed for paramount
✅ Attempt 1 successful for hbo
✅ Successfully fetched 15 items for hbo from primary service
📦 Full batch loaded: 15 items for hbo
✅ Progressive loading completed for hbo
✅ Attempt 1 successful for prime
✅ Successfully fetched 15 items for prime from primary service
📦 Full batch loaded: 15 items for prime
✅ Progressive loading completed for prime
✅ Attempt 1 successful for disney
✅ Successfully fetched 15 items for disney from primary service
📦 Full batch loaded: 15 items for disney
✅ Progressive loading completed for disney
✅ Attempt 1 successful for netflix
✅ Successfully fetched 15 items for netflix from primary service
📦 Full batch loaded: 15 items for netflix
✅ Progressive loading completed for netflix
✅ Loaded 15 movies
🧹 Deduplication: 50 → 50 items
📨 Received: {"ref":"19","event":"phx_reply","payload":{"status":"ok","response":{}},"topic":"realtime:watch-party:EE5K"}
📨 Received: {"ref":null,"event":"presence_diff","payload":{"joins":{},"leaves":{"4b1e2226-d5d1-11f0-9659-0a58a9feac02":{"metas":[{"phx_ref":"GH_fuhDX0JE_lNAO","phx_ref_prev":"GH_ftzaTcd8_lA3M","is_host":false,"joined_at":1765375569.146972,"user_id":"656DAA91-33B4-4688-9135-C982EA52D7C9","username":"ursinho"}]}}},"topic":"realtime:watch-party:EE5K"}
📨 Received: {"ref":"20","event":"phx_reply","payload":{"status":"ok","response":{}},"topic":"realtime:watch-party:EE5K"}
📨 Received: {"ref":null,"event":"phx_close","payload":{},"topic":"realtime:watch-party:EE5K"}
📨 Unknown event: phx_close
✅ MPV stop completed with clean event loop exit
🗑️ Cache evicted 6 items
💾 Cache SET: Catalog[quick_movie_atp.json_7] (7 items)
💾 Cache SET: Catalog[quick_movie_pcp.json_7] (7 items)
⏭️ Skipping load for crunchyroll - already loaded 15 items
⏭️ Skipping load for starz - already loaded 15 items
💾 Cache SET: Catalog[quick_movie_top.json_7] (7 items)
⏭️ Skipping load for showtime - already loaded 15 items
⏭️ Skipping load for hulu - already loaded 15 items
⏭️ Skipping load for paramount - already loaded 15 items
⏭️ Skipping load for hbo - already loaded 15 items
⏭️ Skipping load for disney - already loaded 15 items
⏭️ Skipping load for prime - already loaded 15 items
⏭️ Skipping load for netflix - already loaded 15 items
🖼️ [CACHE] Cached image data for key: https://images.justwatch.com/poster/181188381/s332/img (76877 bytes)
🖼️ [CACHE] Cached image data for key: https://images.justwatch.com/poster/331327178/s332/img (38639 bytes)
🗑️ Cache evicted 10 items
🖼️ [CACHE] Cached image data for key: https://images.justwatch.com/poster/101462527/s332/img (48777 bytes)
🖼️ [CACHE] Cached image data for key: https://images.justwatch.com/poster/327009156/s332/img (61426 bytes)
🖼️ [CACHE] Cached image data for key: https://images.justwatch.com/poster/175817145/s332/img (34253 bytes)
🖼️ [CACHE] Cached image data for key: https://images.justwatch.com/poster/153857355/s332/img (21435 bytes)
🖼️ [CACHE] Cached image data for key: https://images.justwatch.com/poster/332527038/s332/img (28010 bytes)
🖼️ [CACHE] Cached image data for key: https://images.justwatch.com/poster/166095369/s332/img (9321 bytes)
🖼️ [CACHE] Cached image data for key: https://images.justwatch.com/poster/311337921/s332/img (30886 bytes)
🖼️ [CACHE] Cached image data for key: https://images.justwatch.com/poster/322058857/s332/img (28167 bytes)
🖼️ [CACHE] Cached image data for key: https://images.justwatch.com/poster/327345760/s332/img (47132 bytes)
🖼️ [CACHE] Cached image data for key: https://images.justwatch.com/poster/176260460/s332/img (77708 bytes)
🗑️ Cache evicted 10 items
🖼️ [CACHE] Cached image data for key: https://images.justwatch.com/poster/302976085/s332/img (50443 bytes)
🖼️ [CACHE] Cached image data for key: https://images.justwatch.com/poster/323675146/s332/img (52884 bytes)
🖼️ [CACHE] Cached image data for key: https://images.justwatch.com/poster/90411252/s332/img (50966 bytes)
🖼️ [CACHE] Cached image data for key: https://images.justwatch.com/poster/301537916/s332/img (54966 bytes)
🖼️ [CACHE] Cached image data for key: https://images.justwatch.com/poster/315856885/s332/img (67350 bytes)
🖼️ [CACHE] Cached image data for key: https://images.justwatch.com/poster/322709571/s332/img (58026 bytes)
🖼️ [CACHE] Cached image data for key: https://images.justwatch.com/poster/307656020/s332/img (50333 bytes)
🖼️ [CACHE] Cached image data for key: https://images.justwatch.com/poster/334757007/s332/img (41483 bytes)
🖼️ [CACHE] Cached image data for key: https://images.justwatch.com/poster/329121868/s332/img (53946 bytes)
🖼️ [CACHE] Cached image data for key: https://images.justwatch.com/poster/57711426/s332/img (36912 bytes)
🗑️ Cache evicted 10 items
🖼️ [CACHE] Cached image data for key: https://images.justwatch.com/poster/8731868/s332/img (56932 bytes)
🖼️ [CACHE] Cached image data for key: https://images.justwatch.com/poster/154110983/s332/img (40330 bytes)
🖼️ [CACHE] Cached image data for key: https://images.justwatch.com/poster/301999989/s332/img (65827 bytes)
🖼️ [CACHE] Cached image data for key: https://images.justwatch.com/poster/101462527/s332/img (48777 bytes)
🖼️ [CACHE] Cached image data for key: https://images.justwatch.com/poster/331148151/s332/img (28498 bytes)
🖼️ [CACHE] Cached image data for key: https://images.justwatch.com/poster/263107555/s332/img (59835 bytes)
🖼️ [CACHE] Cached image data for key: https://images.justwatch.com/poster/57711426/s332/img (36912 bytes)
🖼️ [CACHE] Cached image data for key: https://images.justwatch.com/poster/328176884/s332/img (73289 bytes)
🖼️ [CACHE] Cached image data for key: https://images.justwatch.com/poster/331327178/s332/img (38639 bytes)
🖼️ [CACHE] Cached image data for key: https://images.justwatch.com/poster/338423347/s332/img (69221 bytes)
🖼️ [CACHE] Cached image data for key: https://images.justwatch.com/poster/338523237/s332/img (49913 bytes)
🖼️ [CACHE] Cached image data for key: https://images.justwatch.com/poster/101462527/s332/img (48777 bytes)
🖼️ [CACHE] Cached image data for key: https://images.justwatch.com/poster/213802597/s332/img (61832 bytes)
🗑️ Cache evicted 10 items
🖼️ [CACHE] Cached image data for key: https://images.justwatch.com/poster/239922303/s332/img (41748 bytes)
🖼️ [CACHE] Cached image data for key: https://images.justwatch.com/poster/10148331/s332/img (54734 bytes)
🖼️ [CACHE] Cached image data for key: https://images.justwatch.com/poster/331701827/s332/img (59722 bytes)
🖼️ [CACHE] Cached image data for key: https://images.justwatch.com/poster/304509646/s332/img (67680 bytes)
🖼️ [CACHE] Cached image data for key: https://images.justwatch.com/poster/175666508/s332/img (62559 bytes)
�2025-12-10 09:06:23.385 RedLemon[5366:45177] 🔍 Current guest participant found in polling: ursinho with ID 656DAA91-33B4-4688-9135-C982EA52D7C9
2025-12-10 09:06:25.683 RedLemon[5366:45177] 🔍 Current guest participant found in polling: ursinho with ID 656DAA91-33B4-4688-9135-C982EA52D7C9
�️ [CACHE] Cached image data for key: https://images.justwatch.com/poster/323056248/s332/img (64256 bytes)
🖼️ [CACHE] Cached image data for key: https://images.justwatch.com/poster/263107555/s332/img (59835 bytes)
🖼️ [CACHE] Cached image data for key: https://images.justwatch.com/poster/332051109/s332/img (58936 bytes)
🖼️ [CACHE] Cached image data for key: https://images.justwatch.com/poster/87608067/s332/img (61832 bytes)
🖼️ [CACHE] Cached image data for key: https://images.justwatch.com/poster/309750534/s332/img (51457 bytes)
🖼️ [CACHE] Cached image data for key: https://images.justwatch.com/poster/241779763/s332/img (48752 bytes)
🗑️ Cache evicted 10 items
🖼️ [CACHE] Cached image data for key: https://images.justwatch.com/poster/330496387/s332/img (62114 bytes)
🖼️ [CACHE] Cached image data for key: https://images.justwatch.com/poster/279303413/s332/img (85450 bytes)
🖼️ [CACHE] Cached image data for key: https://images.justwatch.com/poster/309896363/s332/img (42659 bytes)
🖼️ [CACHE] Cached image data for key: https://images.justwatch.com/poster/334021051/s332/img (90236 bytes)
🖼️ [CACHE] Cached image data for key: https://images.justwatch.com/poster/271349733/s332/img (77031 bytes)
🖼️ [CACHE] Cached image data for key: https://images.justwatch.com/poster/240241908/s332/img (80230 bytes)
🖼️ [CACHE] Cached image data for key: https://images.justwatch.com/poster/113373861/s332/img (93841 bytes)
🚀 Quick batch loaded: 7 items for appleTv
🔍 Starting catalog fetch for appleTv from: https://7a82163c306e-stremio-netflix-catalog-addon.baby-beamup.club/bmZ4LGRucCxhbXAsYXRwLGhibSxwbXAscGNwLGhsdSxjcnUsZHBlLHN0eixzc3Q6OjoxNzYzMjQxMzc5ODky/catalog/movie/atp.json
🔄 Attempt 1/3 for appleTv
🚀 Quick batch loaded: 7 items for peacock
🔍 Starting catalog fetch for peacock from: https://7a82163c306e-stremio-netflix-catalog-addon.baby-beamup.club/bmZ4LGRucCxhbXAsYXRwLGhibSxwbXAscGNwLGhsdSxjcnUsZHBlLHN0eixzc3Q6OjoxNzYzMjQxMzc5ODky/catalog/movie/pcp.json
🔄 Attempt 1/3 for peacock
🚀 Quick batch loaded: 7 items for trending
🗑️ MPVPlayerViewModel deinit
🗑️ MPVWrapper deinit - cleaning up...
✅ MPVWrapper cleanup complete
🗑️ Terminating MPV instance (background)...
✅ MPV instance destroyed
💾 Cache SET: Catalog[catalog_movie_atp.json] (15 items)
💾 Cache SET: Catalog[catalog_movie_pcp.json] (15 items)
📊 Using fixed catalog size: 15 items
✅ Attempt 1 successful for appleTv
✅ Successfully fetched 15 items for appleTv from primary service
📦 Full batch loaded: 15 items for appleTv
✅ Progressive loading completed for appleTv
📊 Using fixed catalog size: 15 items
💾 Cache SET: Catalog[catalog_movie_top.json] (15 items)
✅ Attempt 1 successful for peacock
✅ Successfully fetched 15 items for peacock from primary service
📦 Full batch loaded: 15 items for peacock
✅ Progressive loading completed for peacock
🖼️ [CACHE] Cached image data for key: https://images.justwatch.com/poster/330575949/s332/img (33224 bytes)
🖼️ [CACHE] Cached image data for key: https://images.justwatch.com/poster/307275790/s332/img (54708 bytes)
🖼️ [CACHE] Cached image data for key: https://images.justwatch.com/poster/336295680/s332/img (36731 bytes)
🗑️ Cache evicted 10 items
🖼️ [CACHE] Cached image data for key: https://images.justwatch.com/poster/301298992/s332/img (50065 bytes)
🖼️ [CACHE] Cached image data for key: https://images.justwatch.com/poster/336952619/s332/img (50991 bytes)
🖼️ [CACHE] Cached image data for key: https://images.justwatch.com/poster/176776575/s332/img (51529 bytes)
🖼️ [CACHE] Cached image data for key: https://images.justwatch.com/poster/322729101/s332/img (28143 bytes)
📊 Using fixed catalog size: 15 items
📦 Full batch loaded: 15 items for trending
✅ Progressive loading completed for trending
🖼️ [CACHE] Cached image data for key: https://images.justwatch.com/poster/178091346/s332/img (39883 bytes)
🖼️ [CACHE] Cached image data for key: https://images.justwatch.com/poster/90379677/s332/img (56639 bytes)
🖼️ [CACHE] Cached image data for key: https://images.justwatch.com/poster/35006170/s332/img (61678 bytes)
🖼️ [CACHE] Cached image data for key: https://images.justwatch.com/poster/82774854/s332/img (70010 bytes)
🖼️ [CACHE] Cached image data for key: https://images.justwatch.com/poster/107996333/s332/img (40620 bytes)
🖼️ [CACHE] Cached image data for key: https://images.justwatch.com/poster/215523604/s332/img (61037 bytes)
🗑️ Cache evicted 10 items
🖼️ [CACHE] Cached image data for key: https://images.justwatch.com/poster/31887184/s332/img (40203 bytes)
🖼️ [CACHE] Cached image data for key: https://images.metahub.space/poster/small/tt31227572/img (35380 bytes)
🖼️ [CACHE] Cached image data for key: https://images.metahub.space/poster/small/tt9603208/img (20501 bytes)
🖼️ [CACHE] Cached image data for key: https://images.metahub.space/poster/small/tt1312221/img (31560 bytes)
🖼️ [CACHE] Cached image data for key: https://images.metahub.space/poster/small/tt30144839/img (35849 bytes)
🖼️ [CACHE] Cached image data for key: https://images.metahub.space/poster/small/tt30446847/img (17100 bytes)
🖼️ [CACHE] Cached image data for key: https://images.metahub.space/poster/small/tt12300742/img (13162 bytes)
🖼️ [CACHE] Cached image data for key: https://images.metahub.space/poster/small/tt29768334/img (20834 bytes)
🛑 BrowseView disappeared - cancelled all ongoing tasks
🔌 RoomListView: Setting up realtime subscription for rooms...
📋 Fetching rooms from Supabase backend (offset: 0, limit: 20)...
🔌 Connecting to Supabase Realtime: wss://nhvsojszwfvcinkyvzmf.supabase.co/realtime/v1/websocket
✅ Connected to Supabase Realtime
🔍 Supabase Response for /rooms: [{"id":"EE5K","name":"Smile 2","host_user_id":"96e01cdb-36c0-4228-a6e4-a29a3c66bc8e","host_username":"lemontom","stream_hash":"1c420cfd388af739b8667055153dc1f8e47651cb","imdb_id":"tt29268110","poster_url":"https://images.metahub.space/poster/small/tt29268110/img","backdrop_url":"https://images.metahub.space/background/medium/tt29268110/img","playback_position":0,"is_playing":true,"participants_count":2,"max_participants":50,"is_public":true,"created_at":"2025-12-10T14:04:11.727338","last_activity":"2025-12-10T14:06:05","season":null,"episode":null,"selected_quality":"1080p","selected_file_idx":null,"unlocked_stream_url":"https://chi9-4.download.real-debrid.com/d/CLZEO5ETE5MHW43/Smile.2.2024.BluRay.1080p.DDP.5.1.x264-hallowed.mkv","description":"Horror Marathon","current_playlist_index":1,"playlist":[{"id": "DA95C778-AD6E-4493-9E4D-D93ECEC8E6A6", "mediaItem": {"id": "tt1148204", "logo": "https://images.metahub.space/logo/medium/tt1148204/img", "name": "Orphan", "type": "movie", "year": "2009", "genres": ["Horror", "Mystery", "Thriller"], "poster": "https://images.metahub.space/poster/small/tt1148204/img", "runtime": "122 min", "background": "https://images.metahub.space/background/medium/tt1148204/img", "imdbRating": "7.0", "description": "A husband and wife who recently lost their baby adopt a 9-year-old girl who is not nearly as innocent as she appears.", "releaseInfo": "2009"}}, {"id": "CDDF53C4-11C0-4F7E-8A74-98349571032F", "mediaItem": {"id": "tt29268110", "name": "Smile 2", "type": "movie", "poster": "https://m.media-amazon.com/images/M/MV5BYTg5OTMyMGMtYzMwNC00NDMyLWE0OGUtMTQ1ODcwM2FjOTM4XkEyXkFqcGc@._V1_SX250.jpg"}}]}, 
 {"id":"event_tt1657507","name":"Colombiana","host_user_id":"96e01cdb-36c0-4228-a6e4-a29a3c66bc8e","host_username":"RedLemon Events","stream_hash":"2b232fa1ede15105ef93571ed154f094281b0d9b","imdb_id":"tt1657507","poster_url":"https://images.metahub.space/poster/small/tt1657507/img","backdrop_url":"https://images.metahub.space/background/medium/tt1657507/img","playback_position":0,"is_playing":false,"participants_count":2,"max_participants":50,"is_public":true,"created_at":"2025-12-10T12:58:39.303069","last_activity":"2025-12-10T13:03:13.287082","season":null,"episode":null,"selected_quality":null,"selected_file_idx":null,"unlocked_stream_url":null,"description":null,"current_playlist_index":0,"playlist":[]}, 
 {"id":"event_tt0373074","name":"Kung Fu Hustle","host_user_id":"96e01cdb-36c0-4228-a6e4-a29a3c66bc8e","host_username":"RedLemon Events","stream_hash":"34783b13e4266d3a15666cd8afa34d9bdd6c5be3","imdb_id":"tt0373074","poster_url":"https://images.metahub.space/poster/small/tt0373074/img","backdrop_url":"https://images.metahub.space/background/medium/tt0373074/img","playback_position":0,"is_playing":false,"participants_count":1,"max_participants":50,"is_public":true,"created_at":"2025-12-10T12:13:10.722178","last_activity":"2025-12-10T12:13:10.828963","season":null,"episode":null,"selected_quality":null,"selected_file_idx":null,"unlocked_stream_url":null,"description":null,"current_playlist_index":0,"playlist":[]}, 
 {"id":"event_tt1723121","name":"We're the Millers","host_user_id":"96e01cdb-36c0-4228-a6e4-a29a3c66bc8e","host_username":"RedLemon Events","stream_hash":"d14a2dbc1f922ab7fd7aff360757bad19a5bc665","imdb_id":"tt1723121","poster_url":"https://images.metahub.space/poster/small/tt1723121/img","backdrop_url":"https://images.metahub.space/background/medium/tt1723121/img","playback_position":0,"is_playing":false,"participants_count":2,"max_participants":50,"is_public":true,"created_at":"2025-12-10T05:38:55.791195","last_activity":"2025-12-10T06:25:37.362329","season":null,"episode":null,"selected_quality":null,"selected_file_idx":null,"unlocked_stream_url":null,"description":null,"current_playlist_index":0,"playlist":[]}, 
 {"id":"event_tt0120586","name":"American History X","host_user_id":"96e01cdb-36c0-4228-a6e4-a29a3c66bc8e","host_username":"RedLemon Events","stream_hash":"66672b822002b6f19af478fb7c886787afee5f9f","imdb_id":"tt0120586","poster_url":"https://images.metahub.space/poster/small/tt0120586/img","backdrop_url":"https://images.metahub.space/background/medium/tt0120586/img","playback_position":0,"is_playing":false,"participants_count":1,"max_participants":50,"is_public":true,"created_at":"2025-12-10T02:59:29.111766","last_activity":"2025-12-10T02:59:29.251061","season":null,"episode":null,"selected_quality":null,"selected_file_idx":null,"unlocked_stream_url":null,"description":null,"current_playlist_index":0,"playlist":[]}]
📡 Joined channel: realtime:rooms_updates
✅ RoomListView: Connected to rooms realtime updates
✅ Loaded 1 rooms (total: 1)
📨 Received: {"ref":"14139EE7-96DA-49B3-A853-A3A3CC32D8EC","event":"phx_reply","payload":{"status":"ok","response":{"postgres_changes":[{"id":60402389,"event":"*","schema":"public","table":"rooms"}]}},"topic":"realtime:rooms_updates"}
✅ Cache HIT: Metadata[meta_movie_tt29268110]
📨 Received: {"ref":null,"event":"system","payload":{"message":"Subscribed to PostgreSQL","status":"ok","extension":"postgres_changes","channel":"rooms_updates"},"topic":"realtime:rooms_updates"}
📨 Unknown event: system
📨 Received: {"ref":null,"event":"presence_state","payload":{},"topic":"realtime:rooms_updates"}
📋 Fetching rooms from Supabase backend (offset: 0, limit: 20)...
🔍 Supabase Response for /rooms: [{"id":"EE5K","name":"Smile 2","host_user_id":"96e01cdb-36c0-4228-a6e4-a29a3c66bc8e","host_username":"lemontom","stream_hash":"1c420cfd388af739b8667055153dc1f8e47651cb","imdb_id":"tt29268110","poster_url":"https://images.metahub.space/poster/small/tt29268110/img","backdrop_url":"https://images.metahub.space/background/medium/tt29268110/img","playback_position":0,"is_playing":true,"participants_count":2,"max_participants":50,"is_public":true,"created_at":"2025-12-10T14:04:11.727338","last_activity":"2025-12-10T14:06:05","season":null,"episode":null,"selected_quality":"1080p","selected_file_idx":null,"unlocked_stream_url":"https://chi9-4.download.real-debrid.com/d/CLZEO5ETE5MHW43/Smile.2.2024.BluRay.1080p.DDP.5.1.x264-hallowed.mkv","description":"Horror Marathon","current_playlist_index":1,"playlist":[{"id": "DA95C778-AD6E-4493-9E4D-D93ECEC8E6A6", "mediaItem": {"id": "tt1148204", "logo": "https://images.metahub.space/logo/medium/tt1148204/img", "name": "Orphan", "type": "movie", "year": "2009", "genres": ["Horror", "Mystery", "Thriller"], "poster": "https://images.metahub.space/poster/small/tt1148204/img", "runtime": "122 min", "background": "https://images.metahub.space/background/medium/tt1148204/img", "imdbRating": "7.0", "description": "A husband and wife who recently lost their baby adopt a 9-year-old girl who is not nearly as innocent as she appears.", "releaseInfo": "2009"}}, {"id": "CDDF53C4-11C0-4F7E-8A74-98349571032F", "mediaItem": {"id": "tt29268110", "name": "Smile 2", "type": "movie", "poster": "https://m.media-amazon.com/images/M/MV5BYTg5OTMyMGMtYzMwNC00NDMyLWE0OGUtMTQ1ODcwM2FjOTM4XkEyXkFqcGc@._V1_SX250.jpg"}}]}, 
 {"id":"event_tt1657507","name":"Colombiana","host_user_id":"96e01cdb-36c0-4228-a6e4-a29a3c66bc8e","host_username":"RedLemon Events","stream_hash":"2b232fa1ede15105ef93571ed154f094281b0d9b","imdb_id":"tt1657507","poster_url":"https://images.metahub.space/poster/small/tt1657507/img","backdrop_url":"https://images.metahub.space/background/medium/tt1657507/img","playback_position":0,"is_playing":false,"participants_count":2,"max_participants":50,"is_public":true,"created_at":"2025-12-10T12:58:39.303069","last_activity":"2025-12-10T13:03:13.287082","season":null,"episode":null,"selected_quality":null,"selected_file_idx":null,"unlocked_stream_url":null,"description":null,"current_playlist_index":0,"playlist":[]}, 
 {"id":"event_tt0373074","name":"Kung Fu Hustle","host_user_id":"96e01cdb-36c0-4228-a6e4-a29a3c66bc8e","host_username":"RedLemon Events","stream_hash":"34783b13e4266d3a15666cd8afa34d9bdd6c5be3","imdb_id":"tt0373074","poster_url":"https://images.metahub.space/poster/small/tt0373074/img","backdrop_url":"https://images.metahub.space/background/medium/tt0373074/img","playback_position":0,"is_playing":false,"participants_count":1,"max_participants":50,"is_public":true,"created_at":"2025-12-10T12:13:10.722178","last_activity":"2025-12-10T12:13:10.828963","season":null,"episode":null,"selected_quality":null,"selected_file_idx":null,"unlocked_stream_url":null,"description":null,"current_playlist_index":0,"playlist":[]}, 
 {"id":"event_tt1723121","name":"We're the Millers","host_user_id":"96e01cdb-36c0-4228-a6e4-a29a3c66bc8e","host_username":"RedLemon Events","stream_hash":"d14a2dbc1f922ab7fd7aff360757bad19a5bc665","imdb_id":"tt1723121","poster_url":"https://images.metahub.space/poster/small/tt1723121/img","backdrop_url":"https://images.metahub.space/background/medium/tt1723121/img","playback_position":0,"is_playing":false,"participants_count":2,"max_participants":50,"is_public":true,"created_at":"2025-12-10T05:38:55.791195","last_activity":"2025-12-10T06:25:37.362329","season":null,"episode":null,"selected_quality":null,"selected_file_idx":null,"unlocked_stream_url":null,"description":null,"current_playlist_index":0,"playlist":[]}, 
 {"id":"event_tt0120586","name":"American History X","host_user_id":"96e01cdb-36c0-4228-a6e4-a29a3c66bc8e","host_username":"RedLemon Events","stream_hash":"66672b822002b6f19af478fb7c886787afee5f9f","imdb_id":"tt0120586","poster_url":"https://images.metahub.space/poster/small/tt0120586/img","backdrop_url":"https://images.metahub.space/background/medium/tt0120586/img","playback_position":0,"is_playing":false,"participants_count":1,"max_participants":50,"is_public":true,"created_at":"2025-12-10T02:59:29.111766","last_activity":"2025-12-10T02:59:29.251061","season":null,"episode":null,"selected_quality":null,"selected_file_idx":null,"unlocked_stream_url":null,"description":null,"current_playlist_index":0,"playlist":[]}]
✅ Loaded 1 rooms (total: 1)
✅ Cache HIT: Metadata[meta_movie_tt29268110]
💓 Heartbeat sent
💓 Heartbeat sent
📨 Received: {"ref":"9","event":"phx_reply","payload":{"status":"ok","response":{}},"topic":"phoenix"}
📨 Received: {"ref":"4","event":"phx_reply","payload":{"status":"ok","response":{}},"topic":"phoenix"}
🚪 Joining room: EE5K
   User ID: 656DAA91-33B4-4688-9135-C982EA52D7C9
   Host ID: 96E01CDB-36C0-4228-A6E4-A29A3C66BC8E
   Is host: false
   Room state: playing
🎬 Room is already playing - will auto-start from lobby
🎭 Lobby: Connecting to room EE5K...
🚀 Lobby: Enabling INSTANT JOIN (Late Joiner detected)
🔄 Lobby: Fetching fresh room state from Supabase...
🔌 Disconnecting from Supabase Realtime
✅ Disconnected from Supabase Realtime
❌ Heartbeat failed: CancellationError()
🔌 Setting up Realtime channel: watch-party:EE5K
   Role: Guest
   User ID: 656DAA91-33B4-4688-9135-C982EA52D7C9
📡 Connection state: connecting
📡 Joined channel: realtime:watch-party:EE5K
📡 Connection state: connected
✅ Realtime channel setup complete
[ INFO ] GET /api/metadata/meta/movie/tt29268110 [request-id: AAE37FF2-19F4-4FBD-8193-73F461E88AEE]
2025-12-10 09:06:29.820 RedLemon[5366:46100] ⚠️ SupabaseClient: User already in room (409), proceeding...
2025-12-10 09:06:29.929 RedLemon[5366:45177] ✅ Guest joined room EE5K in database
2025-12-10 09:06:30.004 RedLemon[5366:46099] 📤 Realtime: Sending message type: chat, sender: 656DAA91-33B4-4688-9135-C982EA52D7C9
2025-12-10 09:06:30.004 RedLemon[5366:46099]    Payload keys: type, position, senderId, chatText, chatUsername, timestamp
2025-12-10 09:06:30.004 RedLemon[5366:46101] ✅ Realtime: Message broadcast complete
2025-12-10 09:06:30.052 RedLemon[5366:46100] 📨 Realtime: Received broadcast message
2025-12-10 09:06:30.052 RedLemon[5366:46100]    Payload keys: chatText, position, type, timestamp, senderId, chatUsername
2025-12-10 09:06:30.053 RedLemon[5366:46100] ✅ Realtime: Decoded message type: chat, sender: 656DAA91-33B4-4688-9135-C982EA52D7C9
2025-12-10 09:06:30.053 RedLemon[5366:46100] 📞 Realtime: Invoking syncCallback for message type: chat
2025-12-10 09:06:30.053 RedLemon[5366:46100] ✅ Realtime: syncCallback invoked successfully
2025-12-10 09:06:30.053 RedLemon[5366:45177] 👋 Received: Guest 'ursinho' joined room EE5K
2025-12-10 09:06:30.232 RedLemon[5366:45177] 🔍 Current guest participant found in polling: ursinho with ID 656DAA91-33B4-4688-9135-C982EA52D7C9
2025-12-10 09:06:30.232 RedLemon[5366:45177] 👋 ursinho left room
2025-12-10 09:06:30.232 RedLemon[5366:45177] 👋 lemontom left room
2025-12-10 09:06:30.718 RedLemon[5366:46020] 📨 Realtime: Received broadcast message
2025-12-10 09:06:30.718 RedLemon[5366:46020]    Payload keys: isPlaying, timestamp, type, senderId, position
2025-12-10 09:06:30.718 RedLemon[5366:46020] ✅ Realtime: Decoded message type: playbackState, sender: EE5K
2025-12-10 09:06:30.718 RedLemon[5366:46020] 📞 Realtime: Invoking syncCallback for message type: playbackState
2025-12-10 09:06:30.719 RedLemon[5366:46020] ✅ Realtime: syncCallback invoked successfully
2025-12-10 09:06:30.719 RedLemon[5366:45177] ⚠️ Received Realtime message with no chat text
2025-12-10 09:06:31.234 RedLemon[5366:45177] 🟢 Guest 'ursinho' marked as READY in room EE5K
2025-12-10 09:06:31.234 RedLemon[5366:45177]    Previous state: Not Ready → New state: READY
2025-12-10 09:06:31.235 RedLemon[5366:45177] ✅ Updated local participant ready state for ursinho
2025-12-10 09:06:31.256 RedLemon[5366:46020] 📤 Realtime: Sending message type: chat, sender: 656DAA91-33B4-4688-9135-C982EA52D7C9
2025-12-10 09:06:31.256 RedLemon[5366:46020]    Payload keys: type, chatText, position, timestamp, chatUsername, senderId
2025-12-10 09:06:31.257 RedLemon[5366:46020] ✅ Realtime: Message broadcast complete
2025-12-10 09:06:31.257 RedLemon[5366:45177] 📡 Successfully broadcasted READY state via Realtime to room EE5K
2025-12-10 09:06:31.257 RedLemon[5366:45177] 👥 Room ready status updated: 2/2 participants ready
2025-12-10 09:06:31.297 RedLemon[5366:46100] 📨 Realtime: Received broadcast message
2025-12-10 09:06:31.298 RedLemon[5366:46100]    Payload keys: senderId, chatUsername, chatText, position, timestamp, type
2025-12-10 09:06:31.298 RedLemon[5366:46100] ✅ Realtime: Decoded message type: chat, sender: 656DAA91-33B4-4688-9135-C982EA52D7C9
2025-12-10 09:06:31.298 RedLemon[5366:46100] 📞 Realtime: Invoking syncCallback for message type: chat
2025-12-10 09:06:31.298 RedLemon[5366:46100] ✅ Realtime: syncCallback invoked successfully
2025-12-10 09:06:31.298 RedLemon[5366:45177] 📡 Guest received: 'ursinho' marked as READY via Realtime
2025-12-10 09:06:31.298 RedLemon[5366:45177]    Sender ID: 656DAA91-33B4-4688-9135-C982EA52D7C9, Room: EE5K
2025-12-10 09:06:31.298 RedLemon[5366:45177] 👥 Room ready status updated: 2/2 participants ready
2025-12-10 09:06:31.568 RedLemon[5366:45177]    Quality: 1080p
2025-12-10 09:06:31.568 RedLemon[5366:45177]    Mode: watchParty
2025-12-10 09:06:31.568 RedLemon[5366:45177] 📡 Fetching metadata for tt29268110...
2025-12-10 09:06:31.645 RedLemon[5366:45177] 🖼️ Loading background art: https://images.metahub.space/background/medium/tt29268110/img
2025-12-10 09:06:31.646 RedLemon[5366:45177] ⏳ Background art loading...
2025-12-10 09:06:31.646 RedLemon[5366:45177] 🎨 Loading logo: https://images.metahub.space/logo/medium/tt29268110/img
2025-12-10 09:06:31.646 RedLemon[5366:45177] ⏳ Logo loading...
2025-12-10 09:06:31.701 RedLemon[5366:45177] ✅ Logo loaded successfully
2025-12-10 09:06:31.703 RedLemon[5366:46100] ✅ StreamService: Using provided metadata: Smile 2
2025-12-10 09:06:31.703 RedLemon[5366:45177] ⚠️ Lobby: Failed to poll participants: Error Domain=NSURLErrorDomain Code=-999 "cancelled" UserInfo={NSErrorFailingURLStringKey=https://nhvsojszwfvcinkyvzmf.supabase.co/rest/v1/room_participants?room_id=eq.EE5K&select=*, NSErrorFailingURLKey=https://nhvsojszwfvcinkyvzmf.supabase.co/rest/v1/room_participants?room_id=eq.EE5K&select=*, _NSURLErrorRelatedURLSessionTaskErrorKey=(
    "LocalDataTask <74E870E3-EC25-41BE-AA3C-5B66E1153015>.<179>"
), _NSURLErrorFailingURLSessionTaskErrorKey=LocalDataTask <74E870E3-EC25-41BE-AA3C-5B66E1153015>.<179>, NSLocalizedDescription=cancelled}
2025-12-10 09:06:31.703 RedLemon[5366:46100] ⚡️ StreamService: Resolving streams via StreamResolver (Bypassing HTTP)...
2025-12-10 09:06:31.703 RedLemon[5366:46100] ⚡️ StreamResolver: Resolving streams for tt29268110 (S0E0)
2025-12-10 09:06:31.703 RedLemon[5366:46100]    📅 Filtering by year: 2024
2025-12-10 09:06:31.704 RedLemon[5366:46100] 🔍 ProviderManager: Fetching streams for tt29268110...
2025-12-10 09:06:31.705 RedLemon[5366:46101] 🎬 Torrentio: Building URL for movie (no season/episode)
2025-12-10 09:06:31.705 RedLemon[5366:46101] 🔗 Torrentio URL: https://torrentio.strem.fun/realdebrid/stream/movie/tt29268110.json
2025-12-10 09:06:31.705 RedLemon[5366:46101] 🔍 Torrentio: Fetching https://torrentio.strem.fun/realdebrid/stream/movie/tt29268110.json
2025-12-10 09:06:31.746 RedLemon[5366:46020] 🔍 Zilean: Searching for "Smile 2"
2025-12-10 09:06:31.764 RedLemon[5366:45177] ✅ Background art loaded successfully
2025-12-10 09:06:31.987 RedLemon[5366:45266] ✅ Zilean: Got 121 results
2025-12-10 09:06:31.988 RedLemon[5366:45266] 🔍 Zilean: Filtered to 121 streams
2025-12-10 09:06:32.156 RedLemon[5366:46101] ✅ ProviderManager: Fetched 182 raw, returning 154 unique streams
2025-12-10 09:06:32.156 RedLemon[5366:46101] 📦 StreamResolver: Received 154 raw streams, bucketing...
2025-12-10 09:06:32.672 RedLemon[5366:46020] 📨 Realtime: Received broadcast message
2025-12-10 09:06:32.672 RedLemon[5366:46020]    Payload keys: isPlaying, type, timestamp, position, senderId
2025-12-10 09:06:32.673 RedLemon[5366:46020] ✅ Realtime: Decoded message type: playbackState, sender: EE5K
2025-12-10 09:06:32.673 RedLemon[5366:46020] 📞 Realtime: Invoking syncCallback for message type: playbackState
2025-12-10 09:06:32.673 RedLemon[5366:46020] ✅ Realtime: syncCallback invoked successfully
2025-12-10 09:06:32.673 RedLemon[5366:45177] ⚠️ Received Realtime message with no chat text
🔍 [DEBUG] Creating MediaItem from CinemetaMeta
🔍 [DEBUG] meta.itemId: tt29268110
🔍 [DEBUG] meta.type: movie
🔍 [DEBUG] meta.name: Smile 2
🔍 [DEBUG] Successfully created MediaItem from meta: Smile 2
✅ Lobby: Connected to Realtime
📨 Received: {"ref":"557C4C33-A202-4A2E-8D0A-D8F08971F33E","event":"phx_reply","payload":{"status":"ok","response":{"postgres_changes":[]}},"topic":"realtime:watch-party:EE5K"}
📨 Received: {"ref":null,"event":"presence_state","payload":{"4bfe58fa-d5d1-11f0-b3b6-0a58a9feac02":{"metas":[{"phx_ref":"GH_fuevOqUOAHXsP","phx_ref_prev":"GH_fsi2wZPuAHTtG","is_host":true,"joined_at":1765375568.4528441,"user_id":"96E01CDB-36C0-4228-A6E4-A29A3C66BC8E","username":"lemontom"}]}},"topic":"realtime:watch-party:EE5K"}
📨 Received: {"ref":"21","event":"phx_reply","payload":{"status":"ok","response":{}},"topic":"realtime:watch-party:EE5K"}
📨 Received: {"ref":null,"event":"presence_diff","payload":{"joins":{"6cbda0b4-d5d1-11f0-9c5e-0a58a9feac02":{"metas":[{"phx_ref":"GH_fvtuaV8c_lFuD","is_host":false,"joined_at":1765375589.724814,"user_id":"656DAA91-33B4-4688-9135-C982EA52D7C9","username":"ursinho"}]}},"leaves":{}},"topic":"realtime:watch-party:EE5K"}
🔍 Supabase Response for /rooms: [{"id":"EE5K","name":"Smile 2","host_user_id":"96e01cdb-36c0-4228-a6e4-a29a3c66bc8e","host_username":"lemontom","stream_hash":"1c420cfd388af739b8667055153dc1f8e47651cb","imdb_id":"tt29268110","poster_url":"https://images.metahub.space/poster/small/tt29268110/img","backdrop_url":"https://images.metahub.space/background/medium/tt29268110/img","playback_position":0,"is_playing":true,"participants_count":2,"max_participants":50,"is_public":true,"created_at":"2025-12-10T14:04:11.727338","last_activity":"2025-12-10T14:06:05","season":null,"episode":null,"selected_quality":"1080p","selected_file_idx":null,"unlocked_stream_url":"https://chi9-4.download.real-debrid.com/d/CLZEO5ETE5MHW43/Smile.2.2024.BluRay.1080p.DDP.5.1.x264-hallowed.mkv","description":"Horror Marathon","current_playlist_index":1,"playlist":[{"id": "DA95C778-AD6E-4493-9E4D-D93ECEC8E6A6", "mediaItem": {"id": "tt1148204", "logo": "https://images.metahub.space/logo/medium/tt1148204/img", "name": "Orphan", "type": "movie", "year": "2009", "genres": ["Horror", "Mystery", "Thriller"], "poster": "https://images.metahub.space/poster/small/tt1148204/img", "runtime": "122 min", "background": "https://images.metahub.space/background/medium/tt1148204/img", "imdbRating": "7.0", "description": "A husband and wife who recently lost their baby adopt a 9-year-old girl who is not nearly as innocent as she appears.", "releaseInfo": "2009"}}, {"id": "CDDF53C4-11C0-4F7E-8A74-98349571032F", "mediaItem": {"id": "tt29268110", "name": "Smile 2", "type": "movie", "poster": "https://m.media-amazon.com/images/M/MV5BYTg5OTMyMGMtYzMwNC00NDMyLWE0OGUtMTQ1ODcwM2FjOTM4XkEyXkFqcGc@._V1_SX250.jpg"}}]}]
✅ Lobby: Loaded metadata for Smile 2
✅ Lobby: Synced playlist with 2 items
✅ Lobby: Synced playlist index to 1
❌ Supabase error (409): {"code":"23505","details":null,"hint":null,"message":"duplicate key value violates unique constraint \"room_participants_pkey\""}
▶️ Room already playing - auto-starting playback
🤖 Lobby: Checking auto-start for system event
   Room ID: EE5K
   Room createdAt: 2025-12-10 14:04:11 +0000
   Current time: 2025-12-10 14:06:29 +0000
   Time until start: -138.20247197151184s
🤖 Lobby: Auto-starting system event now
   Elapsed time: 138.20247197151184s
   Media item: Smile 2
   Set eventStartTime to: 2025-12-10 14:04:11 +0000
   Current elapsed would be: 138.20247197151184s (will recalculate on video ready)
🔌 Setting up Realtime channel: watch-party:EE5K
   Role: Guest
   User ID: 656DAA91-33B4-4688-9135-C982EA52D7C9
📡 Connection state: connecting
ℹ️ Already joined channel watch-party:EE5K, skipping join
📡 Connection state: connected
✅ Realtime channel setup complete
✅ Lobby: Connected to Realtime
🔄 Lobby: Starting database polling for participants and room state...
💓 Lobby: Starting heartbeat loop...
📨 Received: {"ref":"22","event":"phx_reply","payload":{"status":"ok","response":{}},"topic":"realtime:watch-party:EE5K"}
📨 Received: {"ref":null,"event":"presence_diff","payload":{"joins":{"6cbda0b4-d5d1-11f0-9c5e-0a58a9feac02":{"metas":[{"phx_ref":"GH_fvurwyVk_lBKI","phx_ref_prev":"GH_fvtuaV8c_lFuD","is_host":false,"joined_at":1765375589.989222,"user_id":"656DAA91-33B4-4688-9135-C982EA52D7C9","username":"ursinho"}]}},"leaves":{"6cbda0b4-d5d1-11f0-9c5e-0a58a9feac02":{"metas":[{"phx_ref":"GH_fvtuaV8c_lFuD","is_host":false,"joined_at":1765375589.724814,"user_id":"656DAA91-33B4-4688-9135-C982EA52D7C9","username":"ursinho"}]}}},"topic":"realtime:watch-party:EE5K"}
📨 Received: {"ref":null,"event":"broadcast","payload":{"event":"sync","payload":{"chatText":"LOBBY_JOIN","chatUsername":"ursinho","position":0,"senderId":"656DAA91-33B4-4688-9135-C982EA52D7C9","timestamp":0,"type":"chat"},"type":"broadcast"},"topic":"realtime:watch-party:EE5K"}
📨 Received: {"ref":null,"event":"broadcast","payload":{"event":"sync","payload":{"isPlaying":true,"position":0,"senderId":"EE5K","timestamp":17.099999999999998,"type":"playbackState"},"type":"broadcast"},"topic":"realtime:watch-party:EE5K"}
✓ Lobby: ursinho toggled ready to true
📨 Received: {"ref":null,"event":"broadcast","payload":{"event":"sync","payload":{"chatText":"LOBBY_READY","chatUsername":"ursinho","position":0,"senderId":"656DAA91-33B4-4688-9135-C982EA52D7C9","timestamp":0,"type":"chat"},"type":"broadcast"},"topic":"realtime:watch-party:EE5K"}
🎬 Lobby: Calling playMedia for Smile 2
🛑 Lobby: Polling stopped (chat via Realtime only)
🎬 Starting playback for: Smile 2
✅ Cache HIT: Metadata[meta_movie_tt29268110]
🎬 StreamService: Starting resolution for: Smile 2
🎬 StreamService: Resolving movie - trusted pack filtering will be applied server-side
🔍 MediaFusion: Fetching https://mediafusion.elfhosted.com/stream/movie/tt29268110.json
✅ MetadataService initialized
🔍 Comet: Fetching https://comet.elfhosted.com/eyJkZWJyaWRTZXJ2aWNlIjoicmVhbGRlYnJpZCIsInJlbW92ZVRyYXNoIjp0cnVlLCJkZWJy...
📡 Fetching metadata from Cinemeta: https://v3-cinemeta.strem.io/meta/movie/tt29268110.json
✅ Metadata fetched from Cinemeta for tt29268110: Smile 2 (2024)
✅ MediaFusion: Got 1 streams
✅ Comet: Got 10 streams
🔍 Comet: Parsing 10 streams...
✅ Comet: Parsed 10 valid streams
✅ Metadata cache hit for tt29268110: Smile 2
🎯 Target title for matching: Smile 2
   📅 Year filter (2024): 154 → 141 streams
   🚫 RESOLVER BLOCKING non-English audio: Smile.2.2024.German.DL.AC3.Dubbed.1080p.HC.WEB.Internal.READ.NFO.x264-FuckYouCMN
👤 8 💾 10.26 GB ⚙️ TorrentGalaxy
🇩🇪 (Audio)
   🚫 RESOLVER BLOCKING non-English audio: Smile.2.2024.Multi.Vf2.WEBRIP.mp4
👤 10 💾 1.2 GB ⚙️ Torrent9
Multi Audio / 🇫🇷 (Audio)
   🚫 RESOLVER BLOCKING non-English audio: Smile 2 2024 MULTI VFF 1080p Bluray x264 TrueHD Atmos-SUB mkv (Audio)
   🚫 RESOLVER BLOCKING non-English audio: Smile 2 2024 Multi Vf2 Hdr10 2160p Webrip X265-Neostark mkv (Audio)
   🚫 RESOLVER BLOCKING non-English audio: [ Torrent911 cz ] Smile 2 2024 MULTi VF2 1080p WEB H264-FW mkv (Audio)
   🚫 RESOLVER BLOCKING non-English audio: Smile 2 2024 MULTi FRENCH VF2 1080p WEB H265-FW mkv (Audio)
   🚫 RESOLVER BLOCKING non-English audio: Smile 2 2024 MULTi FRENCH VF2 1080p WEB H264-FW mkv (Audio)
   🚫 RESOLVER BLOCKING non-English audio: Smile 2 2024 MULTi FRENCH VF2 HDR 2160p WEB H265-FW mkv (Audio)
   🚫 RESOLVER BLOCKING non-English audio: Smile 2 2024 MULTi VF2 1080p WEB H265-FW mkv (Audio)
   🚫 RESOLVER BLOCKING non-English audio: Smile 2 2024 MULTi VF2 HDR 2160p WEB H265-FW mkv (Audio)
   🚫 RESOLVER BLOCKING non-English audio: Smile 2 2024 MULTi VF2 1080p WEB H264-FW mkv (Audio)
   🚫 RESOLVER BLOCKING non-English audio: Smile 2 2024 MULTI VF2 1080p 10bit WEBRip 6CH x265 HEVC-SERQPH mkv (Audio)
   🎵 RESOLVER FILTERED audio language: 141 → 129 streams
✅ SubDLClient initialized
🔍 Searching SubDL: tt29268110 (movie)
✅ Found 6 subtitles from SubDL
📝 SubDL results for movie:
   [1] Smile.2.2024.1080p.AMZN.WEB-DL.DDP5.1.Atmos.H.264 (SDH) [EN] (score: 20)
   [2] Smile.2.2024.1080p.AMZN.WEB-DL.DDP5.1.Atmos.H.264 [EN] (score: 20)
   [3] Smile.2.2024.720p.WEBRip.x264.AAC5.1-[YTS.MX] [EN] (score: 13)
   [4] Smile.2.2024.1080p.WEBRip.x265.10bit.AAC5.1-[YTS.MX] [EN] (score: 13)
   [5] Smile 2 - US 4k - English - Hearing Impaired - UPC 191329261934 [EN] (score: 10)
   [6] Smile 2 - US 4k - English - UPC 191329261934 [EN] (score: 10)
📨 Received: {"ref":null,"event":"broadcast","payload":{"event":"sync","payload":{"isPlaying":true,"position":0,"senderId":"EE5K","timestamp":18.852,"type":"playbackState"},"type":"broadcast"},"topic":"realtime:watch-party:EE5K"}
   --- Processing Bucket: 2160p (Input: 55) ---
   🚫 RESOLVER DROP (2160p): Bad Pattern: Smile 2 2024 2160p USA UHD Blu-ray DV HDR HEVC TrueHD 7 1 Atmos-SILVEIRATeam iso
   ✅ Bucket 2160p Final Count: 54
   --- Processing Bucket: 1080p (Input: 58) ---
   🚫 RESOLVER DROP (1080p): Bad Pattern: Smile 2 2024 1080p TeleSync X264 - HushRips
👤 3 💾 1.98 GB ⚙️ 1337x
   🚫 RESOLVER DROP (1080p): Bad Pattern: Smile 2 2024 1080p TeleSync X264 COLLECTiVE mkv
   🚫 RESOLVER DROP (1080p): Bad Pattern: Smile 2 2024 1080p TeleSync X264 COLLECTiVE
   🚫 RESOLVER DROP (1080p): Bad Pattern: Smile 2 2024 V2 1080p TELESYNC x264 COLLECTiVE
   🚫 RESOLVER DROP (1080p): Bad Pattern: Smile 2 2024 1080p TeleSync X264 COLLECTiVE
   🚫 RESOLVER DROP (1080p): Bad Pattern: Smile 2 2024 V2 1080p TELESYNC x264 COLLECTiVE mkv
   ✅ Bucket 1080p Final Count: 52
   --- Processing Bucket: 720p (Input: 9) ---
   ✅ Bucket 720p Final Count: 9
   --- Processing Bucket: 480p (Input: 7) ---
   🚫 RESOLVER DROP (480p): Bad Pattern: Smile 2 2024 HDCAM c1nem4 x264-SUNSCREEN mkv
   ✅ Bucket 480p Final Count: 6
📦 2160p Primary: Smile 2 (2024) BluRay 2160p UHD DDP Atmos 7 1 DV HDR10+ 10Bit x265-ZAX mkv
📦 1080p Primary: Smile 2 2024 iTA ENG AC3 SUB iTA ENG BluRay HEVC 1080p x265 jeddak-MIRCrew mkv
📦 720p Primary: Smile 2 (2024) 720p H264 iTA ENG AC3-Divella mkv
✅ StreamResolver: Quality buckets ready
   ➕ Added 9 720p streams as backup
   ➕ Added 11 4K streams as 'Hail Mary' backup
📦 StreamService: Found 31 total streams to try (across all qualities)
✅ StreamService: Found 19 H.264 streams (Tier 1)
🚫 StreamService: Blocking stream with restricted keyword: Smile 2 2024 BluRay 1080p TrueHD Atmos 7 1 AVC REMUX-FraMeSToR mkv
🚫 StreamService: Blocking stream with restricted keyword: Smile 2 2024 1080p BluRay REMUX AVC Atmos TrueHD 7 1-SonyHD mkv
⚠️ StreamService: Skipping large file (1080p limit): Smile 2 2024 MULTi 1080p BluRay x264-LYPSG mkv (18.50 GB)
⚠️ StreamService: Skipping large file (1080p limit): smile 2 2024 1080p bluray x264-roen mkv (17.93 GB)
⚠️ StreamService: Skipping large file (1080p limit): Smile 2 2024 2160p WEB-DL DDP5 1 Atmos DV HDR H 265-FLUX mkv (22.62 GB)
⚠️ StreamService: Skipping large file (1080p limit): Smile 2 2024 2160p AMZN WEB-DL DDP5 1 Atmos H 265-FLUX mkv (13.94 GB)
⚠️ StreamService: Skipping large file (1080p limit): Smile 2 2024 2160p WEB-DL DDP5 1 Atmos DV HDR H 265-FLUX mkv (22.62 GB)
⚠️ StreamService: Skipping large file (1080p limit): Smile 2 2024 2160p WEB-DL DDP5 1 Atmos DV HDR-DVT mkv (25.59 GB)
📦 StreamService: 11 streams remain after size filter
🔄 StreamService: Trying stream 1/11: Smile 2 2024 BluRay 1080p DDP 5 1 x264-hallowed mkv
🔓 StreamService: Unlocking with infoHash: 1c420cfd388a...
[ INFO ] POST /api/streams/unlock [request-id: EAB59B72-119A-4383-A459-0791C5790060]
2025-12-10 09:06:32.690 RedLemon[5366:46020] 🔓 Unlock request: infoHash=1c420cfd388a..., fileIdx=0
2025-12-10 09:06:32.690 RedLemon[5366:46020] ✅ Token found, attempting unlock...
2025-12-10 09:06:34.343 RedLemon[5366:46101] ✅ Unlocked successfully: Smile.2.2024.BluRay.1080p.DDP.5.1.x264-hallowed.mkv
2025-12-10 09:06:34.346 RedLemon[5366:45266] 📥 StreamService: Pre-downloading 3 subtitles...
2025-12-10 09:06:34.346 RedLemon[5366:45266] 🔍 DEBUG: Processing subtitle URL: /subtitle/3419343-8342855.zip
2025-12-10 09:06:34.346 RedLemon[5366:46020] 🔍 DEBUG: Processing subtitle URL: /subtitle/3433052-8356778.zip
2025-12-10 09:06:34.347 RedLemon[5366:45266] ✅ DEBUG: Raw SubDL URL detected, converting to proxy URL
2025-12-10 09:06:34.347 RedLemon[5366:46020] ✅ DEBUG: Raw SubDL URL detected, converting to proxy URL
2025-12-10 09:06:34.347 RedLemon[5366:46100] 🔍 DEBUG: Processing subtitle URL: /subtitle/3419342-8342854.zip
2025-12-10 09:06:34.347 RedLemon[5366:46100] ✅ DEBUG: Raw SubDL URL detected, converting to proxy URL
2025-12-10 09:06:34.373 RedLemon[5366:45177] 🎬🎬🎬 MPVPlayerView INIT called - streamURL: https://chi9-4.download.real-debrid.com/d/CLZEO5ETE5MHW43/Sm, subtitles: 3
2025-12-10 09:06:34.406 RedLemon[5366:45177] ✅ Stream ready, starting playback...
2025-12-10 09:06:34.406 RedLemon[5366:45177] 🖥️ WindowManager: enterFullscreen() called
2025-12-10 09:06:34.407 RedLemon[5366:45177]    Window: <SwiftUI.SwiftUIWindow: 0x7f9c8276e9b0>
2025-12-10 09:06:34.407 RedLemon[5366:45177]    Is fullscreen: 0
2025-12-10 09:06:34.407 RedLemon[5366:45177]    ✅ WindowManager: Toggling fullscreen ON
2025-12-10 09:06:34.447 RedLemon[5366:45177] 🖼️ Setting up MPV with native macOS video output...
2025-12-10 09:06:34.451 RedLemon[5366:45177] ✅ MPV initialized with native GPU rendering
2025-12-10 09:06:34.461 RedLemon[5366:45177] 🎬🎬🎬 MPVPlayerView .task starting
2025-12-10 09:06:34.461 RedLemon[5366:45177] 🎉 Starting watch party sync - Room: EE5K, Host: NO
2025-12-10 09:06:34.461 RedLemon[5366:45177] 🎉 Watch Party Mode ENABLED. isInWatchParty = YES
2025-12-10 09:06:34.524 RedLemon[5366:45177] 🔄 Starting chat polling for room: EE5K
2025-12-10 09:06:34.524 RedLemon[5366:45177] ✅ Watch party sync started successfully - isInWatchParty is now TRUE
2025-12-10 09:06:34.525 RedLemon[5366:45177] 🎬🎬🎬 About to call loadStream - isInWatchParty: YES
2025-12-10 09:06:34.525 RedLemon[5366:45177] 🎬🎬🎬 Subtitles: 3
2025-12-10 09:06:34.525 RedLemon[5366:45177] 🎬🎬🎬 LOADSTREAM CALLED - streamTitle: Smile 2
2025-12-10 09:06:34.525 RedLemon[5366:45177] 🎬🎬🎬 streamURL: https://chi9-4.download.real-debrid.com/d/CLZEO5ETE5MHW43/Sm
2025-12-10 09:06:34.525 RedLemon[5366:45177] 🎬🎬🎬 subtitles: 3
2025-12-10 09:06:34.525 RedLemon[5366:45177] 🎬🎬🎬 MPVPlayerView .task completed
2025-12-10 09:06:34.544 RedLemon[5366:46101] 🎬 MPV loadVideo called with URL: https://chi9-4.download.real-debrid.com/d/CLZEO5ETE5MHW43/Smile.2.2024.BluRay.1080p.DDP.5.1.x264-hal, autoplay: false
2025-12-10 09:06:34.544 RedLemon[5366:46101] ⏸️ Loading in paused mode (watch party)
2025-12-10 09:06:34.544 RedLemon[5366:46101] 🔗 URL: https://chi9-4.download.real-debrid.com/d/CLZEO5ETE5MHW43/Smile.2.2024.BluRay.1080p.DDP.5.1.x264-hallowed.mkv
2025-12-10 09:06:34.544 RedLemon[5366:46101] 🎬 MPV executing: loadfile "https://chi9-4.download.real-debrid.com/d/CLZEO5ETE5MHW43/Smile.2.2024.BluRay.1080p.DDP.5.1.x264-hallowed.mkv"
2025-12-10 09:06:34.544 RedLemon[5366:46101] 🎬 MPV loadfile result: 0
2025-12-10 09:06:34.544 RedLemon[5366:46101] ✅ MPV loadfile succeeded (started paused)
2025-12-10 09:06:34.544 RedLemon[5366:46101] ℹ️ SubDL subtitles detected - downloading to local files in background...
2025-12-10 09:06:34.544 RedLemon[5366:46101] 🔍 SubtitleService: Downloading http://127.0.0.1:47253/subtitles/subdl/L3N1YnRpdGxlLzM0MzMwNTItODM1Njc3OC56aXA=
✅ RD addMagnet: QT2V2KKQ2NE42
🎬 Movie: Found matching file for title 'Smile 2': /Smile.2.2024.BluRay.1080p.DDP.5.1.x264-hallowed.mkv
📝 RD: Selecting file ID 1 for torrent QT2V2KKQ2NE42
📊 RD poll 1/2: status=downloaded, links=1
🔗 Unrestricting link: https://real-debrid.com/d/OMELTWVQOMW2G297
✅ StreamService: Stream unlocked successfully!
✅ StreamService: Selected stream: Smile 2 2024 BluRay 1080p DDP 5 1 x264-hallowed mkv
📊 Stream Size: 9.55 GB
 Using provided room ID: EE5K
🎬 RedLemon: Creating MPVPlayerView
   Stream URL: https://chi9-4.download.real-debrid.com/d/CLZEO5ETE5MHW43/Sm
   Display Title: Smile 2
   Subtitle URLs: 3
      [0] Smile.2.2024.720p.WEBRip.x264.AAC5.1-[YTS.MX]
      [1] Smile.2.2024.1080p.AMZN.WEB-DL.DDP5.1.Atmos.H.264 (SDH)
      [2] Smile.2.2024.1080p.AMZN.WEB-DL.DDP5.1.Atmos.H.264
🎬 MPVWrapper: Creating embedded MPV with render context...
✅ MPV handle created
✅ MPV handle created
🎬 MPVLayerHostView initialized
🎬 Created CGL pixel format (Core Profile 3.2)
🎬 Created CGL context with vsync enabled
🎬 MPVViewLayer initialized with async rendering
🎬 Video layer assigned to host view
🎬 Creating MPV render context with OpenGL (IINA method)...
🎬 MPV: Frame ready! Calling layer.update() (throttled)
🎬 Layer.update() called - forceDraw:false needsFlip:true (throttled)
✅ Render context created successfully (IINA method)
🎬 CVDisplayLink started
🎉 Starting watch party: roomId=EE5K, isHost=false
🎬 DisplayLink: reportSwap() (throttled)
🔌 Setting up Realtime channel: watch-party:EE5K
   Role: Guest
   User ID: 656DAA91-33B4-4688-9135-C982EA52D7C9
📡 Connection state: connecting
ℹ️ Already joined channel watch-party:EE5K, skipping join
📡 Connection state: connected
✅ Realtime channel setup complete
✅ Watch party sync initialized with Realtime
🎬 Loading stream: Smile 2
   IMDB: tt29268110
   URL: https://chi9-4.download.real-debrid.com/d/CLZEO5ETE5MHW43/Sm...
💬 Added mock chat messages for testing
👥 WATCH PARTY MODE: Starting PAUSED for synchronization
⏯️ MPV: Pause state changed to false -> isPlaying = true
📡 Fetching metadata for tt29268110 as movie...
✅ Cache HIT: Metadata[meta_movie_tt29268110]
✅ Got background: https://images.metahub.space/background/medium/tt29268110/im...
✅ Got poster URL: https://images.metahub.space/poster/small/tt29268110/img...
✅ Got logo: https://images.metahub.space/logo/medium/tt29268110/img...
📡 SocialService: Updated status - Watching: Smile 2
⏳ MPVPlayerViewModel: Enhancing UI - Buffering started (show spinner)
📨 Received: {"ref":"25","event":"phx_reply","payload":{"status":"ok","response":{}},"topic":"realtime:watch-party:EE5K"}
📨 Received: {"ref":null,"event":"presence_diff","payload":{"joins":{"6cbda0b4-d5d1-11f0-9c5e-0a58a9feac02":{"metas":[{"phx_ref":"GH_fv_lWJRk_lPSN","phx_ref_prev":"GH_fvurwyVk_lBKI","is_host":false,"joined_at":1765375594.5208411,"user_id":"656DAA91-33B4-4688-9135-C982EA52D7C9","username":"ursinho"}]}},"leaves":{"6cbda0b4-d5d1-11f0-9c5e-0a58a9feac02":{"metas":[{"phx_ref":"GH_fvurwyVk_lBKI","phx_ref_prev":"GH_fvtuaV8c_lFuD","is_host":false,"joined_at":1765375589.989222,"user_id":"656DAA91-33B4-4688-9135-C982EA52D7C9","username":"ursinho"}]}}},"topic":"realtime:watch-party:EE5K"}
⏳ Participant leaving (grace period started): 656DAA91-33B4-4688-9135-C982EA52D7C9
[ INFO ] GET /subtitles/subdl/L3N1YnRpdGxlLzM0MzMwNTItODM1Njc3OC56aXA= [request-id: 52D6027F-091F-4D72-8BB8-69CFAFD6DE15]
2025-12-10 09:06:34.658 RedLemon[5366:46382] 📨 Realtime: Received broadcast message
2025-12-10 09:06:34.658 RedLemon[5366:46382]    Payload keys: senderId, timestamp, position, type, isPlaying
2025-12-10 09:06:34.658 RedLemon[5366:46382] ✅ Realtime: Decoded message type: playbackState, sender: EE5K
2025-12-10 09:06:34.658 RedLemon[5366:46382] 📞 Realtime: Invoking syncCallback for message type: playbackState
2025-12-10 09:06:34.659 RedLemon[5366:46382] ✅ Realtime: syncCallback invoked successfully
2025-12-10 09:06:34.740 RedLemon[5366:45177] 🔍 DEBUG: Received sync message - type: playbackState, sender: EE5K
2025-12-10 09:06:35.063 RedLemon[5366:45266] ✅ Subtitle 1 downloaded to: /var/folders/3v/s3d75ntd4v90_pg0mb6rmlz40000gn/T/sub_EA15218E-FC1C-45AA-96E2-B29987F55A42.vtt
2025-12-10 09:06:35.063 RedLemon[5366:45266] 📝 Loading subtitle from: /var/folders/3v/s3d75ntd4v90_pg0mb6rmlz40000gn/T/sub_EA15218E-FC1C-45AA-96E2-B29
2025-12-10 09:06:35.084 RedLemon[5366:45266] ✅ External subtitle added to track list (not auto-selected)
2025-12-10 09:06:35.084 RedLemon[5366:45266] 🔍 SubtitleService: Downloading http://127.0.0.1:47253/subtitles/subdl/L3N1YnRpdGxlLzM0MTkzNDMtODM0Mjg1NS56aXA=
📨 Received: {"ref":"10","event":"phx_reply","payload":{"status":"ok","response":{}},"topic":"realtime:global-presence"}
📄 Subtitle request: L3N1YnRpdGxlLzM0MzMw... (offset: 0ms)
📨 Received: {"ref":null,"event":"presence_diff","payload":{"joins":{"23a6b1fe-d5d1-11f0-a7b8-0a58a9feac02":{"metas":[{"phx_ref":"GH_fv_rFNrTrP6eF","phx_ref_prev":"GH_fvPUb8FTrP9GP","last_seen":"2025-12-10T14:06:34Z","room_id":"EE5K","started_at":"2025-12-10T14:06:34Z","status":"online","user_id":"656DAA91-33B4-4688-9135-C982EA52D7C9","username":"ursinho","watching_id":"tt29268110","watching_title":"Smile 2","watching_type":"movie"}]}},"leaves":{"23a6b1fe-d5d1-11f0-a7b8-0a58a9feac02":{"metas":[{"phx_ref":"GH_fvPUb8FTrP9GP","phx_ref_prev":"GH_fuhMMsx7rP9ED","last_seen":"2025-12-10T14:06:21Z","status":"online","user_id":"656DAA91-33B4-4688-9135-C982EA52D7C9","username":"ursinho"}]}}},"topic":"realtime:global-presence"}
📥 Downloading subtitle from SubDL CDN: /subtitle/3433052-8356778.zip
📨 Received: {"ref":null,"event":"broadcast","payload":{"event":"sync","payload":{"isPlaying":true,"position":0,"senderId":"EE5K","timestamp":20.938,"type":"playbackState"},"type":"broadcast"},"topic":"realtime:watch-party:EE5K"}
🎬 Received playback state (playing) - Dismissing waiting overlay
🔄 Large drift (21.0s) - seeking to 22.2s (host at 21.0s + 1.2s offset)
▶️ Sync: Resuming playback to match Host
✅ Video ready - hiding poster
🎉 EVENT: Recalculating seek time at video ready
   Event started at: 2025-12-10 14:04:11 +0000
   Current time: 2025-12-10 14:06:34 +0000
   Elapsed: 143s
   Seeking to: 148s
🎯 IMMEDIATE RESUME: Seeking to 148s without delay
📝 Started watch history tracking
✅ Download complete: 75907 bytes
📦 Detected ZIP archive, extracting...
⚠️ No specific episode match found, using first file: Smile 2 SDH.srt
✅ Extraction successful
✅ Subtitle downloaded and converted to VTT
[ INFO ] GET /subtitles/subdl/L3N1YnRpdGxlLzM0MTkzNDMtODM0Mjg1NS56aXA= [request-id: DBFAACAA-EF2C-451F-9C6D-CBA81FAD47CB]
2025-12-10 09:06:35.546 RedLemon[5366:45529] ✅ Subtitle 2 downloaded to: /var/folders/3v/s3d75ntd4v90_pg0mb6rmlz40000gn/T/sub_2977DC3C-456B-4B86-BF39-BE1B84AAFB30.vtt
2025-12-10 09:06:35.546 RedLemon[5366:45529] 📝 Loading subtitle from: /var/folders/3v/s3d75ntd4v90_pg0mb6rmlz40000gn/T/sub_2977DC3C-456B-4B86-BF39-BE1
2025-12-10 09:06:35.555 RedLemon[5366:45529] ✅ External subtitle added to track list (not auto-selected)
2025-12-10 09:06:35.555 RedLemon[5366:45529] 🔍 SubtitleService: Downloading http://127.0.0.1:47253/subtitles/subdl/L3N1YnRpdGxlLzM0MTkzNDItODM0Mjg1NC56aXA=
📄 Subtitle request: L3N1YnRpdGxlLzM0MTkz... (offset: 0ms)
📥 Downloading subtitle from SubDL CDN: /subtitle/3419343-8342855.zip
⚠️ Video duration not available yet (0.0s), retrying...
✅ Download complete: 41598 bytes
📦 Detected ZIP archive, extracting...
⚠️ No specific episode match found, using first file: Smile.2.2024.1080p.AMZN.WEB-DL.DDP5.1.Atmos.H.264 (SDH).srt
✅ Extraction successful
🎬 DisplayLink: reportSwap() (throttled)
✅ Subtitle downloaded and converted to VTT
[ INFO ] GET /subtitles/subdl/L3N1YnRpdGxlLzM0MTkzNDItODM0Mjg1NC56aXA= [request-id: 6154E7B5-2E20-4FDB-AF05-FAD539E89481]
2025-12-10 09:06:35.982 RedLemon[5366:45529] ✅ Subtitle 3 downloaded to: /var/folders/3v/s3d75ntd4v90_pg0mb6rmlz40000gn/T/sub_C0CC3129-522B-4865-86C3-E22703CA2D2A.vtt
2025-12-10 09:06:35.982 RedLemon[5366:45529] 📝 Loading subtitle from: /var/folders/3v/s3d75ntd4v90_pg0mb6rmlz40000gn/T/sub_C0CC3129-522B-4865-86C3-E22
2025-12-10 09:06:35.995 RedLemon[5366:45529] ✅ External subtitle added to track list (not auto-selected)
2025-12-10 09:06:35.996 RedLemon[5366:45529] 🔍 MPV track-list/count: 3
2025-12-10 09:06:35.996 RedLemon[5366:45529] 🔍 Track 0 type: sub
2025-12-10 09:06:35.996 RedLemon[5366:45529] ✅ Found subtitle track: ID=1, lang=en, title=Smile.2.2024.720p.WEBRip.x264.AAC5.1-[YTS.MX]
2025-12-10 09:06:35.996 RedLemon[5366:45529] 🔍 Track 1 type: sub
2025-12-10 09:06:35.996 RedLemon[5366:45529] ✅ Found subtitle track: ID=2, lang=en, title=Smile.2.2024.1080p.AMZN.WEB-DL.DDP5.1.Atmos.H.264 (SDH)
2025-12-10 09:06:35.996 RedLemon[5366:45529] 🔍 Track 2 type: sub
2025-12-10 09:06:35.996 RedLemon[5366:45529] ✅ Found subtitle track: ID=3, lang=en, title=Smile.2.2024.1080p.AMZN.WEB-DL.DDP5.1.Atmos.H.264
2025-12-10 09:06:35.996 RedLemon[5366:45529] 📊 Total subtitle tracks found: 4 (including Off if needed)
2025-12-10 09:06:35.997 RedLemon[5366:45529] ✅ SubtitleService: Scanned 4 tracks
2025-12-10 09:06:36.685 RedLemon[5366:46382] 📨 Realtime: Received broadcast message
2025-12-10 09:06:36.686 RedLemon[5366:46382]    Payload keys: senderId, timestamp, position, type, isPlaying
2025-12-10 09:06:36.686 RedLemon[5366:46382] ✅ Realtime: Decoded message type: playbackState, sender: EE5K
2025-12-10 09:06:36.686 RedLemon[5366:46382] 📞 Realtime: Invoking syncCallback for message type: playbackState
2025-12-10 09:06:36.686 RedLemon[5366:46382] ✅ Realtime: syncCallback invoked successfully
2025-12-10 09:06:36.686 RedLemon[5366:45177] 🔍 DEBUG: Received sync message - type: playbackState, sender: EE5K
2025-12-10 09:06:37.358 RedLemon[5366:45177] ⏱️ Watch Party: Duration available (7653.7s), triggering ready signal
2025-12-10 09:06:37.358 RedLemon[5366:45177] 👋 Watch Party: Sending INITIAL READY signal and starting loop
2025-12-10 09:06:37.360 RedLemon[5366:46382] 📤 Realtime: Sending message type: ready, sender: 656DAA91-33B4-4688-9135-C982EA52D7C9
2025-12-10 09:06:37.360 RedLemon[5366:46382]    Payload keys: timestamp, isPlaying, senderId, type, position
2025-12-10 09:06:37.361 RedLemon[5366:46382] ✅ Realtime: Message broadcast complete
2025-12-10 09:06:37.408 RedLemon[5366:45529] 📨 Realtime: Received broadcast message
2025-12-10 09:06:37.408 RedLemon[5366:45529]    Payload keys: isPlaying, type, timestamp, position, senderId
2025-12-10 09:06:37.409 RedLemon[5366:45529] ✅ Realtime: Decoded message type: ready, sender: 656DAA91-33B4-4688-9135-C982EA52D7C9
2025-12-10 09:06:37.409 RedLemon[5366:45529] 📞 Realtime: Invoking syncCallback for message type: ready
2025-12-10 09:06:37.409 RedLemon[5366:45529] ✅ Realtime: syncCallback invoked successfully
2025-12-10 09:06:37.441 RedLemon[5366:45177] ✅ Watch Party: READY signal sent successfully
2025-12-10 09:06:37.441 RedLemon[5366:45177] 🔍 DEBUG: Received sync message - type: ready, sender: 656DAA91-33B4-4688-9135-C982EA52D7C9
2025-12-10 09:06:37.441 RedLemon[5366:45177] ✅ Received READY signal from 656DAA91-33B4-4688-9135-C982EA52D7C9
2025-12-10 09:06:38.700 RedLemon[5366:46382] 📨 Realtime: Received broadcast message
2025-12-10 09:06:38.700 RedLemon[5366:46382]    Payload keys: position, senderId, type, isPlaying, timestamp
2025-12-10 09:06:38.701 RedLemon[5366:46382] ✅ Realtime: Decoded message type: playbackState, sender: EE5K
2025-12-10 09:06:38.701 RedLemon[5366:46382] 📞 Realtime: Invoking syncCallback for message type: playbackState
2025-12-10 09:06:38.701 RedLemon[5366:46382] ✅ Realtime: syncCallback invoked successfully
2025-12-10 09:06:38.701 RedLemon[5366:45177] 🔍 DEBUG: Received sync message - type: playbackState, sender: EE5K
2025-12-10 09:06:38.745 RedLemon[5366:46100] 📨 Realtime: Received broadcast message
2025-12-10 09:06:38.745 RedLemon[5366:46100]    Payload keys: senderId, isPlaying, position, timestamp, type
2025-12-10 09:06:38.746 RedLemon[5366:46100] ✅ Realtime: Decoded message type: play, sender: 96E01CDB-36C0-4228-A6E4-A29A3C66BC8E
2025-12-10 09:06:38.746 RedLemon[5366:46100] 📞 Realtime: Invoking syncCallback for message type: play
2025-12-10 09:06:38.746 RedLemon[5366:46100] ✅ Realtime: syncCallback invoked successfully
2025-12-10 09:06:38.746 RedLemon[5366:45177] 🔍 DEBUG: Received sync message - type: play, sender: 96E01CDB-36C0-4228-A6E4-A29A3C66BC8E
2025-12-10 09:06:40.733 RedLemon[5366:46382] 📨 Realtime: Received broadcast message
2025-12-10 09:06:40.734 RedLemon[5366:46382]    Payload keys: type, isPlaying, position, senderId, timestamp
2025-12-10 09:06:40.734 RedLemon[5366:46382] ✅ Realtime: Decoded message type: playbackState, sender: EE5K
2025-12-10 09:06:40.734 RedLemon[5366:46382] 📞 Realtime: Invoking syncCallback for message type: playbackState
2025-12-10 09:06:40.734 RedLemon[5366:46382] ✅ Realtime: syncCallback invoked successfully
2025-12-10 09:06:40.751 RedLemon[5366:45177] 🔍 DEBUG: Received sync message - type: playbackState, sender: EE5K
2025-12-10 09:06:43.425 RedLemon[5366:46382] 📨 Realtime: Received broadcast message
2025-12-10 09:06:43.425 RedLemon[5366:46382]    Payload keys: position, isPlaying, timestamp, type, senderId
2025-12-10 09:06:43.426 RedLemon[5366:46382] ✅ Realtime: Decoded message type: playbackState, sender: EE5K
2025-12-10 09:06:43.426 RedLemon[5366:46382] 📞 Realtime: Invoking syncCallback for message type: playbackState
2025-12-10 09:06:43.426 RedLemon[5366:46382] ✅ Realtime: syncCallback invoked successfully
2025-12-10 09:06:43.472 RedLemon[5366:45177] 🔍 DEBUG: Received sync message - type: playbackState, sender: EE5K
2025-12-10 09:06:43.794 RedLemon[5366:45177] ✅ Exit button triggered! x=124 <= 342, y=586 >= 576
2025-12-10 09:06:43.811 RedLemon[5366:45177] ✅ Exit button triggered! x=114 <= 342, y=606 >= 576
2025-12-10 09:06:43.815 RedLemon[5366:45177] ✅ Exit button triggered! x=110 <= 342, y=614 >= 576
2025-12-10 09:06:43.821 RedLemon[5366:45177] ✅ Exit button triggered! x=107 <= 342, y=622 >= 576
2025-12-10 09:06:43.837 RedLemon[5366:45177] ✅ Exit button triggered! x=104 <= 342, y=628 >= 576
2025-12-10 09:06:43.838 RedLemon[5366:45177] ✅ Exit button triggered! x=98 <= 342, y=641 >= 576
2025-12-10 09:06:43.920 RedLemon[5366:45177] ✅ Exit button triggered! x=88 <= 342, y=667 >= 576
2025-12-10 09:06:44.129 RedLemon[5366:45177] ✅ Exit button triggered! x=177 <= 342, y=616 >= 576
2025-12-10 09:06:44.839 RedLemon[5366:45177] 👥 MPVPlayer: Updated participants list via polling: 2
2025-12-10 09:06:45.259 RedLemon[5366:45266] 📨 Realtime: Received broadcast message
2025-12-10 09:06:45.259 RedLemon[5366:45266]    Payload keys: position, senderId, type, isPlaying, timestamp
2025-12-10 09:06:45.260 RedLemon[5366:45266] ✅ Realtime: Decoded message type: playbackState, sender: EE5K
2025-12-10 09:06:45.260 RedLemon[5366:45266] 📞 Realtime: Invoking syncCallback for message type: playbackState
2025-12-10 09:06:45.260 RedLemon[5366:45266] ✅ Realtime: syncCallback invoked successfully
2025-12-10 09:06:45.296 RedLemon[5366:45177] 🔍 DEBUG: Received sync message - type: playbackState, sender: EE5K
2025-12-10 09:06:46.385 RedLemon[5366:45177] 🖱️ Mouse: x=849/1366 y=0/768 | Exit: 0 Controls: 1 Chat: 0
2025-12-10 09:06:46.691 RedLemon[5366:46382] 📨 Realtime: Received broadcast message
2025-12-10 09:06:46.692 RedLemon[5366:46382]    Payload keys: senderId, timestamp, type, isPlaying, position
2025-12-10 09:06:46.693 RedLemon[5366:46382] ✅ Realtime: Decoded message type: playbackState, sender: EE5K
2025-12-10 09:06:46.693 RedLemon[5366:46382] 📞 Realtime: Invoking syncCallback for message type: playbackState
2025-12-10 09:06:46.693 RedLemon[5366:46382] ✅ Realtime: syncCallback invoked successfully
2025-12-10 09:06:46.717 RedLemon[5366:45177] 🔍 DEBUG: Received sync message - type: playbackState, sender: EE5K
2025-12-10 09:06:48.667 RedLemon[5366:46100] 📨 Realtime: Received broadcast message
2025-12-10 09:06:48.667 RedLemon[5366:46100]    Payload keys: position, isPlaying, type, senderId, timestamp
2025-12-10 09:06:48.668 RedLemon[5366:46100] ✅ Realtime: Decoded message type: playbackState, sender: EE5K
2025-12-10 09:06:48.668 RedLemon[5366:46100] 📞 Realtime: Invoking syncCallback for message type: playbackState
2025-12-10 09:06:48.668 RedLemon[5366:46100] ✅ Realtime: syncCallback invoked successfully
2025-12-10 09:06:48.671 RedLemon[5366:45177] 🔍 DEBUG: Received sync message - type: playbackState, sender: EE5K
2025-12-10 09:06:50.997 RedLemon[5366:46099] 📨 Realtime: Received broadcast message
2025-12-10 09:06:50.997 RedLemon[5366:46099]    Payload keys: isPlaying, position, timestamp, type, senderId
2025-12-10 09:06:50.997 RedLemon[5366:46099] ✅ Realtime: Decoded message type: playbackState, sender: EE5K
2025-12-10 09:06:50.997 RedLemon[5366:46099] 📞 Realtime: Invoking syncCallback for message type: playbackState
2025-12-10 09:06:50.998 RedLemon[5366:46099] ✅ Realtime: syncCallback invoked successfully
2025-12-10 09:06:51.053 RedLemon[5366:45177] 🔍 DEBUG: Received sync message - type: playbackState, sender: EE5K
2025-12-10 09:06:51.450 RedLemon[5366:45529] 📨 Realtime: Received broadcast message
2025-12-10 09:06:51.450 RedLemon[5366:45529]    Payload keys: timestamp, isPlaying, position, senderId, type
2025-12-10 09:06:51.450 RedLemon[5366:45529] ✅ Realtime: Decoded message type: returnToLobby, sender: 96E01CDB-36C0-4228-A6E4-A29A3C66BC8E
2025-12-10 09:06:51.450 RedLemon[5366:45529] 📞 Realtime: Invoking syncCallback for message type: returnToLobby
2025-12-10 09:06:51.451 RedLemon[5366:45529] ✅ Realtime: syncCallback invoked successfully
2025-12-10 09:06:51.473 RedLemon[5366:45177] 🔍 DEBUG: Received sync message - type: returnToLobby, sender: 96E01CDB-36C0-4228-A6E4-A29A3C66BC8E
2025-12-10 09:06:51.609 RedLemon[5366:45177] 🖥️ WindowManager: exitFullscreen() called
2025-12-10 09:06:51.610 RedLemon[5366:45177]    ✅ WindowManager: Toggling fullscreen OFF
2025-12-10 09:06:51.858 RedLemon[5366:45177] 🪟 WindowManager: restoreWindowSize() called - restoring to expanded size
2025-12-10 09:06:51.858 RedLemon[5366:45177]    📐 WindowManager: Restoring to expanded size: (0.0, 0.0, 1366.0, 743.0)
2025-12-10 09:06:52.025 RedLemon[5366:45177]    ✅ WindowManager: Window restored to expanded size
📄 Subtitle request: L3N1YnRpdGxlLzM0MTkz... (offset: 0ms)
📥 Downloading subtitle from SubDL CDN: /subtitle/3419342-8342854.zip
🎯 IMMEDIATE RESUME: Seeking to 148s without delay
✅ Download complete: 33138 bytes
📦 Detected ZIP archive, extracting...
🗑️ MPVViewLayer deinit
⚠️ No specific episode match found, using first file: Smile.2.2024.1080p.AMZN.WEB-DL.DDP5.1.Atmos.H.264.srt
✅ Extraction successful
✅ Subtitle downloaded and converted to VTT
💓 Heartbeat sent
📨 Received: {"ref":"26","event":"phx_reply","payload":{"status":"ok","response":{}},"topic":"phoenix"}
⚠️ Video duration not available yet (0.0s), retrying...
🎬 DisplayLink: reportSwap() (throttled)
📨 Received: {"ref":null,"event":"broadcast","payload":{"event":"sync","payload":{"isPlaying":true,"position":0,"senderId":"EE5K","timestamp":22.980999999999998,"type":"playbackState"},"type":"broadcast"},"topic":"realtime:watch-party:EE5K"}
🔄 Large drift (23.2s) - seeking to 24.4s (host at 23.2s + 1.2s offset)
▶️ Sync: Resuming playback to match Host
🎯 IMMEDIATE RESUME: Seeking to 148s without delay
[MPV] (+) Video --vid=1 (*) '' (h264 1920x960 23.976fps)
[MPV] (+) Audio --aid=1 --alang=en (*) 'E-AC-3 5.1' (eac3 6ch 48000Hz)
[MPV] (+) Subs  --sid=1 --slang=en 'Smile.2.2024.720p.WEBRip.x264.AAC5.1-[YTS.MX]' (webvtt) (external)
[MPV] Subs  --sid=2 --slang=en 'Smile.2.2024.1080p.AMZN.WEB-DL.DDP5.1.Atmos.H.264 (SDH)' (webvtt) (external)
[MPV] Subs  --sid=3 --slang=en 'Smile.2.2024.1080p.AMZN.WEB-DL.DDP5.1.Atmos.H.264' (webvtt) (external)
[MPV] Subs  --sid=4 --slang=en 'English [SRT]' (subrip)
[MPV] Subs  --sid=5 --slang=en 'English [SDH]' (hdmv_pgs_subtitle)
[MPV] Subs  --sid=6 --slang=zh 'Chinese' (hdmv_pgs_subtitle)
[MPV] Subs  --sid=7 --slang=de 'German' (hdmv_pgs_subtitle)
[MPV] Subs  --sid=8 --slang=es 'Spanish' (hdmv_pgs_subtitle)
[MPV] Subs  --sid=9 --slang=fr 'French' (hdmv_pgs_subtitle)
[MPV] Subs  --sid=10 --slang=it 'Italian' (hdmv_pgs_subtitle)
[MPV] Subs  --sid=11 --slang=ja 'Japanese' (hdmv_pgs_subtitle)
[MPV] File tags:
[MPV] Title:
 MPV Event: 18
 MPV Event: 18
🔍 AUDIO AUTO-SELECT: Starting smart audio track scan
🎬 MPV: Frame ready! Calling layer.update() (throttled)
🔍 Track 1: E-AC-3 5.1 | 6ch | English: true | Commentary: false -> Score: 1065
🏆 Selected best audio track: E-AC-3 5.1 (ID: 1, Score: 1065)
🔍 AUTO-SELECT: Starting subtitle scan during FILE_LOADED event
🔍 AUTO-SELECT: Found 13 total tracks
🔍 AUTO-SELECT: Track 0 - ID: 1, lang: 'en', title: 'Smile.2.2024.720p.WEBRip.x264.AAC5.1-[YTS.MX]', forced: false, default: false
🔍 AUTO-SELECT: Track 1 - ID: 2, lang: 'en', title: 'Smile.2.2024.1080p.AMZN.WEB-DL.DDP5.1.Atmos.H.264 (SDH)', forced: false, default: false
🔍 AUTO-SELECT: Track 2 - ID: 3, lang: 'en', title: 'Smile.2.2024.1080p.AMZN.WEB-DL.DDP5.1.Atmos.H.264', forced: false, default: false
🔍 AUTO-SELECT: Track 5 - ID: 4, lang: 'en', title: 'English [SRT]', forced: false, default: false
🔍 AUTO-SELECT: Track 6 - ID: 5, lang: 'en', title: 'English [SDH]', forced: false, default: false
🔍 AUTO-SELECT: Track 7 - ID: 6, lang: 'zh', title: 'Chinese', forced: false, default: false
🔍 AUTO-SELECT: Track 8 - ID: 7, lang: 'de', title: 'German', forced: false, default: false
🔍 AUTO-SELECT: Track 9 - ID: 8, lang: 'es', title: 'Spanish', forced: false, default: false
🔍 AUTO-SELECT: Track 10 - ID: 9, lang: 'fr', title: 'French', forced: false, default: false
🔍 AUTO-SELECT: Track 11 - ID: 10, lang: 'it', title: 'Italian', forced: false, default: false
🔍 AUTO-SELECT: Track 12 - ID: 11, lang: 'ja', title: 'Japanese', forced: false, default: false
✅ Auto-selecting BEST English subtitle: English [SDH] (ID: 5) [External: false, Forced: false, Default: false]
 MPV Event: 18
 MPV Event: 17
 MPV Event: 17
✅ MPVPlayerViewModel: Enhancing UI - Buffering finished (hide spinner)
🎬 canDraw() = true (forceDraw:false, hasFrame:true) (throttled)
🎬 draw() - Rendering frame! (throttled)
📨 Received: {"ref":null,"event":"broadcast","payload":{"event":"sync","payload":{"isPlaying":false,"position":0,"senderId":"656DAA91-33B4-4688-9135-C982EA52D7C9","timestamp":1765375597.3584142,"type":"ready"},"type":"broadcast"},"topic":"realtime:watch-party:EE5K"}
[MPV] Using hardware decoding (videotoolbox).
🎯 Executing immediate seek to 148s...
[MPV] AO: [coreaudio] 48000Hz stereo 2ch floatp
[MPV] VO: [libmpv] 1920x960 videotoolbox[nv12]
[MPV] Track switched:
[MPV] (+) Video --vid=1 (*) '' (h264 [High] 1920x960 23.976fps)
[MPV] (+) Audio --aid=1 --alang=en (*) 'E-AC-3 5.1' (eac3 6ch 48000Hz)
[MPV] (+) Subs  --sid=1 --slang=en 'Smile.2.2024.720p.WEBRip.x264.AAC5.1-[YTS.MX]' (webvtt) (external)
[MPV] Subs  --sid=2 --slang=en 'Smile.2.2024.1080p.AMZN.WEB-DL.DDP5.1.Atmos.H.264 (SDH)' (webvtt) (external)
[MPV] Subs  --sid=3 --slang=en 'Smile.2.2024.1080p.AMZN.WEB-DL.DDP5.1.Atmos.H.264' (webvtt) (external)
[MPV] Subs  --sid=4 --slang=en 'English [SRT]' (subrip)
[MPV] Subs  --sid=5 --slang=en 'English [SDH]' (hdmv_pgs_subtitle)
[MPV] Subs  --sid=6 --slang=zh 'Chinese' (hdmv_pgs_subtitle)
[MPV] Subs  --sid=7 --slang=de 'German' (hdmv_pgs_subtitle)
[MPV] Subs  --sid=8 --slang=es 'Spanish' (hdmv_pgs_subtitle)
[MPV] Subs  --sid=9 --slang=fr 'French' (hdmv_pgs_subtitle)
[MPV] Subs  --sid=10 --slang=it 'Italian' (hdmv_pgs_subtitle)
[MPV] Subs  --sid=11 --slang=ja 'Japanese' (hdmv_pgs_subtitle)
[MPV] Track switched:
[MPV] (+) Video --vid=1 (*) '' (h264 [High] 1920x960 23.976fps)
[MPV] (+) Audio --aid=1 --alang=en (*) 'E-AC-3 5.1' (eac3 6ch 48000Hz)
[MPV] Subs  --sid=1 --slang=en 'Smile.2.2024.720p.WEBRip.x264.AAC5.1-[YTS.MX]' (webvtt) (external)
[MPV] Subs  --sid=2 --slang=en 'Smile.2.2024.1080p.AMZN.WEB-DL.DDP5.1.Atmos.H.264 (SDH)' (webvtt) (external)
[MPV] Subs  --sid=3 --slang=en 'Smile.2.2024.1080p.AMZN.WEB-DL.DDP5.1.Atmos.H.264' (webvtt) (external)
[MPV] Subs  --sid=4 --slang=en 'English [SRT]' (subrip)
[MPV] (+) Subs  --sid=5 --slang=en 'English [SDH]' (hdmv_pgs_subtitle)
[MPV] Subs  --sid=6 --slang=zh 'Chinese' (hdmv_pgs_subtitle)
[MPV] Subs  --sid=7 --slang=de 'German' (hdmv_pgs_subtitle)
[MPV] Subs  --sid=8 --slang=es 'Spanish' (hdmv_pgs_subtitle)
[MPV] Subs  --sid=9 --slang=fr 'French' (hdmv_pgs_subtitle)
 MPV Event: 20
[MPV] Subs  --sid=10 --slang=it 'Italian' (hdmv_pgs_subtitle)
[MPV] Subs  --sid=11 --slang=ja 'Japanese' (hdmv_pgs_subtitle)
🎬 DisplayLink: reportSwap() (throttled)
🛡️ Lobby: Auto-Join safety delay passed (8s). Enabled for late joiners.
🎬 Layer.update() called - forceDraw:false needsFlip:true (throttled)
✅ Resumed playback after seek to 148s
🎬 DisplayLink: reportSwap() (throttled)
📨 Received: {"ref":null,"event":"broadcast","payload":{"event":"sync","payload":{"isPlaying":true,"position":0,"senderId":"EE5K","timestamp":25.025,"type":"playbackState"},"type":"broadcast"},"topic":"realtime:watch-party:EE5K"}
🔄 Large drift (122.6s) - seeking to 26.6s (host at 25.4s + 1.2s offset)
 MPV Event: 20
📨 Received: {"ref":null,"event":"broadcast","payload":{"event":"sync","payload":{"isPlaying":true,"position":25.025,"senderId":"96E01CDB-36C0-4228-A6E4-A29A3C66BC8E","timestamp":1765375598.563606,"type":"play"},"type":"broadcast"},"topic":"realtime:watch-party:EE5K"}
🎬 DisplayLink: reportSwap() (throttled)
🎬 MPV: Frame ready! Calling layer.update() (throttled)
✅ MPVPlayerViewModel: Enhancing UI - Buffering finished (hide spinner)
🎬 DisplayLink: reportSwap() (throttled)
🎬 Layer.update() called - forceDraw:false needsFlip:true (throttled)
📨 Received: {"ref":null,"event":"broadcast","payload":{"event":"sync","payload":{"isPlaying":true,"position":0,"senderId":"EE5K","timestamp":26.817999999999998,"type":"playbackState"},"type":"broadcast"},"topic":"realtime:watch-party:EE5K"}
⚡ Gentle speed sync: 1.01x to fix 407ms drift
⚡ Playback speed adjusted to 1.01x for sync
🎬 DisplayLink: reportSwap() (throttled)
🎬 MPV: Frame ready! Calling layer.update() (throttled)
🎬 canDraw() = true (forceDraw:false, hasFrame:true) (throttled)
🎬 draw() - Rendering frame! (throttled)
🎬 DisplayLink: reportSwap() (throttled)
📨 Received: {"ref":null,"event":"broadcast","payload":{"event":"sync","payload":{"isPlaying":true,"position":0,"senderId":"EE5K","timestamp":28.862,"type":"playbackState"},"type":"broadcast"},"topic":"realtime:watch-party:EE5K"}
🎬 DisplayLink: reportSwap() (throttled)
🎬 Layer.update() called - forceDraw:false needsFlip:true (throttled)
🎬 MPV: Frame ready! Calling layer.update() (throttled)
🎬 DisplayLink: reportSwap() (throttled)
👋 Participant left (confirmed): 6cbda0b4-d5d1-11f0-9c5e-0a58a9feac02
📨 Received: {"ref":null,"event":"broadcast","payload":{"event":"sync","payload":{"isPlaying":true,"position":0,"senderId":"EE5K","timestamp":30.906,"type":"playbackState"},"type":"broadcast"},"topic":"realtime:watch-party:EE5K"}
🎬 DisplayLink: reportSwap() (throttled)
🎬 MPV: Frame ready! Calling layer.update() (throttled)
🎬 DisplayLink: reportSwap() (throttled)
🎬 Layer.update() called - forceDraw:false needsFlip:true (throttled)
📨 Received: {"ref":null,"event":"broadcast","payload":{"event":"sync","payload":{"isPlaying":true,"position":0,"senderId":"EE5K","timestamp":32.908,"type":"playbackState"},"type":"broadcast"},"topic":"realtime:watch-party:EE5K"}
⚡ Ultra-gentle sync: 1.005x to fix 205ms drift
⚡ Playback speed adjusted to 1.00x for sync
🎬 canDraw() = true (forceDraw:false, hasFrame:true) (throttled)
🎬 draw() - Rendering frame! (throttled)
🎬 DisplayLink: reportSwap() (throttled)
🎬 MPV: Frame ready! Calling layer.update() (throttled)
🎬 DisplayLink: reportSwap() (throttled)
📨 Received: {"ref":null,"event":"broadcast","payload":{"event":"sync","payload":{"isPlaying":true,"position":0,"senderId":"EE5K","timestamp":34.952,"type":"playbackState"},"type":"broadcast"},"topic":"realtime:watch-party:EE5K"}
⚡ Ultra-gentle sync: 1.005x to fix 289ms drift
⚡ Playback speed adjusted to 1.00x for sync
🎬 DisplayLink: reportSwap() (throttled)
🎬 Layer.update() called - forceDraw:false needsFlip:true (throttled)
🎬 MPV: Frame ready! Calling layer.update() (throttled)
🎬 DisplayLink: reportSwap() (throttled)
📨 Received: {"ref":null,"event":"broadcast","payload":{"event":"sync","payload":{"isPlaying":true,"position":0,"senderId":"EE5K","timestamp":37.037,"type":"playbackState"},"type":"broadcast"},"topic":"realtime:watch-party:EE5K"}
⚡ Ultra-gentle sync: 1.005x to fix 283ms drift
⚡ Playback speed adjusted to 1.00x for sync
📨 Received: {"ref":null,"event":"broadcast","payload":{"event":"sync","payload":{"isPlaying":false,"position":0,"senderId":"96E01CDB-36C0-4228-A6E4-A29A3C66BC8E","timestamp":1765375611.3288121,"type":"returnToLobby"},"type":"broadcast"},"topic":"realtime:watch-party:EE5K"}
🏠 Received Return to Lobby signal from Host
🧹 Cleaning up MPV player...
📡 SocialService: Updated status - Watching: Nothing
🗑️ Invalidated all active timers
🧹 Cleaning up Realtime channel for room: EE5K
🔄 Untracking presence...
✅ Presence untracked
🔄 Leaving channel...
✅ Channel left
ℹ️ Keeping WebSocket connected (disconnectClient=false)
✅ Realtime channel cleanup complete
📨 Received: {"ref":"11","event":"phx_reply","payload":{"status":"ok","response":{}},"topic":"realtime:global-presence"}
📨 Received: {"ref":null,"event":"presence_diff","payload":{"joins":{"23a6b1fe-d5d1-11f0-a7b8-0a58a9feac02":{"metas":[{"phx_ref":"GH_fw-6TpPbrPx4Q","phx_ref_prev":"GH_fv_rFNrTrP6eF","last_seen":"2025-12-10T14:06:51Z","status":"online","user_id":"656DAA91-33B4-4688-9135-C982EA52D7C9","username":"ursinho"}]}},"leaves":{"23a6b1fe-d5d1-11f0-a7b8-0a58a9feac02":{"metas":[{"phx_ref":"GH_fv_rFNrTrP6eF","phx_ref_prev":"GH_fvPUb8FTrP9GP","last_seen":"2025-12-10T14:06:34Z","room_id":"EE5K","started_at":"2025-12-10T14:06:34Z","status":"online","user_id":"656DAA91-33B4-4688-9135-C982EA52D7C9","username":"ursinho","watching_id":"tt29268110","watching_title":"Smile 2","watching_type":"movie"}]}}},"topic":"realtime:global-presence"}
✅ Realtime manager channel left (client connection preserved)
🛑 Stopping MPV playback...
🛑 Stopping MPV playback...
❌ RedLemon: NOT showing MPVPlayerView
   isResolvingStream: false
   streamError: nil
   selectedStream: NIL
🎬 DisplayLink: reportSwap() (throttled)
🎬 Stopping CVDisplayLink...
🎬 CVDisplayLink stopped and released
🎬 MPVViewLayer uniniting...
🧹 Freeing render context on OpenGL thread...
📨 Received: {"ref":"28","event":"phx_reply","payload":{"status":"ok","response":{}},"topic":"realtime:watch-party:EE5K"}
📨 Received: {"ref":"29","event":"phx_reply","payload":{"status":"ok","response":{}},"topic":"realtime:watch-party:EE5K"}
📨 Received: {"ref":null,"event":"phx_close","payload":{},"topic":"realtime:watch-party:EE5K"}
📨 Unknown event: phx_close
✅ MPV stop completed with clean event loop exit
🎬 MPVViewLayer cleanup complete
📝 Stopped watch history tracking
⏱️ Invalidating all active timers
✅ Player exited (Room state preserved)
🎬 MPVLayerHostView deinit
🛑 Event polling task cancelled cleanly
⚠️ Cleanup already performed, skipping
❌ RedLemon: NOT showing MPVPlayerView
   isResolvingStream: false
   streamError: nil
   selectedStream: NIL
🎭 Lobby: Connecting to room EE5K...
📨 Received: {"ref":null,"event":"presence_diff","payload":{"joins":{"07787576-d5d1-11f0-8a41-0a58a9feac02":{"metas":[{"phx_ref":"GH_fw_4NEJRvnYyB","phx_ref_prev":"GH_fue9IT9JvnRWH","last_seen":"2025-12-10T14:06:51Z","status":"online","user_id":"96E01CDB-36C0-4228-A6E4-A29A3C66BC8E","username":"lemontom"}]}},"leaves":{"07787576-d5d1-11f0-8a41-0a58a9feac02":{"metas":[{"phx_ref":"GH_fue9IT9JvnRWH","phx_ref_prev":"GH_fsf0sXRdvnc5M","last_seen":"2025-12-10T14:06:08Z","room_id":"EE5K","started_at":"2025-12-10T14:06:08Z","status":"online","user_id":"96E01CDB-36C0-4228-A6E4-A29A3C66BC8E","username":"lemontom","watching_id":"tt29268110","watching_title":"Smile 2","watching_type":"movie"}]}}},"topic":"realtime:global-presence"}
🔄 Lobby: Fetching fresh room state from Supabase...
🔌 Setting up Realtime channel: watch-party:EE5K
   Role: Guest
   User ID: 656DAA91-33B4-4688-9135-C982EA52D7C9
📡 Connection state: connecting
📡 Joined channel: realtime:watch-party:EE5K
📡 Connection state: connected
✅ Realtime channel setup complete
[ INFO ] GET /api/metadata/meta/movie/tt29268110 [request-id: 2616D80C-237D-4057-9B75-25ED17EA4C9C]
2025-12-10 09:06:52.237 RedLemon[5366:46099] ⚠️ SupabaseClient: User already in room (409), proceeding...
2025-12-10 09:06:52.237 RedLemon[5366:45177] ✅ Guest joined room EE5K in database
2025-12-10 09:06:52.426 RedLemon[5366:46382] 📤 Realtime: Sending message type: chat, sender: 656DAA91-33B4-4688-9135-C982EA52D7C9
2025-12-10 09:06:52.427 RedLemon[5366:46382]    Payload keys: timestamp, senderId, chatUsername, chatText, position, type
2025-12-10 09:06:52.428 RedLemon[5366:45266] ✅ Realtime: Message broadcast complete
2025-12-10 09:06:52.469 RedLemon[5366:46099] 📨 Realtime: Received broadcast message
2025-12-10 09:06:52.469 RedLemon[5366:46099]    Payload keys: chatUsername, chatText, position, timestamp, type, senderId
2025-12-10 09:06:52.469 RedLemon[5366:46099] ✅ Realtime: Decoded message type: chat, sender: 656DAA91-33B4-4688-9135-C982EA52D7C9
2025-12-10 09:06:52.469 RedLemon[5366:46099] 📞 Realtime: Invoking syncCallback for message type: chat
2025-12-10 09:06:52.469 RedLemon[5366:46099] ✅ Realtime: syncCallback invoked successfully
2025-12-10 09:06:52.482 RedLemon[5366:45177] 👋 Received: Guest 'ursinho' joined room EE5K
2025-12-10 09:06:52.687 RedLemon[5366:45177] 🔍 Current guest participant found in polling: ursinho with ID 656DAA91-33B4-4688-9135-C982EA52D7C9
2025-12-10 09:06:52.688 RedLemon[5366:45177] 👋 lemontom left room
2025-12-10 09:06:52.688 RedLemon[5366:45177] 👋 ursinho left room
2025-12-10 09:06:53.851 RedLemon[5366:45177]    Quality: 1080p
2025-12-10 09:06:53.851 RedLemon[5366:45177]    Mode: watchParty
2025-12-10 09:06:53.851 RedLemon[5366:45177] 📡 Fetching metadata for tt29268110...
2025-12-10 09:06:53.936 RedLemon[5366:45177] 🖼️ Loading background art: https://images.metahub.space/background/medium/tt29268110/img
2025-12-10 09:06:53.937 RedLemon[5366:45177] ⏳ Background art loading...
2025-12-10 09:06:53.937 RedLemon[5366:45177] 🎨 Loading logo: https://images.metahub.space/logo/medium/tt29268110/img
2025-12-10 09:06:53.937 RedLemon[5366:45177] ⏳ Logo loading...
2025-12-10 09:06:53.985 RedLemon[5366:45177] ✅ Logo loaded successfully
2025-12-10 09:06:53.987 RedLemon[5366:46382] ✅ StreamService: Using provided metadata: Smile 2
2025-12-10 09:06:53.987 RedLemon[5366:45177] ⚠️ Lobby: Failed to poll participants: Error Domain=NSURLErrorDomain Code=-999 "cancelled" UserInfo={NSErrorFailingURLStringKey=https://nhvsojszwfvcinkyvzmf.supabase.co/rest/v1/room_participants?select=*&room_id=eq.EE5K, NSErrorFailingURLKey=https://nhvsojszwfvcinkyvzmf.supabase.co/rest/v1/room_participants?select=*&room_id=eq.EE5K, _NSURLErrorRelatedURLSessionTaskErrorKey=(
    "LocalDataTask <3A64E3A2-9E4A-41D0-92EC-BB93DA0411D7>.<191>"
), _NSURLErrorFailingURLSessionTaskErrorKey=LocalDataTask <3A64E3A2-9E4A-41D0-92EC-BB93DA0411D7>.<191>, NSLocalizedDescription=cancelled}
2025-12-10 09:06:53.987 RedLemon[5366:46382] ⚡️ StreamService: Resolving streams via StreamResolver (Bypassing HTTP)...
2025-12-10 09:06:53.987 RedLemon[5366:46382] ⚡️ StreamResolver: Resolving streams for tt29268110 (S0E0)
2025-12-10 09:06:53.987 RedLemon[5366:46382]    📅 Filtering by year: 2024
2025-12-10 09:06:53.987 RedLemon[5366:46382] 🔍 ProviderManager: Fetching streams for tt29268110...
2025-12-10 09:06:53.987 RedLemon[5366:46382] 🔍 Zilean: Searching for "Smile 2"
2025-12-10 09:06:53.987 RedLemon[5366:45529] 🎬 Torrentio: Building URL for movie (no season/episode)
2025-12-10 09:06:53.987 RedLemon[5366:45529] 🔗 Torrentio URL: https://torrentio.strem.fun/realdebrid/stream/movie/tt29268110.json
2025-12-10 09:06:53.987 RedLemon[5366:45529] 🔍 Torrentio: Fetching https://torrentio.strem.fun/realdebrid/stream/movie/tt29268110.json
2025-12-10 09:06:54.021 RedLemon[5366:46382] ✅ Zilean: Got 121 results
2025-12-10 09:06:54.021 RedLemon[5366:46382] 🔍 Zilean: Filtered to 121 streams
2025-12-10 09:06:54.031 RedLemon[5366:45177] ✅ Background art loaded successfully
2025-12-10 09:06:54.180 RedLemon[5366:46382] ✅ ProviderManager: Fetched 182 raw, returning 154 unique streams
2025-12-10 09:06:54.180 RedLemon[5366:46382] 📦 StreamResolver: Received 154 raw streams, bucketing...
✅ Lobby: Connected to Realtime
📨 Received: {"ref":"3F8A7BDD-E303-491E-AD1D-94AAC6886B0F","event":"phx_reply","payload":{"status":"ok","response":{"postgres_changes":[]}},"topic":"realtime:watch-party:EE5K"}
📨 Received: {"ref":null,"event":"presence_state","payload":{"4bfe58fa-d5d1-11f0-b3b6-0a58a9feac02":{"metas":[{"phx_ref":"GH_fuevOqUOAHXsP","phx_ref_prev":"GH_fsi2wZPuAHTtG","is_host":true,"joined_at":1765375568.4528441,"user_id":"96E01CDB-36C0-4228-A6E4-A29A3C66BC8E","username":"lemontom"}]}},"topic":"realtime:watch-party:EE5K"}
📨 Received: {"ref":"30","event":"phx_reply","payload":{"status":"ok","response":{}},"topic":"realtime:watch-party:EE5K"}
📨 Received: {"ref":null,"event":"presence_diff","payload":{"joins":{"7a1b068e-d5d1-11f0-8b2a-0a58a9feac02":{"metas":[{"phx_ref":"GH_fxBQlnF4_lHSB","is_host":false,"joined_at":1765375612.1548991,"user_id":"656DAA91-33B4-4688-9135-C982EA52D7C9","username":"ursinho"}]}},"leaves":{}},"topic":"realtime:watch-party:EE5K"}
🔍 [DEBUG] Creating MediaItem from CinemetaMeta
🔍 [DEBUG] meta.itemId: tt29268110
🔍 [DEBUG] meta.type: movie
🔍 [DEBUG] meta.name: Smile 2
🔍 [DEBUG] Successfully created MediaItem from meta: Smile 2
🔍 Supabase Response for /rooms: [{"id":"EE5K","name":"Smile 2","host_user_id":"96e01cdb-36c0-4228-a6e4-a29a3c66bc8e","host_username":"lemontom","stream_hash":"1c420cfd388af739b8667055153dc1f8e47651cb","imdb_id":"tt29268110","poster_url":"https://images.metahub.space/poster/small/tt29268110/img","backdrop_url":"https://images.metahub.space/background/medium/tt29268110/img","playback_position":0,"is_playing":true,"participants_count":2,"max_participants":50,"is_public":true,"created_at":"2025-12-10T14:04:11.727338","last_activity":"2025-12-10T14:06:05","season":null,"episode":null,"selected_quality":"1080p","selected_file_idx":null,"unlocked_stream_url":"https://chi9-4.download.real-debrid.com/d/CLZEO5ETE5MHW43/Smile.2.2024.BluRay.1080p.DDP.5.1.x264-hallowed.mkv","description":"Horror Marathon","current_playlist_index":1,"playlist":[{"id": "DA95C778-AD6E-4493-9E4D-D93ECEC8E6A6", "mediaItem": {"id": "tt1148204", "logo": "https://images.metahub.space/logo/medium/tt1148204/img", "name": "Orphan", "type": "movie", "year": "2009", "genres": ["Horror", "Mystery", "Thriller"], "poster": "https://images.metahub.space/poster/small/tt1148204/img", "runtime": "122 min", "background": "https://images.metahub.space/background/medium/tt1148204/img", "imdbRating": "7.0", "description": "A husband and wife who recently lost their baby adopt a 9-year-old girl who is not nearly as innocent as she appears.", "releaseInfo": "2009"}}, {"id": "CDDF53C4-11C0-4F7E-8A74-98349571032F", "mediaItem": {"id": "tt29268110", "name": "Smile 2", "type": "movie", "poster": "https://m.media-amazon.com/images/M/MV5BYTg5OTMyMGMtYzMwNC00NDMyLWE0OGUtMTQ1ODcwM2FjOTM4XkEyXkFqcGc@._V1_SX250.jpg"}}]}]
❌ Supabase error (409): {"code":"23505","details":null,"hint":null,"message":"duplicate key value violates unique constraint \"room_participants_pkey\""}
▶️ Room already playing - auto-starting playback
🤖 Lobby: Checking auto-start for system event
   Room ID: EE5K
   Room createdAt: 2025-12-10 14:04:11 +0000
   Current time: 2025-12-10 14:06:52 +0000
   Time until start: -160.511088013649s
🤖 Lobby: Auto-starting system event now
   Elapsed time: 160.511088013649s
   Media item: Smile 2
   Set eventStartTime to: 2025-12-10 14:04:11 +0000
   Current elapsed would be: 160.511088013649s (will recalculate on video ready)
✅ Lobby: Loaded metadata for Smile 2
✅ Lobby: Synced playlist with 2 items
✅ Lobby: Synced playlist index to 1
🔌 Setting up Realtime channel: watch-party:EE5K
   Role: Guest
   User ID: 656DAA91-33B4-4688-9135-C982EA52D7C9
📡 Connection state: connecting
ℹ️ Already joined channel watch-party:EE5K, skipping join
📡 Connection state: connected
✅ Realtime channel setup complete
✅ Lobby: Connected to Realtime
🔄 Lobby: Starting database polling for participants and room state...
💓 Lobby: Starting heartbeat loop...
📨 Received: {"ref":"31","event":"phx_reply","payload":{"status":"ok","response":{}},"topic":"realtime:watch-party:EE5K"}
📨 Received: {"ref":null,"event":"presence_diff","payload":{"joins":{"7a1b068e-d5d1-11f0-8b2a-0a58a9feac02":{"metas":[{"phx_ref":"GH_fxCRZ0pk_lMBO","phx_ref_prev":"GH_fxBQlnF4_lHSB","is_host":false,"joined_at":1765375612.418943,"user_id":"656DAA91-33B4-4688-9135-C982EA52D7C9","username":"ursinho"}]}},"leaves":{"7a1b068e-d5d1-11f0-8b2a-0a58a9feac02":{"metas":[{"phx_ref":"GH_fxBQlnF4_lHSB","is_host":false,"joined_at":1765375612.1548991,"user_id":"656DAA91-33B4-4688-9135-C982EA52D7C9","username":"ursinho"}]}}},"topic":"realtime:watch-party:EE5K"}
📨 Received: {"ref":null,"event":"broadcast","payload":{"event":"sync","payload":{"chatText":"LOBBY_JOIN","chatUsername":"ursinho","position":0,"senderId":"656DAA91-33B4-4688-9135-C982EA52D7C9","timestamp":0,"type":"chat"},"type":"broadcast"},"topic":"realtime:watch-party:EE5K"}
🗑️ MPVPlayerViewModel deinit
🗑️ MPVWrapper deinit - cleaning up...
✅ MPVWrapper cleanup complete
🗑️ Terminating MPV instance (background)...
✅ MPV instance destroyed
📨 Received: {"ref":null,"event":"presence_diff","payload":{"joins":{},"leaves":{"4bfe58fa-d5d1-11f0-b3b6-0a58a9feac02":{"metas":[{"phx_ref":"GH_fuevOqUOAHXsP","phx_ref_prev":"GH_fsi2wZPuAHTtG","is_host":true,"joined_at":1765375568.4528441,"user_id":"96E01CDB-36C0-4228-A6E4-A29A3C66BC8E","username":"lemontom"}]}}},"topic":"realtime:watch-party:EE5K"}
📨 Received: {"ref":null,"event":"presence_diff","payload":{"joins":{"7a544cfa-d5d1-11f0-b1e2-0a58a9feac02":{"metas":[{"phx_ref":"GH_fxCqc-WqAHW8F","is_host":true,"joined_at":1765375612.4556289,"user_id":"96E01CDB-36C0-4228-A6E4-A29A3C66BC8E","username":"lemontom"}]}},"leaves":{}},"topic":"realtime:watch-party:EE5K"}
🎬 Lobby: Calling playMedia for Smile 2
🛑 Lobby: Polling stopped (chat via Realtime only)
🎬 Starting playback for: Smile 2
✅ Cache HIT: Metadata[meta_movie_tt29268110]
🎬 StreamService: Starting resolution for: Smile 2
🎬 StreamService: Resolving movie - trusted pack filtering will be applied server-side
✅ Metadata cache hit for tt29268110: Smile 2
🔍 MediaFusion: Fetching https://mediafusion.elfhosted.com/stream/movie/tt29268110.json
🔍 Comet: Fetching https://comet.elfhosted.com/eyJkZWJyaWRTZXJ2aWNlIjoicmVhbGRlYnJpZCIsInJlbW92ZVRyYXNoIjp0cnVlLCJkZWJy...
✅ MediaFusion: Got 1 streams
✅ Comet: Got 10 streams
🔍 Comet: Parsing 10 streams...
✅ Comet: Parsed 10 valid streams
✅ Metadata cache hit for tt29268110: Smile 2
🎯 Target title for matching: Smile 2
   📅 Year filter (2024): 154 → 141 streams
   🚫 RESOLVER BLOCKING non-English audio: Smile.2.2024.German.DL.AC3.Dubbed.1080p.HC.WEB.Internal.READ.NFO.x264-FuckYouCMN
👤 8 💾 10.26 GB ⚙️ TorrentGalaxy
🇩🇪 (Audio)
   🚫 RESOLVER BLOCKING non-English audio: Smile.2.2024.Multi.Vf2.WEBRIP.mp4
👤 10 💾 1.2 GB ⚙️ Torrent9
Multi Audio / 🇫🇷 (Audio)
   🚫 RESOLVER BLOCKING non-English audio: Smile 2 2024 MULTI VFF 1080p Bluray x264 TrueHD Atmos-SUB mkv (Audio)
   🚫 RESOLVER BLOCKING non-English audio: Smile 2 2024 Multi Vf2 Hdr10 2160p Webrip X265-Neostark mkv (Audio)
   🚫 RESOLVER BLOCKING non-English audio: [ Torrent911 cz ] Smile 2 2024 MULTi VF2 1080p WEB H264-FW mkv (Audio)
   🚫 RESOLVER BLOCKING non-English audio: Smile 2 2024 MULTi FRENCH VF2 1080p WEB H265-FW mkv (Audio)
   🚫 RESOLVER BLOCKING non-English audio: Smile 2 2024 MULTi FRENCH VF2 1080p WEB H264-FW mkv (Audio)
   🚫 RESOLVER BLOCKING non-English audio: Smile 2 2024 MULTi FRENCH VF2 HDR 2160p WEB H265-FW mkv (Audio)
   🚫 RESOLVER BLOCKING non-English audio: Smile 2 2024 MULTi VF2 1080p WEB H265-FW mkv (Audio)
   🚫 RESOLVER BLOCKING non-English audio: Smile 2 2024 MULTi VF2 HDR 2160p WEB H265-FW mkv (Audio)
   🚫 RESOLVER BLOCKING non-English audio: Smile 2 2024 MULTi VF2 1080p WEB H264-FW mkv (Audio)
   🚫 RESOLVER BLOCKING non-English audio: Smile 2 2024 MULTI VF2 1080p 10bit WEBRip 6CH x265 HEVC-SERQPH mkv (Audio)
   🎵 RESOLVER FILTERED audio language: 141 → 129 streams
🔍 Searching SubDL: tt29268110 (movie)
✅ Found 6 subtitles from SubDL
📝 SubDL results for movie:
   [1] Smile.2.2024.1080p.AMZN.WEB-DL.DDP5.1.Atmos.H.264 (SDH) [EN] (score: 20)
   [2] Smile.2.2024.1080p.AMZN.WEB-DL.DDP5.1.Atmos.H.264 [EN] (score: 20)
   [3] Smile.2.2024.720p.WEBRip.x264.AAC5.1-[YTS.MX] [EN] (score: 13)
   [4] Smile.2.2024.1080p.WEBRip.x265.10bit.AAC5.1-[YTS.MX] [EN] (score: 13)
   [5] Smile 2 - US 4k - English - Hearing Impaired - UPC 191329261934 [EN] (score: 10)
   [6] Smile 2 - US 4k - English - UPC 191329261934 [EN] (score: 10)
   --- Processing Bucket: 2160p (Input: 55) ---
   🚫 RESOLVER DROP (2160p): Bad Pattern: Smile 2 2024 2160p USA UHD Blu-ray DV HDR HEVC TrueHD 7 1 Atmos-SILVEIRATeam iso
   ✅ Bucket 2160p Final Count: 54
   --- Processing Bucket: 1080p (Input: 58) ---
   🚫 RESOLVER DROP (1080p): Bad Pattern: Smile 2 2024 1080p TeleSync X264 - HushRips
👤 3 💾 1.98 GB ⚙️ 1337x
   🚫 RESOLVER DROP (1080p): Bad Pattern: Smile 2 2024 1080p TeleSync X264 COLLECTiVE mkv
   🚫 RESOLVER DROP (1080p): Bad Pattern: Smile 2 2024 1080p TeleSync X264 COLLECTiVE
   🚫 RESOLVER DROP (1080p): Bad Pattern: Smile 2 2024 V2 1080p TELESYNC x264 COLLECTiVE
   🚫 RESOLVER DROP (1080p): Bad Pattern: Smile 2 2024 1080p TeleSync X264 COLLECTiVE
   🚫 RESOLVER DROP (1080p): Bad Pattern: Smile 2 2024 V2 1080p TELESYNC x264 COLLECTiVE mkv
   ✅ Bucket 1080p Final Count: 52
   --- Processing Bucket: 720p (Input: 9) ---
   ✅ Bucket 720p Final Count: 9
   --- Processing Bucket: 480p (Input: 7) ---
   🚫 RESOLVER DROP (480p): Bad Pattern: Smile 2 2024 HDCAM c1nem4 x264-SUNSCREEN mkv
   ✅ Bucket 480p Final Count: 6
📦 2160p Primary: Smile 2 (2024) BluRay 2160p UHD DDP Atmos 7 1 DV HDR10+ 10Bit x265-ZAX mkv
📦 1080p Primary: Smile 2 2024 iTA ENG AC3 SUB iTA ENG BluRay HEVC 1080p x265 jeddak-MIRCrew mkv
📦 720p Primary: Smile 2 (2024) 720p H264 iTA ENG AC3-Divella mkv
✅ StreamResolver: Quality buckets ready
   ➕ Added 9 720p streams as backup
   ➕ Added 11 4K streams as 'Hail Mary' backup
📦 StreamService: Found 31 total streams to try (across all qualities)
✅ StreamService: Found 19 H.264 streams (Tier 1)
🚫 StreamService: Blocking stream with restricted keyword: Smile 2 2024 BluRay 1080p TrueHD Atmos 7 1 AVC REMUX-FraMeSToR mkv
🚫 StreamService: Blocking stream with restricted keyword: Smile 2 2024 1080p BluRay REMUX AVC Atmos TrueHD 7 1-SonyHD mkv
⚠️ StreamService: Skipping large file (1080p limit): Smile 2 2024 MULTi 1080p BluRay x264-LYPSG mkv (18.50 GB)
⚠️ StreamService: Skipping large file (1080p limit): smile 2 2024 1080p bluray x264-roen mkv (17.93 GB)
⚠️ StreamService: Skipping large file (1080p limit): Smile 2 2024 2160p WEB-DL DDP5 1 Atmos DV HDR H 265-FLUX mkv (22.62 GB)
⚠️ StreamService: Skipping large file (1080p limit): Smile 2 2024 2160p AMZN WEB-DL DDP5 1 Atmos H 265-FLUX mkv (13.94 GB)
⚠️ StreamService: Skipping large file (1080p limit): Smile 2 2024 2160p WEB-DL DDP5 1 Atmos DV HDR H 265-FLUX mkv (22.62 GB)
⚠️ StreamService: Skipping large file (1080p limit): Smile 2 2024 2160p WEB-DL DDP5 1 Atmos DV HDR-DVT mkv (25.59 GB)
📦 StreamService: 11 streams remain after size filter
🔄 StreamService: Trying stream 1/11: Smile 2 2024 BluRay 1080p DDP 5 1 x264-hallowed mkv
🔓 StreamService: Unlocking with infoHash: 1c420cfd388a...
[ INFO ] POST /api/streams/unlock [request-id: 19549CA5-9F59-42E7-85DD-A9D9F6A7DA75]
2025-12-10 09:06:54.379 RedLemon[5366:45266] 🔓 Unlock request: infoHash=1c420cfd388a..., fileIdx=0
2025-12-10 09:06:54.379 RedLemon[5366:45266] ✅ Token found, attempting unlock...
2025-12-10 09:06:54.379 RedLemon[5366:45266] ✅ Unlocked successfully: Smile.2.2024.BluRay.1080p.DDP.5.1.x264-hallowed.mkv
2025-12-10 09:06:54.381 RedLemon[5366:46382] 📥 StreamService: Pre-downloading 3 subtitles...
2025-12-10 09:06:54.381 RedLemon[5366:46100] 🔍 DEBUG: Processing subtitle URL: /subtitle/3433052-8356778.zip
2025-12-10 09:06:54.381 RedLemon[5366:46382] 🔍 DEBUG: Processing subtitle URL: /subtitle/3419342-8342854.zip
2025-12-10 09:06:54.381 RedLemon[5366:46099] 🔍 DEBUG: Processing subtitle URL: /subtitle/3419343-8342855.zip
2025-12-10 09:06:54.381 RedLemon[5366:46382] ✅ DEBUG: Raw SubDL URL detected, converting to proxy URL
2025-12-10 09:06:54.381 RedLemon[5366:46099] ✅ DEBUG: Raw SubDL URL detected, converting to proxy URL
2025-12-10 09:06:54.381 RedLemon[5366:46100] ✅ DEBUG: Raw SubDL URL detected, converting to proxy URL
2025-12-10 09:06:54.405 RedLemon[5366:45177] 🎬🎬🎬 MPVPlayerView INIT called - streamURL: https://chi9-4.download.real-debrid.com/d/CLZEO5ETE5MHW43/Sm, subtitles: 3
2025-12-10 09:06:54.436 RedLemon[5366:45177] ✅ Stream ready, starting playback...
2025-12-10 09:06:54.437 RedLemon[5366:45177] 🖥️ WindowManager: enterFullscreen() called
2025-12-10 09:06:54.437 RedLemon[5366:45177]    Window: <SwiftUI.SwiftUIWindow: 0x7f9c8276e9b0>
2025-12-10 09:06:54.437 RedLemon[5366:45177]    Is fullscreen: 0
2025-12-10 09:06:54.437 RedLemon[5366:45177]    ✅ WindowManager: Toggling fullscreen ON
2025-12-10 09:06:54.474 RedLemon[5366:45177] 🖼️ Setting up MPV with native macOS video output...
2025-12-10 09:06:54.479 RedLemon[5366:45177] ✅ MPV initialized with native GPU rendering
2025-12-10 09:06:54.482 RedLemon[5366:45177] 🎬🎬🎬 MPVPlayerView .task starting
2025-12-10 09:06:54.482 RedLemon[5366:45177] 🎉 Starting watch party sync - Room: EE5K, Host: NO
2025-12-10 09:06:54.483 RedLemon[5366:45177] 🎉 Watch Party Mode ENABLED. isInWatchParty = YES
2025-12-10 09:06:54.536 RedLemon[5366:45177] 🔄 Starting chat polling for room: EE5K
2025-12-10 09:06:54.536 RedLemon[5366:45177] ✅ Watch party sync started successfully - isInWatchParty is now TRUE
2025-12-10 09:06:54.536 RedLemon[5366:45177] 🎬🎬🎬 About to call loadStream - isInWatchParty: YES
2025-12-10 09:06:54.536 RedLemon[5366:45177] 🎬🎬🎬 Subtitles: 3
2025-12-10 09:06:54.536 RedLemon[5366:45177] 🎬🎬🎬 LOADSTREAM CALLED - streamTitle: Smile 2
2025-12-10 09:06:54.537 RedLemon[5366:45177] 🎬🎬🎬 streamURL: https://chi9-4.download.real-debrid.com/d/CLZEO5ETE5MHW43/Sm
2025-12-10 09:06:54.537 RedLemon[5366:45177] 🎬🎬🎬 subtitles: 3
2025-12-10 09:06:54.537 RedLemon[5366:45177] 🎬🎬🎬 MPVPlayerView .task completed
2025-12-10 09:06:54.557 RedLemon[5366:45266] ℹ️ SubDL subtitles detected - downloading to local files in background...
2025-12-10 09:06:54.557 RedLemon[5366:45266] 🔍 SubtitleService: Downloading http://127.0.0.1:47253/subtitles/subdl/L3N1YnRpdGxlLzM0MTkzNDItODM0Mjg1NC56aXA=
2025-12-10 09:06:54.557 RedLemon[5366:46382] 🎬 MPV loadVideo called with URL: https://chi9-4.download.real-debrid.com/d/CLZEO5ETE5MHW43/Smile.2.2024.BluRay.1080p.DDP.5.1.x264-hal, autoplay: false
2025-12-10 09:06:54.557 RedLemon[5366:46382] ⏸️ Loading in paused mode (watch party)
2025-12-10 09:06:54.557 RedLemon[5366:46382] 🔗 URL: https://chi9-4.download.real-debrid.com/d/CLZEO5ETE5MHW43/Smile.2.2024.BluRay.1080p.DDP.5.1.x264-hallowed.mkv
2025-12-10 09:06:54.558 RedLemon[5366:46382] 🎬 MPV executing: loadfile "https://chi9-4.download.real-debrid.com/d/CLZEO5ETE5MHW43/Smile.2.2024.BluRay.1080p.DDP.5.1.x264-hallowed.mkv"
2025-12-10 09:06:54.558 RedLemon[5366:46382] 🎬 MPV loadfile result: 0
2025-12-10 09:06:54.558 RedLemon[5366:46382] ✅ MPV loadfile succeeded (started paused)
✅ RD cache hit: 1c420cfd388a
✅ StreamService: Stream unlocked successfully!
✅ StreamService: Selected stream: Smile 2 2024 BluRay 1080p DDP 5 1 x264-hallowed mkv
📊 Stream Size: 9.55 GB
 Using provided room ID: EE5K
🎬 RedLemon: Creating MPVPlayerView
   Stream URL: https://chi9-4.download.real-debrid.com/d/CLZEO5ETE5MHW43/Sm
   Display Title: Smile 2
   Subtitle URLs: 3
      [0] Smile.2.2024.1080p.AMZN.WEB-DL.DDP5.1.Atmos.H.264
      [1] Smile.2.2024.1080p.AMZN.WEB-DL.DDP5.1.Atmos.H.264 (SDH)
      [2] Smile.2.2024.720p.WEBRip.x264.AAC5.1-[YTS.MX]
🎬 MPVWrapper: Creating embedded MPV with render context...
✅ MPV handle created
✅ MPV handle created
🎬 MPVLayerHostView initialized
🎬 Created CGL pixel format (Core Profile 3.2)
🎬 Created CGL context with vsync enabled
🎬 MPVViewLayer initialized with async rendering
🎬 Video layer assigned to host view
🎬 Creating MPV render context with OpenGL (IINA method)...
🎬 MPV: Frame ready! Calling layer.update() (throttled)
✅ Render context created successfully (IINA method)
🎬 Layer.update() called - forceDraw:false needsFlip:true (throttled)
🎬 CVDisplayLink started
🎉 Starting watch party: roomId=EE5K, isHost=false
🎬 DisplayLink: reportSwap() (throttled)
🔌 Setting up Realtime channel: watch-party:EE5K
   Role: Guest
   User ID: 656DAA91-33B4-4688-9135-C982EA52D7C9
📡 Connection state: connecting
ℹ️ Already joined channel watch-party:EE5K, skipping join
📡 Connection state: connected
✅ Realtime channel setup complete
✅ Watch party sync initialized with Realtime
🎬 Loading stream: Smile 2
   IMDB: tt29268110
   URL: https://chi9-4.download.real-debrid.com/d/CLZEO5ETE5MHW43/Sm...
💬 Added mock chat messages for testing
👥 WATCH PARTY MODE: Starting PAUSED for synchronization
⏯️ MPV: Pause state changed to false -> isPlaying = true
📡 Fetching metadata for tt29268110 as movie...
✅ Cache HIT: Metadata[meta_movie_tt29268110]
✅ Got background: https://images.metahub.space/background/medium/tt29268110/im...
✅ Got poster URL: https://images.metahub.space/poster/small/tt29268110/img...
✅ Got logo: https://images.metahub.space/logo/medium/tt29268110/img...
📡 SocialService: Updated status - Watching: Smile 2
⏳ MPVPlayerViewModel: Enhancing UI - Buffering started (show spinner)
📨 Received: {"ref":"33","event":"phx_reply","payload":{"status":"ok","response":{}},"topic":"realtime:watch-party:EE5K"}
📨 Received: {"ref":null,"event":"presence_diff","payload":{"joins":{"7a1b068e-d5d1-11f0-8b2a-0a58a9feac02":{"metas":[{"phx_ref":"GH_fxKGdQ-8_lMkM","phx_ref_prev":"GH_fxCRZ0pk_lMBO","is_host":false,"joined_at":1765375614.530144,"user_id":"656DAA91-33B4-4688-9135-C982EA52D7C9","username":"ursinho"}]}},"leaves":{"7a1b068e-d5d1-11f0-8b2a-0a58a9feac02":{"metas":[{"phx_ref":"GH_fxCRZ0pk_lMBO","phx_ref_prev":"GH_fxBQlnF4_lHSB","is_host":false,"joined_at":1765375612.418943,"user_id":"656DAA91-33B4-4688-9135-C982EA52D7C9","username":"ursinho"}]}}},"topic":"realtime:watch-party:EE5K"}
⏳ Participant leaving (grace period started): 656DAA91-33B4-4688-9135-C982EA52D7C9
🔄 User 656DAA91-33B4-4688-9135-C982EA52D7C9 reconnected within grace period - cancelling leave
[ INFO ] GET /subtitles/subdl/L3N1YnRpdGxlLzM0MTkzNDItODM0Mjg1NC56aXA= [request-id: 589C6B08-1480-45B9-96FC-039AC251E761]
2025-12-10 09:06:55.397 RedLemon[5366:45266] ✅ Subtitle 1 downloaded to: /var/folders/3v/s3d75ntd4v90_pg0mb6rmlz40000gn/T/sub_978433B2-F434-4DA7-8AAB-96DFAA30DBD7.vtt
2025-12-10 09:06:55.397 RedLemon[5366:45266] 📝 Loading subtitle from: /var/folders/3v/s3d75ntd4v90_pg0mb6rmlz40000gn/T/sub_978433B2-F434-4DA7-8AAB-96D
2025-12-10 09:06:55.411 RedLemon[5366:45266] ✅ External subtitle added to track list (not auto-selected)
2025-12-10 09:06:55.411 RedLemon[5366:45266] 🔍 SubtitleService: Downloading http://127.0.0.1:47253/subtitles/subdl/L3N1YnRpdGxlLzM0MTkzNDMtODM0Mjg1NS56aXA=
📨 Received: {"ref":"12","event":"phx_reply","payload":{"status":"ok","response":{}},"topic":"realtime:global-presence"}
📄 Subtitle request: L3N1YnRpdGxlLzM0MTkz... (offset: 0ms)
📥 Downloading subtitle from SubDL CDN: /subtitle/3419342-8342854.zip
📨 Received: {"ref":null,"event":"presence_diff","payload":{"joins":{"23a6b1fe-d5d1-11f0-a7b8-0a58a9feac02":{"metas":[{"phx_ref":"GH_fxKOgpwPrP46Q","phx_ref_prev":"GH_fw-6TpPbrPx4Q","last_seen":"2025-12-10T14:06:54Z","room_id":"EE5K","started_at":"2025-12-10T14:06:54Z","status":"online","user_id":"656DAA91-33B4-4688-9135-C982EA52D7C9","username":"ursinho","watching_id":"tt29268110","watching_title":"Smile 2","watching_type":"movie"}]}},"leaves":{"23a6b1fe-d5d1-11f0-a7b8-0a58a9feac02":{"metas":[{"phx_ref":"GH_fw-6TpPbrPx4Q","phx_ref_prev":"GH_fv_rFNrTrP6eF","last_seen":"2025-12-10T14:06:51Z","status":"online","user_id":"656DAA91-33B4-4688-9135-C982EA52D7C9","username":"ursinho"}]}}},"topic":"realtime:global-presence"}
📨 Received: {"ref":null,"event":"presence_diff","payload":{"joins":{"7a544cfa-d5d1-11f0-b1e2-0a58a9feac02":{"metas":[{"phx_ref":"GH_fxEr7rz6AHSxG","phx_ref_prev":"GH_fxCqc-WqAHW8F","is_host":true,"joined_at":1765375613.0017729,"user_id":"96E01CDB-36C0-4228-A6E4-A29A3C66BC8E","username":"lemontom"}]}},"leaves":{"7a544cfa-d5d1-11f0-b1e2-0a58a9feac02":{"metas":[{"phx_ref":"GH_fxCqc-WqAHW8F","is_host":true,"joined_at":1765375612.4556289,"user_id":"96E01CDB-36C0-4228-A6E4-A29A3C66BC8E","username":"lemontom"}]}}},"topic":"realtime:watch-party:EE5K"}
⏳ Participant leaving (grace period started): 96E01CDB-36C0-4228-A6E4-A29A3C66BC8E
✅ Download complete: 33138 bytes
📦 Detected ZIP archive, extracting...
⚠️ No specific episode match found, using first file: Smile.2.2024.1080p.AMZN.WEB-DL.DDP5.1.Atmos.H.264.srt
✅ Extraction successful
✅ Subtitle downloaded and converted to VTT
[ INFO ] GET /subtitles/subdl/L3N1YnRpdGxlLzM0MTkzNDMtODM0Mjg1NS56aXA= [request-id: 86A77853-077E-45B7-AE06-E3941581D923]
2025-12-10 09:06:55.799 RedLemon[5366:46099] ✅ Subtitle 2 downloaded to: /var/folders/3v/s3d75ntd4v90_pg0mb6rmlz40000gn/T/sub_391B6190-2FC3-439C-A3F5-2BA66B51A131.vtt
2025-12-10 09:06:55.799 RedLemon[5366:46099] 📝 Loading subtitle from: /var/folders/3v/s3d75ntd4v90_pg0mb6rmlz40000gn/T/sub_391B6190-2FC3-439C-A3F5-2BA
2025-12-10 09:06:55.809 RedLemon[5366:46099] ✅ External subtitle added to track list (not auto-selected)
2025-12-10 09:06:55.809 RedLemon[5366:46099] 🔍 SubtitleService: Downloading http://127.0.0.1:47253/subtitles/subdl/L3N1YnRpdGxlLzM0MzMwNTItODM1Njc3OC56aXA=
📄 Subtitle request: L3N1YnRpdGxlLzM0MTkz... (offset: 0ms)
📥 Downloading subtitle from SubDL CDN: /subtitle/3419343-8342855.zip
🎬 DisplayLink: reportSwap() (throttled)
✅ Download complete: 41598 bytes
📦 Detected ZIP archive, extracting...
⚠️ No specific episode match found, using first file: Smile.2.2024.1080p.AMZN.WEB-DL.DDP5.1.Atmos.H.264 (SDH).srt
✅ Extraction successful
✅ Subtitle downloaded and converted to VTT
[ INFO ] GET /subtitles/subdl/L3N1YnRpdGxlLzM0MzMwNTItODM1Njc3OC56aXA= [request-id: A251E864-E80C-47E8-9D8F-1778E807ABA6]
2025-12-10 09:06:56.244 RedLemon[5366:46646] ✅ Subtitle 3 downloaded to: /var/folders/3v/s3d75ntd4v90_pg0mb6rmlz40000gn/T/sub_F786ABBD-BE46-434C-BA70-C31B29D36139.vtt
2025-12-10 09:06:56.244 RedLemon[5366:46646] 📝 Loading subtitle from: /var/folders/3v/s3d75ntd4v90_pg0mb6rmlz40000gn/T/sub_F786ABBD-BE46-434C-BA70-C31
2025-12-10 09:06:56.256 RedLemon[5366:46646] ✅ External subtitle added to track list (not auto-selected)
2025-12-10 09:06:56.256 RedLemon[5366:46646] 🔍 MPV track-list/count: 3
2025-12-10 09:06:56.257 RedLemon[5366:46646] 🔍 Track 0 type: sub
2025-12-10 09:06:56.257 RedLemon[5366:46646] ✅ Found subtitle track: ID=1, lang=en, title=Smile.2.2024.1080p.AMZN.WEB-DL.DDP5.1.Atmos.H.264
2025-12-10 09:06:56.257 RedLemon[5366:46646] 🔍 Track 1 type: sub
2025-12-10 09:06:56.257 RedLemon[5366:46646] ✅ Found subtitle track: ID=2, lang=en, title=Smile.2.2024.1080p.AMZN.WEB-DL.DDP5.1.Atmos.H.264 (SDH)
2025-12-10 09:06:56.257 RedLemon[5366:46646] 🔍 Track 2 type: sub
2025-12-10 09:06:56.257 RedLemon[5366:46646] ✅ Found subtitle track: ID=3, lang=en, title=Smile.2.2024.720p.WEBRip.x264.AAC5.1-[YTS.MX]
2025-12-10 09:06:56.257 RedLemon[5366:46646] 📊 Total subtitle tracks found: 4 (including Off if needed)
2025-12-10 09:06:56.258 RedLemon[5366:46646] ✅ SubtitleService: Scanned 4 tracks
2025-12-10 09:06:57.249 RedLemon[5366:45177] ⏱️ Watch Party: Duration available (7653.7s), triggering ready signal
2025-12-10 09:06:57.249 RedLemon[5366:45177] 👋 Watch Party: Sending INITIAL READY signal and starting loop
2025-12-10 09:06:57.334 RedLemon[5366:46646] 📤 Realtime: Sending message type: ready, sender: 656DAA91-33B4-4688-9135-C982EA52D7C9
2025-12-10 09:06:57.335 RedLemon[5366:46646]    Payload keys: type, position, timestamp, isPlaying, senderId
2025-12-10 09:06:57.336 RedLemon[5366:46646] ✅ Realtime: Message broadcast complete
2025-12-10 09:06:57.337 RedLemon[5366:45177] ✅ Watch Party: READY signal sent successfully
2025-12-10 09:06:57.386 RedLemon[5366:45266] 📨 Realtime: Received broadcast message
2025-12-10 09:06:57.386 RedLemon[5366:45266]    Payload keys: isPlaying, type, position, senderId, timestamp
2025-12-10 09:06:57.387 RedLemon[5366:45266] ✅ Realtime: Decoded message type: ready, sender: 656DAA91-33B4-4688-9135-C982EA52D7C9
2025-12-10 09:06:57.387 RedLemon[5366:45266] 📞 Realtime: Invoking syncCallback for message type: ready
2025-12-10 09:06:57.387 RedLemon[5366:45266] ✅ Realtime: syncCallback invoked successfully
2025-12-10 09:06:57.387 RedLemon[5366:45177] 🔍 DEBUG: Received sync message - type: ready, sender: 656DAA91-33B4-4688-9135-C982EA52D7C9
2025-12-10 09:06:57.388 RedLemon[5366:45177] ✅ Received READY signal from 656DAA91-33B4-4688-9135-C982EA52D7C9
2025-12-10 09:06:59.250 RedLemon[5366:46383] 📤 Realtime: Sending message type: ready, sender: 656DAA91-33B4-4688-9135-C982EA52D7C9
2025-12-10 09:06:59.251 RedLemon[5366:46383]    Payload keys: isPlaying, timestamp, position, type, senderId
2025-12-10 09:06:59.252 RedLemon[5366:46646] ✅ Realtime: Message broadcast complete
2025-12-10 09:06:59.252 RedLemon[5366:45177] 🔄 Watch Party: Resent READY signal (loop)
2025-12-10 09:06:59.415 RedLemon[5366:46383] 📨 Realtime: Received broadcast message
2025-12-10 09:06:59.415 RedLemon[5366:46383]    Payload keys: position, type, timestamp, senderId, isPlaying
2025-12-10 09:06:59.416 RedLemon[5366:46383] ✅ Realtime: Decoded message type: ready, sender: 656DAA91-33B4-4688-9135-C982EA52D7C9
2025-12-10 09:06:59.416 RedLemon[5366:46383] 📞 Realtime: Invoking syncCallback for message type: ready
2025-12-10 09:06:59.416 RedLemon[5366:46383] ✅ Realtime: syncCallback invoked successfully
2025-12-10 09:06:59.416 RedLemon[5366:45177] 🔍 DEBUG: Received sync message - type: ready, sender: 656DAA91-33B4-4688-9135-C982EA52D7C9
2025-12-10 09:06:59.416 RedLemon[5366:45177] ✅ Received READY signal from 656DAA91-33B4-4688-9135-C982EA52D7C9
2025-12-10 09:07:01.252 RedLemon[5366:46646] 📤 Realtime: Sending message type: ready, sender: 656DAA91-33B4-4688-9135-C982EA52D7C9
2025-12-10 09:07:01.253 RedLemon[5366:46646]    Payload keys: position, timestamp, type, senderId, isPlaying
2025-12-10 09:07:01.253 RedLemon[5366:46383] ✅ Realtime: Message broadcast complete
2025-12-10 09:07:01.254 RedLemon[5366:45177] 🔄 Watch Party: Resent READY signal (loop)
2025-12-10 09:07:01.290 RedLemon[5366:46646] 📨 Realtime: Received broadcast message
2025-12-10 09:07:01.290 RedLemon[5366:46646]    Payload keys: isPlaying, type, senderId, timestamp, position
2025-12-10 09:07:01.291 RedLemon[5366:46646] ✅ Realtime: Decoded message type: ready, sender: 656DAA91-33B4-4688-9135-C982EA52D7C9
2025-12-10 09:07:01.292 RedLemon[5366:46646] 📞 Realtime: Invoking syncCallback for message type: ready
2025-12-10 09:07:01.292 RedLemon[5366:46646] ✅ Realtime: syncCallback invoked successfully
2025-12-10 09:07:01.292 RedLemon[5366:45177] 🔍 DEBUG: Received sync message - type: ready, sender: 656DAA91-33B4-4688-9135-C982EA52D7C9
2025-12-10 09:07:01.293 RedLemon[5366:45177] ✅ Received READY signal from 656DAA91-33B4-4688-9135-C982EA52D7C9
2025-12-10 09:07:03.251 RedLemon[5366:46383] 📤 Realtime: Sending message type: ready, sender: 656DAA91-33B4-4688-9135-C982EA52D7C9
2025-12-10 09:07:03.251 RedLemon[5366:46383]    Payload keys: position, senderId, isPlaying, type, timestamp
2025-12-10 09:07:03.252 RedLemon[5366:46383] ✅ Realtime: Message broadcast complete
2025-12-10 09:07:03.252 RedLemon[5366:45177] 🔄 Watch Party: Resent READY signal (loop)
2025-12-10 09:07:03.295 RedLemon[5366:45266] 📨 Realtime: Received broadcast message
2025-12-10 09:07:03.295 RedLemon[5366:45266]    Payload keys: type, position, timestamp, senderId, isPlaying
2025-12-10 09:07:03.296 RedLemon[5366:45266] ✅ Realtime: Decoded message type: ready, sender: 656DAA91-33B4-4688-9135-C982EA52D7C9
2025-12-10 09:07:03.296 RedLemon[5366:45266] 📞 Realtime: Invoking syncCallback for message type: ready
2025-12-10 09:07:03.296 RedLemon[5366:45177] 🔍 DEBUG: Received sync message - type: ready, sender: 656DAA91-33B4-4688-9135-C982EA52D7C9
2025-12-10 09:07:03.296 RedLemon[5366:45177] ✅ Received READY signal from 656DAA91-33B4-4688-9135-C982EA52D7C9
2025-12-10 09:07:03.296 RedLemon[5366:45266] ✅ Realtime: syncCallback invoked successfully
📄 Subtitle request: L3N1YnRpdGxlLzM0MzMw... (offset: 0ms)
📥 Downloading subtitle from SubDL CDN: /subtitle/3433052-8356778.zip
✅ Download complete: 75907 bytes
📦 Detected ZIP archive, extracting...
⚠️ No specific episode match found, using first file: Smile 2 SDH.srt
✅ Extraction successful
✅ Subtitle downloaded and converted to VTT
🎬 DisplayLink: reportSwap() (throttled)
[MPV] (+) Video --vid=1 (*) '' (h264 1920x960 23.976fps)
[MPV] (+) Audio --aid=1 --alang=en (*) 'E-AC-3 5.1' (eac3 6ch 48000Hz)
[MPV] (+) Subs  --sid=1 --slang=en 'Smile.2.2024.1080p.AMZN.WEB-DL.DDP5.1.Atmos.H.264' (webvtt) (external)
[MPV] Subs  --sid=2 --slang=en 'Smile.2.2024.1080p.AMZN.WEB-DL.DDP5.1.Atmos.H.264 (SDH)' (webvtt) (external)
[MPV] Subs  --sid=3 --slang=en 'Smile.2.2024.720p.WEBRip.x264.AAC5.1-[YTS.MX]' (webvtt) (external)
[MPV] Subs  --sid=4 --slang=en 'English [SRT]' (subrip)
[MPV] Subs  --sid=5 --slang=en 'English [SDH]' (hdmv_pgs_subtitle)
[MPV] Subs  --sid=6 --slang=zh 'Chinese' (hdmv_pgs_subtitle)
[MPV] Subs  --sid=7 --slang=de 'German' (hdmv_pgs_subtitle)
[MPV] Subs  --sid=8 --slang=es 'Spanish' (hdmv_pgs_subtitle)
[MPV] Subs  --sid=9 --slang=fr 'French' (hdmv_pgs_subtitle)
[MPV] Subs  --sid=10 --slang=it 'Italian' (hdmv_pgs_subtitle)
[MPV] Subs  --sid=11 --slang=ja 'Japanese' (hdmv_pgs_subtitle)
[MPV] File tags:
[MPV] Title:
 MPV Event: 18
 MPV Event: 18
🔍 AUDIO AUTO-SELECT: Starting smart audio track scan
🎬 MPV: Frame ready! Calling layer.update() (throttled)
🔍 Track 1: E-AC-3 5.1 | 6ch | English: true | Commentary: false -> Score: 1065
🏆 Selected best audio track: E-AC-3 5.1 (ID: 1, Score: 1065)
🔍 AUTO-SELECT: Starting subtitle scan during FILE_LOADED event
🔍 AUTO-SELECT: Found 13 total tracks
🔍 AUTO-SELECT: Track 0 - ID: 1, lang: 'en', title: 'Smile.2.2024.1080p.AMZN.WEB-DL.DDP5.1.Atmos.H.264', forced: false, default: false
🔍 AUTO-SELECT: Track 1 - ID: 2, lang: 'en', title: 'Smile.2.2024.1080p.AMZN.WEB-DL.DDP5.1.Atmos.H.264 (SDH)', forced: false, default: false
🔍 AUTO-SELECT: Track 2 - ID: 3, lang: 'en', title: 'Smile.2.2024.720p.WEBRip.x264.AAC5.1-[YTS.MX]', forced: false, default: false
🔍 AUTO-SELECT: Track 5 - ID: 4, lang: 'en', title: 'English [SRT]', forced: false, default: false
🔍 AUTO-SELECT: Track 6 - ID: 5, lang: 'en', title: 'English [SDH]', forced: false, default: false
🔍 AUTO-SELECT: Track 7 - ID: 6, lang: 'zh', title: 'Chinese', forced: false, default: false
🔍 AUTO-SELECT: Track 8 - ID: 7, lang: 'de', title: 'German', forced: false, default: false
🔍 AUTO-SELECT: Track 9 - ID: 8, lang: 'es', title: 'Spanish', forced: false, default: false
🔍 AUTO-SELECT: Track 10 - ID: 9, lang: 'fr', title: 'French', forced: false, default: false
🔍 AUTO-SELECT: Track 11 - ID: 10, lang: 'it', title: 'Italian', forced: false, default: false
🔍 AUTO-SELECT: Track 12 - ID: 11, lang: 'ja', title: 'Japanese', forced: false, default: false
✅ Auto-selecting BEST English subtitle: English [SDH] (ID: 5) [External: false, Forced: false, Default: false]
 MPV Event: 18
🎬 canDraw() = true (forceDraw:false, hasFrame:true) (throttled)
🎬 draw() - Rendering frame! (throttled)
 MPV Event: 17
 MPV Event: 17
[MPV] Using hardware decoding (videotoolbox).
[MPV] AO: [coreaudio] 48000Hz stereo 2ch floatp
[MPV] VO: [libmpv] 1920x960 videotoolbox[nv12]
[MPV] Track switched:
[MPV] (+) Video --vid=1 (*) '' (h264 [High] 1920x960 23.976fps)
[MPV] (+) Audio --aid=1 --alang=en (*) 'E-AC-3 5.1' (eac3 6ch 48000Hz)
[MPV] (+) Subs  --sid=1 --slang=en 'Smile.2.2024.1080p.AMZN.WEB-DL.DDP5.1.Atmos.H.264' (webvtt) (external)
[MPV] Subs  --sid=2 --slang=en 'Smile.2.2024.1080p.AMZN.WEB-DL.DDP5.1.Atmos.H.264 (SDH)' (webvtt) (external)
[MPV] Subs  --sid=3 --slang=en 'Smile.2.2024.720p.WEBRip.x264.AAC5.1-[YTS.MX]' (webvtt) (external)
[MPV] Subs  --sid=4 --slang=en 'English [SRT]' (subrip)
[MPV] Subs  --sid=5 --slang=en 'English [SDH]' (hdmv_pgs_subtitle)
[MPV] Subs  --sid=6 --slang=zh 'Chinese' (hdmv_pgs_subtitle)
[MPV] Subs  --sid=7 --slang=de 'German' (hdmv_pgs_subtitle)
[MPV] Subs  --sid=8 --slang=es 'Spanish' (hdmv_pgs_subtitle)
[MPV] Subs  --sid=9 --slang=fr 'French' (hdmv_pgs_subtitle)
[MPV] Subs  --sid=10 --slang=it 'Italian' (hdmv_pgs_subtitle)
[MPV] Subs  --sid=11 --slang=ja 'Japanese' (hdmv_pgs_subtitle)
[MPV] Track switched:
[MPV] (+) Video --vid=1 (*) '' (h264 [High] 1920x960 23.976fps)
[MPV] (+) Audio --aid=1 --alang=en (*) 'E-AC-3 5.1' (eac3 6ch 48000Hz)
[MPV] Subs  --sid=1 --slang=en 'Smile.2.2024.1080p.AMZN.WEB-DL.DDP5.1.Atmos.H.264' (webvtt) (external)
[MPV] Subs  --sid=2 --slang=en 'Smile.2.2024.1080p.AMZN.WEB-DL.DDP5.1.Atmos.H.264 (SDH)' (webvtt) (external)
[MPV] Subs  --sid=3 --slang=en 'Smile.2.2024.720p.WEBRip.x264.AAC5.1-[YTS.MX]' (webvtt) (external)
[MPV] Subs  --sid=4 --slang=en 'English [SRT]' (subrip)
[MPV] (+) Subs  --sid=5 --slang=en 'English [SDH]' (hdmv_pgs_subtitle)
[MPV] Subs  --sid=6 --slang=zh 'Chinese' (hdmv_pgs_subtitle)
[MPV] Subs  --sid=7 --slang=de 'German' (hdmv_pgs_subtitle)
[MPV] Subs  --sid=8 --slang=es 'Spanish' (hdmv_pgs_subtitle)
[MPV] Subs  --sid=9 --slang=fr 'French' (hdmv_pgs_subtitle)
[MPV] Subs  --sid=10 --slang=it 'Italian' (hdmv_pgs_subtitle)
[MPV] Subs  --sid=11 --slang=ja 'Japanese' (hdmv_pgs_subtitle)
📨 Received: {"ref":null,"event":"broadcast","payload":{"event":"sync","payload":{"isPlaying":false,"position":0,"senderId":"656DAA91-33B4-4688-9135-C982EA52D7C9","timestamp":1765375617.249995,"type":"ready"},"type":"broadcast"},"topic":"realtime:watch-party:EE5K"}
🎬 DisplayLink: reportSwap() (throttled)
💓 Heartbeat sent
💓 Heartbeat sent
📨 Received: {"ref":"5","event":"phx_reply","payload":{"status":"ok","response":{}},"topic":"phoenix"}
📨 Received: {"ref":"13","event":"phx_reply","payload":{"status":"ok","response":{}},"topic":"phoenix"}
🎬 DisplayLink: reportSwap() (throttled)
📨 Received: {"ref":null,"event":"broadcast","payload":{"event":"sync","payload":{"isPlaying":false,"position":0,"senderId":"656DAA91-33B4-4688-9135-C982EA52D7C9","timestamp":1765375619.250679,"type":"ready"},"type":"broadcast"},"topic":"realtime:watch-party:EE5K"}
🎬 DisplayLink: reportSwap() (throttled)
🛡️ Lobby: Auto-Join safety delay passed (8s). Enabled for late joiners.
🎬 DisplayLink: reportSwap() (throttled)
📨 Received: {"ref":null,"event":"broadcast","payload":{"event":"sync","payload":{"isPlaying":false,"position":0,"senderId":"656DAA91-33B4-4688-9135-C982EA52D7C9","timestamp":1765375621.251523,"type":"ready"},"type":"broadcast"},"topic":"realtime:watch-party:EE5K"}
🎬 DisplayLink: reportSwap() (throttled)
🎬 DisplayLink: reportSwap() (throttled)
📨 Received: {"ref":null,"event":"broadcast","payload":{"event":"sync","payload":{"isPlaying":false,"position":0,"senderId":"656DAA91-33B4-4688-9135-C982EA52D7C9","timestamp":1765375623.250818,"type":"ready"},"type":"broadcast"},"topic":"realtime:watch-party:EE5K"}
🎬 DisplayLink: reportSwap() (throttled)
